nohup: ignoring input
--- STARTING DEEP CLEAN ---
Target: ./malaysia_amsr2_jaxa_fedeo
Criteria: Delete files smaller than 2.0 MB
[DELETE] GW1AM2_20240412_01D_EQMD_L3SGT23HA2220220.h5 (120 bytes)
[DELETE] GW1AM2_20241209_01D_EQMD_L3SGT23HA2220220.h5 (120 bytes)
[DELETE] GW1AM2_20220502_01D_EQMA_L3SGT23HA2220220.h5 (120 bytes)
[DELETE] GW1AM2_20240813_01D_EQMA_L3SGT23HA2220220.h5 (120 bytes)
[DELETE] GW1AM2_20220419_01D_EQMA_L3SGT23HA2220220.h5 (120 bytes)
[DELETE] GW1AM2_20230713_01D_EQMD_L3SGT23HA2220220.h5 (120 bytes)
[DELETE] GW1AM2_20221208_01D_EQMA_L3SGT23HA2220220.h5 (120 bytes)
[DELETE] GW1AM2_20220303_01D_EQMA_L3SGT23HA2220220.h5 (120 bytes)
[DELETE] GW1AM2_20240403_01D_EQMA_L3SGT23HA2220220.h5 (120 bytes)
[DELETE] GW1AM2_20240318_01D_EQMA_L3SGT23HA2220220.h5 (120 bytes)
[DELETE] GW1AM2_20221119_01D_EQMA_L3SGT23HA2220220.h5 (120 bytes)
[DELETE] GW1AM2_20230313_01D_EQMA_L3SGT23HA2220220.h5 (120 bytes)
[DELETE] GW1AM2_20240813_01D_EQMD_L3SGT23HA2220220.h5 (120 bytes)
[DELETE] GW1AM2_20240518_01D_EQMD_L3SGT23HA2220220.h5 (120 bytes)
[DELETE] GW1AM2_20240213_01D_EQMD_L3SGT23HA2220220.h5 (120 bytes)
[DELETE] GW1AM2_20240218_01D_EQMD_L3SGT23HA2220220.h5 (120 bytes)
[DELETE] GW1AM2_20221112_01D_EQMD_L3SGT23HA2220220.h5 (120 bytes)
[DELETE] GW1AM2_20231202_01D_EQMA_L3SGT23HA2220220.h5 (120 bytes)
[DELETE] GW1AM2_20241218_01D_EQMA_L3SGT23HA2220220.h5 (120 bytes)
[DELETE] GW1AM2_20240613_01D_EQMA_L3SGT23HA2220220.h5 (120 bytes)
[DELETE] GW1AM2_20220919_01D_EQMA_L3SGT23HA2220220.h5 (120 bytes)
[DELETE] GW1AM2_20221209_01D_EQMD_L3SGT23HA2220220.h5 (120 bytes)
[DELETE] GW1AM2_20230419_01D_EQMA_L3SGT23HA2220220.h5 (120 bytes)
[DELETE] GW1AM2_20221213_01D_EQMA_L3SGT23HA2220220.h5 (120 bytes)
[DELETE] GW1AM2_20240209_01D_EQMD_L3SGT23HA2220220.h5 (120 bytes)
[DELETE] GW1AM2_20230309_01D_EQMA_L3SGT23HA2220220.h5 (120 bytes)
[DELETE] GW1AM2_20221109_01D_EQMA_L3SGT23HA2220220.h5 (120 bytes)
[DELETE] GW1AM2_20240309_01D_EQMA_L3SGT23HA2220220.h5 (120 bytes)
[DELETE] GW1AM2_20230209_01D_EQMA_L3SGT23HA2220220.h5 (120 bytes)
[DELETE] GW1AM2_20230518_01D_EQMA_L3SGT23HA2220220.h5 (120 bytes)
[DELETE] GW1AM2_20241013_01D_EQMA_L3SGT23HA2220220.h5 (120 bytes)
[DELETE] GW1AM2_20221212_01D_EQMD_L3SGT23HA2220220.h5 (120 bytes)
[DELETE] GW1AM2_20230409_01D_EQMD_L3SGT23HA2220220.h5 (120 bytes)
[DELETE] GW1AM2_20220519_01D_EQMD_L3SGT23HA2220220.h5 (120 bytes)
[DELETE] GW1AM2_20241109_01D_EQMA_L3SGT23HA2220220.h5 (120 bytes)
[DELETE] GW1AM2_20241118_01D_EQMA_L3SGT23HA2220220.h5 (120 bytes)
[DELETE] GW1AM2_20240412_01D_EQMA_L3SGT23HA2220220.h5 (120 bytes)
[DELETE] GW1AM2_20241009_01D_EQMA_L3SGT23HA2220220.h5 (120 bytes)
[DELETE] GW1AM2_20230809_01D_EQMD_L3SGT23HA2220220.h5 (120 bytes)
[DELETE] GW1AM2_20231212_01D_EQMD_L3SGT23HA2220220.h5 (120 bytes)
[DELETE] GW1AM2_20230413_01D_EQMA_L3SGT23HA2220220.h5 (120 bytes)
[DELETE] GW1AM2_20240602_01D_EQMA_L3SGT23HA2220220.h5 (120 bytes)
[DELETE] GW1AM2_20240508_01D_EQMD_L3SGT23HA2220220.h5 (120 bytes)
[DELETE] GW1AM2_20220903_01D_EQMA_L3SGT23HA2220220.h5 (120 bytes)
[DELETE] GW1AM2_20240504_01D_EQMD_L3SGT23HA2220220.h5 (120 bytes)
[DELETE] GW1AM2_20220514_01D_EQMA_L3SGT23HA2220220.h5 (120 bytes)
[DELETE] GW1AM2_20240417_01D_EQMA_L3SGT23HA2220220.h5 (120 bytes)
[DELETE] GW1AM2_20230617_01D_EQMD_L3SGT23HA2220220.h5 (120 bytes)
[DELETE] GW1AM2_20231118_01D_EQMD_L3SGT23HA2220220.h5 (120 bytes)
[DELETE] GW1AM2_20230217_01D_EQMA_L3SGT23HA2220220.h5 (120 bytes)
[DELETE] GW1AM2_20240314_01D_EQMD_L3SGT23HA2220220.h5 (120 bytes)
[DELETE] GW1AM2_20231112_01D_EQMA_L3SGT23HA2220220.h5 (120 bytes)
[DELETE] GW1AM2_20220719_01D_EQMA_L3SGT23HA2220220.h5 (120 bytes)
[DELETE] GW1AM2_20221024_01D_EQMA_L3SGT23HA2220220.h5 (120 bytes)
[DELETE] GW1AM2_20240422_01D_EQMD_L3SGT23HA2220220.h5 (120 bytes)
[DELETE] GW1AM2_20231012_01D_EQMD_L3SGT23HA2220220.h5 (120 bytes)
[DELETE] GW1AM2_20231107_01D_EQMD_L3SGT23HA2220220.h5 (120 bytes)
[DELETE] GW1AM2_20220914_01D_EQMA_L3SGT23HA2220220.h5 (120 bytes)
[DELETE] GW1AM2_20230915_01D_EQMA_L3SGT23HA2220220.h5 (120 bytes)
[DELETE] GW1AM2_20240816_01D_EQMA_L3SGT23HA2220220.h5 (120 bytes)
[DELETE] GW1AM2_20230714_01D_EQMD_L3SGT23HA2220220.h5 (120 bytes)
[DELETE] GW1AM2_20230908_01D_EQMA_L3SGT23HA2220220.h5 (120 bytes)
[DELETE] GW1AM2_20240817_01D_EQMA_L3SGT23HA2220220.h5 (120 bytes)
[DELETE] GW1AM2_20240808_01D_EQMD_L3SGT23HA2220220.h5 (120 bytes)
[DELETE] GW1AM2_20230821_01D_EQMD_L3SGT23HA2220220.h5 (120 bytes)
[DELETE] GW1AM2_20221007_01D_EQMA_L3SGT23HA2220220.h5 (120 bytes)
[DELETE] GW1AM2_20220811_01D_EQMA_L3SGT23HA2220220.h5 (120 bytes)
[DELETE] GW1AM2_20240224_01D_EQMA_L3SGT23HA2220220.h5 (120 bytes)
[DELETE] GW1AM2_20220502_01D_EQMD_L3SGT23HA2220220.h5 (120 bytes)
[DELETE] GW1AM2_20230513_01D_EQMA_L3SGT23HA2220220.h5 (120 bytes)
[DELETE] GW1AM2_20231210_01D_EQMD_L3SGT23HA2220220.h5 (120 bytes)
[DELETE] GW1AM2_20231010_01D_EQMA_L3SGT23HA2220220.h5 (120 bytes)
[DELETE] GW1AM2_20220322_01D_EQMA_L3SGT23HA2220220.h5 (120 bytes)
[DELETE] GW1AM2_20220311_01D_EQMD_L3SGT23HA2220220.h5 (120 bytes)
[DELETE] GW1AM2_20230519_01D_EQMD_L3SGT23HA2220220.h5 (120 bytes)
[DELETE] GW1AM2_20231018_01D_EQMA_L3SGT23HA2220220.h5 (120 bytes)
[DELETE] GW1AM2_20220508_01D_EQMA_L3SGT23HA2220220.h5 (120 bytes)
[DELETE] GW1AM2_20230902_01D_EQMD_L3SGT23HA2220220.h5 (120 bytes)
[DELETE] GW1AM2_20240802_01D_EQMA_L3SGT23HA2220220.h5 (120 bytes)
[DELETE] GW1AM2_20240602_01D_EQMD_L3SGT23HA2220220.h5 (120 bytes)
[DELETE] GW1AM2_20241214_01D_EQMA_L3SGT23HA2220220.h5 (120 bytes)
[DELETE] GW1AM2_20240615_01D_EQMD_L3SGT23HA2220220.h5 (120 bytes)
[DELETE] GW1AM2_20241006_01D_EQMD_L3SGT23HA2220220.h5 (120 bytes)
[DELETE] GW1AM2_20230217_01D_EQMD_L3SGT23HA2220220.h5 (120 bytes)
[DELETE] GW1AM2_20241002_01D_EQMA_L3SGT23HA2220220.h5 (120 bytes)
[DELETE] GW1AM2_20240515_01D_EQMD_L3SGT23HA2220220.h5 (120 bytes)
[DELETE] GW1AM2_20240307_01D_EQMA_L3SGT23HA2220220.h5 (120 bytes)
[DELETE] GW1AM2_20230406_01D_EQMA_L3SGT23HA2220220.h5 (120 bytes)
[DELETE] GW1AM2_20240724_01D_EQMA_L3SGT23HA2220220.h5 (120 bytes)
[DELETE] GW1AM2_20221002_01D_EQMA_L3SGT23HA2220220.h5 (120 bytes)
[DELETE] GW1AM2_20241015_01D_EQMD_L3SGT23HA2220220.h5 (120 bytes)
[DELETE] GW1AM2_20220820_01D_EQMD_L3SGT23HA2220220.h5 (120 bytes)
[DELETE] GW1AM2_20230202_01D_EQMD_L3SGT23HA2220220.h5 (120 bytes)
[DELETE] GW1AM2_20230609_01D_EQMD_L3SGT23HA2220220.h5 (120 bytes)
[DELETE] GW1AM2_20240501_01D_EQMA_L3SGT23HA2220220.h5 (120 bytes)
[DELETE] GW1AM2_20241008_01D_EQMD_L3SGT23HA2220220.h5 (120 bytes)
[DELETE] GW1AM2_20230603_01D_EQMA_L3SGT23HA2220220.h5 (120 bytes)
[DELETE] GW1AM2_20230208_01D_EQMA_L3SGT23HA2220220.h5 (120 bytes)
[DELETE] GW1AM2_20221008_01D_EQMD_L3SGT23HA2220220.h5 (120 bytes)
[DELETE] GW1AM2_20230518_01D_EQMD_L3SGT23HA2220220.h5 (120 bytes)
[DELETE] GW1AM2_20231208_01D_EQMA_L3SGT23HA2220220.h5 (120 bytes)
[DELETE] GW1AM2_20220215_01D_EQMA_L3SGT23HA2220220.h5 (120 bytes)
[DELETE] GW1AM2_20230724_01D_EQMA_L3SGT23HA2220220.h5 (120 bytes)
[DELETE] GW1AM2_20220318_01D_EQMA_L3SGT23HA2220220.h5 (120 bytes)
[DELETE] GW1AM2_20230816_01D_EQMA_L3SGT23HA2220220.h5 (120 bytes)
[DELETE] GW1AM2_20220308_01D_EQMD_L3SGT23HA2220220.h5 (120 bytes)
[DELETE] GW1AM2_20240521_01D_EQMD_L3SGT23HA2220220.h5 (120 bytes)
[DELETE] GW1AM2_20241105_01D_EQMA_L3SGT23HA2220220.h5 (120 bytes)
[DELETE] GW1AM2_20220311_01D_EQMA_L3SGT23HA2220220.h5 (120 bytes)
[DELETE] GW1AM2_20221224_01D_EQMA_L3SGT23HA2220220.h5 (120 bytes)
[DELETE] GW1AM2_20231104_01D_EQMD_L3SGT23HA2220220.h5 (120 bytes)
[DELETE] GW1AM2_20240320_01D_EQMA_L3SGT23HA2220220.h5 (120 bytes)
[DELETE] GW1AM2_20241014_01D_EQMA_L3SGT23HA2220220.h5 (120 bytes)
[DELETE] GW1AM2_20231109_01D_EQMD_L3SGT23HA2220220.h5 (120 bytes)
[DELETE] GW1AM2_20231103_01D_EQMA_L3SGT23HA2220220.h5 (120 bytes)
[DELETE] GW1AM2_20220312_01D_EQMD_L3SGT23HA2220220.h5 (120 bytes)
[DELETE] GW1AM2_20220302_01D_EQMA_L3SGT23HA2220220.h5 (120 bytes)
[DELETE] GW1AM2_20231202_01D_EQMD_L3SGT23HA2220220.h5 (120 bytes)
[DELETE] GW1AM2_20230503_01D_EQMA_L3SGT23HA2220220.h5 (120 bytes)
[DELETE] GW1AM2_20230408_01D_EQMD_L3SGT23HA2220220.h5 (120 bytes)
[DELETE] GW1AM2_20241107_01D_EQMD_L3SGT23HA2220220.h5 (120 bytes)
[DELETE] GW1AM2_20220410_01D_EQMD_L3SGT23HA2220220.h5 (120 bytes)
[DELETE] GW1AM2_20240705_01D_EQMD_L3SGT23HA2220220.h5 (120 bytes)
[DELETE] GW1AM2_20230422_01D_EQMD_L3SGT23HA2220220.h5 (120 bytes)
[DELETE] GW1AM2_20220407_01D_EQMD_L3SGT23HA2220220.h5 (120 bytes)
[DELETE] GW1AM2_20240811_01D_EQMD_L3SGT23HA2220220.h5 (120 bytes)
[DELETE] GW1AM2_20240311_01D_EQMD_L3SGT23HA2220220.h5 (120 bytes)
[DELETE] GW1AM2_20230402_01D_EQMA_L3SGT23HA2220220.h5 (120 bytes)
[DELETE] GW1AM2_20221208_01D_EQMD_L3SGT23HA2220220.h5 (120 bytes)
[DELETE] GW1AM2_20220614_01D_EQMA_L3SGT23HA2220220.h5 (120 bytes)
[DELETE] GW1AM2_20230721_01D_EQMA_L3SGT23HA2220220.h5 (120 bytes)
[DELETE] GW1AM2_20240201_01D_EQMA_L3SGT23HA2220220.h5 (120 bytes)
[DELETE] GW1AM2_20240801_01D_EQMA_L3SGT23HA2220220.h5 (120 bytes)
[DELETE] GW1AM2_20230621_01D_EQMA_L3SGT23HA2220220.h5 (120 bytes)
[DELETE] GW1AM2_20230803_01D_EQMD_L3SGT23HA2220220.h5 (120 bytes)
[DELETE] GW1AM2_20231005_01D_EQMD_L3SGT23HA2220220.h5 (120 bytes)
[DELETE] GW1AM2_20230210_01D_EQMA_L3SGT23HA2220220.h5 (120 bytes)
[DELETE] GW1AM2_20230817_01D_EQMA_L3SGT23HA2220220.h5 (120 bytes)
[DELETE] GW1AM2_20220525_01D_EQMD_L3SGT23HA2220220.h5 (120 bytes)
[DELETE] GW1AM2_20231020_01D_EQMA_L3SGT23HA2220220.h5 (120 bytes)
[DELETE] GW1AM2_20220408_01D_EQMA_L3SGT23HA2220220.h5 (120 bytes)
[DELETE] GW1AM2_20220402_01D_EQMD_L3SGT23HA2220220.h5 (120 bytes)
[DELETE] GW1AM2_20230809_01D_EQMA_L3SGT23HA2220220.h5 (120 bytes)
[DELETE] GW1AM2_20230212_01D_EQMD_L3SGT23HA2220220.h5 (120 bytes)
[DELETE] GW1AM2_20221016_01D_EQMD_L3SGT23HA2220220.h5 (120 bytes)
[DELETE] GW1AM2_20230301_01D_EQMD_L3SGT23HA2220220.h5 (120 bytes)
[DELETE] GW1AM2_20241219_01D_EQMA_L3SGT23HA2220220.h5 (120 bytes)
[DELETE] GW1AM2_20220219_01D_EQMA_L3SGT23HA2220220.h5 (120 bytes)
[DELETE] GW1AM2_20221124_01D_EQMA_L3SGT23HA2220220.h5 (120 bytes)
[DELETE] GW1AM2_20220424_01D_EQMA_L3SGT23HA2220220.h5 (120 bytes)
[DELETE] GW1AM2_20240317_01D_EQMA_L3SGT23HA2220220.h5 (120 bytes)
[DELETE] GW1AM2_20231009_01D_EQMD_L3SGT23HA2220220.h5 (120 bytes)
[DELETE] GW1AM2_20240904_01D_EQMA_L3SGT23HA2220220.h5 (120 bytes)
[DELETE] GW1AM2_20240424_01D_EQMA_L3SGT23HA2220220.h5 (120 bytes)
[DELETE] GW1AM2_20220705_01D_EQMD_L3SGT23HA2220220.h5 (120 bytes)
[DELETE] GW1AM2_20230620_01D_EQMA_L3SGT23HA2220220.h5 (120 bytes)
[DELETE] GW1AM2_20230216_01D_EQMD_L3SGT23HA2220220.h5 (120 bytes)
[DELETE] GW1AM2_20220325_01D_EQMD_L3SGT23HA2220220.h5 (120 bytes)
[DELETE] GW1AM2_20241213_01D_EQMD_L3SGT23HA2220220.h5 (120 bytes)
[DELETE] GW1AM2_20231003_01D_EQMA_L3SGT23HA2220220.h5 (120 bytes)
[DELETE] GW1AM2_20220213_01D_EQMD_L3SGT23HA2220220.h5 (120 bytes)
[DELETE] GW1AM2_20221019_01D_EQMA_L3SGT23HA2220220.h5 (120 bytes)
[DELETE] GW1AM2_20240515_01D_EQMA_L3SGT23HA2220220.h5 (120 bytes)
[DELETE] GW1AM2_20231006_01D_EQMD_L3SGT23HA2220220.h5 (120 bytes)
[DELETE] GW1AM2_20220706_01D_EQMD_L3SGT23HA2220220.h5 (120 bytes)
[DELETE] GW1AM2_20230505_01D_EQMA_L3SGT23HA2220220.h5 (120 bytes)
[DELETE] GW1AM2_20231214_01D_EQMA_L3SGT23HA2220220.h5 (120 bytes)
[DELETE] GW1AM2_20220806_01D_EQMA_L3SGT23HA2220220.h5 (120 bytes)
[DELETE] GW1AM2_20240719_01D_EQMA_L3SGT23HA2220220.h5 (120 bytes)
[DELETE] GW1AM2_20240507_01D_EQMA_L3SGT23HA2220220.h5 (120 bytes)
[DELETE] GW1AM2_20230613_01D_EQMD_L3SGT23HA2220220.h5 (120 bytes)
[DELETE] GW1AM2_20230709_01D_EQMA_L3SGT23HA2220220.h5 (120 bytes)
[DELETE] GW1AM2_20240713_01D_EQMD_L3SGT23HA2220220.h5 (120 bytes)
[DELETE] GW1AM2_20230703_01D_EQMD_L3SGT23HA2220220.h5 (120 bytes)
[DELETE] GW1AM2_20230619_01D_EQMA_L3SGT23HA2220220.h5 (120 bytes)
[DELETE] GW1AM2_20230209_01D_EQMD_L3SGT23HA2220220.h5 (120 bytes)
[DELETE] GW1AM2_20241004_01D_EQMD_L3SGT23HA2220220.h5 (120 bytes)
[DELETE] GW1AM2_20230224_01D_EQMA_L3SGT23HA2220220.h5 (120 bytes)
[DELETE] GW1AM2_20240405_01D_EQMD_L3SGT23HA2220220.h5 (120 bytes)
[DELETE] GW1AM2_20230502_01D_EQMD_L3SGT23HA2220220.h5 (120 bytes)
[DELETE] GW1AM2_20230915_01D_EQMD_L3SGT23HA2220220.h5 (120 bytes)
[DELETE] GW1AM2_20230920_01D_EQMA_L3SGT23HA2220220.h5 (120 bytes)
[DELETE] GW1AM2_20220814_01D_EQMD_L3SGT23HA2220220.h5 (120 bytes)
[DELETE] GW1AM2_20240322_01D_EQMA_L3SGT23HA2220220.h5 (120 bytes)
[DELETE] GW1AM2_20220211_01D_EQMD_L3SGT23HA2220220.h5 (120 bytes)
[DELETE] GW1AM2_20240403_01D_EQMD_L3SGT23HA2220220.h5 (120 bytes)
[DELETE] GW1AM2_20230810_01D_EQMD_L3SGT23HA2220220.h5 (120 bytes)
[DELETE] GW1AM2_20220606_01D_EQMA_L3SGT23HA2220220.h5 (120 bytes)
[DELETE] GW1AM2_20240908_01D_EQMA_L3SGT23HA2220220.h5 (120 bytes)
[DELETE] GW1AM2_20240920_01D_EQMA_L3SGT23HA2220220.h5 (120 bytes)
[DELETE] GW1AM2_20231219_01D_EQMD_L3SGT23HA2220220.h5 (120 bytes)
[DELETE] GW1AM2_20221004_01D_EQMA_L3SGT23HA2220220.h5 (120 bytes)
[DELETE] GW1AM2_20230725_01D_EQMD_L3SGT23HA2220220.h5 (120 bytes)
[DELETE] GW1AM2_20220913_01D_EQMA_L3SGT23HA2220220.h5 (120 bytes)
[DELETE] GW1AM2_20240223_01D_EQMA_L3SGT23HA2220220.h5 (120 bytes)
[DELETE] GW1AM2_20230604_01D_EQMD_L3SGT23HA2220220.h5 (120 bytes)
[DELETE] GW1AM2_20240206_01D_EQMD_L3SGT23HA2220220.h5 (120 bytes)
[DELETE] GW1AM2_20230523_01D_EQMA_L3SGT23HA2220220.h5 (120 bytes)
[DELETE] GW1AM2_20220215_01D_EQMD_L3SGT23HA2220220.h5 (120 bytes)
[DELETE] GW1AM2_20220315_01D_EQMA_L3SGT23HA2220220.h5 (120 bytes)
[DELETE] GW1AM2_20240920_01D_EQMD_L3SGT23HA2220220.h5 (120 bytes)
[DELETE] GW1AM2_20220910_01D_EQMA_L3SGT23HA2220220.h5 (120 bytes)
[DELETE] GW1AM2_20220822_01D_EQMA_L3SGT23HA2220220.h5 (120 bytes)
[DELETE] GW1AM2_20230318_01D_EQMD_L3SGT23HA2220220.h5 (120 bytes)
[DELETE] GW1AM2_20220524_01D_EQMA_L3SGT23HA2220220.h5 (120 bytes)
[DELETE] GW1AM2_20240408_01D_EQMA_L3SGT23HA2220220.h5 (120 bytes)
[DELETE] GW1AM2_20220919_01D_EQMD_L3SGT23HA2220220.h5 (120 bytes)
[DELETE] GW1AM2_20240325_01D_EQMD_L3SGT23HA2220220.h5 (120 bytes)
[DELETE] GW1AM2_20240402_01D_EQMD_L3SGT23HA2220220.h5 (120 bytes)
[DELETE] GW1AM2_20241204_01D_EQMA_L3SGT23HA2220220.h5 (120 bytes)
[DELETE] GW1AM2_20240902_01D_EQMD_L3SGT23HA2220220.h5 (120 bytes)
[DELETE] GW1AM2_20231222_01D_EQMA_L3SGT23HA2220220.h5 (120 bytes)
[DELETE] GW1AM2_20230813_01D_EQMD_L3SGT23HA2220220.h5 (120 bytes)
[DELETE] GW1AM2_20240517_01D_EQMA_L3SGT23HA2220220.h5 (120 bytes)
[DELETE] GW1AM2_20220818_01D_EQMA_L3SGT23HA2220220.h5 (120 bytes)
[DELETE] GW1AM2_20230224_01D_EQMD_L3SGT23HA2220220.h5 (120 bytes)
[DELETE] GW1AM2_20221105_01D_EQMA_L3SGT23HA2220220.h5 (120 bytes)
[DELETE] GW1AM2_20230312_01D_EQMA_L3SGT23HA2220220.h5 (120 bytes)
[DELETE] GW1AM2_20230819_01D_EQMA_L3SGT23HA2220220.h5 (120 bytes)
[DELETE] GW1AM2_20231213_01D_EQMA_L3SGT23HA2220220.h5 (120 bytes)
[DELETE] GW1AM2_20220519_01D_EQMA_L3SGT23HA2220220.h5 (120 bytes)
[DELETE] GW1AM2_20240409_01D_EQMA_L3SGT23HA2220220.h5 (120 bytes)
[DELETE] GW1AM2_20240523_01D_EQMD_L3SGT23HA2220220.h5 (120 bytes)
[DELETE] GW1AM2_20241211_01D_EQMA_L3SGT23HA2220220.h5 (120 bytes)
[DELETE] GW1AM2_20230415_01D_EQMA_L3SGT23HA2220220.h5 (120 bytes)
[DELETE] GW1AM2_20220812_01D_EQMD_L3SGT23HA2220220.h5 (120 bytes)
[DELETE] GW1AM2_20230501_01D_EQMA_L3SGT23HA2220220.h5 (120 bytes)
[DELETE] GW1AM2_20230716_01D_EQMA_L3SGT23HA2220220.h5 (120 bytes)
[DELETE] GW1AM2_20240310_01D_EQMD_L3SGT23HA2220220.h5 (120 bytes)
[DELETE] GW1AM2_20220304_01D_EQMD_L3SGT23HA2220220.h5 (120 bytes)
[DELETE] GW1AM2_20220513_01D_EQMD_L3SGT23HA2220220.h5 (120 bytes)
[DELETE] GW1AM2_20220709_01D_EQMD_L3SGT23HA2220220.h5 (120 bytes)
[DELETE] GW1AM2_20230423_01D_EQMA_L3SGT23HA2220220.h5 (120 bytes)
[DELETE] GW1AM2_20221014_01D_EQMD_L3SGT23HA2220220.h5 (120 bytes)
[DELETE] GW1AM2_20220315_01D_EQMD_L3SGT23HA2220220.h5 (120 bytes)
[DELETE] GW1AM2_20240222_01D_EQMD_L3SGT23HA2220220.h5 (120 bytes)
[DELETE] GW1AM2_20220511_01D_EQMD_L3SGT23HA2220220.h5 (120 bytes)
[DELETE] GW1AM2_20240404_01D_EQMD_L3SGT23HA2220220.h5 (120 bytes)
[DELETE] GW1AM2_20220924_01D_EQMA_L3SGT23HA2220220.h5 (120 bytes)
[DELETE] GW1AM2_20220716_01D_EQMA_L3SGT23HA2220220.h5 (120 bytes)
[DELETE] GW1AM2_20240507_01D_EQMD_L3SGT23HA2220220.h5 (120 bytes)
[DELETE] GW1AM2_20231216_01D_EQMA_L3SGT23HA2220220.h5 (120 bytes)
[DELETE] GW1AM2_20240423_01D_EQMD_L3SGT23HA2220220.h5 (120 bytes)
[DELETE] GW1AM2_20220807_01D_EQMD_L3SGT23HA2220220.h5 (120 bytes)
[DELETE] GW1AM2_20220610_01D_EQMD_L3SGT23HA2220220.h5 (120 bytes)
[DELETE] GW1AM2_20220803_01D_EQMD_L3SGT23HA2220220.h5 (120 bytes)
[DELETE] GW1AM2_20240216_01D_EQMD_L3SGT23HA2220220.h5 (120 bytes)
[DELETE] GW1AM2_20220809_01D_EQMA_L3SGT23HA2220220.h5 (120 bytes)
[DELETE] GW1AM2_20220403_01D_EQMD_L3SGT23HA2220220.h5 (120 bytes)
[DELETE] GW1AM2_20221020_01D_EQMD_L3SGT23HA2220220.h5 (120 bytes)
[DELETE] GW1AM2_20240615_01D_EQMA_L3SGT23HA2220220.h5 (120 bytes)
[DELETE] GW1AM2_20240915_01D_EQMD_L3SGT23HA2220220.h5 (120 bytes)
[DELETE] GW1AM2_20220703_01D_EQMD_L3SGT23HA2220220.h5 (120 bytes)
[DELETE] GW1AM2_20220709_01D_EQMA_L3SGT23HA2220220.h5 (120 bytes)
[DELETE] GW1AM2_20230519_01D_EQMA_L3SGT23HA2220220.h5 (120 bytes)
[DELETE] GW1AM2_20240701_01D_EQMA_L3SGT23HA2220220.h5 (120 bytes)
[DELETE] GW1AM2_20241011_01D_EQMA_L3SGT23HA2220220.h5 (120 bytes)
[DELETE] GW1AM2_20240506_01D_EQMA_L3SGT23HA2220220.h5 (120 bytes)
[DELETE] GW1AM2_20220216_01D_EQMA_L3SGT23HA2220220.h5 (120 bytes)
[DELETE] GW1AM2_20230717_01D_EQMD_L3SGT23HA2220220.h5 (120 bytes)
[DELETE] GW1AM2_20241129_01D_EQMA_L3SGT23HA2220220.h5 (120 bytes)
[DELETE] GW1AM2_20230923_01D_EQMA_L3SGT23HA2220220.h5 (120 bytes)
[DELETE] GW1AM2_20231013_01D_EQMD_L3SGT23HA2220220.h5 (120 bytes)
[DELETE] GW1AM2_20240620_01D_EQMD_L3SGT23HA2220220.h5 (120 bytes)
[DELETE] GW1AM2_20230614_01D_EQMD_L3SGT23HA2220220.h5 (120 bytes)
[DELETE] GW1AM2_20240324_01D_EQMD_L3SGT23HA2220220.h5 (120 bytes)
[DELETE] GW1AM2_20240611_01D_EQMA_L3SGT23HA2220220.h5 (120 bytes)
[DELETE] GW1AM2_20220324_01D_EQMA_L3SGT23HA2220220.h5 (120 bytes)
[DELETE] GW1AM2_20240317_01D_EQMD_L3SGT23HA2220220.h5 (120 bytes)
[DELETE] GW1AM2_20240504_01D_EQMA_L3SGT23HA2220220.h5 (120 bytes)
[DELETE] GW1AM2_20240601_01D_EQMD_L3SGT23HA2220220.h5 (120 bytes)
[DELETE] GW1AM2_20240516_01D_EQMA_L3SGT23HA2220220.h5 (120 bytes)
[DELETE] GW1AM2_20240220_01D_EQMA_L3SGT23HA2220220.h5 (120 bytes)
[DELETE] GW1AM2_20220702_01D_EQMA_L3SGT23HA2220220.h5 (120 bytes)
[DELETE] GW1AM2_20240803_01D_EQMA_L3SGT23HA2220220.h5 (120 bytes)
[DELETE] GW1AM2_20240625_01D_EQMA_L3SGT23HA2220220.h5 (120 bytes)
[DELETE] GW1AM2_20240523_01D_EQMA_L3SGT23HA2220220.h5 (120 bytes)
[DELETE] GW1AM2_20220708_01D_EQMD_L3SGT23HA2220220.h5 (120 bytes)
[DELETE] GW1AM2_20240809_01D_EQMD_L3SGT23HA2220220.h5 (120 bytes)
[DELETE] GW1AM2_20231019_01D_EQMA_L3SGT23HA2220220.h5 (120 bytes)
[DELETE] GW1AM2_20240208_01D_EQMD_L3SGT23HA2220220.h5 (120 bytes)
[DELETE] GW1AM2_20240922_01D_EQMA_L3SGT23HA2220220.h5 (120 bytes)
[DELETE] GW1AM2_20240219_01D_EQMD_L3SGT23HA2220220.h5 (120 bytes)
[DELETE] GW1AM2_20220202_01D_EQMD_L3SGT23HA2220220.h5 (120 bytes)
[DELETE] GW1AM2_20231016_01D_EQMD_L3SGT23HA2220220.h5 (120 bytes)
[DELETE] GW1AM2_20230424_01D_EQMA_L3SGT23HA2220220.h5 (120 bytes)
[DELETE] GW1AM2_20220813_01D_EQMA_L3SGT23HA2220220.h5 (120 bytes)
[DELETE] GW1AM2_20220408_01D_EQMD_L3SGT23HA2220220.h5 (120 bytes)
[DELETE] GW1AM2_20221015_01D_EQMD_L3SGT23HA2220220.h5 (120 bytes)
[DELETE] GW1AM2_20230820_01D_EQMD_L3SGT23HA2220220.h5 (120 bytes)
[DELETE] GW1AM2_20230825_01D_EQMD_L3SGT23HA2220220.h5 (120 bytes)
[DELETE] GW1AM2_20230201_01D_EQMD_L3SGT23HA2220220.h5 (120 bytes)
[DELETE] GW1AM2_20240503_01D_EQMD_L3SGT23HA2220220.h5 (120 bytes)
[DELETE] GW1AM2_20220625_01D_EQMA_L3SGT23HA2220220.h5 (120 bytes)
[DELETE] GW1AM2_20230321_01D_EQMA_L3SGT23HA2220220.h5 (120 bytes)
[DELETE] GW1AM2_20230211_01D_EQMD_L3SGT23HA2220220.h5 (120 bytes)
[DELETE] GW1AM2_20220819_01D_EQMD_L3SGT23HA2220220.h5 (120 bytes)
[DELETE] GW1AM2_20220402_01D_EQMA_L3SGT23HA2220220.h5 (120 bytes)
[DELETE] GW1AM2_20220208_01D_EQMA_L3SGT23HA2220220.h5 (120 bytes)
[DELETE] GW1AM2_20240509_01D_EQMA_L3SGT23HA2220220.h5 (120 bytes)
[DELETE] GW1AM2_20240213_01D_EQMA_L3SGT23HA2220220.h5 (120 bytes)
[DELETE] GW1AM2_20231219_01D_EQMA_L3SGT23HA2220220.h5 (120 bytes)
[DELETE] GW1AM2_20230811_01D_EQMA_L3SGT23HA2220220.h5 (120 bytes)
[DELETE] GW1AM2_20241025_01D_EQMA_L3SGT23HA2220220.h5 (120 bytes)
[DELETE] GW1AM2_20240824_01D_EQMA_L3SGT23HA2220220.h5 (120 bytes)
[DELETE] GW1AM2_20220404_01D_EQMA_L3SGT23HA2220220.h5 (120 bytes)
[DELETE] GW1AM2_20220419_01D_EQMD_L3SGT23HA2220220.h5 (120 bytes)
[DELETE] GW1AM2_20231025_01D_EQMA_L3SGT23HA2220220.h5 (120 bytes)
[DELETE] GW1AM2_20220505_01D_EQMD_L3SGT23HA2220220.h5 (120 bytes)
[DELETE] GW1AM2_20241017_01D_EQMA_L3SGT23HA2220220.h5 (120 bytes)
[DELETE] GW1AM2_20220810_01D_EQMA_L3SGT23HA2220220.h5 (120 bytes)
[DELETE] GW1AM2_20241224_01D_EQMA_L3SGT23HA2220220.h5 (120 bytes)
[DELETE] GW1AM2_20231102_01D_EQMA_L3SGT23HA2220220.h5 (120 bytes)
[DELETE] GW1AM2_20230724_01D_EQMD_L3SGT23HA2220220.h5 (120 bytes)
[DELETE] GW1AM2_20230705_01D_EQMA_L3SGT23HA2220220.h5 (120 bytes)
[DELETE] GW1AM2_20230510_01D_EQMA_L3SGT23HA2220220.h5 (120 bytes)
[DELETE] GW1AM2_20221220_01D_EQMA_L3SGT23HA2220220.h5 (120 bytes)
[DELETE] GW1AM2_20220413_01D_EQMA_L3SGT23HA2220220.h5 (120 bytes)
[DELETE] GW1AM2_20231108_01D_EQMD_L3SGT23HA2220220.h5 (120 bytes)
[DELETE] GW1AM2_20230919_01D_EQMA_L3SGT23HA2220220.h5 (120 bytes)
[DELETE] GW1AM2_20220319_01D_EQMD_L3SGT23HA2220220.h5 (120 bytes)
[DELETE] GW1AM2_20230504_01D_EQMD_L3SGT23HA2220220.h5 (120 bytes)
[DELETE] GW1AM2_20240704_01D_EQMD_L3SGT23HA2220220.h5 (120 bytes)
[DELETE] GW1AM2_20240207_01D_EQMA_L3SGT23HA2220220.h5 (120 bytes)
[DELETE] GW1AM2_20230325_01D_EQMD_L3SGT23HA2220220.h5 (120 bytes)
[DELETE] GW1AM2_20241108_01D_EQMD_L3SGT23HA2220220.h5 (120 bytes)
[DELETE] GW1AM2_20241210_01D_EQMA_L3SGT23HA2220220.h5 (120 bytes)
[DELETE] GW1AM2_20230418_01D_EQMD_L3SGT23HA2220220.h5 (120 bytes)
[DELETE] GW1AM2_20240510_01D_EQMA_L3SGT23HA2220220.h5 (120 bytes)
[DELETE] GW1AM2_20220803_01D_EQMA_L3SGT23HA2220220.h5 (120 bytes)
[DELETE] GW1AM2_20220420_01D_EQMD_L3SGT23HA2220220.h5 (120 bytes)
[DELETE] GW1AM2_20230705_01D_EQMD_L3SGT23HA2220220.h5 (120 bytes)
[DELETE] GW1AM2_20240911_01D_EQMD_L3SGT23HA2220220.h5 (120 bytes)
[DELETE] GW1AM2_20230612_01D_EQMA_L3SGT23HA2220220.h5 (120 bytes)
[DELETE] GW1AM2_20220918_01D_EQMD_L3SGT23HA2220220.h5 (120 bytes)
[DELETE] GW1AM2_20230618_01D_EQMD_L3SGT23HA2220220.h5 (120 bytes)
[DELETE] GW1AM2_20220912_01D_EQMA_L3SGT23HA2220220.h5 (120 bytes)
[DELETE] GW1AM2_20230409_01D_EQMA_L3SGT23HA2220220.h5 (120 bytes)
[DELETE] GW1AM2_20220809_01D_EQMD_L3SGT23HA2220220.h5 (120 bytes)
[DELETE] GW1AM2_20241102_01D_EQMA_L3SGT23HA2220220.h5 (120 bytes)
[DELETE] GW1AM2_20230412_01D_EQMA_L3SGT23HA2220220.h5 (120 bytes)
[DELETE] GW1AM2_20240312_01D_EQMA_L3SGT23HA2220220.h5 (120 bytes)
[DELETE] GW1AM2_20240225_01D_EQMD_L3SGT23HA2220220.h5 (120 bytes)
[DELETE] GW1AM2_20230410_01D_EQMA_L3SGT23HA2220220.h5 (120 bytes)
[DELETE] GW1AM2_20240301_01D_EQMA_L3SGT23HA2220220.h5 (120 bytes)
[DELETE] GW1AM2_20221211_01D_EQMD_L3SGT23HA2220220.h5 (120 bytes)
[DELETE] GW1AM2_20240322_01D_EQMD_L3SGT23HA2220220.h5 (120 bytes)
[DELETE] GW1AM2_20220207_01D_EQMD_L3SGT23HA2220220.h5 (120 bytes)
[DELETE] GW1AM2_20221003_01D_EQMA_L3SGT23HA2220220.h5 (120 bytes)
[DELETE] GW1AM2_20230825_01D_EQMA_L3SGT23HA2220220.h5 (120 bytes)
[DELETE] GW1AM2_20240525_01D_EQMD_L3SGT23HA2220220.h5 (120 bytes)
[DELETE] GW1AM2_20240517_01D_EQMD_L3SGT23HA2220220.h5 (120 bytes)
[DELETE] GW1AM2_20240520_01D_EQMD_L3SGT23HA2220220.h5 (120 bytes)
[DELETE] GW1AM2_20221009_01D_EQMD_L3SGT23HA2220220.h5 (120 bytes)
[DELETE] GW1AM2_20240818_01D_EQMD_L3SGT23HA2220220.h5 (120 bytes)
[DELETE] GW1AM2_20220325_01D_EQMA_L3SGT23HA2220220.h5 (120 bytes)
[DELETE] GW1AM2_20240618_01D_EQMD_L3SGT23HA2220220.h5 (120 bytes)
[DELETE] GW1AM2_20220820_01D_EQMA_L3SGT23HA2220220.h5 (120 bytes)
[DELETE] GW1AM2_20241113_01D_EQMD_L3SGT23HA2220220.h5 (120 bytes)
[DELETE] GW1AM2_20240805_01D_EQMA_L3SGT23HA2220220.h5 (120 bytes)
[DELETE] GW1AM2_20241208_01D_EQMA_L3SGT23HA2220220.h5 (120 bytes)
[DELETE] GW1AM2_20240825_01D_EQMA_L3SGT23HA2220220.h5 (120 bytes)
[DELETE] GW1AM2_20241022_01D_EQMA_L3SGT23HA2220220.h5 (120 bytes)
[DELETE] GW1AM2_20230210_01D_EQMD_L3SGT23HA2220220.h5 (120 bytes)
[DELETE] GW1AM2_20240811_01D_EQMA_L3SGT23HA2220220.h5 (120 bytes)
[DELETE] GW1AM2_20220902_01D_EQMD_L3SGT23HA2220220.h5 (120 bytes)
[DELETE] GW1AM2_20230610_01D_EQMA_L3SGT23HA2220220.h5 (120 bytes)
[DELETE] GW1AM2_20240305_01D_EQMA_L3SGT23HA2220220.h5 (120 bytes)
[DELETE] GW1AM2_20230719_01D_EQMD_L3SGT23HA2220220.h5 (120 bytes)
[DELETE] GW1AM2_20221009_01D_EQMA_L3SGT23HA2220220.h5 (120 bytes)
[DELETE] GW1AM2_20230220_01D_EQMA_L3SGT23HA2220220.h5 (120 bytes)
[DELETE] GW1AM2_20230412_01D_EQMD_L3SGT23HA2220220.h5 (120 bytes)
[DELETE] GW1AM2_20221003_01D_EQMD_L3SGT23HA2220220.h5 (120 bytes)
[DELETE] GW1AM2_20230713_01D_EQMA_L3SGT23HA2220220.h5 (120 bytes)
[DELETE] GW1AM2_20220908_01D_EQMA_L3SGT23HA2220220.h5 (120 bytes)
[DELETE] GW1AM2_20241202_01D_EQMD_L3SGT23HA2220220.h5 (120 bytes)
[DELETE] GW1AM2_20240612_01D_EQMA_L3SGT23HA2220220.h5 (120 bytes)
[DELETE] GW1AM2_20230418_01D_EQMA_L3SGT23HA2220220.h5 (120 bytes)
[DELETE] GW1AM2_20231019_01D_EQMD_L3SGT23HA2220220.h5 (120 bytes)
[DELETE] GW1AM2_20241128_01D_EQMD_L3SGT23HA2220220.h5 (120 bytes)
[DELETE] GW1AM2_20230323_01D_EQMD_L3SGT23HA2220220.h5 (120 bytes)
[DELETE] GW1AM2_20221005_01D_EQMD_L3SGT23HA2220220.h5 (120 bytes)
[DELETE] GW1AM2_20240419_01D_EQMD_L3SGT23HA2220220.h5 (120 bytes)
[DELETE] GW1AM2_20240410_01D_EQMA_L3SGT23HA2220220.h5 (120 bytes)
[DELETE] GW1AM2_20240712_01D_EQMA_L3SGT23HA2220220.h5 (120 bytes)
[DELETE] GW1AM2_20221010_01D_EQMD_L3SGT23HA2220220.h5 (120 bytes)
[DELETE] GW1AM2_20230903_01D_EQMA_L3SGT23HA2220220.h5 (120 bytes)
[DELETE] GW1AM2_20230617_01D_EQMA_L3SGT23HA2220220.h5 (120 bytes)
[DELETE] GW1AM2_20220319_01D_EQMA_L3SGT23HA2220220.h5 (120 bytes)
[DELETE] GW1AM2_20230305_01D_EQMA_L3SGT23HA2220220.h5 (120 bytes)
[DELETE] GW1AM2_20241211_01D_EQMD_L3SGT23HA2220220.h5 (120 bytes)
[DELETE] GW1AM2_20240324_01D_EQMA_L3SGT23HA2220220.h5 (120 bytes)
[DELETE] GW1AM2_20220606_01D_EQMD_L3SGT23HA2220220.h5 (120 bytes)
[DELETE] GW1AM2_20241220_01D_EQMA_L3SGT23HA2220220.h5 (120 bytes)
[DELETE] GW1AM2_20230919_01D_EQMD_L3SGT23HA2220220.h5 (120 bytes)
[DELETE] GW1AM2_20221010_01D_EQMA_L3SGT23HA2220220.h5 (120 bytes)
[DELETE] GW1AM2_20220216_01D_EQMD_L3SGT23HA2220220.h5 (120 bytes)
[DELETE] GW1AM2_20240614_01D_EQMD_L3SGT23HA2220220.h5 (120 bytes)
[DELETE] GW1AM2_20221216_01D_EQMA_L3SGT23HA2220220.h5 (120 bytes)
[DELETE] GW1AM2_20240620_01D_EQMA_L3SGT23HA2220220.h5 (120 bytes)
[DELETE] GW1AM2_20220310_01D_EQMD_L3SGT23HA2220220.h5 (120 bytes)
[DELETE] GW1AM2_20220212_01D_EQMD_L3SGT23HA2220220.h5 (120 bytes)
[DELETE] GW1AM2_20230911_01D_EQMD_L3SGT23HA2220220.h5 (120 bytes)
[DELETE] GW1AM2_20240803_01D_EQMD_L3SGT23HA2220220.h5 (120 bytes)
[DELETE] GW1AM2_20220605_01D_EQMD_L3SGT23HA2220220.h5 (120 bytes)
[DELETE] GW1AM2_20230913_01D_EQMA_L3SGT23HA2220220.h5 (120 bytes)
[DELETE] GW1AM2_20221012_01D_EQMD_L3SGT23HA2220220.h5 (120 bytes)
[DELETE] GW1AM2_20221018_01D_EQMA_L3SGT23HA2220220.h5 (120 bytes)
[DELETE] GW1AM2_20230420_01D_EQMA_L3SGT23HA2220220.h5 (120 bytes)
[DELETE] GW1AM2_20240718_01D_EQMD_L3SGT23HA2220220.h5 (120 bytes)
[DELETE] GW1AM2_20220718_01D_EQMA_L3SGT23HA2220220.h5 (120 bytes)
[DELETE] GW1AM2_20230213_01D_EQMD_L3SGT23HA2220220.h5 (120 bytes)
[DELETE] GW1AM2_20231105_01D_EQMA_L3SGT23HA2220220.h5 (120 bytes)
[DELETE] GW1AM2_20230909_01D_EQMD_L3SGT23HA2220220.h5 (120 bytes)
[DELETE] GW1AM2_20240809_01D_EQMA_L3SGT23HA2220220.h5 (120 bytes)
[DELETE] GW1AM2_20220313_01D_EQMD_L3SGT23HA2220220.h5 (120 bytes)
[DELETE] GW1AM2_20220511_01D_EQMA_L3SGT23HA2220220.h5 (120 bytes)
[DELETE] GW1AM2_20220712_01D_EQMD_L3SGT23HA2220220.h5 (120 bytes)
[DELETE] GW1AM2_20220321_01D_EQMA_L3SGT23HA2220220.h5 (120 bytes)
[DELETE] GW1AM2_20230219_01D_EQMA_L3SGT23HA2220220.h5 (120 bytes)
[DELETE] GW1AM2_20230301_01D_EQMA_L3SGT23HA2220220.h5 (120 bytes)
[DELETE] GW1AM2_20220819_01D_EQMA_L3SGT23HA2220220.h5 (120 bytes)
[DELETE] GW1AM2_20220210_01D_EQMA_L3SGT23HA2220220.h5 (120 bytes)
[DELETE] GW1AM2_20241223_01D_EQMD_L3SGT23HA2220220.h5 (120 bytes)
[DELETE] GW1AM2_20220520_01D_EQMD_L3SGT23HA2220220.h5 (120 bytes)
[DELETE] GW1AM2_20220218_01D_EQMA_L3SGT23HA2220220.h5 (120 bytes)
[DELETE] GW1AM2_20240413_01D_EQMA_L3SGT23HA2220220.h5 (120 bytes)
[DELETE] GW1AM2_20220813_01D_EQMD_L3SGT23HA2220220.h5 (120 bytes)
[DELETE] GW1AM2_20220701_01D_EQMA_L3SGT23HA2220220.h5 (120 bytes)
[DELETE] GW1AM2_20221223_01D_EQMD_L3SGT23HA2220220.h5 (120 bytes)
[DELETE] GW1AM2_20221222_01D_EQMA_L3SGT23HA2220220.h5 (120 bytes)
[DELETE] GW1AM2_20241110_01D_EQMD_L3SGT23HA2220220.h5 (120 bytes)
[DELETE] GW1AM2_20230806_01D_EQMD_L3SGT23HA2220220.h5 (120 bytes)
[DELETE] GW1AM2_20220302_01D_EQMD_L3SGT23HA2220220.h5 (120 bytes)
[DELETE] GW1AM2_20230206_01D_EQMD_L3SGT23HA2220220.h5 (120 bytes)
[DELETE] GW1AM2_20221021_01D_EQMA_L3SGT23HA2220220.h5 (120 bytes)
[DELETE] GW1AM2_20221107_01D_EQMD_L3SGT23HA2220220.h5 (120 bytes)
[DELETE] GW1AM2_20220307_01D_EQMA_L3SGT23HA2220220.h5 (120 bytes)
[DELETE] GW1AM2_20230507_01D_EQMD_L3SGT23HA2220220.h5 (120 bytes)
[DELETE] GW1AM2_20220316_01D_EQMD_L3SGT23HA2220220.h5 (120 bytes)
[DELETE] GW1AM2_20220521_01D_EQMA_L3SGT23HA2220220.h5 (120 bytes)
[DELETE] GW1AM2_20240911_01D_EQMA_L3SGT23HA2220220.h5 (120 bytes)
[DELETE] GW1AM2_20220817_01D_EQMA_L3SGT23HA2220220.h5 (120 bytes)
[DELETE] GW1AM2_20241115_01D_EQMA_L3SGT23HA2220220.h5 (120 bytes)
[DELETE] GW1AM2_20240301_01D_EQMD_L3SGT23HA2220220.h5 (120 bytes)
[DELETE] GW1AM2_20220601_01D_EQMA_L3SGT23HA2220220.h5 (120 bytes)
[DELETE] GW1AM2_20220306_01D_EQMD_L3SGT23HA2220220.h5 (120 bytes)
[DELETE] GW1AM2_20230813_01D_EQMA_L3SGT23HA2220220.h5 (120 bytes)
[DELETE] GW1AM2_20220222_01D_EQMD_L3SGT23HA2220220.h5 (120 bytes)
[DELETE] GW1AM2_20230616_01D_EQMA_L3SGT23HA2220220.h5 (120 bytes)
[DELETE] GW1AM2_20240701_01D_EQMD_L3SGT23HA2220220.h5 (120 bytes)
[DELETE] GW1AM2_20240914_01D_EQMD_L3SGT23HA2220220.h5 (120 bytes)
[DELETE] GW1AM2_20220922_01D_EQMD_L3SGT23HA2220220.h5 (120 bytes)
[DELETE] GW1AM2_20220405_01D_EQMD_L3SGT23HA2220220.h5 (120 bytes)
[DELETE] GW1AM2_20220416_01D_EQMD_L3SGT23HA2220220.h5 (120 bytes)
[DELETE] GW1AM2_20231017_01D_EQMD_L3SGT23HA2220220.h5 (120 bytes)
[DELETE] GW1AM2_20231113_01D_EQMA_L3SGT23HA2220220.h5 (120 bytes)
[DELETE] GW1AM2_20241215_01D_EQMD_L3SGT23HA2220220.h5 (120 bytes)
[DELETE] GW1AM2_20220424_01D_EQMD_L3SGT23HA2220220.h5 (120 bytes)
[DELETE] GW1AM2_20220423_01D_EQMA_L3SGT23HA2220220.h5 (120 bytes)
[DELETE] GW1AM2_20240519_01D_EQMA_L3SGT23HA2220220.h5 (120 bytes)
[DELETE] GW1AM2_20220824_01D_EQMA_L3SGT23HA2220220.h5 (120 bytes)
[DELETE] GW1AM2_20230623_01D_EQMA_L3SGT23HA2220220.h5 (120 bytes)
[DELETE] GW1AM2_20240821_01D_EQMD_L3SGT23HA2220220.h5 (120 bytes)
[DELETE] GW1AM2_20220917_01D_EQMA_L3SGT23HA2220220.h5 (120 bytes)
[DELETE] GW1AM2_20220515_01D_EQMD_L3SGT23HA2220220.h5 (120 bytes)
[DELETE] GW1AM2_20230222_01D_EQMD_L3SGT23HA2220220.h5 (120 bytes)
[DELETE] GW1AM2_20241109_01D_EQMD_L3SGT23HA2220220.h5 (120 bytes)
[DELETE] GW1AM2_20240708_01D_EQMA_L3SGT23HA2220220.h5 (120 bytes)
[DELETE] GW1AM2_20220201_01D_EQMA_L3SGT23HA2220220.h5 (120 bytes)
[DELETE] GW1AM2_20231119_01D_EQMD_L3SGT23HA2220220.h5 (120 bytes)
[DELETE] GW1AM2_20220710_01D_EQMD_L3SGT23HA2220220.h5 (120 bytes)
[DELETE] GW1AM2_20220303_01D_EQMD_L3SGT23HA2220220.h5 (120 bytes)
[DELETE] GW1AM2_20231218_01D_EQMD_L3SGT23HA2220220.h5 (120 bytes)
[DELETE] GW1AM2_20240513_01D_EQMD_L3SGT23HA2220220.h5 (120 bytes)
[DELETE] GW1AM2_20231004_01D_EQMA_L3SGT23HA2220220.h5 (120 bytes)
[DELETE] GW1AM2_20231212_01D_EQMA_L3SGT23HA2220220.h5 (120 bytes)
[DELETE] GW1AM2_20220720_01D_EQMD_L3SGT23HA2220220.h5 (120 bytes)
[DELETE] GW1AM2_20230819_01D_EQMD_L3SGT23HA2220220.h5 (120 bytes)
[DELETE] GW1AM2_20231203_01D_EQMA_L3SGT23HA2220220.h5 (120 bytes)
[DELETE] GW1AM2_20220309_01D_EQMA_L3SGT23HA2220220.h5 (120 bytes)
[DELETE] GW1AM2_20240807_01D_EQMD_L3SGT23HA2220220.h5 (120 bytes)
[DELETE] GW1AM2_20221214_01D_EQMA_L3SGT23HA2220220.h5 (120 bytes)
[DELETE] GW1AM2_20230417_01D_EQMD_L3SGT23HA2220220.h5 (120 bytes)
[DELETE] GW1AM2_20240702_01D_EQMD_L3SGT23HA2220220.h5 (120 bytes)
[DELETE] GW1AM2_20240806_01D_EQMD_L3SGT23HA2220220.h5 (120 bytes)
[DELETE] GW1AM2_20230511_01D_EQMD_L3SGT23HA2220220.h5 (120 bytes)
[DELETE] GW1AM2_20241103_01D_EQMA_L3SGT23HA2220220.h5 (120 bytes)
[DELETE] GW1AM2_20231209_01D_EQMD_L3SGT23HA2220220.h5 (120 bytes)
[DELETE] GW1AM2_20241218_01D_EQMD_L3SGT23HA2220220.h5 (120 bytes)
[DELETE] GW1AM2_20230704_01D_EQMD_L3SGT23HA2220220.h5 (120 bytes)
[DELETE] GW1AM2_20220403_01D_EQMA_L3SGT23HA2220220.h5 (120 bytes)
[DELETE] GW1AM2_20230718_01D_EQMD_L3SGT23HA2220220.h5 (120 bytes)
[DELETE] GW1AM2_20230820_01D_EQMA_L3SGT23HA2220220.h5 (120 bytes)
[DELETE] GW1AM2_20230425_01D_EQMA_L3SGT23HA2220220.h5 (120 bytes)
[DELETE] GW1AM2_20220409_01D_EQMD_L3SGT23HA2220220.h5 (120 bytes)
[DELETE] GW1AM2_20230712_01D_EQMA_L3SGT23HA2220220.h5 (120 bytes)
[DELETE] GW1AM2_20220509_01D_EQMA_L3SGT23HA2220220.h5 (120 bytes)
[DELETE] GW1AM2_20240607_01D_EQMD_L3SGT23HA2220220.h5 (120 bytes)
[DELETE] GW1AM2_20230610_01D_EQMD_L3SGT23HA2220220.h5 (120 bytes)
[DELETE] GW1AM2_20230924_01D_EQMD_L3SGT23HA2220220.h5 (120 bytes)
[DELETE] GW1AM2_20240807_01D_EQMA_L3SGT23HA2220220.h5 (120 bytes)
[DELETE] GW1AM2_20220715_01D_EQMA_L3SGT23HA2220220.h5 (120 bytes)
[DELETE] GW1AM2_20221220_01D_EQMD_L3SGT23HA2220220.h5 (120 bytes)
[DELETE] GW1AM2_20230521_01D_EQMA_L3SGT23HA2220220.h5 (120 bytes)
[DELETE] GW1AM2_20221111_01D_EQMD_L3SGT23HA2220220.h5 (120 bytes)
[DELETE] GW1AM2_20231101_01D_EQMA_L3SGT23HA2220220.h5 (120 bytes)
[DELETE] GW1AM2_20220316_01D_EQMA_L3SGT23HA2220220.h5 (120 bytes)
[DELETE] GW1AM2_20240715_01D_EQMA_L3SGT23HA2220220.h5 (120 bytes)
[DELETE] GW1AM2_20231005_01D_EQMA_L3SGT23HA2220220.h5 (120 bytes)
[DELETE] GW1AM2_20221225_01D_EQMA_L3SGT23HA2220220.h5 (120 bytes)
[DELETE] GW1AM2_20230907_01D_EQMD_L3SGT23HA2220220.h5 (120 bytes)
[DELETE] GW1AM2_20230320_01D_EQMA_L3SGT23HA2220220.h5 (120 bytes)
[DELETE] GW1AM2_20220825_01D_EQMA_L3SGT23HA2220220.h5 (120 bytes)
[DELETE] GW1AM2_20241021_01D_EQMA_L3SGT23HA2220220.h5 (120 bytes)
[DELETE] GW1AM2_20220916_01D_EQMA_L3SGT23HA2220220.h5 (120 bytes)
[DELETE] GW1AM2_20240621_01D_EQMD_L3SGT23HA2220220.h5 (120 bytes)
[DELETE] GW1AM2_20220504_01D_EQMA_L3SGT23HA2220220.h5 (120 bytes)
[DELETE] GW1AM2_20220406_01D_EQMD_L3SGT23HA2220220.h5 (120 bytes)
[DELETE] GW1AM2_20240314_01D_EQMA_L3SGT23HA2220220.h5 (120 bytes)
[DELETE] GW1AM2_20230802_01D_EQMA_L3SGT23HA2220220.h5 (120 bytes)
[DELETE] GW1AM2_20240919_01D_EQMD_L3SGT23HA2220220.h5 (120 bytes)
[DELETE] GW1AM2_20240913_01D_EQMA_L3SGT23HA2220220.h5 (120 bytes)
[DELETE] GW1AM2_20221213_01D_EQMD_L3SGT23HA2220220.h5 (120 bytes)
[DELETE] GW1AM2_20220925_01D_EQMA_L3SGT23HA2220220.h5 (120 bytes)
[DELETE] GW1AM2_20230221_01D_EQMD_L3SGT23HA2220220.h5 (120 bytes)
[DELETE] GW1AM2_20240709_01D_EQMA_L3SGT23HA2220220.h5 (120 bytes)
[DELETE] GW1AM2_20220821_01D_EQMA_L3SGT23HA2220220.h5 (120 bytes)
[DELETE] GW1AM2_20240913_01D_EQMD_L3SGT23HA2220220.h5 (120 bytes)
[DELETE] GW1AM2_20240325_01D_EQMA_L3SGT23HA2220220.h5 (120 bytes)
[DELETE] GW1AM2_20230320_01D_EQMD_L3SGT23HA2220220.h5 (120 bytes)
[DELETE] GW1AM2_20230608_01D_EQMA_L3SGT23HA2220220.h5 (120 bytes)
[DELETE] GW1AM2_20231016_01D_EQMA_L3SGT23HA2220220.h5 (120 bytes)
[DELETE] GW1AM2_20220317_01D_EQMD_L3SGT23HA2220220.h5 (120 bytes)
[DELETE] GW1AM2_20231210_01D_EQMA_L3SGT23HA2220220.h5 (120 bytes)
[DELETE] GW1AM2_20231011_01D_EQMA_L3SGT23HA2220220.h5 (120 bytes)
[DELETE] GW1AM2_20230211_01D_EQMA_L3SGT23HA2220220.h5 (120 bytes)
[DELETE] GW1AM2_20220725_01D_EQMD_L3SGT23HA2220220.h5 (120 bytes)
[DELETE] GW1AM2_20230305_01D_EQMD_L3SGT23HA2220220.h5 (120 bytes)
[DELETE] GW1AM2_20230201_01D_EQMA_L3SGT23HA2220220.h5 (120 bytes)
[DELETE] GW1AM2_20240610_01D_EQMD_L3SGT23HA2220220.h5 (120 bytes)
[DELETE] GW1AM2_20221101_01D_EQMD_L3SGT23HA2220220.h5 (120 bytes)
[DELETE] GW1AM2_20220619_01D_EQMD_L3SGT23HA2220220.h5 (120 bytes)
[DELETE] GW1AM2_20220613_01D_EQMA_L3SGT23HA2220220.h5 (120 bytes)
[DELETE] GW1AM2_20230602_01D_EQMD_L3SGT23HA2220220.h5 (120 bytes)
[DELETE] GW1AM2_20240703_01D_EQMD_L3SGT23HA2220220.h5 (120 bytes)
[DELETE] GW1AM2_20240919_01D_EQMA_L3SGT23HA2220220.h5 (120 bytes)
[DELETE] GW1AM2_20241213_01D_EQMA_L3SGT23HA2220220.h5 (120 bytes)
[DELETE] GW1AM2_20231004_01D_EQMD_L3SGT23HA2220220.h5 (120 bytes)
[DELETE] GW1AM2_20230310_01D_EQMA_L3SGT23HA2220220.h5 (120 bytes)
[DELETE] GW1AM2_20230923_01D_EQMD_L3SGT23HA2220220.h5 (120 bytes)
[DELETE] GW1AM2_20220223_01D_EQMA_L3SGT23HA2220220.h5 (120 bytes)
[DELETE] GW1AM2_20221125_01D_EQMA_L3SGT23HA2220220.h5 (120 bytes)
[DELETE] GW1AM2_20221023_01D_EQMA_L3SGT23HA2220220.h5 (120 bytes)
[DELETE] GW1AM2_20220704_01D_EQMD_L3SGT23HA2220220.h5 (120 bytes)
[DELETE] GW1AM2_20220921_01D_EQMD_L3SGT23HA2220220.h5 (120 bytes)
[DELETE] GW1AM2_20221025_01D_EQMA_L3SGT23HA2220220.h5 (120 bytes)
[DELETE] GW1AM2_20241204_01D_EQMD_L3SGT23HA2220220.h5 (120 bytes)
[DELETE] GW1AM2_20240710_01D_EQMD_L3SGT23HA2220220.h5 (120 bytes)
[DELETE] GW1AM2_20230909_01D_EQMA_L3SGT23HA2220220.h5 (120 bytes)
[DELETE] GW1AM2_20230707_01D_EQMA_L3SGT23HA2220220.h5 (120 bytes)
[DELETE] GW1AM2_20230722_01D_EQMA_L3SGT23HA2220220.h5 (120 bytes)
[DELETE] GW1AM2_20240210_01D_EQMA_L3SGT23HA2220220.h5 (120 bytes)
[DELETE] GW1AM2_20220706_01D_EQMA_L3SGT23HA2220220.h5 (120 bytes)
[DELETE] GW1AM2_20220623_01D_EQMA_L3SGT23HA2220220.h5 (120 bytes)
[DELETE] GW1AM2_20230718_01D_EQMA_L3SGT23HA2220220.h5 (120 bytes)
[DELETE] GW1AM2_20220314_01D_EQMD_L3SGT23HA2220220.h5 (120 bytes)
[DELETE] GW1AM2_20220415_01D_EQMA_L3SGT23HA2220220.h5 (120 bytes)
[DELETE] GW1AM2_20240907_01D_EQMD_L3SGT23HA2220220.h5 (120 bytes)
[DELETE] GW1AM2_20230712_01D_EQMD_L3SGT23HA2220220.h5 (120 bytes)
[DELETE] GW1AM2_20240222_01D_EQMA_L3SGT23HA2220220.h5 (120 bytes)
[DELETE] GW1AM2_20231120_01D_EQMD_L3SGT23HA2220220.h5 (120 bytes)
[DELETE] GW1AM2_20231113_01D_EQMD_L3SGT23HA2220220.h5 (120 bytes)
[DELETE] GW1AM2_20230318_01D_EQMA_L3SGT23HA2220220.h5 (120 bytes)
[DELETE] GW1AM2_20230312_01D_EQMD_L3SGT23HA2220220.h5 (120 bytes)
[DELETE] GW1AM2_20230903_01D_EQMD_L3SGT23HA2220220.h5 (120 bytes)
[DELETE] GW1AM2_20231119_01D_EQMA_L3SGT23HA2220220.h5 (120 bytes)
[DELETE] GW1AM2_20220613_01D_EQMD_L3SGT23HA2220220.h5 (120 bytes)
[DELETE] GW1AM2_20221102_01D_EQMD_L3SGT23HA2220220.h5 (120 bytes)
[DELETE] GW1AM2_20240603_01D_EQMD_L3SGT23HA2220220.h5 (120 bytes)
[DELETE] GW1AM2_20220616_01D_EQMD_L3SGT23HA2220220.h5 (120 bytes)
[DELETE] GW1AM2_20231001_01D_EQMA_L3SGT23HA2220220.h5 (120 bytes)
[DELETE] GW1AM2_20230906_01D_EQMA_L3SGT23HA2220220.h5 (120 bytes)
[DELETE] GW1AM2_20241012_01D_EQMA_L3SGT23HA2220220.h5 (120 bytes)
[DELETE] GW1AM2_20241018_01D_EQMD_L3SGT23HA2220220.h5 (120 bytes)
[DELETE] GW1AM2_20240609_01D_EQMA_L3SGT23HA2220220.h5 (120 bytes)
[DELETE] GW1AM2_20230618_01D_EQMA_L3SGT23HA2220220.h5 (120 bytes)
[DELETE] GW1AM2_20230815_01D_EQMA_L3SGT23HA2220220.h5 (120 bytes)
[DELETE] GW1AM2_20240817_01D_EQMD_L3SGT23HA2220220.h5 (120 bytes)
[DELETE] GW1AM2_20230601_01D_EQMD_L3SGT23HA2220220.h5 (120 bytes)
[DELETE] GW1AM2_20221014_01D_EQMA_L3SGT23HA2220220.h5 (120 bytes)
[DELETE] GW1AM2_20230523_01D_EQMD_L3SGT23HA2220220.h5 (120 bytes)
[DELETE] GW1AM2_20220705_01D_EQMA_L3SGT23HA2220220.h5 (120 bytes)
[DELETE] GW1AM2_20240506_01D_EQMD_L3SGT23HA2220220.h5 (120 bytes)
[DELETE] GW1AM2_20220618_01D_EQMD_L3SGT23HA2220220.h5 (120 bytes)
[DELETE] GW1AM2_20220518_01D_EQMD_L3SGT23HA2220220.h5 (120 bytes)
[DELETE] GW1AM2_20231114_01D_EQMA_L3SGT23HA2220220.h5 (120 bytes)
[DELETE] GW1AM2_20220911_01D_EQMA_L3SGT23HA2220220.h5 (120 bytes)
[DELETE] GW1AM2_20220418_01D_EQMD_L3SGT23HA2220220.h5 (120 bytes)
[DELETE] GW1AM2_20221121_01D_EQMA_L3SGT23HA2220220.h5 (120 bytes)
[DELETE] GW1AM2_20231011_01D_EQMD_L3SGT23HA2220220.h5 (120 bytes)
[DELETE] GW1AM2_20240921_01D_EQMD_L3SGT23HA2220220.h5 (120 bytes)
[DELETE] GW1AM2_20220211_01D_EQMA_L3SGT23HA2220220.h5 (120 bytes)
[DELETE] GW1AM2_20220512_01D_EQMA_L3SGT23HA2220220.h5 (120 bytes)
[DELETE] GW1AM2_20220612_01D_EQMA_L3SGT23HA2220220.h5 (120 bytes)
[DELETE] GW1AM2_20220412_01D_EQMA_L3SGT23HA2220220.h5 (120 bytes)
[DELETE] GW1AM2_20240719_01D_EQMD_L3SGT23HA2220220.h5 (120 bytes)
[DELETE] GW1AM2_20230414_01D_EQMD_L3SGT23HA2220220.h5 (120 bytes)
[DELETE] GW1AM2_20220620_01D_EQMA_L3SGT23HA2220220.h5 (120 bytes)
[DELETE] GW1AM2_20230205_01D_EQMA_L3SGT23HA2220220.h5 (120 bytes)
[DELETE] GW1AM2_20240306_01D_EQMA_L3SGT23HA2220220.h5 (120 bytes)
[DELETE] GW1AM2_20231216_01D_EQMD_L3SGT23HA2220220.h5 (120 bytes)
[DELETE] GW1AM2_20230315_01D_EQMA_L3SGT23HA2220220.h5 (120 bytes)
[DELETE] GW1AM2_20220812_01D_EQMA_L3SGT23HA2220220.h5 (120 bytes)
[DELETE] GW1AM2_20230606_01D_EQMD_L3SGT23HA2220220.h5 (120 bytes)
[DELETE] GW1AM2_20230906_01D_EQMD_L3SGT23HA2220220.h5 (120 bytes)
[DELETE] GW1AM2_20220806_01D_EQMD_L3SGT23HA2220220.h5 (120 bytes)
[DELETE] GW1AM2_20220907_01D_EQMA_L3SGT23HA2220220.h5 (120 bytes)
[DELETE] GW1AM2_20241117_01D_EQMA_L3SGT23HA2220220.h5 (120 bytes)
[DELETE] GW1AM2_20221204_01D_EQMA_L3SGT23HA2220220.h5 (120 bytes)
[DELETE] GW1AM2_20230506_01D_EQMA_L3SGT23HA2220220.h5 (120 bytes)
[DELETE] GW1AM2_20241024_01D_EQMD_L3SGT23HA2220220.h5 (120 bytes)
[DELETE] GW1AM2_20220901_01D_EQMA_L3SGT23HA2220220.h5 (120 bytes)
[DELETE] GW1AM2_20231215_01D_EQMD_L3SGT23HA2220220.h5 (120 bytes)
[DELETE] GW1AM2_20230222_01D_EQMA_L3SGT23HA2220220.h5 (120 bytes)
[DELETE] GW1AM2_20230905_01D_EQMA_L3SGT23HA2220220.h5 (120 bytes)
[DELETE] GW1AM2_20230302_01D_EQMA_L3SGT23HA2220220.h5 (120 bytes)
[DELETE] GW1AM2_20241016_01D_EQMA_L3SGT23HA2220220.h5 (120 bytes)
[DELETE] GW1AM2_20230511_01D_EQMA_L3SGT23HA2220220.h5 (120 bytes)
[DELETE] GW1AM2_20240905_01D_EQMA_L3SGT23HA2220220.h5 (120 bytes)
[DELETE] GW1AM2_20221016_01D_EQMA_L3SGT23HA2220220.h5 (120 bytes)
[DELETE] GW1AM2_20231015_01D_EQMD_L3SGT23HA2220220.h5 (120 bytes)
[DELETE] GW1AM2_20220818_01D_EQMD_L3SGT23HA2220220.h5 (120 bytes)
[DELETE] GW1AM2_20230308_01D_EQMD_L3SGT23HA2220220.h5 (120 bytes)
[DELETE] GW1AM2_20220602_01D_EQMA_L3SGT23HA2220220.h5 (120 bytes)
[DELETE] GW1AM2_20221120_01D_EQMA_L3SGT23HA2220220.h5 (120 bytes)
[DELETE] GW1AM2_20241203_01D_EQMD_L3SGT23HA2220220.h5 (120 bytes)
[DELETE] GW1AM2_20230616_01D_EQMD_L3SGT23HA2220220.h5 (120 bytes)
[DELETE] GW1AM2_20231111_01D_EQMD_L3SGT23HA2220220.h5 (120 bytes)
[DELETE] GW1AM2_20241016_01D_EQMD_L3SGT23HA2220220.h5 (120 bytes)
[DELETE] GW1AM2_20221206_01D_EQMD_L3SGT23HA2220220.h5 (120 bytes)
[DELETE] GW1AM2_20221017_01D_EQMA_L3SGT23HA2220220.h5 (120 bytes)
[DELETE] GW1AM2_20240413_01D_EQMD_L3SGT23HA2220220.h5 (120 bytes)
[DELETE] GW1AM2_20221217_01D_EQMA_L3SGT23HA2220220.h5 (120 bytes)
[DELETE] GW1AM2_20230225_01D_EQMA_L3SGT23HA2220220.h5 (120 bytes)
[DELETE] GW1AM2_20240419_01D_EQMA_L3SGT23HA2220220.h5 (120 bytes)
[DELETE] GW1AM2_20230702_01D_EQMD_L3SGT23HA2220220.h5 (120 bytes)
[DELETE] GW1AM2_20230821_01D_EQMA_L3SGT23HA2220220.h5 (120 bytes)
[DELETE] GW1AM2_20231114_01D_EQMD_L3SGT23HA2220220.h5 (120 bytes)
[DELETE] GW1AM2_20220804_01D_EQMD_L3SGT23HA2220220.h5 (120 bytes)
[DELETE] GW1AM2_20230914_01D_EQMA_L3SGT23HA2220220.h5 (120 bytes)
[DELETE] GW1AM2_20240411_01D_EQMA_L3SGT23HA2220220.h5 (120 bytes)
[DELETE] GW1AM2_20230205_01D_EQMD_L3SGT23HA2220220.h5 (120 bytes)
[DELETE] GW1AM2_20240522_01D_EQMA_L3SGT23HA2220220.h5 (120 bytes)
[DELETE] GW1AM2_20220221_01D_EQMD_L3SGT23HA2220220.h5 (120 bytes)
[DELETE] GW1AM2_20240703_01D_EQMA_L3SGT23HA2220220.h5 (120 bytes)
[DELETE] GW1AM2_20240825_01D_EQMD_L3SGT23HA2220220.h5 (120 bytes)
[DELETE] GW1AM2_20230204_01D_EQMD_L3SGT23HA2220220.h5 (120 bytes)
[DELETE] GW1AM2_20240623_01D_EQMA_L3SGT23HA2220220.h5 (120 bytes)
[DELETE] GW1AM2_20230806_01D_EQMA_L3SGT23HA2220220.h5 (120 bytes)
[DELETE] GW1AM2_20240709_01D_EQMD_L3SGT23HA2220220.h5 (120 bytes)
[DELETE] GW1AM2_20240603_01D_EQMA_L3SGT23HA2220220.h5 (120 bytes)
[DELETE] GW1AM2_20240905_01D_EQMD_L3SGT23HA2220220.h5 (120 bytes)
[DELETE] GW1AM2_20220522_01D_EQMD_L3SGT23HA2220220.h5 (120 bytes)
[DELETE] GW1AM2_20220614_01D_EQMD_L3SGT23HA2220220.h5 (120 bytes)
[DELETE] GW1AM2_20240422_01D_EQMA_L3SGT23HA2220220.h5 (120 bytes)
[DELETE] GW1AM2_20220712_01D_EQMA_L3SGT23HA2220220.h5 (120 bytes)
[DELETE] GW1AM2_20231125_01D_EQMD_L3SGT23HA2220220.h5 (120 bytes)
[DELETE] GW1AM2_20240408_01D_EQMD_L3SGT23HA2220220.h5 (120 bytes)
[DELETE] GW1AM2_20230314_01D_EQMA_L3SGT23HA2220220.h5 (120 bytes)
[DELETE] GW1AM2_20220718_01D_EQMD_L3SGT23HA2220220.h5 (120 bytes)
[DELETE] GW1AM2_20240402_01D_EQMA_L3SGT23HA2220220.h5 (120 bytes)
[DELETE] GW1AM2_20230602_01D_EQMA_L3SGT23HA2220220.h5 (120 bytes)
[DELETE] GW1AM2_20220521_01D_EQMD_L3SGT23HA2220220.h5 (120 bytes)
[DELETE] GW1AM2_20230725_01D_EQMA_L3SGT23HA2220220.h5 (120 bytes)
[DELETE] GW1AM2_20240716_01D_EQMA_L3SGT23HA2220220.h5 (120 bytes)
[DELETE] GW1AM2_20230908_01D_EQMD_L3SGT23HA2220220.h5 (120 bytes)
[DELETE] GW1AM2_20240416_01D_EQMD_L3SGT23HA2220220.h5 (120 bytes)
[DELETE] GW1AM2_20220305_01D_EQMA_L3SGT23HA2220220.h5 (120 bytes)
[DELETE] GW1AM2_20230520_01D_EQMD_L3SGT23HA2220220.h5 (120 bytes)
[DELETE] GW1AM2_20220518_01D_EQMA_L3SGT23HA2220220.h5 (120 bytes)
[DELETE] GW1AM2_20240411_01D_EQMD_L3SGT23HA2220220.h5 (120 bytes)
[DELETE] GW1AM2_20241224_01D_EQMD_L3SGT23HA2220220.h5 (120 bytes)
[DELETE] GW1AM2_20240707_01D_EQMA_L3SGT23HA2220220.h5 (120 bytes)
[DELETE] GW1AM2_20240812_01D_EQMD_L3SGT23HA2220220.h5 (120 bytes)
[DELETE] GW1AM2_20241127_01D_EQMD_L3SGT23HA2220220.h5 (120 bytes)
[DELETE] GW1AM2_20221020_01D_EQMA_L3SGT23HA2220220.h5 (120 bytes)
[DELETE] GW1AM2_20220923_01D_EQMA_L3SGT23HA2220220.h5 (120 bytes)
[DELETE] GW1AM2_20221207_01D_EQMD_L3SGT23HA2220220.h5 (120 bytes)
[DELETE] GW1AM2_20240424_01D_EQMD_L3SGT23HA2220220.h5 (120 bytes)
[DELETE] GW1AM2_20240818_01D_EQMA_L3SGT23HA2220220.h5 (120 bytes)
[DELETE] GW1AM2_20230902_01D_EQMA_L3SGT23HA2220220.h5 (120 bytes)
[DELETE] GW1AM2_20220512_01D_EQMD_L3SGT23HA2220220.h5 (120 bytes)
[DELETE] GW1AM2_20230213_01D_EQMA_L3SGT23HA2220220.h5 (120 bytes)
[DELETE] GW1AM2_20240205_01D_EQMD_L3SGT23HA2220220.h5 (120 bytes)
[DELETE] GW1AM2_20240806_01D_EQMA_L3SGT23HA2220220.h5 (120 bytes)
[DELETE] GW1AM2_20230525_01D_EQMA_L3SGT23HA2220220.h5 (120 bytes)
[DELETE] GW1AM2_20241130_01D_EQMA_L3SGT23HA2220220.h5 (120 bytes)
[DELETE] GW1AM2_20240903_01D_EQMD_L3SGT23HA2220220.h5 (120 bytes)
[DELETE] GW1AM2_20220609_01D_EQMD_L3SGT23HA2220220.h5 (120 bytes)
[DELETE] GW1AM2_20221113_01D_EQMA_L3SGT23HA2220220.h5 (120 bytes)
[DELETE] GW1AM2_20230922_01D_EQMA_L3SGT23HA2220220.h5 (120 bytes)
[DELETE] GW1AM2_20241002_01D_EQMD_L3SGT23HA2220220.h5 (120 bytes)
[DELETE] GW1AM2_20220304_01D_EQMA_L3SGT23HA2220220.h5 (120 bytes)
[DELETE] GW1AM2_20220916_01D_EQMD_L3SGT23HA2220220.h5 (120 bytes)
[DELETE] GW1AM2_20240614_01D_EQMA_L3SGT23HA2220220.h5 (120 bytes)
[DELETE] GW1AM2_20230515_01D_EQMA_L3SGT23HA2220220.h5 (120 bytes)
[DELETE] GW1AM2_20220219_01D_EQMD_L3SGT23HA2220220.h5 (120 bytes)
[DELETE] GW1AM2_20220305_01D_EQMD_L3SGT23HA2220220.h5 (120 bytes)
[DELETE] GW1AM2_20230912_01D_EQMA_L3SGT23HA2220220.h5 (120 bytes)
[DELETE] GW1AM2_20221119_01D_EQMD_L3SGT23HA2220220.h5 (120 bytes)
[DELETE] GW1AM2_20240601_01D_EQMA_L3SGT23HA2220220.h5 (120 bytes)
[DELETE] GW1AM2_20221118_01D_EQMD_L3SGT23HA2220220.h5 (120 bytes)
[DELETE] GW1AM2_20220623_01D_EQMD_L3SGT23HA2220220.h5 (120 bytes)
[DELETE] GW1AM2_20241020_01D_EQMA_L3SGT23HA2220220.h5 (120 bytes)
[DELETE] GW1AM2_20220821_01D_EQMD_L3SGT23HA2220220.h5 (120 bytes)
[DELETE] GW1AM2_20220205_01D_EQMA_L3SGT23HA2220220.h5 (120 bytes)
[DELETE] GW1AM2_20230215_01D_EQMA_L3SGT23HA2220220.h5 (120 bytes)
[DELETE] GW1AM2_20230321_01D_EQMD_L3SGT23HA2220220.h5 (120 bytes)
[DELETE] GW1AM2_20241004_01D_EQMA_L3SGT23HA2220220.h5 (120 bytes)
[DELETE] GW1AM2_20240815_01D_EQMD_L3SGT23HA2220220.h5 (120 bytes)
[DELETE] GW1AM2_20220510_01D_EQMD_L3SGT23HA2220220.h5 (120 bytes)
[DELETE] GW1AM2_20220807_01D_EQMA_L3SGT23HA2220220.h5 (120 bytes)
[DELETE] GW1AM2_20231021_01D_EQMD_L3SGT23HA2220220.h5 (120 bytes)
[DELETE] GW1AM2_20221201_01D_EQMA_L3SGT23HA2220220.h5 (120 bytes)
[DELETE] GW1AM2_20220206_01D_EQMA_L3SGT23HA2220220.h5 (120 bytes)
[DELETE] GW1AM2_20230910_01D_EQMA_L3SGT23HA2220220.h5 (120 bytes)
[DELETE] GW1AM2_20240410_01D_EQMD_L3SGT23HA2220220.h5 (120 bytes)
[DELETE] GW1AM2_20240308_01D_EQMD_L3SGT23HA2220220.h5 (120 bytes)
[DELETE] GW1AM2_20240805_01D_EQMD_L3SGT23HA2220220.h5 (120 bytes)
[DELETE] GW1AM2_20230410_01D_EQMD_L3SGT23HA2220220.h5 (120 bytes)
[DELETE] GW1AM2_20220823_01D_EQMA_L3SGT23HA2220220.h5 (120 bytes)
[DELETE] GW1AM2_20221210_01D_EQMA_L3SGT23HA2220220.h5 (120 bytes)
[DELETE] GW1AM2_20231008_01D_EQMD_L3SGT23HA2220220.h5 (120 bytes)
[DELETE] GW1AM2_20221022_01D_EQMA_L3SGT23HA2220220.h5 (120 bytes)
[DELETE] GW1AM2_20220417_01D_EQMA_L3SGT23HA2220220.h5 (120 bytes)
[DELETE] GW1AM2_20220320_01D_EQMD_L3SGT23HA2220220.h5 (120 bytes)
[DELETE] GW1AM2_20240511_01D_EQMD_L3SGT23HA2220220.h5 (120 bytes)
[DELETE] GW1AM2_20240705_01D_EQMA_L3SGT23HA2220220.h5 (120 bytes)
[DELETE] GW1AM2_20230507_01D_EQMA_L3SGT23HA2220220.h5 (120 bytes)
[DELETE] GW1AM2_20220505_01D_EQMA_L3SGT23HA2220220.h5 (120 bytes)
[DELETE] GW1AM2_20230605_01D_EQMD_L3SGT23HA2220220.h5 (120 bytes)
[DELETE] GW1AM2_20230514_01D_EQMA_L3SGT23HA2220220.h5 (120 bytes)
[DELETE] GW1AM2_20230611_01D_EQMA_L3SGT23HA2220220.h5 (120 bytes)
[DELETE] GW1AM2_20241220_01D_EQMD_L3SGT23HA2220220.h5 (120 bytes)
[DELETE] GW1AM2_20240302_01D_EQMA_L3SGT23HA2220220.h5 (120 bytes)
[DELETE] GW1AM2_20240524_01D_EQMD_L3SGT23HA2220220.h5 (120 bytes)
[DELETE] GW1AM2_20221110_01D_EQMA_L3SGT23HA2220220.h5 (120 bytes)
[DELETE] GW1AM2_20231209_01D_EQMA_L3SGT23HA2220220.h5 (120 bytes)
[DELETE] GW1AM2_20220824_01D_EQMD_L3SGT23HA2220220.h5 (120 bytes)
[DELETE] GW1AM2_20230901_01D_EQMA_L3SGT23HA2220220.h5 (120 bytes)
[DELETE] GW1AM2_20230814_01D_EQMD_L3SGT23HA2220220.h5 (120 bytes)
[DELETE] GW1AM2_20240906_01D_EQMA_L3SGT23HA2220220.h5 (120 bytes)
[DELETE] GW1AM2_20220603_01D_EQMA_L3SGT23HA2220220.h5 (120 bytes)
[DELETE] GW1AM2_20240505_01D_EQMD_L3SGT23HA2220220.h5 (120 bytes)
[DELETE] GW1AM2_20231122_01D_EQMA_L3SGT23HA2220220.h5 (120 bytes)
[DELETE] GW1AM2_20230604_01D_EQMA_L3SGT23HA2220220.h5 (120 bytes)
[DELETE] GW1AM2_20230309_01D_EQMD_L3SGT23HA2220220.h5 (120 bytes)
[DELETE] GW1AM2_20220915_01D_EQMA_L3SGT23HA2220220.h5 (120 bytes)
[DELETE] GW1AM2_20231105_01D_EQMD_L3SGT23HA2220220.h5 (120 bytes)
[DELETE] GW1AM2_20221006_01D_EQMA_L3SGT23HA2220220.h5 (120 bytes)
[DELETE] GW1AM2_20230624_01D_EQMA_L3SGT23HA2220220.h5 (120 bytes)
[DELETE] GW1AM2_20220608_01D_EQMA_L3SGT23HA2220220.h5 (120 bytes)
[DELETE] GW1AM2_20220602_01D_EQMD_L3SGT23HA2220220.h5 (120 bytes)
[DELETE] GW1AM2_20221108_01D_EQMD_L3SGT23HA2220220.h5 (120 bytes)
[DELETE] GW1AM2_20221204_01D_EQMD_L3SGT23HA2220220.h5 (120 bytes)
[DELETE] GW1AM2_20220214_01D_EQMD_L3SGT23HA2220220.h5 (120 bytes)
[DELETE] GW1AM2_20220604_01D_EQMD_L3SGT23HA2220220.h5 (120 bytes)
[DELETE] GW1AM2_20230324_01D_EQMD_L3SGT23HA2220220.h5 (120 bytes)
[DELETE] GW1AM2_20220205_01D_EQMD_L3SGT23HA2220220.h5 (120 bytes)
[DELETE] GW1AM2_20230421_01D_EQMA_L3SGT23HA2220220.h5 (120 bytes)
[DELETE] GW1AM2_20220920_01D_EQMD_L3SGT23HA2220220.h5 (120 bytes)
[DELETE] GW1AM2_20241225_01D_EQMA_L3SGT23HA2220220.h5 (120 bytes)
[DELETE] GW1AM2_20240910_01D_EQMD_L3SGT23HA2220220.h5 (120 bytes)
[DELETE] GW1AM2_20220707_01D_EQMD_L3SGT23HA2220220.h5 (120 bytes)
[DELETE] GW1AM2_20240313_01D_EQMA_L3SGT23HA2220220.h5 (120 bytes)
[DELETE] GW1AM2_20230522_01D_EQMD_L3SGT23HA2220220.h5 (120 bytes)
[DELETE] GW1AM2_20230723_01D_EQMD_L3SGT23HA2220220.h5 (120 bytes)
[DELETE] GW1AM2_20220221_01D_EQMA_L3SGT23HA2220220.h5 (120 bytes)
[DELETE] GW1AM2_20240319_01D_EQMD_L3SGT23HA2220220.h5 (120 bytes)
[DELETE] GW1AM2_20231003_01D_EQMD_L3SGT23HA2220220.h5 (120 bytes)
[DELETE] GW1AM2_20220801_01D_EQMA_L3SGT23HA2220220.h5 (120 bytes)
[DELETE] GW1AM2_20240904_01D_EQMD_L3SGT23HA2220220.h5 (120 bytes)
[DELETE] GW1AM2_20240203_01D_EQMD_L3SGT23HA2220220.h5 (120 bytes)
[DELETE] GW1AM2_20240824_01D_EQMD_L3SGT23HA2220220.h5 (120 bytes)
[DELETE] GW1AM2_20230402_01D_EQMD_L3SGT23HA2220220.h5 (120 bytes)
[DELETE] GW1AM2_20230706_01D_EQMD_L3SGT23HA2220220.h5 (120 bytes)
[DELETE] GW1AM2_20240320_01D_EQMD_L3SGT23HA2220220.h5 (120 bytes)
[DELETE] GW1AM2_20230514_01D_EQMD_L3SGT23HA2220220.h5 (120 bytes)
[DELETE] GW1AM2_20240802_01D_EQMD_L3SGT23HA2220220.h5 (120 bytes)
[DELETE] GW1AM2_20240215_01D_EQMA_L3SGT23HA2220220.h5 (120 bytes)
[DELETE] GW1AM2_20230307_01D_EQMD_L3SGT23HA2220220.h5 (120 bytes)
[DELETE] GW1AM2_20240211_01D_EQMD_L3SGT23HA2220220.h5 (120 bytes)
[DELETE] GW1AM2_20240209_01D_EQMA_L3SGT23HA2220220.h5 (120 bytes)
[DELETE] GW1AM2_20241225_01D_EQMD_L3SGT23HA2220220.h5 (120 bytes)
[DELETE] GW1AM2_20220822_01D_EQMD_L3SGT23HA2220220.h5 (120 bytes)
[DELETE] GW1AM2_20231116_01D_EQMA_L3SGT23HA2220220.h5 (120 bytes)
[DELETE] GW1AM2_20221111_01D_EQMA_L3SGT23HA2220220.h5 (120 bytes)
[DELETE] GW1AM2_20240606_01D_EQMD_L3SGT23HA2220220.h5 (120 bytes)
[DELETE] GW1AM2_20240707_01D_EQMD_L3SGT23HA2220220.h5 (120 bytes)
[DELETE] GW1AM2_20241023_01D_EQMA_L3SGT23HA2220220.h5 (120 bytes)
[DELETE] GW1AM2_20220725_01D_EQMA_L3SGT23HA2220220.h5 (120 bytes)
[DELETE] GW1AM2_20230407_01D_EQMD_L3SGT23HA2220220.h5 (120 bytes)
[DELETE] GW1AM2_20230408_01D_EQMA_L3SGT23HA2220220.h5 (120 bytes)
[DELETE] GW1AM2_20230601_01D_EQMA_L3SGT23HA2220220.h5 (120 bytes)
[DELETE] GW1AM2_20230502_01D_EQMA_L3SGT23HA2220220.h5 (120 bytes)
[DELETE] GW1AM2_20220723_01D_EQMD_L3SGT23HA2220220.h5 (120 bytes)
[DELETE] GW1AM2_20220404_01D_EQMD_L3SGT23HA2220220.h5 (120 bytes)
[DELETE] GW1AM2_20230516_01D_EQMD_L3SGT23HA2220220.h5 (120 bytes)
[DELETE] GW1AM2_20240510_01D_EQMD_L3SGT23HA2220220.h5 (120 bytes)
[DELETE] GW1AM2_20220525_01D_EQMA_L3SGT23HA2220220.h5 (120 bytes)
[DELETE] GW1AM2_20230607_01D_EQMD_L3SGT23HA2220220.h5 (120 bytes)
[DELETE] GW1AM2_20230624_01D_EQMD_L3SGT23HA2220220.h5 (120 bytes)
[DELETE] GW1AM2_20240925_01D_EQMA_L3SGT23HA2220220.h5 (120 bytes)
[DELETE] GW1AM2_20240808_01D_EQMA_L3SGT23HA2220220.h5 (120 bytes)
[DELETE] GW1AM2_20230508_01D_EQMD_L3SGT23HA2220220.h5 (120 bytes)
[DELETE] GW1AM2_20230818_01D_EQMD_L3SGT23HA2220220.h5 (120 bytes)
[DELETE] GW1AM2_20241123_01D_EQMA_L3SGT23HA2220220.h5 (120 bytes)
[DELETE] GW1AM2_20220506_01D_EQMD_L3SGT23HA2220220.h5 (120 bytes)
[DELETE] GW1AM2_20240720_01D_EQMA_L3SGT23HA2220220.h5 (120 bytes)
[DELETE] GW1AM2_20231017_01D_EQMA_L3SGT23HA2220220.h5 (120 bytes)
[DELETE] GW1AM2_20220422_01D_EQMD_L3SGT23HA2220220.h5 (120 bytes)
[DELETE] GW1AM2_20220417_01D_EQMD_L3SGT23HA2220220.h5 (120 bytes)
[DELETE] GW1AM2_20221212_01D_EQMA_L3SGT23HA2220220.h5 (120 bytes)
[DELETE] GW1AM2_20241115_01D_EQMD_L3SGT23HA2220220.h5 (120 bytes)
[DELETE] GW1AM2_20230611_01D_EQMD_L3SGT23HA2220220.h5 (120 bytes)
[DELETE] GW1AM2_20240604_01D_EQMA_L3SGT23HA2220220.h5 (120 bytes)
[DELETE] GW1AM2_20230818_01D_EQMA_L3SGT23HA2220220.h5 (120 bytes)
[DELETE] GW1AM2_20230804_01D_EQMD_L3SGT23HA2220220.h5 (120 bytes)
[DELETE] GW1AM2_20220816_01D_EQMA_L3SGT23HA2220220.h5 (120 bytes)
[DELETE] GW1AM2_20240612_01D_EQMD_L3SGT23HA2220220.h5 (120 bytes)
[DELETE] GW1AM2_20220815_01D_EQMA_L3SGT23HA2220220.h5 (120 bytes)
[DELETE] GW1AM2_20220611_01D_EQMD_L3SGT23HA2220220.h5 (120 bytes)
[DELETE] GW1AM2_20241110_01D_EQMA_L3SGT23HA2220220.h5 (120 bytes)
[DELETE] GW1AM2_20231123_01D_EQMA_L3SGT23HA2220220.h5 (120 bytes)
[DELETE] GW1AM2_20220910_01D_EQMD_L3SGT23HA2220220.h5 (120 bytes)
[DELETE] GW1AM2_20241205_01D_EQMA_L3SGT23HA2220220.h5 (120 bytes)
[DELETE] GW1AM2_20230423_01D_EQMD_L3SGT23HA2220220.h5 (120 bytes)
[DELETE] GW1AM2_20220320_01D_EQMA_L3SGT23HA2220220.h5 (120 bytes)
[DELETE] GW1AM2_20221116_01D_EQMD_L3SGT23HA2220220.h5 (120 bytes)
[DELETE] GW1AM2_20230605_01D_EQMA_L3SGT23HA2220220.h5 (120 bytes)
[DELETE] GW1AM2_20241207_01D_EQMA_L3SGT23HA2220220.h5 (120 bytes)
[DELETE] GW1AM2_20221019_01D_EQMD_L3SGT23HA2220220.h5 (120 bytes)
[DELETE] GW1AM2_20231224_01D_EQMD_L3SGT23HA2220220.h5 (120 bytes)
[DELETE] GW1AM2_20231214_01D_EQMD_L3SGT23HA2220220.h5 (120 bytes)
[DELETE] GW1AM2_20240910_01D_EQMA_L3SGT23HA2220220.h5 (120 bytes)
[DELETE] GW1AM2_20231101_01D_EQMD_L3SGT23HA2220220.h5 (120 bytes)
[DELETE] GW1AM2_20231022_01D_EQMD_L3SGT23HA2220220.h5 (120 bytes)
[DELETE] GW1AM2_20230316_01D_EQMA_L3SGT23HA2220220.h5 (120 bytes)
[DELETE] GW1AM2_20240618_01D_EQMA_L3SGT23HA2220220.h5 (120 bytes)
[DELETE] GW1AM2_20230812_01D_EQMD_L3SGT23HA2220220.h5 (120 bytes)
[DELETE] GW1AM2_20221013_01D_EQMA_L3SGT23HA2220220.h5 (120 bytes)
[DELETE] GW1AM2_20220212_01D_EQMA_L3SGT23HA2220220.h5 (120 bytes)
[DELETE] GW1AM2_20220322_01D_EQMD_L3SGT23HA2220220.h5 (120 bytes)
[DELETE] GW1AM2_20220915_01D_EQMD_L3SGT23HA2220220.h5 (120 bytes)
[DELETE] GW1AM2_20240714_01D_EQMD_L3SGT23HA2220220.h5 (120 bytes)
[DELETE] GW1AM2_20241216_01D_EQMA_L3SGT23HA2220220.h5 (120 bytes)
[DELETE] GW1AM2_20221225_01D_EQMD_L3SGT23HA2220220.h5 (120 bytes)
[DELETE] GW1AM2_20230416_01D_EQMA_L3SGT23HA2220220.h5 (120 bytes)
[DELETE] GW1AM2_20231205_01D_EQMD_L3SGT23HA2220220.h5 (120 bytes)
[DELETE] GW1AM2_20240525_01D_EQMA_L3SGT23HA2220220.h5 (120 bytes)
[DELETE] GW1AM2_20230721_01D_EQMD_L3SGT23HA2220220.h5 (120 bytes)
[DELETE] GW1AM2_20241223_01D_EQMA_L3SGT23HA2220220.h5 (120 bytes)
[DELETE] GW1AM2_20230823_01D_EQMD_L3SGT23HA2220220.h5 (120 bytes)
[DELETE] GW1AM2_20221121_01D_EQMD_L3SGT23HA2220220.h5 (120 bytes)
[DELETE] GW1AM2_20220618_01D_EQMA_L3SGT23HA2220220.h5 (120 bytes)
[DELETE] GW1AM2_20220612_01D_EQMD_L3SGT23HA2220220.h5 (120 bytes)
[DELETE] GW1AM2_20220609_01D_EQMA_L3SGT23HA2220220.h5 (120 bytes)
[DELETE] GW1AM2_20220724_01D_EQMD_L3SGT23HA2220220.h5 (120 bytes)
[DELETE] GW1AM2_20220411_01D_EQMA_L3SGT23HA2220220.h5 (120 bytes)
[DELETE] GW1AM2_20240605_01D_EQMA_L3SGT23HA2220220.h5 (120 bytes)
[DELETE] GW1AM2_20240509_01D_EQMD_L3SGT23HA2220220.h5 (120 bytes)
[DELETE] GW1AM2_20220708_01D_EQMA_L3SGT23HA2220220.h5 (120 bytes)
[DELETE] GW1AM2_20220510_01D_EQMA_L3SGT23HA2220220.h5 (120 bytes)
[DELETE] GW1AM2_20240823_01D_EQMD_L3SGT23HA2220220.h5 (120 bytes)
[DELETE] GW1AM2_20231021_01D_EQMA_L3SGT23HA2220220.h5 (120 bytes)
[DELETE] GW1AM2_20231222_01D_EQMD_L3SGT23HA2220220.h5 (120 bytes)
[DELETE] GW1AM2_20231121_01D_EQMA_L3SGT23HA2220220.h5 (120 bytes)
[DELETE] GW1AM2_20230206_01D_EQMA_L3SGT23HA2220220.h5 (120 bytes)
[DELETE] GW1AM2_20240622_01D_EQMA_L3SGT23HA2220220.h5 (120 bytes)
[DELETE] GW1AM2_20240205_01D_EQMA_L3SGT23HA2220220.h5 (120 bytes)
[DELETE] GW1AM2_20220911_01D_EQMD_L3SGT23HA2220220.h5 (120 bytes)
[DELETE] GW1AM2_20220717_01D_EQMA_L3SGT23HA2220220.h5 (120 bytes)
[DELETE] GW1AM2_20230524_01D_EQMD_L3SGT23HA2220220.h5 (120 bytes)
[DELETE] GW1AM2_20220714_01D_EQMA_L3SGT23HA2220220.h5 (120 bytes)
[DELETE] GW1AM2_20230922_01D_EQMD_L3SGT23HA2220220.h5 (120 bytes)
[DELETE] GW1AM2_20240715_01D_EQMD_L3SGT23HA2220220.h5 (120 bytes)
[DELETE] GW1AM2_20220701_01D_EQMD_L3SGT23HA2220220.h5 (120 bytes)
[DELETE] GW1AM2_20210915_01D_EQMD_L3SGT23HA2220220.h5 (120 bytes)
[DELETE] GW1AM2_20230404_01D_EQMA_L3SGT23HA2220220.h5 (120 bytes)
[DELETE] GW1AM2_20220702_01D_EQMD_L3SGT23HA2220220.h5 (120 bytes)
[DELETE] GW1AM2_20240613_01D_EQMD_L3SGT23HA2220220.h5 (120 bytes)
[DELETE] GW1AM2_20230216_01D_EQMA_L3SGT23HA2220220.h5 (120 bytes)
[DELETE] GW1AM2_20240505_01D_EQMA_L3SGT23HA2220220.h5 (120 bytes)
[DELETE] GW1AM2_20230917_01D_EQMA_L3SGT23HA2220220.h5 (120 bytes)
[DELETE] GW1AM2_20230517_01D_EQMA_L3SGT23HA2220220.h5 (120 bytes)
[DELETE] GW1AM2_20240420_01D_EQMD_L3SGT23HA2220220.h5 (120 bytes)
[DELETE] GW1AM2_20220905_01D_EQMA_L3SGT23HA2220220.h5 (120 bytes)
[DELETE] GW1AM2_20240625_01D_EQMD_L3SGT23HA2220220.h5 (120 bytes)
[DELETE] GW1AM2_20230801_01D_EQMD_L3SGT23HA2220220.h5 (120 bytes)
[DELETE] GW1AM2_20231117_01D_EQMA_L3SGT23HA2220220.h5 (120 bytes)
[DELETE] GW1AM2_20220622_01D_EQMA_L3SGT23HA2220220.h5 (120 bytes)
[DELETE] GW1AM2_20240616_01D_EQMD_L3SGT23HA2220220.h5 (120 bytes)
[DELETE] GW1AM2_20220601_01D_EQMD_L3SGT23HA2220220.h5 (120 bytes)
[DELETE] GW1AM2_20220823_01D_EQMD_L3SGT23HA2220220.h5 (120 bytes)
[DELETE] GW1AM2_20220301_01D_EQMD_L3SGT23HA2220220.h5 (120 bytes)
[DELETE] GW1AM2_20220203_01D_EQMA_L3SGT23HA2220220.h5 (120 bytes)
[DELETE] GW1AM2_20231123_01D_EQMD_L3SGT23HA2220220.h5 (120 bytes)
[DELETE] GW1AM2_20240406_01D_EQMD_L3SGT23HA2220220.h5 (120 bytes)
[DELETE] GW1AM2_20230921_01D_EQMD_L3SGT23HA2220220.h5 (120 bytes)
[DELETE] GW1AM2_20241010_01D_EQMD_L3SGT23HA2220220.h5 (120 bytes)
[DELETE] GW1AM2_20240214_01D_EQMD_L3SGT23HA2220220.h5 (120 bytes)
[DELETE] GW1AM2_20230405_01D_EQMD_L3SGT23HA2220220.h5 (120 bytes)
[DELETE] GW1AM2_20231204_01D_EQMD_L3SGT23HA2220220.h5 (120 bytes)
[DELETE] GW1AM2_20240214_01D_EQMA_L3SGT23HA2220220.h5 (120 bytes)
[DELETE] GW1AM2_20230620_01D_EQMD_L3SGT23HA2220220.h5 (120 bytes)
[DELETE] GW1AM2_20220722_01D_EQMA_L3SGT23HA2220220.h5 (120 bytes)
[DELETE] GW1AM2_20240621_01D_EQMA_L3SGT23HA2220220.h5 (120 bytes)
[DELETE] GW1AM2_20220921_01D_EQMA_L3SGT23HA2220220.h5 (120 bytes)
[DELETE] GW1AM2_20220922_01D_EQMA_L3SGT23HA2220220.h5 (120 bytes)
[DELETE] GW1AM2_20231002_01D_EQMA_L3SGT23HA2220220.h5 (120 bytes)
[DELETE] GW1AM2_20220517_01D_EQMD_L3SGT23HA2220220.h5 (120 bytes)
[DELETE] GW1AM2_20220516_01D_EQMD_L3SGT23HA2220220.h5 (120 bytes)
[DELETE] GW1AM2_20230317_01D_EQMA_L3SGT23HA2220220.h5 (120 bytes)
[DELETE] GW1AM2_20230221_01D_EQMA_L3SGT23HA2220220.h5 (120 bytes)
[DELETE] GW1AM2_20241116_01D_EQMD_L3SGT23HA2220220.h5 (120 bytes)
[DELETE] GW1AM2_20220411_01D_EQMD_L3SGT23HA2220220.h5 (120 bytes)
[DELETE] GW1AM2_20221125_01D_EQMD_L3SGT23HA2220220.h5 (120 bytes)
[DELETE] GW1AM2_20221106_01D_EQMD_L3SGT23HA2220220.h5 (120 bytes)
[DELETE] GW1AM2_20220222_01D_EQMA_L3SGT23HA2220220.h5 (120 bytes)
[DELETE] GW1AM2_20231206_01D_EQMA_L3SGT23HA2220220.h5 (120 bytes)
[DELETE] GW1AM2_20241011_01D_EQMD_L3SGT23HA2220220.h5 (120 bytes)
[DELETE] GW1AM2_20220213_01D_EQMA_L3SGT23HA2220220.h5 (120 bytes)
[DELETE] GW1AM2_20240711_01D_EQMD_L3SGT23HA2220220.h5 (120 bytes)
[DELETE] GW1AM2_20230308_01D_EQMA_L3SGT23HA2220220.h5 (120 bytes)
[DELETE] GW1AM2_20240912_01D_EQMA_L3SGT23HA2220220.h5 (120 bytes)
[DELETE] GW1AM2_20240401_01D_EQMA_L3SGT23HA2220220.h5 (120 bytes)
[DELETE] GW1AM2_20230520_01D_EQMA_L3SGT23HA2220220.h5 (120 bytes)
[DELETE] GW1AM2_20240520_01D_EQMA_L3SGT23HA2220220.h5 (120 bytes)
[DELETE] GW1AM2_20231107_01D_EQMA_L3SGT23HA2220220.h5 (120 bytes)
[DELETE] GW1AM2_20230315_01D_EQMD_L3SGT23HA2220220.h5 (120 bytes)
[DELETE] GW1AM2_20231110_01D_EQMA_L3SGT23HA2220220.h5 (120 bytes)
[DELETE] GW1AM2_20230805_01D_EQMD_L3SGT23HA2220220.h5 (120 bytes)
[DELETE] GW1AM2_20240604_01D_EQMD_L3SGT23HA2220220.h5 (120 bytes)
[DELETE] GW1AM2_20240606_01D_EQMA_L3SGT23HA2220220.h5 (120 bytes)
[DELETE] GW1AM2_20240617_01D_EQMD_L3SGT23HA2220220.h5 (120 bytes)
[DELETE] GW1AM2_20220406_01D_EQMA_L3SGT23HA2220220.h5 (120 bytes)
[DELETE] GW1AM2_20230824_01D_EQMD_L3SGT23HA2220220.h5 (120 bytes)
[DELETE] GW1AM2_20231014_01D_EQMD_L3SGT23HA2220220.h5 (120 bytes)
[DELETE] GW1AM2_20230711_01D_EQMA_L3SGT23HA2220220.h5 (120 bytes)
[DELETE] GW1AM2_20231117_01D_EQMD_L3SGT23HA2220220.h5 (120 bytes)
[DELETE] GW1AM2_20240216_01D_EQMA_L3SGT23HA2220220.h5 (120 bytes)
[DELETE] GW1AM2_20230714_01D_EQMA_L3SGT23HA2220220.h5 (120 bytes)
[DELETE] GW1AM2_20221017_01D_EQMD_L3SGT23HA2220220.h5 (120 bytes)
[DELETE] GW1AM2_20240901_01D_EQMA_L3SGT23HA2220220.h5 (120 bytes)
[DELETE] GW1AM2_20221114_01D_EQMD_L3SGT23HA2220220.h5 (120 bytes)
[DELETE] GW1AM2_20221112_01D_EQMA_L3SGT23HA2220220.h5 (120 bytes)
[DELETE] GW1AM2_20241215_01D_EQMA_L3SGT23HA2220220.h5 (120 bytes)
[DELETE] GW1AM2_20241111_01D_EQMA_L3SGT23HA2220220.h5 (120 bytes)
[DELETE] GW1AM2_20221224_01D_EQMD_L3SGT23HA2220220.h5 (120 bytes)
[DELETE] GW1AM2_20221011_01D_EQMD_L3SGT23HA2220220.h5 (120 bytes)
[DELETE] GW1AM2_20230925_01D_EQMD_L3SGT23HA2220220.h5 (120 bytes)
[DELETE] GW1AM2_20241205_01D_EQMD_L3SGT23HA2220220.h5 (120 bytes)
[DELETE] GW1AM2_20220422_01D_EQMA_L3SGT23HA2220220.h5 (120 bytes)
[DELETE] GW1AM2_20231024_01D_EQMD_L3SGT23HA2220220.h5 (120 bytes)
[DELETE] GW1AM2_20231025_01D_EQMD_L3SGT23HA2220220.h5 (120 bytes)
[DELETE] GW1AM2_20230223_01D_EQMA_L3SGT23HA2220220.h5 (120 bytes)
[DELETE] GW1AM2_20240616_01D_EQMA_L3SGT23HA2220220.h5 (120 bytes)
[DELETE] GW1AM2_20240516_01D_EQMD_L3SGT23HA2220220.h5 (120 bytes)
[DELETE] GW1AM2_20220917_01D_EQMD_L3SGT23HA2220220.h5 (120 bytes)
[DELETE] GW1AM2_20220724_01D_EQMA_L3SGT23HA2220220.h5 (120 bytes)
[DELETE] GW1AM2_20240323_01D_EQMA_L3SGT23HA2220220.h5 (120 bytes)
[DELETE] GW1AM2_20220816_01D_EQMD_L3SGT23HA2220220.h5 (120 bytes)
[DELETE] GW1AM2_20240912_01D_EQMD_L3SGT23HA2220220.h5 (120 bytes)
[DELETE] GW1AM2_20230603_01D_EQMD_L3SGT23HA2220220.h5 (120 bytes)
[DELETE] GW1AM2_20220201_01D_EQMD_L3SGT23HA2220220.h5 (120 bytes)
[DELETE] GW1AM2_20221008_01D_EQMA_L3SGT23HA2220220.h5 (120 bytes)
[DELETE] GW1AM2_20231115_01D_EQMA_L3SGT23HA2220220.h5 (120 bytes)
[DELETE] GW1AM2_20220401_01D_EQMD_L3SGT23HA2220220.h5 (120 bytes)
[DELETE] GW1AM2_20230215_01D_EQMD_L3SGT23HA2220220.h5 (120 bytes)
[DELETE] GW1AM2_20230425_01D_EQMD_L3SGT23HA2220220.h5 (120 bytes)
[DELETE] GW1AM2_20220310_01D_EQMA_L3SGT23HA2220220.h5 (120 bytes)
[DELETE] GW1AM2_20220905_01D_EQMD_L3SGT23HA2220220.h5 (120 bytes)
[DELETE] GW1AM2_20241206_01D_EQMD_L3SGT23HA2220220.h5 (120 bytes)
[DELETE] GW1AM2_20220605_01D_EQMA_L3SGT23HA2220220.h5 (120 bytes)
[DELETE] GW1AM2_20240204_01D_EQMD_L3SGT23HA2220220.h5 (120 bytes)
[DELETE] GW1AM2_20230710_01D_EQMD_L3SGT23HA2220220.h5 (120 bytes)
[DELETE] GW1AM2_20240221_01D_EQMA_L3SGT23HA2220220.h5 (120 bytes)
[DELETE] GW1AM2_20240923_01D_EQMA_L3SGT23HA2220220.h5 (120 bytes)
[DELETE] GW1AM2_20240508_01D_EQMA_L3SGT23HA2220220.h5 (120 bytes)
[DELETE] GW1AM2_20220825_01D_EQMD_L3SGT23HA2220220.h5 (120 bytes)
[DELETE] GW1AM2_20230323_01D_EQMA_L3SGT23HA2220220.h5 (120 bytes)
[DELETE] GW1AM2_20240502_01D_EQMD_L3SGT23HA2220220.h5 (120 bytes)
[DELETE] GW1AM2_20240722_01D_EQMD_L3SGT23HA2220220.h5 (120 bytes)
[DELETE] GW1AM2_20230614_01D_EQMA_L3SGT23HA2220220.h5 (120 bytes)
[DELETE] GW1AM2_20230522_01D_EQMA_L3SGT23HA2220220.h5 (120 bytes)
[DELETE] GW1AM2_20220523_01D_EQMD_L3SGT23HA2220220.h5 (120 bytes)
[DELETE] GW1AM2_20230501_01D_EQMD_L3SGT23HA2220220.h5 (120 bytes)
[DELETE] GW1AM2_20231225_01D_EQMA_L3SGT23HA2220220.h5 (120 bytes)
[DELETE] GW1AM2_20221002_01D_EQMD_L3SGT23HA2220220.h5 (120 bytes)
[DELETE] GW1AM2_20240917_01D_EQMD_L3SGT23HA2220220.h5 (120 bytes)
[DELETE] GW1AM2_20230404_01D_EQMD_L3SGT23HA2220220.h5 (120 bytes)
[DELETE] GW1AM2_20241022_01D_EQMD_L3SGT23HA2220220.h5 (120 bytes)
[DELETE] GW1AM2_20231104_01D_EQMA_L3SGT23HA2220220.h5 (120 bytes)
[DELETE] GW1AM2_20220418_01D_EQMA_L3SGT23HA2220220.h5 (120 bytes)
[DELETE] GW1AM2_20241216_01D_EQMD_L3SGT23HA2220220.h5 (120 bytes)
[DELETE] GW1AM2_20240918_01D_EQMA_L3SGT23HA2220220.h5 (120 bytes)
[DELETE] GW1AM2_20241007_01D_EQMA_L3SGT23HA2220220.h5 (120 bytes)
[DELETE] GW1AM2_20230525_01D_EQMD_L3SGT23HA2220220.h5 (120 bytes)
[DELETE] GW1AM2_20230609_01D_EQMA_L3SGT23HA2220220.h5 (120 bytes)
[DELETE] GW1AM2_20220412_01D_EQMD_L3SGT23HA2220220.h5 (120 bytes)
[DELETE] GW1AM2_20231112_01D_EQMD_L3SGT23HA2220220.h5 (120 bytes)
[DELETE] GW1AM2_20241024_01D_EQMA_L3SGT23HA2220220.h5 (120 bytes)
[DELETE] GW1AM2_20230414_01D_EQMA_L3SGT23HA2220220.h5 (120 bytes)
[DELETE] GW1AM2_20220523_01D_EQMA_L3SGT23HA2220220.h5 (120 bytes)
[DELETE] GW1AM2_20240814_01D_EQMA_L3SGT23HA2220220.h5 (120 bytes)
[DELETE] GW1AM2_20241003_01D_EQMA_L3SGT23HA2220220.h5 (120 bytes)
[DELETE] GW1AM2_20240315_01D_EQMD_L3SGT23HA2220220.h5 (120 bytes)
[DELETE] GW1AM2_20240401_01D_EQMD_L3SGT23HA2220220.h5 (120 bytes)
[DELETE] GW1AM2_20241009_01D_EQMD_L3SGT23HA2220220.h5 (120 bytes)
[DELETE] GW1AM2_20231102_01D_EQMD_L3SGT23HA2220220.h5 (120 bytes)
[DELETE] GW1AM2_20220208_01D_EQMD_L3SGT23HA2220220.h5 (120 bytes)
[DELETE] GW1AM2_20241221_01D_EQMD_L3SGT23HA2220220.h5 (120 bytes)
[DELETE] GW1AM2_20241114_01D_EQMA_L3SGT23HA2220220.h5 (120 bytes)
[DELETE] GW1AM2_20220904_01D_EQMA_L3SGT23HA2220220.h5 (120 bytes)
[DELETE] GW1AM2_20231121_01D_EQMD_L3SGT23HA2220220.h5 (120 bytes)
[DELETE] GW1AM2_20240710_01D_EQMA_L3SGT23HA2220220.h5 (120 bytes)
[DELETE] GW1AM2_20240804_01D_EQMA_L3SGT23HA2220220.h5 (120 bytes)
[DELETE] GW1AM2_20240716_01D_EQMD_L3SGT23HA2220220.h5 (120 bytes)
[DELETE] GW1AM2_20220719_01D_EQMD_L3SGT23HA2220220.h5 (120 bytes)
[DELETE] GW1AM2_20240415_01D_EQMA_L3SGT23HA2220220.h5 (120 bytes)
[DELETE] GW1AM2_20220514_01D_EQMD_L3SGT23HA2220220.h5 (120 bytes)
[DELETE] GW1AM2_20230515_01D_EQMD_L3SGT23HA2220220.h5 (120 bytes)
[DELETE] GW1AM2_20220217_01D_EQMA_L3SGT23HA2220220.h5 (120 bytes)
[DELETE] GW1AM2_20230823_01D_EQMA_L3SGT23HA2220220.h5 (120 bytes)
[DELETE] GW1AM2_20241007_01D_EQMD_L3SGT23HA2220220.h5 (120 bytes)
[DELETE] GW1AM2_20230622_01D_EQMD_L3SGT23HA2220220.h5 (120 bytes)
[DELETE] GW1AM2_20231205_01D_EQMA_L3SGT23HA2220220.h5 (120 bytes)
[DELETE] GW1AM2_20230918_01D_EQMD_L3SGT23HA2220220.h5 (120 bytes)
[DELETE] GW1AM2_20230924_01D_EQMA_L3SGT23HA2220220.h5 (120 bytes)
[DELETE] GW1AM2_20240319_01D_EQMA_L3SGT23HA2220220.h5 (120 bytes)
[DELETE] GW1AM2_20240916_01D_EQMA_L3SGT23HA2220220.h5 (120 bytes)
[DELETE] GW1AM2_20220804_01D_EQMA_L3SGT23HA2220220.h5 (120 bytes)
[DELETE] GW1AM2_20240215_01D_EQMD_L3SGT23HA2220220.h5 (120 bytes)
[DELETE] GW1AM2_20240224_01D_EQMD_L3SGT23HA2220220.h5 (120 bytes)
[DELETE] GW1AM2_20240425_01D_EQMA_L3SGT23HA2220220.h5 (120 bytes)
[DELETE] GW1AM2_20240315_01D_EQMA_L3SGT23HA2220220.h5 (120 bytes)
[DELETE] GW1AM2_20220421_01D_EQMD_L3SGT23HA2220220.h5 (120 bytes)
[DELETE] GW1AM2_20220301_01D_EQMA_L3SGT23HA2220220.h5 (120 bytes)
[DELETE] GW1AM2_20231110_01D_EQMD_L3SGT23HA2220220.h5 (120 bytes)
[DELETE] GW1AM2_20220506_01D_EQMA_L3SGT23HA2220220.h5 (120 bytes)
[DELETE] GW1AM2_20241117_01D_EQMD_L3SGT23HA2220220.h5 (120 bytes)
[DELETE] GW1AM2_20240421_01D_EQMD_L3SGT23HA2220220.h5 (120 bytes)
[DELETE] GW1AM2_20220808_01D_EQMA_L3SGT23HA2220220.h5 (120 bytes)
[DELETE] GW1AM2_20241210_01D_EQMD_L3SGT23HA2220220.h5 (120 bytes)
[DELETE] GW1AM2_20230407_01D_EQMA_L3SGT23HA2220220.h5 (120 bytes)
[DELETE] GW1AM2_20231225_01D_EQMD_L3SGT23HA2220220.h5 (120 bytes)
[DELETE] GW1AM2_20240611_01D_EQMD_L3SGT23HA2220220.h5 (120 bytes)
[DELETE] GW1AM2_20221015_01D_EQMA_L3SGT23HA2220220.h5 (120 bytes)
[DELETE] GW1AM2_20231201_01D_EQMA_L3SGT23HA2220220.h5 (120 bytes)
[DELETE] GW1AM2_20241104_01D_EQMD_L3SGT23HA2220220.h5 (120 bytes)
[DELETE] GW1AM2_20220611_01D_EQMA_L3SGT23HA2220220.h5 (120 bytes)
[DELETE] GW1AM2_20220722_01D_EQMD_L3SGT23HA2220220.h5 (120 bytes)
[DELETE] GW1AM2_20220507_01D_EQMD_L3SGT23HA2220220.h5 (120 bytes)
[DELETE] GW1AM2_20240518_01D_EQMA_L3SGT23HA2220220.h5 (120 bytes)
[DELETE] GW1AM2_20230304_01D_EQMD_L3SGT23HA2220220.h5 (120 bytes)
[DELETE] GW1AM2_20230324_01D_EQMA_L3SGT23HA2220220.h5 (120 bytes)
[DELETE] GW1AM2_20240210_01D_EQMD_L3SGT23HA2220220.h5 (120 bytes)
[DELETE] GW1AM2_20220624_01D_EQMD_L3SGT23HA2220220.h5 (120 bytes)
[DELETE] GW1AM2_20240212_01D_EQMD_L3SGT23HA2220220.h5 (120 bytes)
[DELETE] GW1AM2_20231223_01D_EQMD_L3SGT23HA2220220.h5 (120 bytes)
[DELETE] GW1AM2_20220923_01D_EQMD_L3SGT23HA2220220.h5 (120 bytes)
[DELETE] GW1AM2_20221123_01D_EQMA_L3SGT23HA2220220.h5 (120 bytes)
[DELETE] GW1AM2_20240204_01D_EQMA_L3SGT23HA2220220.h5 (120 bytes)
[DELETE] GW1AM2_20230817_01D_EQMD_L3SGT23HA2220220.h5 (120 bytes)
[DELETE] GW1AM2_20231106_01D_EQMA_L3SGT23HA2220220.h5 (120 bytes)
[DELETE] GW1AM2_20220323_01D_EQMA_L3SGT23HA2220220.h5 (120 bytes)
[DELETE] GW1AM2_20241124_01D_EQMA_L3SGT23HA2220220.h5 (120 bytes)
[DELETE] GW1AM2_20230711_01D_EQMD_L3SGT23HA2220220.h5 (120 bytes)
[DELETE] GW1AM2_20220901_01D_EQMD_L3SGT23HA2220220.h5 (120 bytes)
[DELETE] GW1AM2_20240915_01D_EQMA_L3SGT23HA2220220.h5 (120 bytes)
[DELETE] GW1AM2_20240309_01D_EQMD_L3SGT23HA2220220.h5 (120 bytes)
[DELETE] GW1AM2_20221115_01D_EQMD_L3SGT23HA2220220.h5 (120 bytes)
[DELETE] GW1AM2_20220918_01D_EQMA_L3SGT23HA2220220.h5 (120 bytes)
[DELETE] GW1AM2_20220224_01D_EQMD_L3SGT23HA2220220.h5 (120 bytes)
[DELETE] GW1AM2_20231116_01D_EQMD_L3SGT23HA2220220.h5 (120 bytes)
[DELETE] GW1AM2_20220815_01D_EQMD_L3SGT23HA2220220.h5 (120 bytes)
[DELETE] GW1AM2_20220617_01D_EQMA_L3SGT23HA2220220.h5 (120 bytes)
[DELETE] GW1AM2_20240423_01D_EQMA_L3SGT23HA2220220.h5 (120 bytes)
[DELETE] GW1AM2_20220711_01D_EQMA_L3SGT23HA2220220.h5 (120 bytes)
[DELETE] GW1AM2_20221115_01D_EQMA_L3SGT23HA2220220.h5 (120 bytes)
[DELETE] GW1AM2_20240721_01D_EQMD_L3SGT23HA2220220.h5 (120 bytes)
[DELETE] GW1AM2_20240823_01D_EQMA_L3SGT23HA2220220.h5 (120 bytes)
[DELETE] GW1AM2_20241015_01D_EQMA_L3SGT23HA2220220.h5 (120 bytes)
[DELETE] GW1AM2_20230223_01D_EQMD_L3SGT23HA2220220.h5 (120 bytes)
[DELETE] GW1AM2_20241008_01D_EQMA_L3SGT23HA2220220.h5 (120 bytes)
[DELETE] GW1AM2_20221221_01D_EQMA_L3SGT23HA2220220.h5 (120 bytes)
[DELETE] GW1AM2_20230322_01D_EQMD_L3SGT23HA2220220.h5 (120 bytes)
[DELETE] GW1AM2_20231211_01D_EQMA_L3SGT23HA2220220.h5 (120 bytes)
[DELETE] GW1AM2_20240610_01D_EQMA_L3SGT23HA2220220.h5 (120 bytes)
[DELETE] GW1AM2_20230420_01D_EQMD_L3SGT23HA2220220.h5 (120 bytes)
[DELETE] GW1AM2_20220723_01D_EQMA_L3SGT23HA2220220.h5 (120 bytes)
[DELETE] GW1AM2_20240816_01D_EQMD_L3SGT23HA2220220.h5 (120 bytes)
[DELETE] GW1AM2_20220306_01D_EQMA_L3SGT23HA2220220.h5 (120 bytes)
[DELETE] GW1AM2_20221114_01D_EQMA_L3SGT23HA2220220.h5 (120 bytes)
[DELETE] GW1AM2_20220817_01D_EQMD_L3SGT23HA2220220.h5 (120 bytes)
[DELETE] GW1AM2_20230401_01D_EQMA_L3SGT23HA2220220.h5 (120 bytes)
[DELETE] GW1AM2_20221122_01D_EQMD_L3SGT23HA2220220.h5 (120 bytes)
[DELETE] GW1AM2_20231203_01D_EQMD_L3SGT23HA2220220.h5 (120 bytes)
[DELETE] GW1AM2_20240720_01D_EQMD_L3SGT23HA2220220.h5 (120 bytes)
[DELETE] GW1AM2_20231023_01D_EQMD_L3SGT23HA2220220.h5 (120 bytes)
[DELETE] GW1AM2_20220710_01D_EQMA_L3SGT23HA2220220.h5 (120 bytes)
[DELETE] GW1AM2_20221103_01D_EQMA_L3SGT23HA2220220.h5 (120 bytes)
[DELETE] GW1AM2_20220616_01D_EQMA_L3SGT23HA2220220.h5 (120 bytes)
[DELETE] GW1AM2_20240217_01D_EQMA_L3SGT23HA2220220.h5 (120 bytes)
[DELETE] GW1AM2_20230415_01D_EQMD_L3SGT23HA2220220.h5 (120 bytes)
[DELETE] GW1AM2_20220615_01D_EQMA_L3SGT23HA2220220.h5 (120 bytes)
[DELETE] GW1AM2_20230325_01D_EQMA_L3SGT23HA2220220.h5 (120 bytes)
[DELETE] GW1AM2_20220714_01D_EQMD_L3SGT23HA2220220.h5 (120 bytes)
[DELETE] GW1AM2_20240414_01D_EQMA_L3SGT23HA2220220.h5 (120 bytes)
[DELETE] GW1AM2_20241125_01D_EQMA_L3SGT23HA2220220.h5 (120 bytes)
[DELETE] GW1AM2_20230406_01D_EQMD_L3SGT23HA2220220.h5 (120 bytes)
[DELETE] GW1AM2_20240925_01D_EQMD_L3SGT23HA2220220.h5 (120 bytes)
[DELETE] GW1AM2_20231221_01D_EQMA_L3SGT23HA2220220.h5 (120 bytes)
[DELETE] GW1AM2_20220517_01D_EQMA_L3SGT23HA2220220.h5 (120 bytes)
[DELETE] GW1AM2_20221105_01D_EQMD_L3SGT23HA2220220.h5 (120 bytes)
[DELETE] GW1AM2_20240311_01D_EQMA_L3SGT23HA2220220.h5 (120 bytes)
[DELETE] GW1AM2_20240921_01D_EQMA_L3SGT23HA2220220.h5 (120 bytes)
[DELETE] GW1AM2_20240513_01D_EQMA_L3SGT23HA2220220.h5 (120 bytes)
[DELETE] GW1AM2_20240607_01D_EQMA_L3SGT23HA2220220.h5 (120 bytes)
[DELETE] GW1AM2_20220924_01D_EQMD_L3SGT23HA2220220.h5 (120 bytes)
[DELETE] GW1AM2_20241201_01D_EQMA_L3SGT23HA2220220.h5 (120 bytes)
[DELETE] GW1AM2_20230607_01D_EQMA_L3SGT23HA2220220.h5 (120 bytes)
[DELETE] GW1AM2_20231015_01D_EQMA_L3SGT23HA2220220.h5 (120 bytes)
[DELETE] GW1AM2_20230421_01D_EQMD_L3SGT23HA2220220.h5 (120 bytes)
[DELETE] GW1AM2_20230218_01D_EQMD_L3SGT23HA2220220.h5 (120 bytes)
[DELETE] GW1AM2_20241006_01D_EQMA_L3SGT23HA2220220.h5 (120 bytes)
[DELETE] GW1AM2_20221201_01D_EQMD_L3SGT23HA2220220.h5 (120 bytes)
[DELETE] GW1AM2_20230204_01D_EQMA_L3SGT23HA2220220.h5 (120 bytes)
[DELETE] GW1AM2_20221124_01D_EQMD_L3SGT23HA2220220.h5 (120 bytes)
[DELETE] GW1AM2_20220214_01D_EQMA_L3SGT23HA2220220.h5 (120 bytes)
[DELETE] GW1AM2_20221205_01D_EQMA_L3SGT23HA2220220.h5 (120 bytes)
[DELETE] GW1AM2_20240914_01D_EQMA_L3SGT23HA2220220.h5 (120 bytes)
[DELETE] GW1AM2_20221018_01D_EQMD_L3SGT23HA2220220.h5 (120 bytes)
[DELETE] GW1AM2_20220407_01D_EQMA_L3SGT23HA2220220.h5 (120 bytes)
[DELETE] GW1AM2_20241101_01D_EQMA_L3SGT23HA2220220.h5 (120 bytes)
[DELETE] GW1AM2_20240221_01D_EQMD_L3SGT23HA2220220.h5 (120 bytes)
[DELETE] GW1AM2_20240211_01D_EQMA_L3SGT23HA2220220.h5 (120 bytes)
[DELETE] GW1AM2_20220720_01D_EQMA_L3SGT23HA2220220.h5 (120 bytes)
[DELETE] GW1AM2_20230207_01D_EQMA_L3SGT23HA2220220.h5 (120 bytes)
[DELETE] GW1AM2_20220420_01D_EQMA_L3SGT23HA2220220.h5 (120 bytes)
[DELETE] GW1AM2_20220721_01D_EQMD_L3SGT23HA2220220.h5 (120 bytes)
[DELETE] GW1AM2_20220504_01D_EQMD_L3SGT23HA2220220.h5 (120 bytes)
[DELETE] GW1AM2_20241222_01D_EQMA_L3SGT23HA2220220.h5 (120 bytes)
[DELETE] GW1AM2_20241019_01D_EQMA_L3SGT23HA2220220.h5 (120 bytes)
[DELETE] GW1AM2_20240321_01D_EQMA_L3SGT23HA2220220.h5 (120 bytes)
[DELETE] GW1AM2_20241005_01D_EQMD_L3SGT23HA2220220.h5 (120 bytes)
[DELETE] GW1AM2_20230921_01D_EQMA_L3SGT23HA2220220.h5 (120 bytes)
[DELETE] GW1AM2_20240924_01D_EQMD_L3SGT23HA2220220.h5 (120 bytes)
[DELETE] GW1AM2_20220425_01D_EQMA_L3SGT23HA2220220.h5 (120 bytes)
[DELETE] GW1AM2_20240907_01D_EQMA_L3SGT23HA2220220.h5 (120 bytes)
[DELETE] GW1AM2_20221025_01D_EQMD_L3SGT23HA2220220.h5 (120 bytes)
[DELETE] GW1AM2_20231001_01D_EQMD_L3SGT23HA2220220.h5 (120 bytes)
[DELETE] GW1AM2_20230702_01D_EQMA_L3SGT89HA2220220.h5 (120 bytes)
[DELETE] GW1AM2_20220908_01D_EQMD_L3SGT89HA2220220.h5 (120 bytes)
[DELETE] GW1AM2_20230913_01D_EQMD_L3SGT89HA2220220.h5 (120 bytes)
[DELETE] GW1AM2_20210908_01D_EQMD_L3SGT89HA2220220.h5 (120 bytes)
[DELETE] GW1AM2_20230619_01D_EQMD_L3SGT89HA2220220.h5 (120 bytes)
[DELETE] GW1AM2_20210718_01D_EQMA_L3SGT89HA2220220.h5 (120 bytes)
[DELETE] GW1AM2_20220512_01D_EQMD_L3SGT89HA2220220.h5 (120 bytes)
[DELETE] GW1AM2_20230719_01D_EQMA_L3SGT89HA2220220.h5 (120 bytes)
[DELETE] GW1AM2_20230918_01D_EQMD_L3SGT89HA2220220.h5 (120 bytes)
[DELETE] GW1AM2_20210519_01D_EQMA_L3SGT89HA2220220.h5 (120 bytes)
[DELETE] GW1AM2_20241108_01D_EQMD_L3SGT89HA2220220.h5 (120 bytes)
[DELETE] GW1AM2_20240902_01D_EQMD_L3SGT89HA2220220.h5 (120 bytes)
[DELETE] GW1AM2_20220602_01D_EQMA_L3SGT89HA2220220.h5 (120 bytes)
[DELETE] GW1AM2_20220418_01D_EQMA_L3SGT89HA2220220.h5 (120 bytes)
[DELETE] GW1AM2_20220508_01D_EQMA_L3SGT89HA2220220.h5 (120 bytes)
[DELETE] GW1AM2_20230608_01D_EQMA_L3SGT89HA2220220.h5 (120 bytes)
[DELETE] GW1AM2_20240202_01D_EQMD_L3SGT89HA2220220.h5 (120 bytes)
[DELETE] GW1AM2_20230819_01D_EQMD_L3SGT89HA2220220.h5 (120 bytes)
[DELETE] GW1AM2_20200713_01D_EQMD_L3SGT89HA2220220.h5 (120 bytes)
[DELETE] GW1AM2_20210502_01D_EQMD_L3SGT89HA2220220.h5 (120 bytes)
[DELETE] GW1AM2_20200608_01D_EQMD_L3SGT89HA2220220.h5 (120 bytes)
[DELETE] GW1AM2_20240703_01D_EQMD_L3SGT89HA2220220.h5 (120 bytes)
[DELETE] GW1AM2_20211012_01D_EQMD_L3SGT89HA2220220.h5 (120 bytes)
[DELETE] GW1AM2_20241129_01D_EQMD_L3SGT89HA2220220.h5 (120 bytes)
[DELETE] GW1AM2_20210609_01D_EQMA_L3SGT89HA2220220.h5 (120 bytes)
[DELETE] GW1AM2_20200209_01D_EQMA_L3SGT89HA2220220.h5 (120 bytes)
[DELETE] GW1AM2_20240402_01D_EQMD_L3SGT89HA2220220.h5 (120 bytes)
[DELETE] GW1AM2_20230712_01D_EQMA_L3SGT89HA2220220.h5 (120 bytes)
[DELETE] GW1AM2_20240812_01D_EQMA_L3SGT89HA2220220.h5 (120 bytes)
[DELETE] GW1AM2_20220808_01D_EQMA_L3SGT89HA2220220.h5 (120 bytes)
[DELETE] GW1AM2_20200419_01D_EQMD_L3SGT89HA2220220.h5 (120 bytes)
[DELETE] GW1AM2_20240213_01D_EQMD_L3SGT89HA2220220.h5 (120 bytes)
[DELETE] GW1AM2_20231203_01D_EQMA_L3SGT89HA2220220.h5 (120 bytes)
[DELETE] GW1AM2_20201109_01D_EQMD_L3SGT89HA2220220.h5 (120 bytes)
[DELETE] GW1AM2_20210902_01D_EQMD_L3SGT89HA2220220.h5 (120 bytes)
[DELETE] GW1AM2_20241208_01D_EQMD_L3SGT89HA2220220.h5 (120 bytes)
[DELETE] GW1AM2_20231103_01D_EQMD_L3SGT89HA2220220.h5 (120 bytes)
[DELETE] GW1AM2_20201108_01D_EQMD_L3SGT89HA2220220.h5 (120 bytes)
[DELETE] GW1AM2_20220708_01D_EQMA_L3SGT89HA2220220.h5 (120 bytes)
[DELETE] GW1AM2_20220313_01D_EQMA_L3SGT89HA2220220.h5 (120 bytes)
[DELETE] GW1AM2_20240809_01D_EQMA_L3SGT89HA2220220.h5 (120 bytes)
[DELETE] GW1AM2_20210319_01D_EQMD_L3SGT89HA2220220.h5 (120 bytes)
[DELETE] GW1AM2_20221109_01D_EQMD_L3SGT89HA2220220.h5 (120 bytes)
[DELETE] GW1AM2_20240909_01D_EQMD_L3SGT89HA2220220.h5 (120 bytes)
[DELETE] GW1AM2_20200903_01D_EQMD_L3SGT89HA2220220.h5 (120 bytes)
[DELETE] GW1AM2_20201102_01D_EQMD_L3SGT89HA2220220.h5 (120 bytes)
[DELETE] GW1AM2_20210819_01D_EQMD_L3SGT89HA2220220.h5 (120 bytes)
[DELETE] GW1AM2_20200209_01D_EQMD_L3SGT89HA2220220.h5 (120 bytes)
[DELETE] GW1AM2_20200812_01D_EQMA_L3SGT89HA2220220.h5 (120 bytes)
[DELETE] GW1AM2_20240919_01D_EQMA_L3SGT89HA2220220.h5 (120 bytes)
[DELETE] GW1AM2_20240718_01D_EQMD_L3SGT89HA2220220.h5 (120 bytes)
[DELETE] GW1AM2_20230512_01D_EQMA_L3SGT89HA2220220.h5 (120 bytes)
[DELETE] GW1AM2_20220818_01D_EQMD_L3SGT89HA2220220.h5 (120 bytes)
[DELETE] GW1AM2_20221103_01D_EQMD_L3SGT89HA2220220.h5 (120 bytes)
[DELETE] GW1AM2_20201008_01D_EQMD_L3SGT89HA2220220.h5 (120 bytes)
[DELETE] GW1AM2_20220308_01D_EQMD_L3SGT89HA2220220.h5 (120 bytes)
[DELETE] GW1AM2_20241112_01D_EQMD_L3SGT89HA2220220.h5 (120 bytes)
[DELETE] GW1AM2_20230818_01D_EQMA_L3SGT89HA2220220.h5 (120 bytes)
[DELETE] GW1AM2_20230209_01D_EQMA_L3SGT89HA2220220.h5 (120 bytes)
[DELETE] GW1AM2_20200212_01D_EQMD_L3SGT89HA2220220.h5 (120 bytes)
[DELETE] GW1AM2_20230208_01D_EQMD_L3SGT89HA2220220.h5 (120 bytes)
[DELETE] GW1AM2_20240702_01D_EQMA_L3SGT89HA2220220.h5 (120 bytes)
[DELETE] GW1AM2_20210708_01D_EQMA_L3SGT89HA2220220.h5 (120 bytes)
[DELETE] GW1AM2_20240309_01D_EQMA_L3SGT89HA2220220.h5 (120 bytes)
[DELETE] GW1AM2_20220903_01D_EQMD_L3SGT89HA2220220.h5 (120 bytes)
[DELETE] GW1AM2_20200708_01D_EQMA_L3SGT89HA2220220.h5 (120 bytes)
[DELETE] GW1AM2_20211113_01D_EQMD_L3SGT89HA2220220.h5 (120 bytes)
[DELETE] GW1AM2_20221102_01D_EQMA_L3SGT89HA2220220.h5 (120 bytes)
[DELETE] GW1AM2_20221202_01D_EQMA_L3SGT89HA2220220.h5 (120 bytes)
[DELETE] GW1AM2_20221209_01D_EQMD_L3SGT89HA2220220.h5 (120 bytes)
[DELETE] GW1AM2_20210709_01D_EQMA_L3SGT89HA2220220.h5 (120 bytes)
[DELETE] GW1AM2_20200908_01D_EQMA_L3SGT89HA2220220.h5 (120 bytes)
[DELETE] GW1AM2_20231118_01D_EQMA_L3SGT89HA2220220.h5 (120 bytes)
[DELETE] GW1AM2_20240718_01D_EQMA_L3SGT89HA2220220.h5 (120 bytes)
[DELETE] GW1AM2_20211013_01D_EQMA_L3SGT89HA2220220.h5 (120 bytes)
[DELETE] GW1AM2_20200909_01D_EQMD_L3SGT89HA2220220.h5 (120 bytes)
[DELETE] GW1AM2_20200408_01D_EQMA_L3SGT89HA2220220.h5 (120 bytes)
[DELETE] GW1AM2_20241212_01D_EQMD_L3SGT89HA2220220.h5 (120 bytes)
[DELETE] GW1AM2_20231119_01D_EQMD_L3SGT89HA2220220.h5 (120 bytes)
[DELETE] GW1AM2_20230413_01D_EQMA_L3SGT89HA2220220.h5 (120 bytes)
[DELETE] GW1AM2_20230808_01D_EQMD_L3SGT89HA2220220.h5 (120 bytes)
[DELETE] GW1AM2_20211112_01D_EQMD_L3SGT89HA2220220.h5 (120 bytes)
[DELETE] GW1AM2_20201003_01D_EQMD_L3SGT89HA2220220.h5 (120 bytes)
[DELETE] GW1AM2_20200803_01D_EQMA_L3SGT89HA2220220.h5 (120 bytes)
[DELETE] GW1AM2_20230318_01D_EQMD_L3SGT89HA2220220.h5 (120 bytes)
[DELETE] GW1AM2_20220609_01D_EQMA_L3SGT89HA2220220.h5 (120 bytes)
[DELETE] GW1AM2_20210209_01D_EQMA_L3SGT89HA2220220.h5 (120 bytes)
[DELETE] GW1AM2_20221122_01D_EQMD_L3SGT89HA2220220.h5 (120 bytes)
[DELETE] GW1AM2_20231217_01D_EQMA_L3SGT89HA2220220.h5 (120 bytes)
[DELETE] GW1AM2_20230614_01D_EQMD_L3SGT89HA2220220.h5 (120 bytes)
[DELETE] GW1AM2_20240506_01D_EQMD_L3SGT89HA2220220.h5 (120 bytes)
[DELETE] GW1AM2_20240315_01D_EQMA_L3SGT89HA2220220.h5 (120 bytes)
[DELETE] GW1AM2_20231121_01D_EQMA_L3SGT89HA2220220.h5 (120 bytes)
[DELETE] GW1AM2_20210202_01D_EQMA_L3SGT89HA2220220.h5 (120 bytes)
[DELETE] GW1AM2_20230304_01D_EQMD_L3SGT89HA2220220.h5 (120 bytes)
[DELETE] GW1AM2_20230821_01D_EQMD_L3SGT89HA2220220.h5 (120 bytes)
[DELETE] GW1AM2_20210818_01D_EQMA_L3SGT89HA2220220.h5 (120 bytes)
[DELETE] GW1AM2_20210208_01D_EQMD_L3SGT89HA2220220.h5 (120 bytes)
[DELETE] GW1AM2_20200412_01D_EQMA_L3SGT89HA2220220.h5 (120 bytes)
[DELETE] GW1AM2_20200508_01D_EQMD_L3SGT89HA2220220.h5 (120 bytes)
[DELETE] GW1AM2_20220610_01D_EQMD_L3SGT89HA2220220.h5 (120 bytes)
[DELETE] GW1AM2_20200406_01D_EQMD_L3SGT89HA2220220.h5 (120 bytes)
[DELETE] GW1AM2_20241012_01D_EQMA_L3SGT89HA2220220.h5 (120 bytes)
[DELETE] GW1AM2_20210715_01D_EQMA_L3SGT89HA2220220.h5 (120 bytes)
[DELETE] GW1AM2_20210613_01D_EQMD_L3SGT89HA2220220.h5 (120 bytes)
[DELETE] GW1AM2_20240701_01D_EQMD_L3SGT89HA2220220.h5 (120 bytes)
[DELETE] GW1AM2_20241023_01D_EQMA_L3SGT89HA2220220.h5 (120 bytes)
[DELETE] GW1AM2_20241005_01D_EQMD_L3SGT89HA2220220.h5 (120 bytes)
[DELETE] GW1AM2_20230710_01D_EQMD_L3SGT89HA2220220.h5 (120 bytes)
[DELETE] GW1AM2_20201208_01D_EQMA_L3SGT89HA2220220.h5 (120 bytes)
[DELETE] GW1AM2_20240214_01D_EQMA_L3SGT89HA2220220.h5 (120 bytes)
[DELETE] GW1AM2_20220905_01D_EQMD_L3SGT89HA2220220.h5 (120 bytes)
[DELETE] GW1AM2_20201212_01D_EQMD_L3SGT89HA2220220.h5 (120 bytes)
[DELETE] GW1AM2_20210423_01D_EQMD_L3SGT89HA2220220.h5 (120 bytes)
[DELETE] GW1AM2_20220219_01D_EQMD_L3SGT89HA2220220.h5 (120 bytes)
[DELETE] GW1AM2_20230512_01D_EQMD_L3SGT89HA2220220.h5 (120 bytes)
[DELETE] GW1AM2_20210922_01D_EQMD_L3SGT89HA2220220.h5 (120 bytes)
[DELETE] GW1AM2_20201209_01D_EQMA_L3SGT89HA2220220.h5 (120 bytes)
[DELETE] GW1AM2_20210305_01D_EQMA_L3SGT89HA2220220.h5 (120 bytes)
[DELETE] GW1AM2_20220811_01D_EQMD_L3SGT89HA2220220.h5 (120 bytes)
[DELETE] GW1AM2_20230804_01D_EQMD_L3SGT89HA2220220.h5 (120 bytes)
[DELETE] GW1AM2_20241216_01D_EQMD_L3SGT89HA2220220.h5 (120 bytes)
[DELETE] GW1AM2_20200709_01D_EQMD_L3SGT89HA2220220.h5 (120 bytes)
[DELETE] GW1AM2_20230311_01D_EQMD_L3SGT89HA2220220.h5 (120 bytes)
[DELETE] GW1AM2_20220624_01D_EQMA_L3SGT89HA2220220.h5 (120 bytes)
[DELETE] GW1AM2_20241205_01D_EQMA_L3SGT89HA2220220.h5 (120 bytes)
[DELETE] GW1AM2_20210515_01D_EQMA_L3SGT89HA2220220.h5 (120 bytes)
[DELETE] GW1AM2_20210414_01D_EQMD_L3SGT89HA2220220.h5 (120 bytes)
[DELETE] GW1AM2_20240713_01D_EQMD_L3SGT89HA2220220.h5 (120 bytes)
[DELETE] GW1AM2_20230901_01D_EQMD_L3SGT89HA2220220.h5 (120 bytes)
[DELETE] GW1AM2_20211015_01D_EQMD_L3SGT89HA2220220.h5 (120 bytes)
[DELETE] GW1AM2_20210306_01D_EQMD_L3SGT89HA2220220.h5 (120 bytes)
[DELETE] GW1AM2_20200703_01D_EQMA_L3SGT89HA2220220.h5 (120 bytes)
[DELETE] GW1AM2_20210324_01D_EQMD_L3SGT89HA2220220.h5 (120 bytes)
[DELETE] GW1AM2_20230518_01D_EQMA_L3SGT89HA2220220.h5 (120 bytes)
[DELETE] GW1AM2_20240613_01D_EQMA_L3SGT89HA2220220.h5 (120 bytes)
[DELETE] GW1AM2_20240619_01D_EQMD_L3SGT89HA2220220.h5 (120 bytes)
[DELETE] GW1AM2_20211025_01D_EQMA_L3SGT89HA2220220.h5 (120 bytes)
[DELETE] GW1AM2_20220213_01D_EQMA_L3SGT89HA2220220.h5 (120 bytes)
[DELETE] GW1AM2_20221124_01D_EQMA_L3SGT89HA2220220.h5 (120 bytes)
[DELETE] GW1AM2_20201218_01D_EQMA_L3SGT89HA2220220.h5 (120 bytes)
[DELETE] GW1AM2_20230617_01D_EQMA_L3SGT89HA2220220.h5 (120 bytes)
[DELETE] GW1AM2_20201202_01D_EQMD_L3SGT89HA2220220.h5 (120 bytes)
[DELETE] GW1AM2_20210311_01D_EQMA_L3SGT89HA2220220.h5 (120 bytes)
[DELETE] GW1AM2_20201203_01D_EQMD_L3SGT89HA2220220.h5 (120 bytes)
[DELETE] GW1AM2_20240215_01D_EQMD_L3SGT89HA2220220.h5 (120 bytes)
[DELETE] GW1AM2_20240719_01D_EQMA_L3SGT89HA2220220.h5 (120 bytes)
[DELETE] GW1AM2_20211111_01D_EQMA_L3SGT89HA2220220.h5 (120 bytes)
[DELETE] GW1AM2_20210619_01D_EQMA_L3SGT89HA2220220.h5 (120 bytes)
[DELETE] GW1AM2_20201208_01D_EQMD_L3SGT89HA2220220.h5 (120 bytes)
[DELETE] GW1AM2_20231221_01D_EQMD_L3SGT89HA2220220.h5 (120 bytes)
[DELETE] GW1AM2_20200620_01D_EQMD_L3SGT89HA2220220.h5 (120 bytes)
[DELETE] GW1AM2_20200422_01D_EQMD_L3SGT89HA2220220.h5 (120 bytes)
[DELETE] GW1AM2_20240311_01D_EQMD_L3SGT89HA2220220.h5 (120 bytes)
[DELETE] GW1AM2_20201210_01D_EQMD_L3SGT89HA2220220.h5 (120 bytes)
[DELETE] GW1AM2_20241018_01D_EQMD_L3SGT89HA2220220.h5 (120 bytes)
[DELETE] GW1AM2_20201202_01D_EQMA_L3SGT89HA2220220.h5 (120 bytes)
[DELETE] GW1AM2_20220518_01D_EQMD_L3SGT89HA2220220.h5 (120 bytes)
[DELETE] GW1AM2_20210621_01D_EQMD_L3SGT89HA2220220.h5 (120 bytes)
[DELETE] GW1AM2_20230815_01D_EQMA_L3SGT89HA2220220.h5 (120 bytes)
[DELETE] GW1AM2_20200424_01D_EQMD_L3SGT89HA2220220.h5 (120 bytes)
[DELETE] GW1AM2_20240212_01D_EQMA_L3SGT89HA2220220.h5 (120 bytes)
[DELETE] GW1AM2_20230508_01D_EQMA_L3SGT89HA2220220.h5 (120 bytes)
[DELETE] GW1AM2_20220417_01D_EQMA_L3SGT89HA2220220.h5 (120 bytes)
[DELETE] GW1AM2_20221105_01D_EQMA_L3SGT89HA2220220.h5 (120 bytes)
[DELETE] GW1AM2_20221204_01D_EQMD_L3SGT89HA2220220.h5 (120 bytes)
[DELETE] GW1AM2_20220921_01D_EQMA_L3SGT89HA2220220.h5 (120 bytes)
[DELETE] GW1AM2_20220411_01D_EQMD_L3SGT89HA2220220.h5 (120 bytes)
[DELETE] GW1AM2_20230709_01D_EQMA_L3SGT89HA2220220.h5 (120 bytes)
[DELETE] GW1AM2_20210207_01D_EQMD_L3SGT89HA2220220.h5 (120 bytes)
[DELETE] GW1AM2_20230403_01D_EQMA_L3SGT89HA2220220.h5 (120 bytes)
[DELETE] GW1AM2_20230405_01D_EQMA_L3SGT89HA2220220.h5 (120 bytes)
[DELETE] GW1AM2_20201119_01D_EQMD_L3SGT89HA2220220.h5 (120 bytes)
[DELETE] GW1AM2_20230704_01D_EQMA_L3SGT89HA2220220.h5 (120 bytes)
[DELETE] GW1AM2_20200912_01D_EQMD_L3SGT89HA2220220.h5 (120 bytes)
[DELETE] GW1AM2_20200402_01D_EQMA_L3SGT89HA2220220.h5 (120 bytes)
[DELETE] GW1AM2_20200321_01D_EQMA_L3SGT89HA2220220.h5 (120 bytes)
[DELETE] GW1AM2_20220604_01D_EQMA_L3SGT89HA2220220.h5 (120 bytes)
[DELETE] GW1AM2_20230523_01D_EQMD_L3SGT89HA2220220.h5 (120 bytes)
[DELETE] GW1AM2_20230912_01D_EQMD_L3SGT89HA2220220.h5 (120 bytes)
[DELETE] GW1AM2_20231206_01D_EQMD_L3SGT89HA2220220.h5 (120 bytes)
[DELETE] GW1AM2_20240703_01D_EQMA_L3SGT89HA2220220.h5 (120 bytes)
[DELETE] GW1AM2_20240709_01D_EQMD_L3SGT89HA2220220.h5 (120 bytes)
[DELETE] GW1AM2_20230409_01D_EQMD_L3SGT89HA2220220.h5 (120 bytes)
[DELETE] GW1AM2_20201113_01D_EQMA_L3SGT89HA2220220.h5 (120 bytes)
[DELETE] GW1AM2_20230502_01D_EQMD_L3SGT89HA2220220.h5 (120 bytes)
[DELETE] GW1AM2_20200918_01D_EQMA_L3SGT89HA2220220.h5 (120 bytes)
[DELETE] GW1AM2_20240218_01D_EQMD_L3SGT89HA2220220.h5 (120 bytes)
[DELETE] GW1AM2_20230918_01D_EQMA_L3SGT89HA2220220.h5 (120 bytes)
[DELETE] GW1AM2_20200408_01D_EQMD_L3SGT89HA2220220.h5 (120 bytes)
[DELETE] GW1AM2_20230703_01D_EQMD_L3SGT89HA2220220.h5 (120 bytes)
[DELETE] GW1AM2_20200713_01D_EQMA_L3SGT89HA2220220.h5 (120 bytes)
[DELETE] GW1AM2_20210920_01D_EQMD_L3SGT89HA2220220.h5 (120 bytes)
[DELETE] GW1AM2_20230208_01D_EQMA_L3SGT89HA2220220.h5 (120 bytes)
[DELETE] GW1AM2_20241014_01D_EQMD_L3SGT89HA2220220.h5 (120 bytes)
[DELETE] GW1AM2_20210504_01D_EQMD_L3SGT89HA2220220.h5 (120 bytes)
[DELETE] GW1AM2_20240519_01D_EQMA_L3SGT89HA2220220.h5 (120 bytes)
[DELETE] GW1AM2_20201217_01D_EQMD_L3SGT89HA2220220.h5 (120 bytes)
[DELETE] GW1AM2_20210825_01D_EQMD_L3SGT89HA2220220.h5 (120 bytes)
[DELETE] GW1AM2_20220411_01D_EQMA_L3SGT89HA2220220.h5 (120 bytes)
[DELETE] GW1AM2_20200717_01D_EQMA_L3SGT89HA2220220.h5 (120 bytes)
[DELETE] GW1AM2_20210521_01D_EQMD_L3SGT89HA2220220.h5 (120 bytes)
[DELETE] GW1AM2_20240514_01D_EQMA_L3SGT89HA2220220.h5 (120 bytes)
[DELETE] GW1AM2_20210417_01D_EQMA_L3SGT89HA2220220.h5 (120 bytes)
[DELETE] GW1AM2_20220515_01D_EQMD_L3SGT89HA2220220.h5 (120 bytes)
[DELETE] GW1AM2_20210406_01D_EQMA_L3SGT89HA2220220.h5 (120 bytes)
[DELETE] GW1AM2_20211113_01D_EQMA_L3SGT89HA2220220.h5 (120 bytes)
[DELETE] GW1AM2_20220406_01D_EQMA_L3SGT89HA2220220.h5 (120 bytes)
[DELETE] GW1AM2_20231211_01D_EQMD_L3SGT89HA2220220.h5 (120 bytes)
[DELETE] GW1AM2_20201213_01D_EQMD_L3SGT89HA2220220.h5 (120 bytes)
[DELETE] GW1AM2_20240424_01D_EQMD_L3SGT89HA2220220.h5 (120 bytes)
[DELETE] GW1AM2_20221113_01D_EQMA_L3SGT89HA2220220.h5 (120 bytes)
[DELETE] GW1AM2_20200212_01D_EQMA_L3SGT89HA2220220.h5 (120 bytes)
[DELETE] GW1AM2_20200621_01D_EQMA_L3SGT89HA2220220.h5 (120 bytes)
[DELETE] GW1AM2_20201209_01D_EQMD_L3SGT89HA2220220.h5 (120 bytes)
[DELETE] GW1AM2_20211019_01D_EQMA_L3SGT89HA2220220.h5 (120 bytes)
[DELETE] GW1AM2_20200711_01D_EQMD_L3SGT89HA2220220.h5 (120 bytes)
[DELETE] GW1AM2_20240812_01D_EQMD_L3SGT89HA2220220.h5 (120 bytes)
[DELETE] GW1AM2_20240920_01D_EQMD_L3SGT89HA2220220.h5 (120 bytes)
[DELETE] GW1AM2_20211104_01D_EQMD_L3SGT89HA2220220.h5 (120 bytes)
[DELETE] GW1AM2_20240203_01D_EQMA_L3SGT89HA2220220.h5 (120 bytes)
[DELETE] GW1AM2_20240414_01D_EQMD_L3SGT89HA2220220.h5 (120 bytes)
[DELETE] GW1AM2_20220722_01D_EQMD_L3SGT89HA2220220.h5 (120 bytes)
[DELETE] GW1AM2_20210805_01D_EQMA_L3SGT89HA2220220.h5 (120 bytes)
[DELETE] GW1AM2_20240513_01D_EQMD_L3SGT89HA2220220.h5 (120 bytes)
[DELETE] GW1AM2_20210811_01D_EQMA_L3SGT89HA2220220.h5 (120 bytes)
[DELETE] GW1AM2_20221219_01D_EQMA_L3SGT89HA2220220.h5 (120 bytes)
[DELETE] GW1AM2_20200811_01D_EQMA_L3SGT89HA2220220.h5 (120 bytes)
[DELETE] GW1AM2_20201219_01D_EQMA_L3SGT89HA2220220.h5 (120 bytes)
[DELETE] GW1AM2_20241002_01D_EQMD_L3SGT89HA2220220.h5 (120 bytes)
[DELETE] GW1AM2_20200218_01D_EQMD_L3SGT89HA2220220.h5 (120 bytes)
[DELETE] GW1AM2_20240610_01D_EQMD_L3SGT89HA2220220.h5 (120 bytes)
[DELETE] GW1AM2_20221119_01D_EQMD_L3SGT89HA2220220.h5 (120 bytes)
[DELETE] GW1AM2_20221213_01D_EQMD_L3SGT89HA2220220.h5 (120 bytes)
[DELETE] GW1AM2_20201203_01D_EQMA_L3SGT89HA2220220.h5 (120 bytes)
[DELETE] GW1AM2_20210325_01D_EQMA_L3SGT89HA2220220.h5 (120 bytes)
[DELETE] GW1AM2_20211013_01D_EQMD_L3SGT89HA2220220.h5 (120 bytes)
[DELETE] GW1AM2_20220703_01D_EQMA_L3SGT89HA2220220.h5 (120 bytes)
[DELETE] GW1AM2_20211119_01D_EQMD_L3SGT89HA2220220.h5 (120 bytes)
[DELETE] GW1AM2_20231201_01D_EQMA_L3SGT89HA2220220.h5 (120 bytes)
[DELETE] GW1AM2_20240209_01D_EQMD_L3SGT89HA2220220.h5 (120 bytes)
[DELETE] GW1AM2_20220507_01D_EQMD_L3SGT89HA2220220.h5 (120 bytes)
[DELETE] GW1AM2_20220709_01D_EQMD_L3SGT89HA2220220.h5 (120 bytes)
[DELETE] GW1AM2_20210924_01D_EQMA_L3SGT89HA2220220.h5 (120 bytes)
[DELETE] GW1AM2_20241008_01D_EQMA_L3SGT89HA2220220.h5 (120 bytes)
[DELETE] GW1AM2_20210624_01D_EQMD_L3SGT89HA2220220.h5 (120 bytes)
[DELETE] GW1AM2_20200923_01D_EQMD_L3SGT89HA2220220.h5 (120 bytes)
[DELETE] GW1AM2_20210215_01D_EQMA_L3SGT89HA2220220.h5 (120 bytes)
[DELETE] GW1AM2_20240805_01D_EQMD_L3SGT89HA2220220.h5 (120 bytes)
[DELETE] GW1AM2_20240818_01D_EQMA_L3SGT89HA2220220.h5 (120 bytes)
[DELETE] GW1AM2_20230202_01D_EQMD_L3SGT89HA2220220.h5 (120 bytes)
[DELETE] GW1AM2_20231118_01D_EQMD_L3SGT89HA2220220.h5 (120 bytes)
[DELETE] GW1AM2_20200601_01D_EQMA_L3SGT89HA2220220.h5 (120 bytes)
[DELETE] GW1AM2_20231016_01D_EQMD_L3SGT89HA2220220.h5 (120 bytes)
[DELETE] GW1AM2_20200415_01D_EQMD_L3SGT89HA2220220.h5 (120 bytes)
[DELETE] GW1AM2_20240606_01D_EQMD_L3SGT89HA2220220.h5 (120 bytes)
[DELETE] GW1AM2_20200304_01D_EQMD_L3SGT89HA2220220.h5 (120 bytes)
[DELETE] GW1AM2_20221218_01D_EQMA_L3SGT89HA2220220.h5 (120 bytes)
[DELETE] GW1AM2_20220510_01D_EQMA_L3SGT89HA2220220.h5 (120 bytes)
[DELETE] GW1AM2_20240407_01D_EQMA_L3SGT89HA2220220.h5 (120 bytes)
[DELETE] GW1AM2_20230514_01D_EQMD_L3SGT89HA2220220.h5 (120 bytes)
[DELETE] GW1AM2_20220525_01D_EQMD_L3SGT89HA2220220.h5 (120 bytes)
[DELETE] GW1AM2_20231020_01D_EQMA_L3SGT89HA2220220.h5 (120 bytes)
[DELETE] GW1AM2_20210503_01D_EQMD_L3SGT89HA2220220.h5 (120 bytes)
[DELETE] GW1AM2_20241114_01D_EQMA_L3SGT89HA2220220.h5 (120 bytes)
[DELETE] GW1AM2_20210308_01D_EQMA_L3SGT89HA2220220.h5 (120 bytes)
[DELETE] GW1AM2_20210302_01D_EQMD_L3SGT89HA2220220.h5 (120 bytes)
[DELETE] GW1AM2_20210509_01D_EQMA_L3SGT89HA2220220.h5 (120 bytes)
[DELETE] GW1AM2_20221212_01D_EQMD_L3SGT89HA2220220.h5 (120 bytes)
[DELETE] GW1AM2_20211118_01D_EQMD_L3SGT89HA2220220.h5 (120 bytes)
[DELETE] GW1AM2_20210904_01D_EQMA_L3SGT89HA2220220.h5 (120 bytes)
[DELETE] GW1AM2_20220312_01D_EQMD_L3SGT89HA2220220.h5 (120 bytes)
[DELETE] GW1AM2_20200807_01D_EQMA_L3SGT89HA2220220.h5 (120 bytes)
[DELETE] GW1AM2_20230817_01D_EQMA_L3SGT89HA2220220.h5 (120 bytes)
[DELETE] GW1AM2_20220318_01D_EQMA_L3SGT89HA2220220.h5 (120 bytes)
[DELETE] GW1AM2_20210913_01D_EQMA_L3SGT89HA2220220.h5 (120 bytes)
[DELETE] GW1AM2_20231011_01D_EQMD_L3SGT89HA2220220.h5 (120 bytes)
[DELETE] GW1AM2_20210911_01D_EQMD_L3SGT89HA2220220.h5 (120 bytes)
[DELETE] GW1AM2_20210307_01D_EQMA_L3SGT89HA2220220.h5 (120 bytes)
[DELETE] GW1AM2_20200603_01D_EQMD_L3SGT89HA2220220.h5 (120 bytes)
[DELETE] GW1AM2_20231125_01D_EQMA_L3SGT89HA2220220.h5 (120 bytes)
[DELETE] GW1AM2_20200405_01D_EQMA_L3SGT89HA2220220.h5 (120 bytes)
[DELETE] GW1AM2_20200214_01D_EQMD_L3SGT89HA2220220.h5 (120 bytes)
[DELETE] GW1AM2_20220310_01D_EQMD_L3SGT89HA2220220.h5 (120 bytes)
[DELETE] GW1AM2_20230604_01D_EQMA_L3SGT89HA2220220.h5 (120 bytes)
[DELETE] GW1AM2_20210204_01D_EQMA_L3SGT89HA2220220.h5 (120 bytes)
[DELETE] GW1AM2_20200916_01D_EQMA_L3SGT89HA2220220.h5 (120 bytes)
[DELETE] GW1AM2_20200806_01D_EQMA_L3SGT89HA2220220.h5 (120 bytes)
[DELETE] GW1AM2_20200607_01D_EQMD_L3SGT89HA2220220.h5 (120 bytes)
[DELETE] GW1AM2_20210217_01D_EQMD_L3SGT89HA2220220.h5 (120 bytes)
[DELETE] GW1AM2_20200404_01D_EQMA_L3SGT89HA2220220.h5 (120 bytes)
[DELETE] GW1AM2_20241212_01D_EQMA_L3SGT89HA2220220.h5 (120 bytes)
[DELETE] GW1AM2_20200205_01D_EQMA_L3SGT89HA2220220.h5 (120 bytes)
[DELETE] GW1AM2_20200411_01D_EQMD_L3SGT89HA2220220.h5 (120 bytes)
[DELETE] GW1AM2_20241009_01D_EQMA_L3SGT89HA2220220.h5 (120 bytes)
[DELETE] GW1AM2_20240316_01D_EQMA_L3SGT89HA2220220.h5 (120 bytes)
[DELETE] GW1AM2_20211221_01D_EQMD_L3SGT89HA2220220.h5 (120 bytes)
[DELETE] GW1AM2_20201109_01D_EQMA_L3SGT89HA2220220.h5 (120 bytes)
[DELETE] GW1AM2_20231024_01D_EQMA_L3SGT89HA2220220.h5 (120 bytes)
[DELETE] GW1AM2_20240811_01D_EQMA_L3SGT89HA2220220.h5 (120 bytes)
[DELETE] GW1AM2_20210511_01D_EQMD_L3SGT89HA2220220.h5 (120 bytes)
[DELETE] GW1AM2_20210821_01D_EQMA_L3SGT89HA2220220.h5 (120 bytes)
[DELETE] GW1AM2_20200224_01D_EQMA_L3SGT89HA2220220.h5 (120 bytes)
[DELETE] GW1AM2_20221121_01D_EQMD_L3SGT89HA2220220.h5 (120 bytes)
[DELETE] GW1AM2_20201220_01D_EQMD_L3SGT89HA2220220.h5 (120 bytes)
[DELETE] GW1AM2_20201106_01D_EQMD_L3SGT89HA2220220.h5 (120 bytes)
[DELETE] GW1AM2_20220318_01D_EQMD_L3SGT89HA2220220.h5 (120 bytes)
[DELETE] GW1AM2_20220224_01D_EQMD_L3SGT89HA2220220.h5 (120 bytes)
[DELETE] GW1AM2_20231201_01D_EQMD_L3SGT89HA2220220.h5 (120 bytes)
[DELETE] GW1AM2_20211121_01D_EQMA_L3SGT89HA2220220.h5 (120 bytes)
[DELETE] GW1AM2_20230411_01D_EQMA_L3SGT89HA2220220.h5 (120 bytes)
[DELETE] GW1AM2_20220804_01D_EQMA_L3SGT89HA2220220.h5 (120 bytes)
[DELETE] GW1AM2_20220311_01D_EQMA_L3SGT89HA2220220.h5 (120 bytes)
[DELETE] GW1AM2_20230409_01D_EQMA_L3SGT89HA2220220.h5 (120 bytes)
[DELETE] GW1AM2_20210518_01D_EQMA_L3SGT89HA2220220.h5 (120 bytes)
[DELETE] GW1AM2_20200204_01D_EQMD_L3SGT89HA2220220.h5 (120 bytes)
[DELETE] GW1AM2_20210224_01D_EQMD_L3SGT89HA2220220.h5 (120 bytes)
[DELETE] GW1AM2_20200803_01D_EQMD_L3SGT89HA2220220.h5 (120 bytes)
[DELETE] GW1AM2_20200518_01D_EQMA_L3SGT89HA2220220.h5 (120 bytes)
[DELETE] GW1AM2_20210413_01D_EQMD_L3SGT89HA2220220.h5 (120 bytes)
[DELETE] GW1AM2_20221222_01D_EQMA_L3SGT89HA2220220.h5 (120 bytes)
[DELETE] GW1AM2_20220505_01D_EQMD_L3SGT89HA2220220.h5 (120 bytes)
[DELETE] GW1AM2_20211204_01D_EQMA_L3SGT89HA2220220.h5 (120 bytes)
[DELETE] GW1AM2_20200512_01D_EQMA_L3SGT89HA2220220.h5 (120 bytes)
[DELETE] GW1AM2_20241118_01D_EQMD_L3SGT89HA2220220.h5 (120 bytes)
[DELETE] GW1AM2_20240303_01D_EQMA_L3SGT89HA2220220.h5 (120 bytes)
[DELETE] GW1AM2_20240923_01D_EQMA_L3SGT89HA2220220.h5 (120 bytes)
[DELETE] GW1AM2_20230424_01D_EQMD_L3SGT89HA2220220.h5 (120 bytes)
[DELETE] GW1AM2_20201103_01D_EQMD_L3SGT89HA2220220.h5 (120 bytes)
[DELETE] GW1AM2_20231106_01D_EQMA_L3SGT89HA2220220.h5 (120 bytes)
[DELETE] GW1AM2_20241218_01D_EQMD_L3SGT89HA2220220.h5 (120 bytes)
[DELETE] GW1AM2_20220401_01D_EQMD_L3SGT89HA2220220.h5 (120 bytes)
[DELETE] GW1AM2_20240309_01D_EQMD_L3SGT89HA2220220.h5 (120 bytes)
[DELETE] GW1AM2_20210910_01D_EQMD_L3SGT89HA2220220.h5 (120 bytes)
[DELETE] GW1AM2_20200609_01D_EQMA_L3SGT89HA2220220.h5 (120 bytes)
[DELETE] GW1AM2_20210915_01D_EQMD_L3SGT89HA2220220.h5 (120 bytes)
[DELETE] GW1AM2_20200512_01D_EQMD_L3SGT89HA2220220.h5 (120 bytes)
[DELETE] GW1AM2_20230403_01D_EQMD_L3SGT89HA2220220.h5 (120 bytes)
[DELETE] GW1AM2_20231219_01D_EQMA_L3SGT89HA2220220.h5 (120 bytes)
[DELETE] GW1AM2_20230509_01D_EQMA_L3SGT89HA2220220.h5 (120 bytes)
[DELETE] GW1AM2_20220406_01D_EQMD_L3SGT89HA2220220.h5 (120 bytes)
[DELETE] GW1AM2_20220906_01D_EQMD_L3SGT89HA2220220.h5 (120 bytes)
[DELETE] GW1AM2_20240908_01D_EQMD_L3SGT89HA2220220.h5 (120 bytes)
[DELETE] GW1AM2_20240807_01D_EQMA_L3SGT89HA2220220.h5 (120 bytes)
[DELETE] GW1AM2_20230503_01D_EQMD_L3SGT89HA2220220.h5 (120 bytes)
[DELETE] GW1AM2_20240902_01D_EQMA_L3SGT89HA2220220.h5 (120 bytes)
[DELETE] GW1AM2_20200312_01D_EQMD_L3SGT89HA2220220.h5 (120 bytes)
[DELETE] GW1AM2_20230716_01D_EQMA_L3SGT89HA2220220.h5 (120 bytes)
[DELETE] GW1AM2_20201005_01D_EQMD_L3SGT89HA2220220.h5 (120 bytes)
[DELETE] GW1AM2_20240315_01D_EQMD_L3SGT89HA2220220.h5 (120 bytes)
[DELETE] GW1AM2_20230801_01D_EQMD_L3SGT89HA2220220.h5 (120 bytes)
[DELETE] GW1AM2_20200920_01D_EQMA_L3SGT89HA2220220.h5 (120 bytes)
[DELETE] GW1AM2_20220523_01D_EQMD_L3SGT89HA2220220.h5 (120 bytes)
[DELETE] GW1AM2_20200822_01D_EQMA_L3SGT89HA2220220.h5 (120 bytes)
[DELETE] GW1AM2_20210816_01D_EQMD_L3SGT89HA2220220.h5 (120 bytes)
[DELETE] GW1AM2_20240910_01D_EQMA_L3SGT89HA2220220.h5 (120 bytes)
[DELETE] GW1AM2_20200822_01D_EQMD_L3SGT89HA2220220.h5 (120 bytes)
[DELETE] GW1AM2_20240813_01D_EQMA_L3SGT89HA2220220.h5 (120 bytes)
[DELETE] GW1AM2_20210420_01D_EQMD_L3SGT89HA2220220.h5 (120 bytes)
[DELETE] GW1AM2_20210804_01D_EQMA_L3SGT89HA2220220.h5 (120 bytes)
[DELETE] GW1AM2_20210615_01D_EQMD_L3SGT89HA2220220.h5 (120 bytes)
[DELETE] GW1AM2_20220904_01D_EQMD_L3SGT89HA2220220.h5 (120 bytes)
[DELETE] GW1AM2_20230314_01D_EQMA_L3SGT89HA2220220.h5 (120 bytes)
[DELETE] GW1AM2_20220223_01D_EQMD_L3SGT89HA2220220.h5 (120 bytes)
[DELETE] GW1AM2_20220607_01D_EQMA_L3SGT89HA2220220.h5 (120 bytes)
[DELETE] GW1AM2_20211024_01D_EQMA_L3SGT89HA2220220.h5 (120 bytes)
[DELETE] GW1AM2_20230803_01D_EQMD_L3SGT89HA2220220.h5 (120 bytes)
[DELETE] GW1AM2_20201007_01D_EQMA_L3SGT89HA2220220.h5 (120 bytes)
[DELETE] GW1AM2_20240819_01D_EQMD_L3SGT89HA2220220.h5 (120 bytes)
[DELETE] GW1AM2_20230809_01D_EQMA_L3SGT89HA2220220.h5 (120 bytes)
[DELETE] GW1AM2_20240218_01D_EQMA_L3SGT89HA2220220.h5 (120 bytes)
[DELETE] GW1AM2_20230223_01D_EQMD_L3SGT89HA2220220.h5 (120 bytes)
[DELETE] GW1AM2_20241013_01D_EQMA_L3SGT89HA2220220.h5 (120 bytes)
[DELETE] GW1AM2_20220805_01D_EQMD_L3SGT89HA2220220.h5 (120 bytes)
[DELETE] GW1AM2_20240318_01D_EQMA_L3SGT89HA2220220.h5 (120 bytes)
[DELETE] GW1AM2_20220319_01D_EQMA_L3SGT89HA2220220.h5 (120 bytes)
[DELETE] GW1AM2_20240817_01D_EQMA_L3SGT89HA2220220.h5 (120 bytes)
[DELETE] GW1AM2_20210517_01D_EQMD_L3SGT89HA2220220.h5 (120 bytes)
[DELETE] GW1AM2_20220413_01D_EQMA_L3SGT89HA2220220.h5 (120 bytes)
[DELETE] GW1AM2_20220205_01D_EQMD_L3SGT89HA2220220.h5 (120 bytes)
[DELETE] GW1AM2_20201018_01D_EQMA_L3SGT89HA2220220.h5 (120 bytes)
[DELETE] GW1AM2_20240415_01D_EQMD_L3SGT89HA2220220.h5 (120 bytes)
[DELETE] GW1AM2_20241214_01D_EQMD_L3SGT89HA2220220.h5 (120 bytes)
[DELETE] GW1AM2_20200802_01D_EQMA_L3SGT89HA2220220.h5 (120 bytes)
[DELETE] GW1AM2_20230722_01D_EQMD_L3SGT89HA2220220.h5 (120 bytes)
[DELETE] GW1AM2_20220425_01D_EQMA_L3SGT89HA2220220.h5 (120 bytes)
[DELETE] GW1AM2_20241120_01D_EQMA_L3SGT89HA2220220.h5 (120 bytes)
[DELETE] GW1AM2_20240406_01D_EQMA_L3SGT89HA2220220.h5 (120 bytes)
[DELETE] GW1AM2_20220812_01D_EQMD_L3SGT89HA2220220.h5 (120 bytes)
[DELETE] GW1AM2_20240705_01D_EQMD_L3SGT89HA2220220.h5 (120 bytes)
[DELETE] GW1AM2_20210614_01D_EQMD_L3SGT89HA2220220.h5 (120 bytes)
[DELETE] GW1AM2_20210725_01D_EQMA_L3SGT89HA2220220.h5 (120 bytes)
[DELETE] GW1AM2_20240905_01D_EQMD_L3SGT89HA2220220.h5 (120 bytes)
[DELETE] GW1AM2_20241220_01D_EQMD_L3SGT89HA2220220.h5 (120 bytes)
[DELETE] GW1AM2_20220816_01D_EQMA_L3SGT89HA2220220.h5 (120 bytes)
[DELETE] GW1AM2_20241211_01D_EQMA_L3SGT89HA2220220.h5 (120 bytes)
[DELETE] GW1AM2_20240616_01D_EQMD_L3SGT89HA2220220.h5 (120 bytes)
[DELETE] GW1AM2_20221010_01D_EQMA_L3SGT89HA2220220.h5 (120 bytes)
[DELETE] GW1AM2_20230421_01D_EQMD_L3SGT89HA2220220.h5 (120 bytes)
[DELETE] GW1AM2_20220222_01D_EQMA_L3SGT89HA2220220.h5 (120 bytes)
[DELETE] GW1AM2_20240323_01D_EQMA_L3SGT89HA2220220.h5 (120 bytes)
[DELETE] GW1AM2_20201021_01D_EQMD_L3SGT89HA2220220.h5 (120 bytes)
[DELETE] GW1AM2_20220210_01D_EQMA_L3SGT89HA2220220.h5 (120 bytes)
[DELETE] GW1AM2_20220313_01D_EQMD_L3SGT89HA2220220.h5 (120 bytes)
[DELETE] GW1AM2_20220421_01D_EQMD_L3SGT89HA2220220.h5 (120 bytes)
[DELETE] GW1AM2_20220818_01D_EQMA_L3SGT89HA2220220.h5 (120 bytes)
[DELETE] GW1AM2_20200215_01D_EQMD_L3SGT89HA2220220.h5 (120 bytes)
[DELETE] GW1AM2_20201012_01D_EQMD_L3SGT89HA2220220.h5 (120 bytes)
[DELETE] GW1AM2_20210907_01D_EQMD_L3SGT89HA2220220.h5 (120 bytes)
[DELETE] GW1AM2_20230718_01D_EQMA_L3SGT89HA2220220.h5 (120 bytes)
[DELETE] GW1AM2_20221105_01D_EQMD_L3SGT89HA2220220.h5 (120 bytes)
[DELETE] GW1AM2_20200808_01D_EQMD_L3SGT89HA2220220.h5 (120 bytes)
[DELETE] GW1AM2_20240216_01D_EQMA_L3SGT89HA2220220.h5 (120 bytes)
[DELETE] GW1AM2_20240312_01D_EQMD_L3SGT89HA2220220.h5 (120 bytes)
[DELETE] GW1AM2_20220705_01D_EQMA_L3SGT89HA2220220.h5 (120 bytes)
[DELETE] GW1AM2_20220311_01D_EQMD_L3SGT89HA2220220.h5 (120 bytes)
[DELETE] GW1AM2_20230712_01D_EQMD_L3SGT89HA2220220.h5 (120 bytes)
[DELETE] GW1AM2_20240706_01D_EQMD_L3SGT89HA2220220.h5 (120 bytes)
[DELETE] GW1AM2_20230315_01D_EQMA_L3SGT89HA2220220.h5 (120 bytes)
[DELETE] GW1AM2_20220221_01D_EQMA_L3SGT89HA2220220.h5 (120 bytes)
[DELETE] GW1AM2_20200521_01D_EQMA_L3SGT89HA2220220.h5 (120 bytes)
[DELETE] GW1AM2_20201015_01D_EQMD_L3SGT89HA2220220.h5 (120 bytes)
[DELETE] GW1AM2_20240420_01D_EQMA_L3SGT89HA2220220.h5 (120 bytes)
[DELETE] GW1AM2_20220419_01D_EQMD_L3SGT89HA2220220.h5 (120 bytes)
[DELETE] GW1AM2_20241019_01D_EQMD_L3SGT89HA2220220.h5 (120 bytes)
[DELETE] GW1AM2_20211009_01D_EQMD_L3SGT89HA2220220.h5 (120 bytes)
[DELETE] GW1AM2_20220408_01D_EQMD_L3SGT89HA2220220.h5 (120 bytes)
[DELETE] GW1AM2_20210425_01D_EQMD_L3SGT89HA2220220.h5 (120 bytes)
[DELETE] GW1AM2_20220315_01D_EQMA_L3SGT89HA2220220.h5 (120 bytes)
[DELETE] GW1AM2_20200615_01D_EQMA_L3SGT89HA2220220.h5 (120 bytes)
[DELETE] GW1AM2_20231007_01D_EQMA_L3SGT89HA2220220.h5 (120 bytes)
[DELETE] GW1AM2_20230606_01D_EQMD_L3SGT89HA2220220.h5 (120 bytes)
[DELETE] GW1AM2_20200623_01D_EQMD_L3SGT89HA2220220.h5 (120 bytes)
[DELETE] GW1AM2_20210211_01D_EQMA_L3SGT89HA2220220.h5 (120 bytes)
[DELETE] GW1AM2_20200403_01D_EQMD_L3SGT89HA2220220.h5 (120 bytes)
[DELETE] GW1AM2_20210501_01D_EQMD_L3SGT89HA2220220.h5 (120 bytes)
[DELETE] GW1AM2_20230305_01D_EQMA_L3SGT89HA2220220.h5 (120 bytes)
[DELETE] GW1AM2_20211122_01D_EQMA_L3SGT89HA2220220.h5 (120 bytes)
[DELETE] GW1AM2_20230705_01D_EQMA_L3SGT89HA2220220.h5 (120 bytes)
[DELETE] GW1AM2_20200224_01D_EQMD_L3SGT89HA2220220.h5 (120 bytes)
[DELETE] GW1AM2_20240621_01D_EQMD_L3SGT89HA2220220.h5 (120 bytes)
[DELETE] GW1AM2_20240720_01D_EQMD_L3SGT89HA2220220.h5 (120 bytes)
[DELETE] GW1AM2_20210505_01D_EQMA_L3SGT89HA2220220.h5 (120 bytes)
[DELETE] GW1AM2_20220209_01D_EQMA_L3SGT89HA2220220.h5 (120 bytes)
[DELETE] GW1AM2_20200405_01D_EQMD_L3SGT89HA2220220.h5 (120 bytes)
[DELETE] GW1AM2_20230422_01D_EQMD_L3SGT89HA2220220.h5 (120 bytes)
[DELETE] GW1AM2_20200725_01D_EQMD_L3SGT89HA2220220.h5 (120 bytes)
[DELETE] GW1AM2_20220412_01D_EQMA_L3SGT89HA2220220.h5 (120 bytes)
[DELETE] GW1AM2_20230205_01D_EQMD_L3SGT89HA2220220.h5 (120 bytes)
[DELETE] GW1AM2_20220601_01D_EQMD_L3SGT89HA2220220.h5 (120 bytes)
[DELETE] GW1AM2_20200314_01D_EQMA_L3SGT89HA2220220.h5 (120 bytes)
[DELETE] GW1AM2_20200210_01D_EQMD_L3SGT89HA2220220.h5 (120 bytes)
[DELETE] GW1AM2_20220305_01D_EQMA_L3SGT89HA2220220.h5 (120 bytes)
[DELETE] GW1AM2_20200315_01D_EQMA_L3SGT89HA2220220.h5 (120 bytes)
[DELETE] GW1AM2_20211205_01D_EQMD_L3SGT89HA2220220.h5 (120 bytes)
[DELETE] GW1AM2_20230905_01D_EQMD_L3SGT89HA2220220.h5 (120 bytes)
[DELETE] GW1AM2_20201217_01D_EQMA_L3SGT89HA2220220.h5 (120 bytes)
[DELETE] GW1AM2_20220915_01D_EQMD_L3SGT89HA2220220.h5 (120 bytes)
[DELETE] GW1AM2_20230607_01D_EQMA_L3SGT89HA2220220.h5 (120 bytes)
[DELETE] GW1AM2_20240317_01D_EQMD_L3SGT89HA2220220.h5 (120 bytes)
[DELETE] GW1AM2_20211002_01D_EQMD_L3SGT89HA2220220.h5 (120 bytes)
[DELETE] GW1AM2_20240201_01D_EQMD_L3SGT89HA2220220.h5 (120 bytes)
[DELETE] GW1AM2_20230325_01D_EQMA_L3SGT89HA2220220.h5 (120 bytes)
[DELETE] GW1AM2_20221112_01D_EQMD_L3SGT89HA2220220.h5 (120 bytes)
[DELETE] GW1AM2_20200511_01D_EQMD_L3SGT89HA2220220.h5 (120 bytes)
[DELETE] GW1AM2_20230801_01D_EQMA_L3SGT89HA2220220.h5 (120 bytes)
[DELETE] GW1AM2_20230316_01D_EQMA_L3SGT89HA2220220.h5 (120 bytes)
[DELETE] GW1AM2_20220905_01D_EQMA_L3SGT89HA2220220.h5 (120 bytes)
[DELETE] GW1AM2_20220906_01D_EQMA_L3SGT89HA2220220.h5 (120 bytes)
[DELETE] GW1AM2_20230509_01D_EQMD_L3SGT89HA2220220.h5 (120 bytes)
[DELETE] GW1AM2_20220203_01D_EQMD_L3SGT89HA2220220.h5 (120 bytes)
[DELETE] GW1AM2_20220819_01D_EQMD_L3SGT89HA2220220.h5 (120 bytes)
[DELETE] GW1AM2_20220418_01D_EQMD_L3SGT89HA2220220.h5 (120 bytes)
[DELETE] GW1AM2_20210425_01D_EQMA_L3SGT89HA2220220.h5 (120 bytes)
[DELETE] GW1AM2_20220402_01D_EQMA_L3SGT89HA2220220.h5 (120 bytes)
[DELETE] GW1AM2_20211022_01D_EQMA_L3SGT89HA2220220.h5 (120 bytes)
[DELETE] GW1AM2_20231102_01D_EQMD_L3SGT89HA2220220.h5 (120 bytes)
[DELETE] GW1AM2_20210814_01D_EQMD_L3SGT89HA2220220.h5 (120 bytes)
[DELETE] GW1AM2_20221118_01D_EQMA_L3SGT89HA2220220.h5 (120 bytes)
[DELETE] GW1AM2_20240505_01D_EQMA_L3SGT89HA2220220.h5 (120 bytes)
[DELETE] GW1AM2_20211008_01D_EQMA_L3SGT89HA2220220.h5 (120 bytes)
[DELETE] GW1AM2_20231108_01D_EQMA_L3SGT89HA2220220.h5 (120 bytes)
[DELETE] GW1AM2_20200409_01D_EQMA_L3SGT89HA2220220.h5 (120 bytes)
[DELETE] GW1AM2_20211211_01D_EQMD_L3SGT89HA2220220.h5 (120 bytes)
[DELETE] GW1AM2_20240221_01D_EQMD_L3SGT89HA2220220.h5 (120 bytes)
[DELETE] GW1AM2_20230503_01D_EQMA_L3SGT89HA2220220.h5 (120 bytes)
[DELETE] GW1AM2_20220813_01D_EQMA_L3SGT89HA2220220.h5 (120 bytes)
[DELETE] GW1AM2_20200519_01D_EQMA_L3SGT89HA2220220.h5 (120 bytes)
[DELETE] GW1AM2_20201015_01D_EQMA_L3SGT89HA2220220.h5 (120 bytes)
[DELETE] GW1AM2_20200916_01D_EQMD_L3SGT89HA2220220.h5 (120 bytes)
[DELETE] GW1AM2_20201104_01D_EQMA_L3SGT89HA2220220.h5 (120 bytes)
[DELETE] GW1AM2_20240515_01D_EQMA_L3SGT89HA2220220.h5 (120 bytes)
[DELETE] GW1AM2_20200818_01D_EQMA_L3SGT89HA2220220.h5 (120 bytes)
[DELETE] GW1AM2_20211102_01D_EQMD_L3SGT89HA2220220.h5 (120 bytes)
[DELETE] GW1AM2_20230216_01D_EQMD_L3SGT89HA2220220.h5 (120 bytes)
[DELETE] GW1AM2_20240516_01D_EQMA_L3SGT89HA2220220.h5 (120 bytes)
[DELETE] GW1AM2_20221008_01D_EQMD_L3SGT89HA2220220.h5 (120 bytes)
[DELETE] GW1AM2_20241111_01D_EQMA_L3SGT89HA2220220.h5 (120 bytes)
[DELETE] GW1AM2_20201021_01D_EQMA_L3SGT89HA2220220.h5 (120 bytes)
[DELETE] GW1AM2_20241202_01D_EQMD_L3SGT89HA2220220.h5 (120 bytes)
[DELETE] GW1AM2_20210510_01D_EQMD_L3SGT89HA2220220.h5 (120 bytes)
[DELETE] GW1AM2_20210719_01D_EQMD_L3SGT89HA2220220.h5 (120 bytes)
[DELETE] GW1AM2_20220803_01D_EQMD_L3SGT89HA2220220.h5 (120 bytes)
[DELETE] GW1AM2_20230510_01D_EQMD_L3SGT89HA2220220.h5 (120 bytes)
[DELETE] GW1AM2_20210602_01D_EQMA_L3SGT89HA2220220.h5 (120 bytes)
[DELETE] GW1AM2_20240213_01D_EQMA_L3SGT89HA2220220.h5 (120 bytes)
[DELETE] GW1AM2_20231108_01D_EQMD_L3SGT89HA2220220.h5 (120 bytes)
[DELETE] GW1AM2_20230618_01D_EQMA_L3SGT89HA2220220.h5 (120 bytes)
[DELETE] GW1AM2_20230919_01D_EQMD_L3SGT89HA2220220.h5 (120 bytes)
[DELETE] GW1AM2_20210317_01D_EQMA_L3SGT89HA2220220.h5 (120 bytes)
[DELETE] GW1AM2_20230710_01D_EQMA_L3SGT89HA2220220.h5 (120 bytes)
[DELETE] GW1AM2_20210325_01D_EQMD_L3SGT89HA2220220.h5 (120 bytes)
[DELETE] GW1AM2_20200417_01D_EQMA_L3SGT89HA2220220.h5 (120 bytes)
[DELETE] GW1AM2_20211125_01D_EQMA_L3SGT89HA2220220.h5 (120 bytes)
[DELETE] GW1AM2_20220219_01D_EQMA_L3SGT89HA2220220.h5 (120 bytes)
[DELETE] GW1AM2_20220813_01D_EQMD_L3SGT89HA2220220.h5 (120 bytes)
[DELETE] GW1AM2_20200810_01D_EQMD_L3SGT89HA2220220.h5 (120 bytes)
[DELETE] GW1AM2_20230418_01D_EQMD_L3SGT89HA2220220.h5 (120 bytes)
[DELETE] GW1AM2_20200420_01D_EQMA_L3SGT89HA2220220.h5 (120 bytes)
[DELETE] GW1AM2_20201216_01D_EQMD_L3SGT89HA2220220.h5 (120 bytes)
[DELETE] GW1AM2_20220704_01D_EQMD_L3SGT89HA2220220.h5 (120 bytes)
[DELETE] GW1AM2_20201125_01D_EQMA_L3SGT89HA2220220.h5 (120 bytes)
[DELETE] GW1AM2_20200819_01D_EQMD_L3SGT89HA2220220.h5 (120 bytes)
[DELETE] GW1AM2_20210201_01D_EQMD_L3SGT89HA2220220.h5 (120 bytes)
[DELETE] GW1AM2_20210220_01D_EQMA_L3SGT89HA2220220.h5 (120 bytes)
[DELETE] GW1AM2_20230805_01D_EQMD_L3SGT89HA2220220.h5 (120 bytes)
[DELETE] GW1AM2_20231110_01D_EQMD_L3SGT89HA2220220.h5 (120 bytes)
[DELETE] GW1AM2_20220701_01D_EQMD_L3SGT89HA2220220.h5 (120 bytes)
[DELETE] GW1AM2_20230210_01D_EQMD_L3SGT89HA2220220.h5 (120 bytes)
[DELETE] GW1AM2_20220604_01D_EQMD_L3SGT89HA2220220.h5 (120 bytes)
[DELETE] GW1AM2_20221005_01D_EQMD_L3SGT89HA2220220.h5 (120 bytes)
[DELETE] GW1AM2_20240914_01D_EQMA_L3SGT89HA2220220.h5 (120 bytes)
[DELETE] GW1AM2_20210407_01D_EQMA_L3SGT89HA2220220.h5 (120 bytes)
[DELETE] GW1AM2_20230823_01D_EQMD_L3SGT89HA2220220.h5 (120 bytes)
[DELETE] GW1AM2_20200914_01D_EQMA_L3SGT89HA2220220.h5 (120 bytes)
[DELETE] GW1AM2_20200718_01D_EQMA_L3SGT89HA2220220.h5 (120 bytes)
[DELETE] GW1AM2_20200220_01D_EQMD_L3SGT89HA2220220.h5 (120 bytes)
[DELETE] GW1AM2_20230220_01D_EQMD_L3SGT89HA2220220.h5 (120 bytes)
[DELETE] GW1AM2_20240206_01D_EQMA_L3SGT89HA2220220.h5 (120 bytes)
[DELETE] GW1AM2_20220216_01D_EQMA_L3SGT89HA2220220.h5 (120 bytes)
[DELETE] GW1AM2_20240313_01D_EQMA_L3SGT89HA2220220.h5 (120 bytes)
[DELETE] GW1AM2_20210721_01D_EQMD_L3SGT89HA2220220.h5 (120 bytes)
[DELETE] GW1AM2_20240614_01D_EQMA_L3SGT89HA2220220.h5 (120 bytes)
[DELETE] GW1AM2_20240503_01D_EQMA_L3SGT89HA2220220.h5 (120 bytes)
[DELETE] GW1AM2_20230612_01D_EQMD_L3SGT89HA2220220.h5 (120 bytes)
[DELETE] GW1AM2_20200522_01D_EQMA_L3SGT89HA2220220.h5 (120 bytes)
[DELETE] GW1AM2_20211108_01D_EQMA_L3SGT89HA2220220.h5 (120 bytes)
[DELETE] GW1AM2_20240420_01D_EQMD_L3SGT89HA2220220.h5 (120 bytes)
[DELETE] GW1AM2_20210713_01D_EQMA_L3SGT89HA2220220.h5 (120 bytes)
[DELETE] GW1AM2_20240219_01D_EQMD_L3SGT89HA2220220.h5 (120 bytes)
[DELETE] GW1AM2_20220309_01D_EQMD_L3SGT89HA2220220.h5 (120 bytes)
[DELETE] GW1AM2_20220504_01D_EQMA_L3SGT89HA2220220.h5 (120 bytes)
[DELETE] GW1AM2_20200514_01D_EQMA_L3SGT89HA2220220.h5 (120 bytes)
[DELETE] GW1AM2_20241222_01D_EQMD_L3SGT89HA2220220.h5 (120 bytes)
[DELETE] GW1AM2_20220926_01D_EQMD_L3SGT89HA2220220.h5 (120 bytes)
[DELETE] GW1AM2_20200702_01D_EQMA_L3SGT89HA2220220.h5 (120 bytes)
[DELETE] GW1AM2_20240623_01D_EQMD_L3SGT89HA2220220.h5 (120 bytes)
[DELETE] GW1AM2_20230816_01D_EQMD_L3SGT89HA2220220.h5 (120 bytes)
[DELETE] GW1AM2_20210206_01D_EQMA_L3SGT89HA2220220.h5 (120 bytes)
[DELETE] GW1AM2_20220815_01D_EQMD_L3SGT89HA2220220.h5 (120 bytes)
[DELETE] GW1AM2_20200813_01D_EQMD_L3SGT89HA2220220.h5 (120 bytes)
[DELETE] GW1AM2_20230706_01D_EQMD_L3SGT89HA2220220.h5 (120 bytes)
[DELETE] GW1AM2_20220201_01D_EQMA_L3SGT89HA2220220.h5 (120 bytes)
[DELETE] GW1AM2_20200819_01D_EQMA_L3SGT89HA2220220.h5 (120 bytes)
[DELETE] GW1AM2_20200708_01D_EQMD_L3SGT89HA2220220.h5 (120 bytes)
[DELETE] GW1AM2_20201118_01D_EQMA_L3SGT89HA2220220.h5 (120 bytes)
[DELETE] GW1AM2_20230909_01D_EQMA_L3SGT89HA2220220.h5 (120 bytes)
[DELETE] GW1AM2_20231107_01D_EQMD_L3SGT89HA2220220.h5 (120 bytes)
[DELETE] GW1AM2_20200514_01D_EQMD_L3SGT89HA2220220.h5 (120 bytes)
[DELETE] GW1AM2_20201117_01D_EQMD_L3SGT89HA2220220.h5 (120 bytes)
[DELETE] GW1AM2_20240510_01D_EQMD_L3SGT89HA2220220.h5 (120 bytes)
[DELETE] GW1AM2_20220720_01D_EQMA_L3SGT89HA2220220.h5 (120 bytes)
[DELETE] GW1AM2_20230501_01D_EQMA_L3SGT89HA2220220.h5 (120 bytes)
[DELETE] GW1AM2_20220324_01D_EQMA_L3SGT89HA2220220.h5 (120 bytes)
[DELETE] GW1AM2_20231124_01D_EQMA_L3SGT89HA2220220.h5 (120 bytes)
[DELETE] GW1AM2_20220520_01D_EQMD_L3SGT89HA2220220.h5 (120 bytes)
[DELETE] GW1AM2_20240905_01D_EQMA_L3SGT89HA2220220.h5 (120 bytes)
[DELETE] GW1AM2_20230505_01D_EQMA_L3SGT89HA2220220.h5 (120 bytes)
[DELETE] GW1AM2_20240825_01D_EQMD_L3SGT89HA2220220.h5 (120 bytes)
[DELETE] GW1AM2_20230820_01D_EQMD_L3SGT89HA2220220.h5 (120 bytes)
[DELETE] GW1AM2_20201225_01D_EQMA_L3SGT89HA2220220.h5 (120 bytes)
[DELETE] GW1AM2_20220618_01D_EQMA_L3SGT89HA2220220.h5 (120 bytes)
[DELETE] GW1AM2_20241124_01D_EQMA_L3SGT89HA2220220.h5 (120 bytes)
[DELETE] GW1AM2_20200425_01D_EQMD_L3SGT89HA2220220.h5 (120 bytes)
[DELETE] GW1AM2_20210820_01D_EQMD_L3SGT89HA2220220.h5 (120 bytes)
[DELETE] GW1AM2_20231101_01D_EQMA_L3SGT89HA2220220.h5 (120 bytes)
[DELETE] GW1AM2_20240322_01D_EQMD_L3SGT89HA2220220.h5 (120 bytes)
[DELETE] GW1AM2_20240314_01D_EQMA_L3SGT89HA2220220.h5 (120 bytes)
[DELETE] GW1AM2_20241225_01D_EQMD_L3SGT89HA2220220.h5 (120 bytes)
[DELETE] GW1AM2_20220901_01D_EQMA_L3SGT89HA2220220.h5 (120 bytes)
[DELETE] GW1AM2_20210703_01D_EQMA_L3SGT89HA2220220.h5 (120 bytes)
[DELETE] GW1AM2_20221217_01D_EQMA_L3SGT89HA2220220.h5 (120 bytes)
[DELETE] GW1AM2_20220616_01D_EQMA_L3SGT89HA2220220.h5 (120 bytes)
[DELETE] GW1AM2_20231014_01D_EQMD_L3SGT89HA2220220.h5 (120 bytes)
[DELETE] GW1AM2_20210606_01D_EQMD_L3SGT89HA2220220.h5 (120 bytes)
[DELETE] GW1AM2_20241108_01D_EQMA_L3SGT89HA2220220.h5 (120 bytes)
[DELETE] GW1AM2_20220924_01D_EQMD_L3SGT89HA2220220.h5 (120 bytes)
[DELETE] GW1AM2_20240407_01D_EQMD_L3SGT89HA2220220.h5 (120 bytes)
[DELETE] GW1AM2_20200516_01D_EQMA_L3SGT89HA2220220.h5 (120 bytes)
[DELETE] GW1AM2_20211214_01D_EQMD_L3SGT89HA2220220.h5 (120 bytes)
[DELETE] GW1AM2_20230407_01D_EQMA_L3SGT89HA2220220.h5 (120 bytes)
[DELETE] GW1AM2_20220308_01D_EQMA_L3SGT89HA2220220.h5 (120 bytes)
[DELETE] GW1AM2_20200301_01D_EQMA_L3SGT89HA2220220.h5 (120 bytes)
[DELETE] GW1AM2_20230317_01D_EQMD_L3SGT89HA2220220.h5 (120 bytes)
[DELETE] GW1AM2_20200625_01D_EQMD_L3SGT89HA2220220.h5 (120 bytes)
[DELETE] GW1AM2_20231002_01D_EQMA_L3SGT89HA2220220.h5 (120 bytes)
[DELETE] GW1AM2_20230903_01D_EQMD_L3SGT89HA2220220.h5 (120 bytes)
[DELETE] GW1AM2_20210709_01D_EQMD_L3SGT89HA2220220.h5 (120 bytes)
[DELETE] GW1AM2_20241102_01D_EQMD_L3SGT89HA2220220.h5 (120 bytes)
[DELETE] GW1AM2_20220302_01D_EQMD_L3SGT89HA2220220.h5 (120 bytes)
[DELETE] GW1AM2_20220612_01D_EQMD_L3SGT89HA2220220.h5 (120 bytes)
[DELETE] GW1AM2_20231008_01D_EQMD_L3SGT89HA2220220.h5 (120 bytes)
[DELETE] GW1AM2_20241213_01D_EQMA_L3SGT89HA2220220.h5 (120 bytes)
[DELETE] GW1AM2_20211020_01D_EQMA_L3SGT89HA2220220.h5 (120 bytes)
[DELETE] GW1AM2_20221011_01D_EQMD_L3SGT89HA2220220.h5 (120 bytes)
[DELETE] GW1AM2_20240813_01D_EQMD_L3SGT89HA2220220.h5 (120 bytes)
[DELETE] GW1AM2_20230622_01D_EQMD_L3SGT89HA2220220.h5 (120 bytes)
[DELETE] GW1AM2_20210225_01D_EQMD_L3SGT89HA2220220.h5 (120 bytes)
[DELETE] GW1AM2_20240322_01D_EQMA_L3SGT89HA2220220.h5 (120 bytes)
[DELETE] GW1AM2_20220613_01D_EQMA_L3SGT89HA2220220.h5 (120 bytes)
[DELETE] GW1AM2_20201014_01D_EQMA_L3SGT89HA2220220.h5 (120 bytes)
[DELETE] GW1AM2_20221225_01D_EQMD_L3SGT89HA2220220.h5 (120 bytes)
[DELETE] GW1AM2_20230510_01D_EQMA_L3SGT89HA2220220.h5 (120 bytes)
[DELETE] GW1AM2_20220617_01D_EQMD_L3SGT89HA2220220.h5 (120 bytes)
[DELETE] GW1AM2_20220709_01D_EQMA_L3SGT89HA2220220.h5 (120 bytes)
[DELETE] GW1AM2_20230217_01D_EQMD_L3SGT89HA2220220.h5 (120 bytes)
[DELETE] GW1AM2_20220806_01D_EQMA_L3SGT89HA2220220.h5 (120 bytes)
[DELETE] GW1AM2_20241221_01D_EQMD_L3SGT89HA2220220.h5 (120 bytes)
[DELETE] GW1AM2_20220810_01D_EQMD_L3SGT89HA2220220.h5 (120 bytes)
[DELETE] GW1AM2_20240715_01D_EQMD_L3SGT89HA2220220.h5 (120 bytes)
[DELETE] GW1AM2_20241103_01D_EQMD_L3SGT89HA2220220.h5 (120 bytes)
[DELETE] GW1AM2_20210511_01D_EQMA_L3SGT89HA2220220.h5 (120 bytes)
[DELETE] GW1AM2_20200513_01D_EQMA_L3SGT89HA2220220.h5 (120 bytes)
[DELETE] GW1AM2_20210401_01D_EQMD_L3SGT89HA2220220.h5 (120 bytes)
[DELETE] GW1AM2_20200220_01D_EQMA_L3SGT89HA2220220.h5 (120 bytes)
[DELETE] GW1AM2_20211004_01D_EQMA_L3SGT89HA2220220.h5 (120 bytes)
[DELETE] GW1AM2_20240605_01D_EQMD_L3SGT89HA2220220.h5 (120 bytes)
[DELETE] GW1AM2_20211014_01D_EQMD_L3SGT89HA2220220.h5 (120 bytes)
[DELETE] GW1AM2_20201207_01D_EQMD_L3SGT89HA2220220.h5 (120 bytes)
[DELETE] GW1AM2_20230418_01D_EQMA_L3SGT89HA2220220.h5 (120 bytes)
[DELETE] GW1AM2_20220416_01D_EQMD_L3SGT89HA2220220.h5 (120 bytes)
[DELETE] GW1AM2_20200718_01D_EQMD_L3SGT89HA2220220.h5 (120 bytes)
[DELETE] GW1AM2_20200309_01D_EQMA_L3SGT89HA2220220.h5 (120 bytes)
[DELETE] GW1AM2_20230215_01D_EQMA_L3SGT89HA2220220.h5 (120 bytes)
[DELETE] GW1AM2_20221024_01D_EQMD_L3SGT89HA2220220.h5 (120 bytes)
[DELETE] GW1AM2_20211101_01D_EQMA_L3SGT89HA2220220.h5 (120 bytes)
[DELETE] GW1AM2_20220413_01D_EQMD_L3SGT89HA2220220.h5 (120 bytes)
[DELETE] GW1AM2_20230507_01D_EQMA_L3SGT89HA2220220.h5 (120 bytes)
[DELETE] GW1AM2_20211007_01D_EQMD_L3SGT89HA2220220.h5 (120 bytes)
[DELETE] GW1AM2_20211207_01D_EQMA_L3SGT89HA2220220.h5 (120 bytes)
[DELETE] GW1AM2_20220703_01D_EQMD_L3SGT89HA2220220.h5 (120 bytes)
[DELETE] GW1AM2_20201005_01D_EQMA_L3SGT89HA2220220.h5 (120 bytes)
[DELETE] GW1AM2_20200319_01D_EQMA_L3SGT89HA2220220.h5 (120 bytes)
[DELETE] GW1AM2_20240717_01D_EQMA_L3SGT89HA2220220.h5 (120 bytes)
[DELETE] GW1AM2_20240922_01D_EQMD_L3SGT89HA2220220.h5 (120 bytes)
[DELETE] GW1AM2_20221223_01D_EQMD_L3SGT89HA2220220.h5 (120 bytes)
[DELETE] GW1AM2_20210724_01D_EQMA_L3SGT89HA2220220.h5 (120 bytes)
[DELETE] GW1AM2_20210418_01D_EQMA_L3SGT89HA2220220.h5 (120 bytes)
[DELETE] GW1AM2_20240922_01D_EQMA_L3SGT89HA2220220.h5 (120 bytes)
[DELETE] GW1AM2_20241103_01D_EQMA_L3SGT89HA2220220.h5 (120 bytes)
[DELETE] GW1AM2_20210523_01D_EQMD_L3SGT89HA2220220.h5 (120 bytes)
[DELETE] GW1AM2_20240924_01D_EQMD_L3SGT89HA2220220.h5 (120 bytes)
[DELETE] GW1AM2_20220714_01D_EQMA_L3SGT89HA2220220.h5 (120 bytes)
[DELETE] GW1AM2_20201113_01D_EQMD_L3SGT89HA2220220.h5 (120 bytes)
[DELETE] GW1AM2_20220607_01D_EQMD_L3SGT89HA2220220.h5 (120 bytes)
[DELETE] GW1AM2_20210920_01D_EQMA_L3SGT89HA2220220.h5 (120 bytes)
[DELETE] GW1AM2_20200423_01D_EQMD_L3SGT89HA2220220.h5 (120 bytes)
[DELETE] GW1AM2_20240814_01D_EQMD_L3SGT89HA2220220.h5 (120 bytes)
[DELETE] GW1AM2_20240809_01D_EQMD_L3SGT89HA2220220.h5 (120 bytes)
[DELETE] GW1AM2_20240803_01D_EQMA_L3SGT89HA2220220.h5 (120 bytes)
[DELETE] GW1AM2_20230305_01D_EQMD_L3SGT89HA2220220.h5 (120 bytes)
[DELETE] GW1AM2_20221111_01D_EQMD_L3SGT89HA2220220.h5 (120 bytes)
[DELETE] GW1AM2_20230822_01D_EQMD_L3SGT89HA2220220.h5 (120 bytes)
[DELETE] GW1AM2_20220718_01D_EQMD_L3SGT89HA2220220.h5 (120 bytes)
[DELETE] GW1AM2_20200820_01D_EQMD_L3SGT89HA2220220.h5 (120 bytes)
[DELETE] GW1AM2_20230506_01D_EQMD_L3SGT89HA2220220.h5 (120 bytes)
[DELETE] GW1AM2_20230302_01D_EQMA_L3SGT89HA2220220.h5 (120 bytes)
[DELETE] GW1AM2_20220706_01D_EQMD_L3SGT89HA2220220.h5 (120 bytes)
[DELETE] GW1AM2_20220923_01D_EQMA_L3SGT89HA2220220.h5 (120 bytes)
[DELETE] GW1AM2_20230603_01D_EQMA_L3SGT89HA2220220.h5 (120 bytes)
[DELETE] GW1AM2_20210702_01D_EQMA_L3SGT89HA2220220.h5 (120 bytes)
[DELETE] GW1AM2_20240821_01D_EQMA_L3SGT89HA2220220.h5 (120 bytes)
[DELETE] GW1AM2_20220404_01D_EQMD_L3SGT89HA2220220.h5 (120 bytes)
[DELETE] GW1AM2_20211021_01D_EQMA_L3SGT89HA2220220.h5 (120 bytes)
[DELETE] GW1AM2_20220307_01D_EQMA_L3SGT89HA2220220.h5 (120 bytes)
[DELETE] GW1AM2_20200904_01D_EQMD_L3SGT89HA2220220.h5 (120 bytes)
[DELETE] GW1AM2_20200311_01D_EQMD_L3SGT89HA2220220.h5 (120 bytes)
[DELETE] GW1AM2_20240305_01D_EQMD_L3SGT89HA2220220.h5 (120 bytes)
[DELETE] GW1AM2_20240518_01D_EQMD_L3SGT89HA2220220.h5 (120 bytes)
[DELETE] GW1AM2_20240921_01D_EQMA_L3SGT89HA2220220.h5 (120 bytes)
[DELETE] GW1AM2_20230414_01D_EQMA_L3SGT89HA2220220.h5 (120 bytes)
[DELETE] GW1AM2_20200511_01D_EQMA_L3SGT89HA2220220.h5 (120 bytes)
[DELETE] GW1AM2_20200911_01D_EQMD_L3SGT89HA2220220.h5 (120 bytes)
[DELETE] GW1AM2_20201014_01D_EQMD_L3SGT89HA2220220.h5 (120 bytes)
[DELETE] GW1AM2_20231020_01D_EQMD_L3SGT89HA2220220.h5 (120 bytes)
[DELETE] GW1AM2_20230201_01D_EQMD_L3SGT89HA2220220.h5 (120 bytes)
[DELETE] GW1AM2_20220621_01D_EQMD_L3SGT89HA2220220.h5 (120 bytes)
[DELETE] GW1AM2_20200516_01D_EQMD_L3SGT89HA2220220.h5 (120 bytes)
[DELETE] GW1AM2_20220511_01D_EQMA_L3SGT89HA2220220.h5 (120 bytes)
[DELETE] GW1AM2_20230715_01D_EQMD_L3SGT89HA2220220.h5 (120 bytes)
[DELETE] GW1AM2_20240824_01D_EQMD_L3SGT89HA2220220.h5 (120 bytes)
[DELETE] GW1AM2_20240507_01D_EQMD_L3SGT89HA2220220.h5 (120 bytes)
[DELETE] GW1AM2_20200401_01D_EQMD_L3SGT89HA2220220.h5 (120 bytes)
[DELETE] GW1AM2_20230508_01D_EQMD_L3SGT89HA2220220.h5 (120 bytes)
[DELETE] GW1AM2_20240806_01D_EQMD_L3SGT89HA2220220.h5 (120 bytes)
[DELETE] GW1AM2_20200910_01D_EQMA_L3SGT89HA2220220.h5 (120 bytes)
[DELETE] GW1AM2_20210708_01D_EQMD_L3SGT89HA2220220.h5 (120 bytes)
[DELETE] GW1AM2_20230502_01D_EQMA_L3SGT89HA2220220.h5 (120 bytes)
[DELETE] GW1AM2_20230609_01D_EQMD_L3SGT89HA2220220.h5 (120 bytes)
[DELETE] GW1AM2_20240512_01D_EQMA_L3SGT89HA2220220.h5 (120 bytes)
[DELETE] GW1AM2_20240618_01D_EQMD_L3SGT89HA2220220.h5 (120 bytes)
[DELETE] GW1AM2_20211006_01D_EQMD_L3SGT89HA2220220.h5 (120 bytes)
[DELETE] GW1AM2_20231024_01D_EQMD_L3SGT89HA2220220.h5 (120 bytes)
[DELETE] GW1AM2_20230308_01D_EQMA_L3SGT89HA2220220.h5 (120 bytes)
[DELETE] GW1AM2_20211124_01D_EQMD_L3SGT89HA2220220.h5 (120 bytes)
[DELETE] GW1AM2_20231001_01D_EQMD_L3SGT89HA2220220.h5 (120 bytes)
[DELETE] GW1AM2_20241113_01D_EQMA_L3SGT89HA2220220.h5 (120 bytes)
[DELETE] GW1AM2_20211216_01D_EQMD_L3SGT89HA2220220.h5 (120 bytes)
[DELETE] GW1AM2_20240404_01D_EQMD_L3SGT89HA2220220.h5 (120 bytes)
[DELETE] GW1AM2_20221113_01D_EQMD_L3SGT89HA2220220.h5 (120 bytes)
[DELETE] GW1AM2_20200325_01D_EQMD_L3SGT89HA2220220.h5 (120 bytes)
[DELETE] GW1AM2_20220222_01D_EQMD_L3SGT89HA2220220.h5 (120 bytes)
[DELETE] GW1AM2_20240624_01D_EQMD_L3SGT89HA2220220.h5 (120 bytes)
[DELETE] GW1AM2_20201121_01D_EQMA_L3SGT89HA2220220.h5 (120 bytes)
[DELETE] GW1AM2_20230616_01D_EQMD_L3SGT89HA2220220.h5 (120 bytes)
[DELETE] GW1AM2_20240306_01D_EQMA_L3SGT89HA2220220.h5 (120 bytes)
[DELETE] GW1AM2_20240615_01D_EQMD_L3SGT89HA2220220.h5 (120 bytes)
[DELETE] GW1AM2_20200617_01D_EQMA_L3SGT89HA2220220.h5 (120 bytes)
[DELETE] GW1AM2_20200304_01D_EQMA_L3SGT89HA2220220.h5 (120 bytes)
[DELETE] GW1AM2_20230218_01D_EQMA_L3SGT89HA2220220.h5 (120 bytes)
[DELETE] GW1AM2_20231109_01D_EQMD_L3SGT89HA2220220.h5 (120 bytes)
[DELETE] GW1AM2_20200616_01D_EQMA_L3SGT89HA2220220.h5 (120 bytes)
[DELETE] GW1AM2_20210601_01D_EQMD_L3SGT89HA2220220.h5 (120 bytes)
[DELETE] GW1AM2_20240306_01D_EQMD_L3SGT89HA2220220.h5 (120 bytes)
[DELETE] GW1AM2_20220514_01D_EQMA_L3SGT89HA2220220.h5 (120 bytes)
[DELETE] GW1AM2_20200314_01D_EQMD_L3SGT89HA2220220.h5 (120 bytes)
[DELETE] GW1AM2_20221001_01D_EQMA_L3SGT89HA2220220.h5 (120 bytes)
[DELETE] GW1AM2_20200312_01D_EQMA_L3SGT89HA2220220.h5 (120 bytes)
[DELETE] GW1AM2_20200616_01D_EQMD_L3SGT89HA2220220.h5 (120 bytes)
[DELETE] GW1AM2_20240502_01D_EQMA_L3SGT89HA2220220.h5 (120 bytes)
[DELETE] GW1AM2_20241020_01D_EQMA_L3SGT89HA2220220.h5 (120 bytes)
[DELETE] GW1AM2_20230416_01D_EQMD_L3SGT89HA2220220.h5 (120 bytes)
[DELETE] GW1AM2_20240320_01D_EQMD_L3SGT89HA2220220.h5 (120 bytes)
[DELETE] GW1AM2_20221007_01D_EQMD_L3SGT89HA2220220.h5 (120 bytes)
[DELETE] GW1AM2_20221204_01D_EQMA_L3SGT89HA2220220.h5 (120 bytes)
[DELETE] GW1AM2_20240401_01D_EQMA_L3SGT89HA2220220.h5 (120 bytes)
[DELETE] GW1AM2_20211122_01D_EQMD_L3SGT89HA2220220.h5 (120 bytes)
[DELETE] GW1AM2_20210914_01D_EQMD_L3SGT89HA2220220.h5 (120 bytes)
[DELETE] GW1AM2_20220220_01D_EQMA_L3SGT89HA2220220.h5 (120 bytes)
[DELETE] GW1AM2_20201024_01D_EQMA_L3SGT89HA2220220.h5 (120 bytes)
[DELETE] GW1AM2_20200509_01D_EQMA_L3SGT89HA2220220.h5 (120 bytes)
[DELETE] GW1AM2_20230716_01D_EQMD_L3SGT89HA2220220.h5 (120 bytes)
[DELETE] GW1AM2_20210609_01D_EQMD_L3SGT89HA2220220.h5 (120 bytes)
[DELETE] GW1AM2_20230221_01D_EQMD_L3SGT89HA2220220.h5 (120 bytes)
[DELETE] GW1AM2_20210716_01D_EQMD_L3SGT89HA2220220.h5 (120 bytes)
[DELETE] GW1AM2_20211020_01D_EQMD_L3SGT89HA2220220.h5 (120 bytes)
[DELETE] GW1AM2_20221221_01D_EQMA_L3SGT89HA2220220.h5 (120 bytes)
[DELETE] GW1AM2_20200410_01D_EQMA_L3SGT89HA2220220.h5 (120 bytes)
[DELETE] GW1AM2_20231225_01D_EQMA_L3SGT89HA2220220.h5 (120 bytes)
[DELETE] GW1AM2_20220410_01D_EQMD_L3SGT89HA2220220.h5 (120 bytes)
[DELETE] GW1AM2_20210720_01D_EQMA_L3SGT89HA2220220.h5 (120 bytes)
[DELETE] GW1AM2_20210417_01D_EQMD_L3SGT89HA2220220.h5 (120 bytes)
[DELETE] GW1AM2_20241002_01D_EQMA_L3SGT89HA2220220.h5 (120 bytes)
[DELETE] GW1AM2_20201216_01D_EQMA_L3SGT89HA2220220.h5 (120 bytes)
[DELETE] GW1AM2_20200709_01D_EQMA_L3SGT89HA2220220.h5 (120 bytes)
[DELETE] GW1AM2_20240507_01D_EQMA_L3SGT89HA2220220.h5 (120 bytes)
[DELETE] GW1AM2_20230224_01D_EQMA_L3SGT89HA2220220.h5 (120 bytes)
[DELETE] GW1AM2_20230424_01D_EQMA_L3SGT89HA2220220.h5 (120 bytes)
[DELETE] GW1AM2_20230603_01D_EQMD_L3SGT89HA2220220.h5 (120 bytes)
[DELETE] GW1AM2_20230224_01D_EQMD_L3SGT89HA2220220.h5 (120 bytes)
[DELETE] GW1AM2_20230310_01D_EQMA_L3SGT89HA2220220.h5 (120 bytes)
[DELETE] GW1AM2_20200305_01D_EQMA_L3SGT89HA2220220.h5 (120 bytes)
[DELETE] GW1AM2_20211221_01D_EQMA_L3SGT89HA2220220.h5 (120 bytes)
[DELETE] GW1AM2_20210912_01D_EQMA_L3SGT89HA2220220.h5 (120 bytes)
[DELETE] GW1AM2_20220317_01D_EQMA_L3SGT89HA2220220.h5 (120 bytes)
[DELETE] GW1AM2_20240205_01D_EQMA_L3SGT89HA2220220.h5 (120 bytes)
[DELETE] GW1AM2_20240325_01D_EQMA_L3SGT89HA2220220.h5 (120 bytes)
[DELETE] GW1AM2_20220316_01D_EQMD_L3SGT89HA2220220.h5 (120 bytes)
[DELETE] GW1AM2_20200707_01D_EQMD_L3SGT89HA2220220.h5 (120 bytes)
[DELETE] GW1AM2_20210402_01D_EQMA_L3SGT89HA2220220.h5 (120 bytes)
[DELETE] GW1AM2_20241006_01D_EQMA_L3SGT89HA2220220.h5 (120 bytes)
[DELETE] GW1AM2_20210408_01D_EQMA_L3SGT89HA2220220.h5 (120 bytes)
[DELETE] GW1AM2_20230611_01D_EQMA_L3SGT89HA2220220.h5 (120 bytes)
[DELETE] GW1AM2_20230707_01D_EQMA_L3SGT89HA2220220.h5 (120 bytes)
[DELETE] GW1AM2_20230410_01D_EQMD_L3SGT89HA2220220.h5 (120 bytes)
[DELETE] GW1AM2_20200406_01D_EQMA_L3SGT89HA2220220.h5 (120 bytes)
[DELETE] GW1AM2_20241126_01D_EQMA_L3SGT89HA2220220.h5 (120 bytes)
[DELETE] GW1AM2_20220210_01D_EQMD_L3SGT89HA2220220.h5 (120 bytes)
[DELETE] GW1AM2_20230416_01D_EQMA_L3SGT89HA2220220.h5 (120 bytes)
[DELETE] GW1AM2_20240724_01D_EQMA_L3SGT89HA2220220.h5 (120 bytes)
[DELETE] GW1AM2_20200401_01D_EQMA_L3SGT89HA2220220.h5 (120 bytes)
[DELETE] GW1AM2_20200417_01D_EQMD_L3SGT89HA2220220.h5 (120 bytes)
[DELETE] GW1AM2_20240618_01D_EQMA_L3SGT89HA2220220.h5 (120 bytes)
[DELETE] GW1AM2_20240612_01D_EQMD_L3SGT89HA2220220.h5 (120 bytes)
[DELETE] GW1AM2_20210408_01D_EQMD_L3SGT89HA2220220.h5 (120 bytes)
[DELETE] GW1AM2_20210402_01D_EQMD_L3SGT89HA2220220.h5 (120 bytes)
[DELETE] GW1AM2_20230203_01D_EQMA_L3SGT89HA2220220.h5 (120 bytes)
[DELETE] GW1AM2_20200922_01D_EQMA_L3SGT89HA2220220.h5 (120 bytes)
[DELETE] GW1AM2_20200207_01D_EQMA_L3SGT89HA2220220.h5 (120 bytes)
[DELETE] GW1AM2_20240512_01D_EQMD_L3SGT89HA2220220.h5 (120 bytes)
[DELETE] GW1AM2_20241115_01D_EQMD_L3SGT89HA2220220.h5 (120 bytes)
[DELETE] GW1AM2_20220316_01D_EQMA_L3SGT89HA2220220.h5 (120 bytes)
[DELETE] GW1AM2_20210513_01D_EQMA_L3SGT89HA2220220.h5 (120 bytes)
[DELETE] GW1AM2_20241024_01D_EQMD_L3SGT89HA2220220.h5 (120 bytes)
[DELETE] GW1AM2_20230504_01D_EQMD_L3SGT89HA2220220.h5 (120 bytes)
[DELETE] GW1AM2_20220710_01D_EQMD_L3SGT89HA2220220.h5 (120 bytes)
[DELETE] GW1AM2_20200801_01D_EQMD_L3SGT89HA2220220.h5 (120 bytes)
[DELETE] GW1AM2_20220918_01D_EQMD_L3SGT89HA2220220.h5 (120 bytes)
[DELETE] GW1AM2_20240808_01D_EQMA_L3SGT89HA2220220.h5 (120 bytes)
[DELETE] GW1AM2_20210216_01D_EQMA_L3SGT89HA2220220.h5 (120 bytes)
[DELETE] GW1AM2_20240823_01D_EQMA_L3SGT89HA2220220.h5 (120 bytes)
[DELETE] GW1AM2_20220520_01D_EQMA_L3SGT89HA2220220.h5 (120 bytes)
[DELETE] GW1AM2_20240224_01D_EQMA_L3SGT89HA2220220.h5 (120 bytes)
[DELETE] GW1AM2_20240915_01D_EQMD_L3SGT89HA2220220.h5 (120 bytes)
[DELETE] GW1AM2_20220820_01D_EQMD_L3SGT89HA2220220.h5 (120 bytes)
[DELETE] GW1AM2_20200625_01D_EQMA_L3SGT89HA2220220.h5 (120 bytes)
[DELETE] GW1AM2_20220215_01D_EQMD_L3SGT89HA2220220.h5 (120 bytes)
[DELETE] GW1AM2_20210912_01D_EQMD_L3SGT89HA2220220.h5 (120 bytes)
[DELETE] GW1AM2_20230601_01D_EQMA_L3SGT89HA2220220.h5 (120 bytes)
[DELETE] GW1AM2_20230314_01D_EQMD_L3SGT89HA2220220.h5 (120 bytes)
[DELETE] GW1AM2_20210519_01D_EQMD_L3SGT89HA2220220.h5 (120 bytes)
[DELETE] GW1AM2_20210918_01D_EQMA_L3SGT89HA2220220.h5 (120 bytes)
[DELETE] GW1AM2_20220912_01D_EQMA_L3SGT89HA2220220.h5 (120 bytes)
[DELETE] GW1AM2_20240802_01D_EQMD_L3SGT89HA2220220.h5 (120 bytes)
[DELETE] GW1AM2_20240518_01D_EQMA_L3SGT89HA2220220.h5 (120 bytes)
[DELETE] GW1AM2_20230812_01D_EQMA_L3SGT89HA2220220.h5 (120 bytes)
[DELETE] GW1AM2_20240508_01D_EQMD_L3SGT89HA2220220.h5 (120 bytes)
[DELETE] GW1AM2_20221110_01D_EQMD_L3SGT89HA2220220.h5 (120 bytes)
[DELETE] GW1AM2_20210814_01D_EQMA_L3SGT89HA2220220.h5 (120 bytes)
[DELETE] GW1AM2_20200711_01D_EQMA_L3SGT89HA2220220.h5 (120 bytes)
[DELETE] GW1AM2_20240925_01D_EQMD_L3SGT89HA2220220.h5 (120 bytes)
[DELETE] GW1AM2_20221107_01D_EQMD_L3SGT89HA2220220.h5 (120 bytes)
[DELETE] GW1AM2_20221021_01D_EQMA_L3SGT89HA2220220.h5 (120 bytes)
[DELETE] GW1AM2_20240515_01D_EQMD_L3SGT89HA2220220.h5 (120 bytes)
[DELETE] GW1AM2_20241121_01D_EQMA_L3SGT89HA2220220.h5 (120 bytes)
[DELETE] GW1AM2_20230319_01D_EQMD_L3SGT89HA2220220.h5 (120 bytes)
[DELETE] GW1AM2_20220917_01D_EQMD_L3SGT89HA2220220.h5 (120 bytes)
[DELETE] GW1AM2_20241021_01D_EQMD_L3SGT89HA2220220.h5 (120 bytes)
[DELETE] GW1AM2_20220415_01D_EQMA_L3SGT89HA2220220.h5 (120 bytes)
[DELETE] GW1AM2_20220925_01D_EQMD_L3SGT89HA2220220.h5 (120 bytes)
[DELETE] GW1AM2_20200418_01D_EQMA_L3SGT89HA2220220.h5 (120 bytes)
[DELETE] GW1AM2_20240901_01D_EQMD_L3SGT89HA2220220.h5 (120 bytes)
[DELETE] GW1AM2_20240203_01D_EQMD_L3SGT89HA2220220.h5 (120 bytes)
[DELETE] GW1AM2_20220817_01D_EQMD_L3SGT89HA2220220.h5 (120 bytes)
[DELETE] GW1AM2_20200615_01D_EQMD_L3SGT89HA2220220.h5 (120 bytes)
[DELETE] GW1AM2_20240513_01D_EQMA_L3SGT89HA2220220.h5 (120 bytes)
[DELETE] GW1AM2_20241222_01D_EQMA_L3SGT89HA2220220.h5 (120 bytes)
[DELETE] GW1AM2_20240316_01D_EQMD_L3SGT89HA2220220.h5 (120 bytes)
[DELETE] GW1AM2_20240923_01D_EQMD_L3SGT89HA2220220.h5 (120 bytes)
[DELETE] GW1AM2_20200310_01D_EQMA_L3SGT89HA2220220.h5 (120 bytes)
[DELETE] GW1AM2_20210317_01D_EQMD_L3SGT89HA2220220.h5 (120 bytes)
[DELETE] GW1AM2_20240523_01D_EQMD_L3SGT89HA2220220.h5 (120 bytes)
[DELETE] GW1AM2_20240601_01D_EQMD_L3SGT89HA2220220.h5 (120 bytes)
[DELETE] GW1AM2_20200815_01D_EQMD_L3SGT89HA2220220.h5 (120 bytes)
[DELETE] GW1AM2_20231010_01D_EQMD_L3SGT89HA2220220.h5 (120 bytes)
[DELETE] GW1AM2_20240617_01D_EQMA_L3SGT89HA2220220.h5 (120 bytes)
[DELETE] GW1AM2_20211206_01D_EQMA_L3SGT89HA2220220.h5 (120 bytes)
[DELETE] GW1AM2_20200804_01D_EQMD_L3SGT89HA2220220.h5 (120 bytes)
[DELETE] GW1AM2_20240519_01D_EQMD_L3SGT89HA2220220.h5 (120 bytes)
[DELETE] GW1AM2_20240209_01D_EQMA_L3SGT89HA2220220.h5 (120 bytes)
[DELETE] GW1AM2_20200412_01D_EQMD_L3SGT89HA2220220.h5 (120 bytes)
[DELETE] GW1AM2_20201119_01D_EQMA_L3SGT89HA2220220.h5 (120 bytes)
[DELETE] GW1AM2_20221016_01D_EQMA_L3SGT89HA2220220.h5 (120 bytes)
[DELETE] GW1AM2_20240206_01D_EQMD_L3SGT89HA2220220.h5 (120 bytes)
[DELETE] GW1AM2_20211012_01D_EQMA_L3SGT89HA2220220.h5 (120 bytes)
[DELETE] GW1AM2_20211018_01D_EQMD_L3SGT89HA2220220.h5 (120 bytes)
[DELETE] GW1AM2_20240918_01D_EQMA_L3SGT89HA2220220.h5 (120 bytes)
[DELETE] GW1AM2_20220214_01D_EQMD_L3SGT89HA2220220.h5 (120 bytes)
[DELETE] GW1AM2_20230313_01D_EQMD_L3SGT89HA2220220.h5 (120 bytes)
[DELETE] GW1AM2_20230319_01D_EQMA_L3SGT89HA2220220.h5 (120 bytes)
[DELETE] GW1AM2_20200712_01D_EQMD_L3SGT89HA2220220.h5 (120 bytes)
[DELETE] GW1AM2_20201009_01D_EQMD_L3SGT89HA2220220.h5 (120 bytes)
[DELETE] GW1AM2_20230516_01D_EQMD_L3SGT89HA2220220.h5 (120 bytes)
[DELETE] GW1AM2_20210516_01D_EQMD_L3SGT89HA2220220.h5 (120 bytes)
[DELETE] GW1AM2_20230620_01D_EQMA_L3SGT89HA2220220.h5 (120 bytes)
[DELETE] GW1AM2_20201003_01D_EQMA_L3SGT89HA2220220.h5 (120 bytes)
[DELETE] GW1AM2_20220402_01D_EQMD_L3SGT89HA2220220.h5 (120 bytes)
[DELETE] GW1AM2_20200901_01D_EQMA_L3SGT89HA2220220.h5 (120 bytes)
[DELETE] GW1AM2_20220206_01D_EQMA_L3SGT89HA2220220.h5 (120 bytes)
[DELETE] GW1AM2_20220503_01D_EQMD_L3SGT89HA2220220.h5 (120 bytes)
[DELETE] GW1AM2_20231018_01D_EQMD_L3SGT89HA2220220.h5 (120 bytes)
[DELETE] GW1AM2_20220611_01D_EQMD_L3SGT89HA2220220.h5 (120 bytes)
[DELETE] GW1AM2_20231117_01D_EQMD_L3SGT89HA2220220.h5 (120 bytes)
[DELETE] GW1AM2_20230301_01D_EQMA_L3SGT89HA2220220.h5 (120 bytes)
[DELETE] GW1AM2_20240713_01D_EQMA_L3SGT89HA2220220.h5 (120 bytes)
[DELETE] GW1AM2_20230909_01D_EQMD_L3SGT89HA2220220.h5 (120 bytes)
[DELETE] GW1AM2_20200805_01D_EQMA_L3SGT89HA2220220.h5 (120 bytes)
[DELETE] GW1AM2_20231010_01D_EQMA_L3SGT89HA2220220.h5 (120 bytes)
[DELETE] GW1AM2_20200221_01D_EQMA_L3SGT89HA2220220.h5 (120 bytes)
[DELETE] GW1AM2_20230613_01D_EQMD_L3SGT89HA2220220.h5 (120 bytes)
[DELETE] GW1AM2_20220523_01D_EQMA_L3SGT89HA2220220.h5 (120 bytes)
[DELETE] GW1AM2_20201212_01D_EQMA_L3SGT89HA2220220.h5 (120 bytes)
[DELETE] GW1AM2_20220914_01D_EQMD_L3SGT89HA2220220.h5 (120 bytes)
[DELETE] GW1AM2_20230619_01D_EQMA_L3SGT89HA2220220.h5 (120 bytes)
[DELETE] GW1AM2_20240719_01D_EQMD_L3SGT89HA2220220.h5 (120 bytes)
[DELETE] GW1AM2_20201218_01D_EQMD_L3SGT89HA2220220.h5 (120 bytes)
[DELETE] GW1AM2_20230903_01D_EQMA_L3SGT89HA2220220.h5 (120 bytes)
[DELETE] GW1AM2_20231012_01D_EQMA_L3SGT89HA2220220.h5 (120 bytes)
[DELETE] GW1AM2_20240419_01D_EQMA_L3SGT89HA2220220.h5 (120 bytes)
[DELETE] GW1AM2_20230904_01D_EQMD_L3SGT89HA2220220.h5 (120 bytes)
[DELETE] GW1AM2_20240308_01D_EQMD_L3SGT89HA2220220.h5 (120 bytes)
[DELETE] GW1AM2_20231212_01D_EQMA_L3SGT89HA2220220.h5 (120 bytes)
[DELETE] GW1AM2_20220724_01D_EQMD_L3SGT89HA2220220.h5 (120 bytes)
[DELETE] GW1AM2_20230904_01D_EQMA_L3SGT89HA2220220.h5 (120 bytes)
[DELETE] GW1AM2_20231218_01D_EQMD_L3SGT89HA2220220.h5 (120 bytes)
[DELETE] GW1AM2_20240302_01D_EQMA_L3SGT89HA2220220.h5 (120 bytes)
[DELETE] GW1AM2_20230212_01D_EQMA_L3SGT89HA2220220.h5 (120 bytes)
[DELETE] GW1AM2_20210301_01D_EQMA_L3SGT89HA2220220.h5 (120 bytes)
[DELETE] GW1AM2_20230212_01D_EQMD_L3SGT89HA2220220.h5 (120 bytes)
[DELETE] GW1AM2_20230824_01D_EQMD_L3SGT89HA2220220.h5 (120 bytes)
[DELETE] GW1AM2_20220614_01D_EQMD_L3SGT89HA2220220.h5 (120 bytes)
[DELETE] GW1AM2_20200722_01D_EQMA_L3SGT89HA2220220.h5 (120 bytes)
[DELETE] GW1AM2_20230612_01D_EQMA_L3SGT89HA2220220.h5 (120 bytes)
[DELETE] GW1AM2_20220323_01D_EQMD_L3SGT89HA2220220.h5 (120 bytes)
[DELETE] GW1AM2_20231216_01D_EQMD_L3SGT89HA2220220.h5 (120 bytes)
[DELETE] GW1AM2_20210308_01D_EQMD_L3SGT89HA2220220.h5 (120 bytes)
[DELETE] GW1AM2_20240417_01D_EQMD_L3SGT89HA2220220.h5 (120 bytes)
[DELETE] GW1AM2_20201224_01D_EQMD_L3SGT89HA2220220.h5 (120 bytes)
[DELETE] GW1AM2_20211225_01D_EQMD_L3SGT89HA2220220.h5 (120 bytes)
[DELETE] GW1AM2_20240204_01D_EQMD_L3SGT89HA2220220.h5 (120 bytes)
[DELETE] GW1AM2_20200725_01D_EQMA_L3SGT89HA2220220.h5 (120 bytes)
[DELETE] GW1AM2_20240304_01D_EQMA_L3SGT89HA2220220.h5 (120 bytes)
[DELETE] GW1AM2_20240904_01D_EQMA_L3SGT89HA2220220.h5 (120 bytes)
[DELETE] GW1AM2_20241216_01D_EQMA_L3SGT89HA2220220.h5 (120 bytes)
[DELETE] GW1AM2_20240804_01D_EQMD_L3SGT89HA2220220.h5 (120 bytes)
[DELETE] GW1AM2_20230401_01D_EQMD_L3SGT89HA2220220.h5 (120 bytes)
[DELETE] GW1AM2_20220824_01D_EQMD_L3SGT89HA2220220.h5 (120 bytes)
[DELETE] GW1AM2_20210304_01D_EQMD_L3SGT89HA2220220.h5 (120 bytes)
[DELETE] GW1AM2_20210213_01D_EQMD_L3SGT89HA2220220.h5 (120 bytes)
[DELETE] GW1AM2_20231004_01D_EQMA_L3SGT89HA2220220.h5 (120 bytes)
[DELETE] GW1AM2_20211213_01D_EQMA_L3SGT89HA2220220.h5 (120 bytes)
[DELETE] GW1AM2_20211007_01D_EQMA_L3SGT89HA2220220.h5 (120 bytes)
[DELETE] GW1AM2_20241105_01D_EQMA_L3SGT89HA2220220.h5 (120 bytes)
[DELETE] GW1AM2_20230310_01D_EQMD_L3SGT89HA2220220.h5 (120 bytes)
[DELETE] GW1AM2_20210225_01D_EQMA_L3SGT89HA2220220.h5 (120 bytes)
[DELETE] GW1AM2_20230618_01D_EQMD_L3SGT89HA2220220.h5 (120 bytes)
[DELETE] GW1AM2_20210302_01D_EQMA_L3SGT89HA2220220.h5 (120 bytes)
[DELETE] GW1AM2_20210219_01D_EQMA_L3SGT89HA2220220.h5 (120 bytes)
[DELETE] GW1AM2_20211219_01D_EQMD_L3SGT89HA2220220.h5 (120 bytes)
[DELETE] GW1AM2_20210602_01D_EQMD_L3SGT89HA2220220.h5 (120 bytes)
[DELETE] GW1AM2_20200504_01D_EQMD_L3SGT89HA2220220.h5 (120 bytes)
[DELETE] GW1AM2_20230901_01D_EQMA_L3SGT89HA2220220.h5 (120 bytes)
[DELETE] GW1AM2_20200217_01D_EQMD_L3SGT89HA2220220.h5 (120 bytes)
[DELETE] GW1AM2_20240610_01D_EQMA_L3SGT89HA2220220.h5 (120 bytes)
[DELETE] GW1AM2_20230214_01D_EQMA_L3SGT89HA2220220.h5 (120 bytes)
[DELETE] GW1AM2_20240717_01D_EQMD_L3SGT89HA2220220.h5 (120 bytes)
[DELETE] GW1AM2_20230816_01D_EQMA_L3SGT89HA2220220.h5 (120 bytes)
[DELETE] GW1AM2_20241119_01D_EQMD_L3SGT89HA2220220.h5 (120 bytes)
[DELETE] GW1AM2_20230804_01D_EQMA_L3SGT89HA2220220.h5 (120 bytes)
[DELETE] GW1AM2_20221104_01D_EQMA_L3SGT89HA2220220.h5 (120 bytes)
[DELETE] GW1AM2_20230423_01D_EQMD_L3SGT89HA2220220.h5 (120 bytes)
[DELETE] GW1AM2_20231205_01D_EQMA_L3SGT89HA2220220.h5 (120 bytes)
[DELETE] GW1AM2_20220202_01D_EQMA_L3SGT89HA2220220.h5 (120 bytes)
[DELETE] GW1AM2_20220208_01D_EQMD_L3SGT89HA2220220.h5 (120 bytes)
[DELETE] GW1AM2_20210313_01D_EQMD_L3SGT89HA2220220.h5 (120 bytes)
[DELETE] GW1AM2_20200912_01D_EQMA_L3SGT89HA2220220.h5 (120 bytes)
[DELETE] GW1AM2_20210410_01D_EQMD_L3SGT89HA2220220.h5 (120 bytes)
[DELETE] GW1AM2_20201011_01D_EQMD_L3SGT89HA2220220.h5 (120 bytes)
[DELETE] GW1AM2_20210520_01D_EQMA_L3SGT89HA2220220.h5 (120 bytes)
[DELETE] GW1AM2_20200306_01D_EQMA_L3SGT89HA2220220.h5 (120 bytes)
[DELETE] GW1AM2_20200811_01D_EQMD_L3SGT89HA2220220.h5 (120 bytes)
[DELETE] GW1AM2_20220220_01D_EQMD_L3SGT89HA2220220.h5 (120 bytes)
[DELETE] GW1AM2_20200802_01D_EQMD_L3SGT89HA2220220.h5 (120 bytes)
[DELETE] GW1AM2_20200410_01D_EQMD_L3SGT89HA2220220.h5 (120 bytes)
[DELETE] GW1AM2_20210212_01D_EQMA_L3SGT89HA2220220.h5 (120 bytes)
[DELETE] GW1AM2_20240211_01D_EQMA_L3SGT89HA2220220.h5 (120 bytes)
[DELETE] GW1AM2_20240313_01D_EQMD_L3SGT89HA2220220.h5 (120 bytes)
[DELETE] GW1AM2_20230405_01D_EQMD_L3SGT89HA2220220.h5 (120 bytes)
[DELETE] GW1AM2_20201111_01D_EQMA_L3SGT89HA2220220.h5 (120 bytes)
[DELETE] GW1AM2_20240425_01D_EQMA_L3SGT89HA2220220.h5 (120 bytes)
[DELETE] GW1AM2_20200309_01D_EQMD_L3SGT89HA2220220.h5 (120 bytes)
[DELETE] GW1AM2_20200303_01D_EQMA_L3SGT89HA2220220.h5 (120 bytes)
[DELETE] GW1AM2_20240906_01D_EQMD_L3SGT89HA2220220.h5 (120 bytes)
[DELETE] GW1AM2_20200525_01D_EQMD_L3SGT89HA2220220.h5 (120 bytes)
[DELETE] GW1AM2_20210523_01D_EQMA_L3SGT89HA2220220.h5 (120 bytes)
[DELETE] GW1AM2_20230514_01D_EQMA_L3SGT89HA2220220.h5 (120 bytes)
[DELETE] GW1AM2_20220420_01D_EQMA_L3SGT89HA2220220.h5 (120 bytes)
[DELETE] GW1AM2_20210710_01D_EQMA_L3SGT89HA2220220.h5 (120 bytes)
[DELETE] GW1AM2_20220321_01D_EQMD_L3SGT89HA2220220.h5 (120 bytes)
[DELETE] GW1AM2_20210422_01D_EQMD_L3SGT89HA2220220.h5 (120 bytes)
[DELETE] GW1AM2_20241201_01D_EQMA_L3SGT89HA2220220.h5 (120 bytes)
[DELETE] GW1AM2_20230602_01D_EQMA_L3SGT89HA2220220.h5 (120 bytes)
[DELETE] GW1AM2_20211120_01D_EQMA_L3SGT89HA2220220.h5 (120 bytes)
[DELETE] GW1AM2_20241017_01D_EQMD_L3SGT89HA2220220.h5 (120 bytes)
[DELETE] GW1AM2_20200808_01D_EQMA_L3SGT89HA2220220.h5 (120 bytes)
[DELETE] GW1AM2_20240319_01D_EQMA_L3SGT89HA2220220.h5 (120 bytes)
[DELETE] GW1AM2_20200918_01D_EQMD_L3SGT89HA2220220.h5 (120 bytes)
[DELETE] GW1AM2_20210218_01D_EQMD_L3SGT89HA2220220.h5 (120 bytes)
[DELETE] GW1AM2_20230608_01D_EQMD_L3SGT89HA2220220.h5 (120 bytes)
[DELETE] GW1AM2_20210619_01D_EQMD_L3SGT89HA2220220.h5 (120 bytes)
[DELETE] GW1AM2_20240825_01D_EQMA_L3SGT89HA2220220.h5 (120 bytes)
[DELETE] GW1AM2_20221013_01D_EQMA_L3SGT89HA2220220.h5 (120 bytes)
[DELETE] GW1AM2_20220306_01D_EQMD_L3SGT89HA2220220.h5 (120 bytes)
[DELETE] GW1AM2_20240224_01D_EQMD_L3SGT89HA2220220.h5 (120 bytes)
[DELETE] GW1AM2_20210203_01D_EQMA_L3SGT89HA2220220.h5 (120 bytes)
[DELETE] GW1AM2_20220916_01D_EQMA_L3SGT89HA2220220.h5 (120 bytes)
[DELETE] GW1AM2_20230707_01D_EQMD_L3SGT89HA2220220.h5 (120 bytes)
[DELETE] GW1AM2_20211107_01D_EQMA_L3SGT89HA2220220.h5 (120 bytes)
[DELETE] GW1AM2_20240711_01D_EQMD_L3SGT89HA2220220.h5 (120 bytes)
[DELETE] GW1AM2_20221116_01D_EQMA_L3SGT89HA2220220.h5 (120 bytes)
[DELETE] GW1AM2_20230401_01D_EQMA_L3SGT89HA2220220.h5 (120 bytes)
[DELETE] GW1AM2_20200422_01D_EQMA_L3SGT89HA2220220.h5 (120 bytes)
[DELETE] GW1AM2_20230425_01D_EQMA_L3SGT89HA2220220.h5 (120 bytes)
[DELETE] GW1AM2_20220809_01D_EQMD_L3SGT89HA2220220.h5 (120 bytes)
[DELETE] GW1AM2_20200419_01D_EQMA_L3SGT89HA2220220.h5 (120 bytes)
[DELETE] GW1AM2_20230922_01D_EQMD_L3SGT89HA2220220.h5 (120 bytes)
[DELETE] GW1AM2_20240208_01D_EQMD_L3SGT89HA2220220.h5 (120 bytes)
[DELETE] GW1AM2_20211024_01D_EQMD_L3SGT89HA2220220.h5 (120 bytes)
[DELETE] GW1AM2_20220605_01D_EQMA_L3SGT89HA2220220.h5 (120 bytes)
[DELETE] GW1AM2_20230614_01D_EQMA_L3SGT89HA2220220.h5 (120 bytes)
[DELETE] GW1AM2_20221214_01D_EQMD_L3SGT89HA2220220.h5 (120 bytes)
[DELETE] GW1AM2_20230520_01D_EQMD_L3SGT89HA2220220.h5 (120 bytes)
[DELETE] GW1AM2_20220907_01D_EQMA_L3SGT89HA2220220.h5 (120 bytes)
[DELETE] GW1AM2_20210306_01D_EQMA_L3SGT89HA2220220.h5 (120 bytes)
[DELETE] GW1AM2_20200202_01D_EQMA_L3SGT89HA2220220.h5 (120 bytes)
[DELETE] GW1AM2_20200510_01D_EQMD_L3SGT89HA2220220.h5 (120 bytes)
[DELETE] GW1AM2_20240815_01D_EQMA_L3SGT89HA2220220.h5 (120 bytes)
[DELETE] GW1AM2_20201023_01D_EQMA_L3SGT89HA2220220.h5 (120 bytes)
[DELETE] GW1AM2_20240202_01D_EQMA_L3SGT89HA2220220.h5 (120 bytes)
[DELETE] GW1AM2_20200208_01D_EQMD_L3SGT89HA2220220.h5 (120 bytes)
[DELETE] GW1AM2_20210209_01D_EQMD_L3SGT89HA2220220.h5 (120 bytes)
[DELETE] GW1AM2_20221019_01D_EQMD_L3SGT89HA2220220.h5 (120 bytes)
[DELETE] GW1AM2_20200413_01D_EQMD_L3SGT89HA2220220.h5 (120 bytes)
[DELETE] GW1AM2_20241018_01D_EQMA_L3SGT89HA2220220.h5 (120 bytes)
[DELETE] GW1AM2_20201222_01D_EQMA_L3SGT89HA2220220.h5 (120 bytes)
[DELETE] GW1AM2_20230312_01D_EQMD_L3SGT89HA2220220.h5 (120 bytes)
[DELETE] GW1AM2_20230318_01D_EQMA_L3SGT89HA2220220.h5 (120 bytes)
[DELETE] GW1AM2_20200618_01D_EQMA_L3SGT89HA2220220.h5 (120 bytes)
[DELETE] GW1AM2_20210701_01D_EQMA_L3SGT89HA2220220.h5 (120 bytes)
[DELETE] GW1AM2_20201123_01D_EQMA_L3SGT89HA2220220.h5 (120 bytes)
[DELETE] GW1AM2_20200805_01D_EQMD_L3SGT89HA2220220.h5 (120 bytes)
[DELETE] GW1AM2_20201019_01D_EQMD_L3SGT89HA2220220.h5 (120 bytes)
[DELETE] GW1AM2_20210706_01D_EQMA_L3SGT89HA2220220.h5 (120 bytes)
[DELETE] GW1AM2_20220804_01D_EQMD_L3SGT89HA2220220.h5 (120 bytes)
[DELETE] GW1AM2_20200222_01D_EQMD_L3SGT89HA2220220.h5 (120 bytes)
[DELETE] GW1AM2_20220325_01D_EQMD_L3SGT89HA2220220.h5 (120 bytes)
[DELETE] GW1AM2_20211205_01D_EQMA_L3SGT89HA2220220.h5 (120 bytes)
[DELETE] GW1AM2_20230806_01D_EQMA_L3SGT89HA2220220.h5 (120 bytes)
[DELETE] GW1AM2_20210722_01D_EQMA_L3SGT89HA2220220.h5 (120 bytes)
[DELETE] GW1AM2_20230219_01D_EQMA_L3SGT89HA2220220.h5 (120 bytes)
[DELETE] GW1AM2_20221012_01D_EQMD_L3SGT89HA2220220.h5 (120 bytes)
[DELETE] GW1AM2_20200716_01D_EQMA_L3SGT89HA2220220.h5 (120 bytes)
[DELETE] GW1AM2_20220217_01D_EQMD_L3SGT89HA2220220.h5 (120 bytes)
[DELETE] GW1AM2_20210611_01D_EQMD_L3SGT89HA2220220.h5 (120 bytes)
[DELETE] GW1AM2_20220619_01D_EQMA_L3SGT89HA2220220.h5 (120 bytes)
[DELETE] GW1AM2_20240417_01D_EQMA_L3SGT89HA2220220.h5 (120 bytes)
[DELETE] GW1AM2_20200911_01D_EQMA_L3SGT89HA2220220.h5 (120 bytes)
[DELETE] GW1AM2_20220912_01D_EQMD_L3SGT89HA2220220.h5 (120 bytes)
[DELETE] GW1AM2_20220918_01D_EQMA_L3SGT89HA2220220.h5 (120 bytes)
[DELETE] GW1AM2_20220613_01D_EQMD_L3SGT89HA2220220.h5 (120 bytes)
[DELETE] GW1AM2_20220213_01D_EQMD_L3SGT89HA2220220.h5 (120 bytes)
[DELETE] GW1AM2_20211219_01D_EQMA_L3SGT89HA2220220.h5 (120 bytes)
[DELETE] GW1AM2_20201213_01D_EQMA_L3SGT89HA2220220.h5 (120 bytes)
[DELETE] GW1AM2_20211017_01D_EQMA_L3SGT89HA2220220.h5 (120 bytes)
[DELETE] GW1AM2_20240607_01D_EQMD_L3SGT89HA2220220.h5 (120 bytes)
[DELETE] GW1AM2_20230407_01D_EQMD_L3SGT89HA2220220.h5 (120 bytes)
[DELETE] GW1AM2_20241207_01D_EQMA_L3SGT89HA2220220.h5 (120 bytes)
[DELETE] GW1AM2_20230917_01D_EQMD_L3SGT89HA2220220.h5 (120 bytes)
[DELETE] GW1AM2_20221013_01D_EQMD_L3SGT89HA2220220.h5 (120 bytes)
[DELETE] GW1AM2_20230601_01D_EQMD_L3SGT89HA2220220.h5 (120 bytes)
[DELETE] GW1AM2_20241010_01D_EQMA_L3SGT89HA2220220.h5 (120 bytes)
[DELETE] GW1AM2_20210801_01D_EQMD_L3SGT89HA2220220.h5 (120 bytes)
[DELETE] GW1AM2_20210504_01D_EQMA_L3SGT89HA2220220.h5 (120 bytes)
[DELETE] GW1AM2_20230701_01D_EQMA_L3SGT89HA2220220.h5 (120 bytes)
[DELETE] GW1AM2_20210206_01D_EQMD_L3SGT89HA2220220.h5 (120 bytes)
[DELETE] GW1AM2_20240514_01D_EQMD_L3SGT89HA2220220.h5 (120 bytes)
[DELETE] GW1AM2_20231011_01D_EQMA_L3SGT89HA2220220.h5 (120 bytes)
[DELETE] GW1AM2_20240525_01D_EQMD_L3SGT89HA2220220.h5 (120 bytes)
[DELETE] GW1AM2_20200823_01D_EQMA_L3SGT89HA2220220.h5 (120 bytes)
[DELETE] GW1AM2_20210318_01D_EQMA_L3SGT89HA2220220.h5 (120 bytes)
[DELETE] GW1AM2_20200219_01D_EQMD_L3SGT89HA2220220.h5 (120 bytes)
[DELETE] GW1AM2_20220622_01D_EQMA_L3SGT89HA2220220.h5 (120 bytes)
[DELETE] GW1AM2_20231021_01D_EQMD_L3SGT89HA2220220.h5 (120 bytes)
[DELETE] GW1AM2_20231005_01D_EQMD_L3SGT89HA2220220.h5 (120 bytes)
[DELETE] GW1AM2_20221202_01D_EQMD_L3SGT89HA2220220.h5 (120 bytes)
[DELETE] GW1AM2_20210917_01D_EQMD_L3SGT89HA2220220.h5 (120 bytes)
[DELETE] GW1AM2_20211213_01D_EQMD_L3SGT89HA2220220.h5 (120 bytes)
[DELETE] GW1AM2_20201219_01D_EQMD_L3SGT89HA2220220.h5 (120 bytes)
[DELETE] GW1AM2_20221019_01D_EQMA_L3SGT89HA2220220.h5 (120 bytes)
[DELETE] GW1AM2_20200213_01D_EQMA_L3SGT89HA2220220.h5 (120 bytes)
[DELETE] GW1AM2_20210312_01D_EQMD_L3SGT89HA2220220.h5 (120 bytes)
[DELETE] GW1AM2_20221208_01D_EQMA_L3SGT89HA2220220.h5 (120 bytes)
[DELETE] GW1AM2_20210812_01D_EQMA_L3SGT89HA2220220.h5 (120 bytes)
[DELETE] GW1AM2_20231008_01D_EQMA_L3SGT89HA2220220.h5 (120 bytes)
[DELETE] GW1AM2_20211004_01D_EQMD_L3SGT89HA2220220.h5 (120 bytes)
[DELETE] GW1AM2_20221017_01D_EQMA_L3SGT89HA2220220.h5 (120 bytes)
[DELETE] GW1AM2_20200323_01D_EQMA_L3SGT89HA2220220.h5 (120 bytes)
[DELETE] GW1AM2_20231202_01D_EQMA_L3SGT89HA2220220.h5 (120 bytes)
[DELETE] GW1AM2_20231002_01D_EQMD_L3SGT89HA2220220.h5 (120 bytes)
[DELETE] GW1AM2_20231208_01D_EQMD_L3SGT89HA2220220.h5 (120 bytes)
[DELETE] GW1AM2_20200813_01D_EQMA_L3SGT89HA2220220.h5 (120 bytes)
[DELETE] GW1AM2_20230704_01D_EQMD_L3SGT89HA2220220.h5 (120 bytes)
[DELETE] GW1AM2_20230911_01D_EQMA_L3SGT89HA2220220.h5 (120 bytes)
[DELETE] GW1AM2_20210807_01D_EQMD_L3SGT89HA2220220.h5 (120 bytes)
[DELETE] GW1AM2_20231006_01D_EQMA_L3SGT89HA2220220.h5 (120 bytes)
[DELETE] GW1AM2_20200809_01D_EQMA_L3SGT89HA2220220.h5 (120 bytes)
[DELETE] GW1AM2_20220822_01D_EQMA_L3SGT89HA2220220.h5 (120 bytes)
[DELETE] GW1AM2_20210310_01D_EQMD_L3SGT89HA2220220.h5 (120 bytes)
[DELETE] GW1AM2_20210416_01D_EQMA_L3SGT89HA2220220.h5 (120 bytes)
[DELETE] GW1AM2_20210507_01D_EQMA_L3SGT89HA2220220.h5 (120 bytes)
[DELETE] GW1AM2_20231210_01D_EQMA_L3SGT89HA2220220.h5 (120 bytes)
[DELETE] GW1AM2_20240501_01D_EQMA_L3SGT89HA2220220.h5 (120 bytes)
[DELETE] GW1AM2_20231111_01D_EQMD_L3SGT89HA2220220.h5 (120 bytes)
[DELETE] GW1AM2_20241104_01D_EQMA_L3SGT89HA2220220.h5 (120 bytes)
[DELETE] GW1AM2_20230316_01D_EQMD_L3SGT89HA2220220.h5 (120 bytes)
[DELETE] GW1AM2_20230708_01D_EQMA_L3SGT89HA2220220.h5 (120 bytes)
[DELETE] GW1AM2_20210622_01D_EQMA_L3SGT89HA2220220.h5 (120 bytes)
[DELETE] GW1AM2_20210906_01D_EQMD_L3SGT89HA2220220.h5 (120 bytes)
[DELETE] GW1AM2_20200824_01D_EQMA_L3SGT89HA2220220.h5 (120 bytes)
[DELETE] GW1AM2_20220405_01D_EQMD_L3SGT89HA2220220.h5 (120 bytes)
[DELETE] GW1AM2_20231206_01D_EQMA_L3SGT89HA2220220.h5 (120 bytes)
[DELETE] GW1AM2_20220414_01D_EQMA_L3SGT89HA2220220.h5 (120 bytes)
[DELETE] GW1AM2_20210210_01D_EQMA_L3SGT89HA2220220.h5 (120 bytes)
[DELETE] GW1AM2_20240222_01D_EQMD_L3SGT89HA2220220.h5 (120 bytes)
[DELETE] GW1AM2_20220314_01D_EQMA_L3SGT89HA2220220.h5 (120 bytes)
[DELETE] GW1AM2_20230302_01D_EQMD_L3SGT89HA2220220.h5 (120 bytes)
[DELETE] GW1AM2_20230913_01D_EQMA_L3SGT89HA2220220.h5 (120 bytes)
[DELETE] GW1AM2_20211207_01D_EQMD_L3SGT89HA2220220.h5 (120 bytes)
[DELETE] GW1AM2_20241025_01D_EQMD_L3SGT89HA2220220.h5 (120 bytes)
[DELETE] GW1AM2_20230615_01D_EQMA_L3SGT89HA2220220.h5 (120 bytes)
[DELETE] GW1AM2_20211008_01D_EQMD_L3SGT89HA2220220.h5 (120 bytes)
[DELETE] GW1AM2_20241205_01D_EQMD_L3SGT89HA2220220.h5 (120 bytes)
[DELETE] GW1AM2_20210214_01D_EQMD_L3SGT89HA2220220.h5 (120 bytes)
[DELETE] GW1AM2_20211002_01D_EQMA_L3SGT89HA2220220.h5 (120 bytes)
[DELETE] GW1AM2_20200303_01D_EQMD_L3SGT89HA2220220.h5 (120 bytes)
[DELETE] GW1AM2_20231222_01D_EQMA_L3SGT89HA2220220.h5 (120 bytes)
[DELETE] GW1AM2_20200705_01D_EQMA_L3SGT89HA2220220.h5 (120 bytes)
[DELETE] GW1AM2_20200712_01D_EQMA_L3SGT89HA2220220.h5 (120 bytes)
[DELETE] GW1AM2_20200313_01D_EQMA_L3SGT89HA2220220.h5 (120 bytes)
[DELETE] GW1AM2_20210420_01D_EQMA_L3SGT89HA2220220.h5 (120 bytes)
[DELETE] GW1AM2_20210817_01D_EQMD_L3SGT89HA2220220.h5 (120 bytes)
[DELETE] GW1AM2_20201215_01D_EQMA_L3SGT89HA2220220.h5 (120 bytes)
[DELETE] GW1AM2_20210216_01D_EQMD_L3SGT89HA2220220.h5 (120 bytes)
[DELETE] GW1AM2_20230720_01D_EQMA_L3SGT89HA2220220.h5 (120 bytes)
[DELETE] GW1AM2_20210802_01D_EQMD_L3SGT89HA2220220.h5 (120 bytes)
[DELETE] GW1AM2_20210221_01D_EQMA_L3SGT89HA2220220.h5 (120 bytes)
[DELETE] GW1AM2_20240416_01D_EQMD_L3SGT89HA2220220.h5 (120 bytes)
[DELETE] GW1AM2_20241104_01D_EQMD_L3SGT89HA2220220.h5 (120 bytes)
[DELETE] GW1AM2_20241015_01D_EQMA_L3SGT89HA2220220.h5 (120 bytes)
[DELETE] GW1AM2_20210625_01D_EQMD_L3SGT89HA2220220.h5 (120 bytes)
[DELETE] GW1AM2_20210410_01D_EQMA_L3SGT89HA2220220.h5 (120 bytes)
[DELETE] GW1AM2_20211125_01D_EQMD_L3SGT89HA2220220.h5 (120 bytes)
[DELETE] GW1AM2_20230817_01D_EQMD_L3SGT89HA2220220.h5 (120 bytes)
[DELETE] GW1AM2_20210808_01D_EQMA_L3SGT89HA2220220.h5 (120 bytes)
[DELETE] GW1AM2_20201012_01D_EQMA_L3SGT89HA2220220.h5 (120 bytes)
[DELETE] GW1AM2_20211210_01D_EQMD_L3SGT89HA2220220.h5 (120 bytes)
[DELETE] GW1AM2_20200612_01D_EQMA_L3SGT89HA2220220.h5 (120 bytes)
[DELETE] GW1AM2_20210503_01D_EQMA_L3SGT89HA2220220.h5 (120 bytes)
[DELETE] GW1AM2_20210622_01D_EQMD_L3SGT89HA2220220.h5 (120 bytes)
[DELETE] GW1AM2_20240419_01D_EQMD_L3SGT89HA2220220.h5 (120 bytes)
[DELETE] GW1AM2_20210509_01D_EQMD_L3SGT89HA2220220.h5 (120 bytes)
[DELETE] GW1AM2_20240816_01D_EQMD_L3SGT89HA2220220.h5 (120 bytes)
[DELETE] GW1AM2_20221025_01D_EQMA_L3SGT89HA2220220.h5 (120 bytes)
[DELETE] GW1AM2_20210807_01D_EQMA_L3SGT89HA2220220.h5 (120 bytes)
[DELETE] GW1AM2_20200420_01D_EQMD_L3SGT89HA2220220.h5 (120 bytes)
[DELETE] GW1AM2_20230814_01D_EQMD_L3SGT89HA2220220.h5 (120 bytes)
[DELETE] GW1AM2_20200211_01D_EQMD_L3SGT89HA2220220.h5 (120 bytes)
[DELETE] GW1AM2_20210303_01D_EQMA_L3SGT89HA2220220.h5 (120 bytes)
[DELETE] GW1AM2_20210604_01D_EQMD_L3SGT89HA2220220.h5 (120 bytes)
[DELETE] GW1AM2_20240906_01D_EQMA_L3SGT89HA2220220.h5 (120 bytes)
[DELETE] GW1AM2_20230307_01D_EQMA_L3SGT89HA2220220.h5 (120 bytes)
[DELETE] GW1AM2_20200421_01D_EQMA_L3SGT89HA2220220.h5 (120 bytes)
[DELETE] GW1AM2_20230715_01D_EQMA_L3SGT89HA2220220.h5 (120 bytes)
[DELETE] GW1AM2_20210710_01D_EQMD_L3SGT89HA2220220.h5 (120 bytes)
[DELETE] GW1AM2_20210810_01D_EQMA_L3SGT89HA2220220.h5 (120 bytes)
[DELETE] GW1AM2_20240207_01D_EQMA_L3SGT89HA2220220.h5 (120 bytes)
[DELETE] GW1AM2_20240413_01D_EQMA_L3SGT89HA2220220.h5 (120 bytes)
[DELETE] GW1AM2_20200502_01D_EQMD_L3SGT89HA2220220.h5 (120 bytes)
[DELETE] GW1AM2_20210309_01D_EQMD_L3SGT89HA2220220.h5 (120 bytes)
[DELETE] GW1AM2_20200618_01D_EQMD_L3SGT89HA2220220.h5 (120 bytes)
[DELETE] GW1AM2_20220409_01D_EQMA_L3SGT89HA2220220.h5 (120 bytes)
[DELETE] GW1AM2_20230303_01D_EQMA_L3SGT89HA2220220.h5 (120 bytes)
[DELETE] GW1AM2_20210312_01D_EQMA_L3SGT89HA2220220.h5 (120 bytes)
[DELETE] GW1AM2_20200403_01D_EQMA_L3SGT89HA2220220.h5 (120 bytes)
[DELETE] GW1AM2_20240821_01D_EQMD_L3SGT89HA2220220.h5 (120 bytes)
[DELETE] GW1AM2_20221123_01D_EQMA_L3SGT89HA2220220.h5 (120 bytes)
[DELETE] GW1AM2_20210711_01D_EQMD_L3SGT89HA2220220.h5 (120 bytes)
[DELETE] GW1AM2_20210824_01D_EQMA_L3SGT89HA2220220.h5 (120 bytes)
[DELETE] GW1AM2_20210624_01D_EQMA_L3SGT89HA2220220.h5 (120 bytes)
[DELETE] GW1AM2_20240714_01D_EQMD_L3SGT89HA2220220.h5 (120 bytes)
[DELETE] GW1AM2_20230714_01D_EQMA_L3SGT89HA2220220.h5 (120 bytes)
[DELETE] GW1AM2_20240411_01D_EQMD_L3SGT89HA2220220.h5 (120 bytes)
[DELETE] GW1AM2_20230515_01D_EQMA_L3SGT89HA2220220.h5 (120 bytes)
[DELETE] GW1AM2_20210318_01D_EQMD_L3SGT89HA2220220.h5 (120 bytes)
[DELETE] GW1AM2_20200409_01D_EQMD_L3SGT89HA2220220.h5 (120 bytes)
[DELETE] GW1AM2_20230412_01D_EQMA_L3SGT89HA2220220.h5 (120 bytes)
[DELETE] GW1AM2_20231220_01D_EQMD_L3SGT89HA2220220.h5 (120 bytes)
[DELETE] GW1AM2_20211225_01D_EQMA_L3SGT89HA2220220.h5 (120 bytes)
[DELETE] GW1AM2_20240509_01D_EQMD_L3SGT89HA2220220.h5 (120 bytes)
[DELETE] GW1AM2_20240225_01D_EQMD_L3SGT89HA2220220.h5 (120 bytes)
[DELETE] GW1AM2_20220921_01D_EQMD_L3SGT89HA2220220.h5 (120 bytes)
[DELETE] GW1AM2_20240207_01D_EQMD_L3SGT89HA2220220.h5 (120 bytes)
[DELETE] GW1AM2_20230807_01D_EQMD_L3SGT89HA2220220.h5 (120 bytes)
[DELETE] GW1AM2_20221218_01D_EQMD_L3SGT89HA2220220.h5 (120 bytes)
[DELETE] GW1AM2_20220802_01D_EQMA_L3SGT89HA2220220.h5 (120 bytes)
[DELETE] GW1AM2_20220808_01D_EQMD_L3SGT89HA2220220.h5 (120 bytes)
[DELETE] GW1AM2_20221212_01D_EQMA_L3SGT89HA2220220.h5 (120 bytes)
[DELETE] GW1AM2_20240308_01D_EQMA_L3SGT89HA2220220.h5 (120 bytes)
[DELETE] GW1AM2_20200301_01D_EQMD_L3SGT89HA2220220.h5 (120 bytes)
[DELETE] GW1AM2_20210803_01D_EQMD_L3SGT89HA2220220.h5 (120 bytes)
[DELETE] GW1AM2_20210806_01D_EQMD_L3SGT89HA2220220.h5 (120 bytes)
[DELETE] GW1AM2_20240201_01D_EQMA_L3SGT89HA2220220.h5 (120 bytes)
[DELETE] GW1AM2_20211222_01D_EQMD_L3SGT89HA2220220.h5 (120 bytes)
[DELETE] GW1AM2_20201116_01D_EQMA_L3SGT89HA2220220.h5 (120 bytes)
[DELETE] GW1AM2_20220825_01D_EQMA_L3SGT89HA2220220.h5 (120 bytes)
[DELETE] GW1AM2_20220514_01D_EQMD_L3SGT89HA2220220.h5 (120 bytes)
[DELETE] GW1AM2_20210809_01D_EQMA_L3SGT89HA2220220.h5 (120 bytes)
[DELETE] GW1AM2_20210512_01D_EQMD_L3SGT89HA2220220.h5 (120 bytes)
[DELETE] GW1AM2_20211216_01D_EQMA_L3SGT89HA2220220.h5 (120 bytes)
[DELETE] GW1AM2_20210320_01D_EQMA_L3SGT89HA2220220.h5 (120 bytes)
[DELETE] GW1AM2_20240801_01D_EQMA_L3SGT89HA2220220.h5 (120 bytes)
[DELETE] GW1AM2_20240605_01D_EQMA_L3SGT89HA2220220.h5 (120 bytes)
[DELETE] GW1AM2_20230701_01D_EQMD_L3SGT89HA2220220.h5 (120 bytes)
[DELETE] GW1AM2_20200515_01D_EQMD_L3SGT89HA2220220.h5 (120 bytes)
[DELETE] GW1AM2_20220617_01D_EQMA_L3SGT89HA2220220.h5 (120 bytes)
[DELETE] GW1AM2_20210213_01D_EQMA_L3SGT89HA2220220.h5 (120 bytes)
[DELETE] GW1AM2_20211005_01D_EQMA_L3SGT89HA2220220.h5 (120 bytes)
[DELETE] GW1AM2_20230214_01D_EQMD_L3SGT89HA2220220.h5 (120 bytes)
[DELETE] GW1AM2_20210219_01D_EQMD_L3SGT89HA2220220.h5 (120 bytes)
[DELETE] GW1AM2_20220503_01D_EQMA_L3SGT89HA2220220.h5 (120 bytes)
[DELETE] GW1AM2_20230221_01D_EQMA_L3SGT89HA2220220.h5 (120 bytes)
[DELETE] GW1AM2_20200825_01D_EQMD_L3SGT89HA2220220.h5 (120 bytes)
[DELETE] GW1AM2_20231120_01D_EQMD_L3SGT89HA2220220.h5 (120 bytes)
[DELETE] GW1AM2_20240808_01D_EQMD_L3SGT89HA2220220.h5 (120 bytes)
[DELETE] GW1AM2_20231006_01D_EQMD_L3SGT89HA2220220.h5 (120 bytes)
[DELETE] GW1AM2_20200925_01D_EQMD_L3SGT89HA2220220.h5 (120 bytes)
[DELETE] GW1AM2_20240521_01D_EQMD_L3SGT89HA2220220.h5 (120 bytes)
[DELETE] GW1AM2_20200807_01D_EQMD_L3SGT89HA2220220.h5 (120 bytes)
[DELETE] GW1AM2_20240415_01D_EQMA_L3SGT89HA2220220.h5 (120 bytes)
[DELETE] GW1AM2_20211016_01D_EQMD_L3SGT89HA2220220.h5 (120 bytes)
[DELETE] GW1AM2_20200815_01D_EQMA_L3SGT89HA2220220.h5 (120 bytes)
[DELETE] GW1AM2_20230922_01D_EQMA_L3SGT89HA2220220.h5 (120 bytes)
[DELETE] GW1AM2_20200505_01D_EQMA_L3SGT89HA2220220.h5 (120 bytes)
[DELETE] GW1AM2_20230724_01D_EQMA_L3SGT89HA2220220.h5 (120 bytes)
[DELETE] GW1AM2_20241206_01D_EQMA_L3SGT89HA2220220.h5 (120 bytes)
[DELETE] GW1AM2_20201025_01D_EQMA_L3SGT89HA2220220.h5 (120 bytes)
[DELETE] GW1AM2_20200610_01D_EQMD_L3SGT89HA2220220.h5 (120 bytes)
[DELETE] GW1AM2_20210811_01D_EQMD_L3SGT89HA2220220.h5 (120 bytes)
[DELETE] GW1AM2_20221004_01D_EQMA_L3SGT89HA2220220.h5 (120 bytes)
[DELETE] GW1AM2_20230703_01D_EQMA_L3SGT89HA2220220.h5 (120 bytes)
[DELETE] GW1AM2_20230225_01D_EQMA_L3SGT89HA2220220.h5 (120 bytes)
[DELETE] GW1AM2_20221021_01D_EQMD_L3SGT89HA2220220.h5 (120 bytes)
[DELETE] GW1AM2_20240608_01D_EQMA_L3SGT89HA2220220.h5 (120 bytes)
[DELETE] GW1AM2_20210411_01D_EQMA_L3SGT89HA2220220.h5 (120 bytes)
[DELETE] GW1AM2_20200720_01D_EQMA_L3SGT89HA2220220.h5 (120 bytes)
[DELETE] GW1AM2_20221020_01D_EQMD_L3SGT89HA2220220.h5 (120 bytes)
[DELETE] GW1AM2_20220410_01D_EQMA_L3SGT89HA2220220.h5 (120 bytes)
[DELETE] GW1AM2_20210324_01D_EQMA_L3SGT89HA2220220.h5 (120 bytes)
[DELETE] GW1AM2_20241210_01D_EQMA_L3SGT89HA2220220.h5 (120 bytes)
[DELETE] GW1AM2_20210608_01D_EQMD_L3SGT89HA2220220.h5 (120 bytes)
[DELETE] GW1AM2_20240409_01D_EQMD_L3SGT89HA2220220.h5 (120 bytes)
[DELETE] GW1AM2_20221121_01D_EQMA_L3SGT89HA2220220.h5 (120 bytes)
[DELETE] GW1AM2_20240810_01D_EQMA_L3SGT89HA2220220.h5 (120 bytes)
[DELETE] GW1AM2_20240403_01D_EQMA_L3SGT89HA2220220.h5 (120 bytes)
[DELETE] GW1AM2_20210803_01D_EQMA_L3SGT89HA2220220.h5 (120 bytes)
[DELETE] GW1AM2_20220622_01D_EQMD_L3SGT89HA2220220.h5 (120 bytes)
[DELETE] GW1AM2_20240919_01D_EQMD_L3SGT89HA2220220.h5 (120 bytes)
[DELETE] GW1AM2_20221116_01D_EQMD_L3SGT89HA2220220.h5 (120 bytes)
[DELETE] GW1AM2_20221224_01D_EQMA_L3SGT89HA2220220.h5 (120 bytes)
[DELETE] GW1AM2_20221125_01D_EQMD_L3SGT89HA2220220.h5 (120 bytes)
[DELETE] GW1AM2_20210707_01D_EQMA_L3SGT89HA2220220.h5 (120 bytes)
[DELETE] GW1AM2_20210916_01D_EQMD_L3SGT89HA2220220.h5 (120 bytes)
[DELETE] GW1AM2_20221205_01D_EQMD_L3SGT89HA2220220.h5 (120 bytes)
[DELETE] GW1AM2_20240913_01D_EQMA_L3SGT89HA2220220.h5 (120 bytes)
[DELETE] GW1AM2_20240619_01D_EQMA_L3SGT89HA2220220.h5 (120 bytes)
[DELETE] GW1AM2_20220720_01D_EQMD_L3SGT89HA2220220.h5 (120 bytes)
[DELETE] GW1AM2_20210304_01D_EQMA_L3SGT89HA2220220.h5 (120 bytes)
[DELETE] GW1AM2_20240622_01D_EQMA_L3SGT89HA2220220.h5 (120 bytes)
[DELETE] GW1AM2_20220715_01D_EQMD_L3SGT89HA2220220.h5 (120 bytes)
[DELETE] GW1AM2_20231222_01D_EQMD_L3SGT89HA2220220.h5 (120 bytes)
[DELETE] GW1AM2_20221119_01D_EQMA_L3SGT89HA2220220.h5 (120 bytes)
[DELETE] GW1AM2_20200305_01D_EQMD_L3SGT89HA2220220.h5 (120 bytes)
[DELETE] GW1AM2_20211102_01D_EQMA_L3SGT89HA2220220.h5 (120 bytes)
[DELETE] GW1AM2_20240523_01D_EQMA_L3SGT89HA2220220.h5 (120 bytes)
[DELETE] GW1AM2_20231214_01D_EQMD_L3SGT89HA2220220.h5 (120 bytes)
[DELETE] GW1AM2_20230920_01D_EQMD_L3SGT89HA2220220.h5 (120 bytes)
[DELETE] GW1AM2_20211106_01D_EQMA_L3SGT89HA2220220.h5 (120 bytes)
[DELETE] GW1AM2_20220817_01D_EQMA_L3SGT89HA2220220.h5 (120 bytes)
[DELETE] GW1AM2_20211108_01D_EQMD_L3SGT89HA2220220.h5 (120 bytes)
[DELETE] GW1AM2_20220519_01D_EQMA_L3SGT89HA2220220.h5 (120 bytes)
[DELETE] GW1AM2_20231107_01D_EQMA_L3SGT89HA2220220.h5 (120 bytes)
[DELETE] GW1AM2_20210718_01D_EQMD_L3SGT89HA2220220.h5 (120 bytes)
[DELETE] GW1AM2_20221024_01D_EQMA_L3SGT89HA2220220.h5 (120 bytes)
[DELETE] GW1AM2_20200317_01D_EQMA_L3SGT89HA2220220.h5 (120 bytes)
[DELETE] GW1AM2_20230713_01D_EQMA_L3SGT89HA2220220.h5 (120 bytes)
[DELETE] GW1AM2_20210515_01D_EQMD_L3SGT89HA2220220.h5 (120 bytes)
[DELETE] GW1AM2_20210822_01D_EQMA_L3SGT89HA2220220.h5 (120 bytes)
[DELETE] GW1AM2_20200908_01D_EQMD_L3SGT89HA2220220.h5 (120 bytes)
[DELETE] GW1AM2_20210215_01D_EQMD_L3SGT89HA2220220.h5 (120 bytes)
[DELETE] GW1AM2_20240222_01D_EQMA_L3SGT89HA2220220.h5 (120 bytes)
[DELETE] GW1AM2_20240810_01D_EQMD_L3SGT89HA2220220.h5 (120 bytes)
[DELETE] GW1AM2_20210403_01D_EQMA_L3SGT89HA2220220.h5 (120 bytes)
[DELETE] GW1AM2_20221215_01D_EQMA_L3SGT89HA2220220.h5 (120 bytes)
[DELETE] GW1AM2_20200216_01D_EQMD_L3SGT89HA2220220.h5 (120 bytes)
[DELETE] GW1AM2_20230805_01D_EQMA_L3SGT89HA2220220.h5 (120 bytes)
[DELETE] GW1AM2_20220416_01D_EQMA_L3SGT89HA2220220.h5 (120 bytes)
[DELETE] GW1AM2_20240904_01D_EQMD_L3SGT89HA2220220.h5 (120 bytes)
[DELETE] GW1AM2_20221124_01D_EQMD_L3SGT89HA2220220.h5 (120 bytes)
[DELETE] GW1AM2_20210409_01D_EQMD_L3SGT89HA2220220.h5 (120 bytes)
[DELETE] GW1AM2_20230719_01D_EQMD_L3SGT89HA2220220.h5 (120 bytes)
[DELETE] GW1AM2_20200902_01D_EQMA_L3SGT89HA2220220.h5 (120 bytes)
[DELETE] GW1AM2_20210712_01D_EQMA_L3SGT89HA2220220.h5 (120 bytes)
[DELETE] GW1AM2_20231009_01D_EQMA_L3SGT89HA2220220.h5 (120 bytes)
[DELETE] GW1AM2_20210919_01D_EQMA_L3SGT89HA2220220.h5 (120 bytes)
[DELETE] GW1AM2_20220205_01D_EQMA_L3SGT89HA2220220.h5 (120 bytes)
[DELETE] GW1AM2_20200316_01D_EQMD_L3SGT89HA2220220.h5 (120 bytes)
[DELETE] GW1AM2_20201221_01D_EQMA_L3SGT89HA2220220.h5 (120 bytes)
[DELETE] GW1AM2_20221111_01D_EQMA_L3SGT89HA2220220.h5 (120 bytes)
[DELETE] GW1AM2_20221120_01D_EQMA_L3SGT89HA2220220.h5 (120 bytes)
[DELETE] GW1AM2_20200701_01D_EQMA_L3SGT89HA2220220.h5 (120 bytes)
[DELETE] GW1AM2_20210717_01D_EQMD_L3SGT89HA2220220.h5 (120 bytes)
[DELETE] GW1AM2_20230317_01D_EQMA_L3SGT89HA2220220.h5 (120 bytes)
[DELETE] GW1AM2_20230610_01D_EQMA_L3SGT89HA2220220.h5 (120 bytes)
[DELETE] GW1AM2_20241021_01D_EQMA_L3SGT89HA2220220.h5 (120 bytes)
[DELETE] GW1AM2_20220922_01D_EQMD_L3SGT89HA2220220.h5 (120 bytes)
[DELETE] GW1AM2_20200325_01D_EQMA_L3SGT89HA2220220.h5 (120 bytes)
[DELETE] GW1AM2_20231120_01D_EQMA_L3SGT89HA2220220.h5 (120 bytes)
[DELETE] GW1AM2_20240220_01D_EQMA_L3SGT89HA2220220.h5 (120 bytes)
[DELETE] GW1AM2_20221203_01D_EQMD_L3SGT89HA2220220.h5 (120 bytes)
[DELETE] GW1AM2_20200608_01D_EQMA_L3SGT89HA2220220.h5 (120 bytes)
[DELETE] GW1AM2_20220506_01D_EQMA_L3SGT89HA2220220.h5 (120 bytes)
[DELETE] GW1AM2_20210205_01D_EQMD_L3SGT89HA2220220.h5 (120 bytes)
[DELETE] GW1AM2_20221106_01D_EQMD_L3SGT89HA2220220.h5 (120 bytes)
[DELETE] GW1AM2_20230810_01D_EQMD_L3SGT89HA2220220.h5 (120 bytes)
[DELETE] GW1AM2_20220724_01D_EQMA_L3SGT89HA2220220.h5 (120 bytes)
[DELETE] GW1AM2_20220717_01D_EQMD_L3SGT89HA2220220.h5 (120 bytes)
[DELETE] GW1AM2_20241204_01D_EQMA_L3SGT89HA2220220.h5 (120 bytes)
[DELETE] GW1AM2_20200602_01D_EQMD_L3SGT89HA2220220.h5 (120 bytes)
[DELETE] GW1AM2_20240319_01D_EQMD_L3SGT89HA2220220.h5 (120 bytes)
[DELETE] GW1AM2_20231115_01D_EQMD_L3SGT89HA2220220.h5 (120 bytes)
[DELETE] GW1AM2_20240623_01D_EQMA_L3SGT89HA2220220.h5 (120 bytes)
[DELETE] GW1AM2_20200306_01D_EQMD_L3SGT89HA2220220.h5 (120 bytes)
[DELETE] GW1AM2_20220901_01D_EQMD_L3SGT89HA2220220.h5 (120 bytes)
[DELETE] GW1AM2_20211212_01D_EQMA_L3SGT89HA2220220.h5 (120 bytes)
[DELETE] GW1AM2_20201017_01D_EQMA_L3SGT89HA2220220.h5 (120 bytes)
[DELETE] GW1AM2_20210409_01D_EQMA_L3SGT89HA2220220.h5 (120 bytes)
[DELETE] GW1AM2_20210610_01D_EQMA_L3SGT89HA2220220.h5 (120 bytes)
[DELETE] GW1AM2_20201124_01D_EQMA_L3SGT89HA2220220.h5 (120 bytes)
[DELETE] GW1AM2_20200925_01D_EQMA_L3SGT89HA2220220.h5 (120 bytes)
[DELETE] GW1AM2_20210217_01D_EQMA_L3SGT89HA2220220.h5 (120 bytes)
[DELETE] GW1AM2_20230910_01D_EQMA_L3SGT89HA2220220.h5 (120 bytes)
[DELETE] GW1AM2_20240724_01D_EQMD_L3SGT89HA2220220.h5 (120 bytes)
[DELETE] GW1AM2_20230714_01D_EQMD_L3SGT89HA2220220.h5 (120 bytes)
[DELETE] GW1AM2_20230623_01D_EQMA_L3SGT89HA2220220.h5 (120 bytes)
[DELETE] GW1AM2_20240722_01D_EQMD_L3SGT89HA2220220.h5 (120 bytes)
[DELETE] GW1AM2_20210802_01D_EQMA_L3SGT89HA2220220.h5 (120 bytes)
[DELETE] GW1AM2_20210403_01D_EQMD_L3SGT89HA2220220.h5 (120 bytes)
[DELETE] GW1AM2_20210808_01D_EQMD_L3SGT89HA2220220.h5 (120 bytes)
[DELETE] GW1AM2_20211218_01D_EQMD_L3SGT89HA2220220.h5 (120 bytes)
[DELETE] GW1AM2_20231102_01D_EQMA_L3SGT89HA2220220.h5 (120 bytes)
[DELETE] GW1AM2_20201115_01D_EQMD_L3SGT89HA2220220.h5 (120 bytes)
[DELETE] GW1AM2_20240422_01D_EQMA_L3SGT89HA2220220.h5 (120 bytes)
[DELETE] GW1AM2_20211023_01D_EQMA_L3SGT89HA2220220.h5 (120 bytes)
[DELETE] GW1AM2_20200225_01D_EQMA_L3SGT89HA2220220.h5 (120 bytes)
[DELETE] GW1AM2_20220403_01D_EQMA_L3SGT89HA2220220.h5 (120 bytes)
[DELETE] GW1AM2_20230810_01D_EQMA_L3SGT89HA2220220.h5 (120 bytes)
[DELETE] GW1AM2_20220409_01D_EQMD_L3SGT89HA2220220.h5 (120 bytes)
[DELETE] GW1AM2_20220719_01D_EQMA_L3SGT89HA2220220.h5 (120 bytes)
[DELETE] GW1AM2_20210616_01D_EQMD_L3SGT89HA2220220.h5 (120 bytes)
[DELETE] GW1AM2_20230420_01D_EQMA_L3SGT89HA2220220.h5 (120 bytes)
[DELETE] GW1AM2_20230504_01D_EQMA_L3SGT89HA2220220.h5 (120 bytes)
[DELETE] GW1AM2_20230624_01D_EQMA_L3SGT89HA2220220.h5 (120 bytes)
[DELETE] GW1AM2_20200521_01D_EQMD_L3SGT89HA2220220.h5 (120 bytes)
[DELETE] GW1AM2_20200411_01D_EQMA_L3SGT89HA2220220.h5 (120 bytes)
[DELETE] GW1AM2_20230607_01D_EQMD_L3SGT89HA2220220.h5 (120 bytes)
[DELETE] GW1AM2_20200915_01D_EQMA_L3SGT89HA2220220.h5 (120 bytes)
[DELETE] GW1AM2_20230408_01D_EQMA_L3SGT89HA2220220.h5 (120 bytes)
[DELETE] GW1AM2_20210316_01D_EQMA_L3SGT89HA2220220.h5 (120 bytes)
[DELETE] GW1AM2_20200905_01D_EQMA_L3SGT89HA2220220.h5 (120 bytes)
[DELETE] GW1AM2_20210520_01D_EQMD_L3SGT89HA2220220.h5 (120 bytes)
[DELETE] GW1AM2_20230322_01D_EQMD_L3SGT89HA2220220.h5 (120 bytes)
[DELETE] GW1AM2_20230402_01D_EQMD_L3SGT89HA2220220.h5 (120 bytes)
[DELETE] GW1AM2_20241019_01D_EQMA_L3SGT89HA2220220.h5 (120 bytes)
[DELETE] GW1AM2_20220525_01D_EQMA_L3SGT89HA2220220.h5 (120 bytes)
[DELETE] GW1AM2_20200207_01D_EQMD_L3SGT89HA2220220.h5 (120 bytes)
[DELETE] GW1AM2_20220206_01D_EQMD_L3SGT89HA2220220.h5 (120 bytes)
[DELETE] GW1AM2_20231116_01D_EQMA_L3SGT89HA2220220.h5 (120 bytes)
[DELETE] GW1AM2_20240918_01D_EQMD_L3SGT89HA2220220.h5 (120 bytes)
[DELETE] GW1AM2_20240912_01D_EQMA_L3SGT89HA2220220.h5 (120 bytes)
[DELETE] GW1AM2_20210412_01D_EQMA_L3SGT89HA2220220.h5 (120 bytes)
[DELETE] GW1AM2_20220924_01D_EQMA_L3SGT89HA2220220.h5 (120 bytes)
[DELETE] GW1AM2_20220814_01D_EQMA_L3SGT89HA2220220.h5 (120 bytes)
[DELETE] GW1AM2_20210905_01D_EQMA_L3SGT89HA2220220.h5 (120 bytes)
[DELETE] GW1AM2_20241119_01D_EQMA_L3SGT89HA2220220.h5 (120 bytes)
[DELETE] GW1AM2_20230211_01D_EQMA_L3SGT89HA2220220.h5 (120 bytes)
[DELETE] GW1AM2_20200210_01D_EQMA_L3SGT89HA2220220.h5 (120 bytes)
[DELETE] GW1AM2_20220209_01D_EQMD_L3SGT89HA2220220.h5 (120 bytes)
[DELETE] GW1AM2_20210205_01D_EQMA_L3SGT89HA2220220.h5 (120 bytes)
[DELETE] GW1AM2_20211124_01D_EQMA_L3SGT89HA2220220.h5 (120 bytes)
[DELETE] GW1AM2_20240716_01D_EQMA_L3SGT89HA2220220.h5 (120 bytes)
[DELETE] GW1AM2_20230606_01D_EQMA_L3SGT89HA2220220.h5 (120 bytes)
[DELETE] GW1AM2_20221110_01D_EQMA_L3SGT89HA2220220.h5 (120 bytes)
[DELETE] GW1AM2_20210707_01D_EQMD_L3SGT89HA2220220.h5 (120 bytes)
[DELETE] GW1AM2_20220203_01D_EQMA_L3SGT89HA2220220.h5 (120 bytes)
[DELETE] GW1AM2_20221009_01D_EQMD_L3SGT89HA2220220.h5 (120 bytes)
[DELETE] GW1AM2_20200424_01D_EQMA_L3SGT89HA2220220.h5 (120 bytes)
[DELETE] GW1AM2_20200523_01D_EQMD_L3SGT89HA2220220.h5 (120 bytes)
[DELETE] GW1AM2_20210211_01D_EQMD_L3SGT89HA2220220.h5 (120 bytes)
[DELETE] GW1AM2_20210310_01D_EQMA_L3SGT89HA2220220.h5 (120 bytes)
[DELETE] GW1AM2_20231018_01D_EQMA_L3SGT89HA2220220.h5 (120 bytes)
[DELETE] GW1AM2_20200919_01D_EQMD_L3SGT89HA2220220.h5 (120 bytes)
[DELETE] GW1AM2_20200507_01D_EQMD_L3SGT89HA2220220.h5 (120 bytes)
[DELETE] GW1AM2_20220806_01D_EQMD_L3SGT89HA2220220.h5 (120 bytes)
[DELETE] GW1AM2_20200716_01D_EQMD_L3SGT89HA2220220.h5 (120 bytes)
[DELETE] GW1AM2_20220407_01D_EQMD_L3SGT89HA2220220.h5 (120 bytes)
[DELETE] GW1AM2_20240304_01D_EQMD_L3SGT89HA2220220.h5 (120 bytes)
[DELETE] GW1AM2_20211217_01D_EQMD_L3SGT89HA2220220.h5 (120 bytes)
[DELETE] GW1AM2_20221011_01D_EQMA_L3SGT89HA2220220.h5 (120 bytes)
[DELETE] GW1AM2_20230605_01D_EQMA_L3SGT89HA2220220.h5 (120 bytes)
[DELETE] GW1AM2_20200721_01D_EQMD_L3SGT89HA2220220.h5 (120 bytes)
[DELETE] GW1AM2_20231012_01D_EQMD_L3SGT89HA2220220.h5 (120 bytes)
[DELETE] GW1AM2_20200906_01D_EQMA_L3SGT89HA2220220.h5 (120 bytes)
[DELETE] GW1AM2_20200320_01D_EQMA_L3SGT89HA2220220.h5 (120 bytes)
[DELETE] GW1AM2_20210618_01D_EQMA_L3SGT89HA2220220.h5 (120 bytes)
[DELETE] GW1AM2_20241004_01D_EQMD_L3SGT89HA2220220.h5 (120 bytes)
[DELETE] GW1AM2_20241210_01D_EQMD_L3SGT89HA2220220.h5 (120 bytes)
[DELETE] GW1AM2_20230916_01D_EQMD_L3SGT89HA2220220.h5 (120 bytes)
[DELETE] GW1AM2_20201122_01D_EQMD_L3SGT89HA2220220.h5 (120 bytes)
[DELETE] GW1AM2_20220201_01D_EQMD_L3SGT89HA2220220.h5 (120 bytes)
[DELETE] GW1AM2_20240525_01D_EQMA_L3SGT89HA2220220.h5 (120 bytes)
[DELETE] GW1AM2_20231022_01D_EQMA_L3SGT89HA2220220.h5 (120 bytes)
[DELETE] GW1AM2_20200704_01D_EQMA_L3SGT89HA2220220.h5 (120 bytes)
[DELETE] GW1AM2_20230523_01D_EQMA_L3SGT89HA2220220.h5 (120 bytes)
[DELETE] GW1AM2_20200606_01D_EQMA_L3SGT89HA2220220.h5 (120 bytes)
[DELETE] GW1AM2_20230223_01D_EQMA_L3SGT89HA2220220.h5 (120 bytes)
[DELETE] GW1AM2_20220405_01D_EQMA_L3SGT89HA2220220.h5 (120 bytes)
[DELETE] GW1AM2_20210221_01D_EQMD_L3SGT89HA2220220.h5 (120 bytes)
[DELETE] GW1AM2_20210816_01D_EQMA_L3SGT89HA2220220.h5 (120 bytes)
[DELETE] GW1AM2_20200913_01D_EQMA_L3SGT89HA2220220.h5 (120 bytes)
[DELETE] GW1AM2_20210612_01D_EQMD_L3SGT89HA2220220.h5 (120 bytes)
[DELETE] GW1AM2_20231103_01D_EQMA_L3SGT89HA2220220.h5 (120 bytes)
[DELETE] GW1AM2_20230625_01D_EQMD_L3SGT89HA2220220.h5 (120 bytes)
[DELETE] GW1AM2_20230211_01D_EQMD_L3SGT89HA2220220.h5 (120 bytes)
[DELETE] GW1AM2_20241201_01D_EQMD_L3SGT89HA2220220.h5 (120 bytes)
[DELETE] GW1AM2_20200505_01D_EQMD_L3SGT89HA2220220.h5 (120 bytes)
[DELETE] GW1AM2_20231001_01D_EQMA_L3SGT89HA2220220.h5 (120 bytes)
[DELETE] GW1AM2_20240822_01D_EQMD_L3SGT89HA2220220.h5 (120 bytes)
[DELETE] GW1AM2_20240511_01D_EQMD_L3SGT89HA2220220.h5 (120 bytes)
[DELETE] GW1AM2_20220807_01D_EQMD_L3SGT89HA2220220.h5 (120 bytes)
[DELETE] GW1AM2_20240603_01D_EQMD_L3SGT89HA2220220.h5 (120 bytes)
[DELETE] GW1AM2_20230425_01D_EQMD_L3SGT89HA2220220.h5 (120 bytes)
[DELETE] GW1AM2_20221025_01D_EQMD_L3SGT89HA2220220.h5 (120 bytes)
[DELETE] GW1AM2_20221115_01D_EQMD_L3SGT89HA2220220.h5 (120 bytes)
[DELETE] GW1AM2_20210806_01D_EQMA_L3SGT89HA2220220.h5 (120 bytes)
[DELETE] GW1AM2_20210925_01D_EQMA_L3SGT89HA2220220.h5 (120 bytes)
[DELETE] GW1AM2_20220610_01D_EQMA_L3SGT89HA2220220.h5 (120 bytes)
[DELETE] GW1AM2_20200823_01D_EQMD_L3SGT89HA2220220.h5 (120 bytes)
[DELETE] GW1AM2_20201223_01D_EQMD_L3SGT89HA2220220.h5 (120 bytes)
[DELETE] GW1AM2_20200507_01D_EQMA_L3SGT89HA2220220.h5 (120 bytes)
[DELETE] GW1AM2_20210522_01D_EQMA_L3SGT89HA2220220.h5 (120 bytes)
[DELETE] GW1AM2_20240609_01D_EQMA_L3SGT89HA2220220.h5 (120 bytes)
[DELETE] GW1AM2_20240909_01D_EQMA_L3SGT89HA2220220.h5 (120 bytes)
[DELETE] GW1AM2_20230315_01D_EQMD_L3SGT89HA2220220.h5 (120 bytes)
[DELETE] GW1AM2_20220805_01D_EQMA_L3SGT89HA2220220.h5 (120 bytes)
[DELETE] GW1AM2_20241221_01D_EQMA_L3SGT89HA2220220.h5 (120 bytes)
[DELETE] GW1AM2_20211211_01D_EQMA_L3SGT89HA2220220.h5 (120 bytes)
[DELETE] GW1AM2_20230507_01D_EQMD_L3SGT89HA2220220.h5 (120 bytes)
[DELETE] GW1AM2_20221005_01D_EQMA_L3SGT89HA2220220.h5 (120 bytes)
[DELETE] GW1AM2_20240806_01D_EQMA_L3SGT89HA2220220.h5 (120 bytes)
[DELETE] GW1AM2_20210506_01D_EQMD_L3SGT89HA2220220.h5 (120 bytes)
[DELETE] GW1AM2_20201004_01D_EQMA_L3SGT89HA2220220.h5 (120 bytes)
[DELETE] GW1AM2_20210909_01D_EQMA_L3SGT89HA2220220.h5 (120 bytes)
[DELETE] GW1AM2_20200611_01D_EQMA_L3SGT89HA2220220.h5 (120 bytes)
[DELETE] GW1AM2_20240412_01D_EQMA_L3SGT89HA2220220.h5 (120 bytes)
[DELETE] GW1AM2_20221006_01D_EQMA_L3SGT89HA2220220.h5 (120 bytes)
[DELETE] GW1AM2_20220224_01D_EQMA_L3SGT89HA2220220.h5 (120 bytes)
[DELETE] GW1AM2_20220717_01D_EQMA_L3SGT89HA2220220.h5 (120 bytes)
[DELETE] GW1AM2_20241007_01D_EQMA_L3SGT89HA2220220.h5 (120 bytes)
[DELETE] GW1AM2_20220704_01D_EQMA_L3SGT89HA2220220.h5 (120 bytes)
[DELETE] GW1AM2_20230711_01D_EQMA_L3SGT89HA2220220.h5 (120 bytes)
[DELETE] GW1AM2_20240606_01D_EQMA_L3SGT89HA2220220.h5 (120 bytes)
[DELETE] GW1AM2_20210315_01D_EQMA_L3SGT89HA2220220.h5 (120 bytes)
[DELETE] GW1AM2_20240221_01D_EQMA_L3SGT89HA2220220.h5 (120 bytes)
[DELETE] GW1AM2_20220424_01D_EQMA_L3SGT89HA2220220.h5 (120 bytes)
[DELETE] GW1AM2_20200614_01D_EQMA_L3SGT89HA2220220.h5 (120 bytes)
[DELETE] GW1AM2_20240418_01D_EQMD_L3SGT89HA2220220.h5 (120 bytes)
[DELETE] GW1AM2_20210903_01D_EQMD_L3SGT89HA2220220.h5 (120 bytes)
[DELETE] GW1AM2_20200318_01D_EQMD_L3SGT89HA2220220.h5 (120 bytes)
[DELETE] GW1AM2_20210821_01D_EQMD_L3SGT89HA2220220.h5 (120 bytes)
[DELETE] GW1AM2_20200720_01D_EQMD_L3SGT89HA2220220.h5 (120 bytes)
[DELETE] GW1AM2_20210502_01D_EQMA_L3SGT89HA2220220.h5 (120 bytes)
[DELETE] GW1AM2_20230824_01D_EQMA_L3SGT89HA2220220.h5 (120 bytes)
[DELETE] GW1AM2_20220614_01D_EQMA_L3SGT89HA2220220.h5 (120 bytes)
[DELETE] GW1AM2_20210508_01D_EQMD_L3SGT89HA2220220.h5 (120 bytes)
[DELETE] GW1AM2_20210909_01D_EQMD_L3SGT89HA2220220.h5 (120 bytes)
[DELETE] GW1AM2_20230206_01D_EQMD_L3SGT89HA2220220.h5 (120 bytes)
[DELETE] GW1AM2_20231105_01D_EQMA_L3SGT89HA2220220.h5 (120 bytes)
[DELETE] GW1AM2_20210316_01D_EQMD_L3SGT89HA2220220.h5 (120 bytes)
[DELETE] GW1AM2_20210914_01D_EQMA_L3SGT89HA2220220.h5 (120 bytes)
[DELETE] GW1AM2_20200706_01D_EQMA_L3SGT89HA2220220.h5 (120 bytes)
[DELETE] GW1AM2_20210204_01D_EQMD_L3SGT89HA2220220.h5 (120 bytes)
[DELETE] GW1AM2_20210620_01D_EQMA_L3SGT89HA2220220.h5 (120 bytes)
[DELETE] GW1AM2_20240511_01D_EQMA_L3SGT89HA2220220.h5 (120 bytes)
[DELETE] GW1AM2_20200308_01D_EQMD_L3SGT89HA2220220.h5 (120 bytes)
[DELETE] GW1AM2_20210911_01D_EQMA_L3SGT89HA2220220.h5 (120 bytes)
[DELETE] GW1AM2_20241009_01D_EQMD_L3SGT89HA2220220.h5 (120 bytes)
[DELETE] GW1AM2_20231113_01D_EQMD_L3SGT89HA2220220.h5 (120 bytes)
[DELETE] GW1AM2_20241003_01D_EQMA_L3SGT89HA2220220.h5 (120 bytes)
[DELETE] GW1AM2_20231119_01D_EQMA_L3SGT89HA2220220.h5 (120 bytes)
[DELETE] GW1AM2_20200302_01D_EQMA_L3SGT89HA2220220.h5 (120 bytes)
[DELETE] GW1AM2_20221118_01D_EQMD_L3SGT89HA2220220.h5 (120 bytes)
[DELETE] GW1AM2_20220625_01D_EQMD_L3SGT89HA2220220.h5 (120 bytes)
[DELETE] GW1AM2_20201124_01D_EQMD_L3SGT89HA2220220.h5 (120 bytes)
[DELETE] GW1AM2_20200703_01D_EQMD_L3SGT89HA2220220.h5 (120 bytes)
[DELETE] GW1AM2_20241011_01D_EQMA_L3SGT89HA2220220.h5 (120 bytes)
[DELETE] GW1AM2_20230304_01D_EQMA_L3SGT89HA2220220.h5 (120 bytes)
[DELETE] GW1AM2_20200915_01D_EQMD_L3SGT89HA2220220.h5 (120 bytes)
[DELETE] GW1AM2_20211208_01D_EQMA_L3SGT89HA2220220.h5 (120 bytes)
[DELETE] GW1AM2_20220504_01D_EQMD_L3SGT89HA2220220.h5 (120 bytes)
[DELETE] GW1AM2_20231215_01D_EQMD_L3SGT89HA2220220.h5 (120 bytes)
[DELETE] GW1AM2_20201001_01D_EQMD_L3SGT89HA2220220.h5 (120 bytes)
[DELETE] GW1AM2_20240522_01D_EQMA_L3SGT89HA2220220.h5 (120 bytes)
[DELETE] GW1AM2_20200707_01D_EQMA_L3SGT89HA2220220.h5 (120 bytes)
[DELETE] GW1AM2_20240405_01D_EQMA_L3SGT89HA2220220.h5 (120 bytes)
[DELETE] GW1AM2_20200313_01D_EQMD_L3SGT89HA2220220.h5 (120 bytes)
[DELETE] GW1AM2_20201011_01D_EQMA_L3SGT89HA2220220.h5 (120 bytes)
[DELETE] GW1AM2_20210415_01D_EQMA_L3SGT89HA2220220.h5 (120 bytes)
[DELETE] GW1AM2_20241109_01D_EQMD_L3SGT89HA2220220.h5 (120 bytes)
[DELETE] GW1AM2_20231123_01D_EQMD_L3SGT89HA2220220.h5 (120 bytes)
[DELETE] GW1AM2_20230809_01D_EQMD_L3SGT89HA2220220.h5 (120 bytes)
[DELETE] GW1AM2_20230916_01D_EQMA_L3SGT89HA2220220.h5 (120 bytes)
[DELETE] GW1AM2_20210525_01D_EQMA_L3SGT89HA2220220.h5 (120 bytes)
[DELETE] GW1AM2_20240620_01D_EQMA_L3SGT89HA2220220.h5 (120 bytes)
[DELETE] GW1AM2_20220305_01D_EQMD_L3SGT89HA2220220.h5 (120 bytes)
[DELETE] GW1AM2_20220310_01D_EQMA_L3SGT89HA2220220.h5 (120 bytes)
[DELETE] GW1AM2_20220207_01D_EQMD_L3SGT89HA2220220.h5 (120 bytes)
[DELETE] GW1AM2_20201224_01D_EQMA_L3SGT89HA2220220.h5 (120 bytes)
[DELETE] GW1AM2_20200206_01D_EQMD_L3SGT89HA2220220.h5 (120 bytes)
[DELETE] GW1AM2_20200906_01D_EQMD_L3SGT89HA2220220.h5 (120 bytes)
[DELETE] GW1AM2_20240710_01D_EQMD_L3SGT89HA2220220.h5 (120 bytes)
[DELETE] GW1AM2_20220702_01D_EQMA_L3SGT89HA2220220.h5 (120 bytes)
[DELETE] GW1AM2_20241003_01D_EQMD_L3SGT89HA2220220.h5 (120 bytes)
[DELETE] GW1AM2_20221216_01D_EQMD_L3SGT89HA2220220.h5 (120 bytes)
[DELETE] GW1AM2_20231223_01D_EQMA_L3SGT89HA2220220.h5 (120 bytes)
[DELETE] GW1AM2_20230419_01D_EQMA_L3SGT89HA2220220.h5 (120 bytes)
[DELETE] GW1AM2_20220821_01D_EQMA_L3SGT89HA2220220.h5 (120 bytes)
[DELETE] GW1AM2_20210815_01D_EQMA_L3SGT89HA2220220.h5 (120 bytes)
[DELETE] GW1AM2_20240815_01D_EQMD_L3SGT89HA2220220.h5 (120 bytes)
[DELETE] GW1AM2_20241107_01D_EQMD_L3SGT89HA2220220.h5 (120 bytes)
[DELETE] GW1AM2_20230914_01D_EQMD_L3SGT89HA2220220.h5 (120 bytes)
[DELETE] GW1AM2_20230413_01D_EQMD_L3SGT89HA2220220.h5 (120 bytes)
[DELETE] GW1AM2_20241008_01D_EQMD_L3SGT89HA2220220.h5 (120 bytes)
[DELETE] GW1AM2_20220916_01D_EQMD_L3SGT89HA2220220.h5 (120 bytes)
[DELETE] GW1AM2_20241224_01D_EQMA_L3SGT89HA2220220.h5 (120 bytes)
[DELETE] GW1AM2_20231114_01D_EQMA_L3SGT89HA2220220.h5 (120 bytes)
[DELETE] GW1AM2_20221114_01D_EQMD_L3SGT89HA2220220.h5 (120 bytes)
[DELETE] GW1AM2_20230505_01D_EQMD_L3SGT89HA2220220.h5 (120 bytes)
[DELETE] GW1AM2_20221225_01D_EQMA_L3SGT89HA2220220.h5 (120 bytes)
[DELETE] GW1AM2_20200201_01D_EQMA_L3SGT89HA2220220.h5 (120 bytes)
[DELETE] GW1AM2_20220501_01D_EQMD_L3SGT89HA2220220.h5 (120 bytes)
[DELETE] GW1AM2_20241125_01D_EQMA_L3SGT89HA2220220.h5 (120 bytes)
[DELETE] GW1AM2_20211222_01D_EQMA_L3SGT89HA2220220.h5 (120 bytes)
[DELETE] GW1AM2_20220723_01D_EQMA_L3SGT89HA2220220.h5 (120 bytes)
[DELETE] GW1AM2_20230802_01D_EQMD_L3SGT89HA2220220.h5 (120 bytes)
[DELETE] GW1AM2_20211104_01D_EQMA_L3SGT89HA2220220.h5 (120 bytes)
[DELETE] GW1AM2_20211210_01D_EQMA_L3SGT89HA2220220.h5 (120 bytes)
[DELETE] GW1AM2_20221020_01D_EQMA_L3SGT89HA2220220.h5 (120 bytes)
[DELETE] GW1AM2_20220815_01D_EQMA_L3SGT89HA2220220.h5 (120 bytes)
[DELETE] GW1AM2_20240824_01D_EQMA_L3SGT89HA2220220.h5 (120 bytes)
[DELETE] GW1AM2_20231017_01D_EQMD_L3SGT89HA2220220.h5 (120 bytes)
[DELETE] GW1AM2_20220722_01D_EQMA_L3SGT89HA2220220.h5 (120 bytes)
[DELETE] GW1AM2_20230911_01D_EQMD_L3SGT89HA2220220.h5 (120 bytes)
[DELETE] GW1AM2_20220606_01D_EQMA_L3SGT89HA2220220.h5 (120 bytes)
[DELETE] GW1AM2_20241007_01D_EQMD_L3SGT89HA2220220.h5 (120 bytes)
[DELETE] GW1AM2_20221207_01D_EQMA_L3SGT89HA2220220.h5 (120 bytes)
[DELETE] GW1AM2_20240505_01D_EQMD_L3SGT89HA2220220.h5 (120 bytes)
[DELETE] GW1AM2_20240617_01D_EQMD_L3SGT89HA2220220.h5 (120 bytes)
[DELETE] GW1AM2_20220517_01D_EQMA_L3SGT89HA2220220.h5 (120 bytes)
[DELETE] GW1AM2_20231013_01D_EQMA_L3SGT89HA2220220.h5 (120 bytes)
[DELETE] GW1AM2_20241110_01D_EQMD_L3SGT89HA2220220.h5 (120 bytes)
[DELETE] GW1AM2_20201017_01D_EQMD_L3SGT89HA2220220.h5 (120 bytes)
[DELETE] GW1AM2_20231019_01D_EQMD_L3SGT89HA2220220.h5 (120 bytes)
[DELETE] GW1AM2_20230808_01D_EQMA_L3SGT89HA2220220.h5 (120 bytes)
[DELETE] GW1AM2_20210713_01D_EQMD_L3SGT89HA2220220.h5 (120 bytes)
[DELETE] GW1AM2_20211109_01D_EQMD_L3SGT89HA2220220.h5 (120 bytes)
[DELETE] GW1AM2_20221224_01D_EQMD_L3SGT89HA2220220.h5 (120 bytes)
[DELETE] GW1AM2_20211103_01D_EQMA_L3SGT89HA2220220.h5 (120 bytes)
[DELETE] GW1AM2_20240321_01D_EQMD_L3SGT89HA2220220.h5 (120 bytes)
[DELETE] GW1AM2_20231224_01D_EQMA_L3SGT89HA2220220.h5 (120 bytes)
[DELETE] GW1AM2_20230201_01D_EQMA_L3SGT89HA2220220.h5 (120 bytes)
[DELETE] GW1AM2_20210825_01D_EQMA_L3SGT89HA2220220.h5 (120 bytes)
[DELETE] GW1AM2_20200223_01D_EQMD_L3SGT89HA2220220.h5 (120 bytes)
[DELETE] GW1AM2_20211208_01D_EQMD_L3SGT89HA2220220.h5 (120 bytes)
[DELETE] GW1AM2_20210820_01D_EQMA_L3SGT89HA2220220.h5 (120 bytes)
[DELETE] GW1AM2_20231202_01D_EQMD_L3SGT89HA2220220.h5 (120 bytes)
[DELETE] GW1AM2_20221125_01D_EQMA_L3SGT89HA2220220.h5 (120 bytes)
[DELETE] GW1AM2_20220711_01D_EQMA_L3SGT89HA2220220.h5 (120 bytes)
[DELETE] GW1AM2_20210505_01D_EQMD_L3SGT89HA2220220.h5 (120 bytes)
[DELETE] GW1AM2_20200921_01D_EQMD_L3SGT89HA2220220.h5 (120 bytes)
[DELETE] GW1AM2_20221023_01D_EQMA_L3SGT89HA2220220.h5 (120 bytes)
[DELETE] GW1AM2_20201214_01D_EQMD_L3SGT89HA2220220.h5 (120 bytes)
[DELETE] GW1AM2_20200924_01D_EQMD_L3SGT89HA2220220.h5 (120 bytes)
[DELETE] GW1AM2_20201201_01D_EQMA_L3SGT89HA2220220.h5 (120 bytes)
[DELETE] GW1AM2_20240901_01D_EQMA_L3SGT89HA2220220.h5 (120 bytes)
[DELETE] GW1AM2_20220511_01D_EQMD_L3SGT89HA2220220.h5 (120 bytes)
[DELETE] GW1AM2_20241025_01D_EQMA_L3SGT89HA2220220.h5 (120 bytes)
[DELETE] GW1AM2_20221216_01D_EQMA_L3SGT89HA2220220.h5 (120 bytes)
[DELETE] GW1AM2_20241115_01D_EQMA_L3SGT89HA2220220.h5 (120 bytes)
[DELETE] GW1AM2_20201105_01D_EQMA_L3SGT89HA2220220.h5 (120 bytes)
[DELETE] GW1AM2_20240216_01D_EQMD_L3SGT89HA2220220.h5 (120 bytes)
[DELETE] GW1AM2_20200704_01D_EQMD_L3SGT89HA2220220.h5 (120 bytes)
[DELETE] GW1AM2_20240520_01D_EQMA_L3SGT89HA2220220.h5 (120 bytes)
[DELETE] GW1AM2_20231122_01D_EQMA_L3SGT89HA2220220.h5 (120 bytes)
[DELETE] GW1AM2_20241109_01D_EQMA_L3SGT89HA2220220.h5 (120 bytes)
[DELETE] GW1AM2_20230610_01D_EQMD_L3SGT89HA2220220.h5 (120 bytes)
[DELETE] GW1AM2_20210720_01D_EQMD_L3SGT89HA2220220.h5 (120 bytes)
[DELETE] GW1AM2_20230811_01D_EQMD_L3SGT89HA2220220.h5 (120 bytes)
[DELETE] GW1AM2_20210917_01D_EQMA_L3SGT89HA2220220.h5 (120 bytes)
[DELETE] GW1AM2_20231013_01D_EQMD_L3SGT89HA2220220.h5 (120 bytes)
[DELETE] GW1AM2_20240811_01D_EQMD_L3SGT89HA2220220.h5 (120 bytes)
[DELETE] GW1AM2_20201214_01D_EQMA_L3SGT89HA2220220.h5 (120 bytes)
[DELETE] GW1AM2_20200517_01D_EQMD_L3SGT89HA2220220.h5 (120 bytes)
[DELETE] GW1AM2_20240921_01D_EQMD_L3SGT89HA2220220.h5 (120 bytes)
[DELETE] GW1AM2_20210212_01D_EQMD_L3SGT89HA2220220.h5 (120 bytes)
[DELETE] GW1AM2_20231217_01D_EQMD_L3SGT89HA2220220.h5 (120 bytes)
[DELETE] GW1AM2_20200821_01D_EQMD_L3SGT89HA2220220.h5 (120 bytes)
[DELETE] GW1AM2_20210612_01D_EQMA_L3SGT89HA2220220.h5 (120 bytes)
[DELETE] GW1AM2_20241101_01D_EQMD_L3SGT89HA2220220.h5 (120 bytes)
[DELETE] GW1AM2_20241116_01D_EQMA_L3SGT89HA2220220.h5 (120 bytes)
[DELETE] GW1AM2_20221002_01D_EQMA_L3SGT89HA2220220.h5 (120 bytes)
[DELETE] GW1AM2_20210621_01D_EQMA_L3SGT89HA2220220.h5 (120 bytes)
[DELETE] GW1AM2_20200215_01D_EQMA_L3SGT89HA2220220.h5 (120 bytes)
[DELETE] GW1AM2_20230921_01D_EQMD_L3SGT89HA2220220.h5 (120 bytes)
[DELETE] GW1AM2_20231224_01D_EQMD_L3SGT89HA2220220.h5 (120 bytes)
[DELETE] GW1AM2_20240614_01D_EQMD_L3SGT89HA2220220.h5 (120 bytes)
[DELETE] GW1AM2_20200701_01D_EQMD_L3SGT89HA2220220.h5 (120 bytes)
[DELETE] GW1AM2_20241001_01D_EQMD_L3SGT89HA2220220.h5 (120 bytes)
[DELETE] GW1AM2_20220903_01D_EQMA_L3SGT89HA2220220.h5 (120 bytes)
[DELETE] GW1AM2_20221007_01D_EQMA_L3SGT89HA2220220.h5 (120 bytes)
[DELETE] GW1AM2_20201222_01D_EQMD_L3SGT89HA2220220.h5 (120 bytes)
[DELETE] GW1AM2_20210223_01D_EQMD_L3SGT89HA2220220.h5 (120 bytes)
[DELETE] GW1AM2_20201115_01D_EQMA_L3SGT89HA2220220.h5 (120 bytes)
[DELETE] GW1AM2_20230609_01D_EQMA_L3SGT89HA2220220.h5 (120 bytes)
[DELETE] GW1AM2_20230925_01D_EQMA_L3SGT89HA2220220.h5 (120 bytes)
[DELETE] GW1AM2_20221213_01D_EQMA_L3SGT89HA2220220.h5 (120 bytes)
[DELETE] GW1AM2_20201007_01D_EQMD_L3SGT89HA2220220.h5 (120 bytes)
[DELETE] GW1AM2_20221211_01D_EQMD_L3SGT89HA2220220.h5 (120 bytes)
[DELETE] GW1AM2_20220204_01D_EQMA_L3SGT89HA2220220.h5 (120 bytes)
[DELETE] GW1AM2_20210314_01D_EQMA_L3SGT89HA2220220.h5 (120 bytes)
[DELETE] GW1AM2_20211224_01D_EQMD_L3SGT89HA2220220.h5 (120 bytes)
[DELETE] GW1AM2_20210321_01D_EQMD_L3SGT89HA2220220.h5 (120 bytes)
[DELETE] GW1AM2_20231003_01D_EQMA_L3SGT89HA2220220.h5 (120 bytes)
[DELETE] GW1AM2_20241203_01D_EQMA_L3SGT89HA2220220.h5 (120 bytes)
[DELETE] GW1AM2_20230517_01D_EQMD_L3SGT89HA2220220.h5 (120 bytes)
[DELETE] GW1AM2_20210404_01D_EQMA_L3SGT89HA2220220.h5 (120 bytes)
[DELETE] GW1AM2_20221123_01D_EQMD_L3SGT89HA2220220.h5 (120 bytes)
[DELETE] GW1AM2_20200821_01D_EQMA_L3SGT89HA2220220.h5 (120 bytes)
[DELETE] GW1AM2_20231005_01D_EQMA_L3SGT89HA2220220.h5 (120 bytes)
[DELETE] GW1AM2_20200710_01D_EQMA_L3SGT89HA2220220.h5 (120 bytes)
[DELETE] GW1AM2_20200509_01D_EQMD_L3SGT89HA2220220.h5 (120 bytes)
[DELETE] GW1AM2_20200614_01D_EQMD_L3SGT89HA2220220.h5 (120 bytes)
[DELETE] GW1AM2_20240522_01D_EQMD_L3SGT89HA2220220.h5 (120 bytes)
[DELETE] GW1AM2_20220923_01D_EQMD_L3SGT89HA2220220.h5 (120 bytes)
[DELETE] GW1AM2_20220620_01D_EQMA_L3SGT89HA2220220.h5 (120 bytes)
[DELETE] GW1AM2_20240620_01D_EQMD_L3SGT89HA2220220.h5 (120 bytes)
[DELETE] GW1AM2_20240715_01D_EQMA_L3SGT89HA2220220.h5 (120 bytes)
[DELETE] GW1AM2_20210424_01D_EQMD_L3SGT89HA2220220.h5 (120 bytes)
[DELETE] GW1AM2_20201110_01D_EQMD_L3SGT89HA2220220.h5 (120 bytes)
[DELETE] GW1AM2_20240305_01D_EQMA_L3SGT89HA2220220.h5 (120 bytes)
[DELETE] GW1AM2_20200523_01D_EQMA_L3SGT89HA2220220.h5 (120 bytes)
[DELETE] GW1AM2_20221214_01D_EQMA_L3SGT89HA2220220.h5 (120 bytes)
[DELETE] GW1AM2_20230411_01D_EQMD_L3SGT89HA2220220.h5 (120 bytes)
[DELETE] GW1AM2_20220422_01D_EQMA_L3SGT89HA2220220.h5 (120 bytes)
[DELETE] GW1AM2_20231025_01D_EQMD_L3SGT89HA2220220.h5 (120 bytes)
[DELETE] GW1AM2_20231021_01D_EQMA_L3SGT89HA2220220.h5 (120 bytes)
[DELETE] GW1AM2_20221122_01D_EQMA_L3SGT89HA2220220.h5 (120 bytes)
[DELETE] GW1AM2_20230522_01D_EQMA_L3SGT89HA2220220.h5 (120 bytes)
[DELETE] GW1AM2_20200824_01D_EQMD_L3SGT89HA2220220.h5 (120 bytes)
[DELETE] GW1AM2_20220323_01D_EQMA_L3SGT89HA2220220.h5 (120 bytes)
[DELETE] GW1AM2_20220719_01D_EQMD_L3SGT89HA2220220.h5 (120 bytes)
[DELETE] GW1AM2_20220713_01D_EQMA_L3SGT89HA2220220.h5 (120 bytes)
[DELETE] GW1AM2_20220419_01D_EQMA_L3SGT89HA2220220.h5 (120 bytes)
[DELETE] GW1AM2_20210723_01D_EQMD_L3SGT89HA2220220.h5 (120 bytes)
[DELETE] GW1AM2_20200213_01D_EQMD_L3SGT89HA2220220.h5 (120 bytes)
[DELETE] GW1AM2_20241208_01D_EQMA_L3SGT89HA2220220.h5 (120 bytes)
[DELETE] GW1AM2_20201114_01D_EQMD_L3SGT89HA2220220.h5 (120 bytes)
[DELETE] GW1AM2_20230820_01D_EQMA_L3SGT89HA2220220.h5 (120 bytes)
[DELETE] GW1AM2_20200604_01D_EQMA_L3SGT89HA2220220.h5 (120 bytes)
[DELETE] GW1AM2_20230309_01D_EQMA_L3SGT89HA2220220.h5 (120 bytes)
[DELETE] GW1AM2_20221114_01D_EQMA_L3SGT89HA2220220.h5 (120 bytes)
[DELETE] GW1AM2_20230410_01D_EQMA_L3SGT89HA2220220.h5 (120 bytes)
[DELETE] GW1AM2_20220615_01D_EQMA_L3SGT89HA2220220.h5 (120 bytes)
[DELETE] GW1AM2_20210704_01D_EQMD_L3SGT89HA2220220.h5 (120 bytes)
[DELETE] GW1AM2_20220425_01D_EQMD_L3SGT89HA2220220.h5 (120 bytes)
[DELETE] GW1AM2_20200425_01D_EQMA_L3SGT89HA2220220.h5 (120 bytes)
[DELETE] GW1AM2_20230825_01D_EQMA_L3SGT89HA2220220.h5 (120 bytes)
[DELETE] GW1AM2_20220701_01D_EQMA_L3SGT89HA2220220.h5 (120 bytes)
[DELETE] GW1AM2_20210202_01D_EQMD_L3SGT89HA2220220.h5 (120 bytes)
[DELETE] GW1AM2_20210208_01D_EQMA_L3SGT89HA2220220.h5 (120 bytes)
[DELETE] GW1AM2_20230412_01D_EQMD_L3SGT89HA2220220.h5 (120 bytes)
[DELETE] GW1AM2_20240920_01D_EQMA_L3SGT89HA2220220.h5 (120 bytes)
[DELETE] GW1AM2_20230621_01D_EQMA_L3SGT89HA2220220.h5 (120 bytes)
[DELETE] GW1AM2_20241016_01D_EQMA_L3SGT89HA2220220.h5 (120 bytes)
[DELETE] GW1AM2_20200307_01D_EQMA_L3SGT89HA2220220.h5 (120 bytes)
[DELETE] GW1AM2_20200814_01D_EQMA_L3SGT89HA2220220.h5 (120 bytes)
[DELETE] GW1AM2_20211123_01D_EQMD_L3SGT89HA2220220.h5 (120 bytes)
[DELETE] GW1AM2_20200606_01D_EQMD_L3SGT89HA2220220.h5 (120 bytes)
[DELETE] GW1AM2_20241005_01D_EQMA_L3SGT89HA2220220.h5 (120 bytes)
[DELETE] GW1AM2_20231023_01D_EQMA_L3SGT89HA2220220.h5 (120 bytes)
[DELETE] GW1AM2_20220306_01D_EQMA_L3SGT89HA2220220.h5 (120 bytes)
[DELETE] GW1AM2_20240214_01D_EQMD_L3SGT89HA2220220.h5 (120 bytes)
[DELETE] GW1AM2_20231213_01D_EQMA_L3SGT89HA2220220.h5 (120 bytes)
[DELETE] GW1AM2_20220422_01D_EQMD_L3SGT89HA2220220.h5 (120 bytes)
[DELETE] GW1AM2_20210411_01D_EQMD_L3SGT89HA2220220.h5 (120 bytes)
[DELETE] GW1AM2_20210724_01D_EQMD_L3SGT89HA2220220.h5 (120 bytes)
[DELETE] GW1AM2_20230320_01D_EQMA_L3SGT89HA2220220.h5 (120 bytes)
[DELETE] GW1AM2_20220911_01D_EQMA_L3SGT89HA2220220.h5 (120 bytes)
[DELETE] GW1AM2_20231219_01D_EQMD_L3SGT89HA2220220.h5 (120 bytes)
[DELETE] GW1AM2_20211003_01D_EQMD_L3SGT89HA2220220.h5 (120 bytes)
[DELETE] GW1AM2_20210817_01D_EQMA_L3SGT89HA2220220.h5 (120 bytes)
[DELETE] GW1AM2_20230914_01D_EQMA_L3SGT89HA2220220.h5 (120 bytes)
[DELETE] GW1AM2_20230525_01D_EQMD_L3SGT89HA2220220.h5 (120 bytes)
[DELETE] GW1AM2_20220801_01D_EQMD_L3SGT89HA2220220.h5 (120 bytes)
[DELETE] GW1AM2_20200622_01D_EQMD_L3SGT89HA2220220.h5 (120 bytes)
[DELETE] GW1AM2_20240910_01D_EQMD_L3SGT89HA2220220.h5 (120 bytes)
[DELETE] GW1AM2_20241022_01D_EQMD_L3SGT89HA2220220.h5 (120 bytes)
[DELETE] GW1AM2_20200617_01D_EQMD_L3SGT89HA2220220.h5 (120 bytes)
[DELETE] GW1AM2_20200904_01D_EQMA_L3SGT89HA2220220.h5 (120 bytes)
[DELETE] GW1AM2_20220707_01D_EQMD_L3SGT89HA2220220.h5 (120 bytes)
[DELETE] GW1AM2_20240301_01D_EQMD_L3SGT89HA2220220.h5 (120 bytes)
[DELETE] GW1AM2_20210607_01D_EQMD_L3SGT89HA2220220.h5 (120 bytes)
[DELETE] GW1AM2_20200518_01D_EQMD_L3SGT89HA2220220.h5 (120 bytes)
[DELETE] GW1AM2_20230917_01D_EQMA_L3SGT89HA2220220.h5 (120 bytes)
[DELETE] GW1AM2_20221008_01D_EQMA_L3SGT89HA2220220.h5 (120 bytes)
[DELETE] GW1AM2_20220324_01D_EQMD_L3SGT89HA2220220.h5 (120 bytes)
[DELETE] GW1AM2_20230306_01D_EQMA_L3SGT89HA2220220.h5 (120 bytes)
[DELETE] GW1AM2_20220521_01D_EQMA_L3SGT89HA2220220.h5 (120 bytes)
[DELETE] GW1AM2_20230821_01D_EQMA_L3SGT89HA2220220.h5 (120 bytes)
[DELETE] GW1AM2_20210705_01D_EQMA_L3SGT89HA2220220.h5 (120 bytes)
[DELETE] GW1AM2_20210916_01D_EQMA_L3SGT89HA2220220.h5 (120 bytes)
[DELETE] GW1AM2_20200506_01D_EQMD_L3SGT89HA2220220.h5 (120 bytes)
[DELETE] GW1AM2_20210522_01D_EQMD_L3SGT89HA2220220.h5 (120 bytes)
[DELETE] GW1AM2_20241224_01D_EQMD_L3SGT89HA2220220.h5 (120 bytes)
[DELETE] GW1AM2_20220917_01D_EQMA_L3SGT89HA2220220.h5 (120 bytes)
[DELETE] GW1AM2_20201016_01D_EQMA_L3SGT89HA2220220.h5 (120 bytes)
[DELETE] GW1AM2_20220215_01D_EQMA_L3SGT89HA2220220.h5 (120 bytes)
[DELETE] GW1AM2_20200503_01D_EQMD_L3SGT89HA2220220.h5 (120 bytes)
[DELETE] GW1AM2_20220322_01D_EQMA_L3SGT89HA2220220.h5 (120 bytes)
[DELETE] GW1AM2_20210321_01D_EQMA_L3SGT89HA2220220.h5 (120 bytes)
[DELETE] GW1AM2_20211106_01D_EQMD_L3SGT89HA2220220.h5 (120 bytes)
[DELETE] GW1AM2_20221217_01D_EQMD_L3SGT89HA2220220.h5 (120 bytes)
[DELETE] GW1AM2_20210705_01D_EQMD_L3SGT89HA2220220.h5 (120 bytes)
[DELETE] GW1AM2_20240725_01D_EQMD_L3SGT89HA2220220.h5 (120 bytes)
[DELETE] GW1AM2_20221015_01D_EQMA_L3SGT89HA2220220.h5 (120 bytes)
[DELETE] GW1AM2_20201205_01D_EQMA_L3SGT89HA2220220.h5 (120 bytes)
[DELETE] GW1AM2_20240625_01D_EQMD_L3SGT89HA2220220.h5 (120 bytes)
[DELETE] GW1AM2_20210625_01D_EQMA_L3SGT89HA2220220.h5 (120 bytes)
[DELETE] GW1AM2_20201024_01D_EQMD_L3SGT89HA2220220.h5 (120 bytes)
[DELETE] GW1AM2_20241001_01D_EQMA_L3SGT89HA2220220.h5 (120 bytes)
[DELETE] GW1AM2_20210723_01D_EQMA_L3SGT89HA2220220.h5 (120 bytes)
[DELETE] GW1AM2_20240215_01D_EQMA_L3SGT89HA2220220.h5 (120 bytes)
[DELETE] GW1AM2_20210819_01D_EQMA_L3SGT89HA2220220.h5 (120 bytes)
[DELETE] GW1AM2_20221104_01D_EQMD_L3SGT89HA2220220.h5 (120 bytes)
[DELETE] GW1AM2_20211212_01D_EQMD_L3SGT89HA2220220.h5 (120 bytes)
[DELETE] GW1AM2_20230324_01D_EQMA_L3SGT89HA2220220.h5 (120 bytes)
[DELETE] GW1AM2_20220716_01D_EQMD_L3SGT89HA2220220.h5 (120 bytes)
[DELETE] GW1AM2_20231017_01D_EQMA_L3SGT89HA2220220.h5 (120 bytes)
[DELETE] GW1AM2_20221207_01D_EQMD_L3SGT89HA2220220.h5 (120 bytes)
[DELETE] GW1AM2_20240602_01D_EQMA_L3SGT89HA2220220.h5 (120 bytes)
[DELETE] GW1AM2_20211218_01D_EQMA_L3SGT89HA2220220.h5 (120 bytes)
[DELETE] GW1AM2_20210813_01D_EQMD_L3SGT89HA2220220.h5 (120 bytes)
[DELETE] GW1AM2_20240608_01D_EQMD_L3SGT89HA2220220.h5 (120 bytes)
[DELETE] GW1AM2_20220809_01D_EQMA_L3SGT89HA2220220.h5 (120 bytes)
[DELETE] GW1AM2_20201111_01D_EQMD_L3SGT89HA2220220.h5 (120 bytes)
[DELETE] GW1AM2_20240423_01D_EQMD_L3SGT89HA2220220.h5 (120 bytes)
[DELETE] GW1AM2_20230520_01D_EQMA_L3SGT89HA2220220.h5 (120 bytes)
[DELETE] GW1AM2_20211224_01D_EQMA_L3SGT89HA2220220.h5 (120 bytes)
[DELETE] GW1AM2_20241214_01D_EQMA_L3SGT89HA2220220.h5 (120 bytes)
[DELETE] GW1AM2_20210224_01D_EQMA_L3SGT89HA2220220.h5 (120 bytes)
[DELETE] GW1AM2_20240819_01D_EQMA_L3SGT89HA2220220.h5 (120 bytes)
[DELETE] GW1AM2_20240210_01D_EQMA_L3SGT89HA2220220.h5 (120 bytes)
[DELETE] GW1AM2_20220706_01D_EQMA_L3SGT89HA2220220.h5 (120 bytes)
[DELETE] GW1AM2_20211105_01D_EQMD_L3SGT89HA2220220.h5 (120 bytes)
[DELETE] GW1AM2_20241121_01D_EQMD_L3SGT89HA2220220.h5 (120 bytes)
[DELETE] GW1AM2_20221022_01D_EQMD_L3SGT89HA2220220.h5 (120 bytes)
[DELETE] GW1AM2_20211001_01D_EQMD_L3SGT89HA2220220.h5 (120 bytes)
[DELETE] GW1AM2_20210704_01D_EQMA_L3SGT89HA2220220.h5 (120 bytes)
[DELETE] GW1AM2_20210518_01D_EQMD_L3SGT89HA2220220.h5 (120 bytes)
[DELETE] GW1AM2_20210506_01D_EQMA_L3SGT89HA2220220.h5 (120 bytes)
[DELETE] GW1AM2_20240916_01D_EQMD_L3SGT89HA2220220.h5 (120 bytes)
[DELETE] GW1AM2_20240423_01D_EQMA_L3SGT89HA2220220.h5 (120 bytes)
[DELETE] GW1AM2_20211014_01D_EQMA_L3SGT89HA2220220.h5 (120 bytes)
[DELETE] GW1AM2_20241127_01D_EQMA_L3SGT89HA2220220.h5 (120 bytes)
[DELETE] GW1AM2_20210416_01D_EQMD_L3SGT89HA2220220.h5 (120 bytes)
[DELETE] GW1AM2_20201101_01D_EQMA_L3SGT89HA2220220.h5 (120 bytes)
[DELETE] GW1AM2_20210623_01D_EQMD_L3SGT89HA2220220.h5 (120 bytes)
[DELETE] GW1AM2_20210419_01D_EQMD_L3SGT89HA2220220.h5 (120 bytes)
[DELETE] GW1AM2_20220811_01D_EQMA_L3SGT89HA2220220.h5 (120 bytes)
[DELETE] GW1AM2_20240317_01D_EQMA_L3SGT89HA2220220.h5 (120 bytes)
[DELETE] GW1AM2_20230204_01D_EQMA_L3SGT89HA2220220.h5 (120 bytes)
[DELETE] GW1AM2_20220823_01D_EQMA_L3SGT89HA2220220.h5 (120 bytes)
[DELETE] GW1AM2_20210517_01D_EQMA_L3SGT89HA2220220.h5 (120 bytes)
[DELETE] GW1AM2_20241112_01D_EQMA_L3SGT89HA2220220.h5 (120 bytes)
[DELETE] GW1AM2_20231216_01D_EQMA_L3SGT89HA2220220.h5 (120 bytes)
[DELETE] GW1AM2_20241111_01D_EQMD_L3SGT89HA2220220.h5 (120 bytes)
[DELETE] GW1AM2_20221106_01D_EQMA_L3SGT89HA2220220.h5 (120 bytes)
[DELETE] GW1AM2_20220619_01D_EQMD_L3SGT89HA2220220.h5 (120 bytes)
[DELETE] GW1AM2_20200506_01D_EQMA_L3SGT89HA2220220.h5 (120 bytes)
[DELETE] GW1AM2_20230422_01D_EQMA_L3SGT89HA2220220.h5 (120 bytes)
[DELETE] GW1AM2_20240520_01D_EQMD_L3SGT89HA2220220.h5 (120 bytes)
[DELETE] GW1AM2_20220307_01D_EQMD_L3SGT89HA2220220.h5 (120 bytes)
[DELETE] GW1AM2_20210305_01D_EQMD_L3SGT89HA2220220.h5 (120 bytes)
[DELETE] GW1AM2_20220824_01D_EQMA_L3SGT89HA2220220.h5 (120 bytes)
[DELETE] GW1AM2_20200917_01D_EQMD_L3SGT89HA2220220.h5 (120 bytes)
[DELETE] GW1AM2_20210407_01D_EQMD_L3SGT89HA2220220.h5 (120 bytes)
[DELETE] GW1AM2_20210906_01D_EQMA_L3SGT89HA2220220.h5 (120 bytes)
[DELETE] GW1AM2_20230404_01D_EQMA_L3SGT89HA2220220.h5 (120 bytes)
[DELETE] GW1AM2_20210419_01D_EQMA_L3SGT89HA2220220.h5 (120 bytes)
[DELETE] GW1AM2_20200917_01D_EQMA_L3SGT89HA2220220.h5 (120 bytes)
[DELETE] GW1AM2_20220601_01D_EQMA_L3SGT89HA2220220.h5 (120 bytes)
[DELETE] GW1AM2_20210717_01D_EQMA_L3SGT89HA2220220.h5 (120 bytes)
[DELETE] GW1AM2_20200519_01D_EQMD_L3SGT89HA2220220.h5 (120 bytes)
[DELETE] GW1AM2_20220325_01D_EQMA_L3SGT89HA2220220.h5 (120 bytes)
[DELETE] GW1AM2_20231220_01D_EQMA_L3SGT89HA2220220.h5 (120 bytes)
[DELETE] GW1AM2_20230511_01D_EQMA_L3SGT89HA2220220.h5 (120 bytes)
[DELETE] GW1AM2_20200225_01D_EQMD_L3SGT89HA2220220.h5 (120 bytes)
[DELETE] GW1AM2_20220904_01D_EQMA_L3SGT89HA2220220.h5 (120 bytes)
[DELETE] GW1AM2_20240422_01D_EQMD_L3SGT89HA2220220.h5 (120 bytes)
[DELETE] GW1AM2_20230207_01D_EQMA_L3SGT89HA2220220.h5 (120 bytes)
[DELETE] GW1AM2_20200907_01D_EQMD_L3SGT89HA2220220.h5 (120 bytes)
[DELETE] GW1AM2_20201022_01D_EQMD_L3SGT89HA2220220.h5 (120 bytes)
[DELETE] GW1AM2_20240205_01D_EQMD_L3SGT89HA2220220.h5 (120 bytes)
[DELETE] GW1AM2_20200812_01D_EQMD_L3SGT89HA2220220.h5 (120 bytes)
[DELETE] GW1AM2_20230323_01D_EQMD_L3SGT89HA2220220.h5 (120 bytes)
[DELETE] GW1AM2_20240711_01D_EQMA_L3SGT89HA2220220.h5 (120 bytes)
[DELETE] GW1AM2_20220606_01D_EQMD_L3SGT89HA2220220.h5 (120 bytes)
[DELETE] GW1AM2_20220914_01D_EQMA_L3SGT89HA2220220.h5 (120 bytes)
[DELETE] GW1AM2_20210614_01D_EQMA_L3SGT89HA2220220.h5 (120 bytes)
[DELETE] GW1AM2_20211005_01D_EQMD_L3SGT89HA2220220.h5 (120 bytes)
[DELETE] GW1AM2_20210315_01D_EQMD_L3SGT89HA2220220.h5 (120 bytes)
[DELETE] GW1AM2_20211021_01D_EQMD_L3SGT89HA2220220.h5 (120 bytes)
[DELETE] GW1AM2_20221001_01D_EQMD_L3SGT89HA2220220.h5 (120 bytes)
[DELETE] GW1AM2_20200307_01D_EQMD_L3SGT89HA2220220.h5 (120 bytes)
[DELETE] GW1AM2_20211011_01D_EQMD_L3SGT89HA2220220.h5 (120 bytes)
[DELETE] GW1AM2_20231022_01D_EQMD_L3SGT89HA2220220.h5 (120 bytes)
[DELETE] GW1AM2_20220608_01D_EQMA_L3SGT89HA2220220.h5 (120 bytes)
[DELETE] GW1AM2_20240324_01D_EQMA_L3SGT89HA2220220.h5 (120 bytes)
[DELETE] GW1AM2_20241223_01D_EQMA_L3SGT89HA2220220.h5 (120 bytes)
[DELETE] GW1AM2_20230323_01D_EQMA_L3SGT89HA2220220.h5 (120 bytes)
[DELETE] GW1AM2_20200723_01D_EQMA_L3SGT89HA2220220.h5 (120 bytes)
[DELETE] GW1AM2_20220819_01D_EQMA_L3SGT89HA2220220.h5 (120 bytes)
[DELETE] GW1AM2_20210701_01D_EQMD_L3SGT89HA2220220.h5 (120 bytes)
[DELETE] GW1AM2_20231015_01D_EQMD_L3SGT89HA2220220.h5 (120 bytes)
[DELETE] GW1AM2_20231203_01D_EQMD_L3SGT89HA2220220.h5 (120 bytes)
[DELETE] GW1AM2_20240716_01D_EQMD_L3SGT89HA2220220.h5 (120 bytes)
[DELETE] GW1AM2_20241107_01D_EQMA_L3SGT89HA2220220.h5 (120 bytes)
[DELETE] GW1AM2_20220711_01D_EQMD_L3SGT89HA2220220.h5 (120 bytes)
[DELETE] GW1AM2_20210922_01D_EQMA_L3SGT89HA2220220.h5 (120 bytes)
[DELETE] GW1AM2_20200924_01D_EQMA_L3SGT89HA2220220.h5 (120 bytes)
[DELETE] GW1AM2_20231114_01D_EQMD_L3SGT89HA2220220.h5 (120 bytes)
[DELETE] GW1AM2_20200715_01D_EQMA_L3SGT89HA2220220.h5 (120 bytes)
[DELETE] GW1AM2_20230825_01D_EQMD_L3SGT89HA2220220.h5 (120 bytes)
[DELETE] GW1AM2_20230521_01D_EQMD_L3SGT89HA2220220.h5 (120 bytes)
[DELETE] GW1AM2_20220320_01D_EQMD_L3SGT89HA2220220.h5 (120 bytes)
[DELETE] GW1AM2_20240907_01D_EQMD_L3SGT89HA2220220.h5 (120 bytes)
[DELETE] GW1AM2_20231115_01D_EQMA_L3SGT89HA2220220.h5 (120 bytes)
[DELETE] GW1AM2_20220211_01D_EQMD_L3SGT89HA2220220.h5 (120 bytes)
[DELETE] GW1AM2_20220620_01D_EQMD_L3SGT89HA2220220.h5 (120 bytes)
[DELETE] GW1AM2_20240622_01D_EQMD_L3SGT89HA2220220.h5 (120 bytes)
[DELETE] GW1AM2_20200320_01D_EQMD_L3SGT89HA2220220.h5 (120 bytes)
[DELETE] GW1AM2_20201020_01D_EQMD_L3SGT89HA2220220.h5 (120 bytes)
[DELETE] GW1AM2_20210501_01D_EQMA_L3SGT89HA2220220.h5 (120 bytes)
[DELETE] GW1AM2_20201107_01D_EQMA_L3SGT89HA2220220.h5 (120 bytes)
[DELETE] GW1AM2_20201206_01D_EQMD_L3SGT89HA2220220.h5 (120 bytes)
[DELETE] GW1AM2_20200524_01D_EQMD_L3SGT89HA2220220.h5 (120 bytes)
[DELETE] GW1AM2_20230301_01D_EQMD_L3SGT89HA2220220.h5 (120 bytes)
[DELETE] GW1AM2_20240723_01D_EQMD_L3SGT89HA2220220.h5 (120 bytes)
[DELETE] GW1AM2_20220907_01D_EQMD_L3SGT89HA2220220.h5 (120 bytes)
[DELETE] GW1AM2_20200601_01D_EQMD_L3SGT89HA2220220.h5 (120 bytes)
[DELETE] GW1AM2_20230220_01D_EQMA_L3SGT89HA2220220.h5 (120 bytes)
[DELETE] GW1AM2_20230521_01D_EQMA_L3SGT89HA2220220.h5 (120 bytes)
[DELETE] GW1AM2_20200322_01D_EQMA_L3SGT89HA2220220.h5 (120 bytes)
[DELETE] GW1AM2_20231211_01D_EQMA_L3SGT89HA2220220.h5 (120 bytes)
[DELETE] GW1AM2_20220315_01D_EQMD_L3SGT89HA2220220.h5 (120 bytes)
[DELETE] GW1AM2_20240508_01D_EQMA_L3SGT89HA2220220.h5 (120 bytes)
[DELETE] GW1AM2_20220301_01D_EQMD_L3SGT89HA2220220.h5 (120 bytes)
[DELETE] GW1AM2_20221201_01D_EQMD_L3SGT89HA2220220.h5 (120 bytes)
[DELETE] GW1AM2_20221107_01D_EQMA_L3SGT89HA2220220.h5 (120 bytes)
[DELETE] GW1AM2_20230511_01D_EQMD_L3SGT89HA2220220.h5 (120 bytes)
[DELETE] GW1AM2_20240820_01D_EQMD_L3SGT89HA2220220.h5 (120 bytes)
[DELETE] GW1AM2_20240714_01D_EQMA_L3SGT89HA2220220.h5 (120 bytes)
[DELETE] GW1AM2_20240705_01D_EQMA_L3SGT89HA2220220.h5 (120 bytes)
[DELETE] GW1AM2_20230924_01D_EQMA_L3SGT89HA2220220.h5 (120 bytes)
[DELETE] GW1AM2_20200922_01D_EQMD_L3SGT89HA2220220.h5 (120 bytes)
[DELETE] GW1AM2_20220920_01D_EQMD_L3SGT89HA2220220.h5 (120 bytes)
[DELETE] GW1AM2_20211116_01D_EQMA_L3SGT89HA2220220.h5 (120 bytes)
[DELETE] GW1AM2_20211117_01D_EQMA_L3SGT89HA2220220.h5 (120 bytes)
[DELETE] GW1AM2_20200525_01D_EQMA_L3SGT89HA2220220.h5 (120 bytes)
[DELETE] GW1AM2_20211017_01D_EQMD_L3SGT89HA2220220.h5 (120 bytes)
[DELETE] GW1AM2_20221117_01D_EQMD_L3SGT89HA2220220.h5 (120 bytes)
[DELETE] GW1AM2_20241006_01D_EQMD_L3SGT89HA2220220.h5 (120 bytes)
[DELETE] GW1AM2_20210412_01D_EQMD_L3SGT89HA2220220.h5 (120 bytes)
[DELETE] GW1AM2_20220519_01D_EQMD_L3SGT89HA2220220.h5 (120 bytes)
[DELETE] GW1AM2_20210415_01D_EQMD_L3SGT89HA2220220.h5 (120 bytes)
[DELETE] GW1AM2_20220814_01D_EQMD_L3SGT89HA2220220.h5 (120 bytes)
[DELETE] GW1AM2_20200421_01D_EQMD_L3SGT89HA2220220.h5 (120 bytes)
[DELETE] GW1AM2_20211220_01D_EQMD_L3SGT89HA2220220.h5 (120 bytes)
[DELETE] GW1AM2_20210711_01D_EQMA_L3SGT89HA2220220.h5 (120 bytes)
[DELETE] GW1AM2_20240517_01D_EQMD_L3SGT89HA2220220.h5 (120 bytes)
[DELETE] GW1AM2_20201121_01D_EQMD_L3SGT89HA2220220.h5 (120 bytes)
[DELETE] GW1AM2_20230222_01D_EQMD_L3SGT89HA2220220.h5 (120 bytes)
[DELETE] GW1AM2_20220807_01D_EQMA_L3SGT89HA2220220.h5 (120 bytes)
[DELETE] GW1AM2_20200214_01D_EQMA_L3SGT89HA2220220.h5 (120 bytes)
[DELETE] GW1AM2_20240702_01D_EQMD_L3SGT89HA2220220.h5 (120 bytes)
[DELETE] GW1AM2_20210603_01D_EQMA_L3SGT89HA2220220.h5 (120 bytes)
[DELETE] GW1AM2_20240609_01D_EQMD_L3SGT89HA2220220.h5 (120 bytes)
[DELETE] GW1AM2_20211110_01D_EQMA_L3SGT89HA2220220.h5 (120 bytes)
[DELETE] GW1AM2_20211223_01D_EQMA_L3SGT89HA2220220.h5 (120 bytes)
[DELETE] GW1AM2_20210617_01D_EQMD_L3SGT89HA2220220.h5 (120 bytes)
[DELETE] GW1AM2_20201008_01D_EQMA_L3SGT89HA2220220.h5 (120 bytes)
[DELETE] GW1AM2_20231007_01D_EQMD_L3SGT89HA2220220.h5 (120 bytes)
[DELETE] GW1AM2_20230414_01D_EQMD_L3SGT89HA2220220.h5 (120 bytes)
[DELETE] GW1AM2_20210716_01D_EQMA_L3SGT89HA2220220.h5 (120 bytes)
[DELETE] GW1AM2_20231204_01D_EQMD_L3SGT89HA2220220.h5 (120 bytes)
[DELETE] GW1AM2_20220312_01D_EQMA_L3SGT89HA2220220.h5 (120 bytes)
[DELETE] GW1AM2_20201004_01D_EQMD_L3SGT89HA2220220.h5 (120 bytes)
[DELETE] GW1AM2_20210311_01D_EQMD_L3SGT89HA2220220.h5 (120 bytes)
[DELETE] GW1AM2_20220223_01D_EQMA_L3SGT89HA2220220.h5 (120 bytes)
[DELETE] GW1AM2_20210824_01D_EQMD_L3SGT89HA2220220.h5 (120 bytes)
[DELETE] GW1AM2_20220715_01D_EQMA_L3SGT89HA2220220.h5 (120 bytes)
[DELETE] GW1AM2_20210921_01D_EQMA_L3SGT89HA2220220.h5 (120 bytes)
[DELETE] GW1AM2_20200311_01D_EQMA_L3SGT89HA2220220.h5 (120 bytes)
[DELETE] GW1AM2_20230616_01D_EQMA_L3SGT89HA2220220.h5 (120 bytes)
[DELETE] GW1AM2_20200817_01D_EQMD_L3SGT89HA2220220.h5 (120 bytes)
[DELETE] GW1AM2_20221014_01D_EQMA_L3SGT89HA2220220.h5 (120 bytes)
[DELETE] GW1AM2_20220516_01D_EQMA_L3SGT89HA2220220.h5 (120 bytes)
[DELETE] GW1AM2_20240311_01D_EQMA_L3SGT89HA2220220.h5 (120 bytes)
[DELETE] GW1AM2_20211201_01D_EQMA_L3SGT89HA2220220.h5 (120 bytes)
[DELETE] GW1AM2_20221022_01D_EQMA_L3SGT89HA2220220.h5 (120 bytes)
[DELETE] GW1AM2_20221220_01D_EQMD_L3SGT89HA2220220.h5 (120 bytes)
[DELETE] GW1AM2_20200216_01D_EQMA_L3SGT89HA2220220.h5 (120 bytes)
[DELETE] GW1AM2_20240307_01D_EQMD_L3SGT89HA2220220.h5 (120 bytes)
[DELETE] GW1AM2_20230721_01D_EQMA_L3SGT89HA2220220.h5 (120 bytes)
[DELETE] GW1AM2_20220621_01D_EQMA_L3SGT89HA2220220.h5 (120 bytes)
[DELETE] GW1AM2_20210207_01D_EQMA_L3SGT89HA2220220.h5 (120 bytes)
[DELETE] GW1AM2_20210815_01D_EQMD_L3SGT89HA2220220.h5 (120 bytes)
[DELETE] GW1AM2_20200124_01D_EQMD_L3SGSMCHF3300300.h5 (888657 bytes)
[DELETE] GW1AM2_20200113_01D_EQMA_L3SGSMCHF3300300.h5 (941043 bytes)
[DELETE] GW1AM2_20200115_01D_EQMD_L3SGSMCHF3300300.h5 (859582 bytes)
[DELETE] GW1AM2_20200116_01D_EQMD_L3SGSMCHF3300300.h5 (995196 bytes)
[DELETE] GW1AM2_20200122_01D_EQMD_L3SGSMCHF3300300.h5 (880651 bytes)
[DELETE] GW1AM2_20200111_01D_EQMA_L3SGSMCHF3300300.h5 (946673 bytes)
[DELETE] GW1AM2_20200119_01D_EQMA_L3SGSMCHF3300300.h5 (973276 bytes)
[DELETE] GW1AM2_20200106_01D_EQMA_L3SGSMCHF3300300.h5 (924821 bytes)
[DELETE] GW1AM2_20200108_01D_EQMA_L3SGSMCHF3300300.h5 (930703 bytes)
[DELETE] GW1AM2_20200101_01D_EQMD_L3SGSMCHF3300300.h5 (843159 bytes)
[DELETE] GW1AM2_20200113_01D_EQMD_L3SGSMCHF3300300.h5 (895430 bytes)
[DELETE] GW1AM2_20200103_01D_EQMD_L3SGSMCHF3300300.h5 (889165 bytes)
[DELETE] GW1AM2_20200117_01D_EQMA_L3SGSMCHF3300300.h5 (973057 bytes)
[DELETE] GW1AM2_20200117_01D_EQMD_L3SGSMCHF3300300.h5 (884464 bytes)
[DELETE] GW1AM2_20200110_01D_EQMA_L3SGSMCHF3300300.h5 (945621 bytes)
[DELETE] GW1AM2_20200105_01D_EQMD_L3SGSMCHF3300300.h5 (950397 bytes)
[DELETE] GW1AM2_20200121_01D_EQMA_L3SGSMCHF3300300.h5 (984358 bytes)
[DELETE] GW1AM2_20200115_01D_EQMA_L3SGSMCHF3300300.h5 (949642 bytes)
[DELETE] GW1AM2_20200107_01D_EQMA_L3SGSMCHF3300300.h5 (934273 bytes)
[DELETE] GW1AM2_20200102_01D_EQMA_L3SGSMCHF3300300.h5 (922226 bytes)
[DELETE] GW1AM2_20200104_01D_EQMD_L3SGSMCHF3300300.h5 (917040 bytes)
[DELETE] GW1AM2_20200110_01D_EQMD_L3SGSMCHF3300300.h5 (885631 bytes)
[DELETE] GW1AM2_20200106_01D_EQMD_L3SGSMCHF3300300.h5 (835701 bytes)
[DELETE] GW1AM2_20200120_01D_EQMD_L3SGSMCHF3300300.h5 (951950 bytes)
[DELETE] GW1AM2_20200103_01D_EQMA_L3SGSMCHF3300300.h5 (935295 bytes)
[DELETE] GW1AM2_20200109_01D_EQMD_L3SGSMCHF3300300.h5 (993168 bytes)
[DELETE] GW1AM2_20200114_01D_EQMA_L3SGSMCHF3300300.h5 (957129 bytes)
[DELETE] GW1AM2_20200112_01D_EQMD_L3SGSMCHF3300300.h5 (931316 bytes)
[DELETE] GW1AM2_20200104_01D_EQMA_L3SGSMCHF3300300.h5 (920019 bytes)
[DELETE] GW1AM2_20220101_01D_EQMA_L3SGSMCHF3300300.h5 (925880 bytes)
[DELETE] GW1AM2_20200121_01D_EQMD_L3SGSMCHF3300300.h5 (986260 bytes)
[DELETE] GW1AM2_20220105_01D_EQMD_L3SGSMCHF3300300.h5 (964138 bytes)
[DELETE] GW1AM2_20200120_01D_EQMA_L3SGSMCHF3300300.h5 (961689 bytes)
[DELETE] GW1AM2_20240106_01D_EQMA_L3SGSMCHF3300300.h5 (907734 bytes)
[DELETE] GW1AM2_20200122_01D_EQMA_L3SGSMCHF3300300.h5 (972981 bytes)
[DELETE] GW1AM2_20210121_01D_EQMD_L3SGSMCHF3300300.h5 (903205 bytes)
[DELETE] GW1AM2_20200111_01D_EQMD_L3SGSMCHF3300300.h5 (966630 bytes)
[DELETE] GW1AM2_20230111_01D_EQMD_L3SGSMCHF3300300.h5 (890920 bytes)
[DELETE] GW1AM2_20200109_01D_EQMA_L3SGSMCHF3300300.h5 (951472 bytes)
[DELETE] GW1AM2_20230104_01D_EQMD_L3SGSMCHF3300300.h5 (915703 bytes)
[DELETE] GW1AM2_20200119_01D_EQMD_L3SGSMCHF3300300.h5 (919391 bytes)
[DELETE] GW1AM2_20210104_01D_EQMD_L3SGSMCHF3300300.h5 (957630 bytes)
[DELETE] GW1AM2_20200123_01D_EQMD_L3SGSMCHF3300300.h5 (1010946 bytes)
[DELETE] GW1AM2_20200125_01D_EQMD_L3SGSMCHF3300300.h5 (1031641 bytes)
[DELETE] GW1AM2_20200114_01D_EQMD_L3SGSMCHF3300300.h5 (980522 bytes)
[DELETE] GW1AM2_20200102_01D_EQMD_L3SGSMCHF3300300.h5 (965823 bytes)
[DELETE] GW1AM2_20200118_01D_EQMA_L3SGSMCHF3300300.h5 (966497 bytes)
[DELETE] GW1AM2_20200101_01D_EQMA_L3SGSMCHF3300300.h5 (930450 bytes)
[DELETE] GW1AM2_20220103_01D_EQMD_L3SGSMCHF3300300.h5 (954517 bytes)
[DELETE] GW1AM2_20200123_01D_EQMA_L3SGSMCHF3300300.h5 (986711 bytes)
[DELETE] GW1AM2_20200112_01D_EQMA_L3SGSMCHF3300300.h5 (943484 bytes)
[DELETE] GW1AM2_20230114_01D_EQMA_L3SGSMCHF3300300.h5 (934351 bytes)
[DELETE] GW1AM2_20200108_01D_EQMD_L3SGSMCHF3300300.h5 (833601 bytes)
[DELETE] GW1AM2_20240104_01D_EQMA_L3SGSMCHF3300300.h5 (918852 bytes)
[DELETE] GW1AM2_20200124_01D_EQMA_L3SGSMCHF3300300.h5 (985300 bytes)
[DELETE] GW1AM2_20200125_01D_EQMA_L3SGSMCHF3300300.h5 (997480 bytes)
[DELETE] GW1AM2_20200107_01D_EQMD_L3SGSMCHF3300300.h5 (957618 bytes)
[DELETE] GW1AM2_20200118_01D_EQMD_L3SGSMCHF3300300.h5 (1014185 bytes)
[DELETE] GW1AM2_20210123_01D_EQMD_L3SGSMCHF3300300.h5 (988637 bytes)
[DELETE] GW1AM2_20200116_01D_EQMA_L3SGSMCHF3300300.h5 (962974 bytes)
[DELETE] GW1AM2_20200105_01D_EQMA_L3SGSMCHF3300300.h5 (940202 bytes)
[DELETE] GW1AM2_20230112_01D_EQMD_L3SGSMCHF3300300.h5 (920719 bytes)
[DELETE] GW1AM2_20230115_01D_EQMD_L3SGSMCHF3300300.h5 (962971 bytes)
[DELETE] GW1AM2_20230108_01D_EQMD_L3SGSMCHF3300300.h5 (953759 bytes)
[DELETE] GW1AM2_20210107_01D_EQMA_L3SGSMCHF3300300.h5 (923647 bytes)
[DELETE] GW1AM2_20240114_01D_EQMA_L3SGSMCHF3300300.h5 (921254 bytes)
[DELETE] GW1AM2_20220125_01D_EQMA_L3SGSMCHF3300300.h5 (970162 bytes)
[DELETE] GW1AM2_20210111_01D_EQMD_L3SGSMCHF3300300.h5 (967284 bytes)
[DELETE] GW1AM2_20240105_01D_EQMD_L3SGSMCHF3300300.h5 (853788 bytes)
[DELETE] GW1AM2_20230102_01D_EQMA_L3SGSMCHF3300300.h5 (928710 bytes)
[DELETE] GW1AM2_20230119_01D_EQMD_L3SGSMCHF3300300.h5 (967048 bytes)
[DELETE] GW1AM2_20240109_01D_EQMA_L3SGSMCHF3300300.h5 (941382 bytes)
[DELETE] GW1AM2_20230116_01D_EQMD_L3SGSMCHF3300300.h5 (855566 bytes)
[DELETE] GW1AM2_20210124_01D_EQMA_L3SGSMCHF3300300.h5 (964479 bytes)
[DELETE] GW1AM2_20230108_01D_EQMA_L3SGSMCHF3300300.h5 (930097 bytes)
[DELETE] GW1AM2_20210121_01D_EQMA_L3SGSMCHF3300300.h5 (953964 bytes)
[DELETE] GW1AM2_20240107_01D_EQMA_L3SGSMCHF3300300.h5 (584791 bytes)
[DELETE] GW1AM2_20210113_01D_EQMD_L3SGSMCHF3300300.h5 (940401 bytes)
[DELETE] GW1AM2_20210105_01D_EQMA_L3SGSMCHF3300300.h5 (918565 bytes)
[DELETE] GW1AM2_20240121_01D_EQMD_L3SGSMCHF3300300.h5 (867906 bytes)
[DELETE] GW1AM2_20210106_01D_EQMD_L3SGSMCHF3300300.h5 (901961 bytes)
[DELETE] GW1AM2_20210110_01D_EQMD_L3SGSMCHF3300300.h5 (843980 bytes)
[DELETE] GW1AM2_20240120_01D_EQMA_L3SGSMCHF3300300.h5 (954915 bytes)
[DELETE] GW1AM2_20230116_01D_EQMA_L3SGSMCHF3300300.h5 (935052 bytes)
[DELETE] GW1AM2_20230110_01D_EQMA_L3SGSMCHF3300300.h5 (938441 bytes)
[DELETE] GW1AM2_20220124_01D_EQMA_L3SGSMCHF3300300.h5 (963445 bytes)
[DELETE] GW1AM2_20230123_01D_EQMA_L3SGSMCHF3300300.h5 (951972 bytes)
[DELETE] GW1AM2_20230101_01D_EQMA_L3SGSMCHF3300300.h5 (932074 bytes)
[DELETE] GW1AM2_20230123_01D_EQMD_L3SGSMCHF3300300.h5 (858326 bytes)
[DELETE] GW1AM2_20240112_01D_EQMD_L3SGSMCHF3300300.h5 (842954 bytes)
[DELETE] GW1AM2_20230124_01D_EQMA_L3SGSMCHF3300300.h5 (966936 bytes)
[DELETE] GW1AM2_20220116_01D_EQMD_L3SGSMCHF3300300.h5 (962633 bytes)
[DELETE] GW1AM2_20220110_01D_EQMA_L3SGSMCHF3300300.h5 (944389 bytes)
[DELETE] GW1AM2_20210101_01D_EQMA_L3SGSMCHF3300300.h5 (920617 bytes)
[DELETE] GW1AM2_20240119_01D_EQMA_L3SGSMCHF3300300.h5 (953906 bytes)
[DELETE] GW1AM2_20240115_01D_EQMD_L3SGSMCHF3300300.h5 (912082 bytes)
[DELETE] GW1AM2_20230122_01D_EQMA_L3SGSMCHF3300300.h5 (965403 bytes)
[DELETE] GW1AM2_20210120_01D_EQMA_L3SGSMCHF3300300.h5 (943466 bytes)
[DELETE] GW1AM2_20210114_01D_EQMA_L3SGSMCHF3300300.h5 (938342 bytes)
[DELETE] GW1AM2_20230105_01D_EQMA_L3SGSMCHF3300300.h5 (927336 bytes)
[DELETE] GW1AM2_20230117_01D_EQMD_L3SGSMCHF3300300.h5 (1002040 bytes)
[DELETE] GW1AM2_20240125_01D_EQMD_L3SGSMCHF3300300.h5 (1027727 bytes)
[DELETE] GW1AM2_20210108_01D_EQMD_L3SGSMCHF3300300.h5 (821021 bytes)
[DELETE] GW1AM2_20240111_01D_EQMA_L3SGSMCHF3300300.h5 (942043 bytes)
[DELETE] GW1AM2_20240115_01D_EQMA_L3SGSMCHF3300300.h5 (907203 bytes)
[DELETE] GW1AM2_20210117_01D_EQMA_L3SGSMCHF3300300.h5 (942460 bytes)
[DELETE] GW1AM2_20210122_01D_EQMA_L3SGSMCHF3300300.h5 (949742 bytes)
[DELETE] GW1AM2_20220106_01D_EQMD_L3SGSMCHF3300300.h5 (843327 bytes)
[DELETE] GW1AM2_20220115_01D_EQMD_L3SGSMCHF3300300.h5 (874650 bytes)
[DELETE] GW1AM2_20210109_01D_EQMA_L3SGSMCHF3300300.h5 (949726 bytes)
[DELETE] GW1AM2_20220108_01D_EQMA_L3SGSMCHF3300300.h5 (918519 bytes)
[DELETE] GW1AM2_20210116_01D_EQMD_L3SGSMCHF3300300.h5 (946790 bytes)
[DELETE] GW1AM2_20230110_01D_EQMD_L3SGSMCHF3300300.h5 (968580 bytes)
[DELETE] GW1AM2_20240125_01D_EQMA_L3SGSMCHF3300300.h5 (1004274 bytes)
[DELETE] GW1AM2_20240117_01D_EQMA_L3SGSMCHF3300300.h5 (942738 bytes)
[DELETE] GW1AM2_20230120_01D_EQMA_L3SGSMCHF3300300.h5 (963331 bytes)
[DELETE] GW1AM2_20240108_01D_EQMA_L3SGSMCHF3300300.h5 (908100 bytes)
[DELETE] GW1AM2_20220103_01D_EQMA_L3SGSMCHF3300300.h5 (930891 bytes)
[DELETE] GW1AM2_20210103_01D_EQMD_L3SGSMCHF3300300.h5 (839942 bytes)
[DELETE] GW1AM2_20210102_01D_EQMA_L3SGSMCHF3300300.h5 (938123 bytes)
[DELETE] GW1AM2_20210125_01D_EQMA_L3SGSMCHF3300300.h5 (994821 bytes)
[DELETE] GW1AM2_20210104_01D_EQMA_L3SGSMCHF3300300.h5 (920548 bytes)
[DELETE] GW1AM2_20240116_01D_EQMA_L3SGSMCHF3300300.h5 (930318 bytes)
[DELETE] GW1AM2_20210124_01D_EQMD_L3SGSMCHF3300300.h5 (873153 bytes)
[DELETE] GW1AM2_20220109_01D_EQMD_L3SGSMCHF3300300.h5 (923318 bytes)
[DELETE] GW1AM2_20240102_01D_EQMA_L3SGSMCHF3300300.h5 (931960 bytes)
[DELETE] GW1AM2_20210105_01D_EQMD_L3SGSMCHF3300300.h5 (880003 bytes)
[DELETE] GW1AM2_20230119_01D_EQMA_L3SGSMCHF3300300.h5 (953716 bytes)
[DELETE] GW1AM2_20210123_01D_EQMA_L3SGSMCHF3300300.h5 (974394 bytes)
[DELETE] GW1AM2_20230122_01D_EQMD_L3SGSMCHF3300300.h5 (976747 bytes)
[DELETE] GW1AM2_20220102_01D_EQMA_L3SGSMCHF3300300.h5 (908636 bytes)
[DELETE] GW1AM2_20240112_01D_EQMA_L3SGSMCHF3300300.h5 (924665 bytes)
[DELETE] GW1AM2_20240107_01D_EQMD_L3SGSMCHF3300300.h5 (906778 bytes)
[DELETE] GW1AM2_20220117_01D_EQMA_L3SGSMCHF3300300.h5 (986783 bytes)
[DELETE] GW1AM2_20230102_01D_EQMD_L3SGSMCHF3300300.h5 (872551 bytes)
[DELETE] GW1AM2_20230117_01D_EQMA_L3SGSMCHF3300300.h5 (959711 bytes)
[DELETE] GW1AM2_20220113_01D_EQMA_L3SGSMCHF3300300.h5 (943902 bytes)
[DELETE] GW1AM2_20230124_01D_EQMD_L3SGSMCHF3300300.h5 (987530 bytes)
[DELETE] GW1AM2_20240110_01D_EQMA_L3SGSMCHF3300300.h5 (929092 bytes)
[DELETE] GW1AM2_20210117_01D_EQMD_L3SGSMCHF3300300.h5 (856554 bytes)
[DELETE] GW1AM2_20230111_01D_EQMA_L3SGSMCHF3300300.h5 (934683 bytes)
[DELETE] GW1AM2_20230103_01D_EQMD_L3SGSMCHF3300300.h5 (945886 bytes)
[DELETE] GW1AM2_20220124_01D_EQMD_L3SGSMCHF3300300.h5 (914414 bytes)
[DELETE] GW1AM2_20220119_01D_EQMA_L3SGSMCHF3300300.h5 (986915 bytes)
[DELETE] GW1AM2_20220104_01D_EQMA_L3SGSMCHF3300300.h5 (920541 bytes)
[DELETE] GW1AM2_20220122_01D_EQMA_L3SGSMCHF3300300.h5 (966097 bytes)
[DELETE] GW1AM2_20240122_01D_EQMA_L3SGSMCHF3300300.h5 (951612 bytes)
[DELETE] GW1AM2_20220120_01D_EQMD_L3SGSMCHF3300300.h5 (882868 bytes)
[DELETE] GW1AM2_20240104_01D_EQMD_L3SGSMCHF3300300.h5 (964144 bytes)
[DELETE] GW1AM2_20220117_01D_EQMD_L3SGSMCHF3300300.h5 (966100 bytes)
[DELETE] GW1AM2_20210112_01D_EQMA_L3SGSMCHF3300300.h5 (932401 bytes)
[DELETE] GW1AM2_20240116_01D_EQMD_L3SGSMCHF3300300.h5 (941279 bytes)
[DELETE] GW1AM2_20220101_01D_EQMD_L3SGSMCHF3300300.h5 (923277 bytes)
[DELETE] GW1AM2_20220108_01D_EQMD_L3SGSMCHF3300300.h5 (867944 bytes)
[DELETE] GW1AM2_20240102_01D_EQMD_L3SGSMCHF3300300.h5 (951760 bytes)
[DELETE] GW1AM2_20240110_01D_EQMD_L3SGSMCHF3300300.h5 (840989 bytes)
[DELETE] GW1AM2_20240118_01D_EQMD_L3SGSMCHF3300300.h5 (987195 bytes)
[DELETE] GW1AM2_20210112_01D_EQMD_L3SGSMCHF3300300.h5 (862475 bytes)
[DELETE] GW1AM2_20210119_01D_EQMA_L3SGSMCHF3300300.h5 (935871 bytes)
[DELETE] GW1AM2_20240120_01D_EQMD_L3SGSMCHF3300300.h5 (982295 bytes)
[DELETE] GW1AM2_20240106_01D_EQMD_L3SGSMCHF3300300.h5 (934825 bytes)
[DELETE] GW1AM2_20220112_01D_EQMD_L3SGSMCHF3300300.h5 (968513 bytes)
[DELETE] GW1AM2_20210108_01D_EQMA_L3SGSMCHF3300300.h5 (909509 bytes)
[DELETE] GW1AM2_20240124_01D_EQMD_L3SGSMCHF3300300.h5 (847444 bytes)
[DELETE] GW1AM2_20240119_01D_EQMD_L3SGSMCHF3300300.h5 (863872 bytes)
[DELETE] GW1AM2_20220115_01D_EQMA_L3SGSMCHF3300300.h5 (939854 bytes)
[DELETE] GW1AM2_20220120_01D_EQMA_L3SGSMCHF3300300.h5 (970709 bytes)
[DELETE] GW1AM2_20240122_01D_EQMD_L3SGSMCHF3300300.h5 (967998 bytes)
[DELETE] GW1AM2_20220109_01D_EQMA_L3SGSMCHF3300300.h5 (928954 bytes)
[DELETE] GW1AM2_20210120_01D_EQMD_L3SGSMCHF3300300.h5 (971138 bytes)
[DELETE] GW1AM2_20240101_01D_EQMA_L3SGSMCHF3300300.h5 (913531 bytes)
[DELETE] GW1AM2_20240117_01D_EQMD_L3SGSMCHF3300300.h5 (862607 bytes)
[DELETE] GW1AM2_20230121_01D_EQMD_L3SGSMCHF3300300.h5 (900614 bytes)
[DELETE] GW1AM2_20230105_01D_EQMD_L3SGSMCHF3300300.h5 (874859 bytes)
[DELETE] GW1AM2_20210116_01D_EQMA_L3SGSMCHF3300300.h5 (931955 bytes)
[DELETE] GW1AM2_20220102_01D_EQMD_L3SGSMCHF3300300.h5 (864873 bytes)
[DELETE] GW1AM2_20230113_01D_EQMD_L3SGSMCHF3300300.h5 (959472 bytes)
[DELETE] GW1AM2_20240111_01D_EQMD_L3SGSMCHF3300300.h5 (966957 bytes)
[DELETE] GW1AM2_20220119_01D_EQMD_L3SGSMCHF3300300.h5 (931693 bytes)
[DELETE] GW1AM2_20230120_01D_EQMD_L3SGSMCHF3300300.h5 (943110 bytes)
[DELETE] GW1AM2_20220118_01D_EQMD_L3SGSMCHF3300300.h5 (922803 bytes)
[DELETE] GW1AM2_20240113_01D_EQMD_L3SGSMCHF3300300.h5 (959890 bytes)
[DELETE] GW1AM2_20240114_01D_EQMD_L3SGSMCHF3300300.h5 (868721 bytes)
[DELETE] GW1AM2_20220111_01D_EQMD_L3SGSMCHF3300300.h5 (843516 bytes)
[DELETE] GW1AM2_20240108_01D_EQMD_L3SGSMCHF3300300.h5 (872267 bytes)
[DELETE] GW1AM2_20210102_01D_EQMD_L3SGSMCHF3300300.h5 (965212 bytes)
[DELETE] GW1AM2_20220113_01D_EQMD_L3SGSMCHF3300300.h5 (857426 bytes)
[DELETE] GW1AM2_20240113_01D_EQMA_L3SGSMCHF3300300.h5 (916105 bytes)
[DELETE] GW1AM2_20210119_01D_EQMD_L3SGSMCHF3300300.h5 (859341 bytes)
[DELETE] GW1AM2_20220104_01D_EQMD_L3SGSMCHF3300300.h5 (834246 bytes)
[DELETE] GW1AM2_20230106_01D_EQMD_L3SGSMCHF3300300.h5 (943703 bytes)
[DELETE] GW1AM2_20210107_01D_EQMD_L3SGSMCHF3300300.h5 (947979 bytes)
[DELETE] GW1AM2_20230114_01D_EQMD_L3SGSMCHF3300300.h5 (849842 bytes)
[DELETE] GW1AM2_20220110_01D_EQMD_L3SGSMCHF3300300.h5 (960904 bytes)
[DELETE] GW1AM2_20220121_01D_EQMD_L3SGSMCHF3300300.h5 (999068 bytes)
[DELETE] GW1AM2_20220107_01D_EQMD_L3SGSMCHF3300300.h5 (958126 bytes)
[DELETE] GW1AM2_20230112_01D_EQMA_L3SGSMCHF3300300.h5 (932311 bytes)
[DELETE] GW1AM2_20210106_01D_EQMA_L3SGSMCHF3300300.h5 (912687 bytes)
[DELETE] GW1AM2_20210110_01D_EQMA_L3SGSMCHF3300300.h5 (936122 bytes)
[DELETE] GW1AM2_20240123_01D_EQMD_L3SGSMCHF3300300.h5 (946845 bytes)
[DELETE] GW1AM2_20230121_01D_EQMA_L3SGSMCHF3300300.h5 (953966 bytes)
[DELETE] GW1AM2_20210115_01D_EQMD_L3SGSMCHF3300300.h5 (875181 bytes)
[DELETE] GW1AM2_20230125_01D_EQMA_L3SGSMCHF3300300.h5 (975734 bytes)
[DELETE] GW1AM2_20240121_01D_EQMA_L3SGSMCHF3300300.h5 (945058 bytes)
[DELETE] GW1AM2_20210122_01D_EQMD_L3SGSMCHF3300300.h5 (934563 bytes)
[DELETE] GW1AM2_20230109_01D_EQMA_L3SGSMCHF3300300.h5 (937931 bytes)
[DELETE] GW1AM2_20220107_01D_EQMA_L3SGSMCHF3300300.h5 (918434 bytes)
[DELETE] GW1AM2_20220125_01D_EQMD_L3SGSMCHF3300300.h5 (960261 bytes)
[DELETE] GW1AM2_20210125_01D_EQMD_L3SGSMCHF3300300.h5 (1022278 bytes)
[DELETE] GW1AM2_20210113_01D_EQMA_L3SGSMCHF3300300.h5 (929644 bytes)
[DELETE] GW1AM2_20220114_01D_EQMA_L3SGSMCHF3300300.h5 (947944 bytes)
[DELETE] GW1AM2_20240118_01D_EQMA_L3SGSMCHF3300300.h5 (968075 bytes)
[DELETE] GW1AM2_20220122_01D_EQMD_L3SGSMCHF3300300.h5 (883717 bytes)
[DELETE] GW1AM2_20220106_01D_EQMA_L3SGSMCHF3300300.h5 (924296 bytes)
[DELETE] GW1AM2_20240123_01D_EQMA_L3SGSMCHF3300300.h5 (972545 bytes)
[DELETE] GW1AM2_20210103_01D_EQMA_L3SGSMCHF3300300.h5 (915787 bytes)
[DELETE] GW1AM2_20220123_01D_EQMD_L3SGSMCHF3300300.h5 (992716 bytes)
[DELETE] GW1AM2_20230115_01D_EQMA_L3SGSMCHF3300300.h5 (947383 bytes)
[DELETE] GW1AM2_20230103_01D_EQMA_L3SGSMCHF3300300.h5 (924450 bytes)
[DELETE] GW1AM2_20230118_01D_EQMD_L3SGSMCHF3300300.h5 (897034 bytes)
[DELETE] GW1AM2_20240101_01D_EQMD_L3SGSMCHF3300300.h5 (831228 bytes)
[DELETE] GW1AM2_20220111_01D_EQMA_L3SGSMCHF3300300.h5 (933856 bytes)
[DELETE] GW1AM2_20230125_01D_EQMD_L3SGSMCHF3300300.h5 (899440 bytes)
[DELETE] GW1AM2_20240105_01D_EQMA_L3SGSMCHF3300300.h5 (915427 bytes)
[DELETE] GW1AM2_20210114_01D_EQMD_L3SGSMCHF3300300.h5 (922086 bytes)
[DELETE] GW1AM2_20210111_01D_EQMA_L3SGSMCHF3300300.h5 (940688 bytes)
[DELETE] GW1AM2_20230109_01D_EQMD_L3SGSMCHF3300300.h5 (859714 bytes)
[DELETE] GW1AM2_20230118_01D_EQMA_L3SGSMCHF3300300.h5 (954310 bytes)
[DELETE] GW1AM2_20210101_01D_EQMD_L3SGSMCHF3300300.h5 (826978 bytes)
[DELETE] GW1AM2_20220116_01D_EQMA_L3SGSMCHF3300300.h5 (947060 bytes)
[DELETE] GW1AM2_20220722_01D_EQMD_L3SGSMCHF3300300.h5 (1246143 bytes)
[DELETE] GW1AM2_20220114_01D_EQMD_L3SGSMCHF3300300.h5 (992027 bytes)
[DELETE] GW1AM2_20240124_01D_EQMA_L3SGSMCHF3300300.h5 (970497 bytes)
[DELETE] GW1AM2_20240103_01D_EQMA_L3SGSMCHF3300300.h5 (922995 bytes)
[DELETE] GW1AM2_20230307_01D_EQMD_L3SGSMCHF3300300.h5 (932207 bytes)
[DELETE] GW1AM2_20220123_01D_EQMA_L3SGSMCHF3300300.h5 (965204 bytes)
[DELETE] GW1AM2_20220121_01D_EQMA_L3SGSMCHF3300300.h5 (974168 bytes)
[DELETE] GW1AM2_20220105_01D_EQMA_L3SGSMCHF3300300.h5 (932899 bytes)
[DELETE] GW1AM2_20240103_01D_EQMD_L3SGSMCHF3300300.h5 (838935 bytes)
[DELETE] GW1AM2_20210115_01D_EQMA_L3SGSMCHF3300300.h5 (922717 bytes)
[DELETE] GW1AM2_20220112_01D_EQMA_L3SGSMCHF3300300.h5 (951692 bytes)
[DELETE] GW1AM2_20210118_01D_EQMA_L3SGSMCHF3300300.h5 (948480 bytes)
[DELETE] GW1AM2_20220118_01D_EQMA_L3SGSMCHF3300300.h5 (974584 bytes)
[DELETE] GW1AM2_20230106_01D_EQMA_L3SGSMCHF3300300.h5 (929627 bytes)
[DELETE] GW1AM2_20210109_01D_EQMD_L3SGSMCHF3300300.h5 (971094 bytes)
[DELETE] GW1AM2_20230107_01D_EQMA_L3SGSMCHF3300300.h5 (919915 bytes)
[DELETE] GW1AM2_20240624_01D_EQMA_L3SGSMCHF3300300.h5 (1341932 bytes)
[DELETE] GW1AM2_20230101_01D_EQMD_L3SGSMCHF3300300.h5 (977913 bytes)
[DELETE] GW1AM2_20240109_01D_EQMD_L3SGSMCHF3300300.h5 (958287 bytes)
[DELETE] GW1AM2_20230113_01D_EQMA_L3SGSMCHF3300300.h5 (947930 bytes)
[DELETE] GW1AM2_20210118_01D_EQMD_L3SGSMCHF3300300.h5 (969113 bytes)
[DELETE] GW1AM2_20230104_01D_EQMA_L3SGSMCHF3300300.h5 (931944 bytes)
[DELETE] GW1AM2_20211213_01D_EQMA_L3SGSMCHF3300300.h5 (911955 bytes)
[DELETE] GW1AM2_20230107_01D_EQMD_L3SGSMCHF3300300.h5 (836691 bytes)
[DELETE] GW1AM2_20231107_01D_EQMD_L3SGSMCHF3300300.h5 (1020977 bytes)
[DELETE] GW1AM2_20230502_01D_EQMD_L3SGSMCHF3300300.h5 (1139987 bytes)
[DELETE] GW1AM2_20200722_01D_EQMD_L3SGSMCHF3300300.h5 (1383094 bytes)
[DELETE] GW1AM2_20221020_01D_EQMA_L3SGSMCHF3300300.h5 (1244988 bytes)
[DELETE] GW1AM2_20230414_01D_EQMD_L3SGSMCHF3300300.h5 (1059675 bytes)
[DELETE] GW1AM2_20200605_01D_EQMD_L3SGSMCHF3300300.h5 (1198851 bytes)
[DELETE] GW1AM2_20230801_01D_EQMD_L3SGSMCHF3300300.h5 (1275605 bytes)
[DELETE] GW1AM2_20220625_01D_EQMA_L3SGSMCHF3300300.h5 (1326710 bytes)
[DELETE] GW1AM2_20200918_01D_EQMD_L3SGSMCHF3300300.h5 (1169900 bytes)
[DELETE] GW1AM2_20230725_01D_EQMD_L3SGSMCHF3300300.h5 (1249041 bytes)
[DELETE] GW1AM2_20210424_01D_EQMD_L3SGSMCHF3300300.h5 (1115228 bytes)
[DELETE] GW1AM2_20241019_01D_EQMA_L3SGSMCHF3300300.h5 (1231465 bytes)
[DELETE] GW1AM2_20210204_01D_EQMA_L3SGSMCHF3300300.h5 (1000086 bytes)
[DELETE] GW1AM2_20240314_01D_EQMD_L3SGSMCHF3300300.h5 (912137 bytes)
[DELETE] GW1AM2_20230808_01D_EQMD_L3SGSMCHF3300300.h5 (1308024 bytes)
[DELETE] GW1AM2_20221225_01D_EQMD_L3SGSMCHF3300300.h5 (931509 bytes)
[DELETE] GW1AM2_20240714_01D_EQMA_L3SGSMCHF3300300.h5 (1367219 bytes)
[DELETE] GW1AM2_20211222_01D_EQMD_L3SGSMCHF3300300.h5 (923235 bytes)
[DELETE] GW1AM2_20210419_01D_EQMD_L3SGSMCHF3300300.h5 (1023139 bytes)
[DELETE] GW1AM2_20201210_01D_EQMA_L3SGSMCHF3300300.h5 (926210 bytes)
[DELETE] GW1AM2_20200901_01D_EQMA_L3SGSMCHF3300300.h5 (1334126 bytes)
[DELETE] GW1AM2_20221118_01D_EQMA_L3SGSMCHF3300300.h5 (1008191 bytes)
[DELETE] GW1AM2_20201211_01D_EQMD_L3SGSMCHF3300300.h5 (845299 bytes)
[DELETE] GW1AM2_20230904_01D_EQMA_L3SGSMCHF3300300.h5 (1315300 bytes)
[DELETE] GW1AM2_20240710_01D_EQMA_L3SGSMCHF3300300.h5 (1363805 bytes)
[DELETE] GW1AM2_20220723_01D_EQMA_L3SGSMCHF3300300.h5 (1362104 bytes)
[DELETE] GW1AM2_20240617_01D_EQMD_L3SGSMCHF3300300.h5 (1360202 bytes)
[DELETE] GW1AM2_20230423_01D_EQMD_L3SGSMCHF3300300.h5 (1103811 bytes)
[DELETE] GW1AM2_20230705_01D_EQMA_L3SGSMCHF3300300.h5 (1355436 bytes)
[DELETE] GW1AM2_20221019_01D_EQMA_L3SGSMCHF3300300.h5 (1234487 bytes)
[DELETE] GW1AM2_20240522_01D_EQMD_L3SGSMCHF3300300.h5 (1174904 bytes)
[DELETE] GW1AM2_20231117_01D_EQMD_L3SGSMCHF3300300.h5 (1065825 bytes)
[DELETE] GW1AM2_20210802_01D_EQMA_L3SGSMCHF3300300.h5 (1341736 bytes)
[DELETE] GW1AM2_20241128_01D_EQMD_L3SGSMCHF3300300.h5 (1014672 bytes)
[DELETE] GW1AM2_20221219_01D_EQMD_L3SGSMCHF3300300.h5 (873674 bytes)
[DELETE] GW1AM2_20210711_01D_EQMD_L3SGSMCHF3300300.h5 (1399471 bytes)
[DELETE] GW1AM2_20241022_01D_EQMA_L3SGSMCHF3300300.h5 (1225811 bytes)
[DELETE] GW1AM2_20241126_01D_EQMD_L3SGSMCHF3300300.h5 (1028134 bytes)
[DELETE] GW1AM2_20201105_01D_EQMA_L3SGSMCHF3300300.h5 (1113635 bytes)
[DELETE] GW1AM2_20210612_01D_EQMD_L3SGSMCHF3300300.h5 (1238321 bytes)
[DELETE] GW1AM2_20231021_01D_EQMA_L3SGSMCHF3300300.h5 (1223110 bytes)
[DELETE] GW1AM2_20230814_01D_EQMA_L3SGSMCHF3300300.h5 (1342131 bytes)
[DELETE] GW1AM2_20220518_01D_EQMA_L3SGSMCHF3300300.h5 (1222516 bytes)
[DELETE] GW1AM2_20221020_01D_EQMD_L3SGSMCHF3300300.h5 (1265509 bytes)
[DELETE] GW1AM2_20231206_01D_EQMD_L3SGSMCHF3300300.h5 (917240 bytes)
[DELETE] GW1AM2_20211102_01D_EQMD_L3SGSMCHF3300300.h5 (1160125 bytes)
[DELETE] GW1AM2_20230424_01D_EQMA_L3SGSMCHF3300300.h5 (1080434 bytes)
[DELETE] GW1AM2_20201111_01D_EQMA_L3SGSMCHF3300300.h5 (1067624 bytes)
[DELETE] GW1AM2_20241017_01D_EQMA_L3SGSMCHF3300300.h5 (1236161 bytes)
[DELETE] GW1AM2_20240414_01D_EQMD_L3SGSMCHF3300300.h5 (1077209 bytes)
[DELETE] GW1AM2_20221114_01D_EQMA_L3SGSMCHF3300300.h5 (1081776 bytes)
[DELETE] GW1AM2_20220808_01D_EQMA_L3SGSMCHF3300300.h5 (1369472 bytes)
[DELETE] GW1AM2_20200324_01D_EQMA_L3SGSMCHF3300300.h5 (1021351 bytes)
[DELETE] GW1AM2_20221108_01D_EQMA_L3SGSMCHF3300300.h5 (1121423 bytes)
[DELETE] GW1AM2_20240706_01D_EQMD_L3SGSMCHF3300300.h5 (1294597 bytes)
[DELETE] GW1AM2_20240920_01D_EQMA_L3SGSMCHF3300300.h5 (1295184 bytes)
[DELETE] GW1AM2_20200508_01D_EQMD_L3SGSMCHF3300300.h5 (1035095 bytes)
[DELETE] GW1AM2_20241207_01D_EQMA_L3SGSMCHF3300300.h5 (928870 bytes)
[DELETE] GW1AM2_20221201_01D_EQMA_L3SGSMCHF3300300.h5 (960565 bytes)
[DELETE] GW1AM2_20201023_01D_EQMA_L3SGSMCHF3300300.h5 (1197320 bytes)
[DELETE] GW1AM2_20220419_01D_EQMD_L3SGSMCHF3300300.h5 (926533 bytes)
[DELETE] GW1AM2_20240902_01D_EQMA_L3SGSMCHF3300300.h5 (1312725 bytes)
[DELETE] GW1AM2_20210812_01D_EQMD_L3SGSMCHF3300300.h5 (1387187 bytes)
[DELETE] GW1AM2_20201021_01D_EQMD_L3SGSMCHF3300300.h5 (1147634 bytes)
[DELETE] GW1AM2_20220501_01D_EQMD_L3SGSMCHF3300300.h5 (1061850 bytes)
[DELETE] GW1AM2_20210312_01D_EQMA_L3SGSMCHF3300300.h5 (1018308 bytes)
[DELETE] GW1AM2_20241104_01D_EQMD_L3SGSMCHF3300300.h5 (1050882 bytes)
[DELETE] GW1AM2_20211117_01D_EQMD_L3SGSMCHF3300300.h5 (902653 bytes)
[DELETE] GW1AM2_20220724_01D_EQMD_L3SGSMCHF3300300.h5 (1262219 bytes)
[DELETE] GW1AM2_20230722_01D_EQMA_L3SGSMCHF3300300.h5 (1349254 bytes)
[DELETE] GW1AM2_20200614_01D_EQMD_L3SGSMCHF3300300.h5 (1194328 bytes)
[DELETE] GW1AM2_20201215_01D_EQMA_L3SGSMCHF3300300.h5 (908231 bytes)
[DELETE] GW1AM2_20200712_01D_EQMA_L3SGSMCHF3300300.h5 (1352224 bytes)
[DELETE] GW1AM2_20231111_01D_EQMD_L3SGSMCHF3300300.h5 (1034578 bytes)
[DELETE] GW1AM2_20240723_01D_EQMD_L3SGSMCHF3300300.h5 (1399392 bytes)
[DELETE] GW1AM2_20201005_01D_EQMA_L3SGSMCHF3300300.h5 (1272330 bytes)
[DELETE] GW1AM2_20201218_01D_EQMA_L3SGSMCHF3300300.h5 (908860 bytes)
[DELETE] GW1AM2_20241024_01D_EQMA_L3SGSMCHF3300300.h5 (1176436 bytes)
[DELETE] GW1AM2_20200602_01D_EQMD_L3SGSMCHF3300300.h5 (1214944 bytes)
[DELETE] GW1AM2_20241101_01D_EQMA_L3SGSMCHF3300300.h5 (1138734 bytes)
[DELETE] GW1AM2_20240220_01D_EQMD_L3SGSMCHF3300300.h5 (925020 bytes)
[DELETE] GW1AM2_20220224_01D_EQMA_L3SGSMCHF3300300.h5 (1016067 bytes)
[DELETE] GW1AM2_20240809_01D_EQMA_L3SGSMCHF3300300.h5 (1362059 bytes)
[DELETE] GW1AM2_20220611_01D_EQMD_L3SGSMCHF3300300.h5 (1228493 bytes)
[DELETE] GW1AM2_20200213_01D_EQMA_L3SGSMCHF3300300.h5 (1009114 bytes)
[DELETE] GW1AM2_20200201_01D_EQMD_L3SGSMCHF3300300.h5 (1034965 bytes)
[DELETE] GW1AM2_20220621_01D_EQMA_L3SGSMCHF3300300.h5 (1354810 bytes)
[DELETE] GW1AM2_20231205_01D_EQMD_L3SGSMCHF3300300.h5 (943319 bytes)
[DELETE] GW1AM2_20210301_01D_EQMD_L3SGSMCHF3300300.h5 (940998 bytes)
[DELETE] GW1AM2_20220213_01D_EQMD_L3SGSMCHF3300300.h5 (1022329 bytes)
[DELETE] GW1AM2_20230917_01D_EQMA_L3SGSMCHF3300300.h5 (1293897 bytes)
[DELETE] GW1AM2_20230711_01D_EQMA_L3SGSMCHF3300300.h5 (1345529 bytes)
[DELETE] GW1AM2_20200907_01D_EQMA_L3SGSMCHF3300300.h5 (1289564 bytes)
[DELETE] GW1AM2_20230919_01D_EQMA_L3SGSMCHF3300300.h5 (1300269 bytes)
[DELETE] GW1AM2_20240805_01D_EQMA_L3SGSMCHF3300300.h5 (1356820 bytes)
[DELETE] GW1AM2_20220923_01D_EQMD_L3SGSMCHF3300300.h5 (1307155 bytes)
[DELETE] GW1AM2_20200203_01D_EQMA_L3SGSMCHF3300300.h5 (1002335 bytes)
[DELETE] GW1AM2_20221114_01D_EQMD_L3SGSMCHF3300300.h5 (1116104 bytes)
[DELETE] GW1AM2_20240209_01D_EQMA_L3SGSMCHF3300300.h5 (1003297 bytes)
[DELETE] GW1AM2_20220606_01D_EQMA_L3SGSMCHF3300300.h5 (1274358 bytes)
[DELETE] GW1AM2_20240306_01D_EQMA_L3SGSMCHF3300300.h5 (1021929 bytes)
[DELETE] GW1AM2_20230605_01D_EQMA_L3SGSMCHF3300300.h5 (1274280 bytes)
[DELETE] GW1AM2_20230311_01D_EQMD_L3SGSMCHF3300300.h5 (1050269 bytes)
[DELETE] GW1AM2_20220220_01D_EQMD_L3SGSMCHF3300300.h5 (1039037 bytes)
[DELETE] GW1AM2_20231006_01D_EQMD_L3SGSMCHF3300300.h5 (1144156 bytes)
[DELETE] GW1AM2_20210515_01D_EQMA_L3SGSMCHF3300300.h5 (1192359 bytes)
[DELETE] GW1AM2_20201013_01D_EQMA_L3SGSMCHF3300300.h5 (1241668 bytes)
[DELETE] GW1AM2_20211123_01D_EQMD_L3SGSMCHF3300300.h5 (1020800 bytes)
[DELETE] GW1AM2_20220902_01D_EQMA_L3SGSMCHF3300300.h5 (1328671 bytes)
[DELETE] GW1AM2_20230812_01D_EQMA_L3SGSMCHF3300300.h5 (1350696 bytes)
[DELETE] GW1AM2_20200418_01D_EQMA_L3SGSMCHF3300300.h5 (1068289 bytes)
[DELETE] GW1AM2_20221224_01D_EQMA_L3SGSMCHF3300300.h5 (893534 bytes)
[DELETE] GW1AM2_20200502_01D_EQMD_L3SGSMCHF3300300.h5 (1109656 bytes)
[DELETE] GW1AM2_20210321_01D_EQMA_L3SGSMCHF3300300.h5 (1046660 bytes)
[DELETE] GW1AM2_20240222_01D_EQMA_L3SGSMCHF3300300.h5 (1024453 bytes)
[DELETE] GW1AM2_20220309_01D_EQMD_L3SGSMCHF3300300.h5 (900462 bytes)
[DELETE] GW1AM2_20210901_01D_EQMA_L3SGSMCHF3300300.h5 (1317817 bytes)
[DELETE] GW1AM2_20230411_01D_EQMA_L3SGSMCHF3300300.h5 (1045207 bytes)
[DELETE] GW1AM2_20211124_01D_EQMD_L3SGSMCHF3300300.h5 (910773 bytes)
[DELETE] GW1AM2_20210607_01D_EQMD_L3SGSMCHF3300300.h5 (1285431 bytes)
[DELETE] GW1AM2_20200307_01D_EQMA_L3SGSMCHF3300300.h5 (1012747 bytes)
[DELETE] GW1AM2_20201022_01D_EQMA_L3SGSMCHF3300300.h5 (1198073 bytes)
[DELETE] GW1AM2_20211205_01D_EQMA_L3SGSMCHF3300300.h5 (926814 bytes)
[DELETE] GW1AM2_20211220_01D_EQMA_L3SGSMCHF3300300.h5 (904438 bytes)
[DELETE] GW1AM2_20211006_01D_EQMA_L3SGSMCHF3300300.h5 (1271819 bytes)
[DELETE] GW1AM2_20210608_01D_EQMD_L3SGSMCHF3300300.h5 (1193058 bytes)
[DELETE] GW1AM2_20220209_01D_EQMD_L3SGSMCHF3300300.h5 (896270 bytes)
[DELETE] GW1AM2_20240717_01D_EQMA_L3SGSMCHF3300300.h5 (1363390 bytes)
[DELETE] GW1AM2_20200208_01D_EQMD_L3SGSMCHF3300300.h5 (1046545 bytes)
[DELETE] GW1AM2_20220718_01D_EQMA_L3SGSMCHF3300300.h5 (1347845 bytes)
[DELETE] GW1AM2_20220217_01D_EQMA_L3SGSMCHF3300300.h5 (996852 bytes)
[DELETE] GW1AM2_20220707_01D_EQMA_L3SGSMCHF3300300.h5 (1370407 bytes)
[DELETE] GW1AM2_20220517_01D_EQMD_L3SGSMCHF3300300.h5 (1159858 bytes)
[DELETE] GW1AM2_20230906_01D_EQMA_L3SGSMCHF3300300.h5 (1291689 bytes)
[DELETE] GW1AM2_20210412_01D_EQMA_L3SGSMCHF3300300.h5 (1043034 bytes)
[DELETE] GW1AM2_20221106_01D_EQMA_L3SGSMCHF3300300.h5 (1118513 bytes)
[DELETE] GW1AM2_20231101_01D_EQMA_L3SGSMCHF3300300.h5 (1131263 bytes)
[DELETE] GW1AM2_20240318_01D_EQMD_L3SGSMCHF3300300.h5 (966321 bytes)
[DELETE] GW1AM2_20210814_01D_EQMD_L3SGSMCHF3300300.h5 (1393175 bytes)
[DELETE] GW1AM2_20210503_01D_EQMD_L3SGSMCHF3300300.h5 (1181410 bytes)
[DELETE] GW1AM2_20201125_01D_EQMA_L3SGSMCHF3300300.h5 (958925 bytes)
[DELETE] GW1AM2_20231222_01D_EQMA_L3SGSMCHF3300300.h5 (922491 bytes)
[DELETE] GW1AM2_20220203_01D_EQMA_L3SGSMCHF3300300.h5 (994093 bytes)
[DELETE] GW1AM2_20240908_01D_EQMA_L3SGSMCHF3300300.h5 (1290821 bytes)
[DELETE] GW1AM2_20230301_01D_EQMD_L3SGSMCHF3300300.h5 (981794 bytes)
[DELETE] GW1AM2_20230901_01D_EQMD_L3SGSMCHF3300300.h5 (1328072 bytes)
[DELETE] GW1AM2_20210610_01D_EQMA_L3SGSMCHF3300300.h5 (1307672 bytes)
[DELETE] GW1AM2_20241023_01D_EQMD_L3SGSMCHF3300300.h5 (1246279 bytes)
[DELETE] GW1AM2_20240704_01D_EQMD_L3SGSMCHF3300300.h5 (1259835 bytes)
[DELETE] GW1AM2_20220803_01D_EQMA_L3SGSMCHF3300300.h5 (1364396 bytes)
[DELETE] GW1AM2_20210712_01D_EQMA_L3SGSMCHF3300300.h5 (1353761 bytes)
[DELETE] GW1AM2_20210411_01D_EQMD_L3SGSMCHF3300300.h5 (981539 bytes)
[DELETE] GW1AM2_20200615_01D_EQMD_L3SGSMCHF3300300.h5 (1350448 bytes)
[DELETE] GW1AM2_20210214_01D_EQMD_L3SGSMCHF3300300.h5 (987655 bytes)
[DELETE] GW1AM2_20220523_01D_EQMA_L3SGSMCHF3300300.h5 (1221690 bytes)
[DELETE] GW1AM2_20210416_01D_EQMD_L3SGSMCHF3300300.h5 (945334 bytes)
[DELETE] GW1AM2_20230724_01D_EQMA_L3SGSMCHF3300300.h5 (1359347 bytes)
[DELETE] GW1AM2_20240210_01D_EQMD_L3SGSMCHF3300300.h5 (1036775 bytes)
[DELETE] GW1AM2_20200624_01D_EQMA_L3SGSMCHF3300300.h5 (1334806 bytes)
[DELETE] GW1AM2_20211109_01D_EQMA_L3SGSMCHF3300300.h5 (1082892 bytes)
[DELETE] GW1AM2_20220205_01D_EQMA_L3SGSMCHF3300300.h5 (994892 bytes)
[DELETE] GW1AM2_20211024_01D_EQMA_L3SGSMCHF3300300.h5 (1189852 bytes)
[DELETE] GW1AM2_20220811_01D_EQMA_L3SGSMCHF3300300.h5 (1341970 bytes)
[DELETE] GW1AM2_20210514_01D_EQMD_L3SGSMCHF3300300.h5 (1133766 bytes)
[DELETE] GW1AM2_20240917_01D_EQMA_L3SGSMCHF3300300.h5 (1282958 bytes)
[DELETE] GW1AM2_20220720_01D_EQMA_L3SGSMCHF3300300.h5 (1340671 bytes)
[DELETE] GW1AM2_20201220_01D_EQMA_L3SGSMCHF3300300.h5 (906748 bytes)
[DELETE] GW1AM2_20240825_01D_EQMD_L3SGSMCHF3300300.h5 (1323858 bytes)
[DELETE] GW1AM2_20241221_01D_EQMD_L3SGSMCHF3300300.h5 (932381 bytes)
[DELETE] GW1AM2_20241203_01D_EQMD_L3SGSMCHF3300300.h5 (971040 bytes)
[DELETE] GW1AM2_20240815_01D_EQMA_L3SGSMCHF3300300.h5 (1356520 bytes)
[DELETE] GW1AM2_20240805_01D_EQMD_L3SGSMCHF3300300.h5 (1258424 bytes)
[DELETE] GW1AM2_20210406_01D_EQMD_L3SGSMCHF3300300.h5 (1037704 bytes)
[DELETE] GW1AM2_20210523_01D_EQMA_L3SGSMCHF3300300.h5 (1216364 bytes)
[DELETE] GW1AM2_20240820_01D_EQMD_L3SGSMCHF3300300.h5 (1394875 bytes)
[DELETE] GW1AM2_20240209_01D_EQMD_L3SGSMCHF3300300.h5 (959217 bytes)
[DELETE] GW1AM2_20230203_01D_EQMA_L3SGSMCHF3300300.h5 (988447 bytes)
[DELETE] GW1AM2_20230311_01D_EQMA_L3SGSMCHF3300300.h5 (1032915 bytes)
[DELETE] GW1AM2_20211217_01D_EQMA_L3SGSMCHF3300300.h5 (908466 bytes)
[DELETE] GW1AM2_20221103_01D_EQMA_L3SGSMCHF3300300.h5 (1133470 bytes)
[DELETE] GW1AM2_20201205_01D_EQMA_L3SGSMCHF3300300.h5 (917489 bytes)
[DELETE] GW1AM2_20231025_01D_EQMA_L3SGSMCHF3300300.h5 (1164116 bytes)
[DELETE] GW1AM2_20200706_01D_EQMA_L3SGSMCHF3300300.h5 (1355818 bytes)
[DELETE] GW1AM2_20220925_01D_EQMD_L3SGSMCHF3300300.h5 (1309461 bytes)
[DELETE] GW1AM2_20210424_01D_EQMA_L3SGSMCHF3300300.h5 (1118930 bytes)
[DELETE] GW1AM2_20211213_01D_EQMD_L3SGSMCHF3300300.h5 (943315 bytes)
[DELETE] GW1AM2_20220318_01D_EQMA_L3SGSMCHF3300300.h5 (1022702 bytes)
[DELETE] GW1AM2_20240812_01D_EQMD_L3SGSMCHF3300300.h5 (1248811 bytes)
[DELETE] GW1AM2_20231213_01D_EQMA_L3SGSMCHF3300300.h5 (911594 bytes)
[DELETE] GW1AM2_20240410_01D_EQMA_L3SGSMCHF3300300.h5 (1058942 bytes)
[DELETE] GW1AM2_20230509_01D_EQMD_L3SGSMCHF3300300.h5 (1191512 bytes)
[DELETE] GW1AM2_20210213_01D_EQMD_L3SGSMCHF3300300.h5 (916970 bytes)
[DELETE] GW1AM2_20241003_01D_EQMA_L3SGSMCHF3300300.h5 (1254845 bytes)
[DELETE] GW1AM2_20241123_01D_EQMD_L3SGSMCHF3300300.h5 (960193 bytes)
[DELETE] GW1AM2_20211222_01D_EQMA_L3SGSMCHF3300300.h5 (881335 bytes)
[DELETE] GW1AM2_20240907_01D_EQMA_L3SGSMCHF3300300.h5 (1306562 bytes)
[DELETE] GW1AM2_20220914_01D_EQMA_L3SGSMCHF3300300.h5 (1281731 bytes)
[DELETE] GW1AM2_20241117_01D_EQMA_L3SGSMCHF3300300.h5 (1035159 bytes)
[DELETE] GW1AM2_20230418_01D_EQMD_L3SGSMCHF3300300.h5 (1009528 bytes)
[DELETE] GW1AM2_20240712_01D_EQMD_L3SGSMCHF3300300.h5 (1418730 bytes)
[DELETE] GW1AM2_20200802_01D_EQMD_L3SGSMCHF3300300.h5 (1401611 bytes)
[DELETE] GW1AM2_20230204_01D_EQMD_L3SGSMCHF3300300.h5 (991989 bytes)
[DELETE] GW1AM2_20231221_01D_EQMA_L3SGSMCHF3300300.h5 (902751 bytes)
[DELETE] GW1AM2_20240808_01D_EQMA_L3SGSMCHF3300300.h5 (1363146 bytes)
[DELETE] GW1AM2_20200818_01D_EQMA_L3SGSMCHF3300300.h5 (1361131 bytes)
[DELETE] GW1AM2_20200912_01D_EQMD_L3SGSMCHF3300300.h5 (1343739 bytes)
[DELETE] GW1AM2_20221125_01D_EQMD_L3SGSMCHF3300300.h5 (965746 bytes)
[DELETE] GW1AM2_20210324_01D_EQMD_L3SGSMCHF3300300.h5 (920969 bytes)
[DELETE] GW1AM2_20220322_01D_EQMA_L3SGSMCHF3300300.h5 (1017825 bytes)
[DELETE] GW1AM2_20241021_01D_EQMA_L3SGSMCHF3300300.h5 (1238601 bytes)
[DELETE] GW1AM2_20210213_01D_EQMA_L3SGSMCHF3300300.h5 (982107 bytes)
[DELETE] GW1AM2_20210806_01D_EQMA_L3SGSMCHF3300300.h5 (1331892 bytes)
[DELETE] GW1AM2_20240605_01D_EQMD_L3SGSMCHF3300300.h5 (1314580 bytes)
[DELETE] GW1AM2_20220924_01D_EQMA_L3SGSMCHF3300300.h5 (1269824 bytes)
[DELETE] GW1AM2_20230507_01D_EQMA_L3SGSMCHF3300300.h5 (1155029 bytes)
[DELETE] GW1AM2_20200425_01D_EQMA_L3SGSMCHF3300300.h5 (1089055 bytes)
[DELETE] GW1AM2_20230225_01D_EQMD_L3SGSMCHF3300300.h5 (1044827 bytes)
[DELETE] GW1AM2_20241024_01D_EQMD_L3SGSMCHF3300300.h5 (1073234 bytes)
[DELETE] GW1AM2_20240409_01D_EQMD_L3SGSMCHF3300300.h5 (1092806 bytes)
[DELETE] GW1AM2_20240214_01D_EQMA_L3SGSMCHF3300300.h5 (1008842 bytes)
[DELETE] GW1AM2_20210919_01D_EQMA_L3SGSMCHF3300300.h5 (1279730 bytes)
[DELETE] GW1AM2_20201104_01D_EQMA_L3SGSMCHF3300300.h5 (1112411 bytes)
[DELETE] GW1AM2_20230401_01D_EQMD_L3SGSMCHF3300300.h5 (973564 bytes)
[DELETE] GW1AM2_20201123_01D_EQMD_L3SGSMCHF3300300.h5 (900858 bytes)
[DELETE] GW1AM2_20240903_01D_EQMA_L3SGSMCHF3300300.h5 (1327939 bytes)
[DELETE] GW1AM2_20240511_01D_EQMD_L3SGSMCHF3300300.h5 (1194449 bytes)
[DELETE] GW1AM2_20221209_01D_EQMA_L3SGSMCHF3300300.h5 (913386 bytes)
[DELETE] GW1AM2_20200805_01D_EQMD_L3SGSMCHF3300300.h5 (1301850 bytes)
[DELETE] GW1AM2_20220906_01D_EQMA_L3SGSMCHF3300300.h5 (1282360 bytes)
[DELETE] GW1AM2_20211011_01D_EQMA_L3SGSMCHF3300300.h5 (1234066 bytes)
[DELETE] GW1AM2_20200410_01D_EQMD_L3SGSMCHF3300300.h5 (1030106 bytes)
[DELETE] GW1AM2_20200317_01D_EQMA_L3SGSMCHF3300300.h5 (736613 bytes)
[DELETE] GW1AM2_20231113_01D_EQMD_L3SGSMCHF3300300.h5 (1100247 bytes)
[DELETE] GW1AM2_20220614_01D_EQMD_L3SGSMCHF3300300.h5 (1348676 bytes)
[DELETE] GW1AM2_20220322_01D_EQMD_L3SGSMCHF3300300.h5 (972135 bytes)
[DELETE] GW1AM2_20201106_01D_EQMD_L3SGSMCHF3300300.h5 (1141485 bytes)
[DELETE] GW1AM2_20200810_01D_EQMA_L3SGSMCHF3300300.h5 (1352252 bytes)
[DELETE] GW1AM2_20230905_01D_EQMD_L3SGSMCHF3300300.h5 (1361619 bytes)
[DELETE] GW1AM2_20230320_01D_EQMD_L3SGSMCHF3300300.h5 (1042045 bytes)
[DELETE] GW1AM2_20210904_01D_EQMD_L3SGSMCHF3300300.h5 (1373158 bytes)
[DELETE] GW1AM2_20230824_01D_EQMA_L3SGSMCHF3300300.h5 (1322906 bytes)
[DELETE] GW1AM2_20240908_01D_EQMD_L3SGSMCHF3300300.h5 (1224257 bytes)
[DELETE] GW1AM2_20210819_01D_EQMA_L3SGSMCHF3300300.h5 (1354752 bytes)
[DELETE] GW1AM2_20241216_01D_EQMA_L3SGSMCHF3300300.h5 (897938 bytes)
[DELETE] GW1AM2_20240425_01D_EQMD_L3SGSMCHF3300300.h5 (1118722 bytes)
[DELETE] GW1AM2_20240821_01D_EQMD_L3SGSMCHF3300300.h5 (1233656 bytes)
[DELETE] GW1AM2_20230723_01D_EQMD_L3SGSMCHF3300300.h5 (1309795 bytes)
[DELETE] GW1AM2_20200716_01D_EQMD_L3SGSMCHF3300300.h5 (1252174 bytes)
[DELETE] GW1AM2_20210310_01D_EQMD_L3SGSMCHF3300300.h5 (940961 bytes)
[DELETE] GW1AM2_20211004_01D_EQMA_L3SGSMCHF3300300.h5 (1268891 bytes)
[DELETE] GW1AM2_20240722_01D_EQMA_L3SGSMCHF3300300.h5 (1345802 bytes)
[DELETE] GW1AM2_20200612_01D_EQMA_L3SGSMCHF3300300.h5 (1292936 bytes)
[DELETE] GW1AM2_20240604_01D_EQMD_L3SGSMCHF3300300.h5 (1201306 bytes)
[DELETE] GW1AM2_20240220_01D_EQMA_L3SGSMCHF3300300.h5 (1029511 bytes)
[DELETE] GW1AM2_20240920_01D_EQMD_L3SGSMCHF3300300.h5 (1211415 bytes)
[DELETE] GW1AM2_20211025_01D_EQMA_L3SGSMCHF3300300.h5 (1181058 bytes)
[DELETE] GW1AM2_20230414_01D_EQMA_L3SGSMCHF3300300.h5 (1044565 bytes)
[DELETE] GW1AM2_20220304_01D_EQMA_L3SGSMCHF3300300.h5 (1009918 bytes)
[DELETE] GW1AM2_20240422_01D_EQMD_L3SGSMCHF3300300.h5 (950400 bytes)
[DELETE] GW1AM2_20241012_01D_EQMA_L3SGSMCHF3300300.h5 (1234430 bytes)
[DELETE] GW1AM2_20210707_01D_EQMA_L3SGSMCHF3300300.h5 (1335598 bytes)
[DELETE] GW1AM2_20220823_01D_EQMA_L3SGSMCHF3300300.h5 (1324947 bytes)
[DELETE] GW1AM2_20211214_01D_EQMA_L3SGSMCHF3300300.h5 (901451 bytes)
[DELETE] GW1AM2_20200207_01D_EQMA_L3SGSMCHF3300300.h5 (1004339 bytes)
[DELETE] GW1AM2_20240425_01D_EQMA_L3SGSMCHF3300300.h5 (1102605 bytes)
[DELETE] GW1AM2_20210601_01D_EQMD_L3SGSMCHF3300300.h5 (1142308 bytes)
[DELETE] GW1AM2_20220208_01D_EQMA_L3SGSMCHF3300300.h5 (1001173 bytes)
[DELETE] GW1AM2_20220504_01D_EQMD_L3SGSMCHF3300300.h5 (1158254 bytes)
[DELETE] GW1AM2_20210709_01D_EQMA_L3SGSMCHF3300300.h5 (1357284 bytes)
[DELETE] GW1AM2_20220219_01D_EQMD_L3SGSMCHF3300300.h5 (947692 bytes)
[DELETE] GW1AM2_20210806_01D_EQMD_L3SGSMCHF3300300.h5 (1243547 bytes)
[DELETE] GW1AM2_20211125_01D_EQMD_L3SGSMCHF3300300.h5 (1007407 bytes)
[DELETE] GW1AM2_20210223_01D_EQMA_L3SGSMCHF3300300.h5 (1002295 bytes)
[DELETE] GW1AM2_20210925_01D_EQMA_L3SGSMCHF3300300.h5 (1264065 bytes)
[DELETE] GW1AM2_20240407_01D_EQMA_L3SGSMCHF3300300.h5 (1071574 bytes)
[DELETE] GW1AM2_20240313_01D_EQMD_L3SGSMCHF3300300.h5 (1040199 bytes)
[DELETE] GW1AM2_20230918_01D_EQMA_L3SGSMCHF3300300.h5 (1286553 bytes)
[DELETE] GW1AM2_20220207_01D_EQMD_L3SGSMCHF3300300.h5 (905890 bytes)
[DELETE] GW1AM2_20231102_01D_EQMA_L3SGSMCHF3300300.h5 (1125002 bytes)
[DELETE] GW1AM2_20221216_01D_EQMA_L3SGSMCHF3300300.h5 (898345 bytes)
[DELETE] GW1AM2_20230511_01D_EQMD_L3SGSMCHF3300300.h5 (1144435 bytes)
[DELETE] GW1AM2_20200205_01D_EQMA_L3SGSMCHF3300300.h5 (996624 bytes)
[DELETE] GW1AM2_20240317_01D_EQMD_L3SGSMCHF3300300.h5 (1057168 bytes)
[DELETE] GW1AM2_20240720_01D_EQMA_L3SGSMCHF3300300.h5 (1350273 bytes)
[DELETE] GW1AM2_20200504_01D_EQMA_L3SGSMCHF3300300.h5 (1153415 bytes)
[DELETE] GW1AM2_20230403_01D_EQMD_L3SGSMCHF3300300.h5 (1027379 bytes)
[DELETE] GW1AM2_20210522_01D_EQMD_L3SGSMCHF3300300.h5 (1208666 bytes)
[DELETE] GW1AM2_20240718_01D_EQMD_L3SGSMCHF3300300.h5 (1274682 bytes)
[DELETE] GW1AM2_20210506_01D_EQMD_L3SGSMCHF3300300.h5 (1135809 bytes)
[DELETE] GW1AM2_20200411_01D_EQMA_L3SGSMCHF3300300.h5 (1028033 bytes)
[DELETE] GW1AM2_20220720_01D_EQMD_L3SGSMCHF3300300.h5 (1326966 bytes)
[DELETE] GW1AM2_20210907_01D_EQMA_L3SGSMCHF3300300.h5 (1291695 bytes)
[DELETE] GW1AM2_20241215_01D_EQMD_L3SGSMCHF3300300.h5 (848825 bytes)
[DELETE] GW1AM2_20220309_01D_EQMA_L3SGSMCHF3300300.h5 (1010361 bytes)
[DELETE] GW1AM2_20230512_01D_EQMD_L3SGSMCHF3300300.h5 (1146889 bytes)
[DELETE] GW1AM2_20210805_01D_EQMA_L3SGSMCHF3300300.h5 (1354350 bytes)
[DELETE] GW1AM2_20231212_01D_EQMD_L3SGSMCHF3300300.h5 (945234 bytes)
[DELETE] GW1AM2_20231121_01D_EQMD_L3SGSMCHF3300300.h5 (972624 bytes)
[DELETE] GW1AM2_20230921_01D_EQMA_L3SGSMCHF3300300.h5 (1303523 bytes)
[DELETE] GW1AM2_20230224_01D_EQMD_L3SGSMCHF3300300.h5 (915455 bytes)
[DELETE] GW1AM2_20240224_01D_EQMD_L3SGSMCHF3300300.h5 (1011794 bytes)
[DELETE] GW1AM2_20211104_01D_EQMD_L3SGSMCHF3300300.h5 (1160601 bytes)
[DELETE] GW1AM2_20221008_01D_EQMD_L3SGSMCHF3300300.h5 (1201049 bytes)
[DELETE] GW1AM2_20210314_01D_EQMA_L3SGSMCHF3300300.h5 (1035058 bytes)
[DELETE] GW1AM2_20200903_01D_EQMD_L3SGSMCHF3300300.h5 (1363502 bytes)
[DELETE] GW1AM2_20230416_01D_EQMD_L3SGSMCHF3300300.h5 (1069373 bytes)
[DELETE] GW1AM2_20201125_01D_EQMD_L3SGSMCHF3300300.h5 (892040 bytes)
[DELETE] GW1AM2_20211003_01D_EQMA_L3SGSMCHF3300300.h5 (1268923 bytes)
[DELETE] GW1AM2_20241209_01D_EQMD_L3SGSMCHF3300300.h5 (883246 bytes)
[DELETE] GW1AM2_20231015_01D_EQMD_L3SGSMCHF3300300.h5 (1140841 bytes)
[DELETE] GW1AM2_20201107_01D_EQMA_L3SGSMCHF3300300.h5 (1113939 bytes)
[DELETE] GW1AM2_20211009_01D_EQMD_L3SGSMCHF3300300.h5 (1142086 bytes)
[DELETE] GW1AM2_20200220_01D_EQMA_L3SGSMCHF3300300.h5 (1018149 bytes)
[DELETE] GW1AM2_20220223_01D_EQMD_L3SGSMCHF3300300.h5 (852223 bytes)
[DELETE] GW1AM2_20221221_01D_EQMD_L3SGSMCHF3300300.h5 (923914 bytes)
[DELETE] GW1AM2_20201024_01D_EQMD_L3SGSMCHF3300300.h5 (1088194 bytes)
[DELETE] GW1AM2_20240821_01D_EQMA_L3SGSMCHF3300300.h5 (1333752 bytes)
[DELETE] GW1AM2_20241209_01D_EQMA_L3SGSMCHF3300300.h5 (926480 bytes)
[DELETE] GW1AM2_20240316_01D_EQMD_L3SGSMCHF3300300.h5 (932317 bytes)
[DELETE] GW1AM2_20210718_01D_EQMA_L3SGSMCHF3300300.h5 (1367264 bytes)
[DELETE] GW1AM2_20230712_01D_EQMD_L3SGSMCHF3300300.h5 (1412316 bytes)
[DELETE] GW1AM2_20220620_01D_EQMD_L3SGSMCHF3300300.h5 (1232331 bytes)
[DELETE] GW1AM2_20221102_01D_EQMA_L3SGSMCHF3300300.h5 (1135451 bytes)
[DELETE] GW1AM2_20201016_01D_EQMD_L3SGSMCHF3300300.h5 (1219874 bytes)
[DELETE] GW1AM2_20231208_01D_EQMD_L3SGSMCHF3300300.h5 (953709 bytes)
[DELETE] GW1AM2_20220501_01D_EQMA_L3SGSMCHF3300300.h5 (1146598 bytes)
[DELETE] GW1AM2_20240420_01D_EQMD_L3SGSMCHF3300300.h5 (1034979 bytes)
[DELETE] GW1AM2_20240323_01D_EQMD_L3SGSMCHF3300300.h5 (932823 bytes)
[DELETE] GW1AM2_20240609_01D_EQMD_L3SGSMCHF3300300.h5 (1176194 bytes)
[DELETE] GW1AM2_20210212_01D_EQMD_L3SGSMCHF3300300.h5 (1038340 bytes)
[DELETE] GW1AM2_20200725_01D_EQMA_L3SGSMCHF3300300.h5 (1353934 bytes)
[DELETE] GW1AM2_20201023_01D_EQMD_L3SGSMCHF3300300.h5 (1224942 bytes)
[DELETE] GW1AM2_20200419_01D_EQMD_L3SGSMCHF3300300.h5 (1081678 bytes)
[DELETE] GW1AM2_20240719_01D_EQMA_L3SGSMCHF3300300.h5 (1371429 bytes)
[DELETE] GW1AM2_20230308_01D_EQMA_L3SGSMCHF3300300.h5 (1011172 bytes)
[DELETE] GW1AM2_20210813_01D_EQMA_L3SGSMCHF3300300.h5 (1336616 bytes)
[DELETE] GW1AM2_20241010_01D_EQMA_L3SGSMCHF3300300.h5 (1235700 bytes)
[DELETE] GW1AM2_20221022_01D_EQMA_L3SGSMCHF3300300.h5 (1223208 bytes)
[DELETE] GW1AM2_20211101_01D_EQMD_L3SGSMCHF3300300.h5 (1015664 bytes)
[DELETE] GW1AM2_20240405_01D_EQMD_L3SGSMCHF3300300.h5 (1051338 bytes)
[DELETE] GW1AM2_20200414_01D_EQMA_L3SGSMCHF3300300.h5 (1031359 bytes)
[DELETE] GW1AM2_20230704_01D_EQMA_L3SGSMCHF3300300.h5 (1341085 bytes)
[DELETE] GW1AM2_20221215_01D_EQMA_L3SGSMCHF3300300.h5 (897012 bytes)
[DELETE] GW1AM2_20201001_01D_EQMD_L3SGSMCHF3300300.h5 (1223277 bytes)
[DELETE] GW1AM2_20230907_01D_EQMD_L3SGSMCHF3300300.h5 (1326855 bytes)
[DELETE] GW1AM2_20220706_01D_EQMD_L3SGSMCHF3300300.h5 (1258020 bytes)
[DELETE] GW1AM2_20230617_01D_EQMD_L3SGSMCHF3300300.h5 (1342233 bytes)
[DELETE] GW1AM2_20210305_01D_EQMA_L3SGSMCHF3300300.h5 (1028338 bytes)
[DELETE] GW1AM2_20231008_01D_EQMA_L3SGSMCHF3300300.h5 (1245473 bytes)
[DELETE] GW1AM2_20200722_01D_EQMA_L3SGSMCHF3300300.h5 (1363988 bytes)
[DELETE] GW1AM2_20201212_01D_EQMA_L3SGSMCHF3300300.h5 (901350 bytes)
[DELETE] GW1AM2_20221119_01D_EQMD_L3SGSMCHF3300300.h5 (1029145 bytes)
[DELETE] GW1AM2_20200424_01D_EQMA_L3SGSMCHF3300300.h5 (1090063 bytes)
[DELETE] GW1AM2_20231216_01D_EQMD_L3SGSMCHF3300300.h5 (816366 bytes)
[DELETE] GW1AM2_20231005_01D_EQMA_L3SGSMCHF3300300.h5 (1263653 bytes)
[DELETE] GW1AM2_20230510_01D_EQMA_L3SGSMCHF3300300.h5 (1168439 bytes)
[DELETE] GW1AM2_20220409_01D_EQMA_L3SGSMCHF3300300.h5 (1048274 bytes)
[DELETE] GW1AM2_20210518_01D_EQMD_L3SGSMCHF3300300.h5 (1095336 bytes)
[DELETE] GW1AM2_20230909_01D_EQMD_L3SGSMCHF3300300.h5 (1265425 bytes)
[DELETE] GW1AM2_20210220_01D_EQMA_L3SGSMCHF3300300.h5 (1003869 bytes)
[DELETE] GW1AM2_20200806_01D_EQMD_L3SGSMCHF3300300.h5 (1352096 bytes)
[DELETE] GW1AM2_20240904_01D_EQMD_L3SGSMCHF3300300.h5 (1234031 bytes)
[DELETE] GW1AM2_20240608_01D_EQMA_L3SGSMCHF3300300.h5 (1294571 bytes)
[DELETE] GW1AM2_20220723_01D_EQMD_L3SGSMCHF3300300.h5 (1401541 bytes)
[DELETE] GW1AM2_20211004_01D_EQMD_L3SGSMCHF3300300.h5 (1225155 bytes)
[DELETE] GW1AM2_20230914_01D_EQMD_L3SGSMCHF3300300.h5 (1326806 bytes)
[DELETE] GW1AM2_20211016_01D_EQMD_L3SGSMCHF3300300.h5 (1091252 bytes)
[DELETE] GW1AM2_20210420_01D_EQMA_L3SGSMCHF3300300.h5 (1061429 bytes)
[DELETE] GW1AM2_20211111_01D_EQMD_L3SGSMCHF3300300.h5 (1105367 bytes)
[DELETE] GW1AM2_20220804_01D_EQMA_L3SGSMCHF3300300.h5 (1362784 bytes)
[DELETE] GW1AM2_20201207_01D_EQMD_L3SGSMCHF3300300.h5 (838051 bytes)
[DELETE] GW1AM2_20220706_01D_EQMA_L3SGSMCHF3300300.h5 (1346564 bytes)
[DELETE] GW1AM2_20200319_01D_EQMA_L3SGSMCHF3300300.h5 (1024643 bytes)
[DELETE] GW1AM2_20211014_01D_EQMD_L3SGSMCHF3300300.h5 (1141388 bytes)
[DELETE] GW1AM2_20230406_01D_EQMD_L3SGSMCHF3300300.h5 (915317 bytes)
[DELETE] GW1AM2_20210923_01D_EQMA_L3SGSMCHF3300300.h5 (1270119 bytes)
[DELETE] GW1AM2_20220922_01D_EQMA_L3SGSMCHF3300300.h5 (1284178 bytes)
[DELETE] GW1AM2_20240703_01D_EQMA_L3SGSMCHF3300300.h5 (1359742 bytes)
[DELETE] GW1AM2_20240809_01D_EQMD_L3SGSMCHF3300300.h5 (1344283 bytes)
[DELETE] GW1AM2_20230316_01D_EQMD_L3SGSMCHF3300300.h5 (970775 bytes)
[DELETE] GW1AM2_20200207_01D_EQMD_L3SGSMCHF3300300.h5 (915448 bytes)
[DELETE] GW1AM2_20200711_01D_EQMD_L3SGSMCHF3300300.h5 (1275920 bytes)
[DELETE] GW1AM2_20210624_01D_EQMA_L3SGSMCHF3300300.h5 (1332111 bytes)
[DELETE] GW1AM2_20230517_01D_EQMD_L3SGSMCHF3300300.h5 (1112520 bytes)
[DELETE] GW1AM2_20210206_01D_EQMA_L3SGSMCHF3300300.h5 (1001420 bytes)
[DELETE] GW1AM2_20210406_01D_EQMA_L3SGSMCHF3300300.h5 (1040621 bytes)
[DELETE] GW1AM2_20220405_01D_EQMA_L3SGSMCHF3300300.h5 (1026653 bytes)
[DELETE] GW1AM2_20221021_01D_EQMA_L3SGSMCHF3300300.h5 (1217783 bytes)
[DELETE] GW1AM2_20210912_01D_EQMD_L3SGSMCHF3300300.h5 (1214613 bytes)
[DELETE] GW1AM2_20220805_01D_EQMD_L3SGSMCHF3300300.h5 (1336909 bytes)
[DELETE] GW1AM2_20211113_01D_EQMA_L3SGSMCHF3300300.h5 (1063715 bytes)
[DELETE] GW1AM2_20231115_01D_EQMD_L3SGSMCHF3300300.h5 (1116081 bytes)
[DELETE] GW1AM2_20231105_01D_EQMA_L3SGSMCHF3300300.h5 (1133506 bytes)
[DELETE] GW1AM2_20220410_01D_EQMA_L3SGSMCHF3300300.h5 (1052531 bytes)
[DELETE] GW1AM2_20230805_01D_EQMA_L3SGSMCHF3300300.h5 (1342399 bytes)
[DELETE] GW1AM2_20240702_01D_EQMA_L3SGSMCHF3300300.h5 (1348099 bytes)
[DELETE] GW1AM2_20211211_01D_EQMD_L3SGSMCHF3300300.h5 (940035 bytes)
[DELETE] GW1AM2_20200402_01D_EQMD_L3SGSMCHF3300300.h5 (950755 bytes)
[DELETE] GW1AM2_20210515_01D_EQMD_L3SGSMCHF3300300.h5 (1202425 bytes)
[DELETE] GW1AM2_20241115_01D_EQMD_L3SGSMCHF3300300.h5 (1093474 bytes)
[DELETE] GW1AM2_20230925_01D_EQMD_L3SGSMCHF3300300.h5 (1243129 bytes)
[DELETE] GW1AM2_20210913_01D_EQMA_L3SGSMCHF3300300.h5 (1312155 bytes)
[DELETE] GW1AM2_20231110_01D_EQMA_L3SGSMCHF3300300.h5 (1085439 bytes)
[DELETE] GW1AM2_20220323_01D_EQMD_L3SGSMCHF3300300.h5 (938716 bytes)
[DELETE] GW1AM2_20240708_01D_EQMD_L3SGSMCHF3300300.h5 (120 bytes)
[DELETE] GW1AM2_20211119_01D_EQMD_L3SGSMCHF3300300.h5 (120 bytes)
[DELETE] GW1AM2_20210919_01D_EQMD_L3SGSMCHF3300300.h5 (120 bytes)
[DELETE] GW1AM2_20210918_01D_EQMA_L3SGSMCHF3300300.h5 (120 bytes)
[DELETE] GW1AM2_20200408_01D_EQMA_L3SGSMCHF3300300.h5 (120 bytes)
[DELETE] GW1AM2_20210413_01D_EQMA_L3SGSMCHF3300300.h5 (1048146 bytes)
[DELETE] GW1AM2_20200903_01D_EQMA_L3SGSMCHF3300300.h5 (120 bytes)
[DELETE] GW1AM2_20240601_01D_EQMD_L3SGSMCHF3300300.h5 (1277399 bytes)
[DELETE] GW1AM2_20220225_01D_EQMA_L3SGSMCHF3300300.h5 (1013160 bytes)
[DELETE] GW1AM2_20240424_01D_EQMD_L3SGSMCHF3300300.h5 (979798 bytes)
[DELETE] GW1AM2_20220602_01D_EQMD_L3SGSMCHF3300300.h5 (120 bytes)
[DELETE] GW1AM2_20240616_01D_EQMD_L3SGSMCHF3300300.h5 (1233929 bytes)
[DELETE] GW1AM2_20230605_01D_EQMD_L3SGSMCHF3300300.h5 (1245003 bytes)
[DELETE] GW1AM2_20241201_01D_EQMD_L3SGSMCHF3300300.h5 (998370 bytes)
[DELETE] GW1AM2_20210711_01D_EQMA_L3SGSMCHF3300300.h5 (1364779 bytes)
[DELETE] GW1AM2_20210614_01D_EQMD_L3SGSMCHF3300300.h5 (1291101 bytes)
[DELETE] GW1AM2_20230610_01D_EQMD_L3SGSMCHF3300300.h5 (1354522 bytes)
[DELETE] GW1AM2_20200708_01D_EQMA_L3SGSMCHF3300300.h5 (1359737 bytes)
[DELETE] GW1AM2_20220608_01D_EQMA_L3SGSMCHF3300300.h5 (1268822 bytes)
[DELETE] GW1AM2_20231012_01D_EQMA_L3SGSMCHF3300300.h5 (1261138 bytes)
[DELETE] GW1AM2_20230611_01D_EQMD_L3SGSMCHF3300300.h5 (1247267 bytes)
[DELETE] GW1AM2_20240521_01D_EQMA_L3SGSMCHF3300300.h5 (1222134 bytes)
[DELETE] GW1AM2_20210314_01D_EQMD_L3SGSMCHF3300300.h5 (1049669 bytes)
[DELETE] GW1AM2_20231208_01D_EQMA_L3SGSMCHF3300300.h5 (935198 bytes)
[DELETE] GW1AM2_20231104_01D_EQMD_L3SGSMCHF3300300.h5 (1115012 bytes)
[DELETE] GW1AM2_20240412_01D_EQMA_L3SGSMCHF3300300.h5 (1054901 bytes)
[DELETE] GW1AM2_20230321_01D_EQMD_L3SGSMCHF3300300.h5 (921592 bytes)
[DELETE] GW1AM2_20220822_01D_EQMD_L3SGSMCHF3300300.h5 (1386658 bytes)
[DELETE] GW1AM2_20240804_01D_EQMA_L3SGSMCHF3300300.h5 (1376035 bytes)
[DELETE] GW1AM2_20200909_01D_EQMD_L3SGSMCHF3300300.h5 (1218882 bytes)
[DELETE] GW1AM2_20210807_01D_EQMD_L3SGSMCHF3300300.h5 (1391352 bytes)
[DELETE] GW1AM2_20230607_01D_EQMD_L3SGSMCHF3300300.h5 (1168105 bytes)
[DELETE] GW1AM2_20200213_01D_EQMD_L3SGSMCHF3300300.h5 (987385 bytes)
[DELETE] GW1AM2_20221015_01D_EQMD_L3SGSMCHF3300300.h5 (1226189 bytes)
[DELETE] GW1AM2_20210419_01D_EQMA_L3SGSMCHF3300300.h5 (1055352 bytes)
[DELETE] GW1AM2_20200219_01D_EQMA_L3SGSMCHF3300300.h5 (1019394 bytes)
[DELETE] GW1AM2_20231202_01D_EQMD_L3SGSMCHF3300300.h5 (120 bytes)
[DELETE] GW1AM2_20200702_01D_EQMD_L3SGSMCHF3300300.h5 (120 bytes)
[DELETE] GW1AM2_20231018_01D_EQMD_L3SGSMCHF3300300.h5 (120 bytes)
[DELETE] GW1AM2_20210413_01D_EQMD_L3SGSMCHF3300300.h5 (120 bytes)
[DELETE] GW1AM2_20240418_01D_EQMD_L3SGSMCHF3300300.h5 (120 bytes)
[DELETE] GW1AM2_20200918_01D_EQMA_L3SGSMCHF3300300.h5 (1276338 bytes)
[DELETE] GW1AM2_20230212_01D_EQMA_L3SGSMCHF3300300.h5 (997575 bytes)
[DELETE] GW1AM2_20220209_01D_EQMA_L3SGSMCHF3300300.h5 (1000950 bytes)
[DELETE] GW1AM2_20211223_01D_EQMA_L3SGSMCHF3300300.h5 (888746 bytes)
[DELETE] GW1AM2_20201201_01D_EQMA_L3SGSMCHF3300300.h5 (970098 bytes)
[DELETE] GW1AM2_20240619_01D_EQMD_L3SGSMCHF3300300.h5 (1392503 bytes)
[DELETE] GW1AM2_20211024_01D_EQMD_L3SGSMCHF3300300.h5 (1193372 bytes)
[DELETE] GW1AM2_20200305_01D_EQMA_L3SGSMCHF3300300.h5 (1024964 bytes)
[DELETE] GW1AM2_20211210_01D_EQMA_L3SGSMCHF3300300.h5 (924182 bytes)
[DELETE] GW1AM2_20230223_01D_EQMA_L3SGSMCHF3300300.h5 (1017403 bytes)
[DELETE] GW1AM2_20220812_01D_EQMD_L3SGSMCHF3300300.h5 (1353827 bytes)
[DELETE] GW1AM2_20200421_01D_EQMD_L3SGSMCHF3300300.h5 (1086665 bytes)
[DELETE] GW1AM2_20210923_01D_EQMD_L3SGSMCHF3300300.h5 (1165264 bytes)
[DELETE] GW1AM2_20211008_01D_EQMA_L3SGSMCHF3300300.h5 (1261186 bytes)
[DELETE] GW1AM2_20220221_01D_EQMA_L3SGSMCHF3300300.h5 (1022550 bytes)
[DELETE] GW1AM2_20240814_01D_EQMD_L3SGSMCHF3300300.h5 (1254754 bytes)
[DELETE] GW1AM2_20230820_01D_EQMD_L3SGSMCHF3300300.h5 (1396188 bytes)
[DELETE] GW1AM2_20201219_01D_EQMA_L3SGSMCHF3300300.h5 (894143 bytes)
[DELETE] GW1AM2_20200421_01D_EQMA_L3SGSMCHF3300300.h5 (1078558 bytes)
[DELETE] GW1AM2_20210924_01D_EQMD_L3SGSMCHF3300300.h5 (1305641 bytes)
[DELETE] GW1AM2_20240217_01D_EQMA_L3SGSMCHF3300300.h5 (1016316 bytes)
[DELETE] GW1AM2_20230208_01D_EQMD_L3SGSMCHF3300300.h5 (892075 bytes)
[DELETE] GW1AM2_20210512_01D_EQMD_L3SGSMCHF3300300.h5 (1204673 bytes)
[DELETE] GW1AM2_20200622_01D_EQMD_L3SGSMCHF3300300.h5 (1375846 bytes)
[DELETE] GW1AM2_20201106_01D_EQMA_L3SGSMCHF3300300.h5 (1117541 bytes)
[DELETE] GW1AM2_20210922_01D_EQMA_L3SGSMCHF3300300.h5 (1287235 bytes)
[DELETE] GW1AM2_20230218_01D_EQMA_L3SGSMCHF3300300.h5 (1017482 bytes)
[DELETE] GW1AM2_20230202_01D_EQMA_L3SGSMCHF3300300.h5 (998252 bytes)
[DELETE] GW1AM2_20210518_01D_EQMA_L3SGSMCHF3300300.h5 (120 bytes)
[DELETE] GW1AM2_20230212_01D_EQMD_L3SGSMCHF3300300.h5 (120 bytes)
[DELETE] GW1AM2_20240613_01D_EQMA_L3SGSMCHF3300300.h5 (120 bytes)
[DELETE] GW1AM2_20230218_01D_EQMD_L3SGSMCHF3300300.h5 (120 bytes)
[DELETE] GW1AM2_20211002_01D_EQMD_L3SGSMCHF3300300.h5 (120 bytes)
[DELETE] GW1AM2_20220818_01D_EQMA_L3SGSMCHF3300300.h5 (120 bytes)
[DELETE] GW1AM2_20220203_01D_EQMD_L3SGSMCHF3300300.h5 (120 bytes)
[DELETE] GW1AM2_20201213_01D_EQMD_L3SGSMCHF3300300.h5 (120 bytes)
[DELETE] GW1AM2_20240602_01D_EQMD_L3SGSMCHF3300300.h5 (1170245 bytes)
[DELETE] GW1AM2_20210715_01D_EQMA_L3SGSMCHF3300300.h5 (1361023 bytes)
[DELETE] GW1AM2_20210325_01D_EQMD_L3SGSMCHF3300300.h5 (1047866 bytes)
[DELETE] GW1AM2_20200719_01D_EQMD_L3SGSMCHF3300300.h5 (1412292 bytes)
[DELETE] GW1AM2_20210505_01D_EQMA_L3SGSMCHF3300300.h5 (1158681 bytes)
[DELETE] GW1AM2_20231001_01D_EQMA_L3SGSMCHF3300300.h5 (1245401 bytes)
[DELETE] GW1AM2_20200803_01D_EQMA_L3SGSMCHF3300300.h5 (1343277 bytes)
[DELETE] GW1AM2_20230809_01D_EQMD_L3SGSMCHF3300300.h5 (1395298 bytes)
[DELETE] GW1AM2_20200323_01D_EQMD_L3SGSMCHF3300300.h5 (948802 bytes)
[DELETE] GW1AM2_20221002_01D_EQMD_L3SGSMCHF3300300.h5 (1308125 bytes)
[DELETE] GW1AM2_20210504_01D_EQMA_L3SGSMCHF3300300.h5 (1157684 bytes)
[DELETE] GW1AM2_20200212_01D_EQMA_L3SGSMCHF3300300.h5 (1003197 bytes)
[DELETE] GW1AM2_20231125_01D_EQMD_L3SGSMCHF3300300.h5 (886704 bytes)
[DELETE] GW1AM2_20241001_01D_EQMD_L3SGSMCHF3300300.h5 (1157481 bytes)
[DELETE] GW1AM2_20200320_01D_EQMD_L3SGSMCHF3300300.h5 (1059223 bytes)
[DELETE] GW1AM2_20220415_01D_EQMA_L3SGSMCHF3300300.h5 (1072346 bytes)
[DELETE] GW1AM2_20211214_01D_EQMD_L3SGSMCHF3300300.h5 (840077 bytes)
[DELETE] GW1AM2_20200713_01D_EQMA_L3SGSMCHF3300300.h5 (120 bytes)
[DELETE] GW1AM2_20200809_01D_EQMD_L3SGSMCHF3300300.h5 (120 bytes)
[DELETE] GW1AM2_20230803_01D_EQMA_L3SGSMCHF3300300.h5 (120 bytes)
[DELETE] GW1AM2_20200218_01D_EQMD_L3SGSMCHF3300300.h5 (120 bytes)
[DELETE] GW1AM2_20221008_01D_EQMA_L3SGSMCHF3300300.h5 (120 bytes)
[DELETE] GW1AM2_20231202_01D_EQMA_L3SGSMCHF3300300.h5 (969543 bytes)
[DELETE] GW1AM2_20220923_01D_EQMA_L3SGSMCHF3300300.h5 (1280102 bytes)
[DELETE] GW1AM2_20210311_01D_EQMD_L3SGSMCHF3300300.h5 (976363 bytes)
[DELETE] GW1AM2_20240421_01D_EQMD_L3SGSMCHF3300300.h5 (1074612 bytes)
[DELETE] GW1AM2_20200908_01D_EQMD_L3SGSMCHF3300300.h5 (1313394 bytes)
[DELETE] GW1AM2_20220607_01D_EQMA_L3SGSMCHF3300300.h5 (1290121 bytes)
[DELETE] GW1AM2_20230504_01D_EQMD_L3SGSMCHF3300300.h5 (1079146 bytes)
[DELETE] GW1AM2_20241210_01D_EQMA_L3SGSMCHF3300300.h5 (935537 bytes)
[DELETE] GW1AM2_20220312_01D_EQMA_L3SGSMCHF3300300.h5 (1010612 bytes)
[DELETE] GW1AM2_20221111_01D_EQMD_L3SGSMCHF3300300.h5 (994865 bytes)
[DELETE] GW1AM2_20231103_01D_EQMD_L3SGSMCHF3300300.h5 (1130084 bytes)
[DELETE] GW1AM2_20211114_01D_EQMA_L3SGSMCHF3300300.h5 (1058695 bytes)
[DELETE] GW1AM2_20230523_01D_EQMD_L3SGSMCHF3300300.h5 (1245096 bytes)
[DELETE] GW1AM2_20211007_01D_EQMD_L3SGSMCHF3300300.h5 (1144677 bytes)
[DELETE] GW1AM2_20240320_01D_EQMD_L3SGSMCHF3300300.h5 (1037888 bytes)
[DELETE] GW1AM2_20210525_01D_EQMA_L3SGSMCHF3300300.h5 (1239870 bytes)
[DELETE] GW1AM2_20210821_01D_EQMA_L3SGSMCHF3300300.h5 (1346149 bytes)
[DELETE] GW1AM2_20220304_01D_EQMD_L3SGSMCHF3300300.h5 (945318 bytes)
[DELETE] GW1AM2_20221202_01D_EQMD_L3SGSMCHF3300300.h5 (964536 bytes)
[DELETE] GW1AM2_20210410_01D_EQMD_L3SGSMCHF3300300.h5 (1054950 bytes)
[DELETE] GW1AM2_20210606_01D_EQMD_L3SGSMCHF3300300.h5 (1265321 bytes)
[DELETE] GW1AM2_20200524_01D_EQMA_L3SGSMCHF3300300.h5 (1222379 bytes)
[DELETE] GW1AM2_20200808_01D_EQMD_L3SGSMCHF3300300.h5 (1276955 bytes)
[DELETE] GW1AM2_20200412_01D_EQMA_L3SGSMCHF3300300.h5 (1039868 bytes)
[DELETE] GW1AM2_20221216_01D_EQMD_L3SGSMCHF3300300.h5 (943825 bytes)
[DELETE] GW1AM2_20210520_01D_EQMD_L3SGSMCHF3300300.h5 (1138187 bytes)
[DELETE] GW1AM2_20230720_01D_EQMA_L3SGSMCHF3300300.h5 (1339493 bytes)
[DELETE] GW1AM2_20210508_01D_EQMA_L3SGSMCHF3300300.h5 (1168026 bytes)
[DELETE] GW1AM2_20200720_01D_EQMA_L3SGSMCHF3300300.h5 (1345418 bytes)
[DELETE] GW1AM2_20231016_01D_EQMD_L3SGSMCHF3300300.h5 (1255912 bytes)
[DELETE] GW1AM2_20210303_01D_EQMD_L3SGSMCHF3300300.h5 (987065 bytes)
[DELETE] GW1AM2_20240924_01D_EQMA_L3SGSMCHF3300300.h5 (1289675 bytes)
[DELETE] GW1AM2_20211017_01D_EQMA_L3SGSMCHF3300300.h5 (1222704 bytes)
[DELETE] GW1AM2_20220319_01D_EQMA_L3SGSMCHF3300300.h5 (1025223 bytes)
[DELETE] GW1AM2_20230807_01D_EQMD_L3SGSMCHF3300300.h5 (1335813 bytes)
[DELETE] GW1AM2_20210507_01D_EQMD_L3SGSMCHF3300300.h5 (1059841 bytes)
[DELETE] GW1AM2_20230618_01D_EQMA_L3SGSMCHF3300300.h5 (1312822 bytes)
[DELETE] GW1AM2_20240724_01D_EQMA_L3SGSMCHF3300300.h5 (1359138 bytes)
[DELETE] GW1AM2_20230302_01D_EQMA_L3SGSMCHF3300300.h5 (1029127 bytes)
[DELETE] GW1AM2_20230402_01D_EQMA_L3SGSMCHF3300300.h5 (1041360 bytes)
[DELETE] GW1AM2_20240817_01D_EQMA_L3SGSMCHF3300300.h5 (1347018 bytes)
[DELETE] GW1AM2_20200618_01D_EQMA_L3SGSMCHF3300300.h5 (1313587 bytes)
[DELETE] GW1AM2_20230621_01D_EQMD_L3SGSMCHF3300300.h5 (1302943 bytes)
[DELETE] GW1AM2_20230314_01D_EQMD_L3SGSMCHF3300300.h5 (930780 bytes)
[DELETE] GW1AM2_20210404_01D_EQMD_L3SGSMCHF3300300.h5 (996878 bytes)
[DELETE] GW1AM2_20230406_01D_EQMA_L3SGSMCHF3300300.h5 (1039426 bytes)
[DELETE] GW1AM2_20240503_01D_EQMA_L3SGSMCHF3300300.h5 (1136888 bytes)
[DELETE] GW1AM2_20220317_01D_EQMD_L3SGSMCHF3300300.h5 (1033253 bytes)
[DELETE] GW1AM2_20201118_01D_EQMA_L3SGSMCHF3300300.h5 (1001343 bytes)
[DELETE] GW1AM2_20240609_01D_EQMA_L3SGSMCHF3300300.h5 (1276236 bytes)
[DELETE] GW1AM2_20231212_01D_EQMA_L3SGSMCHF3300300.h5 (895084 bytes)
[DELETE] GW1AM2_20241224_01D_EQMA_L3SGSMCHF3300300.h5 (897818 bytes)
[DELETE] GW1AM2_20220713_01D_EQMA_L3SGSMCHF3300300.h5 (1338830 bytes)
[DELETE] GW1AM2_20221019_01D_EQMD_L3SGSMCHF3300300.h5 (1114988 bytes)
[DELETE] GW1AM2_20210814_01D_EQMA_L3SGSMCHF3300300.h5 (1350269 bytes)
[DELETE] GW1AM2_20221012_01D_EQMA_L3SGSMCHF3300300.h5 (1239412 bytes)
[DELETE] GW1AM2_20240603_01D_EQMD_L3SGSMCHF3300300.h5 (1335636 bytes)
[DELETE] GW1AM2_20201205_01D_EQMD_L3SGSMCHF3300300.h5 (906232 bytes)
[DELETE] GW1AM2_20230525_01D_EQMD_L3SGSMCHF3300300.h5 (1291247 bytes)
[DELETE] GW1AM2_20200913_01D_EQMD_L3SGSMCHF3300300.h5 (1213610 bytes)
[DELETE] GW1AM2_20231018_01D_EQMA_L3SGSMCHF3300300.h5 (1222358 bytes)
[DELETE] GW1AM2_20200820_01D_EQMA_L3SGSMCHF3300300.h5 (1342160 bytes)
[DELETE] GW1AM2_20240716_01D_EQMD_L3SGSMCHF3300300.h5 (1363175 bytes)
[DELETE] GW1AM2_20210602_01D_EQMA_L3SGSMCHF3300300.h5 (1313539 bytes)
[DELETE] GW1AM2_20221010_01D_EQMA_L3SGSMCHF3300300.h5 (1244565 bytes)
[DELETE] GW1AM2_20211104_01D_EQMA_L3SGSMCHF3300300.h5 (1134697 bytes)
[DELETE] GW1AM2_20231008_01D_EQMD_L3SGSMCHF3300300.h5 (1157577 bytes)
[DELETE] GW1AM2_20231124_01D_EQMA_L3SGSMCHF3300300.h5 (1033809 bytes)
[DELETE] GW1AM2_20220305_01D_EQMD_L3SGSMCHF3300300.h5 (1021313 bytes)
[DELETE] GW1AM2_20230818_01D_EQMA_L3SGSMCHF3300300.h5 (1352186 bytes)
[DELETE] GW1AM2_20220321_01D_EQMD_L3SGSMCHF3300300.h5 (1002067 bytes)
[DELETE] GW1AM2_20220817_01D_EQMD_L3SGSMCHF3300300.h5 (1413214 bytes)
[DELETE] GW1AM2_20211203_01D_EQMA_L3SGSMCHF3300300.h5 (934900 bytes)
[DELETE] GW1AM2_20220416_01D_EQMA_L3SGSMCHF3300300.h5 (1071788 bytes)
[DELETE] GW1AM2_20221014_01D_EQMA_L3SGSMCHF3300300.h5 (1225285 bytes)
[DELETE] GW1AM2_20231004_01D_EQMA_L3SGSMCHF3300300.h5 (1261563 bytes)
[DELETE] GW1AM2_20210317_01D_EQMD_L3SGSMCHF3300300.h5 (893758 bytes)
[DELETE] GW1AM2_20230707_01D_EQMD_L3SGSMCHF3300300.h5 (1313040 bytes)
[DELETE] GW1AM2_20240310_01D_EQMD_L3SGSMCHF3300300.h5 (1024094 bytes)
[DELETE] GW1AM2_20210622_01D_EQMA_L3SGSMCHF3300300.h5 (1327717 bytes)
[DELETE] GW1AM2_20240525_01D_EQMA_L3SGSMCHF3300300.h5 (1264136 bytes)
[DELETE] GW1AM2_20240901_01D_EQMD_L3SGSMCHF3300300.h5 (1273865 bytes)
[DELETE] GW1AM2_20221009_01D_EQMD_L3SGSMCHF3300300.h5 (1270902 bytes)
[DELETE] GW1AM2_20231002_01D_EQMA_L3SGSMCHF3300300.h5 (120 bytes)
[DELETE] GW1AM2_20211209_01D_EQMD_L3SGSMCHF3300300.h5 (120 bytes)
[DELETE] GW1AM2_20230812_01D_EQMD_L3SGSMCHF3300300.h5 (120 bytes)
[DELETE] GW1AM2_20221003_01D_EQMA_L3SGSMCHF3300300.h5 (120 bytes)
[DELETE] GW1AM2_20221112_01D_EQMD_L3SGSMCHF3300300.h5 (1136237 bytes)
[DELETE] GW1AM2_20220423_01D_EQMA_L3SGSMCHF3300300.h5 (1102487 bytes)
[DELETE] GW1AM2_20230910_01D_EQMA_L3SGSMCHF3300300.h5 (1311737 bytes)
[DELETE] GW1AM2_20200916_01D_EQMA_L3SGSMCHF3300300.h5 (1266426 bytes)
[DELETE] GW1AM2_20210208_01D_EQMD_L3SGSMCHF3300300.h5 (1005731 bytes)
[DELETE] GW1AM2_20220617_01D_EQMA_L3SGSMCHF3300300.h5 (1295601 bytes)
[DELETE] GW1AM2_20230503_01D_EQMD_L3SGSMCHF3300300.h5 (1025435 bytes)
[DELETE] GW1AM2_20210701_01D_EQMA_L3SGSMCHF3300300.h5 (1332129 bytes)
[DELETE] GW1AM2_20200414_01D_EQMD_L3SGSMCHF3300300.h5 (1053014 bytes)
[DELETE] GW1AM2_20230221_01D_EQMA_L3SGSMCHF3300300.h5 (1010967 bytes)
[DELETE] GW1AM2_20200417_01D_EQMD_L3SGSMCHF3300300.h5 (1034565 bytes)
[DELETE] GW1AM2_20231125_01D_EQMA_L3SGSMCHF3300300.h5 (978253 bytes)
[DELETE] GW1AM2_20230811_01D_EQMA_L3SGSMCHF3300300.h5 (1368859 bytes)
[DELETE] GW1AM2_20240601_01D_EQMA_L3SGSMCHF3300300.h5 (1265971 bytes)
[DELETE] GW1AM2_20221024_01D_EQMA_L3SGSMCHF3300300.h5 (1179791 bytes)
[DELETE] GW1AM2_20230715_01D_EQMA_L3SGSMCHF3300300.h5 (1361500 bytes)
[DELETE] GW1AM2_20241204_01D_EQMD_L3SGSMCHF3300300.h5 (848235 bytes)
[DELETE] GW1AM2_20241121_01D_EQMD_L3SGSMCHF3300300.h5 (1040808 bytes)
[DELETE] GW1AM2_20240716_01D_EQMA_L3SGSMCHF3300300.h5 (1356681 bytes)
[DELETE] GW1AM2_20200519_01D_EQMA_L3SGSMCHF3300300.h5 (1229168 bytes)
[DELETE] GW1AM2_20231116_01D_EQMA_L3SGSMCHF3300300.h5 (1082321 bytes)
[DELETE] GW1AM2_20230415_01D_EQMA_L3SGSMCHF3300300.h5 (1064970 bytes)
[DELETE] GW1AM2_20230821_01D_EQMA_L3SGSMCHF3300300.h5 (1324043 bytes)
[DELETE] GW1AM2_20230602_01D_EQMD_L3SGSMCHF3300300.h5 (1198804 bytes)
[DELETE] GW1AM2_20240705_01D_EQMD_L3SGSMCHF3300300.h5 (1418552 bytes)
[DELETE] GW1AM2_20230203_01D_EQMD_L3SGSMCHF3300300.h5 (918341 bytes)
[DELETE] GW1AM2_20230413_01D_EQMA_L3SGSMCHF3300300.h5 (1043536 bytes)
[DELETE] GW1AM2_20230706_01D_EQMA_L3SGSMCHF3300300.h5 (1351371 bytes)
[DELETE] GW1AM2_20220810_01D_EQMA_L3SGSMCHF3300300.h5 (1355962 bytes)
[DELETE] GW1AM2_20230213_01D_EQMA_L3SGSMCHF3300300.h5 (995075 bytes)
[DELETE] GW1AM2_20220325_01D_EQMA_L3SGSMCHF3300300.h5 (1025048 bytes)
[DELETE] GW1AM2_20201021_01D_EQMA_L3SGSMCHF3300300.h5 (1212497 bytes)
[DELETE] GW1AM2_20230519_01D_EQMA_L3SGSMCHF3300300.h5 (1228169 bytes)
[DELETE] GW1AM2_20210201_01D_EQMA_L3SGSMCHF3300300.h5 (995581 bytes)
[DELETE] GW1AM2_20200924_01D_EQMD_L3SGSMCHF3300300.h5 (1279117 bytes)
[DELETE] GW1AM2_20230817_01D_EQMA_L3SGSMCHF3300300.h5 (1337124 bytes)
[DELETE] GW1AM2_20240906_01D_EQMD_L3SGSMCHF3300300.h5 (1198556 bytes)
[DELETE] GW1AM2_20200719_01D_EQMA_L3SGSMCHF3300300.h5 (1356531 bytes)
[DELETE] GW1AM2_20230815_01D_EQMD_L3SGSMCHF3300300.h5 (1342123 bytes)
[DELETE] GW1AM2_20240325_01D_EQMA_L3SGSMCHF3300300.h5 (1040627 bytes)
[DELETE] GW1AM2_20200720_01D_EQMD_L3SGSMCHF3300300.h5 (1312570 bytes)
[DELETE] GW1AM2_20200401_01D_EQMD_L3SGSMCHF3300300.h5 (998488 bytes)
[DELETE] GW1AM2_20211118_01D_EQMA_L3SGSMCHF3300300.h5 (1011734 bytes)
[DELETE] GW1AM2_20220914_01D_EQMD_L3SGSMCHF3300300.h5 (1302197 bytes)
[DELETE] GW1AM2_20221115_01D_EQMD_L3SGSMCHF3300300.h5 (992927 bytes)
[DELETE] GW1AM2_20220417_01D_EQMA_L3SGSMCHF3300300.h5 (1066991 bytes)
[DELETE] GW1AM2_20231014_01D_EQMA_L3SGSMCHF3300300.h5 (1263485 bytes)
[DELETE] GW1AM2_20230520_01D_EQMA_L3SGSMCHF3300300.h5 (1217148 bytes)
[DELETE] GW1AM2_20200504_01D_EQMD_L3SGSMCHF3300300.h5 (1044992 bytes)
[DELETE] GW1AM2_20240312_01D_EQMD_L3SGSMCHF3300300.h5 (953166 bytes)
[DELETE] GW1AM2_20230924_01D_EQMD_L3SGSMCHF3300300.h5 (1260024 bytes)
[DELETE] GW1AM2_20230313_01D_EQMA_L3SGSMCHF3300300.h5 (1041347 bytes)
[DELETE] GW1AM2_20220425_01D_EQMA_L3SGSMCHF3300300.h5 (1125158 bytes)
[DELETE] GW1AM2_20210614_01D_EQMA_L3SGSMCHF3300300.h5 (1310776 bytes)
[DELETE] GW1AM2_20241204_01D_EQMA_L3SGSMCHF3300300.h5 (936151 bytes)
[DELETE] GW1AM2_20241218_01D_EQMD_L3SGSMCHF3300300.h5 (816255 bytes)
[DELETE] GW1AM2_20230823_01D_EQMA_L3SGSMCHF3300300.h5 (1322352 bytes)
[DELETE] GW1AM2_20240301_01D_EQMD_L3SGSMCHF3300300.h5 (1058827 bytes)
[DELETE] GW1AM2_20210208_01D_EQMA_L3SGSMCHF3300300.h5 (991793 bytes)
[DELETE] GW1AM2_20241007_01D_EQMA_L3SGSMCHF3300300.h5 (1260805 bytes)
[DELETE] GW1AM2_20200221_01D_EQMD_L3SGSMCHF3300300.h5 (992789 bytes)
[DELETE] GW1AM2_20230613_01D_EQMA_L3SGSMCHF3300300.h5 (1309135 bytes)
[DELETE] GW1AM2_20240205_01D_EQMA_L3SGSMCHF3300300.h5 (1022099 bytes)
[DELETE] GW1AM2_20210712_01D_EQMD_L3SGSMCHF3300300.h5 (1263236 bytes)
[DELETE] GW1AM2_20210618_01D_EQMD_L3SGSMCHF3300300.h5 (1368793 bytes)
[DELETE] GW1AM2_20220401_01D_EQMD_L3SGSMCHF3300300.h5 (901006 bytes)
[DELETE] GW1AM2_20200506_01D_EQMD_L3SGSMCHF3300300.h5 (1024182 bytes)
[DELETE] GW1AM2_20241005_01D_EQMD_L3SGSMCHF3300300.h5 (1259129 bytes)
[DELETE] GW1AM2_20220901_01D_EQMD_L3SGSMCHF3300300.h5 (1209624 bytes)
[DELETE] GW1AM2_20200724_01D_EQMA_L3SGSMCHF3300300.h5 (1366917 bytes)
[DELETE] GW1AM2_20241007_01D_EQMD_L3SGSMCHF3300300.h5 (1276223 bytes)
[DELETE] GW1AM2_20241108_01D_EQMD_L3SGSMCHF3300300.h5 (1166225 bytes)
[DELETE] GW1AM2_20220517_01D_EQMA_L3SGSMCHF3300300.h5 (1211700 bytes)
[DELETE] GW1AM2_20220610_01D_EQMD_L3SGSMCHF3300300.h5 (1312067 bytes)
[DELETE] GW1AM2_20200206_01D_EQMA_L3SGSMCHF3300300.h5 (1012149 bytes)
[DELETE] GW1AM2_20200416_01D_EQMD_L3SGSMCHF3300300.h5 (1046432 bytes)
[DELETE] GW1AM2_20210407_01D_EQMA_L3SGSMCHF3300300.h5 (1049541 bytes)
[DELETE] GW1AM2_20240417_01D_EQMD_L3SGSMCHF3300300.h5 (984501 bytes)
[DELETE] GW1AM2_20200325_01D_EQMD_L3SGSMCHF3300300.h5 (1026444 bytes)
[DELETE] GW1AM2_20240921_01D_EQMA_L3SGSMCHF3300300.h5 (1310632 bytes)
[DELETE] GW1AM2_20221220_01D_EQMD_L3SGSMCHF3300300.h5 (834569 bytes)
[DELETE] GW1AM2_20210920_01D_EQMA_L3SGSMCHF3300300.h5 (1290721 bytes)
[DELETE] GW1AM2_20220719_01D_EQMA_L3SGSMCHF3300300.h5 (1344021 bytes)
[DELETE] GW1AM2_20210216_01D_EQMA_L3SGSMCHF3300300.h5 (979182 bytes)
[DELETE] GW1AM2_20210924_01D_EQMA_L3SGSMCHF3300300.h5 (1277811 bytes)
[DELETE] GW1AM2_20200222_01D_EQMD_L3SGSMCHF3300300.h5 (1047696 bytes)
[DELETE] GW1AM2_20240705_01D_EQMA_L3SGSMCHF3300300.h5 (1367301 bytes)
[DELETE] GW1AM2_20210704_01D_EQMA_L3SGSMCHF3300300.h5 (1364419 bytes)
[DELETE] GW1AM2_20231209_01D_EQMD_L3SGSMCHF3300300.h5 (843696 bytes)
[DELETE] GW1AM2_20240213_01D_EQMA_L3SGSMCHF3300300.h5 (1013065 bytes)
[DELETE] GW1AM2_20200615_01D_EQMA_L3SGSMCHF3300300.h5 (1319866 bytes)
[DELETE] GW1AM2_20200801_01D_EQMA_L3SGSMCHF3300300.h5 (1345974 bytes)
[DELETE] GW1AM2_20231219_01D_EQMA_L3SGSMCHF3300300.h5 (912348 bytes)
[DELETE] GW1AM2_20210307_01D_EQMA_L3SGSMCHF3300300.h5 (1018742 bytes)
[DELETE] GW1AM2_20231022_01D_EQMA_L3SGSMCHF3300300.h5 (1218025 bytes)
[DELETE] GW1AM2_20210725_01D_EQMA_L3SGSMCHF3300300.h5 (1354081 bytes)
[DELETE] GW1AM2_20210320_01D_EQMD_L3SGSMCHF3300300.h5 (957632 bytes)
[DELETE] GW1AM2_20241225_01D_EQMD_L3SGSMCHF3300300.h5 (860479 bytes)
[DELETE] GW1AM2_20200311_01D_EQMD_L3SGSMCHF3300300.h5 (987000 bytes)
[DELETE] GW1AM2_20211105_01D_EQMA_L3SGSMCHF3300300.h5 (1124185 bytes)
[DELETE] GW1AM2_20200623_01D_EQMD_L3SGSMCHF3300300.h5 (1228072 bytes)
[DELETE] GW1AM2_20230408_01D_EQMA_L3SGSMCHF3300300.h5 (1042533 bytes)
[DELETE] GW1AM2_20230412_01D_EQMD_L3SGSMCHF3300300.h5 (1052973 bytes)
[DELETE] GW1AM2_20201003_01D_EQMD_L3SGSMCHF3300300.h5 (1287882 bytes)
[DELETE] GW1AM2_20230409_01D_EQMD_L3SGSMCHF3300300.h5 (1017112 bytes)
[DELETE] GW1AM2_20220424_01D_EQMD_L3SGSMCHF3300300.h5 (1004874 bytes)
[DELETE] GW1AM2_20200319_01D_EQMD_L3SGSMCHF3300300.h5 (919541 bytes)
[DELETE] GW1AM2_20220715_01D_EQMD_L3SGSMCHF3300300.h5 (1253426 bytes)
[DELETE] GW1AM2_20220502_01D_EQMD_L3SGSMCHF3300300.h5 (1130821 bytes)
[DELETE] GW1AM2_20241111_01D_EQMA_L3SGSMCHF3300300.h5 (1079083 bytes)
[DELETE] GW1AM2_20240324_01D_EQMA_L3SGSMCHF3300300.h5 (1045728 bytes)
[DELETE] GW1AM2_20231118_01D_EQMD_L3SGSMCHF3300300.h5 (956562 bytes)
[DELETE] GW1AM2_20231019_01D_EQMA_L3SGSMCHF3300300.h5 (1224299 bytes)
[DELETE] GW1AM2_20220308_01D_EQMA_L3SGSMCHF3300300.h5 (1014975 bytes)
[DELETE] GW1AM2_20221025_01D_EQMA_L3SGSMCHF3300300.h5 (1191085 bytes)
[DELETE] GW1AM2_20220521_01D_EQMA_L3SGSMCHF3300300.h5 (1228860 bytes)
[DELETE] GW1AM2_20200514_01D_EQMD_L3SGSMCHF3300300.h5 (1202233 bytes)
[DELETE] GW1AM2_20200623_01D_EQMA_L3SGSMCHF3300300.h5 (1319815 bytes)
[DELETE] GW1AM2_20210220_01D_EQMD_L3SGSMCHF3300300.h5 (908844 bytes)
[DELETE] GW1AM2_20210409_01D_EQMA_L3SGSMCHF3300300.h5 (1033210 bytes)
[DELETE] GW1AM2_20240307_01D_EQMD_L3SGSMCHF3300300.h5 (917563 bytes)
[DELETE] GW1AM2_20240201_01D_EQMD_L3SGSMCHF3300300.h5 (1003448 bytes)
[DELETE] GW1AM2_20240208_01D_EQMA_L3SGSMCHF3300300.h5 (1009262 bytes)
[DELETE] GW1AM2_20230723_01D_EQMA_L3SGSMCHF3300300.h5 (1340854 bytes)
[DELETE] GW1AM2_20221204_01D_EQMA_L3SGSMCHF3300300.h5 (922654 bytes)
[DELETE] GW1AM2_20240612_01D_EQMD_L3SGSMCHF3300300.h5 (1354949 bytes)
[DELETE] GW1AM2_20200412_01D_EQMD_L3SGSMCHF3300300.h5 (1039657 bytes)
[DELETE] GW1AM2_20200723_01D_EQMD_L3SGSMCHF3300300.h5 (1277191 bytes)
[DELETE] GW1AM2_20200814_01D_EQMD_L3SGSMCHF3300300.h5 (1339933 bytes)
[DELETE] GW1AM2_20220210_01D_EQMA_L3SGSMCHF3300300.h5 (997339 bytes)
[DELETE] GW1AM2_20220819_01D_EQMA_L3SGSMCHF3300300.h5 (1355427 bytes)
[DELETE] GW1AM2_20211204_01D_EQMA_L3SGSMCHF3300300.h5 (946328 bytes)
[DELETE] GW1AM2_20210316_01D_EQMA_L3SGSMCHF3300300.h5 (1032319 bytes)
[DELETE] GW1AM2_20200617_01D_EQMA_L3SGSMCHF3300300.h5 (1304964 bytes)
[DELETE] GW1AM2_20241004_01D_EQMD_L3SGSMCHF3300300.h5 (1234493 bytes)
[DELETE] GW1AM2_20210513_01D_EQMA_L3SGSMCHF3300300.h5 (1184973 bytes)
[DELETE] GW1AM2_20210302_01D_EQMA_L3SGSMCHF3300300.h5 (1014948 bytes)
[DELETE] GW1AM2_20240911_01D_EQMD_L3SGSMCHF3300300.h5 (1252540 bytes)
[DELETE] GW1AM2_20210313_01D_EQMA_L3SGSMCHF3300300.h5 (1022769 bytes)
[DELETE] GW1AM2_20201219_01D_EQMD_L3SGSMCHF3300300.h5 (941720 bytes)
[DELETE] GW1AM2_20241117_01D_EQMD_L3SGSMCHF3300300.h5 (1070586 bytes)
[DELETE] GW1AM2_20200811_01D_EQMA_L3SGSMCHF3300300.h5 (1364625 bytes)
[DELETE] GW1AM2_20230903_01D_EQMD_L3SGSMCHF3300300.h5 (1353261 bytes)
[DELETE] GW1AM2_20240807_01D_EQMD_L3SGSMCHF3300300.h5 (1281242 bytes)
[DELETE] GW1AM2_20220807_01D_EQMA_L3SGSMCHF3300300.h5 (1352874 bytes)
[DELETE] GW1AM2_20200416_01D_EQMA_L3SGSMCHF3300300.h5 (1060196 bytes)
[DELETE] GW1AM2_20230909_01D_EQMA_L3SGSMCHF3300300.h5 (1298467 bytes)
[DELETE] GW1AM2_20210308_01D_EQMD_L3SGSMCHF3300300.h5 (120 bytes)
[DELETE] GW1AM2_20210519_01D_EQMD_L3SGSMCHF3300300.h5 (120 bytes)
[DELETE] GW1AM2_20201213_01D_EQMA_L3SGSMCHF3300300.h5 (120 bytes)
[DELETE] GW1AM2_20210319_01D_EQMD_L3SGSMCHF3300300.h5 (120 bytes)
[DELETE] GW1AM2_20220813_01D_EQMD_L3SGSMCHF3300300.h5 (120 bytes)
[DELETE] GW1AM2_20220713_01D_EQMD_L3SGSMCHF3300300.h5 (1273310 bytes)
[DELETE] GW1AM2_20230507_01D_EQMD_L3SGSMCHF3300300.h5 (1152227 bytes)
[DELETE] GW1AM2_20241014_01D_EQMD_L3SGSMCHF3300300.h5 (1281556 bytes)
[DELETE] GW1AM2_20240915_01D_EQMD_L3SGSMCHF3300300.h5 (1192554 bytes)
[DELETE] GW1AM2_20210202_01D_EQMA_L3SGSMCHF3300300.h5 (1002215 bytes)
[DELETE] GW1AM2_20221223_01D_EQMD_L3SGSMCHF3300300.h5 (945900 bytes)
[DELETE] GW1AM2_20200922_01D_EQMA_L3SGSMCHF3300300.h5 (1259466 bytes)
[DELETE] GW1AM2_20211220_01D_EQMD_L3SGSMCHF3300300.h5 (937830 bytes)
[DELETE] GW1AM2_20220807_01D_EQMD_L3SGSMCHF3300300.h5 (1259875 bytes)
[DELETE] GW1AM2_20220204_01D_EQMD_L3SGSMCHF3300300.h5 (1021456 bytes)
[DELETE] GW1AM2_20230210_01D_EQMD_L3SGSMCHF3300300.h5 (903367 bytes)
[DELETE] GW1AM2_20231004_01D_EQMD_L3SGSMCHF3300300.h5 (1163572 bytes)
[DELETE] GW1AM2_20210603_01D_EQMA_L3SGSMCHF3300300.h5 (1291454 bytes)
[DELETE] GW1AM2_20201110_01D_EQMA_L3SGSMCHF3300300.h5 (1068102 bytes)
[DELETE] GW1AM2_20220801_01D_EQMA_L3SGSMCHF3300300.h5 (1376456 bytes)
[DELETE] GW1AM2_20210609_01D_EQMD_L3SGSMCHF3300300.h5 (1330358 bytes)
[DELETE] GW1AM2_20221203_01D_EQMD_L3SGSMCHF3300300.h5 (917798 bytes)
[DELETE] GW1AM2_20200625_01D_EQMD_L3SGSMCHF3300300.h5 (1252977 bytes)
[DELETE] GW1AM2_20200715_01D_EQMD_L3SGSMCHF3300300.h5 (1397134 bytes)
[DELETE] GW1AM2_20201108_01D_EQMA_L3SGSMCHF3300300.h5 (1114964 bytes)
[DELETE] GW1AM2_20240215_01D_EQMD_L3SGSMCHF3300300.h5 (953606 bytes)
[DELETE] GW1AM2_20221214_01D_EQMD_L3SGSMCHF3300300.h5 (933188 bytes)
[DELETE] GW1AM2_20220912_01D_EQMD_L3SGSMCHF3300300.h5 (1245994 bytes)
[DELETE] GW1AM2_20210217_01D_EQMA_L3SGSMCHF3300300.h5 (995755 bytes)
[DELETE] GW1AM2_20201010_01D_EQMA_L3SGSMCHF3300300.h5 (1237893 bytes)
[DELETE] GW1AM2_20200916_01D_EQMD_L3SGSMCHF3300300.h5 (1136171 bytes)
[DELETE] GW1AM2_20220206_01D_EQMA_L3SGSMCHF3300300.h5 (1012406 bytes)
[DELETE] GW1AM2_20210625_01D_EQMA_L3SGSMCHF3300300.h5 (1351246 bytes)
[DELETE] GW1AM2_20210713_01D_EQMA_L3SGSMCHF3300300.h5 (1370339 bytes)
[DELETE] GW1AM2_20201210_01D_EQMD_L3SGSMCHF3300300.h5 (968113 bytes)
[DELETE] GW1AM2_20210414_01D_EQMA_L3SGSMCHF3300300.h5 (1037072 bytes)
[DELETE] GW1AM2_20210319_01D_EQMA_L3SGSMCHF3300300.h5 (1031432 bytes)
[DELETE] GW1AM2_20220622_01D_EQMA_L3SGSMCHF3300300.h5 (1325436 bytes)
[DELETE] GW1AM2_20240515_01D_EQMD_L3SGSMCHF3300300.h5 (1095358 bytes)
[DELETE] GW1AM2_20230601_01D_EQMD_L3SGSMCHF3300300.h5 (1287342 bytes)
[DELETE] GW1AM2_20210719_01D_EQMD_L3SGSMCHF3300300.h5 (120 bytes)
[DELETE] GW1AM2_20201102_01D_EQMD_L3SGSMCHF3300300.h5 (120 bytes)
[DELETE] GW1AM2_20220918_01D_EQMA_L3SGSMCHF3300300.h5 (120 bytes)
[DELETE] GW1AM2_20210313_01D_EQMD_L3SGSMCHF3300300.h5 (120 bytes)
[DELETE] GW1AM2_20231119_01D_EQMA_L3SGSMCHF3300300.h5 (1019926 bytes)
[DELETE] GW1AM2_20200208_01D_EQMA_L3SGSMCHF3300300.h5 (1018905 bytes)
[DELETE] GW1AM2_20200314_01D_EQMA_L3SGSMCHF3300300.h5 (1011306 bytes)
[DELETE] GW1AM2_20230719_01D_EQMD_L3SGSMCHF3300300.h5 (1398630 bytes)
[DELETE] GW1AM2_20211207_01D_EQMD_L3SGSMCHF3300300.h5 (881358 bytes)
[DELETE] GW1AM2_20230713_01D_EQMA_L3SGSMCHF3300300.h5 (120 bytes)
[DELETE] GW1AM2_20200202_01D_EQMD_L3SGSMCHF3300300.h5 (120 bytes)
[DELETE] GW1AM2_20240203_01D_EQMA_L3SGSMCHF3300300.h5 (1026571 bytes)
[DELETE] GW1AM2_20231011_01D_EQMA_L3SGSMCHF3300300.h5 (1246335 bytes)
[DELETE] GW1AM2_20200315_01D_EQMA_L3SGSMCHF3300300.h5 (1006019 bytes)
[DELETE] GW1AM2_20210509_01D_EQMD_L3SGSMCHF3300300.h5 (1066265 bytes)
[DELETE] GW1AM2_20221017_01D_EQMD_L3SGSMCHF3300300.h5 (1146827 bytes)
[DELETE] GW1AM2_20210621_01D_EQMA_L3SGSMCHF3300300.h5 (1324875 bytes)
[DELETE] GW1AM2_20201208_01D_EQMA_L3SGSMCHF3300300.h5 (934065 bytes)
[DELETE] GW1AM2_20230320_01D_EQMA_L3SGSMCHF3300300.h5 (1038604 bytes)
[DELETE] GW1AM2_20220704_01D_EQMD_L3SGSMCHF3300300.h5 (1325401 bytes)
[DELETE] GW1AM2_20220324_01D_EQMD_L3SGSMCHF3300300.h5 (1024507 bytes)
[DELETE] GW1AM2_20231112_01D_EQMD_L3SGSMCHF3300300.h5 (1063936 bytes)
[DELETE] GW1AM2_20230709_01D_EQMA_L3SGSMCHF3300300.h5 (1335555 bytes)
[DELETE] GW1AM2_20200422_01D_EQMA_L3SGSMCHF3300300.h5 (1061291 bytes)
[DELETE] GW1AM2_20210503_01D_EQMA_L3SGSMCHF3300300.h5 (120 bytes)
[DELETE] GW1AM2_20230703_01D_EQMD_L3SGSMCHF3300300.h5 (120 bytes)
[DELETE] GW1AM2_20231118_01D_EQMA_L3SGSMCHF3300300.h5 (120 bytes)
[DELETE] GW1AM2_20201202_01D_EQMD_L3SGSMCHF3300300.h5 (120 bytes)
[DELETE] GW1AM2_20220802_01D_EQMD_L3SGSMCHF3300300.h5 (1292015 bytes)
[DELETE] GW1AM2_20240706_01D_EQMA_L3SGSMCHF3300300.h5 (1346755 bytes)
[DELETE] GW1AM2_20220802_01D_EQMA_L3SGSMCHF3300300.h5 (1354747 bytes)
[DELETE] GW1AM2_20201012_01D_EQMA_L3SGSMCHF3300300.h5 (1251922 bytes)
[DELETE] GW1AM2_20210210_01D_EQMD_L3SGSMCHF3300300.h5 (1030809 bytes)
[DELETE] GW1AM2_20220505_01D_EQMA_L3SGSMCHF3300300.h5 (1144664 bytes)
[DELETE] GW1AM2_20221012_01D_EQMD_L3SGSMCHF3300300.h5 (1136950 bytes)
[DELETE] GW1AM2_20210212_01D_EQMA_L3SGSMCHF3300300.h5 (993567 bytes)
[DELETE] GW1AM2_20220623_01D_EQMA_L3SGSMCHF3300300.h5 (1333694 bytes)
[DELETE] GW1AM2_20201124_01D_EQMD_L3SGSMCHF3300300.h5 (1039740 bytes)
[DELETE] GW1AM2_20220212_01D_EQMA_L3SGSMCHF3300300.h5 (996910 bytes)
[DELETE] GW1AM2_20220913_01D_EQMA_L3SGSMCHF3300300.h5 (1292298 bytes)
[DELETE] GW1AM2_20220725_01D_EQMD_L3SGSMCHF3300300.h5 (1408994 bytes)
[DELETE] GW1AM2_20220218_01D_EQMD_L3SGSMCHF3300300.h5 (995762 bytes)
[DELETE] GW1AM2_20220919_01D_EQMD_L3SGSMCHF3300300.h5 (120 bytes)
[DELETE] GW1AM2_20210218_01D_EQMD_L3SGSMCHF3300300.h5 (120 bytes)
[DELETE] GW1AM2_20220808_01D_EQMD_L3SGSMCHF3300300.h5 (120 bytes)
[DELETE] GW1AM2_20221018_01D_EQMA_L3SGSMCHF3300300.h5 (120 bytes)
[DELETE] GW1AM2_20201018_01D_EQMD_L3SGSMCHF3300300.h5 (120 bytes)
[DELETE] GW1AM2_20200502_01D_EQMA_L3SGSMCHF3300300.h5 (1136484 bytes)
[DELETE] GW1AM2_20220712_01D_EQMA_L3SGSMCHF3300300.h5 (1351156 bytes)
[DELETE] GW1AM2_20240825_01D_EQMA_L3SGSMCHF3300300.h5 (1339016 bytes)
[DELETE] GW1AM2_20220615_01D_EQMD_L3SGSMCHF3300300.h5 (1220032 bytes)
[DELETE] GW1AM2_20221209_01D_EQMD_L3SGSMCHF3300300.h5 (957273 bytes)
[DELETE] GW1AM2_20210709_01D_EQMD_L3SGSMCHF3300300.h5 (1374451 bytes)
[DELETE] GW1AM2_20210411_01D_EQMA_L3SGSMCHF3300300.h5 (1038957 bytes)
[DELETE] GW1AM2_20220718_01D_EQMD_L3SGSMCHF3300300.h5 (120 bytes)
[DELETE] GW1AM2_20210703_01D_EQMA_L3SGSMCHF3300300.h5 (120 bytes)
[DELETE] GW1AM2_20221203_01D_EQMA_L3SGSMCHF3300300.h5 (120 bytes)
[DELETE] GW1AM2_20240712_01D_EQMA_L3SGSMCHF3300300.h5 (1374643 bytes)
[DELETE] GW1AM2_20240211_01D_EQMD_L3SGSMCHF3300300.h5 (919252 bytes)
[DELETE] GW1AM2_20210822_01D_EQMA_L3SGSMCHF3300300.h5 (1328729 bytes)
[DELETE] GW1AM2_20200522_01D_EQMD_L3SGSMCHF3300300.h5 (1119012 bytes)
[DELETE] GW1AM2_20230319_01D_EQMD_L3SGSMCHF3300300.h5 (917411 bytes)
[DELETE] GW1AM2_20230821_01D_EQMD_L3SGSMCHF3300300.h5 (1266593 bytes)
[DELETE] GW1AM2_20241019_01D_EQMD_L3SGSMCHF3300300.h5 (1163587 bytes)
[DELETE] GW1AM2_20210713_01D_EQMD_L3SGSMCHF3300300.h5 (1420086 bytes)
[DELETE] GW1AM2_20211120_01D_EQMD_L3SGSMCHF3300300.h5 (1047993 bytes)
[DELETE] GW1AM2_20230621_01D_EQMA_L3SGSMCHF3300300.h5 (1327730 bytes)
[DELETE] GW1AM2_20240613_01D_EQMD_L3SGSMCHF3300300.h5 (1247748 bytes)
[DELETE] GW1AM2_20210306_01D_EQMA_L3SGSMCHF3300300.h5 (1019047 bytes)
[DELETE] GW1AM2_20200724_01D_EQMD_L3SGSMCHF3300300.h5 (1409382 bytes)
[DELETE] GW1AM2_20201020_01D_EQMD_L3SGSMCHF3300300.h5 (1084192 bytes)
[DELETE] GW1AM2_20210912_01D_EQMA_L3SGSMCHF3300300.h5 (1293290 bytes)
[DELETE] GW1AM2_20240619_01D_EQMA_L3SGSMCHF3300300.h5 (120 bytes)
[DELETE] GW1AM2_20241013_01D_EQMA_L3SGSMCHF3300300.h5 (120 bytes)
[DELETE] GW1AM2_20210918_01D_EQMD_L3SGSMCHF3300300.h5 (120 bytes)
[DELETE] GW1AM2_20210719_01D_EQMA_L3SGSMCHF3300300.h5 (120 bytes)
[DELETE] GW1AM2_20220202_01D_EQMD_L3SGSMCHF3300300.h5 (980210 bytes)
[DELETE] GW1AM2_20221006_01D_EQMD_L3SGSMCHF3300300.h5 (1277469 bytes)
[DELETE] GW1AM2_20211001_01D_EQMD_L3SGSMCHF3300300.h5 (1301630 bytes)
[DELETE] GW1AM2_20230920_01D_EQMA_L3SGSMCHF3300300.h5 (1287322 bytes)
[DELETE] GW1AM2_20220512_01D_EQMD_L3SGSMCHF3300300.h5 (1068190 bytes)
[DELETE] GW1AM2_20201209_01D_EQMA_L3SGSMCHF3300300.h5 (927378 bytes)
[DELETE] GW1AM2_20241218_01D_EQMA_L3SGSMCHF3300300.h5 (903692 bytes)
[DELETE] GW1AM2_20220821_01D_EQMD_L3SGSMCHF3300300.h5 (1304071 bytes)
[DELETE] GW1AM2_20240313_01D_EQMA_L3SGSMCHF3300300.h5 (1030213 bytes)
[DELETE] GW1AM2_20220204_01D_EQMA_L3SGSMCHF3300300.h5 (1002101 bytes)
[DELETE] GW1AM2_20210420_01D_EQMD_L3SGSMCHF3300300.h5 (1026435 bytes)
[DELETE] GW1AM2_20200217_01D_EQMA_L3SGSMCHF3300300.h5 (1022932 bytes)
[DELETE] GW1AM2_20210201_01D_EQMD_L3SGSMCHF3300300.h5 (1015138 bytes)
[DELETE] GW1AM2_20220317_01D_EQMA_L3SGSMCHF3300300.h5 (1025790 bytes)
[DELETE] GW1AM2_20231204_01D_EQMD_L3SGSMCHF3300300.h5 (863991 bytes)
[DELETE] GW1AM2_20200919_01D_EQMD_L3SGSMCHF3300300.h5 (1323899 bytes)
[DELETE] GW1AM2_20200913_01D_EQMA_L3SGSMCHF3300300.h5 (120 bytes)
[DELETE] GW1AM2_20201203_01D_EQMD_L3SGSMCHF3300300.h5 (120 bytes)
[DELETE] GW1AM2_20240319_01D_EQMD_L3SGSMCHF3300300.h5 (120 bytes)
[DELETE] GW1AM2_20241212_01D_EQMD_L3SGSMCHF3300300.h5 (120 bytes)
[DELETE] GW1AM2_20230302_01D_EQMD_L3SGSMCHF3300300.h5 (1021061 bytes)
[DELETE] GW1AM2_20240402_01D_EQMD_L3SGSMCHF3300300.h5 (1075097 bytes)
[DELETE] GW1AM2_20201225_01D_EQMA_L3SGSMCHF3300300.h5 (896969 bytes)
[DELETE] GW1AM2_20230822_01D_EQMA_L3SGSMCHF3300300.h5 (1327084 bytes)
[DELETE] GW1AM2_20210409_01D_EQMD_L3SGSMCHF3300300.h5 (933252 bytes)
[DELETE] GW1AM2_20200622_01D_EQMA_L3SGSMCHF3300300.h5 (1346412 bytes)
[DELETE] GW1AM2_20230921_01D_EQMD_L3SGSMCHF3300300.h5 (1332787 bytes)
[DELETE] GW1AM2_20200409_01D_EQMD_L3SGSMCHF3300300.h5 (984580 bytes)
[DELETE] GW1AM2_20200523_01D_EQMD_L3SGSMCHF3300300.h5 (1269813 bytes)
[DELETE] GW1AM2_20210304_01D_EQMD_L3SGSMCHF3300300.h5 (948255 bytes)
[DELETE] GW1AM2_20200621_01D_EQMD_L3SGSMCHF3300300.h5 (1255434 bytes)
[DELETE] GW1AM2_20210324_01D_EQMA_L3SGSMCHF3300300.h5 (1033013 bytes)
[DELETE] GW1AM2_20230717_01D_EQMD_L3SGSMCHF3300300.h5 (1396114 bytes)
[DELETE] GW1AM2_20210507_01D_EQMA_L3SGSMCHF3300300.h5 (1157474 bytes)
[DELETE] GW1AM2_20240408_01D_EQMA_L3SGSMCHF3300300.h5 (120 bytes)
[DELETE] GW1AM2_20210403_01D_EQMA_L3SGSMCHF3300300.h5 (120 bytes)
[DELETE] GW1AM2_20200403_01D_EQMA_L3SGSMCHF3300300.h5 (120 bytes)
[DELETE] GW1AM2_20200413_01D_EQMA_L3SGSMCHF3300300.h5 (1034497 bytes)
[DELETE] GW1AM2_20220703_01D_EQMD_L3SGSMCHF3300300.h5 (120 bytes)
[DELETE] GW1AM2_20200707_01D_EQMA_L3SGSMCHF3300300.h5 (120 bytes)
[DELETE] GW1AM2_20240721_01D_EQMD_L3SGSMCHF3300300.h5 (120 bytes)
[DELETE] GW1AM2_20241023_01D_EQMA_L3SGSMCHF3300300.h5 (120 bytes)
[DELETE] GW1AM2_20210702_01D_EQMD_L3SGSMCHF3300300.h5 (120 bytes)
[DELETE] GW1AM2_20211014_01D_EQMA_L3SGSMCHF3300300.h5 (120 bytes)
[DELETE] GW1AM2_20201002_01D_EQMA_L3SGSMCHF3300300.h5 (120 bytes)
[DELETE] GW1AM2_20241113_01D_EQMD_L3SGSMCHF3300300.h5 (120 bytes)
[DELETE] GW1AM2_20230904_01D_EQMD_L3SGSMCHF3300300.h5 (120 bytes)
[DELETE] GW1AM2_20210920_01D_EQMD_L3SGSMCHF3300300.h5 (120 bytes)
[DELETE] GW1AM2_20210416_01D_EQMA_L3SGSMCHF3300300.h5 (120 bytes)
[DELETE] GW1AM2_20231017_01D_EQMA_L3SGSMCHF3300300.h5 (120 bytes)
[DELETE] GW1AM2_20201122_01D_EQMA_L3SGSMCHF3300300.h5 (120 bytes)
[DELETE] GW1AM2_20210708_01D_EQMA_L3SGSMCHF3300300.h5 (120 bytes)
[DELETE] GW1AM2_20220709_01D_EQMA_L3SGSMCHF3300300.h5 (120 bytes)
[DELETE] GW1AM2_20201008_01D_EQMD_L3SGSMCHF3300300.h5 (1182376 bytes)
[DELETE] GW1AM2_20241119_01D_EQMA_L3SGSMCHF3300300.h5 (120 bytes)
[DELETE] GW1AM2_20200808_01D_EQMA_L3SGSMCHF3300300.h5 (120 bytes)
[DELETE] GW1AM2_20240418_01D_EQMA_L3SGSMCHF3300300.h5 (120 bytes)
[DELETE] GW1AM2_20220813_01D_EQMA_L3SGSMCHF3300300.h5 (120 bytes)
[DELETE] GW1AM2_20200920_01D_EQMD_L3SGSMCHF3300300.h5 (120 bytes)
[DELETE] GW1AM2_20240517_01D_EQMA_L3SGSMCHF3300300.h5 (120 bytes)
[DELETE] GW1AM2_20240804_01D_EQMD_L3SGSMCHF3300300.h5 (120 bytes)
[DELETE] GW1AM2_20241201_01D_EQMA_L3SGSMCHF3300300.h5 (120 bytes)
[DELETE] GW1AM2_20200517_01D_EQMA_L3SGSMCHF3300300.h5 (120 bytes)
[DELETE] GW1AM2_20231204_01D_EQMA_L3SGSMCHF3300300.h5 (120 bytes)
[DELETE] GW1AM2_20220306_01D_EQMA_L3SGSMCHF3300300.h5 (120 bytes)
[DELETE] GW1AM2_20220301_01D_EQMA_L3SGSMCHF3300300.h5 (120 bytes)
[DELETE] GW1AM2_20231105_01D_EQMD_L3SGSMCHF3300300.h5 (120 bytes)
[DELETE] GW1AM2_20220601_01D_EQMD_L3SGSMCHF3300300.h5 (120 bytes)
[DELETE] GW1AM2_20240212_01D_EQMA_L3SGSMCHF3300300.h5 (120 bytes)
[DELETE] GW1AM2_20230214_01D_EQMD_L3SGSMCHF3300300.h5 (120 bytes)
[DELETE] GW1AM2_20201221_01D_EQMD_L3SGSMCHF3300300.h5 (120 bytes)
[DELETE] GW1AM2_20220819_01D_EQMD_L3SGSMCHF3300300.h5 (120 bytes)
[DELETE] GW1AM2_20240218_01D_EQMD_L3SGSMCHF3300300.h5 (120 bytes)
[DELETE] GW1AM2_20240412_01D_EQMD_L3SGSMCHF3300300.h5 (120 bytes)
[DELETE] GW1AM2_20240509_01D_EQMD_L3SGSMCHF3300300.h5 (120 bytes)
[DELETE] GW1AM2_20210817_01D_EQMD_L3SGSMCHF3300300.h5 (120 bytes)
[DELETE] GW1AM2_20240407_01D_EQMD_L3SGSMCHF3300300.h5 (120 bytes)
[DELETE] GW1AM2_20200215_01D_EQMD_L3SGSMCHF3300300.h5 (120 bytes)
[DELETE] GW1AM2_20240802_01D_EQMA_L3SGSMCHF3300300.h5 (120 bytes)
[DELETE] GW1AM2_20211224_01D_EQMA_L3SGSMCHF3300300.h5 (120 bytes)
[DELETE] GW1AM2_20200905_01D_EQMD_L3SGSMCHF3300300.h5 (120 bytes)
[DELETE] GW1AM2_20210914_01D_EQMA_L3SGSMCHF3300300.h5 (120 bytes)
[DELETE] GW1AM2_20230719_01D_EQMA_L3SGSMCHF3300300.h5 (120 bytes)
[DELETE] GW1AM2_20210704_01D_EQMD_L3SGSMCHF3300300.h5 (120 bytes)
[DELETE] GW1AM2_20230810_01D_EQMA_L3SGSMCHF3300300.h5 (120 bytes)
[DELETE] GW1AM2_20210521_01D_EQMA_L3SGSMCHF3300300.h5 (120 bytes)
[DELETE] GW1AM2_20240808_01D_EQMD_L3SGSMCHF3300300.h5 (120 bytes)
[DELETE] GW1AM2_20230713_01D_EQMD_L3SGSMCHF3300300.h5 (120 bytes)
[DELETE] GW1AM2_20220719_01D_EQMD_L3SGSMCHF3300300.h5 (120 bytes)
[DELETE] GW1AM2_20241219_01D_EQMA_L3SGSMCHF3300300.h5 (120 bytes)
[DELETE] GW1AM2_20220609_01D_EQMA_L3SGSMCHF3300300.h5 (120 bytes)
[DELETE] GW1AM2_20241213_01D_EQMD_L3SGSMCHF3300300.h5 (120 bytes)
[DELETE] GW1AM2_20220603_01D_EQMD_L3SGSMCHF3300300.h5 (120 bytes)
[DELETE] GW1AM2_20220712_01D_EQMD_L3SGSMCHF3300300.h5 (120 bytes)
[DELETE] GW1AM2_20230418_01D_EQMA_L3SGSMCHF3300300.h5 (120 bytes)
[DELETE] GW1AM2_20221110_01D_EQMD_L3SGSMCHF3300300.h5 (120 bytes)
[DELETE] GW1AM2_20230314_01D_EQMA_L3SGSMCHF3300300.h5 (120 bytes)
[DELETE] GW1AM2_20221004_01D_EQMA_L3SGSMCHF3300300.h5 (120 bytes)
[DELETE] GW1AM2_20230807_01D_EQMA_L3SGSMCHF3300300.h5 (120 bytes)
[DELETE] GW1AM2_20240622_01D_EQMD_L3SGSMCHF3300300.h5 (120 bytes)
[DELETE] GW1AM2_20210707_01D_EQMD_L3SGSMCHF3300300.h5 (120 bytes)
[DELETE] GW1AM2_20240322_01D_EQMA_L3SGSMCHF3300300.h5 (120 bytes)
[DELETE] GW1AM2_20230315_01D_EQMD_L3SGSMCHF3300300.h5 (120 bytes)
[DELETE] GW1AM2_20221101_01D_EQMA_L3SGSMCHF3300300.h5 (120 bytes)
[DELETE] GW1AM2_20201215_01D_EQMD_L3SGSMCHF3300300.h5 (120 bytes)
[DELETE] GW1AM2_20200321_01D_EQMA_L3SGSMCHF3300300.h5 (120 bytes)
[DELETE] GW1AM2_20241015_01D_EQMA_L3SGSMCHF3300300.h5 (120 bytes)
[DELETE] GW1AM2_20200616_01D_EQMA_L3SGSMCHF3300300.h5 (120 bytes)
[DELETE] GW1AM2_20231218_01D_EQMA_L3SGSMCHF3300300.h5 (120 bytes)
[DELETE] GW1AM2_20210908_01D_EQMD_L3SGSMCHF3300300.h5 (120 bytes)
[DELETE] GW1AM2_20241001_01D_EQMA_L3SGSMCHF3300300.h5 (120 bytes)
[DELETE] GW1AM2_20210902_01D_EQMA_L3SGSMCHF3300300.h5 (120 bytes)
[DELETE] GW1AM2_20230503_01D_EQMA_L3SGSMCHF3300300.h5 (120 bytes)
[DELETE] GW1AM2_20220408_01D_EQMD_L3SGSMCHF3300300.h5 (120 bytes)
[DELETE] GW1AM2_20210811_01D_EQMD_L3SGSMCHF3300300.h5 (120 bytes)
[DELETE] GW1AM2_20230817_01D_EQMD_L3SGSMCHF3300300.h5 (120 bytes)
[DELETE] GW1AM2_20230214_01D_EQMA_L3SGSMCHF3300300.h5 (120 bytes)
[DELETE] GW1AM2_20220402_01D_EQMA_L3SGSMCHF3300300.h5 (120 bytes)
[DELETE] GW1AM2_20200202_01D_EQMA_L3SGSMCHF3300300.h5 (120 bytes)
[DELETE] GW1AM2_20221202_01D_EQMA_L3SGSMCHF3300300.h5 (120 bytes)
[DELETE] GW1AM2_20241118_01D_EQMD_L3SGSMCHF3300300.h5 (120 bytes)
[DELETE] GW1AM2_20210611_01D_EQMD_L3SGSMCHF3300300.h5 (120 bytes)
[DELETE] GW1AM2_20231215_01D_EQMD_L3SGSMCHF3300300.h5 (120 bytes)
[DELETE] GW1AM2_20241108_01D_EQMA_L3SGSMCHF3300300.h5 (120 bytes)
[DELETE] GW1AM2_20200805_01D_EQMA_L3SGSMCHF3300300.h5 (120 bytes)
[DELETE] GW1AM2_20211218_01D_EQMD_L3SGSMCHF3300300.h5 (120 bytes)
[DELETE] GW1AM2_20220702_01D_EQMA_L3SGSMCHF3300300.h5 (120 bytes)
[DELETE] GW1AM2_20211023_01D_EQMA_L3SGSMCHF3300300.h5 (120 bytes)
[DELETE] GW1AM2_20211216_01D_EQMA_L3SGSMCHF3300300.h5 (120 bytes)
[DELETE] GW1AM2_20231223_01D_EQMD_L3SGSMCHF3300300.h5 (120 bytes)
[DELETE] GW1AM2_20231021_01D_EQMD_L3SGSMCHF3300300.h5 (120 bytes)
[DELETE] GW1AM2_20200923_01D_EQMA_L3SGSMCHF3300300.h5 (120 bytes)
[DELETE] GW1AM2_20241112_01D_EQMA_L3SGSMCHF3300300.h5 (120 bytes)
[DELETE] GW1AM2_20220708_01D_EQMD_L3SGSMCHF3300300.h5 (120 bytes)
[DELETE] GW1AM2_20221208_01D_EQMD_L3SGSMCHF3300300.h5 (120 bytes)
[DELETE] GW1AM2_20211212_01D_EQMA_L3SGSMCHF3300300.h5 (120 bytes)
[DELETE] GW1AM2_20241102_01D_EQMD_L3SGSMCHF3300300.h5 (120 bytes)
[DELETE] GW1AM2_20231108_01D_EQMD_L3SGSMCHF3300300.h5 (120 bytes)
[DELETE] GW1AM2_20211119_01D_EQMA_L3SGSMCHF3300300.h5 (120 bytes)
[DELETE] GW1AM2_20211221_01D_EQMA_L3SGSMCHF3300300.h5 (120 bytes)
[DELETE] GW1AM2_20220820_01D_EQMD_L3SGSMCHF3300300.h5 (120 bytes)
[DELETE] GW1AM2_20230222_01D_EQMD_L3SGSMCHF3300300.h5 (120 bytes)
[DELETE] GW1AM2_20230516_01D_EQMD_L3SGSMCHF3300300.h5 (120 bytes)
[DELETE] GW1AM2_20240725_01D_EQMD_L3SGSMCHF3300300.h5 (120 bytes)
[DELETE] GW1AM2_20201202_01D_EQMA_L3SGSMCHF3300300.h5 (120 bytes)
[DELETE] GW1AM2_20240502_01D_EQMD_L3SGSMCHF3300300.h5 (120 bytes)
[DELETE] GW1AM2_20230808_01D_EQMA_L3SGSMCHF3300300.h5 (120 bytes)
[DELETE] GW1AM2_20240508_01D_EQMA_L3SGSMCHF3300300.h5 (120 bytes)
[DELETE] GW1AM2_20200709_01D_EQMD_L3SGSMCHF3300300.h5 (120 bytes)
[DELETE] GW1AM2_20210624_01D_EQMD_L3SGSMCHF3300300.h5 (120 bytes)
[DELETE] GW1AM2_20230804_01D_EQMA_L3SGSMCHF3300300.h5 (120 bytes)
[DELETE] GW1AM2_20231224_01D_EQMD_L3SGSMCHF3300300.h5 (120 bytes)
[DELETE] GW1AM2_20230920_01D_EQMD_L3SGSMCHF3300300.h5 (120 bytes)
[DELETE] GW1AM2_20200209_01D_EQMA_L3SGSMCHF3300300.h5 (120 bytes)
[DELETE] GW1AM2_20220815_01D_EQMD_L3SGSMCHF3300300.h5 (120 bytes)
[DELETE] GW1AM2_20220621_01D_EQMD_L3SGSMCHF3300300.h5 (120 bytes)
[DELETE] GW1AM2_20230604_01D_EQMA_L3SGSMCHF3300300.h5 (120 bytes)
[DELETE] GW1AM2_20210916_01D_EQMA_L3SGSMCHF3300300.h5 (120 bytes)
[DELETE] GW1AM2_20210721_01D_EQMA_L3SGSMCHF3300300.h5 (120 bytes)
[DELETE] GW1AM2_20200520_01D_EQMD_L3SGSMCHF3300300.h5 (120 bytes)
[DELETE] GW1AM2_20230609_01D_EQMD_L3SGSMCHF3300300.h5 (120 bytes)
[DELETE] GW1AM2_20231207_01D_EQMA_L3SGSMCHF3300300.h5 (120 bytes)
[DELETE] GW1AM2_20200420_01D_EQMD_L3SGSMCHF3300300.h5 (120 bytes)
[DELETE] GW1AM2_20240602_01D_EQMA_L3SGSMCHF3300300.h5 (120 bytes)
[DELETE] GW1AM2_20210901_01D_EQMD_L3SGSMCHF3300300.h5 (120 bytes)
[DELETE] GW1AM2_20210516_01D_EQMA_L3SGSMCHF3300300.h5 (120 bytes)
[DELETE] GW1AM2_20200505_01D_EQMD_L3SGSMCHF3300300.h5 (120 bytes)
[DELETE] GW1AM2_20210510_01D_EQMD_L3SGSMCHF3300300.h5 (120 bytes)
[DELETE] GW1AM2_20220717_01D_EQMD_L3SGSMCHF3300300.h5 (120 bytes)
[DELETE] GW1AM2_20210824_01D_EQMA_L3SGSMCHF3300300.h5 (120 bytes)
[DELETE] GW1AM2_20200404_01D_EQMA_L3SGSMCHF3300300.h5 (120 bytes)
[DELETE] GW1AM2_20230615_01D_EQMD_L3SGSMCHF3300300.h5 (120 bytes)
[DELETE] GW1AM2_20200210_01D_EQMD_L3SGSMCHF3300300.h5 (120 bytes)
[DELETE] GW1AM2_20220406_01D_EQMD_L3SGSMCHF3300300.h5 (120 bytes)
[DELETE] GW1AM2_20230705_01D_EQMD_L3SGSMCHF3300300.h5 (120 bytes)
[DELETE] GW1AM2_20230315_01D_EQMA_L3SGSMCHF3300300.h5 (120 bytes)
[DELETE] GW1AM2_20200908_01D_EQMA_L3SGSMCHF3300300.h5 (120 bytes)
[DELETE] GW1AM2_20240215_01D_EQMA_L3SGSMCHF3300300.h5 (120 bytes)
[DELETE] GW1AM2_20211003_01D_EQMD_L3SGSMCHF3300300.h5 (120 bytes)
[DELETE] GW1AM2_20220717_01D_EQMA_L3SGSMCHF3300300.h5 (120 bytes)
[DELETE] GW1AM2_20211105_01D_EQMD_L3SGSMCHF3300300.h5 (120 bytes)
[DELETE] GW1AM2_20240508_01D_EQMD_L3SGSMCHF3300300.h5 (120 bytes)
[DELETE] GW1AM2_20230313_01D_EQMD_L3SGSMCHF3300300.h5 (120 bytes)
[DELETE] GW1AM2_20231120_01D_EQMD_L3SGSMCHF3300300.h5 (120 bytes)
[DELETE] GW1AM2_20200220_01D_EQMD_L3SGSMCHF3300300.h5 (120 bytes)
[DELETE] GW1AM2_20240910_01D_EQMD_L3SGSMCHF3300300.h5 (120 bytes)
[DELETE] GW1AM2_20220509_01D_EQMA_L3SGSMCHF3300300.h5 (120 bytes)
[DELETE] GW1AM2_20210414_01D_EQMD_L3SGSMCHF3300300.h5 (120 bytes)
[DELETE] GW1AM2_20240416_01D_EQMD_L3SGSMCHF3300300.h5 (120 bytes)
[DELETE] GW1AM2_20211103_01D_EQMA_L3SGSMCHF3300300.h5 (120 bytes)
[DELETE] GW1AM2_20220512_01D_EQMA_L3SGSMCHF3300300.h5 (120 bytes)
[DELETE] GW1AM2_20220613_01D_EQMA_L3SGSMCHF3300300.h5 (120 bytes)
[DELETE] GW1AM2_20220301_01D_EQMD_L3SGSMCHF3300300.h5 (120 bytes)
[DELETE] GW1AM2_20230913_01D_EQMA_L3SGSMCHF3300300.h5 (120 bytes)
[DELETE] GW1AM2_20210519_01D_EQMA_L3SGSMCHF3300300.h5 (120 bytes)
[DELETE] GW1AM2_20220509_01D_EQMD_L3SGSMCHF3300300.h5 (120 bytes)
[DELETE] GW1AM2_20201118_01D_EQMD_L3SGSMCHF3300300.h5 (120 bytes)
[DELETE] GW1AM2_20201022_01D_EQMD_L3SGSMCHF3300300.h5 (120 bytes)
[DELETE] GW1AM2_20200203_01D_EQMD_L3SGSMCHF3300300.h5 (120 bytes)
[DELETE] GW1AM2_20200816_01D_EQMD_L3SGSMCHF3300300.h5 (120 bytes)
[DELETE] GW1AM2_20240502_01D_EQMA_L3SGSMCHF3300300.h5 (120 bytes)
[DELETE] GW1AM2_20240622_01D_EQMA_L3SGSMCHF3300300.h5 (120 bytes)
[DELETE] GW1AM2_20220618_01D_EQMA_L3SGSMCHF3300300.h5 (120 bytes)
[DELETE] GW1AM2_20240625_01D_EQMD_L3SGSMCHF3300300.h5 (120 bytes)
[DELETE] GW1AM2_20241214_01D_EQMD_L3SGSMCHF3300300.h5 (120 bytes)
[DELETE] GW1AM2_20211223_01D_EQMD_L3SGSMCHF3300300.h5 (120 bytes)
[DELETE] GW1AM2_20241205_01D_EQMD_L3SGSMCHF3300300.h5 (120 bytes)
[DELETE] GW1AM2_20220612_01D_EQMD_L3SGSMCHF3300300.h5 (120 bytes)
[DELETE] GW1AM2_20210819_01D_EQMD_L3SGSMCHF3300300.h5 (120 bytes)
[DELETE] GW1AM2_20200316_01D_EQMD_L3SGSMCHF3300300.h5 (120 bytes)
[DELETE] GW1AM2_20200714_01D_EQMA_L3SGSMCHF3300300.h5 (120 bytes)
[DELETE] GW1AM2_20200603_01D_EQMA_L3SGSMCHF3300300.h5 (120 bytes)
[DELETE] GW1AM2_20200223_01D_EQMA_L3SGSMCHF3300300.h5 (120 bytes)
[DELETE] GW1AM2_20240309_01D_EQMD_L3SGSMCHF3300300.h5 (120 bytes)
[DELETE] GW1AM2_20200609_01D_EQMD_L3SGSMCHF3300300.h5 (120 bytes)
[DELETE] GW1AM2_20240303_01D_EQMA_L3SGSMCHF3300300.h5 (120 bytes)
[DELETE] GW1AM2_20220302_01D_EQMD_L3SGSMCHF3300300.h5 (120 bytes)
[DELETE] GW1AM2_20210921_01D_EQMD_L3SGSMCHF3300300.h5 (120 bytes)
[DELETE] GW1AM2_20200519_01D_EQMD_L3SGSMCHF3300300.h5 (120 bytes)
[DELETE] GW1AM2_20220805_01D_EQMA_L3SGSMCHF3300300.h5 (120 bytes)
[DELETE] GW1AM2_20201003_01D_EQMA_L3SGSMCHF3300300.h5 (120 bytes)
[DELETE] GW1AM2_20220624_01D_EQMA_L3SGSMCHF3300300.h5 (120 bytes)
[DELETE] GW1AM2_20221115_01D_EQMA_L3SGSMCHF3300300.h5 (120 bytes)
[DELETE] GW1AM2_20240402_01D_EQMA_L3SGSMCHF3300300.h5 (120 bytes)
[DELETE] GW1AM2_20231009_01D_EQMA_L3SGSMCHF3300300.h5 (120 bytes)
[DELETE] GW1AM2_20210807_01D_EQMA_L3SGSMCHF3300300.h5 (120 bytes)
[DELETE] GW1AM2_20200513_01D_EQMA_L3SGSMCHF3300300.h5 (120 bytes)
[DELETE] GW1AM2_20201009_01D_EQMD_L3SGSMCHF3300300.h5 (120 bytes)
[DELETE] GW1AM2_20240408_01D_EQMD_L3SGSMCHF3300300.h5 (120 bytes)
[DELETE] GW1AM2_20231003_01D_EQMD_L3SGSMCHF3300300.h5 (120 bytes)
[DELETE] GW1AM2_20210813_01D_EQMD_L3SGSMCHF3300300.h5 (120 bytes)
[DELETE] GW1AM2_20230806_01D_EQMD_L3SGSMCHF3300300.h5 (120 bytes)
[DELETE] GW1AM2_20200223_01D_EQMD_L3SGSMCHF3300300.h5 (120 bytes)
[DELETE] GW1AM2_20230620_01D_EQMD_L3SGSMCHF3300300.h5 (120 bytes)
[DELETE] GW1AM2_20200820_01D_EQMD_L3SGSMCHF3300300.h5 (120 bytes)
[DELETE] GW1AM2_20200703_01D_EQMD_L3SGSMCHF3300300.h5 (120 bytes)
[DELETE] GW1AM2_20231114_01D_EQMD_L3SGSMCHF3300300.h5 (120 bytes)
[DELETE] GW1AM2_20230721_01D_EQMA_L3SGSMCHF3300300.h5 (120 bytes)
[DELETE] GW1AM2_20200625_01D_EQMA_L3SGSMCHF3300300.h5 (120 bytes)
[DELETE] GW1AM2_20230322_01D_EQMD_L3SGSMCHF3300300.h5 (120 bytes)
[DELETE] GW1AM2_20211108_01D_EQMD_L3SGSMCHF3300300.h5 (120 bytes)
[DELETE] GW1AM2_20230206_01D_EQMA_L3SGSMCHF3300300.h5 (120 bytes)
[DELETE] GW1AM2_20200322_01D_EQMD_L3SGSMCHF3300300.h5 (120 bytes)
[DELETE] GW1AM2_20240309_01D_EQMA_L3SGSMCHF3300300.h5 (120 bytes)
[DELETE] GW1AM2_20240807_01D_EQMA_L3SGSMCHF3300300.h5 (120 bytes)
[DELETE] GW1AM2_20220302_01D_EQMA_L3SGSMCHF3300300.h5 (120 bytes)
[DELETE] GW1AM2_20230816_01D_EQMA_L3SGSMCHF3300300.h5 (120 bytes)
[DELETE] GW1AM2_20220903_01D_EQMD_L3SGSMCHF3300300.h5 (120 bytes)
[DELETE] GW1AM2_20240416_01D_EQMA_L3SGSMCHF3300300.h5 (120 bytes)
[DELETE] GW1AM2_20220324_01D_EQMA_L3SGSMCHF3300300.h5 (120 bytes)
[DELETE] GW1AM2_20210521_01D_EQMD_L3SGSMCHF3300300.h5 (120 bytes)
[DELETE] GW1AM2_20240214_01D_EQMD_L3SGSMCHF3300300.h5 (120 bytes)
[DELETE] GW1AM2_20240520_01D_EQMA_L3SGSMCHF3300300.h5 (120 bytes)
[DELETE] GW1AM2_20200522_01D_EQMA_L3SGSMCHF3300300.h5 (120 bytes)
[DELETE] GW1AM2_20230816_01D_EQMD_L3SGSMCHF3300300.h5 (120 bytes)
[DELETE] GW1AM2_20210911_01D_EQMD_L3SGSMCHF3300300.h5 (120 bytes)
[DELETE] GW1AM2_20240404_01D_EQMD_L3SGSMCHF3300300.h5 (120 bytes)
[DELETE] GW1AM2_20221022_01D_EQMD_L3SGSMCHF3300300.h5 (120 bytes)
[DELETE] GW1AM2_20240303_01D_EQMD_L3SGSMCHF3300300.h5 (120 bytes)
[DELETE] GW1AM2_20211102_01D_EQMA_L3SGSMCHF3300300.h5 (120 bytes)
[DELETE] GW1AM2_20220308_01D_EQMD_L3SGSMCHF3300300.h5 (120 bytes)
[DELETE] GW1AM2_20220909_01D_EQMA_L3SGSMCHF3300300.h5 (120 bytes)
[DELETE] GW1AM2_20200709_01D_EQMA_L3SGSMCHF3300300.h5 (120 bytes)
[DELETE] GW1AM2_20220213_01D_EQMA_L3SGSMCHF3300300.h5 (120 bytes)
[DELETE] GW1AM2_20210408_01D_EQMA_L3SGSMCHF3300300.h5 (120 bytes)
[DELETE] GW1AM2_20240922_01D_EQMA_L3SGSMCHF3300300.h5 (120 bytes)
[DELETE] GW1AM2_20200218_01D_EQMA_L3SGSMCHF3300300.h5 (120 bytes)
[DELETE] GW1AM2_20221211_01D_EQMD_L3SGSMCHF3300300.h5 (120 bytes)
[DELETE] GW1AM2_20230305_01D_EQMD_L3SGSMCHF3300300.h5 (120 bytes)
[DELETE] GW1AM2_20211224_01D_EQMD_L3SGSMCHF3300300.h5 (120 bytes)
[DELETE] GW1AM2_20210402_01D_EQMD_L3SGSMCHF3300300.h5 (120 bytes)
[DELETE] GW1AM2_20200212_01D_EQMD_L3SGSMCHF3300300.h5 (120 bytes)
[DELETE] GW1AM2_20240203_01D_EQMD_L3SGSMCHF3300300.h5 (120 bytes)
[DELETE] GW1AM2_20211107_01D_EQMA_L3SGSMCHF3300300.h5 (120 bytes)
[DELETE] GW1AM2_20240803_01D_EQMD_L3SGSMCHF3300300.h5 (120 bytes)
[DELETE] GW1AM2_20200906_01D_EQMA_L3SGSMCHF3300300.h5 (120 bytes)
[DELETE] GW1AM2_20220405_01D_EQMD_L3SGSMCHF3300300.h5 (120 bytes)
[DELETE] GW1AM2_20240506_01D_EQMA_L3SGSMCHF3300300.h5 (120 bytes)
[DELETE] GW1AM2_20211012_01D_EQMD_L3SGSMCHF3300300.h5 (120 bytes)
[DELETE] GW1AM2_20211201_01D_EQMA_L3SGSMCHF3300300.h5 (120 bytes)
[DELETE] GW1AM2_20240715_01D_EQMD_L3SGSMCHF3300300.h5 (120 bytes)
[DELETE] GW1AM2_20201209_01D_EQMD_L3SGSMCHF3300300.h5 (120 bytes)
[DELETE] GW1AM2_20200925_01D_EQMA_L3SGSMCHF3300300.h5 (120 bytes)
[DELETE] GW1AM2_20200619_01D_EQMA_L3SGSMCHF3300300.h5 (120 bytes)
[DELETE] GW1AM2_20241101_01D_EQMD_L3SGSMCHF3300300.h5 (120 bytes)
[DELETE] GW1AM2_20200404_01D_EQMD_L3SGSMCHF3300300.h5 (120 bytes)
[DELETE] GW1AM2_20220908_01D_EQMA_L3SGSMCHF3300300.h5 (120 bytes)
[DELETE] GW1AM2_20230405_01D_EQMD_L3SGSMCHF3300300.h5 (120 bytes)
[DELETE] GW1AM2_20200405_01D_EQMD_L3SGSMCHF3300300.h5 (120 bytes)
[DELETE] GW1AM2_20220211_01D_EQMD_L3SGSMCHF3300300.h5 (120 bytes)
[DELETE] GW1AM2_20210425_01D_EQMA_L3SGSMCHF3300300.h5 (120 bytes)
[DELETE] GW1AM2_20230317_01D_EQMD_L3SGSMCHF3300300.h5 (120 bytes)
[DELETE] GW1AM2_20230220_01D_EQMD_L3SGSMCHF3300300.h5 (120 bytes)
[DELETE] GW1AM2_20230915_01D_EQMD_L3SGSMCHF3300300.h5 (120 bytes)
[DELETE] GW1AM2_20220406_01D_EQMA_L3SGSMCHF3300300.h5 (120 bytes)
[DELETE] GW1AM2_20221001_01D_EQMA_L3SGSMCHF3300300.h5 (120 bytes)
[DELETE] GW1AM2_20221005_01D_EQMD_L3SGSMCHF3300300.h5 (120 bytes)
[DELETE] GW1AM2_20211018_01D_EQMA_L3SGSMCHF3300300.h5 (1203310 bytes)
[DELETE] GW1AM2_20200613_01D_EQMD_L3SGSMCHF3300300.h5 (120 bytes)
[DELETE] GW1AM2_20220902_01D_EQMD_L3SGSMCHF3300300.h5 (120 bytes)
[DELETE] GW1AM2_20201203_01D_EQMA_L3SGSMCHF3300300.h5 (120 bytes)
[DELETE] GW1AM2_20210718_01D_EQMD_L3SGSMCHF3300300.h5 (120 bytes)
[DELETE] GW1AM2_20211018_01D_EQMD_L3SGSMCHF3300300.h5 (120 bytes)
[DELETE] GW1AM2_20231113_01D_EQMA_L3SGSMCHF3300300.h5 (120 bytes)
[DELETE] GW1AM2_20220505_01D_EQMD_L3SGSMCHF3300300.h5 (120 bytes)
[DELETE] GW1AM2_20240211_01D_EQMA_L3SGSMCHF3300300.h5 (120 bytes)
[DELETE] GW1AM2_20231211_01D_EQMD_L3SGSMCHF3300300.h5 (120 bytes)
[DELETE] GW1AM2_20230321_01D_EQMA_L3SGSMCHF3300300.h5 (120 bytes)
[DELETE] GW1AM2_20231116_01D_EQMD_L3SGSMCHF3300300.h5 (120 bytes)
[DELETE] GW1AM2_20231010_01D_EQMA_L3SGSMCHF3300300.h5 (120 bytes)
[DELETE] GW1AM2_20210223_01D_EQMD_L3SGSMCHF3300300.h5 (120 bytes)
[DELETE] GW1AM2_20240406_01D_EQMA_L3SGSMCHF3300300.h5 (120 bytes)
[DELETE] GW1AM2_20210616_01D_EQMD_L3SGSMCHF3300300.h5 (120 bytes)
[DELETE] GW1AM2_20200904_01D_EQMD_L3SGSMCHF3300300.h5 (120 bytes)
[DELETE] GW1AM2_20220623_01D_EQMD_L3SGSMCHF3300300.h5 (120 bytes)
[DELETE] GW1AM2_20220917_01D_EQMD_L3SGSMCHF3300300.h5 (120 bytes)
[DELETE] GW1AM2_20201011_01D_EQMA_L3SGSMCHF3300300.h5 (120 bytes)
[DELETE] GW1AM2_20230202_01D_EQMD_L3SGSMCHF3300300.h5 (120 bytes)
[DELETE] GW1AM2_20230304_01D_EQMA_L3SGSMCHF3300300.h5 (120 bytes)
[DELETE] GW1AM2_20201116_01D_EQMA_L3SGSMCHF3300300.h5 (120 bytes)
[DELETE] GW1AM2_20231119_01D_EQMD_L3SGSMCHF3300300.h5 (120 bytes)
[DELETE] GW1AM2_20211012_01D_EQMA_L3SGSMCHF3300300.h5 (120 bytes)
[DELETE] GW1AM2_20230208_01D_EQMA_L3SGSMCHF3300300.h5 (120 bytes)
[DELETE] GW1AM2_20241018_01D_EQMD_L3SGSMCHF3300300.h5 (120 bytes)
[DELETE] GW1AM2_20220316_01D_EQMA_L3SGSMCHF3300300.h5 (120 bytes)
[DELETE] GW1AM2_20220207_01D_EQMA_L3SGSMCHF3300300.h5 (120 bytes)
[DELETE] GW1AM2_20230411_01D_EQMD_L3SGSMCHF3300300.h5 (120 bytes)
[DELETE] GW1AM2_20201115_01D_EQMD_L3SGSMCHF3300300.h5 (120 bytes)
[DELETE] GW1AM2_20230625_01D_EQMD_L3SGSMCHF3300300.h5 (120 bytes)
[DELETE] GW1AM2_20230814_01D_EQMD_L3SGSMCHF3300300.h5 (120 bytes)
[DELETE] GW1AM2_20230611_01D_EQMA_L3SGSMCHF3300300.h5 (120 bytes)
[DELETE] GW1AM2_20221023_01D_EQMA_L3SGSMCHF3300300.h5 (120 bytes)
[DELETE] GW1AM2_20201008_01D_EQMA_L3SGSMCHF3300300.h5 (120 bytes)
[DELETE] GW1AM2_20200309_01D_EQMA_L3SGSMCHF3300300.h5 (120 bytes)
[DELETE] GW1AM2_20201015_01D_EQMD_L3SGSMCHF3300300.h5 (120 bytes)
[DELETE] GW1AM2_20240925_01D_EQMA_L3SGSMCHF3300300.h5 (120 bytes)
[DELETE] GW1AM2_20200717_01D_EQMA_L3SGSMCHF3300300.h5 (120 bytes)
[DELETE] GW1AM2_20230718_01D_EQMD_L3SGSMCHF3300300.h5 (120 bytes)
[DELETE] GW1AM2_20220225_01D_EQMD_L3SGSMCHF3300300.h5 (120 bytes)
[DELETE] GW1AM2_20201108_01D_EQMD_L3SGSMCHF3300300.h5 (120 bytes)
[DELETE] GW1AM2_20220515_01D_EQMD_L3SGSMCHF3300300.h5 (120 bytes)
[DELETE] GW1AM2_20220222_01D_EQMD_L3SGSMCHF3300300.h5 (120 bytes)
[DELETE] GW1AM2_20200705_01D_EQMA_L3SGSMCHF3300300.h5 (120 bytes)
[DELETE] GW1AM2_20230205_01D_EQMD_L3SGSMCHF3300300.h5 (120 bytes)
[DELETE] GW1AM2_20230513_01D_EQMA_L3SGSMCHF3300300.h5 (120 bytes)
[DELETE] GW1AM2_20200325_01D_EQMA_L3SGSMCHF3300300.h5 (120 bytes)
[DELETE] GW1AM2_20201002_01D_EQMD_L3SGSMCHF3300300.h5 (120 bytes)
[DELETE] GW1AM2_20200303_01D_EQMD_L3SGSMCHF3300300.h5 (120 bytes)
[DELETE] GW1AM2_20201102_01D_EQMA_L3SGSMCHF3300300.h5 (120 bytes)
[DELETE] GW1AM2_20230712_01D_EQMA_L3SGSMCHF3300300.h5 (120 bytes)
[DELETE] GW1AM2_20230519_01D_EQMD_L3SGSMCHF3300300.h5 (120 bytes)
[DELETE] GW1AM2_20230402_01D_EQMD_L3SGSMCHF3300300.h5 (120 bytes)
[DELETE] GW1AM2_20221113_01D_EQMD_L3SGSMCHF3300300.h5 (120 bytes)
[DELETE] GW1AM2_20200525_01D_EQMD_L3SGSMCHF3300300.h5 (120 bytes)
[DELETE] GW1AM2_20210418_01D_EQMA_L3SGSMCHF3300300.h5 (120 bytes)
[DELETE] GW1AM2_20200302_01D_EQMA_L3SGSMCHF3300300.h5 (120 bytes)
[DELETE] GW1AM2_20211023_01D_EQMD_L3SGSMCHF3300300.h5 (120 bytes)
[DELETE] GW1AM2_20221006_01D_EQMA_L3SGSMCHF3300300.h5 (120 bytes)
[DELETE] GW1AM2_20220901_01D_EQMA_L3SGSMCHF3300300.h5 (120 bytes)
[DELETE] GW1AM2_20231017_01D_EQMD_L3SGSMCHF3300300.h5 (120 bytes)
[DELETE] GW1AM2_20200507_01D_EQMA_L3SGSMCHF3300300.h5 (120 bytes)
[DELETE] GW1AM2_20210412_01D_EQMD_L3SGSMCHF3300300.h5 (120 bytes)
[DELETE] GW1AM2_20200308_01D_EQMD_L3SGSMCHF3300300.h5 (120 bytes)
[DELETE] GW1AM2_20221119_01D_EQMA_L3SGSMCHF3300300.h5 (120 bytes)
[DELETE] GW1AM2_20240202_01D_EQMD_L3SGSMCHF3300300.h5 (120 bytes)
[DELETE] GW1AM2_20201223_01D_EQMD_L3SGSMCHF3300300.h5 (120 bytes)
[DELETE] GW1AM2_20210304_01D_EQMA_L3SGSMCHF3300300.h5 (120 bytes)
[DELETE] GW1AM2_20220801_01D_EQMD_L3SGSMCHF3300300.h5 (120 bytes)
[DELETE] GW1AM2_20240708_01D_EQMA_L3SGSMCHF3300300.h5 (120 bytes)
[DELETE] GW1AM2_20211212_01D_EQMD_L3SGSMCHF3300300.h5 (120 bytes)
[DELETE] GW1AM2_20230323_01D_EQMA_L3SGSMCHF3300300.h5 (120 bytes)
[DELETE] GW1AM2_20211015_01D_EQMD_L3SGSMCHF3300300.h5 (120 bytes)
[DELETE] GW1AM2_20200611_01D_EQMA_L3SGSMCHF3300300.h5 (120 bytes)
[DELETE] GW1AM2_20200723_01D_EQMA_L3SGSMCHF3300300.h5 (120 bytes)
[DELETE] GW1AM2_20221217_01D_EQMD_L3SGSMCHF3300300.h5 (120 bytes)
[DELETE] GW1AM2_20240702_01D_EQMD_L3SGSMCHF3300300.h5 (120 bytes)
[DELETE] GW1AM2_20211218_01D_EQMA_L3SGSMCHF3300300.h5 (120 bytes)
[DELETE] GW1AM2_20201208_01D_EQMD_L3SGSMCHF3300300.h5 (120 bytes)
[DELETE] GW1AM2_20200420_01D_EQMA_L3SGSMCHF3300300.h5 (120 bytes)
[DELETE] GW1AM2_20210417_01D_EQMD_L3SGSMCHF3300300.h5 (120 bytes)
[DELETE] GW1AM2_20210605_01D_EQMD_L3SGSMCHF3300300.h5 (120 bytes)
[DELETE] GW1AM2_20201206_01D_EQMD_L3SGSMCHF3300300.h5 (120 bytes)
[DELETE] GW1AM2_20230715_01D_EQMD_L3SGSMCHF3300300.h5 (120 bytes)
[DELETE] GW1AM2_20231210_01D_EQMA_L3SGSMCHF3300300.h5 (120 bytes)
[DELETE] GW1AM2_20210615_01D_EQMA_L3SGSMCHF3300300.h5 (120 bytes)
[DELETE] GW1AM2_20210216_01D_EQMD_L3SGSMCHF3300300.h5 (120 bytes)
[DELETE] GW1AM2_20200422_01D_EQMD_L3SGSMCHF3300300.h5 (120 bytes)
[DELETE] GW1AM2_20201013_01D_EQMD_L3SGSMCHF3300300.h5 (120 bytes)
[DELETE] GW1AM2_20210803_01D_EQMA_L3SGSMCHF3300300.h5 (120 bytes)
[DELETE] GW1AM2_20220305_01D_EQMA_L3SGSMCHF3300300.h5 (120 bytes)
[DELETE] GW1AM2_20220320_01D_EQMA_L3SGSMCHF3300300.h5 (120 bytes)
[DELETE] GW1AM2_20200310_01D_EQMD_L3SGSMCHF3300300.h5 (120 bytes)
[DELETE] GW1AM2_20241223_01D_EQMD_L3SGSMCHF3300300.h5 (120 bytes)
[DELETE] GW1AM2_20230301_01D_EQMA_L3SGSMCHF3300300.h5 (120 bytes)
[DELETE] GW1AM2_20210317_01D_EQMA_L3SGSMCHF3300300.h5 (120 bytes)
[DELETE] GW1AM2_20220913_01D_EQMD_L3SGSMCHF3300300.h5 (120 bytes)
[DELETE] GW1AM2_20220514_01D_EQMA_L3SGSMCHF3300300.h5 (120 bytes)
[DELETE] GW1AM2_20230624_01D_EQMD_L3SGSMCHF3300300.h5 (120 bytes)
[DELETE] GW1AM2_20230309_01D_EQMD_L3SGSMCHF3300300.h5 (120 bytes)
[DELETE] GW1AM2_20221120_01D_EQMD_L3SGSMCHF3300300.h5 (120 bytes)
[DELETE] GW1AM2_20210517_01D_EQMD_L3SGSMCHF3300300.h5 (120 bytes)
[DELETE] GW1AM2_20230310_01D_EQMD_L3SGSMCHF3300300.h5 (120 bytes)
[DELETE] GW1AM2_20240618_01D_EQMD_L3SGSMCHF3300300.h5 (120 bytes)
[DELETE] GW1AM2_20240413_01D_EQMA_L3SGSMCHF3300300.h5 (120 bytes)
[DELETE] GW1AM2_20220919_01D_EQMA_L3SGSMCHF3300300.h5 (120 bytes)
[DELETE] GW1AM2_20240419_01D_EQMD_L3SGSMCHF3300300.h5 (120 bytes)
[DELETE] GW1AM2_20210809_01D_EQMD_L3SGSMCHF3300300.h5 (120 bytes)
[DELETE] GW1AM2_20230303_01D_EQMA_L3SGSMCHF3300300.h5 (120 bytes)
[DELETE] GW1AM2_20240612_01D_EQMA_L3SGSMCHF3300300.h5 (120 bytes)
[DELETE] GW1AM2_20201019_01D_EQMA_L3SGSMCHF3300300.h5 (120 bytes)
[DELETE] GW1AM2_20210418_01D_EQMD_L3SGSMCHF3300300.h5 (120 bytes)
[DELETE] GW1AM2_20240321_01D_EQMD_L3SGSMCHF3300300.h5 (120 bytes)
[DELETE] GW1AM2_20231214_01D_EQMD_L3SGSMCHF3300300.h5 (120 bytes)
[DELETE] GW1AM2_20220907_01D_EQMA_L3SGSMCHF3300300.h5 (120 bytes)
[DELETE] GW1AM2_20211122_01D_EQMA_L3SGSMCHF3300300.h5 (120 bytes)
[DELETE] GW1AM2_20230623_01D_EQMD_L3SGSMCHF3300300.h5 (120 bytes)
[DELETE] GW1AM2_20211225_01D_EQMA_L3SGSMCHF3300300.h5 (120 bytes)
[DELETE] GW1AM2_20230325_01D_EQMD_L3SGSMCHF3300300.h5 (120 bytes)
[DELETE] GW1AM2_20200915_01D_EQMA_L3SGSMCHF3300300.h5 (120 bytes)
[DELETE] GW1AM2_20220613_01D_EQMD_L3SGSMCHF3300300.h5 (120 bytes)
[DELETE] GW1AM2_20241217_01D_EQMA_L3SGSMCHF3300300.h5 (120 bytes)
[DELETE] GW1AM2_20240925_01D_EQMD_L3SGSMCHF3300300.h5 (120 bytes)
[DELETE] GW1AM2_20220619_01D_EQMA_L3SGSMCHF3300300.h5 (120 bytes)
[DELETE] GW1AM2_20200902_01D_EQMA_L3SGSMCHF3300300.h5 (120 bytes)
[DELETE] GW1AM2_20240511_01D_EQMA_L3SGSMCHF3300300.h5 (120 bytes)
[DELETE] GW1AM2_20240523_01D_EQMA_L3SGSMCHF3300300.h5 (120 bytes)
[DELETE] GW1AM2_20231220_01D_EQMA_L3SGSMCHF3300300.h5 (120 bytes)
[DELETE] GW1AM2_20220513_01D_EQMA_L3SGSMCHF3300300.h5 (120 bytes)
[DELETE] GW1AM2_20240919_01D_EQMA_L3SGSMCHF3300300.h5 (120 bytes)
[DELETE] GW1AM2_20230521_01D_EQMA_L3SGSMCHF3300300.h5 (120 bytes)
[DELETE] GW1AM2_20230514_01D_EQMA_L3SGSMCHF3300300.h5 (120 bytes)
[DELETE] GW1AM2_20200610_01D_EQMA_L3SGSMCHF3300300.h5 (120 bytes)
[DELETE] GW1AM2_20201011_01D_EQMD_L3SGSMCHF3300300.h5 (120 bytes)
[DELETE] GW1AM2_20221007_01D_EQMA_L3SGSMCHF3300300.h5 (120 bytes)
[DELETE] GW1AM2_20220912_01D_EQMA_L3SGSMCHF3300300.h5 (120 bytes)
[DELETE] GW1AM2_20220519_01D_EQMD_L3SGSMCHF3300300.h5 (120 bytes)
[DELETE] GW1AM2_20220918_01D_EQMD_L3SGSMCHF3300300.h5 (120 bytes)
[DELETE] GW1AM2_20240913_01D_EQMD_L3SGSMCHF3300300.h5 (120 bytes)
[DELETE] GW1AM2_20220508_01D_EQMA_L3SGSMCHF3300300.h5 (120 bytes)
[DELETE] GW1AM2_20200923_01D_EQMD_L3SGSMCHF3300300.h5 (120 bytes)
[DELETE] GW1AM2_20210802_01D_EQMD_L3SGSMCHF3300300.h5 (120 bytes)
[DELETE] GW1AM2_20221218_01D_EQMA_L3SGSMCHF3300300.h5 (120 bytes)
[DELETE] GW1AM2_20241125_01D_EQMA_L3SGSMCHF3300300.h5 (120 bytes)
[DELETE] GW1AM2_20210808_01D_EQMA_L3SGSMCHF3300300.h5 (120 bytes)
[DELETE] GW1AM2_20221212_01D_EQMD_L3SGSMCHF3300300.h5 (120 bytes)
[DELETE] GW1AM2_20230903_01D_EQMA_L3SGSMCHF3300300.h5 (120 bytes)
[DELETE] GW1AM2_20241006_01D_EQMA_L3SGSMCHF3300300.h5 (120 bytes)
[DELETE] GW1AM2_20220303_01D_EQMD_L3SGSMCHF3300300.h5 (120 bytes)
[DELETE] GW1AM2_20230207_01D_EQMA_L3SGSMCHF3300300.h5 (120 bytes)
[DELETE] GW1AM2_20231015_01D_EQMA_L3SGSMCHF3300300.h5 (120 bytes)
[DELETE] GW1AM2_20210215_01D_EQMD_L3SGSMCHF3300300.h5 (120 bytes)
[DELETE] GW1AM2_20210207_01D_EQMA_L3SGSMCHF3300300.h5 (120 bytes)
[DELETE] GW1AM2_20231025_01D_EQMD_L3SGSMCHF3300300.h5 (120 bytes)
[DELETE] GW1AM2_20240305_01D_EQMA_L3SGSMCHF3300300.h5 (120 bytes)
[DELETE] GW1AM2_20211005_01D_EQMA_L3SGSMCHF3300300.h5 (120 bytes)
[DELETE] GW1AM2_20240305_01D_EQMD_L3SGSMCHF3300300.h5 (120 bytes)
[DELETE] GW1AM2_20230305_01D_EQMA_L3SGSMCHF3300300.h5 (120 bytes)
[DELETE] GW1AM2_20210902_01D_EQMD_L3SGSMCHF3300300.h5 (120 bytes)
[DELETE] GW1AM2_20220705_01D_EQMD_L3SGSMCHF3300300.h5 (120 bytes)
[DELETE] GW1AM2_20241116_01D_EQMA_L3SGSMCHF3300300.h5 (120 bytes)
[DELETE] GW1AM2_20211210_01D_EQMD_L3SGSMCHF3300300.h5 (120 bytes)
[DELETE] GW1AM2_20240813_01D_EQMD_L3SGSMCHF3300300.h5 (120 bytes)
[DELETE] GW1AM2_20240507_01D_EQMA_L3SGSMCHF3300300.h5 (120 bytes)
[DELETE] GW1AM2_20200717_01D_EQMD_L3SGSMCHF3300300.h5 (120 bytes)
[DELETE] GW1AM2_20200904_01D_EQMA_L3SGSMCHF3300300.h5 (120 bytes)
[DELETE] GW1AM2_20200604_01D_EQMA_L3SGSMCHF3300300.h5 (120 bytes)
[DELETE] GW1AM2_20210908_01D_EQMA_L3SGSMCHF3300300.h5 (120 bytes)
[DELETE] GW1AM2_20240819_01D_EQMA_L3SGSMCHF3300300.h5 (120 bytes)
[DELETE] GW1AM2_20240319_01D_EQMA_L3SGSMCHF3300300.h5 (120 bytes)
[DELETE] GW1AM2_20200819_01D_EQMD_L3SGSMCHF3300300.h5 (120 bytes)
[DELETE] GW1AM2_20240813_01D_EQMA_L3SGSMCHF3300300.h5 (120 bytes)
[DELETE] GW1AM2_20240519_01D_EQMA_L3SGSMCHF3300300.h5 (120 bytes)
[DELETE] GW1AM2_20230404_01D_EQMA_L3SGSMCHF3300300.h5 (120 bytes)
[DELETE] GW1AM2_20200620_01D_EQMA_L3SGSMCHF3300300.h5 (120 bytes)
[DELETE] GW1AM2_20240704_01D_EQMA_L3SGSMCHF3300300.h5 (120 bytes)
[DELETE] GW1AM2_20230216_01D_EQMD_L3SGSMCHF3300300.h5 (120 bytes)
[DELETE] GW1AM2_20230506_01D_EQMA_L3SGSMCHF3300300.h5 (120 bytes)
[DELETE] GW1AM2_20210905_01D_EQMA_L3SGSMCHF3300300.h5 (120 bytes)
[DELETE] GW1AM2_20220421_01D_EQMA_L3SGSMCHF3300300.h5 (120 bytes)
[DELETE] GW1AM2_20240819_01D_EQMD_L3SGSMCHF3300300.h5 (120 bytes)
[DELETE] GW1AM2_20240513_01D_EQMD_L3SGSMCHF3300300.h5 (120 bytes)
[DELETE] GW1AM2_20200813_01D_EQMA_L3SGSMCHF3300300.h5 (120 bytes)
[DELETE] GW1AM2_20200902_01D_EQMD_L3SGSMCHF3300300.h5 (120 bytes)
[DELETE] GW1AM2_20220413_01D_EQMA_L3SGSMCHF3300300.h5 (120 bytes)
[DELETE] GW1AM2_20211113_01D_EQMD_L3SGSMCHF3300300.h5 (120 bytes)
[DELETE] GW1AM2_20221124_01D_EQMA_L3SGSMCHF3300300.h5 (120 bytes)
[DELETE] GW1AM2_20240624_01D_EQMD_L3SGSMCHF3300300.h5 (120 bytes)
[DELETE] GW1AM2_20210511_01D_EQMA_L3SGSMCHF3300300.h5 (120 bytes)
[DELETE] GW1AM2_20231108_01D_EQMA_L3SGSMCHF3300300.h5 (120 bytes)
[DELETE] GW1AM2_20231102_01D_EQMD_L3SGSMCHF3300300.h5 (120 bytes)
[DELETE] GW1AM2_20231112_01D_EQMA_L3SGSMCHF3300300.h5 (120 bytes)
[DELETE] GW1AM2_20200210_01D_EQMA_L3SGSMCHF3300300.h5 (120 bytes)
[DELETE] GW1AM2_20231002_01D_EQMD_L3SGSMCHF3300300.h5 (120 bytes)
[DELETE] GW1AM2_20210823_01D_EQMA_L3SGSMCHF3300300.h5 (120 bytes)
[DELETE] GW1AM2_20240510_01D_EQMD_L3SGSMCHF3300300.h5 (120 bytes)
[DELETE] GW1AM2_20221001_01D_EQMD_L3SGSMCHF3300300.h5 (120 bytes)
[DELETE] GW1AM2_20200511_01D_EQMD_L3SGSMCHF3300300.h5 (120 bytes)
[DELETE] GW1AM2_20201017_01D_EQMD_L3SGSMCHF3300300.h5 (120 bytes)
[DELETE] GW1AM2_20241217_01D_EQMD_L3SGSMCHF3300300.h5 (120 bytes)
[DELETE] GW1AM2_20210405_01D_EQMD_L3SGSMCHF3300300.h5 (120 bytes)
[DELETE] GW1AM2_20200224_01D_EQMD_L3SGSMCHF3300300.h5 (120 bytes)
[DELETE] GW1AM2_20220906_01D_EQMD_L3SGSMCHF3300300.h5 (120 bytes)
[DELETE] GW1AM2_20200405_01D_EQMA_L3SGSMCHF3300300.h5 (120 bytes)
[DELETE] GW1AM2_20200825_01D_EQMD_L3SGSMCHF3300300.h5 (120 bytes)
[DELETE] GW1AM2_20240806_01D_EQMA_L3SGSMCHF3300300.h5 (120 bytes)
[DELETE] GW1AM2_20220214_01D_EQMA_L3SGSMCHF3300300.h5 (120 bytes)
[DELETE] GW1AM2_20211106_01D_EQMA_L3SGSMCHF3300300.h5 (120 bytes)
[DELETE] GW1AM2_20211201_01D_EQMD_L3SGSMCHF3300300.h5 (120 bytes)
[DELETE] GW1AM2_20240520_01D_EQMD_L3SGSMCHF3300300.h5 (120 bytes)
[DELETE] GW1AM2_20221010_01D_EQMD_L3SGSMCHF3300300.h5 (120 bytes)
[DELETE] GW1AM2_20230819_01D_EQMD_L3SGSMCHF3300300.h5 (120 bytes)
[DELETE] GW1AM2_20210205_01D_EQMD_L3SGSMCHF3300300.h5 (120 bytes)
[DELETE] GW1AM2_20200601_01D_EQMD_L3SGSMCHF3300300.h5 (120 bytes)
[DELETE] GW1AM2_20200823_01D_EQMA_L3SGSMCHF3300300.h5 (120 bytes)
[DELETE] GW1AM2_20231101_01D_EQMD_L3SGSMCHF3300300.h5 (120 bytes)
[DELETE] GW1AM2_20240913_01D_EQMA_L3SGSMCHF3300300.h5 (120 bytes)
[DELETE] GW1AM2_20210906_01D_EQMA_L3SGSMCHF3300300.h5 (120 bytes)
[DELETE] GW1AM2_20230911_01D_EQMD_L3SGSMCHF3300300.h5 (120 bytes)
[DELETE] GW1AM2_20230813_01D_EQMA_L3SGSMCHF3300300.h5 (120 bytes)
[DELETE] GW1AM2_20240919_01D_EQMD_L3SGSMCHF3300300.h5 (120 bytes)
[DELETE] GW1AM2_20221108_01D_EQMD_L3SGSMCHF3300300.h5 (120 bytes)
[DELETE] GW1AM2_20210512_01D_EQMA_L3SGSMCHF3300300.h5 (120 bytes)
[DELETE] GW1AM2_20220702_01D_EQMD_L3SGSMCHF3300300.h5 (120 bytes)
[DELETE] GW1AM2_20240204_01D_EQMD_L3SGSMCHF3300300.h5 (120 bytes)
[DELETE] GW1AM2_20210320_01D_EQMA_L3SGSMCHF3300300.h5 (120 bytes)
[DELETE] GW1AM2_20240903_01D_EQMD_L3SGSMCHF3300300.h5 (120 bytes)
[DELETE] GW1AM2_20220410_01D_EQMD_L3SGSMCHF3300300.h5 (120 bytes)
[DELETE] GW1AM2_20201207_01D_EQMA_L3SGSMCHF3300300.h5 (120 bytes)
[DELETE] GW1AM2_20221204_01D_EQMD_L3SGSMCHF3300300.h5 (120 bytes)
[DELETE] GW1AM2_20220311_01D_EQMA_L3SGSMCHF3300300.h5 (120 bytes)
[DELETE] GW1AM2_20220910_01D_EQMA_L3SGSMCHF3300300.h5 (120 bytes)
[DELETE] GW1AM2_20240909_01D_EQMA_L3SGSMCHF3300300.h5 (120 bytes)
[DELETE] GW1AM2_20220708_01D_EQMA_L3SGSMCHF3300300.h5 (120 bytes)
[DELETE] GW1AM2_20241203_01D_EQMA_L3SGSMCHF3300300.h5 (120 bytes)
[DELETE] GW1AM2_20241212_01D_EQMA_L3SGSMCHF3300300.h5 (120 bytes)
[DELETE] GW1AM2_20210717_01D_EQMD_L3SGSMCHF3300300.h5 (120 bytes)
[DELETE] GW1AM2_20230512_01D_EQMA_L3SGSMCHF3300300.h5 (120 bytes)
[DELETE] GW1AM2_20210824_01D_EQMD_L3SGSMCHF3300300.h5 (120 bytes)
[DELETE] GW1AM2_20221206_01D_EQMA_L3SGSMCHF3300300.h5 (120 bytes)
[DELETE] GW1AM2_20200413_01D_EQMD_L3SGSMCHF3300300.h5 (120 bytes)
[DELETE] GW1AM2_20220916_01D_EQMA_L3SGSMCHF3300300.h5 (120 bytes)
[DELETE] GW1AM2_20200914_01D_EQMA_L3SGSMCHF3300300.h5 (120 bytes)
[DELETE] GW1AM2_20200408_01D_EQMD_L3SGSMCHF3300300.h5 (120 bytes)
[DELETE] GW1AM2_20220820_01D_EQMA_L3SGSMCHF3300300.h5 (120 bytes)
[DELETE] GW1AM2_20220412_01D_EQMA_L3SGSMCHF3300300.h5 (120 bytes)
[DELETE] GW1AM2_20220725_01D_EQMA_L3SGSMCHF3300300.h5 (120 bytes)
[DELETE] GW1AM2_20210716_01D_EQMD_L3SGSMCHF3300300.h5 (120 bytes)
[DELETE] GW1AM2_20220418_01D_EQMD_L3SGSMCHF3300300.h5 (120 bytes)
[DELETE] GW1AM2_20200402_01D_EQMA_L3SGSMCHF3300300.h5 (120 bytes)
[DELETE] GW1AM2_20200419_01D_EQMA_L3SGSMCHF3300300.h5 (120 bytes)
[DELETE] GW1AM2_20230518_01D_EQMD_L3SGSMCHF3300300.h5 (120 bytes)
[DELETE] GW1AM2_20230403_01D_EQMA_L3SGSMCHF3300300.h5 (120 bytes)
[DELETE] GW1AM2_20200406_01D_EQMA_L3SGSMCHF3300300.h5 (120 bytes)
[DELETE] GW1AM2_20230609_01D_EQMA_L3SGSMCHF3300300.h5 (120 bytes)
[DELETE] GW1AM2_20241014_01D_EQMA_L3SGSMCHF3300300.h5 (120 bytes)
[DELETE] GW1AM2_20221120_01D_EQMA_L3SGSMCHF3300300.h5 (120 bytes)
[DELETE] GW1AM2_20200309_01D_EQMD_L3SGSMCHF3300300.h5 (120 bytes)
[DELETE] GW1AM2_20210520_01D_EQMA_L3SGSMCHF3300300.h5 (120 bytes)
[DELETE] GW1AM2_20230911_01D_EQMA_L3SGSMCHF3300300.h5 (120 bytes)
[DELETE] GW1AM2_20220809_01D_EQMA_L3SGSMCHF3300300.h5 (120 bytes)
[DELETE] GW1AM2_20221107_01D_EQMA_L3SGSMCHF3300300.h5 (120 bytes)
[DELETE] GW1AM2_20240818_01D_EQMD_L3SGSMCHF3300300.h5 (120 bytes)
[DELETE] GW1AM2_20200611_01D_EQMD_L3SGSMCHF3300300.h5 (120 bytes)
[DELETE] GW1AM2_20230810_01D_EQMD_L3SGSMCHF3300300.h5 (120 bytes)
[DELETE] GW1AM2_20221106_01D_EQMD_L3SGSMCHF3300300.h5 (120 bytes)
[DELETE] GW1AM2_20241223_01D_EQMA_L3SGSMCHF3300300.h5 (120 bytes)
[DELETE] GW1AM2_20210815_01D_EQMA_L3SGSMCHF3300300.h5 (120 bytes)
[DELETE] GW1AM2_20200224_01D_EQMA_L3SGSMCHF3300300.h5 (120 bytes)
[DELETE] GW1AM2_20200521_01D_EQMD_L3SGSMCHF3300300.h5 (120 bytes)
[DELETE] GW1AM2_20230603_01D_EQMD_L3SGSMCHF3300300.h5 (120 bytes)
[DELETE] GW1AM2_20240812_01D_EQMA_L3SGSMCHF3300300.h5 (120 bytes)
[DELETE] GW1AM2_20220803_01D_EQMD_L3SGSMCHF3300300.h5 (120 bytes)
[DELETE] GW1AM2_20200303_01D_EQMA_L3SGSMCHF3300300.h5 (120 bytes)
[DELETE] GW1AM2_20201009_01D_EQMA_L3SGSMCHF3300300.h5 (120 bytes)
[DELETE] GW1AM2_20240816_01D_EQMD_L3SGSMCHF3300300.h5 (120 bytes)
[DELETE] GW1AM2_20201015_01D_EQMA_L3SGSMCHF3300300.h5 (120 bytes)
[DELETE] GW1AM2_20230916_01D_EQMA_L3SGSMCHF3300300.h5 (120 bytes)
[DELETE] GW1AM2_20210815_01D_EQMD_L3SGSMCHF3300300.h5 (120 bytes)
[DELETE] GW1AM2_20200411_01D_EQMD_L3SGSMCHF3300300.h5 (120 bytes)
[DELETE] GW1AM2_20220921_01D_EQMA_L3SGSMCHF3300300.h5 (120 bytes)
[DELETE] GW1AM2_20240321_01D_EQMA_L3SGSMCHF3300300.h5 (120 bytes)
[DELETE] GW1AM2_20200525_01D_EQMA_L3SGSMCHF3300300.h5 (120 bytes)
[DELETE] GW1AM2_20221207_01D_EQMA_L3SGSMCHF3300300.h5 (120 bytes)
[DELETE] GW1AM2_20210214_01D_EQMA_L3SGSMCHF3300300.h5 (120 bytes)
[DELETE] GW1AM2_20221009_01D_EQMA_L3SGSMCHF3300300.h5 (120 bytes)
[DELETE] GW1AM2_20230217_01D_EQMD_L3SGSMCHF3300300.h5 (120 bytes)
[DELETE] GW1AM2_20210410_01D_EQMA_L3SGSMCHF3300300.h5 (120 bytes)
[DELETE] GW1AM2_20201014_01D_EQMD_L3SGSMCHF3300300.h5 (120 bytes)
[DELETE] GW1AM2_20240817_01D_EQMD_L3SGSMCHF3300300.h5 (120 bytes)
[DELETE] GW1AM2_20240806_01D_EQMD_L3SGSMCHF3300300.h5 (120 bytes)
[DELETE] GW1AM2_20230622_01D_EQMD_L3SGSMCHF3300300.h5 (120 bytes)
[DELETE] GW1AM2_20220711_01D_EQMD_L3SGSMCHF3300300.h5 (120 bytes)
[DELETE] GW1AM2_20221206_01D_EQMD_L3SGSMCHF3300300.h5 (120 bytes)
[DELETE] GW1AM2_20220604_01D_EQMA_L3SGSMCHF3300300.h5 (120 bytes)
[DELETE] GW1AM2_20220604_01D_EQMD_L3SGSMCHF3300300.h5 (120 bytes)
[DELETE] GW1AM2_20210204_01D_EQMD_L3SGSMCHF3300300.h5 (120 bytes)
[DELETE] GW1AM2_20210401_01D_EQMA_L3SGSMCHF3300300.h5 (120 bytes)
[DELETE] GW1AM2_20210402_01D_EQMA_L3SGSMCHF3300300.h5 (120 bytes)
[DELETE] GW1AM2_20220307_01D_EQMD_L3SGSMCHF3300300.h5 (120 bytes)
[DELETE] GW1AM2_20241114_01D_EQMA_L3SGSMCHF3300300.h5 (120 bytes)
[DELETE] GW1AM2_20221003_01D_EQMD_L3SGSMCHF3300300.h5 (120 bytes)
[DELETE] GW1AM2_20210408_01D_EQMD_L3SGSMCHF3300300.h5 (120 bytes)
[DELETE] GW1AM2_20231213_01D_EQMD_L3SGSMCHF3300300.h5 (120 bytes)
[DELETE] GW1AM2_20201214_01D_EQMA_L3SGSMCHF3300300.h5 (120 bytes)
[DELETE] GW1AM2_20231006_01D_EQMA_L3SGSMCHF3300300.h5 (120 bytes)
[DELETE] GW1AM2_20210818_01D_EQMA_L3SGSMCHF3300300.h5 (120 bytes)
[DELETE] GW1AM2_20230914_01D_EQMA_L3SGSMCHF3300300.h5 (120 bytes)
[DELETE] GW1AM2_20220507_01D_EQMD_L3SGSMCHF3300300.h5 (120 bytes)
[DELETE] GW1AM2_20200308_01D_EQMA_L3SGSMCHF3300300.h5 (120 bytes)
[DELETE] GW1AM2_20220513_01D_EQMD_L3SGSMCHF3300300.h5 (120 bytes)
[DELETE] GW1AM2_20211110_01D_EQMA_L3SGSMCHF3300300.h5 (120 bytes)
[DELETE] GW1AM2_20210818_01D_EQMD_L3SGSMCHF3300300.h5 (120 bytes)
[DELETE] GW1AM2_20240410_01D_EQMD_L3SGSMCHF3300300.h5 (120 bytes)
[DELETE] GW1AM2_20201113_01D_EQMA_L3SGSMCHF3300300.h5 (120 bytes)
[DELETE] GW1AM2_20221118_01D_EQMD_L3SGSMCHF3300300.h5 (120 bytes)
[DELETE] GW1AM2_20220616_01D_EQMD_L3SGSMCHF3300300.h5 (120 bytes)
[DELETE] GW1AM2_20220409_01D_EQMD_L3SGSMCHF3300300.h5 (120 bytes)
[DELETE] GW1AM2_20240310_01D_EQMA_L3SGSMCHF3300300.h5 (120 bytes)
[DELETE] GW1AM2_20210224_01D_EQMA_L3SGSMCHF3300300.h5 (120 bytes)
[DELETE] GW1AM2_20200322_01D_EQMA_L3SGSMCHF3300300.h5 (120 bytes)
[DELETE] GW1AM2_20230924_01D_EQMA_L3SGSMCHF3300300.h5 (120 bytes)
[DELETE] GW1AM2_20200314_01D_EQMD_L3SGSMCHF3300300.h5 (120 bytes)
[DELETE] GW1AM2_20210903_01D_EQMD_L3SGSMCHF3300300.h5 (120 bytes)
[DELETE] GW1AM2_20240822_01D_EQMA_L3SGSMCHF3300300.h5 (120 bytes)
[DELETE] GW1AM2_20210309_01D_EQMD_L3SGSMCHF3300300.h5 (120 bytes)
[DELETE] GW1AM2_20230922_01D_EQMA_L3SGSMCHF3300300.h5 (120 bytes)
[DELETE] GW1AM2_20210303_01D_EQMA_L3SGSMCHF3300300.h5 (120 bytes)
[DELETE] GW1AM2_20200302_01D_EQMD_L3SGSMCHF3300300.h5 (120 bytes)
[DELETE] GW1AM2_20220519_01D_EQMA_L3SGSMCHF3300300.h5 (120 bytes)
[DELETE] GW1AM2_20210909_01D_EQMA_L3SGSMCHF3300300.h5 (120 bytes)
[DELETE] GW1AM2_20210812_01D_EQMA_L3SGSMCHF3300300.h5 (120 bytes)
[DELETE] GW1AM2_20220403_01D_EQMA_L3SGSMCHF3300300.h5 (120 bytes)
[DELETE] GW1AM2_20221112_01D_EQMA_L3SGSMCHF3300300.h5 (120 bytes)
[DELETE] GW1AM2_20201119_01D_EQMD_L3SGSMCHF3300300.h5 (120 bytes)
[DELETE] GW1AM2_20240803_01D_EQMA_L3SGSMCHF3300300.h5 (120 bytes)
[DELETE] GW1AM2_20211002_01D_EQMA_L3SGSMCHF3300300.h5 (120 bytes)
[DELETE] GW1AM2_20201001_01D_EQMA_L3SGSMCHF3300300.h5 (120 bytes)
[DELETE] GW1AM2_20230401_01D_EQMA_L3SGSMCHF3300300.h5 (120 bytes)
[DELETE] GW1AM2_20241126_01D_EQMA_L3SGSMCHF3300300.h5 (120 bytes)
[DELETE] GW1AM2_20220407_01D_EQMD_L3SGSMCHF3300300.h5 (120 bytes)
[DELETE] GW1AM2_20211008_01D_EQMD_L3SGSMCHF3300300.h5 (120 bytes)
[DELETE] GW1AM2_20200812_01D_EQMD_L3SGSMCHF3300300.h5 (120 bytes)
[DELETE] GW1AM2_20201006_01D_EQMA_L3SGSMCHF3300300.h5 (120 bytes)
[DELETE] GW1AM2_20221110_01D_EQMA_L3SGSMCHF3300300.h5 (120 bytes)
[DELETE] GW1AM2_20210415_01D_EQMA_L3SGSMCHF3300300.h5 (120 bytes)
[DELETE] GW1AM2_20220615_01D_EQMA_L3SGSMCHF3300300.h5 (120 bytes)
[DELETE] GW1AM2_20230222_01D_EQMA_L3SGSMCHF3300300.h5 (120 bytes)
[DELETE] GW1AM2_20220724_01D_EQMA_L3SGSMCHF3300300.h5 (120 bytes)
[DELETE] GW1AM2_20220404_01D_EQMD_L3SGSMCHF3300300.h5 (120 bytes)
[DELETE] GW1AM2_20210407_01D_EQMD_L3SGSMCHF3300300.h5 (120 bytes)
[DELETE] GW1AM2_20220503_01D_EQMD_L3SGSMCHF3300300.h5 (120 bytes)
[DELETE] GW1AM2_20210909_01D_EQMD_L3SGSMCHF3300300.h5 (120 bytes)
[DELETE] GW1AM2_20210209_01D_EQMD_L3SGSMCHF3300300.h5 (120 bytes)
[DELETE] GW1AM2_20240823_01D_EQMD_L3SGSMCHF3300300.h5 (120 bytes)
[DELETE] GW1AM2_20231104_01D_EQMA_L3SGSMCHF3300300.h5 (120 bytes)
[DELETE] GW1AM2_20240406_01D_EQMD_L3SGSMCHF3300300.h5 (120 bytes)
[DELETE] GW1AM2_20230704_01D_EQMD_L3SGSMCHF3300300.h5 (120 bytes)
[DELETE] GW1AM2_20221218_01D_EQMD_L3SGSMCHF3300300.h5 (120 bytes)
[DELETE] GW1AM2_20230803_01D_EQMD_L3SGSMCHF3300300.h5 (120 bytes)
[DELETE] GW1AM2_20231124_01D_EQMD_L3SGSMCHF3300300.h5 (120 bytes)
[DELETE] GW1AM2_20200206_01D_EQMD_L3SGSMCHF3300300.h5 (120 bytes)
[DELETE] GW1AM2_20200816_01D_EQMA_L3SGSMCHF3300300.h5 (120 bytes)
[DELETE] GW1AM2_20221212_01D_EQMA_L3SGSMCHF3300300.h5 (911046 bytes)
[DELETE] GW1AM2_20210203_01D_EQMA_L3SGSMCHF3300300.h5 (120 bytes)
[DELETE] GW1AM2_20230809_01D_EQMA_L3SGSMCHF3300300.h5 (120 bytes)
[DELETE] GW1AM2_20210903_01D_EQMA_L3SGSMCHF3300300.h5 (120 bytes)
[DELETE] GW1AM2_20220503_01D_EQMA_L3SGSMCHF3300300.h5 (120 bytes)
[DELETE] GW1AM2_20231217_01D_EQMA_L3SGSMCHF3300300.h5 (120 bytes)
[DELETE] GW1AM2_20241123_01D_EQMA_L3SGSMCHF3300300.h5 (120 bytes)
[DELETE] GW1AM2_20200624_01D_EQMD_L3SGSMCHF3300300.h5 (120 bytes)
[DELETE] GW1AM2_20240710_01D_EQMD_L3SGSMCHF3300300.h5 (120 bytes)
[DELETE] GW1AM2_20220208_01D_EQMD_L3SGSMCHF3300300.h5 (120 bytes)
[DELETE] GW1AM2_20210312_01D_EQMD_L3SGSMCHF3300300.h5 (120 bytes)
[DELETE] GW1AM2_20241211_01D_EQMA_L3SGSMCHF3300300.h5 (120 bytes)
[DELETE] GW1AM2_20220602_01D_EQMA_L3SGSMCHF3300300.h5 (120 bytes)
[DELETE] GW1AM2_20240308_01D_EQMA_L3SGSMCHF3300300.h5 (120 bytes)
[DELETE] GW1AM2_20210323_01D_EQMA_L3SGSMCHF3300300.h5 (120 bytes)
[DELETE] GW1AM2_20240917_01D_EQMD_L3SGSMCHF3300300.h5 (120 bytes)
[DELETE] GW1AM2_20211116_01D_EQMA_L3SGSMCHF3300300.h5 (120 bytes)
[DELETE] GW1AM2_20200607_01D_EQMA_L3SGSMCHF3300300.h5 (120 bytes)
[DELETE] GW1AM2_20241103_01D_EQMD_L3SGSMCHF3300300.h5 (120 bytes)
[DELETE] GW1AM2_20240207_01D_EQMA_L3SGSMCHF3300300.h5 (120 bytes)
[DELETE] GW1AM2_20200512_01D_EQMD_L3SGSMCHF3300300.h5 (120 bytes)
[DELETE] GW1AM2_20240311_01D_EQMA_L3SGSMCHF3300300.h5 (120 bytes)
[DELETE] GW1AM2_20230422_01D_EQMA_L3SGSMCHF3300300.h5 (120 bytes)
[DELETE] GW1AM2_20240513_01D_EQMA_L3SGSMCHF3300300.h5 (120 bytes)
[DELETE] GW1AM2_20220514_01D_EQMD_L3SGSMCHF3300300.h5 (120 bytes)
[DELETE] GW1AM2_20220909_01D_EQMD_L3SGSMCHF3300300.h5 (120 bytes)
[DELETE] GW1AM2_20220202_01D_EQMA_L3SGSMCHF3300300.h5 (1000812 bytes)
[DELETE] GW1AM2_20241109_01D_EQMA_L3SGSMCHF3300300.h5 (120 bytes)
[DELETE] GW1AM2_20220903_01D_EQMA_L3SGSMCHF3300300.h5 (120 bytes)
[DELETE] GW1AM2_20210318_01D_EQMA_L3SGSMCHF3300300.h5 (120 bytes)
[DELETE] GW1AM2_20200518_01D_EQMA_L3SGSMCHF3300300.h5 (120 bytes)
[DELETE] GW1AM2_20240519_01D_EQMD_L3SGSMCHF3300300.h5 (120 bytes)
[DELETE] GW1AM2_20240302_01D_EQMD_L3SGSMCHF3300300.h5 (120 bytes)
[DELETE] GW1AM2_20220608_01D_EQMD_L3SGSMCHF3300300.h5 (120 bytes)
[DELETE] GW1AM2_20241009_01D_EQMD_L3SGSMCHF3300300.h5 (120 bytes)
[DELETE] GW1AM2_20221219_01D_EQMA_L3SGSMCHF3300300.h5 (120 bytes)
[DELETE] GW1AM2_20210501_01D_EQMD_L3SGSMCHF3300300.h5 (120 bytes)
[DELETE] GW1AM2_20240202_01D_EQMA_L3SGSMCHF3300300.h5 (120 bytes)
[DELETE] GW1AM2_20240208_01D_EQMD_L3SGSMCHF3300300.h5 (120 bytes)
[DELETE] GW1AM2_20221213_01D_EQMD_L3SGSMCHF3300300.h5 (120 bytes)
[DELETE] GW1AM2_20240713_01D_EQMD_L3SGSMCHF3300300.h5 (120 bytes)
[DELETE] GW1AM2_20221113_01D_EQMA_L3SGSMCHF3300300.h5 (120 bytes)
[DELETE] GW1AM2_20220709_01D_EQMD_L3SGSMCHF3300300.h5 (120 bytes)
[DELETE] GW1AM2_20210710_01D_EQMD_L3SGSMCHF3300300.h5 (120 bytes)
[DELETE] GW1AM2_20240701_01D_EQMA_L3SGSMCHF3300300.h5 (120 bytes)
[DELETE] GW1AM2_20240707_01D_EQMD_L3SGSMCHF3300300.h5 (120 bytes)
[DELETE] GW1AM2_20230616_01D_EQMA_L3SGSMCHF3300300.h5 (120 bytes)
[DELETE] GW1AM2_20230825_01D_EQMD_L3SGSMCHF3300300.h5 (120 bytes)
[DELETE] GW1AM2_20220703_01D_EQMA_L3SGSMCHF3300300.h5 (120 bytes)
[DELETE] GW1AM2_20220318_01D_EQMD_L3SGSMCHF3300300.h5 (120 bytes)
[DELETE] GW1AM2_20200515_01D_EQMA_L3SGSMCHF3300300.h5 (120 bytes)
[DELETE] GW1AM2_20200323_01D_EQMA_L3SGSMCHF3300300.h5 (120 bytes)
[DELETE] GW1AM2_20200201_01D_EQMA_L3SGSMCHF3300300.h5 (120 bytes)
[DELETE] GW1AM2_20220418_01D_EQMA_L3SGSMCHF3300300.h5 (120 bytes)
[DELETE] GW1AM2_20220823_01D_EQMD_L3SGSMCHF3300300.h5 (120 bytes)
[DELETE] GW1AM2_20230204_01D_EQMA_L3SGSMCHF3300300.h5 (120 bytes)
[DELETE] GW1AM2_20221111_01D_EQMA_L3SGSMCHF3300300.h5 (120 bytes)
[DELETE] GW1AM2_20211209_01D_EQMA_L3SGSMCHF3300300.h5 (120 bytes)
[DELETE] GW1AM2_20220607_01D_EQMD_L3SGSMCHF3300300.h5 (120 bytes)
[DELETE] GW1AM2_20230823_01D_EQMD_L3SGSMCHF3300300.h5 (120 bytes)
[DELETE] GW1AM2_20210921_01D_EQMA_L3SGSMCHF3300300.h5 (120 bytes)
[DELETE] GW1AM2_20220320_01D_EQMD_L3SGSMCHF3300300.h5 (120 bytes)
[DELETE] GW1AM2_20230419_01D_EQMA_L3SGSMCHF3300300.h5 (120 bytes)
[DELETE] GW1AM2_20200301_01D_EQMA_L3SGSMCHF3300300.h5 (120 bytes)
[DELETE] GW1AM2_20230404_01D_EQMD_L3SGSMCHF3300300.h5 (120 bytes)
[DELETE] GW1AM2_20201119_01D_EQMA_L3SGSMCHF3300300.h5 (120 bytes)
[DELETE] GW1AM2_20240216_01D_EQMA_L3SGSMCHF3300300.h5 (120 bytes)
[DELETE] GW1AM2_20201206_01D_EQMA_L3SGSMCHF3300300.h5 (120 bytes)
[DELETE] GW1AM2_20230219_01D_EQMA_L3SGSMCHF3300300.h5 (120 bytes)
[DELETE] GW1AM2_20230602_01D_EQMA_L3SGSMCHF3300300.h5 (120 bytes)
[DELETE] GW1AM2_20230516_01D_EQMA_L3SGSMCHF3300300.h5 (120 bytes)
[DELETE] GW1AM2_20230805_01D_EQMD_L3SGSMCHF3300300.h5 (120 bytes)
[DELETE] GW1AM2_20230608_01D_EQMD_L3SGSMCHF3300300.h5 (120 bytes)
[DELETE] GW1AM2_20201113_01D_EQMD_L3SGSMCHF3300300.h5 (120 bytes)
[DELETE] GW1AM2_20230213_01D_EQMD_L3SGSMCHF3300300.h5 (120 bytes)
[DELETE] GW1AM2_20211203_01D_EQMD_L3SGSMCHF3300300.h5 (120 bytes)
[DELETE] GW1AM2_20230413_01D_EQMD_L3SGSMCHF3300300.h5 (120 bytes)
[DELETE] GW1AM2_20220412_01D_EQMD_L3SGSMCHF3300300.h5 (120 bytes)
[DELETE] GW1AM2_20210309_01D_EQMA_L3SGSMCHF3300300.h5 (120 bytes)
[DELETE] GW1AM2_20211109_01D_EQMD_L3SGSMCHF3300300.h5 (120 bytes)
[DELETE] GW1AM2_20230318_01D_EQMD_L3SGSMCHF3300300.h5 (120 bytes)
[DELETE] GW1AM2_20211202_01D_EQMD_L3SGSMCHF3300300.h5 (120 bytes)
[DELETE] GW1AM2_20230622_01D_EQMA_L3SGSMCHF3300300.h5 (120 bytes)
[DELETE] GW1AM2_20210907_01D_EQMD_L3SGSMCHF3300300.h5 (120 bytes)
[DELETE] GW1AM2_20231122_01D_EQMA_L3SGSMCHF3300300.h5 (120 bytes)
[DELETE] GW1AM2_20230223_01D_EQMD_L3SGSMCHF3300300.h5 (120 bytes)
[DELETE] GW1AM2_20230312_01D_EQMA_L3SGSMCHF3300300.h5 (120 bytes)
[DELETE] GW1AM2_20211208_01D_EQMA_L3SGSMCHF3300300.h5 (120 bytes)
[DELETE] GW1AM2_20200219_01D_EQMD_L3SGSMCHF3300300.h5 (120 bytes)
[DELETE] GW1AM2_20230918_01D_EQMD_L3SGSMCHF3300300.h5 (120 bytes)
[DELETE] GW1AM2_20210315_01D_EQMD_L3SGSMCHF3300300.h5 (120 bytes)
[DELETE] GW1AM2_20230524_01D_EQMA_L3SGSMCHF3300300.h5 (120 bytes)
[DELETE] GW1AM2_20221222_01D_EQMA_L3SGSMCHF3300300.h5 (120 bytes)
[DELETE] GW1AM2_20220622_01D_EQMD_L3SGSMCHF3300300.h5 (120 bytes)
[DELETE] GW1AM2_20210705_01D_EQMA_L3SGSMCHF3300300.h5 (120 bytes)
[DELETE] GW1AM2_20200721_01D_EQMD_L3SGSMCHF3300300.h5 (120 bytes)
[DELETE] GW1AM2_20200211_01D_EQMD_L3SGSMCHF3300300.h5 (120 bytes)
[DELETE] GW1AM2_20230902_01D_EQMA_L3SGSMCHF3300300.h5 (120 bytes)
[DELETE] GW1AM2_20240419_01D_EQMA_L3SGSMCHF3300300.h5 (120 bytes)
[DELETE] GW1AM2_20210323_01D_EQMD_L3SGSMCHF3300300.h5 (120 bytes)
[DELETE] GW1AM2_20230211_01D_EQMA_L3SGSMCHF3300300.h5 (120 bytes)
[DELETE] GW1AM2_20230606_01D_EQMD_L3SGSMCHF3300300.h5 (120 bytes)
[DELETE] GW1AM2_20201121_01D_EQMD_L3SGSMCHF3300300.h5 (120 bytes)
[DELETE] GW1AM2_20200501_01D_EQMD_L3SGSMCHF3300300.h5 (120 bytes)
[DELETE] GW1AM2_20210525_01D_EQMD_L3SGSMCHF3300300.h5 (120 bytes)
[DELETE] GW1AM2_20220217_01D_EQMD_L3SGSMCHF3300300.h5 (120 bytes)
[DELETE] GW1AM2_20230504_01D_EQMA_L3SGSMCHF3300300.h5 (120 bytes)
[DELETE] GW1AM2_20200815_01D_EQMD_L3SGSMCHF3300300.h5 (120 bytes)
[DELETE] GW1AM2_20201117_01D_EQMD_L3SGSMCHF3300300.h5 (120 bytes)
[DELETE] GW1AM2_20240201_01D_EQMA_L3SGSMCHF3300300.h5 (120 bytes)
[DELETE] GW1AM2_20220605_01D_EQMA_L3SGSMCHF3300300.h5 (120 bytes)
[DELETE] GW1AM2_20240403_01D_EQMD_L3SGSMCHF3300300.h5 (120 bytes)
[DELETE] GW1AM2_20200801_01D_EQMD_L3SGSMCHF3300300.h5 (120 bytes)
[DELETE] GW1AM2_20230217_01D_EQMA_L3SGSMCHF3300300.h5 (120 bytes)
[DELETE] GW1AM2_20220315_01D_EQMA_L3SGSMCHF3300300.h5 (120 bytes)
[DELETE] GW1AM2_20221024_01D_EQMD_L3SGSMCHF3300300.h5 (120 bytes)
[DELETE] GW1AM2_20240413_01D_EQMD_L3SGSMCHF3300300.h5 (120 bytes)
[DELETE] GW1AM2_20230908_01D_EQMD_L3SGSMCHF3300300.h5 (120 bytes)
[DELETE] GW1AM2_20240409_01D_EQMA_L3SGSMCHF3300300.h5 (120 bytes)
[DELETE] GW1AM2_20230912_01D_EQMA_L3SGSMCHF3300300.h5 (120 bytes)
[DELETE] GW1AM2_20240709_01D_EQMD_L3SGSMCHF3300300.h5 (120 bytes)
[DELETE] GW1AM2_20231014_01D_EQMD_L3SGSMCHF3300300.h5 (120 bytes)
[DELETE] GW1AM2_20200705_01D_EQMD_L3SGSMCHF3300300.h5 (120 bytes)
[DELETE] GW1AM2_20200621_01D_EQMA_L3SGSMCHF3300300.h5 (120 bytes)
[DELETE] GW1AM2_20240423_01D_EQMA_L3SGSMCHF3300300.h5 (120 bytes)
[DELETE] GW1AM2_20240625_01D_EQMA_L3SGSMCHF3300300.h5 (120 bytes)
[DELETE] GW1AM2_20201004_01D_EQMA_L3SGSMCHF3300300.h5 (120 bytes)
[DELETE] GW1AM2_20200909_01D_EQMA_L3SGSMCHF3300300.h5 (120 bytes)
[DELETE] GW1AM2_20210221_01D_EQMD_L3SGSMCHF3300300.h5 (120 bytes)
[DELETE] GW1AM2_20210801_01D_EQMA_L3SGSMCHF3300300.h5 (120 bytes)
[DELETE] GW1AM2_20211103_01D_EQMD_L3SGSMCHF3300300.h5 (120 bytes)
[DELETE] GW1AM2_20210606_01D_EQMA_L3SGSMCHF3300300.h5 (120 bytes)
[DELETE] GW1AM2_20231111_01D_EQMA_L3SGSMCHF3300300.h5 (120 bytes)
[DELETE] GW1AM2_20200417_01D_EQMA_L3SGSMCHF3300300.h5 (120 bytes)
[DELETE] GW1AM2_20231106_01D_EQMA_L3SGSMCHF3300300.h5 (120 bytes)
[DELETE] GW1AM2_20240912_01D_EQMA_L3SGSMCHF3300300.h5 (120 bytes)
[DELETE] GW1AM2_20210613_01D_EQMA_L3SGSMCHF3300300.h5 (120 bytes)
[DELETE] GW1AM2_20240901_01D_EQMA_L3SGSMCHF3300300.h5 (120 bytes)
[DELETE] GW1AM2_20240315_01D_EQMA_L3SGSMCHF3300300.h5 (120 bytes)
[DELETE] GW1AM2_20240217_01D_EQMD_L3SGSMCHF3300300.h5 (120 bytes)
[DELETE] GW1AM2_20210622_01D_EQMD_L3SGSMCHF3300300.h5 (120 bytes)
[DELETE] GW1AM2_20240811_01D_EQMD_L3SGSMCHF3300300.h5 (120 bytes)
[DELETE] GW1AM2_20220904_01D_EQMA_L3SGSMCHF3300300.h5 (120 bytes)
[DELETE] GW1AM2_20200524_01D_EQMD_L3SGSMCHF3300300.h5 (120 bytes)
[DELETE] GW1AM2_20210619_01D_EQMD_L3SGSMCHF3300300.h5 (120 bytes)
[DELETE] GW1AM2_20240918_01D_EQMD_L3SGSMCHF3300300.h5 (120 bytes)
[DELETE] GW1AM2_20230619_01D_EQMD_L3SGSMCHF3300300.h5 (120 bytes)
[DELETE] GW1AM2_20220507_01D_EQMA_L3SGSMCHF3300300.h5 (120 bytes)
[DELETE] GW1AM2_20200306_01D_EQMD_L3SGSMCHF3300300.h5 (120 bytes)
[DELETE] GW1AM2_20240501_01D_EQMD_L3SGSMCHF3300300.h5 (120 bytes)
[DELETE] GW1AM2_20240822_01D_EQMD_L3SGSMCHF3300300.h5 (120 bytes)
[DELETE] GW1AM2_20241021_01D_EQMD_L3SGSMCHF3300300.h5 (120 bytes)
[DELETE] GW1AM2_20200515_01D_EQMD_L3SGSMCHF3300300.h5 (120 bytes)
[DELETE] GW1AM2_20220806_01D_EQMA_L3SGSMCHF3300300.h5 (120 bytes)
[DELETE] GW1AM2_20240403_01D_EQMA_L3SGSMCHF3300300.h5 (120 bytes)
[DELETE] GW1AM2_20230325_01D_EQMA_L3SGSMCHF3300300.h5 (120 bytes)
[DELETE] GW1AM2_20201216_01D_EQMA_L3SGSMCHF3300300.h5 (120 bytes)
[DELETE] GW1AM2_20201012_01D_EQMD_L3SGSMCHF3300300.h5 (120 bytes)
[DELETE] GW1AM2_20240621_01D_EQMD_L3SGSMCHF3300300.h5 (120 bytes)
[DELETE] GW1AM2_20210224_01D_EQMD_L3SGSMCHF3300300.h5 (120 bytes)
[DELETE] GW1AM2_20240324_01D_EQMD_L3SGSMCHF3300300.h5 (120 bytes)
[DELETE] GW1AM2_20210724_01D_EQMD_L3SGSMCHF3300300.h5 (120 bytes)
[DELETE] GW1AM2_20200824_01D_EQMA_L3SGSMCHF3300300.h5 (120 bytes)
[DELETE] GW1AM2_20200312_01D_EQMA_L3SGSMCHF3300300.h5 (120 bytes)
[DELETE] GW1AM2_20210602_01D_EQMD_L3SGSMCHF3300300.h5 (120 bytes)
[DELETE] GW1AM2_20201122_01D_EQMD_L3SGSMCHF3300300.h5 (120 bytes)
[DELETE] GW1AM2_20240507_01D_EQMD_L3SGSMCHF3300300.h5 (120 bytes)
[DELETE] GW1AM2_20220825_01D_EQMA_L3SGSMCHF3300300.h5 (120 bytes)
[DELETE] GW1AM2_20230517_01D_EQMA_L3SGSMCHF3300300.h5 (120 bytes)
[DELETE] GW1AM2_20230505_01D_EQMD_L3SGSMCHF3300300.h5 (120 bytes)
[DELETE] GW1AM2_20220920_01D_EQMA_L3SGSMCHF3300300.h5 (120 bytes)
[DELETE] GW1AM2_20230425_01D_EQMD_L3SGSMCHF3300300.h5 (120 bytes)
[DELETE] GW1AM2_20210620_01D_EQMA_L3SGSMCHF3300300.h5 (120 bytes)
[DELETE] GW1AM2_20230410_01D_EQMA_L3SGSMCHF3300300.h5 (120 bytes)
[DELETE] GW1AM2_20240907_01D_EQMD_L3SGSMCHF3300300.h5 (120 bytes)
[DELETE] GW1AM2_20240322_01D_EQMD_L3SGSMCHF3300300.h5 (120 bytes)
[DELETE] GW1AM2_20220707_01D_EQMD_L3SGSMCHF3300300.h5 (120 bytes)
[DELETE] GW1AM2_20210524_01D_EQMA_L3SGSMCHF3300300.h5 (120 bytes)
[DELETE] GW1AM2_20200813_01D_EQMD_L3SGSMCHF3300300.h5 (120 bytes)
[DELETE] GW1AM2_20210705_01D_EQMD_L3SGSMCHF3300300.h5 (120 bytes)
[DELETE] GW1AM2_20200804_01D_EQMA_L3SGSMCHF3300300.h5 (120 bytes)
[DELETE] GW1AM2_20210608_01D_EQMA_L3SGSMCHF3300300.h5 (120 bytes)
[DELETE] GW1AM2_20200819_01D_EQMA_L3SGSMCHF3300300.h5 (120 bytes)
[DELETE] GW1AM2_20201018_01D_EQMA_L3SGSMCHF3300300.h5 (120 bytes)
[DELETE] GW1AM2_20200318_01D_EQMD_L3SGSMCHF3300300.h5 (120 bytes)
[DELETE] GW1AM2_20220219_01D_EQMA_L3SGSMCHF3300300.h5 (120 bytes)
[DELETE] GW1AM2_20240915_01D_EQMA_L3SGSMCHF3300300.h5 (120 bytes)
[DELETE] GW1AM2_20231024_01D_EQMA_L3SGSMCHF3300300.h5 (120 bytes)
[DELETE] GW1AM2_20200510_01D_EQMD_L3SGSMCHF3300300.h5 (120 bytes)
[DELETE] GW1AM2_20240522_01D_EQMA_L3SGSMCHF3300300.h5 (120 bytes)
[DELETE] GW1AM2_20231107_01D_EQMA_L3SGSMCHF3300300.h5 (120 bytes)
[DELETE] GW1AM2_20230420_01D_EQMA_L3SGSMCHF3300300.h5 (120 bytes)
[DELETE] GW1AM2_20240525_01D_EQMD_L3SGSMCHF3300300.h5 (120 bytes)
[DELETE] GW1AM2_20240914_01D_EQMA_L3SGSMCHF3300300.h5 (120 bytes)
[DELETE] GW1AM2_20241013_01D_EQMD_L3SGSMCHF3300300.h5 (120 bytes)
[DELETE] GW1AM2_20240422_01D_EQMA_L3SGSMCHF3300300.h5 (120 bytes)
[DELETE] GW1AM2_20210609_01D_EQMA_L3SGSMCHF3300300.h5 (120 bytes)
[DELETE] GW1AM2_20220422_01D_EQMA_L3SGSMCHF3300300.h5 (120 bytes)
[DELETE] GW1AM2_20210603_01D_EQMD_L3SGSMCHF3300300.h5 (120 bytes)
[DELETE] GW1AM2_20230612_01D_EQMD_L3SGSMCHF3300300.h5 (120 bytes)
[DELETE] GW1AM2_20231007_01D_EQMD_L3SGSMCHF3300300.h5 (120 bytes)
[DELETE] GW1AM2_20230721_01D_EQMD_L3SGSMCHF3300300.h5 (120 bytes)
[DELETE] GW1AM2_20220710_01D_EQMD_L3SGSMCHF3300300.h5 (120 bytes)
[DELETE] GW1AM2_20200807_01D_EQMA_L3SGSMCHF3300300.h5 (120 bytes)
[DELETE] GW1AM2_20220506_01D_EQMA_L3SGSMCHF3300300.h5 (120 bytes)
[DELETE] GW1AM2_20231221_01D_EQMD_L3SGSMCHF3300300.h5 (120 bytes)
[DELETE] GW1AM2_20230303_01D_EQMD_L3SGSMCHF3300300.h5 (120 bytes)
[DELETE] GW1AM2_20230306_01D_EQMA_L3SGSMCHF3300300.h5 (120 bytes)
[DELETE] GW1AM2_20200506_01D_EQMA_L3SGSMCHF3300300.h5 (120 bytes)
[DELETE] GW1AM2_20220824_01D_EQMD_L3SGSMCHF3300300.h5 (120 bytes)
[DELETE] GW1AM2_20210720_01D_EQMA_L3SGSMCHF3300300.h5 (120 bytes)
[DELETE] GW1AM2_20210820_01D_EQMA_L3SGSMCHF3300300.h5 (120 bytes)
[DELETE] GW1AM2_20241113_01D_EQMA_L3SGSMCHF3300300.h5 (120 bytes)
[DELETE] GW1AM2_20200518_01D_EQMD_L3SGSMCHF3300300.h5 (120 bytes)
[DELETE] GW1AM2_20210617_01D_EQMD_L3SGSMCHF3300300.h5 (120 bytes)
[DELETE] GW1AM2_20240722_01D_EQMD_L3SGSMCHF3300300.h5 (120 bytes)
[DELETE] GW1AM2_20220520_01D_EQMD_L3SGSMCHF3300300.h5 (120 bytes)
[DELETE] GW1AM2_20201121_01D_EQMA_L3SGSMCHF3300300.h5 (120 bytes)
[DELETE] GW1AM2_20240905_01D_EQMA_L3SGSMCHF3300300.h5 (120 bytes)
[DELETE] GW1AM2_20220905_01D_EQMD_L3SGSMCHF3300300.h5 (120 bytes)
[DELETE] GW1AM2_20201204_01D_EQMA_L3SGSMCHF3300300.h5 (120 bytes)
[DELETE] GW1AM2_20201115_01D_EQMA_L3SGSMCHF3300300.h5 (120 bytes)
[DELETE] GW1AM2_20241119_01D_EQMD_L3SGSMCHF3300300.h5 (120 bytes)
[DELETE] GW1AM2_20200512_01D_EQMA_L3SGSMCHF3300300.h5 (120 bytes)
[DELETE] GW1AM2_20230309_01D_EQMA_L3SGSMCHF3300300.h5 (120 bytes)
[DELETE] GW1AM2_20240603_01D_EQMA_L3SGSMCHF3300300.h5 (120 bytes)
[DELETE] GW1AM2_20231023_01D_EQMA_L3SGSMCHF3300300.h5 (120 bytes)
[DELETE] GW1AM2_20241010_01D_EQMD_L3SGSMCHF3300300.h5 (120 bytes)
[DELETE] GW1AM2_20241222_01D_EQMD_L3SGSMCHF3300300.h5 (120 bytes)
[DELETE] GW1AM2_20201112_01D_EQMD_L3SGSMCHF3300300.h5 (120 bytes)
[DELETE] GW1AM2_20231203_01D_EQMD_L3SGSMCHF3300300.h5 (120 bytes)
[DELETE] GW1AM2_20201103_01D_EQMA_L3SGSMCHF3300300.h5 (120 bytes)
[DELETE] GW1AM2_20211110_01D_EQMD_L3SGSMCHF3300300.h5 (120 bytes)
[DELETE] GW1AM2_20231209_01D_EQMA_L3SGSMCHF3300300.h5 (120 bytes)
[DELETE] GW1AM2_20201109_01D_EQMD_L3SGSMCHF3300300.h5 (120 bytes)
[DELETE] GW1AM2_20221109_01D_EQMD_L3SGSMCHF3300300.h5 (120 bytes)
[DELETE] GW1AM2_20200919_01D_EQMA_L3SGSMCHF3300300.h5 (120 bytes)
[DELETE] GW1AM2_20221117_01D_EQMA_L3SGSMCHF3300300.h5 (120 bytes)
[DELETE] GW1AM2_20241008_01D_EQMD_L3SGSMCHF3300300.h5 (120 bytes)
[DELETE] GW1AM2_20210825_01D_EQMA_L3SGSMCHF3300300.h5 (120 bytes)
[DELETE] GW1AM2_20241002_01D_EQMA_L3SGSMCHF3300300.h5 (120 bytes)
[DELETE] GW1AM2_20210612_01D_EQMA_L3SGSMCHF3300300.h5 (120 bytes)
[DELETE] GW1AM2_20231013_01D_EQMD_L3SGSMCHF3300300.h5 (120 bytes)
[DELETE] GW1AM2_20210218_01D_EQMA_L3SGSMCHF3300300.h5 (120 bytes)
[DELETE] GW1AM2_20230525_01D_EQMA_L3SGSMCHF3300300.h5 (120 bytes)
[DELETE] GW1AM2_20211208_01D_EQMD_L3SGSMCHF3300300.h5 (120 bytes)
[DELETE] GW1AM2_20241225_01D_EQMA_L3SGSMCHF3300300.h5 (120 bytes)
[DELETE] GW1AM2_20231020_01D_EQMD_L3SGSMCHF3300300.h5 (120 bytes)
[DELETE] GW1AM2_20231001_01D_EQMD_L3SGSMCHF3300300.h5 (120 bytes)
[DELETE] GW1AM2_20240810_01D_EQMD_L3SGSMCHF3300300.h5 (120 bytes)
[DELETE] GW1AM2_20200315_01D_EQMD_L3SGSMCHF3300300.h5 (120 bytes)
[DELETE] GW1AM2_20210203_01D_EQMD_L3SGSMCHF3300300.h5 (120 bytes)
[DELETE] GW1AM2_20211202_01D_EQMA_L3SGSMCHF3300300.h5 (120 bytes)
[DELETE] GW1AM2_20210209_01D_EQMA_L3SGSMCHF3300300.h5 (120 bytes)
[DELETE] GW1AM2_20240818_01D_EQMA_L3SGSMCHF3300300.h5 (120 bytes)
[DELETE] GW1AM2_20241216_01D_EQMD_L3SGSMCHF3300300.h5 (120 bytes)
[DELETE] GW1AM2_20230905_01D_EQMA_L3SGSMCHF3300300.h5 (120 bytes)
[DELETE] GW1AM2_20230604_01D_EQMD_L3SGSMCHF3300300.h5 (120 bytes)
[DELETE] GW1AM2_20220916_01D_EQMD_L3SGSMCHF3300300.h5 (120 bytes)
[DELETE] GW1AM2_20210601_01D_EQMA_L3SGSMCHF3300300.h5 (120 bytes)
[DELETE] GW1AM2_20210701_01D_EQMD_L3SGSMCHF3300300.h5 (120 bytes)
[DELETE] GW1AM2_20241114_01D_EQMD_L3SGSMCHF3300300.h5 (120 bytes)
[DELETE] GW1AM2_20210716_01D_EQMA_L3SGSMCHF3300300.h5 (120 bytes)
[DELETE] GW1AM2_20220817_01D_EQMA_L3SGSMCHF3300300.h5 (120 bytes)
[DELETE] GW1AM2_20220905_01D_EQMA_L3SGSMCHF3300300.h5 (120 bytes)
[DELETE] GW1AM2_20210720_01D_EQMD_L3SGSMCHF3300300.h5 (120 bytes)
[DELETE] GW1AM2_20200602_01D_EQMA_L3SGSMCHF3300300.h5 (120 bytes)
[DELETE] GW1AM2_20220715_01D_EQMA_L3SGSMCHF3300300.h5 (120 bytes)
[DELETE] GW1AM2_20240820_01D_EQMA_L3SGSMCHF3300300.h5 (120 bytes)
[DELETE] GW1AM2_20221214_01D_EQMA_L3SGSMCHF3300300.h5 (120 bytes)
[DELETE] GW1AM2_20200217_01D_EQMD_L3SGSMCHF3300300.h5 (120 bytes)
[DELETE] GW1AM2_20200608_01D_EQMD_L3SGSMCHF3300300.h5 (120 bytes)
[DELETE] GW1AM2_20230608_01D_EQMA_L3SGSMCHF3300300.h5 (120 bytes)
[DELETE] GW1AM2_20230304_01D_EQMD_L3SGSMCHF3300300.h5 (120 bytes)
[DELETE] GW1AM2_20220423_01D_EQMD_L3SGSMCHF3300300.h5 (120 bytes)
[DELETE] GW1AM2_20220224_01D_EQMD_L3SGSMCHF3300300.h5 (120 bytes)
[DELETE] GW1AM2_20201103_01D_EQMD_L3SGSMCHF3300300.h5 (120 bytes)
[DELETE] GW1AM2_20200617_01D_EQMD_L3SGSMCHF3300300.h5 (120 bytes)
[DELETE] GW1AM2_20210816_01D_EQMA_L3SGSMCHF3300300.h5 (120 bytes)
[DELETE] GW1AM2_20221116_01D_EQMD_L3SGSMCHF3300300.h5 (120 bytes)
[DELETE] GW1AM2_20240521_01D_EQMD_L3SGSMCHF3300300.h5 (120 bytes)
[DELETE] GW1AM2_20200824_01D_EQMD_L3SGSMCHF3300300.h5 (120 bytes)
[DELETE] GW1AM2_20201109_01D_EQMA_L3SGSMCHF3300300.h5 (120 bytes)
[DELETE] GW1AM2_20221018_01D_EQMD_L3SGSMCHF3300300.h5 (120 bytes)
[DELETE] GW1AM2_20200616_01D_EQMD_L3SGSMCHF3300300.h5 (120 bytes)
[DELETE] GW1AM2_20200906_01D_EQMD_L3SGSMCHF3300300.h5 (120 bytes)
[DELETE] GW1AM2_20210611_01D_EQMA_L3SGSMCHF3300300.h5 (120 bytes)
[DELETE] GW1AM2_20230405_01D_EQMA_L3SGSMCHF3300300.h5 (120 bytes)
[DELETE] GW1AM2_20230513_01D_EQMD_L3SGSMCHF3300300.h5 (120 bytes)
[DELETE] GW1AM2_20220620_01D_EQMA_L3SGSMCHF3300300.h5 (120 bytes)
[DELETE] GW1AM2_20200814_01D_EQMA_L3SGSMCHF3300300.h5 (120 bytes)
[DELETE] GW1AM2_20200321_01D_EQMD_L3SGSMCHF3300300.h5 (120 bytes)
[DELETE] GW1AM2_20210820_01D_EQMD_L3SGSMCHF3300300.h5 (120 bytes)
[DELETE] GW1AM2_20211111_01D_EQMA_L3SGSMCHF3300300.h5 (120 bytes)
[DELETE] GW1AM2_20231103_01D_EQMA_L3SGSMCHF3300300.h5 (120 bytes)
[DELETE] GW1AM2_20210316_01D_EQMD_L3SGSMCHF3300300.h5 (120 bytes)
[DELETE] GW1AM2_20210615_01D_EQMD_L3SGSMCHF3300300.h5 (120 bytes)
[DELETE] GW1AM2_20241202_01D_EQMD_L3SGSMCHF3300300.h5 (120 bytes)
[DELETE] GW1AM2_20241120_01D_EQMA_L3SGSMCHF3300300.h5 (120 bytes)
[DELETE] GW1AM2_20211005_01D_EQMD_L3SGSMCHF3300300.h5 (120 bytes)
[DELETE] GW1AM2_20220922_01D_EQMD_L3SGSMCHF3300300.h5 (120 bytes)
[DELETE] GW1AM2_20211013_01D_EQMA_L3SGSMCHF3300300.h5 (120 bytes)
[DELETE] GW1AM2_20210423_01D_EQMA_L3SGSMCHF3300300.h5 (120 bytes)
[DELETE] GW1AM2_20210623_01D_EQMA_L3SGSMCHF3300300.h5 (120 bytes)
[DELETE] GW1AM2_20211216_01D_EQMD_L3SGSMCHF3300300.h5 (120 bytes)
[DELETE] GW1AM2_20200603_01D_EQMD_L3SGSMCHF3300300.h5 (120 bytes)
[DELETE] GW1AM2_20240218_01D_EQMA_L3SGSMCHF3300300.h5 (120 bytes)
[DELETE] GW1AM2_20221016_01D_EQMD_L3SGSMCHF3300300.h5 (120 bytes)
[DELETE] GW1AM2_20210524_01D_EQMD_L3SGSMCHF3300300.h5 (120 bytes)
[DELETE] GW1AM2_20230410_01D_EQMD_L3SGSMCHF3300300.h5 (120 bytes)
[DELETE] GW1AM2_20240212_01D_EQMD_L3SGSMCHF3300300.h5 (120 bytes)
[DELETE] GW1AM2_20211019_01D_EQMD_L3SGSMCHF3300300.h5 (120 bytes)
[DELETE] GW1AM2_20241208_01D_EQMA_L3SGSMCHF3300300.h5 (120 bytes)
[DELETE] GW1AM2_20200609_01D_EQMA_L3SGSMCHF3300300.h5 (120 bytes)
[DELETE] GW1AM2_20231109_01D_EQMD_L3SGSMCHF3300300.h5 (120 bytes)
[DELETE] GW1AM2_20201112_01D_EQMA_L3SGSMCHF3300300.h5 (120 bytes)
[DELETE] GW1AM2_20241110_01D_EQMD_L3SGSMCHF3300300.h5 (120 bytes)
[DELETE] GW1AM2_20200505_01D_EQMA_L3SGSMCHF3300300.h5 (120 bytes)
[DELETE] GW1AM2_20210825_01D_EQMD_L3SGSMCHF3300300.h5 (120 bytes)
[DELETE] GW1AM2_20230220_01D_EQMA_L3SGSMCHF3300300.h5 (120 bytes)
[DELETE] GW1AM2_20221013_01D_EQMA_L3SGSMCHF3300300.h5 (120 bytes)
[DELETE] GW1AM2_20220525_01D_EQMD_L3SGSMCHF3300300.h5 (120 bytes)
[DELETE] GW1AM2_20241224_01D_EQMD_L3SGSMCHF3300300.h5 (120 bytes)
[DELETE] GW1AM2_20200607_01D_EQMD_L3SGSMCHF3300300.h5 (120 bytes)
[DELETE] GW1AM2_20230514_01D_EQMD_L3SGSMCHF3300300.h5 (120 bytes)
[DELETE] GW1AM2_20240325_01D_EQMD_L3SGSMCHF3300300.h5 (120 bytes)
[DELETE] GW1AM2_20201214_01D_EQMD_L3SGSMCHF3300300.h5 (120 bytes)
[DELETE] GW1AM2_20220413_01D_EQMD_L3SGSMCHF3300300.h5 (120 bytes)
[DELETE] GW1AM2_20211207_01D_EQMA_L3SGSMCHF3300300.h5 (120 bytes)
[DELETE] GW1AM2_20241220_01D_EQMD_L3SGSMCHF3300300.h5 (120 bytes)
[DELETE] GW1AM2_20200415_01D_EQMA_L3SGSMCHF3300300.h5 (120 bytes)
[DELETE] GW1AM2_20200307_01D_EQMD_L3SGSMCHF3300300.h5 (120 bytes)
[DELETE] GW1AM2_20200318_01D_EQMA_L3SGSMCHF3300300.h5 (120 bytes)
[DELETE] GW1AM2_20220816_01D_EQMA_L3SGSMCHF3300300.h5 (120 bytes)
[DELETE] GW1AM2_20211206_01D_EQMA_L3SGSMCHF3300300.h5 (120 bytes)
[DELETE] GW1AM2_20220804_01D_EQMD_L3SGSMCHF3300300.h5 (120 bytes)
[DELETE] GW1AM2_20241130_01D_EQMD_L3SGSMCHF3300300.h5 (120 bytes)
[DELETE] GW1AM2_20230923_01D_EQMD_L3SGSMCHF3300300.h5 (120 bytes)
[DELETE] GW1AM2_20241025_01D_EQMD_L3SGSMCHF3300300.h5 (120 bytes)
[DELETE] GW1AM2_20231215_01D_EQMA_L3SGSMCHF3300300.h5 (120 bytes)
[DELETE] GW1AM2_20220223_01D_EQMA_L3SGSMCHF3300300.h5 (120 bytes)
[DELETE] GW1AM2_20220524_01D_EQMD_L3SGSMCHF3300300.h5 (120 bytes)
[DELETE] GW1AM2_20210225_01D_EQMA_L3SGSMCHF3300300.h5 (120 bytes)
[DELETE] GW1AM2_20211120_01D_EQMA_L3SGSMCHF3300300.h5 (120 bytes)
[DELETE] GW1AM2_20220419_01D_EQMA_L3SGSMCHF3300300.h5 (120 bytes)
[DELETE] GW1AM2_20200312_01D_EQMD_L3SGSMCHF3300300.h5 (120 bytes)
[DELETE] GW1AM2_20220908_01D_EQMD_L3SGSMCHF3300300.h5 (120 bytes)
[DELETE] GW1AM2_20230706_01D_EQMD_L3SGSMCHF3300300.h5 (120 bytes)
[DELETE] GW1AM2_20200708_01D_EQMD_L3SGSMCHF3300300.h5 (120 bytes)
[DELETE] GW1AM2_20230505_01D_EQMA_L3SGSMCHF3300300.h5 (120 bytes)
[DELETE] GW1AM2_20201017_01D_EQMA_L3SGSMCHF3300300.h5 (120 bytes)
[DELETE] GW1AM2_20230613_01D_EQMD_L3SGSMCHF3300300.h5 (120 bytes)
[DELETE] GW1AM2_20240611_01D_EQMA_L3SGSMCHF3300300.h5 (120 bytes)
[DELETE] GW1AM2_20201116_01D_EQMD_L3SGSMCHF3300300.h5 (120 bytes)
[DELETE] GW1AM2_20210605_01D_EQMA_L3SGSMCHF3300300.h5 (120 bytes)
[DELETE] GW1AM2_20240620_01D_EQMD_L3SGSMCHF3300300.h5 (120 bytes)
[DELETE] GW1AM2_20200702_01D_EQMA_L3SGSMCHF3300300.h5 (120 bytes)
[DELETE] GW1AM2_20230619_01D_EQMA_L3SGSMCHF3300300.h5 (120 bytes)
[DELETE] GW1AM2_20200513_01D_EQMD_L3SGSMCHF3300300.h5 (120 bytes)
[DELETE] GW1AM2_20231211_01D_EQMA_L3SGSMCHF3300300.h5 (120 bytes)
[DELETE] GW1AM2_20241017_01D_EQMD_L3SGSMCHF3300300.h5 (120 bytes)
[DELETE] GW1AM2_20220221_01D_EQMD_L3SGSMCHF3300300.h5 (120 bytes)
[DELETE] GW1AM2_20210509_01D_EQMA_L3SGSMCHF3300300.h5 (120 bytes)
[DELETE] GW1AM2_20230717_01D_EQMA_L3SGSMCHF3300300.h5 (120 bytes)
[DELETE] GW1AM2_20230419_01D_EQMD_L3SGSMCHF3300300.h5 (120 bytes)
[DELETE] GW1AM2_20220214_01D_EQMD_L3SGSMCHF3300300.h5 (120 bytes)
[DELETE] GW1AM2_20201016_01D_EQMA_L3SGSMCHF3300300.h5 (120 bytes)
[DELETE] GW1AM2_20220421_01D_EQMD_L3SGSMCHF3300300.h5 (120 bytes)
[DELETE] GW1AM2_20210723_01D_EQMD_L3SGSMCHF3300300.h5 (120 bytes)
[DELETE] GW1AM2_20230408_01D_EQMD_L3SGSMCHF3300300.h5 (120 bytes)
[DELETE] GW1AM2_20210210_01D_EQMA_L3SGSMCHF3300300.h5 (120 bytes)
[DELETE] GW1AM2_20201204_01D_EQMD_L3SGSMCHF3300300.h5 (120 bytes)
[DELETE] GW1AM2_20200313_01D_EQMA_L3SGSMCHF3300300.h5 (120 bytes)
[DELETE] GW1AM2_20220714_01D_EQMD_L3SGSMCHF3300300.h5 (1400557 bytes)
[DELETE] GW1AM2_20240910_01D_EQMA_L3SGSMCHF3300300.h5 (1297169 bytes)
[DELETE] GW1AM2_20210803_01D_EQMD_L3SGSMCHF3300300.h5 (1384276 bytes)
[DELETE] GW1AM2_20200409_01D_EQMA_L3SGSMCHF3300300.h5 (1025356 bytes)
[DELETE] GW1AM2_20210809_01D_EQMA_L3SGSMCHF3300300.h5 (120 bytes)
[DELETE] GW1AM2_20200403_01D_EQMD_L3SGSMCHF3300300.h5 (120 bytes)
[DELETE] GW1AM2_20210502_01D_EQMD_L3SGSMCHF3300300.h5 (1019611 bytes)
[DELETE] GW1AM2_20220520_01D_EQMA_L3SGSMCHF3300300.h5 (1237715 bytes)
[DELETE] GW1AM2_20230825_01D_EQMA_L3SGSMCHF3300300.h5 (1335118 bytes)
[DELETE] GW1AM2_20230710_01D_EQMD_L3SGSMCHF3300300.h5 (1399121 bytes)
[DELETE] GW1AM2_20231218_01D_EQMD_L3SGSMCHF3300300.h5 (824761 bytes)
[DELETE] GW1AM2_20200204_01D_EQMA_L3SGSMCHF3300300.h5 (120 bytes)
[DELETE] GW1AM2_20200507_01D_EQMD_L3SGSMCHF3300300.h5 (120 bytes)
[DELETE] GW1AM2_20200806_01D_EQMA_L3SGSMCHF3300300.h5 (120 bytes)
[DELETE] GW1AM2_20220411_01D_EQMD_L3SGSMCHF3300300.h5 (120 bytes)
[DELETE] GW1AM2_20211123_01D_EQMA_L3SGSMCHF3300300.h5 (120 bytes)
[DELETE] GW1AM2_20230324_01D_EQMA_L3SGSMCHF3300300.h5 (120 bytes)
[DELETE] GW1AM2_20210805_01D_EQMD_L3SGSMCHF3300300.h5 (120 bytes)
[DELETE] GW1AM2_20220506_01D_EQMD_L3SGSMCHF3300300.h5 (120 bytes)
[DELETE] GW1AM2_20221017_01D_EQMA_L3SGSMCHF3300300.h5 (120 bytes)
[DELETE] GW1AM2_20240617_01D_EQMA_L3SGSMCHF3300300.h5 (120 bytes)
[DELETE] GW1AM2_20240623_01D_EQMD_L3SGSMCHF3300300.h5 (120 bytes)
[DELETE] GW1AM2_20220822_01D_EQMA_L3SGSMCHF3300300.h5 (120 bytes)
[DELETE] GW1AM2_20220206_01D_EQMD_L3SGSMCHF3300300.h5 (120 bytes)
[DELETE] GW1AM2_20241202_01D_EQMA_L3SGSMCHF3300300.h5 (120 bytes)
[DELETE] GW1AM2_20241208_01D_EQMD_L3SGSMCHF3300300.h5 (120 bytes)
[DELETE] GW1AM2_20230219_01D_EQMD_L3SGSMCHF3300300.h5 (120 bytes)
[DELETE] GW1AM2_20240301_01D_EQMA_L3SGSMCHF3300300.h5 (120 bytes)
[DELETE] GW1AM2_20200516_01D_EQMA_L3SGSMCHF3300300.h5 (120 bytes)
[DELETE] GW1AM2_20231011_01D_EQMD_L3SGSMCHF3300300.h5 (120 bytes)
[DELETE] GW1AM2_20230206_01D_EQMD_L3SGSMCHF3300300.h5 (120 bytes)
[DELETE] GW1AM2_20230703_01D_EQMA_L3SGSMCHF3300300.h5 (120 bytes)
[DELETE] GW1AM2_20200925_01D_EQMD_L3SGSMCHF3300300.h5 (120 bytes)
[DELETE] GW1AM2_20201224_01D_EQMD_L3SGSMCHF3300300.h5 (120 bytes)
[DELETE] GW1AM2_20241111_01D_EQMD_L3SGSMCHF3300300.h5 (120 bytes)
[DELETE] GW1AM2_20210510_01D_EQMA_L3SGSMCHF3300300.h5 (120 bytes)
[DELETE] GW1AM2_20210922_01D_EQMD_L3SGSMCHF3300300.h5 (120 bytes)
[DELETE] GW1AM2_20220310_01D_EQMA_L3SGSMCHF3300300.h5 (120 bytes)
[DELETE] GW1AM2_20220216_01D_EQMD_L3SGSMCHF3300300.h5 (120 bytes)
[DELETE] GW1AM2_20240415_01D_EQMD_L3SGSMCHF3300300.h5 (120 bytes)
[DELETE] GW1AM2_20240921_01D_EQMD_L3SGSMCHF3300300.h5 (120 bytes)
[DELETE] GW1AM2_20241003_01D_EQMD_L3SGSMCHF3300300.h5 (120 bytes)
[DELETE] GW1AM2_20241009_01D_EQMA_L3SGSMCHF3300300.h5 (120 bytes)
[DELETE] GW1AM2_20230709_01D_EQMD_L3SGSMCHF3300300.h5 (120 bytes)
[DELETE] GW1AM2_20221002_01D_EQMA_L3SGSMCHF3300300.h5 (120 bytes)
[DELETE] GW1AM2_20230201_01D_EQMA_L3SGSMCHF3300300.h5 (120 bytes)
[DELETE] GW1AM2_20200509_01D_EQMD_L3SGSMCHF3300300.h5 (120 bytes)
[DELETE] GW1AM2_20200406_01D_EQMD_L3SGSMCHF3300300.h5 (120 bytes)
[DELETE] GW1AM2_20221122_01D_EQMD_L3SGSMCHF3300300.h5 (120 bytes)
[DELETE] GW1AM2_20200225_01D_EQMD_L3SGSMCHF3300300.h5 (120 bytes)
[DELETE] GW1AM2_20200304_01D_EQMD_L3SGSMCHF3300300.h5 (120 bytes)
[DELETE] GW1AM2_20241116_01D_EQMD_L3SGSMCHF3300300.h5 (120 bytes)
[DELETE] GW1AM2_20221125_01D_EQMA_L3SGSMCHF3300300.h5 (120 bytes)
[DELETE] GW1AM2_20220815_01D_EQMA_L3SGSMCHF3300300.h5 (120 bytes)
[DELETE] GW1AM2_20200503_01D_EQMA_L3SGSMCHF3300300.h5 (120 bytes)
[DELETE] GW1AM2_20231109_01D_EQMA_L3SGSMCHF3300300.h5 (120 bytes)
[DELETE] GW1AM2_20220316_01D_EQMD_L3SGSMCHF3300300.h5 (120 bytes)
[DELETE] GW1AM2_20231010_01D_EQMD_L3SGSMCHF3300300.h5 (120 bytes)
[DELETE] GW1AM2_20201223_01D_EQMA_L3SGSMCHF3300300.h5 (120 bytes)
[DELETE] GW1AM2_20200710_01D_EQMA_L3SGSMCHF3300300.h5 (120 bytes)
[DELETE] GW1AM2_20240615_01D_EQMD_L3SGSMCHF3300300.h5 (120 bytes)
[DELETE] GW1AM2_20200822_01D_EQMD_L3SGSMCHF3300300.h5 (120 bytes)
[DELETE] GW1AM2_20221221_01D_EQMA_L3SGSMCHF3300300.h5 (120 bytes)
[DELETE] GW1AM2_20220307_01D_EQMA_L3SGSMCHF3300300.h5 (120 bytes)
[DELETE] GW1AM2_20201120_01D_EQMA_L3SGSMCHF3300300.h5 (120 bytes)
[DELETE] GW1AM2_20211215_01D_EQMA_L3SGSMCHF3300300.h5 (120 bytes)
[DELETE] GW1AM2_20240206_01D_EQMA_L3SGSMCHF3300300.h5 (120 bytes)
[DELETE] GW1AM2_20210508_01D_EQMD_L3SGSMCHF3300300.h5 (120 bytes)
[DELETE] GW1AM2_20210225_01D_EQMD_L3SGSMCHF3300300.h5 (120 bytes)
[DELETE] GW1AM2_20210502_01D_EQMA_L3SGSMCHF3300300.h5 (120 bytes)
[DELETE] GW1AM2_20241122_01D_EQMA_L3SGSMCHF3300300.h5 (120 bytes)
[DELETE] GW1AM2_20200313_01D_EQMD_L3SGSMCHF3300300.h5 (120 bytes)
[DELETE] GW1AM2_20220323_01D_EQMA_L3SGSMCHF3300300.h5 (120 bytes)
[DELETE] GW1AM2_20240923_01D_EQMD_L3SGSMCHF3300300.h5 (120 bytes)
[DELETE] GW1AM2_20220325_01D_EQMD_L3SGSMCHF3300300.h5 (120 bytes)
[DELETE] GW1AM2_20230501_01D_EQMD_L3SGSMCHF3300300.h5 (120 bytes)
[DELETE] GW1AM2_20240610_01D_EQMA_L3SGSMCHF3300300.h5 (120 bytes)
[DELETE] GW1AM2_20221016_01D_EQMA_L3SGSMCHF3300300.h5 (120 bytes)
[DELETE] GW1AM2_20200704_01D_EQMD_L3SGSMCHF3300300.h5 (120 bytes)
[DELETE] GW1AM2_20220812_01D_EQMA_L3SGSMCHF3300300.h5 (120 bytes)
[DELETE] GW1AM2_20220818_01D_EQMD_L3SGSMCHF3300300.h5 (120 bytes)
[DELETE] GW1AM2_20210219_01D_EQMD_L3SGSMCHF3300300.h5 (120 bytes)
[DELETE] GW1AM2_20231207_01D_EQMD_L3SGSMCHF3300300.h5 (120 bytes)
[DELETE] GW1AM2_20200415_01D_EQMD_L3SGSMCHF3300300.h5 (120 bytes)
[DELETE] GW1AM2_20210421_01D_EQMA_L3SGSMCHF3300300.h5 (120 bytes)
[DELETE] GW1AM2_20231222_01D_EQMD_L3SGSMCHF3300300.h5 (120 bytes)
[DELETE] GW1AM2_20200907_01D_EQMD_L3SGSMCHF3300300.h5 (120 bytes)
[DELETE] GW1AM2_20230407_01D_EQMA_L3SGSMCHF3300300.h5 (120 bytes)
[DELETE] GW1AM2_20240709_01D_EQMA_L3SGSMCHF3300300.h5 (120 bytes)
[DELETE] GW1AM2_20200613_01D_EQMA_L3SGSMCHF3300300.h5 (120 bytes)
[DELETE] GW1AM2_20200917_01D_EQMD_L3SGSMCHF3300300.h5 (120 bytes)
[DELETE] GW1AM2_20221109_01D_EQMA_L3SGSMCHF3300300.h5 (120 bytes)
[DELETE] GW1AM2_20210401_01D_EQMD_L3SGSMCHF3300300.h5 (120 bytes)
[DELETE] GW1AM2_20210501_01D_EQMA_L3SGSMCHF3300300.h5 (120 bytes)
[DELETE] GW1AM2_20210708_01D_EQMD_L3SGSMCHF3300300.h5 (120 bytes)
[DELETE] GW1AM2_20210625_01D_EQMD_L3SGSMCHF3300300.h5 (120 bytes)
[DELETE] GW1AM2_20241205_01D_EQMA_L3SGSMCHF3300300.h5 (120 bytes)
[DELETE] GW1AM2_20230306_01D_EQMD_L3SGSMCHF3300300.h5 (120 bytes)
[DELETE] GW1AM2_20220610_01D_EQMA_L3SGSMCHF3300300.h5 (120 bytes)
[DELETE] GW1AM2_20240703_01D_EQMD_L3SGSMCHF3300300.h5 (120 bytes)
[DELETE] GW1AM2_20210702_01D_EQMA_L3SGSMCHF3300300.h5 (120 bytes)
[DELETE] GW1AM2_20221103_01D_EQMD_L3SGSMCHF3300300.h5 (120 bytes)
[DELETE] GW1AM2_20200619_01D_EQMD_L3SGSMCHF3300300.h5 (120 bytes)
[DELETE] GW1AM2_20240718_01D_EQMA_L3SGSMCHF3300300.h5 (120 bytes)
[DELETE] GW1AM2_20230310_01D_EQMA_L3SGSMCHF3300300.h5 (120 bytes)
[DELETE] GW1AM2_20220311_01D_EQMD_L3SGSMCHF3300300.h5 (120 bytes)
[DELETE] GW1AM2_20210423_01D_EQMD_L3SGSMCHF3300300.h5 (120 bytes)
[DELETE] GW1AM2_20211108_01D_EQMA_L3SGSMCHF3300300.h5 (120 bytes)
[DELETE] GW1AM2_20230824_01D_EQMD_L3SGSMCHF3300300.h5 (120 bytes)
[DELETE] GW1AM2_20201222_01D_EQMA_L3SGSMCHF3300300.h5 (120 bytes)
[DELETE] GW1AM2_20200706_01D_EQMD_L3SGSMCHF3300300.h5 (120 bytes)
[DELETE] GW1AM2_20220414_01D_EQMD_L3SGSMCHF3300300.h5 (120 bytes)
[DELETE] GW1AM2_20240308_01D_EQMD_L3SGSMCHF3300300.h5 (120 bytes)
[DELETE] GW1AM2_20230614_01D_EQMD_L3SGSMCHF3300300.h5 (120 bytes)
[DELETE] GW1AM2_20220522_01D_EQMD_L3SGSMCHF3300300.h5 (120 bytes)
[DELETE] GW1AM2_20211121_01D_EQMA_L3SGSMCHF3300300.h5 (120 bytes)
[DELETE] GW1AM2_20241105_01D_EQMA_L3SGSMCHF3300300.h5 (120 bytes)
[DELETE] GW1AM2_20220810_01D_EQMD_L3SGSMCHF3300300.h5 (120 bytes)
[DELETE] GW1AM2_20200707_01D_EQMD_L3SGSMCHF3300300.h5 (120 bytes)
[DELETE] GW1AM2_20201211_01D_EQMA_L3SGSMCHF3300300.h5 (120 bytes)
[DELETE] GW1AM2_20221104_01D_EQMD_L3SGSMCHF3300300.h5 (120 bytes)
[DELETE] GW1AM2_20201217_01D_EQMA_L3SGSMCHF3300300.h5 (120 bytes)
[DELETE] GW1AM2_20230205_01D_EQMA_L3SGSMCHF3300300.h5 (120 bytes)
[DELETE] GW1AM2_20221007_01D_EQMD_L3SGSMCHF3300300.h5 (120 bytes)
[DELETE] GW1AM2_20200922_01D_EQMD_L3SGSMCHF3300300.h5 (120 bytes)
[DELETE] GW1AM2_20230618_01D_EQMD_L3SGSMCHF3300300.h5 (120 bytes)
[DELETE] GW1AM2_20241109_01D_EQMD_L3SGSMCHF3300300.h5 (120 bytes)
[DELETE] GW1AM2_20220516_01D_EQMA_L3SGSMCHF3300300.h5 (120 bytes)
[DELETE] GW1AM2_20220510_01D_EQMA_L3SGSMCHF3300300.h5 (120 bytes)
[DELETE] GW1AM2_20201006_01D_EQMD_L3SGSMCHF3300300.h5 (120 bytes)
[DELETE] GW1AM2_20210516_01D_EQMD_L3SGSMCHF3300300.h5 (120 bytes)
[DELETE] GW1AM2_20201123_01D_EQMA_L3SGSMCHF3300300.h5 (120 bytes)
[DELETE] GW1AM2_20241219_01D_EQMD_L3SGSMCHF3300300.h5 (120 bytes)
[DELETE] GW1AM2_20220420_01D_EQMD_L3SGSMCHF3300300.h5 (120 bytes)
[DELETE] GW1AM2_20240302_01D_EQMA_L3SGSMCHF3300300.h5 (120 bytes)
[DELETE] GW1AM2_20230612_01D_EQMA_L3SGSMCHF3300300.h5 (120 bytes)
[DELETE] GW1AM2_20241213_01D_EQMA_L3SGSMCHF3300300.h5 (120 bytes)
[DELETE] GW1AM2_20241103_01D_EQMA_L3SGSMCHF3300300.h5 (120 bytes)
[DELETE] GW1AM2_20220303_01D_EQMA_L3SGSMCHF3300300.h5 (120 bytes)
[DELETE] GW1AM2_20220722_01D_EQMA_L3SGSMCHF3300300.h5 (120 bytes)
[DELETE] GW1AM2_20230524_01D_EQMD_L3SGSMCHF3300300.h5 (120 bytes)
[DELETE] GW1AM2_20210513_01D_EQMD_L3SGSMCHF3300300.h5 (120 bytes)
[DELETE] GW1AM2_20220201_01D_EQMA_L3SGSMCHF3300300.h5 (120 bytes)
[DELETE] GW1AM2_20220415_01D_EQMD_L3SGSMCHF3300300.h5 (120 bytes)
[DELETE] GW1AM2_20210422_01D_EQMA_L3SGSMCHF3300300.h5 (120 bytes)
[DELETE] GW1AM2_20230211_01D_EQMD_L3SGSMCHF3300300.h5 (120 bytes)
[DELETE] GW1AM2_20220711_01D_EQMA_L3SGSMCHF3300300.h5 (120 bytes)
[DELETE] GW1AM2_20240501_01D_EQMA_L3SGSMCHF3300300.h5 (120 bytes)
[DELETE] GW1AM2_20230710_01D_EQMA_L3SGSMCHF3300300.h5 (120 bytes)
[DELETE] GW1AM2_20211117_01D_EQMA_L3SGSMCHF3300300.h5 (120 bytes)
[DELETE] GW1AM2_20240719_01D_EQMD_L3SGSMCHF3300300.h5 (120 bytes)
[DELETE] GW1AM2_20240314_01D_EQMA_L3SGSMCHF3300300.h5 (120 bytes)
[DELETE] GW1AM2_20211022_01D_EQMA_L3SGSMCHF3300300.h5 (120 bytes)
[DELETE] GW1AM2_20211007_01D_EQMA_L3SGSMCHF3300300.h5 (120 bytes)
[DELETE] GW1AM2_20220605_01D_EQMD_L3SGSMCHF3300300.h5 (120 bytes)
[DELETE] GW1AM2_20230210_01D_EQMA_L3SGSMCHF3300300.h5 (120 bytes)
[DELETE] GW1AM2_20220611_01D_EQMA_L3SGSMCHF3300300.h5 (120 bytes)
[DELETE] GW1AM2_20230322_01D_EQMA_L3SGSMCHF3300300.h5 (120 bytes)
[DELETE] GW1AM2_20210706_01D_EQMA_L3SGSMCHF3300300.h5 (120 bytes)
[DELETE] GW1AM2_20221217_01D_EQMA_L3SGSMCHF3300300.h5 (120 bytes)
[DELETE] GW1AM2_20220201_01D_EQMD_L3SGSMCHF3300300.h5 (120 bytes)
[DELETE] GW1AM2_20240923_01D_EQMA_L3SGSMCHF3300300.h5 (120 bytes)
[DELETE] GW1AM2_20240713_01D_EQMA_L3SGSMCHF3300300.h5 (120 bytes)
[DELETE] GW1AM2_20210322_01D_EQMA_L3SGSMCHF3300300.h5 (120 bytes)
[DELETE] GW1AM2_20220510_01D_EQMD_L3SGSMCHF3300300.h5 (120 bytes)
[DELETE] GW1AM2_20241104_01D_EQMA_L3SGSMCHF3300300.h5 (120 bytes)
[DELETE] GW1AM2_20200423_01D_EQMA_L3SGSMCHF3300300.h5 (120 bytes)
[DELETE] GW1AM2_20210817_01D_EQMA_L3SGSMCHF3300300.h5 (120 bytes)
[DELETE] GW1AM2_20240401_01D_EQMA_L3SGSMCHF3300300.h5 (120 bytes)
[DELETE] GW1AM2_20240610_01D_EQMD_L3SGSMCHF3300300.h5 (120 bytes)
[DELETE] GW1AM2_20221124_01D_EQMD_L3SGSMCHF3300300.h5 (120 bytes)
[DELETE] GW1AM2_20230224_01D_EQMA_L3SGSMCHF3300300.h5 (120 bytes)
[DELETE] GW1AM2_20201111_01D_EQMD_L3SGSMCHF3300300.h5 (120 bytes)
[DELETE] GW1AM2_20200317_01D_EQMD_L3SGSMCHF3300300.h5 (120 bytes)
[DELETE] GW1AM2_20240906_01D_EQMA_L3SGSMCHF3300300.h5 (120 bytes)
[DELETE] GW1AM2_20240916_01D_EQMD_L3SGSMCHF3300300.h5 (120 bytes)
[DELETE] GW1AM2_20230424_01D_EQMD_L3SGSMCHF3300300.h5 (120 bytes)
[DELETE] GW1AM2_20241004_01D_EQMA_L3SGSMCHF3300300.h5 (120 bytes)
[DELETE] GW1AM2_20231219_01D_EQMD_L3SGSMCHF3300300.h5 (120 bytes)
[DELETE] GW1AM2_20241124_01D_EQMA_L3SGSMCHF3300300.h5 (120 bytes)
[DELETE] GW1AM2_20200620_01D_EQMD_L3SGSMCHF3300300.h5 (120 bytes)
[DELETE] GW1AM2_20240614_01D_EQMA_L3SGSMCHF3300300.h5 (120 bytes)
[DELETE] GW1AM2_20220716_01D_EQMA_L3SGSMCHF3300300.h5 (120 bytes)
[DELETE] GW1AM2_20201217_01D_EQMD_L3SGSMCHF3300300.h5 (120 bytes)
[DELETE] GW1AM2_20241006_01D_EQMD_L3SGSMCHF3300300.h5 (120 bytes)
[DELETE] GW1AM2_20210621_01D_EQMD_L3SGSMCHF3300300.h5 (120 bytes)
[DELETE] GW1AM2_20230625_01D_EQMA_L3SGSMCHF3300300.h5 (120 bytes)
[DELETE] GW1AM2_20230501_01D_EQMA_L3SGSMCHF3300300.h5 (120 bytes)
[DELETE] GW1AM2_20230620_01D_EQMA_L3SGSMCHF3300300.h5 (120 bytes)
[DELETE] GW1AM2_20201221_01D_EQMA_L3SGSMCHF3300300.h5 (120 bytes)
[DELETE] GW1AM2_20211019_01D_EQMA_L3SGSMCHF3300300.h5 (120 bytes)
[DELETE] GW1AM2_20210211_01D_EQMA_L3SGSMCHF3300300.h5 (120 bytes)
[DELETE] GW1AM2_20240516_01D_EQMA_L3SGSMCHF3300300.h5 (120 bytes)
[DELETE] GW1AM2_20211013_01D_EQMD_L3SGSMCHF3300300.h5 (120 bytes)
[DELETE] GW1AM2_20230718_01D_EQMA_L3SGSMCHF3300300.h5 (120 bytes)
[DELETE] GW1AM2_20230510_01D_EQMD_L3SGSMCHF3300300.h5 (120 bytes)
[DELETE] GW1AM2_20240505_01D_EQMA_L3SGSMCHF3300300.h5 (120 bytes)
[DELETE] GW1AM2_20230922_01D_EQMD_L3SGSMCHF3300300.h5 (120 bytes)
[DELETE] GW1AM2_20201110_01D_EQMD_L3SGSMCHF3300300.h5 (120 bytes)
[DELETE] GW1AM2_20211011_01D_EQMD_L3SGSMCHF3300300.h5 (120 bytes)
[DELETE] GW1AM2_20210725_01D_EQMD_L3SGSMCHF3300300.h5 (120 bytes)
[DELETE] GW1AM2_20220523_01D_EQMD_L3SGSMCHF3300300.h5 (120 bytes)
[DELETE] GW1AM2_20230819_01D_EQMA_L3SGSMCHF3300300.h5 (120 bytes)
[DELETE] GW1AM2_20200716_01D_EQMA_L3SGSMCHF3300300.h5 (120 bytes)
[DELETE] GW1AM2_20220408_01D_EQMA_L3SGSMCHF3300300.h5 (120 bytes)
[DELETE] GW1AM2_20220401_01D_EQMA_L3SGSMCHF3300300.h5 (120 bytes)
[DELETE] GW1AM2_20200211_01D_EQMA_L3SGSMCHF3300300.h5 (120 bytes)
[DELETE] GW1AM2_20200714_01D_EQMD_L3SGSMCHF3300300.h5 (120 bytes)
[DELETE] GW1AM2_20200920_01D_EQMA_L3SGSMCHF3300300.h5 (120 bytes)
[DELETE] GW1AM2_20231206_01D_EQMA_L3SGSMCHF3300300.h5 (120 bytes)
[DELETE] GW1AM2_20200704_01D_EQMA_L3SGSMCHF3300300.h5 (120 bytes)
[DELETE] GW1AM2_20230702_01D_EQMA_L3SGSMCHF3300300.h5 (120 bytes)
[DELETE] GW1AM2_20240801_01D_EQMD_L3SGSMCHF3300300.h5 (120 bytes)
[DELETE] GW1AM2_20220402_01D_EQMD_L3SGSMCHF3300300.h5 (120 bytes)
[DELETE] GW1AM2_20210916_01D_EQMD_L3SGSMCHF3300300.h5 (120 bytes)
[DELETE] GW1AM2_20210823_01D_EQMD_L3SGSMCHF3300300.h5 (120 bytes)
[DELETE] GW1AM2_20230813_01D_EQMD_L3SGSMCHF3300300.h5 (120 bytes)
[DELETE] GW1AM2_20230708_01D_EQMD_L3SGSMCHF3300300.h5 (120 bytes)
[DELETE] GW1AM2_20230912_01D_EQMD_L3SGSMCHF3300300.h5 (120 bytes)
[DELETE] GW1AM2_20200915_01D_EQMD_L3SGSMCHF3300300.h5 (120 bytes)
[DELETE] GW1AM2_20230515_01D_EQMD_L3SGSMCHF3300300.h5 (120 bytes)
[DELETE] GW1AM2_20220705_01D_EQMA_L3SGSMCHF3300300.h5 (120 bytes)
[DELETE] GW1AM2_20210311_01D_EQMA_L3SGSMCHF3300300.h5 (120 bytes)
[DELETE] GW1AM2_20221116_01D_EQMA_L3SGSMCHF3300300.h5 (120 bytes)
[DELETE] GW1AM2_20241002_01D_EQMD_L3SGSMCHF3300300.h5 (120 bytes)
[DELETE] GW1AM2_20210404_01D_EQMA_L3SGSMCHF3300300.h5 (120 bytes)
[DELETE] GW1AM2_20200221_01D_EQMA_L3SGSMCHF3300300.h5 (120 bytes)
[DELETE] GW1AM2_20241008_01D_EQMA_L3SGSMCHF3300300.h5 (120 bytes)
[DELETE] GW1AM2_20200713_01D_EQMD_L3SGSMCHF3300300.h5 (120 bytes)
[DELETE] GW1AM2_20200703_01D_EQMA_L3SGSMCHF3300300.h5 (120 bytes)
[DELETE] GW1AM2_20231123_01D_EQMA_L3SGSMCHF3300300.h5 (120 bytes)
[DELETE] GW1AM2_20200912_01D_EQMA_L3SGSMCHF3300300.h5 (120 bytes)
[DELETE] GW1AM2_20201004_01D_EQMD_L3SGSMCHF3300300.h5 (120 bytes)
[DELETE] GW1AM2_20200316_01D_EQMA_L3SGSMCHF3300300.h5 (120 bytes)
[DELETE] GW1AM2_20221210_01D_EQMD_L3SGSMCHF3300300.h5 (120 bytes)
[DELETE] GW1AM2_20220212_01D_EQMD_L3SGSMCHF3300300.h5 (120 bytes)
[DELETE] GW1AM2_20211124_01D_EQMA_L3SGSMCHF3300300.h5 (120 bytes)
[DELETE] GW1AM2_20220925_01D_EQMA_L3SGSMCHF3300300.h5 (120 bytes)
[DELETE] GW1AM2_20240524_01D_EQMD_L3SGSMCHF3300300.h5 (120 bytes)
[DELETE] GW1AM2_20201014_01D_EQMA_L3SGSMCHF3300300.h5 (120 bytes)
[DELETE] GW1AM2_20231007_01D_EQMA_L3SGSMCHF3300300.h5 (120 bytes)
[DELETE] GW1AM2_20210721_01D_EQMD_L3SGSMCHF3300300.h5 (120 bytes)
[DELETE] GW1AM2_20200511_01D_EQMA_L3SGSMCHF3300300.h5 (120 bytes)
[DELETE] GW1AM2_20211225_01D_EQMD_L3SGSMCHF3300300.h5 (120 bytes)
[DELETE] GW1AM2_20220811_01D_EQMD_L3SGSMCHF3300300.h5 (120 bytes)
[DELETE] GW1AM2_20231216_01D_EQMA_L3SGSMCHF3300300.h5 (120 bytes)
[DELETE] GW1AM2_20220306_01D_EQMD_L3SGSMCHF3300300.h5 (120 bytes)
[DELETE] GW1AM2_20220218_01D_EQMA_L3SGSMCHF3300300.h5 (120 bytes)
[DELETE] GW1AM2_20220809_01D_EQMD_L3SGSMCHF3300300.h5 (120 bytes)
[DELETE] GW1AM2_20200809_01D_EQMA_L3SGSMCHF3300300.h5 (120 bytes)
[DELETE] GW1AM2_20201107_01D_EQMD_L3SGSMCHF3300300.h5 (120 bytes)
[DELETE] GW1AM2_20220417_01D_EQMD_L3SGSMCHF3300300.h5 (120 bytes)
[DELETE] GW1AM2_20220424_01D_EQMA_L3SGSMCHF3300300.h5 (120 bytes)
[DELETE] GW1AM2_20240914_01D_EQMD_L3SGSMCHF3300300.h5 (120 bytes)
[DELETE] GW1AM2_20221224_01D_EQMD_L3SGSMCHF3300300.h5 (120 bytes)
[DELETE] GW1AM2_20200605_01D_EQMA_L3SGSMCHF3300300.h5 (120 bytes)
[DELETE] GW1AM2_20220612_01D_EQMA_L3SGSMCHF3300300.h5 (120 bytes)
[DELETE] GW1AM2_20200803_01D_EQMD_L3SGSMCHF3300300.h5 (120 bytes)
[DELETE] GW1AM2_20210804_01D_EQMA_L3SGSMCHF3300300.h5 (120 bytes)
[DELETE] GW1AM2_20200214_01D_EQMA_L3SGSMCHF3300300.h5 (120 bytes)
[DELETE] GW1AM2_20220618_01D_EQMD_L3SGSMCHF3300300.h5 (120 bytes)
[DELETE] GW1AM2_20201019_01D_EQMD_L3SGSMCHF3300300.h5 (120 bytes)
[DELETE] GW1AM2_20221121_01D_EQMD_L3SGSMCHF3300300.h5 (120 bytes)
[DELETE] GW1AM2_20210511_01D_EQMD_L3SGSMCHF3300300.h5 (120 bytes)
[DELETE] GW1AM2_20211101_01D_EQMA_L3SGSMCHF3300300.h5 (120 bytes)
[DELETE] GW1AM2_20220215_01D_EQMD_L3SGSMCHF3300300.h5 (120 bytes)
[DELETE] GW1AM2_20220825_01D_EQMD_L3SGSMCHF3300300.h5 (120 bytes)
[DELETE] GW1AM2_20210616_01D_EQMA_L3SGSMCHF3300300.h5 (120 bytes)
[DELETE] GW1AM2_20241025_01D_EQMA_L3SGSMCHF3300300.h5 (120 bytes)
[DELETE] GW1AM2_20240524_01D_EQMA_L3SGSMCHF3300300.h5 (120 bytes)
[DELETE] GW1AM2_20240514_01D_EQMA_L3SGSMCHF3300300.h5 (120 bytes)
[DELETE] GW1AM2_20220910_01D_EQMD_L3SGSMCHF3300300.h5 (120 bytes)
[DELETE] GW1AM2_20230416_01D_EQMA_L3SGSMCHF3300300.h5 (120 bytes)
[DELETE] GW1AM2_20240224_01D_EQMA_L3SGSMCHF3300300.h5 (120 bytes)
[DELETE] GW1AM2_20230509_01D_EQMA_L3SGSMCHF3300300.h5 (120 bytes)
[DELETE] GW1AM2_20210724_01D_EQMA_L3SGSMCHF3300300.h5 (120 bytes)
[DELETE] GW1AM2_20231205_01D_EQMA_L3SGSMCHF3300300.h5 (120 bytes)
[DELETE] GW1AM2_20240517_01D_EQMD_L3SGSMCHF3300300.h5 (120 bytes)
[DELETE] GW1AM2_20221123_01D_EQMA_L3SGSMCHF3300300.h5 (120 bytes)
[DELETE] GW1AM2_20200701_01D_EQMD_L3SGSMCHF3300300.h5 (120 bytes)
[DELETE] GW1AM2_20230720_01D_EQMD_L3SGSMCHF3300300.h5 (120 bytes)
[DELETE] GW1AM2_20220216_01D_EQMA_L3SGSMCHF3300300.h5 (120 bytes)
[DELETE] GW1AM2_20220319_01D_EQMD_L3SGSMCHF3300300.h5 (120 bytes)
[DELETE] GW1AM2_20201117_01D_EQMA_L3SGSMCHF3300300.h5 (120 bytes)
[DELETE] GW1AM2_20210207_01D_EQMD_L3SGSMCHF3300300.h5 (120 bytes)
[DELETE] GW1AM2_20231020_01D_EQMA_L3SGSMCHF3300300.h5 (120 bytes)
[DELETE] GW1AM2_20241107_01D_EQMD_L3SGSMCHF3300300.h5 (120 bytes)
[DELETE] GW1AM2_20240814_01D_EQMA_L3SGSMCHF3300300.h5 (120 bytes)
[DELETE] GW1AM2_20230511_01D_EQMA_L3SGSMCHF3300300.h5 (120 bytes)
[DELETE] GW1AM2_20240221_01D_EQMA_L3SGSMCHF3300300.h5 (120 bytes)
[DELETE] GW1AM2_20231023_01D_EQMD_L3SGSMCHF3300300.h5 (120 bytes)
[DELETE] GW1AM2_20230716_01D_EQMA_L3SGSMCHF3300300.h5 (120 bytes)
[DELETE] GW1AM2_20231123_01D_EQMD_L3SGSMCHF3300300.h5 (120 bytes)
[DELETE] GW1AM2_20221123_01D_EQMD_L3SGSMCHF3300300.h5 (120 bytes)
[DELETE] GW1AM2_20240420_01D_EQMA_L3SGSMCHF3300300.h5 (120 bytes)
[DELETE] GW1AM2_20210321_01D_EQMD_L3SGSMCHF3300300.h5 (120 bytes)
[DELETE] GW1AM2_20220314_01D_EQMD_L3SGSMCHF3300300.h5 (120 bytes)
[DELETE] GW1AM2_20220701_01D_EQMD_L3SGSMCHF3300300.h5 (120 bytes)
[DELETE] GW1AM2_20230316_01D_EQMA_L3SGSMCHF3300300.h5 (120 bytes)
[DELETE] GW1AM2_20231224_01D_EQMA_L3SGSMCHF3300300.h5 (120 bytes)
[DELETE] GW1AM2_20200204_01D_EQMD_L3SGSMCHF3300300.h5 (120 bytes)
[DELETE] GW1AM2_20221104_01D_EQMA_L3SGSMCHF3300300.h5 (120 bytes)
[DELETE] GW1AM2_20230502_01D_EQMA_L3SGSMCHF3300300.h5 (120 bytes)
[DELETE] GW1AM2_20220313_01D_EQMA_L3SGSMCHF3300300.h5 (120 bytes)
[DELETE] GW1AM2_20230508_01D_EQMD_L3SGSMCHF3300300.h5 (120 bytes)
[DELETE] GW1AM2_20230802_01D_EQMA_L3SGSMCHF3300300.h5 (120 bytes)
[DELETE] GW1AM2_20210505_01D_EQMD_L3SGSMCHF3300300.h5 (120 bytes)
[DELETE] GW1AM2_20200508_01D_EQMA_L3SGSMCHF3300300.h5 (120 bytes)
[DELETE] GW1AM2_20241214_01D_EQMA_L3SGSMCHF3300300.h5 (120 bytes)
[DELETE] GW1AM2_20230317_01D_EQMA_L3SGSMCHF3300300.h5 (120 bytes)
[DELETE] GW1AM2_20210925_01D_EQMD_L3SGSMCHF3300300.h5 (120 bytes)
[DELETE] GW1AM2_20220904_01D_EQMD_L3SGSMCHF3300300.h5 (120 bytes)
[DELETE] GW1AM2_20240724_01D_EQMD_L3SGSMCHF3300300.h5 (120 bytes)
[DELETE] GW1AM2_20231013_01D_EQMA_L3SGSMCHF3300300.h5 (120 bytes)
[DELETE] GW1AM2_20240615_01D_EQMA_L3SGSMCHF3300300.h5 (120 bytes)
[DELETE] GW1AM2_20200517_01D_EQMD_L3SGSMCHF3300300.h5 (120 bytes)
[DELETE] GW1AM2_20231019_01D_EQMD_L3SGSMCHF3300300.h5 (120 bytes)
[DELETE] GW1AM2_20210202_01D_EQMD_L3SGSMCHF3300300.h5 (120 bytes)
[DELETE] GW1AM2_20220606_01D_EQMD_L3SGSMCHF3300300.h5 (120 bytes)
[DELETE] GW1AM2_20220502_01D_EQMA_L3SGSMCHF3300300.h5 (120 bytes)
[DELETE] GW1AM2_20230425_01D_EQMA_L3SGSMCHF3300300.h5 (120 bytes)
[DELETE] GW1AM2_20200214_01D_EQMD_L3SGSMCHF3300300.h5 (120 bytes)
[DELETE] GW1AM2_20221105_01D_EQMA_L3SGSMCHF3300300.h5 (120 bytes)
[DELETE] GW1AM2_20200521_01D_EQMA_L3SGSMCHF3300300.h5 (120 bytes)
[DELETE] GW1AM2_20230714_01D_EQMD_L3SGSMCHF3300300.h5 (120 bytes)
[DELETE] GW1AM2_20220508_01D_EQMD_L3SGSMCHF3300300.h5 (120 bytes)
[DELETE] GW1AM2_20200612_01D_EQMD_L3SGSMCHF3300300.h5 (120 bytes)
[DELETE] GW1AM2_20240621_01D_EQMA_L3SGSMCHF3300300.h5 (120 bytes)
[DELETE] GW1AM2_20241105_01D_EQMD_L3SGSMCHF3300300.h5 (120 bytes)
[DELETE] GW1AM2_20240320_01D_EQMA_L3SGSMCHF3300300.h5 (120 bytes)
[DELETE] GW1AM2_20200802_01D_EQMA_L3SGSMCHF3300300.h5 (120 bytes)
[DELETE] GW1AM2_20200407_01D_EQMD_L3SGSMCHF3300300.h5 (120 bytes)
[DELETE] GW1AM2_20200606_01D_EQMA_L3SGSMCHF3300300.h5 (120 bytes)
[DELETE] GW1AM2_20211116_01D_EQMD_L3SGSMCHF3300300.h5 (120 bytes)
[DELETE] GW1AM2_20240720_01D_EQMD_L3SGSMCHF3300300.h5 (120 bytes)
[DELETE] GW1AM2_20231022_01D_EQMD_L3SGSMCHF3300300.h5 (120 bytes)
[DELETE] GW1AM2_20201114_01D_EQMD_L3SGSMCHF3300300.h5 (120 bytes)
[DELETE] GW1AM2_20231024_01D_EQMD_L3SGSMCHF3300300.h5 (120 bytes)
[DELETE] GW1AM2_20240213_01D_EQMD_L3SGSMCHF3300300.h5 (120 bytes)
[DELETE] GW1AM2_20240219_01D_EQMA_L3SGSMCHF3300300.h5 (120 bytes)
[DELETE] GW1AM2_20230603_01D_EQMA_L3SGSMCHF3300300.h5 (120 bytes)
[DELETE] GW1AM2_20200701_01D_EQMA_L3SGSMCHF3300300.h5 (120 bytes)
[DELETE] GW1AM2_20240421_01D_EQMA_L3SGSMCHF3300300.h5 (120 bytes)
[DELETE] GW1AM2_20241015_01D_EQMD_L3SGSMCHF3300300.h5 (120 bytes)
[DELETE] GW1AM2_20210514_01D_EQMA_L3SGSMCHF3300300.h5 (120 bytes)
[DELETE] GW1AM2_20230910_01D_EQMD_L3SGSMCHF3300300.h5 (120 bytes)
[DELETE] GW1AM2_20230215_01D_EQMD_L3SGSMCHF3300300.h5 (120 bytes)
[DELETE] GW1AM2_20220404_01D_EQMA_L3SGSMCHF3300300.h5 (120 bytes)
[DELETE] GW1AM2_20200320_01D_EQMA_L3SGSMCHF3300300.h5 (120 bytes)
[DELETE] GW1AM2_20230820_01D_EQMA_L3SGSMCHF3300300.h5 (120 bytes)
[DELETE] GW1AM2_20210421_01D_EQMD_L3SGSMCHF3300300.h5 (120 bytes)
[DELETE] GW1AM2_20200509_01D_EQMA_L3SGSMCHF3300300.h5 (120 bytes)
[DELETE] GW1AM2_20240711_01D_EQMA_L3SGSMCHF3300300.h5 (120 bytes)
[DELETE] GW1AM2_20240918_01D_EQMA_L3SGSMCHF3300300.h5 (120 bytes)
[DELETE] GW1AM2_20220924_01D_EQMD_L3SGSMCHF3300300.h5 (120 bytes)
[DELETE] GW1AM2_20221117_01D_EQMD_L3SGSMCHF3300300.h5 (120 bytes)
[DELETE] GW1AM2_20230902_01D_EQMD_L3SGSMCHF3300300.h5 (120 bytes)
[DELETE] GW1AM2_20240912_01D_EQMD_L3SGSMCHF3300300.h5 (120 bytes)
[DELETE] GW1AM2_20230908_01D_EQMA_L3SGSMCHF3300300.h5 (120 bytes)
[DELETE] GW1AM2_20200503_01D_EQMD_L3SGSMCHF3300300.h5 (120 bytes)
[DELETE] GW1AM2_20240608_01D_EQMD_L3SGSMCHF3300300.h5 (120 bytes)
[DELETE] GW1AM2_20220516_01D_EQMD_L3SGSMCHF3300300.h5 (120 bytes)
[DELETE] GW1AM2_20210816_01D_EQMD_L3SGSMCHF3300300.h5 (120 bytes)
[DELETE] GW1AM2_20200811_01D_EQMD_L3SGSMCHF3300300.h5 (120 bytes)
[DELETE] GW1AM2_20220921_01D_EQMD_L3SGSMCHF3300300.h5 (120 bytes)
[DELETE] GW1AM2_20240205_01D_EQMD_L3SGSMCHF3300300.h5 (120 bytes)
[DELETE] GW1AM2_20220907_01D_EQMD_L3SGSMCHF3300300.h5 (120 bytes)
[DELETE] GW1AM2_20241112_01D_EQMD_L3SGSMCHF3300300.h5 (120 bytes)
[DELETE] GW1AM2_20230916_01D_EQMD_L3SGSMCHF3300300.h5 (120 bytes)
[DELETE] GW1AM2_20211017_01D_EQMD_L3SGSMCHF3300300.h5 (120 bytes)
[DELETE] GW1AM2_20230708_01D_EQMA_L3SGSMCHF3300300.h5 (120 bytes)
[DELETE] GW1AM2_20200910_01D_EQMD_L3SGSMCHF3300300.h5 (120 bytes)
[DELETE] GW1AM2_20230312_01D_EQMD_L3SGSMCHF3300300.h5 (120 bytes)
[DELETE] GW1AM2_20241016_01D_EQMA_L3SGSMCHF3300300.h5 (120 bytes)
[DELETE] GW1AM2_20230616_01D_EQMD_L3SGSMCHF3300300.h5 (120 bytes)
[DELETE] GW1AM2_20230417_01D_EQMA_L3SGSMCHF3300300.h5 (120 bytes)
[DELETE] GW1AM2_20200310_01D_EQMA_L3SGSMCHF3300300.h5 (120 bytes)
[DELETE] GW1AM2_20220624_01D_EQMD_L3SGSMCHF3300300.h5 (120 bytes)
[DELETE] GW1AM2_20210714_01D_EQMA_L3SGSMCHF3300300.h5 (120 bytes)
[DELETE] GW1AM2_20230421_01D_EQMD_L3SGSMCHF3300300.h5 (120 bytes)
[DELETE] GW1AM2_20241011_01D_EQMD_L3SGSMCHF3300300.h5 (120 bytes)
[DELETE] GW1AM2_20200825_01D_EQMA_L3SGSMCHF3300300.h5 (120 bytes)
[DELETE] GW1AM2_20230702_01D_EQMD_L3SGSMCHF3300300.h5 (120 bytes)
[DELETE] GW1AM2_20230318_01D_EQMA_L3SGSMCHF3300300.h5 (120 bytes)
[DELETE] GW1AM2_20241118_01D_EQMA_L3SGSMCHF3300300.h5 (120 bytes)
[DELETE] GW1AM2_20221213_01D_EQMA_L3SGSMCHF3300300.h5 (120 bytes)
[DELETE] GW1AM2_20220614_01D_EQMA_L3SGSMCHF3300300.h5 (120 bytes)
[DELETE] GW1AM2_20221205_01D_EQMA_L3SGSMCHF3300300.h5 (120 bytes)
[DELETE] GW1AM2_20211016_01D_EQMA_L3SGSMCHF3300300.h5 (120 bytes)
[DELETE] GW1AM2_20211219_01D_EQMA_L3SGSMCHF3300300.h5 (120 bytes)
[DELETE] GW1AM2_20240225_01D_EQMD_L3SGSMCHF3300300.h5 (120 bytes)
[DELETE] GW1AM2_20230412_01D_EQMA_L3SGSMCHF3300300.h5 (120 bytes)
[DELETE] GW1AM2_20210205_01D_EQMA_L3SGSMCHF3300300.h5 (120 bytes)
[DELETE] GW1AM2_20210617_01D_EQMA_L3SGSMCHF3300300.h5 (120 bytes)
[DELETE] GW1AM2_20201101_01D_EQMD_L3SGSMCHF3300300.h5 (120 bytes)
[DELETE] GW1AM2_20210610_01D_EQMD_L3SGSMCHF3300300.h5 (120 bytes)
[DELETE] GW1AM2_20201225_01D_EQMD_L3SGSMCHF3300300.h5 (120 bytes)
[DELETE] GW1AM2_20201007_01D_EQMA_L3SGSMCHF3300300.h5 (120 bytes)
[DELETE] GW1AM2_20240904_01D_EQMA_L3SGSMCHF3300300.h5 (120 bytes)
[DELETE] GW1AM2_20240902_01D_EQMD_L3SGSMCHF3300300.h5 (120 bytes)
[DELETE] GW1AM2_20221222_01D_EQMD_L3SGSMCHF3300300.h5 (120 bytes)
[DELETE] GW1AM2_20240523_01D_EQMD_L3SGSMCHF3300300.h5 (120 bytes)
[DELETE] GW1AM2_20241207_01D_EQMD_L3SGSMCHF3300300.h5 (120 bytes)
[DELETE] GW1AM2_20231115_01D_EQMA_L3SGSMCHF3300300.h5 (120 bytes)
[DELETE] GW1AM2_20230601_01D_EQMA_L3SGSMCHF3300300.h5 (120 bytes)
[DELETE] GW1AM2_20220524_01D_EQMA_L3SGSMCHF3300300.h5 (120 bytes)
[DELETE] GW1AM2_20240605_01D_EQMA_L3SGSMCHF3300300.h5 (120 bytes)
[DELETE] GW1AM2_20220314_01D_EQMA_L3SGSMCHF3300300.h5 (120 bytes)
[DELETE] GW1AM2_20231121_01D_EQMA_L3SGSMCHF3300300.h5 (120 bytes)
[DELETE] GW1AM2_20230607_01D_EQMA_L3SGSMCHF3300300.h5 (120 bytes)
[DELETE] GW1AM2_20240414_01D_EQMA_L3SGSMCHF3300300.h5 (120 bytes)
[DELETE] GW1AM2_20240717_01D_EQMD_L3SGSMCHF3300300.h5 (120 bytes)
[DELETE] GW1AM2_20240424_01D_EQMA_L3SGSMCHF3300300.h5 (120 bytes)
[DELETE] GW1AM2_20210307_01D_EQMD_L3SGSMCHF3300300.h5 (120 bytes)
[DELETE] GW1AM2_20230804_01D_EQMD_L3SGSMCHF3300300.h5 (120 bytes)
[DELETE] GW1AM2_20230417_01D_EQMD_L3SGSMCHF3300300.h5 (120 bytes)
[DELETE] GW1AM2_20241220_01D_EQMA_L3SGSMCHF3300300.h5 (120 bytes)
[DELETE] GW1AM2_20200810_01D_EQMD_L3SGSMCHF3300300.h5 (120 bytes)
[DELETE] GW1AM2_20221121_01D_EQMA_L3SGSMCHF3300300.h5 (120 bytes)
[DELETE] GW1AM2_20200712_01D_EQMD_L3SGSMCHF3300300.h5 (120 bytes)
[DELETE] GW1AM2_20201220_01D_EQMD_L3SGSMCHF3300300.h5 (120 bytes)
[DELETE] GW1AM2_20200815_01D_EQMA_L3SGSMCHF3300300.h5 (120 bytes)
[DELETE] GW1AM2_20200711_01D_EQMA_L3SGSMCHF3300300.h5 (120 bytes)
[DELETE] GW1AM2_20230606_01D_EQMA_L3SGSMCHF3300300.h5 (120 bytes)
[DELETE] GW1AM2_20201222_01D_EQMD_L3SGSMCHF3300300.h5 (120 bytes)
[DELETE] GW1AM2_20201007_01D_EQMD_L3SGSMCHF3300300.h5 (120 bytes)
[DELETE] GW1AM2_20200718_01D_EQMA_L3SGSMCHF3300300.h5 (120 bytes)
[DELETE] GW1AM2_20240909_01D_EQMD_L3SGSMCHF3300300.h5 (120 bytes)
[DELETE] GW1AM2_20230216_01D_EQMA_L3SGSMCHF3300300.h5 (120 bytes)
[DELETE] GW1AM2_20220714_01D_EQMA_L3SGSMCHF3300300.h5 (120 bytes)
[DELETE] GW1AM2_20220619_01D_EQMD_L3SGSMCHF3300300.h5 (120 bytes)
[DELETE] GW1AM2_20240618_01D_EQMA_L3SGSMCHF3300300.h5 (120 bytes)
[DELETE] GW1AM2_20241016_01D_EQMD_L3SGSMCHF3300300.h5 (120 bytes)
[DELETE] GW1AM2_20221220_01D_EQMA_L3SGSMCHF3300300.h5 (120 bytes)
[DELETE] GW1AM2_20221014_01D_EQMD_L3SGSMCHF3300300.h5 (120 bytes)
[DELETE] GW1AM2_20210417_01D_EQMA_L3SGSMCHF3300300.h5 (120 bytes)
[DELETE] GW1AM2_20241018_01D_EQMA_L3SGSMCHF3300300.h5 (120 bytes)
[DELETE] GW1AM2_20240723_01D_EQMA_L3SGSMCHF3300300.h5 (120 bytes)
[DELETE] GW1AM2_20230815_01D_EQMA_L3SGSMCHF3300300.h5 (120 bytes)
[DELETE] GW1AM2_20241012_01D_EQMD_L3SGSMCHF3300300.h5 (120 bytes)
[DELETE] GW1AM2_20210403_01D_EQMD_L3SGSMCHF3300300.h5 (120 bytes)
[DELETE] GW1AM2_20210910_01D_EQMD_L3SGSMCHF3300300.h5 (120 bytes)
[DELETE] GW1AM2_20220911_01D_EQMD_L3SGSMCHF3300300.h5 (120 bytes)
[DELETE] GW1AM2_20240512_01D_EQMD_L3SGSMCHF3300300.h5 (120 bytes)
[DELETE] GW1AM2_20200804_01D_EQMD_L3SGSMCHF3300300.h5 (120 bytes)
[DELETE] GW1AM2_20240623_01D_EQMA_L3SGSMCHF3300300.h5 (120 bytes)
[DELETE] GW1AM2_20210917_01D_EQMD_L3SGSMCHF3300300.h5 (120 bytes)
[DELETE] GW1AM2_20200523_01D_EQMA_L3SGSMCHF3300300.h5 (120 bytes)
[DELETE] GW1AM2_20210604_01D_EQMA_L3SGSMCHF3300300.h5 (120 bytes)
[DELETE] GW1AM2_20211211_01D_EQMA_L3SGSMCHF3300300.h5 (120 bytes)
[DELETE] GW1AM2_20220205_01D_EQMD_L3SGSMCHF3300300.h5 (120 bytes)
[DELETE] GW1AM2_20230307_01D_EQMA_L3SGSMCHF3300300.h5 (120 bytes)
[DELETE] GW1AM2_20220515_01D_EQMA_L3SGSMCHF3300300.h5 (120 bytes)
[DELETE] GW1AM2_20230324_01D_EQMD_L3SGSMCHF3300300.h5 (120 bytes)
[DELETE] GW1AM2_20221023_01D_EQMD_L3SGSMCHF3300300.h5 (120 bytes)
[DELETE] GW1AM2_20240222_01D_EQMD_L3SGSMCHF3300300.h5 (120 bytes)
[DELETE] GW1AM2_20211112_01D_EQMA_L3SGSMCHF3300300.h5 (120 bytes)
[DELETE] GW1AM2_20240417_01D_EQMA_L3SGSMCHF3300300.h5 (120 bytes)
[DELETE] GW1AM2_20200818_01D_EQMD_L3SGSMCHF3300300.h5 (120 bytes)
[DELETE] GW1AM2_20220917_01D_EQMA_L3SGSMCHF3300300.h5 (120 bytes)
[DELETE] GW1AM2_20240518_01D_EQMA_L3SGSMCHF3300300.h5 (120 bytes)
[DELETE] GW1AM2_20210821_01D_EQMD_L3SGSMCHF3300300.h5 (120 bytes)
[DELETE] GW1AM2_20230423_01D_EQMA_L3SGSMCHF3300300.h5 (120 bytes)
[DELETE] GW1AM2_20220920_01D_EQMD_L3SGSMCHF3300300.h5 (120 bytes)
[DELETE] GW1AM2_20230415_01D_EQMD_L3SGSMCHF3300300.h5 (120 bytes)
[DELETE] GW1AM2_20200901_01D_EQMD_L3SGSMCHF3300300.h5 (120 bytes)
[DELETE] GW1AM2_20220721_01D_EQMD_L3SGSMCHF3300300.h5 (120 bytes)
[DELETE] GW1AM2_20200812_01D_EQMA_L3SGSMCHF3300300.h5 (120 bytes)
[DELETE] GW1AM2_20211118_01D_EQMD_L3SGSMCHF3300300.h5 (120 bytes)
[DELETE] GW1AM2_20210620_01D_EQMD_L3SGSMCHF3300300.h5 (120 bytes)
[DELETE] GW1AM2_20241211_01D_EQMD_L3SGSMCHF3300300.h5 (120 bytes)
[DELETE] GW1AM2_20240423_01D_EQMD_L3SGSMCHF3300300.h5 (120 bytes)
[DELETE] GW1AM2_20210810_01D_EQMA_L3SGSMCHF3300300.h5 (120 bytes)
[DELETE] GW1AM2_20230707_01D_EQMA_L3SGSMCHF3300300.h5 (120 bytes)
[DELETE] GW1AM2_20200910_01D_EQMA_L3SGSMCHF3300300.h5 (120 bytes)
[DELETE] GW1AM2_20200608_01D_EQMA_L3SGSMCHF3300300.h5 (120 bytes)
[DELETE] GW1AM2_20200604_01D_EQMD_L3SGSMCHF3300300.h5 (120 bytes)
[DELETE] GW1AM2_20240922_01D_EQMD_L3SGSMCHF3300300.h5 (120 bytes)
[DELETE] GW1AM2_20200924_01D_EQMA_L3SGSMCHF3300300.h5 (120 bytes)
[DELETE] GW1AM2_20211021_01D_EQMA_L3SGSMCHF3300300.h5 (120 bytes)
[DELETE] GW1AM2_20220521_01D_EQMD_L3SGSMCHF3300300.h5 (120 bytes)
[DELETE] GW1AM2_20231201_01D_EQMD_L3SGSMCHF3300300.h5 (120 bytes)
[DELETE] GW1AM2_20211022_01D_EQMD_L3SGSMCHF3300300.h5 (120 bytes)
[DELETE] GW1AM2_20240824_01D_EQMD_L3SGSMCHF3300300.h5 (120 bytes)
[DELETE] GW1AM2_20210706_01D_EQMD_L3SGSMCHF3300300.h5 (120 bytes)
[DELETE] GW1AM2_20200304_01D_EQMA_L3SGSMCHF3300300.h5 (120 bytes)
[DELETE] GW1AM2_20240518_01D_EQMD_L3SGSMCHF3300300.h5 (120 bytes)
[DELETE] GW1AM2_20230722_01D_EQMD_L3SGSMCHF3300300.h5 (120 bytes)
[DELETE] GW1AM2_20220425_01D_EQMD_L3SGSMCHF3300300.h5 (120 bytes)
[DELETE] GW1AM2_20240512_01D_EQMA_L3SGSMCHF3300300.h5 (120 bytes)
[DELETE] GW1AM2_20231012_01D_EQMD_L3SGSMCHF3300300.h5 (120 bytes)
[DELETE] GW1AM2_20240318_01D_EQMA_L3SGSMCHF3300300.h5 (120 bytes)
[DELETE] GW1AM2_20220518_01D_EQMD_L3SGSMCHF3300300.h5 (120 bytes)
[DELETE] GW1AM2_20211217_01D_EQMD_L3SGSMCHF3300300.h5 (120 bytes)
[DELETE] GW1AM2_20220716_01D_EQMD_L3SGSMCHF3300300.h5 (120 bytes)
[DELETE] GW1AM2_20241011_01D_EQMA_L3SGSMCHF3300300.h5 (120 bytes)
[DELETE] GW1AM2_20200311_01D_EQMA_L3SGSMCHF3300300.h5 (120 bytes)
[DELETE] GW1AM2_20220609_01D_EQMD_L3SGSMCHF3300300.h5 (120 bytes)
[DELETE] GW1AM2_20230716_01D_EQMD_L3SGSMCHF3300300.h5 (120 bytes)
[DELETE] GW1AM2_20220407_01D_EQMA_L3SGSMCHF3300300.h5 (120 bytes)
[DELETE] GW1AM2_20210904_01D_EQMA_L3SGSMCHF3300300.h5 (120 bytes)
[DELETE] GW1AM2_20200614_01D_EQMA_L3SGSMCHF3300300.h5 (120 bytes)
[DELETE] GW1AM2_20240210_01D_EQMA_L3SGSMCHF3300300.h5 (120 bytes)
[DELETE] GW1AM2_20230923_01D_EQMA_L3SGSMCHF3300300.h5 (120 bytes)
[DELETE] GW1AM2_20221225_01D_EQMA_L3SGSMCHF3300300.h5 (120 bytes)
[DELETE] GW1AM2_20211115_01D_EQMD_L3SGSMCHF3300300.h5 (120 bytes)
[DELETE] GW1AM2_20221223_01D_EQMA_L3SGSMCHF3300300.h5 (120 bytes)
[DELETE] GW1AM2_20231220_01D_EQMD_L3SGSMCHF3300300.h5 (120 bytes)
[DELETE] GW1AM2_20241110_01D_EQMA_L3SGSMCHF3300300.h5 (120 bytes)
[DELETE] GW1AM2_20220603_01D_EQMA_L3SGSMCHF3300300.h5 (120 bytes)
[DELETE] GW1AM2_20241102_01D_EQMA_L3SGSMCHF3300300.h5 (120 bytes)
[DELETE] GW1AM2_20210306_01D_EQMD_L3SGSMCHF3300300.h5 (120 bytes)
[DELETE] GW1AM2_20211215_01D_EQMD_L3SGSMCHF3300300.h5 (120 bytes)
[DELETE] GW1AM2_20230806_01D_EQMA_L3SGSMCHF3300300.h5 (120 bytes)
[DELETE] GW1AM2_20240306_01D_EQMD_L3SGSMCHF3300300.h5 (120 bytes)
[DELETE] GW1AM2_20210710_01D_EQMA_L3SGSMCHF3300300.h5 (120 bytes)
[DELETE] GW1AM2_20211001_01D_EQMA_L3SGSMCHF3300300.h5 (120 bytes)
[DELETE] GW1AM2_20211025_01D_EQMD_L3SGSMCHF3300300.h5 (120 bytes)
[DELETE] GW1AM2_20211107_01D_EQMD_L3SGSMCHF3300300.h5 (120 bytes)
[DELETE] GW1AM2_20220814_01D_EQMD_L3SGSMCHF3300300.h5 (120 bytes)
[DELETE] GW1AM2_20230215_01D_EQMA_L3SGSMCHF3300300.h5 (120 bytes)
[DELETE] GW1AM2_20240415_01D_EQMA_L3SGSMCHF3300300.h5 (120 bytes)
[DELETE] GW1AM2_20230919_01D_EQMD_L3SGSMCHF3300300.h5 (120 bytes)
[DELETE] GW1AM2_20210217_01D_EQMD_L3SGSMCHF3300300.h5 (120 bytes)
[DELETE] GW1AM2_20220511_01D_EQMD_L3SGSMCHF3300300.h5 (120 bytes)
[DELETE] GW1AM2_20230522_01D_EQMD_L3SGSMCHF3300300.h5 (120 bytes)
[DELETE] GW1AM2_20221215_01D_EQMD_L3SGSMCHF3300300.h5 (120 bytes)
[DELETE] GW1AM2_20200822_01D_EQMA_L3SGSMCHF3300300.h5 (120 bytes)
[DELETE] GW1AM2_20201212_01D_EQMD_L3SGSMCHF3300300.h5 (120 bytes)
[DELETE] GW1AM2_20200921_01D_EQMD_L3SGSMCHF3300300.h5 (120 bytes)
[DELETE] GW1AM2_20220312_01D_EQMD_L3SGSMCHF3300300.h5 (120 bytes)
[DELETE] GW1AM2_20211010_01D_EQMA_L3SGSMCHF3300300.h5 (120 bytes)
[DELETE] GW1AM2_20230523_01D_EQMA_L3SGSMCHF3300300.h5 (120 bytes)
[DELETE] GW1AM2_20200418_01D_EQMD_L3SGSMCHF3300300.h5 (120 bytes)
[DELETE] GW1AM2_20230915_01D_EQMA_L3SGSMCHF3300300.h5 (120 bytes)
[DELETE] GW1AM2_20211125_01D_EQMA_L3SGSMCHF3300300.h5 (120 bytes)
[DELETE] GW1AM2_20220721_01D_EQMA_L3SGSMCHF3300300.h5 (120 bytes)
[DELETE] GW1AM2_20210804_01D_EQMD_L3SGSMCHF3300300.h5 (120 bytes)
[DELETE] GW1AM2_20240506_01D_EQMD_L3SGSMCHF3300300.h5 (120 bytes)
[DELETE] GW1AM2_20200921_01D_EQMA_L3SGSMCHF3300300.h5 (120 bytes)
[DELETE] GW1AM2_20240323_01D_EQMA_L3SGSMCHF3300300.h5 (120 bytes)
[DELETE] GW1AM2_20240304_01D_EQMA_L3SGSMCHF3300300.h5 (120 bytes)
[DELETE] GW1AM2_20200606_01D_EQMD_L3SGSMCHF3300300.h5 (120 bytes)
[DELETE] GW1AM2_20211112_01D_EQMD_L3SGSMCHF3300300.h5 (120 bytes)
[DELETE] GW1AM2_20240824_01D_EQMA_L3SGSMCHF3300300.h5 (120 bytes)
[DELETE] GW1AM2_20231203_01D_EQMA_L3SGSMCHF3300300.h5 (120 bytes)
[DELETE] GW1AM2_20210506_01D_EQMA_L3SGSMCHF3300300.h5 (120 bytes)
[DELETE] GW1AM2_20230725_01D_EQMA_L3SGSMCHF3300300.h5 (120 bytes)
[DELETE] GW1AM2_20210607_01D_EQMA_L3SGSMCHF3300300.h5 (120 bytes)
[DELETE] GW1AM2_20210911_01D_EQMA_L3SGSMCHF3300300.h5 (120 bytes)
[DELETE] GW1AM2_20210523_01D_EQMD_L3SGSMCHF3300300.h5 (120 bytes)
[DELETE] GW1AM2_20221210_01D_EQMA_L3SGSMCHF3300300.h5 (120 bytes)
[DELETE] GW1AM2_20231003_01D_EQMA_L3SGSMCHF3300300.h5 (120 bytes)
[DELETE] GW1AM2_20200914_01D_EQMD_L3SGSMCHF3300300.h5 (120 bytes)
[DELETE] GW1AM2_20210810_01D_EQMD_L3SGSMCHF3300300.h5 (120 bytes)
[DELETE] GW1AM2_20210910_01D_EQMA_L3SGSMCHF3300300.h5 (120 bytes)
[DELETE] GW1AM2_20231009_01D_EQMD_L3SGSMCHF3300300.h5 (120 bytes)
[DELETE] GW1AM2_20230508_01D_EQMA_L3SGSMCHF3300300.h5 (120 bytes)
[DELETE] GW1AM2_20200823_01D_EQMD_L3SGSMCHF3300300.h5 (120 bytes)
[DELETE] GW1AM2_20201025_01D_EQMD_L3SGSMCHF3300300.h5 (120 bytes)
[DELETE] GW1AM2_20230925_01D_EQMA_L3SGSMCHF3300300.h5 (120 bytes)
[DELETE] GW1AM2_20230701_01D_EQMD_L3SGSMCHF3300300.h5 (120 bytes)
[DELETE] GW1AM2_20210619_01D_EQMA_L3SGSMCHF3300300.h5 (120 bytes)
[DELETE] GW1AM2_20200301_01D_EQMD_L3SGSMCHF3300300.h5 (120 bytes)
[DELETE] GW1AM2_20220814_01D_EQMA_L3SGSMCHF3300300.h5 (120 bytes)
[DELETE] GW1AM2_20210422_01D_EQMD_L3SGSMCHF3300300.h5 (120 bytes)
[DELETE] GW1AM2_20230323_01D_EQMD_L3SGSMCHF3300300.h5 (120 bytes)
[DELETE] GW1AM2_20230623_01D_EQMA_L3SGSMCHF3300300.h5 (120 bytes)
[DELETE] GW1AM2_20200610_01D_EQMD_L3SGSMCHF3300300.h5 (120 bytes)
[DELETE] GW1AM2_20220710_01D_EQMA_L3SGSMCHF3300300.h5 (120 bytes)
[DELETE] GW1AM2_20200710_01D_EQMD_L3SGSMCHF3300300.h5 (120 bytes)
[DELETE] GW1AM2_20240316_01D_EQMA_L3SGSMCHF3300300.h5 (120 bytes)
[DELETE] GW1AM2_20240701_01D_EQMD_L3SGSMCHF3300300.h5 (120 bytes)
[DELETE] GW1AM2_20240504_01D_EQMD_L3SGSMCHF3300300.h5 (120 bytes)
[DELETE] GW1AM2_20240606_01D_EQMA_L3SGSMCHF3300300.h5 (120 bytes)
[DELETE] GW1AM2_20210613_01D_EQMD_L3SGSMCHF3300300.h5 (120 bytes)
[DELETE] GW1AM2_20230518_01D_EQMA_L3SGSMCHF3300300.h5 (120 bytes)
[DELETE] GW1AM2_20200324_01D_EQMD_L3SGSMCHF3300300.h5 (120 bytes)
[DELETE] GW1AM2_20201124_01D_EQMA_L3SGSMCHF3300300.h5 (120 bytes)
[DELETE] GW1AM2_20221011_01D_EQMA_L3SGSMCHF3300300.h5 (120 bytes)
[DELETE] GW1AM2_20230409_01D_EQMA_L3SGSMCHF3300300.h5 (120 bytes)
[DELETE] GW1AM2_20231210_01D_EQMD_L3SGSMCHF3300300.h5 (120 bytes)
[DELETE] GW1AM2_20200305_01D_EQMD_L3SGSMCHF3300300.h5 (120 bytes)
[DELETE] GW1AM2_20220625_01D_EQMD_L3SGSMCHF3300300.h5 (120 bytes)
[DELETE] GW1AM2_20210504_01D_EQMD_L3SGSMCHF3300300.h5 (120 bytes)
[DELETE] GW1AM2_20200905_01D_EQMA_L3SGSMCHF3300300.h5 (120 bytes)
[DELETE] GW1AM2_20221004_01D_EQMD_L3SGSMCHF3300300.h5 (120 bytes)
[DELETE] GW1AM2_20200225_01D_EQMA_L3SGSMCHF3300300.h5 (120 bytes)
[DELETE] GW1AM2_20210522_01D_EQMA_L3SGSMCHF3300300.h5 (120 bytes)
[DELETE] GW1AM2_20200601_01D_EQMA_L3SGSMCHF3300300.h5 (120 bytes)
[DELETE] GW1AM2_20221201_01D_EQMD_L3SGSMCHF3300300.h5 (120 bytes)
[DELETE] GW1AM2_20231005_01D_EQMD_L3SGSMCHF3300300.h5 (120 bytes)
[DELETE] GW1AM2_20230811_01D_EQMD_L3SGSMCHF3300300.h5 (120 bytes)
[DELETE] GW1AM2_20220701_01D_EQMA_L3SGSMCHF3300300.h5 (120 bytes)
[DELETE] GW1AM2_20240223_01D_EQMD_L3SGSMCHF3300300.h5 (120 bytes)
[DELETE] GW1AM2_20210415_01D_EQMD_L3SGSMCHF3300300.h5 (120 bytes)
[DELETE] GW1AM2_20240510_01D_EQMA_L3SGSMCHF3300300.h5 (120 bytes)
[DELETE] GW1AM2_20211219_01D_EQMD_L3SGSMCHF3300300.h5 (120 bytes)
[DELETE] GW1AM2_20240315_01D_EQMD_L3SGSMCHF3300300.h5 (120 bytes)
[DELETE] GW1AM2_20210211_01D_EQMD_L3SGSMCHF3300300.h5 (120 bytes)
[DELETE] GW1AM2_20200817_01D_EQMA_L3SGSMCHF3300300.h5 (120 bytes)
[DELETE] GW1AM2_20230308_01D_EQMD_L3SGSMCHF3300300.h5 (120 bytes)
[DELETE] GW1AM2_20240216_01D_EQMD_L3SGSMCHF3300300.h5 (120 bytes)
[DELETE] GW1AM2_20210405_01D_EQMA_L3SGSMCHF3300300.h5 (120 bytes)
[DELETE] GW1AM2_20210715_01D_EQMD_L3SGSMCHF3300300.h5 (120 bytes)
[DELETE] GW1AM2_20240221_01D_EQMD_L3SGSMCHF3300300.h5 (120 bytes)
[DELETE] GW1AM2_20240811_01D_EQMA_L3SGSMCHF3300300.h5 (120 bytes)
[DELETE] GW1AM2_20200215_01D_EQMA_L3SGSMCHF3300300.h5 (120 bytes)
[DELETE] GW1AM2_20241222_01D_EQMA_L3SGSMCHF3300300.h5 (120 bytes)
[DELETE] GW1AM2_20240504_01D_EQMA_L3SGSMCHF3300300.h5 (120 bytes)
[DELETE] GW1AM2_20200216_01D_EQMD_L3SGSMCHF3300300.h5 (120 bytes)
[DELETE] GW1AM2_20240607_01D_EQMD_L3SGSMCHF3300300.h5 (120 bytes)
[DELETE] GW1AM2_20241022_01D_EQMD_L3SGSMCHF3300300.h5 (120 bytes)
[DELETE] GW1AM2_20211020_01D_EQMA_L3SGSMCHF3300300.h5 (120 bytes)
[DELETE] GW1AM2_20230421_01D_EQMA_L3SGSMCHF3300300.h5 (120 bytes)
[DELETE] GW1AM2_20210811_01D_EQMA_L3SGSMCHF3300300.h5 (120 bytes)
[DELETE] GW1AM2_20230506_01D_EQMD_L3SGSMCHF3300300.h5 (120 bytes)
[DELETE] GW1AM2_20230614_01D_EQMA_L3SGSMCHF3300300.h5 (120 bytes)
[DELETE] GW1AM2_20220313_01D_EQMD_L3SGSMCHF3300300.h5 (120 bytes)
[DELETE] GW1AM2_20200205_01D_EQMD_L3SGSMCHF3300300.h5 (120 bytes)
[DELETE] GW1AM2_20211006_01D_EQMD_L3SGSMCHF3300300.h5 (120 bytes)
[DELETE] GW1AM2_20231201_01D_EQMA_L3SGSMCHF3300300.h5 (120 bytes)
[DELETE] GW1AM2_20221205_01D_EQMD_L3SGSMCHF3300300.h5 (120 bytes)
[DELETE] GW1AM2_20230407_01D_EQMD_L3SGSMCHF3300300.h5 (120 bytes)
[DELETE] GW1AM2_20240206_01D_EQMD_L3SGSMCHF3300300.h5 (120 bytes)
[DELETE] GW1AM2_20230801_01D_EQMA_L3SGSMCHF3300300.h5 (120 bytes)
[DELETE] GW1AM2_20240711_01D_EQMD_L3SGSMCHF3300300.h5 (120 bytes)
[DELETE] GW1AM2_20220211_01D_EQMA_L3SGSMCHF3300300.h5 (120 bytes)
[DELETE] GW1AM2_20210618_01D_EQMA_L3SGSMCHF3300300.h5 (120 bytes)
[DELETE] GW1AM2_20211015_01D_EQMA_L3SGSMCHF3300300.h5 (120 bytes)
[DELETE] GW1AM2_20210305_01D_EQMD_L3SGSMCHF3300300.h5 (120 bytes)
[DELETE] GW1AM2_20240312_01D_EQMA_L3SGSMCHF3300300.h5 (120 bytes)
[DELETE] GW1AM2_20240606_01D_EQMD_L3SGSMCHF3300300.h5 (120 bytes)
[DELETE] GW1AM2_20211122_01D_EQMD_L3SGSMCHF3300300.h5 (120 bytes)
[DELETE] GW1AM2_20240223_01D_EQMA_L3SGSMCHF3300300.h5 (120 bytes)
[DELETE] GW1AM2_20230522_01D_EQMA_L3SGSMCHF3300300.h5 (120 bytes)
[DELETE] GW1AM2_20201114_01D_EQMA_L3SGSMCHF3300300.h5 (120 bytes)
[DELETE] GW1AM2_20210517_01D_EQMA_L3SGSMCHF3300300.h5 (120 bytes)
[DELETE] GW1AM2_20220601_01D_EQMA_L3SGSMCHF3300300.h5 (120 bytes)
[DELETE] GW1AM2_20230802_01D_EQMD_L3SGSMCHF3300300.h5 (120 bytes)
[DELETE] GW1AM2_20201005_01D_EQMD_L3SGSMCHF3300300.h5 (120 bytes)
[DELETE] GW1AM2_20220821_01D_EQMA_L3SGSMCHF3300300.h5 (120 bytes)
[DELETE] GW1AM2_20201020_01D_EQMA_L3SGSMCHF3300300.h5 (120 bytes)
[DELETE] GW1AM2_20201216_01D_EQMD_L3SGSMCHF3300300.h5 (120 bytes)
[DELETE] GW1AM2_20200715_01D_EQMA_L3SGSMCHF3300300.h5 (120 bytes)
[DELETE] GW1AM2_20201105_01D_EQMD_L3SGSMCHF3300300.h5 (120 bytes)
[DELETE] GW1AM2_20210722_01D_EQMD_L3SGSMCHF3300300.h5 (120 bytes)
[DELETE] GW1AM2_20220915_01D_EQMD_L3SGSMCHF3300300.h5 (120 bytes)
[DELETE] GW1AM2_20231120_01D_EQMA_L3SGSMCHF3300300.h5 (120 bytes)
[DELETE] GW1AM2_20200501_01D_EQMA_L3SGSMCHF3300300.h5 (120 bytes)
[DELETE] GW1AM2_20230420_01D_EQMD_L3SGSMCHF3300300.h5 (120 bytes)
[DELETE] GW1AM2_20241106_01D_EQMA_L3SGSMCHF3300300.h5 (120 bytes)
[DELETE] GW1AM2_20231106_01D_EQMD_L3SGSMCHF3300300.h5 (120 bytes)
[DELETE] GW1AM2_20210822_01D_EQMD_L3SGSMCHF3300300.h5 (120 bytes)
[DELETE] GW1AM2_20240905_01D_EQMD_L3SGSMCHF3300300.h5 (120 bytes)
[DELETE] GW1AM2_20230209_01D_EQMD_L3SGSMCHF3300300.h5 (120 bytes)
[DELETE] GW1AM2_20230221_01D_EQMD_L3SGSMCHF3300300.h5 (120 bytes)
[DELETE] GW1AM2_20240204_01D_EQMA_L3SGSMCHF3300300.h5 (120 bytes)
[DELETE] GW1AM2_20221211_01D_EQMA_L3SGSMCHF3300300.h5 (120 bytes)
[DELETE] GW1AM2_20200807_01D_EQMD_L3SGSMCHF3300300.h5 (120 bytes)
[DELETE] GW1AM2_20241115_01D_EQMA_L3SGSMCHF3300300.h5 (120 bytes)
[DELETE] GW1AM2_20201101_01D_EQMA_L3SGSMCHF3300300.h5 (120 bytes)
[DELETE] GW1AM2_20220220_01D_EQMA_L3SGSMCHF3300300.h5 (120 bytes)
[DELETE] GW1AM2_20200911_01D_EQMD_L3SGSMCHF3300300.h5 (120 bytes)
[DELETE] GW1AM2_20221122_01D_EQMA_L3SGSMCHF3300300.h5 (120 bytes)
[DELETE] GW1AM2_20240714_01D_EQMD_L3SGSMCHF3300300.h5 (120 bytes)
[DELETE] GW1AM2_20211206_01D_EQMD_L3SGSMCHF3300300.h5 (120 bytes)
[DELETE] GW1AM2_20230521_01D_EQMD_L3SGSMCHF3300300.h5 (120 bytes)
[DELETE] GW1AM2_20241210_01D_EQMD_L3SGSMCHF3300300.h5 (120 bytes)
[DELETE] GW1AM2_20220403_01D_EQMD_L3SGSMCHF3300300.h5 (120 bytes)
[DELETE] GW1AM2_20240401_01D_EQMD_L3SGSMCHF3300300.h5 (120 bytes)
[DELETE] GW1AM2_20231225_01D_EQMA_L3SGSMCHF3300300.h5 (120 bytes)
[DELETE] GW1AM2_20230822_01D_EQMD_L3SGSMCHF3300300.h5 (120 bytes)
[DELETE] GW1AM2_20241221_01D_EQMA_L3SGSMCHF3300300.h5 (120 bytes)
[DELETE] GW1AM2_20241020_01D_EQMA_L3SGSMCHF3300300.h5 (120 bytes)
[DELETE] GW1AM2_20240505_01D_EQMD_L3SGSMCHF3300300.h5 (120 bytes)
[DELETE] GW1AM2_20240614_01D_EQMD_L3SGSMCHF3300300.h5 (120 bytes)
[DELETE] GW1AM2_20200817_01D_EQMD_L3SGSMCHF3300300.h5 (120 bytes)
[DELETE] GW1AM2_20210913_01D_EQMD_L3SGSMCHF3300300.h5 (120 bytes)
[DELETE] GW1AM2_20231016_01D_EQMA_L3SGSMCHF3300300.h5 (120 bytes)
[DELETE] GW1AM2_20240707_01D_EQMA_L3SGSMCHF3300300.h5 (120 bytes)
[DELETE] GW1AM2_20240509_01D_EQMA_L3SGSMCHF3300300.h5 (120 bytes)
[DELETE] GW1AM2_20220525_01D_EQMA_L3SGSMCHF3300300.h5 (120 bytes)
[DELETE] GW1AM2_20201024_01D_EQMA_L3SGSMCHF3300300.h5 (120 bytes)
[DELETE] GW1AM2_20210308_01D_EQMA_L3SGSMCHF3300300.h5 (120 bytes)
[DELETE] GW1AM2_20210302_01D_EQMD_L3SGSMCHF3300300.h5 (120 bytes)
[DELETE] GW1AM2_20240503_01D_EQMD_L3SGSMCHF3300300.h5 (120 bytes)
[DELETE] GW1AM2_20211009_01D_EQMA_L3SGSMCHF3300300.h5 (120 bytes)
[DELETE] GW1AM2_20210722_01D_EQMA_L3SGSMCHF3300300.h5 (120 bytes)
[DELETE] GW1AM2_20230617_01D_EQMA_L3SGSMCHF3300300.h5 (120 bytes)
[DELETE] GW1AM2_20231225_01D_EQMD_L3SGSMCHF3300300.h5 (120 bytes)
[DELETE] GW1AM2_20210914_01D_EQMD_L3SGSMCHF3300300.h5 (120 bytes)
[DELETE] GW1AM2_20210318_01D_EQMD_L3SGSMCHF3300300.h5 (120 bytes)
[DELETE] GW1AM2_20200821_01D_EQMD_L3SGSMCHF3300300.h5 (120 bytes)
[DELETE] GW1AM2_20240802_01D_EQMD_L3SGSMCHF3300300.h5 (120 bytes)
[DELETE] GW1AM2_20200410_01D_EQMA_L3SGSMCHF3300300.h5 (120 bytes)
[DELETE] GW1AM2_20240515_01D_EQMA_L3SGSMCHF3300300.h5 (120 bytes)
[DELETE] GW1AM2_20201010_01D_EQMD_L3SGSMCHF3300300.h5 (120 bytes)
[DELETE] GW1AM2_20210425_01D_EQMD_L3SGSMCHF3300300.h5 (120 bytes)
[DELETE] GW1AM2_20241106_01D_EQMD_L3SGSMCHF3300300.h5 (120 bytes)
[DELETE] GW1AM2_20221208_01D_EQMA_L3SGSMCHF3300300.h5 (120 bytes)
[DELETE] GW1AM2_20241215_01D_EQMA_L3SGSMCHF3300300.h5 (120 bytes)
[DELETE] GW1AM2_20231223_01D_EQMA_L3SGSMCHF3300300.h5 (120 bytes)
[DELETE] GW1AM2_20200911_01D_EQMA_L3SGSMCHF3300300.h5 (120 bytes)
[DELETE] GW1AM2_20200917_01D_EQMA_L3SGSMCHF3300300.h5 (120 bytes)
[DELETE] GW1AM2_20200618_01D_EQMD_L3SGSMCHF3300300.h5 (120 bytes)
[DELETE] GW1AM2_20230610_01D_EQMA_L3SGSMCHF3300300.h5 (120 bytes)
[DELETE] GW1AM2_20221025_01D_EQMD_L3SGSMCHF3300300.h5 (120 bytes)
[DELETE] GW1AM2_20200510_01D_EQMA_L3SGSMCHF3300300.h5 (120 bytes)
[DELETE] GW1AM2_20231122_01D_EQMD_L3SGSMCHF3300300.h5 (120 bytes)
[DELETE] GW1AM2_20220215_01D_EQMA_L3SGSMCHF3300300.h5 (120 bytes)
[DELETE] GW1AM2_20241005_01D_EQMA_L3SGSMCHF3300300.h5 (120 bytes)
[DELETE] GW1AM2_20210915_01D_EQMD_L3SGSMCHF3300300.h5 (120 bytes)
[DELETE] GW1AM2_20210714_01D_EQMD_L3SGSMCHF3300300.h5 (120 bytes)
[DELETE] GW1AM2_20240911_01D_EQMA_L3SGSMCHF3300300.h5 (120 bytes)
[DELETE] GW1AM2_20210723_01D_EQMA_L3SGSMCHF3300300.h5 (120 bytes)
[DELETE] GW1AM2_20200425_01D_EQMD_L3SGSMCHF3300300.h5 (120 bytes)
[DELETE] GW1AM2_20230711_01D_EQMD_L3SGSMCHF3300300.h5 (120 bytes)
[DELETE] GW1AM2_20220824_01D_EQMA_L3SGSMCHF3300300.h5 (120 bytes)
[DELETE] GW1AM2_20240225_01D_EQMA_L3SGSMCHF3300300.h5 (120 bytes)
[DELETE] GW1AM2_20240411_01D_EQMD_L3SGSMCHF3300300.h5 (120 bytes)
[DELETE] GW1AM2_20240725_01D_EQMA_L3SGSMCHF3300300.h5 (120 bytes)
[DELETE] GW1AM2_20201218_01D_EQMD_L3SGSMCHF3300300.h5 (120 bytes)
[DELETE] GW1AM2_20201120_01D_EQMD_L3SGSMCHF3300300.h5 (120 bytes)
[DELETE] GW1AM2_20220321_01D_EQMA_L3SGSMCHF3300300.h5 (120 bytes)
[DELETE] GW1AM2_20241130_01D_EQMA_L3SGSMCHF3300300.h5 (120 bytes)
[DELETE] GW1AM2_20231114_01D_EQMA_L3SGSMCHF3300300.h5 (120 bytes)
[DELETE] GW1AM2_20200721_01D_EQMA_L3SGSMCHF3300300.h5 (120 bytes)
[DELETE] GW1AM2_20230207_01D_EQMD_L3SGSMCHF3300300.h5 (120 bytes)
[DELETE] GW1AM2_20211106_01D_EQMD_L3SGSMCHF3300300.h5 (120 bytes)
[DELETE] GW1AM2_20220420_01D_EQMA_L3SGSMCHF3300300.h5 (120 bytes)
[DELETE] GW1AM2_20230319_01D_EQMA_L3SGSMCHF3300300.h5 (120 bytes)
[DELETE] GW1AM2_20210222_01D_EQMD_L3SGSMCHF3300300.h5 (120 bytes)
[DELETE] GW1AM2_20230515_01D_EQMA_L3SGSMCHF3300300.h5 (120 bytes)
[DELETE] GW1AM2_20210215_01D_EQMA_L3SGSMCHF3300300.h5 (120 bytes)
[DELETE] GW1AM2_20210915_01D_EQMA_L3SGSMCHF3300300.h5 (120 bytes)
[DELETE] GW1AM2_20210219_01D_EQMA_L3SGSMCHF3300300.h5 (120 bytes)
[DELETE] GW1AM2_20240620_01D_EQMA_L3SGSMCHF3300300.h5 (120 bytes)
[DELETE] GW1AM2_20200209_01D_EQMD_L3SGSMCHF3300300.h5 (120 bytes)
[DELETE] GW1AM2_20200514_01D_EQMA_L3SGSMCHF3300300.h5 (120 bytes)
[DELETE] GW1AM2_20230615_01D_EQMA_L3SGSMCHF3300300.h5 (120 bytes)
[DELETE] GW1AM2_20221011_01D_EQMD_L3SGSMCHF3300300.h5 (120 bytes)
[DELETE] GW1AM2_20210315_01D_EQMA_L3SGSMCHF3300300.h5 (120 bytes)
[DELETE] GW1AM2_20210310_01D_EQMA_L3SGSMCHF3300300.h5 (120 bytes)
[DELETE] GW1AM2_20200821_01D_EQMA_L3SGSMCHF3300300.h5 (120 bytes)
[DELETE] GW1AM2_20240405_01D_EQMA_L3SGSMCHF3300300.h5 (120 bytes)
[DELETE] GW1AM2_20210703_01D_EQMD_L3SGSMCHF3300300.h5 (120 bytes)
[DELETE] GW1AM2_20231217_01D_EQMD_L3SGSMCHF3300300.h5 (120 bytes)
[DELETE] GW1AM2_20200401_01D_EQMA_L3SGSMCHF3300300.h5 (120 bytes)
[DELETE] GW1AM2_20210322_01D_EQMD_L3SGSMCHF3300300.h5 (120 bytes)
[DELETE] GW1AM2_20200423_01D_EQMD_L3SGSMCHF3300300.h5 (120 bytes)
[DELETE] GW1AM2_20231110_01D_EQMD_L3SGSMCHF3300300.h5 (120 bytes)
[DELETE] GW1AM2_20240404_01D_EQMA_L3SGSMCHF3300300.h5 (120 bytes)
[DELETE] GW1AM2_20230818_01D_EQMD_L3SGSMCHF3300300.h5 (120 bytes)
[DELETE] GW1AM2_20230201_01D_EQMD_L3SGSMCHF3300300.h5 (120 bytes)
[DELETE] GW1AM2_20220310_01D_EQMD_L3SGSMCHF3300300.h5 (120 bytes)
[DELETE] GW1AM2_20230701_01D_EQMA_L3SGSMCHF3300300.h5 (120 bytes)
[DELETE] GW1AM2_20240411_01D_EQMA_L3SGSMCHF3300300.h5 (120 bytes)
[DELETE] GW1AM2_20240810_01D_EQMA_L3SGSMCHF3300300.h5 (120 bytes)
[DELETE] GW1AM2_20201201_01D_EQMD_L3SGSMCHF3300300.h5 (120 bytes)
[DELETE] GW1AM2_20221101_01D_EQMD_L3SGSMCHF3300300.h5 (120 bytes)
[DELETE] GW1AM2_20220210_01D_EQMD_L3SGSMCHF3300300.h5 (120 bytes)
[DELETE] GW1AM2_20240611_01D_EQMD_L3SGSMCHF3300300.h5 (120 bytes)
[DELETE] GW1AM2_20201104_01D_EQMD_L3SGSMCHF3300300.h5 (120 bytes)
[DELETE] GW1AM2_20230724_01D_EQMD_L3SGSMCHF3300300.h5 (120 bytes)
[DELETE] GW1AM2_20220911_01D_EQMA_L3SGSMCHF3300300.h5 (120 bytes)
[DELETE] GW1AM2_20210801_01D_EQMD_L3SGSMCHF3300300.h5 (120 bytes)
[DELETE] GW1AM2_20210222_01D_EQMA_L3SGSMCHF3300300.h5 (120 bytes)
[DELETE] GW1AM2_20220511_01D_EQMA_L3SGSMCHF3300300.h5 (120 bytes)
[DELETE] GW1AM2_20210623_01D_EQMD_L3SGSMCHF3300300.h5 (120 bytes)
[DELETE] GW1AM2_20220816_01D_EQMD_L3SGSMCHF3300300.h5 (120 bytes)
[DELETE] GW1AM2_20220414_01D_EQMA_L3SGSMCHF3300300.h5 (120 bytes)
[DELETE] GW1AM2_20201025_01D_EQMA_L3SGSMCHF3300300.h5 (120 bytes)
[DELETE] GW1AM2_20200216_01D_EQMA_L3SGSMCHF3300300.h5 (120 bytes)
[DELETE] GW1AM2_20221013_01D_EQMD_L3SGSMCHF3300300.h5 (120 bytes)
[DELETE] GW1AM2_20210717_01D_EQMA_L3SGSMCHF3300300.h5 (120 bytes)
[DELETE] GW1AM2_20240816_01D_EQMA_L3SGSMCHF3300300.h5 (120 bytes)
[DELETE] GW1AM2_20211205_01D_EQMD_L3SGSMCHF3300300.h5 (120 bytes)
[DELETE] GW1AM2_20200306_01D_EQMA_L3SGSMCHF3300300.h5 (120 bytes)
[DELETE] GW1AM2_20211020_01D_EQMD_L3SGSMCHF3300300.h5 (120 bytes)
[DELETE] GW1AM2_20221107_01D_EQMD_L3SGSMCHF3300300.h5 (120 bytes)
[DELETE] GW1AM2_20221015_01D_EQMA_L3SGSMCHF3300300.h5 (120 bytes)
[DELETE] GW1AM2_20220222_01D_EQMA_L3SGSMCHF3300300.h5 (120 bytes)
[DELETE] GW1AM2_20240514_01D_EQMD_L3SGSMCHF3300300.h5 (120 bytes)
[DELETE] GW1AM2_20220422_01D_EQMD_L3SGSMCHF3300300.h5 (120 bytes)
[DELETE] GW1AM2_20240307_01D_EQMA_L3SGSMCHF3300300.h5 (120 bytes)
[DELETE] GW1AM2_20240516_01D_EQMD_L3SGSMCHF3300300.h5 (120 bytes)
[DELETE] GW1AM2_20240616_01D_EQMA_L3SGSMCHF3300300.h5 (120 bytes)
[DELETE] GW1AM2_20230624_01D_EQMA_L3SGSMCHF3300300.h5 (120 bytes)
[DELETE] GW1AM2_20200725_01D_EQMD_L3SGSMCHF3300300.h5 (120 bytes)
[DELETE] GW1AM2_20230901_01D_EQMA_L3SGSMCHF3300300.h5 (120 bytes)
[DELETE] GW1AM2_20230907_01D_EQMA_L3SGSMCHF3300300.h5 (120 bytes)
[DELETE] GW1AM2_20200407_01D_EQMA_L3SGSMCHF3300300.h5 (120 bytes)
[DELETE] GW1AM2_20210604_01D_EQMD_L3SGSMCHF3300300.h5 (120 bytes)
[DELETE] GW1AM2_20220522_01D_EQMA_L3SGSMCHF3300300.h5 (120 bytes)
[DELETE] GW1AM2_20240607_01D_EQMA_L3SGSMCHF3300300.h5 (120 bytes)
[DELETE] GW1AM2_20211115_01D_EQMA_L3SGSMCHF3300300.h5 (120 bytes)
[DELETE] GW1AM2_20220504_01D_EQMA_L3SGSMCHF3300300.h5 (120 bytes)
[DELETE] GW1AM2_20210206_01D_EQMD_L3SGSMCHF3300300.h5 (120 bytes)
[DELETE] GW1AM2_20240317_01D_EQMA_L3SGSMCHF3300300.h5 (120 bytes)
[DELETE] GW1AM2_20220806_01D_EQMD_L3SGSMCHF3300300.h5 (120 bytes)
[DELETE] GW1AM2_20240823_01D_EQMA_L3SGSMCHF3300300.h5 (120 bytes)
[DELETE] GW1AM2_20200222_01D_EQMA_L3SGSMCHF3300300.h5 (120 bytes)
[DELETE] GW1AM2_20240219_01D_EQMD_L3SGSMCHF3300300.h5 (120 bytes)
[DELETE] GW1AM2_20220416_01D_EQMD_L3SGSMCHF3300300.h5 (120 bytes)
[DELETE] GW1AM2_20200520_01D_EQMA_L3SGSMCHF3300300.h5 (120 bytes)
[DELETE] GW1AM2_20220616_01D_EQMA_L3SGSMCHF3300300.h5 (120 bytes)
[DELETE] GW1AM2_20240715_01D_EQMA_L3SGSMCHF3300300.h5 (120 bytes)
[DELETE] GW1AM2_20210221_01D_EQMA_L3SGSMCHF3300300.h5 (120 bytes)
[DELETE] GW1AM2_20240916_01D_EQMA_L3SGSMCHF3300300.h5 (120 bytes)
[DELETE] GW1AM2_20211221_01D_EQMD_L3SGSMCHF3300300.h5 (120 bytes)
[DELETE] GW1AM2_20230714_01D_EQMA_L3SGSMCHF3300300.h5 (120 bytes)
[DELETE] GW1AM2_20230917_01D_EQMD_L3SGSMCHF3300300.h5 (120 bytes)
[DELETE] GW1AM2_20210325_01D_EQMA_L3SGSMCHF3300300.h5 (120 bytes)
[DELETE] GW1AM2_20210906_01D_EQMD_L3SGSMCHF3300300.h5 (120 bytes)
[DELETE] GW1AM2_20221207_01D_EQMD_L3SGSMCHF3300300.h5 (120 bytes)
[DELETE] GW1AM2_20220915_01D_EQMA_L3SGSMCHF3300300.h5 (120 bytes)
[DELETE] GW1AM2_20220315_01D_EQMD_L3SGSMCHF3300300.h5 (120 bytes)
[DELETE] GW1AM2_20210808_01D_EQMD_L3SGSMCHF3300300.h5 (120 bytes)
[DELETE] GW1AM2_20230225_01D_EQMA_L3SGSMCHF3300300.h5 (120 bytes)
[DELETE] GW1AM2_20210917_01D_EQMA_L3SGSMCHF3300300.h5 (120 bytes)
[DELETE] GW1AM2_20221005_01D_EQMA_L3SGSMCHF3300300.h5 (120 bytes)
[DELETE] GW1AM2_20231214_01D_EQMA_L3SGSMCHF3300300.h5 (120 bytes)
[DELETE] GW1AM2_20201224_01D_EQMA_L3SGSMCHF3300300.h5 (120 bytes)
[DELETE] GW1AM2_20240304_01D_EQMD_L3SGSMCHF3300300.h5 (120 bytes)
[DELETE] GW1AM2_20211010_01D_EQMD_L3SGSMCHF3300300.h5 (120 bytes)
[DELETE] GW1AM2_20240604_01D_EQMA_L3SGSMCHF3300300.h5 (120 bytes)
[DELETE] GW1AM2_20200516_01D_EQMD_L3SGSMCHF3300300.h5 (120 bytes)
[DELETE] GW1AM2_20240815_01D_EQMD_L3SGSMCHF3300300.h5 (120 bytes)
[DELETE] GW1AM2_20240801_01D_EQMA_L3SGSMCHF3300300.h5 (120 bytes)
[DELETE] GW1AM2_20221021_01D_EQMD_L3SGSMCHF3300300.h5 (120 bytes)
[DELETE] GW1AM2_20231117_01D_EQMA_L3SGSMCHF3300300.h5 (120 bytes)
[DELETE] GW1AM2_20230913_01D_EQMD_L3SGSMCHF3300300.h5 (120 bytes)
[DELETE] GW1AM2_20220617_01D_EQMD_L3SGSMCHF3300300.h5 (120 bytes)
[DELETE] GW1AM2_20200718_01D_EQMD_L3SGSMCHF3300300.h5 (120 bytes)
[DELETE] GW1AM2_20241020_01D_EQMD_L3SGSMCHF3300300.h5 (120 bytes)
[DELETE] GW1AM2_20211204_01D_EQMD_L3SGSMCHF3300300.h5 (120 bytes)
[DELETE] GW1AM2_20230520_01D_EQMD_L3SGSMCHF3300300.h5 (120 bytes)
[DELETE] GW1AM2_20211121_01D_EQMD_L3SGSMCHF3300300.h5 (120 bytes)
[DELETE] GW1AM2_20240924_01D_EQMD_L3SGSMCHF3300300.h5 (120 bytes)
[DELETE] GW1AM2_20211021_01D_EQMD_L3SGSMCHF3300300.h5 (120 bytes)
[DELETE] GW1AM2_20210905_01D_EQMD_L3SGSMCHF3300300.h5 (120 bytes)
[DELETE] GW1AM2_20221105_01D_EQMD_L3SGSMCHF3300300.h5 (120 bytes)
[DELETE] GW1AM2_20240207_01D_EQMD_L3SGSMCHF3300300.h5 (120 bytes)
[DELETE] GW1AM2_20210301_01D_EQMA_L3SGSMCHF3300300.h5 (120 bytes)
[DELETE] GW1AM2_20241206_01D_EQMA_L3SGSMCHF3300300.h5 (120 bytes)
[DELETE] GW1AM2_20211114_01D_EQMD_L3SGSMCHF3300300.h5 (120 bytes)
[DELETE] GW1AM2_20220411_01D_EQMA_L3SGSMCHF3300300.h5 (120 bytes)
[DELETE] GW1AM2_20200424_01D_EQMD_L3SGSMCHF3300300.h5 (120 bytes)
[DELETE] GW1AM2_20240721_01D_EQMA_L3SGSMCHF3300300.h5 (120 bytes)
[DELETE] GW1AM2_20241107_01D_EQMA_L3SGSMCHF3300300.h5 (120 bytes)
[DELETE] GW1AM2_20221102_01D_EQMD_L3SGSMCHF3300300.h5 (120 bytes)
[DELETE] GW1AM2_20241206_01D_EQMD_L3SGSMCHF3300300.h5 (120 bytes)
[DELETE] GW1AM2_20230209_01D_EQMA_L3SGSMCHF3300300.h5 (120 bytes)
[DELETE] GW1AM2_20230906_01D_EQMD_L3SGSMCHF3300300.h5 (120 bytes)
[DELETE] GW1AM2_20220704_01D_EQMA_L3SGSMCHF3300300.h5 (120 bytes)
[DELETE] GW1AM2_20230422_01D_EQMD_L3SGSMCHF3300300.h5 (120 bytes)
[DELETE] GW1AM2_20240311_01D_EQMD_L3SGSMCHF3300300.h5 (120 bytes)

========================================
CLEANUP SUMMARY
========================================
Files Deleted:   6099
Space Reclaimed: 1173367.16 KB
========================================
You are now ready to run the final download script.
