nohup: ignoring input
2025-12-28 19:12:03,610 - INFO - Authenticating with NASA Earthdata...
2025-12-28 19:12:09,862 - INFO - You're now authenticated with NASA Earthdata Login
2025-12-28 19:12:23,293 - INFO - Searching for SPL4SMGP Version 008...
2025-12-28 19:12:27,557 - INFO - Datasets found: 1
2025-12-28 19:12:28,569 - INFO - Target Collection Concept ID: C3480440870-NSIDC_CPRD
2025-12-28 19:12:32,620 - INFO - 
--- Processing Year: 2020 ---
2025-12-28 19:12:32,626 - INFO - Year 2020 already has 2929 files. Skipping job submission.
2025-12-28 19:12:32,626 - INFO - 
--- Processing Year: 2021 ---
2025-12-28 19:12:32,626 - INFO - Submitting Harmony job for 2021...
2025-12-28 19:12:36,660 - INFO - Job ID: ba4b496c-94ba-4e0c-9abb-e9d55d679fcc
2025-12-28 19:12:36,660 - INFO - Waiting for processing (this happens server-side)...
 [ Processing:   0% ] |                                                   | [/]
 [ Processing:   0% ] |                                                   | [-]
 [ Processing:   0% ] |                                                   | [\]
 [ Processing:   0% ] |                                                   | [|]
 [ Processing:   0% ] |                                                   | [/]
 [ Processing:   0% ] |                                                   | [-]
 [ Processing:   0% ] |                                                   | [\]
 [ Processing:   0% ] |                                                   | [|]
 [ Processing:   0% ] |                                                   | [/]
 [ Processing:   0% ] |                                                   | [-]
 [ Processing:   0% ] |                                                   | [\]
 [ Processing:   0% ] |                                                   | [|]
 [ Processing:   0% ] |                                                   | [/]
 [ Processing:   0% ] |                                                   | [-]
 [ Processing:   0% ] |                                                   | [\]
 [ Processing:   0% ] |                                                   | [|]
 [ Processing:   0% ] |                                                   | [/]
 [ Processing:   0% ] |                                                   | [-]
 [ Processing:   1% ] |                                                   | [\]
 [ Processing:   1% ] |                                                   | [|]
 [ Processing:   1% ] |                                                   | [/]
 [ Processing:   1% ] |                                                   | [-]
 [ Processing:   1% ] |                                                   | [\]
 [ Processing:   1% ] |                                                   | [|]
 [ Processing:   1% ] |                                                   | [/]
 [ Processing:   1% ] |                                                   | [-]
 [ Processing:   1% ] |                                                   | [\]
 [ Processing:   2% ] |#                                                  | [|]
 [ Processing:   2% ] |#                                                  | [/]
 [ Processing:   2% ] |#                                                  | [-]
 [ Processing:   2% ] |#                                                  | [\]
 [ Processing:   2% ] |#                                                  | [|]
 [ Processing:   2% ] |#                                                  | [/]
 [ Processing:   2% ] |#                                                  | [-]
 [ Processing:   2% ] |#                                                  | [\]
 [ Processing:   2% ] |#                                                  | [|]
 [ Processing:   2% ] |#                                                  | [/]
 [ Processing:   2% ] |#                                                  | [-]
 [ Processing:   2% ] |#                                                  | [\]
 [ Processing:   2% ] |#                                                  | [|]
 [ Processing:   2% ] |#                                                  | [/]
 [ Processing:   2% ] |#                                                  | [-]
 [ Processing:   2% ] |#                                                  | [\]
 [ Processing:   2% ] |#                                                  | [|]
 [ Processing:   2% ] |#                                                  | [/]
 [ Processing:   2% ] |#                                                  | [-]
 [ Processing:   2% ] |#                                                  | [\]
 [ Processing:   2% ] |#                                                  | [|]
 [ Processing:   2% ] |#                                                  | [/]
 [ Processing:   2% ] |#                                                  | [-]
 [ Processing:   2% ] |#                                                  | [\]
 [ Processing:   2% ] |#                                                  | [|]
 [ Processing:   2% ] |#                                                  | [/]
 [ Processing:   2% ] |#                                                  | [-]
 [ Processing:   2% ] |#                                                  | [\]
 [ Processing:   2% ] |#                                                  | [|]
 [ Processing:   2% ] |#                                                  | [/]
 [ Processing:   2% ] |#                                                  | [-]
 [ Processing:   2% ] |#                                                  | [\]
 [ Processing:   2% ] |#                                                  | [|]
 [ Processing:   2% ] |#                                                  | [/]
 [ Processing:   2% ] |#                                                  | [-]
 [ Processing:   2% ] |#                                                  | [\]
 [ Processing:   2% ] |#                                                  | [|]
 [ Processing:   2% ] |#                                                  | [/]
 [ Processing:   2% ] |#                                                  | [-]
 [ Processing:   2% ] |#                                                  | [\]
 [ Processing:   2% ] |#                                                  | [|]
 [ Processing:   2% ] |#                                                  | [/]
 [ Processing:   2% ] |#                                                  | [-]
 [ Processing:   2% ] |#                                                  | [\]
 [ Processing:   2% ] |#                                                  | [|]

Job has been paused. Call `resume()` to resume.
 [ Processing: 100% ] |###################################################| [|]
2025-12-28 19:13:07,992 - INFO - Initial Job Status: paused
2025-12-28 19:13:07,992 - INFO - Job ba4b496c-94ba-4e0c-9abb-e9d55d679fcc is paused. Resuming...
2025-12-28 19:13:09,222 - INFO - Resume requested. Waiting for processing...
 [ Processing:   0% ] |                                                   | [/]
 [ Processing:   3% ] |#                                                  | [-]
 [ Processing:   3% ] |#                                                  | [\]
 [ Processing:   3% ] |#                                                  | [|]
 [ Processing:   3% ] |#                                                  | [/]
 [ Processing:   3% ] |#                                                  | [-]
 [ Processing:   3% ] |#                                                  | [\]
 [ Processing:   3% ] |#                                                  | [|]
 [ Processing:   3% ] |#                                                  | [/]
 [ Processing:   3% ] |#                                                  | [-]
 [ Processing:   3% ] |#                                                  | [\]
 [ Processing:   3% ] |#                                                  | [|]
 [ Processing:   3% ] |#                                                  | [/]
 [ Processing:   3% ] |#                                                  | [-]
 [ Processing:   3% ] |#                                                  | [\]
 [ Processing:   3% ] |#                                                  | [|]
 [ Processing:   3% ] |#                                                  | [/]
 [ Processing:   3% ] |#                                                  | [-]
 [ Processing:   3% ] |#                                                  | [\]
 [ Processing:   3% ] |#                                                  | [|]
 [ Processing:   3% ] |#                                                  | [/]
 [ Processing:   3% ] |#                                                  | [-]
 [ Processing:   3% ] |#                                                  | [\]
 [ Processing:   3% ] |#                                                  | [|]
 [ Processing:   3% ] |#                                                  | [/]
 [ Processing:   3% ] |#                                                  | [-]
 [ Processing:   3% ] |#                                                  | [\]
 [ Processing:   4% ] |##                                                 | [|]
 [ Processing:   4% ] |##                                                 | [/]
 [ Processing:   4% ] |##                                                 | [-]
 [ Processing:   4% ] |##                                                 | [\]
 [ Processing:   4% ] |##                                                 | [|]
 [ Processing:   4% ] |##                                                 | [/]
 [ Processing:   4% ] |##                                                 | [-]
 [ Processing:   4% ] |##                                                 | [\]
 [ Processing:   4% ] |##                                                 | [|]
 [ Processing:   5% ] |##                                                 | [/]
 [ Processing:   5% ] |##                                                 | [-]
 [ Processing:   5% ] |##                                                 | [\]
 [ Processing:   5% ] |##                                                 | [|]
 [ Processing:   5% ] |##                                                 | [/]
 [ Processing:   5% ] |##                                                 | [-]
 [ Processing:   5% ] |##                                                 | [\]
 [ Processing:   5% ] |##                                                 | [|]
 [ Processing:   5% ] |##                                                 | [/]
 [ Processing:   5% ] |##                                                 | [-]
 [ Processing:   5% ] |##                                                 | [\]
 [ Processing:   5% ] |##                                                 | [|]
 [ Processing:   5% ] |##                                                 | [/]
 [ Processing:   5% ] |##                                                 | [-]
 [ Processing:   5% ] |##                                                 | [\]
 [ Processing:   5% ] |##                                                 | [|]
 [ Processing:   5% ] |##                                                 | [/]
 [ Processing:   5% ] |##                                                 | [-]
 [ Processing:   6% ] |###                                                | [\]
 [ Processing:   6% ] |###                                                | [|]
 [ Processing:   6% ] |###                                                | [/]
 [ Processing:   6% ] |###                                                | [-]
 [ Processing:   6% ] |###                                                | [\]
 [ Processing:   6% ] |###                                                | [|]
 [ Processing:   6% ] |###                                                | [/]
 [ Processing:   6% ] |###                                                | [-]
 [ Processing:   6% ] |###                                                | [\]
 [ Processing:   6% ] |###                                                | [|]
 [ Processing:   6% ] |###                                                | [/]
 [ Processing:   6% ] |###                                                | [-]
 [ Processing:   6% ] |###                                                | [\]
 [ Processing:   6% ] |###                                                | [|]
 [ Processing:   6% ] |###                                                | [/]
 [ Processing:   6% ] |###                                                | [-]
 [ Processing:   6% ] |###                                                | [\]
 [ Processing:   6% ] |###                                                | [|]
 [ Processing:   6% ] |###                                                | [/]
 [ Processing:   6% ] |###                                                | [-]
 [ Processing:   6% ] |###                                                | [\]
 [ Processing:   6% ] |###                                                | [|]
 [ Processing:   6% ] |###                                                | [/]
 [ Processing:   6% ] |###                                                | [-]
 [ Processing:   6% ] |###                                                | [\]
 [ Processing:   6% ] |###                                                | [|]
 [ Processing:   6% ] |###                                                | [/]
 [ Processing:   7% ] |###                                                | [-]
 [ Processing:   7% ] |###                                                | [\]
 [ Processing:   7% ] |###                                                | [|]
 [ Processing:   7% ] |###                                                | [/]
 [ Processing:   7% ] |###                                                | [-]
 [ Processing:   7% ] |###                                                | [\]
 [ Processing:   7% ] |###                                                | [|]
 [ Processing:   7% ] |###                                                | [/]
 [ Processing:   7% ] |###                                                | [-]
 [ Processing:   7% ] |###                                                | [\]
 [ Processing:   7% ] |###                                                | [|]
 [ Processing:   7% ] |###                                                | [/]
 [ Processing:   7% ] |###                                                | [-]
 [ Processing:   7% ] |###                                                | [\]
 [ Processing:   7% ] |###                                                | [|]
 [ Processing:   7% ] |###                                                | [/]
 [ Processing:   7% ] |###                                                | [-]
 [ Processing:   7% ] |###                                                | [\]
 [ Processing:   8% ] |####                                               | [|]
 [ Processing:   8% ] |####                                               | [/]
 [ Processing:   8% ] |####                                               | [-]
 [ Processing:   8% ] |####                                               | [\]
 [ Processing:   8% ] |####                                               | [|]
 [ Processing:   8% ] |####                                               | [/]
 [ Processing:   8% ] |####                                               | [-]
 [ Processing:   8% ] |####                                               | [\]
 [ Processing:   8% ] |####                                               | [|]
 [ Processing:   9% ] |####                                               | [/]
 [ Processing:   9% ] |####                                               | [-]
 [ Processing:   9% ] |####                                               | [\]
 [ Processing:   9% ] |####                                               | [|]
 [ Processing:   9% ] |####                                               | [/]
 [ Processing:   9% ] |####                                               | [-]
 [ Processing:   9% ] |####                                               | [\]
 [ Processing:   9% ] |####                                               | [|]
 [ Processing:   9% ] |####                                               | [/]
 [ Processing:   9% ] |####                                               | [-]
 [ Processing:   9% ] |####                                               | [\]
 [ Processing:   9% ] |####                                               | [|]
 [ Processing:   9% ] |####                                               | [/]
 [ Processing:   9% ] |####                                               | [-]
 [ Processing:   9% ] |####                                               | [\]
 [ Processing:   9% ] |####                                               | [|]
 [ Processing:   9% ] |####                                               | [/]
 [ Processing:   9% ] |####                                               | [-]
 [ Processing:   9% ] |####                                               | [\]
 [ Processing:   9% ] |####                                               | [|]
 [ Processing:   9% ] |####                                               | [/]
 [ Processing:   9% ] |####                                               | [-]
 [ Processing:   9% ] |####                                               | [\]
 [ Processing:   9% ] |####                                               | [|]
 [ Processing:   9% ] |####                                               | [/]
 [ Processing:   9% ] |####                                               | [-]
 [ Processing:   9% ] |####                                               | [\]
 [ Processing:  10% ] |#####                                              | [|]
 [ Processing:  10% ] |#####                                              | [/]
 [ Processing:  10% ] |#####                                              | [-]
 [ Processing:  10% ] |#####                                              | [\]
 [ Processing:  10% ] |#####                                              | [|]
 [ Processing:  10% ] |#####                                              | [/]
 [ Processing:  10% ] |#####                                              | [-]
 [ Processing:  10% ] |#####                                              | [\]
 [ Processing:  10% ] |#####                                              | [|]
 [ Processing:  10% ] |#####                                              | [/]
 [ Processing:  10% ] |#####                                              | [-]
 [ Processing:  10% ] |#####                                              | [\]
 [ Processing:  10% ] |#####                                              | [|]
 [ Processing:  10% ] |#####                                              | [/]
 [ Processing:  10% ] |#####                                              | [-]
 [ Processing:  10% ] |#####                                              | [\]
 [ Processing:  10% ] |#####                                              | [|]
 [ Processing:  10% ] |#####                                              | [/]
 [ Processing:  11% ] |#####                                              | [-]
 [ Processing:  11% ] |#####                                              | [\]
 [ Processing:  11% ] |#####                                              | [|]
 [ Processing:  11% ] |#####                                              | [/]
 [ Processing:  11% ] |#####                                              | [-]
 [ Processing:  11% ] |#####                                              | [\]
 [ Processing:  11% ] |#####                                              | [|]
 [ Processing:  11% ] |#####                                              | [/]
 [ Processing:  11% ] |#####                                              | [-]
 [ Processing:  12% ] |######                                             | [\]
 [ Processing:  12% ] |######                                             | [|]
 [ Processing:  12% ] |######                                             | [/]
 [ Processing:  12% ] |######                                             | [-]
 [ Processing:  12% ] |######                                             | [\]
 [ Processing:  12% ] |######                                             | [|]
 [ Processing:  12% ] |######                                             | [/]
 [ Processing:  12% ] |######                                             | [-]
 [ Processing:  12% ] |######                                             | [\]
 [ Processing:  12% ] |######                                             | [|]
 [ Processing:  12% ] |######                                             | [/]
 [ Processing:  12% ] |######                                             | [-]
 [ Processing:  12% ] |######                                             | [\]
 [ Processing:  12% ] |######                                             | [|]
 [ Processing:  12% ] |######                                             | [/]
 [ Processing:  12% ] |######                                             | [-]
 [ Processing:  12% ] |######                                             | [\]
 [ Processing:  12% ] |######                                             | [|]
 [ Processing:  12% ] |######                                             | [/]
 [ Processing:  12% ] |######                                             | [-]
 [ Processing:  12% ] |######                                             | [\]
 [ Processing:  12% ] |######                                             | [|]
 [ Processing:  12% ] |######                                             | [/]
 [ Processing:  12% ] |######                                             | [-]
 [ Processing:  12% ] |######                                             | [\]
 [ Processing:  12% ] |######                                             | [|]
 [ Processing:  12% ] |######                                             | [/]
 [ Processing:  13% ] |######                                             | [-]
 [ Processing:  13% ] |######                                             | [\]
 [ Processing:  13% ] |######                                             | [|]
 [ Processing:  13% ] |######                                             | [/]
 [ Processing:  13% ] |######                                             | [-]
 [ Processing:  13% ] |######                                             | [\]
 [ Processing:  13% ] |######                                             | [|]
 [ Processing:  13% ] |######                                             | [/]
 [ Processing:  13% ] |######                                             | [-]
 [ Processing:  13% ] |######                                             | [\]
 [ Processing:  13% ] |######                                             | [|]
 [ Processing:  13% ] |######                                             | [/]
 [ Processing:  13% ] |######                                             | [-]
 [ Processing:  13% ] |######                                             | [\]
 [ Processing:  13% ] |######                                             | [|]
 [ Processing:  13% ] |######                                             | [/]
 [ Processing:  13% ] |######                                             | [-]
 [ Processing:  13% ] |######                                             | [\]
 [ Processing:  14% ] |#######                                            | [|]
 [ Processing:  14% ] |#######                                            | [/]
 [ Processing:  14% ] |#######                                            | [-]
 [ Processing:  14% ] |#######                                            | [\]
 [ Processing:  14% ] |#######                                            | [|]
 [ Processing:  14% ] |#######                                            | [/]
 [ Processing:  14% ] |#######                                            | [-]
 [ Processing:  14% ] |#######                                            | [\]
 [ Processing:  14% ] |#######                                            | [|]
 [ Processing:  15% ] |#######                                            | [/]
 [ Processing:  15% ] |#######                                            | [-]
 [ Processing:  15% ] |#######                                            | [\]
 [ Processing:  15% ] |#######                                            | [|]
 [ Processing:  15% ] |#######                                            | [/]
 [ Processing:  15% ] |#######                                            | [-]
 [ Processing:  15% ] |#######                                            | [\]
 [ Processing:  15% ] |#######                                            | [|]
 [ Processing:  15% ] |#######                                            | [/]
 [ Processing:  15% ] |#######                                            | [-]
 [ Processing:  15% ] |#######                                            | [\]
 [ Processing:  15% ] |#######                                            | [|]
 [ Processing:  15% ] |#######                                            | [/]
 [ Processing:  15% ] |#######                                            | [-]
 [ Processing:  15% ] |#######                                            | [\]
 [ Processing:  15% ] |#######                                            | [|]
 [ Processing:  15% ] |#######                                            | [/]
 [ Processing:  15% ] |#######                                            | [-]
 [ Processing:  15% ] |#######                                            | [\]
 [ Processing:  15% ] |#######                                            | [|]
 [ Processing:  15% ] |#######                                            | [/]
 [ Processing:  15% ] |#######                                            | [-]
 [ Processing:  15% ] |#######                                            | [\]
 [ Processing:  15% ] |#######                                            | [|]
 [ Processing:  15% ] |#######                                            | [/]
 [ Processing:  15% ] |#######                                            | [-]
 [ Processing:  15% ] |#######                                            | [\]
 [ Processing:  16% ] |########                                           | [|]
 [ Processing:  16% ] |########                                           | [/]
 [ Processing:  16% ] |########                                           | [-]
 [ Processing:  16% ] |########                                           | [\]
 [ Processing:  16% ] |########                                           | [|]
 [ Processing:  16% ] |########                                           | [/]
 [ Processing:  16% ] |########                                           | [-]
 [ Processing:  16% ] |########                                           | [\]
 [ Processing:  16% ] |########                                           | [|]
 [ Processing:  16% ] |########                                           | [/]
 [ Processing:  16% ] |########                                           | [-]
 [ Processing:  16% ] |########                                           | [\]
 [ Processing:  16% ] |########                                           | [|]
 [ Processing:  16% ] |########                                           | [/]
 [ Processing:  16% ] |########                                           | [-]
 [ Processing:  16% ] |########                                           | [\]
 [ Processing:  16% ] |########                                           | [|]
 [ Processing:  16% ] |########                                           | [/]
 [ Processing:  17% ] |########                                           | [-]
 [ Processing:  17% ] |########                                           | [\]
 [ Processing:  17% ] |########                                           | [|]
 [ Processing:  17% ] |########                                           | [/]
 [ Processing:  17% ] |########                                           | [-]
 [ Processing:  17% ] |########                                           | [\]
 [ Processing:  17% ] |########                                           | [|]
 [ Processing:  17% ] |########                                           | [/]
 [ Processing:  17% ] |########                                           | [-]
 [ Processing:  17% ] |########                                           | [\]
 [ Processing:  17% ] |########                                           | [|]
 [ Processing:  17% ] |########                                           | [/]
 [ Processing:  17% ] |########                                           | [-]
 [ Processing:  17% ] |########                                           | [\]
 [ Processing:  17% ] |########                                           | [|]
 [ Processing:  17% ] |########                                           | [/]
 [ Processing:  17% ] |########                                           | [-]
 [ Processing:  17% ] |########                                           | [\]
 [ Processing:  18% ] |#########                                          | [|]
 [ Processing:  18% ] |#########                                          | [/]
 [ Processing:  18% ] |#########                                          | [-]
 [ Processing:  18% ] |#########                                          | [\]
 [ Processing:  18% ] |#########                                          | [|]
 [ Processing:  18% ] |#########                                          | [/]
 [ Processing:  18% ] |#########                                          | [-]
 [ Processing:  18% ] |#########                                          | [\]
 [ Processing:  18% ] |#########                                          | [|]
 [ Processing:  18% ] |#########                                          | [/]
 [ Processing:  18% ] |#########                                          | [-]
 [ Processing:  18% ] |#########                                          | [\]
 [ Processing:  18% ] |#########                                          | [|]
 [ Processing:  18% ] |#########                                          | [/]
 [ Processing:  18% ] |#########                                          | [-]
 [ Processing:  18% ] |#########                                          | [\]
 [ Processing:  18% ] |#########                                          | [|]
 [ Processing:  18% ] |#########                                          | [/]
 [ Processing:  19% ] |#########                                          | [-]
 [ Processing:  19% ] |#########                                          | [\]
 [ Processing:  19% ] |#########                                          | [|]
 [ Processing:  19% ] |#########                                          | [/]
 [ Processing:  19% ] |#########                                          | [-]
 [ Processing:  19% ] |#########                                          | [\]
 [ Processing:  19% ] |#########                                          | [|]
 [ Processing:  19% ] |#########                                          | [/]
 [ Processing:  19% ] |#########                                          | [-]
 [ Processing:  19% ] |#########                                          | [\]
 [ Processing:  19% ] |#########                                          | [|]
 [ Processing:  19% ] |#########                                          | [/]
 [ Processing:  19% ] |#########                                          | [-]
 [ Processing:  19% ] |#########                                          | [\]
 [ Processing:  19% ] |#########                                          | [|]
 [ Processing:  19% ] |#########                                          | [/]
 [ Processing:  19% ] |#########                                          | [-]
 [ Processing:  19% ] |#########                                          | [\]
 [ Processing:  19% ] |#########                                          | [|]
 [ Processing:  19% ] |#########                                          | [/]
 [ Processing:  19% ] |#########                                          | [-]
 [ Processing:  19% ] |#########                                          | [\]
 [ Processing:  19% ] |#########                                          | [|]
 [ Processing:  19% ] |#########                                          | [/]
 [ Processing:  19% ] |#########                                          | [-]
 [ Processing:  19% ] |#########                                          | [\]
 [ Processing:  19% ] |#########                                          | [|]
 [ Processing:  20% ] |##########                                         | [/]
 [ Processing:  20% ] |##########                                         | [-]
 [ Processing:  20% ] |##########                                         | [\]
 [ Processing:  20% ] |##########                                         | [|]
 [ Processing:  20% ] |##########                                         | [/]
 [ Processing:  20% ] |##########                                         | [-]
 [ Processing:  20% ] |##########                                         | [\]
 [ Processing:  20% ] |##########                                         | [|]
 [ Processing:  20% ] |##########                                         | [/]
 [ Processing:  20% ] |##########                                         | [-]
 [ Processing:  20% ] |##########                                         | [\]
 [ Processing:  20% ] |##########                                         | [|]
 [ Processing:  20% ] |##########                                         | [/]
 [ Processing:  20% ] |##########                                         | [-]
 [ Processing:  20% ] |##########                                         | [\]
 [ Processing:  20% ] |##########                                         | [|]
 [ Processing:  20% ] |##########                                         | [/]
 [ Processing:  20% ] |##########                                         | [-]
 [ Processing:  21% ] |##########                                         | [\]
 [ Processing:  21% ] |##########                                         | [|]
 [ Processing:  21% ] |##########                                         | [/]
 [ Processing:  21% ] |##########                                         | [-]
 [ Processing:  21% ] |##########                                         | [\]
 [ Processing:  21% ] |##########                                         | [|]
 [ Processing:  21% ] |##########                                         | [/]
 [ Processing:  21% ] |##########                                         | [-]
 [ Processing:  21% ] |##########                                         | [\]
 [ Processing:  21% ] |##########                                         | [|]
 [ Processing:  21% ] |##########                                         | [/]
 [ Processing:  21% ] |##########                                         | [-]
 [ Processing:  21% ] |##########                                         | [\]
 [ Processing:  21% ] |##########                                         | [|]
 [ Processing:  21% ] |##########                                         | [/]
 [ Processing:  21% ] |##########                                         | [-]
 [ Processing:  21% ] |##########                                         | [\]
 [ Processing:  21% ] |##########                                         | [|]
 [ Processing:  22% ] |###########                                        | [/]
 [ Processing:  22% ] |###########                                        | [-]
 [ Processing:  22% ] |###########                                        | [\]
 [ Processing:  22% ] |###########                                        | [|]
 [ Processing:  22% ] |###########                                        | [/]
 [ Processing:  22% ] |###########                                        | [-]
 [ Processing:  22% ] |###########                                        | [\]
 [ Processing:  22% ] |###########                                        | [|]
 [ Processing:  22% ] |###########                                        | [/]
 [ Processing:  23% ] |###########                                        | [-]
 [ Processing:  23% ] |###########                                        | [\]
 [ Processing:  23% ] |###########                                        | [|]
 [ Processing:  23% ] |###########                                        | [/]
 [ Processing:  23% ] |###########                                        | [-]
 [ Processing:  23% ] |###########                                        | [\]
 [ Processing:  23% ] |###########                                        | [|]
 [ Processing:  23% ] |###########                                        | [/]
 [ Processing:  23% ] |###########                                        | [-]
 [ Processing:  23% ] |###########                                        | [\]
 [ Processing:  23% ] |###########                                        | [|]
 [ Processing:  23% ] |###########                                        | [/]
 [ Processing:  23% ] |###########                                        | [-]
 [ Processing:  23% ] |###########                                        | [\]
 [ Processing:  23% ] |###########                                        | [|]
 [ Processing:  23% ] |###########                                        | [/]
 [ Processing:  23% ] |###########                                        | [-]
 [ Processing:  23% ] |###########                                        | [\]
 [ Processing:  24% ] |############                                       | [|]
 [ Processing:  24% ] |############                                       | [/]
 [ Processing:  24% ] |############                                       | [-]
 [ Processing:  24% ] |############                                       | [\]
 [ Processing:  24% ] |############                                       | [|]
 [ Processing:  24% ] |############                                       | [/]
 [ Processing:  24% ] |############                                       | [-]
 [ Processing:  24% ] |############                                       | [\]
 [ Processing:  24% ] |############                                       | [|]
 [ Processing:  24% ] |############                                       | [/]
 [ Processing:  24% ] |############                                       | [-]
 [ Processing:  24% ] |############                                       | [\]
 [ Processing:  24% ] |############                                       | [|]
 [ Processing:  24% ] |############                                       | [/]
 [ Processing:  24% ] |############                                       | [-]
 [ Processing:  24% ] |############                                       | [\]
 [ Processing:  24% ] |############                                       | [|]
 [ Processing:  24% ] |############                                       | [/]
 [ Processing:  25% ] |############                                       | [-]
 [ Processing:  25% ] |############                                       | [\]
 [ Processing:  25% ] |############                                       | [|]
 [ Processing:  25% ] |############                                       | [/]
 [ Processing:  25% ] |############                                       | [-]
 [ Processing:  25% ] |############                                       | [\]
 [ Processing:  25% ] |############                                       | [|]
 [ Processing:  25% ] |############                                       | [/]
 [ Processing:  25% ] |############                                       | [-]
 [ Processing:  25% ] |############                                       | [\]
 [ Processing:  25% ] |############                                       | [|]
 [ Processing:  25% ] |############                                       | [/]
 [ Processing:  25% ] |############                                       | [-]
 [ Processing:  25% ] |############                                       | [\]
 [ Processing:  25% ] |############                                       | [|]
 [ Processing:  25% ] |############                                       | [/]
 [ Processing:  25% ] |############                                       | [-]
 [ Processing:  25% ] |############                                       | [\]
 [ Processing:  26% ] |#############                                      | [|]
 [ Processing:  26% ] |#############                                      | [/]
 [ Processing:  26% ] |#############                                      | [-]
 [ Processing:  26% ] |#############                                      | [\]
 [ Processing:  26% ] |#############                                      | [|]
 [ Processing:  26% ] |#############                                      | [/]
 [ Processing:  26% ] |#############                                      | [-]
 [ Processing:  26% ] |#############                                      | [\]
 [ Processing:  26% ] |#############                                      | [|]
 [ Processing:  27% ] |#############                                      | [/]
 [ Processing:  27% ] |#############                                      | [-]
 [ Processing:  27% ] |#############                                      | [\]
 [ Processing:  27% ] |#############                                      | [|]
 [ Processing:  27% ] |#############                                      | [/]
 [ Processing:  27% ] |#############                                      | [-]
 [ Processing:  27% ] |#############                                      | [\]
 [ Processing:  27% ] |#############                                      | [|]
 [ Processing:  27% ] |#############                                      | [/]
 [ Processing:  27% ] |#############                                      | [-]
 [ Processing:  27% ] |#############                                      | [\]
 [ Processing:  27% ] |#############                                      | [|]
 [ Processing:  27% ] |#############                                      | [/]
 [ Processing:  27% ] |#############                                      | [-]
 [ Processing:  27% ] |#############                                      | [\]
 [ Processing:  27% ] |#############                                      | [|]
 [ Processing:  27% ] |#############                                      | [/]
 [ Processing:  27% ] |#############                                      | [-]
 [ Processing:  28% ] |##############                                     | [\]
 [ Processing:  28% ] |##############                                     | [|]
 [ Processing:  28% ] |##############                                     | [/]
 [ Processing:  28% ] |##############                                     | [-]
 [ Processing:  28% ] |##############                                     | [\]
 [ Processing:  28% ] |##############                                     | [|]
 [ Processing:  28% ] |##############                                     | [/]
 [ Processing:  28% ] |##############                                     | [-]
 [ Processing:  28% ] |##############                                     | [\]
 [ Processing:  28% ] |##############                                     | [|]
 [ Processing:  28% ] |##############                                     | [/]
 [ Processing:  28% ] |##############                                     | [-]
 [ Processing:  28% ] |##############                                     | [\]
 [ Processing:  28% ] |##############                                     | [|]
 [ Processing:  28% ] |##############                                     | [/]
 [ Processing:  28% ] |##############                                     | [-]
 [ Processing:  28% ] |##############                                     | [\]
 [ Processing:  28% ] |##############                                     | [|]
 [ Processing:  29% ] |##############                                     | [/]
 [ Processing:  29% ] |##############                                     | [-]
 [ Processing:  29% ] |##############                                     | [\]
 [ Processing:  29% ] |##############                                     | [|]
 [ Processing:  29% ] |##############                                     | [/]
 [ Processing:  29% ] |##############                                     | [-]
 [ Processing:  29% ] |##############                                     | [\]
 [ Processing:  29% ] |##############                                     | [|]
 [ Processing:  29% ] |##############                                     | [/]
 [ Processing:  30% ] |###############                                    | [-]
 [ Processing:  30% ] |###############                                    | [\]
 [ Processing:  30% ] |###############                                    | [|]
 [ Processing:  30% ] |###############                                    | [/]
 [ Processing:  30% ] |###############                                    | [-]
 [ Processing:  30% ] |###############                                    | [\]
 [ Processing:  30% ] |###############                                    | [|]
 [ Processing:  30% ] |###############                                    | [/]
 [ Processing:  30% ] |###############                                    | [-]
 [ Processing:  30% ] |###############                                    | [\]
 [ Processing:  30% ] |###############                                    | [|]
 [ Processing:  30% ] |###############                                    | [/]
 [ Processing:  30% ] |###############                                    | [-]
 [ Processing:  30% ] |###############                                    | [\]
 [ Processing:  30% ] |###############                                    | [|]
 [ Processing:  30% ] |###############                                    | [/]
 [ Processing:  30% ] |###############                                    | [-]
 [ Processing:  30% ] |###############                                    | [\]
 [ Processing:  31% ] |###############                                    | [|]
 [ Processing:  31% ] |###############                                    | [/]
 [ Processing:  31% ] |###############                                    | [-]
 [ Processing:  31% ] |###############                                    | [\]
 [ Processing:  31% ] |###############                                    | [|]
 [ Processing:  31% ] |###############                                    | [/]
 [ Processing:  31% ] |###############                                    | [-]
 [ Processing:  31% ] |###############                                    | [\]
 [ Processing:  31% ] |###############                                    | [|]
 [ Processing:  32% ] |################                                   | [/]
 [ Processing:  32% ] |################                                   | [-]
 [ Processing:  32% ] |################                                   | [\]
 [ Processing:  32% ] |################                                   | [|]
 [ Processing:  32% ] |################                                   | [/]
 [ Processing:  32% ] |################                                   | [-]
 [ Processing:  32% ] |################                                   | [\]
 [ Processing:  32% ] |################                                   | [|]
 [ Processing:  32% ] |################                                   | [/]
 [ Processing:  33% ] |################                                   | [-]
 [ Processing:  33% ] |################                                   | [\]
 [ Processing:  33% ] |################                                   | [|]
 [ Processing:  33% ] |################                                   | [/]
 [ Processing:  33% ] |################                                   | [-]
 [ Processing:  33% ] |################                                   | [\]
 [ Processing:  33% ] |################                                   | [|]
 [ Processing:  33% ] |################                                   | [/]
 [ Processing:  33% ] |################                                   | [-]
 [ Processing:  33% ] |################                                   | [\]
 [ Processing:  33% ] |################                                   | [|]
 [ Processing:  33% ] |################                                   | [/]
 [ Processing:  33% ] |################                                   | [-]
 [ Processing:  33% ] |################                                   | [\]
 [ Processing:  33% ] |################                                   | [|]
 [ Processing:  33% ] |################                                   | [/]
 [ Processing:  33% ] |################                                   | [-]
 [ Processing:  33% ] |################                                   | [\]
 [ Processing:  33% ] |################                                   | [|]
 [ Processing:  33% ] |################                                   | [/]
 [ Processing:  33% ] |################                                   | [-]
 [ Processing:  33% ] |################                                   | [\]
 [ Processing:  33% ] |################                                   | [|]
 [ Processing:  33% ] |################                                   | [/]
 [ Processing:  33% ] |################                                   | [-]
 [ Processing:  33% ] |################                                   | [\]
 [ Processing:  33% ] |################                                   | [|]
 [ Processing:  34% ] |#################                                  | [/]
 [ Processing:  34% ] |#################                                  | [-]
 [ Processing:  34% ] |#################                                  | [\]
 [ Processing:  34% ] |#################                                  | [|]
 [ Processing:  34% ] |#################                                  | [/]
 [ Processing:  34% ] |#################                                  | [-]
 [ Processing:  34% ] |#################                                  | [\]
 [ Processing:  34% ] |#################                                  | [|]
 [ Processing:  34% ] |#################                                  | [/]
 [ Processing:  35% ] |#################                                  | [-]
 [ Processing:  35% ] |#################                                  | [\]
 [ Processing:  35% ] |#################                                  | [|]
 [ Processing:  35% ] |#################                                  | [/]
 [ Processing:  35% ] |#################                                  | [-]
 [ Processing:  35% ] |#################                                  | [\]
 [ Processing:  35% ] |#################                                  | [|]
 [ Processing:  35% ] |#################                                  | [/]
 [ Processing:  35% ] |#################                                  | [-]
 [ Processing:  36% ] |##################                                 | [\]
 [ Processing:  36% ] |##################                                 | [|]
 [ Processing:  36% ] |##################                                 | [/]
 [ Processing:  36% ] |##################                                 | [-]
 [ Processing:  36% ] |##################                                 | [\]
 [ Processing:  36% ] |##################                                 | [|]
 [ Processing:  36% ] |##################                                 | [/]
 [ Processing:  36% ] |##################                                 | [-]
 [ Processing:  36% ] |##################                                 | [\]
 [ Processing:  37% ] |##################                                 | [|]
 [ Processing:  37% ] |##################                                 | [/]
 [ Processing:  37% ] |##################                                 | [-]
 [ Processing:  37% ] |##################                                 | [\]
 [ Processing:  37% ] |##################                                 | [|]
 [ Processing:  37% ] |##################                                 | [/]
 [ Processing:  37% ] |##################                                 | [-]
 [ Processing:  37% ] |##################                                 | [\]
 [ Processing:  37% ] |##################                                 | [|]
 [ Processing:  37% ] |##################                                 | [/]
 [ Processing:  37% ] |##################                                 | [-]
 [ Processing:  37% ] |##################                                 | [\]
 [ Processing:  37% ] |##################                                 | [|]
 [ Processing:  37% ] |##################                                 | [/]
 [ Processing:  37% ] |##################                                 | [-]
 [ Processing:  37% ] |##################                                 | [\]
 [ Processing:  37% ] |##################                                 | [|]
 [ Processing:  37% ] |##################                                 | [/]
 [ Processing:  38% ] |###################                                | [-]
 [ Processing:  38% ] |###################                                | [\]
 [ Processing:  38% ] |###################                                | [|]
 [ Processing:  38% ] |###################                                | [/]
 [ Processing:  38% ] |###################                                | [-]
 [ Processing:  38% ] |###################                                | [\]
 [ Processing:  38% ] |###################                                | [|]
 [ Processing:  38% ] |###################                                | [/]
 [ Processing:  38% ] |###################                                | [-]
 [ Processing:  38% ] |###################                                | [\]
 [ Processing:  38% ] |###################                                | [|]
 [ Processing:  38% ] |###################                                | [/]
 [ Processing:  38% ] |###################                                | [-]
 [ Processing:  38% ] |###################                                | [\]
 [ Processing:  38% ] |###################                                | [|]
 [ Processing:  38% ] |###################                                | [/]
 [ Processing:  38% ] |###################                                | [-]
 [ Processing:  38% ] |###################                                | [\]
 [ Processing:  40% ] |####################                               | [|]
 [ Processing:  40% ] |####################                               | [/]
 [ Processing:  40% ] |####################                               | [-]
 [ Processing:  40% ] |####################                               | [\]
 [ Processing:  40% ] |####################                               | [|]
 [ Processing:  40% ] |####################                               | [/]
 [ Processing:  40% ] |####################                               | [-]
 [ Processing:  40% ] |####################                               | [\]
 [ Processing:  40% ] |####################                               | [|]
 [ Processing:  40% ] |####################                               | [/]
 [ Processing:  40% ] |####################                               | [-]
 [ Processing:  40% ] |####################                               | [\]
 [ Processing:  40% ] |####################                               | [|]
 [ Processing:  40% ] |####################                               | [/]
 [ Processing:  40% ] |####################                               | [-]
 [ Processing:  40% ] |####################                               | [\]
 [ Processing:  40% ] |####################                               | [|]
 [ Processing:  40% ] |####################                               | [/]
 [ Processing:  41% ] |####################                               | [-]
 [ Processing:  41% ] |####################                               | [\]
 [ Processing:  41% ] |####################                               | [|]
 [ Processing:  41% ] |####################                               | [/]
 [ Processing:  41% ] |####################                               | [-]
 [ Processing:  41% ] |####################                               | [\]
 [ Processing:  41% ] |####################                               | [|]
 [ Processing:  41% ] |####################                               | [/]
 [ Processing:  41% ] |####################                               | [-]
 [ Processing:  41% ] |####################                               | [\]
 [ Processing:  41% ] |####################                               | [|]
 [ Processing:  41% ] |####################                               | [/]
 [ Processing:  41% ] |####################                               | [-]
 [ Processing:  41% ] |####################                               | [\]
 [ Processing:  41% ] |####################                               | [|]
 [ Processing:  41% ] |####################                               | [/]
 [ Processing:  41% ] |####################                               | [-]
 [ Processing:  41% ] |####################                               | [\]
 [ Processing:  41% ] |####################                               | [|]
 [ Processing:  41% ] |####################                               | [/]
 [ Processing:  41% ] |####################                               | [-]
 [ Processing:  41% ] |####################                               | [\]
 [ Processing:  41% ] |####################                               | [|]
 [ Processing:  41% ] |####################                               | [/]
 [ Processing:  41% ] |####################                               | [-]
 [ Processing:  41% ] |####################                               | [\]
 [ Processing:  41% ] |####################                               | [|]
 [ Processing:  42% ] |#####################                              | [/]
 [ Processing:  42% ] |#####################                              | [-]
 [ Processing:  42% ] |#####################                              | [\]
 [ Processing:  42% ] |#####################                              | [|]
 [ Processing:  42% ] |#####################                              | [/]
 [ Processing:  42% ] |#####################                              | [-]
 [ Processing:  42% ] |#####################                              | [\]
 [ Processing:  42% ] |#####################                              | [|]
 [ Processing:  42% ] |#####################                              | [/]
 [ Processing:  43% ] |#####################                              | [-]
 [ Processing:  43% ] |#####################                              | [\]
 [ Processing:  43% ] |#####################                              | [|]
 [ Processing:  43% ] |#####################                              | [/]
 [ Processing:  43% ] |#####################                              | [-]
 [ Processing:  43% ] |#####################                              | [\]
 [ Processing:  43% ] |#####################                              | [|]
 [ Processing:  43% ] |#####################                              | [/]
 [ Processing:  43% ] |#####################                              | [-]
 [ Processing:  44% ] |######################                             | [\]
 [ Processing:  44% ] |######################                             | [|]
 [ Processing:  44% ] |######################                             | [/]
 [ Processing:  44% ] |######################                             | [-]
 [ Processing:  44% ] |######################                             | [\]
 [ Processing:  44% ] |######################                             | [|]
 [ Processing:  44% ] |######################                             | [/]
 [ Processing:  44% ] |######################                             | [-]
 [ Processing:  44% ] |######################                             | [\]
 [ Processing:  44% ] |######################                             | [|]
 [ Processing:  44% ] |######################                             | [/]
 [ Processing:  44% ] |######################                             | [-]
 [ Processing:  44% ] |######################                             | [\]
 [ Processing:  44% ] |######################                             | [|]
 [ Processing:  44% ] |######################                             | [/]
 [ Processing:  44% ] |######################                             | [-]
 [ Processing:  44% ] |######################                             | [\]
 [ Processing:  44% ] |######################                             | [|]
 [ Processing:  45% ] |######################                             | [/]
 [ Processing:  45% ] |######################                             | [-]
 [ Processing:  45% ] |######################                             | [\]
 [ Processing:  45% ] |######################                             | [|]
 [ Processing:  45% ] |######################                             | [/]
 [ Processing:  45% ] |######################                             | [-]
 [ Processing:  45% ] |######################                             | [\]
 [ Processing:  45% ] |######################                             | [|]
 [ Processing:  45% ] |######################                             | [/]
 [ Processing:  46% ] |#######################                            | [-]
 [ Processing:  46% ] |#######################                            | [\]
 [ Processing:  46% ] |#######################                            | [|]
 [ Processing:  46% ] |#######################                            | [/]
 [ Processing:  46% ] |#######################                            | [-]
 [ Processing:  46% ] |#######################                            | [\]
 [ Processing:  46% ] |#######################                            | [|]
 [ Processing:  46% ] |#######################                            | [/]
 [ Processing:  46% ] |#######################                            | [-]
 [ Processing:  46% ] |#######################                            | [\]
 [ Processing:  46% ] |#######################                            | [|]
 [ Processing:  46% ] |#######################                            | [/]
 [ Processing:  46% ] |#######################                            | [-]
 [ Processing:  46% ] |#######################                            | [\]
 [ Processing:  46% ] |#######################                            | [|]
 [ Processing:  46% ] |#######################                            | [/]
 [ Processing:  46% ] |#######################                            | [-]
 [ Processing:  46% ] |#######################                            | [\]
 [ Processing:  48% ] |########################                           | [|]
 [ Processing:  48% ] |########################                           | [/]
 [ Processing:  48% ] |########################                           | [-]
 [ Processing:  48% ] |########################                           | [\]
 [ Processing:  48% ] |########################                           | [|]
 [ Processing:  48% ] |########################                           | [/]
 [ Processing:  48% ] |########################                           | [-]
 [ Processing:  48% ] |########################                           | [\]
 [ Processing:  48% ] |########################                           | [|]
 [ Processing:  48% ] |########################                           | [/]
 [ Processing:  48% ] |########################                           | [-]
 [ Processing:  48% ] |########################                           | [\]
 [ Processing:  48% ] |########################                           | [|]
 [ Processing:  48% ] |########################                           | [/]
 [ Processing:  48% ] |########################                           | [-]
 [ Processing:  48% ] |########################                           | [\]
 [ Processing:  48% ] |########################                           | [|]
 [ Processing:  48% ] |########################                           | [/]
 [ Processing:  49% ] |########################                           | [-]
 [ Processing:  49% ] |########################                           | [\]
 [ Processing:  49% ] |########################                           | [|]
 [ Processing:  49% ] |########################                           | [/]
 [ Processing:  49% ] |########################                           | [-]
 [ Processing:  49% ] |########################                           | [\]
 [ Processing:  49% ] |########################                           | [|]
 [ Processing:  49% ] |########################                           | [/]
 [ Processing:  49% ] |########################                           | [-]
 [ Processing:  50% ] |#########################                          | [\]
 [ Processing:  50% ] |#########################                          | [|]
 [ Processing:  50% ] |#########################                          | [/]
 [ Processing:  50% ] |#########################                          | [-]
 [ Processing:  50% ] |#########################                          | [\]
 [ Processing:  50% ] |#########################                          | [|]
 [ Processing:  50% ] |#########################                          | [/]
 [ Processing:  50% ] |#########################                          | [-]
 [ Processing:  50% ] |#########################                          | [\]
 [ Processing:  50% ] |#########################                          | [|]
 [ Processing:  50% ] |#########################                          | [/]
 [ Processing:  50% ] |#########################                          | [-]
 [ Processing:  50% ] |#########################                          | [\]
 [ Processing:  50% ] |#########################                          | [|]
 [ Processing:  50% ] |#########################                          | [/]
 [ Processing:  50% ] |#########################                          | [-]
 [ Processing:  50% ] |#########################                          | [\]
 [ Processing:  50% ] |#########################                          | [|]
 [ Processing:  51% ] |##########################                         | [/]
 [ Processing:  51% ] |##########################                         | [-]
 [ Processing:  51% ] |##########################                         | [\]
 [ Processing:  51% ] |##########################                         | [|]
 [ Processing:  51% ] |##########################                         | [/]
 [ Processing:  51% ] |##########################                         | [-]
 [ Processing:  51% ] |##########################                         | [\]
 [ Processing:  51% ] |##########################                         | [|]
 [ Processing:  51% ] |##########################                         | [/]
 [ Processing:  51% ] |##########################                         | [-]
 [ Processing:  51% ] |##########################                         | [\]
 [ Processing:  51% ] |##########################                         | [|]
 [ Processing:  51% ] |##########################                         | [/]
 [ Processing:  51% ] |##########################                         | [-]
 [ Processing:  51% ] |##########################                         | [\]
 [ Processing:  51% ] |##########################                         | [|]
 [ Processing:  51% ] |##########################                         | [/]
 [ Processing:  51% ] |##########################                         | [-]
 [ Processing:  52% ] |##########################                         | [\]
 [ Processing:  52% ] |##########################                         | [|]
 [ Processing:  52% ] |##########################                         | [/]
 [ Processing:  52% ] |##########################                         | [-]
 [ Processing:  52% ] |##########################                         | [\]
 [ Processing:  52% ] |##########################                         | [|]
 [ Processing:  52% ] |##########################                         | [/]
 [ Processing:  52% ] |##########################                         | [-]
 [ Processing:  52% ] |##########################                         | [\]
 [ Processing:  53% ] |###########################                        | [|]
 [ Processing:  53% ] |###########################                        | [/]
 [ Processing:  53% ] |###########################                        | [-]
 [ Processing:  53% ] |###########################                        | [\]
 [ Processing:  53% ] |###########################                        | [|]
 [ Processing:  53% ] |###########################                        | [/]
 [ Processing:  53% ] |###########################                        | [-]
 [ Processing:  53% ] |###########################                        | [\]
 [ Processing:  53% ] |###########################                        | [|]
 [ Processing:  54% ] |###########################                        | [/]
 [ Processing:  54% ] |###########################                        | [-]
 [ Processing:  54% ] |###########################                        | [\]
 [ Processing:  54% ] |###########################                        | [|]
 [ Processing:  54% ] |###########################                        | [/]
 [ Processing:  54% ] |###########################                        | [-]
 [ Processing:  54% ] |###########################                        | [\]
 [ Processing:  54% ] |###########################                        | [|]
 [ Processing:  54% ] |###########################                        | [/]
 [ Processing:  54% ] |###########################                        | [-]
 [ Processing:  54% ] |###########################                        | [\]
 [ Processing:  54% ] |###########################                        | [|]
 [ Processing:  54% ] |###########################                        | [/]
 [ Processing:  54% ] |###########################                        | [-]
 [ Processing:  54% ] |###########################                        | [\]
 [ Processing:  54% ] |###########################                        | [|]
 [ Processing:  54% ] |###########################                        | [/]
 [ Processing:  54% ] |###########################                        | [-]
 [ Processing:  56% ] |############################                       | [\]
 [ Processing:  56% ] |############################                       | [|]
 [ Processing:  56% ] |############################                       | [/]
 [ Processing:  56% ] |############################                       | [-]
 [ Processing:  56% ] |############################                       | [\]
 [ Processing:  56% ] |############################                       | [|]
 [ Processing:  56% ] |############################                       | [/]
 [ Processing:  56% ] |############################                       | [-]
 [ Processing:  56% ] |############################                       | [\]
 [ Processing:  57% ] |#############################                      | [|]
 [ Processing:  57% ] |#############################                      | [/]
 [ Processing:  57% ] |#############################                      | [-]
 [ Processing:  57% ] |#############################                      | [\]
 [ Processing:  57% ] |#############################                      | [|]
 [ Processing:  57% ] |#############################                      | [/]
 [ Processing:  57% ] |#############################                      | [-]
 [ Processing:  57% ] |#############################                      | [\]
 [ Processing:  57% ] |#############################                      | [|]
 [ Processing:  57% ] |#############################                      | [/]
 [ Processing:  57% ] |#############################                      | [-]
 [ Processing:  57% ] |#############################                      | [\]
 [ Processing:  57% ] |#############################                      | [|]
 [ Processing:  57% ] |#############################                      | [/]
 [ Processing:  57% ] |#############################                      | [-]
 [ Processing:  57% ] |#############################                      | [\]
 [ Processing:  57% ] |#############################                      | [|]
 [ Processing:  57% ] |#############################                      | [/]
 [ Processing:  58% ] |#############################                      | [-]
 [ Processing:  58% ] |#############################                      | [\]
 [ Processing:  58% ] |#############################                      | [|]
 [ Processing:  58% ] |#############################                      | [/]
 [ Processing:  58% ] |#############################                      | [-]
 [ Processing:  58% ] |#############################                      | [\]
 [ Processing:  58% ] |#############################                      | [|]
 [ Processing:  58% ] |#############################                      | [/]
 [ Processing:  58% ] |#############################                      | [-]
 [ Processing:  59% ] |##############################                     | [\]
 [ Processing:  59% ] |##############################                     | [|]
 [ Processing:  59% ] |##############################                     | [/]
 [ Processing:  59% ] |##############################                     | [-]
 [ Processing:  59% ] |##############################                     | [\]
 [ Processing:  59% ] |##############################                     | [|]
 [ Processing:  59% ] |##############################                     | [/]
 [ Processing:  59% ] |##############################                     | [-]
 [ Processing:  59% ] |##############################                     | [\]
 [ Processing:  59% ] |##############################                     | [|]
 [ Processing:  59% ] |##############################                     | [/]
 [ Processing:  59% ] |##############################                     | [-]
 [ Processing:  59% ] |##############################                     | [\]
 [ Processing:  59% ] |##############################                     | [|]
 [ Processing:  59% ] |##############################                     | [/]
 [ Processing:  59% ] |##############################                     | [-]
 [ Processing:  59% ] |##############################                     | [\]
 [ Processing:  59% ] |##############################                     | [|]
 [ Processing:  60% ] |##############################                     | [/]
 [ Processing:  60% ] |##############################                     | [-]
 [ Processing:  60% ] |##############################                     | [\]
 [ Processing:  60% ] |##############################                     | [|]
 [ Processing:  60% ] |##############################                     | [/]
 [ Processing:  60% ] |##############################                     | [-]
 [ Processing:  60% ] |##############################                     | [\]
 [ Processing:  60% ] |##############################                     | [|]
 [ Processing:  60% ] |##############################                     | [/]
 [ Processing:  60% ] |##############################                     | [-]
 [ Processing:  60% ] |##############################                     | [\]
 [ Processing:  60% ] |##############################                     | [|]
 [ Processing:  60% ] |##############################                     | [/]
 [ Processing:  60% ] |##############################                     | [-]
 [ Processing:  60% ] |##############################                     | [\]
 [ Processing:  60% ] |##############################                     | [|]
 [ Processing:  60% ] |##############################                     | [/]
 [ Processing:  60% ] |##############################                     | [-]
 [ Processing:  61% ] |###############################                    | [\]
 [ Processing:  61% ] |###############################                    | [|]
 [ Processing:  61% ] |###############################                    | [/]
 [ Processing:  61% ] |###############################                    | [-]
 [ Processing:  61% ] |###############################                    | [\]
 [ Processing:  61% ] |###############################                    | [|]
 [ Processing:  61% ] |###############################                    | [/]
 [ Processing:  61% ] |###############################                    | [-]
 [ Processing:  61% ] |###############################                    | [\]
 [ Processing:  61% ] |###############################                    | [|]
 [ Processing:  61% ] |###############################                    | [/]
 [ Processing:  61% ] |###############################                    | [-]
 [ Processing:  61% ] |###############################                    | [\]
 [ Processing:  61% ] |###############################                    | [|]
 [ Processing:  61% ] |###############################                    | [/]
 [ Processing:  61% ] |###############################                    | [-]
 [ Processing:  61% ] |###############################                    | [\]
 [ Processing:  61% ] |###############################                    | [|]
 [ Processing:  62% ] |###############################                    | [/]
 [ Processing:  62% ] |###############################                    | [-]
 [ Processing:  62% ] |###############################                    | [\]
 [ Processing:  62% ] |###############################                    | [|]
 [ Processing:  62% ] |###############################                    | [/]
 [ Processing:  62% ] |###############################                    | [-]
 [ Processing:  62% ] |###############################                    | [\]
 [ Processing:  62% ] |###############################                    | [|]
 [ Processing:  62% ] |###############################                    | [/]
 [ Processing:  63% ] |################################                   | [-]
 [ Processing:  63% ] |################################                   | [\]
 [ Processing:  63% ] |################################                   | [|]
 [ Processing:  63% ] |################################                   | [/]
 [ Processing:  63% ] |################################                   | [-]
 [ Processing:  63% ] |################################                   | [\]
 [ Processing:  63% ] |################################                   | [|]
 [ Processing:  63% ] |################################                   | [/]
 [ Processing:  63% ] |################################                   | [-]
 [ Processing:  63% ] |################################                   | [\]
 [ Processing:  63% ] |################################                   | [|]
 [ Processing:  63% ] |################################                   | [/]
 [ Processing:  63% ] |################################                   | [-]
 [ Processing:  63% ] |################################                   | [\]
 [ Processing:  63% ] |################################                   | [|]
 [ Processing:  63% ] |################################                   | [/]
 [ Processing:  63% ] |################################                   | [-]
 [ Processing:  63% ] |################################                   | [\]
 [ Processing:  64% ] |################################                   | [|]
 [ Processing:  64% ] |################################                   | [/]
 [ Processing:  64% ] |################################                   | [-]
 [ Processing:  64% ] |################################                   | [\]
 [ Processing:  64% ] |################################                   | [|]
 [ Processing:  64% ] |################################                   | [/]
 [ Processing:  64% ] |################################                   | [-]
 [ Processing:  64% ] |################################                   | [\]
 [ Processing:  64% ] |################################                   | [|]
 [ Processing:  65% ] |#################################                  | [/]
 [ Processing:  65% ] |#################################                  | [-]
 [ Processing:  65% ] |#################################                  | [\]
 [ Processing:  65% ] |#################################                  | [|]
 [ Processing:  65% ] |#################################                  | [/]
 [ Processing:  65% ] |#################################                  | [-]
 [ Processing:  65% ] |#################################                  | [\]
 [ Processing:  65% ] |#################################                  | [|]
 [ Processing:  65% ] |#################################                  | [/]
 [ Processing:  65% ] |#################################                  | [-]
 [ Processing:  65% ] |#################################                  | [\]
 [ Processing:  65% ] |#################################                  | [|]
 [ Processing:  65% ] |#################################                  | [/]
 [ Processing:  65% ] |#################################                  | [-]
 [ Processing:  65% ] |#################################                  | [\]
 [ Processing:  65% ] |#################################                  | [|]
 [ Processing:  65% ] |#################################                  | [/]
 [ Processing:  65% ] |#################################                  | [-]
 [ Processing:  66% ] |#################################                  | [\]
 [ Processing:  66% ] |#################################                  | [|]
 [ Processing:  66% ] |#################################                  | [/]
 [ Processing:  66% ] |#################################                  | [-]
 [ Processing:  66% ] |#################################                  | [\]
 [ Processing:  66% ] |#################################                  | [|]
 [ Processing:  66% ] |#################################                  | [/]
 [ Processing:  66% ] |#################################                  | [-]
 [ Processing:  66% ] |#################################                  | [\]
 [ Processing:  66% ] |#################################                  | [|]
 [ Processing:  66% ] |#################################                  | [/]
 [ Processing:  66% ] |#################################                  | [-]
 [ Processing:  66% ] |#################################                  | [\]
 [ Processing:  66% ] |#################################                  | [|]
 [ Processing:  66% ] |#################################                  | [/]
 [ Processing:  66% ] |#################################                  | [-]
 [ Processing:  66% ] |#################################                  | [\]
 [ Processing:  66% ] |#################################                  | [|]
 [ Processing:  66% ] |#################################                  | [/]
 [ Processing:  66% ] |#################################                  | [-]
 [ Processing:  66% ] |#################################                  | [\]
 [ Processing:  66% ] |#################################                  | [|]
 [ Processing:  66% ] |#################################                  | [/]
 [ Processing:  66% ] |#################################                  | [-]
 [ Processing:  66% ] |#################################                  | [\]
 [ Processing:  66% ] |#################################                  | [|]
 [ Processing:  66% ] |#################################                  | [/]
 [ Processing:  68% ] |##################################                 | [-]
 [ Processing:  68% ] |##################################                 | [\]
 [ Processing:  68% ] |##################################                 | [|]
 [ Processing:  68% ] |##################################                 | [/]
 [ Processing:  68% ] |##################################                 | [-]
 [ Processing:  68% ] |##################################                 | [\]
 [ Processing:  68% ] |##################################                 | [|]
 [ Processing:  68% ] |##################################                 | [/]
 [ Processing:  68% ] |##################################                 | [-]
 [ Processing:  69% ] |###################################                | [\]
 [ Processing:  69% ] |###################################                | [|]
 [ Processing:  69% ] |###################################                | [/]
 [ Processing:  69% ] |###################################                | [-]
 [ Processing:  69% ] |###################################                | [\]
 [ Processing:  69% ] |###################################                | [|]
 [ Processing:  69% ] |###################################                | [/]
 [ Processing:  69% ] |###################################                | [-]
 [ Processing:  69% ] |###################################                | [\]
 [ Processing:  69% ] |###################################                | [|]
 [ Processing:  69% ] |###################################                | [/]
 [ Processing:  69% ] |###################################                | [-]
 [ Processing:  69% ] |###################################                | [\]
 [ Processing:  69% ] |###################################                | [|]
 [ Processing:  69% ] |###################################                | [/]
 [ Processing:  69% ] |###################################                | [-]
 [ Processing:  69% ] |###################################                | [\]
 [ Processing:  69% ] |###################################                | [|]
 [ Processing:  70% ] |###################################                | [/]
 [ Processing:  70% ] |###################################                | [-]
 [ Processing:  70% ] |###################################                | [\]
 [ Processing:  70% ] |###################################                | [|]
 [ Processing:  70% ] |###################################                | [/]
 [ Processing:  70% ] |###################################                | [-]
 [ Processing:  70% ] |###################################                | [\]
 [ Processing:  70% ] |###################################                | [|]
 [ Processing:  70% ] |###################################                | [/]
 [ Processing:  70% ] |###################################                | [-]
 [ Processing:  70% ] |###################################                | [\]
 [ Processing:  70% ] |###################################                | [|]
 [ Processing:  70% ] |###################################                | [/]
 [ Processing:  70% ] |###################################                | [-]
 [ Processing:  70% ] |###################################                | [\]
 [ Processing:  70% ] |###################################                | [|]
 [ Processing:  70% ] |###################################                | [/]
 [ Processing:  70% ] |###################################                | [-]
 [ Processing:  71% ] |####################################               | [\]
 [ Processing:  71% ] |####################################               | [|]
 [ Processing:  71% ] |####################################               | [/]
 [ Processing:  71% ] |####################################               | [-]
 [ Processing:  71% ] |####################################               | [\]
 [ Processing:  71% ] |####################################               | [|]
 [ Processing:  71% ] |####################################               | [/]
 [ Processing:  71% ] |####################################               | [-]
 [ Processing:  71% ] |####################################               | [\]
 [ Processing:  71% ] |####################################               | [|]
 [ Processing:  71% ] |####################################               | [/]
 [ Processing:  71% ] |####################################               | [-]
 [ Processing:  71% ] |####################################               | [\]
 [ Processing:  71% ] |####################################               | [|]
 [ Processing:  71% ] |####################################               | [/]
 [ Processing:  71% ] |####################################               | [-]
 [ Processing:  71% ] |####################################               | [\]
 [ Processing:  71% ] |####################################               | [|]
 [ Processing:  72% ] |####################################               | [/]
 [ Processing:  72% ] |####################################               | [-]
 [ Processing:  72% ] |####################################               | [\]
 [ Processing:  72% ] |####################################               | [|]
 [ Processing:  72% ] |####################################               | [/]
 [ Processing:  72% ] |####################################               | [-]
 [ Processing:  72% ] |####################################               | [\]
 [ Processing:  72% ] |####################################               | [|]
 [ Processing:  72% ] |####################################               | [/]
 [ Processing:  73% ] |#####################################              | [-]
 [ Processing:  73% ] |#####################################              | [\]
 [ Processing:  73% ] |#####################################              | [|]
 [ Processing:  73% ] |#####################################              | [/]
 [ Processing:  73% ] |#####################################              | [-]
 [ Processing:  73% ] |#####################################              | [\]
 [ Processing:  73% ] |#####################################              | [|]
 [ Processing:  73% ] |#####################################              | [/]
 [ Processing:  73% ] |#####################################              | [-]
 [ Processing:  74% ] |#####################################              | [\]
 [ Processing:  74% ] |#####################################              | [|]
 [ Processing:  74% ] |#####################################              | [/]
 [ Processing:  74% ] |#####################################              | [-]
 [ Processing:  74% ] |#####################################              | [\]
 [ Processing:  74% ] |#####################################              | [|]
 [ Processing:  74% ] |#####################################              | [/]
 [ Processing:  74% ] |#####################################              | [-]
 [ Processing:  74% ] |#####################################              | [\]
 [ Processing:  75% ] |######################################             | [|]
 [ Processing:  75% ] |######################################             | [/]
 [ Processing:  75% ] |######################################             | [-]
 [ Processing:  75% ] |######################################             | [\]
 [ Processing:  75% ] |######################################             | [|]
 [ Processing:  75% ] |######################################             | [/]
 [ Processing:  75% ] |######################################             | [-]
 [ Processing:  75% ] |######################################             | [\]
 [ Processing:  75% ] |######################################             | [|]
 [ Processing:  75% ] |######################################             | [/]
 [ Processing:  75% ] |######################################             | [-]
 [ Processing:  75% ] |######################################             | [\]
 [ Processing:  75% ] |######################################             | [|]
 [ Processing:  75% ] |######################################             | [/]
 [ Processing:  75% ] |######################################             | [-]
 [ Processing:  75% ] |######################################             | [\]
 [ Processing:  75% ] |######################################             | [|]
 [ Processing:  75% ] |######################################             | [/]
 [ Processing:  76% ] |######################################             | [-]
 [ Processing:  76% ] |######################################             | [\]
 [ Processing:  76% ] |######################################             | [|]
 [ Processing:  76% ] |######################################             | [/]
 [ Processing:  76% ] |######################################             | [-]
 [ Processing:  76% ] |######################################             | [\]
 [ Processing:  76% ] |######################################             | [|]
 [ Processing:  76% ] |######################################             | [/]
 [ Processing:  76% ] |######################################             | [-]
 [ Processing:  76% ] |######################################             | [\]
 [ Processing:  76% ] |######################################             | [|]
 [ Processing:  76% ] |######################################             | [/]
 [ Processing:  76% ] |######################################             | [-]
 [ Processing:  76% ] |######################################             | [\]
 [ Processing:  76% ] |######################################             | [|]
 [ Processing:  76% ] |######################################             | [/]
 [ Processing:  76% ] |######################################             | [-]
 [ Processing:  76% ] |######################################             | [\]
 [ Processing:  78% ] |#######################################            | [|]
 [ Processing:  78% ] |#######################################            | [/]
 [ Processing:  78% ] |#######################################            | [-]
 [ Processing:  78% ] |#######################################            | [\]
 [ Processing:  78% ] |#######################################            | [|]
 [ Processing:  78% ] |#######################################            | [/]
 [ Processing:  78% ] |#######################################            | [-]
 [ Processing:  78% ] |#######################################            | [\]
 [ Processing:  78% ] |#######################################            | [|]
 [ Processing:  78% ] |#######################################            | [/]
 [ Processing:  78% ] |#######################################            | [-]
 [ Processing:  78% ] |#######################################            | [\]
 [ Processing:  78% ] |#######################################            | [|]
 [ Processing:  78% ] |#######################################            | [/]
 [ Processing:  78% ] |#######################################            | [-]
 [ Processing:  78% ] |#######################################            | [\]
 [ Processing:  78% ] |#######################################            | [|]
 [ Processing:  78% ] |#######################################            | [/]
 [ Processing:  79% ] |########################################           | [-]
 [ Processing:  79% ] |########################################           | [\]
 [ Processing:  79% ] |########################################           | [|]
 [ Processing:  79% ] |########################################           | [/]
 [ Processing:  79% ] |########################################           | [-]
 [ Processing:  79% ] |########################################           | [\]
 [ Processing:  79% ] |########################################           | [|]
 [ Processing:  79% ] |########################################           | [/]
 [ Processing:  79% ] |########################################           | [-]
 [ Processing:  79% ] |########################################           | [\]
 [ Processing:  79% ] |########################################           | [|]
 [ Processing:  79% ] |########################################           | [/]
 [ Processing:  79% ] |########################################           | [-]
 [ Processing:  79% ] |########################################           | [\]
 [ Processing:  79% ] |########################################           | [|]
 [ Processing:  79% ] |########################################           | [/]
 [ Processing:  79% ] |########################################           | [-]
 [ Processing:  79% ] |########################################           | [\]
 [ Processing:  80% ] |########################################           | [|]
 [ Processing:  80% ] |########################################           | [/]
 [ Processing:  80% ] |########################################           | [-]
 [ Processing:  80% ] |########################################           | [\]
 [ Processing:  80% ] |########################################           | [|]
 [ Processing:  80% ] |########################################           | [/]
 [ Processing:  80% ] |########################################           | [-]
 [ Processing:  80% ] |########################################           | [\]
 [ Processing:  80% ] |########################################           | [|]
 [ Processing:  80% ] |########################################           | [/]
 [ Processing:  80% ] |########################################           | [-]
 [ Processing:  80% ] |########################################           | [\]
 [ Processing:  80% ] |########################################           | [|]
 [ Processing:  80% ] |########################################           | [/]
 [ Processing:  80% ] |########################################           | [-]
 [ Processing:  80% ] |########################################           | [\]
 [ Processing:  80% ] |########################################           | [|]
 [ Processing:  80% ] |########################################           | [/]
 [ Processing:  81% ] |#########################################          | [-]
 [ Processing:  81% ] |#########################################          | [\]
 [ Processing:  81% ] |#########################################          | [|]
 [ Processing:  81% ] |#########################################          | [/]
 [ Processing:  81% ] |#########################################          | [-]
 [ Processing:  81% ] |#########################################          | [\]
 [ Processing:  81% ] |#########################################          | [|]
 [ Processing:  81% ] |#########################################          | [/]
 [ Processing:  81% ] |#########################################          | [-]
 [ Processing:  82% ] |#########################################          | [\]
 [ Processing:  82% ] |#########################################          | [|]
 [ Processing:  82% ] |#########################################          | [/]
 [ Processing:  82% ] |#########################################          | [-]
 [ Processing:  82% ] |#########################################          | [\]
 [ Processing:  82% ] |#########################################          | [|]
 [ Processing:  82% ] |#########################################          | [/]
 [ Processing:  82% ] |#########################################          | [-]
 [ Processing:  82% ] |#########################################          | [\]
 [ Processing:  82% ] |#########################################          | [|]
 [ Processing:  82% ] |#########################################          | [/]
 [ Processing:  82% ] |#########################################          | [-]
 [ Processing:  82% ] |#########################################          | [\]
 [ Processing:  82% ] |#########################################          | [|]
 [ Processing:  82% ] |#########################################          | [/]
 [ Processing:  82% ] |#########################################          | [-]
 [ Processing:  82% ] |#########################################          | [\]
 [ Processing:  82% ] |#########################################          | [|]
 [ Processing:  83% ] |##########################################         | [/]
 [ Processing:  83% ] |##########################################         | [-]
 [ Processing:  83% ] |##########################################         | [\]
 [ Processing:  83% ] |##########################################         | [|]
 [ Processing:  83% ] |##########################################         | [/]
 [ Processing:  83% ] |##########################################         | [-]
 [ Processing:  83% ] |##########################################         | [\]
 [ Processing:  83% ] |##########################################         | [|]
 [ Processing:  83% ] |##########################################         | [/]
 [ Processing:  83% ] |##########################################         | [-]
 [ Processing:  83% ] |##########################################         | [\]
 [ Processing:  83% ] |##########################################         | [|]
 [ Processing:  83% ] |##########################################         | [/]
 [ Processing:  83% ] |##########################################         | [-]
 [ Processing:  83% ] |##########################################         | [\]
 [ Processing:  83% ] |##########################################         | [|]
 [ Processing:  83% ] |##########################################         | [/]
 [ Processing:  83% ] |##########################################         | [-]
 [ Processing:  84% ] |##########################################         | [\]
 [ Processing:  84% ] |##########################################         | [|]
 [ Processing:  84% ] |##########################################         | [/]
 [ Processing:  84% ] |##########################################         | [-]
 [ Processing:  84% ] |##########################################         | [\]
 [ Processing:  84% ] |##########################################         | [|]
 [ Processing:  84% ] |##########################################         | [/]
 [ Processing:  84% ] |##########################################         | [-]
 [ Processing:  84% ] |##########################################         | [\]
 [ Processing:  85% ] |###########################################        | [|]
 [ Processing:  85% ] |###########################################        | [/]
 [ Processing:  85% ] |###########################################        | [-]
 [ Processing:  85% ] |###########################################        | [\]
 [ Processing:  85% ] |###########################################        | [|]
 [ Processing:  85% ] |###########################################        | [/]
 [ Processing:  85% ] |###########################################        | [-]
 [ Processing:  85% ] |###########################################        | [\]
 [ Processing:  85% ] |###########################################        | [|]
 [ Processing:  85% ] |###########################################        | [/]
 [ Processing:  85% ] |###########################################        | [-]
 [ Processing:  85% ] |###########################################        | [\]
 [ Processing:  85% ] |###########################################        | [|]
 [ Processing:  85% ] |###########################################        | [/]
 [ Processing:  85% ] |###########################################        | [-]
 [ Processing:  85% ] |###########################################        | [\]
 [ Processing:  85% ] |###########################################        | [|]
 [ Processing:  85% ] |###########################################        | [/]
 [ Processing:  86% ] |###########################################        | [-]
 [ Processing:  86% ] |###########################################        | [\]
 [ Processing:  86% ] |###########################################        | [|]
 [ Processing:  86% ] |###########################################        | [/]
 [ Processing:  86% ] |###########################################        | [-]
 [ Processing:  86% ] |###########################################        | [\]
 [ Processing:  86% ] |###########################################        | [|]
 [ Processing:  86% ] |###########################################        | [/]
 [ Processing:  86% ] |###########################################        | [-]
 [ Processing:  86% ] |###########################################        | [\]
 [ Processing:  86% ] |###########################################        | [|]
 [ Processing:  86% ] |###########################################        | [/]
 [ Processing:  86% ] |###########################################        | [-]
 [ Processing:  86% ] |###########################################        | [\]
 [ Processing:  86% ] |###########################################        | [|]
 [ Processing:  86% ] |###########################################        | [/]
 [ Processing:  86% ] |###########################################        | [-]
 [ Processing:  86% ] |###########################################        | [\]
 [ Processing:  87% ] |############################################       | [|]
 [ Processing:  87% ] |############################################       | [/]
 [ Processing:  87% ] |############################################       | [-]
 [ Processing:  87% ] |############################################       | [\]
 [ Processing:  87% ] |############################################       | [|]
 [ Processing:  87% ] |############################################       | [/]
 [ Processing:  87% ] |############################################       | [-]
 [ Processing:  87% ] |############################################       | [\]
 [ Processing:  87% ] |############################################       | [|]
 [ Processing:  87% ] |############################################       | [/]
 [ Processing:  87% ] |############################################       | [-]
 [ Processing:  87% ] |############################################       | [\]
 [ Processing:  87% ] |############################################       | [|]
 [ Processing:  87% ] |############################################       | [/]
 [ Processing:  87% ] |############################################       | [-]
 [ Processing:  87% ] |############################################       | [\]
 [ Processing:  87% ] |############################################       | [|]
 [ Processing:  87% ] |############################################       | [/]
 [ Processing:  88% ] |############################################       | [-]
 [ Processing:  88% ] |############################################       | [\]
 [ Processing:  88% ] |############################################       | [|]
 [ Processing:  88% ] |############################################       | [/]
 [ Processing:  88% ] |############################################       | [-]
 [ Processing:  88% ] |############################################       | [\]
 [ Processing:  88% ] |############################################       | [|]
 [ Processing:  88% ] |############################################       | [/]
 [ Processing:  88% ] |############################################       | [-]
 [ Processing:  89% ] |#############################################      | [\]
 [ Processing:  89% ] |#############################################      | [|]
 [ Processing:  89% ] |#############################################      | [/]
 [ Processing:  89% ] |#############################################      | [-]
 [ Processing:  89% ] |#############################################      | [\]
 [ Processing:  89% ] |#############################################      | [|]
 [ Processing:  89% ] |#############################################      | [/]
 [ Processing:  89% ] |#############################################      | [-]
 [ Processing:  89% ] |#############################################      | [\]
 [ Processing:  90% ] |#############################################      | [|]
 [ Processing:  90% ] |#############################################      | [/]
 [ Processing:  90% ] |#############################################      | [-]
 [ Processing:  90% ] |#############################################      | [\]
 [ Processing:  90% ] |#############################################      | [|]
 [ Processing:  90% ] |#############################################      | [/]
 [ Processing:  90% ] |#############################################      | [-]
 [ Processing:  90% ] |#############################################      | [\]
 [ Processing:  90% ] |#############################################      | [|]
 [ Processing:  91% ] |##############################################     | [/]
 [ Processing:  91% ] |##############################################     | [-]
 [ Processing:  91% ] |##############################################     | [\]
 [ Processing:  91% ] |##############################################     | [|]
 [ Processing:  91% ] |##############################################     | [/]
 [ Processing:  91% ] |##############################################     | [-]
 [ Processing:  91% ] |##############################################     | [\]
 [ Processing:  91% ] |##############################################     | [|]
 [ Processing:  91% ] |##############################################     | [/]
 [ Processing:  92% ] |##############################################     | [-]
 [ Processing:  92% ] |##############################################     | [\]
 [ Processing:  92% ] |##############################################     | [|]
 [ Processing:  92% ] |##############################################     | [/]
 [ Processing:  92% ] |##############################################     | [-]
 [ Processing:  92% ] |##############################################     | [\]
 [ Processing:  92% ] |##############################################     | [|]
 [ Processing:  92% ] |##############################################     | [/]
 [ Processing:  92% ] |##############################################     | [-]
 [ Processing:  92% ] |##############################################     | [\]
 [ Processing:  92% ] |##############################################     | [|]
 [ Processing:  92% ] |##############################################     | [/]
 [ Processing:  92% ] |##############################################     | [-]
 [ Processing:  92% ] |##############################################     | [\]
 [ Processing:  92% ] |##############################################     | [|]
 [ Processing:  92% ] |##############################################     | [/]
 [ Processing:  92% ] |##############################################     | [-]
 [ Processing:  92% ] |##############################################     | [\]
 [ Processing:  93% ] |###############################################    | [|]
 [ Processing:  93% ] |###############################################    | [/]
 [ Processing:  93% ] |###############################################    | [-]
 [ Processing:  93% ] |###############################################    | [\]
 [ Processing:  93% ] |###############################################    | [|]
 [ Processing:  93% ] |###############################################    | [/]
 [ Processing:  93% ] |###############################################    | [-]
 [ Processing:  93% ] |###############################################    | [\]
 [ Processing:  93% ] |###############################################    | [|]
 [ Processing:  94% ] |###############################################    | [/]
 [ Processing:  94% ] |###############################################    | [-]
 [ Processing:  94% ] |###############################################    | [\]
 [ Processing:  94% ] |###############################################    | [|]
 [ Processing:  94% ] |###############################################    | [/]
 [ Processing:  94% ] |###############################################    | [-]
 [ Processing:  94% ] |###############################################    | [\]
 [ Processing:  94% ] |###############################################    | [|]
 [ Processing:  94% ] |###############################################    | [/]
 [ Processing:  95% ] |################################################   | [-]
 [ Processing:  95% ] |################################################   | [\]
 [ Processing:  95% ] |################################################   | [|]
 [ Processing:  95% ] |################################################   | [/]
 [ Processing:  95% ] |################################################   | [-]
 [ Processing:  95% ] |################################################   | [\]
 [ Processing:  95% ] |################################################   | [|]
 [ Processing:  95% ] |################################################   | [/]
 [ Processing:  95% ] |################################################   | [-]
 [ Processing:  96% ] |################################################   | [\]
 [ Processing:  96% ] |################################################   | [|]
 [ Processing:  96% ] |################################################   | [/]
 [ Processing:  96% ] |################################################   | [-]
 [ Processing:  96% ] |################################################   | [\]
 [ Processing:  96% ] |################################################   | [|]
 [ Processing:  96% ] |################################################   | [/]
 [ Processing:  96% ] |################################################   | [-]
 [ Processing:  96% ] |################################################   | [\]
 [ Processing:  97% ] |#################################################  | [|]
 [ Processing:  97% ] |#################################################  | [/]
 [ Processing:  97% ] |#################################################  | [-]
 [ Processing:  97% ] |#################################################  | [\]
 [ Processing:  97% ] |#################################################  | [|]
 [ Processing:  97% ] |#################################################  | [/]
 [ Processing:  97% ] |#################################################  | [-]
 [ Processing:  97% ] |#################################################  | [\]
 [ Processing:  97% ] |#################################################  | [|]
 [ Processing:  97% ] |#################################################  | [/]
 [ Processing:  97% ] |#################################################  | [-]
 [ Processing:  97% ] |#################################################  | [\]
 [ Processing:  97% ] |#################################################  | [|]
 [ Processing:  97% ] |#################################################  | [/]
 [ Processing:  97% ] |#################################################  | [-]
 [ Processing:  97% ] |#################################################  | [\]
 [ Processing:  97% ] |#################################################  | [|]
 [ Processing:  97% ] |#################################################  | [/]
 [ Processing:  97% ] |#################################################  | [-]
 [ Processing:  97% ] |#################################################  | [\]
 [ Processing:  97% ] |#################################################  | [|]
 [ Processing:  97% ] |#################################################  | [/]
 [ Processing:  97% ] |#################################################  | [-]
 [ Processing:  97% ] |#################################################  | [\]
 [ Processing:  97% ] |#################################################  | [|]
 [ Processing:  97% ] |#################################################  | [/]
 [ Processing:  97% ] |#################################################  | [-]
 [ Processing:  97% ] |#################################################  | [\]
 [ Processing:  97% ] |#################################################  | [|]
 [ Processing:  97% ] |#################################################  | [/]
 [ Processing:  97% ] |#################################################  | [-]
 [ Processing:  97% ] |#################################################  | [\]
 [ Processing:  97% ] |#################################################  | [|]
 [ Processing:  97% ] |#################################################  | [/]
 [ Processing:  97% ] |#################################################  | [-]
 [ Processing:  97% ] |#################################################  | [\]
 [ Processing:  97% ] |#################################################  | [|]
 [ Processing:  97% ] |#################################################  | [/]
 [ Processing:  97% ] |#################################################  | [-]
 [ Processing:  97% ] |#################################################  | [\]
 [ Processing:  97% ] |#################################################  | [|]
 [ Processing:  97% ] |#################################################  | [/]
 [ Processing:  97% ] |#################################################  | [-]
 [ Processing:  97% ] |#################################################  | [\]
 [ Processing:  97% ] |#################################################  | [|]
 [ Processing:  97% ] |#################################################  | [/]
 [ Processing:  97% ] |#################################################  | [-]
 [ Processing:  97% ] |#################################################  | [\]
 [ Processing:  97% ] |#################################################  | [|]
 [ Processing:  97% ] |#################################################  | [/]
 [ Processing:  97% ] |#################################################  | [-]
 [ Processing:  97% ] |#################################################  | [\]
 [ Processing:  97% ] |#################################################  | [|]
 [ Processing:  97% ] |#################################################  | [/]
 [ Processing:  97% ] |#################################################  | [-]
 [ Processing:  97% ] |#################################################  | [\]
 [ Processing:  97% ] |#################################################  | [|]
 [ Processing:  97% ] |#################################################  | [/]
 [ Processing:  97% ] |#################################################  | [-]
 [ Processing:  97% ] |#################################################  | [\]
 [ Processing:  97% ] |#################################################  | [|]
 [ Processing:  97% ] |#################################################  | [/]
 [ Processing:  97% ] |#################################################  | [-]
 [ Processing:  97% ] |#################################################  | [\]
 [ Processing:  97% ] |#################################################  | [|]
 [ Processing:  97% ] |#################################################  | [/]
 [ Processing:  97% ] |#################################################  | [-]
 [ Processing:  97% ] |#################################################  | [\]
 [ Processing:  97% ] |#################################################  | [|]
 [ Processing:  97% ] |#################################################  | [/]
 [ Processing:  97% ] |#################################################  | [-]
 [ Processing:  97% ] |#################################################  | [\]
 [ Processing:  97% ] |#################################################  | [|]
 [ Processing:  97% ] |#################################################  | [/]
 [ Processing:  97% ] |#################################################  | [-]
 [ Processing:  97% ] |#################################################  | [\]
 [ Processing:  97% ] |#################################################  | [|]
 [ Processing:  97% ] |#################################################  | [/]
 [ Processing:  97% ] |#################################################  | [-]
 [ Processing:  97% ] |#################################################  | [\]
 [ Processing:  97% ] |#################################################  | [|]
 [ Processing:  97% ] |#################################################  | [/]
 [ Processing:  97% ] |#################################################  | [-]
 [ Processing:  97% ] |#################################################  | [\]
 [ Processing:  97% ] |#################################################  | [|]
 [ Processing:  97% ] |#################################################  | [/]
 [ Processing:  97% ] |#################################################  | [-]
 [ Processing:  97% ] |#################################################  | [\]
 [ Processing:  97% ] |#################################################  | [|]
 [ Processing:  97% ] |#################################################  | [/]
 [ Processing:  97% ] |#################################################  | [-]
 [ Processing:  97% ] |#################################################  | [\]
 [ Processing:  97% ] |#################################################  | [|]
 [ Processing:  97% ] |#################################################  | [/]
 [ Processing:  97% ] |#################################################  | [-]
 [ Processing:  97% ] |#################################################  | [\]
 [ Processing:  97% ] |#################################################  | [|]
 [ Processing:  97% ] |#################################################  | [/]
 [ Processing:  97% ] |#################################################  | [-]
 [ Processing:  97% ] |#################################################  | [\]
 [ Processing:  97% ] |#################################################  | [|]
 [ Processing:  97% ] |#################################################  | [/]
 [ Processing:  97% ] |#################################################  | [-]
 [ Processing:  97% ] |#################################################  | [\]
 [ Processing:  97% ] |#################################################  | [|]
 [ Processing:  97% ] |#################################################  | [/]
 [ Processing:  97% ] |#################################################  | [-]
 [ Processing:  97% ] |#################################################  | [\]
 [ Processing:  97% ] |#################################################  | [|]
 [ Processing:  97% ] |#################################################  | [/]
 [ Processing:  97% ] |#################################################  | [-]
 [ Processing:  97% ] |#################################################  | [\]
 [ Processing:  97% ] |#################################################  | [|]
 [ Processing:  97% ] |#################################################  | [/]
 [ Processing:  97% ] |#################################################  | [-]
 [ Processing:  97% ] |#################################################  | [\]
 [ Processing:  97% ] |#################################################  | [|]
 [ Processing:  97% ] |#################################################  | [/]
 [ Processing:  97% ] |#################################################  | [-]
 [ Processing:  97% ] |#################################################  | [\]
 [ Processing:  97% ] |#################################################  | [|]
 [ Processing:  97% ] |#################################################  | [/]
 [ Processing:  97% ] |#################################################  | [-]
 [ Processing:  97% ] |#################################################  | [\]
 [ Processing:  97% ] |#################################################  | [|]
 [ Processing:  97% ] |#################################################  | [/]
 [ Processing:  97% ] |#################################################  | [-]
 [ Processing:  97% ] |#################################################  | [\]
 [ Processing:  97% ] |#################################################  | [|]
 [ Processing:  97% ] |#################################################  | [/]
 [ Processing:  97% ] |#################################################  | [-]
 [ Processing:  97% ] |#################################################  | [\]
 [ Processing:  97% ] |#################################################  | [|]
 [ Processing:  97% ] |#################################################  | [/]
 [ Processing:  97% ] |#################################################  | [-]
 [ Processing:  97% ] |#################################################  | [\]
 [ Processing:  97% ] |#################################################  | [|]
 [ Processing:  97% ] |#################################################  | [/]
 [ Processing:  97% ] |#################################################  | [-]
 [ Processing:  97% ] |#################################################  | [\]
 [ Processing:  97% ] |#################################################  | [|]
 [ Processing:  97% ] |#################################################  | [/]
 [ Processing:  97% ] |#################################################  | [-]
 [ Processing:  97% ] |#################################################  | [\]
 [ Processing:  97% ] |#################################################  | [|]
 [ Processing:  97% ] |#################################################  | [/]
 [ Processing:  97% ] |#################################################  | [-]
 [ Processing:  97% ] |#################################################  | [\]
 [ Processing:  97% ] |#################################################  | [|]
 [ Processing:  97% ] |#################################################  | [/]
 [ Processing:  97% ] |#################################################  | [-]
 [ Processing:  97% ] |#################################################  | [\]
 [ Processing:  97% ] |#################################################  | [|]
 [ Processing:  97% ] |#################################################  | [/]
 [ Processing:  97% ] |#################################################  | [-]
 [ Processing:  97% ] |#################################################  | [\]
 [ Processing:  97% ] |#################################################  | [|]
 [ Processing:  97% ] |#################################################  | [/]
 [ Processing:  97% ] |#################################################  | [-]
 [ Processing:  97% ] |#################################################  | [\]
 [ Processing:  97% ] |#################################################  | [|]
 [ Processing:  97% ] |#################################################  | [/]
 [ Processing:  97% ] |#################################################  | [-]
 [ Processing:  97% ] |#################################################  | [\]
 [ Processing:  97% ] |#################################################  | [|]
 [ Processing:  97% ] |#################################################  | [/]
 [ Processing:  97% ] |#################################################  | [-]
 [ Processing:  97% ] |#################################################  | [\]
 [ Processing:  97% ] |#################################################  | [|]
 [ Processing:  97% ] |#################################################  | [/]
 [ Processing:  97% ] |#################################################  | [-]
 [ Processing:  97% ] |#################################################  | [\]
 [ Processing:  97% ] |#################################################  | [|]
 [ Processing:  97% ] |#################################################  | [/]
 [ Processing:  97% ] |#################################################  | [-]
 [ Processing:  97% ] |#################################################  | [\]
 [ Processing:  97% ] |#################################################  | [|]
 [ Processing:  97% ] |#################################################  | [/]
 [ Processing:  97% ] |#################################################  | [-]
 [ Processing:  97% ] |#################################################  | [\]
 [ Processing:  97% ] |#################################################  | [|]
 [ Processing:  97% ] |#################################################  | [/]
 [ Processing:  97% ] |#################################################  | [-]
 [ Processing:  97% ] |#################################################  | [\]
 [ Processing:  97% ] |#################################################  | [|]
 [ Processing:  97% ] |#################################################  | [/]
 [ Processing:  97% ] |#################################################  | [-]
 [ Processing:  97% ] |#################################################  | [\]
 [ Processing:  97% ] |#################################################  | [|]
 [ Processing:  97% ] |#################################################  | [/]
 [ Processing:  97% ] |#################################################  | [-]
 [ Processing:  97% ] |#################################################  | [\]
 [ Processing:  97% ] |#################################################  | [|]
 [ Processing:  97% ] |#################################################  | [/]
 [ Processing:  97% ] |#################################################  | [-]
 [ Processing:  97% ] |#################################################  | [\]
 [ Processing:  97% ] |#################################################  | [|]
 [ Processing:  97% ] |#################################################  | [/]
 [ Processing:  97% ] |#################################################  | [-]
 [ Processing:  97% ] |#################################################  | [\]
 [ Processing:  97% ] |#################################################  | [|]
 [ Processing:  97% ] |#################################################  | [/]
 [ Processing:  97% ] |#################################################  | [-]
 [ Processing:  97% ] |#################################################  | [\]
 [ Processing:  97% ] |#################################################  | [|]
 [ Processing:  97% ] |#################################################  | [/]
 [ Processing:  97% ] |#################################################  | [-]
 [ Processing:  97% ] |#################################################  | [\]
 [ Processing:  97% ] |#################################################  | [|]
 [ Processing:  97% ] |#################################################  | [/]
 [ Processing:  97% ] |#################################################  | [-]
 [ Processing:  97% ] |#################################################  | [\]
 [ Processing:  97% ] |#################################################  | [|]
 [ Processing:  97% ] |#################################################  | [/]
 [ Processing:  97% ] |#################################################  | [-]
 [ Processing:  97% ] |#################################################  | [\]
 [ Processing:  97% ] |#################################################  | [|]
 [ Processing:  97% ] |#################################################  | [/]
 [ Processing:  97% ] |#################################################  | [-]
 [ Processing:  97% ] |#################################################  | [\]
 [ Processing:  97% ] |#################################################  | [|]
 [ Processing:  97% ] |#################################################  | [/]
 [ Processing:  97% ] |#################################################  | [-]
 [ Processing:  97% ] |#################################################  | [\]
 [ Processing:  97% ] |#################################################  | [|]
 [ Processing:  97% ] |#################################################  | [/]
 [ Processing:  97% ] |#################################################  | [-]
 [ Processing:  97% ] |#################################################  | [\]
 [ Processing:  97% ] |#################################################  | [|]
 [ Processing:  97% ] |#################################################  | [/]
 [ Processing:  97% ] |#################################################  | [-]
 [ Processing:  97% ] |#################################################  | [\]
 [ Processing:  97% ] |#################################################  | [|]
 [ Processing:  97% ] |#################################################  | [/]
 [ Processing:  97% ] |#################################################  | [-]
 [ Processing:  97% ] |#################################################  | [\]
 [ Processing:  97% ] |#################################################  | [|]
 [ Processing:  97% ] |#################################################  | [/]
 [ Processing:  97% ] |#################################################  | [-]
 [ Processing:  97% ] |#################################################  | [\]
 [ Processing:  97% ] |#################################################  | [|]
 [ Processing:  97% ] |#################################################  | [/]
 [ Processing:  97% ] |#################################################  | [-]
 [ Processing:  97% ] |#################################################  | [\]
 [ Processing:  97% ] |#################################################  | [|]
 [ Processing:  97% ] |#################################################  | [/]
 [ Processing:  97% ] |#################################################  | [-]
 [ Processing:  97% ] |#################################################  | [\]
 [ Processing:  97% ] |#################################################  | [|]
 [ Processing:  97% ] |#################################################  | [/]
 [ Processing:  97% ] |#################################################  | [-]
 [ Processing:  97% ] |#################################################  | [\]
 [ Processing:  97% ] |#################################################  | [|]
 [ Processing:  97% ] |#################################################  | [/]
 [ Processing:  97% ] |#################################################  | [-]
 [ Processing:  97% ] |#################################################  | [\]
 [ Processing:  97% ] |#################################################  | [|]
 [ Processing:  97% ] |#################################################  | [/]
 [ Processing:  97% ] |#################################################  | [-]
 [ Processing:  97% ] |#################################################  | [\]
 [ Processing:  97% ] |#################################################  | [|]
 [ Processing:  97% ] |#################################################  | [/]
 [ Processing:  97% ] |#################################################  | [-]
 [ Processing:  97% ] |#################################################  | [\]
 [ Processing:  97% ] |#################################################  | [|]
 [ Processing:  97% ] |#################################################  | [/]
 [ Processing:  97% ] |#################################################  | [-]
 [ Processing:  97% ] |#################################################  | [\]
 [ Processing:  97% ] |#################################################  | [|]
 [ Processing:  97% ] |#################################################  | [/]
 [ Processing:  97% ] |#################################################  | [-]
 [ Processing:  97% ] |#################################################  | [\]
 [ Processing:  97% ] |#################################################  | [|]
 [ Processing:  97% ] |#################################################  | [/]
 [ Processing:  97% ] |#################################################  | [-]
 [ Processing:  97% ] |#################################################  | [\]
 [ Processing:  97% ] |#################################################  | [|]
 [ Processing:  97% ] |#################################################  | [/]
 [ Processing:  97% ] |#################################################  | [-]
 [ Processing:  97% ] |#################################################  | [\]
 [ Processing:  97% ] |#################################################  | [|]
 [ Processing:  97% ] |#################################################  | [/]
 [ Processing:  97% ] |#################################################  | [-]
 [ Processing:  97% ] |#################################################  | [\]
 [ Processing:  97% ] |#################################################  | [|]
 [ Processing:  97% ] |#################################################  | [/]
 [ Processing:  97% ] |#################################################  | [-]
 [ Processing:  97% ] |#################################################  | [\]
 [ Processing:  97% ] |#################################################  | [|]
 [ Processing:  97% ] |#################################################  | [/]
 [ Processing:  97% ] |#################################################  | [-]
 [ Processing:  97% ] |#################################################  | [\]
 [ Processing:  97% ] |#################################################  | [|]
 [ Processing:  97% ] |#################################################  | [/]
 [ Processing:  97% ] |#################################################  | [-]
 [ Processing:  97% ] |#################################################  | [\]
 [ Processing:  97% ] |#################################################  | [|]
 [ Processing:  97% ] |#################################################  | [/]
 [ Processing:  97% ] |#################################################  | [-]
 [ Processing:  97% ] |#################################################  | [\]
 [ Processing:  97% ] |#################################################  | [|]
 [ Processing:  97% ] |#################################################  | [/]
 [ Processing:  97% ] |#################################################  | [-]
 [ Processing:  97% ] |#################################################  | [\]
 [ Processing:  97% ] |#################################################  | [|]
 [ Processing:  97% ] |#################################################  | [/]
 [ Processing:  97% ] |#################################################  | [-]
 [ Processing:  97% ] |#################################################  | [\]
 [ Processing:  97% ] |#################################################  | [|]
 [ Processing:  97% ] |#################################################  | [/]
 [ Processing:  97% ] |#################################################  | [-]
 [ Processing:  97% ] |#################################################  | [\]
 [ Processing:  97% ] |#################################################  | [|]
 [ Processing:  97% ] |#################################################  | [/]
 [ Processing:  97% ] |#################################################  | [-]
 [ Processing:  97% ] |#################################################  | [\]
 [ Processing:  97% ] |#################################################  | [|]
 [ Processing:  97% ] |#################################################  | [/]
 [ Processing:  97% ] |#################################################  | [-]
 [ Processing:  97% ] |#################################################  | [\]
 [ Processing:  97% ] |#################################################  | [|]
 [ Processing:  97% ] |#################################################  | [/]
 [ Processing:  97% ] |#################################################  | [-]
 [ Processing:  97% ] |#################################################  | [\]
 [ Processing:  97% ] |#################################################  | [|]
 [ Processing:  97% ] |#################################################  | [/]
 [ Processing:  97% ] |#################################################  | [-]
 [ Processing:  97% ] |#################################################  | [\]
 [ Processing:  97% ] |#################################################  | [|]
 [ Processing:  97% ] |#################################################  | [/]
 [ Processing:  97% ] |#################################################  | [-]
 [ Processing:  97% ] |#################################################  | [\]
 [ Processing:  97% ] |#################################################  | [|]
 [ Processing:  97% ] |#################################################  | [/]
 [ Processing:  97% ] |#################################################  | [-]
 [ Processing:  97% ] |#################################################  | [\]
 [ Processing:  97% ] |#################################################  | [|]
 [ Processing:  97% ] |#################################################  | [/]
 [ Processing:  97% ] |#################################################  | [-]
 [ Processing:  97% ] |#################################################  | [\]
 [ Processing:  97% ] |#################################################  | [|]
 [ Processing:  97% ] |#################################################  | [/]
 [ Processing:  97% ] |#################################################  | [-]
 [ Processing:  97% ] |#################################################  | [\]
 [ Processing:  97% ] |#################################################  | [|]
 [ Processing:  97% ] |#################################################  | [/]
 [ Processing:  97% ] |#################################################  | [-]
 [ Processing:  97% ] |#################################################  | [\]
 [ Processing:  97% ] |#################################################  | [|]
 [ Processing:  97% ] |#################################################  | [/]
 [ Processing:  97% ] |#################################################  | [-]
 [ Processing:  97% ] |#################################################  | [\]
 [ Processing:  97% ] |#################################################  | [|]
 [ Processing:  97% ] |#################################################  | [/]
 [ Processing:  97% ] |#################################################  | [-]
 [ Processing:  97% ] |#################################################  | [\]
 [ Processing:  97% ] |#################################################  | [|]
 [ Processing:  97% ] |#################################################  | [/]
 [ Processing:  97% ] |#################################################  | [-]
 [ Processing:  97% ] |#################################################  | [\]
 [ Processing:  97% ] |#################################################  | [|]
 [ Processing:  97% ] |#################################################  | [/]
 [ Processing:  97% ] |#################################################  | [-]
 [ Processing:  97% ] |#################################################  | [\]
 [ Processing:  97% ] |#################################################  | [|]
 [ Processing:  97% ] |#################################################  | [/]
 [ Processing:  97% ] |#################################################  | [-]
 [ Processing:  97% ] |#################################################  | [\]
 [ Processing:  97% ] |#################################################  | [|]
 [ Processing:  97% ] |#################################################  | [/]
 [ Processing:  97% ] |#################################################  | [-]
 [ Processing:  97% ] |#################################################  | [\]
 [ Processing:  97% ] |#################################################  | [|]
 [ Processing:  97% ] |#################################################  | [/]
 [ Processing:  97% ] |#################################################  | [-]
 [ Processing:  97% ] |#################################################  | [\]
 [ Processing:  97% ] |#################################################  | [|]
 [ Processing:  97% ] |#################################################  | [/]
 [ Processing:  97% ] |#################################################  | [-]
 [ Processing:  97% ] |#################################################  | [\]
 [ Processing:  97% ] |#################################################  | [|]
 [ Processing:  97% ] |#################################################  | [/]
 [ Processing:  97% ] |#################################################  | [-]
 [ Processing:  97% ] |#################################################  | [\]
 [ Processing:  97% ] |#################################################  | [|]
 [ Processing:  97% ] |#################################################  | [/]
 [ Processing:  97% ] |#################################################  | [-]
 [ Processing:  97% ] |#################################################  | [\]
 [ Processing:  97% ] |#################################################  | [|]
 [ Processing:  97% ] |#################################################  | [/]
 [ Processing:  97% ] |#################################################  | [-]
 [ Processing:  97% ] |#################################################  | [\]
 [ Processing:  97% ] |#################################################  | [|]
 [ Processing:  97% ] |#################################################  | [/]
 [ Processing:  97% ] |#################################################  | [-]
 [ Processing:  97% ] |#################################################  | [\]
 [ Processing:  97% ] |#################################################  | [|]
 [ Processing:  97% ] |#################################################  | [/]
 [ Processing:  97% ] |#################################################  | [-]
 [ Processing:  97% ] |#################################################  | [\]
 [ Processing:  97% ] |#################################################  | [|]
 [ Processing:  97% ] |#################################################  | [/]
 [ Processing:  97% ] |#################################################  | [-]
 [ Processing:  97% ] |#################################################  | [\]
 [ Processing:  97% ] |#################################################  | [|]
 [ Processing:  97% ] |#################################################  | [/]
 [ Processing:  97% ] |#################################################  | [-]
 [ Processing:  97% ] |#################################################  | [\]
 [ Processing:  97% ] |#################################################  | [|]
 [ Processing:  97% ] |#################################################  | [/]
 [ Processing:  97% ] |#################################################  | [-]
 [ Processing:  97% ] |#################################################  | [\]
 [ Processing:  97% ] |#################################################  | [|]
 [ Processing:  97% ] |#################################################  | [/]
 [ Processing:  97% ] |#################################################  | [-]
 [ Processing:  97% ] |#################################################  | [\]
 [ Processing:  97% ] |#################################################  | [|]
 [ Processing:  97% ] |#################################################  | [/]
 [ Processing:  97% ] |#################################################  | [-]
 [ Processing:  97% ] |#################################################  | [\]
 [ Processing:  97% ] |#################################################  | [|]
 [ Processing:  97% ] |#################################################  | [/]
 [ Processing:  97% ] |#################################################  | [-]
 [ Processing:  97% ] |#################################################  | [\]
 [ Processing:  97% ] |#################################################  | [|]
 [ Processing:  97% ] |#################################################  | [/]
 [ Processing:  97% ] |#################################################  | [-]
 [ Processing:  97% ] |#################################################  | [\]
 [ Processing:  97% ] |#################################################  | [|]
 [ Processing:  97% ] |#################################################  | [/]
 [ Processing:  97% ] |#################################################  | [-]
 [ Processing:  97% ] |#################################################  | [\]
 [ Processing:  97% ] |#################################################  | [|]
 [ Processing:  97% ] |#################################################  | [/]
 [ Processing:  97% ] |#################################################  | [-]
 [ Processing:  97% ] |#################################################  | [\]
 [ Processing:  97% ] |#################################################  | [|]
 [ Processing:  97% ] |#################################################  | [/]
 [ Processing:  97% ] |#################################################  | [-]
 [ Processing:  97% ] |#################################################  | [\]
 [ Processing:  97% ] |#################################################  | [|]
 [ Processing:  97% ] |#################################################  | [/]
 [ Processing:  97% ] |#################################################  | [-]
 [ Processing:  97% ] |#################################################  | [\]
 [ Processing:  97% ] |#################################################  | [|]
 [ Processing:  97% ] |#################################################  | [/]
 [ Processing:  97% ] |#################################################  | [-]
 [ Processing:  97% ] |#################################################  | [\]
 [ Processing:  97% ] |#################################################  | [|]
 [ Processing:  97% ] |#################################################  | [/]
 [ Processing:  97% ] |#################################################  | [-]
 [ Processing:  97% ] |#################################################  | [\]
 [ Processing:  97% ] |#################################################  | [|]
 [ Processing:  97% ] |#################################################  | [/]
 [ Processing:  97% ] |#################################################  | [-]
 [ Processing:  97% ] |#################################################  | [\]
 [ Processing:  97% ] |#################################################  | [|]
 [ Processing:  97% ] |#################################################  | [/]
 [ Processing:  97% ] |#################################################  | [-]
 [ Processing:  97% ] |#################################################  | [\]
 [ Processing:  97% ] |#################################################  | [|]
 [ Processing:  97% ] |#################################################  | [/]
 [ Processing:  97% ] |#################################################  | [-]
 [ Processing:  97% ] |#################################################  | [\]
 [ Processing:  97% ] |#################################################  | [|]
 [ Processing:  97% ] |#################################################  | [/]
 [ Processing:  97% ] |#################################################  | [-]
 [ Processing:  97% ] |#################################################  | [\]
 [ Processing:  97% ] |#################################################  | [|]
 [ Processing:  97% ] |#################################################  | [/]
 [ Processing:  97% ] |#################################################  | [-]
 [ Processing:  97% ] |#################################################  | [\]
 [ Processing:  97% ] |#################################################  | [|]
 [ Processing:  97% ] |#################################################  | [/]
 [ Processing:  97% ] |#################################################  | [-]
 [ Processing:  97% ] |#################################################  | [\]
 [ Processing:  97% ] |#################################################  | [|]
 [ Processing:  98% ] |#################################################  | [/]
 [ Processing:  98% ] |#################################################  | [-]
 [ Processing:  98% ] |#################################################  | [\]
 [ Processing:  98% ] |#################################################  | [|]
 [ Processing:  98% ] |#################################################  | [/]
 [ Processing:  98% ] |#################################################  | [-]
 [ Processing:  98% ] |#################################################  | [\]
 [ Processing:  98% ] |#################################################  | [|]
 [ Processing:  98% ] |#################################################  | [/]
 [ Processing:  99% ] |################################################## | [-]
 [ Processing:  99% ] |################################################## | [\]
 [ Processing:  99% ] |################################################## | [|]
 [ Processing:  99% ] |################################################## | [/]
 [ Processing:  99% ] |################################################## | [-]
 [ Processing:  99% ] |################################################## | [\]
 [ Processing:  99% ] |################################################## | [|]
 [ Processing:  99% ] |################################################## | [/]
 [ Processing:  99% ] |################################################## | [-]
 [ Processing:  99% ] |################################################## | [\]
 [ Processing:  99% ] |################################################## | [|]
 [ Processing:  99% ] |################################################## | [/]
 [ Processing:  99% ] |################################################## | [-]
 [ Processing:  99% ] |################################################## | [\]
 [ Processing:  99% ] |################################################## | [|]
 [ Processing:  99% ] |################################################## | [/]
 [ Processing:  99% ] |################################################## | [-]
 [ Processing:  99% ] |################################################## | [\]
 [ Processing:  99% ] |################################################## | [|]
 [ Processing:  99% ] |################################################## | [/]
 [ Processing:  99% ] |################################################## | [-]
 [ Processing:  99% ] |################################################## | [\]
 [ Processing:  99% ] |################################################## | [|]
 [ Processing:  99% ] |################################################## | [/]
 [ Processing:  99% ] |################################################## | [-]
 [ Processing:  99% ] |################################################## | [\]
 [ Processing:  99% ] |################################################## | [|]
 [ Processing:  99% ] |################################################## | [/]
 [ Processing:  99% ] |################################################## | [-]
 [ Processing:  99% ] |################################################## | [\]
 [ Processing:  99% ] |################################################## | [|]
 [ Processing:  99% ] |################################################## | [/]
 [ Processing:  99% ] |################################################## | [-]
 [ Processing:  99% ] |################################################## | [\]
 [ Processing:  99% ] |################################################## | [|]
 [ Processing:  99% ] |################################################## | [/]
 [ Processing:  99% ] |################################################## | [-]
 [ Processing:  99% ] |################################################## | [\]
 [ Processing:  99% ] |################################################## | [|]
 [ Processing:  99% ] |################################################## | [/]
 [ Processing:  99% ] |################################################## | [-]
 [ Processing:  99% ] |################################################## | [\]
 [ Processing:  99% ] |################################################## | [|]
 [ Processing:  99% ] |################################################## | [/]
 [ Processing:  99% ] |################################################## | [-]
 [ Processing:  99% ] |################################################## | [\]
 [ Processing:  99% ] |################################################## | [|]
 [ Processing:  99% ] |################################################## | [/]
 [ Processing:  99% ] |################################################## | [-]
 [ Processing:  99% ] |################################################## | [\]
 [ Processing:  99% ] |################################################## | [|]
 [ Processing:  99% ] |################################################## | [/]
 [ Processing:  99% ] |################################################## | [-]
 [ Processing:  99% ] |################################################## | [\]
 [ Processing:  99% ] |################################################## | [|]
 [ Processing:  99% ] |################################################## | [/]
 [ Processing:  99% ] |################################################## | [-]
 [ Processing:  99% ] |################################################## | [\]
 [ Processing:  99% ] |################################################## | [|]
 [ Processing:  99% ] |################################################## | [/]
 [ Processing:  99% ] |################################################## | [-]
 [ Processing:  99% ] |################################################## | [\]
 [ Processing:  99% ] |################################################## | [|]
 [ Processing:  99% ] |################################################## | [/]
 [ Processing:  99% ] |################################################## | [-]
 [ Processing:  99% ] |################################################## | [\]
 [ Processing:  99% ] |################################################## | [|]
 [ Processing:  99% ] |################################################## | [/]
 [ Processing:  99% ] |################################################## | [-]
 [ Processing:  99% ] |################################################## | [\]
 [ Processing:  99% ] |################################################## | [|]
 [ Processing:  99% ] |################################################## | [/]
 [ Processing:  99% ] |################################################## | [-]
 [ Processing:  99% ] |################################################## | [\]
 [ Processing:  99% ] |################################################## | [|]
 [ Processing:  99% ] |################################################## | [/]
 [ Processing:  99% ] |################################################## | [-]
 [ Processing:  99% ] |################################################## | [\]
 [ Processing:  99% ] |################################################## | [|]
 [ Processing:  99% ] |################################################## | [/]
 [ Processing:  99% ] |################################################## | [-]
 [ Processing:  99% ] |################################################## | [\]
 [ Processing:  99% ] |################################################## | [|]
 [ Processing:  99% ] |################################################## | [/]
 [ Processing:  99% ] |################################################## | [-]
 [ Processing:  99% ] |################################################## | [\]
 [ Processing:  99% ] |################################################## | [|]
 [ Processing:  99% ] |################################################## | [/]
 [ Processing:  99% ] |################################################## | [-]
 [ Processing:  99% ] |################################################## | [\]
 [ Processing:  99% ] |################################################## | [|]
 [ Processing:  99% ] |################################################## | [/]
 [ Processing:  99% ] |################################################## | [-]
 [ Processing:  99% ] |################################################## | [\]
 [ Processing:  99% ] |################################################## | [|]
 [ Processing:  99% ] |################################################## | [/]
 [ Processing:  99% ] |################################################## | [-]
 [ Processing:  99% ] |################################################## | [\]
 [ Processing:  99% ] |################################################## | [|]
 [ Processing:  99% ] |################################################## | [/]
 [ Processing:  99% ] |################################################## | [-]
 [ Processing:  99% ] |################################################## | [\]
 [ Processing:  99% ] |################################################## | [|]
 [ Processing:  99% ] |################################################## | [/]
 [ Processing:  99% ] |################################################## | [-]
 [ Processing:  99% ] |################################################## | [\]
 [ Processing:  99% ] |################################################## | [|]
 [ Processing:  99% ] |################################################## | [/]
 [ Processing:  99% ] |################################################## | [-]
 [ Processing:  99% ] |################################################## | [\]
 [ Processing:  99% ] |################################################## | [|]
 [ Processing:  99% ] |################################################## | [/]
 [ Processing:  99% ] |################################################## | [-]
 [ Processing:  99% ] |################################################## | [\]
 [ Processing:  99% ] |################################################## | [|]
 [ Processing:  99% ] |################################################## | [/]
 [ Processing:  99% ] |################################################## | [-]
 [ Processing:  99% ] |################################################## | [\]
 [ Processing:  99% ] |################################################## | [|]
 [ Processing:  99% ] |################################################## | [/]
 [ Processing:  99% ] |################################################## | [-]
 [ Processing:  99% ] |################################################## | [\]
 [ Processing:  99% ] |################################################## | [|]
 [ Processing:  99% ] |################################################## | [/]
 [ Processing:  99% ] |################################################## | [-]
 [ Processing:  99% ] |################################################## | [\]
 [ Processing:  99% ] |################################################## | [|]
 [ Processing:  99% ] |################################################## | [/]
 [ Processing:  99% ] |################################################## | [-]
 [ Processing:  99% ] |################################################## | [\]
 [ Processing:  99% ] |################################################## | [|]
 [ Processing:  99% ] |################################################## | [/]
 [ Processing:  99% ] |################################################## | [-]
 [ Processing:  99% ] |################################################## | [\]
 [ Processing:  99% ] |################################################## | [|]
 [ Processing:  99% ] |################################################## | [/]
 [ Processing:  99% ] |################################################## | [-]
 [ Processing:  99% ] |################################################## | [\]
 [ Processing:  99% ] |################################################## | [|]
 [ Processing:  99% ] |################################################## | [/]
 [ Processing:  99% ] |################################################## | [-]
 [ Processing:  99% ] |################################################## | [\]
 [ Processing:  99% ] |################################################## | [|]
 [ Processing:  99% ] |################################################## | [/]
 [ Processing:  99% ] |################################################## | [-]
 [ Processing:  99% ] |################################################## | [\]
 [ Processing:  99% ] |################################################## | [|]
 [ Processing:  99% ] |################################################## | [/]
 [ Processing:  99% ] |################################################## | [-]
 [ Processing:  99% ] |################################################## | [\]
 [ Processing:  99% ] |################################################## | [|]
 [ Processing:  99% ] |################################################## | [/]
 [ Processing:  99% ] |################################################## | [-]
 [ Processing:  99% ] |################################################## | [\]
 [ Processing:  99% ] |################################################## | [|]
 [ Processing:  99% ] |################################################## | [/]
 [ Processing:  99% ] |################################################## | [-]
 [ Processing:  99% ] |################################################## | [\]
 [ Processing:  99% ] |################################################## | [|]
 [ Processing:  99% ] |################################################## | [/]
 [ Processing:  99% ] |################################################## | [-]
 [ Processing:  99% ] |################################################## | [\]
 [ Processing:  99% ] |################################################## | [|]
 [ Processing:  99% ] |################################################## | [/]
 [ Processing:  99% ] |################################################## | [-]
 [ Processing:  99% ] |################################################## | [\]
 [ Processing:  99% ] |################################################## | [|]
 [ Processing:  99% ] |################################################## | [/]
 [ Processing:  99% ] |################################################## | [-]
 [ Processing:  99% ] |################################################## | [\]
 [ Processing:  99% ] |################################################## | [|]
 [ Processing:  99% ] |################################################## | [/]
 [ Processing:  99% ] |################################################## | [-]
 [ Processing:  99% ] |################################################## | [\]
 [ Processing:  99% ] |################################################## | [|]
 [ Processing:  99% ] |################################################## | [/]
 [ Processing:  99% ] |################################################## | [-]
 [ Processing:  99% ] |################################################## | [\]
 [ Processing:  99% ] |################################################## | [|]
 [ Processing:  99% ] |################################################## | [/]
 [ Processing:  99% ] |################################################## | [-]
 [ Processing:  99% ] |################################################## | [\]
 [ Processing:  99% ] |################################################## | [|]
 [ Processing:  99% ] |################################################## | [/]
 [ Processing:  99% ] |################################################## | [-]
 [ Processing:  99% ] |################################################## | [\]
 [ Processing:  99% ] |################################################## | [|]
 [ Processing:  99% ] |################################################## | [/]
 [ Processing:  99% ] |################################################## | [-]
 [ Processing:  99% ] |################################################## | [\]
 [ Processing:  99% ] |################################################## | [|]
 [ Processing:  99% ] |################################################## | [/]
 [ Processing:  99% ] |################################################## | [-]
 [ Processing:  99% ] |################################################## | [\]
 [ Processing:  99% ] |################################################## | [|]
 [ Processing:  99% ] |################################################## | [/]
 [ Processing:  99% ] |################################################## | [-]
 [ Processing:  99% ] |################################################## | [\]
 [ Processing:  99% ] |################################################## | [|]
 [ Processing:  99% ] |################################################## | [/]
 [ Processing:  99% ] |################################################## | [-]
 [ Processing:  99% ] |################################################## | [\]
 [ Processing:  99% ] |################################################## | [|]
 [ Processing:  99% ] |################################################## | [/]
 [ Processing:  99% ] |################################################## | [-]
 [ Processing:  99% ] |################################################## | [\]
 [ Processing:  99% ] |################################################## | [|]
 [ Processing:  99% ] |################################################## | [/]
 [ Processing:  99% ] |################################################## | [-]
 [ Processing:  99% ] |################################################## | [\]
 [ Processing:  99% ] |################################################## | [|]
 [ Processing:  99% ] |################################################## | [/]
 [ Processing:  99% ] |################################################## | [-]
 [ Processing:  99% ] |################################################## | [\]
 [ Processing:  99% ] |################################################## | [|]
 [ Processing:  99% ] |################################################## | [/]
 [ Processing:  99% ] |################################################## | [-]
 [ Processing:  99% ] |################################################## | [\]
 [ Processing:  99% ] |################################################## | [|]
 [ Processing:  99% ] |################################################## | [/]
 [ Processing:  99% ] |################################################## | [-]
 [ Processing:  99% ] |################################################## | [\]
 [ Processing:  99% ] |################################################## | [|]
 [ Processing:  99% ] |################################################## | [/]
 [ Processing:  99% ] |################################################## | [-]
 [ Processing:  99% ] |################################################## | [\]
 [ Processing:  99% ] |################################################## | [|]
 [ Processing:  99% ] |################################################## | [/]
 [ Processing:  99% ] |################################################## | [-]
 [ Processing:  99% ] |################################################## | [\]
 [ Processing:  99% ] |################################################## | [|]
 [ Processing:  99% ] |################################################## | [/]
 [ Processing:  99% ] |################################################## | [-]
 [ Processing:  99% ] |################################################## | [\]
 [ Processing:  99% ] |################################################## | [|]
 [ Processing:  99% ] |################################################## | [/]
 [ Processing:  99% ] |################################################## | [-]
 [ Processing:  99% ] |################################################## | [\]
 [ Processing:  99% ] |################################################## | [|]
 [ Processing:  99% ] |################################################## | [/]
 [ Processing:  99% ] |################################################## | [-]
 [ Processing:  99% ] |################################################## | [\]
 [ Processing:  99% ] |################################################## | [|]
 [ Processing:  99% ] |################################################## | [/]
 [ Processing:  99% ] |################################################## | [-]
 [ Processing:  99% ] |################################################## | [\]
 [ Processing:  99% ] |################################################## | [|]
 [ Processing:  99% ] |################################################## | [/]
 [ Processing:  99% ] |################################################## | [-]
 [ Processing:  99% ] |################################################## | [\]
 [ Processing:  99% ] |################################################## | [|]
 [ Processing:  99% ] |################################################## | [/]
 [ Processing:  99% ] |################################################## | [-]
 [ Processing:  99% ] |################################################## | [\]
 [ Processing:  99% ] |################################################## | [|]
 [ Processing:  99% ] |################################################## | [/]
 [ Processing:  99% ] |################################################## | [-]
 [ Processing:  99% ] |################################################## | [\]
 [ Processing:  99% ] |################################################## | [|]
 [ Processing:  99% ] |################################################## | [/]
 [ Processing:  99% ] |################################################## | [-]
 [ Processing:  99% ] |################################################## | [\]
 [ Processing:  99% ] |################################################## | [|]
 [ Processing:  99% ] |################################################## | [/]
 [ Processing:  99% ] |################################################## | [-]
 [ Processing:  99% ] |################################################## | [\]
 [ Processing:  99% ] |################################################## | [|]
 [ Processing:  99% ] |################################################## | [/]
 [ Processing:  99% ] |################################################## | [-]
 [ Processing:  99% ] |################################################## | [\]
 [ Processing:  99% ] |################################################## | [|]
 [ Processing:  99% ] |################################################## | [/]
 [ Processing:  99% ] |################################################## | [-]
 [ Processing:  99% ] |################################################## | [\]
 [ Processing:  99% ] |################################################## | [|]
 [ Processing:  99% ] |################################################## | [/]
 [ Processing:  99% ] |################################################## | [-]
 [ Processing:  99% ] |################################################## | [\]
 [ Processing:  99% ] |################################################## | [|]
 [ Processing:  99% ] |################################################## | [/]
 [ Processing:  99% ] |################################################## | [-]
 [ Processing:  99% ] |################################################## | [\]
 [ Processing:  99% ] |################################################## | [|]
 [ Processing:  99% ] |################################################## | [/]
 [ Processing:  99% ] |################################################## | [-]
 [ Processing:  99% ] |################################################## | [\]
 [ Processing:  99% ] |################################################## | [|]
 [ Processing:  99% ] |################################################## | [/]
 [ Processing:  99% ] |################################################## | [-]
 [ Processing:  99% ] |################################################## | [\]
 [ Processing:  99% ] |################################################## | [|]
 [ Processing:  99% ] |################################################## | [/]
 [ Processing:  99% ] |################################################## | [-]
 [ Processing:  99% ] |################################################## | [\]
 [ Processing:  99% ] |################################################## | [|]
 [ Processing:  99% ] |################################################## | [/]
 [ Processing:  99% ] |################################################## | [-]
 [ Processing:  99% ] |################################################## | [\]
 [ Processing:  99% ] |################################################## | [|]
 [ Processing:  99% ] |################################################## | [/]
 [ Processing:  99% ] |################################################## | [-]
 [ Processing:  99% ] |################################################## | [\]
 [ Processing:  99% ] |################################################## | [|]
 [ Processing:  99% ] |################################################## | [/]
 [ Processing:  99% ] |################################################## | [-]
 [ Processing:  99% ] |################################################## | [\]
 [ Processing:  99% ] |################################################## | [|]
 [ Processing:  99% ] |################################################## | [/]
 [ Processing:  99% ] |################################################## | [-]
 [ Processing:  99% ] |################################################## | [\]
 [ Processing:  99% ] |################################################## | [|]
 [ Processing:  99% ] |################################################## | [/]
 [ Processing:  99% ] |################################################## | [-]
 [ Processing:  99% ] |################################################## | [\]
 [ Processing:  99% ] |################################################## | [|]
 [ Processing:  99% ] |################################################## | [/]
 [ Processing:  99% ] |################################################## | [-]
 [ Processing:  99% ] |################################################## | [\]
 [ Processing:  99% ] |################################################## | [|]
 [ Processing:  99% ] |################################################## | [/]
 [ Processing:  99% ] |################################################## | [-]
 [ Processing:  99% ] |################################################## | [\]
 [ Processing:  99% ] |################################################## | [|]
 [ Processing:  99% ] |################################################## | [/]
 [ Processing:  99% ] |################################################## | [-]
 [ Processing:  99% ] |################################################## | [\]
 [ Processing:  99% ] |################################################## | [|]
 [ Processing:  99% ] |################################################## | [/]
 [ Processing:  99% ] |################################################## | [-]
 [ Processing:  99% ] |################################################## | [\]
 [ Processing:  99% ] |################################################## | [|]
 [ Processing:  99% ] |################################################## | [/]
 [ Processing:  99% ] |################################################## | [-]
 [ Processing:  99% ] |################################################## | [\]
 [ Processing:  99% ] |################################################## | [|]
 [ Processing:  99% ] |################################################## | [/]
 [ Processing:  99% ] |################################################## | [-]
 [ Processing:  99% ] |################################################## | [\]
 [ Processing:  99% ] |################################################## | [|]
 [ Processing:  99% ] |################################################## | [/]
 [ Processing:  99% ] |################################################## | [-]
 [ Processing:  99% ] |################################################## | [\]
 [ Processing:  99% ] |################################################## | [|]
 [ Processing:  99% ] |################################################## | [/]
 [ Processing:  99% ] |################################################## | [-]
 [ Processing:  99% ] |################################################## | [\]
 [ Processing:  99% ] |################################################## | [|]
 [ Processing:  99% ] |################################################## | [/]
 [ Processing:  99% ] |################################################## | [-]
 [ Processing:  99% ] |################################################## | [\]
 [ Processing:  99% ] |################################################## | [|]
 [ Processing:  99% ] |################################################## | [/]
 [ Processing:  99% ] |################################################## | [-]
 [ Processing:  99% ] |################################################## | [\]
 [ Processing:  99% ] |################################################## | [|]
 [ Processing:  99% ] |################################################## | [/]
 [ Processing:  99% ] |################################################## | [-]
 [ Processing:  99% ] |################################################## | [\]
 [ Processing:  99% ] |################################################## | [|]
 [ Processing:  99% ] |################################################## | [/]
 [ Processing:  99% ] |################################################## | [-]
 [ Processing:  99% ] |################################################## | [\]
 [ Processing:  99% ] |################################################## | [|]
 [ Processing:  99% ] |################################################## | [/]
 [ Processing:  99% ] |################################################## | [-]
 [ Processing:  99% ] |################################################## | [\]
 [ Processing:  99% ] |################################################## | [|]
 [ Processing:  99% ] |################################################## | [/]
 [ Processing:  99% ] |################################################## | [-]
 [ Processing:  99% ] |################################################## | [\]
 [ Processing:  99% ] |################################################## | [|]
 [ Processing:  99% ] |################################################## | [/]
 [ Processing:  99% ] |################################################## | [-]
 [ Processing:  99% ] |################################################## | [\]
 [ Processing:  99% ] |################################################## | [|]
 [ Processing:  99% ] |################################################## | [/]
 [ Processing:  99% ] |################################################## | [-]
 [ Processing:  99% ] |################################################## | [\]
 [ Processing:  99% ] |################################################## | [|]
 [ Processing:  99% ] |################################################## | [/]
 [ Processing:  99% ] |################################################## | [-]
 [ Processing:  99% ] |################################################## | [\]
 [ Processing:  99% ] |################################################## | [|]
 [ Processing:  99% ] |################################################## | [/]
 [ Processing:  99% ] |################################################## | [-]
 [ Processing:  99% ] |################################################## | [\]
 [ Processing:  99% ] |################################################## | [|]
 [ Processing:  99% ] |################################################## | [/]
 [ Processing:  99% ] |################################################## | [-]
 [ Processing:  99% ] |################################################## | [\]
 [ Processing:  99% ] |################################################## | [|]
 [ Processing:  99% ] |################################################## | [/]
 [ Processing:  99% ] |################################################## | [-]
 [ Processing:  99% ] |################################################## | [\]
 [ Processing:  99% ] |################################################## | [|]
 [ Processing:  99% ] |################################################## | [/]
 [ Processing:  99% ] |################################################## | [-]
 [ Processing:  99% ] |################################################## | [\]
 [ Processing:  99% ] |################################################## | [|]
 [ Processing:  99% ] |################################################## | [/]
 [ Processing:  99% ] |################################################## | [-]
 [ Processing:  99% ] |################################################## | [\]
 [ Processing:  99% ] |################################################## | [|]
 [ Processing:  99% ] |################################################## | [/]
 [ Processing:  99% ] |################################################## | [-]
 [ Processing:  99% ] |################################################## | [\]
 [ Processing:  99% ] |################################################## | [|]
 [ Processing:  99% ] |################################################## | [/]
 [ Processing:  99% ] |################################################## | [-]
 [ Processing:  99% ] |################################################## | [\]
 [ Processing:  99% ] |################################################## | [|]
 [ Processing:  99% ] |################################################## | [/]
 [ Processing:  99% ] |################################################## | [-]
 [ Processing:  99% ] |################################################## | [\]
 [ Processing:  99% ] |################################################## | [|]
 [ Processing:  99% ] |################################################## | [/]
 [ Processing:  99% ] |################################################## | [-]
 [ Processing:  99% ] |################################################## | [\]
 [ Processing:  99% ] |################################################## | [|]
 [ Processing:  99% ] |################################################## | [/]
 [ Processing:  99% ] |################################################## | [-]
 [ Processing:  99% ] |################################################## | [\]
 [ Processing:  99% ] |################################################## | [|]
 [ Processing:  99% ] |################################################## | [/]
 [ Processing:  99% ] |################################################## | [-]
 [ Processing:  99% ] |################################################## | [\]
 [ Processing:  99% ] |################################################## | [|]
 [ Processing:  99% ] |################################################## | [/]
 [ Processing:  99% ] |################################################## | [-]
 [ Processing:  99% ] |################################################## | [\]
 [ Processing:  99% ] |################################################## | [|]
 [ Processing:  99% ] |################################################## | [/]
 [ Processing:  99% ] |################################################## | [-]
 [ Processing:  99% ] |################################################## | [\]
 [ Processing:  99% ] |################################################## | [|]
 [ Processing:  99% ] |################################################## | [/]
 [ Processing:  99% ] |################################################## | [-]
 [ Processing:  99% ] |################################################## | [\]
 [ Processing:  99% ] |################################################## | [|]
 [ Processing:  99% ] |################################################## | [/]
 [ Processing:  99% ] |################################################## | [-]
 [ Processing:  99% ] |################################################## | [\]
 [ Processing:  99% ] |################################################## | [|]
 [ Processing:  99% ] |################################################## | [/]
 [ Processing:  99% ] |################################################## | [-]
 [ Processing:  99% ] |################################################## | [\]
 [ Processing:  99% ] |################################################## | [|]
 [ Processing:  99% ] |################################################## | [/]
 [ Processing:  99% ] |################################################## | [-]
 [ Processing:  99% ] |################################################## | [\]
 [ Processing:  99% ] |################################################## | [|]
 [ Processing:  99% ] |################################################## | [/]
 [ Processing:  99% ] |################################################## | [-]
 [ Processing:  99% ] |################################################## | [\]
 [ Processing:  99% ] |################################################## | [|]
 [ Processing:  99% ] |################################################## | [/]
 [ Processing:  99% ] |################################################## | [-]
 [ Processing:  99% ] |################################################## | [\]
 [ Processing:  99% ] |################################################## | [|]
 [ Processing:  99% ] |################################################## | [/]
 [ Processing:  99% ] |################################################## | [-]
 [ Processing:  99% ] |################################################## | [\]
 [ Processing:  99% ] |################################################## | [|]
 [ Processing:  99% ] |################################################## | [/]
 [ Processing:  99% ] |################################################## | [-]
 [ Processing:  99% ] |################################################## | [\]
 [ Processing:  99% ] |################################################## | [|]
 [ Processing:  99% ] |################################################## | [/]
 [ Processing:  99% ] |################################################## | [-]
 [ Processing:  99% ] |################################################## | [\]
 [ Processing:  99% ] |################################################## | [|]
 [ Processing:  99% ] |################################################## | [/]
 [ Processing:  99% ] |################################################## | [-]
 [ Processing:  99% ] |################################################## | [\]
 [ Processing:  99% ] |################################################## | [|]
 [ Processing:  99% ] |################################################## | [/]
 [ Processing:  99% ] |################################################## | [-]
 [ Processing:  99% ] |################################################## | [\]
 [ Processing:  99% ] |################################################## | [|]
 [ Processing:  99% ] |################################################## | [/]
 [ Processing:  99% ] |################################################## | [-]
 [ Processing:  99% ] |################################################## | [\]
 [ Processing:  99% ] |################################################## | [|]
 [ Processing:  99% ] |################################################## | [/]
 [ Processing:  99% ] |################################################## | [-]
 [ Processing:  99% ] |################################################## | [\]
 [ Processing:  99% ] |################################################## | [|]
 [ Processing:  99% ] |################################################## | [/]
 [ Processing:  99% ] |################################################## | [-]
 [ Processing:  99% ] |################################################## | [\]
 [ Processing:  99% ] |################################################## | [|]
 [ Processing:  99% ] |################################################## | [/]
 [ Processing:  99% ] |################################################## | [-]
 [ Processing:  99% ] |################################################## | [\]
 [ Processing:  99% ] |################################################## | [|]
 [ Processing:  99% ] |################################################## | [/]
 [ Processing:  99% ] |################################################## | [-]
 [ Processing:  99% ] |################################################## | [\]
 [ Processing:  99% ] |################################################## | [|]
 [ Processing:  99% ] |################################################## | [/]
 [ Processing:  99% ] |################################################## | [-]
 [ Processing:  99% ] |################################################## | [\]
 [ Processing:  99% ] |################################################## | [|]
 [ Processing:  99% ] |################################################## | [/]
 [ Processing:  99% ] |################################################## | [-]
 [ Processing:  99% ] |################################################## | [\]
 [ Processing:  99% ] |################################################## | [|]
 [ Processing:  99% ] |################################################## | [/]
 [ Processing:  99% ] |################################################## | [-]
 [ Processing:  99% ] |################################################## | [\]
 [ Processing:  99% ] |################################################## | [|]
 [ Processing:  99% ] |################################################## | [/]
 [ Processing:  99% ] |################################################## | [-]
 [ Processing:  99% ] |################################################## | [\]
 [ Processing:  99% ] |################################################## | [|]
 [ Processing:  99% ] |################################################## | [/]
 [ Processing:  99% ] |################################################## | [-]
 [ Processing:  99% ] |################################################## | [\]
 [ Processing:  99% ] |################################################## | [|]
 [ Processing:  99% ] |################################################## | [/]
 [ Processing:  99% ] |################################################## | [-]
 [ Processing:  99% ] |################################################## | [\]
 [ Processing:  99% ] |################################################## | [|]
 [ Processing:  99% ] |################################################## | [/]
 [ Processing:  99% ] |################################################## | [-]
 [ Processing:  99% ] |################################################## | [\]
 [ Processing:  99% ] |################################################## | [|]
 [ Processing:  99% ] |################################################## | [/]
 [ Processing:  99% ] |################################################## | [-]
 [ Processing:  99% ] |################################################## | [\]
 [ Processing:  99% ] |################################################## | [|]
 [ Processing:  99% ] |################################################## | [/]
 [ Processing:  99% ] |################################################## | [-]
 [ Processing:  99% ] |################################################## | [\]
 [ Processing:  99% ] |################################################## | [|]
 [ Processing:  99% ] |################################################## | [/]
 [ Processing:  99% ] |################################################## | [-]
 [ Processing:  99% ] |################################################## | [\]
 [ Processing:  99% ] |################################################## | [|]
 [ Processing:  99% ] |################################################## | [/]
 [ Processing:  99% ] |################################################## | [-]
 [ Processing:  99% ] |################################################## | [\]
 [ Processing:  99% ] |################################################## | [|]
 [ Processing:  99% ] |################################################## | [/]
 [ Processing:  99% ] |################################################## | [-]
 [ Processing:  99% ] |################################################## | [\]
 [ Processing:  99% ] |################################################## | [|]
 [ Processing:  99% ] |################################################## | [/]
 [ Processing:  99% ] |################################################## | [-]
 [ Processing:  99% ] |################################################## | [\]
 [ Processing:  99% ] |################################################## | [|]
 [ Processing:  99% ] |################################################## | [/]
 [ Processing:  99% ] |################################################## | [-]
 [ Processing:  99% ] |################################################## | [\]
 [ Processing:  99% ] |################################################## | [|]
 [ Processing:  99% ] |################################################## | [/]
 [ Processing:  99% ] |################################################## | [-]
 [ Processing:  99% ] |################################################## | [\]
 [ Processing:  99% ] |################################################## | [|]
 [ Processing:  99% ] |################################################## | [/]
 [ Processing:  99% ] |################################################## | [-]
 [ Processing:  99% ] |################################################## | [\]
 [ Processing:  99% ] |################################################## | [|]
 [ Processing:  99% ] |################################################## | [/]
 [ Processing:  99% ] |################################################## | [-]
 [ Processing:  99% ] |################################################## | [\]
 [ Processing:  99% ] |################################################## | [|]
 [ Processing:  99% ] |################################################## | [/]
 [ Processing:  99% ] |################################################## | [-]
 [ Processing:  99% ] |################################################## | [\]
 [ Processing:  99% ] |################################################## | [|]
 [ Processing:  99% ] |################################################## | [/]
 [ Processing:  99% ] |################################################## | [-]
 [ Processing:  99% ] |################################################## | [\]
 [ Processing:  99% ] |################################################## | [|]
 [ Processing:  99% ] |################################################## | [/]
 [ Processing:  99% ] |################################################## | [-]
 [ Processing:  99% ] |################################################## | [\]
 [ Processing:  99% ] |################################################## | [|]
 [ Processing:  99% ] |################################################## | [/]
 [ Processing:  99% ] |################################################## | [-]
 [ Processing:  99% ] |################################################## | [\]
 [ Processing:  99% ] |################################################## | [|]
 [ Processing:  99% ] |################################################## | [/]
 [ Processing:  99% ] |################################################## | [-]
 [ Processing:  99% ] |################################################## | [\]
 [ Processing:  99% ] |################################################## | [|]
 [ Processing:  99% ] |################################################## | [/]
 [ Processing:  99% ] |################################################## | [-]
 [ Processing:  99% ] |################################################## | [\]
 [ Processing:  99% ] |################################################## | [|]
 [ Processing:  99% ] |################################################## | [/]
 [ Processing:  99% ] |################################################## | [-]
 [ Processing:  99% ] |################################################## | [\]
 [ Processing:  99% ] |################################################## | [|]
 [ Processing:  99% ] |################################################## | [/]
 [ Processing:  99% ] |################################################## | [-]
 [ Processing:  99% ] |################################################## | [\]
 [ Processing:  99% ] |################################################## | [|]
 [ Processing:  99% ] |################################################## | [/]
 [ Processing:  99% ] |################################################## | [-]
 [ Processing:  99% ] |################################################## | [\]
 [ Processing:  99% ] |################################################## | [|]
 [ Processing: 100% ] |###################################################| [/]
 [ Processing: 100% ] |###################################################| [|]
2025-12-28 19:32:54,853 - INFO - Job Status after resume: successful
2025-12-28 19:32:54,853 - INFO - Downloading subsetted files to /mnt/AizatDrive/smap_malaysia_subset_v8/2021...
/mnt/AizatDrive/smap_malaysia_subset_v8/2021/139864073_SMAP_L4_SM_gph_20210101T133000_Vv8010_001_subsetted_regridded.nc4
/mnt/AizatDrive/smap_malaysia_subset_v8/2021/139864251_SMAP_L4_SM_gph_20210101T043000_Vv8010_001_subsetted_regridded.nc4
/mnt/AizatDrive/smap_malaysia_subset_v8/2021/139864281_SMAP_L4_SM_gph_20201231T223000_Vv8010_001_subsetted_regridded.nc4
/mnt/AizatDrive/smap_malaysia_subset_v8/2021/139864312_SMAP_L4_SM_gph_20210104T103000_Vv8010_001_subsetted_regridded.nc4
/mnt/AizatDrive/smap_malaysia_subset_v8/2021/139864365_SMAP_L4_SM_gph_20210102T193000_Vv8010_001_subsetted_regridded.nc4
/mnt/AizatDrive/smap_malaysia_subset_v8/2021/139864345_SMAP_L4_SM_gph_20210104T073000_Vv8010_001_subsetted_regridded.nc4
/mnt/AizatDrive/smap_malaysia_subset_v8/2021/139864321_SMAP_L4_SM_gph_20210102T073000_Vv8010_001_subsetted_regridded.nc4
/mnt/AizatDrive/smap_malaysia_subset_v8/2021/139864373_SMAP_L4_SM_gph_20210103T103000_Vv8010_001_subsetted_regridded.nc4
/mnt/AizatDrive/smap_malaysia_subset_v8/2021/139864448_SMAP_L4_SM_gph_20210103T163000_Vv8010_001_subsetted_regridded.nc4
/mnt/AizatDrive/smap_malaysia_subset_v8/2021/139864381_SMAP_L4_SM_gph_20210101T103000_Vv8010_001_subsetted_regridded.nc4
/mnt/AizatDrive/smap_malaysia_subset_v8/2021/139864485_SMAP_L4_SM_gph_20210103T013000_Vv8010_001_subsetted_regridded.nc4
/mnt/AizatDrive/smap_malaysia_subset_v8/2021/139864450_SMAP_L4_SM_gph_20210102T223000_Vv8010_001_subsetted_regridded.nc4
/mnt/AizatDrive/smap_malaysia_subset_v8/2021/139864421_SMAP_L4_SM_gph_20210102T103000_Vv8010_001_subsetted_regridded.nc4
/mnt/AizatDrive/smap_malaysia_subset_v8/2021/139864451_SMAP_L4_SM_gph_20210103T193000_Vv8010_001_subsetted_regridded.nc4
/mnt/AizatDrive/smap_malaysia_subset_v8/2021/139864501_SMAP_L4_SM_gph_20210102T163000_Vv8010_001_subsetted_regridded.nc4
/mnt/AizatDrive/smap_malaysia_subset_v8/2021/139864581_SMAP_L4_SM_gph_20210101T073000_Vv8010_001_subsetted_regridded.nc4
/mnt/AizatDrive/smap_malaysia_subset_v8/2021/139864556_SMAP_L4_SM_gph_20210101T193000_Vv8010_001_subsetted_regridded.nc4
/mnt/AizatDrive/smap_malaysia_subset_v8/2021/139864693_SMAP_L4_SM_gph_20210104T043000_Vv8010_001_subsetted_regridded.nc4
/mnt/AizatDrive/smap_malaysia_subset_v8/2021/139864630_SMAP_L4_SM_gph_20210103T073000_Vv8010_001_subsetted_regridded.nc4
/mnt/AizatDrive/smap_malaysia_subset_v8/2021/139864643_SMAP_L4_SM_gph_20210103T133000_Vv8010_001_subsetted_regridded.nc4
/mnt/AizatDrive/smap_malaysia_subset_v8/2021/139864592_SMAP_L4_SM_gph_20210103T043000_Vv8010_001_subsetted_regridded.nc4
/mnt/AizatDrive/smap_malaysia_subset_v8/2021/139864695_SMAP_L4_SM_gph_20210102T133000_Vv8010_001_subsetted_regridded.nc4
/mnt/AizatDrive/smap_malaysia_subset_v8/2021/139864645_SMAP_L4_SM_gph_20210101T163000_Vv8010_001_subsetted_regridded.nc4
/mnt/AizatDrive/smap_malaysia_subset_v8/2021/139864703_SMAP_L4_SM_gph_20210103T223000_Vv8010_001_subsetted_regridded.nc4
/mnt/AizatDrive/smap_malaysia_subset_v8/2021/139864799_SMAP_L4_SM_gph_20210104T133000_Vv8010_001_subsetted_regridded.nc4
/mnt/AizatDrive/smap_malaysia_subset_v8/2021/139864797_SMAP_L4_SM_gph_20210105T133000_Vv8010_001_subsetted_regridded.nc4
/mnt/AizatDrive/smap_malaysia_subset_v8/2021/139864818_SMAP_L4_SM_gph_20210106T193000_Vv8010_001_subsetted_regridded.nc4
/mnt/AizatDrive/smap_malaysia_subset_v8/2021/139864798_SMAP_L4_SM_gph_20210104T193000_Vv8010_001_subsetted_regridded.nc4
/mnt/AizatDrive/smap_malaysia_subset_v8/2021/139864874_SMAP_L4_SM_gph_20210105T163000_Vv8010_001_subsetted_regridded.nc4
/mnt/AizatDrive/smap_malaysia_subset_v8/2021/139864896_SMAP_L4_SM_gph_20210107T013000_Vv8010_001_subsetted_regridded.nc4
/mnt/AizatDrive/smap_malaysia_subset_v8/2021/139864839_SMAP_L4_SM_gph_20210105T103000_Vv8010_001_subsetted_regridded.nc4
/mnt/AizatDrive/smap_malaysia_subset_v8/2021/139864895_SMAP_L4_SM_gph_20210102T013000_Vv8010_001_subsetted_regridded.nc4
/mnt/AizatDrive/smap_malaysia_subset_v8/2021/139864909_SMAP_L4_SM_gph_20210101T013000_Vv8010_001_subsetted_regridded.nc4
/mnt/AizatDrive/smap_malaysia_subset_v8/2021/139864936_SMAP_L4_SM_gph_20210104T013000_Vv8010_001_subsetted_regridded.nc4
/mnt/AizatDrive/smap_malaysia_subset_v8/2021/139864956_SMAP_L4_SM_gph_20210104T163000_Vv8010_001_subsetted_regridded.nc4
/mnt/AizatDrive/smap_malaysia_subset_v8/2021/139864958_SMAP_L4_SM_gph_20210105T073000_Vv8010_001_subsetted_regridded.nc4
/mnt/AizatDrive/smap_malaysia_subset_v8/2021/139865037_SMAP_L4_SM_gph_20210106T013000_Vv8010_001_subsetted_regridded.nc4
/mnt/AizatDrive/smap_malaysia_subset_v8/2021/139864996_SMAP_L4_SM_gph_20210105T043000_Vv8010_001_subsetted_regridded.nc4
/mnt/AizatDrive/smap_malaysia_subset_v8/2021/139864976_SMAP_L4_SM_gph_20210104T223000_Vv8010_001_subsetted_regridded.nc4
/mnt/AizatDrive/smap_malaysia_subset_v8/2021/139865073_SMAP_L4_SM_gph_20210105T013000_Vv8010_001_subsetted_regridded.nc4
/mnt/AizatDrive/smap_malaysia_subset_v8/2021/139865141_SMAP_L4_SM_gph_20210102T043000_Vv8010_001_subsetted_regridded.nc4
/mnt/AizatDrive/smap_malaysia_subset_v8/2021/139865130_SMAP_L4_SM_gph_20210106T043000_Vv8010_001_subsetted_regridded.nc4
/mnt/AizatDrive/smap_malaysia_subset_v8/2021/139865056_SMAP_L4_SM_gph_20210107T073000_Vv8010_001_subsetted_regridded.nc4
/mnt/AizatDrive/smap_malaysia_subset_v8/2021/139865192_SMAP_L4_SM_gph_20210101T223000_Vv8010_001_subsetted_regridded.nc4
/mnt/AizatDrive/smap_malaysia_subset_v8/2021/139865231_SMAP_L4_SM_gph_20210110T043000_Vv8010_001_subsetted_regridded.nc4
/mnt/AizatDrive/smap_malaysia_subset_v8/2021/139865193_SMAP_L4_SM_gph_20210106T073000_Vv8010_001_subsetted_regridded.nc4
/mnt/AizatDrive/smap_malaysia_subset_v8/2021/139865246_SMAP_L4_SM_gph_20210108T043000_Vv8010_001_subsetted_regridded.nc4
/mnt/AizatDrive/smap_malaysia_subset_v8/2021/139865336_SMAP_L4_SM_gph_20210109T163000_Vv8010_001_subsetted_regridded.nc4
/mnt/AizatDrive/smap_malaysia_subset_v8/2021/139865268_SMAP_L4_SM_gph_20210106T163000_Vv8010_001_subsetted_regridded.nc4
/mnt/AizatDrive/smap_malaysia_subset_v8/2021/139865299_SMAP_L4_SM_gph_20210106T133000_Vv8010_001_subsetted_regridded.nc4
/mnt/AizatDrive/smap_malaysia_subset_v8/2021/139865338_SMAP_L4_SM_gph_20210107T043000_Vv8010_001_subsetted_regridded.nc4
/mnt/AizatDrive/smap_malaysia_subset_v8/2021/139865451_SMAP_L4_SM_gph_20210109T103000_Vv8010_001_subsetted_regridded.nc4
/mnt/AizatDrive/smap_malaysia_subset_v8/2021/139865359_SMAP_L4_SM_gph_20210106T223000_Vv8010_001_subsetted_regridded.nc4
/mnt/AizatDrive/smap_malaysia_subset_v8/2021/139865379_SMAP_L4_SM_gph_20210109T193000_Vv8010_001_subsetted_regridded.nc4
/mnt/AizatDrive/smap_malaysia_subset_v8/2021/139865452_SMAP_L4_SM_gph_20210106T103000_Vv8010_001_subsetted_regridded.nc4
/mnt/AizatDrive/smap_malaysia_subset_v8/2021/139865453_SMAP_L4_SM_gph_20210109T073000_Vv8010_001_subsetted_regridded.nc4
/mnt/AizatDrive/smap_malaysia_subset_v8/2021/139865473_SMAP_L4_SM_gph_20210108T103000_Vv8010_001_subsetted_regridded.nc4
/mnt/AizatDrive/smap_malaysia_subset_v8/2021/139865508_SMAP_L4_SM_gph_20210107T133000_Vv8010_001_subsetted_regridded.nc4
/mnt/AizatDrive/smap_malaysia_subset_v8/2021/139865490_SMAP_L4_SM_gph_20210107T223000_Vv8010_001_subsetted_regridded.nc4
/mnt/AizatDrive/smap_malaysia_subset_v8/2021/139865552_SMAP_L4_SM_gph_20210105T193000_Vv8010_001_subsetted_regridded.nc4
/mnt/AizatDrive/smap_malaysia_subset_v8/2021/139865528_SMAP_L4_SM_gph_20210110T223000_Vv8010_001_subsetted_regridded.nc4
/mnt/AizatDrive/smap_malaysia_subset_v8/2021/139865575_SMAP_L4_SM_gph_20210108T223000_Vv8010_001_subsetted_regridded.nc4
/mnt/AizatDrive/smap_malaysia_subset_v8/2021/139865573_SMAP_L4_SM_gph_20210108T193000_Vv8010_001_subsetted_regridded.nc4
/mnt/AizatDrive/smap_malaysia_subset_v8/2021/139865611_SMAP_L4_SM_gph_20210110T193000_Vv8010_001_subsetted_regridded.nc4
/mnt/AizatDrive/smap_malaysia_subset_v8/2021/139865593_SMAP_L4_SM_gph_20210109T043000_Vv8010_001_subsetted_regridded.nc4
/mnt/AizatDrive/smap_malaysia_subset_v8/2021/139865724_SMAP_L4_SM_gph_20210111T043000_Vv8010_001_subsetted_regridded.nc4
/mnt/AizatDrive/smap_malaysia_subset_v8/2021/139865612_SMAP_L4_SM_gph_20210108T163000_Vv8010_001_subsetted_regridded.nc4
/mnt/AizatDrive/smap_malaysia_subset_v8/2021/139865637_SMAP_L4_SM_gph_20210110T103000_Vv8010_001_subsetted_regridded.nc4
/mnt/AizatDrive/smap_malaysia_subset_v8/2021/139865745_SMAP_L4_SM_gph_20210110T013000_Vv8010_001_subsetted_regridded.nc4
/mnt/AizatDrive/smap_malaysia_subset_v8/2021/139865708_SMAP_L4_SM_gph_20210111T163000_Vv8010_001_subsetted_regridded.nc4
/mnt/AizatDrive/smap_malaysia_subset_v8/2021/139865654_SMAP_L4_SM_gph_20210105T223000_Vv8010_001_subsetted_regridded.nc4
/mnt/AizatDrive/smap_malaysia_subset_v8/2021/139865805_SMAP_L4_SM_gph_20210110T163000_Vv8010_001_subsetted_regridded.nc4
/mnt/AizatDrive/smap_malaysia_subset_v8/2021/139865693_SMAP_L4_SM_gph_20210111T073000_Vv8010_001_subsetted_regridded.nc4
/mnt/AizatDrive/smap_malaysia_subset_v8/2021/139865770_SMAP_L4_SM_gph_20210110T073000_Vv8010_001_subsetted_regridded.nc4
/mnt/AizatDrive/smap_malaysia_subset_v8/2021/139865793_SMAP_L4_SM_gph_20210111T013000_Vv8010_001_subsetted_regridded.nc4
/mnt/AizatDrive/smap_malaysia_subset_v8/2021/139865908_SMAP_L4_SM_gph_20210110T133000_Vv8010_001_subsetted_regridded.nc4
/mnt/AizatDrive/smap_malaysia_subset_v8/2021/139865909_SMAP_L4_SM_gph_20210107T163000_Vv8010_001_subsetted_regridded.nc4
/mnt/AizatDrive/smap_malaysia_subset_v8/2021/139865925_SMAP_L4_SM_gph_20210111T133000_Vv8010_001_subsetted_regridded.nc4
/mnt/AizatDrive/smap_malaysia_subset_v8/2021/139865927_SMAP_L4_SM_gph_20210108T073000_Vv8010_001_subsetted_regridded.nc4
/mnt/AizatDrive/smap_malaysia_subset_v8/2021/139865929_SMAP_L4_SM_gph_20210109T133000_Vv8010_001_subsetted_regridded.nc4
/mnt/AizatDrive/smap_malaysia_subset_v8/2021/139865975_SMAP_L4_SM_gph_20210107T193000_Vv8010_001_subsetted_regridded.nc4
/mnt/AizatDrive/smap_malaysia_subset_v8/2021/139865993_SMAP_L4_SM_gph_20210107T103000_Vv8010_001_subsetted_regridded.nc4
/mnt/AizatDrive/smap_malaysia_subset_v8/2021/139865995_SMAP_L4_SM_gph_20210112T013000_Vv8010_001_subsetted_regridded.nc4
/mnt/AizatDrive/smap_malaysia_subset_v8/2021/139866016_SMAP_L4_SM_gph_20210108T013000_Vv8010_001_subsetted_regridded.nc4
/mnt/AizatDrive/smap_malaysia_subset_v8/2021/139866017_SMAP_L4_SM_gph_20210109T013000_Vv8010_001_subsetted_regridded.nc4
/mnt/AizatDrive/smap_malaysia_subset_v8/2021/139866035_SMAP_L4_SM_gph_20210111T193000_Vv8010_001_subsetted_regridded.nc4
/mnt/AizatDrive/smap_malaysia_subset_v8/2021/139866075_SMAP_L4_SM_gph_20210111T103000_Vv8010_001_subsetted_regridded.nc4
/mnt/AizatDrive/smap_malaysia_subset_v8/2021/139866089_SMAP_L4_SM_gph_20210109T223000_Vv8010_001_subsetted_regridded.nc4
/mnt/AizatDrive/smap_malaysia_subset_v8/2021/139866054_SMAP_L4_SM_gph_20210111T223000_Vv8010_001_subsetted_regridded.nc4
/mnt/AizatDrive/smap_malaysia_subset_v8/2021/139866055_SMAP_L4_SM_gph_20210113T073000_Vv8010_001_subsetted_regridded.nc4
/mnt/AizatDrive/smap_malaysia_subset_v8/2021/139866072_SMAP_L4_SM_gph_20210112T223000_Vv8010_001_subsetted_regridded.nc4
/mnt/AizatDrive/smap_malaysia_subset_v8/2021/139866090_SMAP_L4_SM_gph_20210112T073000_Vv8010_001_subsetted_regridded.nc4
/mnt/AizatDrive/smap_malaysia_subset_v8/2021/139866104_SMAP_L4_SM_gph_20210112T163000_Vv8010_001_subsetted_regridded.nc4
/mnt/AizatDrive/smap_malaysia_subset_v8/2021/139866105_SMAP_L4_SM_gph_20210112T103000_Vv8010_001_subsetted_regridded.nc4
/mnt/AizatDrive/smap_malaysia_subset_v8/2021/139866106_SMAP_L4_SM_gph_20210113T163000_Vv8010_001_subsetted_regridded.nc4
/mnt/AizatDrive/smap_malaysia_subset_v8/2021/139866129_SMAP_L4_SM_gph_20210112T043000_Vv8010_001_subsetted_regridded.nc4
/mnt/AizatDrive/smap_malaysia_subset_v8/2021/139866119_SMAP_L4_SM_gph_20210113T013000_Vv8010_001_subsetted_regridded.nc4
/mnt/AizatDrive/smap_malaysia_subset_v8/2021/139866181_SMAP_L4_SM_gph_20210114T103000_Vv8010_001_subsetted_regridded.nc4
/mnt/AizatDrive/smap_malaysia_subset_v8/2021/139866147_SMAP_L4_SM_gph_20210112T193000_Vv8010_001_subsetted_regridded.nc4
/mnt/AizatDrive/smap_malaysia_subset_v8/2021/139866177_SMAP_L4_SM_gph_20210114T163000_Vv8010_001_subsetted_regridded.nc4
/mnt/AizatDrive/smap_malaysia_subset_v8/2021/139866179_SMAP_L4_SM_gph_20210115T133000_Vv8010_001_subsetted_regridded.nc4
/mnt/AizatDrive/smap_malaysia_subset_v8/2021/139866198_SMAP_L4_SM_gph_20210114T043000_Vv8010_001_subsetted_regridded.nc4
/mnt/AizatDrive/smap_malaysia_subset_v8/2021/139866197_SMAP_L4_SM_gph_20210113T043000_Vv8010_001_subsetted_regridded.nc4
/mnt/AizatDrive/smap_malaysia_subset_v8/2021/139866218_SMAP_L4_SM_gph_20210114T013000_Vv8010_001_subsetted_regridded.nc4
/mnt/AizatDrive/smap_malaysia_subset_v8/2021/139866199_SMAP_L4_SM_gph_20210112T133000_Vv8010_001_subsetted_regridded.nc4
/mnt/AizatDrive/smap_malaysia_subset_v8/2021/139866258_SMAP_L4_SM_gph_20210113T193000_Vv8010_001_subsetted_regridded.nc4
/mnt/AizatDrive/smap_malaysia_subset_v8/2021/139866268_SMAP_L4_SM_gph_20210116T013000_Vv8010_001_subsetted_regridded.nc4
/mnt/AizatDrive/smap_malaysia_subset_v8/2021/139866269_SMAP_L4_SM_gph_20210113T103000_Vv8010_001_subsetted_regridded.nc4
/mnt/AizatDrive/smap_malaysia_subset_v8/2021/139866290_SMAP_L4_SM_gph_20210115T043000_Vv8010_001_subsetted_regridded.nc4
/mnt/AizatDrive/smap_malaysia_subset_v8/2021/139866292_SMAP_L4_SM_gph_20210114T193000_Vv8010_001_subsetted_regridded.nc4
/mnt/AizatDrive/smap_malaysia_subset_v8/2021/139866271_SMAP_L4_SM_gph_20210115T073000_Vv8010_001_subsetted_regridded.nc4
/mnt/AizatDrive/smap_malaysia_subset_v8/2021/139866307_SMAP_L4_SM_gph_20210114T133000_Vv8010_001_subsetted_regridded.nc4
/mnt/AizatDrive/smap_malaysia_subset_v8/2021/139866325_SMAP_L4_SM_gph_20210114T073000_Vv8010_001_subsetted_regridded.nc4
/mnt/AizatDrive/smap_malaysia_subset_v8/2021/139866328_SMAP_L4_SM_gph_20210113T223000_Vv8010_001_subsetted_regridded.nc4
/mnt/AizatDrive/smap_malaysia_subset_v8/2021/139866330_SMAP_L4_SM_gph_20210113T133000_Vv8010_001_subsetted_regridded.nc4
/mnt/AizatDrive/smap_malaysia_subset_v8/2021/139866327_SMAP_L4_SM_gph_20210114T223000_Vv8010_001_subsetted_regridded.nc4
/mnt/AizatDrive/smap_malaysia_subset_v8/2021/139866331_SMAP_L4_SM_gph_20210115T193000_Vv8010_001_subsetted_regridded.nc4
/mnt/AizatDrive/smap_malaysia_subset_v8/2021/139866349_SMAP_L4_SM_gph_20210115T103000_Vv8010_001_subsetted_regridded.nc4
/mnt/AizatDrive/smap_malaysia_subset_v8/2021/139866406_SMAP_L4_SM_gph_20210115T163000_Vv8010_001_subsetted_regridded.nc4
/mnt/AizatDrive/smap_malaysia_subset_v8/2021/139866387_SMAP_L4_SM_gph_20210116T073000_Vv8010_001_subsetted_regridded.nc4
/mnt/AizatDrive/smap_malaysia_subset_v8/2021/139866370_SMAP_L4_SM_gph_20210115T013000_Vv8010_001_subsetted_regridded.nc4
/mnt/AizatDrive/smap_malaysia_subset_v8/2021/139866388_SMAP_L4_SM_gph_20210118T163000_Vv8010_001_subsetted_regridded.nc4
/mnt/AizatDrive/smap_malaysia_subset_v8/2021/139866423_SMAP_L4_SM_gph_20210117T193000_Vv8010_001_subsetted_regridded.nc4
/mnt/AizatDrive/smap_malaysia_subset_v8/2021/139866424_SMAP_L4_SM_gph_20210115T223000_Vv8010_001_subsetted_regridded.nc4
/mnt/AizatDrive/smap_malaysia_subset_v8/2021/139866448_SMAP_L4_SM_gph_20210117T163000_Vv8010_001_subsetted_regridded.nc4
/mnt/AizatDrive/smap_malaysia_subset_v8/2021/139866425_SMAP_L4_SM_gph_20210116T193000_Vv8010_001_subsetted_regridded.nc4
/mnt/AizatDrive/smap_malaysia_subset_v8/2021/139866459_SMAP_L4_SM_gph_20210119T073000_Vv8010_001_subsetted_regridded.nc4
/mnt/AizatDrive/smap_malaysia_subset_v8/2021/139866449_SMAP_L4_SM_gph_20210116T163000_Vv8010_001_subsetted_regridded.nc4
/mnt/AizatDrive/smap_malaysia_subset_v8/2021/139866422_SMAP_L4_SM_gph_20210116T223000_Vv8010_001_subsetted_regridded.nc4
/mnt/AizatDrive/smap_malaysia_subset_v8/2021/139866472_SMAP_L4_SM_gph_20210116T133000_Vv8010_001_subsetted_regridded.nc4
/mnt/AizatDrive/smap_malaysia_subset_v8/2021/139866471_SMAP_L4_SM_gph_20210117T223000_Vv8010_001_subsetted_regridded.nc4
/mnt/AizatDrive/smap_malaysia_subset_v8/2021/139866470_SMAP_L4_SM_gph_20210117T013000_Vv8010_001_subsetted_regridded.nc4
/mnt/AizatDrive/smap_malaysia_subset_v8/2021/139866491_SMAP_L4_SM_gph_20210118T193000_Vv8010_001_subsetted_regridded.nc4
/mnt/AizatDrive/smap_malaysia_subset_v8/2021/139866492_SMAP_L4_SM_gph_20210116T103000_Vv8010_001_subsetted_regridded.nc4
/mnt/AizatDrive/smap_malaysia_subset_v8/2021/139866529_SMAP_L4_SM_gph_20210117T073000_Vv8010_001_subsetted_regridded.nc4
/mnt/AizatDrive/smap_malaysia_subset_v8/2021/139866547_SMAP_L4_SM_gph_20210117T043000_Vv8010_001_subsetted_regridded.nc4
/mnt/AizatDrive/smap_malaysia_subset_v8/2021/139866528_SMAP_L4_SM_gph_20210116T043000_Vv8010_001_subsetted_regridded.nc4
/mnt/AizatDrive/smap_malaysia_subset_v8/2021/139866584_SMAP_L4_SM_gph_20210118T013000_Vv8010_001_subsetted_regridded.nc4
/mnt/AizatDrive/smap_malaysia_subset_v8/2021/139866567_SMAP_L4_SM_gph_20210117T133000_Vv8010_001_subsetted_regridded.nc4
/mnt/AizatDrive/smap_malaysia_subset_v8/2021/139866614_SMAP_L4_SM_gph_20210119T013000_Vv8010_001_subsetted_regridded.nc4
/mnt/AizatDrive/smap_malaysia_subset_v8/2021/139866566_SMAP_L4_SM_gph_20210117T103000_Vv8010_001_subsetted_regridded.nc4
/mnt/AizatDrive/smap_malaysia_subset_v8/2021/139866548_SMAP_L4_SM_gph_20210118T073000_Vv8010_001_subsetted_regridded.nc4
/mnt/AizatDrive/smap_malaysia_subset_v8/2021/139866613_SMAP_L4_SM_gph_20210118T223000_Vv8010_001_subsetted_regridded.nc4
/mnt/AizatDrive/smap_malaysia_subset_v8/2021/139866615_SMAP_L4_SM_gph_20210118T103000_Vv8010_001_subsetted_regridded.nc4
/mnt/AizatDrive/smap_malaysia_subset_v8/2021/139866616_SMAP_L4_SM_gph_20210118T043000_Vv8010_001_subsetted_regridded.nc4
/mnt/AizatDrive/smap_malaysia_subset_v8/2021/139866633_SMAP_L4_SM_gph_20210119T133000_Vv8010_001_subsetted_regridded.nc4
/mnt/AizatDrive/smap_malaysia_subset_v8/2021/139866634_SMAP_L4_SM_gph_20210119T163000_Vv8010_001_subsetted_regridded.nc4
/mnt/AizatDrive/smap_malaysia_subset_v8/2021/139866635_SMAP_L4_SM_gph_20210120T163000_Vv8010_001_subsetted_regridded.nc4
/mnt/AizatDrive/smap_malaysia_subset_v8/2021/139866652_SMAP_L4_SM_gph_20210120T073000_Vv8010_001_subsetted_regridded.nc4
/mnt/AizatDrive/smap_malaysia_subset_v8/2021/139866650_SMAP_L4_SM_gph_20210119T223000_Vv8010_001_subsetted_regridded.nc4
/mnt/AizatDrive/smap_malaysia_subset_v8/2021/139866670_SMAP_L4_SM_gph_20210120T193000_Vv8010_001_subsetted_regridded.nc4
/mnt/AizatDrive/smap_malaysia_subset_v8/2021/139866690_SMAP_L4_SM_gph_20210118T133000_Vv8010_001_subsetted_regridded.nc4
/mnt/AizatDrive/smap_malaysia_subset_v8/2021/139866732_SMAP_L4_SM_gph_20210119T193000_Vv8010_001_subsetted_regridded.nc4
/mnt/AizatDrive/smap_malaysia_subset_v8/2021/139866731_SMAP_L4_SM_gph_20210121T193000_Vv8010_001_subsetted_regridded.nc4
/mnt/AizatDrive/smap_malaysia_subset_v8/2021/139866733_SMAP_L4_SM_gph_20210121T133000_Vv8010_001_subsetted_regridded.nc4
/mnt/AizatDrive/smap_malaysia_subset_v8/2021/139866769_SMAP_L4_SM_gph_20210121T013000_Vv8010_001_subsetted_regridded.nc4
/mnt/AizatDrive/smap_malaysia_subset_v8/2021/139866749_SMAP_L4_SM_gph_20210119T103000_Vv8010_001_subsetted_regridded.nc4
/mnt/AizatDrive/smap_malaysia_subset_v8/2021/139866747_SMAP_L4_SM_gph_20210120T013000_Vv8010_001_subsetted_regridded.nc4
/mnt/AizatDrive/smap_malaysia_subset_v8/2021/139866789_SMAP_L4_SM_gph_20210122T043000_Vv8010_001_subsetted_regridded.nc4
/mnt/AizatDrive/smap_malaysia_subset_v8/2021/139866790_SMAP_L4_SM_gph_20210121T163000_Vv8010_001_subsetted_regridded.nc4
/mnt/AizatDrive/smap_malaysia_subset_v8/2021/139866831_SMAP_L4_SM_gph_20210119T043000_Vv8010_001_subsetted_regridded.nc4
/mnt/AizatDrive/smap_malaysia_subset_v8/2021/139866837_SMAP_L4_SM_gph_20210120T223000_Vv8010_001_subsetted_regridded.nc4
/mnt/AizatDrive/smap_malaysia_subset_v8/2021/139866838_SMAP_L4_SM_gph_20210120T043000_Vv8010_001_subsetted_regridded.nc4
/mnt/AizatDrive/smap_malaysia_subset_v8/2021/139866839_SMAP_L4_SM_gph_20210123T133000_Vv8010_001_subsetted_regridded.nc4
/mnt/AizatDrive/smap_malaysia_subset_v8/2021/139866853_SMAP_L4_SM_gph_20210120T103000_Vv8010_001_subsetted_regridded.nc4
/mnt/AizatDrive/smap_malaysia_subset_v8/2021/139866840_SMAP_L4_SM_gph_20210122T193000_Vv8010_001_subsetted_regridded.nc4
/mnt/AizatDrive/smap_malaysia_subset_v8/2021/139866858_SMAP_L4_SM_gph_20210121T073000_Vv8010_001_subsetted_regridded.nc4
/mnt/AizatDrive/smap_malaysia_subset_v8/2021/139866856_SMAP_L4_SM_gph_20210120T133000_Vv8010_001_subsetted_regridded.nc4
/mnt/AizatDrive/smap_malaysia_subset_v8/2021/139866882_SMAP_L4_SM_gph_20210123T013000_Vv8010_001_subsetted_regridded.nc4
/mnt/AizatDrive/smap_malaysia_subset_v8/2021/139866897_SMAP_L4_SM_gph_20210121T103000_Vv8010_001_subsetted_regridded.nc4
/mnt/AizatDrive/smap_malaysia_subset_v8/2021/139866917_SMAP_L4_SM_gph_20210122T103000_Vv8010_001_subsetted_regridded.nc4
/mnt/AizatDrive/smap_malaysia_subset_v8/2021/139866952_SMAP_L4_SM_gph_20210124T193000_Vv8010_001_subsetted_regridded.nc4
/mnt/AizatDrive/smap_malaysia_subset_v8/2021/139866953_SMAP_L4_SM_gph_20210122T073000_Vv8010_001_subsetted_regridded.nc4
/mnt/AizatDrive/smap_malaysia_subset_v8/2021/139867007_SMAP_L4_SM_gph_20210124T133000_Vv8010_001_subsetted_regridded.nc4
/mnt/AizatDrive/smap_malaysia_subset_v8/2021/139866971_SMAP_L4_SM_gph_20210123T073000_Vv8010_001_subsetted_regridded.nc4
/mnt/AizatDrive/smap_malaysia_subset_v8/2021/139867008_SMAP_L4_SM_gph_20210123T103000_Vv8010_001_subsetted_regridded.nc4
/mnt/AizatDrive/smap_malaysia_subset_v8/2021/139866973_SMAP_L4_SM_gph_20210122T013000_Vv8010_001_subsetted_regridded.nc4
/mnt/AizatDrive/smap_malaysia_subset_v8/2021/139867009_SMAP_L4_SM_gph_20210123T223000_Vv8010_001_subsetted_regridded.nc4
/mnt/AizatDrive/smap_malaysia_subset_v8/2021/139867010_SMAP_L4_SM_gph_20210123T193000_Vv8010_001_subsetted_regridded.nc4
/mnt/AizatDrive/smap_malaysia_subset_v8/2021/139867027_SMAP_L4_SM_gph_20210123T163000_Vv8010_001_subsetted_regridded.nc4
/mnt/AizatDrive/smap_malaysia_subset_v8/2021/139867067_SMAP_L4_SM_gph_20210122T223000_Vv8010_001_subsetted_regridded.nc4
/mnt/AizatDrive/smap_malaysia_subset_v8/2021/139867068_SMAP_L4_SM_gph_20210124T043000_Vv8010_001_subsetted_regridded.nc4
/mnt/AizatDrive/smap_malaysia_subset_v8/2021/139867087_SMAP_L4_SM_gph_20210122T133000_Vv8010_001_subsetted_regridded.nc4
/mnt/AizatDrive/smap_malaysia_subset_v8/2021/139867102_SMAP_L4_SM_gph_20210121T223000_Vv8010_001_subsetted_regridded.nc4
/mnt/AizatDrive/smap_malaysia_subset_v8/2021/139867104_SMAP_L4_SM_gph_20210123T043000_Vv8010_001_subsetted_regridded.nc4
/mnt/AizatDrive/smap_malaysia_subset_v8/2021/139867108_SMAP_L4_SM_gph_20210127T133000_Vv8010_001_subsetted_regridded.nc4
/mnt/AizatDrive/smap_malaysia_subset_v8/2021/139867118_SMAP_L4_SM_gph_20210126T013000_Vv8010_001_subsetted_regridded.nc4
/mnt/AizatDrive/smap_malaysia_subset_v8/2021/139867106_SMAP_L4_SM_gph_20210126T133000_Vv8010_001_subsetted_regridded.nc4
/mnt/AizatDrive/smap_malaysia_subset_v8/2021/139867127_SMAP_L4_SM_gph_20210126T103000_Vv8010_001_subsetted_regridded.nc4
/mnt/AizatDrive/smap_malaysia_subset_v8/2021/139867119_SMAP_L4_SM_gph_20210121T043000_Vv8010_001_subsetted_regridded.nc4
/mnt/AizatDrive/smap_malaysia_subset_v8/2021/139867126_SMAP_L4_SM_gph_20210125T013000_Vv8010_001_subsetted_regridded.nc4
/mnt/AizatDrive/smap_malaysia_subset_v8/2021/139867138_SMAP_L4_SM_gph_20210125T073000_Vv8010_001_subsetted_regridded.nc4
/mnt/AizatDrive/smap_malaysia_subset_v8/2021/139867157_SMAP_L4_SM_gph_20210125T223000_Vv8010_001_subsetted_regridded.nc4
/mnt/AizatDrive/smap_malaysia_subset_v8/2021/139867155_SMAP_L4_SM_gph_20210126T043000_Vv8010_001_subsetted_regridded.nc4
/mnt/AizatDrive/smap_malaysia_subset_v8/2021/139867171_SMAP_L4_SM_gph_20210125T163000_Vv8010_001_subsetted_regridded.nc4
/mnt/AizatDrive/smap_malaysia_subset_v8/2021/139867156_SMAP_L4_SM_gph_20210124T013000_Vv8010_001_subsetted_regridded.nc4
/mnt/AizatDrive/smap_malaysia_subset_v8/2021/139867172_SMAP_L4_SM_gph_20210124T163000_Vv8010_001_subsetted_regridded.nc4
/mnt/AizatDrive/smap_malaysia_subset_v8/2021/139867175_SMAP_L4_SM_gph_20210124T223000_Vv8010_001_subsetted_regridded.nc4
/mnt/AizatDrive/smap_malaysia_subset_v8/2021/139867195_SMAP_L4_SM_gph_20210127T073000_Vv8010_001_subsetted_regridded.nc4
/mnt/AizatDrive/smap_malaysia_subset_v8/2021/139867251_SMAP_L4_SM_gph_20210125T043000_Vv8010_001_subsetted_regridded.nc4
/mnt/AizatDrive/smap_malaysia_subset_v8/2021/139867252_SMAP_L4_SM_gph_20210124T073000_Vv8010_001_subsetted_regridded.nc4
/mnt/AizatDrive/smap_malaysia_subset_v8/2021/139867254_SMAP_L4_SM_gph_20210127T013000_Vv8010_001_subsetted_regridded.nc4
/mnt/AizatDrive/smap_malaysia_subset_v8/2021/139867348_SMAP_L4_SM_gph_20210127T103000_Vv8010_001_subsetted_regridded.nc4
/mnt/AizatDrive/smap_malaysia_subset_v8/2021/139867350_SMAP_L4_SM_gph_20210129T193000_Vv8010_001_subsetted_regridded.nc4
/mnt/AizatDrive/smap_malaysia_subset_v8/2021/139867352_SMAP_L4_SM_gph_20210127T043000_Vv8010_001_subsetted_regridded.nc4
/mnt/AizatDrive/smap_malaysia_subset_v8/2021/139867379_SMAP_L4_SM_gph_20210128T223000_Vv8010_001_subsetted_regridded.nc4
/mnt/AizatDrive/smap_malaysia_subset_v8/2021/139867377_SMAP_L4_SM_gph_20210128T013000_Vv8010_001_subsetted_regridded.nc4
/mnt/AizatDrive/smap_malaysia_subset_v8/2021/139867362_SMAP_L4_SM_gph_20210128T073000_Vv8010_001_subsetted_regridded.nc4
/mnt/AizatDrive/smap_malaysia_subset_v8/2021/139867380_SMAP_L4_SM_gph_20210127T163000_Vv8010_001_subsetted_regridded.nc4
/mnt/AizatDrive/smap_malaysia_subset_v8/2021/139867413_SMAP_L4_SM_gph_20210130T163000_Vv8010_001_subsetted_regridded.nc4
/mnt/AizatDrive/smap_malaysia_subset_v8/2021/139867266_SMAP_L4_SM_gph_20210126T193000_Vv8010_001_subsetted_regridded.nc4
/mnt/AizatDrive/smap_malaysia_subset_v8/2021/139867465_SMAP_L4_SM_gph_20210129T043000_Vv8010_001_subsetted_regridded.nc4
/mnt/AizatDrive/smap_malaysia_subset_v8/2021/139867466_SMAP_L4_SM_gph_20210129T133000_Vv8010_001_subsetted_regridded.nc4
/mnt/AizatDrive/smap_malaysia_subset_v8/2021/139867270_SMAP_L4_SM_gph_20210125T193000_Vv8010_001_subsetted_regridded.nc4
/mnt/AizatDrive/smap_malaysia_subset_v8/2021/139867269_SMAP_L4_SM_gph_20210126T073000_Vv8010_001_subsetted_regridded.nc4
/mnt/AizatDrive/smap_malaysia_subset_v8/2021/139867481_SMAP_L4_SM_gph_20210127T193000_Vv8010_001_subsetted_regridded.nc4
/mnt/AizatDrive/smap_malaysia_subset_v8/2021/139867480_SMAP_L4_SM_gph_20210131T043000_Vv8010_001_subsetted_regridded.nc4
/mnt/AizatDrive/smap_malaysia_subset_v8/2021/139867268_SMAP_L4_SM_gph_20210125T103000_Vv8010_001_subsetted_regridded.nc4
/mnt/AizatDrive/smap_malaysia_subset_v8/2021/139867281_SMAP_L4_SM_gph_20210126T223000_Vv8010_001_subsetted_regridded.nc4
/mnt/AizatDrive/smap_malaysia_subset_v8/2021/139867349_SMAP_L4_SM_gph_20210129T013000_Vv8010_001_subsetted_regridded.nc4
/mnt/AizatDrive/smap_malaysia_subset_v8/2021/139867300_SMAP_L4_SM_gph_20210125T133000_Vv8010_001_subsetted_regridded.nc4
/mnt/AizatDrive/smap_malaysia_subset_v8/2021/139867570_SMAP_L4_SM_gph_20210201T133000_Vv8010_001_subsetted_regridded.nc4
/mnt/AizatDrive/smap_malaysia_subset_v8/2021/139867569_SMAP_L4_SM_gph_20210130T103000_Vv8010_001_subsetted_regridded.nc4
/mnt/AizatDrive/smap_malaysia_subset_v8/2021/139867353_SMAP_L4_SM_gph_20210127T223000_Vv8010_001_subsetted_regridded.nc4
/mnt/AizatDrive/smap_malaysia_subset_v8/2021/139867351_SMAP_L4_SM_gph_20210126T163000_Vv8010_001_subsetted_regridded.nc4
/mnt/AizatDrive/smap_malaysia_subset_v8/2021/139867617_SMAP_L4_SM_gph_20210128T103000_Vv8010_001_subsetted_regridded.nc4
/mnt/AizatDrive/smap_malaysia_subset_v8/2021/139867381_SMAP_L4_SM_gph_20210129T103000_Vv8010_001_subsetted_regridded.nc4
/mnt/AizatDrive/smap_malaysia_subset_v8/2021/139867602_SMAP_L4_SM_gph_20210130T073000_Vv8010_001_subsetted_regridded.nc4
/mnt/AizatDrive/smap_malaysia_subset_v8/2021/139867603_SMAP_L4_SM_gph_20210128T043000_Vv8010_001_subsetted_regridded.nc4
/mnt/AizatDrive/smap_malaysia_subset_v8/2021/139867707_SMAP_L4_SM_gph_20210129T163000_Vv8010_001_subsetted_regridded.nc4
/mnt/AizatDrive/smap_malaysia_subset_v8/2021/139867468_SMAP_L4_SM_gph_20210131T013000_Vv8010_001_subsetted_regridded.nc4
/mnt/AizatDrive/smap_malaysia_subset_v8/2021/139867705_SMAP_L4_SM_gph_20210201T103000_Vv8010_001_subsetted_regridded.nc4
/mnt/AizatDrive/smap_malaysia_subset_v8/2021/139867414_SMAP_L4_SM_gph_20210129T073000_Vv8010_001_subsetted_regridded.nc4
/mnt/AizatDrive/smap_malaysia_subset_v8/2021/139867432_SMAP_L4_SM_gph_20210128T193000_Vv8010_001_subsetted_regridded.nc4
/mnt/AizatDrive/smap_malaysia_subset_v8/2021/139867619_SMAP_L4_SM_gph_20210201T073000_Vv8010_001_subsetted_regridded.nc4
/mnt/AizatDrive/smap_malaysia_subset_v8/2021/139867601_SMAP_L4_SM_gph_20210128T163000_Vv8010_001_subsetted_regridded.nc4
/mnt/AizatDrive/smap_malaysia_subset_v8/2021/139867467_SMAP_L4_SM_gph_20210130T223000_Vv8010_001_subsetted_regridded.nc4
/mnt/AizatDrive/smap_malaysia_subset_v8/2021/139867741_SMAP_L4_SM_gph_20210129T223000_Vv8010_001_subsetted_regridded.nc4
/mnt/AizatDrive/smap_malaysia_subset_v8/2021/139867495_SMAP_L4_SM_gph_20210130T133000_Vv8010_001_subsetted_regridded.nc4
/mnt/AizatDrive/smap_malaysia_subset_v8/2021/139867706_SMAP_L4_SM_gph_20210202T073000_Vv8010_001_subsetted_regridded.nc4
/mnt/AizatDrive/smap_malaysia_subset_v8/2021/139867622_SMAP_L4_SM_gph_20210128T133000_Vv8010_001_subsetted_regridded.nc4
/mnt/AizatDrive/smap_malaysia_subset_v8/2021/139867739_SMAP_L4_SM_gph_20210131T193000_Vv8010_001_subsetted_regridded.nc4
/mnt/AizatDrive/smap_malaysia_subset_v8/2021/139867497_SMAP_L4_SM_gph_20210201T193000_Vv8010_001_subsetted_regridded.nc4
/mnt/AizatDrive/smap_malaysia_subset_v8/2021/139867680_SMAP_L4_SM_gph_20210201T223000_Vv8010_001_subsetted_regridded.nc4
/mnt/AizatDrive/smap_malaysia_subset_v8/2021/139867624_SMAP_L4_SM_gph_20210130T013000_Vv8010_001_subsetted_regridded.nc4
/mnt/AizatDrive/smap_malaysia_subset_v8/2021/139867496_SMAP_L4_SM_gph_20210202T013000_Vv8010_001_subsetted_regridded.nc4
/mnt/AizatDrive/smap_malaysia_subset_v8/2021/139867719_SMAP_L4_SM_gph_20210130T193000_Vv8010_001_subsetted_regridded.nc4
/mnt/AizatDrive/smap_malaysia_subset_v8/2021/139867811_SMAP_L4_SM_gph_20210202T133000_Vv8010_001_subsetted_regridded.nc4
/mnt/AizatDrive/smap_malaysia_subset_v8/2021/139867795_SMAP_L4_SM_gph_20210131T073000_Vv8010_001_subsetted_regridded.nc4
/mnt/AizatDrive/smap_malaysia_subset_v8/2021/139867718_SMAP_L4_SM_gph_20210131T163000_Vv8010_001_subsetted_regridded.nc4
/mnt/AizatDrive/smap_malaysia_subset_v8/2021/139867720_SMAP_L4_SM_gph_20210130T043000_Vv8010_001_subsetted_regridded.nc4
/mnt/AizatDrive/smap_malaysia_subset_v8/2021/139867721_SMAP_L4_SM_gph_20210202T163000_Vv8010_001_subsetted_regridded.nc4
/mnt/AizatDrive/smap_malaysia_subset_v8/2021/139867819_SMAP_L4_SM_gph_20210201T163000_Vv8010_001_subsetted_regridded.nc4
/mnt/AizatDrive/smap_malaysia_subset_v8/2021/139867832_SMAP_L4_SM_gph_20210203T133000_Vv8010_001_subsetted_regridded.nc4
/mnt/AizatDrive/smap_malaysia_subset_v8/2021/139867810_SMAP_L4_SM_gph_20210202T193000_Vv8010_001_subsetted_regridded.nc4
/mnt/AizatDrive/smap_malaysia_subset_v8/2021/139867776_SMAP_L4_SM_gph_20210131T103000_Vv8010_001_subsetted_regridded.nc4
/mnt/AizatDrive/smap_malaysia_subset_v8/2021/139867777_SMAP_L4_SM_gph_20210131T133000_Vv8010_001_subsetted_regridded.nc4
/mnt/AizatDrive/smap_malaysia_subset_v8/2021/139867786_SMAP_L4_SM_gph_20210203T013000_Vv8010_001_subsetted_regridded.nc4
/mnt/AizatDrive/smap_malaysia_subset_v8/2021/139867821_SMAP_L4_SM_gph_20210202T103000_Vv8010_001_subsetted_regridded.nc4
/mnt/AizatDrive/smap_malaysia_subset_v8/2021/139867820_SMAP_L4_SM_gph_20210201T043000_Vv8010_001_subsetted_regridded.nc4
/mnt/AizatDrive/smap_malaysia_subset_v8/2021/139867937_SMAP_L4_SM_gph_20210203T043000_Vv8010_001_subsetted_regridded.nc4
/mnt/AizatDrive/smap_malaysia_subset_v8/2021/139867951_SMAP_L4_SM_gph_20210202T223000_Vv8010_001_subsetted_regridded.nc4
/mnt/AizatDrive/smap_malaysia_subset_v8/2021/139867867_SMAP_L4_SM_gph_20210131T223000_Vv8010_001_subsetted_regridded.nc4
/mnt/AizatDrive/smap_malaysia_subset_v8/2021/139867911_SMAP_L4_SM_gph_20210203T103000_Vv8010_001_subsetted_regridded.nc4
/mnt/AizatDrive/smap_malaysia_subset_v8/2021/139868026_SMAP_L4_SM_gph_20210204T133000_Vv8010_001_subsetted_regridded.nc4
/mnt/AizatDrive/smap_malaysia_subset_v8/2021/139867881_SMAP_L4_SM_gph_20210201T013000_Vv8010_001_subsetted_regridded.nc4
/mnt/AizatDrive/smap_malaysia_subset_v8/2021/139867914_SMAP_L4_SM_gph_20210204T013000_Vv8010_001_subsetted_regridded.nc4
/mnt/AizatDrive/smap_malaysia_subset_v8/2021/139868024_SMAP_L4_SM_gph_20210205T073000_Vv8010_001_subsetted_regridded.nc4
/mnt/AizatDrive/smap_malaysia_subset_v8/2021/139868022_SMAP_L4_SM_gph_20210205T043000_Vv8010_001_subsetted_regridded.nc4
/mnt/AizatDrive/smap_malaysia_subset_v8/2021/139867913_SMAP_L4_SM_gph_20210202T043000_Vv8010_001_subsetted_regridded.nc4
/mnt/AizatDrive/smap_malaysia_subset_v8/2021/139867912_SMAP_L4_SM_gph_20210203T163000_Vv8010_001_subsetted_regridded.nc4
/mnt/AizatDrive/smap_malaysia_subset_v8/2021/139867973_SMAP_L4_SM_gph_20210204T103000_Vv8010_001_subsetted_regridded.nc4
/mnt/AizatDrive/smap_malaysia_subset_v8/2021/139867952_SMAP_L4_SM_gph_20210204T163000_Vv8010_001_subsetted_regridded.nc4
/mnt/AizatDrive/smap_malaysia_subset_v8/2021/139868028_SMAP_L4_SM_gph_20210205T163000_Vv8010_001_subsetted_regridded.nc4
/mnt/AizatDrive/smap_malaysia_subset_v8/2021/139867868_SMAP_L4_SM_gph_20210203T073000_Vv8010_001_subsetted_regridded.nc4
/mnt/AizatDrive/smap_malaysia_subset_v8/2021/139867933_SMAP_L4_SM_gph_20210204T223000_Vv8010_001_subsetted_regridded.nc4
/mnt/AizatDrive/smap_malaysia_subset_v8/2021/139867935_SMAP_L4_SM_gph_20210205T013000_Vv8010_001_subsetted_regridded.nc4
/mnt/AizatDrive/smap_malaysia_subset_v8/2021/139867930_SMAP_L4_SM_gph_20210203T193000_Vv8010_001_subsetted_regridded.nc4
/mnt/AizatDrive/smap_malaysia_subset_v8/2021/139867993_SMAP_L4_SM_gph_20210204T193000_Vv8010_001_subsetted_regridded.nc4
/mnt/AizatDrive/smap_malaysia_subset_v8/2021/139868014_SMAP_L4_SM_gph_20210204T043000_Vv8010_001_subsetted_regridded.nc4
/mnt/AizatDrive/smap_malaysia_subset_v8/2021/139868115_SMAP_L4_SM_gph_20210209T133000_Vv8010_001_subsetted_regridded.nc4
/mnt/AizatDrive/smap_malaysia_subset_v8/2021/139868132_SMAP_L4_SM_gph_20210206T133000_Vv8010_001_subsetted_regridded.nc4
/mnt/AizatDrive/smap_malaysia_subset_v8/2021/139868117_SMAP_L4_SM_gph_20210205T133000_Vv8010_001_subsetted_regridded.nc4
/mnt/AizatDrive/smap_malaysia_subset_v8/2021/139867931_SMAP_L4_SM_gph_20210204T073000_Vv8010_001_subsetted_regridded.nc4
/mnt/AizatDrive/smap_malaysia_subset_v8/2021/139868118_SMAP_L4_SM_gph_20210208T013000_Vv8010_001_subsetted_regridded.nc4
/mnt/AizatDrive/smap_malaysia_subset_v8/2021/139868116_SMAP_L4_SM_gph_20210206T043000_Vv8010_001_subsetted_regridded.nc4
/mnt/AizatDrive/smap_malaysia_subset_v8/2021/139868188_SMAP_L4_SM_gph_20210208T223000_Vv8010_001_subsetted_regridded.nc4
/mnt/AizatDrive/smap_malaysia_subset_v8/2021/139868032_SMAP_L4_SM_gph_20210206T193000_Vv8010_001_subsetted_regridded.nc4
/mnt/AizatDrive/smap_malaysia_subset_v8/2021/139868031_SMAP_L4_SM_gph_20210203T223000_Vv8010_001_subsetted_regridded.nc4
/mnt/AizatDrive/smap_malaysia_subset_v8/2021/139868189_SMAP_L4_SM_gph_20210209T013000_Vv8010_001_subsetted_regridded.nc4
/mnt/AizatDrive/smap_malaysia_subset_v8/2021/139868047_SMAP_L4_SM_gph_20210206T013000_Vv8010_001_subsetted_regridded.nc4
/mnt/AizatDrive/smap_malaysia_subset_v8/2021/139868063_SMAP_L4_SM_gph_20210206T073000_Vv8010_001_subsetted_regridded.nc4
/mnt/AizatDrive/smap_malaysia_subset_v8/2021/139868045_SMAP_L4_SM_gph_20210206T223000_Vv8010_001_subsetted_regridded.nc4
/mnt/AizatDrive/smap_malaysia_subset_v8/2021/139868030_SMAP_L4_SM_gph_20210205T103000_Vv8010_001_subsetted_regridded.nc4
/mnt/AizatDrive/smap_malaysia_subset_v8/2021/139868080_SMAP_L4_SM_gph_20210205T193000_Vv8010_001_subsetted_regridded.nc4
/mnt/AizatDrive/smap_malaysia_subset_v8/2021/139868114_SMAP_L4_SM_gph_20210207T013000_Vv8010_001_subsetted_regridded.nc4
/mnt/AizatDrive/smap_malaysia_subset_v8/2021/139868131_SMAP_L4_SM_gph_20210206T103000_Vv8010_001_subsetted_regridded.nc4
/mnt/AizatDrive/smap_malaysia_subset_v8/2021/139868186_SMAP_L4_SM_gph_20210205T223000_Vv8010_001_subsetted_regridded.nc4
/mnt/AizatDrive/smap_malaysia_subset_v8/2021/139868219_SMAP_L4_SM_gph_20210207T163000_Vv8010_001_subsetted_regridded.nc4
/mnt/AizatDrive/smap_malaysia_subset_v8/2021/139868218_SMAP_L4_SM_gph_20210208T043000_Vv8010_001_subsetted_regridded.nc4
/mnt/AizatDrive/smap_malaysia_subset_v8/2021/139868244_SMAP_L4_SM_gph_20210210T043000_Vv8010_001_subsetted_regridded.nc4
/mnt/AizatDrive/smap_malaysia_subset_v8/2021/139868206_SMAP_L4_SM_gph_20210209T103000_Vv8010_001_subsetted_regridded.nc4
/mnt/AizatDrive/smap_malaysia_subset_v8/2021/139868246_SMAP_L4_SM_gph_20210208T133000_Vv8010_001_subsetted_regridded.nc4
/mnt/AizatDrive/smap_malaysia_subset_v8/2021/139868303_SMAP_L4_SM_gph_20210209T163000_Vv8010_001_subsetted_regridded.nc4
/mnt/AizatDrive/smap_malaysia_subset_v8/2021/139868270_SMAP_L4_SM_gph_20210209T193000_Vv8010_001_subsetted_regridded.nc4
/mnt/AizatDrive/smap_malaysia_subset_v8/2021/139868304_SMAP_L4_SM_gph_20210211T193000_Vv8010_001_subsetted_regridded.nc4
/mnt/AizatDrive/smap_malaysia_subset_v8/2021/139868081_SMAP_L4_SM_gph_20210208T073000_Vv8010_001_subsetted_regridded.nc4
/mnt/AizatDrive/smap_malaysia_subset_v8/2021/139868336_SMAP_L4_SM_gph_20210207T133000_Vv8010_001_subsetted_regridded.nc4
/mnt/AizatDrive/smap_malaysia_subset_v8/2021/139868321_SMAP_L4_SM_gph_20210210T223000_Vv8010_001_subsetted_regridded.nc4
/mnt/AizatDrive/smap_malaysia_subset_v8/2021/139868320_SMAP_L4_SM_gph_20210211T043000_Vv8010_001_subsetted_regridded.nc4
/mnt/AizatDrive/smap_malaysia_subset_v8/2021/139868338_SMAP_L4_SM_gph_20210208T163000_Vv8010_001_subsetted_regridded.nc4
/mnt/AizatDrive/smap_malaysia_subset_v8/2021/139868245_SMAP_L4_SM_gph_20210210T073000_Vv8010_001_subsetted_regridded.nc4
/mnt/AizatDrive/smap_malaysia_subset_v8/2021/139868287_SMAP_L4_SM_gph_20210207T073000_Vv8010_001_subsetted_regridded.nc4
/mnt/AizatDrive/smap_malaysia_subset_v8/2021/139868322_SMAP_L4_SM_gph_20210209T043000_Vv8010_001_subsetted_regridded.nc4
/mnt/AizatDrive/smap_malaysia_subset_v8/2021/139868302_SMAP_L4_SM_gph_20210207T223000_Vv8010_001_subsetted_regridded.nc4
/mnt/AizatDrive/smap_malaysia_subset_v8/2021/139868339_SMAP_L4_SM_gph_20210207T103000_Vv8010_001_subsetted_regridded.nc4
/mnt/AizatDrive/smap_malaysia_subset_v8/2021/139868390_SMAP_L4_SM_gph_20210211T013000_Vv8010_001_subsetted_regridded.nc4
/mnt/AizatDrive/smap_malaysia_subset_v8/2021/139868340_SMAP_L4_SM_gph_20210211T103000_Vv8010_001_subsetted_regridded.nc4
/mnt/AizatDrive/smap_malaysia_subset_v8/2021/139868378_SMAP_L4_SM_gph_20210210T103000_Vv8010_001_subsetted_regridded.nc4
/mnt/AizatDrive/smap_malaysia_subset_v8/2021/139868392_SMAP_L4_SM_gph_20210207T043000_Vv8010_001_subsetted_regridded.nc4
/mnt/AizatDrive/smap_malaysia_subset_v8/2021/139868391_SMAP_L4_SM_gph_20210210T193000_Vv8010_001_subsetted_regridded.nc4
/mnt/AizatDrive/smap_malaysia_subset_v8/2021/139868350_SMAP_L4_SM_gph_20210208T193000_Vv8010_001_subsetted_regridded.nc4
/mnt/AizatDrive/smap_malaysia_subset_v8/2021/139868352_SMAP_L4_SM_gph_20210206T163000_Vv8010_001_subsetted_regridded.nc4
/mnt/AizatDrive/smap_malaysia_subset_v8/2021/139868354_SMAP_L4_SM_gph_20210207T193000_Vv8010_001_subsetted_regridded.nc4
/mnt/AizatDrive/smap_malaysia_subset_v8/2021/139868416_SMAP_L4_SM_gph_20210211T163000_Vv8010_001_subsetted_regridded.nc4
/mnt/AizatDrive/smap_malaysia_subset_v8/2021/139868417_SMAP_L4_SM_gph_20210208T103000_Vv8010_001_subsetted_regridded.nc4
/mnt/AizatDrive/smap_malaysia_subset_v8/2021/139868411_SMAP_L4_SM_gph_20210210T013000_Vv8010_001_subsetted_regridded.nc4
/mnt/AizatDrive/smap_malaysia_subset_v8/2021/139868412_SMAP_L4_SM_gph_20210212T013000_Vv8010_001_subsetted_regridded.nc4
/mnt/AizatDrive/smap_malaysia_subset_v8/2021/139868418_SMAP_L4_SM_gph_20210210T133000_Vv8010_001_subsetted_regridded.nc4
/mnt/AizatDrive/smap_malaysia_subset_v8/2021/139868419_SMAP_L4_SM_gph_20210212T073000_Vv8010_001_subsetted_regridded.nc4
/mnt/AizatDrive/smap_malaysia_subset_v8/2021/139868497_SMAP_L4_SM_gph_20210212T133000_Vv8010_001_subsetted_regridded.nc4
/mnt/AizatDrive/smap_malaysia_subset_v8/2021/139868429_SMAP_L4_SM_gph_20210209T073000_Vv8010_001_subsetted_regridded.nc4
/mnt/AizatDrive/smap_malaysia_subset_v8/2021/139868447_SMAP_L4_SM_gph_20210211T133000_Vv8010_001_subsetted_regridded.nc4
/mnt/AizatDrive/smap_malaysia_subset_v8/2021/139868498_SMAP_L4_SM_gph_20210210T163000_Vv8010_001_subsetted_regridded.nc4
/mnt/AizatDrive/smap_malaysia_subset_v8/2021/139868582_SMAP_L4_SM_gph_20210212T193000_Vv8010_001_subsetted_regridded.nc4
/mnt/AizatDrive/smap_malaysia_subset_v8/2021/139868518_SMAP_L4_SM_gph_20210211T223000_Vv8010_001_subsetted_regridded.nc4
/mnt/AizatDrive/smap_malaysia_subset_v8/2021/139868532_SMAP_L4_SM_gph_20210212T043000_Vv8010_001_subsetted_regridded.nc4
/mnt/AizatDrive/smap_malaysia_subset_v8/2021/139868584_SMAP_L4_SM_gph_20210214T073000_Vv8010_001_subsetted_regridded.nc4
/mnt/AizatDrive/smap_malaysia_subset_v8/2021/139868530_SMAP_L4_SM_gph_20210213T073000_Vv8010_001_subsetted_regridded.nc4
/mnt/AizatDrive/smap_malaysia_subset_v8/2021/139868544_SMAP_L4_SM_gph_20210209T223000_Vv8010_001_subsetted_regridded.nc4
/mnt/AizatDrive/smap_malaysia_subset_v8/2021/139868534_SMAP_L4_SM_gph_20210212T103000_Vv8010_001_subsetted_regridded.nc4
/mnt/AizatDrive/smap_malaysia_subset_v8/2021/139868533_SMAP_L4_SM_gph_20210211T073000_Vv8010_001_subsetted_regridded.nc4
/mnt/AizatDrive/smap_malaysia_subset_v8/2021/139868585_SMAP_L4_SM_gph_20210213T103000_Vv8010_001_subsetted_regridded.nc4
/mnt/AizatDrive/smap_malaysia_subset_v8/2021/139868641_SMAP_L4_SM_gph_20210214T043000_Vv8010_001_subsetted_regridded.nc4
/mnt/AizatDrive/smap_malaysia_subset_v8/2021/139868545_SMAP_L4_SM_gph_20210212T223000_Vv8010_001_subsetted_regridded.nc4
/mnt/AizatDrive/smap_malaysia_subset_v8/2021/139868630_SMAP_L4_SM_gph_20210217T013000_Vv8010_001_subsetted_regridded.nc4
/mnt/AizatDrive/smap_malaysia_subset_v8/2021/139868586_SMAP_L4_SM_gph_20210212T163000_Vv8010_001_subsetted_regridded.nc4
/mnt/AizatDrive/smap_malaysia_subset_v8/2021/139868685_SMAP_L4_SM_gph_20210215T043000_Vv8010_001_subsetted_regridded.nc4
/mnt/AizatDrive/smap_malaysia_subset_v8/2021/139868699_SMAP_L4_SM_gph_20210216T043000_Vv8010_001_subsetted_regridded.nc4
/mnt/AizatDrive/smap_malaysia_subset_v8/2021/139868755_SMAP_L4_SM_gph_20210213T223000_Vv8010_001_subsetted_regridded.nc4
/mnt/AizatDrive/smap_malaysia_subset_v8/2021/139868647_SMAP_L4_SM_gph_20210213T043000_Vv8010_001_subsetted_regridded.nc4
/mnt/AizatDrive/smap_malaysia_subset_v8/2021/139868719_SMAP_L4_SM_gph_20210215T073000_Vv8010_001_subsetted_regridded.nc4
/mnt/AizatDrive/smap_malaysia_subset_v8/2021/139868627_SMAP_L4_SM_gph_20210213T193000_Vv8010_001_subsetted_regridded.nc4
/mnt/AizatDrive/smap_malaysia_subset_v8/2021/139868663_SMAP_L4_SM_gph_20210213T163000_Vv8010_001_subsetted_regridded.nc4
/mnt/AizatDrive/smap_malaysia_subset_v8/2021/139868628_SMAP_L4_SM_gph_20210216T103000_Vv8010_001_subsetted_regridded.nc4
/mnt/AizatDrive/smap_malaysia_subset_v8/2021/139868661_SMAP_L4_SM_gph_20210215T103000_Vv8010_001_subsetted_regridded.nc4
/mnt/AizatDrive/smap_malaysia_subset_v8/2021/139868718_SMAP_L4_SM_gph_20210214T223000_Vv8010_001_subsetted_regridded.nc4
/mnt/AizatDrive/smap_malaysia_subset_v8/2021/139868629_SMAP_L4_SM_gph_20210214T103000_Vv8010_001_subsetted_regridded.nc4
/mnt/AizatDrive/smap_malaysia_subset_v8/2021/139868771_SMAP_L4_SM_gph_20210214T133000_Vv8010_001_subsetted_regridded.nc4
/mnt/AizatDrive/smap_malaysia_subset_v8/2021/139868754_SMAP_L4_SM_gph_20210215T193000_Vv8010_001_subsetted_regridded.nc4
/mnt/AizatDrive/smap_malaysia_subset_v8/2021/139868643_SMAP_L4_SM_gph_20210214T013000_Vv8010_001_subsetted_regridded.nc4
/mnt/AizatDrive/smap_malaysia_subset_v8/2021/139868650_SMAP_L4_SM_gph_20210214T163000_Vv8010_001_subsetted_regridded.nc4
/mnt/AizatDrive/smap_malaysia_subset_v8/2021/139868830_SMAP_L4_SM_gph_20210213T133000_Vv8010_001_subsetted_regridded.nc4
/mnt/AizatDrive/smap_malaysia_subset_v8/2021/139868791_SMAP_L4_SM_gph_20210215T163000_Vv8010_001_subsetted_regridded.nc4
/mnt/AizatDrive/smap_malaysia_subset_v8/2021/139868847_SMAP_L4_SM_gph_20210215T133000_Vv8010_001_subsetted_regridded.nc4
/mnt/AizatDrive/smap_malaysia_subset_v8/2021/139868772_SMAP_L4_SM_gph_20210216T133000_Vv8010_001_subsetted_regridded.nc4
/mnt/AizatDrive/smap_malaysia_subset_v8/2021/139868793_SMAP_L4_SM_gph_20210216T223000_Vv8010_001_subsetted_regridded.nc4
/mnt/AizatDrive/smap_malaysia_subset_v8/2021/139868631_SMAP_L4_SM_gph_20210213T013000_Vv8010_001_subsetted_regridded.nc4
/mnt/AizatDrive/smap_malaysia_subset_v8/2021/139868649_SMAP_L4_SM_gph_20210215T013000_Vv8010_001_subsetted_regridded.nc4
/mnt/AizatDrive/smap_malaysia_subset_v8/2021/139868736_SMAP_L4_SM_gph_20210217T073000_Vv8010_001_subsetted_regridded.nc4
/mnt/AizatDrive/smap_malaysia_subset_v8/2021/139868720_SMAP_L4_SM_gph_20210214T193000_Vv8010_001_subsetted_regridded.nc4
/mnt/AizatDrive/smap_malaysia_subset_v8/2021/139868924_SMAP_L4_SM_gph_20210218T193000_Vv8010_001_subsetted_regridded.nc4
/mnt/AizatDrive/smap_malaysia_subset_v8/2021/139868997_SMAP_L4_SM_gph_20210218T163000_Vv8010_001_subsetted_regridded.nc4
/mnt/AizatDrive/smap_malaysia_subset_v8/2021/139868982_SMAP_L4_SM_gph_20210218T133000_Vv8010_001_subsetted_regridded.nc4
/mnt/AizatDrive/smap_malaysia_subset_v8/2021/139868940_SMAP_L4_SM_gph_20210217T103000_Vv8010_001_subsetted_regridded.nc4
/mnt/AizatDrive/smap_malaysia_subset_v8/2021/139868909_SMAP_L4_SM_gph_20210217T163000_Vv8010_001_subsetted_regridded.nc4
/mnt/AizatDrive/smap_malaysia_subset_v8/2021/139868882_SMAP_L4_SM_gph_20210218T223000_Vv8010_001_subsetted_regridded.nc4
/mnt/AizatDrive/smap_malaysia_subset_v8/2021/139868866_SMAP_L4_SM_gph_20210215T223000_Vv8010_001_subsetted_regridded.nc4
/mnt/AizatDrive/smap_malaysia_subset_v8/2021/139868868_SMAP_L4_SM_gph_20210216T193000_Vv8010_001_subsetted_regridded.nc4
/mnt/AizatDrive/smap_malaysia_subset_v8/2021/139868867_SMAP_L4_SM_gph_20210216T163000_Vv8010_001_subsetted_regridded.nc4
/mnt/AizatDrive/smap_malaysia_subset_v8/2021/139868891_SMAP_L4_SM_gph_20210217T133000_Vv8010_001_subsetted_regridded.nc4
/mnt/AizatDrive/smap_malaysia_subset_v8/2021/139868892_SMAP_L4_SM_gph_20210218T073000_Vv8010_001_subsetted_regridded.nc4
/mnt/AizatDrive/smap_malaysia_subset_v8/2021/139868865_SMAP_L4_SM_gph_20210217T223000_Vv8010_001_subsetted_regridded.nc4
/mnt/AizatDrive/smap_malaysia_subset_v8/2021/139868922_SMAP_L4_SM_gph_20210216T013000_Vv8010_001_subsetted_regridded.nc4
/mnt/AizatDrive/smap_malaysia_subset_v8/2021/139869016_SMAP_L4_SM_gph_20210220T073000_Vv8010_001_subsetted_regridded.nc4
/mnt/AizatDrive/smap_malaysia_subset_v8/2021/139868908_SMAP_L4_SM_gph_20210216T073000_Vv8010_001_subsetted_regridded.nc4
/mnt/AizatDrive/smap_malaysia_subset_v8/2021/139869031_SMAP_L4_SM_gph_20210217T193000_Vv8010_001_subsetted_regridded.nc4
/mnt/AizatDrive/smap_malaysia_subset_v8/2021/139869013_SMAP_L4_SM_gph_20210219T163000_Vv8010_001_subsetted_regridded.nc4
/mnt/AizatDrive/smap_malaysia_subset_v8/2021/139869030_SMAP_L4_SM_gph_20210219T193000_Vv8010_001_subsetted_regridded.nc4
/mnt/AizatDrive/smap_malaysia_subset_v8/2021/139869029_SMAP_L4_SM_gph_20210220T133000_Vv8010_001_subsetted_regridded.nc4
/mnt/AizatDrive/smap_malaysia_subset_v8/2021/139869015_SMAP_L4_SM_gph_20210219T043000_Vv8010_001_subsetted_regridded.nc4
/mnt/AizatDrive/smap_malaysia_subset_v8/2021/139869014_SMAP_L4_SM_gph_20210219T103000_Vv8010_001_subsetted_regridded.nc4
/mnt/AizatDrive/smap_malaysia_subset_v8/2021/139868961_SMAP_L4_SM_gph_20210219T073000_Vv8010_001_subsetted_regridded.nc4
/mnt/AizatDrive/smap_malaysia_subset_v8/2021/139868983_SMAP_L4_SM_gph_20210218T103000_Vv8010_001_subsetted_regridded.nc4
/mnt/AizatDrive/smap_malaysia_subset_v8/2021/139868923_SMAP_L4_SM_gph_20210218T043000_Vv8010_001_subsetted_regridded.nc4
/mnt/AizatDrive/smap_malaysia_subset_v8/2021/139869028_SMAP_L4_SM_gph_20210220T013000_Vv8010_001_subsetted_regridded.nc4
/mnt/AizatDrive/smap_malaysia_subset_v8/2021/139869032_SMAP_L4_SM_gph_20210219T133000_Vv8010_001_subsetted_regridded.nc4
/mnt/AizatDrive/smap_malaysia_subset_v8/2021/139868939_SMAP_L4_SM_gph_20210219T013000_Vv8010_001_subsetted_regridded.nc4
/mnt/AizatDrive/smap_malaysia_subset_v8/2021/139868998_SMAP_L4_SM_gph_20210217T043000_Vv8010_001_subsetted_regridded.nc4
/mnt/AizatDrive/smap_malaysia_subset_v8/2021/139868999_SMAP_L4_SM_gph_20210221T043000_Vv8010_001_subsetted_regridded.nc4
/mnt/AizatDrive/smap_malaysia_subset_v8/2021/139868963_SMAP_L4_SM_gph_20210218T013000_Vv8010_001_subsetted_regridded.nc4
/mnt/AizatDrive/smap_malaysia_subset_v8/2021/139869033_SMAP_L4_SM_gph_20210221T163000_Vv8010_001_subsetted_regridded.nc4
/mnt/AizatDrive/smap_malaysia_subset_v8/2021/139869091_SMAP_L4_SM_gph_20210220T163000_Vv8010_001_subsetted_regridded.nc4
/mnt/AizatDrive/smap_malaysia_subset_v8/2021/139869077_SMAP_L4_SM_gph_20210220T193000_Vv8010_001_subsetted_regridded.nc4
/mnt/AizatDrive/smap_malaysia_subset_v8/2021/139869105_SMAP_L4_SM_gph_20210222T073000_Vv8010_001_subsetted_regridded.nc4
/mnt/AizatDrive/smap_malaysia_subset_v8/2021/139869090_SMAP_L4_SM_gph_20210219T223000_Vv8010_001_subsetted_regridded.nc4
/mnt/AizatDrive/smap_malaysia_subset_v8/2021/139869165_SMAP_L4_SM_gph_20210220T103000_Vv8010_001_subsetted_regridded.nc4
/mnt/AizatDrive/smap_malaysia_subset_v8/2021/139869183_SMAP_L4_SM_gph_20210222T013000_Vv8010_001_subsetted_regridded.nc4
/mnt/AizatDrive/smap_malaysia_subset_v8/2021/139869190_SMAP_L4_SM_gph_20210224T043000_Vv8010_001_subsetted_regridded.nc4
/mnt/AizatDrive/smap_malaysia_subset_v8/2021/139869164_SMAP_L4_SM_gph_20210220T043000_Vv8010_001_subsetted_regridded.nc4
/mnt/AizatDrive/smap_malaysia_subset_v8/2021/139869200_SMAP_L4_SM_gph_20210220T223000_Vv8010_001_subsetted_regridded.nc4
/mnt/AizatDrive/smap_malaysia_subset_v8/2021/139869191_SMAP_L4_SM_gph_20210223T013000_Vv8010_001_subsetted_regridded.nc4
/mnt/AizatDrive/smap_malaysia_subset_v8/2021/139869201_SMAP_L4_SM_gph_20210223T073000_Vv8010_001_subsetted_regridded.nc4
/mnt/AizatDrive/smap_malaysia_subset_v8/2021/139869207_SMAP_L4_SM_gph_20210224T103000_Vv8010_001_subsetted_regridded.nc4
/mnt/AizatDrive/smap_malaysia_subset_v8/2021/139869269_SMAP_L4_SM_gph_20210226T073000_Vv8010_001_subsetted_regridded.nc4
/mnt/AizatDrive/smap_malaysia_subset_v8/2021/139869204_SMAP_L4_SM_gph_20210221T013000_Vv8010_001_subsetted_regridded.nc4
/mnt/AizatDrive/smap_malaysia_subset_v8/2021/139869193_SMAP_L4_SM_gph_20210221T223000_Vv8010_001_subsetted_regridded.nc4
/mnt/AizatDrive/smap_malaysia_subset_v8/2021/139869271_SMAP_L4_SM_gph_20210223T133000_Vv8010_001_subsetted_regridded.nc4
/mnt/AizatDrive/smap_malaysia_subset_v8/2021/139869223_SMAP_L4_SM_gph_20210224T073000_Vv8010_001_subsetted_regridded.nc4
/mnt/AizatDrive/smap_malaysia_subset_v8/2021/139869270_SMAP_L4_SM_gph_20210221T193000_Vv8010_001_subsetted_regridded.nc4
/mnt/AizatDrive/smap_malaysia_subset_v8/2021/139869447_SMAP_L4_SM_gph_20210225T043000_Vv8010_001_subsetted_regridded.nc4
/mnt/AizatDrive/smap_malaysia_subset_v8/2021/139869203_SMAP_L4_SM_gph_20210223T103000_Vv8010_001_subsetted_regridded.nc4
/mnt/AizatDrive/smap_malaysia_subset_v8/2021/139869195_SMAP_L4_SM_gph_20210222T103000_Vv8010_001_subsetted_regridded.nc4
/mnt/AizatDrive/smap_malaysia_subset_v8/2021/139869202_SMAP_L4_SM_gph_20210222T163000_Vv8010_001_subsetted_regridded.nc4
/mnt/AizatDrive/smap_malaysia_subset_v8/2021/139869287_SMAP_L4_SM_gph_20210222T133000_Vv8010_001_subsetted_regridded.nc4
/mnt/AizatDrive/smap_malaysia_subset_v8/2021/139869224_SMAP_L4_SM_gph_20210225T073000_Vv8010_001_subsetted_regridded.nc4
/mnt/AizatDrive/smap_malaysia_subset_v8/2021/139869322_SMAP_L4_SM_gph_20210221T073000_Vv8010_001_subsetted_regridded.nc4
/mnt/AizatDrive/smap_malaysia_subset_v8/2021/139869242_SMAP_L4_SM_gph_20210224T013000_Vv8010_001_subsetted_regridded.nc4
/mnt/AizatDrive/smap_malaysia_subset_v8/2021/139869321_SMAP_L4_SM_gph_20210223T193000_Vv8010_001_subsetted_regridded.nc4
/mnt/AizatDrive/smap_malaysia_subset_v8/2021/139869407_SMAP_L4_SM_gph_20210225T133000_Vv8010_001_subsetted_regridded.nc4
/mnt/AizatDrive/smap_malaysia_subset_v8/2021/139869444_SMAP_L4_SM_gph_20210227T013000_Vv8010_001_subsetted_regridded.nc4
/mnt/AizatDrive/smap_malaysia_subset_v8/2021/139869408_SMAP_L4_SM_gph_20210224T133000_Vv8010_001_subsetted_regridded.nc4
/mnt/AizatDrive/smap_malaysia_subset_v8/2021/139869412_SMAP_L4_SM_gph_20210223T223000_Vv8010_001_subsetted_regridded.nc4
/mnt/AizatDrive/smap_malaysia_subset_v8/2021/139869323_SMAP_L4_SM_gph_20210223T043000_Vv8010_001_subsetted_regridded.nc4
/mnt/AizatDrive/smap_malaysia_subset_v8/2021/139869445_SMAP_L4_SM_gph_20210301T133000_Vv8010_001_subsetted_regridded.nc4
/mnt/AizatDrive/smap_malaysia_subset_v8/2021/139869446_SMAP_L4_SM_gph_20210226T043000_Vv8010_001_subsetted_regridded.nc4
/mnt/AizatDrive/smap_malaysia_subset_v8/2021/139869416_SMAP_L4_SM_gph_20210222T223000_Vv8010_001_subsetted_regridded.nc4
/mnt/AizatDrive/smap_malaysia_subset_v8/2021/139869272_SMAP_L4_SM_gph_20210221T103000_Vv8010_001_subsetted_regridded.nc4
/mnt/AizatDrive/smap_malaysia_subset_v8/2021/139869288_SMAP_L4_SM_gph_20210224T163000_Vv8010_001_subsetted_regridded.nc4
/mnt/AizatDrive/smap_malaysia_subset_v8/2021/139869306_SMAP_L4_SM_gph_20210222T193000_Vv8010_001_subsetted_regridded.nc4
/mnt/AizatDrive/smap_malaysia_subset_v8/2021/139869305_SMAP_L4_SM_gph_20210224T193000_Vv8010_001_subsetted_regridded.nc4
/mnt/AizatDrive/smap_malaysia_subset_v8/2021/139869414_SMAP_L4_SM_gph_20210225T193000_Vv8010_001_subsetted_regridded.nc4
/mnt/AizatDrive/smap_malaysia_subset_v8/2021/139869308_SMAP_L4_SM_gph_20210225T013000_Vv8010_001_subsetted_regridded.nc4
/mnt/AizatDrive/smap_malaysia_subset_v8/2021/139869364_SMAP_L4_SM_gph_20210225T223000_Vv8010_001_subsetted_regridded.nc4
/mnt/AizatDrive/smap_malaysia_subset_v8/2021/139869379_SMAP_L4_SM_gph_20210226T163000_Vv8010_001_subsetted_regridded.nc4
/mnt/AizatDrive/smap_malaysia_subset_v8/2021/139869307_SMAP_L4_SM_gph_20210225T103000_Vv8010_001_subsetted_regridded.nc4
/mnt/AizatDrive/smap_malaysia_subset_v8/2021/139869410_SMAP_L4_SM_gph_20210223T163000_Vv8010_001_subsetted_regridded.nc4
/mnt/AizatDrive/smap_malaysia_subset_v8/2021/139869365_SMAP_L4_SM_gph_20210226T103000_Vv8010_001_subsetted_regridded.nc4
/mnt/AizatDrive/smap_malaysia_subset_v8/2021/139869320_SMAP_L4_SM_gph_20210222T043000_Vv8010_001_subsetted_regridded.nc4
/mnt/AizatDrive/smap_malaysia_subset_v8/2021/139869462_SMAP_L4_SM_gph_20210225T163000_Vv8010_001_subsetted_regridded.nc4
/mnt/AizatDrive/smap_malaysia_subset_v8/2021/139869556_SMAP_L4_SM_gph_20210301T163000_Vv8010_001_subsetted_regridded.nc4
/mnt/AizatDrive/smap_malaysia_subset_v8/2021/139869581_SMAP_L4_SM_gph_20210302T073000_Vv8010_001_subsetted_regridded.nc4
/mnt/AizatDrive/smap_malaysia_subset_v8/2021/139869643_SMAP_L4_SM_gph_20210302T013000_Vv8010_001_subsetted_regridded.nc4
/mnt/AizatDrive/smap_malaysia_subset_v8/2021/139869571_SMAP_L4_SM_gph_20210226T223000_Vv8010_001_subsetted_regridded.nc4
/mnt/AizatDrive/smap_malaysia_subset_v8/2021/139869685_SMAP_L4_SM_gph_20210303T043000_Vv8010_001_subsetted_regridded.nc4
/mnt/AizatDrive/smap_malaysia_subset_v8/2021/139869749_SMAP_L4_SM_gph_20210303T193000_Vv8010_001_subsetted_regridded.nc4
/mnt/AizatDrive/smap_malaysia_subset_v8/2021/139869640_SMAP_L4_SM_gph_20210302T043000_Vv8010_001_subsetted_regridded.nc4
/mnt/AizatDrive/smap_malaysia_subset_v8/2021/139869555_SMAP_L4_SM_gph_20210301T223000_Vv8010_001_subsetted_regridded.nc4
/mnt/AizatDrive/smap_malaysia_subset_v8/2021/139869568_SMAP_L4_SM_gph_20210227T193000_Vv8010_001_subsetted_regridded.nc4
/mnt/AizatDrive/smap_malaysia_subset_v8/2021/139869534_SMAP_L4_SM_gph_20210228T073000_Vv8010_001_subsetted_regridded.nc4
/mnt/AizatDrive/smap_malaysia_subset_v8/2021/139869509_SMAP_L4_SM_gph_20210302T193000_Vv8010_001_subsetted_regridded.nc4
/mnt/AizatDrive/smap_malaysia_subset_v8/2021/139869569_SMAP_L4_SM_gph_20210226T193000_Vv8010_001_subsetted_regridded.nc4
/mnt/AizatDrive/smap_malaysia_subset_v8/2021/139869665_SMAP_L4_SM_gph_20210303T013000_Vv8010_001_subsetted_regridded.nc4
/mnt/AizatDrive/smap_malaysia_subset_v8/2021/139869584_SMAP_L4_SM_gph_20210303T163000_Vv8010_001_subsetted_regridded.nc4
/mnt/AizatDrive/smap_malaysia_subset_v8/2021/139869508_SMAP_L4_SM_gph_20210304T043000_Vv8010_001_subsetted_regridded.nc4
/mnt/AizatDrive/smap_malaysia_subset_v8/2021/139869537_SMAP_L4_SM_gph_20210228T133000_Vv8010_001_subsetted_regridded.nc4
/mnt/AizatDrive/smap_malaysia_subset_v8/2021/139869720_SMAP_L4_SM_gph_20210302T103000_Vv8010_001_subsetted_regridded.nc4
/mnt/AizatDrive/smap_malaysia_subset_v8/2021/139869719_SMAP_L4_SM_gph_20210302T223000_Vv8010_001_subsetted_regridded.nc4
/mnt/AizatDrive/smap_malaysia_subset_v8/2021/139869492_SMAP_L4_SM_gph_20210227T043000_Vv8010_001_subsetted_regridded.nc4
/mnt/AizatDrive/smap_malaysia_subset_v8/2021/139869540_SMAP_L4_SM_gph_20210227T163000_Vv8010_001_subsetted_regridded.nc4
/mnt/AizatDrive/smap_malaysia_subset_v8/2021/139869570_SMAP_L4_SM_gph_20210226T013000_Vv8010_001_subsetted_regridded.nc4
/mnt/AizatDrive/smap_malaysia_subset_v8/2021/139869510_SMAP_L4_SM_gph_20210228T013000_Vv8010_001_subsetted_regridded.nc4
/mnt/AizatDrive/smap_malaysia_subset_v8/2021/139869539_SMAP_L4_SM_gph_20210304T073000_Vv8010_001_subsetted_regridded.nc4
/mnt/AizatDrive/smap_malaysia_subset_v8/2021/139869475_SMAP_L4_SM_gph_20210301T043000_Vv8010_001_subsetted_regridded.nc4
/mnt/AizatDrive/smap_malaysia_subset_v8/2021/139869477_SMAP_L4_SM_gph_20210228T103000_Vv8010_001_subsetted_regridded.nc4
/mnt/AizatDrive/smap_malaysia_subset_v8/2021/139869528_SMAP_L4_SM_gph_20210227T133000_Vv8010_001_subsetted_regridded.nc4
/mnt/AizatDrive/smap_malaysia_subset_v8/2021/139869527_SMAP_L4_SM_gph_20210301T103000_Vv8010_001_subsetted_regridded.nc4
/mnt/AizatDrive/smap_malaysia_subset_v8/2021/139869585_SMAP_L4_SM_gph_20210224T223000_Vv8010_001_subsetted_regridded.nc4
/mnt/AizatDrive/smap_malaysia_subset_v8/2021/139869697_SMAP_L4_SM_gph_20210306T013000_Vv8010_001_subsetted_regridded.nc4
/mnt/AizatDrive/smap_malaysia_subset_v8/2021/139869552_SMAP_L4_SM_gph_20210301T073000_Vv8010_001_subsetted_regridded.nc4
/mnt/AizatDrive/smap_malaysia_subset_v8/2021/139869551_SMAP_L4_SM_gph_20210227T073000_Vv8010_001_subsetted_regridded.nc4
/mnt/AizatDrive/smap_malaysia_subset_v8/2021/139869750_SMAP_L4_SM_gph_20210302T133000_Vv8010_001_subsetted_regridded.nc4
/mnt/AizatDrive/smap_malaysia_subset_v8/2021/139869533_SMAP_L4_SM_gph_20210226T133000_Vv8010_001_subsetted_regridded.nc4
/mnt/AizatDrive/smap_malaysia_subset_v8/2021/139869681_SMAP_L4_SM_gph_20210304T103000_Vv8010_001_subsetted_regridded.nc4
/mnt/AizatDrive/smap_malaysia_subset_v8/2021/139869666_SMAP_L4_SM_gph_20210306T073000_Vv8010_001_subsetted_regridded.nc4
/mnt/AizatDrive/smap_malaysia_subset_v8/2021/139869553_SMAP_L4_SM_gph_20210227T223000_Vv8010_001_subsetted_regridded.nc4
/mnt/AizatDrive/smap_malaysia_subset_v8/2021/139869525_SMAP_L4_SM_gph_20210301T013000_Vv8010_001_subsetted_regridded.nc4
/mnt/AizatDrive/smap_malaysia_subset_v8/2021/139869624_SMAP_L4_SM_gph_20210305T013000_Vv8010_001_subsetted_regridded.nc4
/mnt/AizatDrive/smap_malaysia_subset_v8/2021/139869599_SMAP_L4_SM_gph_20210301T193000_Vv8010_001_subsetted_regridded.nc4
/mnt/AizatDrive/smap_malaysia_subset_v8/2021/139869535_SMAP_L4_SM_gph_20210228T223000_Vv8010_001_subsetted_regridded.nc4
/mnt/AizatDrive/smap_malaysia_subset_v8/2021/139869642_SMAP_L4_SM_gph_20210303T133000_Vv8010_001_subsetted_regridded.nc4
/mnt/AizatDrive/smap_malaysia_subset_v8/2021/139869626_SMAP_L4_SM_gph_20210303T103000_Vv8010_001_subsetted_regridded.nc4
/mnt/AizatDrive/smap_malaysia_subset_v8/2021/139869586_SMAP_L4_SM_gph_20210228T043000_Vv8010_001_subsetted_regridded.nc4
/mnt/AizatDrive/smap_malaysia_subset_v8/2021/139869655_SMAP_L4_SM_gph_20210304T193000_Vv8010_001_subsetted_regridded.nc4
/mnt/AizatDrive/smap_malaysia_subset_v8/2021/139869683_SMAP_L4_SM_gph_20210305T223000_Vv8010_001_subsetted_regridded.nc4
/mnt/AizatDrive/smap_malaysia_subset_v8/2021/139869536_SMAP_L4_SM_gph_20210303T223000_Vv8010_001_subsetted_regridded.nc4
/mnt/AizatDrive/smap_malaysia_subset_v8/2021/139869554_SMAP_L4_SM_gph_20210228T193000_Vv8010_001_subsetted_regridded.nc4
/mnt/AizatDrive/smap_malaysia_subset_v8/2021/139869597_SMAP_L4_SM_gph_20210227T103000_Vv8010_001_subsetted_regridded.nc4
/mnt/AizatDrive/smap_malaysia_subset_v8/2021/139869583_SMAP_L4_SM_gph_20210228T163000_Vv8010_001_subsetted_regridded.nc4
/mnt/AizatDrive/smap_malaysia_subset_v8/2021/139869696_SMAP_L4_SM_gph_20210304T163000_Vv8010_001_subsetted_regridded.nc4
/mnt/AizatDrive/smap_malaysia_subset_v8/2021/139869625_SMAP_L4_SM_gph_20210305T073000_Vv8010_001_subsetted_regridded.nc4
/mnt/AizatDrive/smap_malaysia_subset_v8/2021/139869722_SMAP_L4_SM_gph_20210306T103000_Vv8010_001_subsetted_regridded.nc4
/mnt/AizatDrive/smap_malaysia_subset_v8/2021/139869724_SMAP_L4_SM_gph_20210305T043000_Vv8010_001_subsetted_regridded.nc4
/mnt/AizatDrive/smap_malaysia_subset_v8/2021/139869727_SMAP_L4_SM_gph_20210302T163000_Vv8010_001_subsetted_regridded.nc4
/mnt/AizatDrive/smap_malaysia_subset_v8/2021/139869728_SMAP_L4_SM_gph_20210304T133000_Vv8010_001_subsetted_regridded.nc4
/mnt/AizatDrive/smap_malaysia_subset_v8/2021/139869766_SMAP_L4_SM_gph_20210307T043000_Vv8010_001_subsetted_regridded.nc4
/mnt/AizatDrive/smap_malaysia_subset_v8/2021/139869736_SMAP_L4_SM_gph_20210304T013000_Vv8010_001_subsetted_regridded.nc4
/mnt/AizatDrive/smap_malaysia_subset_v8/2021/139869748_SMAP_L4_SM_gph_20210305T193000_Vv8010_001_subsetted_regridded.nc4
/mnt/AizatDrive/smap_malaysia_subset_v8/2021/139869746_SMAP_L4_SM_gph_20210304T223000_Vv8010_001_subsetted_regridded.nc4
/mnt/AizatDrive/smap_malaysia_subset_v8/2021/139869735_SMAP_L4_SM_gph_20210305T103000_Vv8010_001_subsetted_regridded.nc4
/mnt/AizatDrive/smap_malaysia_subset_v8/2021/139869791_SMAP_L4_SM_gph_20210308T013000_Vv8010_001_subsetted_regridded.nc4
/mnt/AizatDrive/smap_malaysia_subset_v8/2021/139869768_SMAP_L4_SM_gph_20210306T133000_Vv8010_001_subsetted_regridded.nc4
/mnt/AizatDrive/smap_malaysia_subset_v8/2021/139869783_SMAP_L4_SM_gph_20210309T103000_Vv8010_001_subsetted_regridded.nc4
/mnt/AizatDrive/smap_malaysia_subset_v8/2021/139869789_SMAP_L4_SM_gph_20210308T073000_Vv8010_001_subsetted_regridded.nc4
/mnt/AizatDrive/smap_malaysia_subset_v8/2021/139869730_SMAP_L4_SM_gph_20210305T163000_Vv8010_001_subsetted_regridded.nc4
/mnt/AizatDrive/smap_malaysia_subset_v8/2021/139869737_SMAP_L4_SM_gph_20210305T133000_Vv8010_001_subsetted_regridded.nc4
/mnt/AizatDrive/smap_malaysia_subset_v8/2021/139869767_SMAP_L4_SM_gph_20210307T193000_Vv8010_001_subsetted_regridded.nc4
/mnt/AizatDrive/smap_malaysia_subset_v8/2021/139869747_SMAP_L4_SM_gph_20210303T073000_Vv8010_001_subsetted_regridded.nc4
/mnt/AizatDrive/smap_malaysia_subset_v8/2021/139869782_SMAP_L4_SM_gph_20210306T163000_Vv8010_001_subsetted_regridded.nc4
/mnt/AizatDrive/smap_malaysia_subset_v8/2021/139869794_SMAP_L4_SM_gph_20210307T103000_Vv8010_001_subsetted_regridded.nc4
/mnt/AizatDrive/smap_malaysia_subset_v8/2021/139869793_SMAP_L4_SM_gph_20210312T163000_Vv8010_001_subsetted_regridded.nc4
/mnt/AizatDrive/smap_malaysia_subset_v8/2021/139869891_SMAP_L4_SM_gph_20210310T223000_Vv8010_001_subsetted_regridded.nc4
/mnt/AizatDrive/smap_malaysia_subset_v8/2021/139869918_SMAP_L4_SM_gph_20210308T133000_Vv8010_001_subsetted_regridded.nc4
/mnt/AizatDrive/smap_malaysia_subset_v8/2021/139869827_SMAP_L4_SM_gph_20210310T193000_Vv8010_001_subsetted_regridded.nc4
/mnt/AizatDrive/smap_malaysia_subset_v8/2021/139869824_SMAP_L4_SM_gph_20210309T043000_Vv8010_001_subsetted_regridded.nc4
/mnt/AizatDrive/smap_malaysia_subset_v8/2021/139869845_SMAP_L4_SM_gph_20210312T103000_Vv8010_001_subsetted_regridded.nc4
/mnt/AizatDrive/smap_malaysia_subset_v8/2021/139869822_SMAP_L4_SM_gph_20210307T133000_Vv8010_001_subsetted_regridded.nc4
/mnt/AizatDrive/smap_malaysia_subset_v8/2021/139869848_SMAP_L4_SM_gph_20210310T133000_Vv8010_001_subsetted_regridded.nc4
/mnt/AizatDrive/smap_malaysia_subset_v8/2021/139869812_SMAP_L4_SM_gph_20210307T073000_Vv8010_001_subsetted_regridded.nc4
/mnt/AizatDrive/smap_malaysia_subset_v8/2021/139869811_SMAP_L4_SM_gph_20210308T163000_Vv8010_001_subsetted_regridded.nc4
/mnt/AizatDrive/smap_malaysia_subset_v8/2021/139869843_SMAP_L4_SM_gph_20210311T013000_Vv8010_001_subsetted_regridded.nc4
/mnt/AizatDrive/smap_malaysia_subset_v8/2021/139869820_SMAP_L4_SM_gph_20210307T013000_Vv8010_001_subsetted_regridded.nc4
/mnt/AizatDrive/smap_malaysia_subset_v8/2021/139869818_SMAP_L4_SM_gph_20210307T163000_Vv8010_001_subsetted_regridded.nc4
/mnt/AizatDrive/smap_malaysia_subset_v8/2021/139869866_SMAP_L4_SM_gph_20210306T043000_Vv8010_001_subsetted_regridded.nc4
/mnt/AizatDrive/smap_malaysia_subset_v8/2021/139869893_SMAP_L4_SM_gph_20210306T193000_Vv8010_001_subsetted_regridded.nc4
/mnt/AizatDrive/smap_malaysia_subset_v8/2021/139869954_SMAP_L4_SM_gph_20210312T013000_Vv8010_001_subsetted_regridded.nc4
/mnt/AizatDrive/smap_malaysia_subset_v8/2021/139869892_SMAP_L4_SM_gph_20210309T013000_Vv8010_001_subsetted_regridded.nc4
/mnt/AizatDrive/smap_malaysia_subset_v8/2021/139869850_SMAP_L4_SM_gph_20210306T223000_Vv8010_001_subsetted_regridded.nc4
/mnt/AizatDrive/smap_malaysia_subset_v8/2021/139869895_SMAP_L4_SM_gph_20210312T133000_Vv8010_001_subsetted_regridded.nc4
/mnt/AizatDrive/smap_malaysia_subset_v8/2021/139869942_SMAP_L4_SM_gph_20210310T163000_Vv8010_001_subsetted_regridded.nc4
/mnt/AizatDrive/smap_malaysia_subset_v8/2021/139869943_SMAP_L4_SM_gph_20210311T223000_Vv8010_001_subsetted_regridded.nc4
/mnt/AizatDrive/smap_malaysia_subset_v8/2021/139869940_SMAP_L4_SM_gph_20210309T193000_Vv8010_001_subsetted_regridded.nc4
/mnt/AizatDrive/smap_malaysia_subset_v8/2021/139869938_SMAP_L4_SM_gph_20210308T043000_Vv8010_001_subsetted_regridded.nc4
/mnt/AizatDrive/smap_malaysia_subset_v8/2021/139869939_SMAP_L4_SM_gph_20210309T073000_Vv8010_001_subsetted_regridded.nc4
/mnt/AizatDrive/smap_malaysia_subset_v8/2021/139869975_SMAP_L4_SM_gph_20210312T043000_Vv8010_001_subsetted_regridded.nc4
/mnt/AizatDrive/smap_malaysia_subset_v8/2021/139869941_SMAP_L4_SM_gph_20210312T223000_Vv8010_001_subsetted_regridded.nc4
/mnt/AizatDrive/smap_malaysia_subset_v8/2021/139869915_SMAP_L4_SM_gph_20210313T043000_Vv8010_001_subsetted_regridded.nc4
/mnt/AizatDrive/smap_malaysia_subset_v8/2021/139869894_SMAP_L4_SM_gph_20210307T223000_Vv8010_001_subsetted_regridded.nc4
/mnt/AizatDrive/smap_malaysia_subset_v8/2021/139869917_SMAP_L4_SM_gph_20210309T133000_Vv8010_001_subsetted_regridded.nc4
/mnt/AizatDrive/smap_malaysia_subset_v8/2021/139869955_SMAP_L4_SM_gph_20210311T073000_Vv8010_001_subsetted_regridded.nc4
/mnt/AizatDrive/smap_malaysia_subset_v8/2021/139869976_SMAP_L4_SM_gph_20210309T223000_Vv8010_001_subsetted_regridded.nc4
/mnt/AizatDrive/smap_malaysia_subset_v8/2021/139869958_SMAP_L4_SM_gph_20210311T103000_Vv8010_001_subsetted_regridded.nc4
/mnt/AizatDrive/smap_malaysia_subset_v8/2021/139869898_SMAP_L4_SM_gph_20210308T223000_Vv8010_001_subsetted_regridded.nc4
/mnt/AizatDrive/smap_malaysia_subset_v8/2021/139869956_SMAP_L4_SM_gph_20210313T193000_Vv8010_001_subsetted_regridded.nc4
/mnt/AizatDrive/smap_malaysia_subset_v8/2021/139869980_SMAP_L4_SM_gph_20210312T193000_Vv8010_001_subsetted_regridded.nc4
/mnt/AizatDrive/smap_malaysia_subset_v8/2021/139869960_SMAP_L4_SM_gph_20210308T193000_Vv8010_001_subsetted_regridded.nc4
/mnt/AizatDrive/smap_malaysia_subset_v8/2021/139869978_SMAP_L4_SM_gph_20210310T013000_Vv8010_001_subsetted_regridded.nc4
/mnt/AizatDrive/smap_malaysia_subset_v8/2021/139869959_SMAP_L4_SM_gph_20210311T133000_Vv8010_001_subsetted_regridded.nc4
/mnt/AizatDrive/smap_malaysia_subset_v8/2021/139870002_SMAP_L4_SM_gph_20210314T013000_Vv8010_001_subsetted_regridded.nc4
/mnt/AizatDrive/smap_malaysia_subset_v8/2021/139870063_SMAP_L4_SM_gph_20210314T133000_Vv8010_001_subsetted_regridded.nc4
/mnt/AizatDrive/smap_malaysia_subset_v8/2021/139870097_SMAP_L4_SM_gph_20210313T163000_Vv8010_001_subsetted_regridded.nc4
/mnt/AizatDrive/smap_malaysia_subset_v8/2021/139870079_SMAP_L4_SM_gph_20210314T103000_Vv8010_001_subsetted_regridded.nc4
/mnt/AizatDrive/smap_malaysia_subset_v8/2021/139870098_SMAP_L4_SM_gph_20210315T013000_Vv8010_001_subsetted_regridded.nc4
/mnt/AizatDrive/smap_malaysia_subset_v8/2021/139870160_SMAP_L4_SM_gph_20210317T103000_Vv8010_001_subsetted_regridded.nc4
/mnt/AizatDrive/smap_malaysia_subset_v8/2021/139869977_SMAP_L4_SM_gph_20210313T073000_Vv8010_001_subsetted_regridded.nc4
/mnt/AizatDrive/smap_malaysia_subset_v8/2021/139870161_SMAP_L4_SM_gph_20210316T193000_Vv8010_001_subsetted_regridded.nc4
/mnt/AizatDrive/smap_malaysia_subset_v8/2021/139870220_SMAP_L4_SM_gph_20210315T163000_Vv8010_001_subsetted_regridded.nc4
/mnt/AizatDrive/smap_malaysia_subset_v8/2021/139870023_SMAP_L4_SM_gph_20210313T133000_Vv8010_001_subsetted_regridded.nc4
/mnt/AizatDrive/smap_malaysia_subset_v8/2021/139870043_SMAP_L4_SM_gph_20210315T043000_Vv8010_001_subsetted_regridded.nc4
/mnt/AizatDrive/smap_malaysia_subset_v8/2021/139870223_SMAP_L4_SM_gph_20210315T073000_Vv8010_001_subsetted_regridded.nc4
/mnt/AizatDrive/smap_malaysia_subset_v8/2021/139870229_SMAP_L4_SM_gph_20210318T073000_Vv8010_001_subsetted_regridded.nc4
/mnt/AizatDrive/smap_malaysia_subset_v8/2021/139869961_SMAP_L4_SM_gph_20210311T043000_Vv8010_001_subsetted_regridded.nc4
/mnt/AizatDrive/smap_malaysia_subset_v8/2021/139870000_SMAP_L4_SM_gph_20210311T193000_Vv8010_001_subsetted_regridded.nc4
/mnt/AizatDrive/smap_malaysia_subset_v8/2021/139870042_SMAP_L4_SM_gph_20210314T223000_Vv8010_001_subsetted_regridded.nc4
/mnt/AizatDrive/smap_malaysia_subset_v8/2021/139869982_SMAP_L4_SM_gph_20210308T103000_Vv8010_001_subsetted_regridded.nc4
/mnt/AizatDrive/smap_malaysia_subset_v8/2021/139870061_SMAP_L4_SM_gph_20210313T013000_Vv8010_001_subsetted_regridded.nc4
/mnt/AizatDrive/smap_malaysia_subset_v8/2021/139870194_SMAP_L4_SM_gph_20210319T073000_Vv8010_001_subsetted_regridded.nc4
/mnt/AizatDrive/smap_malaysia_subset_v8/2021/139869962_SMAP_L4_SM_gph_20210311T163000_Vv8010_001_subsetted_regridded.nc4
/mnt/AizatDrive/smap_malaysia_subset_v8/2021/139870044_SMAP_L4_SM_gph_20210313T223000_Vv8010_001_subsetted_regridded.nc4
/mnt/AizatDrive/smap_malaysia_subset_v8/2021/139869964_SMAP_L4_SM_gph_20210313T103000_Vv8010_001_subsetted_regridded.nc4
/mnt/AizatDrive/smap_malaysia_subset_v8/2021/139870019_SMAP_L4_SM_gph_20210315T103000_Vv8010_001_subsetted_regridded.nc4
/mnt/AizatDrive/smap_malaysia_subset_v8/2021/139870062_SMAP_L4_SM_gph_20210314T163000_Vv8010_001_subsetted_regridded.nc4
/mnt/AizatDrive/smap_malaysia_subset_v8/2021/139870020_SMAP_L4_SM_gph_20210314T043000_Vv8010_001_subsetted_regridded.nc4
/mnt/AizatDrive/smap_malaysia_subset_v8/2021/139870080_SMAP_L4_SM_gph_20210314T193000_Vv8010_001_subsetted_regridded.nc4
/mnt/AizatDrive/smap_malaysia_subset_v8/2021/139870206_SMAP_L4_SM_gph_20210316T223000_Vv8010_001_subsetted_regridded.nc4
/mnt/AizatDrive/smap_malaysia_subset_v8/2021/139870227_SMAP_L4_SM_gph_20210318T223000_Vv8010_001_subsetted_regridded.nc4
/mnt/AizatDrive/smap_malaysia_subset_v8/2021/139870225_SMAP_L4_SM_gph_20210320T133000_Vv8010_001_subsetted_regridded.nc4
/mnt/AizatDrive/smap_malaysia_subset_v8/2021/139870195_SMAP_L4_SM_gph_20210318T133000_Vv8010_001_subsetted_regridded.nc4
/mnt/AizatDrive/smap_malaysia_subset_v8/2021/139870208_SMAP_L4_SM_gph_20210317T043000_Vv8010_001_subsetted_regridded.nc4
/mnt/AizatDrive/smap_malaysia_subset_v8/2021/139870261_SMAP_L4_SM_gph_20210315T193000_Vv8010_001_subsetted_regridded.nc4
/mnt/AizatDrive/smap_malaysia_subset_v8/2021/139870371_SMAP_L4_SM_gph_20210316T043000_Vv8010_001_subsetted_regridded.nc4
/mnt/AizatDrive/smap_malaysia_subset_v8/2021/139870274_SMAP_L4_SM_gph_20210322T043000_Vv8010_001_subsetted_regridded.nc4
/mnt/AizatDrive/smap_malaysia_subset_v8/2021/139870273_SMAP_L4_SM_gph_20210315T133000_Vv8010_001_subsetted_regridded.nc4
/mnt/AizatDrive/smap_malaysia_subset_v8/2021/139870380_SMAP_L4_SM_gph_20210316T163000_Vv8010_001_subsetted_regridded.nc4
/mnt/AizatDrive/smap_malaysia_subset_v8/2021/139870271_SMAP_L4_SM_gph_20210319T163000_Vv8010_001_subsetted_regridded.nc4
/mnt/AizatDrive/smap_malaysia_subset_v8/2021/139870262_SMAP_L4_SM_gph_20210314T073000_Vv8010_001_subsetted_regridded.nc4
/mnt/AizatDrive/smap_malaysia_subset_v8/2021/139870378_SMAP_L4_SM_gph_20210317T133000_Vv8010_001_subsetted_regridded.nc4
/mnt/AizatDrive/smap_malaysia_subset_v8/2021/139870379_SMAP_L4_SM_gph_20210320T013000_Vv8010_001_subsetted_regridded.nc4
/mnt/AizatDrive/smap_malaysia_subset_v8/2021/139870258_SMAP_L4_SM_gph_20210316T073000_Vv8010_001_subsetted_regridded.nc4
/mnt/AizatDrive/smap_malaysia_subset_v8/2021/139870246_SMAP_L4_SM_gph_20210319T223000_Vv8010_001_subsetted_regridded.nc4
/mnt/AizatDrive/smap_malaysia_subset_v8/2021/139870290_SMAP_L4_SM_gph_20210318T013000_Vv8010_001_subsetted_regridded.nc4
/mnt/AizatDrive/smap_malaysia_subset_v8/2021/139870240_SMAP_L4_SM_gph_20210317T223000_Vv8010_001_subsetted_regridded.nc4
/mnt/AizatDrive/smap_malaysia_subset_v8/2021/139870417_SMAP_L4_SM_gph_20210323T043000_Vv8010_001_subsetted_regridded.nc4
/mnt/AizatDrive/smap_malaysia_subset_v8/2021/139870320_SMAP_L4_SM_gph_20210323T163000_Vv8010_001_subsetted_regridded.nc4
/mnt/AizatDrive/smap_malaysia_subset_v8/2021/139870399_SMAP_L4_SM_gph_20210325T133000_Vv8010_001_subsetted_regridded.nc4
/mnt/AizatDrive/smap_malaysia_subset_v8/2021/139870260_SMAP_L4_SM_gph_20210319T043000_Vv8010_001_subsetted_regridded.nc4
/mnt/AizatDrive/smap_malaysia_subset_v8/2021/139870243_SMAP_L4_SM_gph_20210316T103000_Vv8010_001_subsetted_regridded.nc4
/mnt/AizatDrive/smap_malaysia_subset_v8/2021/139870292_SMAP_L4_SM_gph_20210323T103000_Vv8010_001_subsetted_regridded.nc4
/mnt/AizatDrive/smap_malaysia_subset_v8/2021/139870418_SMAP_L4_SM_gph_20210323T223000_Vv8010_001_subsetted_regridded.nc4
/mnt/AizatDrive/smap_malaysia_subset_v8/2021/139870241_SMAP_L4_SM_gph_20210318T193000_Vv8010_001_subsetted_regridded.nc4
/mnt/AizatDrive/smap_malaysia_subset_v8/2021/139870415_SMAP_L4_SM_gph_20210322T073000_Vv8010_001_subsetted_regridded.nc4
/mnt/AizatDrive/smap_malaysia_subset_v8/2021/139870324_SMAP_L4_SM_gph_20210321T043000_Vv8010_001_subsetted_regridded.nc4
/mnt/AizatDrive/smap_malaysia_subset_v8/2021/139870363_SMAP_L4_SM_gph_20210319T193000_Vv8010_001_subsetted_regridded.nc4
/mnt/AizatDrive/smap_malaysia_subset_v8/2021/139870400_SMAP_L4_SM_gph_20210324T073000_Vv8010_001_subsetted_regridded.nc4
/mnt/AizatDrive/smap_malaysia_subset_v8/2021/139870384_SMAP_L4_SM_gph_20210323T193000_Vv8010_001_subsetted_regridded.nc4
/mnt/AizatDrive/smap_malaysia_subset_v8/2021/139870322_SMAP_L4_SM_gph_20210322T163000_Vv8010_001_subsetted_regridded.nc4
/mnt/AizatDrive/smap_malaysia_subset_v8/2021/139870416_SMAP_L4_SM_gph_20210325T223000_Vv8010_001_subsetted_regridded.nc4
/mnt/AizatDrive/smap_malaysia_subset_v8/2021/139870305_SMAP_L4_SM_gph_20210317T073000_Vv8010_001_subsetted_regridded.nc4
/mnt/AizatDrive/smap_malaysia_subset_v8/2021/139870301_SMAP_L4_SM_gph_20210324T043000_Vv8010_001_subsetted_regridded.nc4
/mnt/AizatDrive/smap_malaysia_subset_v8/2021/139870272_SMAP_L4_SM_gph_20210319T103000_Vv8010_001_subsetted_regridded.nc4
/mnt/AizatDrive/smap_malaysia_subset_v8/2021/139870370_SMAP_L4_SM_gph_20210319T013000_Vv8010_001_subsetted_regridded.nc4
/mnt/AizatDrive/smap_malaysia_subset_v8/2021/139870382_SMAP_L4_SM_gph_20210322T133000_Vv8010_001_subsetted_regridded.nc4
/mnt/AizatDrive/smap_malaysia_subset_v8/2021/139870259_SMAP_L4_SM_gph_20210317T163000_Vv8010_001_subsetted_regridded.nc4
/mnt/AizatDrive/smap_malaysia_subset_v8/2021/139870300_SMAP_L4_SM_gph_20210324T223000_Vv8010_001_subsetted_regridded.nc4
/mnt/AizatDrive/smap_malaysia_subset_v8/2021/139870247_SMAP_L4_SM_gph_20210321T073000_Vv8010_001_subsetted_regridded.nc4
/mnt/AizatDrive/smap_malaysia_subset_v8/2021/139870381_SMAP_L4_SM_gph_20210321T223000_Vv8010_001_subsetted_regridded.nc4
/mnt/AizatDrive/smap_malaysia_subset_v8/2021/139870288_SMAP_L4_SM_gph_20210318T043000_Vv8010_001_subsetted_regridded.nc4
/mnt/AizatDrive/smap_malaysia_subset_v8/2021/139870270_SMAP_L4_SM_gph_20210321T163000_Vv8010_001_subsetted_regridded.nc4
/mnt/AizatDrive/smap_malaysia_subset_v8/2021/139870383_SMAP_L4_SM_gph_20210320T103000_Vv8010_001_subsetted_regridded.nc4
/mnt/AizatDrive/smap_malaysia_subset_v8/2021/139870250_SMAP_L4_SM_gph_20210315T223000_Vv8010_001_subsetted_regridded.nc4
/mnt/AizatDrive/smap_malaysia_subset_v8/2021/139870428_SMAP_L4_SM_gph_20210327T163000_Vv8010_001_subsetted_regridded.nc4
/mnt/AizatDrive/smap_malaysia_subset_v8/2021/139870429_SMAP_L4_SM_gph_20210325T073000_Vv8010_001_subsetted_regridded.nc4
/mnt/AizatDrive/smap_malaysia_subset_v8/2021/139870325_SMAP_L4_SM_gph_20210322T223000_Vv8010_001_subsetted_regridded.nc4
/mnt/AizatDrive/smap_malaysia_subset_v8/2021/139870447_SMAP_L4_SM_gph_20210324T133000_Vv8010_001_subsetted_regridded.nc4
/mnt/AizatDrive/smap_malaysia_subset_v8/2021/139870477_SMAP_L4_SM_gph_20210327T133000_Vv8010_001_subsetted_regridded.nc4
/mnt/AizatDrive/smap_malaysia_subset_v8/2021/139870448_SMAP_L4_SM_gph_20210324T103000_Vv8010_001_subsetted_regridded.nc4
/mnt/AizatDrive/smap_malaysia_subset_v8/2021/139870430_SMAP_L4_SM_gph_20210323T073000_Vv8010_001_subsetted_regridded.nc4
/mnt/AizatDrive/smap_malaysia_subset_v8/2021/139870343_SMAP_L4_SM_gph_20210319T133000_Vv8010_001_subsetted_regridded.nc4
/mnt/AizatDrive/smap_malaysia_subset_v8/2021/139870351_SMAP_L4_SM_gph_20210321T193000_Vv8010_001_subsetted_regridded.nc4
/mnt/AizatDrive/smap_malaysia_subset_v8/2021/139870327_SMAP_L4_SM_gph_20210320T193000_Vv8010_001_subsetted_regridded.nc4
/mnt/AizatDrive/smap_malaysia_subset_v8/2021/139870344_SMAP_L4_SM_gph_20210320T163000_Vv8010_001_subsetted_regridded.nc4
/mnt/AizatDrive/smap_malaysia_subset_v8/2021/139870434_SMAP_L4_SM_gph_20210327T013000_Vv8010_001_subsetted_regridded.nc4
/mnt/AizatDrive/smap_malaysia_subset_v8/2021/139870341_SMAP_L4_SM_gph_20210322T103000_Vv8010_001_subsetted_regridded.nc4
/mnt/AizatDrive/smap_malaysia_subset_v8/2021/139870329_SMAP_L4_SM_gph_20210320T223000_Vv8010_001_subsetted_regridded.nc4
/mnt/AizatDrive/smap_malaysia_subset_v8/2021/139870349_SMAP_L4_SM_gph_20210321T103000_Vv8010_001_subsetted_regridded.nc4
/mnt/AizatDrive/smap_malaysia_subset_v8/2021/139870338_SMAP_L4_SM_gph_20210321T013000_Vv8010_001_subsetted_regridded.nc4
/mnt/AizatDrive/smap_malaysia_subset_v8/2021/139870345_SMAP_L4_SM_gph_20210322T013000_Vv8010_001_subsetted_regridded.nc4
/mnt/AizatDrive/smap_malaysia_subset_v8/2021/139870435_SMAP_L4_SM_gph_20210326T193000_Vv8010_001_subsetted_regridded.nc4
/mnt/AizatDrive/smap_malaysia_subset_v8/2021/139870433_SMAP_L4_SM_gph_20210324T013000_Vv8010_001_subsetted_regridded.nc4
/mnt/AizatDrive/smap_malaysia_subset_v8/2021/139870446_SMAP_L4_SM_gph_20210326T013000_Vv8010_001_subsetted_regridded.nc4
/mnt/AizatDrive/smap_malaysia_subset_v8/2021/139870431_SMAP_L4_SM_gph_20210325T103000_Vv8010_001_subsetted_regridded.nc4
/mnt/AizatDrive/smap_malaysia_subset_v8/2021/139870340_SMAP_L4_SM_gph_20210321T133000_Vv8010_001_subsetted_regridded.nc4
/mnt/AizatDrive/smap_malaysia_subset_v8/2021/139870342_SMAP_L4_SM_gph_20210320T073000_Vv8010_001_subsetted_regridded.nc4
/mnt/AizatDrive/smap_malaysia_subset_v8/2021/139870432_SMAP_L4_SM_gph_20210328T013000_Vv8010_001_subsetted_regridded.nc4
/mnt/AizatDrive/smap_malaysia_subset_v8/2021/139870356_SMAP_L4_SM_gph_20210322T193000_Vv8010_001_subsetted_regridded.nc4
/mnt/AizatDrive/smap_malaysia_subset_v8/2021/139870445_SMAP_L4_SM_gph_20210326T043000_Vv8010_001_subsetted_regridded.nc4
/mnt/AizatDrive/smap_malaysia_subset_v8/2021/139870353_SMAP_L4_SM_gph_20210320T043000_Vv8010_001_subsetted_regridded.nc4
/mnt/AizatDrive/smap_malaysia_subset_v8/2021/139870444_SMAP_L4_SM_gph_20210326T103000_Vv8010_001_subsetted_regridded.nc4
/mnt/AizatDrive/smap_malaysia_subset_v8/2021/139870355_SMAP_L4_SM_gph_20210323T013000_Vv8010_001_subsetted_regridded.nc4
/mnt/AizatDrive/smap_malaysia_subset_v8/2021/139870362_SMAP_L4_SM_gph_20210317T193000_Vv8010_001_subsetted_regridded.nc4
/mnt/AizatDrive/smap_malaysia_subset_v8/2021/139870357_SMAP_L4_SM_gph_20210317T013000_Vv8010_001_subsetted_regridded.nc4
/mnt/AizatDrive/smap_malaysia_subset_v8/2021/139870466_SMAP_L4_SM_gph_20210326T073000_Vv8010_001_subsetted_regridded.nc4
/mnt/AizatDrive/smap_malaysia_subset_v8/2021/139870452_SMAP_L4_SM_gph_20210325T043000_Vv8010_001_subsetted_regridded.nc4
/mnt/AizatDrive/smap_malaysia_subset_v8/2021/139870454_SMAP_L4_SM_gph_20210325T163000_Vv8010_001_subsetted_regridded.nc4
/mnt/AizatDrive/smap_malaysia_subset_v8/2021/139870481_SMAP_L4_SM_gph_20210324T193000_Vv8010_001_subsetted_regridded.nc4
/mnt/AizatDrive/smap_malaysia_subset_v8/2021/139870479_SMAP_L4_SM_gph_20210327T043000_Vv8010_001_subsetted_regridded.nc4
/mnt/AizatDrive/smap_malaysia_subset_v8/2021/139870450_SMAP_L4_SM_gph_20210323T133000_Vv8010_001_subsetted_regridded.nc4
/mnt/AizatDrive/smap_malaysia_subset_v8/2021/139870478_SMAP_L4_SM_gph_20210326T223000_Vv8010_001_subsetted_regridded.nc4
/mnt/AizatDrive/smap_malaysia_subset_v8/2021/139870468_SMAP_L4_SM_gph_20210325T013000_Vv8010_001_subsetted_regridded.nc4
/mnt/AizatDrive/smap_malaysia_subset_v8/2021/139870486_SMAP_L4_SM_gph_20210327T073000_Vv8010_001_subsetted_regridded.nc4
/mnt/AizatDrive/smap_malaysia_subset_v8/2021/139870487_SMAP_L4_SM_gph_20210329T103000_Vv8010_001_subsetted_regridded.nc4
/mnt/AizatDrive/smap_malaysia_subset_v8/2021/139870484_SMAP_L4_SM_gph_20210325T193000_Vv8010_001_subsetted_regridded.nc4
/mnt/AizatDrive/smap_malaysia_subset_v8/2021/139870483_SMAP_L4_SM_gph_20210326T133000_Vv8010_001_subsetted_regridded.nc4
/mnt/AizatDrive/smap_malaysia_subset_v8/2021/139870485_SMAP_L4_SM_gph_20210324T163000_Vv8010_001_subsetted_regridded.nc4
/mnt/AizatDrive/smap_malaysia_subset_v8/2021/139870493_SMAP_L4_SM_gph_20210329T163000_Vv8010_001_subsetted_regridded.nc4
/mnt/AizatDrive/smap_malaysia_subset_v8/2021/139870490_SMAP_L4_SM_gph_20210329T193000_Vv8010_001_subsetted_regridded.nc4
/mnt/AizatDrive/smap_malaysia_subset_v8/2021/139870547_SMAP_L4_SM_gph_20210407T013000_Vv8010_001_subsetted_regridded.nc4
/mnt/AizatDrive/smap_malaysia_subset_v8/2021/139870508_SMAP_L4_SM_gph_20210330T133000_Vv8010_001_subsetted_regridded.nc4
/mnt/AizatDrive/smap_malaysia_subset_v8/2021/139870541_SMAP_L4_SM_gph_20210401T223000_Vv8010_001_subsetted_regridded.nc4
/mnt/AizatDrive/smap_malaysia_subset_v8/2021/139870506_SMAP_L4_SM_gph_20210329T073000_Vv8010_001_subsetted_regridded.nc4
/mnt/AizatDrive/smap_malaysia_subset_v8/2021/139870510_SMAP_L4_SM_gph_20210331T163000_Vv8010_001_subsetted_regridded.nc4
/mnt/AizatDrive/smap_malaysia_subset_v8/2021/139870491_SMAP_L4_SM_gph_20210331T103000_Vv8010_001_subsetted_regridded.nc4
/mnt/AizatDrive/smap_malaysia_subset_v8/2021/139870550_SMAP_L4_SM_gph_20210403T133000_Vv8010_001_subsetted_regridded.nc4
/mnt/AizatDrive/smap_malaysia_subset_v8/2021/139870535_SMAP_L4_SM_gph_20210330T163000_Vv8010_001_subsetted_regridded.nc4
/mnt/AizatDrive/smap_malaysia_subset_v8/2021/139870512_SMAP_L4_SM_gph_20210403T193000_Vv8010_001_subsetted_regridded.nc4
/mnt/AizatDrive/smap_malaysia_subset_v8/2021/139870530_SMAP_L4_SM_gph_20210328T133000_Vv8010_001_subsetted_regridded.nc4
/mnt/AizatDrive/smap_malaysia_subset_v8/2021/139870542_SMAP_L4_SM_gph_20210402T013000_Vv8010_001_subsetted_regridded.nc4
/mnt/AizatDrive/smap_malaysia_subset_v8/2021/139870562_SMAP_L4_SM_gph_20210404T073000_Vv8010_001_subsetted_regridded.nc4
/mnt/AizatDrive/smap_malaysia_subset_v8/2021/139870540_SMAP_L4_SM_gph_20210331T133000_Vv8010_001_subsetted_regridded.nc4
/mnt/AizatDrive/smap_malaysia_subset_v8/2021/139870513_SMAP_L4_SM_gph_20210328T163000_Vv8010_001_subsetted_regridded.nc4
/mnt/AizatDrive/smap_malaysia_subset_v8/2021/139870537_SMAP_L4_SM_gph_20210402T103000_Vv8010_001_subsetted_regridded.nc4
/mnt/AizatDrive/smap_malaysia_subset_v8/2021/139870514_SMAP_L4_SM_gph_20210330T223000_Vv8010_001_subsetted_regridded.nc4
/mnt/AizatDrive/smap_malaysia_subset_v8/2021/139870533_SMAP_L4_SM_gph_20210329T133000_Vv8010_001_subsetted_regridded.nc4
/mnt/AizatDrive/smap_malaysia_subset_v8/2021/139870554_SMAP_L4_SM_gph_20210327T193000_Vv8010_001_subsetted_regridded.nc4
/mnt/AizatDrive/smap_malaysia_subset_v8/2021/139870532_SMAP_L4_SM_gph_20210331T223000_Vv8010_001_subsetted_regridded.nc4
/mnt/AizatDrive/smap_malaysia_subset_v8/2021/139870539_SMAP_L4_SM_gph_20210401T073000_Vv8010_001_subsetted_regridded.nc4
/mnt/AizatDrive/smap_malaysia_subset_v8/2021/139870555_SMAP_L4_SM_gph_20210405T103000_Vv8010_001_subsetted_regridded.nc4
/mnt/AizatDrive/smap_malaysia_subset_v8/2021/139870543_SMAP_L4_SM_gph_20210326T163000_Vv8010_001_subsetted_regridded.nc4
/mnt/AizatDrive/smap_malaysia_subset_v8/2021/139870548_SMAP_L4_SM_gph_20210406T103000_Vv8010_001_subsetted_regridded.nc4
/mnt/AizatDrive/smap_malaysia_subset_v8/2021/139870552_SMAP_L4_SM_gph_20210329T223000_Vv8010_001_subsetted_regridded.nc4
/mnt/AizatDrive/smap_malaysia_subset_v8/2021/139870556_SMAP_L4_SM_gph_20210402T163000_Vv8010_001_subsetted_regridded.nc4
/mnt/AizatDrive/smap_malaysia_subset_v8/2021/139870516_SMAP_L4_SM_gph_20210401T163000_Vv8010_001_subsetted_regridded.nc4
/mnt/AizatDrive/smap_malaysia_subset_v8/2021/139870553_SMAP_L4_SM_gph_20210405T013000_Vv8010_001_subsetted_regridded.nc4
/mnt/AizatDrive/smap_malaysia_subset_v8/2021/139870561_SMAP_L4_SM_gph_20210401T043000_Vv8010_001_subsetted_regridded.nc4
/mnt/AizatDrive/smap_malaysia_subset_v8/2021/139870515_SMAP_L4_SM_gph_20210403T073000_Vv8010_001_subsetted_regridded.nc4
/mnt/AizatDrive/smap_malaysia_subset_v8/2021/139870525_SMAP_L4_SM_gph_20210327T103000_Vv8010_001_subsetted_regridded.nc4
/mnt/AizatDrive/smap_malaysia_subset_v8/2021/139870526_SMAP_L4_SM_gph_20210328T043000_Vv8010_001_subsetted_regridded.nc4
/mnt/AizatDrive/smap_malaysia_subset_v8/2021/139870529_SMAP_L4_SM_gph_20210327T223000_Vv8010_001_subsetted_regridded.nc4
/mnt/AizatDrive/smap_malaysia_subset_v8/2021/139870528_SMAP_L4_SM_gph_20210330T013000_Vv8010_001_subsetted_regridded.nc4
/mnt/AizatDrive/smap_malaysia_subset_v8/2021/139870527_SMAP_L4_SM_gph_20210330T073000_Vv8010_001_subsetted_regridded.nc4
/mnt/AizatDrive/smap_malaysia_subset_v8/2021/139870592_SMAP_L4_SM_gph_20210331T013000_Vv8010_001_subsetted_regridded.nc4
/mnt/AizatDrive/smap_malaysia_subset_v8/2021/139870667_SMAP_L4_SM_gph_20210403T013000_Vv8010_001_subsetted_regridded.nc4
/mnt/AizatDrive/smap_malaysia_subset_v8/2021/139870676_SMAP_L4_SM_gph_20210406T133000_Vv8010_001_subsetted_regridded.nc4
/mnt/AizatDrive/smap_malaysia_subset_v8/2021/139870577_SMAP_L4_SM_gph_20210328T223000_Vv8010_001_subsetted_regridded.nc4
/mnt/AizatDrive/smap_malaysia_subset_v8/2021/139870647_SMAP_L4_SM_gph_20210406T013000_Vv8010_001_subsetted_regridded.nc4
/mnt/AizatDrive/smap_malaysia_subset_v8/2021/139870645_SMAP_L4_SM_gph_20210408T043000_Vv8010_001_subsetted_regridded.nc4
/mnt/AizatDrive/smap_malaysia_subset_v8/2021/139870649_SMAP_L4_SM_gph_20210404T193000_Vv8010_001_subsetted_regridded.nc4
/mnt/AizatDrive/smap_malaysia_subset_v8/2021/139870578_SMAP_L4_SM_gph_20210328T103000_Vv8010_001_subsetted_regridded.nc4
/mnt/AizatDrive/smap_malaysia_subset_v8/2021/139870646_SMAP_L4_SM_gph_20210405T163000_Vv8010_001_subsetted_regridded.nc4
/mnt/AizatDrive/smap_malaysia_subset_v8/2021/139870591_SMAP_L4_SM_gph_20210405T043000_Vv8010_001_subsetted_regridded.nc4
/mnt/AizatDrive/smap_malaysia_subset_v8/2021/139870685_SMAP_L4_SM_gph_20210406T193000_Vv8010_001_subsetted_regridded.nc4
/mnt/AizatDrive/smap_malaysia_subset_v8/2021/139870590_SMAP_L4_SM_gph_20210331T193000_Vv8010_001_subsetted_regridded.nc4
/mnt/AizatDrive/smap_malaysia_subset_v8/2021/139870648_SMAP_L4_SM_gph_20210404T043000_Vv8010_001_subsetted_regridded.nc4
/mnt/AizatDrive/smap_malaysia_subset_v8/2021/139870668_SMAP_L4_SM_gph_20210407T223000_Vv8010_001_subsetted_regridded.nc4
/mnt/AizatDrive/smap_malaysia_subset_v8/2021/139870677_SMAP_L4_SM_gph_20210406T043000_Vv8010_001_subsetted_regridded.nc4
/mnt/AizatDrive/smap_malaysia_subset_v8/2021/139870720_SMAP_L4_SM_gph_20210406T223000_Vv8010_001_subsetted_regridded.nc4
/mnt/AizatDrive/smap_malaysia_subset_v8/2021/139870666_SMAP_L4_SM_gph_20210407T043000_Vv8010_001_subsetted_regridded.nc4
/mnt/AizatDrive/smap_malaysia_subset_v8/2021/139870658_SMAP_L4_SM_gph_20210403T043000_Vv8010_001_subsetted_regridded.nc4
/mnt/AizatDrive/smap_malaysia_subset_v8/2021/139870661_SMAP_L4_SM_gph_20210402T133000_Vv8010_001_subsetted_regridded.nc4
/mnt/AizatDrive/smap_malaysia_subset_v8/2021/139870679_SMAP_L4_SM_gph_20210408T103000_Vv8010_001_subsetted_regridded.nc4
/mnt/AizatDrive/smap_malaysia_subset_v8/2021/139870576_SMAP_L4_SM_gph_20210404T223000_Vv8010_001_subsetted_regridded.nc4
/mnt/AizatDrive/smap_malaysia_subset_v8/2021/139870663_SMAP_L4_SM_gph_20210406T163000_Vv8010_001_subsetted_regridded.nc4
/mnt/AizatDrive/smap_malaysia_subset_v8/2021/139870683_SMAP_L4_SM_gph_20210405T073000_Vv8010_001_subsetted_regridded.nc4
/mnt/AizatDrive/smap_malaysia_subset_v8/2021/139870563_SMAP_L4_SM_gph_20210401T193000_Vv8010_001_subsetted_regridded.nc4
/mnt/AizatDrive/smap_malaysia_subset_v8/2021/139870564_SMAP_L4_SM_gph_20210407T193000_Vv8010_001_subsetted_regridded.nc4
/mnt/AizatDrive/smap_malaysia_subset_v8/2021/139870665_SMAP_L4_SM_gph_20210404T163000_Vv8010_001_subsetted_regridded.nc4
/mnt/AizatDrive/smap_malaysia_subset_v8/2021/139870684_SMAP_L4_SM_gph_20210406T073000_Vv8010_001_subsetted_regridded.nc4
/mnt/AizatDrive/smap_malaysia_subset_v8/2021/139870575_SMAP_L4_SM_gph_20210328T073000_Vv8010_001_subsetted_regridded.nc4
/mnt/AizatDrive/smap_malaysia_subset_v8/2021/139870566_SMAP_L4_SM_gph_20210402T073000_Vv8010_001_subsetted_regridded.nc4
/mnt/AizatDrive/smap_malaysia_subset_v8/2021/139870580_SMAP_L4_SM_gph_20210331T073000_Vv8010_001_subsetted_regridded.nc4
/mnt/AizatDrive/smap_malaysia_subset_v8/2021/139870664_SMAP_L4_SM_gph_20210403T223000_Vv8010_001_subsetted_regridded.nc4
/mnt/AizatDrive/smap_malaysia_subset_v8/2021/139870579_SMAP_L4_SM_gph_20210402T043000_Vv8010_001_subsetted_regridded.nc4
/mnt/AizatDrive/smap_malaysia_subset_v8/2021/139870680_SMAP_L4_SM_gph_20210404T103000_Vv8010_001_subsetted_regridded.nc4
/mnt/AizatDrive/smap_malaysia_subset_v8/2021/139870678_SMAP_L4_SM_gph_20210408T013000_Vv8010_001_subsetted_regridded.nc4
/mnt/AizatDrive/smap_malaysia_subset_v8/2021/139870595_SMAP_L4_SM_gph_20210404T013000_Vv8010_001_subsetted_regridded.nc4
/mnt/AizatDrive/smap_malaysia_subset_v8/2021/139870681_SMAP_L4_SM_gph_20210404T133000_Vv8010_001_subsetted_regridded.nc4
/mnt/AizatDrive/smap_malaysia_subset_v8/2021/139870682_SMAP_L4_SM_gph_20210405T133000_Vv8010_001_subsetted_regridded.nc4
/mnt/AizatDrive/smap_malaysia_subset_v8/2021/139870732_SMAP_L4_SM_gph_20210407T103000_Vv8010_001_subsetted_regridded.nc4
/mnt/AizatDrive/smap_malaysia_subset_v8/2021/139870734_SMAP_L4_SM_gph_20210411T163000_Vv8010_001_subsetted_regridded.nc4
/mnt/AizatDrive/smap_malaysia_subset_v8/2021/139870723_SMAP_L4_SM_gph_20210408T223000_Vv8010_001_subsetted_regridded.nc4
/mnt/AizatDrive/smap_malaysia_subset_v8/2021/139870594_SMAP_L4_SM_gph_20210409T043000_Vv8010_001_subsetted_regridded.nc4
/mnt/AizatDrive/smap_malaysia_subset_v8/2021/139870596_SMAP_L4_SM_gph_20210402T193000_Vv8010_001_subsetted_regridded.nc4
/mnt/AizatDrive/smap_malaysia_subset_v8/2021/139870593_SMAP_L4_SM_gph_20210328T193000_Vv8010_001_subsetted_regridded.nc4
/mnt/AizatDrive/smap_malaysia_subset_v8/2021/139870736_SMAP_L4_SM_gph_20210410T043000_Vv8010_001_subsetted_regridded.nc4
/mnt/AizatDrive/smap_malaysia_subset_v8/2021/139870816_SMAP_L4_SM_gph_20210418T103000_Vv8010_001_subsetted_regridded.nc4
/mnt/AizatDrive/smap_malaysia_subset_v8/2021/139870644_SMAP_L4_SM_gph_20210405T223000_Vv8010_001_subsetted_regridded.nc4
/mnt/AizatDrive/smap_malaysia_subset_v8/2021/139870740_SMAP_L4_SM_gph_20210409T223000_Vv8010_001_subsetted_regridded.nc4
/mnt/AizatDrive/smap_malaysia_subset_v8/2021/139870771_SMAP_L4_SM_gph_20210409T013000_Vv8010_001_subsetted_regridded.nc4
/mnt/AizatDrive/smap_malaysia_subset_v8/2021/139870632_SMAP_L4_SM_gph_20210407T133000_Vv8010_001_subsetted_regridded.nc4
/mnt/AizatDrive/smap_malaysia_subset_v8/2021/139870769_SMAP_L4_SM_gph_20210409T073000_Vv8010_001_subsetted_regridded.nc4
/mnt/AizatDrive/smap_malaysia_subset_v8/2021/139870772_SMAP_L4_SM_gph_20210410T193000_Vv8010_001_subsetted_regridded.nc4
/mnt/AizatDrive/smap_malaysia_subset_v8/2021/139870845_SMAP_L4_SM_gph_20210412T163000_Vv8010_001_subsetted_regridded.nc4
/mnt/AizatDrive/smap_malaysia_subset_v8/2021/139870799_SMAP_L4_SM_gph_20210417T193000_Vv8010_001_subsetted_regridded.nc4
/mnt/AizatDrive/smap_malaysia_subset_v8/2021/139870597_SMAP_L4_SM_gph_20210403T103000_Vv8010_001_subsetted_regridded.nc4
/mnt/AizatDrive/smap_malaysia_subset_v8/2021/139870608_SMAP_L4_SM_gph_20210401T133000_Vv8010_001_subsetted_regridded.nc4
/mnt/AizatDrive/smap_malaysia_subset_v8/2021/139870803_SMAP_L4_SM_gph_20210417T073000_Vv8010_001_subsetted_regridded.nc4
/mnt/AizatDrive/smap_malaysia_subset_v8/2021/139870754_SMAP_L4_SM_gph_20210410T073000_Vv8010_001_subsetted_regridded.nc4
/mnt/AizatDrive/smap_malaysia_subset_v8/2021/139870606_SMAP_L4_SM_gph_20210403T163000_Vv8010_001_subsetted_regridded.nc4
/mnt/AizatDrive/smap_malaysia_subset_v8/2021/139870615_SMAP_L4_SM_gph_20210405T193000_Vv8010_001_subsetted_regridded.nc4
/mnt/AizatDrive/smap_malaysia_subset_v8/2021/139870742_SMAP_L4_SM_gph_20210409T163000_Vv8010_001_subsetted_regridded.nc4
/mnt/AizatDrive/smap_malaysia_subset_v8/2021/139870814_SMAP_L4_SM_gph_20210410T133000_Vv8010_001_subsetted_regridded.nc4
/mnt/AizatDrive/smap_malaysia_subset_v8/2021/139870801_SMAP_L4_SM_gph_20210415T103000_Vv8010_001_subsetted_regridded.nc4
/mnt/AizatDrive/smap_malaysia_subset_v8/2021/139870613_SMAP_L4_SM_gph_20210402T223000_Vv8010_001_subsetted_regridded.nc4
/mnt/AizatDrive/smap_malaysia_subset_v8/2021/139870738_SMAP_L4_SM_gph_20210410T013000_Vv8010_001_subsetted_regridded.nc4
/mnt/AizatDrive/smap_malaysia_subset_v8/2021/139870633_SMAP_L4_SM_gph_20210407T073000_Vv8010_001_subsetted_regridded.nc4
/mnt/AizatDrive/smap_malaysia_subset_v8/2021/139870817_SMAP_L4_SM_gph_20210416T103000_Vv8010_001_subsetted_regridded.nc4
/mnt/AizatDrive/smap_malaysia_subset_v8/2021/139870837_SMAP_L4_SM_gph_20210416T133000_Vv8010_001_subsetted_regridded.nc4
/mnt/AizatDrive/smap_malaysia_subset_v8/2021/139870818_SMAP_L4_SM_gph_20210417T013000_Vv8010_001_subsetted_regridded.nc4
/mnt/AizatDrive/smap_malaysia_subset_v8/2021/139870856_SMAP_L4_SM_gph_20210412T193000_Vv8010_001_subsetted_regridded.nc4
/mnt/AizatDrive/smap_malaysia_subset_v8/2021/139870836_SMAP_L4_SM_gph_20210414T193000_Vv8010_001_subsetted_regridded.nc4
/mnt/AizatDrive/smap_malaysia_subset_v8/2021/139870834_SMAP_L4_SM_gph_20210416T073000_Vv8010_001_subsetted_regridded.nc4
/mnt/AizatDrive/smap_malaysia_subset_v8/2021/139870832_SMAP_L4_SM_gph_20210417T043000_Vv8010_001_subsetted_regridded.nc4
/mnt/AizatDrive/smap_malaysia_subset_v8/2021/139870844_SMAP_L4_SM_gph_20210414T223000_Vv8010_001_subsetted_regridded.nc4
/mnt/AizatDrive/smap_malaysia_subset_v8/2021/139870846_SMAP_L4_SM_gph_20210414T073000_Vv8010_001_subsetted_regridded.nc4
/mnt/AizatDrive/smap_malaysia_subset_v8/2021/139870847_SMAP_L4_SM_gph_20210416T043000_Vv8010_001_subsetted_regridded.nc4
/mnt/AizatDrive/smap_malaysia_subset_v8/2021/139870848_SMAP_L4_SM_gph_20210416T013000_Vv8010_001_subsetted_regridded.nc4
/mnt/AizatDrive/smap_malaysia_subset_v8/2021/139870854_SMAP_L4_SM_gph_20210410T103000_Vv8010_001_subsetted_regridded.nc4
/mnt/AizatDrive/smap_malaysia_subset_v8/2021/139870858_SMAP_L4_SM_gph_20210411T103000_Vv8010_001_subsetted_regridded.nc4
/mnt/AizatDrive/smap_malaysia_subset_v8/2021/139870860_SMAP_L4_SM_gph_20210412T073000_Vv8010_001_subsetted_regridded.nc4
/mnt/AizatDrive/smap_malaysia_subset_v8/2021/139870873_SMAP_L4_SM_gph_20210411T193000_Vv8010_001_subsetted_regridded.nc4
/mnt/AizatDrive/smap_malaysia_subset_v8/2021/139870881_SMAP_L4_SM_gph_20210410T223000_Vv8010_001_subsetted_regridded.nc4
/mnt/AizatDrive/smap_malaysia_subset_v8/2021/139870871_SMAP_L4_SM_gph_20210418T193000_Vv8010_001_subsetted_regridded.nc4
/mnt/AizatDrive/smap_malaysia_subset_v8/2021/139870876_SMAP_L4_SM_gph_20210411T013000_Vv8010_001_subsetted_regridded.nc4
/mnt/AizatDrive/smap_malaysia_subset_v8/2021/139870882_SMAP_L4_SM_gph_20210418T223000_Vv8010_001_subsetted_regridded.nc4
/mnt/AizatDrive/smap_malaysia_subset_v8/2021/139870875_SMAP_L4_SM_gph_20210411T133000_Vv8010_001_subsetted_regridded.nc4
/mnt/AizatDrive/smap_malaysia_subset_v8/2021/139870883_SMAP_L4_SM_gph_20210417T103000_Vv8010_001_subsetted_regridded.nc4
/mnt/AizatDrive/smap_malaysia_subset_v8/2021/139870861_SMAP_L4_SM_gph_20210410T163000_Vv8010_001_subsetted_regridded.nc4
/mnt/AizatDrive/smap_malaysia_subset_v8/2021/139870862_SMAP_L4_SM_gph_20210416T163000_Vv8010_001_subsetted_regridded.nc4
/mnt/AizatDrive/smap_malaysia_subset_v8/2021/139870877_SMAP_L4_SM_gph_20210412T133000_Vv8010_001_subsetted_regridded.nc4
/mnt/AizatDrive/smap_malaysia_subset_v8/2021/139870869_SMAP_L4_SM_gph_20210411T223000_Vv8010_001_subsetted_regridded.nc4
/mnt/AizatDrive/smap_malaysia_subset_v8/2021/139870879_SMAP_L4_SM_gph_20210412T043000_Vv8010_001_subsetted_regridded.nc4
/mnt/AizatDrive/smap_malaysia_subset_v8/2021/139870893_SMAP_L4_SM_gph_20210416T223000_Vv8010_001_subsetted_regridded.nc4
/mnt/AizatDrive/smap_malaysia_subset_v8/2021/139870891_SMAP_L4_SM_gph_20210413T073000_Vv8010_001_subsetted_regridded.nc4
/mnt/AizatDrive/smap_malaysia_subset_v8/2021/139870884_SMAP_L4_SM_gph_20210411T043000_Vv8010_001_subsetted_regridded.nc4
/mnt/AizatDrive/smap_malaysia_subset_v8/2021/139870908_SMAP_L4_SM_gph_20210412T103000_Vv8010_001_subsetted_regridded.nc4
/mnt/AizatDrive/smap_malaysia_subset_v8/2021/139870909_SMAP_L4_SM_gph_20210418T163000_Vv8010_001_subsetted_regridded.nc4
/mnt/AizatDrive/smap_malaysia_subset_v8/2021/139870892_SMAP_L4_SM_gph_20210419T043000_Vv8010_001_subsetted_regridded.nc4
/mnt/AizatDrive/smap_malaysia_subset_v8/2021/139870897_SMAP_L4_SM_gph_20210418T013000_Vv8010_001_subsetted_regridded.nc4
/mnt/AizatDrive/smap_malaysia_subset_v8/2021/139870910_SMAP_L4_SM_gph_20210413T193000_Vv8010_001_subsetted_regridded.nc4
/mnt/AizatDrive/smap_malaysia_subset_v8/2021/139870899_SMAP_L4_SM_gph_20210417T163000_Vv8010_001_subsetted_regridded.nc4
/mnt/AizatDrive/smap_malaysia_subset_v8/2021/139870896_SMAP_L4_SM_gph_20210412T013000_Vv8010_001_subsetted_regridded.nc4
/mnt/AizatDrive/smap_malaysia_subset_v8/2021/139870895_SMAP_L4_SM_gph_20210411T073000_Vv8010_001_subsetted_regridded.nc4
/mnt/AizatDrive/smap_malaysia_subset_v8/2021/139870898_SMAP_L4_SM_gph_20210415T193000_Vv8010_001_subsetted_regridded.nc4
/mnt/AizatDrive/smap_malaysia_subset_v8/2021/139870894_SMAP_L4_SM_gph_20210418T073000_Vv8010_001_subsetted_regridded.nc4
/mnt/AizatDrive/smap_malaysia_subset_v8/2021/139870913_SMAP_L4_SM_gph_20210415T163000_Vv8010_001_subsetted_regridded.nc4
/mnt/AizatDrive/smap_malaysia_subset_v8/2021/139870944_SMAP_L4_SM_gph_20210417T133000_Vv8010_001_subsetted_regridded.nc4
/mnt/AizatDrive/smap_malaysia_subset_v8/2021/139871052_SMAP_L4_SM_gph_20210423T193000_Vv8010_001_subsetted_regridded.nc4
/mnt/AizatDrive/smap_malaysia_subset_v8/2021/139870912_SMAP_L4_SM_gph_20210412T223000_Vv8010_001_subsetted_regridded.nc4
/mnt/AizatDrive/smap_malaysia_subset_v8/2021/139870911_SMAP_L4_SM_gph_20210414T163000_Vv8010_001_subsetted_regridded.nc4
/mnt/AizatDrive/smap_malaysia_subset_v8/2021/139871051_SMAP_L4_SM_gph_20210425T193000_Vv8010_001_subsetted_regridded.nc4
/mnt/AizatDrive/smap_malaysia_subset_v8/2021/139870914_SMAP_L4_SM_gph_20210420T103000_Vv8010_001_subsetted_regridded.nc4
/mnt/AizatDrive/smap_malaysia_subset_v8/2021/139870918_SMAP_L4_SM_gph_20210413T223000_Vv8010_001_subsetted_regridded.nc4
/mnt/AizatDrive/smap_malaysia_subset_v8/2021/139871053_SMAP_L4_SM_gph_20210421T043000_Vv8010_001_subsetted_regridded.nc4
/mnt/AizatDrive/smap_malaysia_subset_v8/2021/139870928_SMAP_L4_SM_gph_20210413T043000_Vv8010_001_subsetted_regridded.nc4
/mnt/AizatDrive/smap_malaysia_subset_v8/2021/139871055_SMAP_L4_SM_gph_20210420T013000_Vv8010_001_subsetted_regridded.nc4
/mnt/AizatDrive/smap_malaysia_subset_v8/2021/139870916_SMAP_L4_SM_gph_20210413T103000_Vv8010_001_subsetted_regridded.nc4
/mnt/AizatDrive/smap_malaysia_subset_v8/2021/139870932_SMAP_L4_SM_gph_20210417T223000_Vv8010_001_subsetted_regridded.nc4
/mnt/AizatDrive/smap_malaysia_subset_v8/2021/139870927_SMAP_L4_SM_gph_20210416T193000_Vv8010_001_subsetted_regridded.nc4
/mnt/AizatDrive/smap_malaysia_subset_v8/2021/139871017_SMAP_L4_SM_gph_20210419T223000_Vv8010_001_subsetted_regridded.nc4
/mnt/AizatDrive/smap_malaysia_subset_v8/2021/139870926_SMAP_L4_SM_gph_20210414T133000_Vv8010_001_subsetted_regridded.nc4
/mnt/AizatDrive/smap_malaysia_subset_v8/2021/139870931_SMAP_L4_SM_gph_20210414T043000_Vv8010_001_subsetted_regridded.nc4
/mnt/AizatDrive/smap_malaysia_subset_v8/2021/139871054_SMAP_L4_SM_gph_20210423T223000_Vv8010_001_subsetted_regridded.nc4
/mnt/AizatDrive/smap_malaysia_subset_v8/2021/139871033_SMAP_L4_SM_gph_20210424T193000_Vv8010_001_subsetted_regridded.nc4
/mnt/AizatDrive/smap_malaysia_subset_v8/2021/139871018_SMAP_L4_SM_gph_20210423T103000_Vv8010_001_subsetted_regridded.nc4
/mnt/AizatDrive/smap_malaysia_subset_v8/2021/139870929_SMAP_L4_SM_gph_20210413T133000_Vv8010_001_subsetted_regridded.nc4
/mnt/AizatDrive/smap_malaysia_subset_v8/2021/139870951_SMAP_L4_SM_gph_20210415T133000_Vv8010_001_subsetted_regridded.nc4
/mnt/AizatDrive/smap_malaysia_subset_v8/2021/139870946_SMAP_L4_SM_gph_20210413T163000_Vv8010_001_subsetted_regridded.nc4
/mnt/AizatDrive/smap_malaysia_subset_v8/2021/139871031_SMAP_L4_SM_gph_20210428T193000_Vv8010_001_subsetted_regridded.nc4
/mnt/AizatDrive/smap_malaysia_subset_v8/2021/139871037_SMAP_L4_SM_gph_20210419T133000_Vv8010_001_subsetted_regridded.nc4
/mnt/AizatDrive/smap_malaysia_subset_v8/2021/139870930_SMAP_L4_SM_gph_20210413T013000_Vv8010_001_subsetted_regridded.nc4
/mnt/AizatDrive/smap_malaysia_subset_v8/2021/139871035_SMAP_L4_SM_gph_20210419T193000_Vv8010_001_subsetted_regridded.nc4
/mnt/AizatDrive/smap_malaysia_subset_v8/2021/139870933_SMAP_L4_SM_gph_20210414T013000_Vv8010_001_subsetted_regridded.nc4
/mnt/AizatDrive/smap_malaysia_subset_v8/2021/139871038_SMAP_L4_SM_gph_20210420T163000_Vv8010_001_subsetted_regridded.nc4
/mnt/AizatDrive/smap_malaysia_subset_v8/2021/139870945_SMAP_L4_SM_gph_20210415T013000_Vv8010_001_subsetted_regridded.nc4
/mnt/AizatDrive/smap_malaysia_subset_v8/2021/139871050_SMAP_L4_SM_gph_20210422T103000_Vv8010_001_subsetted_regridded.nc4
/mnt/AizatDrive/smap_malaysia_subset_v8/2021/139870983_SMAP_L4_SM_gph_20210421T163000_Vv8010_001_subsetted_regridded.nc4
/mnt/AizatDrive/smap_malaysia_subset_v8/2021/139870970_SMAP_L4_SM_gph_20210418T133000_Vv8010_001_subsetted_regridded.nc4
/mnt/AizatDrive/smap_malaysia_subset_v8/2021/139871064_SMAP_L4_SM_gph_20210421T013000_Vv8010_001_subsetted_regridded.nc4
/mnt/AizatDrive/smap_malaysia_subset_v8/2021/139870964_SMAP_L4_SM_gph_20210415T073000_Vv8010_001_subsetted_regridded.nc4
/mnt/AizatDrive/smap_malaysia_subset_v8/2021/139871069_SMAP_L4_SM_gph_20210421T223000_Vv8010_001_subsetted_regridded.nc4
/mnt/AizatDrive/smap_malaysia_subset_v8/2021/139871065_SMAP_L4_SM_gph_20210421T103000_Vv8010_001_subsetted_regridded.nc4
/mnt/AizatDrive/smap_malaysia_subset_v8/2021/139871081_SMAP_L4_SM_gph_20210421T193000_Vv8010_001_subsetted_regridded.nc4
/mnt/AizatDrive/smap_malaysia_subset_v8/2021/139870966_SMAP_L4_SM_gph_20210414T103000_Vv8010_001_subsetted_regridded.nc4
/mnt/AizatDrive/smap_malaysia_subset_v8/2021/139870969_SMAP_L4_SM_gph_20210415T223000_Vv8010_001_subsetted_regridded.nc4
/mnt/AizatDrive/smap_malaysia_subset_v8/2021/139871066_SMAP_L4_SM_gph_20210419T163000_Vv8010_001_subsetted_regridded.nc4
/mnt/AizatDrive/smap_malaysia_subset_v8/2021/139870967_SMAP_L4_SM_gph_20210415T043000_Vv8010_001_subsetted_regridded.nc4
/mnt/AizatDrive/smap_malaysia_subset_v8/2021/139871067_SMAP_L4_SM_gph_20210421T073000_Vv8010_001_subsetted_regridded.nc4
/mnt/AizatDrive/smap_malaysia_subset_v8/2021/139871084_SMAP_L4_SM_gph_20210420T073000_Vv8010_001_subsetted_regridded.nc4
/mnt/AizatDrive/smap_malaysia_subset_v8/2021/139871085_SMAP_L4_SM_gph_20210419T073000_Vv8010_001_subsetted_regridded.nc4
/mnt/AizatDrive/smap_malaysia_subset_v8/2021/139871122_SMAP_L4_SM_gph_20210424T163000_Vv8010_001_subsetted_regridded.nc4
/mnt/AizatDrive/smap_malaysia_subset_v8/2021/139871120_SMAP_L4_SM_gph_20210424T013000_Vv8010_001_subsetted_regridded.nc4
/mnt/AizatDrive/smap_malaysia_subset_v8/2021/139871157_SMAP_L4_SM_gph_20210425T013000_Vv8010_001_subsetted_regridded.nc4
/mnt/AizatDrive/smap_malaysia_subset_v8/2021/139871156_SMAP_L4_SM_gph_20210426T133000_Vv8010_001_subsetted_regridded.nc4
/mnt/AizatDrive/smap_malaysia_subset_v8/2021/139871002_SMAP_L4_SM_gph_20210422T073000_Vv8010_001_subsetted_regridded.nc4
/mnt/AizatDrive/smap_malaysia_subset_v8/2021/139871154_SMAP_L4_SM_gph_20210426T073000_Vv8010_001_subsetted_regridded.nc4
/mnt/AizatDrive/smap_malaysia_subset_v8/2021/139871167_SMAP_L4_SM_gph_20210424T073000_Vv8010_001_subsetted_regridded.nc4
/mnt/AizatDrive/smap_malaysia_subset_v8/2021/139871115_SMAP_L4_SM_gph_20210501T043000_Vv8010_001_subsetted_regridded.nc4
/mnt/AizatDrive/smap_malaysia_subset_v8/2021/139871118_SMAP_L4_SM_gph_20210427T193000_Vv8010_001_subsetted_regridded.nc4
/mnt/AizatDrive/smap_malaysia_subset_v8/2021/139871169_SMAP_L4_SM_gph_20210425T043000_Vv8010_001_subsetted_regridded.nc4
/mnt/AizatDrive/smap_malaysia_subset_v8/2021/139871144_SMAP_L4_SM_gph_20210422T043000_Vv8010_001_subsetted_regridded.nc4
/mnt/AizatDrive/smap_malaysia_subset_v8/2021/139871171_SMAP_L4_SM_gph_20210424T223000_Vv8010_001_subsetted_regridded.nc4
/mnt/AizatDrive/smap_malaysia_subset_v8/2021/139871180_SMAP_L4_SM_gph_20210425T163000_Vv8010_001_subsetted_regridded.nc4
/mnt/AizatDrive/smap_malaysia_subset_v8/2021/139871168_SMAP_L4_SM_gph_20210426T163000_Vv8010_001_subsetted_regridded.nc4
/mnt/AizatDrive/smap_malaysia_subset_v8/2021/139871145_SMAP_L4_SM_gph_20210425T133000_Vv8010_001_subsetted_regridded.nc4
/mnt/AizatDrive/smap_malaysia_subset_v8/2021/139871140_SMAP_L4_SM_gph_20210419T013000_Vv8010_001_subsetted_regridded.nc4
/mnt/AizatDrive/smap_malaysia_subset_v8/2021/139871142_SMAP_L4_SM_gph_20210427T103000_Vv8010_001_subsetted_regridded.nc4
/mnt/AizatDrive/smap_malaysia_subset_v8/2021/139871138_SMAP_L4_SM_gph_20210424T133000_Vv8010_001_subsetted_regridded.nc4
/mnt/AizatDrive/smap_malaysia_subset_v8/2021/139871170_SMAP_L4_SM_gph_20210424T103000_Vv8010_001_subsetted_regridded.nc4
/mnt/AizatDrive/smap_malaysia_subset_v8/2021/139871182_SMAP_L4_SM_gph_20210425T103000_Vv8010_001_subsetted_regridded.nc4
/mnt/AizatDrive/smap_malaysia_subset_v8/2021/139871183_SMAP_L4_SM_gph_20210426T043000_Vv8010_001_subsetted_regridded.nc4
/mnt/AizatDrive/smap_malaysia_subset_v8/2021/139871184_SMAP_L4_SM_gph_20210426T223000_Vv8010_001_subsetted_regridded.nc4
/mnt/AizatDrive/smap_malaysia_subset_v8/2021/139871147_SMAP_L4_SM_gph_20210424T043000_Vv8010_001_subsetted_regridded.nc4
/mnt/AizatDrive/smap_malaysia_subset_v8/2021/139870990_SMAP_L4_SM_gph_20210427T163000_Vv8010_001_subsetted_regridded.nc4
/mnt/AizatDrive/smap_malaysia_subset_v8/2021/139870984_SMAP_L4_SM_gph_20210422T193000_Vv8010_001_subsetted_regridded.nc4
/mnt/AizatDrive/smap_malaysia_subset_v8/2021/139870988_SMAP_L4_SM_gph_20210423T043000_Vv8010_001_subsetted_regridded.nc4
/mnt/AizatDrive/smap_malaysia_subset_v8/2021/139871187_SMAP_L4_SM_gph_20210428T073000_Vv8010_001_subsetted_regridded.nc4
/mnt/AizatDrive/smap_malaysia_subset_v8/2021/139870981_SMAP_L4_SM_gph_20210423T163000_Vv8010_001_subsetted_regridded.nc4
/mnt/AizatDrive/smap_malaysia_subset_v8/2021/139871190_SMAP_L4_SM_gph_20210429T163000_Vv8010_001_subsetted_regridded.nc4
/mnt/AizatDrive/smap_malaysia_subset_v8/2021/139870982_SMAP_L4_SM_gph_20210423T133000_Vv8010_001_subsetted_regridded.nc4
/mnt/AizatDrive/smap_malaysia_subset_v8/2021/139871148_SMAP_L4_SM_gph_20210422T013000_Vv8010_001_subsetted_regridded.nc4
/mnt/AizatDrive/smap_malaysia_subset_v8/2021/139871185_SMAP_L4_SM_gph_20210430T013000_Vv8010_001_subsetted_regridded.nc4
/mnt/AizatDrive/smap_malaysia_subset_v8/2021/139870986_SMAP_L4_SM_gph_20210420T133000_Vv8010_001_subsetted_regridded.nc4
/mnt/AizatDrive/smap_malaysia_subset_v8/2021/139870996_SMAP_L4_SM_gph_20210422T163000_Vv8010_001_subsetted_regridded.nc4
/mnt/AizatDrive/smap_malaysia_subset_v8/2021/139871218_SMAP_L4_SM_gph_20210428T043000_Vv8010_001_subsetted_regridded.nc4
/mnt/AizatDrive/smap_malaysia_subset_v8/2021/139871198_SMAP_L4_SM_gph_20210429T103000_Vv8010_001_subsetted_regridded.nc4
/mnt/AizatDrive/smap_malaysia_subset_v8/2021/139870997_SMAP_L4_SM_gph_20210427T073000_Vv8010_001_subsetted_regridded.nc4
/mnt/AizatDrive/smap_malaysia_subset_v8/2021/139870998_SMAP_L4_SM_gph_20210423T013000_Vv8010_001_subsetted_regridded.nc4
/mnt/AizatDrive/smap_malaysia_subset_v8/2021/139871186_SMAP_L4_SM_gph_20210427T043000_Vv8010_001_subsetted_regridded.nc4
/mnt/AizatDrive/smap_malaysia_subset_v8/2021/139871188_SMAP_L4_SM_gph_20210426T013000_Vv8010_001_subsetted_regridded.nc4
/mnt/AizatDrive/smap_malaysia_subset_v8/2021/139871093_SMAP_L4_SM_gph_20210426T193000_Vv8010_001_subsetted_regridded.nc4
/mnt/AizatDrive/smap_malaysia_subset_v8/2021/139871004_SMAP_L4_SM_gph_20210420T043000_Vv8010_001_subsetted_regridded.nc4
/mnt/AizatDrive/smap_malaysia_subset_v8/2021/139871102_SMAP_L4_SM_gph_20210426T103000_Vv8010_001_subsetted_regridded.nc4
/mnt/AizatDrive/smap_malaysia_subset_v8/2021/139871236_SMAP_L4_SM_gph_20210428T223000_Vv8010_001_subsetted_regridded.nc4
/mnt/AizatDrive/smap_malaysia_subset_v8/2021/139871082_SMAP_L4_SM_gph_20210428T133000_Vv8010_001_subsetted_regridded.nc4
/mnt/AizatDrive/smap_malaysia_subset_v8/2021/139871086_SMAP_L4_SM_gph_20210429T043000_Vv8010_001_subsetted_regridded.nc4
/mnt/AizatDrive/smap_malaysia_subset_v8/2021/139871083_SMAP_L4_SM_gph_20210422T133000_Vv8010_001_subsetted_regridded.nc4
/mnt/AizatDrive/smap_malaysia_subset_v8/2021/139871000_SMAP_L4_SM_gph_20210419T103000_Vv8010_001_subsetted_regridded.nc4
/mnt/AizatDrive/smap_malaysia_subset_v8/2021/139870999_SMAP_L4_SM_gph_20210425T223000_Vv8010_001_subsetted_regridded.nc4
/mnt/AizatDrive/smap_malaysia_subset_v8/2021/139871155_SMAP_L4_SM_gph_20210423T073000_Vv8010_001_subsetted_regridded.nc4
/mnt/AizatDrive/smap_malaysia_subset_v8/2021/139871234_SMAP_L4_SM_gph_20210428T103000_Vv8010_001_subsetted_regridded.nc4
/mnt/AizatDrive/smap_malaysia_subset_v8/2021/139871201_SMAP_L4_SM_gph_20210427T223000_Vv8010_001_subsetted_regridded.nc4
/mnt/AizatDrive/smap_malaysia_subset_v8/2021/139871200_SMAP_L4_SM_gph_20210427T013000_Vv8010_001_subsetted_regridded.nc4
/mnt/AizatDrive/smap_malaysia_subset_v8/2021/139871100_SMAP_L4_SM_gph_20210420T193000_Vv8010_001_subsetted_regridded.nc4
/mnt/AizatDrive/smap_malaysia_subset_v8/2021/139871101_SMAP_L4_SM_gph_20210422T223000_Vv8010_001_subsetted_regridded.nc4
/mnt/AizatDrive/smap_malaysia_subset_v8/2021/139871098_SMAP_L4_SM_gph_20210418T043000_Vv8010_001_subsetted_regridded.nc4
/mnt/AizatDrive/smap_malaysia_subset_v8/2021/139871116_SMAP_L4_SM_gph_20210425T073000_Vv8010_001_subsetted_regridded.nc4
/mnt/AizatDrive/smap_malaysia_subset_v8/2021/139871250_SMAP_L4_SM_gph_20210430T133000_Vv8010_001_subsetted_regridded.nc4
/mnt/AizatDrive/smap_malaysia_subset_v8/2021/139871114_SMAP_L4_SM_gph_20210421T133000_Vv8010_001_subsetted_regridded.nc4
/mnt/AizatDrive/smap_malaysia_subset_v8/2021/139871235_SMAP_L4_SM_gph_20210428T163000_Vv8010_001_subsetted_regridded.nc4
/mnt/AizatDrive/smap_malaysia_subset_v8/2021/139871199_SMAP_L4_SM_gph_20210427T133000_Vv8010_001_subsetted_regridded.nc4
/mnt/AizatDrive/smap_malaysia_subset_v8/2021/139871252_SMAP_L4_SM_gph_20210428T013000_Vv8010_001_subsetted_regridded.nc4
/mnt/AizatDrive/smap_malaysia_subset_v8/2021/139871113_SMAP_L4_SM_gph_20210420T223000_Vv8010_001_subsetted_regridded.nc4
/mnt/AizatDrive/smap_malaysia_subset_v8/2021/139871251_SMAP_L4_SM_gph_20210430T163000_Vv8010_001_subsetted_regridded.nc4
/mnt/AizatDrive/smap_malaysia_subset_v8/2021/139871287_SMAP_L4_SM_gph_20210503T013000_Vv8010_001_subsetted_regridded.nc4
/mnt/AizatDrive/smap_malaysia_subset_v8/2021/139871289_SMAP_L4_SM_gph_20210506T013000_Vv8010_001_subsetted_regridded.nc4
/mnt/AizatDrive/smap_malaysia_subset_v8/2021/139871301_SMAP_L4_SM_gph_20210504T133000_Vv8010_001_subsetted_regridded.nc4
/mnt/AizatDrive/smap_malaysia_subset_v8/2021/139871302_SMAP_L4_SM_gph_20210506T223000_Vv8010_001_subsetted_regridded.nc4
/mnt/AizatDrive/smap_malaysia_subset_v8/2021/139871322_SMAP_L4_SM_gph_20210513T043000_Vv8010_001_subsetted_regridded.nc4
/mnt/AizatDrive/smap_malaysia_subset_v8/2021/139871320_SMAP_L4_SM_gph_20210430T043000_Vv8010_001_subsetted_regridded.nc4
/mnt/AizatDrive/smap_malaysia_subset_v8/2021/139871318_SMAP_L4_SM_gph_20210503T103000_Vv8010_001_subsetted_regridded.nc4
/mnt/AizatDrive/smap_malaysia_subset_v8/2021/139871325_SMAP_L4_SM_gph_20210503T133000_Vv8010_001_subsetted_regridded.nc4
/mnt/AizatDrive/smap_malaysia_subset_v8/2021/139871336_SMAP_L4_SM_gph_20210505T103000_Vv8010_001_subsetted_regridded.nc4
/mnt/AizatDrive/smap_malaysia_subset_v8/2021/139871340_SMAP_L4_SM_gph_20210430T193000_Vv8010_001_subsetted_regridded.nc4
/mnt/AizatDrive/smap_malaysia_subset_v8/2021/139871355_SMAP_L4_SM_gph_20210501T103000_Vv8010_001_subsetted_regridded.nc4
/mnt/AizatDrive/smap_malaysia_subset_v8/2021/139871414_SMAP_L4_SM_gph_20210502T073000_Vv8010_001_subsetted_regridded.nc4
/mnt/AizatDrive/smap_malaysia_subset_v8/2021/139871337_SMAP_L4_SM_gph_20210502T133000_Vv8010_001_subsetted_regridded.nc4
/mnt/AizatDrive/smap_malaysia_subset_v8/2021/139871409_SMAP_L4_SM_gph_20210503T073000_Vv8010_001_subsetted_regridded.nc4
/mnt/AizatDrive/smap_malaysia_subset_v8/2021/139871406_SMAP_L4_SM_gph_20210502T103000_Vv8010_001_subsetted_regridded.nc4
/mnt/AizatDrive/smap_malaysia_subset_v8/2021/139871404_SMAP_L4_SM_gph_20210511T193000_Vv8010_001_subsetted_regridded.nc4
/mnt/AizatDrive/smap_malaysia_subset_v8/2021/139871412_SMAP_L4_SM_gph_20210501T223000_Vv8010_001_subsetted_regridded.nc4
/mnt/AizatDrive/smap_malaysia_subset_v8/2021/139871338_SMAP_L4_SM_gph_20210505T013000_Vv8010_001_subsetted_regridded.nc4
/mnt/AizatDrive/smap_malaysia_subset_v8/2021/139871413_SMAP_L4_SM_gph_20210509T073000_Vv8010_001_subsetted_regridded.nc4
/mnt/AizatDrive/smap_malaysia_subset_v8/2021/139871380_SMAP_L4_SM_gph_20210508T223000_Vv8010_001_subsetted_regridded.nc4
/mnt/AizatDrive/smap_malaysia_subset_v8/2021/139871389_SMAP_L4_SM_gph_20210429T013000_Vv8010_001_subsetted_regridded.nc4
/mnt/AizatDrive/smap_malaysia_subset_v8/2021/139871407_SMAP_L4_SM_gph_20210501T013000_Vv8010_001_subsetted_regridded.nc4
/mnt/AizatDrive/smap_malaysia_subset_v8/2021/139871356_SMAP_L4_SM_gph_20210430T073000_Vv8010_001_subsetted_regridded.nc4
/mnt/AizatDrive/smap_malaysia_subset_v8/2021/139871411_SMAP_L4_SM_gph_20210429T193000_Vv8010_001_subsetted_regridded.nc4
/mnt/AizatDrive/smap_malaysia_subset_v8/2021/139871390_SMAP_L4_SM_gph_20210430T103000_Vv8010_001_subsetted_regridded.nc4
/mnt/AizatDrive/smap_malaysia_subset_v8/2021/139871304_SMAP_L4_SM_gph_20210506T163000_Vv8010_001_subsetted_regridded.nc4
/mnt/AizatDrive/smap_malaysia_subset_v8/2021/139871305_SMAP_L4_SM_gph_20210509T043000_Vv8010_001_subsetted_regridded.nc4
/mnt/AizatDrive/smap_malaysia_subset_v8/2021/139871327_SMAP_L4_SM_gph_20210507T103000_Vv8010_001_subsetted_regridded.nc4
/mnt/AizatDrive/smap_malaysia_subset_v8/2021/139871324_SMAP_L4_SM_gph_20210504T103000_Vv8010_001_subsetted_regridded.nc4
/mnt/AizatDrive/smap_malaysia_subset_v8/2021/139871341_SMAP_L4_SM_gph_20210507T193000_Vv8010_001_subsetted_regridded.nc4
/mnt/AizatDrive/smap_malaysia_subset_v8/2021/139871339_SMAP_L4_SM_gph_20210501T133000_Vv8010_001_subsetted_regridded.nc4
/mnt/AizatDrive/smap_malaysia_subset_v8/2021/139871408_SMAP_L4_SM_gph_20210501T193000_Vv8010_001_subsetted_regridded.nc4
/mnt/AizatDrive/smap_malaysia_subset_v8/2021/139871353_SMAP_L4_SM_gph_20210507T043000_Vv8010_001_subsetted_regridded.nc4
/mnt/AizatDrive/smap_malaysia_subset_v8/2021/139871343_SMAP_L4_SM_gph_20210506T043000_Vv8010_001_subsetted_regridded.nc4
/mnt/AizatDrive/smap_malaysia_subset_v8/2021/139871405_SMAP_L4_SM_gph_20210503T043000_Vv8010_001_subsetted_regridded.nc4
/mnt/AizatDrive/smap_malaysia_subset_v8/2021/139871357_SMAP_L4_SM_gph_20210504T193000_Vv8010_001_subsetted_regridded.nc4
/mnt/AizatDrive/smap_malaysia_subset_v8/2021/139871410_SMAP_L4_SM_gph_20210501T073000_Vv8010_001_subsetted_regridded.nc4
/mnt/AizatDrive/smap_malaysia_subset_v8/2021/139871378_SMAP_L4_SM_gph_20210506T193000_Vv8010_001_subsetted_regridded.nc4
/mnt/AizatDrive/smap_malaysia_subset_v8/2021/139871354_SMAP_L4_SM_gph_20210507T133000_Vv8010_001_subsetted_regridded.nc4
/mnt/AizatDrive/smap_malaysia_subset_v8/2021/139871376_SMAP_L4_SM_gph_20210429T133000_Vv8010_001_subsetted_regridded.nc4
/mnt/AizatDrive/smap_malaysia_subset_v8/2021/139871391_SMAP_L4_SM_gph_20210508T043000_Vv8010_001_subsetted_regridded.nc4
/mnt/AizatDrive/smap_malaysia_subset_v8/2021/139871425_SMAP_L4_SM_gph_20210505T163000_Vv8010_001_subsetted_regridded.nc4
/mnt/AizatDrive/smap_malaysia_subset_v8/2021/139871426_SMAP_L4_SM_gph_20210502T223000_Vv8010_001_subsetted_regridded.nc4
/mnt/AizatDrive/smap_malaysia_subset_v8/2021/139871415_SMAP_L4_SM_gph_20210429T223000_Vv8010_001_subsetted_regridded.nc4
/mnt/AizatDrive/smap_malaysia_subset_v8/2021/139871424_SMAP_L4_SM_gph_20210505T193000_Vv8010_001_subsetted_regridded.nc4
/mnt/AizatDrive/smap_malaysia_subset_v8/2021/139871429_SMAP_L4_SM_gph_20210502T043000_Vv8010_001_subsetted_regridded.nc4
/mnt/AizatDrive/smap_malaysia_subset_v8/2021/139871417_SMAP_L4_SM_gph_20210505T043000_Vv8010_001_subsetted_regridded.nc4
/mnt/AizatDrive/smap_malaysia_subset_v8/2021/139871430_SMAP_L4_SM_gph_20210503T163000_Vv8010_001_subsetted_regridded.nc4
/mnt/AizatDrive/smap_malaysia_subset_v8/2021/139871416_SMAP_L4_SM_gph_20210501T163000_Vv8010_001_subsetted_regridded.nc4
/mnt/AizatDrive/smap_malaysia_subset_v8/2021/139871434_SMAP_L4_SM_gph_20210505T073000_Vv8010_001_subsetted_regridded.nc4
/mnt/AizatDrive/smap_malaysia_subset_v8/2021/139871431_SMAP_L4_SM_gph_20210430T223000_Vv8010_001_subsetted_regridded.nc4
/mnt/AizatDrive/smap_malaysia_subset_v8/2021/139871419_SMAP_L4_SM_gph_20210502T163000_Vv8010_001_subsetted_regridded.nc4
/mnt/AizatDrive/smap_malaysia_subset_v8/2021/139871418_SMAP_L4_SM_gph_20210509T133000_Vv8010_001_subsetted_regridded.nc4
/mnt/AizatDrive/smap_malaysia_subset_v8/2021/139871421_SMAP_L4_SM_gph_20210508T073000_Vv8010_001_subsetted_regridded.nc4
/mnt/AizatDrive/smap_malaysia_subset_v8/2021/139871422_SMAP_L4_SM_gph_20210507T223000_Vv8010_001_subsetted_regridded.nc4
/mnt/AizatDrive/smap_malaysia_subset_v8/2021/139871436_SMAP_L4_SM_gph_20210508T193000_Vv8010_001_subsetted_regridded.nc4
/mnt/AizatDrive/smap_malaysia_subset_v8/2021/139871433_SMAP_L4_SM_gph_20210509T013000_Vv8010_001_subsetted_regridded.nc4
/mnt/AizatDrive/smap_malaysia_subset_v8/2021/139871427_SMAP_L4_SM_gph_20210429T073000_Vv8010_001_subsetted_regridded.nc4
/mnt/AizatDrive/smap_malaysia_subset_v8/2021/139871432_SMAP_L4_SM_gph_20210504T223000_Vv8010_001_subsetted_regridded.nc4
/mnt/AizatDrive/smap_malaysia_subset_v8/2021/139871428_SMAP_L4_SM_gph_20210502T193000_Vv8010_001_subsetted_regridded.nc4
/mnt/AizatDrive/smap_malaysia_subset_v8/2021/139871423_SMAP_L4_SM_gph_20210511T103000_Vv8010_001_subsetted_regridded.nc4
/mnt/AizatDrive/smap_malaysia_subset_v8/2021/139871435_SMAP_L4_SM_gph_20210504T163000_Vv8010_001_subsetted_regridded.nc4
/mnt/AizatDrive/smap_malaysia_subset_v8/2021/139871437_SMAP_L4_SM_gph_20210503T193000_Vv8010_001_subsetted_regridded.nc4
/mnt/AizatDrive/smap_malaysia_subset_v8/2021/139871534_SMAP_L4_SM_gph_20210508T133000_Vv8010_001_subsetted_regridded.nc4
/mnt/AizatDrive/smap_malaysia_subset_v8/2021/139871438_SMAP_L4_SM_gph_20210507T073000_Vv8010_001_subsetted_regridded.nc4
/mnt/AizatDrive/smap_malaysia_subset_v8/2021/139871440_SMAP_L4_SM_gph_20210503T223000_Vv8010_001_subsetted_regridded.nc4
/mnt/AizatDrive/smap_malaysia_subset_v8/2021/139871473_SMAP_L4_SM_gph_20210506T073000_Vv8010_001_subsetted_regridded.nc4
/mnt/AizatDrive/smap_malaysia_subset_v8/2021/139871439_SMAP_L4_SM_gph_20210504T013000_Vv8010_001_subsetted_regridded.nc4
/mnt/AizatDrive/smap_malaysia_subset_v8/2021/139871441_SMAP_L4_SM_gph_20210507T163000_Vv8010_001_subsetted_regridded.nc4
/mnt/AizatDrive/smap_malaysia_subset_v8/2021/139871447_SMAP_L4_SM_gph_20210502T013000_Vv8010_001_subsetted_regridded.nc4
/mnt/AizatDrive/smap_malaysia_subset_v8/2021/139871442_SMAP_L4_SM_gph_20210508T013000_Vv8010_001_subsetted_regridded.nc4
/mnt/AizatDrive/smap_malaysia_subset_v8/2021/139871514_SMAP_L4_SM_gph_20210508T103000_Vv8010_001_subsetted_regridded.nc4
/mnt/AizatDrive/smap_malaysia_subset_v8/2021/139871497_SMAP_L4_SM_gph_20210510T013000_Vv8010_001_subsetted_regridded.nc4
/mnt/AizatDrive/smap_malaysia_subset_v8/2021/139871449_SMAP_L4_SM_gph_20210510T223000_Vv8010_001_subsetted_regridded.nc4
/mnt/AizatDrive/smap_malaysia_subset_v8/2021/139871458_SMAP_L4_SM_gph_20210504T073000_Vv8010_001_subsetted_regridded.nc4
/mnt/AizatDrive/smap_malaysia_subset_v8/2021/139871484_SMAP_L4_SM_gph_20210509T103000_Vv8010_001_subsetted_regridded.nc4
/mnt/AizatDrive/smap_malaysia_subset_v8/2021/139871517_SMAP_L4_SM_gph_20210509T193000_Vv8010_001_subsetted_regridded.nc4
/mnt/AizatDrive/smap_malaysia_subset_v8/2021/139871498_SMAP_L4_SM_gph_20210512T043000_Vv8010_001_subsetted_regridded.nc4
/mnt/AizatDrive/smap_malaysia_subset_v8/2021/139871445_SMAP_L4_SM_gph_20210505T223000_Vv8010_001_subsetted_regridded.nc4
/mnt/AizatDrive/smap_malaysia_subset_v8/2021/139871500_SMAP_L4_SM_gph_20210507T013000_Vv8010_001_subsetted_regridded.nc4
/mnt/AizatDrive/smap_malaysia_subset_v8/2021/139871533_SMAP_L4_SM_gph_20210510T193000_Vv8010_001_subsetted_regridded.nc4
/mnt/AizatDrive/smap_malaysia_subset_v8/2021/139871535_SMAP_L4_SM_gph_20210513T163000_Vv8010_001_subsetted_regridded.nc4
/mnt/AizatDrive/smap_malaysia_subset_v8/2021/139871466_SMAP_L4_SM_gph_20210508T163000_Vv8010_001_subsetted_regridded.nc4
/mnt/AizatDrive/smap_malaysia_subset_v8/2021/139871443_SMAP_L4_SM_gph_20210504T043000_Vv8010_001_subsetted_regridded.nc4
/mnt/AizatDrive/smap_malaysia_subset_v8/2021/139871459_SMAP_L4_SM_gph_20210509T223000_Vv8010_001_subsetted_regridded.nc4
/mnt/AizatDrive/smap_malaysia_subset_v8/2021/139871456_SMAP_L4_SM_gph_20210505T133000_Vv8010_001_subsetted_regridded.nc4
/mnt/AizatDrive/smap_malaysia_subset_v8/2021/139871444_SMAP_L4_SM_gph_20210506T103000_Vv8010_001_subsetted_regridded.nc4
/mnt/AizatDrive/smap_malaysia_subset_v8/2021/139871512_SMAP_L4_SM_gph_20210512T073000_Vv8010_001_subsetted_regridded.nc4
/mnt/AizatDrive/smap_malaysia_subset_v8/2021/139871499_SMAP_L4_SM_gph_20210510T073000_Vv8010_001_subsetted_regridded.nc4
/mnt/AizatDrive/smap_malaysia_subset_v8/2021/139871482_SMAP_L4_SM_gph_20210510T133000_Vv8010_001_subsetted_regridded.nc4
/mnt/AizatDrive/smap_malaysia_subset_v8/2021/139871460_SMAP_L4_SM_gph_20210510T103000_Vv8010_001_subsetted_regridded.nc4
/mnt/AizatDrive/smap_malaysia_subset_v8/2021/139871532_SMAP_L4_SM_gph_20210512T163000_Vv8010_001_subsetted_regridded.nc4
/mnt/AizatDrive/smap_malaysia_subset_v8/2021/139871465_SMAP_L4_SM_gph_20210506T133000_Vv8010_001_subsetted_regridded.nc4
/mnt/AizatDrive/smap_malaysia_subset_v8/2021/139871485_SMAP_L4_SM_gph_20210511T013000_Vv8010_001_subsetted_regridded.nc4
/mnt/AizatDrive/smap_malaysia_subset_v8/2021/139871536_SMAP_L4_SM_gph_20210510T043000_Vv8010_001_subsetted_regridded.nc4
/mnt/AizatDrive/smap_malaysia_subset_v8/2021/139871554_SMAP_L4_SM_gph_20210514T163000_Vv8010_001_subsetted_regridded.nc4
/mnt/AizatDrive/smap_malaysia_subset_v8/2021/139871569_SMAP_L4_SM_gph_20210509T163000_Vv8010_001_subsetted_regridded.nc4
/mnt/AizatDrive/smap_malaysia_subset_v8/2021/139871595_SMAP_L4_SM_gph_20210514T193000_Vv8010_001_subsetted_regridded.nc4
/mnt/AizatDrive/smap_malaysia_subset_v8/2021/139871587_SMAP_L4_SM_gph_20210513T133000_Vv8010_001_subsetted_regridded.nc4
/mnt/AizatDrive/smap_malaysia_subset_v8/2021/139871537_SMAP_L4_SM_gph_20210513T073000_Vv8010_001_subsetted_regridded.nc4
/mnt/AizatDrive/smap_malaysia_subset_v8/2021/139871581_SMAP_L4_SM_gph_20210513T013000_Vv8010_001_subsetted_regridded.nc4
/mnt/AizatDrive/smap_malaysia_subset_v8/2021/139871604_SMAP_L4_SM_gph_20210513T193000_Vv8010_001_subsetted_regridded.nc4
/mnt/AizatDrive/smap_malaysia_subset_v8/2021/139871586_SMAP_L4_SM_gph_20210512T103000_Vv8010_001_subsetted_regridded.nc4
/mnt/AizatDrive/smap_malaysia_subset_v8/2021/139871597_SMAP_L4_SM_gph_20210512T193000_Vv8010_001_subsetted_regridded.nc4
/mnt/AizatDrive/smap_malaysia_subset_v8/2021/139871568_SMAP_L4_SM_gph_20210511T043000_Vv8010_001_subsetted_regridded.nc4
/mnt/AizatDrive/smap_malaysia_subset_v8/2021/139871580_SMAP_L4_SM_gph_20210516T013000_Vv8010_001_subsetted_regridded.nc4
/mnt/AizatDrive/smap_malaysia_subset_v8/2021/139871553_SMAP_L4_SM_gph_20210510T163000_Vv8010_001_subsetted_regridded.nc4
/mnt/AizatDrive/smap_malaysia_subset_v8/2021/139871600_SMAP_L4_SM_gph_20210515T043000_Vv8010_001_subsetted_regridded.nc4
/mnt/AizatDrive/smap_malaysia_subset_v8/2021/139871601_SMAP_L4_SM_gph_20210516T223000_Vv8010_001_subsetted_regridded.nc4
/mnt/AizatDrive/smap_malaysia_subset_v8/2021/139871596_SMAP_L4_SM_gph_20210511T133000_Vv8010_001_subsetted_regridded.nc4
/mnt/AizatDrive/smap_malaysia_subset_v8/2021/139871599_SMAP_L4_SM_gph_20210514T043000_Vv8010_001_subsetted_regridded.nc4
/mnt/AizatDrive/smap_malaysia_subset_v8/2021/139871582_SMAP_L4_SM_gph_20210512T013000_Vv8010_001_subsetted_regridded.nc4
/mnt/AizatDrive/smap_malaysia_subset_v8/2021/139871584_SMAP_L4_SM_gph_20210515T013000_Vv8010_001_subsetted_regridded.nc4
/mnt/AizatDrive/smap_malaysia_subset_v8/2021/139871583_SMAP_L4_SM_gph_20210511T223000_Vv8010_001_subsetted_regridded.nc4
/mnt/AizatDrive/smap_malaysia_subset_v8/2021/139871717_SMAP_L4_SM_gph_20210513T223000_Vv8010_001_subsetted_regridded.nc4
/mnt/AizatDrive/smap_malaysia_subset_v8/2021/139871555_SMAP_L4_SM_gph_20210511T073000_Vv8010_001_subsetted_regridded.nc4
/mnt/AizatDrive/smap_malaysia_subset_v8/2021/139871708_SMAP_L4_SM_gph_20210517T103000_Vv8010_001_subsetted_regridded.nc4
/mnt/AizatDrive/smap_malaysia_subset_v8/2021/139871606_SMAP_L4_SM_gph_20210515T223000_Vv8010_001_subsetted_regridded.nc4
/mnt/AizatDrive/smap_malaysia_subset_v8/2021/139871585_SMAP_L4_SM_gph_20210514T133000_Vv8010_001_subsetted_regridded.nc4
/mnt/AizatDrive/smap_malaysia_subset_v8/2021/139871616_SMAP_L4_SM_gph_20210511T163000_Vv8010_001_subsetted_regridded.nc4
/mnt/AizatDrive/smap_malaysia_subset_v8/2021/139871617_SMAP_L4_SM_gph_20210512T133000_Vv8010_001_subsetted_regridded.nc4
/mnt/AizatDrive/smap_malaysia_subset_v8/2021/139871769_SMAP_L4_SM_gph_20210518T013000_Vv8010_001_subsetted_regridded.nc4
/mnt/AizatDrive/smap_malaysia_subset_v8/2021/139871619_SMAP_L4_SM_gph_20210513T103000_Vv8010_001_subsetted_regridded.nc4
/mnt/AizatDrive/smap_malaysia_subset_v8/2021/139871618_SMAP_L4_SM_gph_20210512T223000_Vv8010_001_subsetted_regridded.nc4
/mnt/AizatDrive/smap_malaysia_subset_v8/2021/139871772_SMAP_L4_SM_gph_20210517T133000_Vv8010_001_subsetted_regridded.nc4
/mnt/AizatDrive/smap_malaysia_subset_v8/2021/139871770_SMAP_L4_SM_gph_20210514T103000_Vv8010_001_subsetted_regridded.nc4
/mnt/AizatDrive/smap_malaysia_subset_v8/2021/139871621_SMAP_L4_SM_gph_20210514T073000_Vv8010_001_subsetted_regridded.nc4
/mnt/AizatDrive/smap_malaysia_subset_v8/2021/139871796_SMAP_L4_SM_gph_20210515T103000_Vv8010_001_subsetted_regridded.nc4
/mnt/AizatDrive/smap_malaysia_subset_v8/2021/139871620_SMAP_L4_SM_gph_20210516T073000_Vv8010_001_subsetted_regridded.nc4
/mnt/AizatDrive/smap_malaysia_subset_v8/2021/139871820_SMAP_L4_SM_gph_20210516T193000_Vv8010_001_subsetted_regridded.nc4
/mnt/AizatDrive/smap_malaysia_subset_v8/2021/139871821_SMAP_L4_SM_gph_20210519T103000_Vv8010_001_subsetted_regridded.nc4
/mnt/AizatDrive/smap_malaysia_subset_v8/2021/139871795_SMAP_L4_SM_gph_20210518T193000_Vv8010_001_subsetted_regridded.nc4
/mnt/AizatDrive/smap_malaysia_subset_v8/2021/139871798_SMAP_L4_SM_gph_20210514T223000_Vv8010_001_subsetted_regridded.nc4
/mnt/AizatDrive/smap_malaysia_subset_v8/2021/139871835_SMAP_L4_SM_gph_20210517T013000_Vv8010_001_subsetted_regridded.nc4
/mnt/AizatDrive/smap_malaysia_subset_v8/2021/139871837_SMAP_L4_SM_gph_20210515T193000_Vv8010_001_subsetted_regridded.nc4
/mnt/AizatDrive/smap_malaysia_subset_v8/2021/139871802_SMAP_L4_SM_gph_20210518T073000_Vv8010_001_subsetted_regridded.nc4
/mnt/AizatDrive/smap_malaysia_subset_v8/2021/139871745_SMAP_L4_SM_gph_20210517T043000_Vv8010_001_subsetted_regridded.nc4
/mnt/AizatDrive/smap_malaysia_subset_v8/2021/139871800_SMAP_L4_SM_gph_20210515T163000_Vv8010_001_subsetted_regridded.nc4
/mnt/AizatDrive/smap_malaysia_subset_v8/2021/139871822_SMAP_L4_SM_gph_20210515T133000_Vv8010_001_subsetted_regridded.nc4
/mnt/AizatDrive/smap_malaysia_subset_v8/2021/139871799_SMAP_L4_SM_gph_20210515T073000_Vv8010_001_subsetted_regridded.nc4
/mnt/AizatDrive/smap_malaysia_subset_v8/2021/139871841_SMAP_L4_SM_gph_20210516T103000_Vv8010_001_subsetted_regridded.nc4
/mnt/AizatDrive/smap_malaysia_subset_v8/2021/139871801_SMAP_L4_SM_gph_20210518T133000_Vv8010_001_subsetted_regridded.nc4
/mnt/AizatDrive/smap_malaysia_subset_v8/2021/139871747_SMAP_L4_SM_gph_20210517T223000_Vv8010_001_subsetted_regridded.nc4
/mnt/AizatDrive/smap_malaysia_subset_v8/2021/139871886_SMAP_L4_SM_gph_20210520T073000_Vv8010_001_subsetted_regridded.nc4
/mnt/AizatDrive/smap_malaysia_subset_v8/2021/139871860_SMAP_L4_SM_gph_20210516T163000_Vv8010_001_subsetted_regridded.nc4
/mnt/AizatDrive/smap_malaysia_subset_v8/2021/139871842_SMAP_L4_SM_gph_20210516T043000_Vv8010_001_subsetted_regridded.nc4
/mnt/AizatDrive/smap_malaysia_subset_v8/2021/139871861_SMAP_L4_SM_gph_20210519T133000_Vv8010_001_subsetted_regridded.nc4
/mnt/AizatDrive/smap_malaysia_subset_v8/2021/139871859_SMAP_L4_SM_gph_20210518T043000_Vv8010_001_subsetted_regridded.nc4
/mnt/AizatDrive/smap_malaysia_subset_v8/2021/139871871_SMAP_L4_SM_gph_20210514T013000_Vv8010_001_subsetted_regridded.nc4
/mnt/AizatDrive/smap_malaysia_subset_v8/2021/139871858_SMAP_L4_SM_gph_20210517T163000_Vv8010_001_subsetted_regridded.nc4
/mnt/AizatDrive/smap_malaysia_subset_v8/2021/139871839_SMAP_L4_SM_gph_20210518T103000_Vv8010_001_subsetted_regridded.nc4
/mnt/AizatDrive/smap_malaysia_subset_v8/2021/139871870_SMAP_L4_SM_gph_20210516T133000_Vv8010_001_subsetted_regridded.nc4
/mnt/AizatDrive/smap_malaysia_subset_v8/2021/139871960_SMAP_L4_SM_gph_20210520T133000_Vv8010_001_subsetted_regridded.nc4
/mnt/AizatDrive/smap_malaysia_subset_v8/2021/139871925_SMAP_L4_SM_gph_20210519T013000_Vv8010_001_subsetted_regridded.nc4
/mnt/AizatDrive/smap_malaysia_subset_v8/2021/139871909_SMAP_L4_SM_gph_20210517T073000_Vv8010_001_subsetted_regridded.nc4
/mnt/AizatDrive/smap_malaysia_subset_v8/2021/139871887_SMAP_L4_SM_gph_20210519T223000_Vv8010_001_subsetted_regridded.nc4
/mnt/AizatDrive/smap_malaysia_subset_v8/2021/139871942_SMAP_L4_SM_gph_20210520T223000_Vv8010_001_subsetted_regridded.nc4
/mnt/AizatDrive/smap_malaysia_subset_v8/2021/139871906_SMAP_L4_SM_gph_20210520T013000_Vv8010_001_subsetted_regridded.nc4
/mnt/AizatDrive/smap_malaysia_subset_v8/2021/139871943_SMAP_L4_SM_gph_20210517T193000_Vv8010_001_subsetted_regridded.nc4
/mnt/AizatDrive/smap_malaysia_subset_v8/2021/139871908_SMAP_L4_SM_gph_20210520T193000_Vv8010_001_subsetted_regridded.nc4
/mnt/AizatDrive/smap_malaysia_subset_v8/2021/139872103_SMAP_L4_SM_gph_20210523T163000_Vv8010_001_subsetted_regridded.nc4
/mnt/AizatDrive/smap_malaysia_subset_v8/2021/139871923_SMAP_L4_SM_gph_20210521T043000_Vv8010_001_subsetted_regridded.nc4
/mnt/AizatDrive/smap_malaysia_subset_v8/2021/139871962_SMAP_L4_SM_gph_20210518T223000_Vv8010_001_subsetted_regridded.nc4
/mnt/AizatDrive/smap_malaysia_subset_v8/2021/139871964_SMAP_L4_SM_gph_20210523T223000_Vv8010_001_subsetted_regridded.nc4
/mnt/AizatDrive/smap_malaysia_subset_v8/2021/139872113_SMAP_L4_SM_gph_20210525T163000_Vv8010_001_subsetted_regridded.nc4
/mnt/AizatDrive/smap_malaysia_subset_v8/2021/139872156_SMAP_L4_SM_gph_20210526T103000_Vv8010_001_subsetted_regridded.nc4
/mnt/AizatDrive/smap_malaysia_subset_v8/2021/139872117_SMAP_L4_SM_gph_20210523T103000_Vv8010_001_subsetted_regridded.nc4
/mnt/AizatDrive/smap_malaysia_subset_v8/2021/139872273_SMAP_L4_SM_gph_20210524T133000_Vv8010_001_subsetted_regridded.nc4
/mnt/AizatDrive/smap_malaysia_subset_v8/2021/139872052_SMAP_L4_SM_gph_20210518T163000_Vv8010_001_subsetted_regridded.nc4
/mnt/AizatDrive/smap_malaysia_subset_v8/2021/139872139_SMAP_L4_SM_gph_20210522T163000_Vv8010_001_subsetted_regridded.nc4
/mnt/AizatDrive/smap_malaysia_subset_v8/2021/139871997_SMAP_L4_SM_gph_20210524T073000_Vv8010_001_subsetted_regridded.nc4
/mnt/AizatDrive/smap_malaysia_subset_v8/2021/139872277_SMAP_L4_SM_gph_20210526T193000_Vv8010_001_subsetted_regridded.nc4
/mnt/AizatDrive/smap_malaysia_subset_v8/2021/139872111_SMAP_L4_SM_gph_20210525T073000_Vv8010_001_subsetted_regridded.nc4
/mnt/AizatDrive/smap_malaysia_subset_v8/2021/139871987_SMAP_L4_SM_gph_20210523T043000_Vv8010_001_subsetted_regridded.nc4
/mnt/AizatDrive/smap_malaysia_subset_v8/2021/139872110_SMAP_L4_SM_gph_20210527T013000_Vv8010_001_subsetted_regridded.nc4
/mnt/AizatDrive/smap_malaysia_subset_v8/2021/139872116_SMAP_L4_SM_gph_20210523T193000_Vv8010_001_subsetted_regridded.nc4
/mnt/AizatDrive/smap_malaysia_subset_v8/2021/139872019_SMAP_L4_SM_gph_20210523T073000_Vv8010_001_subsetted_regridded.nc4
/mnt/AizatDrive/smap_malaysia_subset_v8/2021/139872141_SMAP_L4_SM_gph_20210525T193000_Vv8010_001_subsetted_regridded.nc4
/mnt/AizatDrive/smap_malaysia_subset_v8/2021/139872034_SMAP_L4_SM_gph_20210521T223000_Vv8010_001_subsetted_regridded.nc4
/mnt/AizatDrive/smap_malaysia_subset_v8/2021/139872154_SMAP_L4_SM_gph_20210524T223000_Vv8010_001_subsetted_regridded.nc4
/mnt/AizatDrive/smap_malaysia_subset_v8/2021/139872035_SMAP_L4_SM_gph_20210526T223000_Vv8010_001_subsetted_regridded.nc4
/mnt/AizatDrive/smap_malaysia_subset_v8/2021/139872153_SMAP_L4_SM_gph_20210527T103000_Vv8010_001_subsetted_regridded.nc4
/mnt/AizatDrive/smap_malaysia_subset_v8/2021/139872036_SMAP_L4_SM_gph_20210521T013000_Vv8010_001_subsetted_regridded.nc4
/mnt/AizatDrive/smap_malaysia_subset_v8/2021/139872143_SMAP_L4_SM_gph_20210529T103000_Vv8010_001_subsetted_regridded.nc4
/mnt/AizatDrive/smap_malaysia_subset_v8/2021/139871988_SMAP_L4_SM_gph_20210522T103000_Vv8010_001_subsetted_regridded.nc4
/mnt/AizatDrive/smap_malaysia_subset_v8/2021/139872119_SMAP_L4_SM_gph_20210525T103000_Vv8010_001_subsetted_regridded.nc4
/mnt/AizatDrive/smap_malaysia_subset_v8/2021/139872101_SMAP_L4_SM_gph_20210523T013000_Vv8010_001_subsetted_regridded.nc4
/mnt/AizatDrive/smap_malaysia_subset_v8/2021/139871989_SMAP_L4_SM_gph_20210521T193000_Vv8010_001_subsetted_regridded.nc4
/mnt/AizatDrive/smap_malaysia_subset_v8/2021/139872121_SMAP_L4_SM_gph_20210528T043000_Vv8010_001_subsetted_regridded.nc4
/mnt/AizatDrive/smap_malaysia_subset_v8/2021/139872134_SMAP_L4_SM_gph_20210525T013000_Vv8010_001_subsetted_regridded.nc4
/mnt/AizatDrive/smap_malaysia_subset_v8/2021/139872053_SMAP_L4_SM_gph_20210521T073000_Vv8010_001_subsetted_regridded.nc4
/mnt/AizatDrive/smap_malaysia_subset_v8/2021/139872037_SMAP_L4_SM_gph_20210523T133000_Vv8010_001_subsetted_regridded.nc4
/mnt/AizatDrive/smap_malaysia_subset_v8/2021/139872276_SMAP_L4_SM_gph_20210530T193000_Vv8010_001_subsetted_regridded.nc4
/mnt/AizatDrive/smap_malaysia_subset_v8/2021/139871990_SMAP_L4_SM_gph_20210524T103000_Vv8010_001_subsetted_regridded.nc4
/mnt/AizatDrive/smap_malaysia_subset_v8/2021/139872055_SMAP_L4_SM_gph_20210522T013000_Vv8010_001_subsetted_regridded.nc4
/mnt/AizatDrive/smap_malaysia_subset_v8/2021/139871998_SMAP_L4_SM_gph_20210519T163000_Vv8010_001_subsetted_regridded.nc4
/mnt/AizatDrive/smap_malaysia_subset_v8/2021/139872136_SMAP_L4_SM_gph_20210531T223000_Vv8010_001_subsetted_regridded.nc4
/mnt/AizatDrive/smap_malaysia_subset_v8/2021/139872054_SMAP_L4_SM_gph_20210519T193000_Vv8010_001_subsetted_regridded.nc4
/mnt/AizatDrive/smap_malaysia_subset_v8/2021/139872290_SMAP_L4_SM_gph_20210529T073000_Vv8010_001_subsetted_regridded.nc4
/mnt/AizatDrive/smap_malaysia_subset_v8/2021/139872137_SMAP_L4_SM_gph_20210528T133000_Vv8010_001_subsetted_regridded.nc4
/mnt/AizatDrive/smap_malaysia_subset_v8/2021/139872217_SMAP_L4_SM_gph_20210529T193000_Vv8010_001_subsetted_regridded.nc4
/mnt/AizatDrive/smap_malaysia_subset_v8/2021/139871991_SMAP_L4_SM_gph_20210525T133000_Vv8010_001_subsetted_regridded.nc4
/mnt/AizatDrive/smap_malaysia_subset_v8/2021/139871999_SMAP_L4_SM_gph_20210521T133000_Vv8010_001_subsetted_regridded.nc4
/mnt/AizatDrive/smap_malaysia_subset_v8/2021/139872140_SMAP_L4_SM_gph_20210527T163000_Vv8010_001_subsetted_regridded.nc4
/mnt/AizatDrive/smap_malaysia_subset_v8/2021/139872282_SMAP_L4_SM_gph_20210601T163000_Vv8010_001_subsetted_regridded.nc4
/mnt/AizatDrive/smap_malaysia_subset_v8/2021/139872075_SMAP_L4_SM_gph_20210519T043000_Vv8010_001_subsetted_regridded.nc4
/mnt/AizatDrive/smap_malaysia_subset_v8/2021/139872300_SMAP_L4_SM_gph_20210527T043000_Vv8010_001_subsetted_regridded.nc4
/mnt/AizatDrive/smap_malaysia_subset_v8/2021/139872283_SMAP_L4_SM_gph_20210528T223000_Vv8010_001_subsetted_regridded.nc4
/mnt/AizatDrive/smap_malaysia_subset_v8/2021/139872291_SMAP_L4_SM_gph_20210528T013000_Vv8010_001_subsetted_regridded.nc4
/mnt/AizatDrive/smap_malaysia_subset_v8/2021/139872056_SMAP_L4_SM_gph_20210522T043000_Vv8010_001_subsetted_regridded.nc4
/mnt/AizatDrive/smap_malaysia_subset_v8/2021/139872286_SMAP_L4_SM_gph_20210526T133000_Vv8010_001_subsetted_regridded.nc4
/mnt/AizatDrive/smap_malaysia_subset_v8/2021/139872005_SMAP_L4_SM_gph_20210524T193000_Vv8010_001_subsetted_regridded.nc4
/mnt/AizatDrive/smap_malaysia_subset_v8/2021/139872076_SMAP_L4_SM_gph_20210522T073000_Vv8010_001_subsetted_regridded.nc4
/mnt/AizatDrive/smap_malaysia_subset_v8/2021/139872078_SMAP_L4_SM_gph_20210521T103000_Vv8010_001_subsetted_regridded.nc4
/mnt/AizatDrive/smap_malaysia_subset_v8/2021/139872284_SMAP_L4_SM_gph_20210526T043000_Vv8010_001_subsetted_regridded.nc4
/mnt/AizatDrive/smap_malaysia_subset_v8/2021/139872016_SMAP_L4_SM_gph_20210519T073000_Vv8010_001_subsetted_regridded.nc4
/mnt/AizatDrive/smap_malaysia_subset_v8/2021/139872006_SMAP_L4_SM_gph_20210521T163000_Vv8010_001_subsetted_regridded.nc4
/mnt/AizatDrive/smap_malaysia_subset_v8/2021/139872095_SMAP_L4_SM_gph_20210524T043000_Vv8010_001_subsetted_regridded.nc4
/mnt/AizatDrive/smap_malaysia_subset_v8/2021/139872004_SMAP_L4_SM_gph_20210520T043000_Vv8010_001_subsetted_regridded.nc4
/mnt/AizatDrive/smap_malaysia_subset_v8/2021/139872285_SMAP_L4_SM_gph_20210601T103000_Vv8010_001_subsetted_regridded.nc4
/mnt/AizatDrive/smap_malaysia_subset_v8/2021/139872301_SMAP_L4_SM_gph_20210528T073000_Vv8010_001_subsetted_regridded.nc4
/mnt/AizatDrive/smap_malaysia_subset_v8/2021/139872017_SMAP_L4_SM_gph_20210520T163000_Vv8010_001_subsetted_regridded.nc4
/mnt/AizatDrive/smap_malaysia_subset_v8/2021/139872080_SMAP_L4_SM_gph_20210522T133000_Vv8010_001_subsetted_regridded.nc4
/mnt/AizatDrive/smap_malaysia_subset_v8/2021/139872303_SMAP_L4_SM_gph_20210526T073000_Vv8010_001_subsetted_regridded.nc4
/mnt/AizatDrive/smap_malaysia_subset_v8/2021/139872292_SMAP_L4_SM_gph_20210524T163000_Vv8010_001_subsetted_regridded.nc4
/mnt/AizatDrive/smap_malaysia_subset_v8/2021/139872287_SMAP_L4_SM_gph_20210602T073000_Vv8010_001_subsetted_regridded.nc4
/mnt/AizatDrive/smap_malaysia_subset_v8/2021/139872294_SMAP_L4_SM_gph_20210528T103000_Vv8010_001_subsetted_regridded.nc4
/mnt/AizatDrive/smap_malaysia_subset_v8/2021/139872018_SMAP_L4_SM_gph_20210522T223000_Vv8010_001_subsetted_regridded.nc4
/mnt/AizatDrive/smap_malaysia_subset_v8/2021/139872288_SMAP_L4_SM_gph_20210527T133000_Vv8010_001_subsetted_regridded.nc4
/mnt/AizatDrive/smap_malaysia_subset_v8/2021/139872102_SMAP_L4_SM_gph_20210526T013000_Vv8010_001_subsetted_regridded.nc4
/mnt/AizatDrive/smap_malaysia_subset_v8/2021/139872099_SMAP_L4_SM_gph_20210522T193000_Vv8010_001_subsetted_regridded.nc4
/mnt/AizatDrive/smap_malaysia_subset_v8/2021/139872100_SMAP_L4_SM_gph_20210524T013000_Vv8010_001_subsetted_regridded.nc4
/mnt/AizatDrive/smap_malaysia_subset_v8/2021/139872304_SMAP_L4_SM_gph_20210603T073000_Vv8010_001_subsetted_regridded.nc4
/mnt/AizatDrive/smap_malaysia_subset_v8/2021/139872289_SMAP_L4_SM_gph_20210527T193000_Vv8010_001_subsetted_regridded.nc4
/mnt/AizatDrive/smap_malaysia_subset_v8/2021/139872097_SMAP_L4_SM_gph_20210520T103000_Vv8010_001_subsetted_regridded.nc4
/mnt/AizatDrive/smap_malaysia_subset_v8/2021/139872305_SMAP_L4_SM_gph_20210525T043000_Vv8010_001_subsetted_regridded.nc4
/mnt/AizatDrive/smap_malaysia_subset_v8/2021/139872293_SMAP_L4_SM_gph_20210602T193000_Vv8010_001_subsetted_regridded.nc4
/mnt/AizatDrive/smap_malaysia_subset_v8/2021/139872295_SMAP_L4_SM_gph_20210530T013000_Vv8010_001_subsetted_regridded.nc4
/mnt/AizatDrive/smap_malaysia_subset_v8/2021/139872306_SMAP_L4_SM_gph_20210602T103000_Vv8010_001_subsetted_regridded.nc4
/mnt/AizatDrive/smap_malaysia_subset_v8/2021/139872298_SMAP_L4_SM_gph_20210603T103000_Vv8010_001_subsetted_regridded.nc4
/mnt/AizatDrive/smap_malaysia_subset_v8/2021/139872323_SMAP_L4_SM_gph_20210527T073000_Vv8010_001_subsetted_regridded.nc4
/mnt/AizatDrive/smap_malaysia_subset_v8/2021/139872296_SMAP_L4_SM_gph_20210603T193000_Vv8010_001_subsetted_regridded.nc4
/mnt/AizatDrive/smap_malaysia_subset_v8/2021/139872312_SMAP_L4_SM_gph_20210527T223000_Vv8010_001_subsetted_regridded.nc4
/mnt/AizatDrive/smap_malaysia_subset_v8/2021/139872307_SMAP_L4_SM_gph_20210531T193000_Vv8010_001_subsetted_regridded.nc4
/mnt/AizatDrive/smap_malaysia_subset_v8/2021/139872314_SMAP_L4_SM_gph_20210601T223000_Vv8010_001_subsetted_regridded.nc4
/mnt/AizatDrive/smap_malaysia_subset_v8/2021/139872318_SMAP_L4_SM_gph_20210531T103000_Vv8010_001_subsetted_regridded.nc4
/mnt/AizatDrive/smap_malaysia_subset_v8/2021/139872322_SMAP_L4_SM_gph_20210602T013000_Vv8010_001_subsetted_regridded.nc4
/mnt/AizatDrive/smap_malaysia_subset_v8/2021/139872316_SMAP_L4_SM_gph_20210526T163000_Vv8010_001_subsetted_regridded.nc4
/mnt/AizatDrive/smap_malaysia_subset_v8/2021/139872310_SMAP_L4_SM_gph_20210529T133000_Vv8010_001_subsetted_regridded.nc4
/mnt/AizatDrive/smap_malaysia_subset_v8/2021/139872326_SMAP_L4_SM_gph_20210602T043000_Vv8010_001_subsetted_regridded.nc4
/mnt/AizatDrive/smap_malaysia_subset_v8/2021/139872358_SMAP_L4_SM_gph_20210601T133000_Vv8010_001_subsetted_regridded.nc4
/mnt/AizatDrive/smap_malaysia_subset_v8/2021/139872342_SMAP_L4_SM_gph_20210604T073000_Vv8010_001_subsetted_regridded.nc4
/mnt/AizatDrive/smap_malaysia_subset_v8/2021/139872359_SMAP_L4_SM_gph_20210529T013000_Vv8010_001_subsetted_regridded.nc4
/mnt/AizatDrive/smap_malaysia_subset_v8/2021/139872344_SMAP_L4_SM_gph_20210606T103000_Vv8010_001_subsetted_regridded.nc4
/mnt/AizatDrive/smap_malaysia_subset_v8/2021/139872324_SMAP_L4_SM_gph_20210530T133000_Vv8010_001_subsetted_regridded.nc4
/mnt/AizatDrive/smap_malaysia_subset_v8/2021/139872327_SMAP_L4_SM_gph_20210525T223000_Vv8010_001_subsetted_regridded.nc4
/mnt/AizatDrive/smap_malaysia_subset_v8/2021/139872343_SMAP_L4_SM_gph_20210606T133000_Vv8010_001_subsetted_regridded.nc4
/mnt/AizatDrive/smap_malaysia_subset_v8/2021/139872354_SMAP_L4_SM_gph_20210530T103000_Vv8010_001_subsetted_regridded.nc4
/mnt/AizatDrive/smap_malaysia_subset_v8/2021/139872355_SMAP_L4_SM_gph_20210530T223000_Vv8010_001_subsetted_regridded.nc4
/mnt/AizatDrive/smap_malaysia_subset_v8/2021/139872334_SMAP_L4_SM_gph_20210528T163000_Vv8010_001_subsetted_regridded.nc4
/mnt/AizatDrive/smap_malaysia_subset_v8/2021/139872333_SMAP_L4_SM_gph_20210528T193000_Vv8010_001_subsetted_regridded.nc4
/mnt/AizatDrive/smap_malaysia_subset_v8/2021/139872352_SMAP_L4_SM_gph_20210607T073000_Vv8010_001_subsetted_regridded.nc4
/mnt/AizatDrive/smap_malaysia_subset_v8/2021/139872389_SMAP_L4_SM_gph_20210530T073000_Vv8010_001_subsetted_regridded.nc4
/mnt/AizatDrive/smap_malaysia_subset_v8/2021/139872399_SMAP_L4_SM_gph_20210607T013000_Vv8010_001_subsetted_regridded.nc4
/mnt/AizatDrive/smap_malaysia_subset_v8/2021/139872357_SMAP_L4_SM_gph_20210529T043000_Vv8010_001_subsetted_regridded.nc4
/mnt/AizatDrive/smap_malaysia_subset_v8/2021/139872384_SMAP_L4_SM_gph_20210606T013000_Vv8010_001_subsetted_regridded.nc4
/mnt/AizatDrive/smap_malaysia_subset_v8/2021/139872360_SMAP_L4_SM_gph_20210603T013000_Vv8010_001_subsetted_regridded.nc4
/mnt/AizatDrive/smap_malaysia_subset_v8/2021/139872402_SMAP_L4_SM_gph_20210601T043000_Vv8010_001_subsetted_regridded.nc4
/mnt/AizatDrive/smap_malaysia_subset_v8/2021/139872401_SMAP_L4_SM_gph_20210604T163000_Vv8010_001_subsetted_regridded.nc4
/mnt/AizatDrive/smap_malaysia_subset_v8/2021/139872400_SMAP_L4_SM_gph_20210602T163000_Vv8010_001_subsetted_regridded.nc4
/mnt/AizatDrive/smap_malaysia_subset_v8/2021/139872370_SMAP_L4_SM_gph_20210531T163000_Vv8010_001_subsetted_regridded.nc4
/mnt/AizatDrive/smap_malaysia_subset_v8/2021/139872371_SMAP_L4_SM_gph_20210531T013000_Vv8010_001_subsetted_regridded.nc4
/mnt/AizatDrive/smap_malaysia_subset_v8/2021/139872372_SMAP_L4_SM_gph_20210607T133000_Vv8010_001_subsetted_regridded.nc4
/mnt/AizatDrive/smap_malaysia_subset_v8/2021/139872374_SMAP_L4_SM_gph_20210604T013000_Vv8010_001_subsetted_regridded.nc4
/mnt/AizatDrive/smap_malaysia_subset_v8/2021/139872369_SMAP_L4_SM_gph_20210531T073000_Vv8010_001_subsetted_regridded.nc4
/mnt/AizatDrive/smap_malaysia_subset_v8/2021/139872353_SMAP_L4_SM_gph_20210531T043000_Vv8010_001_subsetted_regridded.nc4
/mnt/AizatDrive/smap_malaysia_subset_v8/2021/139872346_SMAP_L4_SM_gph_20210605T223000_Vv8010_001_subsetted_regridded.nc4
/mnt/AizatDrive/smap_malaysia_subset_v8/2021/139872368_SMAP_L4_SM_gph_20210603T043000_Vv8010_001_subsetted_regridded.nc4
/mnt/AizatDrive/smap_malaysia_subset_v8/2021/139872347_SMAP_L4_SM_gph_20210530T043000_Vv8010_001_subsetted_regridded.nc4
/mnt/AizatDrive/smap_malaysia_subset_v8/2021/139872403_SMAP_L4_SM_gph_20210601T193000_Vv8010_001_subsetted_regridded.nc4
/mnt/AizatDrive/smap_malaysia_subset_v8/2021/139872345_SMAP_L4_SM_gph_20210601T013000_Vv8010_001_subsetted_regridded.nc4
/mnt/AizatDrive/smap_malaysia_subset_v8/2021/139872356_SMAP_L4_SM_gph_20210601T073000_Vv8010_001_subsetted_regridded.nc4
/mnt/AizatDrive/smap_malaysia_subset_v8/2021/139872388_SMAP_L4_SM_gph_20210531T133000_Vv8010_001_subsetted_regridded.nc4
/mnt/AizatDrive/smap_malaysia_subset_v8/2021/139872386_SMAP_L4_SM_gph_20210530T163000_Vv8010_001_subsetted_regridded.nc4
/mnt/AizatDrive/smap_malaysia_subset_v8/2021/139872411_SMAP_L4_SM_gph_20210603T133000_Vv8010_001_subsetted_regridded.nc4
/mnt/AizatDrive/smap_malaysia_subset_v8/2021/139872387_SMAP_L4_SM_gph_20210529T223000_Vv8010_001_subsetted_regridded.nc4
/mnt/AizatDrive/smap_malaysia_subset_v8/2021/139872375_SMAP_L4_SM_gph_20210529T163000_Vv8010_001_subsetted_regridded.nc4
/mnt/AizatDrive/smap_malaysia_subset_v8/2021/139872416_SMAP_L4_SM_gph_20210605T013000_Vv8010_001_subsetted_regridded.nc4
/mnt/AizatDrive/smap_malaysia_subset_v8/2021/139872373_SMAP_L4_SM_gph_20210602T223000_Vv8010_001_subsetted_regridded.nc4
/mnt/AizatDrive/smap_malaysia_subset_v8/2021/139872385_SMAP_L4_SM_gph_20210606T223000_Vv8010_001_subsetted_regridded.nc4
/mnt/AizatDrive/smap_malaysia_subset_v8/2021/139872412_SMAP_L4_SM_gph_20210602T133000_Vv8010_001_subsetted_regridded.nc4
/mnt/AizatDrive/smap_malaysia_subset_v8/2021/139872424_SMAP_L4_SM_gph_20210606T043000_Vv8010_001_subsetted_regridded.nc4
/mnt/AizatDrive/smap_malaysia_subset_v8/2021/139872414_SMAP_L4_SM_gph_20210607T043000_Vv8010_001_subsetted_regridded.nc4
/mnt/AizatDrive/smap_malaysia_subset_v8/2021/139872419_SMAP_L4_SM_gph_20210605T073000_Vv8010_001_subsetted_regridded.nc4
/mnt/AizatDrive/smap_malaysia_subset_v8/2021/139872423_SMAP_L4_SM_gph_20210604T223000_Vv8010_001_subsetted_regridded.nc4
/mnt/AizatDrive/smap_malaysia_subset_v8/2021/139872404_SMAP_L4_SM_gph_20210606T163000_Vv8010_001_subsetted_regridded.nc4
/mnt/AizatDrive/smap_malaysia_subset_v8/2021/139872426_SMAP_L4_SM_gph_20210605T043000_Vv8010_001_subsetted_regridded.nc4
/mnt/AizatDrive/smap_malaysia_subset_v8/2021/139872417_SMAP_L4_SM_gph_20210603T223000_Vv8010_001_subsetted_regridded.nc4
/mnt/AizatDrive/smap_malaysia_subset_v8/2021/139872425_SMAP_L4_SM_gph_20210603T163000_Vv8010_001_subsetted_regridded.nc4
/mnt/AizatDrive/smap_malaysia_subset_v8/2021/139872444_SMAP_L4_SM_gph_20210605T133000_Vv8010_001_subsetted_regridded.nc4
/mnt/AizatDrive/smap_malaysia_subset_v8/2021/139872432_SMAP_L4_SM_gph_20210610T163000_Vv8010_001_subsetted_regridded.nc4
/mnt/AizatDrive/smap_malaysia_subset_v8/2021/139872449_SMAP_L4_SM_gph_20210606T193000_Vv8010_001_subsetted_regridded.nc4
/mnt/AizatDrive/smap_malaysia_subset_v8/2021/139872450_SMAP_L4_SM_gph_20210604T193000_Vv8010_001_subsetted_regridded.nc4
/mnt/AizatDrive/smap_malaysia_subset_v8/2021/139872455_SMAP_L4_SM_gph_20210607T223000_Vv8010_001_subsetted_regridded.nc4
/mnt/AizatDrive/smap_malaysia_subset_v8/2021/139872452_SMAP_L4_SM_gph_20210605T103000_Vv8010_001_subsetted_regridded.nc4
/mnt/AizatDrive/smap_malaysia_subset_v8/2021/139872445_SMAP_L4_SM_gph_20210605T163000_Vv8010_001_subsetted_regridded.nc4
/mnt/AizatDrive/smap_malaysia_subset_v8/2021/139872428_SMAP_L4_SM_gph_20210604T043000_Vv8010_001_subsetted_regridded.nc4
/mnt/AizatDrive/smap_malaysia_subset_v8/2021/139872430_SMAP_L4_SM_gph_20210607T193000_Vv8010_001_subsetted_regridded.nc4
/mnt/AizatDrive/smap_malaysia_subset_v8/2021/139872446_SMAP_L4_SM_gph_20210605T193000_Vv8010_001_subsetted_regridded.nc4
/mnt/AizatDrive/smap_malaysia_subset_v8/2021/139872427_SMAP_L4_SM_gph_20210608T073000_Vv8010_001_subsetted_regridded.nc4
/mnt/AizatDrive/smap_malaysia_subset_v8/2021/139872433_SMAP_L4_SM_gph_20210604T103000_Vv8010_001_subsetted_regridded.nc4
/mnt/AizatDrive/smap_malaysia_subset_v8/2021/139872666_SMAP_L4_SM_gph_20210610T133000_Vv8010_001_subsetted_regridded.nc4
/mnt/AizatDrive/smap_malaysia_subset_v8/2021/139872447_SMAP_L4_SM_gph_20210606T073000_Vv8010_001_subsetted_regridded.nc4
/mnt/AizatDrive/smap_malaysia_subset_v8/2021/139872678_SMAP_L4_SM_gph_20210612T163000_Vv8010_001_subsetted_regridded.nc4
/mnt/AizatDrive/smap_malaysia_subset_v8/2021/139872706_SMAP_L4_SM_gph_20210611T013000_Vv8010_001_subsetted_regridded.nc4
/mnt/AizatDrive/smap_malaysia_subset_v8/2021/139872456_SMAP_L4_SM_gph_20210604T133000_Vv8010_001_subsetted_regridded.nc4
/mnt/AizatDrive/smap_malaysia_subset_v8/2021/139872457_SMAP_L4_SM_gph_20210607T163000_Vv8010_001_subsetted_regridded.nc4
/mnt/AizatDrive/smap_malaysia_subset_v8/2021/139872471_SMAP_L4_SM_gph_20210609T223000_Vv8010_001_subsetted_regridded.nc4
/mnt/AizatDrive/smap_malaysia_subset_v8/2021/139872472_SMAP_L4_SM_gph_20210608T043000_Vv8010_001_subsetted_regridded.nc4
/mnt/AizatDrive/smap_malaysia_subset_v8/2021/139872474_SMAP_L4_SM_gph_20210610T073000_Vv8010_001_subsetted_regridded.nc4
/mnt/AizatDrive/smap_malaysia_subset_v8/2021/139872694_SMAP_L4_SM_gph_20210613T073000_Vv8010_001_subsetted_regridded.nc4
/mnt/AizatDrive/smap_malaysia_subset_v8/2021/139872708_SMAP_L4_SM_gph_20210613T103000_Vv8010_001_subsetted_regridded.nc4
/mnt/AizatDrive/smap_malaysia_subset_v8/2021/139872664_SMAP_L4_SM_gph_20210609T013000_Vv8010_001_subsetted_regridded.nc4
/mnt/AizatDrive/smap_malaysia_subset_v8/2021/139872648_SMAP_L4_SM_gph_20210609T193000_Vv8010_001_subsetted_regridded.nc4
/mnt/AizatDrive/smap_malaysia_subset_v8/2021/139872691_SMAP_L4_SM_gph_20210608T163000_Vv8010_001_subsetted_regridded.nc4
/mnt/AizatDrive/smap_malaysia_subset_v8/2021/139872676_SMAP_L4_SM_gph_20210608T223000_Vv8010_001_subsetted_regridded.nc4
/mnt/AizatDrive/smap_malaysia_subset_v8/2021/139872491_SMAP_L4_SM_gph_20210607T103000_Vv8010_001_subsetted_regridded.nc4
/mnt/AizatDrive/smap_malaysia_subset_v8/2021/139872692_SMAP_L4_SM_gph_20210612T013000_Vv8010_001_subsetted_regridded.nc4
/mnt/AizatDrive/smap_malaysia_subset_v8/2021/139872658_SMAP_L4_SM_gph_20210609T133000_Vv8010_001_subsetted_regridded.nc4
/mnt/AizatDrive/smap_malaysia_subset_v8/2021/139872705_SMAP_L4_SM_gph_20210612T103000_Vv8010_001_subsetted_regridded.nc4
/mnt/AizatDrive/smap_malaysia_subset_v8/2021/139872473_SMAP_L4_SM_gph_20210608T013000_Vv8010_001_subsetted_regridded.nc4
/mnt/AizatDrive/smap_malaysia_subset_v8/2021/139872660_SMAP_L4_SM_gph_20210609T073000_Vv8010_001_subsetted_regridded.nc4
/mnt/AizatDrive/smap_malaysia_subset_v8/2021/139872709_SMAP_L4_SM_gph_20210611T073000_Vv8010_001_subsetted_regridded.nc4
/mnt/AizatDrive/smap_malaysia_subset_v8/2021/139872668_SMAP_L4_SM_gph_20210612T043000_Vv8010_001_subsetted_regridded.nc4
/mnt/AizatDrive/smap_malaysia_subset_v8/2021/139872669_SMAP_L4_SM_gph_20210609T103000_Vv8010_001_subsetted_regridded.nc4
/mnt/AizatDrive/smap_malaysia_subset_v8/2021/139872670_SMAP_L4_SM_gph_20210610T013000_Vv8010_001_subsetted_regridded.nc4
/mnt/AizatDrive/smap_malaysia_subset_v8/2021/139872677_SMAP_L4_SM_gph_20210612T223000_Vv8010_001_subsetted_regridded.nc4
/mnt/AizatDrive/smap_malaysia_subset_v8/2021/139872739_SMAP_L4_SM_gph_20210609T163000_Vv8010_001_subsetted_regridded.nc4
/mnt/AizatDrive/smap_malaysia_subset_v8/2021/139872671_SMAP_L4_SM_gph_20210610T223000_Vv8010_001_subsetted_regridded.nc4
/mnt/AizatDrive/smap_malaysia_subset_v8/2021/139872693_SMAP_L4_SM_gph_20210609T043000_Vv8010_001_subsetted_regridded.nc4
/mnt/AizatDrive/smap_malaysia_subset_v8/2021/139872726_SMAP_L4_SM_gph_20210611T223000_Vv8010_001_subsetted_regridded.nc4
/mnt/AizatDrive/smap_malaysia_subset_v8/2021/139872707_SMAP_L4_SM_gph_20210613T043000_Vv8010_001_subsetted_regridded.nc4
/mnt/AizatDrive/smap_malaysia_subset_v8/2021/139872695_SMAP_L4_SM_gph_20210610T103000_Vv8010_001_subsetted_regridded.nc4
/mnt/AizatDrive/smap_malaysia_subset_v8/2021/139872741_SMAP_L4_SM_gph_20210612T193000_Vv8010_001_subsetted_regridded.nc4
/mnt/AizatDrive/smap_malaysia_subset_v8/2021/139872728_SMAP_L4_SM_gph_20210608T193000_Vv8010_001_subsetted_regridded.nc4
/mnt/AizatDrive/smap_malaysia_subset_v8/2021/139872704_SMAP_L4_SM_gph_20210611T133000_Vv8010_001_subsetted_regridded.nc4
/mnt/AizatDrive/smap_malaysia_subset_v8/2021/139872730_SMAP_L4_SM_gph_20210611T163000_Vv8010_001_subsetted_regridded.nc4
/mnt/AizatDrive/smap_malaysia_subset_v8/2021/139872740_SMAP_L4_SM_gph_20210614T043000_Vv8010_001_subsetted_regridded.nc4
/mnt/AizatDrive/smap_malaysia_subset_v8/2021/139872722_SMAP_L4_SM_gph_20210619T013000_Vv8010_001_subsetted_regridded.nc4
/mnt/AizatDrive/smap_malaysia_subset_v8/2021/139872743_SMAP_L4_SM_gph_20210613T133000_Vv8010_001_subsetted_regridded.nc4
/mnt/AizatDrive/smap_malaysia_subset_v8/2021/139872723_SMAP_L4_SM_gph_20210615T133000_Vv8010_001_subsetted_regridded.nc4
/mnt/AizatDrive/smap_malaysia_subset_v8/2021/139872724_SMAP_L4_SM_gph_20210610T193000_Vv8010_001_subsetted_regridded.nc4
/mnt/AizatDrive/smap_malaysia_subset_v8/2021/139872725_SMAP_L4_SM_gph_20210612T133000_Vv8010_001_subsetted_regridded.nc4
/mnt/AizatDrive/smap_malaysia_subset_v8/2021/139872738_SMAP_L4_SM_gph_20210613T013000_Vv8010_001_subsetted_regridded.nc4
/mnt/AizatDrive/smap_malaysia_subset_v8/2021/139872744_SMAP_L4_SM_gph_20210611T193000_Vv8010_001_subsetted_regridded.nc4
/mnt/AizatDrive/smap_malaysia_subset_v8/2021/139872798_SMAP_L4_SM_gph_20210608T103000_Vv8010_001_subsetted_regridded.nc4
/mnt/AizatDrive/smap_malaysia_subset_v8/2021/139872797_SMAP_L4_SM_gph_20210617T013000_Vv8010_001_subsetted_regridded.nc4
/mnt/AizatDrive/smap_malaysia_subset_v8/2021/139872787_SMAP_L4_SM_gph_20210613T223000_Vv8010_001_subsetted_regridded.nc4
/mnt/AizatDrive/smap_malaysia_subset_v8/2021/139872793_SMAP_L4_SM_gph_20210616T013000_Vv8010_001_subsetted_regridded.nc4
/mnt/AizatDrive/smap_malaysia_subset_v8/2021/139872813_SMAP_L4_SM_gph_20210615T163000_Vv8010_001_subsetted_regridded.nc4
/mnt/AizatDrive/smap_malaysia_subset_v8/2021/139872814_SMAP_L4_SM_gph_20210614T103000_Vv8010_001_subsetted_regridded.nc4
/mnt/AizatDrive/smap_malaysia_subset_v8/2021/139872907_SMAP_L4_SM_gph_20210615T193000_Vv8010_001_subsetted_regridded.nc4
/mnt/AizatDrive/smap_malaysia_subset_v8/2021/139872892_SMAP_L4_SM_gph_20210621T013000_Vv8010_001_subsetted_regridded.nc4
/mnt/AizatDrive/smap_malaysia_subset_v8/2021/139872795_SMAP_L4_SM_gph_20210611T043000_Vv8010_001_subsetted_regridded.nc4
/mnt/AizatDrive/smap_malaysia_subset_v8/2021/139872815_SMAP_L4_SM_gph_20210614T163000_Vv8010_001_subsetted_regridded.nc4
/mnt/AizatDrive/smap_malaysia_subset_v8/2021/139872821_SMAP_L4_SM_gph_20210615T043000_Vv8010_001_subsetted_regridded.nc4
/mnt/AizatDrive/smap_malaysia_subset_v8/2021/139872875_SMAP_L4_SM_gph_20210621T163000_Vv8010_001_subsetted_regridded.nc4
/mnt/AizatDrive/smap_malaysia_subset_v8/2021/139872890_SMAP_L4_SM_gph_20210621T043000_Vv8010_001_subsetted_regridded.nc4
/mnt/AizatDrive/smap_malaysia_subset_v8/2021/139872891_SMAP_L4_SM_gph_20210620T223000_Vv8010_001_subsetted_regridded.nc4
/mnt/AizatDrive/smap_malaysia_subset_v8/2021/139872903_SMAP_L4_SM_gph_20210618T013000_Vv8010_001_subsetted_regridded.nc4
/mnt/AizatDrive/smap_malaysia_subset_v8/2021/139872889_SMAP_L4_SM_gph_20210617T073000_Vv8010_001_subsetted_regridded.nc4
/mnt/AizatDrive/smap_malaysia_subset_v8/2021/139872880_SMAP_L4_SM_gph_20210614T193000_Vv8010_001_subsetted_regridded.nc4
/mnt/AizatDrive/smap_malaysia_subset_v8/2021/139872881_SMAP_L4_SM_gph_20210614T133000_Vv8010_001_subsetted_regridded.nc4
/mnt/AizatDrive/smap_malaysia_subset_v8/2021/139872905_SMAP_L4_SM_gph_20210615T223000_Vv8010_001_subsetted_regridded.nc4
/mnt/AizatDrive/smap_malaysia_subset_v8/2021/139872906_SMAP_L4_SM_gph_20210619T103000_Vv8010_001_subsetted_regridded.nc4
/mnt/AizatDrive/smap_malaysia_subset_v8/2021/139872908_SMAP_L4_SM_gph_20210614T013000_Vv8010_001_subsetted_regridded.nc4
/mnt/AizatDrive/smap_malaysia_subset_v8/2021/139872893_SMAP_L4_SM_gph_20210620T133000_Vv8010_001_subsetted_regridded.nc4
/mnt/AizatDrive/smap_malaysia_subset_v8/2021/139872904_SMAP_L4_SM_gph_20210616T193000_Vv8010_001_subsetted_regridded.nc4
/mnt/AizatDrive/smap_malaysia_subset_v8/2021/139872916_SMAP_L4_SM_gph_20210618T163000_Vv8010_001_subsetted_regridded.nc4
/mnt/AizatDrive/smap_malaysia_subset_v8/2021/139872760_SMAP_L4_SM_gph_20210608T133000_Vv8010_001_subsetted_regridded.nc4
/mnt/AizatDrive/smap_malaysia_subset_v8/2021/139872785_SMAP_L4_SM_gph_20210612T073000_Vv8010_001_subsetted_regridded.nc4
/mnt/AizatDrive/smap_malaysia_subset_v8/2021/139872759_SMAP_L4_SM_gph_20210611T103000_Vv8010_001_subsetted_regridded.nc4
/mnt/AizatDrive/smap_malaysia_subset_v8/2021/139872783_SMAP_L4_SM_gph_20210613T163000_Vv8010_001_subsetted_regridded.nc4
/mnt/AizatDrive/smap_malaysia_subset_v8/2021/139872781_SMAP_L4_SM_gph_20210616T223000_Vv8010_001_subsetted_regridded.nc4
/mnt/AizatDrive/smap_malaysia_subset_v8/2021/139872762_SMAP_L4_SM_gph_20210620T193000_Vv8010_001_subsetted_regridded.nc4
/mnt/AizatDrive/smap_malaysia_subset_v8/2021/139872788_SMAP_L4_SM_gph_20210614T073000_Vv8010_001_subsetted_regridded.nc4
/mnt/AizatDrive/smap_malaysia_subset_v8/2021/139872921_SMAP_L4_SM_gph_20210616T073000_Vv8010_001_subsetted_regridded.nc4
/mnt/AizatDrive/smap_malaysia_subset_v8/2021/139872799_SMAP_L4_SM_gph_20210618T073000_Vv8010_001_subsetted_regridded.nc4
/mnt/AizatDrive/smap_malaysia_subset_v8/2021/139872800_SMAP_L4_SM_gph_20210610T043000_Vv8010_001_subsetted_regridded.nc4
/mnt/AizatDrive/smap_malaysia_subset_v8/2021/139872824_SMAP_L4_SM_gph_20210613T193000_Vv8010_001_subsetted_regridded.nc4
/mnt/AizatDrive/smap_malaysia_subset_v8/2021/139872874_SMAP_L4_SM_gph_20210619T073000_Vv8010_001_subsetted_regridded.nc4
/mnt/AizatDrive/smap_malaysia_subset_v8/2021/139872919_SMAP_L4_SM_gph_20210617T223000_Vv8010_001_subsetted_regridded.nc4
/mnt/AizatDrive/smap_malaysia_subset_v8/2021/139872922_SMAP_L4_SM_gph_20210618T193000_Vv8010_001_subsetted_regridded.nc4
/mnt/AizatDrive/smap_malaysia_subset_v8/2021/139872888_SMAP_L4_SM_gph_20210619T223000_Vv8010_001_subsetted_regridded.nc4
/mnt/AizatDrive/smap_malaysia_subset_v8/2021/139872823_SMAP_L4_SM_gph_20210615T103000_Vv8010_001_subsetted_regridded.nc4
/mnt/AizatDrive/smap_malaysia_subset_v8/2021/139872839_SMAP_L4_SM_gph_20210616T163000_Vv8010_001_subsetted_regridded.nc4
/mnt/AizatDrive/smap_malaysia_subset_v8/2021/139872864_SMAP_L4_SM_gph_20210614T223000_Vv8010_001_subsetted_regridded.nc4
/mnt/AizatDrive/smap_malaysia_subset_v8/2021/139872865_SMAP_L4_SM_gph_20210616T043000_Vv8010_001_subsetted_regridded.nc4
/mnt/AizatDrive/smap_malaysia_subset_v8/2021/139872882_SMAP_L4_SM_gph_20210616T103000_Vv8010_001_subsetted_regridded.nc4
/mnt/AizatDrive/smap_malaysia_subset_v8/2021/139872939_SMAP_L4_SM_gph_20210622T073000_Vv8010_001_subsetted_regridded.nc4
/mnt/AizatDrive/smap_malaysia_subset_v8/2021/139872938_SMAP_L4_SM_gph_20210615T013000_Vv8010_001_subsetted_regridded.nc4
/mnt/AizatDrive/smap_malaysia_subset_v8/2021/139872941_SMAP_L4_SM_gph_20210620T103000_Vv8010_001_subsetted_regridded.nc4
/mnt/AizatDrive/smap_malaysia_subset_v8/2021/139872971_SMAP_L4_SM_gph_20210621T223000_Vv8010_001_subsetted_regridded.nc4
/mnt/AizatDrive/smap_malaysia_subset_v8/2021/139872942_SMAP_L4_SM_gph_20210616T133000_Vv8010_001_subsetted_regridded.nc4
/mnt/AizatDrive/smap_malaysia_subset_v8/2021/139872926_SMAP_L4_SM_gph_20210617T133000_Vv8010_001_subsetted_regridded.nc4
/mnt/AizatDrive/smap_malaysia_subset_v8/2021/139872947_SMAP_L4_SM_gph_20210620T013000_Vv8010_001_subsetted_regridded.nc4
/mnt/AizatDrive/smap_malaysia_subset_v8/2021/139872924_SMAP_L4_SM_gph_20210622T013000_Vv8010_001_subsetted_regridded.nc4
/mnt/AizatDrive/smap_malaysia_subset_v8/2021/139872925_SMAP_L4_SM_gph_20210619T043000_Vv8010_001_subsetted_regridded.nc4
/mnt/AizatDrive/smap_malaysia_subset_v8/2021/139872927_SMAP_L4_SM_gph_20210617T043000_Vv8010_001_subsetted_regridded.nc4
/mnt/AizatDrive/smap_malaysia_subset_v8/2021/139872945_SMAP_L4_SM_gph_20210619T193000_Vv8010_001_subsetted_regridded.nc4
/mnt/AizatDrive/smap_malaysia_subset_v8/2021/139872923_SMAP_L4_SM_gph_20210621T193000_Vv8010_001_subsetted_regridded.nc4
/mnt/AizatDrive/smap_malaysia_subset_v8/2021/139872950_SMAP_L4_SM_gph_20210622T043000_Vv8010_001_subsetted_regridded.nc4
/mnt/AizatDrive/smap_malaysia_subset_v8/2021/139872952_SMAP_L4_SM_gph_20210619T163000_Vv8010_001_subsetted_regridded.nc4
/mnt/AizatDrive/smap_malaysia_subset_v8/2021/139872949_SMAP_L4_SM_gph_20210618T133000_Vv8010_001_subsetted_regridded.nc4
/mnt/AizatDrive/smap_malaysia_subset_v8/2021/139873402_SMAP_L4_SM_gph_20210630T103000_Vv8010_001_subsetted_regridded.nc4
/mnt/AizatDrive/smap_malaysia_subset_v8/2021/139872974_SMAP_L4_SM_gph_20210621T073000_Vv8010_001_subsetted_regridded.nc4
/mnt/AizatDrive/smap_malaysia_subset_v8/2021/139873400_SMAP_L4_SM_gph_20210626T043000_Vv8010_001_subsetted_regridded.nc4
/mnt/AizatDrive/smap_malaysia_subset_v8/2021/139872975_SMAP_L4_SM_gph_20210620T163000_Vv8010_001_subsetted_regridded.nc4
/mnt/AizatDrive/smap_malaysia_subset_v8/2021/139873406_SMAP_L4_SM_gph_20210628T163000_Vv8010_001_subsetted_regridded.nc4
/mnt/AizatDrive/smap_malaysia_subset_v8/2021/139872963_SMAP_L4_SM_gph_20210618T103000_Vv8010_001_subsetted_regridded.nc4
/mnt/AizatDrive/smap_malaysia_subset_v8/2021/139873404_SMAP_L4_SM_gph_20210622T223000_Vv8010_001_subsetted_regridded.nc4
/mnt/AizatDrive/smap_malaysia_subset_v8/2021/139872976_SMAP_L4_SM_gph_20210617T193000_Vv8010_001_subsetted_regridded.nc4
/mnt/AizatDrive/smap_malaysia_subset_v8/2021/139873405_SMAP_L4_SM_gph_20210622T163000_Vv8010_001_subsetted_regridded.nc4
/mnt/AizatDrive/smap_malaysia_subset_v8/2021/139872968_SMAP_L4_SM_gph_20210617T103000_Vv8010_001_subsetted_regridded.nc4
/mnt/AizatDrive/smap_malaysia_subset_v8/2021/139872973_SMAP_L4_SM_gph_20210615T073000_Vv8010_001_subsetted_regridded.nc4
/mnt/AizatDrive/smap_malaysia_subset_v8/2021/139872960_SMAP_L4_SM_gph_20210618T223000_Vv8010_001_subsetted_regridded.nc4
/mnt/AizatDrive/smap_malaysia_subset_v8/2021/139872966_SMAP_L4_SM_gph_20210619T133000_Vv8010_001_subsetted_regridded.nc4
/mnt/AizatDrive/smap_malaysia_subset_v8/2021/139873403_SMAP_L4_SM_gph_20210624T223000_Vv8010_001_subsetted_regridded.nc4
/mnt/AizatDrive/smap_malaysia_subset_v8/2021/139872961_SMAP_L4_SM_gph_20210618T043000_Vv8010_001_subsetted_regridded.nc4
/mnt/AizatDrive/smap_malaysia_subset_v8/2021/139873011_SMAP_L4_SM_gph_20210621T103000_Vv8010_001_subsetted_regridded.nc4
/mnt/AizatDrive/smap_malaysia_subset_v8/2021/139873005_SMAP_L4_SM_gph_20210621T133000_Vv8010_001_subsetted_regridded.nc4
/mnt/AizatDrive/smap_malaysia_subset_v8/2021/139873320_SMAP_L4_SM_gph_20210625T043000_Vv8010_001_subsetted_regridded.nc4
/mnt/AizatDrive/smap_malaysia_subset_v8/2021/139872980_SMAP_L4_SM_gph_20210617T163000_Vv8010_001_subsetted_regridded.nc4
/mnt/AizatDrive/smap_malaysia_subset_v8/2021/139873349_SMAP_L4_SM_gph_20210628T013000_Vv8010_001_subsetted_regridded.nc4
/mnt/AizatDrive/smap_malaysia_subset_v8/2021/139873001_SMAP_L4_SM_gph_20210620T073000_Vv8010_001_subsetted_regridded.nc4
/mnt/AizatDrive/smap_malaysia_subset_v8/2021/139873319_SMAP_L4_SM_gph_20210623T043000_Vv8010_001_subsetted_regridded.nc4
/mnt/AizatDrive/smap_malaysia_subset_v8/2021/139873323_SMAP_L4_SM_gph_20210624T043000_Vv8010_001_subsetted_regridded.nc4
/mnt/AizatDrive/smap_malaysia_subset_v8/2021/139873326_SMAP_L4_SM_gph_20210623T223000_Vv8010_001_subsetted_regridded.nc4
/mnt/AizatDrive/smap_malaysia_subset_v8/2021/139873324_SMAP_L4_SM_gph_20210623T073000_Vv8010_001_subsetted_regridded.nc4
/mnt/AizatDrive/smap_malaysia_subset_v8/2021/139873003_SMAP_L4_SM_gph_20210620T043000_Vv8010_001_subsetted_regridded.nc4
/mnt/AizatDrive/smap_malaysia_subset_v8/2021/139873361_SMAP_L4_SM_gph_20210624T103000_Vv8010_001_subsetted_regridded.nc4
/mnt/AizatDrive/smap_malaysia_subset_v8/2021/139873366_SMAP_L4_SM_gph_20210624T163000_Vv8010_001_subsetted_regridded.nc4
/mnt/AizatDrive/smap_malaysia_subset_v8/2021/139873338_SMAP_L4_SM_gph_20210622T193000_Vv8010_001_subsetted_regridded.nc4
/mnt/AizatDrive/smap_malaysia_subset_v8/2021/139873367_SMAP_L4_SM_gph_20210627T043000_Vv8010_001_subsetted_regridded.nc4
/mnt/AizatDrive/smap_malaysia_subset_v8/2021/139873368_SMAP_L4_SM_gph_20210623T013000_Vv8010_001_subsetted_regridded.nc4
/mnt/AizatDrive/smap_malaysia_subset_v8/2021/139873340_SMAP_L4_SM_gph_20210629T103000_Vv8010_001_subsetted_regridded.nc4
/mnt/AizatDrive/smap_malaysia_subset_v8/2021/139873341_SMAP_L4_SM_gph_20210628T193000_Vv8010_001_subsetted_regridded.nc4
/mnt/AizatDrive/smap_malaysia_subset_v8/2021/139873339_SMAP_L4_SM_gph_20210625T223000_Vv8010_001_subsetted_regridded.nc4
/mnt/AizatDrive/smap_malaysia_subset_v8/2021/139873329_SMAP_L4_SM_gph_20210622T133000_Vv8010_001_subsetted_regridded.nc4
/mnt/AizatDrive/smap_malaysia_subset_v8/2021/139873346_SMAP_L4_SM_gph_20210626T223000_Vv8010_001_subsetted_regridded.nc4
/mnt/AizatDrive/smap_malaysia_subset_v8/2021/139873347_SMAP_L4_SM_gph_20210628T043000_Vv8010_001_subsetted_regridded.nc4
/mnt/AizatDrive/smap_malaysia_subset_v8/2021/139873350_SMAP_L4_SM_gph_20210626T073000_Vv8010_001_subsetted_regridded.nc4
/mnt/AizatDrive/smap_malaysia_subset_v8/2021/139873330_SMAP_L4_SM_gph_20210626T103000_Vv8010_001_subsetted_regridded.nc4
/mnt/AizatDrive/smap_malaysia_subset_v8/2021/139873369_SMAP_L4_SM_gph_20210624T013000_Vv8010_001_subsetted_regridded.nc4
/mnt/AizatDrive/smap_malaysia_subset_v8/2021/139873348_SMAP_L4_SM_gph_20210625T163000_Vv8010_001_subsetted_regridded.nc4
/mnt/AizatDrive/smap_malaysia_subset_v8/2021/139873332_SMAP_L4_SM_gph_20210624T133000_Vv8010_001_subsetted_regridded.nc4
/mnt/AizatDrive/smap_malaysia_subset_v8/2021/139873351_SMAP_L4_SM_gph_20210625T133000_Vv8010_001_subsetted_regridded.nc4
/mnt/AizatDrive/smap_malaysia_subset_v8/2021/139873331_SMAP_L4_SM_gph_20210623T103000_Vv8010_001_subsetted_regridded.nc4
/mnt/AizatDrive/smap_malaysia_subset_v8/2021/139873353_SMAP_L4_SM_gph_20210625T103000_Vv8010_001_subsetted_regridded.nc4
/mnt/AizatDrive/smap_malaysia_subset_v8/2021/139873335_SMAP_L4_SM_gph_20210625T073000_Vv8010_001_subsetted_regridded.nc4
/mnt/AizatDrive/smap_malaysia_subset_v8/2021/139873352_SMAP_L4_SM_gph_20210627T013000_Vv8010_001_subsetted_regridded.nc4
/mnt/AizatDrive/smap_malaysia_subset_v8/2021/139873359_SMAP_L4_SM_gph_20210626T013000_Vv8010_001_subsetted_regridded.nc4
/mnt/AizatDrive/smap_malaysia_subset_v8/2021/139873363_SMAP_L4_SM_gph_20210622T103000_Vv8010_001_subsetted_regridded.nc4
/mnt/AizatDrive/smap_malaysia_subset_v8/2021/139873370_SMAP_L4_SM_gph_20210624T073000_Vv8010_001_subsetted_regridded.nc4
/mnt/AizatDrive/smap_malaysia_subset_v8/2021/139873334_SMAP_L4_SM_gph_20210626T193000_Vv8010_001_subsetted_regridded.nc4
/mnt/AizatDrive/smap_malaysia_subset_v8/2021/139873336_SMAP_L4_SM_gph_20210625T013000_Vv8010_001_subsetted_regridded.nc4
/mnt/AizatDrive/smap_malaysia_subset_v8/2021/139873337_SMAP_L4_SM_gph_20210626T133000_Vv8010_001_subsetted_regridded.nc4
/mnt/AizatDrive/smap_malaysia_subset_v8/2021/139873378_SMAP_L4_SM_gph_20210623T193000_Vv8010_001_subsetted_regridded.nc4
/mnt/AizatDrive/smap_malaysia_subset_v8/2021/139873380_SMAP_L4_SM_gph_20210625T193000_Vv8010_001_subsetted_regridded.nc4
/mnt/AizatDrive/smap_malaysia_subset_v8/2021/139873382_SMAP_L4_SM_gph_20210628T223000_Vv8010_001_subsetted_regridded.nc4
/mnt/AizatDrive/smap_malaysia_subset_v8/2021/139873384_SMAP_L4_SM_gph_20210627T193000_Vv8010_001_subsetted_regridded.nc4
/mnt/AizatDrive/smap_malaysia_subset_v8/2021/139873386_SMAP_L4_SM_gph_20210628T133000_Vv8010_001_subsetted_regridded.nc4
/mnt/AizatDrive/smap_malaysia_subset_v8/2021/139873389_SMAP_L4_SM_gph_20210627T163000_Vv8010_001_subsetted_regridded.nc4
/mnt/AizatDrive/smap_malaysia_subset_v8/2021/139873397_SMAP_L4_SM_gph_20210623T133000_Vv8010_001_subsetted_regridded.nc4
/mnt/AizatDrive/smap_malaysia_subset_v8/2021/139873390_SMAP_L4_SM_gph_20210623T163000_Vv8010_001_subsetted_regridded.nc4
/mnt/AizatDrive/smap_malaysia_subset_v8/2021/139873398_SMAP_L4_SM_gph_20210624T193000_Vv8010_001_subsetted_regridded.nc4
/mnt/AizatDrive/smap_malaysia_subset_v8/2021/139873388_SMAP_L4_SM_gph_20210627T103000_Vv8010_001_subsetted_regridded.nc4
/mnt/AizatDrive/smap_malaysia_subset_v8/2021/139873410_SMAP_L4_SM_gph_20210629T223000_Vv8010_001_subsetted_regridded.nc4
/mnt/AizatDrive/smap_malaysia_subset_v8/2021/139873414_SMAP_L4_SM_gph_20210627T073000_Vv8010_001_subsetted_regridded.nc4
/mnt/AizatDrive/smap_malaysia_subset_v8/2021/139873420_SMAP_L4_SM_gph_20210627T223000_Vv8010_001_subsetted_regridded.nc4
/mnt/AizatDrive/smap_malaysia_subset_v8/2021/139873424_SMAP_L4_SM_gph_20210629T193000_Vv8010_001_subsetted_regridded.nc4
/mnt/AizatDrive/smap_malaysia_subset_v8/2021/139873415_SMAP_L4_SM_gph_20210628T073000_Vv8010_001_subsetted_regridded.nc4
/mnt/AizatDrive/smap_malaysia_subset_v8/2021/139873426_SMAP_L4_SM_gph_20210630T043000_Vv8010_001_subsetted_regridded.nc4
/mnt/AizatDrive/smap_malaysia_subset_v8/2021/139873422_SMAP_L4_SM_gph_20210629T073000_Vv8010_001_subsetted_regridded.nc4
/mnt/AizatDrive/smap_malaysia_subset_v8/2021/139873428_SMAP_L4_SM_gph_20210629T013000_Vv8010_001_subsetted_regridded.nc4
/mnt/AizatDrive/smap_malaysia_subset_v8/2021/139873436_SMAP_L4_SM_gph_20210630T013000_Vv8010_001_subsetted_regridded.nc4
/mnt/AizatDrive/smap_malaysia_subset_v8/2021/139873435_SMAP_L4_SM_gph_20210629T133000_Vv8010_001_subsetted_regridded.nc4
/mnt/AizatDrive/smap_malaysia_subset_v8/2021/139873427_SMAP_L4_SM_gph_20210626T163000_Vv8010_001_subsetted_regridded.nc4
/mnt/AizatDrive/smap_malaysia_subset_v8/2021/139873387_SMAP_L4_SM_gph_20210628T103000_Vv8010_001_subsetted_regridded.nc4
/mnt/AizatDrive/smap_malaysia_subset_v8/2021/139873391_SMAP_L4_SM_gph_20210627T133000_Vv8010_001_subsetted_regridded.nc4
/mnt/AizatDrive/smap_malaysia_subset_v8/2021/139873413_SMAP_L4_SM_gph_20210629T043000_Vv8010_001_subsetted_regridded.nc4
/mnt/AizatDrive/smap_malaysia_subset_v8/2021/139873514_SMAP_L4_SM_gph_20210701T103000_Vv8010_001_subsetted_regridded.nc4
/mnt/AizatDrive/smap_malaysia_subset_v8/2021/139873517_SMAP_L4_SM_gph_20210630T133000_Vv8010_001_subsetted_regridded.nc4
/mnt/AizatDrive/smap_malaysia_subset_v8/2021/139873513_SMAP_L4_SM_gph_20210706T133000_Vv8010_001_subsetted_regridded.nc4
/mnt/AizatDrive/smap_malaysia_subset_v8/2021/139873518_SMAP_L4_SM_gph_20210703T073000_Vv8010_001_subsetted_regridded.nc4
/mnt/AizatDrive/smap_malaysia_subset_v8/2021/139873475_SMAP_L4_SM_gph_20210704T163000_Vv8010_001_subsetted_regridded.nc4
/mnt/AizatDrive/smap_malaysia_subset_v8/2021/139873453_SMAP_L4_SM_gph_20210701T223000_Vv8010_001_subsetted_regridded.nc4
/mnt/AizatDrive/smap_malaysia_subset_v8/2021/139873532_SMAP_L4_SM_gph_20210706T103000_Vv8010_001_subsetted_regridded.nc4
/mnt/AizatDrive/smap_malaysia_subset_v8/2021/139873465_SMAP_L4_SM_gph_20210704T013000_Vv8010_001_subsetted_regridded.nc4
/mnt/AizatDrive/smap_malaysia_subset_v8/2021/139873542_SMAP_L4_SM_gph_20210707T103000_Vv8010_001_subsetted_regridded.nc4
/mnt/AizatDrive/smap_malaysia_subset_v8/2021/139873446_SMAP_L4_SM_gph_20210629T163000_Vv8010_001_subsetted_regridded.nc4
/mnt/AizatDrive/smap_malaysia_subset_v8/2021/139873578_SMAP_L4_SM_gph_20210702T013000_Vv8010_001_subsetted_regridded.nc4
/mnt/AizatDrive/smap_malaysia_subset_v8/2021/139873579_SMAP_L4_SM_gph_20210702T073000_Vv8010_001_subsetted_regridded.nc4
/mnt/AizatDrive/smap_malaysia_subset_v8/2021/139873538_SMAP_L4_SM_gph_20210701T043000_Vv8010_001_subsetted_regridded.nc4
/mnt/AizatDrive/smap_malaysia_subset_v8/2021/139873557_SMAP_L4_SM_gph_20210701T013000_Vv8010_001_subsetted_regridded.nc4
/mnt/AizatDrive/smap_malaysia_subset_v8/2021/139873559_SMAP_L4_SM_gph_20210707T163000_Vv8010_001_subsetted_regridded.nc4
/mnt/AizatDrive/smap_malaysia_subset_v8/2021/139873504_SMAP_L4_SM_gph_20210630T163000_Vv8010_001_subsetted_regridded.nc4
/mnt/AizatDrive/smap_malaysia_subset_v8/2021/139873541_SMAP_L4_SM_gph_20210630T193000_Vv8010_001_subsetted_regridded.nc4
/mnt/AizatDrive/smap_malaysia_subset_v8/2021/139873452_SMAP_L4_SM_gph_20210702T043000_Vv8010_001_subsetted_regridded.nc4
/mnt/AizatDrive/smap_malaysia_subset_v8/2021/139873505_SMAP_L4_SM_gph_20210704T193000_Vv8010_001_subsetted_regridded.nc4
/mnt/AizatDrive/smap_malaysia_subset_v8/2021/139873467_SMAP_L4_SM_gph_20210705T073000_Vv8010_001_subsetted_regridded.nc4
/mnt/AizatDrive/smap_malaysia_subset_v8/2021/139873537_SMAP_L4_SM_gph_20210701T133000_Vv8010_001_subsetted_regridded.nc4
/mnt/AizatDrive/smap_malaysia_subset_v8/2021/139873531_SMAP_L4_SM_gph_20210706T013000_Vv8010_001_subsetted_regridded.nc4
/mnt/AizatDrive/smap_malaysia_subset_v8/2021/139873515_SMAP_L4_SM_gph_20210702T103000_Vv8010_001_subsetted_regridded.nc4
/mnt/AizatDrive/smap_malaysia_subset_v8/2021/139873445_SMAP_L4_SM_gph_20210630T073000_Vv8010_001_subsetted_regridded.nc4
/mnt/AizatDrive/smap_malaysia_subset_v8/2021/139873519_SMAP_L4_SM_gph_20210701T193000_Vv8010_001_subsetted_regridded.nc4
/mnt/AizatDrive/smap_malaysia_subset_v8/2021/139873489_SMAP_L4_SM_gph_20210706T223000_Vv8010_001_subsetted_regridded.nc4
/mnt/AizatDrive/smap_malaysia_subset_v8/2021/139873486_SMAP_L4_SM_gph_20210703T103000_Vv8010_001_subsetted_regridded.nc4
/mnt/AizatDrive/smap_malaysia_subset_v8/2021/139873516_SMAP_L4_SM_gph_20210705T223000_Vv8010_001_subsetted_regridded.nc4
/mnt/AizatDrive/smap_malaysia_subset_v8/2021/139873534_SMAP_L4_SM_gph_20210701T073000_Vv8010_001_subsetted_regridded.nc4
/mnt/AizatDrive/smap_malaysia_subset_v8/2021/139873563_SMAP_L4_SM_gph_20210703T013000_Vv8010_001_subsetted_regridded.nc4
/mnt/AizatDrive/smap_malaysia_subset_v8/2021/139873501_SMAP_L4_SM_gph_20210704T043000_Vv8010_001_subsetted_regridded.nc4
/mnt/AizatDrive/smap_malaysia_subset_v8/2021/139873591_SMAP_L4_SM_gph_20210702T133000_Vv8010_001_subsetted_regridded.nc4
/mnt/AizatDrive/smap_malaysia_subset_v8/2021/139873551_SMAP_L4_SM_gph_20210704T103000_Vv8010_001_subsetted_regridded.nc4
/mnt/AizatDrive/smap_malaysia_subset_v8/2021/139873454_SMAP_L4_SM_gph_20210703T163000_Vv8010_001_subsetted_regridded.nc4
/mnt/AizatDrive/smap_malaysia_subset_v8/2021/139873511_SMAP_L4_SM_gph_20210630T223000_Vv8010_001_subsetted_regridded.nc4
/mnt/AizatDrive/smap_malaysia_subset_v8/2021/139873543_SMAP_L4_SM_gph_20210705T133000_Vv8010_001_subsetted_regridded.nc4
/mnt/AizatDrive/smap_malaysia_subset_v8/2021/139873540_SMAP_L4_SM_gph_20210701T163000_Vv8010_001_subsetted_regridded.nc4
/mnt/AizatDrive/smap_malaysia_subset_v8/2021/139873533_SMAP_L4_SM_gph_20210703T133000_Vv8010_001_subsetted_regridded.nc4
/mnt/AizatDrive/smap_malaysia_subset_v8/2021/139873502_SMAP_L4_SM_gph_20210703T193000_Vv8010_001_subsetted_regridded.nc4
/mnt/AizatDrive/smap_malaysia_subset_v8/2021/139873503_SMAP_L4_SM_gph_20210703T043000_Vv8010_001_subsetted_regridded.nc4
/mnt/AizatDrive/smap_malaysia_subset_v8/2021/139873549_SMAP_L4_SM_gph_20210702T193000_Vv8010_001_subsetted_regridded.nc4
/mnt/AizatDrive/smap_malaysia_subset_v8/2021/139873539_SMAP_L4_SM_gph_20210707T073000_Vv8010_001_subsetted_regridded.nc4
/mnt/AizatDrive/smap_malaysia_subset_v8/2021/139873561_SMAP_L4_SM_gph_20210707T223000_Vv8010_001_subsetted_regridded.nc4
/mnt/AizatDrive/smap_malaysia_subset_v8/2021/139873588_SMAP_L4_SM_gph_20210705T193000_Vv8010_001_subsetted_regridded.nc4
/mnt/AizatDrive/smap_malaysia_subset_v8/2021/139873589_SMAP_L4_SM_gph_20210706T163000_Vv8010_001_subsetted_regridded.nc4
/mnt/AizatDrive/smap_malaysia_subset_v8/2021/139873572_SMAP_L4_SM_gph_20210705T163000_Vv8010_001_subsetted_regridded.nc4
/mnt/AizatDrive/smap_malaysia_subset_v8/2021/139873574_SMAP_L4_SM_gph_20210704T133000_Vv8010_001_subsetted_regridded.nc4
/mnt/AizatDrive/smap_malaysia_subset_v8/2021/139873593_SMAP_L4_SM_gph_20210702T163000_Vv8010_001_subsetted_regridded.nc4
/mnt/AizatDrive/smap_malaysia_subset_v8/2021/139873592_SMAP_L4_SM_gph_20210707T133000_Vv8010_001_subsetted_regridded.nc4
/mnt/AizatDrive/smap_malaysia_subset_v8/2021/139873576_SMAP_L4_SM_gph_20210704T223000_Vv8010_001_subsetted_regridded.nc4
/mnt/AizatDrive/smap_malaysia_subset_v8/2021/139873602_SMAP_L4_SM_gph_20210708T073000_Vv8010_001_subsetted_regridded.nc4
/mnt/AizatDrive/smap_malaysia_subset_v8/2021/139873599_SMAP_L4_SM_gph_20210707T043000_Vv8010_001_subsetted_regridded.nc4
/mnt/AizatDrive/smap_malaysia_subset_v8/2021/139873629_SMAP_L4_SM_gph_20210705T043000_Vv8010_001_subsetted_regridded.nc4
/mnt/AizatDrive/smap_malaysia_subset_v8/2021/139873600_SMAP_L4_SM_gph_20210703T223000_Vv8010_001_subsetted_regridded.nc4
/mnt/AizatDrive/smap_malaysia_subset_v8/2021/139873604_SMAP_L4_SM_gph_20210706T073000_Vv8010_001_subsetted_regridded.nc4
/mnt/AizatDrive/smap_malaysia_subset_v8/2021/139873601_SMAP_L4_SM_gph_20210705T013000_Vv8010_001_subsetted_regridded.nc4
/mnt/AizatDrive/smap_malaysia_subset_v8/2021/139873614_SMAP_L4_SM_gph_20210707T013000_Vv8010_001_subsetted_regridded.nc4
/mnt/AizatDrive/smap_malaysia_subset_v8/2021/139873570_SMAP_L4_SM_gph_20210706T193000_Vv8010_001_subsetted_regridded.nc4
/mnt/AizatDrive/smap_malaysia_subset_v8/2021/139873580_SMAP_L4_SM_gph_20210706T043000_Vv8010_001_subsetted_regridded.nc4
/mnt/AizatDrive/smap_malaysia_subset_v8/2021/139873590_SMAP_L4_SM_gph_20210705T103000_Vv8010_001_subsetted_regridded.nc4
/mnt/AizatDrive/smap_malaysia_subset_v8/2021/139873617_SMAP_L4_SM_gph_20210702T223000_Vv8010_001_subsetted_regridded.nc4
/mnt/AizatDrive/smap_malaysia_subset_v8/2021/139873616_SMAP_L4_SM_gph_20210708T043000_Vv8010_001_subsetted_regridded.nc4
/mnt/AizatDrive/smap_malaysia_subset_v8/2021/139873619_SMAP_L4_SM_gph_20210708T013000_Vv8010_001_subsetted_regridded.nc4
/mnt/AizatDrive/smap_malaysia_subset_v8/2021/139873618_SMAP_L4_SM_gph_20210704T073000_Vv8010_001_subsetted_regridded.nc4
/mnt/AizatDrive/smap_malaysia_subset_v8/2021/139873964_SMAP_L4_SM_gph_20210709T043000_Vv8010_001_subsetted_regridded.nc4
/mnt/AizatDrive/smap_malaysia_subset_v8/2021/139873896_SMAP_L4_SM_gph_20210708T133000_Vv8010_001_subsetted_regridded.nc4
/mnt/AizatDrive/smap_malaysia_subset_v8/2021/139873630_SMAP_L4_SM_gph_20210707T193000_Vv8010_001_subsetted_regridded.nc4
/mnt/AizatDrive/smap_malaysia_subset_v8/2021/139873643_SMAP_L4_SM_gph_20210708T103000_Vv8010_001_subsetted_regridded.nc4
/mnt/AizatDrive/smap_malaysia_subset_v8/2021/139873963_SMAP_L4_SM_gph_20210709T013000_Vv8010_001_subsetted_regridded.nc4
/mnt/AizatDrive/smap_malaysia_subset_v8/2021/139873949_SMAP_L4_SM_gph_20210708T193000_Vv8010_001_subsetted_regridded.nc4
/mnt/AizatDrive/smap_malaysia_subset_v8/2021/139873951_SMAP_L4_SM_gph_20210708T223000_Vv8010_001_subsetted_regridded.nc4
/mnt/AizatDrive/smap_malaysia_subset_v8/2021/139873952_SMAP_L4_SM_gph_20210709T073000_Vv8010_001_subsetted_regridded.nc4
/mnt/AizatDrive/smap_malaysia_subset_v8/2021/139873965_SMAP_L4_SM_gph_20210708T163000_Vv8010_001_subsetted_regridded.nc4
/mnt/AizatDrive/smap_malaysia_subset_v8/2021/139874247_SMAP_L4_SM_gph_20210710T223000_Vv8010_001_subsetted_regridded.nc4
/mnt/AizatDrive/smap_malaysia_subset_v8/2021/139874262_SMAP_L4_SM_gph_20210712T133000_Vv8010_001_subsetted_regridded.nc4
/mnt/AizatDrive/smap_malaysia_subset_v8/2021/139874246_SMAP_L4_SM_gph_20210709T103000_Vv8010_001_subsetted_regridded.nc4
/mnt/AizatDrive/smap_malaysia_subset_v8/2021/139874249_SMAP_L4_SM_gph_20210713T013000_Vv8010_001_subsetted_regridded.nc4
/mnt/AizatDrive/smap_malaysia_subset_v8/2021/139874245_SMAP_L4_SM_gph_20210710T073000_Vv8010_001_subsetted_regridded.nc4
/mnt/AizatDrive/smap_malaysia_subset_v8/2021/139874244_SMAP_L4_SM_gph_20210711T133000_Vv8010_001_subsetted_regridded.nc4
/mnt/AizatDrive/smap_malaysia_subset_v8/2021/139874236_SMAP_L4_SM_gph_20210710T043000_Vv8010_001_subsetted_regridded.nc4
/mnt/AizatDrive/smap_malaysia_subset_v8/2021/139874235_SMAP_L4_SM_gph_20210709T223000_Vv8010_001_subsetted_regridded.nc4
/mnt/AizatDrive/smap_malaysia_subset_v8/2021/139874237_SMAP_L4_SM_gph_20210713T223000_Vv8010_001_subsetted_regridded.nc4
/mnt/AizatDrive/smap_malaysia_subset_v8/2021/139874238_SMAP_L4_SM_gph_20210711T193000_Vv8010_001_subsetted_regridded.nc4
/mnt/AizatDrive/smap_malaysia_subset_v8/2021/139874254_SMAP_L4_SM_gph_20210710T133000_Vv8010_001_subsetted_regridded.nc4
/mnt/AizatDrive/smap_malaysia_subset_v8/2021/139874234_SMAP_L4_SM_gph_20210713T163000_Vv8010_001_subsetted_regridded.nc4
/mnt/AizatDrive/smap_malaysia_subset_v8/2021/139874248_SMAP_L4_SM_gph_20210712T223000_Vv8010_001_subsetted_regridded.nc4
/mnt/AizatDrive/smap_malaysia_subset_v8/2021/139874264_SMAP_L4_SM_gph_20210716T013000_Vv8010_001_subsetted_regridded.nc4
/mnt/AizatDrive/smap_malaysia_subset_v8/2021/139874252_SMAP_L4_SM_gph_20210714T013000_Vv8010_001_subsetted_regridded.nc4
/mnt/AizatDrive/smap_malaysia_subset_v8/2021/139874261_SMAP_L4_SM_gph_20210711T043000_Vv8010_001_subsetted_regridded.nc4
/mnt/AizatDrive/smap_malaysia_subset_v8/2021/139874265_SMAP_L4_SM_gph_20210714T223000_Vv8010_001_subsetted_regridded.nc4
/mnt/AizatDrive/smap_malaysia_subset_v8/2021/139874289_SMAP_L4_SM_gph_20210713T193000_Vv8010_001_subsetted_regridded.nc4
/mnt/AizatDrive/smap_malaysia_subset_v8/2021/139874281_SMAP_L4_SM_gph_20210717T013000_Vv8010_001_subsetted_regridded.nc4
/mnt/AizatDrive/smap_malaysia_subset_v8/2021/139874280_SMAP_L4_SM_gph_20210713T133000_Vv8010_001_subsetted_regridded.nc4
/mnt/AizatDrive/smap_malaysia_subset_v8/2021/139874290_SMAP_L4_SM_gph_20210710T013000_Vv8010_001_subsetted_regridded.nc4
/mnt/AizatDrive/smap_malaysia_subset_v8/2021/139874275_SMAP_L4_SM_gph_20210714T103000_Vv8010_001_subsetted_regridded.nc4
/mnt/AizatDrive/smap_malaysia_subset_v8/2021/139874292_SMAP_L4_SM_gph_20210709T193000_Vv8010_001_subsetted_regridded.nc4
/mnt/AizatDrive/smap_malaysia_subset_v8/2021/139874266_SMAP_L4_SM_gph_20210713T043000_Vv8010_001_subsetted_regridded.nc4
/mnt/AizatDrive/smap_malaysia_subset_v8/2021/139874250_SMAP_L4_SM_gph_20210714T193000_Vv8010_001_subsetted_regridded.nc4
/mnt/AizatDrive/smap_malaysia_subset_v8/2021/139874269_SMAP_L4_SM_gph_20210711T223000_Vv8010_001_subsetted_regridded.nc4
/mnt/AizatDrive/smap_malaysia_subset_v8/2021/139874267_SMAP_L4_SM_gph_20210715T043000_Vv8010_001_subsetted_regridded.nc4
/mnt/AizatDrive/smap_malaysia_subset_v8/2021/139874291_SMAP_L4_SM_gph_20210711T013000_Vv8010_001_subsetted_regridded.nc4
/mnt/AizatDrive/smap_malaysia_subset_v8/2021/139874277_SMAP_L4_SM_gph_20210712T013000_Vv8010_001_subsetted_regridded.nc4
/mnt/AizatDrive/smap_malaysia_subset_v8/2021/139874276_SMAP_L4_SM_gph_20210714T073000_Vv8010_001_subsetted_regridded.nc4
/mnt/AizatDrive/smap_malaysia_subset_v8/2021/139874274_SMAP_L4_SM_gph_20210712T193000_Vv8010_001_subsetted_regridded.nc4
/mnt/AizatDrive/smap_malaysia_subset_v8/2021/139874278_SMAP_L4_SM_gph_20210711T163000_Vv8010_001_subsetted_regridded.nc4
/mnt/AizatDrive/smap_malaysia_subset_v8/2021/139874293_SMAP_L4_SM_gph_20210710T103000_Vv8010_001_subsetted_regridded.nc4
/mnt/AizatDrive/smap_malaysia_subset_v8/2021/139874268_SMAP_L4_SM_gph_20210711T073000_Vv8010_001_subsetted_regridded.nc4
/mnt/AizatDrive/smap_malaysia_subset_v8/2021/139874279_SMAP_L4_SM_gph_20210714T133000_Vv8010_001_subsetted_regridded.nc4
/mnt/AizatDrive/smap_malaysia_subset_v8/2021/139874294_SMAP_L4_SM_gph_20210713T073000_Vv8010_001_subsetted_regridded.nc4
/mnt/AizatDrive/smap_malaysia_subset_v8/2021/139874303_SMAP_L4_SM_gph_20210715T103000_Vv8010_001_subsetted_regridded.nc4
/mnt/AizatDrive/smap_malaysia_subset_v8/2021/139874306_SMAP_L4_SM_gph_20210715T133000_Vv8010_001_subsetted_regridded.nc4
/mnt/AizatDrive/smap_malaysia_subset_v8/2021/139874317_SMAP_L4_SM_gph_20210710T163000_Vv8010_001_subsetted_regridded.nc4
/mnt/AizatDrive/smap_malaysia_subset_v8/2021/139874308_SMAP_L4_SM_gph_20210714T163000_Vv8010_001_subsetted_regridded.nc4
/mnt/AizatDrive/smap_malaysia_subset_v8/2021/139874318_SMAP_L4_SM_gph_20210711T103000_Vv8010_001_subsetted_regridded.nc4
/mnt/AizatDrive/smap_malaysia_subset_v8/2021/139874309_SMAP_L4_SM_gph_20210715T163000_Vv8010_001_subsetted_regridded.nc4
/mnt/AizatDrive/smap_malaysia_subset_v8/2021/139874301_SMAP_L4_SM_gph_20210709T163000_Vv8010_001_subsetted_regridded.nc4
/mnt/AizatDrive/smap_malaysia_subset_v8/2021/139874307_SMAP_L4_SM_gph_20210712T043000_Vv8010_001_subsetted_regridded.nc4
/mnt/AizatDrive/smap_malaysia_subset_v8/2021/139874319_SMAP_L4_SM_gph_20210712T103000_Vv8010_001_subsetted_regridded.nc4
/mnt/AizatDrive/smap_malaysia_subset_v8/2021/139874432_SMAP_L4_SM_gph_20210719T103000_Vv8010_001_subsetted_regridded.nc4
/mnt/AizatDrive/smap_malaysia_subset_v8/2021/139874409_SMAP_L4_SM_gph_20210719T163000_Vv8010_001_subsetted_regridded.nc4
/mnt/AizatDrive/smap_malaysia_subset_v8/2021/139874352_SMAP_L4_SM_gph_20210720T043000_Vv8010_001_subsetted_regridded.nc4
/mnt/AizatDrive/smap_malaysia_subset_v8/2021/139874322_SMAP_L4_SM_gph_20210713T103000_Vv8010_001_subsetted_regridded.nc4
/mnt/AizatDrive/smap_malaysia_subset_v8/2021/139874320_SMAP_L4_SM_gph_20210716T133000_Vv8010_001_subsetted_regridded.nc4
/mnt/AizatDrive/smap_malaysia_subset_v8/2021/139874414_SMAP_L4_SM_gph_20210717T193000_Vv8010_001_subsetted_regridded.nc4
/mnt/AizatDrive/smap_malaysia_subset_v8/2021/139874362_SMAP_L4_SM_gph_20210717T163000_Vv8010_001_subsetted_regridded.nc4
/mnt/AizatDrive/smap_malaysia_subset_v8/2021/139874417_SMAP_L4_SM_gph_20210716T223000_Vv8010_001_subsetted_regridded.nc4
/mnt/AizatDrive/smap_malaysia_subset_v8/2021/139874430_SMAP_L4_SM_gph_20210715T193000_Vv8010_001_subsetted_regridded.nc4
/mnt/AizatDrive/smap_malaysia_subset_v8/2021/139874431_SMAP_L4_SM_gph_20210718T193000_Vv8010_001_subsetted_regridded.nc4
/mnt/AizatDrive/smap_malaysia_subset_v8/2021/139874416_SMAP_L4_SM_gph_20210716T193000_Vv8010_001_subsetted_regridded.nc4
/mnt/AizatDrive/smap_malaysia_subset_v8/2021/139874321_SMAP_L4_SM_gph_20210712T073000_Vv8010_001_subsetted_regridded.nc4
/mnt/AizatDrive/smap_malaysia_subset_v8/2021/139874351_SMAP_L4_SM_gph_20210718T133000_Vv8010_001_subsetted_regridded.nc4
/mnt/AizatDrive/smap_malaysia_subset_v8/2021/139874349_SMAP_L4_SM_gph_20210709T133000_Vv8010_001_subsetted_regridded.nc4
/mnt/AizatDrive/smap_malaysia_subset_v8/2021/139874364_SMAP_L4_SM_gph_20210712T163000_Vv8010_001_subsetted_regridded.nc4
/mnt/AizatDrive/smap_malaysia_subset_v8/2021/139874366_SMAP_L4_SM_gph_20210715T073000_Vv8010_001_subsetted_regridded.nc4
/mnt/AizatDrive/smap_malaysia_subset_v8/2021/139874350_SMAP_L4_SM_gph_20210717T103000_Vv8010_001_subsetted_regridded.nc4
/mnt/AizatDrive/smap_malaysia_subset_v8/2021/139874358_SMAP_L4_SM_gph_20210718T043000_Vv8010_001_subsetted_regridded.nc4
/mnt/AizatDrive/smap_malaysia_subset_v8/2021/139874360_SMAP_L4_SM_gph_20210717T133000_Vv8010_001_subsetted_regridded.nc4
/mnt/AizatDrive/smap_malaysia_subset_v8/2021/139874415_SMAP_L4_SM_gph_20210718T073000_Vv8010_001_subsetted_regridded.nc4
/mnt/AizatDrive/smap_malaysia_subset_v8/2021/139874389_SMAP_L4_SM_gph_20210718T013000_Vv8010_001_subsetted_regridded.nc4
/mnt/AizatDrive/smap_malaysia_subset_v8/2021/139874447_SMAP_L4_SM_gph_20210719T193000_Vv8010_001_subsetted_regridded.nc4
/mnt/AizatDrive/smap_malaysia_subset_v8/2021/139874448_SMAP_L4_SM_gph_20210719T223000_Vv8010_001_subsetted_regridded.nc4
/mnt/AizatDrive/smap_malaysia_subset_v8/2021/139874462_SMAP_L4_SM_gph_20210720T073000_Vv8010_001_subsetted_regridded.nc4
/mnt/AizatDrive/smap_malaysia_subset_v8/2021/139874446_SMAP_L4_SM_gph_20210720T163000_Vv8010_001_subsetted_regridded.nc4
/mnt/AizatDrive/smap_malaysia_subset_v8/2021/139874404_SMAP_L4_SM_gph_20210718T163000_Vv8010_001_subsetted_regridded.nc4
/mnt/AizatDrive/smap_malaysia_subset_v8/2021/139874397_SMAP_L4_SM_gph_20210717T073000_Vv8010_001_subsetted_regridded.nc4
/mnt/AizatDrive/smap_malaysia_subset_v8/2021/139874396_SMAP_L4_SM_gph_20210716T103000_Vv8010_001_subsetted_regridded.nc4
/mnt/AizatDrive/smap_malaysia_subset_v8/2021/139874405_SMAP_L4_SM_gph_20210716T073000_Vv8010_001_subsetted_regridded.nc4
/mnt/AizatDrive/smap_malaysia_subset_v8/2021/139874395_SMAP_L4_SM_gph_20210710T193000_Vv8010_001_subsetted_regridded.nc4
/mnt/AizatDrive/smap_malaysia_subset_v8/2021/139874475_SMAP_L4_SM_gph_20210719T013000_Vv8010_001_subsetted_regridded.nc4
/mnt/AizatDrive/smap_malaysia_subset_v8/2021/139874483_SMAP_L4_SM_gph_20210721T013000_Vv8010_001_subsetted_regridded.nc4
/mnt/AizatDrive/smap_malaysia_subset_v8/2021/139874388_SMAP_L4_SM_gph_20210716T043000_Vv8010_001_subsetted_regridded.nc4
/mnt/AizatDrive/smap_malaysia_subset_v8/2021/139874378_SMAP_L4_SM_gph_20210715T223000_Vv8010_001_subsetted_regridded.nc4
/mnt/AizatDrive/smap_malaysia_subset_v8/2021/139874380_SMAP_L4_SM_gph_20210717T043000_Vv8010_001_subsetted_regridded.nc4
/mnt/AizatDrive/smap_malaysia_subset_v8/2021/139874444_SMAP_L4_SM_gph_20210719T043000_Vv8010_001_subsetted_regridded.nc4
/mnt/AizatDrive/smap_malaysia_subset_v8/2021/139874482_SMAP_L4_SM_gph_20210719T073000_Vv8010_001_subsetted_regridded.nc4
/mnt/AizatDrive/smap_malaysia_subset_v8/2021/139874463_SMAP_L4_SM_gph_20210720T133000_Vv8010_001_subsetted_regridded.nc4
/mnt/AizatDrive/smap_malaysia_subset_v8/2021/139874379_SMAP_L4_SM_gph_20210717T223000_Vv8010_001_subsetted_regridded.nc4
/mnt/AizatDrive/smap_malaysia_subset_v8/2021/139874495_SMAP_L4_SM_gph_20210720T223000_Vv8010_001_subsetted_regridded.nc4
/mnt/AizatDrive/smap_malaysia_subset_v8/2021/139874464_SMAP_L4_SM_gph_20210720T013000_Vv8010_001_subsetted_regridded.nc4
/mnt/AizatDrive/smap_malaysia_subset_v8/2021/139874445_SMAP_L4_SM_gph_20210718T223000_Vv8010_001_subsetted_regridded.nc4
/mnt/AizatDrive/smap_malaysia_subset_v8/2021/139874390_SMAP_L4_SM_gph_20210715T013000_Vv8010_001_subsetted_regridded.nc4
/mnt/AizatDrive/smap_malaysia_subset_v8/2021/139874408_SMAP_L4_SM_gph_20210716T163000_Vv8010_001_subsetted_regridded.nc4
/mnt/AizatDrive/smap_malaysia_subset_v8/2021/139874407_SMAP_L4_SM_gph_20210718T103000_Vv8010_001_subsetted_regridded.nc4
/mnt/AizatDrive/smap_malaysia_subset_v8/2021/139874565_SMAP_L4_SM_gph_20210720T193000_Vv8010_001_subsetted_regridded.nc4
/mnt/AizatDrive/smap_malaysia_subset_v8/2021/139874567_SMAP_L4_SM_gph_20210721T073000_Vv8010_001_subsetted_regridded.nc4
/mnt/AizatDrive/smap_malaysia_subset_v8/2021/139874587_SMAP_L4_SM_gph_20210721T133000_Vv8010_001_subsetted_regridded.nc4
/mnt/AizatDrive/smap_malaysia_subset_v8/2021/139874406_SMAP_L4_SM_gph_20210720T103000_Vv8010_001_subsetted_regridded.nc4
/mnt/AizatDrive/smap_malaysia_subset_v8/2021/139874542_SMAP_L4_SM_gph_20210721T103000_Vv8010_001_subsetted_regridded.nc4
/mnt/AizatDrive/smap_malaysia_subset_v8/2021/139874563_SMAP_L4_SM_gph_20210719T133000_Vv8010_001_subsetted_regridded.nc4
/mnt/AizatDrive/smap_malaysia_subset_v8/2021/139874640_SMAP_L4_SM_gph_20210721T223000_Vv8010_001_subsetted_regridded.nc4
/mnt/AizatDrive/smap_malaysia_subset_v8/2021/139874660_SMAP_L4_SM_gph_20210721T043000_Vv8010_001_subsetted_regridded.nc4
/mnt/AizatDrive/smap_malaysia_subset_v8/2021/139874657_SMAP_L4_SM_gph_20210721T163000_Vv8010_001_subsetted_regridded.nc4
/mnt/AizatDrive/smap_malaysia_subset_v8/2021/139874820_SMAP_L4_SM_gph_20210721T193000_Vv8010_001_subsetted_regridded.nc4
/mnt/AizatDrive/smap_malaysia_subset_v8/2021/139874918_SMAP_L4_SM_gph_20210724T223000_Vv8010_001_subsetted_regridded.nc4
/mnt/AizatDrive/smap_malaysia_subset_v8/2021/139874821_SMAP_L4_SM_gph_20210722T013000_Vv8010_001_subsetted_regridded.nc4
/mnt/AizatDrive/smap_malaysia_subset_v8/2021/139874917_SMAP_L4_SM_gph_20210724T013000_Vv8010_001_subsetted_regridded.nc4
/mnt/AizatDrive/smap_malaysia_subset_v8/2021/139874822_SMAP_L4_SM_gph_20210723T043000_Vv8010_001_subsetted_regridded.nc4
/mnt/AizatDrive/smap_malaysia_subset_v8/2021/139874839_SMAP_L4_SM_gph_20210723T073000_Vv8010_001_subsetted_regridded.nc4
/mnt/AizatDrive/smap_malaysia_subset_v8/2021/139874852_SMAP_L4_SM_gph_20210724T193000_Vv8010_001_subsetted_regridded.nc4
/mnt/AizatDrive/smap_malaysia_subset_v8/2021/139874843_SMAP_L4_SM_gph_20210722T133000_Vv8010_001_subsetted_regridded.nc4
/mnt/AizatDrive/smap_malaysia_subset_v8/2021/139874862_SMAP_L4_SM_gph_20210727T103000_Vv8010_001_subsetted_regridded.nc4
/mnt/AizatDrive/smap_malaysia_subset_v8/2021/139874832_SMAP_L4_SM_gph_20210723T103000_Vv8010_001_subsetted_regridded.nc4
/mnt/AizatDrive/smap_malaysia_subset_v8/2021/139874933_SMAP_L4_SM_gph_20210726T193000_Vv8010_001_subsetted_regridded.nc4
/mnt/AizatDrive/smap_malaysia_subset_v8/2021/139874833_SMAP_L4_SM_gph_20210724T043000_Vv8010_001_subsetted_regridded.nc4
/mnt/AizatDrive/smap_malaysia_subset_v8/2021/139874837_SMAP_L4_SM_gph_20210723T013000_Vv8010_001_subsetted_regridded.nc4
/mnt/AizatDrive/smap_malaysia_subset_v8/2021/139874823_SMAP_L4_SM_gph_20210722T043000_Vv8010_001_subsetted_regridded.nc4
/mnt/AizatDrive/smap_malaysia_subset_v8/2021/139874940_SMAP_L4_SM_gph_20210727T193000_Vv8010_001_subsetted_regridded.nc4
/mnt/AizatDrive/smap_malaysia_subset_v8/2021/139874943_SMAP_L4_SM_gph_20210730T163000_Vv8010_001_subsetted_regridded.nc4
/mnt/AizatDrive/smap_malaysia_subset_v8/2021/139874851_SMAP_L4_SM_gph_20210726T013000_Vv8010_001_subsetted_regridded.nc4
/mnt/AizatDrive/smap_malaysia_subset_v8/2021/139874853_SMAP_L4_SM_gph_20210724T073000_Vv8010_001_subsetted_regridded.nc4
/mnt/AizatDrive/smap_malaysia_subset_v8/2021/139874834_SMAP_L4_SM_gph_20210724T133000_Vv8010_001_subsetted_regridded.nc4
/mnt/AizatDrive/smap_malaysia_subset_v8/2021/139874916_SMAP_L4_SM_gph_20210727T163000_Vv8010_001_subsetted_regridded.nc4
/mnt/AizatDrive/smap_malaysia_subset_v8/2021/139874856_SMAP_L4_SM_gph_20210725T073000_Vv8010_001_subsetted_regridded.nc4
/mnt/AizatDrive/smap_malaysia_subset_v8/2021/139874841_SMAP_L4_SM_gph_20210722T223000_Vv8010_001_subsetted_regridded.nc4
/mnt/AizatDrive/smap_malaysia_subset_v8/2021/139874920_SMAP_L4_SM_gph_20210723T223000_Vv8010_001_subsetted_regridded.nc4
/mnt/AizatDrive/smap_malaysia_subset_v8/2021/139874855_SMAP_L4_SM_gph_20210725T043000_Vv8010_001_subsetted_regridded.nc4
/mnt/AizatDrive/smap_malaysia_subset_v8/2021/139874854_SMAP_L4_SM_gph_20210722T073000_Vv8010_001_subsetted_regridded.nc4
/mnt/AizatDrive/smap_malaysia_subset_v8/2021/139874861_SMAP_L4_SM_gph_20210722T103000_Vv8010_001_subsetted_regridded.nc4
/mnt/AizatDrive/smap_malaysia_subset_v8/2021/139874919_SMAP_L4_SM_gph_20210728T013000_Vv8010_001_subsetted_regridded.nc4
/mnt/AizatDrive/smap_malaysia_subset_v8/2021/139874956_SMAP_L4_SM_gph_20210727T223000_Vv8010_001_subsetted_regridded.nc4
/mnt/AizatDrive/smap_malaysia_subset_v8/2021/139874951_SMAP_L4_SM_gph_20210726T073000_Vv8010_001_subsetted_regridded.nc4
/mnt/AizatDrive/smap_malaysia_subset_v8/2021/139874850_SMAP_L4_SM_gph_20210723T193000_Vv8010_001_subsetted_regridded.nc4
/mnt/AizatDrive/smap_malaysia_subset_v8/2021/139874930_SMAP_L4_SM_gph_20210727T043000_Vv8010_001_subsetted_regridded.nc4
/mnt/AizatDrive/smap_malaysia_subset_v8/2021/139874932_SMAP_L4_SM_gph_20210726T103000_Vv8010_001_subsetted_regridded.nc4
/mnt/AizatDrive/smap_malaysia_subset_v8/2021/139874941_SMAP_L4_SM_gph_20210803T133000_Vv8010_001_subsetted_regridded.nc4
/mnt/AizatDrive/smap_malaysia_subset_v8/2021/139874947_SMAP_L4_SM_gph_20210729T163000_Vv8010_001_subsetted_regridded.nc4
/mnt/AizatDrive/smap_malaysia_subset_v8/2021/139874939_SMAP_L4_SM_gph_20210728T103000_Vv8010_001_subsetted_regridded.nc4
/mnt/AizatDrive/smap_malaysia_subset_v8/2021/139874954_SMAP_L4_SM_gph_20210724T163000_Vv8010_001_subsetted_regridded.nc4
/mnt/AizatDrive/smap_malaysia_subset_v8/2021/139874934_SMAP_L4_SM_gph_20210728T043000_Vv8010_001_subsetted_regridded.nc4
/mnt/AizatDrive/smap_malaysia_subset_v8/2021/139874945_SMAP_L4_SM_gph_20210725T013000_Vv8010_001_subsetted_regridded.nc4
/mnt/AizatDrive/smap_malaysia_subset_v8/2021/139874953_SMAP_L4_SM_gph_20210730T103000_Vv8010_001_subsetted_regridded.nc4
/mnt/AizatDrive/smap_malaysia_subset_v8/2021/139874950_SMAP_L4_SM_gph_20210722T193000_Vv8010_001_subsetted_regridded.nc4
/mnt/AizatDrive/smap_malaysia_subset_v8/2021/139874948_SMAP_L4_SM_gph_20210802T103000_Vv8010_001_subsetted_regridded.nc4
/mnt/AizatDrive/smap_malaysia_subset_v8/2021/139874952_SMAP_L4_SM_gph_20210729T073000_Vv8010_001_subsetted_regridded.nc4
/mnt/AizatDrive/smap_malaysia_subset_v8/2021/139874955_SMAP_L4_SM_gph_20210729T133000_Vv8010_001_subsetted_regridded.nc4
/mnt/AizatDrive/smap_malaysia_subset_v8/2021/139874995_SMAP_L4_SM_gph_20210731T193000_Vv8010_001_subsetted_regridded.nc4
/mnt/AizatDrive/smap_malaysia_subset_v8/2021/139874997_SMAP_L4_SM_gph_20210801T163000_Vv8010_001_subsetted_regridded.nc4
/mnt/AizatDrive/smap_malaysia_subset_v8/2021/139875001_SMAP_L4_SM_gph_20210802T133000_Vv8010_001_subsetted_regridded.nc4
/mnt/AizatDrive/smap_malaysia_subset_v8/2021/139874964_SMAP_L4_SM_gph_20210725T103000_Vv8010_001_subsetted_regridded.nc4
/mnt/AizatDrive/smap_malaysia_subset_v8/2021/139874965_SMAP_L4_SM_gph_20210730T193000_Vv8010_001_subsetted_regridded.nc4
/mnt/AizatDrive/smap_malaysia_subset_v8/2021/139874961_SMAP_L4_SM_gph_20210726T133000_Vv8010_001_subsetted_regridded.nc4
/mnt/AizatDrive/smap_malaysia_subset_v8/2021/139874999_SMAP_L4_SM_gph_20210803T073000_Vv8010_001_subsetted_regridded.nc4
/mnt/AizatDrive/smap_malaysia_subset_v8/2021/139874960_SMAP_L4_SM_gph_20210730T073000_Vv8010_001_subsetted_regridded.nc4
/mnt/AizatDrive/smap_malaysia_subset_v8/2021/139874963_SMAP_L4_SM_gph_20210723T133000_Vv8010_001_subsetted_regridded.nc4
/mnt/AizatDrive/smap_malaysia_subset_v8/2021/139874966_SMAP_L4_SM_gph_20210724T103000_Vv8010_001_subsetted_regridded.nc4
/mnt/AizatDrive/smap_malaysia_subset_v8/2021/139874962_SMAP_L4_SM_gph_20210726T163000_Vv8010_001_subsetted_regridded.nc4
/mnt/AizatDrive/smap_malaysia_subset_v8/2021/139874971_SMAP_L4_SM_gph_20210722T163000_Vv8010_001_subsetted_regridded.nc4
/mnt/AizatDrive/smap_malaysia_subset_v8/2021/139874973_SMAP_L4_SM_gph_20210802T043000_Vv8010_001_subsetted_regridded.nc4
/mnt/AizatDrive/smap_malaysia_subset_v8/2021/139874967_SMAP_L4_SM_gph_20210723T163000_Vv8010_001_subsetted_regridded.nc4
/mnt/AizatDrive/smap_malaysia_subset_v8/2021/139874974_SMAP_L4_SM_gph_20210802T013000_Vv8010_001_subsetted_regridded.nc4
/mnt/AizatDrive/smap_malaysia_subset_v8/2021/139874975_SMAP_L4_SM_gph_20210729T013000_Vv8010_001_subsetted_regridded.nc4
/mnt/AizatDrive/smap_malaysia_subset_v8/2021/139874972_SMAP_L4_SM_gph_20210727T133000_Vv8010_001_subsetted_regridded.nc4
/mnt/AizatDrive/smap_malaysia_subset_v8/2021/139874977_SMAP_L4_SM_gph_20210728T133000_Vv8010_001_subsetted_regridded.nc4
/mnt/AizatDrive/smap_malaysia_subset_v8/2021/139875042_SMAP_L4_SM_gph_20210730T043000_Vv8010_001_subsetted_regridded.nc4
/mnt/AizatDrive/smap_malaysia_subset_v8/2021/139875040_SMAP_L4_SM_gph_20210730T013000_Vv8010_001_subsetted_regridded.nc4
/mnt/AizatDrive/smap_malaysia_subset_v8/2021/139875020_SMAP_L4_SM_gph_20210726T223000_Vv8010_001_subsetted_regridded.nc4
/mnt/AizatDrive/smap_malaysia_subset_v8/2021/139875046_SMAP_L4_SM_gph_20210801T223000_Vv8010_001_subsetted_regridded.nc4
/mnt/AizatDrive/smap_malaysia_subset_v8/2021/139875019_SMAP_L4_SM_gph_20210803T223000_Vv8010_001_subsetted_regridded.nc4
/mnt/AizatDrive/smap_malaysia_subset_v8/2021/139875047_SMAP_L4_SM_gph_20210727T073000_Vv8010_001_subsetted_regridded.nc4
/mnt/AizatDrive/smap_malaysia_subset_v8/2021/139875022_SMAP_L4_SM_gph_20210804T043000_Vv8010_001_subsetted_regridded.nc4
/mnt/AizatDrive/smap_malaysia_subset_v8/2021/139875044_SMAP_L4_SM_gph_20210728T193000_Vv8010_001_subsetted_regridded.nc4
/mnt/AizatDrive/smap_malaysia_subset_v8/2021/139875045_SMAP_L4_SM_gph_20210803T193000_Vv8010_001_subsetted_regridded.nc4
/mnt/AizatDrive/smap_malaysia_subset_v8/2021/139875024_SMAP_L4_SM_gph_20210727T013000_Vv8010_001_subsetted_regridded.nc4
/mnt/AizatDrive/smap_malaysia_subset_v8/2021/139875021_SMAP_L4_SM_gph_20210731T073000_Vv8010_001_subsetted_regridded.nc4
/mnt/AizatDrive/smap_malaysia_subset_v8/2021/139874991_SMAP_L4_SM_gph_20210731T223000_Vv8010_001_subsetted_regridded.nc4
/mnt/AizatDrive/smap_malaysia_subset_v8/2021/139874985_SMAP_L4_SM_gph_20210730T133000_Vv8010_001_subsetted_regridded.nc4
/mnt/AizatDrive/smap_malaysia_subset_v8/2021/139874989_SMAP_L4_SM_gph_20210730T223000_Vv8010_001_subsetted_regridded.nc4
/mnt/AizatDrive/smap_malaysia_subset_v8/2021/139874982_SMAP_L4_SM_gph_20210728T163000_Vv8010_001_subsetted_regridded.nc4
/mnt/AizatDrive/smap_malaysia_subset_v8/2021/139874990_SMAP_L4_SM_gph_20210801T043000_Vv8010_001_subsetted_regridded.nc4
/mnt/AizatDrive/smap_malaysia_subset_v8/2021/139874987_SMAP_L4_SM_gph_20210725T193000_Vv8010_001_subsetted_regridded.nc4
/mnt/AizatDrive/smap_malaysia_subset_v8/2021/139875023_SMAP_L4_SM_gph_20210801T013000_Vv8010_001_subsetted_regridded.nc4
/mnt/AizatDrive/smap_malaysia_subset_v8/2021/139875048_SMAP_L4_SM_gph_20210804T223000_Vv8010_001_subsetted_regridded.nc4
/mnt/AizatDrive/smap_malaysia_subset_v8/2021/139875057_SMAP_L4_SM_gph_20210804T013000_Vv8010_001_subsetted_regridded.nc4
/mnt/AizatDrive/smap_malaysia_subset_v8/2021/139875049_SMAP_L4_SM_gph_20210731T133000_Vv8010_001_subsetted_regridded.nc4
/mnt/AizatDrive/smap_malaysia_subset_v8/2021/139875062_SMAP_L4_SM_gph_20210804T103000_Vv8010_001_subsetted_regridded.nc4
/mnt/AizatDrive/smap_malaysia_subset_v8/2021/139875076_SMAP_L4_SM_gph_20210802T193000_Vv8010_001_subsetted_regridded.nc4
/mnt/AizatDrive/smap_malaysia_subset_v8/2021/139875059_SMAP_L4_SM_gph_20210805T103000_Vv8010_001_subsetted_regridded.nc4
/mnt/AizatDrive/smap_malaysia_subset_v8/2021/139875079_SMAP_L4_SM_gph_20210802T073000_Vv8010_001_subsetted_regridded.nc4
/mnt/AizatDrive/smap_malaysia_subset_v8/2021/139875074_SMAP_L4_SM_gph_20210803T013000_Vv8010_001_subsetted_regridded.nc4
/mnt/AizatDrive/smap_malaysia_subset_v8/2021/139875051_SMAP_L4_SM_gph_20210725T223000_Vv8010_001_subsetted_regridded.nc4
/mnt/AizatDrive/smap_malaysia_subset_v8/2021/139875055_SMAP_L4_SM_gph_20210731T013000_Vv8010_001_subsetted_regridded.nc4
/mnt/AizatDrive/smap_malaysia_subset_v8/2021/139874993_SMAP_L4_SM_gph_20210803T163000_Vv8010_001_subsetted_regridded.nc4
/mnt/AizatDrive/smap_malaysia_subset_v8/2021/139875070_SMAP_L4_SM_gph_20210729T193000_Vv8010_001_subsetted_regridded.nc4
/mnt/AizatDrive/smap_malaysia_subset_v8/2021/139875077_SMAP_L4_SM_gph_20210803T103000_Vv8010_001_subsetted_regridded.nc4
/mnt/AizatDrive/smap_malaysia_subset_v8/2021/139875053_SMAP_L4_SM_gph_20210801T193000_Vv8010_001_subsetted_regridded.nc4
/mnt/AizatDrive/smap_malaysia_subset_v8/2021/139875061_SMAP_L4_SM_gph_20210731T043000_Vv8010_001_subsetted_regridded.nc4
/mnt/AizatDrive/smap_malaysia_subset_v8/2021/139875086_SMAP_L4_SM_gph_20210728T073000_Vv8010_001_subsetted_regridded.nc4
/mnt/AizatDrive/smap_malaysia_subset_v8/2021/139875082_SMAP_L4_SM_gph_20210801T073000_Vv8010_001_subsetted_regridded.nc4
/mnt/AizatDrive/smap_malaysia_subset_v8/2021/139875087_SMAP_L4_SM_gph_20210729T043000_Vv8010_001_subsetted_regridded.nc4
/mnt/AizatDrive/smap_malaysia_subset_v8/2021/139875088_SMAP_L4_SM_gph_20210803T043000_Vv8010_001_subsetted_regridded.nc4
/mnt/AizatDrive/smap_malaysia_subset_v8/2021/139875095_SMAP_L4_SM_gph_20210731T163000_Vv8010_001_subsetted_regridded.nc4
/mnt/AizatDrive/smap_malaysia_subset_v8/2021/139875075_SMAP_L4_SM_gph_20210726T043000_Vv8010_001_subsetted_regridded.nc4
/mnt/AizatDrive/smap_malaysia_subset_v8/2021/139875078_SMAP_L4_SM_gph_20210801T103000_Vv8010_001_subsetted_regridded.nc4
/mnt/AizatDrive/smap_malaysia_subset_v8/2021/139875072_SMAP_L4_SM_gph_20210801T133000_Vv8010_001_subsetted_regridded.nc4
/mnt/AizatDrive/smap_malaysia_subset_v8/2021/139875084_SMAP_L4_SM_gph_20210802T223000_Vv8010_001_subsetted_regridded.nc4
/mnt/AizatDrive/smap_malaysia_subset_v8/2021/139875089_SMAP_L4_SM_gph_20210804T133000_Vv8010_001_subsetted_regridded.nc4
/mnt/AizatDrive/smap_malaysia_subset_v8/2021/139875090_SMAP_L4_SM_gph_20210725T163000_Vv8010_001_subsetted_regridded.nc4
/mnt/AizatDrive/smap_malaysia_subset_v8/2021/139875083_SMAP_L4_SM_gph_20210731T103000_Vv8010_001_subsetted_regridded.nc4
/mnt/AizatDrive/smap_malaysia_subset_v8/2021/139875085_SMAP_L4_SM_gph_20210802T163000_Vv8010_001_subsetted_regridded.nc4
/mnt/AizatDrive/smap_malaysia_subset_v8/2021/139875098_SMAP_L4_SM_gph_20210725T133000_Vv8010_001_subsetted_regridded.nc4
/mnt/AizatDrive/smap_malaysia_subset_v8/2021/139875100_SMAP_L4_SM_gph_20210728T223000_Vv8010_001_subsetted_regridded.nc4
/mnt/AizatDrive/smap_malaysia_subset_v8/2021/139875101_SMAP_L4_SM_gph_20210805T013000_Vv8010_001_subsetted_regridded.nc4
/mnt/AizatDrive/smap_malaysia_subset_v8/2021/139875099_SMAP_L4_SM_gph_20210729T223000_Vv8010_001_subsetted_regridded.nc4
/mnt/AizatDrive/smap_malaysia_subset_v8/2021/139875097_SMAP_L4_SM_gph_20210729T103000_Vv8010_001_subsetted_regridded.nc4
/mnt/AizatDrive/smap_malaysia_subset_v8/2021/139875121_SMAP_L4_SM_gph_20210804T193000_Vv8010_001_subsetted_regridded.nc4
/mnt/AizatDrive/smap_malaysia_subset_v8/2021/139875107_SMAP_L4_SM_gph_20210804T073000_Vv8010_001_subsetted_regridded.nc4
/mnt/AizatDrive/smap_malaysia_subset_v8/2021/139875112_SMAP_L4_SM_gph_20210804T163000_Vv8010_001_subsetted_regridded.nc4
/mnt/AizatDrive/smap_malaysia_subset_v8/2021/139875120_SMAP_L4_SM_gph_20210805T133000_Vv8010_001_subsetted_regridded.nc4
/mnt/AizatDrive/smap_malaysia_subset_v8/2021/139875133_SMAP_L4_SM_gph_20210807T223000_Vv8010_001_subsetted_regridded.nc4
/mnt/AizatDrive/smap_malaysia_subset_v8/2021/139875132_SMAP_L4_SM_gph_20210805T043000_Vv8010_001_subsetted_regridded.nc4
/mnt/AizatDrive/smap_malaysia_subset_v8/2021/139875131_SMAP_L4_SM_gph_20210806T103000_Vv8010_001_subsetted_regridded.nc4
/mnt/AizatDrive/smap_malaysia_subset_v8/2021/139875130_SMAP_L4_SM_gph_20210805T163000_Vv8010_001_subsetted_regridded.nc4
/mnt/AizatDrive/smap_malaysia_subset_v8/2021/139875152_SMAP_L4_SM_gph_20210806T163000_Vv8010_001_subsetted_regridded.nc4
/mnt/AizatDrive/smap_malaysia_subset_v8/2021/139875150_SMAP_L4_SM_gph_20210805T223000_Vv8010_001_subsetted_regridded.nc4
/mnt/AizatDrive/smap_malaysia_subset_v8/2021/139875136_SMAP_L4_SM_gph_20210807T133000_Vv8010_001_subsetted_regridded.nc4
/mnt/AizatDrive/smap_malaysia_subset_v8/2021/139875148_SMAP_L4_SM_gph_20210805T073000_Vv8010_001_subsetted_regridded.nc4
/mnt/AizatDrive/smap_malaysia_subset_v8/2021/139875135_SMAP_L4_SM_gph_20210806T013000_Vv8010_001_subsetted_regridded.nc4
/mnt/AizatDrive/smap_malaysia_subset_v8/2021/139875137_SMAP_L4_SM_gph_20210807T163000_Vv8010_001_subsetted_regridded.nc4
/mnt/AizatDrive/smap_malaysia_subset_v8/2021/139875138_SMAP_L4_SM_gph_20210806T073000_Vv8010_001_subsetted_regridded.nc4
/mnt/AizatDrive/smap_malaysia_subset_v8/2021/139875134_SMAP_L4_SM_gph_20210806T133000_Vv8010_001_subsetted_regridded.nc4
/mnt/AizatDrive/smap_malaysia_subset_v8/2021/139875168_SMAP_L4_SM_gph_20210809T013000_Vv8010_001_subsetted_regridded.nc4
/mnt/AizatDrive/smap_malaysia_subset_v8/2021/139875166_SMAP_L4_SM_gph_20210807T103000_Vv8010_001_subsetted_regridded.nc4
/mnt/AizatDrive/smap_malaysia_subset_v8/2021/139875161_SMAP_L4_SM_gph_20210806T193000_Vv8010_001_subsetted_regridded.nc4
/mnt/AizatDrive/smap_malaysia_subset_v8/2021/139875164_SMAP_L4_SM_gph_20210806T043000_Vv8010_001_subsetted_regridded.nc4
/mnt/AizatDrive/smap_malaysia_subset_v8/2021/139875163_SMAP_L4_SM_gph_20210805T193000_Vv8010_001_subsetted_regridded.nc4
/mnt/AizatDrive/smap_malaysia_subset_v8/2021/139875170_SMAP_L4_SM_gph_20210810T103000_Vv8010_001_subsetted_regridded.nc4
/mnt/AizatDrive/smap_malaysia_subset_v8/2021/139875217_SMAP_L4_SM_gph_20210808T163000_Vv8010_001_subsetted_regridded.nc4
/mnt/AizatDrive/smap_malaysia_subset_v8/2021/139875219_SMAP_L4_SM_gph_20210809T043000_Vv8010_001_subsetted_regridded.nc4
/mnt/AizatDrive/smap_malaysia_subset_v8/2021/139875202_SMAP_L4_SM_gph_20210809T193000_Vv8010_001_subsetted_regridded.nc4
/mnt/AizatDrive/smap_malaysia_subset_v8/2021/139875226_SMAP_L4_SM_gph_20210808T043000_Vv8010_001_subsetted_regridded.nc4
/mnt/AizatDrive/smap_malaysia_subset_v8/2021/139875215_SMAP_L4_SM_gph_20210810T013000_Vv8010_001_subsetted_regridded.nc4
/mnt/AizatDrive/smap_malaysia_subset_v8/2021/139875223_SMAP_L4_SM_gph_20210808T073000_Vv8010_001_subsetted_regridded.nc4
/mnt/AizatDrive/smap_malaysia_subset_v8/2021/139875225_SMAP_L4_SM_gph_20210810T193000_Vv8010_001_subsetted_regridded.nc4
/mnt/AizatDrive/smap_malaysia_subset_v8/2021/139875238_SMAP_L4_SM_gph_20210811T133000_Vv8010_001_subsetted_regridded.nc4
/mnt/AizatDrive/smap_malaysia_subset_v8/2021/139875257_SMAP_L4_SM_gph_20210811T163000_Vv8010_001_subsetted_regridded.nc4
/mnt/AizatDrive/smap_malaysia_subset_v8/2021/139875256_SMAP_L4_SM_gph_20210807T193000_Vv8010_001_subsetted_regridded.nc4
/mnt/AizatDrive/smap_malaysia_subset_v8/2021/139875255_SMAP_L4_SM_gph_20210807T043000_Vv8010_001_subsetted_regridded.nc4
/mnt/AizatDrive/smap_malaysia_subset_v8/2021/139875272_SMAP_L4_SM_gph_20210808T013000_Vv8010_001_subsetted_regridded.nc4
/mnt/AizatDrive/smap_malaysia_subset_v8/2021/139875273_SMAP_L4_SM_gph_20210811T043000_Vv8010_001_subsetted_regridded.nc4
/mnt/AizatDrive/smap_malaysia_subset_v8/2021/139875271_SMAP_L4_SM_gph_20210808T103000_Vv8010_001_subsetted_regridded.nc4
/mnt/AizatDrive/smap_malaysia_subset_v8/2021/139875268_SMAP_L4_SM_gph_20210808T223000_Vv8010_001_subsetted_regridded.nc4
/mnt/AizatDrive/smap_malaysia_subset_v8/2021/139875270_SMAP_L4_SM_gph_20210812T013000_Vv8010_001_subsetted_regridded.nc4
/mnt/AizatDrive/smap_malaysia_subset_v8/2021/139875286_SMAP_L4_SM_gph_20210809T133000_Vv8010_001_subsetted_regridded.nc4
/mnt/AizatDrive/smap_malaysia_subset_v8/2021/139875269_SMAP_L4_SM_gph_20210807T073000_Vv8010_001_subsetted_regridded.nc4
/mnt/AizatDrive/smap_malaysia_subset_v8/2021/139875360_SMAP_L4_SM_gph_20210807T013000_Vv8010_001_subsetted_regridded.nc4
/mnt/AizatDrive/smap_malaysia_subset_v8/2021/139875372_SMAP_L4_SM_gph_20210808T133000_Vv8010_001_subsetted_regridded.nc4
/mnt/AizatDrive/smap_malaysia_subset_v8/2021/139875370_SMAP_L4_SM_gph_20210811T013000_Vv8010_001_subsetted_regridded.nc4
/mnt/AizatDrive/smap_malaysia_subset_v8/2021/139875387_SMAP_L4_SM_gph_20210813T133000_Vv8010_001_subsetted_regridded.nc4
/mnt/AizatDrive/smap_malaysia_subset_v8/2021/139875358_SMAP_L4_SM_gph_20210811T223000_Vv8010_001_subsetted_regridded.nc4
/mnt/AizatDrive/smap_malaysia_subset_v8/2021/139875385_SMAP_L4_SM_gph_20210808T193000_Vv8010_001_subsetted_regridded.nc4
/mnt/AizatDrive/smap_malaysia_subset_v8/2021/139875389_SMAP_L4_SM_gph_20210814T133000_Vv8010_001_subsetted_regridded.nc4
/mnt/AizatDrive/smap_malaysia_subset_v8/2021/139875388_SMAP_L4_SM_gph_20210810T223000_Vv8010_001_subsetted_regridded.nc4
/mnt/AizatDrive/smap_malaysia_subset_v8/2021/139875359_SMAP_L4_SM_gph_20210806T223000_Vv8010_001_subsetted_regridded.nc4
/mnt/AizatDrive/smap_malaysia_subset_v8/2021/139875391_SMAP_L4_SM_gph_20210814T103000_Vv8010_001_subsetted_regridded.nc4
/mnt/AizatDrive/smap_malaysia_subset_v8/2021/139875386_SMAP_L4_SM_gph_20210810T073000_Vv8010_001_subsetted_regridded.nc4
/mnt/AizatDrive/smap_malaysia_subset_v8/2021/139875365_SMAP_L4_SM_gph_20210809T073000_Vv8010_001_subsetted_regridded.nc4
/mnt/AizatDrive/smap_malaysia_subset_v8/2021/139875366_SMAP_L4_SM_gph_20210810T133000_Vv8010_001_subsetted_regridded.nc4
/mnt/AizatDrive/smap_malaysia_subset_v8/2021/139875367_SMAP_L4_SM_gph_20210809T223000_Vv8010_001_subsetted_regridded.nc4
/mnt/AizatDrive/smap_malaysia_subset_v8/2021/139875368_SMAP_L4_SM_gph_20210810T043000_Vv8010_001_subsetted_regridded.nc4
/mnt/AizatDrive/smap_malaysia_subset_v8/2021/139875407_SMAP_L4_SM_gph_20210809T163000_Vv8010_001_subsetted_regridded.nc4
/mnt/AizatDrive/smap_malaysia_subset_v8/2021/139875406_SMAP_L4_SM_gph_20210814T013000_Vv8010_001_subsetted_regridded.nc4
/mnt/AizatDrive/smap_malaysia_subset_v8/2021/139875405_SMAP_L4_SM_gph_20210814T043000_Vv8010_001_subsetted_regridded.nc4
/mnt/AizatDrive/smap_malaysia_subset_v8/2021/139875404_SMAP_L4_SM_gph_20210811T103000_Vv8010_001_subsetted_regridded.nc4
/mnt/AizatDrive/smap_malaysia_subset_v8/2021/139875402_SMAP_L4_SM_gph_20210812T043000_Vv8010_001_subsetted_regridded.nc4
/mnt/AizatDrive/smap_malaysia_subset_v8/2021/139875408_SMAP_L4_SM_gph_20210809T103000_Vv8010_001_subsetted_regridded.nc4
/mnt/AizatDrive/smap_malaysia_subset_v8/2021/139875437_SMAP_L4_SM_gph_20210812T193000_Vv8010_001_subsetted_regridded.nc4
/mnt/AizatDrive/smap_malaysia_subset_v8/2021/139875418_SMAP_L4_SM_gph_20210811T193000_Vv8010_001_subsetted_regridded.nc4
/mnt/AizatDrive/smap_malaysia_subset_v8/2021/139875419_SMAP_L4_SM_gph_20210810T163000_Vv8010_001_subsetted_regridded.nc4
/mnt/AizatDrive/smap_malaysia_subset_v8/2021/139875450_SMAP_L4_SM_gph_20210811T073000_Vv8010_001_subsetted_regridded.nc4
/mnt/AizatDrive/smap_malaysia_subset_v8/2021/139875459_SMAP_L4_SM_gph_20210812T073000_Vv8010_001_subsetted_regridded.nc4
/mnt/AizatDrive/smap_malaysia_subset_v8/2021/139875468_SMAP_L4_SM_gph_20210813T073000_Vv8010_001_subsetted_regridded.nc4
/mnt/AizatDrive/smap_malaysia_subset_v8/2021/139875469_SMAP_L4_SM_gph_20210813T103000_Vv8010_001_subsetted_regridded.nc4
/mnt/AizatDrive/smap_malaysia_subset_v8/2021/139875494_SMAP_L4_SM_gph_20210812T133000_Vv8010_001_subsetted_regridded.nc4
/mnt/AizatDrive/smap_malaysia_subset_v8/2021/139875500_SMAP_L4_SM_gph_20210813T013000_Vv8010_001_subsetted_regridded.nc4
/mnt/AizatDrive/smap_malaysia_subset_v8/2021/139875501_SMAP_L4_SM_gph_20210812T103000_Vv8010_001_subsetted_regridded.nc4
/mnt/AizatDrive/smap_malaysia_subset_v8/2021/139875502_SMAP_L4_SM_gph_20210813T223000_Vv8010_001_subsetted_regridded.nc4
/mnt/AizatDrive/smap_malaysia_subset_v8/2021/139875512_SMAP_L4_SM_gph_20210812T223000_Vv8010_001_subsetted_regridded.nc4
/mnt/AizatDrive/smap_malaysia_subset_v8/2021/139875515_SMAP_L4_SM_gph_20210813T163000_Vv8010_001_subsetted_regridded.nc4
/mnt/AizatDrive/smap_malaysia_subset_v8/2021/139875523_SMAP_L4_SM_gph_20210812T163000_Vv8010_001_subsetted_regridded.nc4
/mnt/AizatDrive/smap_malaysia_subset_v8/2021/139875564_SMAP_L4_SM_gph_20210813T193000_Vv8010_001_subsetted_regridded.nc4
/mnt/AizatDrive/smap_malaysia_subset_v8/2021/139875563_SMAP_L4_SM_gph_20210814T163000_Vv8010_001_subsetted_regridded.nc4
/mnt/AizatDrive/smap_malaysia_subset_v8/2021/139875565_SMAP_L4_SM_gph_20210814T223000_Vv8010_001_subsetted_regridded.nc4
/mnt/AizatDrive/smap_malaysia_subset_v8/2021/139875575_SMAP_L4_SM_gph_20210813T043000_Vv8010_001_subsetted_regridded.nc4
/mnt/AizatDrive/smap_malaysia_subset_v8/2021/139875578_SMAP_L4_SM_gph_20210814T073000_Vv8010_001_subsetted_regridded.nc4
/mnt/AizatDrive/smap_malaysia_subset_v8/2021/139875582_SMAP_L4_SM_gph_20210815T193000_Vv8010_001_subsetted_regridded.nc4
/mnt/AizatDrive/smap_malaysia_subset_v8/2021/139875580_SMAP_L4_SM_gph_20210815T043000_Vv8010_001_subsetted_regridded.nc4
/mnt/AizatDrive/smap_malaysia_subset_v8/2021/139875581_SMAP_L4_SM_gph_20210818T043000_Vv8010_001_subsetted_regridded.nc4
/mnt/AizatDrive/smap_malaysia_subset_v8/2021/139875579_SMAP_L4_SM_gph_20210815T163000_Vv8010_001_subsetted_regridded.nc4
/mnt/AizatDrive/smap_malaysia_subset_v8/2021/139875584_SMAP_L4_SM_gph_20210815T013000_Vv8010_001_subsetted_regridded.nc4
/mnt/AizatDrive/smap_malaysia_subset_v8/2021/139875585_SMAP_L4_SM_gph_20210817T043000_Vv8010_001_subsetted_regridded.nc4
/mnt/AizatDrive/smap_malaysia_subset_v8/2021/139875598_SMAP_L4_SM_gph_20210816T043000_Vv8010_001_subsetted_regridded.nc4
/mnt/AizatDrive/smap_malaysia_subset_v8/2021/139875599_SMAP_L4_SM_gph_20210817T193000_Vv8010_001_subsetted_regridded.nc4
/mnt/AizatDrive/smap_malaysia_subset_v8/2021/139875597_SMAP_L4_SM_gph_20210816T133000_Vv8010_001_subsetted_regridded.nc4
/mnt/AizatDrive/smap_malaysia_subset_v8/2021/139875595_SMAP_L4_SM_gph_20210815T073000_Vv8010_001_subsetted_regridded.nc4
/mnt/AizatDrive/smap_malaysia_subset_v8/2021/139875610_SMAP_L4_SM_gph_20210817T163000_Vv8010_001_subsetted_regridded.nc4
/mnt/AizatDrive/smap_malaysia_subset_v8/2021/139875594_SMAP_L4_SM_gph_20210815T223000_Vv8010_001_subsetted_regridded.nc4
/mnt/AizatDrive/smap_malaysia_subset_v8/2021/139875596_SMAP_L4_SM_gph_20210818T103000_Vv8010_001_subsetted_regridded.nc4
/mnt/AizatDrive/smap_malaysia_subset_v8/2021/139875611_SMAP_L4_SM_gph_20210816T193000_Vv8010_001_subsetted_regridded.nc4
/mnt/AizatDrive/smap_malaysia_subset_v8/2021/139875609_SMAP_L4_SM_gph_20210815T103000_Vv8010_001_subsetted_regridded.nc4
/mnt/AizatDrive/smap_malaysia_subset_v8/2021/139875622_SMAP_L4_SM_gph_20210818T133000_Vv8010_001_subsetted_regridded.nc4
/mnt/AizatDrive/smap_malaysia_subset_v8/2021/139875621_SMAP_L4_SM_gph_20210815T133000_Vv8010_001_subsetted_regridded.nc4
/mnt/AizatDrive/smap_malaysia_subset_v8/2021/139875623_SMAP_L4_SM_gph_20210816T103000_Vv8010_001_subsetted_regridded.nc4
/mnt/AizatDrive/smap_malaysia_subset_v8/2021/139875645_SMAP_L4_SM_gph_20210819T013000_Vv8010_001_subsetted_regridded.nc4
/mnt/AizatDrive/smap_malaysia_subset_v8/2021/139875644_SMAP_L4_SM_gph_20210818T013000_Vv8010_001_subsetted_regridded.nc4
/mnt/AizatDrive/smap_malaysia_subset_v8/2021/139875620_SMAP_L4_SM_gph_20210818T163000_Vv8010_001_subsetted_regridded.nc4
/mnt/AizatDrive/smap_malaysia_subset_v8/2021/139875647_SMAP_L4_SM_gph_20210817T013000_Vv8010_001_subsetted_regridded.nc4
/mnt/AizatDrive/smap_malaysia_subset_v8/2021/139875648_SMAP_L4_SM_gph_20210816T163000_Vv8010_001_subsetted_regridded.nc4
/mnt/AizatDrive/smap_malaysia_subset_v8/2021/139875649_SMAP_L4_SM_gph_20210816T013000_Vv8010_001_subsetted_regridded.nc4
/mnt/AizatDrive/smap_malaysia_subset_v8/2021/139875646_SMAP_L4_SM_gph_20210817T133000_Vv8010_001_subsetted_regridded.nc4
/mnt/AizatDrive/smap_malaysia_subset_v8/2021/139875727_SMAP_L4_SM_gph_20210816T223000_Vv8010_001_subsetted_regridded.nc4
/mnt/AizatDrive/smap_malaysia_subset_v8/2021/139875728_SMAP_L4_SM_gph_20210819T223000_Vv8010_001_subsetted_regridded.nc4
/mnt/AizatDrive/smap_malaysia_subset_v8/2021/139875779_SMAP_L4_SM_gph_20210820T103000_Vv8010_001_subsetted_regridded.nc4
/mnt/AizatDrive/smap_malaysia_subset_v8/2021/139875780_SMAP_L4_SM_gph_20210821T013000_Vv8010_001_subsetted_regridded.nc4
/mnt/AizatDrive/smap_malaysia_subset_v8/2021/139875781_SMAP_L4_SM_gph_20210816T073000_Vv8010_001_subsetted_regridded.nc4
/mnt/AizatDrive/smap_malaysia_subset_v8/2021/139875800_SMAP_L4_SM_gph_20210817T223000_Vv8010_001_subsetted_regridded.nc4
/mnt/AizatDrive/smap_malaysia_subset_v8/2021/139875830_SMAP_L4_SM_gph_20210821T043000_Vv8010_001_subsetted_regridded.nc4
/mnt/AizatDrive/smap_malaysia_subset_v8/2021/139875828_SMAP_L4_SM_gph_20210822T163000_Vv8010_001_subsetted_regridded.nc4
/mnt/AizatDrive/smap_malaysia_subset_v8/2021/139875832_SMAP_L4_SM_gph_20210818T073000_Vv8010_001_subsetted_regridded.nc4
/mnt/AizatDrive/smap_malaysia_subset_v8/2021/139875844_SMAP_L4_SM_gph_20210823T133000_Vv8010_001_subsetted_regridded.nc4
/mnt/AizatDrive/smap_malaysia_subset_v8/2021/139875845_SMAP_L4_SM_gph_20210823T043000_Vv8010_001_subsetted_regridded.nc4
/mnt/AizatDrive/smap_malaysia_subset_v8/2021/139875846_SMAP_L4_SM_gph_20210824T163000_Vv8010_001_subsetted_regridded.nc4
/mnt/AizatDrive/smap_malaysia_subset_v8/2021/139875863_SMAP_L4_SM_gph_20210824T193000_Vv8010_001_subsetted_regridded.nc4
/mnt/AizatDrive/smap_malaysia_subset_v8/2021/139875860_SMAP_L4_SM_gph_20210818T193000_Vv8010_001_subsetted_regridded.nc4
/mnt/AizatDrive/smap_malaysia_subset_v8/2021/139875861_SMAP_L4_SM_gph_20210823T163000_Vv8010_001_subsetted_regridded.nc4
/mnt/AizatDrive/smap_malaysia_subset_v8/2021/139875872_SMAP_L4_SM_gph_20210824T013000_Vv8010_001_subsetted_regridded.nc4
/mnt/AizatDrive/smap_malaysia_subset_v8/2021/139875873_SMAP_L4_SM_gph_20210822T133000_Vv8010_001_subsetted_regridded.nc4
/mnt/AizatDrive/smap_malaysia_subset_v8/2021/139875874_SMAP_L4_SM_gph_20210820T013000_Vv8010_001_subsetted_regridded.nc4
/mnt/AizatDrive/smap_malaysia_subset_v8/2021/139875875_SMAP_L4_SM_gph_20210823T193000_Vv8010_001_subsetted_regridded.nc4
/mnt/AizatDrive/smap_malaysia_subset_v8/2021/139875876_SMAP_L4_SM_gph_20210819T073000_Vv8010_001_subsetted_regridded.nc4
/mnt/AizatDrive/smap_malaysia_subset_v8/2021/139875877_SMAP_L4_SM_gph_20210819T043000_Vv8010_001_subsetted_regridded.nc4
/mnt/AizatDrive/smap_malaysia_subset_v8/2021/139875889_SMAP_L4_SM_gph_20210821T073000_Vv8010_001_subsetted_regridded.nc4
/mnt/AizatDrive/smap_malaysia_subset_v8/2021/139875887_SMAP_L4_SM_gph_20210823T223000_Vv8010_001_subsetted_regridded.nc4
/mnt/AizatDrive/smap_malaysia_subset_v8/2021/139875893_SMAP_L4_SM_gph_20210821T103000_Vv8010_001_subsetted_regridded.nc4
/mnt/AizatDrive/smap_malaysia_subset_v8/2021/139875891_SMAP_L4_SM_gph_20210820T193000_Vv8010_001_subsetted_regridded.nc4
/mnt/AizatDrive/smap_malaysia_subset_v8/2021/139875886_SMAP_L4_SM_gph_20210822T193000_Vv8010_001_subsetted_regridded.nc4
/mnt/AizatDrive/smap_malaysia_subset_v8/2021/139875917_SMAP_L4_SM_gph_20210821T163000_Vv8010_001_subsetted_regridded.nc4
/mnt/AizatDrive/smap_malaysia_subset_v8/2021/139875919_SMAP_L4_SM_gph_20210821T193000_Vv8010_001_subsetted_regridded.nc4
/mnt/AizatDrive/smap_malaysia_subset_v8/2021/139875903_SMAP_L4_SM_gph_20210820T133000_Vv8010_001_subsetted_regridded.nc4
/mnt/AizatDrive/smap_malaysia_subset_v8/2021/139875888_SMAP_L4_SM_gph_20210818T223000_Vv8010_001_subsetted_regridded.nc4
/mnt/AizatDrive/smap_malaysia_subset_v8/2021/139875890_SMAP_L4_SM_gph_20210820T073000_Vv8010_001_subsetted_regridded.nc4
/mnt/AizatDrive/smap_malaysia_subset_v8/2021/139875905_SMAP_L4_SM_gph_20210821T133000_Vv8010_001_subsetted_regridded.nc4
/mnt/AizatDrive/smap_malaysia_subset_v8/2021/139875892_SMAP_L4_SM_gph_20210817T073000_Vv8010_001_subsetted_regridded.nc4
/mnt/AizatDrive/smap_malaysia_subset_v8/2021/139875904_SMAP_L4_SM_gph_20210820T163000_Vv8010_001_subsetted_regridded.nc4
/mnt/AizatDrive/smap_malaysia_subset_v8/2021/139875901_SMAP_L4_SM_gph_20210823T103000_Vv8010_001_subsetted_regridded.nc4
/mnt/AizatDrive/smap_malaysia_subset_v8/2021/139875906_SMAP_L4_SM_gph_20210822T223000_Vv8010_001_subsetted_regridded.nc4
/mnt/AizatDrive/smap_malaysia_subset_v8/2021/139875907_SMAP_L4_SM_gph_20210819T193000_Vv8010_001_subsetted_regridded.nc4
/mnt/AizatDrive/smap_malaysia_subset_v8/2021/139875924_SMAP_L4_SM_gph_20210822T103000_Vv8010_001_subsetted_regridded.nc4
/mnt/AizatDrive/smap_malaysia_subset_v8/2021/139875915_SMAP_L4_SM_gph_20210824T043000_Vv8010_001_subsetted_regridded.nc4
/mnt/AizatDrive/smap_malaysia_subset_v8/2021/139875925_SMAP_L4_SM_gph_20210821T223000_Vv8010_001_subsetted_regridded.nc4
/mnt/AizatDrive/smap_malaysia_subset_v8/2021/139875929_SMAP_L4_SM_gph_20210820T043000_Vv8010_001_subsetted_regridded.nc4
/mnt/AizatDrive/smap_malaysia_subset_v8/2021/139875926_SMAP_L4_SM_gph_20210819T163000_Vv8010_001_subsetted_regridded.nc4
/mnt/AizatDrive/smap_malaysia_subset_v8/2021/139875920_SMAP_L4_SM_gph_20210819T133000_Vv8010_001_subsetted_regridded.nc4
/mnt/AizatDrive/smap_malaysia_subset_v8/2021/139875918_SMAP_L4_SM_gph_20210824T103000_Vv8010_001_subsetted_regridded.nc4
/mnt/AizatDrive/smap_malaysia_subset_v8/2021/139875916_SMAP_L4_SM_gph_20210824T073000_Vv8010_001_subsetted_regridded.nc4
/mnt/AizatDrive/smap_malaysia_subset_v8/2021/139875939_SMAP_L4_SM_gph_20210822T073000_Vv8010_001_subsetted_regridded.nc4
/mnt/AizatDrive/smap_malaysia_subset_v8/2021/139875937_SMAP_L4_SM_gph_20210824T133000_Vv8010_001_subsetted_regridded.nc4
/mnt/AizatDrive/smap_malaysia_subset_v8/2021/139875933_SMAP_L4_SM_gph_20210822T013000_Vv8010_001_subsetted_regridded.nc4
/mnt/AizatDrive/smap_malaysia_subset_v8/2021/139875927_SMAP_L4_SM_gph_20210819T103000_Vv8010_001_subsetted_regridded.nc4
/mnt/AizatDrive/smap_malaysia_subset_v8/2021/139875928_SMAP_L4_SM_gph_20210823T073000_Vv8010_001_subsetted_regridded.nc4
/mnt/AizatDrive/smap_malaysia_subset_v8/2021/139875934_SMAP_L4_SM_gph_20210823T013000_Vv8010_001_subsetted_regridded.nc4
/mnt/AizatDrive/smap_malaysia_subset_v8/2021/139875941_SMAP_L4_SM_gph_20210820T223000_Vv8010_001_subsetted_regridded.nc4
/mnt/AizatDrive/smap_malaysia_subset_v8/2021/139875985_SMAP_L4_SM_gph_20210822T043000_Vv8010_001_subsetted_regridded.nc4
/mnt/AizatDrive/smap_malaysia_subset_v8/2021/139876162_SMAP_L4_SM_gph_20210825T013000_Vv8010_001_subsetted_regridded.nc4
/mnt/AizatDrive/smap_malaysia_subset_v8/2021/139876178_SMAP_L4_SM_gph_20210828T223000_Vv8010_001_subsetted_regridded.nc4
/mnt/AizatDrive/smap_malaysia_subset_v8/2021/139876176_SMAP_L4_SM_gph_20210825T163000_Vv8010_001_subsetted_regridded.nc4
/mnt/AizatDrive/smap_malaysia_subset_v8/2021/139876177_SMAP_L4_SM_gph_20210826T073000_Vv8010_001_subsetted_regridded.nc4
/mnt/AizatDrive/smap_malaysia_subset_v8/2021/139876196_SMAP_L4_SM_gph_20210827T163000_Vv8010_001_subsetted_regridded.nc4
/mnt/AizatDrive/smap_malaysia_subset_v8/2021/139876179_SMAP_L4_SM_gph_20210825T073000_Vv8010_001_subsetted_regridded.nc4
/mnt/AizatDrive/smap_malaysia_subset_v8/2021/139876215_SMAP_L4_SM_gph_20210830T073000_Vv8010_001_subsetted_regridded.nc4
/mnt/AizatDrive/smap_malaysia_subset_v8/2021/139876237_SMAP_L4_SM_gph_20210830T043000_Vv8010_001_subsetted_regridded.nc4
/mnt/AizatDrive/smap_malaysia_subset_v8/2021/139876206_SMAP_L4_SM_gph_20210825T133000_Vv8010_001_subsetted_regridded.nc4
/mnt/AizatDrive/smap_malaysia_subset_v8/2021/139876213_SMAP_L4_SM_gph_20210826T043000_Vv8010_001_subsetted_regridded.nc4
/mnt/AizatDrive/smap_malaysia_subset_v8/2021/139876205_SMAP_L4_SM_gph_20210828T013000_Vv8010_001_subsetted_regridded.nc4
/mnt/AizatDrive/smap_malaysia_subset_v8/2021/139876217_SMAP_L4_SM_gph_20210826T163000_Vv8010_001_subsetted_regridded.nc4
/mnt/AizatDrive/smap_malaysia_subset_v8/2021/139876219_SMAP_L4_SM_gph_20210828T133000_Vv8010_001_subsetted_regridded.nc4
/mnt/AizatDrive/smap_malaysia_subset_v8/2021/139876211_SMAP_L4_SM_gph_20210825T043000_Vv8010_001_subsetted_regridded.nc4
/mnt/AizatDrive/smap_malaysia_subset_v8/2021/139876207_SMAP_L4_SM_gph_20210826T103000_Vv8010_001_subsetted_regridded.nc4
/mnt/AizatDrive/smap_malaysia_subset_v8/2021/139876235_SMAP_L4_SM_gph_20210828T073000_Vv8010_001_subsetted_regridded.nc4
/mnt/AizatDrive/smap_malaysia_subset_v8/2021/139876292_SMAP_L4_SM_gph_20210825T223000_Vv8010_001_subsetted_regridded.nc4
/mnt/AizatDrive/smap_malaysia_subset_v8/2021/139876290_SMAP_L4_SM_gph_20210830T223000_Vv8010_001_subsetted_regridded.nc4
/mnt/AizatDrive/smap_malaysia_subset_v8/2021/139876295_SMAP_L4_SM_gph_20210826T013000_Vv8010_001_subsetted_regridded.nc4
/mnt/AizatDrive/smap_malaysia_subset_v8/2021/139876294_SMAP_L4_SM_gph_20210827T013000_Vv8010_001_subsetted_regridded.nc4
/mnt/AizatDrive/smap_malaysia_subset_v8/2021/139876317_SMAP_L4_SM_gph_20210826T193000_Vv8010_001_subsetted_regridded.nc4
/mnt/AizatDrive/smap_malaysia_subset_v8/2021/139876320_SMAP_L4_SM_gph_20210824T223000_Vv8010_001_subsetted_regridded.nc4
/mnt/AizatDrive/smap_malaysia_subset_v8/2021/139876322_SMAP_L4_SM_gph_20210829T043000_Vv8010_001_subsetted_regridded.nc4
/mnt/AizatDrive/smap_malaysia_subset_v8/2021/139876318_SMAP_L4_SM_gph_20210829T223000_Vv8010_001_subsetted_regridded.nc4
/mnt/AizatDrive/smap_malaysia_subset_v8/2021/139876316_SMAP_L4_SM_gph_20210828T163000_Vv8010_001_subsetted_regridded.nc4
/mnt/AizatDrive/smap_malaysia_subset_v8/2021/139876339_SMAP_L4_SM_gph_20210829T013000_Vv8010_001_subsetted_regridded.nc4
/mnt/AizatDrive/smap_malaysia_subset_v8/2021/139876341_SMAP_L4_SM_gph_20210831T073000_Vv8010_001_subsetted_regridded.nc4
/mnt/AizatDrive/smap_malaysia_subset_v8/2021/139876340_SMAP_L4_SM_gph_20210825T193000_Vv8010_001_subsetted_regridded.nc4
/mnt/AizatDrive/smap_malaysia_subset_v8/2021/139876350_SMAP_L4_SM_gph_20210827T043000_Vv8010_001_subsetted_regridded.nc4
/mnt/AizatDrive/smap_malaysia_subset_v8/2021/139876352_SMAP_L4_SM_gph_20210826T223000_Vv8010_001_subsetted_regridded.nc4
/mnt/AizatDrive/smap_malaysia_subset_v8/2021/139876353_SMAP_L4_SM_gph_20210829T073000_Vv8010_001_subsetted_regridded.nc4
/mnt/AizatDrive/smap_malaysia_subset_v8/2021/139876355_SMAP_L4_SM_gph_20210831T013000_Vv8010_001_subsetted_regridded.nc4
/mnt/AizatDrive/smap_malaysia_subset_v8/2021/139876351_SMAP_L4_SM_gph_20210829T103000_Vv8010_001_subsetted_regridded.nc4
/mnt/AizatDrive/smap_malaysia_subset_v8/2021/139876401_SMAP_L4_SM_gph_20210828T193000_Vv8010_001_subsetted_regridded.nc4
/mnt/AizatDrive/smap_malaysia_subset_v8/2021/139876383_SMAP_L4_SM_gph_20210827T073000_Vv8010_001_subsetted_regridded.nc4
/mnt/AizatDrive/smap_malaysia_subset_v8/2021/139876370_SMAP_L4_SM_gph_20210830T163000_Vv8010_001_subsetted_regridded.nc4
/mnt/AizatDrive/smap_malaysia_subset_v8/2021/139876384_SMAP_L4_SM_gph_20210827T103000_Vv8010_001_subsetted_regridded.nc4
/mnt/AizatDrive/smap_malaysia_subset_v8/2021/139876371_SMAP_L4_SM_gph_20210829T133000_Vv8010_001_subsetted_regridded.nc4
/mnt/AizatDrive/smap_malaysia_subset_v8/2021/139876419_SMAP_L4_SM_gph_20210831T163000_Vv8010_001_subsetted_regridded.nc4
/mnt/AizatDrive/smap_malaysia_subset_v8/2021/139876405_SMAP_L4_SM_gph_20210828T103000_Vv8010_001_subsetted_regridded.nc4
/mnt/AizatDrive/smap_malaysia_subset_v8/2021/139876461_SMAP_L4_SM_gph_20210831T193000_Vv8010_001_subsetted_regridded.nc4
/mnt/AizatDrive/smap_malaysia_subset_v8/2021/139876385_SMAP_L4_SM_gph_20210829T163000_Vv8010_001_subsetted_regridded.nc4
/mnt/AizatDrive/smap_malaysia_subset_v8/2021/139876386_SMAP_L4_SM_gph_20210831T223000_Vv8010_001_subsetted_regridded.nc4
/mnt/AizatDrive/smap_malaysia_subset_v8/2021/139876389_SMAP_L4_SM_gph_20210827T133000_Vv8010_001_subsetted_regridded.nc4
/mnt/AizatDrive/smap_malaysia_subset_v8/2021/139876463_SMAP_L4_SM_gph_20210901T013000_Vv8010_001_subsetted_regridded.nc4
/mnt/AizatDrive/smap_malaysia_subset_v8/2021/139876424_SMAP_L4_SM_gph_20210825T103000_Vv8010_001_subsetted_regridded.nc4
/mnt/AizatDrive/smap_malaysia_subset_v8/2021/139876403_SMAP_L4_SM_gph_20210827T193000_Vv8010_001_subsetted_regridded.nc4
/mnt/AizatDrive/smap_malaysia_subset_v8/2021/139876423_SMAP_L4_SM_gph_20210830T013000_Vv8010_001_subsetted_regridded.nc4
/mnt/AizatDrive/smap_malaysia_subset_v8/2021/139876387_SMAP_L4_SM_gph_20210829T193000_Vv8010_001_subsetted_regridded.nc4
/mnt/AizatDrive/smap_malaysia_subset_v8/2021/139876459_SMAP_L4_SM_gph_20210901T043000_Vv8010_001_subsetted_regridded.nc4
/mnt/AizatDrive/smap_malaysia_subset_v8/2021/139876421_SMAP_L4_SM_gph_20210827T223000_Vv8010_001_subsetted_regridded.nc4
/mnt/AizatDrive/smap_malaysia_subset_v8/2021/139876404_SMAP_L4_SM_gph_20210831T043000_Vv8010_001_subsetted_regridded.nc4
/mnt/AizatDrive/smap_malaysia_subset_v8/2021/139876402_SMAP_L4_SM_gph_20210831T103000_Vv8010_001_subsetted_regridded.nc4
/mnt/AizatDrive/smap_malaysia_subset_v8/2021/139876460_SMAP_L4_SM_gph_20210901T073000_Vv8010_001_subsetted_regridded.nc4
/mnt/AizatDrive/smap_malaysia_subset_v8/2021/139876388_SMAP_L4_SM_gph_20210828T043000_Vv8010_001_subsetted_regridded.nc4
/mnt/AizatDrive/smap_malaysia_subset_v8/2021/139876420_SMAP_L4_SM_gph_20210830T193000_Vv8010_001_subsetted_regridded.nc4
/mnt/AizatDrive/smap_malaysia_subset_v8/2021/139876462_SMAP_L4_SM_gph_20210830T103000_Vv8010_001_subsetted_regridded.nc4
/mnt/AizatDrive/smap_malaysia_subset_v8/2021/139876372_SMAP_L4_SM_gph_20210831T133000_Vv8010_001_subsetted_regridded.nc4
/mnt/AizatDrive/smap_malaysia_subset_v8/2021/139876418_SMAP_L4_SM_gph_20210826T133000_Vv8010_001_subsetted_regridded.nc4
/mnt/AizatDrive/smap_malaysia_subset_v8/2021/139876465_SMAP_L4_SM_gph_20210830T133000_Vv8010_001_subsetted_regridded.nc4
/mnt/AizatDrive/smap_malaysia_subset_v8/2021/139876816_SMAP_L4_SM_gph_20210903T133000_Vv8010_001_subsetted_regridded.nc4
/mnt/AizatDrive/smap_malaysia_subset_v8/2021/139876729_SMAP_L4_SM_gph_20210902T103000_Vv8010_001_subsetted_regridded.nc4
/mnt/AizatDrive/smap_malaysia_subset_v8/2021/139876732_SMAP_L4_SM_gph_20210901T103000_Vv8010_001_subsetted_regridded.nc4
/mnt/AizatDrive/smap_malaysia_subset_v8/2021/139876775_SMAP_L4_SM_gph_20210901T133000_Vv8010_001_subsetted_regridded.nc4
/mnt/AizatDrive/smap_malaysia_subset_v8/2021/139876733_SMAP_L4_SM_gph_20210902T133000_Vv8010_001_subsetted_regridded.nc4
/mnt/AizatDrive/smap_malaysia_subset_v8/2021/139876734_SMAP_L4_SM_gph_20210902T013000_Vv8010_001_subsetted_regridded.nc4
/mnt/AizatDrive/smap_malaysia_subset_v8/2021/139876772_SMAP_L4_SM_gph_20210902T163000_Vv8010_001_subsetted_regridded.nc4
/mnt/AizatDrive/smap_malaysia_subset_v8/2021/139876754_SMAP_L4_SM_gph_20210902T073000_Vv8010_001_subsetted_regridded.nc4
/mnt/AizatDrive/smap_malaysia_subset_v8/2021/139876777_SMAP_L4_SM_gph_20210903T043000_Vv8010_001_subsetted_regridded.nc4
/mnt/AizatDrive/smap_malaysia_subset_v8/2021/139876793_SMAP_L4_SM_gph_20210901T193000_Vv8010_001_subsetted_regridded.nc4
/mnt/AizatDrive/smap_malaysia_subset_v8/2021/139876835_SMAP_L4_SM_gph_20210902T193000_Vv8010_001_subsetted_regridded.nc4
/mnt/AizatDrive/smap_malaysia_subset_v8/2021/139876834_SMAP_L4_SM_gph_20210903T073000_Vv8010_001_subsetted_regridded.nc4
/mnt/AizatDrive/smap_malaysia_subset_v8/2021/139876853_SMAP_L4_SM_gph_20210901T163000_Vv8010_001_subsetted_regridded.nc4
/mnt/AizatDrive/smap_malaysia_subset_v8/2021/139876855_SMAP_L4_SM_gph_20210902T043000_Vv8010_001_subsetted_regridded.nc4
/mnt/AizatDrive/smap_malaysia_subset_v8/2021/139876794_SMAP_L4_SM_gph_20210903T013000_Vv8010_001_subsetted_regridded.nc4
/mnt/AizatDrive/smap_malaysia_subset_v8/2021/139876836_SMAP_L4_SM_gph_20210901T223000_Vv8010_001_subsetted_regridded.nc4
/mnt/AizatDrive/smap_malaysia_subset_v8/2021/139876876_SMAP_L4_SM_gph_20210903T103000_Vv8010_001_subsetted_regridded.nc4
/mnt/AizatDrive/smap_malaysia_subset_v8/2021/139876896_SMAP_L4_SM_gph_20210903T223000_Vv8010_001_subsetted_regridded.nc4
/mnt/AizatDrive/smap_malaysia_subset_v8/2021/139876877_SMAP_L4_SM_gph_20210902T223000_Vv8010_001_subsetted_regridded.nc4
/mnt/AizatDrive/smap_malaysia_subset_v8/2021/139877028_SMAP_L4_SM_gph_20210906T043000_Vv8010_001_subsetted_regridded.nc4
/mnt/AizatDrive/smap_malaysia_subset_v8/2021/139877029_SMAP_L4_SM_gph_20210905T013000_Vv8010_001_subsetted_regridded.nc4
/mnt/AizatDrive/smap_malaysia_subset_v8/2021/139877068_SMAP_L4_SM_gph_20210905T193000_Vv8010_001_subsetted_regridded.nc4
/mnt/AizatDrive/smap_malaysia_subset_v8/2021/139877115_SMAP_L4_SM_gph_20210904T013000_Vv8010_001_subsetted_regridded.nc4
/mnt/AizatDrive/smap_malaysia_subset_v8/2021/139877116_SMAP_L4_SM_gph_20210904T133000_Vv8010_001_subsetted_regridded.nc4
/mnt/AizatDrive/smap_malaysia_subset_v8/2021/139877096_SMAP_L4_SM_gph_20210905T163000_Vv8010_001_subsetted_regridded.nc4
/mnt/AizatDrive/smap_malaysia_subset_v8/2021/139877044_SMAP_L4_SM_gph_20210905T133000_Vv8010_001_subsetted_regridded.nc4
/mnt/AizatDrive/smap_malaysia_subset_v8/2021/139877069_SMAP_L4_SM_gph_20210905T043000_Vv8010_001_subsetted_regridded.nc4
/mnt/AizatDrive/smap_malaysia_subset_v8/2021/139877135_SMAP_L4_SM_gph_20210906T103000_Vv8010_001_subsetted_regridded.nc4
/mnt/AizatDrive/smap_malaysia_subset_v8/2021/139877210_SMAP_L4_SM_gph_20210904T163000_Vv8010_001_subsetted_regridded.nc4
/mnt/AizatDrive/smap_malaysia_subset_v8/2021/139877247_SMAP_L4_SM_gph_20210908T193000_Vv8010_001_subsetted_regridded.nc4
/mnt/AizatDrive/smap_malaysia_subset_v8/2021/139877137_SMAP_L4_SM_gph_20210904T103000_Vv8010_001_subsetted_regridded.nc4
/mnt/AizatDrive/smap_malaysia_subset_v8/2021/139877229_SMAP_L4_SM_gph_20210906T133000_Vv8010_001_subsetted_regridded.nc4
/mnt/AizatDrive/smap_malaysia_subset_v8/2021/139877246_SMAP_L4_SM_gph_20210904T193000_Vv8010_001_subsetted_regridded.nc4
/mnt/AizatDrive/smap_malaysia_subset_v8/2021/139877066_SMAP_L4_SM_gph_20210904T043000_Vv8010_001_subsetted_regridded.nc4
/mnt/AizatDrive/smap_malaysia_subset_v8/2021/139877133_SMAP_L4_SM_gph_20210906T073000_Vv8010_001_subsetted_regridded.nc4
/mnt/AizatDrive/smap_malaysia_subset_v8/2021/139877171_SMAP_L4_SM_gph_20210905T223000_Vv8010_001_subsetted_regridded.nc4
/mnt/AizatDrive/smap_malaysia_subset_v8/2021/139876940_SMAP_L4_SM_gph_20210904T223000_Vv8010_001_subsetted_regridded.nc4
/mnt/AizatDrive/smap_malaysia_subset_v8/2021/139877228_SMAP_L4_SM_gph_20210906T013000_Vv8010_001_subsetted_regridded.nc4
/mnt/AizatDrive/smap_malaysia_subset_v8/2021/139876938_SMAP_L4_SM_gph_20210903T163000_Vv8010_001_subsetted_regridded.nc4
/mnt/AizatDrive/smap_malaysia_subset_v8/2021/139877188_SMAP_L4_SM_gph_20210905T073000_Vv8010_001_subsetted_regridded.nc4
/mnt/AizatDrive/smap_malaysia_subset_v8/2021/139877370_SMAP_L4_SM_gph_20210905T103000_Vv8010_001_subsetted_regridded.nc4
/mnt/AizatDrive/smap_malaysia_subset_v8/2021/139877420_SMAP_L4_SM_gph_20210907T163000_Vv8010_001_subsetted_regridded.nc4
/mnt/AizatDrive/smap_malaysia_subset_v8/2021/139877409_SMAP_L4_SM_gph_20210906T163000_Vv8010_001_subsetted_regridded.nc4
/mnt/AizatDrive/smap_malaysia_subset_v8/2021/139877369_SMAP_L4_SM_gph_20210904T073000_Vv8010_001_subsetted_regridded.nc4
/mnt/AizatDrive/smap_malaysia_subset_v8/2021/139877421_SMAP_L4_SM_gph_20210907T073000_Vv8010_001_subsetted_regridded.nc4
/mnt/AizatDrive/smap_malaysia_subset_v8/2021/139877460_SMAP_L4_SM_gph_20210907T133000_Vv8010_001_subsetted_regridded.nc4
/mnt/AizatDrive/smap_malaysia_subset_v8/2021/139877471_SMAP_L4_SM_gph_20210907T013000_Vv8010_001_subsetted_regridded.nc4
/mnt/AizatDrive/smap_malaysia_subset_v8/2021/139877472_SMAP_L4_SM_gph_20210907T103000_Vv8010_001_subsetted_regridded.nc4
/mnt/AizatDrive/smap_malaysia_subset_v8/2021/139877487_SMAP_L4_SM_gph_20210908T013000_Vv8010_001_subsetted_regridded.nc4
/mnt/AizatDrive/smap_malaysia_subset_v8/2021/139877489_SMAP_L4_SM_gph_20210907T193000_Vv8010_001_subsetted_regridded.nc4
/mnt/AizatDrive/smap_malaysia_subset_v8/2021/139877486_SMAP_L4_SM_gph_20210906T193000_Vv8010_001_subsetted_regridded.nc4
/mnt/AizatDrive/smap_malaysia_subset_v8/2021/139877488_SMAP_L4_SM_gph_20210906T223000_Vv8010_001_subsetted_regridded.nc4
/mnt/AizatDrive/smap_malaysia_subset_v8/2021/139877507_SMAP_L4_SM_gph_20210907T223000_Vv8010_001_subsetted_regridded.nc4
/mnt/AizatDrive/smap_malaysia_subset_v8/2021/139877502_SMAP_L4_SM_gph_20210909T073000_Vv8010_001_subsetted_regridded.nc4
/mnt/AizatDrive/smap_malaysia_subset_v8/2021/139877779_SMAP_L4_SM_gph_20210911T193000_Vv8010_001_subsetted_regridded.nc4
/mnt/AizatDrive/smap_malaysia_subset_v8/2021/139877500_SMAP_L4_SM_gph_20210908T133000_Vv8010_001_subsetted_regridded.nc4
/mnt/AizatDrive/smap_malaysia_subset_v8/2021/139877501_SMAP_L4_SM_gph_20210908T163000_Vv8010_001_subsetted_regridded.nc4
/mnt/AizatDrive/smap_malaysia_subset_v8/2021/139877538_SMAP_L4_SM_gph_20210909T193000_Vv8010_001_subsetted_regridded.nc4
/mnt/AizatDrive/smap_malaysia_subset_v8/2021/139877504_SMAP_L4_SM_gph_20210908T103000_Vv8010_001_subsetted_regridded.nc4
/mnt/AizatDrive/smap_malaysia_subset_v8/2021/139877522_SMAP_L4_SM_gph_20210909T013000_Vv8010_001_subsetted_regridded.nc4
/mnt/AizatDrive/smap_malaysia_subset_v8/2021/139877524_SMAP_L4_SM_gph_20210908T073000_Vv8010_001_subsetted_regridded.nc4
/mnt/AizatDrive/smap_malaysia_subset_v8/2021/139877550_SMAP_L4_SM_gph_20210909T103000_Vv8010_001_subsetted_regridded.nc4
/mnt/AizatDrive/smap_malaysia_subset_v8/2021/139877777_SMAP_L4_SM_gph_20210914T133000_Vv8010_001_subsetted_regridded.nc4
/mnt/AizatDrive/smap_malaysia_subset_v8/2021/139877505_SMAP_L4_SM_gph_20210908T223000_Vv8010_001_subsetted_regridded.nc4
/mnt/AizatDrive/smap_malaysia_subset_v8/2021/139877774_SMAP_L4_SM_gph_20210910T013000_Vv8010_001_subsetted_regridded.nc4
/mnt/AizatDrive/smap_malaysia_subset_v8/2021/139877775_SMAP_L4_SM_gph_20210911T013000_Vv8010_001_subsetted_regridded.nc4
/mnt/AizatDrive/smap_malaysia_subset_v8/2021/139877552_SMAP_L4_SM_gph_20210909T133000_Vv8010_001_subsetted_regridded.nc4
/mnt/AizatDrive/smap_malaysia_subset_v8/2021/139877778_SMAP_L4_SM_gph_20210912T103000_Vv8010_001_subsetted_regridded.nc4
/mnt/AizatDrive/smap_malaysia_subset_v8/2021/139877569_SMAP_L4_SM_gph_20210908T043000_Vv8010_001_subsetted_regridded.nc4
/mnt/AizatDrive/smap_malaysia_subset_v8/2021/139877568_SMAP_L4_SM_gph_20210909T223000_Vv8010_001_subsetted_regridded.nc4
/mnt/AizatDrive/smap_malaysia_subset_v8/2021/139877764_SMAP_L4_SM_gph_20210911T103000_Vv8010_001_subsetted_regridded.nc4
/mnt/AizatDrive/smap_malaysia_subset_v8/2021/139877768_SMAP_L4_SM_gph_20210910T223000_Vv8010_001_subsetted_regridded.nc4
/mnt/AizatDrive/smap_malaysia_subset_v8/2021/139877763_SMAP_L4_SM_gph_20210913T103000_Vv8010_001_subsetted_regridded.nc4
/mnt/AizatDrive/smap_malaysia_subset_v8/2021/139877766_SMAP_L4_SM_gph_20210910T193000_Vv8010_001_subsetted_regridded.nc4
/mnt/AizatDrive/smap_malaysia_subset_v8/2021/139877765_SMAP_L4_SM_gph_20210910T133000_Vv8010_001_subsetted_regridded.nc4
/mnt/AizatDrive/smap_malaysia_subset_v8/2021/139877555_SMAP_L4_SM_gph_20210909T043000_Vv8010_001_subsetted_regridded.nc4
/mnt/AizatDrive/smap_malaysia_subset_v8/2021/139877776_SMAP_L4_SM_gph_20210914T073000_Vv8010_001_subsetted_regridded.nc4
/mnt/AizatDrive/smap_malaysia_subset_v8/2021/139877781_SMAP_L4_SM_gph_20210913T013000_Vv8010_001_subsetted_regridded.nc4
/mnt/AizatDrive/smap_malaysia_subset_v8/2021/139877762_SMAP_L4_SM_gph_20210914T043000_Vv8010_001_subsetted_regridded.nc4
/mnt/AizatDrive/smap_malaysia_subset_v8/2021/139877792_SMAP_L4_SM_gph_20210913T193000_Vv8010_001_subsetted_regridded.nc4
/mnt/AizatDrive/smap_malaysia_subset_v8/2021/139877589_SMAP_L4_SM_gph_20210909T163000_Vv8010_001_subsetted_regridded.nc4
/mnt/AizatDrive/smap_malaysia_subset_v8/2021/139877791_SMAP_L4_SM_gph_20210910T103000_Vv8010_001_subsetted_regridded.nc4
/mnt/AizatDrive/smap_malaysia_subset_v8/2021/139877789_SMAP_L4_SM_gph_20210914T223000_Vv8010_001_subsetted_regridded.nc4
/mnt/AizatDrive/smap_malaysia_subset_v8/2021/139877783_SMAP_L4_SM_gph_20210914T103000_Vv8010_001_subsetted_regridded.nc4
/mnt/AizatDrive/smap_malaysia_subset_v8/2021/139877798_SMAP_L4_SM_gph_20210915T103000_Vv8010_001_subsetted_regridded.nc4
/mnt/AizatDrive/smap_malaysia_subset_v8/2021/139877796_SMAP_L4_SM_gph_20210912T013000_Vv8010_001_subsetted_regridded.nc4
/mnt/AizatDrive/smap_malaysia_subset_v8/2021/139877782_SMAP_L4_SM_gph_20210916T013000_Vv8010_001_subsetted_regridded.nc4
/mnt/AizatDrive/smap_malaysia_subset_v8/2021/139877793_SMAP_L4_SM_gph_20210913T223000_Vv8010_001_subsetted_regridded.nc4
/mnt/AizatDrive/smap_malaysia_subset_v8/2021/139877780_SMAP_L4_SM_gph_20210914T163000_Vv8010_001_subsetted_regridded.nc4
/mnt/AizatDrive/smap_malaysia_subset_v8/2021/139877795_SMAP_L4_SM_gph_20210913T073000_Vv8010_001_subsetted_regridded.nc4
/mnt/AizatDrive/smap_malaysia_subset_v8/2021/139877794_SMAP_L4_SM_gph_20210912T193000_Vv8010_001_subsetted_regridded.nc4
/mnt/AizatDrive/smap_malaysia_subset_v8/2021/139877826_SMAP_L4_SM_gph_20210912T073000_Vv8010_001_subsetted_regridded.nc4
/mnt/AizatDrive/smap_malaysia_subset_v8/2021/139877812_SMAP_L4_SM_gph_20210916T223000_Vv8010_001_subsetted_regridded.nc4
/mnt/AizatDrive/smap_malaysia_subset_v8/2021/139877828_SMAP_L4_SM_gph_20210910T043000_Vv8010_001_subsetted_regridded.nc4
/mnt/AizatDrive/smap_malaysia_subset_v8/2021/139877847_SMAP_L4_SM_gph_20210912T223000_Vv8010_001_subsetted_regridded.nc4
/mnt/AizatDrive/smap_malaysia_subset_v8/2021/139877832_SMAP_L4_SM_gph_20210911T133000_Vv8010_001_subsetted_regridded.nc4
/mnt/AizatDrive/smap_malaysia_subset_v8/2021/139877833_SMAP_L4_SM_gph_20210911T223000_Vv8010_001_subsetted_regridded.nc4
/mnt/AizatDrive/smap_malaysia_subset_v8/2021/139877862_SMAP_L4_SM_gph_20210912T133000_Vv8010_001_subsetted_regridded.nc4
/mnt/AizatDrive/smap_malaysia_subset_v8/2021/139877830_SMAP_L4_SM_gph_20210910T163000_Vv8010_001_subsetted_regridded.nc4
/mnt/AizatDrive/smap_malaysia_subset_v8/2021/139877797_SMAP_L4_SM_gph_20210911T163000_Vv8010_001_subsetted_regridded.nc4
/mnt/AizatDrive/smap_malaysia_subset_v8/2021/139877839_SMAP_L4_SM_gph_20210913T043000_Vv8010_001_subsetted_regridded.nc4
/mnt/AizatDrive/smap_malaysia_subset_v8/2021/139877811_SMAP_L4_SM_gph_20210914T193000_Vv8010_001_subsetted_regridded.nc4
/mnt/AizatDrive/smap_malaysia_subset_v8/2021/139877846_SMAP_L4_SM_gph_20210913T163000_Vv8010_001_subsetted_regridded.nc4
/mnt/AizatDrive/smap_malaysia_subset_v8/2021/139877841_SMAP_L4_SM_gph_20210915T073000_Vv8010_001_subsetted_regridded.nc4
/mnt/AizatDrive/smap_malaysia_subset_v8/2021/139877824_SMAP_L4_SM_gph_20210915T013000_Vv8010_001_subsetted_regridded.nc4
/mnt/AizatDrive/smap_malaysia_subset_v8/2021/139877844_SMAP_L4_SM_gph_20210912T163000_Vv8010_001_subsetted_regridded.nc4
/mnt/AizatDrive/smap_malaysia_subset_v8/2021/139877843_SMAP_L4_SM_gph_20210912T043000_Vv8010_001_subsetted_regridded.nc4
/mnt/AizatDrive/smap_malaysia_subset_v8/2021/139877799_SMAP_L4_SM_gph_20210915T193000_Vv8010_001_subsetted_regridded.nc4
/mnt/AizatDrive/smap_malaysia_subset_v8/2021/139877845_SMAP_L4_SM_gph_20210914T013000_Vv8010_001_subsetted_regridded.nc4
/mnt/AizatDrive/smap_malaysia_subset_v8/2021/139877837_SMAP_L4_SM_gph_20210911T073000_Vv8010_001_subsetted_regridded.nc4
/mnt/AizatDrive/smap_malaysia_subset_v8/2021/139877848_SMAP_L4_SM_gph_20210915T163000_Vv8010_001_subsetted_regridded.nc4
/mnt/AizatDrive/smap_malaysia_subset_v8/2021/139877831_SMAP_L4_SM_gph_20210911T043000_Vv8010_001_subsetted_regridded.nc4
/mnt/AizatDrive/smap_malaysia_subset_v8/2021/139877882_SMAP_L4_SM_gph_20210915T223000_Vv8010_001_subsetted_regridded.nc4
/mnt/AizatDrive/smap_malaysia_subset_v8/2021/139877864_SMAP_L4_SM_gph_20210910T073000_Vv8010_001_subsetted_regridded.nc4
/mnt/AizatDrive/smap_malaysia_subset_v8/2021/139877865_SMAP_L4_SM_gph_20210915T133000_Vv8010_001_subsetted_regridded.nc4
/mnt/AizatDrive/smap_malaysia_subset_v8/2021/139877863_SMAP_L4_SM_gph_20210913T133000_Vv8010_001_subsetted_regridded.nc4
/mnt/AizatDrive/smap_malaysia_subset_v8/2021/139877891_SMAP_L4_SM_gph_20210916T133000_Vv8010_001_subsetted_regridded.nc4
/mnt/AizatDrive/smap_malaysia_subset_v8/2021/139877883_SMAP_L4_SM_gph_20210915T043000_Vv8010_001_subsetted_regridded.nc4
/mnt/AizatDrive/smap_malaysia_subset_v8/2021/139877893_SMAP_L4_SM_gph_20210916T043000_Vv8010_001_subsetted_regridded.nc4
/mnt/AizatDrive/smap_malaysia_subset_v8/2021/139877921_SMAP_L4_SM_gph_20210917T223000_Vv8010_001_subsetted_regridded.nc4
/mnt/AizatDrive/smap_malaysia_subset_v8/2021/139877923_SMAP_L4_SM_gph_20210917T043000_Vv8010_001_subsetted_regridded.nc4
/mnt/AizatDrive/smap_malaysia_subset_v8/2021/139878007_SMAP_L4_SM_gph_20210917T013000_Vv8010_001_subsetted_regridded.nc4
/mnt/AizatDrive/smap_malaysia_subset_v8/2021/139878040_SMAP_L4_SM_gph_20210917T133000_Vv8010_001_subsetted_regridded.nc4
/mnt/AizatDrive/smap_malaysia_subset_v8/2021/139877983_SMAP_L4_SM_gph_20210916T073000_Vv8010_001_subsetted_regridded.nc4
/mnt/AizatDrive/smap_malaysia_subset_v8/2021/139878013_SMAP_L4_SM_gph_20210918T073000_Vv8010_001_subsetted_regridded.nc4
/mnt/AizatDrive/smap_malaysia_subset_v8/2021/139877986_SMAP_L4_SM_gph_20210916T193000_Vv8010_001_subsetted_regridded.nc4
/mnt/AizatDrive/smap_malaysia_subset_v8/2021/139878008_SMAP_L4_SM_gph_20210918T013000_Vv8010_001_subsetted_regridded.nc4
/mnt/AizatDrive/smap_malaysia_subset_v8/2021/139878012_SMAP_L4_SM_gph_20210923T073000_Vv8010_001_subsetted_regridded.nc4
/mnt/AizatDrive/smap_malaysia_subset_v8/2021/139878010_SMAP_L4_SM_gph_20210918T103000_Vv8010_001_subsetted_regridded.nc4
/mnt/AizatDrive/smap_malaysia_subset_v8/2021/139877944_SMAP_L4_SM_gph_20210916T163000_Vv8010_001_subsetted_regridded.nc4
/mnt/AizatDrive/smap_malaysia_subset_v8/2021/139877985_SMAP_L4_SM_gph_20210918T043000_Vv8010_001_subsetted_regridded.nc4
/mnt/AizatDrive/smap_malaysia_subset_v8/2021/139878009_SMAP_L4_SM_gph_20210917T073000_Vv8010_001_subsetted_regridded.nc4
/mnt/AizatDrive/smap_malaysia_subset_v8/2021/139878061_SMAP_L4_SM_gph_20210921T223000_Vv8010_001_subsetted_regridded.nc4
/mnt/AizatDrive/smap_malaysia_subset_v8/2021/139878038_SMAP_L4_SM_gph_20210917T163000_Vv8010_001_subsetted_regridded.nc4
/mnt/AizatDrive/smap_malaysia_subset_v8/2021/139878060_SMAP_L4_SM_gph_20210922T223000_Vv8010_001_subsetted_regridded.nc4
/mnt/AizatDrive/smap_malaysia_subset_v8/2021/139878043_SMAP_L4_SM_gph_20210923T163000_Vv8010_001_subsetted_regridded.nc4
/mnt/AizatDrive/smap_malaysia_subset_v8/2021/139878042_SMAP_L4_SM_gph_20210918T133000_Vv8010_001_subsetted_regridded.nc4
/mnt/AizatDrive/smap_malaysia_subset_v8/2021/139878041_SMAP_L4_SM_gph_20210916T103000_Vv8010_001_subsetted_regridded.nc4
/mnt/AizatDrive/smap_malaysia_subset_v8/2021/139878082_SMAP_L4_SM_gph_20210922T193000_Vv8010_001_subsetted_regridded.nc4
/mnt/AizatDrive/smap_malaysia_subset_v8/2021/139878015_SMAP_L4_SM_gph_20210917T193000_Vv8010_001_subsetted_regridded.nc4
/mnt/AizatDrive/smap_malaysia_subset_v8/2021/139878273_SMAP_L4_SM_gph_20210924T013000_Vv8010_001_subsetted_regridded.nc4
/mnt/AizatDrive/smap_malaysia_subset_v8/2021/139878121_SMAP_L4_SM_gph_20210921T163000_Vv8010_001_subsetted_regridded.nc4
/mnt/AizatDrive/smap_malaysia_subset_v8/2021/139878269_SMAP_L4_SM_gph_20210923T103000_Vv8010_001_subsetted_regridded.nc4
/mnt/AizatDrive/smap_malaysia_subset_v8/2021/139878275_SMAP_L4_SM_gph_20210920T013000_Vv8010_001_subsetted_regridded.nc4
/mnt/AizatDrive/smap_malaysia_subset_v8/2021/139878271_SMAP_L4_SM_gph_20210923T013000_Vv8010_001_subsetted_regridded.nc4
/mnt/AizatDrive/smap_malaysia_subset_v8/2021/139878274_SMAP_L4_SM_gph_20210919T163000_Vv8010_001_subsetted_regridded.nc4
/mnt/AizatDrive/smap_malaysia_subset_v8/2021/139878272_SMAP_L4_SM_gph_20210922T043000_Vv8010_001_subsetted_regridded.nc4
/mnt/AizatDrive/smap_malaysia_subset_v8/2021/139878289_SMAP_L4_SM_gph_20210922T013000_Vv8010_001_subsetted_regridded.nc4
/mnt/AizatDrive/smap_malaysia_subset_v8/2021/139878290_SMAP_L4_SM_gph_20210922T133000_Vv8010_001_subsetted_regridded.nc4
/mnt/AizatDrive/smap_malaysia_subset_v8/2021/139878276_SMAP_L4_SM_gph_20210920T043000_Vv8010_001_subsetted_regridded.nc4
/mnt/AizatDrive/smap_malaysia_subset_v8/2021/139878287_SMAP_L4_SM_gph_20210919T043000_Vv8010_001_subsetted_regridded.nc4
/mnt/AizatDrive/smap_malaysia_subset_v8/2021/139878293_SMAP_L4_SM_gph_20210919T133000_Vv8010_001_subsetted_regridded.nc4
/mnt/AizatDrive/smap_malaysia_subset_v8/2021/139878335_SMAP_L4_SM_gph_20210918T163000_Vv8010_001_subsetted_regridded.nc4
/mnt/AizatDrive/smap_malaysia_subset_v8/2021/139878286_SMAP_L4_SM_gph_20210918T193000_Vv8010_001_subsetted_regridded.nc4
/mnt/AizatDrive/smap_malaysia_subset_v8/2021/139878321_SMAP_L4_SM_gph_20210922T073000_Vv8010_001_subsetted_regridded.nc4
/mnt/AizatDrive/smap_malaysia_subset_v8/2021/139878317_SMAP_L4_SM_gph_20210922T103000_Vv8010_001_subsetted_regridded.nc4
/mnt/AizatDrive/smap_malaysia_subset_v8/2021/139878319_SMAP_L4_SM_gph_20210923T043000_Vv8010_001_subsetted_regridded.nc4
/mnt/AizatDrive/smap_malaysia_subset_v8/2021/139878322_SMAP_L4_SM_gph_20210919T193000_Vv8010_001_subsetted_regridded.nc4
/mnt/AizatDrive/smap_malaysia_subset_v8/2021/139878337_SMAP_L4_SM_gph_20210921T193000_Vv8010_001_subsetted_regridded.nc4
/mnt/AizatDrive/smap_malaysia_subset_v8/2021/139878377_SMAP_L4_SM_gph_20210919T103000_Vv8010_001_subsetted_regridded.nc4
/mnt/AizatDrive/smap_malaysia_subset_v8/2021/139878381_SMAP_L4_SM_gph_20210918T223000_Vv8010_001_subsetted_regridded.nc4
/mnt/AizatDrive/smap_malaysia_subset_v8/2021/139878354_SMAP_L4_SM_gph_20210922T163000_Vv8010_001_subsetted_regridded.nc4
/mnt/AizatDrive/smap_malaysia_subset_v8/2021/139878365_SMAP_L4_SM_gph_20210923T223000_Vv8010_001_subsetted_regridded.nc4
/mnt/AizatDrive/smap_malaysia_subset_v8/2021/139878366_SMAP_L4_SM_gph_20210920T163000_Vv8010_001_subsetted_regridded.nc4
/mnt/AizatDrive/smap_malaysia_subset_v8/2021/139878378_SMAP_L4_SM_gph_20210919T223000_Vv8010_001_subsetted_regridded.nc4
/mnt/AizatDrive/smap_malaysia_subset_v8/2021/139878379_SMAP_L4_SM_gph_20210919T073000_Vv8010_001_subsetted_regridded.nc4
/mnt/AizatDrive/smap_malaysia_subset_v8/2021/139878386_SMAP_L4_SM_gph_20210923T193000_Vv8010_001_subsetted_regridded.nc4
/mnt/AizatDrive/smap_malaysia_subset_v8/2021/139878464_SMAP_L4_SM_gph_20210925T133000_Vv8010_001_subsetted_regridded.nc4
/mnt/AizatDrive/smap_malaysia_subset_v8/2021/139878474_SMAP_L4_SM_gph_20210924T193000_Vv8010_001_subsetted_regridded.nc4
/mnt/AizatDrive/smap_malaysia_subset_v8/2021/139878527_SMAP_L4_SM_gph_20210926T073000_Vv8010_001_subsetted_regridded.nc4
/mnt/AizatDrive/smap_malaysia_subset_v8/2021/139878655_SMAP_L4_SM_gph_20210928T223000_Vv8010_001_subsetted_regridded.nc4
/mnt/AizatDrive/smap_malaysia_subset_v8/2021/139878472_SMAP_L4_SM_gph_20210925T073000_Vv8010_001_subsetted_regridded.nc4
/mnt/AizatDrive/smap_malaysia_subset_v8/2021/139878476_SMAP_L4_SM_gph_20210921T043000_Vv8010_001_subsetted_regridded.nc4
/mnt/AizatDrive/smap_malaysia_subset_v8/2021/139878475_SMAP_L4_SM_gph_20210924T073000_Vv8010_001_subsetted_regridded.nc4
/mnt/AizatDrive/smap_malaysia_subset_v8/2021/139878692_SMAP_L4_SM_gph_20210927T013000_Vv8010_001_subsetted_regridded.nc4
/mnt/AizatDrive/smap_malaysia_subset_v8/2021/139878389_SMAP_L4_SM_gph_20210920T073000_Vv8010_001_subsetted_regridded.nc4
/mnt/AizatDrive/smap_malaysia_subset_v8/2021/139878542_SMAP_L4_SM_gph_20210924T103000_Vv8010_001_subsetted_regridded.nc4
/mnt/AizatDrive/smap_malaysia_subset_v8/2021/139878658_SMAP_L4_SM_gph_20210927T193000_Vv8010_001_subsetted_regridded.nc4
/mnt/AizatDrive/smap_malaysia_subset_v8/2021/139878657_SMAP_L4_SM_gph_20210925T043000_Vv8010_001_subsetted_regridded.nc4
/mnt/AizatDrive/smap_malaysia_subset_v8/2021/139878388_SMAP_L4_SM_gph_20210920T133000_Vv8010_001_subsetted_regridded.nc4
/mnt/AizatDrive/smap_malaysia_subset_v8/2021/139878465_SMAP_L4_SM_gph_20210924T133000_Vv8010_001_subsetted_regridded.nc4
/mnt/AizatDrive/smap_malaysia_subset_v8/2021/139878468_SMAP_L4_SM_gph_20210920T103000_Vv8010_001_subsetted_regridded.nc4
/mnt/AizatDrive/smap_malaysia_subset_v8/2021/139878545_SMAP_L4_SM_gph_20210925T103000_Vv8010_001_subsetted_regridded.nc4
/mnt/AizatDrive/smap_malaysia_subset_v8/2021/139878526_SMAP_L4_SM_gph_20210924T043000_Vv8010_001_subsetted_regridded.nc4
/mnt/AizatDrive/smap_malaysia_subset_v8/2021/139878387_SMAP_L4_SM_gph_20210920T223000_Vv8010_001_subsetted_regridded.nc4
/mnt/AizatDrive/smap_malaysia_subset_v8/2021/139878473_SMAP_L4_SM_gph_20210926T013000_Vv8010_001_subsetted_regridded.nc4
/mnt/AizatDrive/smap_malaysia_subset_v8/2021/139878546_SMAP_L4_SM_gph_20210921T073000_Vv8010_001_subsetted_regridded.nc4
/mnt/AizatDrive/smap_malaysia_subset_v8/2021/139878549_SMAP_L4_SM_gph_20210925T013000_Vv8010_001_subsetted_regridded.nc4
/mnt/AizatDrive/smap_malaysia_subset_v8/2021/139878547_SMAP_L4_SM_gph_20210921T133000_Vv8010_001_subsetted_regridded.nc4
/mnt/AizatDrive/smap_malaysia_subset_v8/2021/139878544_SMAP_L4_SM_gph_20210924T163000_Vv8010_001_subsetted_regridded.nc4
/mnt/AizatDrive/smap_malaysia_subset_v8/2021/139878459_SMAP_L4_SM_gph_20210925T223000_Vv8010_001_subsetted_regridded.nc4
/mnt/AizatDrive/smap_malaysia_subset_v8/2021/139878471_SMAP_L4_SM_gph_20210920T193000_Vv8010_001_subsetted_regridded.nc4
/mnt/AizatDrive/smap_malaysia_subset_v8/2021/139878654_SMAP_L4_SM_gph_20210930T163000_Vv8010_001_subsetted_regridded.nc4
/mnt/AizatDrive/smap_malaysia_subset_v8/2021/139878644_SMAP_L4_SM_gph_20210926T193000_Vv8010_001_subsetted_regridded.nc4
/mnt/AizatDrive/smap_malaysia_subset_v8/2021/139878458_SMAP_L4_SM_gph_20210921T013000_Vv8010_001_subsetted_regridded.nc4
/mnt/AizatDrive/smap_malaysia_subset_v8/2021/139878390_SMAP_L4_SM_gph_20210919T013000_Vv8010_001_subsetted_regridded.nc4
/mnt/AizatDrive/smap_malaysia_subset_v8/2021/139878677_SMAP_L4_SM_gph_20210926T133000_Vv8010_001_subsetted_regridded.nc4
/mnt/AizatDrive/smap_malaysia_subset_v8/2021/139878548_SMAP_L4_SM_gph_20210921T103000_Vv8010_001_subsetted_regridded.nc4
/mnt/AizatDrive/smap_malaysia_subset_v8/2021/139878656_SMAP_L4_SM_gph_20210929T013000_Vv8010_001_subsetted_regridded.nc4
/mnt/AizatDrive/smap_malaysia_subset_v8/2021/139878525_SMAP_L4_SM_gph_20210924T223000_Vv8010_001_subsetted_regridded.nc4
/mnt/AizatDrive/smap_malaysia_subset_v8/2021/139878445_SMAP_L4_SM_gph_20210923T133000_Vv8010_001_subsetted_regridded.nc4
/mnt/AizatDrive/smap_malaysia_subset_v8/2021/139878643_SMAP_L4_SM_gph_20210928T163000_Vv8010_001_subsetted_regridded.nc4
/mnt/AizatDrive/smap_malaysia_subset_v8/2021/139878676_SMAP_L4_SM_gph_20210928T013000_Vv8010_001_subsetted_regridded.nc4
/mnt/AizatDrive/smap_malaysia_subset_v8/2021/139878721_SMAP_L4_SM_gph_20210928T043000_Vv8010_001_subsetted_regridded.nc4
/mnt/AizatDrive/smap_malaysia_subset_v8/2021/139878735_SMAP_L4_SM_gph_20210928T073000_Vv8010_001_subsetted_regridded.nc4
/mnt/AizatDrive/smap_malaysia_subset_v8/2021/139878708_SMAP_L4_SM_gph_20210925T193000_Vv8010_001_subsetted_regridded.nc4
/mnt/AizatDrive/smap_malaysia_subset_v8/2021/139878719_SMAP_L4_SM_gph_20210926T043000_Vv8010_001_subsetted_regridded.nc4
/mnt/AizatDrive/smap_malaysia_subset_v8/2021/139878736_SMAP_L4_SM_gph_20210926T163000_Vv8010_001_subsetted_regridded.nc4
/mnt/AizatDrive/smap_malaysia_subset_v8/2021/139878723_SMAP_L4_SM_gph_20210927T163000_Vv8010_001_subsetted_regridded.nc4
/mnt/AizatDrive/smap_malaysia_subset_v8/2021/139878722_SMAP_L4_SM_gph_20210929T223000_Vv8010_001_subsetted_regridded.nc4
/mnt/AizatDrive/smap_malaysia_subset_v8/2021/139878747_SMAP_L4_SM_gph_20210930T103000_Vv8010_001_subsetted_regridded.nc4
/mnt/AizatDrive/smap_malaysia_subset_v8/2021/139878787_SMAP_L4_SM_gph_20210927T043000_Vv8010_001_subsetted_regridded.nc4
/mnt/AizatDrive/smap_malaysia_subset_v8/2021/139878810_SMAP_L4_SM_gph_20210929T073000_Vv8010_001_subsetted_regridded.nc4
/mnt/AizatDrive/smap_malaysia_subset_v8/2021/139878826_SMAP_L4_SM_gph_20210927T133000_Vv8010_001_subsetted_regridded.nc4
/mnt/AizatDrive/smap_malaysia_subset_v8/2021/139878868_SMAP_L4_SM_gph_20211002T133000_Vv8010_001_subsetted_regridded.nc4
/mnt/AizatDrive/smap_malaysia_subset_v8/2021/139878913_SMAP_L4_SM_gph_20211005T193000_Vv8010_001_subsetted_regridded.nc4
/mnt/AizatDrive/smap_malaysia_subset_v8/2021/139878751_SMAP_L4_SM_gph_20210927T073000_Vv8010_001_subsetted_regridded.nc4
/mnt/AizatDrive/smap_malaysia_subset_v8/2021/139878749_SMAP_L4_SM_gph_20210930T043000_Vv8010_001_subsetted_regridded.nc4
/mnt/AizatDrive/smap_malaysia_subset_v8/2021/139878812_SMAP_L4_SM_gph_20210928T133000_Vv8010_001_subsetted_regridded.nc4
/mnt/AizatDrive/smap_malaysia_subset_v8/2021/139878785_SMAP_L4_SM_gph_20210926T223000_Vv8010_001_subsetted_regridded.nc4
/mnt/AizatDrive/smap_malaysia_subset_v8/2021/139878811_SMAP_L4_SM_gph_20210925T163000_Vv8010_001_subsetted_regridded.nc4
/mnt/AizatDrive/smap_malaysia_subset_v8/2021/139878786_SMAP_L4_SM_gph_20210930T013000_Vv8010_001_subsetted_regridded.nc4
/mnt/AizatDrive/smap_malaysia_subset_v8/2021/139878866_SMAP_L4_SM_gph_20211001T103000_Vv8010_001_subsetted_regridded.nc4
/mnt/AizatDrive/smap_malaysia_subset_v8/2021/139878849_SMAP_L4_SM_gph_20210928T103000_Vv8010_001_subsetted_regridded.nc4
/mnt/AizatDrive/smap_malaysia_subset_v8/2021/139878851_SMAP_L4_SM_gph_20210926T103000_Vv8010_001_subsetted_regridded.nc4
/mnt/AizatDrive/smap_malaysia_subset_v8/2021/139878867_SMAP_L4_SM_gph_20211003T223000_Vv8010_001_subsetted_regridded.nc4
/mnt/AizatDrive/smap_malaysia_subset_v8/2021/139878883_SMAP_L4_SM_gph_20211004T073000_Vv8010_001_subsetted_regridded.nc4
/mnt/AizatDrive/smap_malaysia_subset_v8/2021/139878948_SMAP_L4_SM_gph_20211002T193000_Vv8010_001_subsetted_regridded.nc4
/mnt/AizatDrive/smap_malaysia_subset_v8/2021/139878885_SMAP_L4_SM_gph_20211001T043000_Vv8010_001_subsetted_regridded.nc4
/mnt/AizatDrive/smap_malaysia_subset_v8/2021/139878947_SMAP_L4_SM_gph_20211002T013000_Vv8010_001_subsetted_regridded.nc4
/mnt/AizatDrive/smap_malaysia_subset_v8/2021/139878881_SMAP_L4_SM_gph_20210930T193000_Vv8010_001_subsetted_regridded.nc4
/mnt/AizatDrive/smap_malaysia_subset_v8/2021/139878950_SMAP_L4_SM_gph_20211004T103000_Vv8010_001_subsetted_regridded.nc4
/mnt/AizatDrive/smap_malaysia_subset_v8/2021/139878949_SMAP_L4_SM_gph_20211003T163000_Vv8010_001_subsetted_regridded.nc4
/mnt/AizatDrive/smap_malaysia_subset_v8/2021/139878934_SMAP_L4_SM_gph_20211003T013000_Vv8010_001_subsetted_regridded.nc4
/mnt/AizatDrive/smap_malaysia_subset_v8/2021/139878850_SMAP_L4_SM_gph_20210927T103000_Vv8010_001_subsetted_regridded.nc4
/mnt/AizatDrive/smap_malaysia_subset_v8/2021/139878828_SMAP_L4_SM_gph_20210929T043000_Vv8010_001_subsetted_regridded.nc4
/mnt/AizatDrive/smap_malaysia_subset_v8/2021/139878899_SMAP_L4_SM_gph_20211004T013000_Vv8010_001_subsetted_regridded.nc4
/mnt/AizatDrive/smap_malaysia_subset_v8/2021/139878901_SMAP_L4_SM_gph_20211004T043000_Vv8010_001_subsetted_regridded.nc4
/mnt/AizatDrive/smap_malaysia_subset_v8/2021/139878900_SMAP_L4_SM_gph_20211001T073000_Vv8010_001_subsetted_regridded.nc4
/mnt/AizatDrive/smap_malaysia_subset_v8/2021/139878968_SMAP_L4_SM_gph_20211002T223000_Vv8010_001_subsetted_regridded.nc4
/mnt/AizatDrive/smap_malaysia_subset_v8/2021/139878969_SMAP_L4_SM_gph_20211002T073000_Vv8010_001_subsetted_regridded.nc4
/mnt/AizatDrive/smap_malaysia_subset_v8/2021/139878972_SMAP_L4_SM_gph_20211002T103000_Vv8010_001_subsetted_regridded.nc4
/mnt/AizatDrive/smap_malaysia_subset_v8/2021/139879013_SMAP_L4_SM_gph_20210929T163000_Vv8010_001_subsetted_regridded.nc4
/mnt/AizatDrive/smap_malaysia_subset_v8/2021/139879021_SMAP_L4_SM_gph_20211001T193000_Vv8010_001_subsetted_regridded.nc4
/mnt/AizatDrive/smap_malaysia_subset_v8/2021/139879023_SMAP_L4_SM_gph_20211005T043000_Vv8010_001_subsetted_regridded.nc4
/mnt/AizatDrive/smap_malaysia_subset_v8/2021/139879064_SMAP_L4_SM_gph_20211004T133000_Vv8010_001_subsetted_regridded.nc4
/mnt/AizatDrive/smap_malaysia_subset_v8/2021/139879062_SMAP_L4_SM_gph_20211006T043000_Vv8010_001_subsetted_regridded.nc4
/mnt/AizatDrive/smap_malaysia_subset_v8/2021/139879012_SMAP_L4_SM_gph_20211003T103000_Vv8010_001_subsetted_regridded.nc4
/mnt/AizatDrive/smap_malaysia_subset_v8/2021/139879043_SMAP_L4_SM_gph_20210927T223000_Vv8010_001_subsetted_regridded.nc4
/mnt/AizatDrive/smap_malaysia_subset_v8/2021/139879039_SMAP_L4_SM_gph_20211001T223000_Vv8010_001_subsetted_regridded.nc4
/mnt/AizatDrive/smap_malaysia_subset_v8/2021/139879084_SMAP_L4_SM_gph_20211002T163000_Vv8010_001_subsetted_regridded.nc4
/mnt/AizatDrive/smap_malaysia_subset_v8/2021/139879037_SMAP_L4_SM_gph_20211005T073000_Vv8010_001_subsetted_regridded.nc4
/mnt/AizatDrive/smap_malaysia_subset_v8/2021/139879035_SMAP_L4_SM_gph_20210930T223000_Vv8010_001_subsetted_regridded.nc4
/mnt/AizatDrive/smap_malaysia_subset_v8/2021/139879041_SMAP_L4_SM_gph_20211005T013000_Vv8010_001_subsetted_regridded.nc4
/mnt/AizatDrive/smap_malaysia_subset_v8/2021/139879014_SMAP_L4_SM_gph_20210930T133000_Vv8010_001_subsetted_regridded.nc4
/mnt/AizatDrive/smap_malaysia_subset_v8/2021/139879027_SMAP_L4_SM_gph_20210929T103000_Vv8010_001_subsetted_regridded.nc4
/mnt/AizatDrive/smap_malaysia_subset_v8/2021/139879066_SMAP_L4_SM_gph_20211004T223000_Vv8010_001_subsetted_regridded.nc4
/mnt/AizatDrive/smap_malaysia_subset_v8/2021/139879082_SMAP_L4_SM_gph_20211005T103000_Vv8010_001_subsetted_regridded.nc4
/mnt/AizatDrive/smap_malaysia_subset_v8/2021/139879025_SMAP_L4_SM_gph_20210928T193000_Vv8010_001_subsetted_regridded.nc4
/mnt/AizatDrive/smap_malaysia_subset_v8/2021/139879068_SMAP_L4_SM_gph_20211003T073000_Vv8010_001_subsetted_regridded.nc4
/mnt/AizatDrive/smap_malaysia_subset_v8/2021/139879003_SMAP_L4_SM_gph_20211001T133000_Vv8010_001_subsetted_regridded.nc4
/mnt/AizatDrive/smap_malaysia_subset_v8/2021/139879100_SMAP_L4_SM_gph_20211002T043000_Vv8010_001_subsetted_regridded.nc4
/mnt/AizatDrive/smap_malaysia_subset_v8/2021/139879114_SMAP_L4_SM_gph_20211003T043000_Vv8010_001_subsetted_regridded.nc4
/mnt/AizatDrive/smap_malaysia_subset_v8/2021/139879116_SMAP_L4_SM_gph_20210929T133000_Vv8010_001_subsetted_regridded.nc4
/mnt/AizatDrive/smap_malaysia_subset_v8/2021/139879099_SMAP_L4_SM_gph_20211001T013000_Vv8010_001_subsetted_regridded.nc4
/mnt/AizatDrive/smap_malaysia_subset_v8/2021/139879115_SMAP_L4_SM_gph_20211001T163000_Vv8010_001_subsetted_regridded.nc4
/mnt/AizatDrive/smap_malaysia_subset_v8/2021/139879113_SMAP_L4_SM_gph_20211005T163000_Vv8010_001_subsetted_regridded.nc4
/mnt/AizatDrive/smap_malaysia_subset_v8/2021/139879278_SMAP_L4_SM_gph_20211005T223000_Vv8010_001_subsetted_regridded.nc4
/mnt/AizatDrive/smap_malaysia_subset_v8/2021/139879279_SMAP_L4_SM_gph_20211008T223000_Vv8010_001_subsetted_regridded.nc4
/mnt/AizatDrive/smap_malaysia_subset_v8/2021/139879280_SMAP_L4_SM_gph_20211006T073000_Vv8010_001_subsetted_regridded.nc4
/mnt/AizatDrive/smap_malaysia_subset_v8/2021/139879281_SMAP_L4_SM_gph_20211004T193000_Vv8010_001_subsetted_regridded.nc4
/mnt/AizatDrive/smap_malaysia_subset_v8/2021/139879282_SMAP_L4_SM_gph_20211008T073000_Vv8010_001_subsetted_regridded.nc4
/mnt/AizatDrive/smap_malaysia_subset_v8/2021/139879304_SMAP_L4_SM_gph_20211007T223000_Vv8010_001_subsetted_regridded.nc4
/mnt/AizatDrive/smap_malaysia_subset_v8/2021/139879319_SMAP_L4_SM_gph_20211007T133000_Vv8010_001_subsetted_regridded.nc4
/mnt/AizatDrive/smap_malaysia_subset_v8/2021/139879327_SMAP_L4_SM_gph_20211003T193000_Vv8010_001_subsetted_regridded.nc4
/mnt/AizatDrive/smap_malaysia_subset_v8/2021/139879310_SMAP_L4_SM_gph_20211007T163000_Vv8010_001_subsetted_regridded.nc4
/mnt/AizatDrive/smap_malaysia_subset_v8/2021/139879318_SMAP_L4_SM_gph_20211006T013000_Vv8010_001_subsetted_regridded.nc4
/mnt/AizatDrive/smap_malaysia_subset_v8/2021/139879326_SMAP_L4_SM_gph_20211008T163000_Vv8010_001_subsetted_regridded.nc4
/mnt/AizatDrive/smap_malaysia_subset_v8/2021/139879320_SMAP_L4_SM_gph_20211006T163000_Vv8010_001_subsetted_regridded.nc4
/mnt/AizatDrive/smap_malaysia_subset_v8/2021/139879308_SMAP_L4_SM_gph_20211005T133000_Vv8010_001_subsetted_regridded.nc4
/mnt/AizatDrive/smap_malaysia_subset_v8/2021/139879306_SMAP_L4_SM_gph_20211004T163000_Vv8010_001_subsetted_regridded.nc4
/mnt/AizatDrive/smap_malaysia_subset_v8/2021/139879329_SMAP_L4_SM_gph_20211007T043000_Vv8010_001_subsetted_regridded.nc4
/mnt/AizatDrive/smap_malaysia_subset_v8/2021/139879321_SMAP_L4_SM_gph_20211006T103000_Vv8010_001_subsetted_regridded.nc4
/mnt/AizatDrive/smap_malaysia_subset_v8/2021/139879325_SMAP_L4_SM_gph_20211006T223000_Vv8010_001_subsetted_regridded.nc4
/mnt/AizatDrive/smap_malaysia_subset_v8/2021/139879331_SMAP_L4_SM_gph_20211008T103000_Vv8010_001_subsetted_regridded.nc4
/mnt/AizatDrive/smap_malaysia_subset_v8/2021/139879342_SMAP_L4_SM_gph_20211009T193000_Vv8010_001_subsetted_regridded.nc4
/mnt/AizatDrive/smap_malaysia_subset_v8/2021/139879344_SMAP_L4_SM_gph_20211008T043000_Vv8010_001_subsetted_regridded.nc4
/mnt/AizatDrive/smap_malaysia_subset_v8/2021/139879356_SMAP_L4_SM_gph_20211006T133000_Vv8010_001_subsetted_regridded.nc4
/mnt/AizatDrive/smap_malaysia_subset_v8/2021/139879343_SMAP_L4_SM_gph_20211009T223000_Vv8010_001_subsetted_regridded.nc4
/mnt/AizatDrive/smap_malaysia_subset_v8/2021/139879341_SMAP_L4_SM_gph_20211006T193000_Vv8010_001_subsetted_regridded.nc4
/mnt/AizatDrive/smap_malaysia_subset_v8/2021/139879387_SMAP_L4_SM_gph_20211008T193000_Vv8010_001_subsetted_regridded.nc4
/mnt/AizatDrive/smap_malaysia_subset_v8/2021/139879396_SMAP_L4_SM_gph_20211009T073000_Vv8010_001_subsetted_regridded.nc4
/mnt/AizatDrive/smap_malaysia_subset_v8/2021/139879436_SMAP_L4_SM_gph_20211007T013000_Vv8010_001_subsetted_regridded.nc4
/mnt/AizatDrive/smap_malaysia_subset_v8/2021/139879437_SMAP_L4_SM_gph_20211010T043000_Vv8010_001_subsetted_regridded.nc4
/mnt/AizatDrive/smap_malaysia_subset_v8/2021/139879434_SMAP_L4_SM_gph_20211008T133000_Vv8010_001_subsetted_regridded.nc4
/mnt/AizatDrive/smap_malaysia_subset_v8/2021/139879374_SMAP_L4_SM_gph_20211010T013000_Vv8010_001_subsetted_regridded.nc4
/mnt/AizatDrive/smap_malaysia_subset_v8/2021/139879376_SMAP_L4_SM_gph_20211008T013000_Vv8010_001_subsetted_regridded.nc4
/mnt/AizatDrive/smap_malaysia_subset_v8/2021/139879449_SMAP_L4_SM_gph_20211007T193000_Vv8010_001_subsetted_regridded.nc4
/mnt/AizatDrive/smap_malaysia_subset_v8/2021/139879465_SMAP_L4_SM_gph_20211010T073000_Vv8010_001_subsetted_regridded.nc4
/mnt/AizatDrive/smap_malaysia_subset_v8/2021/139879391_SMAP_L4_SM_gph_20211007T103000_Vv8010_001_subsetted_regridded.nc4
/mnt/AizatDrive/smap_malaysia_subset_v8/2021/139879389_SMAP_L4_SM_gph_20211007T073000_Vv8010_001_subsetted_regridded.nc4
/mnt/AizatDrive/smap_malaysia_subset_v8/2021/139879394_SMAP_L4_SM_gph_20211009T163000_Vv8010_001_subsetted_regridded.nc4
/mnt/AizatDrive/smap_malaysia_subset_v8/2021/139879392_SMAP_L4_SM_gph_20211009T103000_Vv8010_001_subsetted_regridded.nc4
/mnt/AizatDrive/smap_malaysia_subset_v8/2021/139879410_SMAP_L4_SM_gph_20211009T043000_Vv8010_001_subsetted_regridded.nc4
/mnt/AizatDrive/smap_malaysia_subset_v8/2021/139879466_SMAP_L4_SM_gph_20211009T013000_Vv8010_001_subsetted_regridded.nc4
/mnt/AizatDrive/smap_malaysia_subset_v8/2021/139879486_SMAP_L4_SM_gph_20211010T103000_Vv8010_001_subsetted_regridded.nc4
/mnt/AizatDrive/smap_malaysia_subset_v8/2021/139879492_SMAP_L4_SM_gph_20211015T103000_Vv8010_001_subsetted_regridded.nc4
/mnt/AizatDrive/smap_malaysia_subset_v8/2021/139879531_SMAP_L4_SM_gph_20211014T013000_Vv8010_001_subsetted_regridded.nc4
/mnt/AizatDrive/smap_malaysia_subset_v8/2021/139879530_SMAP_L4_SM_gph_20211011T013000_Vv8010_001_subsetted_regridded.nc4
/mnt/AizatDrive/smap_malaysia_subset_v8/2021/139879529_SMAP_L4_SM_gph_20211017T223000_Vv8010_001_subsetted_regridded.nc4
/mnt/AizatDrive/smap_malaysia_subset_v8/2021/139879526_SMAP_L4_SM_gph_20211016T163000_Vv8010_001_subsetted_regridded.nc4
/mnt/AizatDrive/smap_malaysia_subset_v8/2021/139879528_SMAP_L4_SM_gph_20211016T103000_Vv8010_001_subsetted_regridded.nc4
/mnt/AizatDrive/smap_malaysia_subset_v8/2021/139879534_SMAP_L4_SM_gph_20211011T133000_Vv8010_001_subsetted_regridded.nc4
/mnt/AizatDrive/smap_malaysia_subset_v8/2021/139879538_SMAP_L4_SM_gph_20211015T013000_Vv8010_001_subsetted_regridded.nc4
/mnt/AizatDrive/smap_malaysia_subset_v8/2021/139879537_SMAP_L4_SM_gph_20211013T133000_Vv8010_001_subsetted_regridded.nc4
/mnt/AizatDrive/smap_malaysia_subset_v8/2021/139879532_SMAP_L4_SM_gph_20211011T103000_Vv8010_001_subsetted_regridded.nc4
/mnt/AizatDrive/smap_malaysia_subset_v8/2021/139879535_SMAP_L4_SM_gph_20211013T013000_Vv8010_001_subsetted_regridded.nc4
/mnt/AizatDrive/smap_malaysia_subset_v8/2021/139879533_SMAP_L4_SM_gph_20211020T013000_Vv8010_001_subsetted_regridded.nc4
/mnt/AizatDrive/smap_malaysia_subset_v8/2021/139879536_SMAP_L4_SM_gph_20211015T163000_Vv8010_001_subsetted_regridded.nc4
/mnt/AizatDrive/smap_malaysia_subset_v8/2021/139879546_SMAP_L4_SM_gph_20211013T163000_Vv8010_001_subsetted_regridded.nc4
/mnt/AizatDrive/smap_malaysia_subset_v8/2021/139879545_SMAP_L4_SM_gph_20211013T193000_Vv8010_001_subsetted_regridded.nc4
/mnt/AizatDrive/smap_malaysia_subset_v8/2021/139879544_SMAP_L4_SM_gph_20211014T103000_Vv8010_001_subsetted_regridded.nc4
/mnt/AizatDrive/smap_malaysia_subset_v8/2021/139879543_SMAP_L4_SM_gph_20211010T223000_Vv8010_001_subsetted_regridded.nc4
/mnt/AizatDrive/smap_malaysia_subset_v8/2021/139879552_SMAP_L4_SM_gph_20211014T073000_Vv8010_001_subsetted_regridded.nc4
/mnt/AizatDrive/smap_malaysia_subset_v8/2021/139879553_SMAP_L4_SM_gph_20211012T013000_Vv8010_001_subsetted_regridded.nc4
/mnt/AizatDrive/smap_malaysia_subset_v8/2021/139879555_SMAP_L4_SM_gph_20211015T043000_Vv8010_001_subsetted_regridded.nc4
/mnt/AizatDrive/smap_malaysia_subset_v8/2021/139879554_SMAP_L4_SM_gph_20211016T013000_Vv8010_001_subsetted_regridded.nc4
/mnt/AizatDrive/smap_malaysia_subset_v8/2021/139879561_SMAP_L4_SM_gph_20211016T073000_Vv8010_001_subsetted_regridded.nc4
/mnt/AizatDrive/smap_malaysia_subset_v8/2021/139879565_SMAP_L4_SM_gph_20211012T103000_Vv8010_001_subsetted_regridded.nc4
/mnt/AizatDrive/smap_malaysia_subset_v8/2021/139879562_SMAP_L4_SM_gph_20211019T223000_Vv8010_001_subsetted_regridded.nc4
/mnt/AizatDrive/smap_malaysia_subset_v8/2021/139879564_SMAP_L4_SM_gph_20211014T133000_Vv8010_001_subsetted_regridded.nc4
/mnt/AizatDrive/smap_malaysia_subset_v8/2021/139879563_SMAP_L4_SM_gph_20211015T133000_Vv8010_001_subsetted_regridded.nc4
/mnt/AizatDrive/smap_malaysia_subset_v8/2021/139879573_SMAP_L4_SM_gph_20211017T073000_Vv8010_001_subsetted_regridded.nc4
/mnt/AizatDrive/smap_malaysia_subset_v8/2021/139879572_SMAP_L4_SM_gph_20211017T133000_Vv8010_001_subsetted_regridded.nc4
/mnt/AizatDrive/smap_malaysia_subset_v8/2021/139879574_SMAP_L4_SM_gph_20211012T043000_Vv8010_001_subsetted_regridded.nc4
/mnt/AizatDrive/smap_malaysia_subset_v8/2021/139879590_SMAP_L4_SM_gph_20211010T163000_Vv8010_001_subsetted_regridded.nc4
/mnt/AizatDrive/smap_malaysia_subset_v8/2021/139879705_SMAP_L4_SM_gph_20211010T193000_Vv8010_001_subsetted_regridded.nc4
/mnt/AizatDrive/smap_malaysia_subset_v8/2021/139879712_SMAP_L4_SM_gph_20211017T103000_Vv8010_001_subsetted_regridded.nc4
/mnt/AizatDrive/smap_malaysia_subset_v8/2021/139879726_SMAP_L4_SM_gph_20211021T043000_Vv8010_001_subsetted_regridded.nc4
/mnt/AizatDrive/smap_malaysia_subset_v8/2021/139879721_SMAP_L4_SM_gph_20211020T193000_Vv8010_001_subsetted_regridded.nc4
/mnt/AizatDrive/smap_malaysia_subset_v8/2021/139879724_SMAP_L4_SM_gph_20211021T223000_Vv8010_001_subsetted_regridded.nc4
/mnt/AizatDrive/smap_malaysia_subset_v8/2021/139879723_SMAP_L4_SM_gph_20211020T133000_Vv8010_001_subsetted_regridded.nc4
/mnt/AizatDrive/smap_malaysia_subset_v8/2021/139879725_SMAP_L4_SM_gph_20211015T193000_Vv8010_001_subsetted_regridded.nc4
/mnt/AizatDrive/smap_malaysia_subset_v8/2021/139879728_SMAP_L4_SM_gph_20211019T073000_Vv8010_001_subsetted_regridded.nc4
/mnt/AizatDrive/smap_malaysia_subset_v8/2021/139879716_SMAP_L4_SM_gph_20211018T103000_Vv8010_001_subsetted_regridded.nc4
/mnt/AizatDrive/smap_malaysia_subset_v8/2021/139879717_SMAP_L4_SM_gph_20211011T193000_Vv8010_001_subsetted_regridded.nc4
/mnt/AizatDrive/smap_malaysia_subset_v8/2021/139879718_SMAP_L4_SM_gph_20211010T133000_Vv8010_001_subsetted_regridded.nc4
/mnt/AizatDrive/smap_malaysia_subset_v8/2021/139879715_SMAP_L4_SM_gph_20211012T193000_Vv8010_001_subsetted_regridded.nc4
/mnt/AizatDrive/smap_malaysia_subset_v8/2021/139879719_SMAP_L4_SM_gph_20211019T193000_Vv8010_001_subsetted_regridded.nc4
/mnt/AizatDrive/smap_malaysia_subset_v8/2021/139879733_SMAP_L4_SM_gph_20211016T133000_Vv8010_001_subsetted_regridded.nc4
/mnt/AizatDrive/smap_malaysia_subset_v8/2021/139879741_SMAP_L4_SM_gph_20211014T193000_Vv8010_001_subsetted_regridded.nc4
/mnt/AizatDrive/smap_malaysia_subset_v8/2021/139879720_SMAP_L4_SM_gph_20211021T193000_Vv8010_001_subsetted_regridded.nc4
/mnt/AizatDrive/smap_malaysia_subset_v8/2021/139879744_SMAP_L4_SM_gph_20211019T103000_Vv8010_001_subsetted_regridded.nc4
/mnt/AizatDrive/smap_malaysia_subset_v8/2021/139879740_SMAP_L4_SM_gph_20211017T043000_Vv8010_001_subsetted_regridded.nc4
/mnt/AizatDrive/smap_malaysia_subset_v8/2021/139879747_SMAP_L4_SM_gph_20211011T163000_Vv8010_001_subsetted_regridded.nc4
/mnt/AizatDrive/smap_malaysia_subset_v8/2021/139879748_SMAP_L4_SM_gph_20211012T163000_Vv8010_001_subsetted_regridded.nc4
/mnt/AizatDrive/smap_malaysia_subset_v8/2021/139879738_SMAP_L4_SM_gph_20211020T163000_Vv8010_001_subsetted_regridded.nc4
/mnt/AizatDrive/smap_malaysia_subset_v8/2021/139879722_SMAP_L4_SM_gph_20211020T043000_Vv8010_001_subsetted_regridded.nc4
/mnt/AizatDrive/smap_malaysia_subset_v8/2021/139879727_SMAP_L4_SM_gph_20211018T043000_Vv8010_001_subsetted_regridded.nc4
/mnt/AizatDrive/smap_malaysia_subset_v8/2021/139879729_SMAP_L4_SM_gph_20211019T013000_Vv8010_001_subsetted_regridded.nc4
/mnt/AizatDrive/smap_malaysia_subset_v8/2021/139879749_SMAP_L4_SM_gph_20211017T013000_Vv8010_001_subsetted_regridded.nc4
/mnt/AizatDrive/smap_malaysia_subset_v8/2021/139879750_SMAP_L4_SM_gph_20211021T073000_Vv8010_001_subsetted_regridded.nc4
/mnt/AizatDrive/smap_malaysia_subset_v8/2021/139879751_SMAP_L4_SM_gph_20211018T223000_Vv8010_001_subsetted_regridded.nc4
/mnt/AizatDrive/smap_malaysia_subset_v8/2021/139879754_SMAP_L4_SM_gph_20211019T043000_Vv8010_001_subsetted_regridded.nc4
/mnt/AizatDrive/smap_malaysia_subset_v8/2021/139879753_SMAP_L4_SM_gph_20211020T073000_Vv8010_001_subsetted_regridded.nc4
/mnt/AizatDrive/smap_malaysia_subset_v8/2021/139879757_SMAP_L4_SM_gph_20211021T013000_Vv8010_001_subsetted_regridded.nc4
/mnt/AizatDrive/smap_malaysia_subset_v8/2021/139879735_SMAP_L4_SM_gph_20211016T223000_Vv8010_001_subsetted_regridded.nc4
/mnt/AizatDrive/smap_malaysia_subset_v8/2021/139879732_SMAP_L4_SM_gph_20211012T073000_Vv8010_001_subsetted_regridded.nc4
/mnt/AizatDrive/smap_malaysia_subset_v8/2021/139879731_SMAP_L4_SM_gph_20211015T073000_Vv8010_001_subsetted_regridded.nc4
/mnt/AizatDrive/smap_malaysia_subset_v8/2021/139879730_SMAP_L4_SM_gph_20211020T103000_Vv8010_001_subsetted_regridded.nc4
/mnt/AizatDrive/smap_malaysia_subset_v8/2021/139879739_SMAP_L4_SM_gph_20211013T073000_Vv8010_001_subsetted_regridded.nc4
/mnt/AizatDrive/smap_malaysia_subset_v8/2021/139879734_SMAP_L4_SM_gph_20211018T013000_Vv8010_001_subsetted_regridded.nc4
/mnt/AizatDrive/smap_malaysia_subset_v8/2021/139879736_SMAP_L4_SM_gph_20211014T163000_Vv8010_001_subsetted_regridded.nc4
/mnt/AizatDrive/smap_malaysia_subset_v8/2021/139879737_SMAP_L4_SM_gph_20211013T043000_Vv8010_001_subsetted_regridded.nc4
/mnt/AizatDrive/smap_malaysia_subset_v8/2021/139879756_SMAP_L4_SM_gph_20211017T163000_Vv8010_001_subsetted_regridded.nc4
/mnt/AizatDrive/smap_malaysia_subset_v8/2021/139879762_SMAP_L4_SM_gph_20211024T103000_Vv8010_001_subsetted_regridded.nc4
/mnt/AizatDrive/smap_malaysia_subset_v8/2021/139879745_SMAP_L4_SM_gph_20211013T223000_Vv8010_001_subsetted_regridded.nc4
/mnt/AizatDrive/smap_malaysia_subset_v8/2021/139879743_SMAP_L4_SM_gph_20211011T073000_Vv8010_001_subsetted_regridded.nc4
/mnt/AizatDrive/smap_malaysia_subset_v8/2021/139879742_SMAP_L4_SM_gph_20211012T223000_Vv8010_001_subsetted_regridded.nc4
/mnt/AizatDrive/smap_malaysia_subset_v8/2021/139879746_SMAP_L4_SM_gph_20211015T223000_Vv8010_001_subsetted_regridded.nc4
/mnt/AizatDrive/smap_malaysia_subset_v8/2021/139866916_SMAP_L4_SM_gph_20210124T103000_Vv8010_001_subsetted_regridded.nc4
/mnt/AizatDrive/smap_malaysia_subset_v8/2021/139866898_SMAP_L4_SM_gph_20210122T163000_Vv8010_001_subsetted_regridded.nc4
/mnt/AizatDrive/smap_malaysia_subset_v8/2021/139879760_SMAP_L4_SM_gph_20211019T163000_Vv8010_001_subsetted_regridded.nc4
/mnt/AizatDrive/smap_malaysia_subset_v8/2021/139879761_SMAP_L4_SM_gph_20211019T133000_Vv8010_001_subsetted_regridded.nc4
/mnt/AizatDrive/smap_malaysia_subset_v8/2021/139879765_SMAP_L4_SM_gph_20211021T103000_Vv8010_001_subsetted_regridded.nc4
/mnt/AizatDrive/smap_malaysia_subset_v8/2021/139879766_SMAP_L4_SM_gph_20211023T043000_Vv8010_001_subsetted_regridded.nc4
/mnt/AizatDrive/smap_malaysia_subset_v8/2021/139879752_SMAP_L4_SM_gph_20211014T043000_Vv8010_001_subsetted_regridded.nc4
/mnt/AizatDrive/smap_malaysia_subset_v8/2021/139879755_SMAP_L4_SM_gph_20211021T133000_Vv8010_001_subsetted_regridded.nc4
/mnt/AizatDrive/smap_malaysia_subset_v8/2021/139879763_SMAP_L4_SM_gph_20211022T073000_Vv8010_001_subsetted_regridded.nc4
/mnt/AizatDrive/smap_malaysia_subset_v8/2021/139879764_SMAP_L4_SM_gph_20211022T043000_Vv8010_001_subsetted_regridded.nc4
/mnt/AizatDrive/smap_malaysia_subset_v8/2021/139879767_SMAP_L4_SM_gph_20211022T013000_Vv8010_001_subsetted_regridded.nc4
/mnt/AizatDrive/smap_malaysia_subset_v8/2021/139879768_SMAP_L4_SM_gph_20211021T163000_Vv8010_001_subsetted_regridded.nc4
/mnt/AizatDrive/smap_malaysia_subset_v8/2021/139879774_SMAP_L4_SM_gph_20211023T223000_Vv8010_001_subsetted_regridded.nc4
/mnt/AizatDrive/smap_malaysia_subset_v8/2021/139879773_SMAP_L4_SM_gph_20211027T163000_Vv8010_001_subsetted_regridded.nc4
/mnt/AizatDrive/smap_malaysia_subset_v8/2021/139879775_SMAP_L4_SM_gph_20211017T193000_Vv8010_001_subsetted_regridded.nc4
/mnt/AizatDrive/smap_malaysia_subset_v8/2021/139879758_SMAP_L4_SM_gph_20211016T193000_Vv8010_001_subsetted_regridded.nc4
/mnt/AizatDrive/smap_malaysia_subset_v8/2021/139879759_SMAP_L4_SM_gph_20211014T223000_Vv8010_001_subsetted_regridded.nc4
/mnt/AizatDrive/smap_malaysia_subset_v8/2021/139879772_SMAP_L4_SM_gph_20211022T103000_Vv8010_001_subsetted_regridded.nc4
/mnt/AizatDrive/smap_malaysia_subset_v8/2021/139879777_SMAP_L4_SM_gph_20211023T163000_Vv8010_001_subsetted_regridded.nc4
/mnt/AizatDrive/smap_malaysia_subset_v8/2021/139879776_SMAP_L4_SM_gph_20211018T163000_Vv8010_001_subsetted_regridded.nc4
/mnt/AizatDrive/smap_malaysia_subset_v8/2021/139879771_SMAP_L4_SM_gph_20211022T133000_Vv8010_001_subsetted_regridded.nc4
/mnt/AizatDrive/smap_malaysia_subset_v8/2021/139879769_SMAP_L4_SM_gph_20211018T193000_Vv8010_001_subsetted_regridded.nc4
/mnt/AizatDrive/smap_malaysia_subset_v8/2021/139879787_SMAP_L4_SM_gph_20211025T043000_Vv8010_001_subsetted_regridded.nc4
/mnt/AizatDrive/smap_malaysia_subset_v8/2021/139879779_SMAP_L4_SM_gph_20211018T133000_Vv8010_001_subsetted_regridded.nc4
/mnt/AizatDrive/smap_malaysia_subset_v8/2021/139879778_SMAP_L4_SM_gph_20211025T013000_Vv8010_001_subsetted_regridded.nc4
/mnt/AizatDrive/smap_malaysia_subset_v8/2021/139879780_SMAP_L4_SM_gph_20211020T223000_Vv8010_001_subsetted_regridded.nc4
/mnt/AizatDrive/smap_malaysia_subset_v8/2021/139879781_SMAP_L4_SM_gph_20211024T013000_Vv8010_001_subsetted_regridded.nc4
/mnt/AizatDrive/smap_malaysia_subset_v8/2021/139879770_SMAP_L4_SM_gph_20211018T073000_Vv8010_001_subsetted_regridded.nc4
/mnt/AizatDrive/smap_malaysia_subset_v8/2021/139879791_SMAP_L4_SM_gph_20211027T013000_Vv8010_001_subsetted_regridded.nc4
/mnt/AizatDrive/smap_malaysia_subset_v8/2021/139879789_SMAP_L4_SM_gph_20211025T163000_Vv8010_001_subsetted_regridded.nc4
/mnt/AizatDrive/smap_malaysia_subset_v8/2021/139879788_SMAP_L4_SM_gph_20211022T223000_Vv8010_001_subsetted_regridded.nc4
/mnt/AizatDrive/smap_malaysia_subset_v8/2021/139879783_SMAP_L4_SM_gph_20211024T163000_Vv8010_001_subsetted_regridded.nc4
/mnt/AizatDrive/smap_malaysia_subset_v8/2021/139879790_SMAP_L4_SM_gph_20211024T223000_Vv8010_001_subsetted_regridded.nc4
/mnt/AizatDrive/smap_malaysia_subset_v8/2021/139879785_SMAP_L4_SM_gph_20211026T043000_Vv8010_001_subsetted_regridded.nc4
/mnt/AizatDrive/smap_malaysia_subset_v8/2021/139879799_SMAP_L4_SM_gph_20211031T133000_Vv8010_001_subsetted_regridded.nc4
/mnt/AizatDrive/smap_malaysia_subset_v8/2021/139879792_SMAP_L4_SM_gph_20211022T193000_Vv8010_001_subsetted_regridded.nc4
/mnt/AizatDrive/smap_malaysia_subset_v8/2021/139879782_SMAP_L4_SM_gph_20211026T103000_Vv8010_001_subsetted_regridded.nc4
/mnt/AizatDrive/smap_malaysia_subset_v8/2021/139879794_SMAP_L4_SM_gph_20211023T133000_Vv8010_001_subsetted_regridded.nc4
/mnt/AizatDrive/smap_malaysia_subset_v8/2021/139879804_SMAP_L4_SM_gph_20211026T013000_Vv8010_001_subsetted_regridded.nc4
/mnt/AizatDrive/smap_malaysia_subset_v8/2021/139879800_SMAP_L4_SM_gph_20211025T223000_Vv8010_001_subsetted_regridded.nc4
/mnt/AizatDrive/smap_malaysia_subset_v8/2021/139879807_SMAP_L4_SM_gph_20211024T193000_Vv8010_001_subsetted_regridded.nc4
/mnt/AizatDrive/smap_malaysia_subset_v8/2021/139879805_SMAP_L4_SM_gph_20211026T073000_Vv8010_001_subsetted_regridded.nc4
/mnt/AizatDrive/smap_malaysia_subset_v8/2021/139879811_SMAP_L4_SM_gph_20211107T223000_Vv8010_001_subsetted_regridded.nc4
/mnt/AizatDrive/smap_malaysia_subset_v8/2021/139879806_SMAP_L4_SM_gph_20211025T073000_Vv8010_001_subsetted_regridded.nc4
/mnt/AizatDrive/smap_malaysia_subset_v8/2021/139879803_SMAP_L4_SM_gph_20211023T103000_Vv8010_001_subsetted_regridded.nc4
/mnt/AizatDrive/smap_malaysia_subset_v8/2021/139879814_SMAP_L4_SM_gph_20211024T073000_Vv8010_001_subsetted_regridded.nc4
/mnt/AizatDrive/smap_malaysia_subset_v8/2021/139879813_SMAP_L4_SM_gph_20211024T133000_Vv8010_001_subsetted_regridded.nc4
/mnt/AizatDrive/smap_malaysia_subset_v8/2021/139879812_SMAP_L4_SM_gph_20211103T103000_Vv8010_001_subsetted_regridded.nc4
/mnt/AizatDrive/smap_malaysia_subset_v8/2021/139879786_SMAP_L4_SM_gph_20211023T073000_Vv8010_001_subsetted_regridded.nc4
/mnt/AizatDrive/smap_malaysia_subset_v8/2021/139879831_SMAP_L4_SM_gph_20211109T013000_Vv8010_001_subsetted_regridded.nc4
/mnt/AizatDrive/smap_malaysia_subset_v8/2021/139879784_SMAP_L4_SM_gph_20211027T043000_Vv8010_001_subsetted_regridded.nc4
/mnt/AizatDrive/smap_malaysia_subset_v8/2021/139879834_SMAP_L4_SM_gph_20211030T043000_Vv8010_001_subsetted_regridded.nc4
/mnt/AizatDrive/smap_malaysia_subset_v8/2021/139879832_SMAP_L4_SM_gph_20211027T223000_Vv8010_001_subsetted_regridded.nc4
/mnt/AizatDrive/smap_malaysia_subset_v8/2021/139879839_SMAP_L4_SM_gph_20211030T133000_Vv8010_001_subsetted_regridded.nc4
/mnt/AizatDrive/smap_malaysia_subset_v8/2021/139879836_SMAP_L4_SM_gph_20211029T103000_Vv8010_001_subsetted_regridded.nc4
/mnt/AizatDrive/smap_malaysia_subset_v8/2021/139879820_SMAP_L4_SM_gph_20211026T193000_Vv8010_001_subsetted_regridded.nc4
/mnt/AizatDrive/smap_malaysia_subset_v8/2021/139879844_SMAP_L4_SM_gph_20211031T043000_Vv8010_001_subsetted_regridded.nc4
/mnt/AizatDrive/smap_malaysia_subset_v8/2021/139879796_SMAP_L4_SM_gph_20211026T133000_Vv8010_001_subsetted_regridded.nc4
/mnt/AizatDrive/smap_malaysia_subset_v8/2021/139879846_SMAP_L4_SM_gph_20211106T043000_Vv8010_001_subsetted_regridded.nc4
/mnt/AizatDrive/smap_malaysia_subset_v8/2021/139879847_SMAP_L4_SM_gph_20211102T013000_Vv8010_001_subsetted_regridded.nc4
/mnt/AizatDrive/smap_malaysia_subset_v8/2021/139879793_SMAP_L4_SM_gph_20211024T043000_Vv8010_001_subsetted_regridded.nc4
/mnt/AizatDrive/smap_malaysia_subset_v8/2021/139879845_SMAP_L4_SM_gph_20211027T073000_Vv8010_001_subsetted_regridded.nc4
/mnt/AizatDrive/smap_malaysia_subset_v8/2021/139879798_SMAP_L4_SM_gph_20211025T133000_Vv8010_001_subsetted_regridded.nc4
/mnt/AizatDrive/smap_malaysia_subset_v8/2021/139879833_SMAP_L4_SM_gph_20211029T163000_Vv8010_001_subsetted_regridded.nc4
/mnt/AizatDrive/smap_malaysia_subset_v8/2021/139879843_SMAP_L4_SM_gph_20211029T013000_Vv8010_001_subsetted_regridded.nc4
/mnt/AizatDrive/smap_malaysia_subset_v8/2021/139879795_SMAP_L4_SM_gph_20211022T163000_Vv8010_001_subsetted_regridded.nc4
/mnt/AizatDrive/smap_malaysia_subset_v8/2021/139879801_SMAP_L4_SM_gph_20211023T013000_Vv8010_001_subsetted_regridded.nc4
/mnt/AizatDrive/smap_malaysia_subset_v8/2021/139879797_SMAP_L4_SM_gph_20211025T103000_Vv8010_001_subsetted_regridded.nc4
/mnt/AizatDrive/smap_malaysia_subset_v8/2021/139879848_SMAP_L4_SM_gph_20211027T193000_Vv8010_001_subsetted_regridded.nc4
/mnt/AizatDrive/smap_malaysia_subset_v8/2021/139879809_SMAP_L4_SM_gph_20211023T193000_Vv8010_001_subsetted_regridded.nc4
/mnt/AizatDrive/smap_malaysia_subset_v8/2021/139879851_SMAP_L4_SM_gph_20211028T133000_Vv8010_001_subsetted_regridded.nc4
/mnt/AizatDrive/smap_malaysia_subset_v8/2021/139879856_SMAP_L4_SM_gph_20211102T163000_Vv8010_001_subsetted_regridded.nc4
/mnt/AizatDrive/smap_malaysia_subset_v8/2021/139879857_SMAP_L4_SM_gph_20211028T013000_Vv8010_001_subsetted_regridded.nc4
/mnt/AizatDrive/smap_malaysia_subset_v8/2021/139879810_SMAP_L4_SM_gph_20211030T073000_Vv8010_001_subsetted_regridded.nc4
/mnt/AizatDrive/smap_malaysia_subset_v8/2021/139879854_SMAP_L4_SM_gph_20211108T103000_Vv8010_001_subsetted_regridded.nc4
/mnt/AizatDrive/smap_malaysia_subset_v8/2021/139879808_SMAP_L4_SM_gph_20211026T163000_Vv8010_001_subsetted_regridded.nc4
/mnt/AizatDrive/smap_malaysia_subset_v8/2021/139879815_SMAP_L4_SM_gph_20211108T223000_Vv8010_001_subsetted_regridded.nc4
/mnt/AizatDrive/smap_malaysia_subset_v8/2021/139879855_SMAP_L4_SM_gph_20211101T223000_Vv8010_001_subsetted_regridded.nc4
/mnt/AizatDrive/smap_malaysia_subset_v8/2021/139879822_SMAP_L4_SM_gph_20211028T163000_Vv8010_001_subsetted_regridded.nc4
/mnt/AizatDrive/smap_malaysia_subset_v8/2021/139879868_SMAP_L4_SM_gph_20211103T223000_Vv8010_001_subsetted_regridded.nc4
/mnt/AizatDrive/smap_malaysia_subset_v8/2021/139879824_SMAP_L4_SM_gph_20211026T223000_Vv8010_001_subsetted_regridded.nc4
/mnt/AizatDrive/smap_malaysia_subset_v8/2021/139879817_SMAP_L4_SM_gph_20211101T193000_Vv8010_001_subsetted_regridded.nc4
/mnt/AizatDrive/smap_malaysia_subset_v8/2021/139879829_SMAP_L4_SM_gph_20211103T013000_Vv8010_001_subsetted_regridded.nc4
/mnt/AizatDrive/smap_malaysia_subset_v8/2021/139879821_SMAP_L4_SM_gph_20211028T193000_Vv8010_001_subsetted_regridded.nc4
/mnt/AizatDrive/smap_malaysia_subset_v8/2021/139879819_SMAP_L4_SM_gph_20211031T163000_Vv8010_001_subsetted_regridded.nc4
/mnt/AizatDrive/smap_malaysia_subset_v8/2021/139879827_SMAP_L4_SM_gph_20211025T193000_Vv8010_001_subsetted_regridded.nc4
/mnt/AizatDrive/smap_malaysia_subset_v8/2021/139879816_SMAP_L4_SM_gph_20211027T103000_Vv8010_001_subsetted_regridded.nc4
/mnt/AizatDrive/smap_malaysia_subset_v8/2021/139879835_SMAP_L4_SM_gph_20211101T043000_Vv8010_001_subsetted_regridded.nc4
/mnt/AizatDrive/smap_malaysia_subset_v8/2021/139879869_SMAP_L4_SM_gph_20211028T103000_Vv8010_001_subsetted_regridded.nc4
/mnt/AizatDrive/smap_malaysia_subset_v8/2021/139879870_SMAP_L4_SM_gph_20211031T103000_Vv8010_001_subsetted_regridded.nc4
/mnt/AizatDrive/smap_malaysia_subset_v8/2021/139879852_SMAP_L4_SM_gph_20211031T193000_Vv8010_001_subsetted_regridded.nc4
/mnt/AizatDrive/smap_malaysia_subset_v8/2021/139879853_SMAP_L4_SM_gph_20211101T163000_Vv8010_001_subsetted_regridded.nc4
/mnt/AizatDrive/smap_malaysia_subset_v8/2021/139879880_SMAP_L4_SM_gph_20211102T223000_Vv8010_001_subsetted_regridded.nc4
/mnt/AizatDrive/smap_malaysia_subset_v8/2021/139879871_SMAP_L4_SM_gph_20211030T163000_Vv8010_001_subsetted_regridded.nc4
/mnt/AizatDrive/smap_malaysia_subset_v8/2021/139879877_SMAP_L4_SM_gph_20211028T223000_Vv8010_001_subsetted_regridded.nc4
/mnt/AizatDrive/smap_malaysia_subset_v8/2021/139879878_SMAP_L4_SM_gph_20211108T163000_Vv8010_001_subsetted_regridded.nc4
/mnt/AizatDrive/smap_malaysia_subset_v8/2021/139879879_SMAP_L4_SM_gph_20211106T223000_Vv8010_001_subsetted_regridded.nc4
/mnt/AizatDrive/smap_malaysia_subset_v8/2021/139879888_SMAP_L4_SM_gph_20211031T013000_Vv8010_001_subsetted_regridded.nc4
/mnt/AizatDrive/smap_malaysia_subset_v8/2021/139879886_SMAP_L4_SM_gph_20211107T163000_Vv8010_001_subsetted_regridded.nc4
/mnt/AizatDrive/smap_malaysia_subset_v8/2021/139879895_SMAP_L4_SM_gph_20211107T103000_Vv8010_001_subsetted_regridded.nc4
/mnt/AizatDrive/smap_malaysia_subset_v8/2021/139879893_SMAP_L4_SM_gph_20211029T073000_Vv8010_001_subsetted_regridded.nc4
/mnt/AizatDrive/smap_malaysia_subset_v8/2021/139879897_SMAP_L4_SM_gph_20211102T043000_Vv8010_001_subsetted_regridded.nc4
/mnt/AizatDrive/smap_malaysia_subset_v8/2021/139879892_SMAP_L4_SM_gph_20211104T163000_Vv8010_001_subsetted_regridded.nc4
/mnt/AizatDrive/smap_malaysia_subset_v8/2021/139879887_SMAP_L4_SM_gph_20211030T193000_Vv8010_001_subsetted_regridded.nc4
/mnt/AizatDrive/smap_malaysia_subset_v8/2021/139879890_SMAP_L4_SM_gph_20211110T163000_Vv8010_001_subsetted_regridded.nc4
/mnt/AizatDrive/smap_malaysia_subset_v8/2021/139879907_SMAP_L4_SM_gph_20211027T133000_Vv8010_001_subsetted_regridded.nc4
/mnt/AizatDrive/smap_malaysia_subset_v8/2021/139879891_SMAP_L4_SM_gph_20211101T103000_Vv8010_001_subsetted_regridded.nc4
/mnt/AizatDrive/smap_malaysia_subset_v8/2021/139879909_SMAP_L4_SM_gph_20211104T043000_Vv8010_001_subsetted_regridded.nc4
/mnt/AizatDrive/smap_malaysia_subset_v8/2021/139879908_SMAP_L4_SM_gph_20211028T073000_Vv8010_001_subsetted_regridded.nc4
/mnt/AizatDrive/smap_malaysia_subset_v8/2021/139879905_SMAP_L4_SM_gph_20211110T103000_Vv8010_001_subsetted_regridded.nc4
/mnt/AizatDrive/smap_malaysia_subset_v8/2021/139879906_SMAP_L4_SM_gph_20211110T073000_Vv8010_001_subsetted_regridded.nc4
/mnt/AizatDrive/smap_malaysia_subset_v8/2021/139879913_SMAP_L4_SM_gph_20211107T043000_Vv8010_001_subsetted_regridded.nc4
/mnt/AizatDrive/smap_malaysia_subset_v8/2021/139879916_SMAP_L4_SM_gph_20211028T043000_Vv8010_001_subsetted_regridded.nc4
/mnt/AizatDrive/smap_malaysia_subset_v8/2021/139879910_SMAP_L4_SM_gph_20211101T013000_Vv8010_001_subsetted_regridded.nc4
/mnt/AizatDrive/smap_malaysia_subset_v8/2021/139879911_SMAP_L4_SM_gph_20211103T073000_Vv8010_001_subsetted_regridded.nc4
/mnt/AizatDrive/smap_malaysia_subset_v8/2021/139879912_SMAP_L4_SM_gph_20211108T073000_Vv8010_001_subsetted_regridded.nc4
/mnt/AizatDrive/smap_malaysia_subset_v8/2021/139879920_SMAP_L4_SM_gph_20211104T073000_Vv8010_001_subsetted_regridded.nc4
/mnt/AizatDrive/smap_malaysia_subset_v8/2021/139879917_SMAP_L4_SM_gph_20211104T223000_Vv8010_001_subsetted_regridded.nc4
/mnt/AizatDrive/smap_malaysia_subset_v8/2021/139879922_SMAP_L4_SM_gph_20211102T073000_Vv8010_001_subsetted_regridded.nc4
/mnt/AizatDrive/smap_malaysia_subset_v8/2021/139879919_SMAP_L4_SM_gph_20211031T073000_Vv8010_001_subsetted_regridded.nc4
/mnt/AizatDrive/smap_malaysia_subset_v8/2021/139879933_SMAP_L4_SM_gph_20211111T043000_Vv8010_001_subsetted_regridded.nc4
/mnt/AizatDrive/smap_malaysia_subset_v8/2021/139879938_SMAP_L4_SM_gph_20211109T073000_Vv8010_001_subsetted_regridded.nc4
/mnt/AizatDrive/smap_malaysia_subset_v8/2021/139879915_SMAP_L4_SM_gph_20211108T043000_Vv8010_001_subsetted_regridded.nc4
/mnt/AizatDrive/smap_malaysia_subset_v8/2021/139879923_SMAP_L4_SM_gph_20211103T193000_Vv8010_001_subsetted_regridded.nc4
/mnt/AizatDrive/smap_malaysia_subset_v8/2021/139879939_SMAP_L4_SM_gph_20211107T013000_Vv8010_001_subsetted_regridded.nc4
/mnt/AizatDrive/smap_malaysia_subset_v8/2021/139879937_SMAP_L4_SM_gph_20211105T163000_Vv8010_001_subsetted_regridded.nc4
/mnt/AizatDrive/smap_malaysia_subset_v8/2021/139879936_SMAP_L4_SM_gph_20211101T073000_Vv8010_001_subsetted_regridded.nc4
/mnt/AizatDrive/smap_malaysia_subset_v8/2021/139879935_SMAP_L4_SM_gph_20211110T223000_Vv8010_001_subsetted_regridded.nc4
/mnt/AizatDrive/smap_malaysia_subset_v8/2021/139879918_SMAP_L4_SM_gph_20211030T103000_Vv8010_001_subsetted_regridded.nc4
/mnt/AizatDrive/smap_malaysia_subset_v8/2021/139879921_SMAP_L4_SM_gph_20211104T013000_Vv8010_001_subsetted_regridded.nc4
/mnt/AizatDrive/smap_malaysia_subset_v8/2021/139879934_SMAP_L4_SM_gph_20211110T043000_Vv8010_001_subsetted_regridded.nc4
/mnt/AizatDrive/smap_malaysia_subset_v8/2021/139879914_SMAP_L4_SM_gph_20211109T103000_Vv8010_001_subsetted_regridded.nc4
/mnt/AizatDrive/smap_malaysia_subset_v8/2021/139879963_SMAP_L4_SM_gph_20211030T223000_Vv8010_001_subsetted_regridded.nc4
/mnt/AizatDrive/smap_malaysia_subset_v8/2021/139879962_SMAP_L4_SM_gph_20211110T193000_Vv8010_001_subsetted_regridded.nc4
/mnt/AizatDrive/smap_malaysia_subset_v8/2021/139879973_SMAP_L4_SM_gph_20211109T133000_Vv8010_001_subsetted_regridded.nc4
/mnt/AizatDrive/smap_malaysia_subset_v8/2021/139879967_SMAP_L4_SM_gph_20211102T103000_Vv8010_001_subsetted_regridded.nc4
/mnt/AizatDrive/smap_malaysia_subset_v8/2021/139879986_SMAP_L4_SM_gph_20211103T043000_Vv8010_001_subsetted_regridded.nc4
/mnt/AizatDrive/smap_malaysia_subset_v8/2021/139879968_SMAP_L4_SM_gph_20211031T223000_Vv8010_001_subsetted_regridded.nc4
/mnt/AizatDrive/smap_malaysia_subset_v8/2021/139879981_SMAP_L4_SM_gph_20211110T133000_Vv8010_001_subsetted_regridded.nc4
/mnt/AizatDrive/smap_malaysia_subset_v8/2021/139879966_SMAP_L4_SM_gph_20211111T013000_Vv8010_001_subsetted_regridded.nc4
/mnt/AizatDrive/smap_malaysia_subset_v8/2021/139879970_SMAP_L4_SM_gph_20211029T193000_Vv8010_001_subsetted_regridded.nc4
/mnt/AizatDrive/smap_malaysia_subset_v8/2021/139879991_SMAP_L4_SM_gph_20211106T073000_Vv8010_001_subsetted_regridded.nc4
/mnt/AizatDrive/smap_malaysia_subset_v8/2021/139879998_SMAP_L4_SM_gph_20211104T193000_Vv8010_001_subsetted_regridded.nc4
/mnt/AizatDrive/smap_malaysia_subset_v8/2021/139879996_SMAP_L4_SM_gph_20211110T013000_Vv8010_001_subsetted_regridded.nc4
/mnt/AizatDrive/smap_malaysia_subset_v8/2021/139880013_SMAP_L4_SM_gph_20211105T133000_Vv8010_001_subsetted_regridded.nc4
/mnt/AizatDrive/smap_malaysia_subset_v8/2021/139880015_SMAP_L4_SM_gph_20211105T043000_Vv8010_001_subsetted_regridded.nc4
/mnt/AizatDrive/smap_malaysia_subset_v8/2021/139880026_SMAP_L4_SM_gph_20211105T103000_Vv8010_001_subsetted_regridded.nc4
/mnt/AizatDrive/smap_malaysia_subset_v8/2021/139880021_SMAP_L4_SM_gph_20211106T013000_Vv8010_001_subsetted_regridded.nc4
/mnt/AizatDrive/smap_malaysia_subset_v8/2021/139880025_SMAP_L4_SM_gph_20211103T133000_Vv8010_001_subsetted_regridded.nc4
/mnt/AizatDrive/smap_malaysia_subset_v8/2021/139880017_SMAP_L4_SM_gph_20211106T193000_Vv8010_001_subsetted_regridded.nc4
/mnt/AizatDrive/smap_malaysia_subset_v8/2021/139879965_SMAP_L4_SM_gph_20211105T013000_Vv8010_001_subsetted_regridded.nc4
/mnt/AizatDrive/smap_malaysia_subset_v8/2021/139879964_SMAP_L4_SM_gph_20211104T103000_Vv8010_001_subsetted_regridded.nc4
/mnt/AizatDrive/smap_malaysia_subset_v8/2021/139880023_SMAP_L4_SM_gph_20211105T223000_Vv8010_001_subsetted_regridded.nc4
/mnt/AizatDrive/smap_malaysia_subset_v8/2021/139879977_SMAP_L4_SM_gph_20211106T163000_Vv8010_001_subsetted_regridded.nc4
/mnt/AizatDrive/smap_malaysia_subset_v8/2021/139879974_SMAP_L4_SM_gph_20211101T133000_Vv8010_001_subsetted_regridded.nc4
/mnt/AizatDrive/smap_malaysia_subset_v8/2021/139879983_SMAP_L4_SM_gph_20211029T043000_Vv8010_001_subsetted_regridded.nc4
/mnt/AizatDrive/smap_malaysia_subset_v8/2021/139879972_SMAP_L4_SM_gph_20211029T133000_Vv8010_001_subsetted_regridded.nc4
/mnt/AizatDrive/smap_malaysia_subset_v8/2021/139879976_SMAP_L4_SM_gph_20211109T193000_Vv8010_001_subsetted_regridded.nc4
/mnt/AizatDrive/smap_malaysia_subset_v8/2021/139879971_SMAP_L4_SM_gph_20211108T013000_Vv8010_001_subsetted_regridded.nc4
/mnt/AizatDrive/smap_malaysia_subset_v8/2021/139879982_SMAP_L4_SM_gph_20211109T223000_Vv8010_001_subsetted_regridded.nc4
/mnt/AizatDrive/smap_malaysia_subset_v8/2021/139879969_SMAP_L4_SM_gph_20211105T073000_Vv8010_001_subsetted_regridded.nc4
/mnt/AizatDrive/smap_malaysia_subset_v8/2021/139879975_SMAP_L4_SM_gph_20211109T043000_Vv8010_001_subsetted_regridded.nc4
/mnt/AizatDrive/smap_malaysia_subset_v8/2021/139879984_SMAP_L4_SM_gph_20211030T013000_Vv8010_001_subsetted_regridded.nc4
/mnt/AizatDrive/smap_malaysia_subset_v8/2021/139879985_SMAP_L4_SM_gph_20211104T133000_Vv8010_001_subsetted_regridded.nc4
/mnt/AizatDrive/smap_malaysia_subset_v8/2021/139879992_SMAP_L4_SM_gph_20211109T163000_Vv8010_001_subsetted_regridded.nc4
/mnt/AizatDrive/smap_malaysia_subset_v8/2021/139879988_SMAP_L4_SM_gph_20211029T223000_Vv8010_001_subsetted_regridded.nc4
/mnt/AizatDrive/smap_malaysia_subset_v8/2021/139879989_SMAP_L4_SM_gph_20211102T193000_Vv8010_001_subsetted_regridded.nc4
/mnt/AizatDrive/smap_malaysia_subset_v8/2021/139879990_SMAP_L4_SM_gph_20211108T133000_Vv8010_001_subsetted_regridded.nc4
/mnt/AizatDrive/smap_malaysia_subset_v8/2021/139879987_SMAP_L4_SM_gph_20211103T163000_Vv8010_001_subsetted_regridded.nc4
/mnt/AizatDrive/smap_malaysia_subset_v8/2021/139880019_SMAP_L4_SM_gph_20211105T193000_Vv8010_001_subsetted_regridded.nc4
/mnt/AizatDrive/smap_malaysia_subset_v8/2021/139880001_SMAP_L4_SM_gph_20211102T133000_Vv8010_001_subsetted_regridded.nc4
/mnt/AizatDrive/smap_malaysia_subset_v8/2021/139880119_SMAP_L4_SM_gph_20211106T133000_Vv8010_001_subsetted_regridded.nc4
/mnt/AizatDrive/smap_malaysia_subset_v8/2021/139880129_SMAP_L4_SM_gph_20211107T073000_Vv8010_001_subsetted_regridded.nc4
/mnt/AizatDrive/smap_malaysia_subset_v8/2021/139880138_SMAP_L4_SM_gph_20211107T193000_Vv8010_001_subsetted_regridded.nc4
/mnt/AizatDrive/smap_malaysia_subset_v8/2021/139880139_SMAP_L4_SM_gph_20211106T103000_Vv8010_001_subsetted_regridded.nc4
/mnt/AizatDrive/smap_malaysia_subset_v8/2021/139880154_SMAP_L4_SM_gph_20211117T133000_Vv8010_001_subsetted_regridded.nc4
/mnt/AizatDrive/smap_malaysia_subset_v8/2021/139880150_SMAP_L4_SM_gph_20211115T103000_Vv8010_001_subsetted_regridded.nc4
/mnt/AizatDrive/smap_malaysia_subset_v8/2021/139880153_SMAP_L4_SM_gph_20211117T043000_Vv8010_001_subsetted_regridded.nc4
/mnt/AizatDrive/smap_malaysia_subset_v8/2021/139880151_SMAP_L4_SM_gph_20211122T223000_Vv8010_001_subsetted_regridded.nc4
/mnt/AizatDrive/smap_malaysia_subset_v8/2021/139880152_SMAP_L4_SM_gph_20211113T103000_Vv8010_001_subsetted_regridded.nc4
/mnt/AizatDrive/smap_malaysia_subset_v8/2021/139880167_SMAP_L4_SM_gph_20211107T133000_Vv8010_001_subsetted_regridded.nc4
/mnt/AizatDrive/smap_malaysia_subset_v8/2021/139880157_SMAP_L4_SM_gph_20211116T163000_Vv8010_001_subsetted_regridded.nc4
/mnt/AizatDrive/smap_malaysia_subset_v8/2021/139880165_SMAP_L4_SM_gph_20211112T013000_Vv8010_001_subsetted_regridded.nc4
/mnt/AizatDrive/smap_malaysia_subset_v8/2021/139880166_SMAP_L4_SM_gph_20211120T103000_Vv8010_001_subsetted_regridded.nc4
/mnt/AizatDrive/smap_malaysia_subset_v8/2021/139880169_SMAP_L4_SM_gph_20211113T073000_Vv8010_001_subsetted_regridded.nc4
/mnt/AizatDrive/smap_malaysia_subset_v8/2021/139880163_SMAP_L4_SM_gph_20211111T223000_Vv8010_001_subsetted_regridded.nc4
/mnt/AizatDrive/smap_malaysia_subset_v8/2021/139880160_SMAP_L4_SM_gph_20211112T193000_Vv8010_001_subsetted_regridded.nc4
/mnt/AizatDrive/smap_malaysia_subset_v8/2021/139880172_SMAP_L4_SM_gph_20211111T163000_Vv8010_001_subsetted_regridded.nc4
/mnt/AizatDrive/smap_malaysia_subset_v8/2021/139880164_SMAP_L4_SM_gph_20211114T223000_Vv8010_001_subsetted_regridded.nc4
/mnt/AizatDrive/smap_malaysia_subset_v8/2021/139880159_SMAP_L4_SM_gph_20211108T193000_Vv8010_001_subsetted_regridded.nc4
/mnt/AizatDrive/smap_malaysia_subset_v8/2021/139880162_SMAP_L4_SM_gph_20211114T193000_Vv8010_001_subsetted_regridded.nc4
/mnt/AizatDrive/smap_malaysia_subset_v8/2021/139880168_SMAP_L4_SM_gph_20211115T013000_Vv8010_001_subsetted_regridded.nc4
/mnt/AizatDrive/smap_malaysia_subset_v8/2021/139880171_SMAP_L4_SM_gph_20211120T073000_Vv8010_001_subsetted_regridded.nc4
/mnt/AizatDrive/smap_malaysia_subset_v8/2021/139880170_SMAP_L4_SM_gph_20211111T133000_Vv8010_001_subsetted_regridded.nc4
/mnt/AizatDrive/smap_malaysia_subset_v8/2021/139880175_SMAP_L4_SM_gph_20211121T223000_Vv8010_001_subsetted_regridded.nc4
/mnt/AizatDrive/smap_malaysia_subset_v8/2021/139880176_SMAP_L4_SM_gph_20211115T223000_Vv8010_001_subsetted_regridded.nc4
/mnt/AizatDrive/smap_malaysia_subset_v8/2021/139880177_SMAP_L4_SM_gph_20211120T193000_Vv8010_001_subsetted_regridded.nc4
/mnt/AizatDrive/smap_malaysia_subset_v8/2021/139880178_SMAP_L4_SM_gph_20211122T163000_Vv8010_001_subsetted_regridded.nc4
/mnt/AizatDrive/smap_malaysia_subset_v8/2021/139880173_SMAP_L4_SM_gph_20211123T193000_Vv8010_001_subsetted_regridded.nc4
/mnt/AizatDrive/smap_malaysia_subset_v8/2021/139880174_SMAP_L4_SM_gph_20211112T073000_Vv8010_001_subsetted_regridded.nc4
/mnt/AizatDrive/smap_malaysia_subset_v8/2021/139880179_SMAP_L4_SM_gph_20211112T043000_Vv8010_001_subsetted_regridded.nc4
/mnt/AizatDrive/smap_malaysia_subset_v8/2021/139880180_SMAP_L4_SM_gph_20211115T163000_Vv8010_001_subsetted_regridded.nc4
/mnt/AizatDrive/smap_malaysia_subset_v8/2021/139880182_SMAP_L4_SM_gph_20211113T133000_Vv8010_001_subsetted_regridded.nc4
/mnt/AizatDrive/smap_malaysia_subset_v8/2021/139880183_SMAP_L4_SM_gph_20211114T073000_Vv8010_001_subsetted_regridded.nc4
/mnt/AizatDrive/smap_malaysia_subset_v8/2021/139880184_SMAP_L4_SM_gph_20211117T163000_Vv8010_001_subsetted_regridded.nc4
/mnt/AizatDrive/smap_malaysia_subset_v8/2021/139880186_SMAP_L4_SM_gph_20211113T223000_Vv8010_001_subsetted_regridded.nc4
/mnt/AizatDrive/smap_malaysia_subset_v8/2021/139880188_SMAP_L4_SM_gph_20211111T073000_Vv8010_001_subsetted_regridded.nc4
/mnt/AizatDrive/smap_malaysia_subset_v8/2021/139880189_SMAP_L4_SM_gph_20211121T073000_Vv8010_001_subsetted_regridded.nc4
/mnt/AizatDrive/smap_malaysia_subset_v8/2021/139880192_SMAP_L4_SM_gph_20211117T013000_Vv8010_001_subsetted_regridded.nc4
/mnt/AizatDrive/smap_malaysia_subset_v8/2021/139880191_SMAP_L4_SM_gph_20211113T013000_Vv8010_001_subsetted_regridded.nc4
/mnt/AizatDrive/smap_malaysia_subset_v8/2021/139880190_SMAP_L4_SM_gph_20211112T133000_Vv8010_001_subsetted_regridded.nc4
/mnt/AizatDrive/smap_malaysia_subset_v8/2021/139880181_SMAP_L4_SM_gph_20211120T223000_Vv8010_001_subsetted_regridded.nc4
/mnt/AizatDrive/smap_malaysia_subset_v8/2021/139880185_SMAP_L4_SM_gph_20211120T043000_Vv8010_001_subsetted_regridded.nc4
/mnt/AizatDrive/smap_malaysia_subset_v8/2021/139880233_SMAP_L4_SM_gph_20211116T133000_Vv8010_001_subsetted_regridded.nc4
/mnt/AizatDrive/smap_malaysia_subset_v8/2021/139880196_SMAP_L4_SM_gph_20211114T043000_Vv8010_001_subsetted_regridded.nc4
/mnt/AizatDrive/smap_malaysia_subset_v8/2021/139880227_SMAP_L4_SM_gph_20211118T043000_Vv8010_001_subsetted_regridded.nc4
/mnt/AizatDrive/smap_malaysia_subset_v8/2021/139880232_SMAP_L4_SM_gph_20211119T223000_Vv8010_001_subsetted_regridded.nc4
/mnt/AizatDrive/smap_malaysia_subset_v8/2021/139880220_SMAP_L4_SM_gph_20211117T103000_Vv8010_001_subsetted_regridded.nc4
/mnt/AizatDrive/smap_malaysia_subset_v8/2021/139880229_SMAP_L4_SM_gph_20211122T013000_Vv8010_001_subsetted_regridded.nc4
/mnt/AizatDrive/smap_malaysia_subset_v8/2021/139880228_SMAP_L4_SM_gph_20211121T103000_Vv8010_001_subsetted_regridded.nc4
/mnt/AizatDrive/smap_malaysia_subset_v8/2021/139880234_SMAP_L4_SM_gph_20211116T043000_Vv8010_001_subsetted_regridded.nc4
/mnt/AizatDrive/smap_malaysia_subset_v8/2021/139880195_SMAP_L4_SM_gph_20211118T133000_Vv8010_001_subsetted_regridded.nc4
/mnt/AizatDrive/smap_malaysia_subset_v8/2021/139880231_SMAP_L4_SM_gph_20211120T133000_Vv8010_001_subsetted_regridded.nc4
/mnt/AizatDrive/smap_malaysia_subset_v8/2021/139880194_SMAP_L4_SM_gph_20211116T193000_Vv8010_001_subsetted_regridded.nc4
/mnt/AizatDrive/smap_malaysia_subset_v8/2021/139880225_SMAP_L4_SM_gph_20211122T073000_Vv8010_001_subsetted_regridded.nc4
/mnt/AizatDrive/smap_malaysia_subset_v8/2021/139880230_SMAP_L4_SM_gph_20211115T193000_Vv8010_001_subsetted_regridded.nc4
/mnt/AizatDrive/smap_malaysia_subset_v8/2021/139880223_SMAP_L4_SM_gph_20211119T073000_Vv8010_001_subsetted_regridded.nc4
/mnt/AizatDrive/smap_malaysia_subset_v8/2021/139880187_SMAP_L4_SM_gph_20211114T133000_Vv8010_001_subsetted_regridded.nc4
/mnt/AizatDrive/smap_malaysia_subset_v8/2021/139880197_SMAP_L4_SM_gph_20211112T103000_Vv8010_001_subsetted_regridded.nc4
/mnt/AizatDrive/smap_malaysia_subset_v8/2021/139880193_SMAP_L4_SM_gph_20211116T103000_Vv8010_001_subsetted_regridded.nc4
/mnt/AizatDrive/smap_malaysia_subset_v8/2021/139880222_SMAP_L4_SM_gph_20211111T103000_Vv8010_001_subsetted_regridded.nc4
/mnt/AizatDrive/smap_malaysia_subset_v8/2021/139880224_SMAP_L4_SM_gph_20211112T223000_Vv8010_001_subsetted_regridded.nc4
/mnt/AizatDrive/smap_malaysia_subset_v8/2021/139880200_SMAP_L4_SM_gph_20211119T163000_Vv8010_001_subsetted_regridded.nc4
/mnt/AizatDrive/smap_malaysia_subset_v8/2021/139880221_SMAP_L4_SM_gph_20211119T043000_Vv8010_001_subsetted_regridded.nc4
/mnt/AizatDrive/smap_malaysia_subset_v8/2021/139880239_SMAP_L4_SM_gph_20211118T103000_Vv8010_001_subsetted_regridded.nc4
/mnt/AizatDrive/smap_malaysia_subset_v8/2021/139880242_SMAP_L4_SM_gph_20211118T193000_Vv8010_001_subsetted_regridded.nc4
/mnt/AizatDrive/smap_malaysia_subset_v8/2021/139880204_SMAP_L4_SM_gph_20211113T163000_Vv8010_001_subsetted_regridded.nc4
/mnt/AizatDrive/smap_malaysia_subset_v8/2021/139880199_SMAP_L4_SM_gph_20211122T133000_Vv8010_001_subsetted_regridded.nc4
/mnt/AizatDrive/smap_malaysia_subset_v8/2021/139880202_SMAP_L4_SM_gph_20211116T223000_Vv8010_001_subsetted_regridded.nc4
/mnt/AizatDrive/smap_malaysia_subset_v8/2021/139880205_SMAP_L4_SM_gph_20211122T043000_Vv8010_001_subsetted_regridded.nc4
/mnt/AizatDrive/smap_malaysia_subset_v8/2021/139880201_SMAP_L4_SM_gph_20211114T103000_Vv8010_001_subsetted_regridded.nc4
/mnt/AizatDrive/smap_malaysia_subset_v8/2021/139880203_SMAP_L4_SM_gph_20211111T193000_Vv8010_001_subsetted_regridded.nc4
/mnt/AizatDrive/smap_malaysia_subset_v8/2021/139880236_SMAP_L4_SM_gph_20211121T193000_Vv8010_001_subsetted_regridded.nc4
/mnt/AizatDrive/smap_malaysia_subset_v8/2021/139880198_SMAP_L4_SM_gph_20211123T013000_Vv8010_001_subsetted_regridded.nc4
/mnt/AizatDrive/smap_malaysia_subset_v8/2021/139880238_SMAP_L4_SM_gph_20211119T103000_Vv8010_001_subsetted_regridded.nc4
/mnt/AizatDrive/smap_malaysia_subset_v8/2021/139880248_SMAP_L4_SM_gph_20211121T133000_Vv8010_001_subsetted_regridded.nc4
/mnt/AizatDrive/smap_malaysia_subset_v8/2021/139880209_SMAP_L4_SM_gph_20211121T043000_Vv8010_001_subsetted_regridded.nc4
/mnt/AizatDrive/smap_malaysia_subset_v8/2021/139880237_SMAP_L4_SM_gph_20211119T133000_Vv8010_001_subsetted_regridded.nc4
/mnt/AizatDrive/smap_malaysia_subset_v8/2021/139880206_SMAP_L4_SM_gph_20211112T163000_Vv8010_001_subsetted_regridded.nc4
/mnt/AizatDrive/smap_malaysia_subset_v8/2021/139880235_SMAP_L4_SM_gph_20211119T013000_Vv8010_001_subsetted_regridded.nc4
/mnt/AizatDrive/smap_malaysia_subset_v8/2021/139880207_SMAP_L4_SM_gph_20211123T073000_Vv8010_001_subsetted_regridded.nc4
/mnt/AizatDrive/smap_malaysia_subset_v8/2021/139880208_SMAP_L4_SM_gph_20211117T193000_Vv8010_001_subsetted_regridded.nc4
/mnt/AizatDrive/smap_malaysia_subset_v8/2021/139880241_SMAP_L4_SM_gph_20211124T013000_Vv8010_001_subsetted_regridded.nc4
/mnt/AizatDrive/smap_malaysia_subset_v8/2021/139880243_SMAP_L4_SM_gph_20211118T163000_Vv8010_001_subsetted_regridded.nc4
/mnt/AizatDrive/smap_malaysia_subset_v8/2021/139880240_SMAP_L4_SM_gph_20211123T133000_Vv8010_001_subsetted_regridded.nc4
/mnt/AizatDrive/smap_malaysia_subset_v8/2021/139880211_SMAP_L4_SM_gph_20211116T013000_Vv8010_001_subsetted_regridded.nc4
/mnt/AizatDrive/smap_malaysia_subset_v8/2021/139880212_SMAP_L4_SM_gph_20211116T073000_Vv8010_001_subsetted_regridded.nc4
/mnt/AizatDrive/smap_malaysia_subset_v8/2021/139880214_SMAP_L4_SM_gph_20211120T163000_Vv8010_001_subsetted_regridded.nc4
/mnt/AizatDrive/smap_malaysia_subset_v8/2021/139880210_SMAP_L4_SM_gph_20211117T073000_Vv8010_001_subsetted_regridded.nc4
/mnt/AizatDrive/smap_malaysia_subset_v8/2021/139880213_SMAP_L4_SM_gph_20211115T133000_Vv8010_001_subsetted_regridded.nc4
/mnt/AizatDrive/smap_malaysia_subset_v8/2021/139880217_SMAP_L4_SM_gph_20211114T163000_Vv8010_001_subsetted_regridded.nc4
/mnt/AizatDrive/smap_malaysia_subset_v8/2021/139880245_SMAP_L4_SM_gph_20211122T193000_Vv8010_001_subsetted_regridded.nc4
/mnt/AizatDrive/smap_malaysia_subset_v8/2021/139880246_SMAP_L4_SM_gph_20211122T103000_Vv8010_001_subsetted_regridded.nc4
/mnt/AizatDrive/smap_malaysia_subset_v8/2021/139880244_SMAP_L4_SM_gph_20211118T223000_Vv8010_001_subsetted_regridded.nc4
/mnt/AizatDrive/smap_malaysia_subset_v8/2021/139880247_SMAP_L4_SM_gph_20211115T073000_Vv8010_001_subsetted_regridded.nc4
/mnt/AizatDrive/smap_malaysia_subset_v8/2021/139880216_SMAP_L4_SM_gph_20211113T193000_Vv8010_001_subsetted_regridded.nc4
/mnt/AizatDrive/smap_malaysia_subset_v8/2021/139880215_SMAP_L4_SM_gph_20211113T043000_Vv8010_001_subsetted_regridded.nc4
/mnt/AizatDrive/smap_malaysia_subset_v8/2021/139880218_SMAP_L4_SM_gph_20211114T013000_Vv8010_001_subsetted_regridded.nc4
/mnt/AizatDrive/smap_malaysia_subset_v8/2021/139880219_SMAP_L4_SM_gph_20211121T013000_Vv8010_001_subsetted_regridded.nc4
/mnt/AizatDrive/smap_malaysia_subset_v8/2021/139880309_SMAP_L4_SM_gph_20211123T223000_Vv8010_001_subsetted_regridded.nc4
/mnt/AizatDrive/smap_malaysia_subset_v8/2021/139880308_SMAP_L4_SM_gph_20211118T013000_Vv8010_001_subsetted_regridded.nc4
/mnt/AizatDrive/smap_malaysia_subset_v8/2021/139880319_SMAP_L4_SM_gph_20211123T043000_Vv8010_001_subsetted_regridded.nc4
/mnt/AizatDrive/smap_malaysia_subset_v8/2021/139880313_SMAP_L4_SM_gph_20211115T043000_Vv8010_001_subsetted_regridded.nc4
/mnt/AizatDrive/smap_malaysia_subset_v8/2021/139880311_SMAP_L4_SM_gph_20211121T163000_Vv8010_001_subsetted_regridded.nc4
/mnt/AizatDrive/smap_malaysia_subset_v8/2021/139880314_SMAP_L4_SM_gph_20211118T073000_Vv8010_001_subsetted_regridded.nc4
/mnt/AizatDrive/smap_malaysia_subset_v8/2021/139880312_SMAP_L4_SM_gph_20211117T223000_Vv8010_001_subsetted_regridded.nc4
/mnt/AizatDrive/smap_malaysia_subset_v8/2021/139880318_SMAP_L4_SM_gph_20211119T193000_Vv8010_001_subsetted_regridded.nc4
/mnt/AizatDrive/smap_malaysia_subset_v8/2021/139880315_SMAP_L4_SM_gph_20211124T043000_Vv8010_001_subsetted_regridded.nc4
/mnt/AizatDrive/smap_malaysia_subset_v8/2021/139880317_SMAP_L4_SM_gph_20211123T103000_Vv8010_001_subsetted_regridded.nc4
/mnt/AizatDrive/smap_malaysia_subset_v8/2021/139880316_SMAP_L4_SM_gph_20211123T163000_Vv8010_001_subsetted_regridded.nc4
/mnt/AizatDrive/smap_malaysia_subset_v8/2021/139880329_SMAP_L4_SM_gph_20211120T013000_Vv8010_001_subsetted_regridded.nc4
/mnt/AizatDrive/smap_malaysia_subset_v8/2021/139880389_SMAP_L4_SM_gph_20211124T073000_Vv8010_001_subsetted_regridded.nc4
/mnt/AizatDrive/smap_malaysia_subset_v8/2021/139880408_SMAP_L4_SM_gph_20211125T043000_Vv8010_001_subsetted_regridded.nc4
/mnt/AizatDrive/smap_malaysia_subset_v8/2021/139880411_SMAP_L4_SM_gph_20211124T193000_Vv8010_001_subsetted_regridded.nc4
/mnt/AizatDrive/smap_malaysia_subset_v8/2021/139880416_SMAP_L4_SM_gph_20211127T103000_Vv8010_001_subsetted_regridded.nc4
/mnt/AizatDrive/smap_malaysia_subset_v8/2021/139880412_SMAP_L4_SM_gph_20211125T013000_Vv8010_001_subsetted_regridded.nc4
/mnt/AizatDrive/smap_malaysia_subset_v8/2021/139880413_SMAP_L4_SM_gph_20211127T133000_Vv8010_001_subsetted_regridded.nc4
/mnt/AizatDrive/smap_malaysia_subset_v8/2021/139880418_SMAP_L4_SM_gph_20211125T223000_Vv8010_001_subsetted_regridded.nc4
/mnt/AizatDrive/smap_malaysia_subset_v8/2021/139880417_SMAP_L4_SM_gph_20211124T103000_Vv8010_001_subsetted_regridded.nc4
/mnt/AizatDrive/smap_malaysia_subset_v8/2021/139880419_SMAP_L4_SM_gph_20211125T073000_Vv8010_001_subsetted_regridded.nc4
/mnt/AizatDrive/smap_malaysia_subset_v8/2021/139880415_SMAP_L4_SM_gph_20211124T223000_Vv8010_001_subsetted_regridded.nc4
/mnt/AizatDrive/smap_malaysia_subset_v8/2021/139880414_SMAP_L4_SM_gph_20211124T133000_Vv8010_001_subsetted_regridded.nc4
/mnt/AizatDrive/smap_malaysia_subset_v8/2021/139880420_SMAP_L4_SM_gph_20211126T223000_Vv8010_001_subsetted_regridded.nc4
/mnt/AizatDrive/smap_malaysia_subset_v8/2021/139880421_SMAP_L4_SM_gph_20211124T163000_Vv8010_001_subsetted_regridded.nc4
/mnt/AizatDrive/smap_malaysia_subset_v8/2021/139880423_SMAP_L4_SM_gph_20211125T103000_Vv8010_001_subsetted_regridded.nc4
/mnt/AizatDrive/smap_malaysia_subset_v8/2021/139880422_SMAP_L4_SM_gph_20211126T043000_Vv8010_001_subsetted_regridded.nc4
/mnt/AizatDrive/smap_malaysia_subset_v8/2021/139880424_SMAP_L4_SM_gph_20211125T193000_Vv8010_001_subsetted_regridded.nc4
/mnt/AizatDrive/smap_malaysia_subset_v8/2021/139880425_SMAP_L4_SM_gph_20210221T133000_Vv8010_001_subsetted_regridded.nc4
/mnt/AizatDrive/smap_malaysia_subset_v8/2021/139880428_SMAP_L4_SM_gph_20210409T193000_Vv8010_001_subsetted_regridded.nc4
/mnt/AizatDrive/smap_malaysia_subset_v8/2021/139880426_SMAP_L4_SM_gph_20210108T133000_Vv8010_001_subsetted_regridded.nc4
/mnt/AizatDrive/smap_malaysia_subset_v8/2021/139880429_SMAP_L4_SM_gph_20210408T193000_Vv8010_001_subsetted_regridded.nc4
/mnt/AizatDrive/smap_malaysia_subset_v8/2021/139880427_SMAP_L4_SM_gph_20210408T073000_Vv8010_001_subsetted_regridded.nc4
/mnt/AizatDrive/smap_malaysia_subset_v8/2021/139880430_SMAP_L4_SM_gph_20210408T133000_Vv8010_001_subsetted_regridded.nc4
/mnt/AizatDrive/smap_malaysia_subset_v8/2021/139880431_SMAP_L4_SM_gph_20210408T163000_Vv8010_001_subsetted_regridded.nc4
/mnt/AizatDrive/smap_malaysia_subset_v8/2021/139880433_SMAP_L4_SM_gph_20210409T103000_Vv8010_001_subsetted_regridded.nc4
/mnt/AizatDrive/smap_malaysia_subset_v8/2021/139880432_SMAP_L4_SM_gph_20210407T163000_Vv8010_001_subsetted_regridded.nc4
/mnt/AizatDrive/smap_malaysia_subset_v8/2021/139880471_SMAP_L4_SM_gph_20211126T013000_Vv8010_001_subsetted_regridded.nc4
/mnt/AizatDrive/smap_malaysia_subset_v8/2021/139880473_SMAP_L4_SM_gph_20211126T073000_Vv8010_001_subsetted_regridded.nc4
/mnt/AizatDrive/smap_malaysia_subset_v8/2021/139880472_SMAP_L4_SM_gph_20211126T103000_Vv8010_001_subsetted_regridded.nc4
/mnt/AizatDrive/smap_malaysia_subset_v8/2021/139880474_SMAP_L4_SM_gph_20211127T163000_Vv8010_001_subsetted_regridded.nc4
/mnt/AizatDrive/smap_malaysia_subset_v8/2021/139880476_SMAP_L4_SM_gph_20211125T133000_Vv8010_001_subsetted_regridded.nc4
/mnt/AizatDrive/smap_malaysia_subset_v8/2021/139880475_SMAP_L4_SM_gph_20211126T133000_Vv8010_001_subsetted_regridded.nc4
/mnt/AizatDrive/smap_malaysia_subset_v8/2021/139880477_SMAP_L4_SM_gph_20211125T163000_Vv8010_001_subsetted_regridded.nc4
/mnt/AizatDrive/smap_malaysia_subset_v8/2021/139880483_SMAP_L4_SM_gph_20211127T073000_Vv8010_001_subsetted_regridded.nc4
/mnt/AizatDrive/smap_malaysia_subset_v8/2021/139880485_SMAP_L4_SM_gph_20211129T073000_Vv8010_001_subsetted_regridded.nc4
/mnt/AizatDrive/smap_malaysia_subset_v8/2021/139880478_SMAP_L4_SM_gph_20211127T043000_Vv8010_001_subsetted_regridded.nc4
/mnt/AizatDrive/smap_malaysia_subset_v8/2021/139880486_SMAP_L4_SM_gph_20211127T013000_Vv8010_001_subsetted_regridded.nc4
/mnt/AizatDrive/smap_malaysia_subset_v8/2021/139880490_SMAP_L4_SM_gph_20211128T223000_Vv8010_001_subsetted_regridded.nc4
/mnt/AizatDrive/smap_malaysia_subset_v8/2021/139880495_SMAP_L4_SM_gph_20211205T013000_Vv8010_001_subsetted_regridded.nc4
/mnt/AizatDrive/smap_malaysia_subset_v8/2021/139880493_SMAP_L4_SM_gph_20211204T043000_Vv8010_001_subsetted_regridded.nc4
/mnt/AizatDrive/smap_malaysia_subset_v8/2021/139880488_SMAP_L4_SM_gph_20211128T043000_Vv8010_001_subsetted_regridded.nc4
/mnt/AizatDrive/smap_malaysia_subset_v8/2021/139880492_SMAP_L4_SM_gph_20211201T163000_Vv8010_001_subsetted_regridded.nc4
/mnt/AizatDrive/smap_malaysia_subset_v8/2021/139880509_SMAP_L4_SM_gph_20211204T073000_Vv8010_001_subsetted_regridded.nc4
/mnt/AizatDrive/smap_malaysia_subset_v8/2021/139880501_SMAP_L4_SM_gph_20211130T223000_Vv8010_001_subsetted_regridded.nc4
/mnt/AizatDrive/smap_malaysia_subset_v8/2021/139880512_SMAP_L4_SM_gph_20211201T223000_Vv8010_001_subsetted_regridded.nc4
/mnt/AizatDrive/smap_malaysia_subset_v8/2021/139880502_SMAP_L4_SM_gph_20211127T223000_Vv8010_001_subsetted_regridded.nc4
/mnt/AizatDrive/smap_malaysia_subset_v8/2021/139880504_SMAP_L4_SM_gph_20211130T043000_Vv8010_001_subsetted_regridded.nc4
/mnt/AizatDrive/smap_malaysia_subset_v8/2021/139880505_SMAP_L4_SM_gph_20211204T103000_Vv8010_001_subsetted_regridded.nc4
/mnt/AizatDrive/smap_malaysia_subset_v8/2021/139880514_SMAP_L4_SM_gph_20211207T073000_Vv8010_001_subsetted_regridded.nc4
/mnt/AizatDrive/smap_malaysia_subset_v8/2021/139880479_SMAP_L4_SM_gph_20211126T163000_Vv8010_001_subsetted_regridded.nc4
/mnt/AizatDrive/smap_malaysia_subset_v8/2021/139880481_SMAP_L4_SM_gph_20211129T163000_Vv8010_001_subsetted_regridded.nc4
/mnt/AizatDrive/smap_malaysia_subset_v8/2021/139880482_SMAP_L4_SM_gph_20211126T193000_Vv8010_001_subsetted_regridded.nc4
/mnt/AizatDrive/smap_malaysia_subset_v8/2021/139880513_SMAP_L4_SM_gph_20211202T073000_Vv8010_001_subsetted_regridded.nc4
/mnt/AizatDrive/smap_malaysia_subset_v8/2021/139880480_SMAP_L4_SM_gph_20211129T013000_Vv8010_001_subsetted_regridded.nc4
/mnt/AizatDrive/smap_malaysia_subset_v8/2021/139880511_SMAP_L4_SM_gph_20211202T223000_Vv8010_001_subsetted_regridded.nc4
/mnt/AizatDrive/smap_malaysia_subset_v8/2021/139880519_SMAP_L4_SM_gph_20211130T013000_Vv8010_001_subsetted_regridded.nc4
/mnt/AizatDrive/smap_malaysia_subset_v8/2021/139880484_SMAP_L4_SM_gph_20211128T163000_Vv8010_001_subsetted_regridded.nc4
/mnt/AizatDrive/smap_malaysia_subset_v8/2021/139880520_SMAP_L4_SM_gph_20211204T133000_Vv8010_001_subsetted_regridded.nc4
/mnt/AizatDrive/smap_malaysia_subset_v8/2021/139880517_SMAP_L4_SM_gph_20211201T193000_Vv8010_001_subsetted_regridded.nc4
/mnt/AizatDrive/smap_malaysia_subset_v8/2021/139880515_SMAP_L4_SM_gph_20211206T043000_Vv8010_001_subsetted_regridded.nc4
/mnt/AizatDrive/smap_malaysia_subset_v8/2021/139880518_SMAP_L4_SM_gph_20211130T073000_Vv8010_001_subsetted_regridded.nc4
/mnt/AizatDrive/smap_malaysia_subset_v8/2021/139880522_SMAP_L4_SM_gph_20211128T103000_Vv8010_001_subsetted_regridded.nc4
/mnt/AizatDrive/smap_malaysia_subset_v8/2021/139880533_SMAP_L4_SM_gph_20211203T013000_Vv8010_001_subsetted_regridded.nc4
/mnt/AizatDrive/smap_malaysia_subset_v8/2021/139880523_SMAP_L4_SM_gph_20211129T133000_Vv8010_001_subsetted_regridded.nc4
/mnt/AizatDrive/smap_malaysia_subset_v8/2021/139880541_SMAP_L4_SM_gph_20211201T103000_Vv8010_001_subsetted_regridded.nc4
/mnt/AizatDrive/smap_malaysia_subset_v8/2021/139880524_SMAP_L4_SM_gph_20211209T163000_Vv8010_001_subsetted_regridded.nc4
/mnt/AizatDrive/smap_malaysia_subset_v8/2021/139880521_SMAP_L4_SM_gph_20211208T133000_Vv8010_001_subsetted_regridded.nc4
/mnt/AizatDrive/smap_malaysia_subset_v8/2021/139880530_SMAP_L4_SM_gph_20211206T133000_Vv8010_001_subsetted_regridded.nc4
/mnt/AizatDrive/smap_malaysia_subset_v8/2021/139880516_SMAP_L4_SM_gph_20211130T133000_Vv8010_001_subsetted_regridded.nc4
/mnt/AizatDrive/smap_malaysia_subset_v8/2021/139880539_SMAP_L4_SM_gph_20211208T013000_Vv8010_001_subsetted_regridded.nc4
/mnt/AizatDrive/smap_malaysia_subset_v8/2021/139880538_SMAP_L4_SM_gph_20211206T223000_Vv8010_001_subsetted_regridded.nc4
/mnt/AizatDrive/smap_malaysia_subset_v8/2021/139880543_SMAP_L4_SM_gph_20211209T103000_Vv8010_001_subsetted_regridded.nc4
/mnt/AizatDrive/smap_malaysia_subset_v8/2021/139880536_SMAP_L4_SM_gph_20211203T103000_Vv8010_001_subsetted_regridded.nc4
/mnt/AizatDrive/smap_malaysia_subset_v8/2021/139880487_SMAP_L4_SM_gph_20211128T073000_Vv8010_001_subsetted_regridded.nc4
/mnt/AizatDrive/smap_malaysia_subset_v8/2021/139880544_SMAP_L4_SM_gph_20211203T193000_Vv8010_001_subsetted_regridded.nc4
/mnt/AizatDrive/smap_malaysia_subset_v8/2021/139880540_SMAP_L4_SM_gph_20211202T013000_Vv8010_001_subsetted_regridded.nc4
/mnt/AizatDrive/smap_malaysia_subset_v8/2021/139880529_SMAP_L4_SM_gph_20211128T013000_Vv8010_001_subsetted_regridded.nc4
/mnt/AizatDrive/smap_malaysia_subset_v8/2021/139880531_SMAP_L4_SM_gph_20211209T133000_Vv8010_001_subsetted_regridded.nc4
/mnt/AizatDrive/smap_malaysia_subset_v8/2021/139880542_SMAP_L4_SM_gph_20211207T103000_Vv8010_001_subsetted_regridded.nc4
/mnt/AizatDrive/smap_malaysia_subset_v8/2021/139880491_SMAP_L4_SM_gph_20211128T193000_Vv8010_001_subsetted_regridded.nc4
/mnt/AizatDrive/smap_malaysia_subset_v8/2021/139880498_SMAP_L4_SM_gph_20211129T193000_Vv8010_001_subsetted_regridded.nc4
/mnt/AizatDrive/smap_malaysia_subset_v8/2021/139880489_SMAP_L4_SM_gph_20211203T223000_Vv8010_001_subsetted_regridded.nc4
/mnt/AizatDrive/smap_malaysia_subset_v8/2021/139880550_SMAP_L4_SM_gph_20211208T043000_Vv8010_001_subsetted_regridded.nc4
/mnt/AizatDrive/smap_malaysia_subset_v8/2021/139880494_SMAP_L4_SM_gph_20211207T223000_Vv8010_001_subsetted_regridded.nc4
/mnt/AizatDrive/smap_malaysia_subset_v8/2021/139880497_SMAP_L4_SM_gph_20211128T133000_Vv8010_001_subsetted_regridded.nc4
/mnt/AizatDrive/smap_malaysia_subset_v8/2021/139880535_SMAP_L4_SM_gph_20211208T103000_Vv8010_001_subsetted_regridded.nc4
/mnt/AizatDrive/smap_malaysia_subset_v8/2021/139880553_SMAP_L4_SM_gph_20211207T193000_Vv8010_001_subsetted_regridded.nc4
/mnt/AizatDrive/smap_malaysia_subset_v8/2021/139880496_SMAP_L4_SM_gph_20211130T163000_Vv8010_001_subsetted_regridded.nc4
/mnt/AizatDrive/smap_malaysia_subset_v8/2021/139880546_SMAP_L4_SM_gph_20211127T193000_Vv8010_001_subsetted_regridded.nc4
/mnt/AizatDrive/smap_malaysia_subset_v8/2021/139880552_SMAP_L4_SM_gph_20211208T193000_Vv8010_001_subsetted_regridded.nc4
/mnt/AizatDrive/smap_malaysia_subset_v8/2021/139880500_SMAP_L4_SM_gph_20211129T103000_Vv8010_001_subsetted_regridded.nc4
/mnt/AizatDrive/smap_malaysia_subset_v8/2021/139880563_SMAP_L4_SM_gph_20211208T163000_Vv8010_001_subsetted_regridded.nc4
/mnt/AizatDrive/smap_malaysia_subset_v8/2021/139880554_SMAP_L4_SM_gph_20211209T013000_Vv8010_001_subsetted_regridded.nc4
/mnt/AizatDrive/smap_malaysia_subset_v8/2021/139880499_SMAP_L4_SM_gph_20211203T133000_Vv8010_001_subsetted_regridded.nc4
/mnt/AizatDrive/smap_malaysia_subset_v8/2021/139880507_SMAP_L4_SM_gph_20211201T013000_Vv8010_001_subsetted_regridded.nc4
/mnt/AizatDrive/smap_malaysia_subset_v8/2021/139880506_SMAP_L4_SM_gph_20211203T043000_Vv8010_001_subsetted_regridded.nc4
/mnt/AizatDrive/smap_malaysia_subset_v8/2021/139880508_SMAP_L4_SM_gph_20211201T133000_Vv8010_001_subsetted_regridded.nc4
/mnt/AizatDrive/smap_malaysia_subset_v8/2021/139880559_SMAP_L4_SM_gph_20211204T223000_Vv8010_001_subsetted_regridded.nc4
/mnt/AizatDrive/smap_malaysia_subset_v8/2021/139880557_SMAP_L4_SM_gph_20211202T163000_Vv8010_001_subsetted_regridded.nc4
/mnt/AizatDrive/smap_malaysia_subset_v8/2021/139880556_SMAP_L4_SM_gph_20211207T013000_Vv8010_001_subsetted_regridded.nc4
/mnt/AizatDrive/smap_malaysia_subset_v8/2021/139880503_SMAP_L4_SM_gph_20211201T073000_Vv8010_001_subsetted_regridded.nc4
/mnt/AizatDrive/smap_malaysia_subset_v8/2021/139880510_SMAP_L4_SM_gph_20211202T193000_Vv8010_001_subsetted_regridded.nc4
/mnt/AizatDrive/smap_malaysia_subset_v8/2021/139880566_SMAP_L4_SM_gph_20211206T013000_Vv8010_001_subsetted_regridded.nc4
/mnt/AizatDrive/smap_malaysia_subset_v8/2021/139880560_SMAP_L4_SM_gph_20211204T013000_Vv8010_001_subsetted_regridded.nc4
/mnt/AizatDrive/smap_malaysia_subset_v8/2021/139880564_SMAP_L4_SM_gph_20211208T073000_Vv8010_001_subsetted_regridded.nc4
/mnt/AizatDrive/smap_malaysia_subset_v8/2021/139880565_SMAP_L4_SM_gph_20211202T133000_Vv8010_001_subsetted_regridded.nc4
/mnt/AizatDrive/smap_malaysia_subset_v8/2021/139880562_SMAP_L4_SM_gph_20211205T193000_Vv8010_001_subsetted_regridded.nc4
/mnt/AizatDrive/smap_malaysia_subset_v8/2021/139880572_SMAP_L4_SM_gph_20211210T013000_Vv8010_001_subsetted_regridded.nc4
/mnt/AizatDrive/smap_malaysia_subset_v8/2021/139880561_SMAP_L4_SM_gph_20211208T223000_Vv8010_001_subsetted_regridded.nc4
/mnt/AizatDrive/smap_malaysia_subset_v8/2021/139880571_SMAP_L4_SM_gph_20211207T163000_Vv8010_001_subsetted_regridded.nc4
/mnt/AizatDrive/smap_malaysia_subset_v8/2021/139880569_SMAP_L4_SM_gph_20211206T163000_Vv8010_001_subsetted_regridded.nc4
/mnt/AizatDrive/smap_malaysia_subset_v8/2021/139880532_SMAP_L4_SM_gph_20211205T133000_Vv8010_001_subsetted_regridded.nc4
/mnt/AizatDrive/smap_malaysia_subset_v8/2021/139880576_SMAP_L4_SM_gph_20211129T223000_Vv8010_001_subsetted_regridded.nc4
/mnt/AizatDrive/smap_malaysia_subset_v8/2021/139880534_SMAP_L4_SM_gph_20211201T043000_Vv8010_001_subsetted_regridded.nc4
/mnt/AizatDrive/smap_malaysia_subset_v8/2021/139880567_SMAP_L4_SM_gph_20211203T073000_Vv8010_001_subsetted_regridded.nc4
/mnt/AizatDrive/smap_malaysia_subset_v8/2021/139880528_SMAP_L4_SM_gph_20211129T043000_Vv8010_001_subsetted_regridded.nc4
/mnt/AizatDrive/smap_malaysia_subset_v8/2021/139880537_SMAP_L4_SM_gph_20211207T043000_Vv8010_001_subsetted_regridded.nc4
/mnt/AizatDrive/smap_malaysia_subset_v8/2021/139880575_SMAP_L4_SM_gph_20211209T223000_Vv8010_001_subsetted_regridded.nc4
/mnt/AizatDrive/smap_malaysia_subset_v8/2021/139880570_SMAP_L4_SM_gph_20211209T043000_Vv8010_001_subsetted_regridded.nc4
/mnt/AizatDrive/smap_malaysia_subset_v8/2021/139880568_SMAP_L4_SM_gph_20211206T193000_Vv8010_001_subsetted_regridded.nc4
/mnt/AizatDrive/smap_malaysia_subset_v8/2021/139880551_SMAP_L4_SM_gph_20211204T193000_Vv8010_001_subsetted_regridded.nc4
/mnt/AizatDrive/smap_malaysia_subset_v8/2021/139880579_SMAP_L4_SM_gph_20211205T103000_Vv8010_001_subsetted_regridded.nc4
/mnt/AizatDrive/smap_malaysia_subset_v8/2021/139880549_SMAP_L4_SM_gph_20211202T103000_Vv8010_001_subsetted_regridded.nc4
/mnt/AizatDrive/smap_malaysia_subset_v8/2021/139880548_SMAP_L4_SM_gph_20211205T223000_Vv8010_001_subsetted_regridded.nc4
/mnt/AizatDrive/smap_malaysia_subset_v8/2021/139880547_SMAP_L4_SM_gph_20211203T163000_Vv8010_001_subsetted_regridded.nc4
/mnt/AizatDrive/smap_malaysia_subset_v8/2021/139880545_SMAP_L4_SM_gph_20211207T133000_Vv8010_001_subsetted_regridded.nc4
/mnt/AizatDrive/smap_malaysia_subset_v8/2021/139880555_SMAP_L4_SM_gph_20211205T043000_Vv8010_001_subsetted_regridded.nc4
/mnt/AizatDrive/smap_malaysia_subset_v8/2021/139880558_SMAP_L4_SM_gph_20211130T103000_Vv8010_001_subsetted_regridded.nc4
/mnt/AizatDrive/smap_malaysia_subset_v8/2021/139880573_SMAP_L4_SM_gph_20211130T193000_Vv8010_001_subsetted_regridded.nc4
/mnt/AizatDrive/smap_malaysia_subset_v8/2021/139880577_SMAP_L4_SM_gph_20211210T073000_Vv8010_001_subsetted_regridded.nc4
/mnt/AizatDrive/smap_malaysia_subset_v8/2021/139880574_SMAP_L4_SM_gph_20211210T043000_Vv8010_001_subsetted_regridded.nc4
/mnt/AizatDrive/smap_malaysia_subset_v8/2021/139880578_SMAP_L4_SM_gph_20211209T073000_Vv8010_001_subsetted_regridded.nc4
/mnt/AizatDrive/smap_malaysia_subset_v8/2021/139880580_SMAP_L4_SM_gph_20211209T193000_Vv8010_001_subsetted_regridded.nc4
/mnt/AizatDrive/smap_malaysia_subset_v8/2021/139880583_SMAP_L4_SM_gph_20211217T043000_Vv8010_001_subsetted_regridded.nc4
/mnt/AizatDrive/smap_malaysia_subset_v8/2021/139880586_SMAP_L4_SM_gph_20211216T133000_Vv8010_001_subsetted_regridded.nc4
/mnt/AizatDrive/smap_malaysia_subset_v8/2021/139880582_SMAP_L4_SM_gph_20211211T163000_Vv8010_001_subsetted_regridded.nc4
/mnt/AizatDrive/smap_malaysia_subset_v8/2021/139880584_SMAP_L4_SM_gph_20211210T193000_Vv8010_001_subsetted_regridded.nc4
/mnt/AizatDrive/smap_malaysia_subset_v8/2021/139880585_SMAP_L4_SM_gph_20211213T073000_Vv8010_001_subsetted_regridded.nc4
/mnt/AizatDrive/smap_malaysia_subset_v8/2021/139880594_SMAP_L4_SM_gph_20211215T103000_Vv8010_001_subsetted_regridded.nc4
/mnt/AizatDrive/smap_malaysia_subset_v8/2021/139880595_SMAP_L4_SM_gph_20211216T103000_Vv8010_001_subsetted_regridded.nc4
/mnt/AizatDrive/smap_malaysia_subset_v8/2021/139880587_SMAP_L4_SM_gph_20211212T133000_Vv8010_001_subsetted_regridded.nc4
/mnt/AizatDrive/smap_malaysia_subset_v8/2021/139880589_SMAP_L4_SM_gph_20211212T043000_Vv8010_001_subsetted_regridded.nc4
/mnt/AizatDrive/smap_malaysia_subset_v8/2021/139880593_SMAP_L4_SM_gph_20211217T193000_Vv8010_001_subsetted_regridded.nc4
/mnt/AizatDrive/smap_malaysia_subset_v8/2021/139880600_SMAP_L4_SM_gph_20211212T223000_Vv8010_001_subsetted_regridded.nc4
/mnt/AizatDrive/smap_malaysia_subset_v8/2021/139880592_SMAP_L4_SM_gph_20211213T163000_Vv8010_001_subsetted_regridded.nc4
/mnt/AizatDrive/smap_malaysia_subset_v8/2021/139880588_SMAP_L4_SM_gph_20211211T103000_Vv8010_001_subsetted_regridded.nc4
/mnt/AizatDrive/smap_malaysia_subset_v8/2021/139880596_SMAP_L4_SM_gph_20211210T133000_Vv8010_001_subsetted_regridded.nc4
/mnt/AizatDrive/smap_malaysia_subset_v8/2021/139880599_SMAP_L4_SM_gph_20211213T103000_Vv8010_001_subsetted_regridded.nc4
/mnt/AizatDrive/smap_malaysia_subset_v8/2021/139880590_SMAP_L4_SM_gph_20211219T193000_Vv8010_001_subsetted_regridded.nc4
/mnt/AizatDrive/smap_malaysia_subset_v8/2021/139880597_SMAP_L4_SM_gph_20211210T103000_Vv8010_001_subsetted_regridded.nc4
/mnt/AizatDrive/smap_malaysia_subset_v8/2021/139880591_SMAP_L4_SM_gph_20211211T133000_Vv8010_001_subsetted_regridded.nc4
/mnt/AizatDrive/smap_malaysia_subset_v8/2021/139880602_SMAP_L4_SM_gph_20211214T013000_Vv8010_001_subsetted_regridded.nc4
/mnt/AizatDrive/smap_malaysia_subset_v8/2021/139880601_SMAP_L4_SM_gph_20211213T223000_Vv8010_001_subsetted_regridded.nc4
/mnt/AizatDrive/smap_malaysia_subset_v8/2021/139880606_SMAP_L4_SM_gph_20211214T133000_Vv8010_001_subsetted_regridded.nc4
/mnt/AizatDrive/smap_malaysia_subset_v8/2021/139880605_SMAP_L4_SM_gph_20211215T013000_Vv8010_001_subsetted_regridded.nc4
/mnt/AizatDrive/smap_malaysia_subset_v8/2021/139880603_SMAP_L4_SM_gph_20211211T193000_Vv8010_001_subsetted_regridded.nc4
/mnt/AizatDrive/smap_malaysia_subset_v8/2021/139880604_SMAP_L4_SM_gph_20211212T163000_Vv8010_001_subsetted_regridded.nc4
/mnt/AizatDrive/smap_malaysia_subset_v8/2021/139880598_SMAP_L4_SM_gph_20211222T073000_Vv8010_001_subsetted_regridded.nc4
/mnt/AizatDrive/smap_malaysia_subset_v8/2021/139880616_SMAP_L4_SM_gph_20211222T103000_Vv8010_001_subsetted_regridded.nc4
/mnt/AizatDrive/smap_malaysia_subset_v8/2021/139880617_SMAP_L4_SM_gph_20211220T073000_Vv8010_001_subsetted_regridded.nc4
/mnt/AizatDrive/smap_malaysia_subset_v8/2021/139880613_SMAP_L4_SM_gph_20211217T073000_Vv8010_001_subsetted_regridded.nc4
/mnt/AizatDrive/smap_malaysia_subset_v8/2021/139880609_SMAP_L4_SM_gph_20211214T193000_Vv8010_001_subsetted_regridded.nc4
/mnt/AizatDrive/smap_malaysia_subset_v8/2021/139880612_SMAP_L4_SM_gph_20211212T103000_Vv8010_001_subsetted_regridded.nc4
/mnt/AizatDrive/smap_malaysia_subset_v8/2021/139880621_SMAP_L4_SM_gph_20211218T193000_Vv8010_001_subsetted_regridded.nc4
/mnt/AizatDrive/smap_malaysia_subset_v8/2021/139880608_SMAP_L4_SM_gph_20211211T073000_Vv8010_001_subsetted_regridded.nc4
/mnt/AizatDrive/smap_malaysia_subset_v8/2021/139880610_SMAP_L4_SM_gph_20211218T223000_Vv8010_001_subsetted_regridded.nc4
/mnt/AizatDrive/smap_malaysia_subset_v8/2021/139880623_SMAP_L4_SM_gph_20211215T133000_Vv8010_001_subsetted_regridded.nc4
/mnt/AizatDrive/smap_malaysia_subset_v8/2021/139880615_SMAP_L4_SM_gph_20211213T013000_Vv8010_001_subsetted_regridded.nc4
/mnt/AizatDrive/smap_malaysia_subset_v8/2021/139880614_SMAP_L4_SM_gph_20211214T163000_Vv8010_001_subsetted_regridded.nc4
/mnt/AizatDrive/smap_malaysia_subset_v8/2021/139880624_SMAP_L4_SM_gph_20211216T073000_Vv8010_001_subsetted_regridded.nc4
/mnt/AizatDrive/smap_malaysia_subset_v8/2021/139880611_SMAP_L4_SM_gph_20211215T193000_Vv8010_001_subsetted_regridded.nc4
/mnt/AizatDrive/smap_malaysia_subset_v8/2021/139880628_SMAP_L4_SM_gph_20211224T013000_Vv8010_001_subsetted_regridded.nc4
/mnt/AizatDrive/smap_malaysia_subset_v8/2021/139880607_SMAP_L4_SM_gph_20211210T223000_Vv8010_001_subsetted_regridded.nc4
/mnt/AizatDrive/smap_malaysia_subset_v8/2021/139880632_SMAP_L4_SM_gph_20211222T013000_Vv8010_001_subsetted_regridded.nc4
/mnt/AizatDrive/smap_malaysia_subset_v8/2021/139880622_SMAP_L4_SM_gph_20211214T073000_Vv8010_001_subsetted_regridded.nc4
/mnt/AizatDrive/smap_malaysia_subset_v8/2021/139880618_SMAP_L4_SM_gph_20211220T133000_Vv8010_001_subsetted_regridded.nc4
/mnt/AizatDrive/smap_malaysia_subset_v8/2021/139880634_SMAP_L4_SM_gph_20211213T043000_Vv8010_001_subsetted_regridded.nc4
/mnt/AizatDrive/smap_malaysia_subset_v8/2021/139880620_SMAP_L4_SM_gph_20211221T043000_Vv8010_001_subsetted_regridded.nc4
/mnt/AizatDrive/smap_malaysia_subset_v8/2021/139880625_SMAP_L4_SM_gph_20211211T223000_Vv8010_001_subsetted_regridded.nc4
/mnt/AizatDrive/smap_malaysia_subset_v8/2021/139880631_SMAP_L4_SM_gph_20211221T013000_Vv8010_001_subsetted_regridded.nc4
/mnt/AizatDrive/smap_malaysia_subset_v8/2021/139880627_SMAP_L4_SM_gph_20211217T103000_Vv8010_001_subsetted_regridded.nc4
/mnt/AizatDrive/smap_malaysia_subset_v8/2021/139880619_SMAP_L4_SM_gph_20211216T043000_Vv8010_001_subsetted_regridded.nc4
/mnt/AizatDrive/smap_malaysia_subset_v8/2021/139880633_SMAP_L4_SM_gph_20211223T103000_Vv8010_001_subsetted_regridded.nc4
/mnt/AizatDrive/smap_malaysia_subset_v8/2021/139880630_SMAP_L4_SM_gph_20211221T073000_Vv8010_001_subsetted_regridded.nc4
/mnt/AizatDrive/smap_malaysia_subset_v8/2021/139880629_SMAP_L4_SM_gph_20211224T103000_Vv8010_001_subsetted_regridded.nc4
/mnt/AizatDrive/smap_malaysia_subset_v8/2021/139880626_SMAP_L4_SM_gph_20211221T193000_Vv8010_001_subsetted_regridded.nc4
/mnt/AizatDrive/smap_malaysia_subset_v8/2021/139880636_SMAP_L4_SM_gph_20211214T043000_Vv8010_001_subsetted_regridded.nc4
/mnt/AizatDrive/smap_malaysia_subset_v8/2021/139880639_SMAP_L4_SM_gph_20211217T223000_Vv8010_001_subsetted_regridded.nc4
/mnt/AizatDrive/smap_malaysia_subset_v8/2021/139880637_SMAP_L4_SM_gph_20211224T223000_Vv8010_001_subsetted_regridded.nc4
/mnt/AizatDrive/smap_malaysia_subset_v8/2021/139880643_SMAP_L4_SM_gph_20211214T223000_Vv8010_001_subsetted_regridded.nc4
/mnt/AizatDrive/smap_malaysia_subset_v8/2021/139880642_SMAP_L4_SM_gph_20211218T013000_Vv8010_001_subsetted_regridded.nc4
/mnt/AizatDrive/smap_malaysia_subset_v8/2021/139880644_SMAP_L4_SM_gph_20211216T223000_Vv8010_001_subsetted_regridded.nc4
/mnt/AizatDrive/smap_malaysia_subset_v8/2021/139880635_SMAP_L4_SM_gph_20211224T193000_Vv8010_001_subsetted_regridded.nc4
/mnt/AizatDrive/smap_malaysia_subset_v8/2021/139880646_SMAP_L4_SM_gph_20211225T043000_Vv8010_001_subsetted_regridded.nc4
/mnt/AizatDrive/smap_malaysia_subset_v8/2021/139880663_SMAP_L4_SM_gph_20211223T013000_Vv8010_001_subsetted_regridded.nc4
/mnt/AizatDrive/smap_malaysia_subset_v8/2021/139880664_SMAP_L4_SM_gph_20211220T163000_Vv8010_001_subsetted_regridded.nc4
/mnt/AizatDrive/smap_malaysia_subset_v8/2021/139880640_SMAP_L4_SM_gph_20211218T043000_Vv8010_001_subsetted_regridded.nc4
/mnt/AizatDrive/smap_malaysia_subset_v8/2021/139880659_SMAP_L4_SM_gph_20211219T013000_Vv8010_001_subsetted_regridded.nc4
/mnt/AizatDrive/smap_malaysia_subset_v8/2021/139880667_SMAP_L4_SM_gph_20211225T103000_Vv8010_001_subsetted_regridded.nc4
/mnt/AizatDrive/smap_malaysia_subset_v8/2021/139880662_SMAP_L4_SM_gph_20211222T193000_Vv8010_001_subsetted_regridded.nc4
/mnt/AizatDrive/smap_malaysia_subset_v8/2021/139880660_SMAP_L4_SM_gph_20211215T223000_Vv8010_001_subsetted_regridded.nc4
/mnt/AizatDrive/smap_malaysia_subset_v8/2021/139880658_SMAP_L4_SM_gph_20211223T133000_Vv8010_001_subsetted_regridded.nc4
/mnt/AizatDrive/smap_malaysia_subset_v8/2021/139880666_SMAP_L4_SM_gph_20211226T043000_Vv8010_001_subsetted_regridded.nc4
/mnt/AizatDrive/smap_malaysia_subset_v8/2021/139880661_SMAP_L4_SM_gph_20211223T043000_Vv8010_001_subsetted_regridded.nc4
/mnt/AizatDrive/smap_malaysia_subset_v8/2021/139880668_SMAP_L4_SM_gph_20211215T043000_Vv8010_001_subsetted_regridded.nc4
/mnt/AizatDrive/smap_malaysia_subset_v8/2021/139880670_SMAP_L4_SM_gph_20211216T163000_Vv8010_001_subsetted_regridded.nc4
/mnt/AizatDrive/smap_malaysia_subset_v8/2021/139880665_SMAP_L4_SM_gph_20211225T133000_Vv8010_001_subsetted_regridded.nc4
/mnt/AizatDrive/smap_malaysia_subset_v8/2021/139880638_SMAP_L4_SM_gph_20211219T133000_Vv8010_001_subsetted_regridded.nc4
/mnt/AizatDrive/smap_malaysia_subset_v8/2021/139880671_SMAP_L4_SM_gph_20211216T193000_Vv8010_001_subsetted_regridded.nc4
/mnt/AizatDrive/smap_malaysia_subset_v8/2021/139880641_SMAP_L4_SM_gph_20211210T163000_Vv8010_001_subsetted_regridded.nc4
/mnt/AizatDrive/smap_malaysia_subset_v8/2021/139880673_SMAP_L4_SM_gph_20211219T163000_Vv8010_001_subsetted_regridded.nc4
/mnt/AizatDrive/smap_malaysia_subset_v8/2021/139880669_SMAP_L4_SM_gph_20211225T013000_Vv8010_001_subsetted_regridded.nc4
/mnt/AizatDrive/smap_malaysia_subset_v8/2021/139880684_SMAP_L4_SM_gph_20211211T013000_Vv8010_001_subsetted_regridded.nc4
/mnt/AizatDrive/smap_malaysia_subset_v8/2021/139880683_SMAP_L4_SM_gph_20211226T223000_Vv8010_001_subsetted_regridded.nc4
/mnt/AizatDrive/smap_malaysia_subset_v8/2021/139880672_SMAP_L4_SM_gph_20211225T193000_Vv8010_001_subsetted_regridded.nc4
/mnt/AizatDrive/smap_malaysia_subset_v8/2021/139880674_SMAP_L4_SM_gph_20211224T133000_Vv8010_001_subsetted_regridded.nc4
/mnt/AizatDrive/smap_malaysia_subset_v8/2021/139880676_SMAP_L4_SM_gph_20211225T073000_Vv8010_001_subsetted_regridded.nc4
/mnt/AizatDrive/smap_malaysia_subset_v8/2021/139880675_SMAP_L4_SM_gph_20211218T103000_Vv8010_001_subsetted_regridded.nc4
/mnt/AizatDrive/smap_malaysia_subset_v8/2021/139880678_SMAP_L4_SM_gph_20211220T103000_Vv8010_001_subsetted_regridded.nc4
/mnt/AizatDrive/smap_malaysia_subset_v8/2021/139880696_SMAP_L4_SM_gph_20211226T103000_Vv8010_001_subsetted_regridded.nc4
/mnt/AizatDrive/smap_malaysia_subset_v8/2021/139880691_SMAP_L4_SM_gph_20211218T133000_Vv8010_001_subsetted_regridded.nc4
/mnt/AizatDrive/smap_malaysia_subset_v8/2021/139880689_SMAP_L4_SM_gph_20211225T163000_Vv8010_001_subsetted_regridded.nc4
/mnt/AizatDrive/smap_malaysia_subset_v8/2021/139880681_SMAP_L4_SM_gph_20211220T193000_Vv8010_001_subsetted_regridded.nc4
/mnt/AizatDrive/smap_malaysia_subset_v8/2021/139880700_SMAP_L4_SM_gph_20211222T133000_Vv8010_001_subsetted_regridded.nc4
/mnt/AizatDrive/smap_malaysia_subset_v8/2021/139880694_SMAP_L4_SM_gph_20211224T073000_Vv8010_001_subsetted_regridded.nc4
/mnt/AizatDrive/smap_malaysia_subset_v8/2021/139880690_SMAP_L4_SM_gph_20211213T133000_Vv8010_001_subsetted_regridded.nc4
/mnt/AizatDrive/smap_malaysia_subset_v8/2021/139880647_SMAP_L4_SM_gph_20211221T163000_Vv8010_001_subsetted_regridded.nc4
/mnt/AizatDrive/smap_malaysia_subset_v8/2021/139880651_SMAP_L4_SM_gph_20211215T163000_Vv8010_001_subsetted_regridded.nc4
/mnt/AizatDrive/smap_malaysia_subset_v8/2021/139880686_SMAP_L4_SM_gph_20211214T103000_Vv8010_001_subsetted_regridded.nc4
/mnt/AizatDrive/smap_malaysia_subset_v8/2021/139880688_SMAP_L4_SM_gph_20211227T193000_Vv8010_001_subsetted_regridded.nc4
/mnt/AizatDrive/smap_malaysia_subset_v8/2021/139880687_SMAP_L4_SM_gph_20211222T223000_Vv8010_001_subsetted_regridded.nc4
/mnt/AizatDrive/smap_malaysia_subset_v8/2021/139880653_SMAP_L4_SM_gph_20211223T073000_Vv8010_001_subsetted_regridded.nc4
/mnt/AizatDrive/smap_malaysia_subset_v8/2021/139880645_SMAP_L4_SM_gph_20211224T043000_Vv8010_001_subsetted_regridded.nc4
/mnt/AizatDrive/smap_malaysia_subset_v8/2021/139880701_SMAP_L4_SM_gph_20211227T073000_Vv8010_001_subsetted_regridded.nc4
/mnt/AizatDrive/smap_malaysia_subset_v8/2021/139880649_SMAP_L4_SM_gph_20211223T163000_Vv8010_001_subsetted_regridded.nc4
/mnt/AizatDrive/smap_malaysia_subset_v8/2021/139880685_SMAP_L4_SM_gph_20211226T193000_Vv8010_001_subsetted_regridded.nc4
/mnt/AizatDrive/smap_malaysia_subset_v8/2021/139880654_SMAP_L4_SM_gph_20211221T103000_Vv8010_001_subsetted_regridded.nc4
/mnt/AizatDrive/smap_malaysia_subset_v8/2021/139880711_SMAP_L4_SM_gph_20211222T163000_Vv8010_001_subsetted_regridded.nc4
/mnt/AizatDrive/smap_malaysia_subset_v8/2021/139880652_SMAP_L4_SM_gph_20211223T193000_Vv8010_001_subsetted_regridded.nc4
/mnt/AizatDrive/smap_malaysia_subset_v8/2021/139880656_SMAP_L4_SM_gph_20211219T043000_Vv8010_001_subsetted_regridded.nc4
/mnt/AizatDrive/smap_malaysia_subset_v8/2021/139880650_SMAP_L4_SM_gph_20211220T013000_Vv8010_001_subsetted_regridded.nc4
/mnt/AizatDrive/smap_malaysia_subset_v8/2021/139880648_SMAP_L4_SM_gph_20211226T013000_Vv8010_001_subsetted_regridded.nc4
/mnt/AizatDrive/smap_malaysia_subset_v8/2021/139880707_SMAP_L4_SM_gph_20211221T223000_Vv8010_001_subsetted_regridded.nc4
/mnt/AizatDrive/smap_malaysia_subset_v8/2021/139880709_SMAP_L4_SM_gph_20211228T163000_Vv8010_001_subsetted_regridded.nc4
/mnt/AizatDrive/smap_malaysia_subset_v8/2021/139880657_SMAP_L4_SM_gph_20211221T133000_Vv8010_001_subsetted_regridded.nc4
/mnt/AizatDrive/smap_malaysia_subset_v8/2021/139880713_SMAP_L4_SM_gph_20211227T133000_Vv8010_001_subsetted_regridded.nc4
/mnt/AizatDrive/smap_malaysia_subset_v8/2021/139880705_SMAP_L4_SM_gph_20211226T163000_Vv8010_001_subsetted_regridded.nc4
/mnt/AizatDrive/smap_malaysia_subset_v8/2021/139880704_SMAP_L4_SM_gph_20211217T163000_Vv8010_001_subsetted_regridded.nc4
/mnt/AizatDrive/smap_malaysia_subset_v8/2021/139880655_SMAP_L4_SM_gph_20211223T223000_Vv8010_001_subsetted_regridded.nc4
/mnt/AizatDrive/smap_malaysia_subset_v8/2021/139880712_SMAP_L4_SM_gph_20211228T193000_Vv8010_001_subsetted_regridded.nc4
/mnt/AizatDrive/smap_malaysia_subset_v8/2021/139880708_SMAP_L4_SM_gph_20211227T163000_Vv8010_001_subsetted_regridded.nc4
/mnt/AizatDrive/smap_malaysia_subset_v8/2021/139880717_SMAP_L4_SM_gph_20211228T073000_Vv8010_001_subsetted_regridded.nc4
/mnt/AizatDrive/smap_malaysia_subset_v8/2021/139880715_SMAP_L4_SM_gph_20211226T133000_Vv8010_001_subsetted_regridded.nc4
/mnt/AizatDrive/smap_malaysia_subset_v8/2021/139880716_SMAP_L4_SM_gph_20211222T043000_Vv8010_001_subsetted_regridded.nc4
/mnt/AizatDrive/smap_malaysia_subset_v8/2021/139880714_SMAP_L4_SM_gph_20211228T043000_Vv8010_001_subsetted_regridded.nc4
/mnt/AizatDrive/smap_malaysia_subset_v8/2021/139880680_SMAP_L4_SM_gph_20211219T073000_Vv8010_001_subsetted_regridded.nc4
/mnt/AizatDrive/smap_malaysia_subset_v8/2021/139880719_SMAP_L4_SM_gph_20211227T223000_Vv8010_001_subsetted_regridded.nc4
/mnt/AizatDrive/smap_malaysia_subset_v8/2021/139880677_SMAP_L4_SM_gph_20211218T073000_Vv8010_001_subsetted_regridded.nc4
/mnt/AizatDrive/smap_malaysia_subset_v8/2021/139880679_SMAP_L4_SM_gph_20211220T043000_Vv8010_001_subsetted_regridded.nc4
/mnt/AizatDrive/smap_malaysia_subset_v8/2021/139880682_SMAP_L4_SM_gph_20211224T163000_Vv8010_001_subsetted_regridded.nc4
/mnt/AizatDrive/smap_malaysia_subset_v8/2021/139880699_SMAP_L4_SM_gph_20211225T223000_Vv8010_001_subsetted_regridded.nc4
/mnt/AizatDrive/smap_malaysia_subset_v8/2021/139880698_SMAP_L4_SM_gph_20211229T013000_Vv8010_001_subsetted_regridded.nc4
/mnt/AizatDrive/smap_malaysia_subset_v8/2021/139880703_SMAP_L4_SM_gph_20211226T073000_Vv8010_001_subsetted_regridded.nc4
/mnt/AizatDrive/smap_malaysia_subset_v8/2021/139880702_SMAP_L4_SM_gph_20211219T103000_Vv8010_001_subsetted_regridded.nc4
/mnt/AizatDrive/smap_malaysia_subset_v8/2021/139880695_SMAP_L4_SM_gph_20211228T133000_Vv8010_001_subsetted_regridded.nc4
/mnt/AizatDrive/smap_malaysia_subset_v8/2021/139880693_SMAP_L4_SM_gph_20211227T103000_Vv8010_001_subsetted_regridded.nc4
/mnt/AizatDrive/smap_malaysia_subset_v8/2021/139880692_SMAP_L4_SM_gph_20211219T223000_Vv8010_001_subsetted_regridded.nc4
/mnt/AizatDrive/smap_malaysia_subset_v8/2021/139880710_SMAP_L4_SM_gph_20211228T103000_Vv8010_001_subsetted_regridded.nc4
/mnt/AizatDrive/smap_malaysia_subset_v8/2021/139880723_SMAP_L4_SM_gph_20210312T073000_Vv8010_001_subsetted_regridded.nc4
/mnt/AizatDrive/smap_malaysia_subset_v8/2021/139880720_SMAP_L4_SM_gph_20210329T013000_Vv8010_001_subsetted_regridded.nc4
/mnt/AizatDrive/smap_malaysia_subset_v8/2021/139880697_SMAP_L4_SM_gph_20211227T013000_Vv8010_001_subsetted_regridded.nc4
/mnt/AizatDrive/smap_malaysia_subset_v8/2021/139880706_SMAP_L4_SM_gph_20211227T043000_Vv8010_001_subsetted_regridded.nc4
/mnt/AizatDrive/smap_malaysia_subset_v8/2021/139880729_SMAP_L4_SM_gph_20210318T163000_Vv8010_001_subsetted_regridded.nc4
/mnt/AizatDrive/smap_malaysia_subset_v8/2021/139880718_SMAP_L4_SM_gph_20211228T013000_Vv8010_001_subsetted_regridded.nc4
/mnt/AizatDrive/smap_malaysia_subset_v8/2021/139880728_SMAP_L4_SM_gph_20210310T073000_Vv8010_001_subsetted_regridded.nc4
/mnt/AizatDrive/smap_malaysia_subset_v8/2021/139880738_SMAP_L4_SM_gph_20211231T013000_Vv8010_001_subsetted_regridded.nc4
/mnt/AizatDrive/smap_malaysia_subset_v8/2021/139880737_SMAP_L4_SM_gph_20211230T133000_Vv8010_001_subsetted_regridded.nc4
/mnt/AizatDrive/smap_malaysia_subset_v8/2021/139880726_SMAP_L4_SM_gph_20210310T103000_Vv8010_001_subsetted_regridded.nc4
/mnt/AizatDrive/smap_malaysia_subset_v8/2021/139880730_SMAP_L4_SM_gph_20210330T193000_Vv8010_001_subsetted_regridded.nc4
/mnt/AizatDrive/smap_malaysia_subset_v8/2021/139880721_SMAP_L4_SM_gph_20210318T103000_Vv8010_001_subsetted_regridded.nc4
/mnt/AizatDrive/smap_malaysia_subset_v8/2021/139880725_SMAP_L4_SM_gph_20210309T163000_Vv8010_001_subsetted_regridded.nc4
/mnt/AizatDrive/smap_malaysia_subset_v8/2021/139880731_SMAP_L4_SM_gph_20210330T103000_Vv8010_001_subsetted_regridded.nc4
/mnt/AizatDrive/smap_malaysia_subset_v8/2021/139880733_SMAP_L4_SM_gph_20210401T103000_Vv8010_001_subsetted_regridded.nc4
/mnt/AizatDrive/smap_malaysia_subset_v8/2021/139880727_SMAP_L4_SM_gph_20210329T043000_Vv8010_001_subsetted_regridded.nc4
/mnt/AizatDrive/smap_malaysia_subset_v8/2021/139880735_SMAP_L4_SM_gph_20211231T043000_Vv8010_001_subsetted_regridded.nc4
/mnt/AizatDrive/smap_malaysia_subset_v8/2021/139880724_SMAP_L4_SM_gph_20210310T043000_Vv8010_001_subsetted_regridded.nc4
/mnt/AizatDrive/smap_malaysia_subset_v8/2021/139880722_SMAP_L4_SM_gph_20211228T223000_Vv8010_001_subsetted_regridded.nc4
/mnt/AizatDrive/smap_malaysia_subset_v8/2021/139880739_SMAP_L4_SM_gph_20210331T043000_Vv8010_001_subsetted_regridded.nc4
/mnt/AizatDrive/smap_malaysia_subset_v8/2021/139880734_SMAP_L4_SM_gph_20210401T013000_Vv8010_001_subsetted_regridded.nc4
/mnt/AizatDrive/smap_malaysia_subset_v8/2021/139880744_SMAP_L4_SM_gph_20211229T043000_Vv8010_001_subsetted_regridded.nc4
/mnt/AizatDrive/smap_malaysia_subset_v8/2021/139880753_SMAP_L4_SM_gph_20211230T163000_Vv8010_001_subsetted_regridded.nc4
/mnt/AizatDrive/smap_malaysia_subset_v8/2021/139880732_SMAP_L4_SM_gph_20211229T073000_Vv8010_001_subsetted_regridded.nc4
/mnt/AizatDrive/smap_malaysia_subset_v8/2021/139880741_SMAP_L4_SM_gph_20211230T013000_Vv8010_001_subsetted_regridded.nc4
/mnt/AizatDrive/smap_malaysia_subset_v8/2021/139880736_SMAP_L4_SM_gph_20211230T103000_Vv8010_001_subsetted_regridded.nc4
/mnt/AizatDrive/smap_malaysia_subset_v8/2021/139880745_SMAP_L4_SM_gph_20211229T163000_Vv8010_001_subsetted_regridded.nc4
/mnt/AizatDrive/smap_malaysia_subset_v8/2021/139880748_SMAP_L4_SM_gph_20211229T223000_Vv8010_001_subsetted_regridded.nc4
/mnt/AizatDrive/smap_malaysia_subset_v8/2021/139880740_SMAP_L4_SM_gph_20210316T013000_Vv8010_001_subsetted_regridded.nc4
/mnt/AizatDrive/smap_malaysia_subset_v8/2021/139880751_SMAP_L4_SM_gph_20211230T073000_Vv8010_001_subsetted_regridded.nc4
/mnt/AizatDrive/smap_malaysia_subset_v8/2021/139880743_SMAP_L4_SM_gph_20211229T133000_Vv8010_001_subsetted_regridded.nc4
/mnt/AizatDrive/smap_malaysia_subset_v8/2021/139880749_SMAP_L4_SM_gph_20210330T043000_Vv8010_001_subsetted_regridded.nc4
/mnt/AizatDrive/smap_malaysia_subset_v8/2021/139880746_SMAP_L4_SM_gph_20211231T103000_Vv8010_001_subsetted_regridded.nc4
/mnt/AizatDrive/smap_malaysia_subset_v8/2021/139880747_SMAP_L4_SM_gph_20210409T133000_Vv8010_001_subsetted_regridded.nc4
/mnt/AizatDrive/smap_malaysia_subset_v8/2021/139880752_SMAP_L4_SM_gph_20211231T073000_Vv8010_001_subsetted_regridded.nc4
/mnt/AizatDrive/smap_malaysia_subset_v8/2021/139880754_SMAP_L4_SM_gph_20211230T223000_Vv8010_001_subsetted_regridded.nc4
/mnt/AizatDrive/smap_malaysia_subset_v8/2021/139880742_SMAP_L4_SM_gph_20211229T103000_Vv8010_001_subsetted_regridded.nc4
/mnt/AizatDrive/smap_malaysia_subset_v8/2021/139880750_SMAP_L4_SM_gph_20210316T133000_Vv8010_001_subsetted_regridded.nc4
/mnt/AizatDrive/smap_malaysia_subset_v8/2021/139880755_SMAP_L4_SM_gph_20211230T193000_Vv8010_001_subsetted_regridded.nc4
/mnt/AizatDrive/smap_malaysia_subset_v8/2021/139880758_SMAP_L4_SM_gph_20211230T043000_Vv8010_001_subsetted_regridded.nc4
/mnt/AizatDrive/smap_malaysia_subset_v8/2021/139880756_SMAP_L4_SM_gph_20211231T193000_Vv8010_001_subsetted_regridded.nc4
/mnt/AizatDrive/smap_malaysia_subset_v8/2021/139880757_SMAP_L4_SM_gph_20211229T193000_Vv8010_001_subsetted_regridded.nc4
/mnt/AizatDrive/smap_malaysia_subset_v8/2021/139880760_SMAP_L4_SM_gph_20211231T223000_Vv8010_001_subsetted_regridded.nc4
/mnt/AizatDrive/smap_malaysia_subset_v8/2021/139880759_SMAP_L4_SM_gph_20211231T163000_Vv8010_001_subsetted_regridded.nc4
/mnt/AizatDrive/smap_malaysia_subset_v8/2021/139880761_SMAP_L4_SM_gph_20211231T133000_Vv8010_001_subsetted_regridded.nc4
/mnt/AizatDrive/smap_malaysia_subset_v8/2021/139878967_SMAP_L4_SM_gph_20210929T193000_Vv8010_001_subsetted_regridded.nc4
/mnt/AizatDrive/smap_malaysia_subset_v8/2021/139879517_SMAP_L4_SM_gph_20211012T133000_Vv8010_001_subsetted_regridded.nc4
/mnt/AizatDrive/smap_malaysia_subset_v8/2021/139879521_SMAP_L4_SM_gph_20211013T103000_Vv8010_001_subsetted_regridded.nc4
/mnt/AizatDrive/smap_malaysia_subset_v8/2021/139877984_SMAP_L4_SM_gph_20210917T103000_Vv8010_001_subsetted_regridded.nc4
/mnt/AizatDrive/smap_malaysia_subset_v8/2021/139879516_SMAP_L4_SM_gph_20211016T043000_Vv8010_001_subsetted_regridded.nc4
/mnt/AizatDrive/smap_malaysia_subset_v8/2021/139878970_SMAP_L4_SM_gph_20211003T133000_Vv8010_001_subsetted_regridded.nc4
/mnt/AizatDrive/smap_malaysia_subset_v8/2021/139874263_SMAP_L4_SM_gph_20210714T043000_Vv8010_001_subsetted_regridded.nc4
/mnt/AizatDrive/smap_malaysia_subset_v8/2021/139880822_SMAP_L4_SM_gph_20210814T193000_Vv8010_001_subsetted_regridded.nc4
/mnt/AizatDrive/smap_malaysia_subset_v8/2021/139875577_SMAP_L4_SM_gph_20210817T103000_Vv8010_001_subsetted_regridded.nc4
/mnt/AizatDrive/smap_malaysia_subset_v8/2021/139880825_SMAP_L4_SM_gph_20210930T073000_Vv8010_001_subsetted_regridded.nc4
/mnt/AizatDrive/smap_malaysia_subset_v8/2021/139880827_SMAP_L4_SM_gph_20210903T193000_Vv8010_001_subsetted_regridded.nc4
/mnt/AizatDrive/smap_malaysia_subset_v8/2021/139879518_SMAP_L4_SM_gph_20211011T223000_Vv8010_001_subsetted_regridded.nc4
/mnt/AizatDrive/smap_malaysia_subset_v8/2021/139880826_SMAP_L4_SM_gph_20211206T103000_Vv8010_001_subsetted_regridded.nc4
/mnt/AizatDrive/smap_malaysia_subset_v8/2021/139879527_SMAP_L4_SM_gph_20211011T043000_Vv8010_001_subsetted_regridded.nc4
/mnt/AizatDrive/smap_malaysia_subset_v8/2021/139880828_SMAP_L4_SM_gph_20211202T043000_Vv8010_001_subsetted_regridded.nc4
/mnt/AizatDrive/smap_malaysia_subset_v8/2021/139880830_SMAP_L4_SM_gph_20210907T043000_Vv8010_001_subsetted_regridded.nc4
/mnt/AizatDrive/smap_malaysia_subset_v8/2021/139880831_SMAP_L4_SM_gph_20211009T133000_Vv8010_001_subsetted_regridded.nc4
/mnt/AizatDrive/smap_malaysia_subset_v8/2021/139880863_SMAP_L4_SM_gph_20211206T073000_Vv8010_001_subsetted_regridded.nc4
/mnt/AizatDrive/smap_malaysia_subset_v8/2021/139880866_SMAP_L4_SM_gph_20211204T163000_Vv8010_001_subsetted_regridded.nc4
/mnt/AizatDrive/smap_malaysia_subset_v8/2021/139880865_SMAP_L4_SM_gph_20211205T073000_Vv8010_001_subsetted_regridded.nc4
/mnt/AizatDrive/smap_malaysia_subset_v8/2021/139880862_SMAP_L4_SM_gph_20211205T163000_Vv8010_001_subsetted_regridded.nc4
/mnt/AizatDrive/smap_malaysia_subset_v8/2021/139880867_SMAP_L4_SM_gph_20211211T043000_Vv8010_001_subsetted_regridded.nc4
/mnt/AizatDrive/smap_malaysia_subset_v8/2021/139880968_SMAP_L4_SM_gph_20211212T013000_Vv8010_001_subsetted_regridded.nc4
/mnt/AizatDrive/smap_malaysia_subset_v8/2021/139880969_SMAP_L4_SM_gph_20211215T073000_Vv8010_001_subsetted_regridded.nc4
/mnt/AizatDrive/smap_malaysia_subset_v8/2021/139880974_SMAP_L4_SM_gph_20211218T163000_Vv8010_001_subsetted_regridded.nc4
/mnt/AizatDrive/smap_malaysia_subset_v8/2021/139880973_SMAP_L4_SM_gph_20211212T073000_Vv8010_001_subsetted_regridded.nc4
/mnt/AizatDrive/smap_malaysia_subset_v8/2021/139880976_SMAP_L4_SM_gph_20211212T193000_Vv8010_001_subsetted_regridded.nc4
/mnt/AizatDrive/smap_malaysia_subset_v8/2021/139880972_SMAP_L4_SM_gph_20211217T133000_Vv8010_001_subsetted_regridded.nc4
/mnt/AizatDrive/smap_malaysia_subset_v8/2021/139880975_SMAP_L4_SM_gph_20211217T013000_Vv8010_001_subsetted_regridded.nc4
/mnt/AizatDrive/smap_malaysia_subset_v8/2021/139880977_SMAP_L4_SM_gph_20211216T013000_Vv8010_001_subsetted_regridded.nc4
/mnt/AizatDrive/smap_malaysia_subset_v8/2021/139880978_SMAP_L4_SM_gph_20211213T193000_Vv8010_001_subsetted_regridded.nc4
/mnt/AizatDrive/smap_malaysia_subset_v8/2021/139880979_SMAP_L4_SM_gph_20211220T223000_Vv8010_001_subsetted_regridded.nc4
2025-12-28 21:56:38,779 - INFO - Successfully downloaded 2921 files for 2021.
2025-12-28 21:56:38,779 - INFO - 
--- Processing Year: 2022 ---
2025-12-28 21:56:38,788 - INFO - Year 2022 already has 2921 files. Skipping job submission.
2025-12-28 21:56:38,788 - INFO - 
--- Processing Year: 2023 ---
2025-12-28 21:56:38,795 - INFO - Year 2023 already has 2921 files. Skipping job submission.
2025-12-28 21:56:38,795 - INFO - 
--- Processing Year: 2024 ---
2025-12-28 21:56:38,800 - INFO - Year 2024 already has 2929 files. Skipping job submission.
2025-12-28 21:56:38,801 - INFO - 
All processing complete.
