nohup: ignoring input
2026-03-12 23:53:56,265 [PID:2287901] INFO - ======================================================================
2026-03-12 23:53:56,266 [PID:2287901] INFO - GPM IMERG Final Run (Half-Hourly) Download Script
2026-03-12 23:53:56,266 [PID:2287901] INFO - ======================================================================
2026-03-12 23:53:56,266 [PID:2287901] INFO - Product: GPM_3IMERGHH Version 07
2026-03-12 23:53:56,267 [PID:2287901] INFO - Variable: precipitationCal
2026-03-12 23:53:56,267 [PID:2287901] INFO - Output: /mnt/AizatDrive/gpm_imerg_precipitation_final_run/2024
2026-03-12 23:53:56,267 [PID:2287901] INFO - Workers: 3
2026-03-12 23:53:56,267 [PID:2287901] INFO - Per-file timeout: 300s
2026-03-12 23:53:56,268 [PID:2287901] INFO - Stall recycle timeout: 900s
2026-03-12 23:53:56,268 [PID:2287901] INFO - 
2026-03-12 23:53:56,269 [PID:2287901] INFO - Authenticating with NASA Earthdata...
2026-03-12 23:53:58,558 [PID:2287901] INFO - You're now authenticated with NASA Earthdata Login
2026-03-12 23:54:03,024 [PID:2287901] INFO - Authentication successful
2026-03-12 23:54:03,025 [PID:2287901] INFO - Searching for GPM_3IMERGHH V07 granules...
2026-03-12 23:54:03,025 [PID:2287901] INFO -   Date range: 2024-01-01 to 2024-12-31
2026-03-12 23:54:03,025 [PID:2287901] INFO -   Bounding box: (99.3, 0.6, 119.8, 7.8)
2026-03-12 23:54:03,940 [PID:2287901] INFO - Granules found: 17568
2026-03-12 23:54:24,722 [PID:2287901] INFO - Found 17568 granules
2026-03-12 23:54:24,723 [PID:2287901] INFO - 
2026-03-12 23:54:24,723 [PID:2287901] INFO - Starting parallel download...
2026-03-12 23:54:24,723 [PID:2287901] INFO -   Workers: 3
2026-03-12 23:54:24,723 [PID:2287901] INFO -   Max retries per file: 5
2026-03-12 23:54:24,723 [PID:2287901] INFO - 
2026-03-13 01:11:54,720 [PID:2287901] INFO - Tasks to download: 1549, Already complete: 16019
2026-03-13 01:11:54,721 [PID:2287901] INFO - Dispatching 1549 tasks with 3 workers (pool recycle attempt 1/4)
2026-03-13 01:11:57,159 [PID:2313938] INFO - Worker 2313938 authenticated with Earthdata
2026-03-13 01:11:57,161 [PID:2313940] INFO - Worker 2313940 authenticated with Earthdata
2026-03-13 01:11:57,162 [PID:2313938] INFO -  Getting 1 granules, approx download size: 0.01 GB
2026-03-13 01:11:57,166 [PID:2313940] INFO -  Getting 1 granules, approx download size: 0.01 GB
2026-03-13 01:11:57,169 [PID:2313939] INFO - Worker 2313939 authenticated with Earthdata
2026-03-13 01:11:57,172 [PID:2313939] INFO -  Getting 1 granules, approx download size: 0.01 GB
2026-03-13 01:12:05,200 [PID:2313938] INFO - Downloaded: 3B-HHR.MS.MRG.3IMERG.20240417-S080000-E082959.0480.V07B.HDF5
2026-03-13 01:12:05,201 [PID:2313938] INFO -  Getting 1 granules, approx download size: 0.01 GB
2026-03-13 01:12:05,226 [PID:2313940] INFO - Downloaded: 3B-HHR.MS.MRG.3IMERG.20240526-S163000-E165959.0990.V07B.HDF5
2026-03-13 01:12:05,227 [PID:2313940] INFO -  Getting 1 granules, approx download size: 0.01 GB
2026-03-13 01:12:05,918 [PID:2313939] INFO - Downloaded: 3B-HHR.MS.MRG.3IMERG.20240526-S170000-E172959.1020.V07B.HDF5
2026-03-13 01:12:05,919 [PID:2313939] INFO -  Getting 1 granules, approx download size: 0.01 GB
2026-03-13 01:12:09,624 [PID:2313940] INFO - Downloaded: 3B-HHR.MS.MRG.3IMERG.20240912-S173000-E175959.1050.V07B.HDF5
2026-03-13 01:12:09,626 [PID:2313940] INFO -  Getting 1 granules, approx download size: 0.01 GB
2026-03-13 01:12:09,750 [PID:2313938] INFO - Downloaded: 3B-HHR.MS.MRG.3IMERG.20240526-S173000-E175959.1050.V07B.HDF5
2026-03-13 01:12:09,751 [PID:2313938] INFO -  Getting 1 granules, approx download size: 0.01 GB
2026-03-13 01:12:11,822 [PID:2313939] INFO - Downloaded: 3B-HHR.MS.MRG.3IMERG.20240929-S060000-E062959.0360.V07B.HDF5
2026-03-13 01:12:11,823 [PID:2313939] INFO -  Getting 1 granules, approx download size: 0.01 GB
2026-03-13 01:12:13,658 [PID:2313940] INFO - Downloaded: 3B-HHR.MS.MRG.3IMERG.20241009-S013000-E015959.0090.V07B.HDF5
2026-03-13 01:12:13,660 [PID:2313940] INFO -  Getting 1 granules, approx download size: 0.01 GB
2026-03-13 01:12:14,478 [PID:2313938] INFO - Downloaded: 3B-HHR.MS.MRG.3IMERG.20241009-S040000-E042959.0240.V07B.HDF5
2026-03-13 01:12:14,481 [PID:2313938] INFO -  Getting 1 granules, approx download size: 0.01 GB
2026-03-13 01:12:17,486 [PID:2313940] INFO - Downloaded: 3B-HHR.MS.MRG.3IMERG.20241027-S063000-E065959.0390.V07B.HDF5
2026-03-13 01:12:17,497 [PID:2313940] INFO -  Getting 1 granules, approx download size: 0.01 GB
2026-03-13 01:12:17,504 [PID:2313939] INFO - Downloaded: 3B-HHR.MS.MRG.3IMERG.20241027-S053000-E055959.0330.V07B.HDF5
2026-03-13 01:12:17,506 [PID:2313939] INFO -  Getting 1 granules, approx download size: 0.01 GB
2026-03-13 01:12:18,475 [PID:2313938] INFO - Downloaded: 3B-HHR.MS.MRG.3IMERG.20241027-S233000-E235959.1410.V07B.HDF5
2026-03-13 01:12:18,476 [PID:2313938] INFO -  Getting 1 granules, approx download size: 0.01 GB
2026-03-13 01:12:22,325 [PID:2313940] INFO - Downloaded: 3B-HHR.MS.MRG.3IMERG.20241118-S050000-E052959.0300.V07B.HDF5
2026-03-13 01:12:22,326 [PID:2313940] INFO -  Getting 1 granules, approx download size: 0.01 GB
2026-03-13 01:12:22,477 [PID:2313939] INFO - Downloaded: 3B-HHR.MS.MRG.3IMERG.20241119-S183000-E185959.1110.V07B.HDF5
2026-03-13 01:12:22,479 [PID:2313939] INFO -  Getting 1 granules, approx download size: 0.01 GB
2026-03-13 01:12:23,594 [PID:2313938] INFO - Downloaded: 3B-HHR.MS.MRG.3IMERG.20241119-S193000-E195959.1170.V07B.HDF5
2026-03-13 01:12:23,595 [PID:2313938] INFO -  Getting 1 granules, approx download size: 0.01 GB
2026-03-13 01:12:26,364 [PID:2313940] INFO - Downloaded: 3B-HHR.MS.MRG.3IMERG.20241124-S000000-E002959.0000.V07B.HDF5
2026-03-13 01:12:26,366 [PID:2313940] INFO -  Getting 1 granules, approx download size: 0.01 GB
2026-03-13 01:12:27,127 [PID:2313939] INFO - Downloaded: 3B-HHR.MS.MRG.3IMERG.20241124-S040000-E042959.0240.V07B.HDF5
2026-03-13 01:12:27,135 [PID:2313939] INFO -  Getting 1 granules, approx download size: 0.01 GB
2026-03-13 01:12:27,869 [PID:2313938] INFO - Downloaded: 3B-HHR.MS.MRG.3IMERG.20241124-S043000-E045959.0270.V07B.HDF5
2026-03-13 01:12:27,871 [PID:2313938] INFO -  Getting 1 granules, approx download size: 0.01 GB
2026-03-13 01:12:30,373 [PID:2313940] INFO - Downloaded: 3B-HHR.MS.MRG.3IMERG.20241124-S073000-E075959.0450.V07B.HDF5
2026-03-13 01:12:30,375 [PID:2313940] INFO -  Getting 1 granules, approx download size: 0.01 GB
2026-03-13 01:12:31,597 [PID:2313939] INFO - Downloaded: 3B-HHR.MS.MRG.3IMERG.20241124-S080000-E082959.0480.V07B.HDF5
2026-03-13 01:12:31,598 [PID:2313939] INFO -  Getting 1 granules, approx download size: 0.01 GB
2026-03-13 01:12:32,291 [PID:2313938] INFO - Downloaded: 3B-HHR.MS.MRG.3IMERG.20241124-S193000-E195959.1170.V07B.HDF5
2026-03-13 01:12:32,292 [PID:2313938] INFO -  Getting 1 granules, approx download size: 0.01 GB
2026-03-13 01:12:34,001 [PID:2313940] INFO - Downloaded: 3B-HHR.MS.MRG.3IMERG.20241124-S203000-E205959.1230.V07B.HDF5
2026-03-13 01:12:34,012 [PID:2313940] INFO -  Getting 1 granules, approx download size: 0.01 GB
2026-03-13 01:12:35,063 [PID:2313939] INFO - Downloaded: 3B-HHR.MS.MRG.3IMERG.20241124-S220000-E222959.1320.V07B.HDF5
2026-03-13 01:12:35,065 [PID:2313939] INFO -  Getting 1 granules, approx download size: 0.01 GB
2026-03-13 01:12:36,032 [PID:2313938] INFO - Downloaded: 3B-HHR.MS.MRG.3IMERG.20241124-S223000-E225959.1350.V07B.HDF5
2026-03-13 01:12:36,040 [PID:2313938] INFO -  Getting 1 granules, approx download size: 0.01 GB
2026-03-13 01:12:37,360 [PID:2313940] INFO - Downloaded: 3B-HHR.MS.MRG.3IMERG.20241124-S230000-E232959.1380.V07B.HDF5
2026-03-13 01:12:37,371 [PID:2313940] INFO -  Getting 1 granules, approx download size: 0.01 GB
2026-03-13 01:12:38,514 [PID:2313939] INFO - Downloaded: 3B-HHR.MS.MRG.3IMERG.20241124-S233000-E235959.1410.V07B.HDF5
2026-03-13 01:12:38,515 [PID:2313939] INFO -  Getting 1 granules, approx download size: 0.01 GB
2026-03-13 01:12:40,159 [PID:2313938] INFO - Downloaded: 3B-HHR.MS.MRG.3IMERG.20241125-S010000-E012959.0060.V07B.HDF5
2026-03-13 01:12:40,160 [PID:2313938] INFO -  Getting 1 granules, approx download size: 0.01 GB
2026-03-13 01:12:41,160 [PID:2313940] INFO - Downloaded: 3B-HHR.MS.MRG.3IMERG.20241125-S023000-E025959.0150.V07B.HDF5
2026-03-13 01:12:41,161 [PID:2313940] INFO -  Getting 1 granules, approx download size: 0.01 GB
2026-03-13 01:12:41,951 [PID:2313939] INFO - Downloaded: 3B-HHR.MS.MRG.3IMERG.20241125-S063000-E065959.0390.V07B.HDF5
2026-03-13 01:12:41,952 [PID:2313939] INFO -  Getting 1 granules, approx download size: 0.01 GB
2026-03-13 01:12:43,517 [PID:2313938] INFO - Downloaded: 3B-HHR.MS.MRG.3IMERG.20241125-S073000-E075959.0450.V07B.HDF5
2026-03-13 01:12:43,517 [PID:2313938] INFO -  Getting 1 granules, approx download size: 0.01 GB
2026-03-13 01:12:45,775 [PID:2313940] INFO - Downloaded: 3B-HHR.MS.MRG.3IMERG.20241125-S103000-E105959.0630.V07B.HDF5
2026-03-13 01:12:45,776 [PID:2313940] INFO -  Getting 1 granules, approx download size: 0.01 GB
2026-03-13 01:12:45,784 [PID:2313939] INFO - Downloaded: 3B-HHR.MS.MRG.3IMERG.20241130-S083000-E085959.0510.V07B.HDF5
2026-03-13 01:12:45,785 [PID:2313939] INFO -  Getting 1 granules, approx download size: 0.01 GB
2026-03-13 01:12:46,964 [PID:2313938] INFO - Downloaded: 3B-HHR.MS.MRG.3IMERG.20241130-S090000-E092959.0540.V07B.HDF5
2026-03-13 01:12:46,966 [PID:2313938] INFO -  Getting 1 granules, approx download size: 0.01 GB
2026-03-13 01:12:49,957 [PID:2313939] INFO - Downloaded: 3B-HHR.MS.MRG.3IMERG.20241130-S100000-E102959.0600.V07B.HDF5
2026-03-13 01:12:49,960 [PID:2313939] INFO -  Getting 1 granules, approx download size: 0.01 GB
2026-03-13 01:12:50,072 [PID:2313940] INFO - Downloaded: 3B-HHR.MS.MRG.3IMERG.20241130-S093000-E095959.0570.V07B.HDF5
2026-03-13 01:12:50,073 [PID:2313940] INFO -  Getting 1 granules, approx download size: 0.01 GB
2026-03-13 01:12:50,952 [PID:2313938] INFO - Downloaded: 3B-HHR.MS.MRG.3IMERG.20241130-S103000-E105959.0630.V07B.HDF5
2026-03-13 01:12:50,959 [PID:2313938] INFO -  Getting 1 granules, approx download size: 0.01 GB
2026-03-13 01:12:53,815 [PID:2313939] INFO - Downloaded: 3B-HHR.MS.MRG.3IMERG.20241130-S110000-E112959.0660.V07B.HDF5
2026-03-13 01:12:53,817 [PID:2313939] INFO -  Getting 1 granules, approx download size: 0.01 GB
2026-03-13 01:12:54,639 [PID:2313940] INFO - Downloaded: 3B-HHR.MS.MRG.3IMERG.20241130-S113000-E115959.0690.V07B.HDF5
2026-03-13 01:12:54,640 [PID:2313940] INFO -  Getting 1 granules, approx download size: 0.01 GB
2026-03-13 01:12:55,108 [PID:2313938] INFO - Downloaded: 3B-HHR.MS.MRG.3IMERG.20241130-S120000-E122959.0720.V07B.HDF5
2026-03-13 01:12:55,116 [PID:2313938] INFO -  Getting 1 granules, approx download size: 0.01 GB
2026-03-13 01:12:57,330 [PID:2313939] INFO - Downloaded: 3B-HHR.MS.MRG.3IMERG.20241130-S123000-E125959.0750.V07B.HDF5
2026-03-13 01:12:57,332 [PID:2313939] INFO -  Getting 1 granules, approx download size: 0.01 GB
2026-03-13 01:12:58,662 [PID:2313940] INFO - Downloaded: 3B-HHR.MS.MRG.3IMERG.20241130-S130000-E132959.0780.V07B.HDF5
2026-03-13 01:12:58,664 [PID:2313940] INFO -  Getting 1 granules, approx download size: 0.01 GB
2026-03-13 01:12:59,650 [PID:2313938] INFO - Downloaded: 3B-HHR.MS.MRG.3IMERG.20241130-S133000-E135959.0810.V07B.HDF5
2026-03-13 01:12:59,651 [PID:2313938] INFO -  Getting 1 granules, approx download size: 0.01 GB
2026-03-13 01:13:00,658 [PID:2313939] INFO - Downloaded: 3B-HHR.MS.MRG.3IMERG.20241130-S140000-E142959.0840.V07B.HDF5
2026-03-13 01:13:00,668 [PID:2313939] INFO -  Getting 1 granules, approx download size: 0.01 GB
2026-03-13 01:13:03,148 [PID:2313940] INFO - Downloaded: 3B-HHR.MS.MRG.3IMERG.20241130-S143000-E145959.0870.V07B.HDF5
2026-03-13 01:13:03,148 [PID:2313940] INFO -  Getting 1 granules, approx download size: 0.01 GB
2026-03-13 01:13:03,729 [PID:2313938] INFO - Downloaded: 3B-HHR.MS.MRG.3IMERG.20241130-S150000-E152959.0900.V07B.HDF5
2026-03-13 01:13:03,730 [PID:2313938] INFO -  Getting 1 granules, approx download size: 0.01 GB
2026-03-13 01:13:04,601 [PID:2313939] INFO - Downloaded: 3B-HHR.MS.MRG.3IMERG.20241130-S153000-E155959.0930.V07B.HDF5
2026-03-13 01:13:04,602 [PID:2313939] INFO -  Getting 1 granules, approx download size: 0.01 GB
2026-03-13 01:13:07,096 [PID:2313938] INFO - Downloaded: 3B-HHR.MS.MRG.3IMERG.20241130-S163000-E165959.0990.V07B.HDF5
2026-03-13 01:13:07,097 [PID:2313938] INFO -  Getting 1 granules, approx download size: 0.01 GB
2026-03-13 01:13:09,001 [PID:2313940] INFO - Downloaded: 3B-HHR.MS.MRG.3IMERG.20241130-S160000-E162959.0960.V07B.HDF5
2026-03-13 01:13:09,002 [PID:2313940] INFO -  Getting 1 granules, approx download size: 0.01 GB
2026-03-13 01:13:10,471 [PID:2313938] INFO - Downloaded: 3B-HHR.MS.MRG.3IMERG.20241130-S173000-E175959.1050.V07B.HDF5
2026-03-13 01:13:10,477 [PID:2313938] INFO -  Getting 1 granules, approx download size: 0.01 GB
2026-03-13 01:13:12,593 [PID:2313940] INFO - Downloaded: 3B-HHR.MS.MRG.3IMERG.20241130-S180000-E182959.1080.V07B.HDF5
2026-03-13 01:13:12,595 [PID:2313940] INFO -  Getting 1 granules, approx download size: 0.01 GB
2026-03-13 01:13:14,162 [PID:2313939] INFO - Downloaded: 3B-HHR.MS.MRG.3IMERG.20241130-S170000-E172959.1020.V07B.HDF5
2026-03-13 01:13:14,164 [PID:2313939] INFO -  Getting 1 granules, approx download size: 0.01 GB
2026-03-13 01:13:14,537 [PID:2313938] INFO - Downloaded: 3B-HHR.MS.MRG.3IMERG.20241130-S183000-E185959.1110.V07B.HDF5
2026-03-13 01:13:14,546 [PID:2313938] INFO -  Getting 1 granules, approx download size: 0.01 GB
2026-03-13 01:13:16,645 [PID:2313940] INFO - Downloaded: 3B-HHR.MS.MRG.3IMERG.20241130-S190000-E192959.1140.V07B.HDF5
2026-03-13 01:13:16,654 [PID:2313940] INFO -  Getting 1 granules, approx download size: 0.01 GB
2026-03-13 01:13:18,451 [PID:2287901] INFO - Progress: 50/1549 (Success: 50, Failed: 0)
2026-03-13 01:13:18,476 [PID:2313938] INFO - Downloaded: 3B-HHR.MS.MRG.3IMERG.20241130-S200000-E202959.1200.V07B.HDF5
2026-03-13 01:13:18,478 [PID:2313938] INFO -  Getting 1 granules, approx download size: 0.01 GB
2026-03-13 01:13:18,487 [PID:2313939] INFO - Downloaded: 3B-HHR.MS.MRG.3IMERG.20241130-S193000-E195959.1170.V07B.HDF5
2026-03-13 01:13:18,489 [PID:2313939] INFO -  Getting 1 granules, approx download size: 0.01 GB
2026-03-13 01:13:19,884 [PID:2313940] INFO - Downloaded: 3B-HHR.MS.MRG.3IMERG.20241130-S203000-E205959.1230.V07B.HDF5
2026-03-13 01:13:19,886 [PID:2313940] INFO -  Getting 1 granules, approx download size: 0.01 GB
2026-03-13 01:13:22,417 [PID:2313938] INFO - Downloaded: 3B-HHR.MS.MRG.3IMERG.20241130-S210000-E212959.1260.V07B.HDF5
2026-03-13 01:13:22,419 [PID:2313938] INFO -  Getting 1 granules, approx download size: 0.01 GB
2026-03-13 01:13:23,252 [PID:2313939] INFO - Downloaded: 3B-HHR.MS.MRG.3IMERG.20241130-S213000-E215959.1290.V07B.HDF5
2026-03-13 01:13:23,261 [PID:2313939] INFO -  Getting 1 granules, approx download size: 0.01 GB
2026-03-13 01:13:23,749 [PID:2313940] INFO - Downloaded: 3B-HHR.MS.MRG.3IMERG.20241130-S220000-E222959.1320.V07B.HDF5
2026-03-13 01:13:23,751 [PID:2313940] INFO -  Getting 1 granules, approx download size: 0.01 GB
2026-03-13 01:13:26,086 [PID:2313938] INFO - Downloaded: 3B-HHR.MS.MRG.3IMERG.20241130-S223000-E225959.1350.V07B.HDF5
2026-03-13 01:13:26,087 [PID:2313938] INFO -  Getting 1 granules, approx download size: 0.01 GB
2026-03-13 01:13:28,129 [PID:2313940] INFO - Downloaded: 3B-HHR.MS.MRG.3IMERG.20241130-S233000-E235959.1410.V07B.HDF5
2026-03-13 01:13:28,130 [PID:2313940] INFO -  Getting 1 granules, approx download size: 0.01 GB
2026-03-13 01:13:28,621 [PID:2313939] INFO - Downloaded: 3B-HHR.MS.MRG.3IMERG.20241130-S230000-E232959.1380.V07B.HDF5
2026-03-13 01:13:28,623 [PID:2313939] INFO -  Getting 1 granules, approx download size: 0.01 GB
2026-03-13 01:13:30,740 [PID:2313938] INFO - Downloaded: 3B-HHR.MS.MRG.3IMERG.20241201-S000000-E002959.0000.V07B.HDF5
2026-03-13 01:13:30,742 [PID:2313938] INFO -  Getting 1 granules, approx download size: 0.01 GB
2026-03-13 01:13:32,038 [PID:2313940] INFO - Downloaded: 3B-HHR.MS.MRG.3IMERG.20241201-S003000-E005959.0030.V07B.HDF5
2026-03-13 01:13:32,040 [PID:2313940] INFO -  Getting 1 granules, approx download size: 0.01 GB
2026-03-13 01:13:32,605 [PID:2313939] INFO - Downloaded: 3B-HHR.MS.MRG.3IMERG.20241201-S010000-E012959.0060.V07B.HDF5
2026-03-13 01:13:32,606 [PID:2313939] INFO -  Getting 1 granules, approx download size: 0.01 GB
2026-03-13 01:13:34,602 [PID:2313938] INFO - Downloaded: 3B-HHR.MS.MRG.3IMERG.20241201-S013000-E015959.0090.V07B.HDF5
2026-03-13 01:13:34,611 [PID:2313938] INFO -  Getting 1 granules, approx download size: 0.01 GB
2026-03-13 01:13:35,835 [PID:2313940] INFO - Downloaded: 3B-HHR.MS.MRG.3IMERG.20241201-S020000-E022959.0120.V07B.HDF5
2026-03-13 01:13:35,836 [PID:2313940] INFO -  Getting 1 granules, approx download size: 0.01 GB
2026-03-13 01:13:36,266 [PID:2313939] INFO - Downloaded: 3B-HHR.MS.MRG.3IMERG.20241201-S023000-E025959.0150.V07B.HDF5
2026-03-13 01:13:36,268 [PID:2313939] INFO -  Getting 1 granules, approx download size: 0.01 GB
2026-03-13 01:13:37,865 [PID:2313938] INFO - Downloaded: 3B-HHR.MS.MRG.3IMERG.20241201-S030000-E032959.0180.V07B.HDF5
2026-03-13 01:13:37,866 [PID:2313938] INFO -  Getting 1 granules, approx download size: 0.01 GB
2026-03-13 01:13:39,914 [PID:2313939] INFO - Downloaded: 3B-HHR.MS.MRG.3IMERG.20241201-S040000-E042959.0240.V07B.HDF5
2026-03-13 01:13:39,915 [PID:2313939] INFO -  Getting 1 granules, approx download size: 0.01 GB
2026-03-13 01:13:40,220 [PID:2313940] INFO - Downloaded: 3B-HHR.MS.MRG.3IMERG.20241201-S033000-E035959.0210.V07B.HDF5
2026-03-13 01:13:40,221 [PID:2313940] INFO -  Getting 1 granules, approx download size: 0.01 GB
2026-03-13 01:13:43,646 [PID:2313938] INFO - Downloaded: 3B-HHR.MS.MRG.3IMERG.20241201-S043000-E045959.0270.V07B.HDF5
2026-03-13 01:13:43,648 [PID:2313938] INFO -  Getting 1 granules, approx download size: 0.01 GB
2026-03-13 01:13:44,244 [PID:2313939] INFO - Downloaded: 3B-HHR.MS.MRG.3IMERG.20241201-S050000-E052959.0300.V07B.HDF5
2026-03-13 01:13:44,246 [PID:2313939] INFO -  Getting 1 granules, approx download size: 0.01 GB
2026-03-13 01:13:44,252 [PID:2313940] INFO - Downloaded: 3B-HHR.MS.MRG.3IMERG.20241201-S053000-E055959.0330.V07B.HDF5
2026-03-13 01:13:44,254 [PID:2313940] INFO -  Getting 1 granules, approx download size: 0.01 GB
2026-03-13 01:13:47,491 [PID:2313938] INFO - Downloaded: 3B-HHR.MS.MRG.3IMERG.20241201-S060000-E062959.0360.V07B.HDF5
2026-03-13 01:13:47,492 [PID:2313938] INFO -  Getting 1 granules, approx download size: 0.01 GB
2026-03-13 01:13:48,604 [PID:2313939] INFO - Downloaded: 3B-HHR.MS.MRG.3IMERG.20241201-S063000-E065959.0390.V07B.HDF5
2026-03-13 01:13:48,611 [PID:2313939] INFO -  Getting 1 granules, approx download size: 0.01 GB
2026-03-13 01:13:49,285 [PID:2313940] INFO - Downloaded: 3B-HHR.MS.MRG.3IMERG.20241201-S070000-E072959.0420.V07B.HDF5
2026-03-13 01:13:49,289 [PID:2313940] INFO -  Getting 1 granules, approx download size: 0.01 GB
2026-03-13 01:13:50,897 [PID:2313938] INFO - Downloaded: 3B-HHR.MS.MRG.3IMERG.20241201-S073000-E075959.0450.V07B.HDF5
2026-03-13 01:13:50,898 [PID:2313938] INFO -  Getting 1 granules, approx download size: 0.01 GB
2026-03-13 01:13:52,380 [PID:2313939] INFO - Downloaded: 3B-HHR.MS.MRG.3IMERG.20241201-S080000-E082959.0480.V07B.HDF5
2026-03-13 01:13:52,381 [PID:2313939] INFO -  Getting 1 granules, approx download size: 0.01 GB
2026-03-13 01:13:53,075 [PID:2313940] INFO - Downloaded: 3B-HHR.MS.MRG.3IMERG.20241201-S083000-E085959.0510.V07B.HDF5
2026-03-13 01:13:53,082 [PID:2313940] INFO -  Getting 1 granules, approx download size: 0.01 GB
2026-03-13 01:13:54,202 [PID:2313938] INFO - Downloaded: 3B-HHR.MS.MRG.3IMERG.20241201-S090000-E092959.0540.V07B.HDF5
2026-03-13 01:13:54,203 [PID:2313938] INFO -  Getting 1 granules, approx download size: 0.01 GB
2026-03-13 01:13:55,743 [PID:2313939] INFO - Downloaded: 3B-HHR.MS.MRG.3IMERG.20241201-S093000-E095959.0570.V07B.HDF5
2026-03-13 01:13:55,745 [PID:2313939] INFO -  Getting 1 granules, approx download size: 0.01 GB
2026-03-13 01:13:56,815 [PID:2313940] INFO - Downloaded: 3B-HHR.MS.MRG.3IMERG.20241201-S100000-E102959.0600.V07B.HDF5
2026-03-13 01:13:56,816 [PID:2313940] INFO -  Getting 1 granules, approx download size: 0.01 GB
2026-03-13 01:13:57,713 [PID:2313938] INFO - Downloaded: 3B-HHR.MS.MRG.3IMERG.20241201-S103000-E105959.0630.V07B.HDF5
2026-03-13 01:13:57,715 [PID:2313938] INFO -  Getting 1 granules, approx download size: 0.01 GB
2026-03-13 01:13:59,030 [PID:2313939] INFO - Downloaded: 3B-HHR.MS.MRG.3IMERG.20241201-S110000-E112959.0660.V07B.HDF5
2026-03-13 01:13:59,032 [PID:2313939] INFO -  Getting 1 granules, approx download size: 0.01 GB
2026-03-13 01:14:00,125 [PID:2313940] INFO - Downloaded: 3B-HHR.MS.MRG.3IMERG.20241201-S113000-E115959.0690.V07B.HDF5
2026-03-13 01:14:00,126 [PID:2313940] INFO -  Getting 1 granules, approx download size: 0.01 GB
2026-03-13 01:14:01,666 [PID:2313938] INFO - Downloaded: 3B-HHR.MS.MRG.3IMERG.20241201-S120000-E122959.0720.V07B.HDF5
2026-03-13 01:14:01,668 [PID:2313938] INFO -  Getting 1 granules, approx download size: 0.01 GB
2026-03-13 01:14:02,603 [PID:2313939] INFO - Downloaded: 3B-HHR.MS.MRG.3IMERG.20241201-S123000-E125959.0750.V07B.HDF5
2026-03-13 01:14:02,604 [PID:2313939] INFO -  Getting 1 granules, approx download size: 0.01 GB
2026-03-13 01:14:03,531 [PID:2313940] INFO - Downloaded: 3B-HHR.MS.MRG.3IMERG.20241201-S130000-E132959.0780.V07B.HDF5
2026-03-13 01:14:03,533 [PID:2313940] INFO -  Getting 1 granules, approx download size: 0.01 GB
2026-03-13 01:14:04,936 [PID:2313938] INFO - Downloaded: 3B-HHR.MS.MRG.3IMERG.20241201-S133000-E135959.0810.V07B.HDF5
2026-03-13 01:14:04,937 [PID:2313938] INFO -  Getting 1 granules, approx download size: 0.01 GB
2026-03-13 01:14:06,002 [PID:2313939] INFO - Downloaded: 3B-HHR.MS.MRG.3IMERG.20241201-S140000-E142959.0840.V07B.HDF5
2026-03-13 01:14:06,003 [PID:2313939] INFO -  Getting 1 granules, approx download size: 0.01 GB
2026-03-13 01:14:06,910 [PID:2313940] INFO - Downloaded: 3B-HHR.MS.MRG.3IMERG.20241201-S143000-E145959.0870.V07B.HDF5
2026-03-13 01:14:06,917 [PID:2313940] INFO -  Getting 1 granules, approx download size: 0.01 GB
2026-03-13 01:14:08,212 [PID:2313938] INFO - Downloaded: 3B-HHR.MS.MRG.3IMERG.20241201-S150000-E152959.0900.V07B.HDF5
2026-03-13 01:14:08,214 [PID:2313938] INFO -  Getting 1 granules, approx download size: 0.01 GB
2026-03-13 01:14:10,486 [PID:2313939] INFO - Downloaded: 3B-HHR.MS.MRG.3IMERG.20241201-S153000-E155959.0930.V07B.HDF5
2026-03-13 01:14:10,487 [PID:2313939] INFO -  Getting 1 granules, approx download size: 0.01 GB
2026-03-13 01:14:10,938 [PID:2313940] INFO - Downloaded: 3B-HHR.MS.MRG.3IMERG.20241201-S160000-E162959.0960.V07B.HDF5
2026-03-13 01:14:10,949 [PID:2313940] INFO -  Getting 1 granules, approx download size: 0.01 GB
2026-03-13 01:14:12,314 [PID:2313938] INFO - Downloaded: 3B-HHR.MS.MRG.3IMERG.20241201-S163000-E165959.0990.V07B.HDF5
2026-03-13 01:14:12,315 [PID:2313938] INFO -  Getting 1 granules, approx download size: 0.01 GB
2026-03-13 01:14:14,496 [PID:2313939] INFO - Downloaded: 3B-HHR.MS.MRG.3IMERG.20241201-S170000-E172959.1020.V07B.HDF5
2026-03-13 01:14:14,497 [PID:2313939] INFO -  Getting 1 granules, approx download size: 0.01 GB
2026-03-13 01:14:14,793 [PID:2313940] INFO - Downloaded: 3B-HHR.MS.MRG.3IMERG.20241201-S173000-E175959.1050.V07B.HDF5
2026-03-13 01:14:14,800 [PID:2313940] INFO -  Getting 1 granules, approx download size: 0.01 GB
2026-03-13 01:14:15,663 [PID:2313938] INFO - Downloaded: 3B-HHR.MS.MRG.3IMERG.20241201-S180000-E182959.1080.V07B.HDF5
2026-03-13 01:14:15,664 [PID:2313938] INFO -  Getting 1 granules, approx download size: 0.01 GB
2026-03-13 01:14:19,533 [PID:2313939] INFO - Downloaded: 3B-HHR.MS.MRG.3IMERG.20241201-S183000-E185959.1110.V07B.HDF5
2026-03-13 01:14:19,541 [PID:2313939] INFO -  Getting 1 granules, approx download size: 0.01 GB
2026-03-13 01:14:19,566 [PID:2313940] INFO - Downloaded: 3B-HHR.MS.MRG.3IMERG.20241201-S190000-E192959.1140.V07B.HDF5
2026-03-13 01:14:19,567 [PID:2313940] INFO -  Getting 1 granules, approx download size: 0.01 GB
2026-03-13 01:14:19,871 [PID:2313938] INFO - Downloaded: 3B-HHR.MS.MRG.3IMERG.20241201-S193000-E195959.1170.V07B.HDF5
2026-03-13 01:14:19,872 [PID:2313938] INFO -  Getting 1 granules, approx download size: 0.01 GB
2026-03-13 01:14:21,582 [PID:2287901] INFO - Progress: 100/1549 (Success: 100, Failed: 0)
2026-03-13 01:14:24,106 [PID:2313939] INFO - Downloaded: 3B-HHR.MS.MRG.3IMERG.20241201-S200000-E202959.1200.V07B.HDF5
2026-03-13 01:14:24,107 [PID:2313939] INFO -  Getting 1 granules, approx download size: 0.01 GB
2026-03-13 01:14:24,239 [PID:2313940] INFO - Downloaded: 3B-HHR.MS.MRG.3IMERG.20241201-S203000-E205959.1230.V07B.HDF5
2026-03-13 01:14:24,240 [PID:2313940] INFO -  Getting 1 granules, approx download size: 0.01 GB
2026-03-13 01:14:25,115 [PID:2313938] INFO - Downloaded: 3B-HHR.MS.MRG.3IMERG.20241201-S210000-E212959.1260.V07B.HDF5
2026-03-13 01:14:25,116 [PID:2313938] INFO -  Getting 1 granules, approx download size: 0.01 GB
2026-03-13 01:14:28,006 [PID:2313939] INFO - Downloaded: 3B-HHR.MS.MRG.3IMERG.20241201-S213000-E215959.1290.V07B.HDF5
2026-03-13 01:14:28,016 [PID:2313939] INFO -  Getting 1 granules, approx download size: 0.01 GB
2026-03-13 01:14:28,290 [PID:2313940] INFO - Downloaded: 3B-HHR.MS.MRG.3IMERG.20241201-S220000-E222959.1320.V07B.HDF5
2026-03-13 01:14:28,291 [PID:2313940] INFO -  Getting 1 granules, approx download size: 0.01 GB
2026-03-13 01:14:30,094 [PID:2313938] INFO - Downloaded: 3B-HHR.MS.MRG.3IMERG.20241201-S223000-E225959.1350.V07B.HDF5
2026-03-13 01:14:30,095 [PID:2313938] INFO -  Getting 1 granules, approx download size: 0.01 GB
2026-03-13 01:14:32,008 [PID:2313939] INFO - Downloaded: 3B-HHR.MS.MRG.3IMERG.20241201-S230000-E232959.1380.V07B.HDF5
2026-03-13 01:14:32,010 [PID:2313939] INFO -  Getting 1 granules, approx download size: 0.01 GB
2026-03-13 01:14:32,548 [PID:2313940] INFO - Downloaded: 3B-HHR.MS.MRG.3IMERG.20241201-S233000-E235959.1410.V07B.HDF5
2026-03-13 01:14:32,553 [PID:2313940] INFO -  Getting 1 granules, approx download size: 0.01 GB
2026-03-13 01:14:33,482 [PID:2313938] INFO - Downloaded: 3B-HHR.MS.MRG.3IMERG.20241202-S000000-E002959.0000.V07B.HDF5
2026-03-13 01:14:33,483 [PID:2313938] INFO -  Getting 1 granules, approx download size: 0.01 GB
2026-03-13 01:14:35,294 [PID:2313939] INFO - Downloaded: 3B-HHR.MS.MRG.3IMERG.20241202-S003000-E005959.0030.V07B.HDF5
2026-03-13 01:14:35,295 [PID:2313939] INFO -  Getting 1 granules, approx download size: 0.01 GB
2026-03-13 01:14:36,769 [PID:2313938] INFO - Downloaded: 3B-HHR.MS.MRG.3IMERG.20241202-S013000-E015959.0090.V07B.HDF5
2026-03-13 01:14:36,777 [PID:2313938] INFO -  Getting 1 granules, approx download size: 0.01 GB
2026-03-13 01:14:37,220 [PID:2313940] INFO - Downloaded: 3B-HHR.MS.MRG.3IMERG.20241202-S010000-E012959.0060.V07B.HDF5
2026-03-13 01:14:37,221 [PID:2313940] INFO -  Getting 1 granules, approx download size: 0.01 GB
2026-03-13 01:14:38,818 [PID:2313939] INFO - Downloaded: 3B-HHR.MS.MRG.3IMERG.20241202-S020000-E022959.0120.V07B.HDF5
2026-03-13 01:14:38,819 [PID:2313939] INFO -  Getting 1 granules, approx download size: 0.01 GB
2026-03-13 01:14:40,361 [PID:2313938] INFO - Downloaded: 3B-HHR.MS.MRG.3IMERG.20241202-S023000-E025959.0150.V07B.HDF5
2026-03-13 01:14:40,363 [PID:2313938] INFO -  Getting 1 granules, approx download size: 0.01 GB
2026-03-13 01:14:40,915 [PID:2313940] INFO - Downloaded: 3B-HHR.MS.MRG.3IMERG.20241202-S030000-E032959.0180.V07B.HDF5
2026-03-13 01:14:40,917 [PID:2313940] INFO -  Getting 1 granules, approx download size: 0.01 GB
2026-03-13 01:14:42,090 [PID:2313939] INFO - Downloaded: 3B-HHR.MS.MRG.3IMERG.20241202-S033000-E035959.0210.V07B.HDF5
2026-03-13 01:14:42,096 [PID:2313939] INFO -  Getting 1 granules, approx download size: 0.01 GB
2026-03-13 01:14:45,376 [PID:2313940] INFO - Downloaded: 3B-HHR.MS.MRG.3IMERG.20241202-S043000-E045959.0270.V07B.HDF5
2026-03-13 01:14:45,377 [PID:2313940] INFO -  Getting 1 granules, approx download size: 0.01 GB
2026-03-13 01:14:45,411 [PID:2313938] INFO - Downloaded: 3B-HHR.MS.MRG.3IMERG.20241202-S040000-E042959.0240.V07B.HDF5
2026-03-13 01:14:45,413 [PID:2313938] INFO -  Getting 1 granules, approx download size: 0.01 GB
2026-03-13 01:14:45,905 [PID:2313939] INFO - Downloaded: 3B-HHR.MS.MRG.3IMERG.20241202-S050000-E052959.0300.V07B.HDF5
2026-03-13 01:14:45,907 [PID:2313939] INFO -  Getting 1 granules, approx download size: 0.01 GB
2026-03-13 01:14:49,488 [PID:2313940] INFO - Downloaded: 3B-HHR.MS.MRG.3IMERG.20241202-S053000-E055959.0330.V07B.HDF5
2026-03-13 01:14:49,490 [PID:2313940] INFO -  Getting 1 granules, approx download size: 0.01 GB
2026-03-13 01:14:50,181 [PID:2313938] INFO - Downloaded: 3B-HHR.MS.MRG.3IMERG.20241202-S060000-E062959.0360.V07B.HDF5
2026-03-13 01:14:50,182 [PID:2313938] INFO -  Getting 1 granules, approx download size: 0.01 GB
2026-03-13 01:14:50,200 [PID:2313939] INFO - Downloaded: 3B-HHR.MS.MRG.3IMERG.20241202-S063000-E065959.0390.V07B.HDF5
2026-03-13 01:14:50,201 [PID:2313939] INFO -  Getting 1 granules, approx download size: 0.01 GB
2026-03-13 01:14:53,606 [PID:2313940] INFO - Downloaded: 3B-HHR.MS.MRG.3IMERG.20241202-S070000-E072959.0420.V07B.HDF5
2026-03-13 01:14:53,613 [PID:2313940] INFO -  Getting 1 granules, approx download size: 0.01 GB
2026-03-13 01:14:54,037 [PID:2313939] INFO - Downloaded: 3B-HHR.MS.MRG.3IMERG.20241202-S080000-E082959.0480.V07B.HDF5
2026-03-13 01:14:54,039 [PID:2313939] INFO -  Getting 1 granules, approx download size: 0.01 GB
2026-03-13 01:14:55,702 [PID:2313938] INFO - Downloaded: 3B-HHR.MS.MRG.3IMERG.20241202-S073000-E075959.0450.V07B.HDF5
2026-03-13 01:14:55,704 [PID:2313938] INFO -  Getting 1 granules, approx download size: 0.01 GB
2026-03-13 01:14:57,338 [PID:2313940] INFO - Downloaded: 3B-HHR.MS.MRG.3IMERG.20241202-S083000-E085959.0510.V07B.HDF5
2026-03-13 01:14:57,339 [PID:2313940] INFO -  Getting 1 granules, approx download size: 0.01 GB
2026-03-13 01:14:57,697 [PID:2313939] INFO - Downloaded: 3B-HHR.MS.MRG.3IMERG.20241202-S090000-E092959.0540.V07B.HDF5
2026-03-13 01:14:57,699 [PID:2313939] INFO -  Getting 1 granules, approx download size: 0.01 GB
2026-03-13 01:14:59,535 [PID:2313938] INFO - Downloaded: 3B-HHR.MS.MRG.3IMERG.20241202-S093000-E095959.0570.V07B.HDF5
2026-03-13 01:14:59,536 [PID:2313938] INFO -  Getting 1 granules, approx download size: 0.01 GB
2026-03-13 01:15:01,023 [PID:2313940] INFO - Downloaded: 3B-HHR.MS.MRG.3IMERG.20241202-S100000-E102959.0600.V07B.HDF5
2026-03-13 01:15:01,024 [PID:2313940] INFO -  Getting 1 granules, approx download size: 0.01 GB
2026-03-13 01:15:01,738 [PID:2313939] INFO - Downloaded: 3B-HHR.MS.MRG.3IMERG.20241202-S103000-E105959.0630.V07B.HDF5
2026-03-13 01:15:01,739 [PID:2313939] INFO -  Getting 1 granules, approx download size: 0.01 GB
2026-03-13 01:15:02,915 [PID:2313938] INFO - Downloaded: 3B-HHR.MS.MRG.3IMERG.20241202-S110000-E112959.0660.V07B.HDF5
2026-03-13 01:15:02,916 [PID:2313938] INFO -  Getting 1 granules, approx download size: 0.01 GB
2026-03-13 01:15:04,594 [PID:2313940] INFO - Downloaded: 3B-HHR.MS.MRG.3IMERG.20241202-S113000-E115959.0690.V07B.HDF5
2026-03-13 01:15:04,603 [PID:2313940] INFO -  Getting 1 granules, approx download size: 0.01 GB
2026-03-13 01:15:05,491 [PID:2313939] INFO - Downloaded: 3B-HHR.MS.MRG.3IMERG.20241202-S120000-E122959.0720.V07B.HDF5
2026-03-13 01:15:05,493 [PID:2313939] INFO -  Getting 1 granules, approx download size: 0.01 GB
2026-03-13 01:15:06,779 [PID:2313938] INFO - Downloaded: 3B-HHR.MS.MRG.3IMERG.20241202-S123000-E125959.0750.V07B.HDF5
2026-03-13 01:15:06,780 [PID:2313938] INFO -  Getting 1 granules, approx download size: 0.01 GB
2026-03-13 01:15:08,049 [PID:2313940] INFO - Downloaded: 3B-HHR.MS.MRG.3IMERG.20241202-S130000-E132959.0780.V07B.HDF5
2026-03-13 01:15:08,059 [PID:2313940] INFO -  Getting 1 granules, approx download size: 0.01 GB
2026-03-13 01:15:09,451 [PID:2313939] INFO - Downloaded: 3B-HHR.MS.MRG.3IMERG.20241202-S133000-E135959.0810.V07B.HDF5
2026-03-13 01:15:09,453 [PID:2313939] INFO -  Getting 1 granules, approx download size: 0.01 GB
2026-03-13 01:15:10,597 [PID:2313938] INFO - Downloaded: 3B-HHR.MS.MRG.3IMERG.20241202-S140000-E142959.0840.V07B.HDF5
2026-03-13 01:15:10,598 [PID:2313938] INFO -  Getting 1 granules, approx download size: 0.01 GB
2026-03-13 01:15:11,836 [PID:2313940] INFO - Downloaded: 3B-HHR.MS.MRG.3IMERG.20241202-S143000-E145959.0870.V07B.HDF5
2026-03-13 01:15:11,838 [PID:2313940] INFO -  Getting 1 granules, approx download size: 0.01 GB
2026-03-13 01:15:12,714 [PID:2313939] INFO - Downloaded: 3B-HHR.MS.MRG.3IMERG.20241202-S150000-E152959.0900.V07B.HDF5
2026-03-13 01:15:12,715 [PID:2313939] INFO -  Getting 1 granules, approx download size: 0.01 GB
2026-03-13 01:15:14,082 [PID:2313938] INFO - Downloaded: 3B-HHR.MS.MRG.3IMERG.20241202-S153000-E155959.0930.V07B.HDF5
2026-03-13 01:15:14,083 [PID:2313938] INFO -  Getting 1 granules, approx download size: 0.01 GB
2026-03-13 01:15:15,249 [PID:2313940] INFO - Downloaded: 3B-HHR.MS.MRG.3IMERG.20241202-S160000-E162959.0960.V07B.HDF5
2026-03-13 01:15:15,251 [PID:2313940] INFO -  Getting 1 granules, approx download size: 0.01 GB
2026-03-13 01:15:16,232 [PID:2313939] INFO - Downloaded: 3B-HHR.MS.MRG.3IMERG.20241202-S163000-E165959.0990.V07B.HDF5
2026-03-13 01:15:16,241 [PID:2313939] INFO -  Getting 1 granules, approx download size: 0.01 GB
2026-03-13 01:15:17,474 [PID:2313938] INFO - Downloaded: 3B-HHR.MS.MRG.3IMERG.20241202-S170000-E172959.1020.V07B.HDF5
2026-03-13 01:15:17,476 [PID:2313938] INFO -  Getting 1 granules, approx download size: 0.01 GB
2026-03-13 01:15:19,055 [PID:2313940] INFO - Downloaded: 3B-HHR.MS.MRG.3IMERG.20241202-S173000-E175959.1050.V07B.HDF5
2026-03-13 01:15:19,056 [PID:2313940] INFO -  Getting 1 granules, approx download size: 0.01 GB
2026-03-13 01:15:19,797 [PID:2313939] INFO - Downloaded: 3B-HHR.MS.MRG.3IMERG.20241202-S180000-E182959.1080.V07B.HDF5
2026-03-13 01:15:19,799 [PID:2313939] INFO -  Getting 1 granules, approx download size: 0.01 GB
2026-03-13 01:15:20,889 [PID:2313938] INFO - Downloaded: 3B-HHR.MS.MRG.3IMERG.20241202-S183000-E185959.1110.V07B.HDF5
2026-03-13 01:15:22,833 [PID:2313940] INFO - Downloaded: 3B-HHR.MS.MRG.3IMERG.20241202-S190000-E192959.1140.V07B.HDF5
2026-03-13 01:15:23,508 [PID:2315781] INFO - Worker 2315781 authenticated with Earthdata
2026-03-13 01:15:23,512 [PID:2315781] INFO -  Getting 1 granules, approx download size: 0.01 GB
2026-03-13 01:15:23,820 [PID:2313939] INFO - Downloaded: 3B-HHR.MS.MRG.3IMERG.20241202-S193000-E195959.1170.V07B.HDF5
2026-03-13 01:15:23,822 [PID:2313939] INFO -  Getting 1 granules, approx download size: 0.01 GB
2026-03-13 01:15:25,083 [PID:2315808] INFO - Worker 2315808 authenticated with Earthdata
2026-03-13 01:15:25,086 [PID:2315808] INFO -  Getting 1 granules, approx download size: 0.01 GB
2026-03-13 01:15:27,150 [PID:2313939] INFO - Downloaded: 3B-HHR.MS.MRG.3IMERG.20241202-S203000-E205959.1230.V07B.HDF5
2026-03-13 01:15:29,412 [PID:2315847] INFO - Worker 2315847 authenticated with Earthdata
2026-03-13 01:15:29,414 [PID:2315847] INFO -  Getting 1 granules, approx download size: 0.01 GB
2026-03-13 01:15:29,429 [PID:2315781] INFO - Downloaded: 3B-HHR.MS.MRG.3IMERG.20241202-S200000-E202959.1200.V07B.HDF5
2026-03-13 01:15:29,431 [PID:2315781] INFO -  Getting 1 granules, approx download size: 0.01 GB
2026-03-13 01:15:29,895 [PID:2287901] INFO - Progress: 150/1549 (Success: 150, Failed: 0)
2026-03-13 01:15:31,918 [PID:2315808] INFO - Downloaded: 3B-HHR.MS.MRG.3IMERG.20241202-S210000-E212959.1260.V07B.HDF5
2026-03-13 01:15:31,920 [PID:2315808] INFO -  Getting 1 granules, approx download size: 0.01 GB
2026-03-13 01:15:32,665 [PID:2315781] INFO - Downloaded: 3B-HHR.MS.MRG.3IMERG.20241202-S220000-E222959.1320.V07B.HDF5
2026-03-13 01:15:32,666 [PID:2315781] INFO -  Getting 1 granules, approx download size: 0.01 GB
2026-03-13 01:15:36,435 [PID:2315847] INFO - Downloaded: 3B-HHR.MS.MRG.3IMERG.20241202-S213000-E215959.1290.V07B.HDF5
2026-03-13 01:15:36,436 [PID:2315847] INFO -  Getting 1 granules, approx download size: 0.01 GB
2026-03-13 01:15:36,507 [PID:2315808] INFO - Downloaded: 3B-HHR.MS.MRG.3IMERG.20241202-S223000-E225959.1350.V07B.HDF5
2026-03-13 01:15:36,508 [PID:2315808] INFO -  Getting 1 granules, approx download size: 0.01 GB
2026-03-13 01:15:37,364 [PID:2315781] INFO - Downloaded: 3B-HHR.MS.MRG.3IMERG.20241202-S230000-E232959.1380.V07B.HDF5
2026-03-13 01:15:37,375 [PID:2315781] INFO -  Getting 1 granules, approx download size: 0.01 GB
2026-03-13 01:15:40,210 [PID:2315847] INFO - Downloaded: 3B-HHR.MS.MRG.3IMERG.20241202-S233000-E235959.1410.V07B.HDF5
2026-03-13 01:15:40,211 [PID:2315847] INFO -  Getting 1 granules, approx download size: 0.01 GB
2026-03-13 01:15:41,334 [PID:2315781] INFO - Downloaded: 3B-HHR.MS.MRG.3IMERG.20241203-S003000-E005959.0030.V07B.HDF5
2026-03-13 01:15:41,335 [PID:2315781] INFO -  Getting 1 granules, approx download size: 0.01 GB
2026-03-13 01:15:41,731 [PID:2315808] INFO - Downloaded: 3B-HHR.MS.MRG.3IMERG.20241203-S000000-E002959.0000.V07B.HDF5
2026-03-13 01:15:41,733 [PID:2315808] INFO -  Getting 1 granules, approx download size: 0.01 GB
2026-03-13 01:15:43,495 [PID:2315847] INFO - Downloaded: 3B-HHR.MS.MRG.3IMERG.20241203-S010000-E012959.0060.V07B.HDF5
2026-03-13 01:15:43,499 [PID:2315847] INFO -  Getting 1 granules, approx download size: 0.01 GB
2026-03-13 01:15:45,037 [PID:2315781] INFO - Downloaded: 3B-HHR.MS.MRG.3IMERG.20241203-S013000-E015959.0090.V07B.HDF5
2026-03-13 01:15:45,039 [PID:2315781] INFO -  Getting 1 granules, approx download size: 0.01 GB
2026-03-13 01:15:46,394 [PID:2315808] INFO - Downloaded: 3B-HHR.MS.MRG.3IMERG.20241203-S020000-E022959.0120.V07B.HDF5
2026-03-13 01:15:46,395 [PID:2315808] INFO -  Getting 1 granules, approx download size: 0.01 GB
2026-03-13 01:15:46,927 [PID:2315847] INFO - Downloaded: 3B-HHR.MS.MRG.3IMERG.20241203-S023000-E025959.0150.V07B.HDF5
2026-03-13 01:15:46,929 [PID:2315847] INFO -  Getting 1 granules, approx download size: 0.01 GB
2026-03-13 01:15:48,331 [PID:2315781] INFO - Downloaded: 3B-HHR.MS.MRG.3IMERG.20241203-S030000-E032959.0180.V07B.HDF5
2026-03-13 01:15:48,333 [PID:2315781] INFO -  Getting 1 granules, approx download size: 0.01 GB
2026-03-13 01:15:50,465 [PID:2315847] INFO - Downloaded: 3B-HHR.MS.MRG.3IMERG.20241203-S040000-E042959.0240.V07B.HDF5
2026-03-13 01:15:50,466 [PID:2315847] INFO -  Getting 1 granules, approx download size: 0.01 GB
2026-03-13 01:15:51,459 [PID:2315808] INFO - Downloaded: 3B-HHR.MS.MRG.3IMERG.20241203-S033000-E035959.0210.V07B.HDF5
2026-03-13 01:15:51,470 [PID:2315808] INFO -  Getting 1 granules, approx download size: 0.01 GB
2026-03-13 01:15:51,771 [PID:2315781] INFO - Downloaded: 3B-HHR.MS.MRG.3IMERG.20241203-S043000-E045959.0270.V07B.HDF5
2026-03-13 01:15:51,772 [PID:2315781] INFO -  Getting 1 granules, approx download size: 0.01 GB
2026-03-13 01:15:53,932 [PID:2315847] INFO - Downloaded: 3B-HHR.MS.MRG.3IMERG.20241203-S050000-E052959.0300.V07B.HDF5
2026-03-13 01:15:53,933 [PID:2315847] INFO -  Getting 1 granules, approx download size: 0.01 GB
2026-03-13 01:15:55,590 [PID:2315781] INFO - Downloaded: 3B-HHR.MS.MRG.3IMERG.20241203-S060000-E062959.0360.V07B.HDF5
2026-03-13 01:15:55,607 [PID:2315781] INFO -  Getting 1 granules, approx download size: 0.01 GB
2026-03-13 01:15:55,934 [PID:2315808] INFO - Downloaded: 3B-HHR.MS.MRG.3IMERG.20241203-S053000-E055959.0330.V07B.HDF5
2026-03-13 01:15:55,935 [PID:2315808] INFO -  Getting 1 granules, approx download size: 0.01 GB
2026-03-13 01:15:57,257 [PID:2315847] INFO - Downloaded: 3B-HHR.MS.MRG.3IMERG.20241203-S063000-E065959.0390.V07B.HDF5
2026-03-13 01:15:57,267 [PID:2315847] INFO -  Getting 1 granules, approx download size: 0.01 GB
2026-03-13 01:15:59,148 [PID:2315781] INFO - Downloaded: 3B-HHR.MS.MRG.3IMERG.20241203-S070000-E072959.0420.V07B.HDF5
2026-03-13 01:15:59,159 [PID:2315781] INFO -  Getting 1 granules, approx download size: 0.01 GB
2026-03-13 01:16:01,023 [PID:2315808] INFO - Downloaded: 3B-HHR.MS.MRG.3IMERG.20241203-S073000-E075959.0450.V07B.HDF5
2026-03-13 01:16:01,033 [PID:2315808] INFO -  Getting 1 granules, approx download size: 0.01 GB
2026-03-13 01:16:01,057 [PID:2315847] INFO - Downloaded: 3B-HHR.MS.MRG.3IMERG.20241203-S080000-E082959.0480.V07B.HDF5
2026-03-13 01:16:01,064 [PID:2315847] INFO -  Getting 1 granules, approx download size: 0.01 GB
2026-03-13 01:16:02,752 [PID:2315781] INFO - Downloaded: 3B-HHR.MS.MRG.3IMERG.20241203-S083000-E085959.0510.V07B.HDF5
2026-03-13 01:16:02,753 [PID:2315781] INFO -  Getting 1 granules, approx download size: 0.01 GB
2026-03-13 01:16:05,181 [PID:2315808] INFO - Downloaded: 3B-HHR.MS.MRG.3IMERG.20241203-S090000-E092959.0540.V07B.HDF5
2026-03-13 01:16:05,182 [PID:2315808] INFO -  Getting 1 granules, approx download size: 0.01 GB
2026-03-13 01:16:05,276 [PID:2315847] INFO - Downloaded: 3B-HHR.MS.MRG.3IMERG.20241203-S093000-E095959.0570.V07B.HDF5
2026-03-13 01:16:05,286 [PID:2315847] INFO -  Getting 1 granules, approx download size: 0.01 GB
2026-03-13 01:16:06,258 [PID:2315781] INFO - Downloaded: 3B-HHR.MS.MRG.3IMERG.20241203-S100000-E102959.0600.V07B.HDF5
2026-03-13 01:16:06,259 [PID:2315781] INFO -  Getting 1 granules, approx download size: 0.01 GB
2026-03-13 01:16:09,423 [PID:2315847] INFO - Downloaded: 3B-HHR.MS.MRG.3IMERG.20241203-S110000-E112959.0660.V07B.HDF5
2026-03-13 01:16:09,429 [PID:2315847] INFO -  Getting 1 granules, approx download size: 0.01 GB
2026-03-13 01:16:09,872 [PID:2315808] INFO - Downloaded: 3B-HHR.MS.MRG.3IMERG.20241203-S103000-E105959.0630.V07B.HDF5
2026-03-13 01:16:09,874 [PID:2315808] INFO -  Getting 1 granules, approx download size: 0.01 GB
2026-03-13 01:16:10,606 [PID:2315781] INFO - Downloaded: 3B-HHR.MS.MRG.3IMERG.20241203-S113000-E115959.0690.V07B.HDF5
2026-03-13 01:16:10,615 [PID:2315781] INFO -  Getting 1 granules, approx download size: 0.01 GB
2026-03-13 01:16:13,161 [PID:2315847] INFO - Downloaded: 3B-HHR.MS.MRG.3IMERG.20241203-S120000-E122959.0720.V07B.HDF5
2026-03-13 01:16:13,162 [PID:2315847] INFO -  Getting 1 granules, approx download size: 0.01 GB
2026-03-13 01:16:14,282 [PID:2315808] INFO - Downloaded: 3B-HHR.MS.MRG.3IMERG.20241203-S123000-E125959.0750.V07B.HDF5
2026-03-13 01:16:14,284 [PID:2315808] INFO -  Getting 1 granules, approx download size: 0.01 GB
2026-03-13 01:16:14,465 [PID:2315781] INFO - Downloaded: 3B-HHR.MS.MRG.3IMERG.20241203-S130000-E132959.0780.V07B.HDF5
2026-03-13 01:16:14,466 [PID:2315781] INFO -  Getting 1 granules, approx download size: 0.01 GB
2026-03-13 01:16:16,491 [PID:2315847] INFO - Downloaded: 3B-HHR.MS.MRG.3IMERG.20241203-S133000-E135959.0810.V07B.HDF5
2026-03-13 01:16:16,497 [PID:2315847] INFO -  Getting 1 granules, approx download size: 0.01 GB
2026-03-13 01:16:18,303 [PID:2315781] INFO - Downloaded: 3B-HHR.MS.MRG.3IMERG.20241203-S143000-E145959.0870.V07B.HDF5
2026-03-13 01:16:18,305 [PID:2315781] INFO -  Getting 1 granules, approx download size: 0.01 GB
2026-03-13 01:16:18,775 [PID:2315808] INFO - Downloaded: 3B-HHR.MS.MRG.3IMERG.20241203-S140000-E142959.0840.V07B.HDF5
2026-03-13 01:16:18,777 [PID:2315808] INFO -  Getting 1 granules, approx download size: 0.01 GB
2026-03-13 01:16:19,921 [PID:2315847] INFO - Downloaded: 3B-HHR.MS.MRG.3IMERG.20241203-S150000-E152959.0900.V07B.HDF5
2026-03-13 01:16:19,924 [PID:2315847] INFO -  Getting 1 granules, approx download size: 0.01 GB
2026-03-13 01:16:22,335 [PID:2315781] INFO - Downloaded: 3B-HHR.MS.MRG.3IMERG.20241203-S153000-E155959.0930.V07B.HDF5
2026-03-13 01:16:22,338 [PID:2315781] INFO -  Getting 1 granules, approx download size: 0.01 GB
2026-03-13 01:16:22,724 [PID:2315808] INFO - Downloaded: 3B-HHR.MS.MRG.3IMERG.20241203-S160000-E162959.0960.V07B.HDF5
2026-03-13 01:16:22,725 [PID:2315808] INFO -  Getting 1 granules, approx download size: 0.01 GB
2026-03-13 01:16:23,688 [PID:2315847] INFO - Downloaded: 3B-HHR.MS.MRG.3IMERG.20241203-S163000-E165959.0990.V07B.HDF5
2026-03-13 01:16:23,696 [PID:2315847] INFO -  Getting 1 granules, approx download size: 0.01 GB
2026-03-13 01:16:27,401 [PID:2315781] INFO - Downloaded: 3B-HHR.MS.MRG.3IMERG.20241203-S170000-E172959.1020.V07B.HDF5
2026-03-13 01:16:27,402 [PID:2315781] INFO -  Getting 1 granules, approx download size: 0.01 GB
2026-03-13 01:16:27,554 [PID:2315808] INFO - Downloaded: 3B-HHR.MS.MRG.3IMERG.20241203-S173000-E175959.1050.V07B.HDF5
2026-03-13 01:16:27,555 [PID:2315808] INFO -  Getting 1 granules, approx download size: 0.01 GB
2026-03-13 01:16:27,783 [PID:2315847] INFO - Downloaded: 3B-HHR.MS.MRG.3IMERG.20241203-S180000-E182959.1080.V07B.HDF5
2026-03-13 01:16:27,787 [PID:2315847] INFO -  Getting 1 granules, approx download size: 0.01 GB
2026-03-13 01:16:31,485 [PID:2315808] INFO - Downloaded: 3B-HHR.MS.MRG.3IMERG.20241203-S190000-E192959.1140.V07B.HDF5
2026-03-13 01:16:31,486 [PID:2315808] INFO -  Getting 1 granules, approx download size: 0.01 GB
2026-03-13 01:16:32,071 [PID:2315781] INFO - Downloaded: 3B-HHR.MS.MRG.3IMERG.20241203-S183000-E185959.1110.V07B.HDF5
2026-03-13 01:16:32,083 [PID:2315781] INFO -  Getting 1 granules, approx download size: 0.01 GB
2026-03-13 01:16:32,410 [PID:2315847] INFO - Downloaded: 3B-HHR.MS.MRG.3IMERG.20241203-S193000-E195959.1170.V07B.HDF5
2026-03-13 01:16:32,411 [PID:2315847] INFO -  Getting 1 granules, approx download size: 0.01 GB
2026-03-13 01:16:36,402 [PID:2315847] INFO - Downloaded: 3B-HHR.MS.MRG.3IMERG.20241203-S210000-E212959.1260.V07B.HDF5
2026-03-13 01:16:36,404 [PID:2315847] INFO -  Getting 1 granules, approx download size: 0.01 GB
2026-03-13 01:16:36,500 [PID:2315808] INFO - Downloaded: 3B-HHR.MS.MRG.3IMERG.20241203-S200000-E202959.1200.V07B.HDF5
2026-03-13 01:16:36,501 [PID:2315808] INFO -  Getting 1 granules, approx download size: 0.01 GB
2026-03-13 01:16:36,754 [PID:2315781] INFO - Downloaded: 3B-HHR.MS.MRG.3IMERG.20241203-S203000-E205959.1230.V07B.HDF5
2026-03-13 01:16:36,756 [PID:2315781] INFO -  Getting 1 granules, approx download size: 0.01 GB
2026-03-13 01:16:39,867 [PID:2287901] INFO - Progress: 200/1549 (Success: 200, Failed: 0)
2026-03-13 01:16:40,442 [PID:2315847] INFO - Downloaded: 3B-HHR.MS.MRG.3IMERG.20241203-S213000-E215959.1290.V07B.HDF5
2026-03-13 01:16:40,443 [PID:2315847] INFO -  Getting 1 granules, approx download size: 0.01 GB
2026-03-13 01:16:41,387 [PID:2315808] INFO - Downloaded: 3B-HHR.MS.MRG.3IMERG.20241203-S220000-E222959.1320.V07B.HDF5
2026-03-13 01:16:41,388 [PID:2315808] INFO -  Getting 1 granules, approx download size: 0.01 GB
2026-03-13 01:16:41,660 [PID:2315781] INFO - Downloaded: 3B-HHR.MS.MRG.3IMERG.20241203-S223000-E225959.1350.V07B.HDF5
2026-03-13 01:16:41,661 [PID:2315781] INFO -  Getting 1 granules, approx download size: 0.01 GB
2026-03-13 01:16:43,797 [PID:2315847] INFO - Downloaded: 3B-HHR.MS.MRG.3IMERG.20241203-S230000-E232959.1380.V07B.HDF5
2026-03-13 01:16:43,799 [PID:2315847] INFO -  Getting 1 granules, approx download size: 0.01 GB
2026-03-13 01:16:48,683 [PID:2315808] INFO - Downloaded: 3B-HHR.MS.MRG.3IMERG.20241203-S233000-E235959.1410.V07B.HDF5
2026-03-13 01:16:48,684 [PID:2315808] INFO -  Getting 1 granules, approx download size: 0.01 GB
2026-03-13 01:16:49,216 [PID:2315781] INFO - Downloaded: 3B-HHR.MS.MRG.3IMERG.20241204-S000000-E002959.0000.V07B.HDF5
2026-03-13 01:16:49,217 [PID:2315781] INFO -  Getting 1 granules, approx download size: 0.01 GB
2026-03-13 01:16:49,753 [PID:2315847] INFO - Downloaded: 3B-HHR.MS.MRG.3IMERG.20241204-S003000-E005959.0030.V07B.HDF5
2026-03-13 01:16:49,762 [PID:2315847] INFO -  Getting 1 granules, approx download size: 0.01 GB
2026-03-13 01:16:53,065 [PID:2315808] INFO - Downloaded: 3B-HHR.MS.MRG.3IMERG.20241204-S010000-E012959.0060.V07B.HDF5
2026-03-13 01:16:53,070 [PID:2315808] INFO -  Getting 1 granules, approx download size: 0.01 GB
2026-03-13 01:16:53,481 [PID:2315781] INFO - Downloaded: 3B-HHR.MS.MRG.3IMERG.20241204-S013000-E015959.0090.V07B.HDF5
2026-03-13 01:16:53,482 [PID:2315781] INFO -  Getting 1 granules, approx download size: 0.01 GB
2026-03-13 01:16:53,944 [PID:2315847] INFO - Downloaded: 3B-HHR.MS.MRG.3IMERG.20241204-S020000-E022959.0120.V07B.HDF5
2026-03-13 01:16:53,945 [PID:2315847] INFO -  Getting 1 granules, approx download size: 0.01 GB
2026-03-13 01:16:57,795 [PID:2315808] INFO - Downloaded: 3B-HHR.MS.MRG.3IMERG.20241204-S023000-E025959.0150.V07B.HDF5
2026-03-13 01:16:57,796 [PID:2315808] INFO -  Getting 1 granules, approx download size: 0.01 GB
2026-03-13 01:16:58,893 [PID:2315781] INFO - Downloaded: 3B-HHR.MS.MRG.3IMERG.20241204-S030000-E032959.0180.V07B.HDF5
2026-03-13 01:16:58,894 [PID:2315781] INFO -  Getting 1 granules, approx download size: 0.01 GB
2026-03-13 01:16:58,967 [PID:2315847] INFO - Downloaded: 3B-HHR.MS.MRG.3IMERG.20241204-S033000-E035959.0210.V07B.HDF5
2026-03-13 01:16:58,972 [PID:2315847] INFO -  Getting 1 granules, approx download size: 0.01 GB
2026-03-13 01:17:11,273 [PID:2315781] INFO - Downloaded: 3B-HHR.MS.MRG.3IMERG.20241204-S043000-E045959.0270.V07B.HDF5
2026-03-13 01:17:11,275 [PID:2315781] INFO -  Getting 1 granules, approx download size: 0.01 GB
2026-03-13 01:17:15,737 [PID:2315781] INFO - Downloaded: 3B-HHR.MS.MRG.3IMERG.20241204-S053000-E055959.0330.V07B.HDF5
2026-03-13 01:17:15,745 [PID:2315781] INFO -  Getting 1 granules, approx download size: 0.01 GB
2026-03-13 01:17:15,978 [PID:2315808] INFO - Downloaded: 3B-HHR.MS.MRG.3IMERG.20241204-S040000-E042959.0240.V07B.HDF5
2026-03-13 01:17:15,979 [PID:2315808] INFO -  Getting 1 granules, approx download size: 0.01 GB
2026-03-13 01:17:19,455 [PID:2315781] INFO - Downloaded: 3B-HHR.MS.MRG.3IMERG.20241204-S060000-E062959.0360.V07B.HDF5
2026-03-13 01:17:19,457 [PID:2315781] INFO -  Getting 1 granules, approx download size: 0.01 GB
2026-03-13 01:17:23,396 [PID:2315781] INFO - Downloaded: 3B-HHR.MS.MRG.3IMERG.20241204-S070000-E072959.0420.V07B.HDF5
2026-03-13 01:17:23,398 [PID:2315781] INFO -  Getting 1 granules, approx download size: 0.01 GB
2026-03-13 01:17:23,421 [PID:2315808] INFO - Downloaded: 3B-HHR.MS.MRG.3IMERG.20241204-S063000-E065959.0390.V07B.HDF5
2026-03-13 01:17:23,424 [PID:2315808] INFO -  Getting 1 granules, approx download size: 0.01 GB
2026-03-13 01:17:26,813 [PID:2315808] INFO - Downloaded: 3B-HHR.MS.MRG.3IMERG.20241204-S080000-E082959.0480.V07B.HDF5
2026-03-13 01:17:26,814 [PID:2315808] INFO -  Getting 1 granules, approx download size: 0.01 GB
2026-03-13 01:17:28,248 [PID:2315781] INFO - Downloaded: 3B-HHR.MS.MRG.3IMERG.20241204-S073000-E075959.0450.V07B.HDF5
2026-03-13 01:17:28,250 [PID:2315781] INFO -  Getting 1 granules, approx download size: 0.01 GB
2026-03-13 01:17:30,323 [PID:2315808] INFO - Downloaded: 3B-HHR.MS.MRG.3IMERG.20241204-S083000-E085959.0510.V07B.HDF5
2026-03-13 01:17:30,324 [PID:2315808] INFO -  Getting 1 granules, approx download size: 0.01 GB
2026-03-13 01:17:31,972 [PID:2315781] INFO - Downloaded: 3B-HHR.MS.MRG.3IMERG.20241204-S090000-E092959.0540.V07B.HDF5
2026-03-13 01:17:31,973 [PID:2315781] INFO -  Getting 1 granules, approx download size: 0.01 GB
2026-03-13 01:17:34,109 [PID:2315808] INFO - Downloaded: 3B-HHR.MS.MRG.3IMERG.20241204-S093000-E095959.0570.V07B.HDF5
2026-03-13 01:17:34,110 [PID:2315808] INFO -  Getting 1 granules, approx download size: 0.01 GB
2026-03-13 01:17:34,162 [PID:2315847] INFO - Downloaded: 3B-HHR.MS.MRG.3IMERG.20241204-S050000-E052959.0300.V07B.HDF5
2026-03-13 01:17:34,174 [PID:2315847] INFO -  Getting 1 granules, approx download size: 0.01 GB
2026-03-13 01:17:35,297 [PID:2315781] INFO - Downloaded: 3B-HHR.MS.MRG.3IMERG.20241204-S100000-E102959.0600.V07B.HDF5
2026-03-13 01:17:35,299 [PID:2315781] INFO -  Getting 1 granules, approx download size: 0.01 GB
2026-03-13 01:17:38,232 [PID:2315808] INFO - Downloaded: 3B-HHR.MS.MRG.3IMERG.20241204-S103000-E105959.0630.V07B.HDF5
2026-03-13 01:17:38,233 [PID:2315808] INFO -  Getting 1 granules, approx download size: 0.01 GB
2026-03-13 01:17:39,138 [PID:2315847] INFO - Downloaded: 3B-HHR.MS.MRG.3IMERG.20241204-S110000-E112959.0660.V07B.HDF5
2026-03-13 01:17:39,140 [PID:2315847] INFO -  Getting 1 granules, approx download size: 0.01 GB
2026-03-13 01:17:42,155 [PID:2315808] INFO - Downloaded: 3B-HHR.MS.MRG.3IMERG.20241204-S120000-E122959.0720.V07B.HDF5
2026-03-13 01:17:42,157 [PID:2315808] INFO -  Getting 1 granules, approx download size: 0.01 GB
2026-03-13 01:17:42,209 [PID:2315781] INFO - Downloaded: 3B-HHR.MS.MRG.3IMERG.20241204-S113000-E115959.0690.V07B.HDF5
2026-03-13 01:17:42,210 [PID:2315781] INFO -  Getting 1 granules, approx download size: 0.01 GB
2026-03-13 01:17:43,575 [PID:2315847] INFO - Downloaded: 3B-HHR.MS.MRG.3IMERG.20241204-S123000-E125959.0750.V07B.HDF5
2026-03-13 01:17:43,576 [PID:2315847] INFO -  Getting 1 granules, approx download size: 0.01 GB
2026-03-13 01:17:45,574 [PID:2315808] INFO - Downloaded: 3B-HHR.MS.MRG.3IMERG.20241204-S130000-E132959.0780.V07B.HDF5
2026-03-13 01:17:45,575 [PID:2315808] INFO -  Getting 1 granules, approx download size: 0.01 GB
2026-03-13 01:17:46,974 [PID:2315847] INFO - Downloaded: 3B-HHR.MS.MRG.3IMERG.20241204-S140000-E142959.0840.V07B.HDF5
2026-03-13 01:17:46,985 [PID:2315847] INFO -  Getting 1 granules, approx download size: 0.01 GB
2026-03-13 01:17:47,328 [PID:2315781] INFO - Downloaded: 3B-HHR.MS.MRG.3IMERG.20241204-S133000-E135959.0810.V07B.HDF5
2026-03-13 01:17:47,335 [PID:2315781] INFO -  Getting 1 granules, approx download size: 0.01 GB
2026-03-13 01:17:48,964 [PID:2315808] INFO - Downloaded: 3B-HHR.MS.MRG.3IMERG.20241204-S143000-E145959.0870.V07B.HDF5
2026-03-13 01:17:48,966 [PID:2315808] INFO -  Getting 1 granules, approx download size: 0.01 GB
2026-03-13 01:17:50,907 [PID:2315847] INFO - Downloaded: 3B-HHR.MS.MRG.3IMERG.20241204-S150000-E152959.0900.V07B.HDF5
2026-03-13 01:17:50,908 [PID:2315847] INFO -  Getting 1 granules, approx download size: 0.01 GB
2026-03-13 01:17:53,686 [PID:2315808] INFO - Downloaded: 3B-HHR.MS.MRG.3IMERG.20241204-S160000-E162959.0960.V07B.HDF5
2026-03-13 01:17:53,688 [PID:2315808] INFO -  Getting 1 granules, approx download size: 0.01 GB
2026-03-13 01:17:54,615 [PID:2315847] INFO - Downloaded: 3B-HHR.MS.MRG.3IMERG.20241204-S163000-E165959.0990.V07B.HDF5
2026-03-13 01:17:54,616 [PID:2315847] INFO -  Getting 1 granules, approx download size: 0.01 GB
2026-03-13 01:17:56,195 [PID:2315781] INFO - Downloaded: 3B-HHR.MS.MRG.3IMERG.20241204-S153000-E155959.0930.V07B.HDF5
2026-03-13 01:17:56,197 [PID:2315781] INFO -  Getting 1 granules, approx download size: 0.01 GB
2026-03-13 01:17:57,466 [PID:2315808] INFO - Downloaded: 3B-HHR.MS.MRG.3IMERG.20241204-S170000-E172959.1020.V07B.HDF5
2026-03-13 01:17:57,467 [PID:2315808] INFO -  Getting 1 granules, approx download size: 0.01 GB
2026-03-13 01:17:58,224 [PID:2315847] INFO - Downloaded: 3B-HHR.MS.MRG.3IMERG.20241204-S173000-E175959.1050.V07B.HDF5
2026-03-13 01:17:58,226 [PID:2315847] INFO -  Getting 1 granules, approx download size: 0.01 GB
2026-03-13 01:18:01,336 [PID:2315808] INFO - Downloaded: 3B-HHR.MS.MRG.3IMERG.20241204-S183000-E185959.1110.V07B.HDF5
2026-03-13 01:18:01,338 [PID:2315808] INFO -  Getting 1 granules, approx download size: 0.01 GB
2026-03-13 01:18:01,976 [PID:2315847] INFO - Downloaded: 3B-HHR.MS.MRG.3IMERG.20241204-S190000-E192959.1140.V07B.HDF5
2026-03-13 01:18:01,978 [PID:2315847] INFO -  Getting 1 granules, approx download size: 0.01 GB
2026-03-13 01:18:03,490 [PID:2315781] INFO - Downloaded: 3B-HHR.MS.MRG.3IMERG.20241204-S180000-E182959.1080.V07B.HDF5
2026-03-13 01:18:03,491 [PID:2315781] INFO -  Getting 1 granules, approx download size: 0.01 GB
2026-03-13 01:18:05,083 [PID:2315808] INFO - Downloaded: 3B-HHR.MS.MRG.3IMERG.20241204-S193000-E195959.1170.V07B.HDF5
2026-03-13 01:18:05,093 [PID:2315808] INFO -  Getting 1 granules, approx download size: 0.01 GB
2026-03-13 01:18:05,455 [PID:2315847] INFO - Downloaded: 3B-HHR.MS.MRG.3IMERG.20241204-S200000-E202959.1200.V07B.HDF5
2026-03-13 01:18:05,457 [PID:2315847] INFO -  Getting 1 granules, approx download size: 0.01 GB
2026-03-13 01:18:07,016 [PID:2315781] INFO - Downloaded: 3B-HHR.MS.MRG.3IMERG.20241204-S203000-E205959.1230.V07B.HDF5
2026-03-13 01:18:07,020 [PID:2315781] INFO -  Getting 1 granules, approx download size: 0.01 GB
2026-03-13 01:18:09,574 [PID:2315808] INFO - Downloaded: 3B-HHR.MS.MRG.3IMERG.20241204-S210000-E212959.1260.V07B.HDF5
2026-03-13 01:18:09,582 [PID:2315808] INFO -  Getting 1 granules, approx download size: 0.01 GB
2026-03-13 01:18:09,604 [PID:2315847] INFO - Downloaded: 3B-HHR.MS.MRG.3IMERG.20241204-S213000-E215959.1290.V07B.HDF5
2026-03-13 01:18:09,605 [PID:2315847] INFO -  Getting 1 granules, approx download size: 0.01 GB
2026-03-13 01:18:11,641 [PID:2315781] INFO - Downloaded: 3B-HHR.MS.MRG.3IMERG.20241204-S220000-E222959.1320.V07B.HDF5
2026-03-13 01:18:11,642 [PID:2315781] INFO -  Getting 1 granules, approx download size: 0.01 GB
2026-03-13 01:18:13,051 [PID:2287901] INFO - Progress: 250/1549 (Success: 250, Failed: 0)
2026-03-13 01:18:13,458 [PID:2315808] INFO - Downloaded: 3B-HHR.MS.MRG.3IMERG.20241204-S223000-E225959.1350.V07B.HDF5
2026-03-13 01:18:13,460 [PID:2315808] INFO -  Getting 1 granules, approx download size: 0.01 GB
2026-03-13 01:18:14,127 [PID:2315847] INFO - Downloaded: 3B-HHR.MS.MRG.3IMERG.20241204-S230000-E232959.1380.V07B.HDF5
2026-03-13 01:18:14,128 [PID:2315847] INFO -  Getting 1 granules, approx download size: 0.01 GB
2026-03-13 01:18:15,004 [PID:2315781] INFO - Downloaded: 3B-HHR.MS.MRG.3IMERG.20241204-S233000-E235959.1410.V07B.HDF5
2026-03-13 01:18:15,013 [PID:2315781] INFO -  Getting 1 granules, approx download size: 0.01 GB
2026-03-13 01:18:17,556 [PID:2315808] INFO - Downloaded: 3B-HHR.MS.MRG.3IMERG.20241205-S000000-E002959.0000.V07B.HDF5
2026-03-13 01:18:17,566 [PID:2315808] INFO -  Getting 1 granules, approx download size: 0.01 GB
2026-03-13 01:18:18,938 [PID:2315847] INFO - Downloaded: 3B-HHR.MS.MRG.3IMERG.20241205-S003000-E005959.0030.V07B.HDF5
2026-03-13 01:18:18,939 [PID:2315847] INFO -  Getting 1 granules, approx download size: 0.01 GB
2026-03-13 01:18:19,379 [PID:2315781] INFO - Downloaded: 3B-HHR.MS.MRG.3IMERG.20241205-S010000-E012959.0060.V07B.HDF5
2026-03-13 01:18:19,380 [PID:2315781] INFO -  Getting 1 granules, approx download size: 0.01 GB
2026-03-13 01:18:21,291 [PID:2315808] INFO - Downloaded: 3B-HHR.MS.MRG.3IMERG.20241205-S013000-E015959.0090.V07B.HDF5
2026-03-13 01:18:21,292 [PID:2315808] INFO -  Getting 1 granules, approx download size: 0.01 GB
2026-03-13 01:18:23,636 [PID:2315847] INFO - Downloaded: 3B-HHR.MS.MRG.3IMERG.20241205-S020000-E022959.0120.V07B.HDF5
2026-03-13 01:18:23,647 [PID:2315847] INFO -  Getting 1 granules, approx download size: 0.01 GB
2026-03-13 01:18:23,653 [PID:2315781] INFO - Downloaded: 3B-HHR.MS.MRG.3IMERG.20241205-S023000-E025959.0150.V07B.HDF5
2026-03-13 01:18:23,654 [PID:2315781] INFO -  Getting 1 granules, approx download size: 0.01 GB
2026-03-13 01:18:25,072 [PID:2315808] INFO - Downloaded: 3B-HHR.MS.MRG.3IMERG.20241205-S030000-E032959.0180.V07B.HDF5
2026-03-13 01:18:25,073 [PID:2315808] INFO -  Getting 1 granules, approx download size: 0.01 GB
2026-03-13 01:18:28,093 [PID:2315847] INFO - Downloaded: 3B-HHR.MS.MRG.3IMERG.20241205-S033000-E035959.0210.V07B.HDF5
2026-03-13 01:18:28,094 [PID:2315847] INFO -  Getting 1 granules, approx download size: 0.01 GB
2026-03-13 01:18:28,188 [PID:2315781] INFO - Downloaded: 3B-HHR.MS.MRG.3IMERG.20241205-S040000-E042959.0240.V07B.HDF5
2026-03-13 01:18:28,190 [PID:2315781] INFO -  Getting 1 granules, approx download size: 0.01 GB
2026-03-13 01:18:29,209 [PID:2315808] INFO - Downloaded: 3B-HHR.MS.MRG.3IMERG.20241205-S043000-E045959.0270.V07B.HDF5
2026-03-13 01:18:29,215 [PID:2315808] INFO -  Getting 1 granules, approx download size: 0.01 GB
2026-03-13 01:18:31,854 [PID:2315847] INFO - Downloaded: 3B-HHR.MS.MRG.3IMERG.20241205-S050000-E052959.0300.V07B.HDF5
2026-03-13 01:18:31,857 [PID:2315847] INFO -  Getting 1 granules, approx download size: 0.01 GB
2026-03-13 01:18:33,232 [PID:2315808] INFO - Downloaded: 3B-HHR.MS.MRG.3IMERG.20241205-S060000-E062959.0360.V07B.HDF5
2026-03-13 01:18:33,241 [PID:2315808] INFO -  Getting 1 granules, approx download size: 0.01 GB
2026-03-13 01:18:33,575 [PID:2315781] INFO - Downloaded: 3B-HHR.MS.MRG.3IMERG.20241205-S053000-E055959.0330.V07B.HDF5
2026-03-13 01:18:33,585 [PID:2315781] INFO -  Getting 1 granules, approx download size: 0.01 GB
2026-03-13 01:18:35,271 [PID:2315847] INFO - Downloaded: 3B-HHR.MS.MRG.3IMERG.20241205-S063000-E065959.0390.V07B.HDF5
2026-03-13 01:18:35,273 [PID:2315847] INFO -  Getting 1 granules, approx download size: 0.01 GB
2026-03-13 01:18:36,797 [PID:2315808] INFO - Downloaded: 3B-HHR.MS.MRG.3IMERG.20241205-S070000-E072959.0420.V07B.HDF5
2026-03-13 01:18:36,798 [PID:2315808] INFO -  Getting 1 granules, approx download size: 0.01 GB
2026-03-13 01:18:38,655 [PID:2315781] INFO - Downloaded: 3B-HHR.MS.MRG.3IMERG.20241205-S073000-E075959.0450.V07B.HDF5
2026-03-13 01:18:38,658 [PID:2315781] INFO -  Getting 1 granules, approx download size: 0.01 GB
2026-03-13 01:18:38,753 [PID:2315847] INFO - Downloaded: 3B-HHR.MS.MRG.3IMERG.20241205-S080000-E082959.0480.V07B.HDF5
2026-03-13 01:18:38,759 [PID:2315847] INFO -  Getting 1 granules, approx download size: 0.01 GB
2026-03-13 01:18:40,006 [PID:2315808] INFO - Downloaded: 3B-HHR.MS.MRG.3IMERG.20241205-S083000-E085959.0510.V07B.HDF5
2026-03-13 01:18:40,007 [PID:2315808] INFO -  Getting 1 granules, approx download size: 0.01 GB
2026-03-13 01:18:42,803 [PID:2315847] INFO - Downloaded: 3B-HHR.MS.MRG.3IMERG.20241205-S093000-E095959.0570.V07B.HDF5
2026-03-13 01:18:42,813 [PID:2315847] INFO -  Getting 1 granules, approx download size: 0.01 GB
2026-03-13 01:18:43,388 [PID:2315781] INFO - Downloaded: 3B-HHR.MS.MRG.3IMERG.20241205-S090000-E092959.0540.V07B.HDF5
2026-03-13 01:18:43,389 [PID:2315781] INFO -  Getting 1 granules, approx download size: 0.01 GB
2026-03-13 01:18:43,938 [PID:2315808] INFO - Downloaded: 3B-HHR.MS.MRG.3IMERG.20241205-S100000-E102959.0600.V07B.HDF5
2026-03-13 01:18:43,939 [PID:2315808] INFO -  Getting 1 granules, approx download size: 0.01 GB
2026-03-13 01:18:46,263 [PID:2315847] INFO - Downloaded: 3B-HHR.MS.MRG.3IMERG.20241205-S103000-E105959.0630.V07B.HDF5
2026-03-13 01:18:46,265 [PID:2315847] INFO -  Getting 1 granules, approx download size: 0.01 GB
2026-03-13 01:18:47,428 [PID:2315808] INFO - Downloaded: 3B-HHR.MS.MRG.3IMERG.20241205-S113000-E115959.0690.V07B.HDF5
2026-03-13 01:18:47,429 [PID:2315808] INFO -  Getting 1 granules, approx download size: 0.01 GB
2026-03-13 01:18:49,168 [PID:2315781] INFO - Downloaded: 3B-HHR.MS.MRG.3IMERG.20241205-S110000-E112959.0660.V07B.HDF5
2026-03-13 01:18:49,170 [PID:2315781] INFO -  Getting 1 granules, approx download size: 0.01 GB
2026-03-13 01:18:49,938 [PID:2315847] INFO - Downloaded: 3B-HHR.MS.MRG.3IMERG.20241205-S120000-E122959.0720.V07B.HDF5
2026-03-13 01:18:49,939 [PID:2315847] INFO -  Getting 1 granules, approx download size: 0.01 GB
2026-03-13 01:18:50,754 [PID:2315808] INFO - Downloaded: 3B-HHR.MS.MRG.3IMERG.20241205-S123000-E125959.0750.V07B.HDF5
2026-03-13 01:18:50,756 [PID:2315808] INFO -  Getting 1 granules, approx download size: 0.01 GB
2026-03-13 01:18:54,339 [PID:2315847] INFO - Downloaded: 3B-HHR.MS.MRG.3IMERG.20241205-S133000-E135959.0810.V07B.HDF5
2026-03-13 01:18:54,340 [PID:2315847] INFO -  Getting 1 granules, approx download size: 0.01 GB
2026-03-13 01:18:54,714 [PID:2315781] INFO - Downloaded: 3B-HHR.MS.MRG.3IMERG.20241205-S130000-E132959.0780.V07B.HDF5
2026-03-13 01:18:54,715 [PID:2315781] INFO -  Getting 1 granules, approx download size: 0.01 GB
2026-03-13 01:18:54,741 [PID:2315808] INFO - Downloaded: 3B-HHR.MS.MRG.3IMERG.20241205-S140000-E142959.0840.V07B.HDF5
2026-03-13 01:18:54,743 [PID:2315808] INFO -  Getting 1 granules, approx download size: 0.01 GB
2026-03-13 01:18:59,530 [PID:2315808] INFO - Downloaded: 3B-HHR.MS.MRG.3IMERG.20241205-S153000-E155959.0930.V07B.HDF5
2026-03-13 01:18:59,539 [PID:2315808] INFO -  Getting 1 granules, approx download size: 0.01 GB
2026-03-13 01:18:59,914 [PID:2315847] INFO - Downloaded: 3B-HHR.MS.MRG.3IMERG.20241205-S143000-E145959.0870.V07B.HDF5
2026-03-13 01:18:59,915 [PID:2315847] INFO -  Getting 1 granules, approx download size: 0.01 GB
2026-03-13 01:19:00,067 [PID:2315781] INFO - Downloaded: 3B-HHR.MS.MRG.3IMERG.20241205-S150000-E152959.0900.V07B.HDF5
2026-03-13 01:19:00,068 [PID:2315781] INFO -  Getting 1 granules, approx download size: 0.01 GB
2026-03-13 01:19:04,653 [PID:2315808] INFO - Downloaded: 3B-HHR.MS.MRG.3IMERG.20241205-S160000-E162959.0960.V07B.HDF5
2026-03-13 01:19:04,665 [PID:2315808] INFO -  Getting 1 granules, approx download size: 0.01 GB
2026-03-13 01:19:04,866 [PID:2315781] INFO - Downloaded: 3B-HHR.MS.MRG.3IMERG.20241205-S170000-E172959.1020.V07B.HDF5
2026-03-13 01:19:04,878 [PID:2315781] INFO -  Getting 1 granules, approx download size: 0.01 GB
2026-03-13 01:19:04,937 [PID:2315847] INFO - Downloaded: 3B-HHR.MS.MRG.3IMERG.20241205-S163000-E165959.0990.V07B.HDF5
2026-03-13 01:19:04,940 [PID:2315847] INFO -  Getting 1 granules, approx download size: 0.01 GB
2026-03-13 01:19:08,907 [PID:2315808] INFO - Downloaded: 3B-HHR.MS.MRG.3IMERG.20241205-S173000-E175959.1050.V07B.HDF5
2026-03-13 01:19:08,910 [PID:2315808] INFO -  Getting 1 granules, approx download size: 0.01 GB
2026-03-13 01:19:09,824 [PID:2315847] INFO - Downloaded: 3B-HHR.MS.MRG.3IMERG.20241205-S183000-E185959.1110.V07B.HDF5
2026-03-13 01:19:09,826 [PID:2315847] INFO -  Getting 1 granules, approx download size: 0.01 GB
2026-03-13 01:19:10,919 [PID:2315781] INFO - Downloaded: 3B-HHR.MS.MRG.3IMERG.20241205-S180000-E182959.1080.V07B.HDF5
2026-03-13 01:19:10,920 [PID:2315781] INFO -  Getting 1 granules, approx download size: 0.01 GB
2026-03-13 01:19:12,454 [PID:2315808] INFO - Downloaded: 3B-HHR.MS.MRG.3IMERG.20241205-S190000-E192959.1140.V07B.HDF5
2026-03-13 01:19:12,456 [PID:2315808] INFO -  Getting 1 granules, approx download size: 0.01 GB
2026-03-13 01:19:14,506 [PID:2315847] INFO - Downloaded: 3B-HHR.MS.MRG.3IMERG.20241205-S193000-E195959.1170.V07B.HDF5
2026-03-13 01:19:14,507 [PID:2315847] INFO -  Getting 1 granules, approx download size: 0.01 GB
2026-03-13 01:19:14,906 [PID:2315781] INFO - Downloaded: 3B-HHR.MS.MRG.3IMERG.20241205-S200000-E202959.1200.V07B.HDF5
2026-03-13 01:19:14,907 [PID:2315781] INFO -  Getting 1 granules, approx download size: 0.01 GB
2026-03-13 01:19:16,058 [PID:2315808] INFO - Downloaded: 3B-HHR.MS.MRG.3IMERG.20241205-S203000-E205959.1230.V07B.HDF5
2026-03-13 01:19:18,691 [PID:2317914] INFO - Worker 2317914 authenticated with Earthdata
2026-03-13 01:19:18,694 [PID:2317914] INFO -  Getting 1 granules, approx download size: 0.01 GB
2026-03-13 01:19:19,665 [PID:2315847] INFO - Downloaded: 3B-HHR.MS.MRG.3IMERG.20241205-S210000-E212959.1260.V07B.HDF5
2026-03-13 01:19:19,666 [PID:2315847] INFO -  Getting 1 granules, approx download size: 0.01 GB
2026-03-13 01:19:19,912 [PID:2315781] INFO - Downloaded: 3B-HHR.MS.MRG.3IMERG.20241205-S213000-E215959.1290.V07B.HDF5
2026-03-13 01:19:19,914 [PID:2315781] INFO -  Getting 1 granules, approx download size: 0.01 GB
2026-03-13 01:19:23,710 [PID:2315847] INFO - Downloaded: 3B-HHR.MS.MRG.3IMERG.20241205-S223000-E225959.1350.V07B.HDF5
2026-03-13 01:19:23,745 [PID:2315847] INFO -  Getting 1 granules, approx download size: 0.01 GB
2026-03-13 01:19:24,078 [PID:2315781] INFO - Downloaded: 3B-HHR.MS.MRG.3IMERG.20241205-S230000-E232959.1380.V07B.HDF5
2026-03-13 01:19:26,210 [PID:2317914] INFO - Downloaded: 3B-HHR.MS.MRG.3IMERG.20241205-S220000-E222959.1320.V07B.HDF5
2026-03-13 01:19:26,212 [PID:2317914] INFO -  Getting 1 granules, approx download size: 0.01 GB
2026-03-13 01:19:26,793 [PID:2287901] INFO - Progress: 300/1549 (Success: 300, Failed: 0)
2026-03-13 01:19:27,309 [PID:2317972] INFO - Worker 2317972 authenticated with Earthdata
2026-03-13 01:19:27,313 [PID:2317972] INFO -  Getting 1 granules, approx download size: 0.01 GB
2026-03-13 01:19:27,871 [PID:2315847] INFO - Downloaded: 3B-HHR.MS.MRG.3IMERG.20241205-S233000-E235959.1410.V07B.HDF5
2026-03-13 01:19:30,161 [PID:2318010] INFO - Worker 2318010 authenticated with Earthdata
2026-03-13 01:19:30,164 [PID:2318010] INFO -  Getting 1 granules, approx download size: 0.01 GB
2026-03-13 01:19:30,387 [PID:2317914] INFO - Downloaded: 3B-HHR.MS.MRG.3IMERG.20241206-S000000-E002959.0000.V07B.HDF5
2026-03-13 01:19:30,389 [PID:2317914] INFO -  Getting 1 granules, approx download size: 0.01 GB
2026-03-13 01:19:33,114 [PID:2317972] INFO - Downloaded: 3B-HHR.MS.MRG.3IMERG.20241206-S003000-E005959.0030.V07B.HDF5
2026-03-13 01:19:33,116 [PID:2317972] INFO -  Getting 1 granules, approx download size: 0.01 GB
2026-03-13 01:19:34,307 [PID:2317914] INFO - Downloaded: 3B-HHR.MS.MRG.3IMERG.20241206-S013000-E015959.0090.V07B.HDF5
2026-03-13 01:19:34,309 [PID:2317914] INFO -  Getting 1 granules, approx download size: 0.01 GB
2026-03-13 01:19:36,203 [PID:2318010] INFO - Downloaded: 3B-HHR.MS.MRG.3IMERG.20241206-S010000-E012959.0060.V07B.HDF5
2026-03-13 01:19:36,213 [PID:2318010] INFO -  Getting 1 granules, approx download size: 0.01 GB
2026-03-13 01:19:36,751 [PID:2317972] INFO - Downloaded: 3B-HHR.MS.MRG.3IMERG.20241206-S020000-E022959.0120.V07B.HDF5
2026-03-13 01:19:36,752 [PID:2317972] INFO -  Getting 1 granules, approx download size: 0.01 GB
2026-03-13 01:19:37,574 [PID:2317914] INFO - Downloaded: 3B-HHR.MS.MRG.3IMERG.20241206-S023000-E025959.0150.V07B.HDF5
2026-03-13 01:19:37,576 [PID:2317914] INFO -  Getting 1 granules, approx download size: 0.01 GB
2026-03-13 01:19:40,602 [PID:2318010] INFO - Downloaded: 3B-HHR.MS.MRG.3IMERG.20241206-S030000-E032959.0180.V07B.HDF5
2026-03-13 01:19:40,614 [PID:2318010] INFO -  Getting 1 granules, approx download size: 0.01 GB
2026-03-13 01:19:41,070 [PID:2317972] INFO - Downloaded: 3B-HHR.MS.MRG.3IMERG.20241206-S033000-E035959.0210.V07B.HDF5
2026-03-13 01:19:41,071 [PID:2317972] INFO -  Getting 1 granules, approx download size: 0.01 GB
2026-03-13 01:19:41,953 [PID:2317914] INFO - Downloaded: 3B-HHR.MS.MRG.3IMERG.20241206-S040000-E042959.0240.V07B.HDF5
2026-03-13 01:19:41,961 [PID:2317914] INFO -  Getting 1 granules, approx download size: 0.01 GB
2026-03-13 01:19:45,722 [PID:2317972] INFO - Downloaded: 3B-HHR.MS.MRG.3IMERG.20241206-S050000-E052959.0300.V07B.HDF5
2026-03-13 01:19:45,732 [PID:2317972] INFO -  Getting 1 granules, approx download size: 0.01 GB
2026-03-13 01:19:45,843 [PID:2318010] INFO - Downloaded: 3B-HHR.MS.MRG.3IMERG.20241206-S043000-E045959.0270.V07B.HDF5
2026-03-13 01:19:45,844 [PID:2318010] INFO -  Getting 1 granules, approx download size: 0.01 GB
2026-03-13 01:19:45,997 [PID:2317914] INFO - Downloaded: 3B-HHR.MS.MRG.3IMERG.20241206-S053000-E055959.0330.V07B.HDF5
2026-03-13 01:19:45,998 [PID:2317914] INFO -  Getting 1 granules, approx download size: 0.01 GB
2026-03-13 01:19:50,040 [PID:2317914] INFO - Downloaded: 3B-HHR.MS.MRG.3IMERG.20241206-S070000-E072959.0420.V07B.HDF5
2026-03-13 01:19:50,042 [PID:2317914] INFO -  Getting 1 granules, approx download size: 0.01 GB
2026-03-13 01:19:50,172 [PID:2317972] INFO - Downloaded: 3B-HHR.MS.MRG.3IMERG.20241206-S060000-E062959.0360.V07B.HDF5
2026-03-13 01:19:50,173 [PID:2317972] INFO -  Getting 1 granules, approx download size: 0.01 GB
2026-03-13 01:19:51,515 [PID:2318010] INFO - Downloaded: 3B-HHR.MS.MRG.3IMERG.20241206-S063000-E065959.0390.V07B.HDF5
2026-03-13 01:19:51,517 [PID:2318010] INFO -  Getting 1 granules, approx download size: 0.01 GB
2026-03-13 01:19:54,088 [PID:2317914] INFO - Downloaded: 3B-HHR.MS.MRG.3IMERG.20241206-S073000-E075959.0450.V07B.HDF5
2026-03-13 01:19:54,090 [PID:2317914] INFO -  Getting 1 granules, approx download size: 0.01 GB
2026-03-13 01:19:54,323 [PID:2317972] INFO - Downloaded: 3B-HHR.MS.MRG.3IMERG.20241206-S080000-E082959.0480.V07B.HDF5
2026-03-13 01:19:54,324 [PID:2317972] INFO -  Getting 1 granules, approx download size: 0.01 GB
2026-03-13 01:19:55,303 [PID:2318010] INFO - Downloaded: 3B-HHR.MS.MRG.3IMERG.20241206-S083000-E085959.0510.V07B.HDF5
2026-03-13 01:19:55,309 [PID:2318010] INFO -  Getting 1 granules, approx download size: 0.01 GB
2026-03-13 01:19:58,189 [PID:2317914] INFO - Downloaded: 3B-HHR.MS.MRG.3IMERG.20241206-S090000-E092959.0540.V07B.HDF5
2026-03-13 01:19:58,197 [PID:2317914] INFO -  Getting 1 granules, approx download size: 0.01 GB
2026-03-13 01:19:59,425 [PID:2317972] INFO - Downloaded: 3B-HHR.MS.MRG.3IMERG.20241206-S093000-E095959.0570.V07B.HDF5
2026-03-13 01:19:59,434 [PID:2317972] INFO -  Getting 1 granules, approx download size: 0.01 GB
2026-03-13 01:19:59,569 [PID:2318010] INFO - Downloaded: 3B-HHR.MS.MRG.3IMERG.20241206-S100000-E102959.0600.V07B.HDF5
2026-03-13 01:19:59,571 [PID:2318010] INFO -  Getting 1 granules, approx download size: 0.01 GB
2026-03-13 01:20:01,350 [PID:2317914] INFO - Downloaded: 3B-HHR.MS.MRG.3IMERG.20241206-S103000-E105959.0630.V07B.HDF5
2026-03-13 01:20:01,351 [PID:2317914] INFO -  Getting 1 granules, approx download size: 0.01 GB
2026-03-13 01:20:03,036 [PID:2318010] INFO - Downloaded: 3B-HHR.MS.MRG.3IMERG.20241206-S113000-E115959.0690.V07B.HDF5
2026-03-13 01:20:03,044 [PID:2318010] INFO -  Getting 1 granules, approx download size: 0.01 GB
2026-03-13 01:20:04,017 [PID:2317972] INFO - Downloaded: 3B-HHR.MS.MRG.3IMERG.20241206-S110000-E112959.0660.V07B.HDF5
2026-03-13 01:20:04,018 [PID:2317972] INFO -  Getting 1 granules, approx download size: 0.01 GB
2026-03-13 01:20:04,814 [PID:2317914] INFO - Downloaded: 3B-HHR.MS.MRG.3IMERG.20241206-S120000-E122959.0720.V07B.HDF5
2026-03-13 01:20:04,816 [PID:2317914] INFO -  Getting 1 granules, approx download size: 0.01 GB
2026-03-13 01:20:06,555 [PID:2318010] INFO - Downloaded: 3B-HHR.MS.MRG.3IMERG.20241206-S123000-E125959.0750.V07B.HDF5
2026-03-13 01:20:06,556 [PID:2318010] INFO -  Getting 1 granules, approx download size: 0.01 GB
2026-03-13 01:20:07,574 [PID:2317972] INFO - Downloaded: 3B-HHR.MS.MRG.3IMERG.20241206-S130000-E132959.0780.V07B.HDF5
2026-03-13 01:20:07,575 [PID:2317972] INFO -  Getting 1 granules, approx download size: 0.01 GB
2026-03-13 01:20:08,388 [PID:2317914] INFO - Downloaded: 3B-HHR.MS.MRG.3IMERG.20241206-S133000-E135959.0810.V07B.HDF5
2026-03-13 01:20:08,390 [PID:2317914] INFO -  Getting 1 granules, approx download size: 0.01 GB
2026-03-13 01:20:09,813 [PID:2318010] INFO - Downloaded: 3B-HHR.MS.MRG.3IMERG.20241206-S140000-E142959.0840.V07B.HDF5
2026-03-13 01:20:09,824 [PID:2318010] INFO -  Getting 1 granules, approx download size: 0.01 GB
2026-03-13 01:20:10,875 [PID:2317972] INFO - Downloaded: 3B-HHR.MS.MRG.3IMERG.20241206-S143000-E145959.0870.V07B.HDF5
2026-03-13 01:20:10,876 [PID:2317972] INFO -  Getting 1 granules, approx download size: 0.01 GB
2026-03-13 01:20:11,962 [PID:2317914] INFO - Downloaded: 3B-HHR.MS.MRG.3IMERG.20241206-S150000-E152959.0900.V07B.HDF5
2026-03-13 01:20:11,963 [PID:2317914] INFO -  Getting 1 granules, approx download size: 0.01 GB
2026-03-13 01:20:14,791 [PID:2318010] INFO - Downloaded: 3B-HHR.MS.MRG.3IMERG.20241206-S153000-E155959.0930.V07B.HDF5
2026-03-13 01:20:14,792 [PID:2318010] INFO -  Getting 1 granules, approx download size: 0.01 GB
2026-03-13 01:20:14,953 [PID:2317972] INFO - Downloaded: 3B-HHR.MS.MRG.3IMERG.20241206-S160000-E162959.0960.V07B.HDF5
2026-03-13 01:20:14,955 [PID:2317972] INFO -  Getting 1 granules, approx download size: 0.01 GB
2026-03-13 01:20:15,763 [PID:2317914] INFO - Downloaded: 3B-HHR.MS.MRG.3IMERG.20241206-S163000-E165959.0990.V07B.HDF5
2026-03-13 01:20:15,764 [PID:2317914] INFO -  Getting 1 granules, approx download size: 0.01 GB
2026-03-13 01:20:18,743 [PID:2317972] INFO - Downloaded: 3B-HHR.MS.MRG.3IMERG.20241206-S173000-E175959.1050.V07B.HDF5
2026-03-13 01:20:18,746 [PID:2317972] INFO -  Getting 1 granules, approx download size: 0.01 GB
2026-03-13 01:20:20,652 [PID:2317914] INFO - Downloaded: 3B-HHR.MS.MRG.3IMERG.20241206-S180000-E182959.1080.V07B.HDF5
2026-03-13 01:20:20,654 [PID:2317914] INFO -  Getting 1 granules, approx download size: 0.01 GB
2026-03-13 01:20:22,237 [PID:2317972] INFO - Downloaded: 3B-HHR.MS.MRG.3IMERG.20241206-S183000-E185959.1110.V07B.HDF5
2026-03-13 01:20:22,239 [PID:2317972] INFO -  Getting 1 granules, approx download size: 0.01 GB
2026-03-13 01:20:22,859 [PID:2318010] INFO - Downloaded: 3B-HHR.MS.MRG.3IMERG.20241206-S170000-E172959.1020.V07B.HDF5
2026-03-13 01:20:22,860 [PID:2318010] INFO -  Getting 1 granules, approx download size: 0.01 GB
2026-03-13 01:20:23,882 [PID:2317914] INFO - Downloaded: 3B-HHR.MS.MRG.3IMERG.20241206-S190000-E192959.1140.V07B.HDF5
2026-03-13 01:20:23,884 [PID:2317914] INFO -  Getting 1 granules, approx download size: 0.01 GB
2026-03-13 01:20:25,651 [PID:2317972] INFO - Downloaded: 3B-HHR.MS.MRG.3IMERG.20241206-S193000-E195959.1170.V07B.HDF5
2026-03-13 01:20:25,652 [PID:2317972] INFO -  Getting 1 granules, approx download size: 0.01 GB
2026-03-13 01:20:27,702 [PID:2317914] INFO - Downloaded: 3B-HHR.MS.MRG.3IMERG.20241206-S203000-E205959.1230.V07B.HDF5
2026-03-13 01:20:27,704 [PID:2317914] INFO -  Getting 1 granules, approx download size: 0.01 GB
2026-03-13 01:20:28,121 [PID:2318010] INFO - Downloaded: 3B-HHR.MS.MRG.3IMERG.20241206-S200000-E202959.1200.V07B.HDF5
2026-03-13 01:20:28,123 [PID:2318010] INFO -  Getting 1 granules, approx download size: 0.01 GB
2026-03-13 01:20:29,390 [PID:2317972] INFO - Downloaded: 3B-HHR.MS.MRG.3IMERG.20241206-S210000-E212959.1260.V07B.HDF5
2026-03-13 01:20:29,391 [PID:2317972] INFO -  Getting 1 granules, approx download size: 0.01 GB
2026-03-13 01:20:31,194 [PID:2317914] INFO - Downloaded: 3B-HHR.MS.MRG.3IMERG.20241206-S213000-E215959.1290.V07B.HDF5
2026-03-13 01:20:31,203 [PID:2317914] INFO -  Getting 1 granules, approx download size: 0.01 GB
2026-03-13 01:20:32,904 [PID:2318010] INFO - Downloaded: 3B-HHR.MS.MRG.3IMERG.20241206-S220000-E222959.1320.V07B.HDF5
2026-03-13 01:20:32,909 [PID:2318010] INFO -  Getting 1 granules, approx download size: 0.01 GB
2026-03-13 01:20:33,084 [PID:2317972] INFO - Downloaded: 3B-HHR.MS.MRG.3IMERG.20241206-S223000-E225959.1350.V07B.HDF5
2026-03-13 01:20:33,089 [PID:2317972] INFO -  Getting 1 granules, approx download size: 0.01 GB
2026-03-13 01:20:34,561 [PID:2317914] INFO - Downloaded: 3B-HHR.MS.MRG.3IMERG.20241206-S230000-E232959.1380.V07B.HDF5
2026-03-13 01:20:34,563 [PID:2317914] INFO -  Getting 1 granules, approx download size: 0.01 GB
2026-03-13 01:20:38,114 [PID:2317972] INFO - Downloaded: 3B-HHR.MS.MRG.3IMERG.20241207-S000000-E002959.0000.V07B.HDF5
2026-03-13 01:20:38,115 [PID:2317972] INFO -  Getting 1 granules, approx download size: 0.01 GB
2026-03-13 01:20:38,116 [PID:2318010] INFO - Downloaded: 3B-HHR.MS.MRG.3IMERG.20241206-S233000-E235959.1410.V07B.HDF5
2026-03-13 01:20:38,117 [PID:2318010] INFO -  Getting 1 granules, approx download size: 0.01 GB
2026-03-13 01:20:38,450 [PID:2317914] INFO - Downloaded: 3B-HHR.MS.MRG.3IMERG.20241207-S003000-E005959.0030.V07B.HDF5
2026-03-13 01:20:38,459 [PID:2317914] INFO -  Getting 1 granules, approx download size: 0.01 GB
2026-03-13 01:20:40,577 [PID:2287901] INFO - Progress: 350/1549 (Success: 350, Failed: 0)
2026-03-13 01:20:42,848 [PID:2317972] INFO - Downloaded: 3B-HHR.MS.MRG.3IMERG.20241207-S010000-E012959.0060.V07B.HDF5
2026-03-13 01:20:42,850 [PID:2317972] INFO -  Getting 1 granules, approx download size: 0.01 GB
2026-03-13 01:20:43,020 [PID:2318010] INFO - Downloaded: 3B-HHR.MS.MRG.3IMERG.20241207-S013000-E015959.0090.V07B.HDF5
2026-03-13 01:20:43,030 [PID:2318010] INFO -  Getting 1 granules, approx download size: 0.01 GB
2026-03-13 01:20:43,386 [PID:2317914] INFO - Downloaded: 3B-HHR.MS.MRG.3IMERG.20241207-S020000-E022959.0120.V07B.HDF5
2026-03-13 01:20:43,388 [PID:2317914] INFO -  Getting 1 granules, approx download size: 0.01 GB
2026-03-13 01:20:46,466 [PID:2317972] INFO - Downloaded: 3B-HHR.MS.MRG.3IMERG.20241207-S023000-E025959.0150.V07B.HDF5
2026-03-13 01:20:46,467 [PID:2317972] INFO -  Getting 1 granules, approx download size: 0.01 GB
2026-03-13 01:20:47,837 [PID:2317914] INFO - Downloaded: 3B-HHR.MS.MRG.3IMERG.20241207-S033000-E035959.0210.V07B.HDF5
2026-03-13 01:20:47,844 [PID:2317914] INFO -  Getting 1 granules, approx download size: 0.01 GB
2026-03-13 01:20:47,877 [PID:2318010] INFO - Downloaded: 3B-HHR.MS.MRG.3IMERG.20241207-S030000-E032959.0180.V07B.HDF5
2026-03-13 01:20:47,878 [PID:2318010] INFO -  Getting 1 granules, approx download size: 0.01 GB
2026-03-13 01:20:49,864 [PID:2317972] INFO - Downloaded: 3B-HHR.MS.MRG.3IMERG.20241207-S040000-E042959.0240.V07B.HDF5
2026-03-13 01:20:49,866 [PID:2317972] INFO -  Getting 1 granules, approx download size: 0.01 GB
2026-03-13 01:20:51,828 [PID:2317914] INFO - Downloaded: 3B-HHR.MS.MRG.3IMERG.20241207-S043000-E045959.0270.V07B.HDF5
2026-03-13 01:20:51,838 [PID:2317914] INFO -  Getting 1 granules, approx download size: 0.01 GB
2026-03-13 01:20:51,843 [PID:2318010] INFO - Downloaded: 3B-HHR.MS.MRG.3IMERG.20241207-S050000-E052959.0300.V07B.HDF5
2026-03-13 01:20:51,844 [PID:2318010] INFO -  Getting 1 granules, approx download size: 0.01 GB
2026-03-13 01:20:53,185 [PID:2317972] INFO - Downloaded: 3B-HHR.MS.MRG.3IMERG.20241207-S053000-E055959.0330.V07B.HDF5
2026-03-13 01:20:53,186 [PID:2317972] INFO -  Getting 1 granules, approx download size: 0.01 GB
2026-03-13 01:20:56,328 [PID:2317914] INFO - Downloaded: 3B-HHR.MS.MRG.3IMERG.20241207-S060000-E062959.0360.V07B.HDF5
2026-03-13 01:20:56,334 [PID:2317914] INFO -  Getting 1 granules, approx download size: 0.01 GB
2026-03-13 01:20:57,038 [PID:2317972] INFO - Downloaded: 3B-HHR.MS.MRG.3IMERG.20241207-S070000-E072959.0420.V07B.HDF5
2026-03-13 01:20:57,040 [PID:2317972] INFO -  Getting 1 granules, approx download size: 0.01 GB
2026-03-13 01:20:58,050 [PID:2318010] INFO - Downloaded: 3B-HHR.MS.MRG.3IMERG.20241207-S063000-E065959.0390.V07B.HDF5
2026-03-13 01:20:58,052 [PID:2318010] INFO -  Getting 1 granules, approx download size: 0.01 GB
2026-03-13 01:20:59,961 [PID:2317914] INFO - Downloaded: 3B-HHR.MS.MRG.3IMERG.20241207-S073000-E075959.0450.V07B.HDF5
2026-03-13 01:20:59,971 [PID:2317914] INFO -  Getting 1 granules, approx download size: 0.01 GB
2026-03-13 01:21:00,848 [PID:2317972] INFO - Downloaded: 3B-HHR.MS.MRG.3IMERG.20241207-S080000-E082959.0480.V07B.HDF5
2026-03-13 01:21:00,849 [PID:2317972] INFO -  Getting 1 granules, approx download size: 0.01 GB
2026-03-13 01:21:04,083 [PID:2317914] INFO - Downloaded: 3B-HHR.MS.MRG.3IMERG.20241207-S090000-E092959.0540.V07B.HDF5
2026-03-13 01:21:04,098 [PID:2317914] INFO -  Getting 1 granules, approx download size: 0.01 GB
2026-03-13 01:21:04,114 [PID:2318010] INFO - Downloaded: 3B-HHR.MS.MRG.3IMERG.20241207-S083000-E085959.0510.V07B.HDF5
2026-03-13 01:21:04,123 [PID:2318010] INFO -  Getting 1 granules, approx download size: 0.01 GB
2026-03-13 01:21:05,611 [PID:2317972] INFO - Downloaded: 3B-HHR.MS.MRG.3IMERG.20241207-S093000-E095959.0570.V07B.HDF5
2026-03-13 01:21:05,612 [PID:2317972] INFO -  Getting 1 granules, approx download size: 0.01 GB
2026-03-13 01:21:07,650 [PID:2317914] INFO - Downloaded: 3B-HHR.MS.MRG.3IMERG.20241207-S100000-E102959.0600.V07B.HDF5
2026-03-13 01:21:07,652 [PID:2317914] INFO -  Getting 1 granules, approx download size: 0.01 GB
2026-03-13 01:21:09,358 [PID:2317972] INFO - Downloaded: 3B-HHR.MS.MRG.3IMERG.20241207-S110000-E112959.0660.V07B.HDF5
2026-03-13 01:21:09,360 [PID:2317972] INFO -  Getting 1 granules, approx download size: 0.01 GB
2026-03-13 01:21:10,989 [PID:2318010] INFO - Downloaded: 3B-HHR.MS.MRG.3IMERG.20241207-S103000-E105959.0630.V07B.HDF5
2026-03-13 01:21:10,991 [PID:2318010] INFO -  Getting 1 granules, approx download size: 0.01 GB
2026-03-13 01:21:11,041 [PID:2317914] INFO - Downloaded: 3B-HHR.MS.MRG.3IMERG.20241207-S113000-E115959.0690.V07B.HDF5
2026-03-13 01:21:11,043 [PID:2317914] INFO -  Getting 1 granules, approx download size: 0.01 GB
2026-03-13 01:21:14,989 [PID:2317972] INFO - Downloaded: 3B-HHR.MS.MRG.3IMERG.20241207-S120000-E122959.0720.V07B.HDF5
2026-03-13 01:21:15,001 [PID:2317972] INFO -  Getting 1 granules, approx download size: 0.01 GB
2026-03-13 01:21:15,136 [PID:2317914] INFO - Downloaded: 3B-HHR.MS.MRG.3IMERG.20241207-S130000-E132959.0780.V07B.HDF5
2026-03-13 01:21:15,138 [PID:2317914] INFO -  Getting 1 granules, approx download size: 0.01 GB
2026-03-13 01:21:16,564 [PID:2318010] INFO - Downloaded: 3B-HHR.MS.MRG.3IMERG.20241207-S123000-E125959.0750.V07B.HDF5
2026-03-13 01:21:16,574 [PID:2318010] INFO -  Getting 1 granules, approx download size: 0.01 GB
2026-03-13 01:21:19,352 [PID:2317914] INFO - Downloaded: 3B-HHR.MS.MRG.3IMERG.20241207-S140000-E142959.0840.V07B.HDF5
2026-03-13 01:21:19,354 [PID:2317914] INFO -  Getting 1 granules, approx download size: 0.01 GB
2026-03-13 01:21:19,362 [PID:2317972] INFO - Downloaded: 3B-HHR.MS.MRG.3IMERG.20241207-S133000-E135959.0810.V07B.HDF5
2026-03-13 01:21:19,363 [PID:2317972] INFO -  Getting 1 granules, approx download size: 0.01 GB
2026-03-13 01:21:20,323 [PID:2318010] INFO - Downloaded: 3B-HHR.MS.MRG.3IMERG.20241207-S143000-E145959.0870.V07B.HDF5
2026-03-13 01:21:20,324 [PID:2318010] INFO -  Getting 1 granules, approx download size: 0.01 GB
2026-03-13 01:21:23,096 [PID:2317914] INFO - Downloaded: 3B-HHR.MS.MRG.3IMERG.20241207-S150000-E152959.0900.V07B.HDF5
2026-03-13 01:21:23,097 [PID:2317914] INFO -  Getting 1 granules, approx download size: 0.01 GB
2026-03-13 01:21:23,889 [PID:2317972] INFO - Downloaded: 3B-HHR.MS.MRG.3IMERG.20241207-S153000-E155959.0930.V07B.HDF5
2026-03-13 01:21:23,891 [PID:2317972] INFO -  Getting 1 granules, approx download size: 0.01 GB
2026-03-13 01:21:24,331 [PID:2318010] INFO - Downloaded: 3B-HHR.MS.MRG.3IMERG.20241207-S160000-E162959.0960.V07B.HDF5
2026-03-13 01:21:24,333 [PID:2318010] INFO -  Getting 1 granules, approx download size: 0.01 GB
2026-03-13 01:21:26,828 [PID:2317914] INFO - Downloaded: 3B-HHR.MS.MRG.3IMERG.20241207-S163000-E165959.0990.V07B.HDF5
2026-03-13 01:21:26,829 [PID:2317914] INFO -  Getting 1 granules, approx download size: 0.01 GB
2026-03-13 01:21:28,212 [PID:2317972] INFO - Downloaded: 3B-HHR.MS.MRG.3IMERG.20241207-S170000-E172959.1020.V07B.HDF5
2026-03-13 01:21:28,213 [PID:2317972] INFO -  Getting 1 granules, approx download size: 0.01 GB
2026-03-13 01:21:28,380 [PID:2318010] INFO - Downloaded: 3B-HHR.MS.MRG.3IMERG.20241207-S173000-E175959.1050.V07B.HDF5
2026-03-13 01:21:28,390 [PID:2318010] INFO -  Getting 1 granules, approx download size: 0.01 GB
2026-03-13 01:21:30,176 [PID:2317914] INFO - Downloaded: 3B-HHR.MS.MRG.3IMERG.20241207-S180000-E182959.1080.V07B.HDF5
2026-03-13 01:21:30,177 [PID:2317914] INFO -  Getting 1 granules, approx download size: 0.01 GB
2026-03-13 01:21:32,090 [PID:2317972] INFO - Downloaded: 3B-HHR.MS.MRG.3IMERG.20241207-S183000-E185959.1110.V07B.HDF5
2026-03-13 01:21:32,099 [PID:2317972] INFO -  Getting 1 granules, approx download size: 0.01 GB
2026-03-13 01:21:32,730 [PID:2318010] INFO - Downloaded: 3B-HHR.MS.MRG.3IMERG.20241207-S190000-E192959.1140.V07B.HDF5
2026-03-13 01:21:32,732 [PID:2318010] INFO -  Getting 1 granules, approx download size: 0.01 GB
2026-03-13 01:21:33,707 [PID:2317914] INFO - Downloaded: 3B-HHR.MS.MRG.3IMERG.20241207-S193000-E195959.1170.V07B.HDF5
2026-03-13 01:21:33,710 [PID:2317914] INFO -  Getting 1 granules, approx download size: 0.01 GB
2026-03-13 01:21:35,487 [PID:2317972] INFO - Downloaded: 3B-HHR.MS.MRG.3IMERG.20241207-S200000-E202959.1200.V07B.HDF5
2026-03-13 01:21:35,489 [PID:2317972] INFO -  Getting 1 granules, approx download size: 0.01 GB
2026-03-13 01:21:37,321 [PID:2318010] INFO - Downloaded: 3B-HHR.MS.MRG.3IMERG.20241207-S203000-E205959.1230.V07B.HDF5
2026-03-13 01:21:37,322 [PID:2318010] INFO -  Getting 1 granules, approx download size: 0.01 GB
2026-03-13 01:21:37,559 [PID:2317914] INFO - Downloaded: 3B-HHR.MS.MRG.3IMERG.20241207-S210000-E212959.1260.V07B.HDF5
2026-03-13 01:21:37,560 [PID:2317914] INFO -  Getting 1 granules, approx download size: 0.01 GB
2026-03-13 01:21:38,661 [PID:2317972] INFO - Downloaded: 3B-HHR.MS.MRG.3IMERG.20241207-S213000-E215959.1290.V07B.HDF5
2026-03-13 01:21:38,662 [PID:2317972] INFO -  Getting 1 granules, approx download size: 0.01 GB
2026-03-13 01:21:41,269 [PID:2318010] INFO - Downloaded: 3B-HHR.MS.MRG.3IMERG.20241207-S220000-E222959.1320.V07B.HDF5
2026-03-13 01:21:41,271 [PID:2318010] INFO -  Getting 1 granules, approx download size: 0.01 GB
2026-03-13 01:21:41,946 [PID:2317914] INFO - Downloaded: 3B-HHR.MS.MRG.3IMERG.20241207-S223000-E225959.1350.V07B.HDF5
2026-03-13 01:21:41,950 [PID:2317914] INFO -  Getting 1 granules, approx download size: 0.01 GB
2026-03-13 01:21:42,685 [PID:2317972] INFO - Downloaded: 3B-HHR.MS.MRG.3IMERG.20241207-S230000-E232959.1380.V07B.HDF5
2026-03-13 01:21:42,688 [PID:2317972] INFO -  Getting 1 granules, approx download size: 0.01 GB
2026-03-13 01:21:45,460 [PID:2318010] INFO - Downloaded: 3B-HHR.MS.MRG.3IMERG.20241207-S233000-E235959.1410.V07B.HDF5
2026-03-13 01:21:45,462 [PID:2318010] INFO -  Getting 1 granules, approx download size: 0.01 GB
2026-03-13 01:21:46,448 [PID:2317914] INFO - Downloaded: 3B-HHR.MS.MRG.3IMERG.20241208-S000000-E002959.0000.V07B.HDF5
2026-03-13 01:21:46,450 [PID:2317914] INFO -  Getting 1 granules, approx download size: 0.01 GB
2026-03-13 01:21:46,821 [PID:2317972] INFO - Downloaded: 3B-HHR.MS.MRG.3IMERG.20241208-S003000-E005959.0030.V07B.HDF5
2026-03-13 01:21:46,823 [PID:2317972] INFO -  Getting 1 granules, approx download size: 0.01 GB
2026-03-13 01:21:48,924 [PID:2318010] INFO - Downloaded: 3B-HHR.MS.MRG.3IMERG.20241208-S010000-E012959.0060.V07B.HDF5
2026-03-13 01:21:48,925 [PID:2318010] INFO -  Getting 1 granules, approx download size: 0.01 GB
2026-03-13 01:21:49,897 [PID:2287901] INFO - Progress: 400/1549 (Success: 400, Failed: 0)
2026-03-13 01:21:50,050 [PID:2317914] INFO - Downloaded: 3B-HHR.MS.MRG.3IMERG.20241208-S013000-E015959.0090.V07B.HDF5
2026-03-13 01:21:50,051 [PID:2317914] INFO -  Getting 1 granules, approx download size: 0.01 GB
2026-03-13 01:21:50,775 [PID:2317972] INFO - Downloaded: 3B-HHR.MS.MRG.3IMERG.20241208-S020000-E022959.0120.V07B.HDF5
2026-03-13 01:21:50,777 [PID:2317972] INFO -  Getting 1 granules, approx download size: 0.01 GB
2026-03-13 01:21:52,273 [PID:2318010] INFO - Downloaded: 3B-HHR.MS.MRG.3IMERG.20241208-S023000-E025959.0150.V07B.HDF5
2026-03-13 01:21:52,275 [PID:2318010] INFO -  Getting 1 granules, approx download size: 0.01 GB
2026-03-13 01:21:53,856 [PID:2317914] INFO - Downloaded: 3B-HHR.MS.MRG.3IMERG.20241208-S030000-E032959.0180.V07B.HDF5
2026-03-13 01:21:53,858 [PID:2317914] INFO -  Getting 1 granules, approx download size: 0.01 GB
2026-03-13 01:21:54,417 [PID:2317972] INFO - Downloaded: 3B-HHR.MS.MRG.3IMERG.20241208-S033000-E035959.0210.V07B.HDF5
2026-03-13 01:21:54,418 [PID:2317972] INFO -  Getting 1 granules, approx download size: 0.01 GB
2026-03-13 01:21:56,835 [PID:2318010] INFO - Downloaded: 3B-HHR.MS.MRG.3IMERG.20241208-S040000-E042959.0240.V07B.HDF5
2026-03-13 01:21:56,836 [PID:2318010] INFO -  Getting 1 granules, approx download size: 0.01 GB
2026-03-13 01:21:58,105 [PID:2317914] INFO - Downloaded: 3B-HHR.MS.MRG.3IMERG.20241208-S043000-E045959.0270.V07B.HDF5
2026-03-13 01:21:58,107 [PID:2317914] INFO -  Getting 1 granules, approx download size: 0.01 GB
2026-03-13 01:21:58,388 [PID:2317972] INFO - Downloaded: 3B-HHR.MS.MRG.3IMERG.20241208-S050000-E052959.0300.V07B.HDF5
2026-03-13 01:21:58,391 [PID:2317972] INFO -  Getting 1 granules, approx download size: 0.01 GB
2026-03-13 01:22:02,053 [PID:2318010] INFO - Downloaded: 3B-HHR.MS.MRG.3IMERG.20241208-S053000-E055959.0330.V07B.HDF5
2026-03-13 01:22:02,054 [PID:2318010] INFO -  Getting 1 granules, approx download size: 0.01 GB
2026-03-13 01:22:02,788 [PID:2317972] INFO - Downloaded: 3B-HHR.MS.MRG.3IMERG.20241208-S063000-E065959.0390.V07B.HDF5
2026-03-13 01:22:02,798 [PID:2317972] INFO -  Getting 1 granules, approx download size: 0.01 GB
2026-03-13 01:22:03,123 [PID:2317914] INFO - Downloaded: 3B-HHR.MS.MRG.3IMERG.20241208-S060000-E062959.0360.V07B.HDF5
2026-03-13 01:22:03,124 [PID:2317914] INFO -  Getting 1 granules, approx download size: 0.01 GB
2026-03-13 01:22:07,229 [PID:2317972] INFO - Downloaded: 3B-HHR.MS.MRG.3IMERG.20241208-S073000-E075959.0450.V07B.HDF5
2026-03-13 01:22:07,230 [PID:2317972] INFO -  Getting 1 granules, approx download size: 0.01 GB
2026-03-13 01:22:07,346 [PID:2318010] INFO - Downloaded: 3B-HHR.MS.MRG.3IMERG.20241208-S070000-E072959.0420.V07B.HDF5
2026-03-13 01:22:07,347 [PID:2318010] INFO -  Getting 1 granules, approx download size: 0.01 GB
2026-03-13 01:22:08,859 [PID:2317914] INFO - Downloaded: 3B-HHR.MS.MRG.3IMERG.20241208-S080000-E082959.0480.V07B.HDF5
2026-03-13 01:22:08,869 [PID:2317914] INFO -  Getting 1 granules, approx download size: 0.01 GB
2026-03-13 01:22:11,374 [PID:2317972] INFO - Downloaded: 3B-HHR.MS.MRG.3IMERG.20241208-S083000-E085959.0510.V07B.HDF5
2026-03-13 01:22:11,376 [PID:2317972] INFO -  Getting 1 granules, approx download size: 0.01 GB
2026-03-13 01:22:11,417 [PID:2318010] INFO - Downloaded: 3B-HHR.MS.MRG.3IMERG.20241208-S090000-E092959.0540.V07B.HDF5
2026-03-13 01:22:11,419 [PID:2318010] INFO -  Getting 1 granules, approx download size: 0.01 GB
2026-03-13 01:22:14,124 [PID:2317914] INFO - Downloaded: 3B-HHR.MS.MRG.3IMERG.20241208-S093000-E095959.0570.V07B.HDF5
2026-03-13 01:22:14,130 [PID:2317914] INFO -  Getting 1 granules, approx download size: 0.01 GB
2026-03-13 01:22:15,357 [PID:2317972] INFO - Downloaded: 3B-HHR.MS.MRG.3IMERG.20241208-S100000-E102959.0600.V07B.HDF5
2026-03-13 01:22:15,359 [PID:2317972] INFO -  Getting 1 granules, approx download size: 0.01 GB
2026-03-13 01:22:15,626 [PID:2318010] INFO - Downloaded: 3B-HHR.MS.MRG.3IMERG.20241208-S103000-E105959.0630.V07B.HDF5
2026-03-13 01:22:15,627 [PID:2318010] INFO -  Getting 1 granules, approx download size: 0.01 GB
2026-03-13 01:22:17,922 [PID:2317914] INFO - Downloaded: 3B-HHR.MS.MRG.3IMERG.20241208-S110000-E112959.0660.V07B.HDF5
2026-03-13 01:22:17,932 [PID:2317914] INFO -  Getting 1 granules, approx download size: 0.01 GB
2026-03-13 01:22:19,328 [PID:2317972] INFO - Downloaded: 3B-HHR.MS.MRG.3IMERG.20241208-S113000-E115959.0690.V07B.HDF5
2026-03-13 01:22:19,329 [PID:2317972] INFO -  Getting 1 granules, approx download size: 0.01 GB
2026-03-13 01:22:19,875 [PID:2318010] INFO - Downloaded: 3B-HHR.MS.MRG.3IMERG.20241208-S120000-E122959.0720.V07B.HDF5
2026-03-13 01:22:19,877 [PID:2318010] INFO -  Getting 1 granules, approx download size: 0.01 GB
2026-03-13 01:22:21,394 [PID:2317914] INFO - Downloaded: 3B-HHR.MS.MRG.3IMERG.20241208-S123000-E125959.0750.V07B.HDF5
2026-03-13 01:22:21,396 [PID:2317914] INFO -  Getting 1 granules, approx download size: 0.01 GB
2026-03-13 01:22:23,026 [PID:2317972] INFO - Downloaded: 3B-HHR.MS.MRG.3IMERG.20241208-S130000-E132959.0780.V07B.HDF5
2026-03-13 01:22:23,027 [PID:2317972] INFO -  Getting 1 granules, approx download size: 0.01 GB
2026-03-13 01:22:24,614 [PID:2318010] INFO - Downloaded: 3B-HHR.MS.MRG.3IMERG.20241208-S133000-E135959.0810.V07B.HDF5
2026-03-13 01:22:24,615 [PID:2318010] INFO -  Getting 1 granules, approx download size: 0.01 GB
2026-03-13 01:22:24,932 [PID:2317914] INFO - Downloaded: 3B-HHR.MS.MRG.3IMERG.20241208-S140000-E142959.0840.V07B.HDF5
2026-03-13 01:22:24,933 [PID:2317914] INFO -  Getting 1 granules, approx download size: 0.01 GB
2026-03-13 01:22:26,215 [PID:2317972] INFO - Downloaded: 3B-HHR.MS.MRG.3IMERG.20241208-S143000-E145959.0870.V07B.HDF5
2026-03-13 01:22:26,216 [PID:2317972] INFO -  Getting 1 granules, approx download size: 0.01 GB
2026-03-13 01:22:28,495 [PID:2318010] INFO - Downloaded: 3B-HHR.MS.MRG.3IMERG.20241208-S150000-E152959.0900.V07B.HDF5
2026-03-13 01:22:28,497 [PID:2318010] INFO -  Getting 1 granules, approx download size: 0.01 GB
2026-03-13 01:22:29,360 [PID:2317914] INFO - Downloaded: 3B-HHR.MS.MRG.3IMERG.20241208-S153000-E155959.0930.V07B.HDF5
2026-03-13 01:22:29,362 [PID:2317914] INFO -  Getting 1 granules, approx download size: 0.01 GB
2026-03-13 01:22:29,751 [PID:2317972] INFO - Downloaded: 3B-HHR.MS.MRG.3IMERG.20241208-S160000-E162959.0960.V07B.HDF5
2026-03-13 01:22:29,752 [PID:2317972] INFO -  Getting 1 granules, approx download size: 0.01 GB
2026-03-13 01:22:32,048 [PID:2318010] INFO - Downloaded: 3B-HHR.MS.MRG.3IMERG.20241208-S163000-E165959.0990.V07B.HDF5
2026-03-13 01:22:32,050 [PID:2318010] INFO -  Getting 1 granules, approx download size: 0.01 GB
2026-03-13 01:22:33,650 [PID:2317972] INFO - Downloaded: 3B-HHR.MS.MRG.3IMERG.20241208-S173000-E175959.1050.V07B.HDF5
2026-03-13 01:22:33,651 [PID:2317972] INFO -  Getting 1 granules, approx download size: 0.01 GB
2026-03-13 01:22:34,575 [PID:2317914] INFO - Downloaded: 3B-HHR.MS.MRG.3IMERG.20241208-S170000-E172959.1020.V07B.HDF5
2026-03-13 01:22:34,585 [PID:2317914] INFO -  Getting 1 granules, approx download size: 0.01 GB
2026-03-13 01:22:36,711 [PID:2318010] INFO - Downloaded: 3B-HHR.MS.MRG.3IMERG.20241208-S180000-E182959.1080.V07B.HDF5
2026-03-13 01:22:36,712 [PID:2318010] INFO -  Getting 1 granules, approx download size: 0.01 GB
2026-03-13 01:22:37,789 [PID:2317972] INFO - Downloaded: 3B-HHR.MS.MRG.3IMERG.20241208-S183000-E185959.1110.V07B.HDF5
2026-03-13 01:22:37,790 [PID:2317972] INFO -  Getting 1 granules, approx download size: 0.01 GB
2026-03-13 01:22:38,679 [PID:2317914] INFO - Downloaded: 3B-HHR.MS.MRG.3IMERG.20241208-S190000-E192959.1140.V07B.HDF5
2026-03-13 01:22:38,680 [PID:2317914] INFO -  Getting 1 granules, approx download size: 0.01 GB
2026-03-13 01:22:40,454 [PID:2318010] INFO - Downloaded: 3B-HHR.MS.MRG.3IMERG.20241208-S193000-E195959.1170.V07B.HDF5
2026-03-13 01:22:40,456 [PID:2318010] INFO -  Getting 1 granules, approx download size: 0.01 GB
2026-03-13 01:22:41,396 [PID:2317972] INFO - Downloaded: 3B-HHR.MS.MRG.3IMERG.20241208-S200000-E202959.1200.V07B.HDF5
2026-03-13 01:22:41,397 [PID:2317972] INFO -  Getting 1 granules, approx download size: 0.01 GB
2026-03-13 01:22:42,711 [PID:2317914] INFO - Downloaded: 3B-HHR.MS.MRG.3IMERG.20241208-S203000-E205959.1230.V07B.HDF5
2026-03-13 01:22:44,018 [PID:2318010] INFO - Downloaded: 3B-HHR.MS.MRG.3IMERG.20241208-S210000-E212959.1260.V07B.HDF5
2026-03-13 01:22:44,019 [PID:2318010] INFO -  Getting 1 granules, approx download size: 0.01 GB
2026-03-13 01:22:45,026 [PID:2317972] INFO - Downloaded: 3B-HHR.MS.MRG.3IMERG.20241208-S213000-E215959.1290.V07B.HDF5
2026-03-13 01:22:45,027 [PID:2317972] INFO -  Getting 1 granules, approx download size: 0.01 GB
2026-03-13 01:22:46,143 [PID:2319560] INFO - Worker 2319560 authenticated with Earthdata
2026-03-13 01:22:46,146 [PID:2319560] INFO -  Getting 1 granules, approx download size: 0.01 GB
2026-03-13 01:22:47,813 [PID:2318010] INFO - Downloaded: 3B-HHR.MS.MRG.3IMERG.20241208-S220000-E222959.1320.V07B.HDF5
2026-03-13 01:22:47,821 [PID:2318010] INFO -  Getting 1 granules, approx download size: 0.01 GB
2026-03-13 01:22:48,817 [PID:2317972] INFO - Downloaded: 3B-HHR.MS.MRG.3IMERG.20241208-S223000-E225959.1350.V07B.HDF5
2026-03-13 01:22:51,082 [PID:2319605] INFO - Worker 2319605 authenticated with Earthdata
2026-03-13 01:22:51,089 [PID:2319605] INFO -  Getting 1 granules, approx download size: 0.01 GB
2026-03-13 01:22:51,349 [PID:2318010] INFO - Downloaded: 3B-HHR.MS.MRG.3IMERG.20241208-S233000-E235959.1410.V07B.HDF5
2026-03-13 01:22:51,350 [PID:2318010] INFO -  Getting 1 granules, approx download size: 0.01 GB
2026-03-13 01:22:52,821 [PID:2319560] INFO - Downloaded: 3B-HHR.MS.MRG.3IMERG.20241208-S230000-E232959.1380.V07B.HDF5
2026-03-13 01:22:52,823 [PID:2319560] INFO -  Getting 1 granules, approx download size: 0.01 GB
2026-03-13 01:22:54,632 [PID:2318010] INFO - Downloaded: 3B-HHR.MS.MRG.3IMERG.20241209-S003000-E005959.0030.V07B.HDF5
2026-03-13 01:22:54,633 [PID:2318010] INFO -  Getting 1 granules, approx download size: 0.01 GB
2026-03-13 01:22:56,631 [PID:2319560] INFO - Downloaded: 3B-HHR.MS.MRG.3IMERG.20241209-S010000-E012959.0060.V07B.HDF5
2026-03-13 01:22:56,632 [PID:2319560] INFO -  Getting 1 granules, approx download size: 0.01 GB
2026-03-13 01:22:58,456 [PID:2319605] INFO - Downloaded: 3B-HHR.MS.MRG.3IMERG.20241209-S000000-E002959.0000.V07B.HDF5
2026-03-13 01:22:58,457 [PID:2319605] INFO -  Getting 1 granules, approx download size: 0.01 GB
2026-03-13 01:22:58,636 [PID:2318010] INFO - Downloaded: 3B-HHR.MS.MRG.3IMERG.20241209-S013000-E015959.0090.V07B.HDF5
2026-03-13 01:22:58,638 [PID:2318010] INFO -  Getting 1 granules, approx download size: 0.01 GB
2026-03-13 01:22:59,861 [PID:2319560] INFO - Downloaded: 3B-HHR.MS.MRG.3IMERG.20241209-S020000-E022959.0120.V07B.HDF5
2026-03-13 01:22:59,862 [PID:2319560] INFO -  Getting 1 granules, approx download size: 0.01 GB
2026-03-13 01:23:03,105 [PID:2319605] INFO - Downloaded: 3B-HHR.MS.MRG.3IMERG.20241209-S023000-E025959.0150.V07B.HDF5
2026-03-13 01:23:03,107 [PID:2319605] INFO -  Getting 1 granules, approx download size: 0.01 GB
2026-03-13 01:23:03,124 [PID:2318010] INFO - Downloaded: 3B-HHR.MS.MRG.3IMERG.20241209-S030000-E032959.0180.V07B.HDF5
2026-03-13 01:23:03,125 [PID:2318010] INFO -  Getting 1 granules, approx download size: 0.01 GB
2026-03-13 01:23:03,214 [PID:2287901] INFO - Progress: 450/1549 (Success: 450, Failed: 0)
2026-03-13 01:23:03,828 [PID:2319560] INFO - Downloaded: 3B-HHR.MS.MRG.3IMERG.20241209-S033000-E035959.0210.V07B.HDF5
2026-03-13 01:23:03,829 [PID:2319560] INFO -  Getting 1 granules, approx download size: 0.01 GB
2026-03-13 01:23:08,266 [PID:2319605] INFO - Downloaded: 3B-HHR.MS.MRG.3IMERG.20241209-S040000-E042959.0240.V07B.HDF5
2026-03-13 01:23:08,267 [PID:2319605] INFO -  Getting 1 granules, approx download size: 0.01 GB
2026-03-13 01:23:08,393 [PID:2318010] INFO - Downloaded: 3B-HHR.MS.MRG.3IMERG.20241209-S043000-E045959.0270.V07B.HDF5
2026-03-13 01:23:08,394 [PID:2318010] INFO -  Getting 1 granules, approx download size: 0.01 GB
2026-03-13 01:23:08,693 [PID:2319560] INFO - Downloaded: 3B-HHR.MS.MRG.3IMERG.20241209-S050000-E052959.0300.V07B.HDF5
2026-03-13 01:23:08,698 [PID:2319560] INFO -  Getting 1 granules, approx download size: 0.01 GB
2026-03-13 01:23:12,730 [PID:2319605] INFO - Downloaded: 3B-HHR.MS.MRG.3IMERG.20241209-S053000-E055959.0330.V07B.HDF5
2026-03-13 01:23:12,731 [PID:2319605] INFO -  Getting 1 granules, approx download size: 0.01 GB
2026-03-13 01:23:12,821 [PID:2318010] INFO - Downloaded: 3B-HHR.MS.MRG.3IMERG.20241209-S060000-E062959.0360.V07B.HDF5
2026-03-13 01:23:12,822 [PID:2318010] INFO -  Getting 1 granules, approx download size: 0.01 GB
2026-03-13 01:23:13,897 [PID:2319560] INFO - Downloaded: 3B-HHR.MS.MRG.3IMERG.20241209-S063000-E065959.0390.V07B.HDF5
2026-03-13 01:23:13,898 [PID:2319560] INFO -  Getting 1 granules, approx download size: 0.01 GB
2026-03-13 01:23:17,227 [PID:2318010] INFO - Downloaded: 3B-HHR.MS.MRG.3IMERG.20241209-S073000-E075959.0450.V07B.HDF5
2026-03-13 01:23:17,392 [PID:2319605] INFO - Downloaded: 3B-HHR.MS.MRG.3IMERG.20241209-S070000-E072959.0420.V07B.HDF5
2026-03-13 01:23:17,393 [PID:2319605] INFO -  Getting 1 granules, approx download size: 0.01 GB
2026-03-13 01:23:18,024 [PID:2319560] INFO - Downloaded: 3B-HHR.MS.MRG.3IMERG.20241209-S080000-E082959.0480.V07B.HDF5
2026-03-13 01:23:18,026 [PID:2319560] INFO -  Getting 1 granules, approx download size: 0.01 GB
2026-03-13 01:23:19,492 [PID:2319822] INFO - Worker 2319822 authenticated with Earthdata
2026-03-13 01:23:19,495 [PID:2319822] INFO -  Getting 1 granules, approx download size: 0.01 GB
2026-03-13 01:23:21,054 [PID:2319605] INFO - Downloaded: 3B-HHR.MS.MRG.3IMERG.20241209-S083000-E085959.0510.V07B.HDF5
2026-03-13 01:23:21,056 [PID:2319605] INFO -  Getting 1 granules, approx download size: 0.01 GB
2026-03-13 01:23:21,646 [PID:2319560] INFO - Downloaded: 3B-HHR.MS.MRG.3IMERG.20241209-S090000-E092959.0540.V07B.HDF5
2026-03-13 01:23:21,647 [PID:2319560] INFO -  Getting 1 granules, approx download size: 0.01 GB
2026-03-13 01:23:24,541 [PID:2319605] INFO - Downloaded: 3B-HHR.MS.MRG.3IMERG.20241209-S100000-E102959.0600.V07B.HDF5
2026-03-13 01:23:24,543 [PID:2319605] INFO -  Getting 1 granules, approx download size: 0.01 GB
2026-03-13 01:23:25,515 [PID:2319560] INFO - Downloaded: 3B-HHR.MS.MRG.3IMERG.20241209-S103000-E105959.0630.V07B.HDF5
2026-03-13 01:23:25,517 [PID:2319560] INFO -  Getting 1 granules, approx download size: 0.01 GB
2026-03-13 01:23:26,605 [PID:2319822] INFO - Downloaded: 3B-HHR.MS.MRG.3IMERG.20241209-S093000-E095959.0570.V07B.HDF5
2026-03-13 01:23:26,614 [PID:2319822] INFO -  Getting 1 granules, approx download size: 0.01 GB
2026-03-13 01:23:27,941 [PID:2319605] INFO - Downloaded: 3B-HHR.MS.MRG.3IMERG.20241209-S110000-E112959.0660.V07B.HDF5
2026-03-13 01:23:27,942 [PID:2319605] INFO -  Getting 1 granules, approx download size: 0.01 GB
2026-03-13 01:23:28,927 [PID:2319560] INFO - Downloaded: 3B-HHR.MS.MRG.3IMERG.20241209-S113000-E115959.0690.V07B.HDF5
2026-03-13 01:23:28,933 [PID:2319560] INFO -  Getting 1 granules, approx download size: 0.01 GB
2026-03-13 01:23:30,483 [PID:2319822] INFO - Downloaded: 3B-HHR.MS.MRG.3IMERG.20241209-S120000-E122959.0720.V07B.HDF5
2026-03-13 01:23:30,484 [PID:2319822] INFO -  Getting 1 granules, approx download size: 0.01 GB
2026-03-13 01:23:32,109 [PID:2319605] INFO - Downloaded: 3B-HHR.MS.MRG.3IMERG.20241209-S123000-E125959.0750.V07B.HDF5
2026-03-13 01:23:32,111 [PID:2319605] INFO -  Getting 1 granules, approx download size: 0.01 GB
2026-03-13 01:23:32,914 [PID:2319560] INFO - Downloaded: 3B-HHR.MS.MRG.3IMERG.20241209-S130000-E132959.0780.V07B.HDF5
2026-03-13 01:23:32,916 [PID:2319560] INFO -  Getting 1 granules, approx download size: 0.01 GB
2026-03-13 01:23:34,784 [PID:2319822] INFO - Downloaded: 3B-HHR.MS.MRG.3IMERG.20241209-S133000-E135959.0810.V07B.HDF5
2026-03-13 01:23:34,786 [PID:2319822] INFO -  Getting 1 granules, approx download size: 0.01 GB
2026-03-13 01:23:35,994 [PID:2319605] INFO - Downloaded: 3B-HHR.MS.MRG.3IMERG.20241209-S140000-E142959.0840.V07B.HDF5
2026-03-13 01:23:35,995 [PID:2319605] INFO -  Getting 1 granules, approx download size: 0.01 GB
2026-03-13 01:23:36,503 [PID:2319560] INFO - Downloaded: 3B-HHR.MS.MRG.3IMERG.20241209-S143000-E145959.0870.V07B.HDF5
2026-03-13 01:23:36,505 [PID:2319560] INFO -  Getting 1 granules, approx download size: 0.01 GB
2026-03-13 01:23:39,578 [PID:2319822] INFO - Downloaded: 3B-HHR.MS.MRG.3IMERG.20241209-S150000-E152959.0900.V07B.HDF5
2026-03-13 01:23:39,580 [PID:2319822] INFO -  Getting 1 granules, approx download size: 0.01 GB
2026-03-13 01:23:40,161 [PID:2319605] INFO - Downloaded: 3B-HHR.MS.MRG.3IMERG.20241209-S153000-E155959.0930.V07B.HDF5
2026-03-13 01:23:40,162 [PID:2319605] INFO -  Getting 1 granules, approx download size: 0.01 GB
2026-03-13 01:23:42,216 [PID:2319560] INFO - Downloaded: 3B-HHR.MS.MRG.3IMERG.20241209-S160000-E162959.0960.V07B.HDF5
2026-03-13 01:23:42,226 [PID:2319560] INFO -  Getting 1 granules, approx download size: 0.01 GB
2026-03-13 01:23:44,057 [PID:2319605] INFO - Downloaded: 3B-HHR.MS.MRG.3IMERG.20241209-S170000-E172959.1020.V07B.HDF5
2026-03-13 01:23:44,058 [PID:2319605] INFO -  Getting 1 granules, approx download size: 0.01 GB
2026-03-13 01:23:44,179 [PID:2319822] INFO - Downloaded: 3B-HHR.MS.MRG.3IMERG.20241209-S163000-E165959.0990.V07B.HDF5
2026-03-13 01:23:44,181 [PID:2319822] INFO -  Getting 1 granules, approx download size: 0.01 GB
2026-03-13 01:23:45,745 [PID:2319560] INFO - Downloaded: 3B-HHR.MS.MRG.3IMERG.20241209-S173000-E175959.1050.V07B.HDF5
2026-03-13 01:23:45,746 [PID:2319560] INFO -  Getting 1 granules, approx download size: 0.01 GB
2026-03-13 01:23:47,387 [PID:2319605] INFO - Downloaded: 3B-HHR.MS.MRG.3IMERG.20241209-S180000-E182959.1080.V07B.HDF5
2026-03-13 01:23:47,389 [PID:2319605] INFO -  Getting 1 granules, approx download size: 0.01 GB
2026-03-13 01:23:49,077 [PID:2319560] INFO - Downloaded: 3B-HHR.MS.MRG.3IMERG.20241209-S190000-E192959.1140.V07B.HDF5
2026-03-13 01:23:49,078 [PID:2319560] INFO -  Getting 1 granules, approx download size: 0.01 GB
2026-03-13 01:23:51,554 [PID:2319605] INFO - Downloaded: 3B-HHR.MS.MRG.3IMERG.20241209-S193000-E195959.1170.V07B.HDF5
2026-03-13 01:23:51,556 [PID:2319605] INFO -  Getting 1 granules, approx download size: 0.01 GB
2026-03-13 01:23:52,908 [PID:2319560] INFO - Downloaded: 3B-HHR.MS.MRG.3IMERG.20241209-S200000-E202959.1200.V07B.HDF5
2026-03-13 01:23:52,909 [PID:2319560] INFO -  Getting 1 granules, approx download size: 0.01 GB
2026-03-13 01:23:53,205 [PID:2319822] INFO - Downloaded: 3B-HHR.MS.MRG.3IMERG.20241209-S183000-E185959.1110.V07B.HDF5
2026-03-13 01:23:53,206 [PID:2319822] INFO -  Getting 1 granules, approx download size: 0.01 GB
2026-03-13 01:23:54,909 [PID:2319605] INFO - Downloaded: 3B-HHR.MS.MRG.3IMERG.20241209-S203000-E205959.1230.V07B.HDF5
2026-03-13 01:23:54,911 [PID:2319605] INFO -  Getting 1 granules, approx download size: 0.01 GB
2026-03-13 01:23:56,756 [PID:2319560] INFO - Downloaded: 3B-HHR.MS.MRG.3IMERG.20241209-S210000-E212959.1260.V07B.HDF5
2026-03-13 01:23:56,758 [PID:2319560] INFO -  Getting 1 granules, approx download size: 0.01 GB
2026-03-13 01:23:58,527 [PID:2319605] INFO - Downloaded: 3B-HHR.MS.MRG.3IMERG.20241209-S220000-E222959.1320.V07B.HDF5
2026-03-13 01:23:58,528 [PID:2319605] INFO -  Getting 1 granules, approx download size: 0.01 GB
2026-03-13 01:23:58,607 [PID:2319822] INFO - Downloaded: 3B-HHR.MS.MRG.3IMERG.20241209-S213000-E215959.1290.V07B.HDF5
2026-03-13 01:23:58,609 [PID:2319822] INFO -  Getting 1 granules, approx download size: 0.01 GB
2026-03-13 01:23:59,893 [PID:2319560] INFO - Downloaded: 3B-HHR.MS.MRG.3IMERG.20241209-S223000-E225959.1350.V07B.HDF5
2026-03-13 01:23:59,894 [PID:2319560] INFO -  Getting 1 granules, approx download size: 0.01 GB
2026-03-13 01:24:02,795 [PID:2319605] INFO - Downloaded: 3B-HHR.MS.MRG.3IMERG.20241209-S230000-E232959.1380.V07B.HDF5
2026-03-13 01:24:02,797 [PID:2319605] INFO -  Getting 1 granules, approx download size: 0.01 GB
2026-03-13 01:24:04,194 [PID:2319560] INFO - Downloaded: 3B-HHR.MS.MRG.3IMERG.20241210-S000000-E002959.0000.V07B.HDF5
2026-03-13 01:24:04,196 [PID:2319560] INFO -  Getting 1 granules, approx download size: 0.01 GB
2026-03-13 01:24:04,295 [PID:2319822] INFO - Downloaded: 3B-HHR.MS.MRG.3IMERG.20241209-S233000-E235959.1410.V07B.HDF5
2026-03-13 01:24:04,296 [PID:2319822] INFO -  Getting 1 granules, approx download size: 0.01 GB
2026-03-13 01:24:06,217 [PID:2319605] INFO - Downloaded: 3B-HHR.MS.MRG.3IMERG.20241210-S003000-E005959.0030.V07B.HDF5
2026-03-13 01:24:06,218 [PID:2319605] INFO -  Getting 1 granules, approx download size: 0.01 GB
2026-03-13 01:24:07,833 [PID:2319560] INFO - Downloaded: 3B-HHR.MS.MRG.3IMERG.20241210-S010000-E012959.0060.V07B.HDF5
2026-03-13 01:24:07,844 [PID:2319560] INFO -  Getting 1 granules, approx download size: 0.01 GB
2026-03-13 01:24:09,099 [PID:2319822] INFO - Downloaded: 3B-HHR.MS.MRG.3IMERG.20241210-S013000-E015959.0090.V07B.HDF5
2026-03-13 01:24:09,100 [PID:2319822] INFO -  Getting 1 granules, approx download size: 0.01 GB
2026-03-13 01:24:09,674 [PID:2319605] INFO - Downloaded: 3B-HHR.MS.MRG.3IMERG.20241210-S020000-E022959.0120.V07B.HDF5
2026-03-13 01:24:09,675 [PID:2319605] INFO -  Getting 1 granules, approx download size: 0.01 GB
2026-03-13 01:24:11,198 [PID:2319560] INFO - Downloaded: 3B-HHR.MS.MRG.3IMERG.20241210-S023000-E025959.0150.V07B.HDF5
2026-03-13 01:24:11,200 [PID:2319560] INFO -  Getting 1 granules, approx download size: 0.01 GB
2026-03-13 01:24:13,587 [PID:2319822] INFO - Downloaded: 3B-HHR.MS.MRG.3IMERG.20241210-S030000-E032959.0180.V07B.HDF5
2026-03-13 01:24:13,597 [PID:2319822] INFO -  Getting 1 granules, approx download size: 0.01 GB
2026-03-13 01:24:13,719 [PID:2319605] INFO - Downloaded: 3B-HHR.MS.MRG.3IMERG.20241210-S033000-E035959.0210.V07B.HDF5
2026-03-13 01:24:13,720 [PID:2319605] INFO -  Getting 1 granules, approx download size: 0.01 GB
2026-03-13 01:24:15,132 [PID:2319560] INFO - Downloaded: 3B-HHR.MS.MRG.3IMERG.20241210-S040000-E042959.0240.V07B.HDF5
2026-03-13 01:24:15,135 [PID:2319560] INFO -  Getting 1 granules, approx download size: 0.01 GB
2026-03-13 01:24:16,496 [PID:2287901] INFO - Progress: 500/1549 (Success: 500, Failed: 0)
2026-03-13 01:24:17,600 [PID:2319605] INFO - Downloaded: 3B-HHR.MS.MRG.3IMERG.20241210-S050000-E052959.0300.V07B.HDF5
2026-03-13 01:24:17,601 [PID:2319605] INFO -  Getting 1 granules, approx download size: 0.01 GB
2026-03-13 01:24:18,225 [PID:2319822] INFO - Downloaded: 3B-HHR.MS.MRG.3IMERG.20241210-S043000-E045959.0270.V07B.HDF5
2026-03-13 01:24:18,226 [PID:2319822] INFO -  Getting 1 granules, approx download size: 0.01 GB
2026-03-13 01:24:18,719 [PID:2319560] INFO - Downloaded: 3B-HHR.MS.MRG.3IMERG.20241210-S053000-E055959.0330.V07B.HDF5
2026-03-13 01:24:18,728 [PID:2319560] INFO -  Getting 1 granules, approx download size: 0.01 GB
2026-03-13 01:24:21,341 [PID:2319605] INFO - Downloaded: 3B-HHR.MS.MRG.3IMERG.20241210-S060000-E062959.0360.V07B.HDF5
2026-03-13 01:24:21,342 [PID:2319605] INFO -  Getting 1 granules, approx download size: 0.01 GB
2026-03-13 01:24:22,943 [PID:2319560] INFO - Downloaded: 3B-HHR.MS.MRG.3IMERG.20241210-S070000-E072959.0420.V07B.HDF5
2026-03-13 01:24:22,952 [PID:2319560] INFO -  Getting 1 granules, approx download size: 0.01 GB
2026-03-13 01:24:23,215 [PID:2319822] INFO - Downloaded: 3B-HHR.MS.MRG.3IMERG.20241210-S063000-E065959.0390.V07B.HDF5
2026-03-13 01:24:23,217 [PID:2319822] INFO -  Getting 1 granules, approx download size: 0.01 GB
2026-03-13 01:24:24,636 [PID:2319605] INFO - Downloaded: 3B-HHR.MS.MRG.3IMERG.20241210-S073000-E075959.0450.V07B.HDF5
2026-03-13 01:24:24,638 [PID:2319605] INFO -  Getting 1 granules, approx download size: 0.01 GB
2026-03-13 01:24:26,242 [PID:2319560] INFO - Downloaded: 3B-HHR.MS.MRG.3IMERG.20241210-S080000-E082959.0480.V07B.HDF5
2026-03-13 01:24:26,244 [PID:2319560] INFO -  Getting 1 granules, approx download size: 0.01 GB
2026-03-13 01:24:28,318 [PID:2319605] INFO - Downloaded: 3B-HHR.MS.MRG.3IMERG.20241210-S090000-E092959.0540.V07B.HDF5
2026-03-13 01:24:28,319 [PID:2319605] INFO -  Getting 1 granules, approx download size: 0.01 GB
2026-03-13 01:24:29,769 [PID:2319560] INFO - Downloaded: 3B-HHR.MS.MRG.3IMERG.20241210-S093000-E095959.0570.V07B.HDF5
2026-03-13 01:24:29,770 [PID:2319560] INFO -  Getting 1 granules, approx download size: 0.01 GB
2026-03-13 01:24:30,513 [PID:2319822] INFO - Downloaded: 3B-HHR.MS.MRG.3IMERG.20241210-S083000-E085959.0510.V07B.HDF5
2026-03-13 01:24:30,514 [PID:2319822] INFO -  Getting 1 granules, approx download size: 0.01 GB
2026-03-13 01:24:31,841 [PID:2319605] INFO - Downloaded: 3B-HHR.MS.MRG.3IMERG.20241210-S100000-E102959.0600.V07B.HDF5
2026-03-13 01:24:31,850 [PID:2319605] INFO -  Getting 1 granules, approx download size: 0.01 GB
2026-03-13 01:24:33,199 [PID:2319560] INFO - Downloaded: 3B-HHR.MS.MRG.3IMERG.20241210-S103000-E105959.0630.V07B.HDF5
2026-03-13 01:24:33,201 [PID:2319560] INFO -  Getting 1 granules, approx download size: 0.01 GB
2026-03-13 01:24:36,149 [PID:2319605] INFO - Downloaded: 3B-HHR.MS.MRG.3IMERG.20241210-S113000-E115959.0690.V07B.HDF5
2026-03-13 01:24:36,150 [PID:2319605] INFO -  Getting 1 granules, approx download size: 0.01 GB
2026-03-13 01:24:36,275 [PID:2319822] INFO - Downloaded: 3B-HHR.MS.MRG.3IMERG.20241210-S110000-E112959.0660.V07B.HDF5
2026-03-13 01:24:36,277 [PID:2319822] INFO -  Getting 1 granules, approx download size: 0.01 GB
2026-03-13 01:24:36,708 [PID:2319560] INFO - Downloaded: 3B-HHR.MS.MRG.3IMERG.20241210-S120000-E122959.0720.V07B.HDF5
2026-03-13 01:24:36,709 [PID:2319560] INFO -  Getting 1 granules, approx download size: 0.01 GB
2026-03-13 01:24:40,986 [PID:2319605] INFO - Downloaded: 3B-HHR.MS.MRG.3IMERG.20241210-S123000-E125959.0750.V07B.HDF5
2026-03-13 01:24:40,988 [PID:2319605] INFO -  Getting 1 granules, approx download size: 0.01 GB
2026-03-13 01:24:41,083 [PID:2319560] INFO - Downloaded: 3B-HHR.MS.MRG.3IMERG.20241210-S133000-E135959.0810.V07B.HDF5
2026-03-13 01:24:41,085 [PID:2319560] INFO -  Getting 1 granules, approx download size: 0.01 GB
2026-03-13 01:24:41,771 [PID:2319822] INFO - Downloaded: 3B-HHR.MS.MRG.3IMERG.20241210-S130000-E132959.0780.V07B.HDF5
2026-03-13 01:24:41,772 [PID:2319822] INFO -  Getting 1 granules, approx download size: 0.01 GB
2026-03-13 01:24:45,149 [PID:2319605] INFO - Downloaded: 3B-HHR.MS.MRG.3IMERG.20241210-S140000-E142959.0840.V07B.HDF5
2026-03-13 01:24:45,159 [PID:2319605] INFO -  Getting 1 granules, approx download size: 0.01 GB
2026-03-13 01:24:46,094 [PID:2319560] INFO - Downloaded: 3B-HHR.MS.MRG.3IMERG.20241210-S143000-E145959.0870.V07B.HDF5
2026-03-13 01:24:46,095 [PID:2319560] INFO -  Getting 1 granules, approx download size: 0.01 GB
2026-03-13 01:24:47,420 [PID:2319822] INFO - Downloaded: 3B-HHR.MS.MRG.3IMERG.20241210-S150000-E152959.0900.V07B.HDF5
2026-03-13 01:24:47,421 [PID:2319822] INFO -  Getting 1 granules, approx download size: 0.01 GB
2026-03-13 01:24:49,382 [PID:2319605] INFO - Downloaded: 3B-HHR.MS.MRG.3IMERG.20241210-S153000-E155959.0930.V07B.HDF5
2026-03-13 01:24:49,392 [PID:2319605] INFO -  Getting 1 granules, approx download size: 0.01 GB
2026-03-13 01:24:50,621 [PID:2319560] INFO - Downloaded: 3B-HHR.MS.MRG.3IMERG.20241210-S160000-E162959.0960.V07B.HDF5
2026-03-13 01:24:50,622 [PID:2319560] INFO -  Getting 1 granules, approx download size: 0.01 GB
2026-03-13 01:24:52,212 [PID:2319822] INFO - Downloaded: 3B-HHR.MS.MRG.3IMERG.20241210-S163000-E165959.0990.V07B.HDF5
2026-03-13 01:24:52,214 [PID:2319822] INFO -  Getting 1 granules, approx download size: 0.01 GB
2026-03-13 01:24:52,859 [PID:2319605] INFO - Downloaded: 3B-HHR.MS.MRG.3IMERG.20241210-S170000-E172959.1020.V07B.HDF5
2026-03-13 01:24:52,861 [PID:2319605] INFO -  Getting 1 granules, approx download size: 0.01 GB
2026-03-13 01:24:54,133 [PID:2319560] INFO - Downloaded: 3B-HHR.MS.MRG.3IMERG.20241210-S173000-E175959.1050.V07B.HDF5
2026-03-13 01:24:54,134 [PID:2319560] INFO -  Getting 1 granules, approx download size: 0.01 GB
2026-03-13 01:24:56,700 [PID:2319605] INFO - Downloaded: 3B-HHR.MS.MRG.3IMERG.20241210-S183000-E185959.1110.V07B.HDF5
2026-03-13 01:24:56,701 [PID:2319605] INFO -  Getting 1 granules, approx download size: 0.01 GB
2026-03-13 01:24:57,463 [PID:2319822] INFO - Downloaded: 3B-HHR.MS.MRG.3IMERG.20241210-S180000-E182959.1080.V07B.HDF5
2026-03-13 01:24:57,464 [PID:2319822] INFO -  Getting 1 granules, approx download size: 0.01 GB
2026-03-13 01:24:57,583 [PID:2319560] INFO - Downloaded: 3B-HHR.MS.MRG.3IMERG.20241210-S190000-E192959.1140.V07B.HDF5
2026-03-13 01:24:57,584 [PID:2319560] INFO -  Getting 1 granules, approx download size: 0.01 GB
2026-03-13 01:25:00,131 [PID:2319605] INFO - Downloaded: 3B-HHR.MS.MRG.3IMERG.20241210-S193000-E195959.1170.V07B.HDF5
2026-03-13 01:25:00,131 [PID:2319605] INFO -  Getting 1 granules, approx download size: 0.01 GB
2026-03-13 01:25:01,814 [PID:2319560] INFO - Downloaded: 3B-HHR.MS.MRG.3IMERG.20241210-S203000-E205959.1230.V07B.HDF5
2026-03-13 01:25:01,815 [PID:2319560] INFO -  Getting 1 granules, approx download size: 0.01 GB
2026-03-13 01:25:02,465 [PID:2319822] INFO - Downloaded: 3B-HHR.MS.MRG.3IMERG.20241210-S200000-E202959.1200.V07B.HDF5
2026-03-13 01:25:02,468 [PID:2319822] INFO -  Getting 1 granules, approx download size: 0.01 GB
2026-03-13 01:25:03,463 [PID:2319605] INFO - Downloaded: 3B-HHR.MS.MRG.3IMERG.20241210-S210000-E212959.1260.V07B.HDF5
2026-03-13 01:25:03,464 [PID:2319605] INFO -  Getting 1 granules, approx download size: 0.01 GB
2026-03-13 01:25:05,432 [PID:2319560] INFO - Downloaded: 3B-HHR.MS.MRG.3IMERG.20241210-S213000-E215959.1290.V07B.HDF5
2026-03-13 01:25:05,435 [PID:2319560] INFO -  Getting 1 granules, approx download size: 0.01 GB
2026-03-13 01:25:07,046 [PID:2319822] INFO - Downloaded: 3B-HHR.MS.MRG.3IMERG.20241210-S220000-E222959.1320.V07B.HDF5
2026-03-13 01:25:07,047 [PID:2319822] INFO -  Getting 1 granules, approx download size: 0.01 GB
2026-03-13 01:25:07,339 [PID:2319605] INFO - Downloaded: 3B-HHR.MS.MRG.3IMERG.20241210-S223000-E225959.1350.V07B.HDF5
2026-03-13 01:25:07,341 [PID:2319605] INFO -  Getting 1 granules, approx download size: 0.01 GB
2026-03-13 01:25:08,615 [PID:2319560] INFO - Downloaded: 3B-HHR.MS.MRG.3IMERG.20241210-S230000-E232959.1380.V07B.HDF5
2026-03-13 01:25:08,617 [PID:2319560] INFO -  Getting 1 granules, approx download size: 0.01 GB
2026-03-13 01:25:11,329 [PID:2319605] INFO - Downloaded: 3B-HHR.MS.MRG.3IMERG.20241211-S000000-E002959.0000.V07B.HDF5
2026-03-13 01:25:11,331 [PID:2319605] INFO -  Getting 1 granules, approx download size: 0.01 GB
2026-03-13 01:25:11,528 [PID:2319822] INFO - Downloaded: 3B-HHR.MS.MRG.3IMERG.20241210-S233000-E235959.1410.V07B.HDF5
2026-03-13 01:25:11,529 [PID:2319822] INFO -  Getting 1 granules, approx download size: 0.01 GB
2026-03-13 01:25:12,145 [PID:2319560] INFO - Downloaded: 3B-HHR.MS.MRG.3IMERG.20241211-S003000-E005959.0030.V07B.HDF5
2026-03-13 01:25:12,146 [PID:2319560] INFO -  Getting 1 granules, approx download size: 0.01 GB
2026-03-13 01:25:14,887 [PID:2319605] INFO - Downloaded: 3B-HHR.MS.MRG.3IMERG.20241211-S010000-E012959.0060.V07B.HDF5
2026-03-13 01:25:14,888 [PID:2319605] INFO -  Getting 1 granules, approx download size: 0.01 GB
2026-03-13 01:25:16,649 [PID:2319560] INFO - Downloaded: 3B-HHR.MS.MRG.3IMERG.20241211-S020000-E022959.0120.V07B.HDF5
2026-03-13 01:25:16,650 [PID:2319560] INFO -  Getting 1 granules, approx download size: 0.01 GB
2026-03-13 01:25:16,720 [PID:2319822] INFO - Downloaded: 3B-HHR.MS.MRG.3IMERG.20241211-S013000-E015959.0090.V07B.HDF5
2026-03-13 01:25:16,731 [PID:2319822] INFO -  Getting 1 granules, approx download size: 0.01 GB
2026-03-13 01:25:18,236 [PID:2319605] INFO - Downloaded: 3B-HHR.MS.MRG.3IMERG.20241211-S023000-E025959.0150.V07B.HDF5
2026-03-13 01:25:18,238 [PID:2319605] INFO -  Getting 1 granules, approx download size: 0.01 GB
2026-03-13 01:25:20,221 [PID:2319560] INFO - Downloaded: 3B-HHR.MS.MRG.3IMERG.20241211-S030000-E032959.0180.V07B.HDF5
2026-03-13 01:25:20,222 [PID:2319560] INFO -  Getting 1 granules, approx download size: 0.01 GB
2026-03-13 01:25:21,894 [PID:2319822] INFO - Downloaded: 3B-HHR.MS.MRG.3IMERG.20241211-S033000-E035959.0210.V07B.HDF5
2026-03-13 01:25:21,905 [PID:2319822] INFO -  Getting 1 granules, approx download size: 0.01 GB
2026-03-13 01:25:21,936 [PID:2319605] INFO - Downloaded: 3B-HHR.MS.MRG.3IMERG.20241211-S040000-E042959.0240.V07B.HDF5
2026-03-13 01:25:21,938 [PID:2319605] INFO -  Getting 1 granules, approx download size: 0.01 GB
2026-03-13 01:25:23,469 [PID:2319560] INFO - Downloaded: 3B-HHR.MS.MRG.3IMERG.20241211-S043000-E045959.0270.V07B.HDF5
2026-03-13 01:25:23,470 [PID:2319560] INFO -  Getting 1 granules, approx download size: 0.01 GB
2026-03-13 01:25:24,626 [PID:2287901] INFO - Progress: 550/1549 (Success: 550, Failed: 0)
2026-03-13 01:25:25,663 [PID:2319605] INFO - Downloaded: 3B-HHR.MS.MRG.3IMERG.20241211-S053000-E055959.0330.V07B.HDF5
2026-03-13 01:25:25,667 [PID:2319605] INFO -  Getting 1 granules, approx download size: 0.01 GB
2026-03-13 01:25:26,714 [PID:2319822] INFO - Downloaded: 3B-HHR.MS.MRG.3IMERG.20241211-S050000-E052959.0300.V07B.HDF5
2026-03-13 01:25:26,723 [PID:2319822] INFO -  Getting 1 granules, approx download size: 0.01 GB
2026-03-13 01:25:26,929 [PID:2319560] INFO - Downloaded: 3B-HHR.MS.MRG.3IMERG.20241211-S060000-E062959.0360.V07B.HDF5
2026-03-13 01:25:26,931 [PID:2319560] INFO -  Getting 1 granules, approx download size: 0.01 GB
2026-03-13 01:25:29,194 [PID:2319605] INFO - Downloaded: 3B-HHR.MS.MRG.3IMERG.20241211-S063000-E065959.0390.V07B.HDF5
2026-03-13 01:25:29,195 [PID:2319605] INFO -  Getting 1 granules, approx download size: 0.01 GB
2026-03-13 01:25:31,123 [PID:2319560] INFO - Downloaded: 3B-HHR.MS.MRG.3IMERG.20241211-S073000-E075959.0450.V07B.HDF5
2026-03-13 01:25:31,124 [PID:2319560] INFO -  Getting 1 granules, approx download size: 0.01 GB
2026-03-13 01:25:31,721 [PID:2319822] INFO - Downloaded: 3B-HHR.MS.MRG.3IMERG.20241211-S070000-E072959.0420.V07B.HDF5
2026-03-13 01:25:31,722 [PID:2319822] INFO -  Getting 1 granules, approx download size: 0.01 GB
2026-03-13 01:25:32,370 [PID:2319605] INFO - Downloaded: 3B-HHR.MS.MRG.3IMERG.20241211-S080000-E082959.0480.V07B.HDF5
2026-03-13 01:25:32,371 [PID:2319605] INFO -  Getting 1 granules, approx download size: 0.01 GB
2026-03-13 01:25:34,677 [PID:2319560] INFO - Downloaded: 3B-HHR.MS.MRG.3IMERG.20241211-S083000-E085959.0510.V07B.HDF5
2026-03-13 01:25:34,678 [PID:2319560] INFO -  Getting 1 granules, approx download size: 0.01 GB
2026-03-13 01:25:36,342 [PID:2319605] INFO - Downloaded: 3B-HHR.MS.MRG.3IMERG.20241211-S093000-E095959.0570.V07B.HDF5
2026-03-13 01:25:36,344 [PID:2319605] INFO -  Getting 1 granules, approx download size: 0.01 GB
2026-03-13 01:25:36,551 [PID:2319822] INFO - Downloaded: 3B-HHR.MS.MRG.3IMERG.20241211-S090000-E092959.0540.V07B.HDF5
2026-03-13 01:25:36,553 [PID:2319822] INFO -  Getting 1 granules, approx download size: 0.01 GB
2026-03-13 01:25:38,123 [PID:2319560] INFO - Downloaded: 3B-HHR.MS.MRG.3IMERG.20241211-S100000-E102959.0600.V07B.HDF5
2026-03-13 01:25:38,125 [PID:2319560] INFO -  Getting 1 granules, approx download size: 0.01 GB
2026-03-13 01:25:40,240 [PID:2319605] INFO - Downloaded: 3B-HHR.MS.MRG.3IMERG.20241211-S103000-E105959.0630.V07B.HDF5
2026-03-13 01:25:40,241 [PID:2319605] INFO -  Getting 1 granules, approx download size: 0.01 GB
2026-03-13 01:25:41,201 [PID:2319822] INFO - Downloaded: 3B-HHR.MS.MRG.3IMERG.20241211-S110000-E112959.0660.V07B.HDF5
2026-03-13 01:25:41,206 [PID:2319822] INFO -  Getting 1 granules, approx download size: 0.01 GB
2026-03-13 01:25:41,390 [PID:2319560] INFO - Downloaded: 3B-HHR.MS.MRG.3IMERG.20241211-S113000-E115959.0690.V07B.HDF5
2026-03-13 01:25:41,392 [PID:2319560] INFO -  Getting 1 granules, approx download size: 0.01 GB
2026-03-13 01:25:43,368 [PID:2319605] INFO - Downloaded: 3B-HHR.MS.MRG.3IMERG.20241211-S120000-E122959.0720.V07B.HDF5
2026-03-13 01:25:43,369 [PID:2319605] INFO -  Getting 1 granules, approx download size: 0.01 GB
2026-03-13 01:25:45,737 [PID:2319822] INFO - Downloaded: 3B-HHR.MS.MRG.3IMERG.20241211-S123000-E125959.0750.V07B.HDF5
2026-03-13 01:25:45,738 [PID:2319822] INFO -  Getting 1 granules, approx download size: 0.01 GB
2026-03-13 01:25:45,739 [PID:2319560] INFO - Downloaded: 3B-HHR.MS.MRG.3IMERG.20241211-S130000-E132959.0780.V07B.HDF5
2026-03-13 01:25:45,740 [PID:2319560] INFO -  Getting 1 granules, approx download size: 0.01 GB
2026-03-13 01:25:46,738 [PID:2319605] INFO - Downloaded: 3B-HHR.MS.MRG.3IMERG.20241211-S133000-E135959.0810.V07B.HDF5
2026-03-13 01:25:46,740 [PID:2319605] INFO -  Getting 1 granules, approx download size: 0.01 GB
2026-03-13 01:25:49,862 [PID:2319560] INFO - Downloaded: 3B-HHR.MS.MRG.3IMERG.20241211-S143000-E145959.0870.V07B.HDF5
2026-03-13 01:25:49,863 [PID:2319560] INFO -  Getting 1 granules, approx download size: 0.01 GB
2026-03-13 01:25:50,708 [PID:2319605] INFO - Downloaded: 3B-HHR.MS.MRG.3IMERG.20241211-S150000-E152959.0900.V07B.HDF5
2026-03-13 01:25:50,710 [PID:2319605] INFO -  Getting 1 granules, approx download size: 0.01 GB
2026-03-13 01:25:51,466 [PID:2319822] INFO - Downloaded: 3B-HHR.MS.MRG.3IMERG.20241211-S140000-E142959.0840.V07B.HDF5
2026-03-13 01:25:51,467 [PID:2319822] INFO -  Getting 1 granules, approx download size: 0.01 GB
2026-03-13 01:25:53,282 [PID:2319560] INFO - Downloaded: 3B-HHR.MS.MRG.3IMERG.20241211-S153000-E155959.0930.V07B.HDF5
2026-03-13 01:25:53,283 [PID:2319560] INFO -  Getting 1 granules, approx download size: 0.01 GB
2026-03-13 01:25:54,080 [PID:2319605] INFO - Downloaded: 3B-HHR.MS.MRG.3IMERG.20241211-S160000-E162959.0960.V07B.HDF5
2026-03-13 01:25:54,081 [PID:2319605] INFO -  Getting 1 granules, approx download size: 0.01 GB
2026-03-13 01:25:56,190 [PID:2319822] INFO - Downloaded: 3B-HHR.MS.MRG.3IMERG.20241211-S163000-E165959.0990.V07B.HDF5
2026-03-13 01:25:56,192 [PID:2319822] INFO -  Getting 1 granules, approx download size: 0.01 GB
2026-03-13 01:25:57,653 [PID:2319560] INFO - Downloaded: 3B-HHR.MS.MRG.3IMERG.20241211-S170000-E172959.1020.V07B.HDF5
2026-03-13 01:25:57,662 [PID:2319560] INFO -  Getting 1 granules, approx download size: 0.01 GB
2026-03-13 01:25:57,850 [PID:2319605] INFO - Downloaded: 3B-HHR.MS.MRG.3IMERG.20241211-S173000-E175959.1050.V07B.HDF5
2026-03-13 01:25:57,851 [PID:2319605] INFO -  Getting 1 granules, approx download size: 0.01 GB
2026-03-13 01:26:01,432 [PID:2319822] INFO - Downloaded: 3B-HHR.MS.MRG.3IMERG.20241211-S180000-E182959.1080.V07B.HDF5
2026-03-13 01:26:01,434 [PID:2319822] INFO -  Getting 1 granules, approx download size: 0.01 GB
2026-03-13 01:26:01,997 [PID:2319605] INFO - Downloaded: 3B-HHR.MS.MRG.3IMERG.20241211-S190000-E192959.1140.V07B.HDF5
2026-03-13 01:26:01,998 [PID:2319605] INFO -  Getting 1 granules, approx download size: 0.01 GB
2026-03-13 01:26:02,150 [PID:2319560] INFO - Downloaded: 3B-HHR.MS.MRG.3IMERG.20241211-S183000-E185959.1110.V07B.HDF5
2026-03-13 01:26:04,516 [PID:2321105] INFO - Worker 2321105 authenticated with Earthdata
2026-03-13 01:26:04,522 [PID:2321105] INFO -  Getting 1 granules, approx download size: 0.01 GB
2026-03-13 01:26:05,841 [PID:2319605] INFO - Downloaded: 3B-HHR.MS.MRG.3IMERG.20241211-S200000-E202959.1200.V07B.HDF5
2026-03-13 01:26:06,530 [PID:2319822] INFO - Downloaded: 3B-HHR.MS.MRG.3IMERG.20241211-S193000-E195959.1170.V07B.HDF5
2026-03-13 01:26:06,541 [PID:2319822] INFO -  Getting 1 granules, approx download size: 0.01 GB
2026-03-13 01:26:08,109 [PID:2321133] INFO - Worker 2321133 authenticated with Earthdata
2026-03-13 01:26:08,112 [PID:2321133] INFO -  Getting 1 granules, approx download size: 0.01 GB
2026-03-13 01:26:10,613 [PID:2321105] INFO - Downloaded: 3B-HHR.MS.MRG.3IMERG.20241211-S203000-E205959.1230.V07B.HDF5
2026-03-13 01:26:10,614 [PID:2321105] INFO -  Getting 1 granules, approx download size: 0.01 GB
2026-03-13 01:26:11,775 [PID:2319822] INFO - Downloaded: 3B-HHR.MS.MRG.3IMERG.20241211-S210000-E212959.1260.V07B.HDF5
2026-03-13 01:26:11,777 [PID:2319822] INFO -  Getting 1 granules, approx download size: 0.01 GB
2026-03-13 01:26:14,266 [PID:2321133] INFO - Downloaded: 3B-HHR.MS.MRG.3IMERG.20241211-S213000-E215959.1290.V07B.HDF5
2026-03-13 01:26:14,267 [PID:2321133] INFO -  Getting 1 granules, approx download size: 0.01 GB
2026-03-13 01:26:15,879 [PID:2321105] INFO - Downloaded: 3B-HHR.MS.MRG.3IMERG.20241211-S220000-E222959.1320.V07B.HDF5
2026-03-13 01:26:15,890 [PID:2321105] INFO -  Getting 1 granules, approx download size: 0.01 GB
2026-03-13 01:26:16,336 [PID:2319822] INFO - Downloaded: 3B-HHR.MS.MRG.3IMERG.20241211-S223000-E225959.1350.V07B.HDF5
2026-03-13 01:26:16,337 [PID:2319822] INFO -  Getting 1 granules, approx download size: 0.01 GB
2026-03-13 01:26:17,378 [PID:2321133] INFO - Downloaded: 3B-HHR.MS.MRG.3IMERG.20241211-S230000-E232959.1380.V07B.HDF5
2026-03-13 01:26:17,380 [PID:2321133] INFO -  Getting 1 granules, approx download size: 0.01 GB
2026-03-13 01:26:20,165 [PID:2321105] INFO - Downloaded: 3B-HHR.MS.MRG.3IMERG.20241211-S233000-E235959.1410.V07B.HDF5
2026-03-13 01:26:20,167 [PID:2321105] INFO -  Getting 1 granules, approx download size: 0.01 GB
2026-03-13 01:26:20,856 [PID:2319822] INFO - Downloaded: 3B-HHR.MS.MRG.3IMERG.20241212-S000000-E002959.0000.V07B.HDF5
2026-03-13 01:26:20,857 [PID:2319822] INFO -  Getting 1 granules, approx download size: 0.01 GB
2026-03-13 01:26:21,128 [PID:2321133] INFO - Downloaded: 3B-HHR.MS.MRG.3IMERG.20241212-S003000-E005959.0030.V07B.HDF5
2026-03-13 01:26:21,130 [PID:2321133] INFO -  Getting 1 granules, approx download size: 0.01 GB
2026-03-13 01:26:23,751 [PID:2321105] INFO - Downloaded: 3B-HHR.MS.MRG.3IMERG.20241212-S010000-E012959.0060.V07B.HDF5
2026-03-13 01:26:23,753 [PID:2321105] INFO -  Getting 1 granules, approx download size: 0.01 GB
2026-03-13 01:26:25,038 [PID:2321133] INFO - Downloaded: 3B-HHR.MS.MRG.3IMERG.20241212-S020000-E022959.0120.V07B.HDF5
2026-03-13 01:26:25,040 [PID:2321133] INFO -  Getting 1 granules, approx download size: 0.01 GB
2026-03-13 01:26:25,906 [PID:2319822] INFO - Downloaded: 3B-HHR.MS.MRG.3IMERG.20241212-S013000-E015959.0090.V07B.HDF5
2026-03-13 01:26:25,908 [PID:2319822] INFO -  Getting 1 granules, approx download size: 0.01 GB
2026-03-13 01:26:27,242 [PID:2321105] INFO - Downloaded: 3B-HHR.MS.MRG.3IMERG.20241212-S023000-E025959.0150.V07B.HDF5
2026-03-13 01:26:27,247 [PID:2321105] INFO -  Getting 1 granules, approx download size: 0.01 GB
2026-03-13 01:26:28,256 [PID:2321133] INFO - Downloaded: 3B-HHR.MS.MRG.3IMERG.20241212-S030000-E032959.0180.V07B.HDF5
2026-03-13 01:26:28,257 [PID:2321133] INFO -  Getting 1 granules, approx download size: 0.01 GB
2026-03-13 01:26:30,396 [PID:2319822] INFO - Downloaded: 3B-HHR.MS.MRG.3IMERG.20241212-S033000-E035959.0210.V07B.HDF5
2026-03-13 01:26:30,397 [PID:2319822] INFO -  Getting 1 granules, approx download size: 0.01 GB
2026-03-13 01:26:30,829 [PID:2321105] INFO - Downloaded: 3B-HHR.MS.MRG.3IMERG.20241212-S040000-E042959.0240.V07B.HDF5
2026-03-13 01:26:30,831 [PID:2321105] INFO -  Getting 1 granules, approx download size: 0.01 GB
2026-03-13 01:26:31,801 [PID:2321133] INFO - Downloaded: 3B-HHR.MS.MRG.3IMERG.20241212-S043000-E045959.0270.V07B.HDF5
2026-03-13 01:26:31,802 [PID:2321133] INFO -  Getting 1 granules, approx download size: 0.01 GB
2026-03-13 01:26:34,688 [PID:2321105] INFO - Downloaded: 3B-HHR.MS.MRG.3IMERG.20241212-S053000-E055959.0330.V07B.HDF5
2026-03-13 01:26:34,689 [PID:2321105] INFO -  Getting 1 granules, approx download size: 0.01 GB
2026-03-13 01:26:35,826 [PID:2319822] INFO - Downloaded: 3B-HHR.MS.MRG.3IMERG.20241212-S050000-E052959.0300.V07B.HDF5
2026-03-13 01:26:35,827 [PID:2319822] INFO -  Getting 1 granules, approx download size: 0.01 GB
2026-03-13 01:26:36,063 [PID:2321133] INFO - Downloaded: 3B-HHR.MS.MRG.3IMERG.20241212-S060000-E062959.0360.V07B.HDF5
2026-03-13 01:26:36,065 [PID:2321133] INFO -  Getting 1 granules, approx download size: 0.01 GB
2026-03-13 01:26:37,913 [PID:2321105] INFO - Downloaded: 3B-HHR.MS.MRG.3IMERG.20241212-S063000-E065959.0390.V07B.HDF5
2026-03-13 01:26:37,915 [PID:2321105] INFO -  Getting 1 granules, approx download size: 0.01 GB
2026-03-13 01:26:37,967 [PID:2287901] INFO - Progress: 600/1549 (Success: 600, Failed: 0)
2026-03-13 01:26:39,714 [PID:2321133] INFO - Downloaded: 3B-HHR.MS.MRG.3IMERG.20241212-S073000-E075959.0450.V07B.HDF5
2026-03-13 01:26:39,724 [PID:2321133] INFO -  Getting 1 granules, approx download size: 0.01 GB
2026-03-13 01:26:40,825 [PID:2319822] INFO - Downloaded: 3B-HHR.MS.MRG.3IMERG.20241212-S070000-E072959.0420.V07B.HDF5
2026-03-13 01:26:40,827 [PID:2319822] INFO -  Getting 1 granules, approx download size: 0.01 GB
2026-03-13 01:26:41,115 [PID:2321105] INFO - Downloaded: 3B-HHR.MS.MRG.3IMERG.20241212-S080000-E082959.0480.V07B.HDF5
2026-03-13 01:26:41,119 [PID:2321105] INFO -  Getting 1 granules, approx download size: 0.01 GB
2026-03-13 01:26:43,071 [PID:2321133] INFO - Downloaded: 3B-HHR.MS.MRG.3IMERG.20241212-S083000-E085959.0510.V07B.HDF5
2026-03-13 01:26:43,073 [PID:2321133] INFO -  Getting 1 granules, approx download size: 0.01 GB
2026-03-13 01:26:45,265 [PID:2321105] INFO - Downloaded: 3B-HHR.MS.MRG.3IMERG.20241212-S093000-E095959.0570.V07B.HDF5
2026-03-13 01:26:45,266 [PID:2321105] INFO -  Getting 1 granules, approx download size: 0.01 GB
2026-03-13 01:26:46,099 [PID:2319822] INFO - Downloaded: 3B-HHR.MS.MRG.3IMERG.20241212-S090000-E092959.0540.V07B.HDF5
2026-03-13 01:26:46,100 [PID:2319822] INFO -  Getting 1 granules, approx download size: 0.01 GB
2026-03-13 01:26:46,447 [PID:2321133] INFO - Downloaded: 3B-HHR.MS.MRG.3IMERG.20241212-S100000-E102959.0600.V07B.HDF5
2026-03-13 01:26:46,448 [PID:2321133] INFO -  Getting 1 granules, approx download size: 0.01 GB
2026-03-13 01:26:48,609 [PID:2321105] INFO - Downloaded: 3B-HHR.MS.MRG.3IMERG.20241212-S103000-E105959.0630.V07B.HDF5
2026-03-13 01:26:48,619 [PID:2321105] INFO -  Getting 1 granules, approx download size: 0.01 GB
2026-03-13 01:26:50,844 [PID:2321133] INFO - Downloaded: 3B-HHR.MS.MRG.3IMERG.20241212-S113000-E115959.0690.V07B.HDF5
2026-03-13 01:26:50,847 [PID:2321133] INFO -  Getting 1 granules, approx download size: 0.01 GB
2026-03-13 01:26:51,073 [PID:2319822] INFO - Downloaded: 3B-HHR.MS.MRG.3IMERG.20241212-S110000-E112959.0660.V07B.HDF5
2026-03-13 01:26:51,074 [PID:2319822] INFO -  Getting 1 granules, approx download size: 0.01 GB
2026-03-13 01:26:51,874 [PID:2321105] INFO - Downloaded: 3B-HHR.MS.MRG.3IMERG.20241212-S120000-E122959.0720.V07B.HDF5
2026-03-13 01:26:51,884 [PID:2321105] INFO -  Getting 1 granules, approx download size: 0.01 GB
2026-03-13 01:26:54,372 [PID:2321133] INFO - Downloaded: 3B-HHR.MS.MRG.3IMERG.20241212-S123000-E125959.0750.V07B.HDF5
2026-03-13 01:26:54,373 [PID:2321133] INFO -  Getting 1 granules, approx download size: 0.01 GB
2026-03-13 01:26:56,109 [PID:2321105] INFO - Downloaded: 3B-HHR.MS.MRG.3IMERG.20241212-S133000-E135959.0810.V07B.HDF5
2026-03-13 01:26:56,111 [PID:2321105] INFO -  Getting 1 granules, approx download size: 0.01 GB
2026-03-13 01:26:56,428 [PID:2319822] INFO - Downloaded: 3B-HHR.MS.MRG.3IMERG.20241212-S130000-E132959.0780.V07B.HDF5
2026-03-13 01:26:56,430 [PID:2319822] INFO -  Getting 1 granules, approx download size: 0.01 GB
2026-03-13 01:26:58,366 [PID:2321133] INFO - Downloaded: 3B-HHR.MS.MRG.3IMERG.20241212-S140000-E142959.0840.V07B.HDF5
2026-03-13 01:26:58,367 [PID:2321133] INFO -  Getting 1 granules, approx download size: 0.01 GB
2026-03-13 01:26:59,539 [PID:2321105] INFO - Downloaded: 3B-HHR.MS.MRG.3IMERG.20241212-S143000-E145959.0870.V07B.HDF5
2026-03-13 01:26:59,541 [PID:2321105] INFO -  Getting 1 granules, approx download size: 0.01 GB
2026-03-13 01:27:00,933 [PID:2319822] INFO - Downloaded: 3B-HHR.MS.MRG.3IMERG.20241212-S150000-E152959.0900.V07B.HDF5
2026-03-13 01:27:00,935 [PID:2319822] INFO -  Getting 1 granules, approx download size: 0.01 GB
2026-03-13 01:27:02,403 [PID:2321133] INFO - Downloaded: 3B-HHR.MS.MRG.3IMERG.20241212-S153000-E155959.0930.V07B.HDF5
2026-03-13 01:27:02,405 [PID:2321133] INFO -  Getting 1 granules, approx download size: 0.01 GB
2026-03-13 01:27:02,986 [PID:2321105] INFO - Downloaded: 3B-HHR.MS.MRG.3IMERG.20241212-S160000-E162959.0960.V07B.HDF5
2026-03-13 01:27:02,988 [PID:2321105] INFO -  Getting 1 granules, approx download size: 0.01 GB
2026-03-13 01:27:06,488 [PID:2321133] INFO - Downloaded: 3B-HHR.MS.MRG.3IMERG.20241212-S170000-E172959.1020.V07B.HDF5
2026-03-13 01:27:06,490 [PID:2321133] INFO -  Getting 1 granules, approx download size: 0.01 GB
2026-03-13 01:27:06,715 [PID:2319822] INFO - Downloaded: 3B-HHR.MS.MRG.3IMERG.20241212-S163000-E165959.0990.V07B.HDF5
2026-03-13 01:27:06,717 [PID:2319822] INFO -  Getting 1 granules, approx download size: 0.01 GB
2026-03-13 01:27:07,158 [PID:2321105] INFO - Downloaded: 3B-HHR.MS.MRG.3IMERG.20241212-S173000-E175959.1050.V07B.HDF5
2026-03-13 01:27:07,162 [PID:2321105] INFO -  Getting 1 granules, approx download size: 0.01 GB
2026-03-13 01:27:10,112 [PID:2321133] INFO - Downloaded: 3B-HHR.MS.MRG.3IMERG.20241212-S180000-E182959.1080.V07B.HDF5
2026-03-13 01:27:10,113 [PID:2321133] INFO -  Getting 1 granules, approx download size: 0.01 GB
2026-03-13 01:27:11,030 [PID:2321105] INFO - Downloaded: 3B-HHR.MS.MRG.3IMERG.20241212-S190000-E192959.1140.V07B.HDF5
2026-03-13 01:27:11,031 [PID:2321105] INFO -  Getting 1 granules, approx download size: 0.01 GB
2026-03-13 01:27:12,593 [PID:2319822] INFO - Downloaded: 3B-HHR.MS.MRG.3IMERG.20241212-S183000-E185959.1110.V07B.HDF5
2026-03-13 01:27:12,594 [PID:2319822] INFO -  Getting 1 granules, approx download size: 0.01 GB
2026-03-13 01:27:13,496 [PID:2321133] INFO - Downloaded: 3B-HHR.MS.MRG.3IMERG.20241212-S193000-E195959.1170.V07B.HDF5
2026-03-13 01:27:13,497 [PID:2321133] INFO -  Getting 1 granules, approx download size: 0.01 GB
2026-03-13 01:27:14,402 [PID:2321105] INFO - Downloaded: 3B-HHR.MS.MRG.3IMERG.20241212-S200000-E202959.1200.V07B.HDF5
2026-03-13 01:27:14,412 [PID:2321105] INFO -  Getting 1 granules, approx download size: 0.01 GB
2026-03-13 01:27:17,650 [PID:2321133] INFO - Downloaded: 3B-HHR.MS.MRG.3IMERG.20241212-S210000-E212959.1260.V07B.HDF5
2026-03-13 01:27:17,662 [PID:2321133] INFO -  Getting 1 granules, approx download size: 0.01 GB
2026-03-13 01:27:18,068 [PID:2319822] INFO - Downloaded: 3B-HHR.MS.MRG.3IMERG.20241212-S203000-E205959.1230.V07B.HDF5
2026-03-13 01:27:18,070 [PID:2319822] INFO -  Getting 1 granules, approx download size: 0.01 GB
2026-03-13 01:27:18,292 [PID:2321105] INFO - Downloaded: 3B-HHR.MS.MRG.3IMERG.20241212-S213000-E215959.1290.V07B.HDF5
2026-03-13 01:27:18,293 [PID:2321105] INFO -  Getting 1 granules, approx download size: 0.01 GB
2026-03-13 01:27:21,772 [PID:2321133] INFO - Downloaded: 3B-HHR.MS.MRG.3IMERG.20241212-S220000-E222959.1320.V07B.HDF5
2026-03-13 01:27:21,774 [PID:2321133] INFO -  Getting 1 granules, approx download size: 0.01 GB
2026-03-13 01:27:22,347 [PID:2321105] INFO - Downloaded: 3B-HHR.MS.MRG.3IMERG.20241212-S230000-E232959.1380.V07B.HDF5
2026-03-13 01:27:22,349 [PID:2321105] INFO -  Getting 1 granules, approx download size: 0.01 GB
2026-03-13 01:27:23,890 [PID:2319822] INFO - Downloaded: 3B-HHR.MS.MRG.3IMERG.20241212-S223000-E225959.1350.V07B.HDF5
2026-03-13 01:27:23,896 [PID:2319822] INFO -  Getting 1 granules, approx download size: 0.01 GB
2026-03-13 01:27:25,383 [PID:2321133] INFO - Downloaded: 3B-HHR.MS.MRG.3IMERG.20241212-S233000-E235959.1410.V07B.HDF5
2026-03-13 01:27:25,385 [PID:2321133] INFO -  Getting 1 granules, approx download size: 0.01 GB
2026-03-13 01:27:25,913 [PID:2321105] INFO - Downloaded: 3B-HHR.MS.MRG.3IMERG.20241213-S000000-E002959.0000.V07B.HDF5
2026-03-13 01:27:25,920 [PID:2321105] INFO -  Getting 1 granules, approx download size: 0.01 GB
2026-03-13 01:27:29,417 [PID:2321133] INFO - Downloaded: 3B-HHR.MS.MRG.3IMERG.20241213-S010000-E012959.0060.V07B.HDF5
2026-03-13 01:27:29,418 [PID:2321133] INFO -  Getting 1 granules, approx download size: 0.01 GB
2026-03-13 01:27:29,619 [PID:2319822] INFO - Downloaded: 3B-HHR.MS.MRG.3IMERG.20241213-S003000-E005959.0030.V07B.HDF5
2026-03-13 01:27:29,621 [PID:2319822] INFO -  Getting 1 granules, approx download size: 0.01 GB
2026-03-13 01:27:29,895 [PID:2321105] INFO - Downloaded: 3B-HHR.MS.MRG.3IMERG.20241213-S013000-E015959.0090.V07B.HDF5
2026-03-13 01:27:29,896 [PID:2321105] INFO -  Getting 1 granules, approx download size: 0.01 GB
2026-03-13 01:27:33,164 [PID:2321133] INFO - Downloaded: 3B-HHR.MS.MRG.3IMERG.20241213-S020000-E022959.0120.V07B.HDF5
2026-03-13 01:27:33,165 [PID:2321133] INFO -  Getting 1 granules, approx download size: 0.01 GB
2026-03-13 01:27:33,988 [PID:2321105] INFO - Downloaded: 3B-HHR.MS.MRG.3IMERG.20241213-S030000-E032959.0180.V07B.HDF5
2026-03-13 01:27:33,989 [PID:2321105] INFO -  Getting 1 granules, approx download size: 0.01 GB
2026-03-13 01:27:35,124 [PID:2319822] INFO - Downloaded: 3B-HHR.MS.MRG.3IMERG.20241213-S023000-E025959.0150.V07B.HDF5
2026-03-13 01:27:35,135 [PID:2319822] INFO -  Getting 1 granules, approx download size: 0.01 GB
2026-03-13 01:27:36,908 [PID:2321133] INFO - Downloaded: 3B-HHR.MS.MRG.3IMERG.20241213-S033000-E035959.0210.V07B.HDF5
2026-03-13 01:27:36,920 [PID:2321133] INFO -  Getting 1 granules, approx download size: 0.01 GB
2026-03-13 01:27:37,835 [PID:2321105] INFO - Downloaded: 3B-HHR.MS.MRG.3IMERG.20241213-S040000-E042959.0240.V07B.HDF5
2026-03-13 01:27:37,844 [PID:2321105] INFO -  Getting 1 granules, approx download size: 0.01 GB
2026-03-13 01:27:40,403 [PID:2319822] INFO - Downloaded: 3B-HHR.MS.MRG.3IMERG.20241213-S043000-E045959.0270.V07B.HDF5
2026-03-13 01:27:41,145 [PID:2321133] INFO - Downloaded: 3B-HHR.MS.MRG.3IMERG.20241213-S050000-E052959.0300.V07B.HDF5
2026-03-13 01:27:41,146 [PID:2321133] INFO -  Getting 1 granules, approx download size: 0.01 GB
2026-03-13 01:27:41,661 [PID:2321105] INFO - Downloaded: 3B-HHR.MS.MRG.3IMERG.20241213-S053000-E055959.0330.V07B.HDF5
2026-03-13 01:27:41,663 [PID:2321105] INFO -  Getting 1 granules, approx download size: 0.01 GB
2026-03-13 01:27:43,030 [PID:2321880] INFO - Worker 2321880 authenticated with Earthdata
2026-03-13 01:27:43,033 [PID:2321880] INFO -  Getting 1 granules, approx download size: 0.01 GB
2026-03-13 01:27:44,742 [PID:2321133] INFO - Downloaded: 3B-HHR.MS.MRG.3IMERG.20241213-S060000-E062959.0360.V07B.HDF5
2026-03-13 01:27:44,744 [PID:2321133] INFO -  Getting 1 granules, approx download size: 0.01 GB
2026-03-13 01:27:45,236 [PID:2321105] INFO - Downloaded: 3B-HHR.MS.MRG.3IMERG.20241213-S063000-E065959.0390.V07B.HDF5
2026-03-13 01:27:45,238 [PID:2321105] INFO -  Getting 1 granules, approx download size: 0.01 GB
2026-03-13 01:27:46,830 [PID:2287901] INFO - Progress: 650/1549 (Success: 650, Failed: 0)
2026-03-13 01:27:48,413 [PID:2321133] INFO - Downloaded: 3B-HHR.MS.MRG.3IMERG.20241213-S073000-E075959.0450.V07B.HDF5
2026-03-13 01:27:48,415 [PID:2321133] INFO -  Getting 1 granules, approx download size: 0.01 GB
2026-03-13 01:27:49,084 [PID:2321105] INFO - Downloaded: 3B-HHR.MS.MRG.3IMERG.20241213-S080000-E082959.0480.V07B.HDF5
2026-03-13 01:27:49,085 [PID:2321105] INFO -  Getting 1 granules, approx download size: 0.01 GB
2026-03-13 01:27:50,204 [PID:2321880] INFO - Downloaded: 3B-HHR.MS.MRG.3IMERG.20241213-S070000-E072959.0420.V07B.HDF5
2026-03-13 01:27:50,205 [PID:2321880] INFO -  Getting 1 granules, approx download size: 0.01 GB
2026-03-13 01:27:52,872 [PID:2321133] INFO - Downloaded: 3B-HHR.MS.MRG.3IMERG.20241213-S083000-E085959.0510.V07B.HDF5
2026-03-13 01:27:52,874 [PID:2321133] INFO -  Getting 1 granules, approx download size: 0.01 GB
2026-03-13 01:27:53,463 [PID:2321105] INFO - Downloaded: 3B-HHR.MS.MRG.3IMERG.20241213-S090000-E092959.0540.V07B.HDF5
2026-03-13 01:27:53,465 [PID:2321105] INFO -  Getting 1 granules, approx download size: 0.01 GB
2026-03-13 01:27:54,364 [PID:2321880] INFO - Downloaded: 3B-HHR.MS.MRG.3IMERG.20241213-S093000-E095959.0570.V07B.HDF5
2026-03-13 01:27:54,371 [PID:2321880] INFO -  Getting 1 granules, approx download size: 0.01 GB
2026-03-13 01:27:56,848 [PID:2321133] INFO - Downloaded: 3B-HHR.MS.MRG.3IMERG.20241213-S100000-E102959.0600.V07B.HDF5
2026-03-13 01:27:56,858 [PID:2321133] INFO -  Getting 1 granules, approx download size: 0.01 GB
2026-03-13 01:27:57,721 [PID:2321105] INFO - Downloaded: 3B-HHR.MS.MRG.3IMERG.20241213-S103000-E105959.0630.V07B.HDF5
2026-03-13 01:27:57,722 [PID:2321105] INFO -  Getting 1 granules, approx download size: 0.01 GB
2026-03-13 01:27:57,884 [PID:2321880] INFO - Downloaded: 3B-HHR.MS.MRG.3IMERG.20241213-S110000-E112959.0660.V07B.HDF5
2026-03-13 01:27:57,887 [PID:2321880] INFO -  Getting 1 granules, approx download size: 0.01 GB
2026-03-13 01:28:00,774 [PID:2321133] INFO - Downloaded: 3B-HHR.MS.MRG.3IMERG.20241213-S113000-E115959.0690.V07B.HDF5
2026-03-13 01:28:00,783 [PID:2321133] INFO -  Getting 1 granules, approx download size: 0.01 GB
2026-03-13 01:28:02,143 [PID:2321880] INFO - Downloaded: 3B-HHR.MS.MRG.3IMERG.20241213-S123000-E125959.0750.V07B.HDF5
2026-03-13 01:28:02,145 [PID:2321880] INFO -  Getting 1 granules, approx download size: 0.01 GB
2026-03-13 01:28:02,205 [PID:2321105] INFO - Downloaded: 3B-HHR.MS.MRG.3IMERG.20241213-S120000-E122959.0720.V07B.HDF5
2026-03-13 01:28:02,206 [PID:2321105] INFO -  Getting 1 granules, approx download size: 0.01 GB
2026-03-13 01:28:04,152 [PID:2321133] INFO - Downloaded: 3B-HHR.MS.MRG.3IMERG.20241213-S130000-E132959.0780.V07B.HDF5
2026-03-13 01:28:04,153 [PID:2321133] INFO -  Getting 1 granules, approx download size: 0.01 GB
2026-03-13 01:28:06,430 [PID:2321880] INFO - Downloaded: 3B-HHR.MS.MRG.3IMERG.20241213-S133000-E135959.0810.V07B.HDF5
2026-03-13 01:28:06,442 [PID:2321880] INFO -  Getting 1 granules, approx download size: 0.01 GB
2026-03-13 01:28:06,459 [PID:2321105] INFO - Downloaded: 3B-HHR.MS.MRG.3IMERG.20241213-S140000-E142959.0840.V07B.HDF5
2026-03-13 01:28:06,460 [PID:2321105] INFO -  Getting 1 granules, approx download size: 0.01 GB
2026-03-13 01:28:07,717 [PID:2321133] INFO - Downloaded: 3B-HHR.MS.MRG.3IMERG.20241213-S143000-E145959.0870.V07B.HDF5
2026-03-13 01:28:07,718 [PID:2321133] INFO -  Getting 1 granules, approx download size: 0.01 GB
2026-03-13 01:28:10,760 [PID:2321105] INFO - Downloaded: 3B-HHR.MS.MRG.3IMERG.20241213-S153000-E155959.0930.V07B.HDF5
2026-03-13 01:28:10,770 [PID:2321105] INFO -  Getting 1 granules, approx download size: 0.01 GB
2026-03-13 01:28:11,566 [PID:2321133] INFO - Downloaded: 3B-HHR.MS.MRG.3IMERG.20241213-S160000-E162959.0960.V07B.HDF5
2026-03-13 01:28:11,567 [PID:2321133] INFO -  Getting 1 granules, approx download size: 0.01 GB
2026-03-13 01:28:13,422 [PID:2321880] INFO - Downloaded: 3B-HHR.MS.MRG.3IMERG.20241213-S150000-E152959.0900.V07B.HDF5
2026-03-13 01:28:13,433 [PID:2321880] INFO -  Getting 1 granules, approx download size: 0.01 GB
2026-03-13 01:28:14,327 [PID:2321105] INFO - Downloaded: 3B-HHR.MS.MRG.3IMERG.20241213-S163000-E165959.0990.V07B.HDF5
2026-03-13 01:28:14,329 [PID:2321105] INFO -  Getting 1 granules, approx download size: 0.01 GB
2026-03-13 01:28:15,141 [PID:2321133] INFO - Downloaded: 3B-HHR.MS.MRG.3IMERG.20241213-S170000-E172959.1020.V07B.HDF5
2026-03-13 01:28:15,152 [PID:2321133] INFO -  Getting 1 granules, approx download size: 0.01 GB
2026-03-13 01:28:18,743 [PID:2321105] INFO - Downloaded: 3B-HHR.MS.MRG.3IMERG.20241213-S180000-E182959.1080.V07B.HDF5
2026-03-13 01:28:18,744 [PID:2321105] INFO -  Getting 1 granules, approx download size: 0.01 GB
2026-03-13 01:28:18,898 [PID:2321133] INFO - Downloaded: 3B-HHR.MS.MRG.3IMERG.20241213-S183000-E185959.1110.V07B.HDF5
2026-03-13 01:28:18,899 [PID:2321133] INFO -  Getting 1 granules, approx download size: 0.01 GB
2026-03-13 01:28:20,553 [PID:2321880] INFO - Downloaded: 3B-HHR.MS.MRG.3IMERG.20241213-S173000-E175959.1050.V07B.HDF5
2026-03-13 01:28:20,559 [PID:2321880] INFO -  Getting 1 granules, approx download size: 0.01 GB
2026-03-13 01:28:22,763 [PID:2321133] INFO - Downloaded: 3B-HHR.MS.MRG.3IMERG.20241213-S193000-E195959.1170.V07B.HDF5
2026-03-13 01:28:22,764 [PID:2321133] INFO -  Getting 1 granules, approx download size: 0.01 GB
2026-03-13 01:28:23,374 [PID:2321105] INFO - Downloaded: 3B-HHR.MS.MRG.3IMERG.20241213-S190000-E192959.1140.V07B.HDF5
2026-03-13 01:28:23,376 [PID:2321105] INFO -  Getting 1 granules, approx download size: 0.01 GB
2026-03-13 01:28:24,806 [PID:2321880] INFO - Downloaded: 3B-HHR.MS.MRG.3IMERG.20241213-S200000-E202959.1200.V07B.HDF5
2026-03-13 01:28:24,808 [PID:2321880] INFO -  Getting 1 granules, approx download size: 0.01 GB
2026-03-13 01:28:26,068 [PID:2321133] INFO - Downloaded: 3B-HHR.MS.MRG.3IMERG.20241213-S203000-E205959.1230.V07B.HDF5
2026-03-13 01:28:26,079 [PID:2321133] INFO -  Getting 1 granules, approx download size: 0.01 GB
2026-03-13 01:28:28,071 [PID:2321105] INFO - Downloaded: 3B-HHR.MS.MRG.3IMERG.20241213-S210000-E212959.1260.V07B.HDF5
2026-03-13 01:28:28,076 [PID:2321105] INFO -  Getting 1 granules, approx download size: 0.01 GB
2026-03-13 01:28:28,788 [PID:2321880] INFO - Downloaded: 3B-HHR.MS.MRG.3IMERG.20241213-S213000-E215959.1290.V07B.HDF5
2026-03-13 01:28:28,789 [PID:2321880] INFO -  Getting 1 granules, approx download size: 0.01 GB
2026-03-13 01:28:29,675 [PID:2321133] INFO - Downloaded: 3B-HHR.MS.MRG.3IMERG.20241213-S220000-E222959.1320.V07B.HDF5
2026-03-13 01:28:29,676 [PID:2321133] INFO -  Getting 1 granules, approx download size: 0.01 GB
2026-03-13 01:28:31,933 [PID:2321105] INFO - Downloaded: 3B-HHR.MS.MRG.3IMERG.20241213-S223000-E225959.1350.V07B.HDF5
2026-03-13 01:28:31,943 [PID:2321105] INFO -  Getting 1 granules, approx download size: 0.01 GB
2026-03-13 01:28:32,717 [PID:2321880] INFO - Downloaded: 3B-HHR.MS.MRG.3IMERG.20241213-S230000-E232959.1380.V07B.HDF5
2026-03-13 01:28:32,721 [PID:2321880] INFO -  Getting 1 granules, approx download size: 0.01 GB
2026-03-13 01:28:33,844 [PID:2321133] INFO - Downloaded: 3B-HHR.MS.MRG.3IMERG.20241213-S233000-E235959.1410.V07B.HDF5
2026-03-13 01:28:33,854 [PID:2321133] INFO -  Getting 1 granules, approx download size: 0.01 GB
2026-03-13 01:28:35,317 [PID:2321105] INFO - Downloaded: 3B-HHR.MS.MRG.3IMERG.20241214-S000000-E002959.0000.V07B.HDF5
2026-03-13 01:28:35,318 [PID:2321105] INFO -  Getting 1 granules, approx download size: 0.01 GB
2026-03-13 01:28:37,250 [PID:2321880] INFO - Downloaded: 3B-HHR.MS.MRG.3IMERG.20241214-S003000-E005959.0030.V07B.HDF5
2026-03-13 01:28:37,251 [PID:2321880] INFO -  Getting 1 granules, approx download size: 0.01 GB
2026-03-13 01:28:38,202 [PID:2321133] INFO - Downloaded: 3B-HHR.MS.MRG.3IMERG.20241214-S010000-E012959.0060.V07B.HDF5
2026-03-13 01:28:38,203 [PID:2321133] INFO -  Getting 1 granules, approx download size: 0.01 GB
2026-03-13 01:28:38,754 [PID:2321105] INFO - Downloaded: 3B-HHR.MS.MRG.3IMERG.20241214-S013000-E015959.0090.V07B.HDF5
2026-03-13 01:28:38,755 [PID:2321105] INFO -  Getting 1 granules, approx download size: 0.01 GB
2026-03-13 01:28:40,740 [PID:2321880] INFO - Downloaded: 3B-HHR.MS.MRG.3IMERG.20241214-S020000-E022959.0120.V07B.HDF5
2026-03-13 01:28:40,742 [PID:2321880] INFO -  Getting 1 granules, approx download size: 0.01 GB
2026-03-13 01:28:42,253 [PID:2321133] INFO - Downloaded: 3B-HHR.MS.MRG.3IMERG.20241214-S023000-E025959.0150.V07B.HDF5
2026-03-13 01:28:42,254 [PID:2321133] INFO -  Getting 1 granules, approx download size: 0.01 GB
2026-03-13 01:28:42,535 [PID:2321105] INFO - Downloaded: 3B-HHR.MS.MRG.3IMERG.20241214-S030000-E032959.0180.V07B.HDF5
2026-03-13 01:28:42,536 [PID:2321105] INFO -  Getting 1 granules, approx download size: 0.01 GB
2026-03-13 01:28:44,065 [PID:2321880] INFO - Downloaded: 3B-HHR.MS.MRG.3IMERG.20241214-S033000-E035959.0210.V07B.HDF5
2026-03-13 01:28:44,067 [PID:2321880] INFO -  Getting 1 granules, approx download size: 0.01 GB
2026-03-13 01:28:46,590 [PID:2321133] INFO - Downloaded: 3B-HHR.MS.MRG.3IMERG.20241214-S040000-E042959.0240.V07B.HDF5
2026-03-13 01:28:46,592 [PID:2321133] INFO -  Getting 1 granules, approx download size: 0.01 GB
2026-03-13 01:28:46,669 [PID:2321105] INFO - Downloaded: 3B-HHR.MS.MRG.3IMERG.20241214-S043000-E045959.0270.V07B.HDF5
2026-03-13 01:28:46,671 [PID:2321105] INFO -  Getting 1 granules, approx download size: 0.01 GB
2026-03-13 01:28:47,446 [PID:2321880] INFO - Downloaded: 3B-HHR.MS.MRG.3IMERG.20241214-S050000-E052959.0300.V07B.HDF5
2026-03-13 01:28:47,456 [PID:2321880] INFO -  Getting 1 granules, approx download size: 0.01 GB
2026-03-13 01:28:51,075 [PID:2321133] INFO - Downloaded: 3B-HHR.MS.MRG.3IMERG.20241214-S053000-E055959.0330.V07B.HDF5
2026-03-13 01:28:51,086 [PID:2321133] INFO -  Getting 1 granules, approx download size: 0.01 GB
2026-03-13 01:28:51,663 [PID:2321880] INFO - Downloaded: 3B-HHR.MS.MRG.3IMERG.20241214-S063000-E065959.0390.V07B.HDF5
2026-03-13 01:28:51,664 [PID:2321880] INFO -  Getting 1 granules, approx download size: 0.01 GB
2026-03-13 01:28:51,777 [PID:2321105] INFO - Downloaded: 3B-HHR.MS.MRG.3IMERG.20241214-S060000-E062959.0360.V07B.HDF5
2026-03-13 01:28:51,779 [PID:2321105] INFO -  Getting 1 granules, approx download size: 0.01 GB
2026-03-13 01:28:55,143 [PID:2321133] INFO - Downloaded: 3B-HHR.MS.MRG.3IMERG.20241214-S070000-E072959.0420.V07B.HDF5
2026-03-13 01:28:55,150 [PID:2321133] INFO -  Getting 1 granules, approx download size: 0.01 GB
2026-03-13 01:28:55,829 [PID:2321880] INFO - Downloaded: 3B-HHR.MS.MRG.3IMERG.20241214-S073000-E075959.0450.V07B.HDF5
2026-03-13 01:28:55,831 [PID:2321880] INFO -  Getting 1 granules, approx download size: 0.01 GB
2026-03-13 01:28:56,342 [PID:2321105] INFO - Downloaded: 3B-HHR.MS.MRG.3IMERG.20241214-S080000-E082959.0480.V07B.HDF5
2026-03-13 01:28:56,344 [PID:2321105] INFO -  Getting 1 granules, approx download size: 0.01 GB
2026-03-13 01:28:56,788 [PID:2287901] INFO - Progress: 700/1549 (Success: 700, Failed: 0)
2026-03-13 01:28:58,465 [PID:2321133] INFO - Downloaded: 3B-HHR.MS.MRG.3IMERG.20241214-S083000-E085959.0510.V07B.HDF5
2026-03-13 01:28:58,467 [PID:2321133] INFO -  Getting 1 granules, approx download size: 0.01 GB
2026-03-13 01:28:59,921 [PID:2321880] INFO - Downloaded: 3B-HHR.MS.MRG.3IMERG.20241214-S090000-E092959.0540.V07B.HDF5
2026-03-13 01:28:59,931 [PID:2321880] INFO -  Getting 1 granules, approx download size: 0.01 GB
2026-03-13 01:29:00,165 [PID:2321105] INFO - Downloaded: 3B-HHR.MS.MRG.3IMERG.20241214-S093000-E095959.0570.V07B.HDF5
2026-03-13 01:29:00,167 [PID:2321105] INFO -  Getting 1 granules, approx download size: 0.01 GB
2026-03-13 01:29:02,700 [PID:2321133] INFO - Downloaded: 3B-HHR.MS.MRG.3IMERG.20241214-S100000-E102959.0600.V07B.HDF5
2026-03-13 01:29:02,703 [PID:2321133] INFO -  Getting 1 granules, approx download size: 0.01 GB
2026-03-13 01:29:04,428 [PID:2321105] INFO - Downloaded: 3B-HHR.MS.MRG.3IMERG.20241214-S110000-E112959.0660.V07B.HDF5
2026-03-13 01:29:04,437 [PID:2321105] INFO -  Getting 1 granules, approx download size: 0.01 GB
2026-03-13 01:29:04,447 [PID:2321880] INFO - Downloaded: 3B-HHR.MS.MRG.3IMERG.20241214-S103000-E105959.0630.V07B.HDF5
2026-03-13 01:29:04,448 [PID:2321880] INFO -  Getting 1 granules, approx download size: 0.01 GB
2026-03-13 01:29:06,175 [PID:2321133] INFO - Downloaded: 3B-HHR.MS.MRG.3IMERG.20241214-S113000-E115959.0690.V07B.HDF5
2026-03-13 01:29:06,177 [PID:2321133] INFO -  Getting 1 granules, approx download size: 0.01 GB
2026-03-13 01:29:08,372 [PID:2321105] INFO - Downloaded: 3B-HHR.MS.MRG.3IMERG.20241214-S120000-E122959.0720.V07B.HDF5
2026-03-13 01:29:08,374 [PID:2321105] INFO -  Getting 1 granules, approx download size: 0.01 GB
2026-03-13 01:29:08,601 [PID:2321880] INFO - Downloaded: 3B-HHR.MS.MRG.3IMERG.20241214-S123000-E125959.0750.V07B.HDF5
2026-03-13 01:29:08,602 [PID:2321880] INFO -  Getting 1 granules, approx download size: 0.01 GB
2026-03-13 01:29:09,554 [PID:2321133] INFO - Downloaded: 3B-HHR.MS.MRG.3IMERG.20241214-S130000-E132959.0780.V07B.HDF5
2026-03-13 01:29:09,556 [PID:2321133] INFO -  Getting 1 granules, approx download size: 0.01 GB
2026-03-13 01:29:12,106 [PID:2321105] INFO - Downloaded: 3B-HHR.MS.MRG.3IMERG.20241214-S133000-E135959.0810.V07B.HDF5
2026-03-13 01:29:12,107 [PID:2321105] INFO -  Getting 1 granules, approx download size: 0.01 GB
2026-03-13 01:29:13,088 [PID:2321880] INFO - Downloaded: 3B-HHR.MS.MRG.3IMERG.20241214-S140000-E142959.0840.V07B.HDF5
2026-03-13 01:29:13,090 [PID:2321880] INFO -  Getting 1 granules, approx download size: 0.01 GB
2026-03-13 01:29:13,460 [PID:2321133] INFO - Downloaded: 3B-HHR.MS.MRG.3IMERG.20241214-S143000-E145959.0870.V07B.HDF5
2026-03-13 01:29:13,461 [PID:2321133] INFO -  Getting 1 granules, approx download size: 0.01 GB
2026-03-13 01:29:17,400 [PID:2321105] INFO - Downloaded: 3B-HHR.MS.MRG.3IMERG.20241214-S150000-E152959.0900.V07B.HDF5
2026-03-13 01:29:17,402 [PID:2321105] INFO -  Getting 1 granules, approx download size: 0.01 GB
2026-03-13 01:29:17,608 [PID:2321133] INFO - Downloaded: 3B-HHR.MS.MRG.3IMERG.20241214-S160000-E162959.0960.V07B.HDF5
2026-03-13 01:29:17,615 [PID:2321133] INFO -  Getting 1 granules, approx download size: 0.01 GB
2026-03-13 01:29:18,628 [PID:2321880] INFO - Downloaded: 3B-HHR.MS.MRG.3IMERG.20241214-S153000-E155959.0930.V07B.HDF5
2026-03-13 01:29:18,629 [PID:2321880] INFO -  Getting 1 granules, approx download size: 0.01 GB
2026-03-13 01:29:21,310 [PID:2321105] INFO - Downloaded: 3B-HHR.MS.MRG.3IMERG.20241214-S163000-E165959.0990.V07B.HDF5
2026-03-13 01:29:21,317 [PID:2321105] INFO -  Getting 1 granules, approx download size: 0.01 GB
2026-03-13 01:29:22,249 [PID:2321133] INFO - Downloaded: 3B-HHR.MS.MRG.3IMERG.20241214-S170000-E172959.1020.V07B.HDF5
2026-03-13 01:29:23,082 [PID:2321880] INFO - Downloaded: 3B-HHR.MS.MRG.3IMERG.20241214-S173000-E175959.1050.V07B.HDF5
2026-03-13 01:29:23,084 [PID:2321880] INFO -  Getting 1 granules, approx download size: 0.01 GB
2026-03-13 01:29:24,618 [PID:2322683] INFO - Worker 2322683 authenticated with Earthdata
2026-03-13 01:29:24,623 [PID:2322683] INFO -  Getting 1 granules, approx download size: 0.01 GB
2026-03-13 01:29:24,800 [PID:2321105] INFO - Downloaded: 3B-HHR.MS.MRG.3IMERG.20241214-S180000-E182959.1080.V07B.HDF5
2026-03-13 01:29:26,417 [PID:2321880] INFO - Downloaded: 3B-HHR.MS.MRG.3IMERG.20241214-S183000-E185959.1110.V07B.HDF5
2026-03-13 01:29:26,419 [PID:2321880] INFO -  Getting 1 granules, approx download size: 0.01 GB
2026-03-13 01:29:27,101 [PID:2322699] INFO - Worker 2322699 authenticated with Earthdata
2026-03-13 01:29:27,104 [PID:2322699] INFO -  Getting 1 granules, approx download size: 0.01 GB
2026-03-13 01:29:30,675 [PID:2321880] INFO - Downloaded: 3B-HHR.MS.MRG.3IMERG.20241214-S193000-E195959.1170.V07B.HDF5
2026-03-13 01:29:30,686 [PID:2321880] INFO -  Getting 1 granules, approx download size: 0.01 GB
2026-03-13 01:29:31,029 [PID:2322683] INFO - Downloaded: 3B-HHR.MS.MRG.3IMERG.20241214-S190000-E192959.1140.V07B.HDF5
2026-03-13 01:29:31,030 [PID:2322683] INFO -  Getting 1 granules, approx download size: 0.01 GB
2026-03-13 01:29:34,066 [PID:2321880] INFO - Downloaded: 3B-HHR.MS.MRG.3IMERG.20241214-S203000-E205959.1230.V07B.HDF5
2026-03-13 01:29:34,067 [PID:2321880] INFO -  Getting 1 granules, approx download size: 0.01 GB
2026-03-13 01:29:34,361 [PID:2322699] INFO - Downloaded: 3B-HHR.MS.MRG.3IMERG.20241214-S200000-E202959.1200.V07B.HDF5
2026-03-13 01:29:34,362 [PID:2322699] INFO -  Getting 1 granules, approx download size: 0.01 GB
2026-03-13 01:29:35,891 [PID:2322683] INFO - Downloaded: 3B-HHR.MS.MRG.3IMERG.20241214-S210000-E212959.1260.V07B.HDF5
2026-03-13 01:29:35,893 [PID:2322683] INFO -  Getting 1 granules, approx download size: 0.01 GB
2026-03-13 01:29:38,014 [PID:2321880] INFO - Downloaded: 3B-HHR.MS.MRG.3IMERG.20241214-S213000-E215959.1290.V07B.HDF5
2026-03-13 01:29:38,016 [PID:2321880] INFO -  Getting 1 granules, approx download size: 0.01 GB
2026-03-13 01:29:38,426 [PID:2322699] INFO - Downloaded: 3B-HHR.MS.MRG.3IMERG.20241214-S220000-E222959.1320.V07B.HDF5
2026-03-13 01:29:38,428 [PID:2322699] INFO -  Getting 1 granules, approx download size: 0.01 GB
2026-03-13 01:29:40,710 [PID:2322683] INFO - Downloaded: 3B-HHR.MS.MRG.3IMERG.20241214-S223000-E225959.1350.V07B.HDF5
2026-03-13 01:29:40,712 [PID:2322683] INFO -  Getting 1 granules, approx download size: 0.01 GB
2026-03-13 01:29:42,372 [PID:2322699] INFO - Downloaded: 3B-HHR.MS.MRG.3IMERG.20241214-S233000-E235959.1410.V07B.HDF5
2026-03-13 01:29:42,382 [PID:2322699] INFO -  Getting 1 granules, approx download size: 0.01 GB
2026-03-13 01:29:42,568 [PID:2321880] INFO - Downloaded: 3B-HHR.MS.MRG.3IMERG.20241214-S230000-E232959.1380.V07B.HDF5
2026-03-13 01:29:42,569 [PID:2321880] INFO -  Getting 1 granules, approx download size: 0.01 GB
2026-03-13 01:29:44,025 [PID:2322683] INFO - Downloaded: 3B-HHR.MS.MRG.3IMERG.20241215-S000000-E002959.0000.V07B.HDF5
2026-03-13 01:29:44,026 [PID:2322683] INFO -  Getting 1 granules, approx download size: 0.01 GB
2026-03-13 01:29:46,553 [PID:2322699] INFO - Downloaded: 3B-HHR.MS.MRG.3IMERG.20241215-S003000-E005959.0030.V07B.HDF5
2026-03-13 01:29:46,554 [PID:2322699] INFO -  Getting 1 granules, approx download size: 0.01 GB
2026-03-13 01:29:47,444 [PID:2321880] INFO - Downloaded: 3B-HHR.MS.MRG.3IMERG.20241215-S010000-E012959.0060.V07B.HDF5
2026-03-13 01:29:47,446 [PID:2321880] INFO -  Getting 1 granules, approx download size: 0.01 GB
2026-03-13 01:29:47,454 [PID:2322683] INFO - Downloaded: 3B-HHR.MS.MRG.3IMERG.20241215-S013000-E015959.0090.V07B.HDF5
2026-03-13 01:29:47,456 [PID:2322683] INFO -  Getting 1 granules, approx download size: 0.01 GB
2026-03-13 01:29:50,212 [PID:2322699] INFO - Downloaded: 3B-HHR.MS.MRG.3IMERG.20241215-S020000-E022959.0120.V07B.HDF5
2026-03-13 01:29:50,214 [PID:2322699] INFO -  Getting 1 granules, approx download size: 0.01 GB
2026-03-13 01:29:51,669 [PID:2322683] INFO - Downloaded: 3B-HHR.MS.MRG.3IMERG.20241215-S030000-E032959.0180.V07B.HDF5
2026-03-13 01:29:51,671 [PID:2322683] INFO -  Getting 1 granules, approx download size: 0.01 GB
2026-03-13 01:29:52,922 [PID:2321880] INFO - Downloaded: 3B-HHR.MS.MRG.3IMERG.20241215-S023000-E025959.0150.V07B.HDF5
2026-03-13 01:29:52,924 [PID:2321880] INFO -  Getting 1 granules, approx download size: 0.01 GB
2026-03-13 01:29:53,727 [PID:2322699] INFO - Downloaded: 3B-HHR.MS.MRG.3IMERG.20241215-S033000-E035959.0210.V07B.HDF5
2026-03-13 01:29:53,728 [PID:2322699] INFO -  Getting 1 granules, approx download size: 0.01 GB
2026-03-13 01:29:55,049 [PID:2322683] INFO - Downloaded: 3B-HHR.MS.MRG.3IMERG.20241215-S040000-E042959.0240.V07B.HDF5
2026-03-13 01:29:55,059 [PID:2322683] INFO -  Getting 1 granules, approx download size: 0.01 GB
2026-03-13 01:29:56,357 [PID:2321880] INFO - Downloaded: 3B-HHR.MS.MRG.3IMERG.20241215-S043000-E045959.0270.V07B.HDF5
2026-03-13 01:29:56,358 [PID:2321880] INFO -  Getting 1 granules, approx download size: 0.01 GB
2026-03-13 01:29:58,501 [PID:2322699] INFO - Downloaded: 3B-HHR.MS.MRG.3IMERG.20241215-S050000-E052959.0300.V07B.HDF5
2026-03-13 01:29:58,502 [PID:2322699] INFO -  Getting 1 granules, approx download size: 0.01 GB
2026-03-13 01:29:59,548 [PID:2322683] INFO - Downloaded: 3B-HHR.MS.MRG.3IMERG.20241215-S053000-E055959.0330.V07B.HDF5
2026-03-13 01:29:59,549 [PID:2322683] INFO -  Getting 1 granules, approx download size: 0.01 GB
2026-03-13 01:30:00,157 [PID:2321880] INFO - Downloaded: 3B-HHR.MS.MRG.3IMERG.20241215-S060000-E062959.0360.V07B.HDF5
2026-03-13 01:30:00,160 [PID:2321880] INFO -  Getting 1 granules, approx download size: 0.01 GB
2026-03-13 01:30:02,510 [PID:2322699] INFO - Downloaded: 3B-HHR.MS.MRG.3IMERG.20241215-S063000-E065959.0390.V07B.HDF5
2026-03-13 01:30:02,512 [PID:2322699] INFO -  Getting 1 granules, approx download size: 0.01 GB
2026-03-13 01:30:04,529 [PID:2322683] INFO - Downloaded: 3B-HHR.MS.MRG.3IMERG.20241215-S070000-E072959.0420.V07B.HDF5
2026-03-13 01:30:04,531 [PID:2322683] INFO -  Getting 1 granules, approx download size: 0.01 GB
2026-03-13 01:30:04,691 [PID:2321880] INFO - Downloaded: 3B-HHR.MS.MRG.3IMERG.20241215-S073000-E075959.0450.V07B.HDF5
2026-03-13 01:30:04,692 [PID:2321880] INFO -  Getting 1 granules, approx download size: 0.01 GB
2026-03-13 01:30:06,234 [PID:2322699] INFO - Downloaded: 3B-HHR.MS.MRG.3IMERG.20241215-S080000-E082959.0480.V07B.HDF5
2026-03-13 01:30:06,235 [PID:2322699] INFO -  Getting 1 granules, approx download size: 0.01 GB
2026-03-13 01:30:07,411 [PID:2287901] INFO - Progress: 750/1549 (Success: 750, Failed: 0)
2026-03-13 01:30:10,485 [PID:2321880] INFO - Downloaded: 3B-HHR.MS.MRG.3IMERG.20241215-S090000-E092959.0540.V07B.HDF5
2026-03-13 01:30:10,486 [PID:2321880] INFO -  Getting 1 granules, approx download size: 0.01 GB
2026-03-13 01:30:11,101 [PID:2322683] INFO - Downloaded: 3B-HHR.MS.MRG.3IMERG.20241215-S083000-E085959.0510.V07B.HDF5
2026-03-13 01:30:11,102 [PID:2322683] INFO -  Getting 1 granules, approx download size: 0.01 GB
2026-03-13 01:30:12,496 [PID:2322699] INFO - Downloaded: 3B-HHR.MS.MRG.3IMERG.20241215-S093000-E095959.0570.V07B.HDF5
2026-03-13 01:30:12,498 [PID:2322699] INFO -  Getting 1 granules, approx download size: 0.01 GB
2026-03-13 01:30:16,765 [PID:2322683] INFO - Downloaded: 3B-HHR.MS.MRG.3IMERG.20241215-S103000-E105959.0630.V07B.HDF5
2026-03-13 01:30:16,767 [PID:2322683] INFO -  Getting 1 granules, approx download size: 0.01 GB
2026-03-13 01:30:16,800 [PID:2321880] INFO - Downloaded: 3B-HHR.MS.MRG.3IMERG.20241215-S100000-E102959.0600.V07B.HDF5
2026-03-13 01:30:16,802 [PID:2321880] INFO -  Getting 1 granules, approx download size: 0.01 GB
2026-03-13 01:30:17,794 [PID:2322699] INFO - Downloaded: 3B-HHR.MS.MRG.3IMERG.20241215-S110000-E112959.0660.V07B.HDF5
2026-03-13 01:30:17,805 [PID:2322699] INFO -  Getting 1 granules, approx download size: 0.01 GB
2026-03-13 01:30:21,418 [PID:2322683] INFO - Downloaded: 3B-HHR.MS.MRG.3IMERG.20241215-S113000-E115959.0690.V07B.HDF5
2026-03-13 01:30:21,429 [PID:2322683] INFO -  Getting 1 granules, approx download size: 0.01 GB
2026-03-13 01:30:21,431 [PID:2321880] INFO - Downloaded: 3B-HHR.MS.MRG.3IMERG.20241215-S120000-E122959.0720.V07B.HDF5
2026-03-13 01:30:21,432 [PID:2321880] INFO -  Getting 1 granules, approx download size: 0.01 GB
2026-03-13 01:30:21,836 [PID:2322699] INFO - Downloaded: 3B-HHR.MS.MRG.3IMERG.20241215-S123000-E125959.0750.V07B.HDF5
2026-03-13 01:30:21,846 [PID:2322699] INFO -  Getting 1 granules, approx download size: 0.01 GB
2026-03-13 01:30:25,558 [PID:2322683] INFO - Downloaded: 3B-HHR.MS.MRG.3IMERG.20241215-S130000-E132959.0780.V07B.HDF5
2026-03-13 01:30:25,559 [PID:2322683] INFO -  Getting 1 granules, approx download size: 0.01 GB
2026-03-13 01:30:25,858 [PID:2321880] INFO - Downloaded: 3B-HHR.MS.MRG.3IMERG.20241215-S133000-E135959.0810.V07B.HDF5
2026-03-13 01:30:25,859 [PID:2321880] INFO -  Getting 1 granules, approx download size: 0.01 GB
2026-03-13 01:30:28,083 [PID:2322699] INFO - Downloaded: 3B-HHR.MS.MRG.3IMERG.20241215-S140000-E142959.0840.V07B.HDF5
2026-03-13 01:30:28,085 [PID:2322699] INFO -  Getting 1 granules, approx download size: 0.01 GB
2026-03-13 01:30:29,937 [PID:2322683] INFO - Downloaded: 3B-HHR.MS.MRG.3IMERG.20241215-S143000-E145959.0870.V07B.HDF5
2026-03-13 01:30:29,938 [PID:2322683] INFO -  Getting 1 granules, approx download size: 0.01 GB
2026-03-13 01:30:29,983 [PID:2321880] INFO - Downloaded: 3B-HHR.MS.MRG.3IMERG.20241215-S150000-E152959.0900.V07B.HDF5
2026-03-13 01:30:29,985 [PID:2321880] INFO -  Getting 1 granules, approx download size: 0.01 GB
2026-03-13 01:30:31,897 [PID:2322699] INFO - Downloaded: 3B-HHR.MS.MRG.3IMERG.20241215-S153000-E155959.0930.V07B.HDF5
2026-03-13 01:30:31,900 [PID:2322699] INFO -  Getting 1 granules, approx download size: 0.01 GB
2026-03-13 01:30:34,191 [PID:2322683] INFO - Downloaded: 3B-HHR.MS.MRG.3IMERG.20241215-S160000-E162959.0960.V07B.HDF5
2026-03-13 01:30:34,199 [PID:2322683] INFO -  Getting 1 granules, approx download size: 0.01 GB
2026-03-13 01:30:34,234 [PID:2321880] INFO - Downloaded: 3B-HHR.MS.MRG.3IMERG.20241215-S163000-E165959.0990.V07B.HDF5
2026-03-13 01:30:34,235 [PID:2321880] INFO -  Getting 1 granules, approx download size: 0.01 GB
2026-03-13 01:30:35,585 [PID:2322699] INFO - Downloaded: 3B-HHR.MS.MRG.3IMERG.20241215-S170000-E172959.1020.V07B.HDF5
2026-03-13 01:30:35,586 [PID:2322699] INFO -  Getting 1 granules, approx download size: 0.01 GB
2026-03-13 01:30:38,062 [PID:2322683] INFO - Downloaded: 3B-HHR.MS.MRG.3IMERG.20241215-S173000-E175959.1050.V07B.HDF5
2026-03-13 01:30:38,063 [PID:2322683] INFO -  Getting 1 granules, approx download size: 0.01 GB
2026-03-13 01:30:39,032 [PID:2321880] INFO - Downloaded: 3B-HHR.MS.MRG.3IMERG.20241215-S180000-E182959.1080.V07B.HDF5
2026-03-13 01:30:39,034 [PID:2321880] INFO -  Getting 1 granules, approx download size: 0.01 GB
2026-03-13 01:30:39,327 [PID:2322699] INFO - Downloaded: 3B-HHR.MS.MRG.3IMERG.20241215-S183000-E185959.1110.V07B.HDF5
2026-03-13 01:30:39,329 [PID:2322699] INFO -  Getting 1 granules, approx download size: 0.01 GB
2026-03-13 01:30:42,013 [PID:2322683] INFO - Downloaded: 3B-HHR.MS.MRG.3IMERG.20241215-S190000-E192959.1140.V07B.HDF5
2026-03-13 01:30:42,015 [PID:2322683] INFO -  Getting 1 granules, approx download size: 0.01 GB
2026-03-13 01:30:43,122 [PID:2322699] INFO - Downloaded: 3B-HHR.MS.MRG.3IMERG.20241215-S200000-E202959.1200.V07B.HDF5
2026-03-13 01:30:43,132 [PID:2322699] INFO -  Getting 1 granules, approx download size: 0.01 GB
2026-03-13 01:30:44,149 [PID:2321880] INFO - Downloaded: 3B-HHR.MS.MRG.3IMERG.20241215-S193000-E195959.1170.V07B.HDF5
2026-03-13 01:30:44,150 [PID:2321880] INFO -  Getting 1 granules, approx download size: 0.01 GB
2026-03-13 01:30:46,422 [PID:2322683] INFO - Downloaded: 3B-HHR.MS.MRG.3IMERG.20241215-S203000-E205959.1230.V07B.HDF5
2026-03-13 01:30:46,425 [PID:2322683] INFO -  Getting 1 granules, approx download size: 0.01 GB
2026-03-13 01:30:47,349 [PID:2322699] INFO - Downloaded: 3B-HHR.MS.MRG.3IMERG.20241215-S210000-E212959.1260.V07B.HDF5
2026-03-13 01:30:47,354 [PID:2322699] INFO -  Getting 1 granules, approx download size: 0.01 GB
2026-03-13 01:30:48,215 [PID:2321880] INFO - Downloaded: 3B-HHR.MS.MRG.3IMERG.20241215-S213000-E215959.1290.V07B.HDF5
2026-03-13 01:30:48,217 [PID:2321880] INFO -  Getting 1 granules, approx download size: 0.01 GB
2026-03-13 01:30:51,607 [PID:2322699] INFO - Downloaded: 3B-HHR.MS.MRG.3IMERG.20241215-S223000-E225959.1350.V07B.HDF5
2026-03-13 01:30:51,608 [PID:2322699] INFO -  Getting 1 granules, approx download size: 0.01 GB
2026-03-13 01:30:51,618 [PID:2322683] INFO - Downloaded: 3B-HHR.MS.MRG.3IMERG.20241215-S220000-E222959.1320.V07B.HDF5
2026-03-13 01:30:51,620 [PID:2322683] INFO -  Getting 1 granules, approx download size: 0.01 GB
2026-03-13 01:30:52,457 [PID:2321880] INFO - Downloaded: 3B-HHR.MS.MRG.3IMERG.20241215-S230000-E232959.1380.V07B.HDF5
2026-03-13 01:30:52,464 [PID:2321880] INFO -  Getting 1 granules, approx download size: 0.01 GB
2026-03-13 01:30:56,258 [PID:2322683] INFO - Downloaded: 3B-HHR.MS.MRG.3IMERG.20241216-S000000-E002959.0000.V07B.HDF5
2026-03-13 01:30:56,259 [PID:2322683] INFO -  Getting 1 granules, approx download size: 0.01 GB
2026-03-13 01:30:56,439 [PID:2322699] INFO - Downloaded: 3B-HHR.MS.MRG.3IMERG.20241215-S233000-E235959.1410.V07B.HDF5
2026-03-13 01:30:56,440 [PID:2322699] INFO -  Getting 1 granules, approx download size: 0.01 GB
2026-03-13 01:30:57,001 [PID:2321880] INFO - Downloaded: 3B-HHR.MS.MRG.3IMERG.20241216-S003000-E005959.0030.V07B.HDF5
2026-03-13 01:30:57,003 [PID:2321880] INFO -  Getting 1 granules, approx download size: 0.01 GB
2026-03-13 01:31:00,408 [PID:2322683] INFO - Downloaded: 3B-HHR.MS.MRG.3IMERG.20241216-S010000-E012959.0060.V07B.HDF5
2026-03-13 01:31:00,418 [PID:2322683] INFO -  Getting 1 granules, approx download size: 0.01 GB
2026-03-13 01:31:00,909 [PID:2322699] INFO - Downloaded: 3B-HHR.MS.MRG.3IMERG.20241216-S013000-E015959.0090.V07B.HDF5
2026-03-13 01:31:00,911 [PID:2322699] INFO -  Getting 1 granules, approx download size: 0.01 GB
2026-03-13 01:31:02,496 [PID:2321880] INFO - Downloaded: 3B-HHR.MS.MRG.3IMERG.20241216-S020000-E022959.0120.V07B.HDF5
2026-03-13 01:31:02,497 [PID:2321880] INFO -  Getting 1 granules, approx download size: 0.01 GB
2026-03-13 01:31:04,284 [PID:2322683] INFO - Downloaded: 3B-HHR.MS.MRG.3IMERG.20241216-S023000-E025959.0150.V07B.HDF5
2026-03-13 01:31:04,286 [PID:2322683] INFO -  Getting 1 granules, approx download size: 0.01 GB
2026-03-13 01:31:05,055 [PID:2322699] INFO - Downloaded: 3B-HHR.MS.MRG.3IMERG.20241216-S030000-E032959.0180.V07B.HDF5
2026-03-13 01:31:05,057 [PID:2322699] INFO -  Getting 1 granules, approx download size: 0.01 GB
2026-03-13 01:31:06,009 [PID:2321880] INFO - Downloaded: 3B-HHR.MS.MRG.3IMERG.20241216-S033000-E035959.0210.V07B.HDF5
2026-03-13 01:31:06,018 [PID:2321880] INFO -  Getting 1 granules, approx download size: 0.01 GB
2026-03-13 01:31:07,903 [PID:2322683] INFO - Downloaded: 3B-HHR.MS.MRG.3IMERG.20241216-S040000-E042959.0240.V07B.HDF5
2026-03-13 01:31:07,905 [PID:2322683] INFO -  Getting 1 granules, approx download size: 0.01 GB
2026-03-13 01:31:09,198 [PID:2322699] INFO - Downloaded: 3B-HHR.MS.MRG.3IMERG.20241216-S043000-E045959.0270.V07B.HDF5
2026-03-13 01:31:09,200 [PID:2322699] INFO -  Getting 1 granules, approx download size: 0.01 GB
2026-03-13 01:31:09,661 [PID:2321880] INFO - Downloaded: 3B-HHR.MS.MRG.3IMERG.20241216-S050000-E052959.0300.V07B.HDF5
2026-03-13 01:31:09,662 [PID:2321880] INFO -  Getting 1 granules, approx download size: 0.01 GB
2026-03-13 01:31:11,629 [PID:2322683] INFO - Downloaded: 3B-HHR.MS.MRG.3IMERG.20241216-S053000-E055959.0330.V07B.HDF5
2026-03-13 01:31:11,634 [PID:2322683] INFO -  Getting 1 granules, approx download size: 0.01 GB
2026-03-13 01:31:13,689 [PID:2322699] INFO - Downloaded: 3B-HHR.MS.MRG.3IMERG.20241216-S060000-E062959.0360.V07B.HDF5
2026-03-13 01:31:13,690 [PID:2322699] INFO -  Getting 1 granules, approx download size: 0.01 GB
2026-03-13 01:31:13,756 [PID:2321880] INFO - Downloaded: 3B-HHR.MS.MRG.3IMERG.20241216-S063000-E065959.0390.V07B.HDF5
2026-03-13 01:31:13,757 [PID:2321880] INFO -  Getting 1 granules, approx download size: 0.01 GB
2026-03-13 01:31:14,932 [PID:2322683] INFO - Downloaded: 3B-HHR.MS.MRG.3IMERG.20241216-S070000-E072959.0420.V07B.HDF5
2026-03-13 01:31:14,939 [PID:2322683] INFO -  Getting 1 granules, approx download size: 0.01 GB
2026-03-13 01:31:18,677 [PID:2321880] INFO - Downloaded: 3B-HHR.MS.MRG.3IMERG.20241216-S080000-E082959.0480.V07B.HDF5
2026-03-13 01:31:18,679 [PID:2321880] INFO -  Getting 1 granules, approx download size: 0.01 GB
2026-03-13 01:31:19,272 [PID:2322683] INFO - Downloaded: 3B-HHR.MS.MRG.3IMERG.20241216-S083000-E085959.0510.V07B.HDF5
2026-03-13 01:31:19,280 [PID:2322683] INFO -  Getting 1 granules, approx download size: 0.01 GB
2026-03-13 01:31:19,374 [PID:2322699] INFO - Downloaded: 3B-HHR.MS.MRG.3IMERG.20241216-S073000-E075959.0450.V07B.HDF5
2026-03-13 01:31:19,375 [PID:2322699] INFO -  Getting 1 granules, approx download size: 0.01 GB
2026-03-13 01:31:23,908 [PID:2322699] INFO - Downloaded: 3B-HHR.MS.MRG.3IMERG.20241216-S100000-E102959.0600.V07B.HDF5
2026-03-13 01:31:23,910 [PID:2322699] INFO -  Getting 1 granules, approx download size: 0.01 GB
2026-03-13 01:31:24,372 [PID:2322683] INFO - Downloaded: 3B-HHR.MS.MRG.3IMERG.20241216-S093000-E095959.0570.V07B.HDF5
2026-03-13 01:31:24,382 [PID:2322683] INFO -  Getting 1 granules, approx download size: 0.01 GB
2026-03-13 01:31:24,398 [PID:2321880] INFO - Downloaded: 3B-HHR.MS.MRG.3IMERG.20241216-S090000-E092959.0540.V07B.HDF5
2026-03-13 01:31:24,400 [PID:2321880] INFO -  Getting 1 granules, approx download size: 0.01 GB
2026-03-13 01:31:28,157 [PID:2287901] INFO - Progress: 800/1549 (Success: 800, Failed: 0)
2026-03-13 01:31:28,401 [PID:2322699] INFO - Downloaded: 3B-HHR.MS.MRG.3IMERG.20241216-S103000-E105959.0630.V07B.HDF5
2026-03-13 01:31:28,403 [PID:2322699] INFO -  Getting 1 granules, approx download size: 0.01 GB
2026-03-13 01:31:29,213 [PID:2322683] INFO - Downloaded: 3B-HHR.MS.MRG.3IMERG.20241216-S110000-E112959.0660.V07B.HDF5
2026-03-13 01:31:29,223 [PID:2322683] INFO -  Getting 1 granules, approx download size: 0.01 GB
2026-03-13 01:31:29,350 [PID:2321880] INFO - Downloaded: 3B-HHR.MS.MRG.3IMERG.20241216-S113000-E115959.0690.V07B.HDF5
2026-03-13 01:31:31,773 [PID:2323676] INFO - Worker 2323676 authenticated with Earthdata
2026-03-13 01:31:31,776 [PID:2323676] INFO -  Getting 1 granules, approx download size: 0.01 GB
2026-03-13 01:31:32,884 [PID:2322699] INFO - Downloaded: 3B-HHR.MS.MRG.3IMERG.20241216-S120000-E122959.0720.V07B.HDF5
2026-03-13 01:31:32,886 [PID:2322699] INFO -  Getting 1 granules, approx download size: 0.01 GB
2026-03-13 01:31:33,382 [PID:2322683] INFO - Downloaded: 3B-HHR.MS.MRG.3IMERG.20241216-S123000-E125959.0750.V07B.HDF5
2026-03-13 01:31:33,383 [PID:2322683] INFO -  Getting 1 granules, approx download size: 0.01 GB
2026-03-13 01:31:36,706 [PID:2322699] INFO - Downloaded: 3B-HHR.MS.MRG.3IMERG.20241216-S133000-E135959.0810.V07B.HDF5
2026-03-13 01:31:36,707 [PID:2322699] INFO -  Getting 1 granules, approx download size: 0.01 GB
2026-03-13 01:31:37,156 [PID:2322683] INFO - Downloaded: 3B-HHR.MS.MRG.3IMERG.20241216-S140000-E142959.0840.V07B.HDF5
2026-03-13 01:31:37,158 [PID:2322683] INFO -  Getting 1 granules, approx download size: 0.01 GB
2026-03-13 01:31:38,599 [PID:2323676] INFO - Downloaded: 3B-HHR.MS.MRG.3IMERG.20241216-S130000-E132959.0780.V07B.HDF5
2026-03-13 01:31:38,602 [PID:2323676] INFO -  Getting 1 granules, approx download size: 0.01 GB
2026-03-13 01:31:41,399 [PID:2322699] INFO - Downloaded: 3B-HHR.MS.MRG.3IMERG.20241216-S143000-E145959.0870.V07B.HDF5
2026-03-13 01:31:41,511 [PID:2322699] INFO -  Getting 1 granules, approx download size: 0.01 GB
2026-03-13 01:31:41,618 [PID:2322683] INFO - Downloaded: 3B-HHR.MS.MRG.3IMERG.20241216-S150000-E152959.0900.V07B.HDF5
2026-03-13 01:31:41,620 [PID:2322683] INFO -  Getting 1 granules, approx download size: 0.01 GB
2026-03-13 01:31:42,902 [PID:2323676] INFO - Downloaded: 3B-HHR.MS.MRG.3IMERG.20241216-S153000-E155959.0930.V07B.HDF5
2026-03-13 01:31:42,903 [PID:2323676] INFO -  Getting 1 granules, approx download size: 0.01 GB
2026-03-13 01:31:46,103 [PID:2322683] INFO - Downloaded: 3B-HHR.MS.MRG.3IMERG.20241216-S163000-E165959.0990.V07B.HDF5
2026-03-13 01:31:46,104 [PID:2322683] INFO -  Getting 1 granules, approx download size: 0.01 GB
2026-03-13 01:31:46,117 [PID:2322699] INFO - Downloaded: 3B-HHR.MS.MRG.3IMERG.20241216-S160000-E162959.0960.V07B.HDF5
2026-03-13 01:31:46,118 [PID:2322699] INFO -  Getting 1 granules, approx download size: 0.01 GB
2026-03-13 01:31:46,599 [PID:2323676] INFO - Downloaded: 3B-HHR.MS.MRG.3IMERG.20241216-S170000-E172959.1020.V07B.HDF5
2026-03-13 01:31:46,611 [PID:2323676] INFO -  Getting 1 granules, approx download size: 0.01 GB
2026-03-13 01:31:50,724 [PID:2322699] INFO - Downloaded: 3B-HHR.MS.MRG.3IMERG.20241216-S180000-E182959.1080.V07B.HDF5
2026-03-13 01:31:50,726 [PID:2322699] INFO -  Getting 1 granules, approx download size: 0.01 GB
2026-03-13 01:31:50,838 [PID:2322683] INFO - Downloaded: 3B-HHR.MS.MRG.3IMERG.20241216-S173000-E175959.1050.V07B.HDF5
2026-03-13 01:31:50,840 [PID:2322683] INFO -  Getting 1 granules, approx download size: 0.01 GB
2026-03-13 01:31:51,751 [PID:2323676] INFO - Downloaded: 3B-HHR.MS.MRG.3IMERG.20241216-S183000-E185959.1110.V07B.HDF5
2026-03-13 01:31:51,759 [PID:2323676] INFO -  Getting 1 granules, approx download size: 0.01 GB
2026-03-13 01:31:55,424 [PID:2322683] INFO - Downloaded: 3B-HHR.MS.MRG.3IMERG.20241216-S193000-E195959.1170.V07B.HDF5
2026-03-13 01:31:55,427 [PID:2322683] INFO -  Getting 1 granules, approx download size: 0.01 GB
2026-03-13 01:31:55,452 [PID:2322699] INFO - Downloaded: 3B-HHR.MS.MRG.3IMERG.20241216-S190000-E192959.1140.V07B.HDF5
2026-03-13 01:31:55,454 [PID:2322699] INFO -  Getting 1 granules, approx download size: 0.01 GB
2026-03-13 01:31:55,830 [PID:2323676] INFO - Downloaded: 3B-HHR.MS.MRG.3IMERG.20241216-S200000-E202959.1200.V07B.HDF5
2026-03-13 01:31:55,832 [PID:2323676] INFO -  Getting 1 granules, approx download size: 0.01 GB
2026-03-13 01:31:59,982 [PID:2323676] INFO - Downloaded: 3B-HHR.MS.MRG.3IMERG.20241216-S213000-E215959.1290.V07B.HDF5
2026-03-13 01:31:59,984 [PID:2323676] INFO -  Getting 1 granules, approx download size: 0.01 GB
2026-03-13 01:32:00,867 [PID:2322699] INFO - Downloaded: 3B-HHR.MS.MRG.3IMERG.20241216-S210000-E212959.1260.V07B.HDF5
2026-03-13 01:32:00,869 [PID:2322699] INFO -  Getting 1 granules, approx download size: 0.01 GB
2026-03-13 01:32:00,984 [PID:2322683] INFO - Downloaded: 3B-HHR.MS.MRG.3IMERG.20241216-S203000-E205959.1230.V07B.HDF5
2026-03-13 01:32:00,985 [PID:2322683] INFO -  Getting 1 granules, approx download size: 0.01 GB
2026-03-13 01:32:03,585 [PID:2323676] INFO - Downloaded: 3B-HHR.MS.MRG.3IMERG.20241216-S220000-E222959.1320.V07B.HDF5
2026-03-13 01:32:03,586 [PID:2323676] INFO -  Getting 1 granules, approx download size: 0.01 GB
2026-03-13 01:32:04,992 [PID:2322699] INFO - Downloaded: 3B-HHR.MS.MRG.3IMERG.20241216-S223000-E225959.1350.V07B.HDF5
2026-03-13 01:32:04,996 [PID:2322699] INFO -  Getting 1 granules, approx download size: 0.01 GB
2026-03-13 01:32:05,744 [PID:2322683] INFO - Downloaded: 3B-HHR.MS.MRG.3IMERG.20241216-S230000-E232959.1380.V07B.HDF5
2026-03-13 01:32:05,749 [PID:2322683] INFO -  Getting 1 granules, approx download size: 0.01 GB
2026-03-13 01:32:07,026 [PID:2323676] INFO - Downloaded: 3B-HHR.MS.MRG.3IMERG.20241216-S233000-E235959.1410.V07B.HDF5
2026-03-13 01:32:07,034 [PID:2323676] INFO -  Getting 1 granules, approx download size: 0.01 GB
2026-03-13 01:32:08,951 [PID:2322699] INFO - Downloaded: 3B-HHR.MS.MRG.3IMERG.20241217-S000000-E002959.0000.V07B.HDF5
2026-03-13 01:32:08,953 [PID:2322699] INFO -  Getting 1 granules, approx download size: 0.01 GB
2026-03-13 01:32:09,636 [PID:2322683] INFO - Downloaded: 3B-HHR.MS.MRG.3IMERG.20241217-S003000-E005959.0030.V07B.HDF5
2026-03-13 01:32:09,647 [PID:2322683] INFO -  Getting 1 granules, approx download size: 0.01 GB
2026-03-13 01:32:10,571 [PID:2323676] INFO - Downloaded: 3B-HHR.MS.MRG.3IMERG.20241217-S010000-E012959.0060.V07B.HDF5
2026-03-13 01:32:10,582 [PID:2323676] INFO -  Getting 1 granules, approx download size: 0.01 GB
2026-03-13 01:32:12,736 [PID:2322699] INFO - Downloaded: 3B-HHR.MS.MRG.3IMERG.20241217-S013000-E015959.0090.V07B.HDF5
2026-03-13 01:32:12,742 [PID:2322699] INFO -  Getting 1 granules, approx download size: 0.01 GB
2026-03-13 01:32:13,424 [PID:2322683] INFO - Downloaded: 3B-HHR.MS.MRG.3IMERG.20241217-S020000-E022959.0120.V07B.HDF5
2026-03-13 01:32:13,425 [PID:2322683] INFO -  Getting 1 granules, approx download size: 0.01 GB
2026-03-13 01:32:14,180 [PID:2323676] INFO - Downloaded: 3B-HHR.MS.MRG.3IMERG.20241217-S023000-E025959.0150.V07B.HDF5
2026-03-13 01:32:14,182 [PID:2323676] INFO -  Getting 1 granules, approx download size: 0.01 GB
2026-03-13 01:32:16,763 [PID:2322699] INFO - Downloaded: 3B-HHR.MS.MRG.3IMERG.20241217-S030000-E032959.0180.V07B.HDF5
2026-03-13 01:32:16,771 [PID:2322699] INFO -  Getting 1 granules, approx download size: 0.01 GB
2026-03-13 01:32:17,374 [PID:2322683] INFO - Downloaded: 3B-HHR.MS.MRG.3IMERG.20241217-S033000-E035959.0210.V07B.HDF5
2026-03-13 01:32:17,375 [PID:2322683] INFO -  Getting 1 granules, approx download size: 0.01 GB
2026-03-13 01:32:18,294 [PID:2323676] INFO - Downloaded: 3B-HHR.MS.MRG.3IMERG.20241217-S040000-E042959.0240.V07B.HDF5
2026-03-13 01:32:18,296 [PID:2323676] INFO -  Getting 1 granules, approx download size: 0.01 GB
2026-03-13 01:32:20,518 [PID:2322699] INFO - Downloaded: 3B-HHR.MS.MRG.3IMERG.20241217-S043000-E045959.0270.V07B.HDF5
2026-03-13 01:32:20,519 [PID:2322699] INFO -  Getting 1 granules, approx download size: 0.01 GB
2026-03-13 01:32:21,612 [PID:2322683] INFO - Downloaded: 3B-HHR.MS.MRG.3IMERG.20241217-S050000-E052959.0300.V07B.HDF5
2026-03-13 01:32:21,613 [PID:2322683] INFO -  Getting 1 granules, approx download size: 0.01 GB
2026-03-13 01:32:21,973 [PID:2323676] INFO - Downloaded: 3B-HHR.MS.MRG.3IMERG.20241217-S053000-E055959.0330.V07B.HDF5
2026-03-13 01:32:21,974 [PID:2323676] INFO -  Getting 1 granules, approx download size: 0.01 GB
2026-03-13 01:32:24,311 [PID:2322699] INFO - Downloaded: 3B-HHR.MS.MRG.3IMERG.20241217-S060000-E062959.0360.V07B.HDF5
2026-03-13 01:32:24,312 [PID:2322699] INFO -  Getting 1 granules, approx download size: 0.01 GB
2026-03-13 01:32:25,779 [PID:2322683] INFO - Downloaded: 3B-HHR.MS.MRG.3IMERG.20241217-S063000-E065959.0390.V07B.HDF5
2026-03-13 01:32:25,781 [PID:2322683] INFO -  Getting 1 granules, approx download size: 0.01 GB
2026-03-13 01:32:26,093 [PID:2323676] INFO - Downloaded: 3B-HHR.MS.MRG.3IMERG.20241217-S070000-E072959.0420.V07B.HDF5
2026-03-13 01:32:26,094 [PID:2323676] INFO -  Getting 1 granules, approx download size: 0.01 GB
2026-03-13 01:32:28,955 [PID:2322699] INFO - Downloaded: 3B-HHR.MS.MRG.3IMERG.20241217-S073000-E075959.0450.V07B.HDF5
2026-03-13 01:32:28,956 [PID:2322699] INFO -  Getting 1 granules, approx download size: 0.01 GB
2026-03-13 01:32:30,182 [PID:2322683] INFO - Downloaded: 3B-HHR.MS.MRG.3IMERG.20241217-S080000-E082959.0480.V07B.HDF5
2026-03-13 01:32:30,183 [PID:2322683] INFO -  Getting 1 granules, approx download size: 0.01 GB
2026-03-13 01:32:30,340 [PID:2323676] INFO - Downloaded: 3B-HHR.MS.MRG.3IMERG.20241217-S083000-E085959.0510.V07B.HDF5
2026-03-13 01:32:30,346 [PID:2323676] INFO -  Getting 1 granules, approx download size: 0.01 GB
2026-03-13 01:32:34,313 [PID:2322699] INFO - Downloaded: 3B-HHR.MS.MRG.3IMERG.20241217-S090000-E092959.0540.V07B.HDF5
2026-03-13 01:32:34,323 [PID:2322699] INFO -  Getting 1 granules, approx download size: 0.01 GB
2026-03-13 01:32:34,749 [PID:2322683] INFO - Downloaded: 3B-HHR.MS.MRG.3IMERG.20241217-S093000-E095959.0570.V07B.HDF5
2026-03-13 01:32:34,751 [PID:2322683] INFO -  Getting 1 granules, approx download size: 0.01 GB
2026-03-13 01:32:35,170 [PID:2323676] INFO - Downloaded: 3B-HHR.MS.MRG.3IMERG.20241217-S100000-E102959.0600.V07B.HDF5
2026-03-13 01:32:35,172 [PID:2323676] INFO -  Getting 1 granules, approx download size: 0.01 GB
2026-03-13 01:32:36,011 [PID:2287901] INFO - Progress: 850/1549 (Success: 850, Failed: 0)
2026-03-13 01:32:38,115 [PID:2322699] INFO - Downloaded: 3B-HHR.MS.MRG.3IMERG.20241217-S103000-E105959.0630.V07B.HDF5
2026-03-13 01:32:38,117 [PID:2322699] INFO -  Getting 1 granules, approx download size: 0.01 GB
2026-03-13 01:32:39,530 [PID:2322683] INFO - Downloaded: 3B-HHR.MS.MRG.3IMERG.20241217-S110000-E112959.0660.V07B.HDF5
2026-03-13 01:32:39,531 [PID:2322683] INFO -  Getting 1 granules, approx download size: 0.01 GB
2026-03-13 01:32:39,548 [PID:2323676] INFO - Downloaded: 3B-HHR.MS.MRG.3IMERG.20241217-S113000-E115959.0690.V07B.HDF5
2026-03-13 01:32:39,549 [PID:2323676] INFO -  Getting 1 granules, approx download size: 0.01 GB
2026-03-13 01:32:41,682 [PID:2322699] INFO - Downloaded: 3B-HHR.MS.MRG.3IMERG.20241217-S120000-E122959.0720.V07B.HDF5
2026-03-13 01:32:41,684 [PID:2322699] INFO -  Getting 1 granules, approx download size: 0.01 GB
2026-03-13 01:32:43,344 [PID:2322683] INFO - Downloaded: 3B-HHR.MS.MRG.3IMERG.20241217-S123000-E125959.0750.V07B.HDF5
2026-03-13 01:32:43,346 [PID:2322683] INFO -  Getting 1 granules, approx download size: 0.01 GB
2026-03-13 01:32:43,582 [PID:2323676] INFO - Downloaded: 3B-HHR.MS.MRG.3IMERG.20241217-S130000-E132959.0780.V07B.HDF5
2026-03-13 01:32:43,584 [PID:2323676] INFO -  Getting 1 granules, approx download size: 0.01 GB
2026-03-13 01:32:45,532 [PID:2322699] INFO - Downloaded: 3B-HHR.MS.MRG.3IMERG.20241217-S133000-E135959.0810.V07B.HDF5
2026-03-13 01:32:45,534 [PID:2322699] INFO -  Getting 1 granules, approx download size: 0.01 GB
2026-03-13 01:32:47,050 [PID:2322683] INFO - Downloaded: 3B-HHR.MS.MRG.3IMERG.20241217-S140000-E142959.0840.V07B.HDF5
2026-03-13 01:32:47,051 [PID:2322683] INFO -  Getting 1 granules, approx download size: 0.01 GB
2026-03-13 01:32:47,836 [PID:2323676] INFO - Downloaded: 3B-HHR.MS.MRG.3IMERG.20241217-S143000-E145959.0870.V07B.HDF5
2026-03-13 01:32:47,837 [PID:2323676] INFO -  Getting 1 granules, approx download size: 0.01 GB
2026-03-13 01:32:49,947 [PID:2322699] INFO - Downloaded: 3B-HHR.MS.MRG.3IMERG.20241217-S150000-E152959.0900.V07B.HDF5
2026-03-13 01:32:49,949 [PID:2322699] INFO -  Getting 1 granules, approx download size: 0.01 GB
2026-03-13 01:32:51,032 [PID:2322683] INFO - Downloaded: 3B-HHR.MS.MRG.3IMERG.20241217-S153000-E155959.0930.V07B.HDF5
2026-03-13 01:32:51,034 [PID:2322683] INFO -  Getting 1 granules, approx download size: 0.01 GB
2026-03-13 01:32:51,448 [PID:2323676] INFO - Downloaded: 3B-HHR.MS.MRG.3IMERG.20241217-S160000-E162959.0960.V07B.HDF5
2026-03-13 01:32:51,449 [PID:2323676] INFO -  Getting 1 granules, approx download size: 0.01 GB
2026-03-13 01:32:53,699 [PID:2322699] INFO - Downloaded: 3B-HHR.MS.MRG.3IMERG.20241217-S163000-E165959.0990.V07B.HDF5
2026-03-13 01:32:53,701 [PID:2322699] INFO -  Getting 1 granules, approx download size: 0.01 GB
2026-03-13 01:32:56,030 [PID:2323676] INFO - Downloaded: 3B-HHR.MS.MRG.3IMERG.20241217-S173000-E175959.1050.V07B.HDF5
2026-03-13 01:32:56,032 [PID:2323676] INFO -  Getting 1 granules, approx download size: 0.01 GB
2026-03-13 01:32:56,074 [PID:2322683] INFO - Downloaded: 3B-HHR.MS.MRG.3IMERG.20241217-S170000-E172959.1020.V07B.HDF5
2026-03-13 01:32:56,075 [PID:2322683] INFO -  Getting 1 granules, approx download size: 0.01 GB
2026-03-13 01:32:57,426 [PID:2322699] INFO - Downloaded: 3B-HHR.MS.MRG.3IMERG.20241217-S180000-E182959.1080.V07B.HDF5
2026-03-13 01:32:57,428 [PID:2322699] INFO -  Getting 1 granules, approx download size: 0.01 GB
2026-03-13 01:33:00,283 [PID:2322683] INFO - Downloaded: 3B-HHR.MS.MRG.3IMERG.20241217-S190000-E192959.1140.V07B.HDF5
2026-03-13 01:33:00,284 [PID:2322683] INFO -  Getting 1 granules, approx download size: 0.01 GB
2026-03-13 01:33:01,113 [PID:2323676] INFO - Downloaded: 3B-HHR.MS.MRG.3IMERG.20241217-S183000-E185959.1110.V07B.HDF5
2026-03-13 01:33:01,115 [PID:2323676] INFO -  Getting 1 granules, approx download size: 0.01 GB
2026-03-13 01:33:02,047 [PID:2322699] INFO - Downloaded: 3B-HHR.MS.MRG.3IMERG.20241217-S193000-E195959.1170.V07B.HDF5
2026-03-13 01:33:02,048 [PID:2322699] INFO -  Getting 1 granules, approx download size: 0.01 GB
2026-03-13 01:33:03,818 [PID:2322683] INFO - Downloaded: 3B-HHR.MS.MRG.3IMERG.20241217-S200000-E202959.1200.V07B.HDF5
2026-03-13 01:33:05,694 [PID:2323676] INFO - Downloaded: 3B-HHR.MS.MRG.3IMERG.20241217-S203000-E205959.1230.V07B.HDF5
2026-03-13 01:33:05,720 [PID:2323676] INFO -  Getting 1 granules, approx download size: 0.01 GB
2026-03-13 01:33:05,764 [PID:2322699] INFO - Downloaded: 3B-HHR.MS.MRG.3IMERG.20241217-S210000-E212959.1260.V07B.HDF5
2026-03-13 01:33:06,256 [PID:2324418] INFO - Worker 2324418 authenticated with Earthdata
2026-03-13 01:33:06,260 [PID:2324418] INFO -  Getting 1 granules, approx download size: 0.01 GB
2026-03-13 01:33:08,037 [PID:2324433] INFO - Worker 2324433 authenticated with Earthdata
2026-03-13 01:33:08,041 [PID:2324433] INFO -  Getting 1 granules, approx download size: 0.01 GB
2026-03-13 01:33:09,111 [PID:2323676] INFO - Downloaded: 3B-HHR.MS.MRG.3IMERG.20241217-S213000-E215959.1290.V07B.HDF5
2026-03-13 01:33:09,112 [PID:2323676] INFO -  Getting 1 granules, approx download size: 0.01 GB
2026-03-13 01:33:13,013 [PID:2324418] INFO - Downloaded: 3B-HHR.MS.MRG.3IMERG.20241217-S220000-E222959.1320.V07B.HDF5
2026-03-13 01:33:13,020 [PID:2324418] INFO -  Getting 1 granules, approx download size: 0.01 GB
2026-03-13 01:33:13,139 [PID:2323676] INFO - Downloaded: 3B-HHR.MS.MRG.3IMERG.20241217-S230000-E232959.1380.V07B.HDF5
2026-03-13 01:33:13,140 [PID:2323676] INFO -  Getting 1 granules, approx download size: 0.01 GB
2026-03-13 01:33:14,801 [PID:2324433] INFO - Downloaded: 3B-HHR.MS.MRG.3IMERG.20241217-S223000-E225959.1350.V07B.HDF5
2026-03-13 01:33:14,808 [PID:2324433] INFO -  Getting 1 granules, approx download size: 0.01 GB
2026-03-13 01:33:16,858 [PID:2323676] INFO - Downloaded: 3B-HHR.MS.MRG.3IMERG.20241218-S000000-E002959.0000.V07B.HDF5
2026-03-13 01:33:16,870 [PID:2323676] INFO -  Getting 1 granules, approx download size: 0.01 GB
2026-03-13 01:33:18,240 [PID:2324418] INFO - Downloaded: 3B-HHR.MS.MRG.3IMERG.20241217-S233000-E235959.1410.V07B.HDF5
2026-03-13 01:33:18,242 [PID:2324418] INFO -  Getting 1 granules, approx download size: 0.01 GB
2026-03-13 01:33:18,594 [PID:2324433] INFO - Downloaded: 3B-HHR.MS.MRG.3IMERG.20241218-S003000-E005959.0030.V07B.HDF5
2026-03-13 01:33:18,595 [PID:2324433] INFO -  Getting 1 granules, approx download size: 0.01 GB
2026-03-13 01:33:20,173 [PID:2323676] INFO - Downloaded: 3B-HHR.MS.MRG.3IMERG.20241218-S010000-E012959.0060.V07B.HDF5
2026-03-13 01:33:20,181 [PID:2323676] INFO -  Getting 1 granules, approx download size: 0.01 GB
2026-03-13 01:33:22,730 [PID:2324418] INFO - Downloaded: 3B-HHR.MS.MRG.3IMERG.20241218-S013000-E015959.0090.V07B.HDF5
2026-03-13 01:33:22,732 [PID:2324418] INFO -  Getting 1 granules, approx download size: 0.01 GB
2026-03-13 01:33:23,128 [PID:2324433] INFO - Downloaded: 3B-HHR.MS.MRG.3IMERG.20241218-S020000-E022959.0120.V07B.HDF5
2026-03-13 01:33:23,130 [PID:2324433] INFO -  Getting 1 granules, approx download size: 0.01 GB
2026-03-13 01:33:23,612 [PID:2323676] INFO - Downloaded: 3B-HHR.MS.MRG.3IMERG.20241218-S023000-E025959.0150.V07B.HDF5
2026-03-13 01:33:23,614 [PID:2323676] INFO -  Getting 1 granules, approx download size: 0.01 GB
2026-03-13 01:33:27,181 [PID:2324418] INFO - Downloaded: 3B-HHR.MS.MRG.3IMERG.20241218-S030000-E032959.0180.V07B.HDF5
2026-03-13 01:33:27,182 [PID:2324418] INFO -  Getting 1 granules, approx download size: 0.01 GB
2026-03-13 01:33:27,657 [PID:2324433] INFO - Downloaded: 3B-HHR.MS.MRG.3IMERG.20241218-S033000-E035959.0210.V07B.HDF5
2026-03-13 01:33:27,659 [PID:2324433] INFO -  Getting 1 granules, approx download size: 0.01 GB
2026-03-13 01:33:27,800 [PID:2323676] INFO - Downloaded: 3B-HHR.MS.MRG.3IMERG.20241218-S040000-E042959.0240.V07B.HDF5
2026-03-13 01:33:27,807 [PID:2323676] INFO -  Getting 1 granules, approx download size: 0.01 GB
2026-03-13 01:33:31,053 [PID:2324418] INFO - Downloaded: 3B-HHR.MS.MRG.3IMERG.20241218-S043000-E045959.0270.V07B.HDF5
2026-03-13 01:33:31,054 [PID:2324418] INFO -  Getting 1 granules, approx download size: 0.01 GB
2026-03-13 01:33:32,301 [PID:2323676] INFO - Downloaded: 3B-HHR.MS.MRG.3IMERG.20241218-S053000-E055959.0330.V07B.HDF5
2026-03-13 01:33:32,302 [PID:2323676] INFO -  Getting 1 granules, approx download size: 0.01 GB
2026-03-13 01:33:32,303 [PID:2324433] INFO - Downloaded: 3B-HHR.MS.MRG.3IMERG.20241218-S050000-E052959.0300.V07B.HDF5
2026-03-13 01:33:32,303 [PID:2324433] INFO -  Getting 1 granules, approx download size: 0.01 GB
2026-03-13 01:33:36,694 [PID:2323676] INFO - Downloaded: 3B-HHR.MS.MRG.3IMERG.20241218-S063000-E065959.0390.V07B.HDF5
2026-03-13 01:33:36,704 [PID:2323676] INFO -  Getting 1 granules, approx download size: 0.01 GB
2026-03-13 01:33:36,720 [PID:2324433] INFO - Downloaded: 3B-HHR.MS.MRG.3IMERG.20241218-S070000-E072959.0420.V07B.HDF5
2026-03-13 01:33:36,721 [PID:2324433] INFO -  Getting 1 granules, approx download size: 0.01 GB
2026-03-13 01:33:37,403 [PID:2324418] INFO - Downloaded: 3B-HHR.MS.MRG.3IMERG.20241218-S060000-E062959.0360.V07B.HDF5
2026-03-13 01:33:37,404 [PID:2324418] INFO -  Getting 1 granules, approx download size: 0.01 GB
2026-03-13 01:33:41,134 [PID:2324433] INFO - Downloaded: 3B-HHR.MS.MRG.3IMERG.20241218-S080000-E082959.0480.V07B.HDF5
2026-03-13 01:33:41,135 [PID:2324433] INFO -  Getting 1 granules, approx download size: 0.01 GB
2026-03-13 01:33:41,473 [PID:2323676] INFO - Downloaded: 3B-HHR.MS.MRG.3IMERG.20241218-S073000-E075959.0450.V07B.HDF5
2026-03-13 01:33:41,474 [PID:2323676] INFO -  Getting 1 granules, approx download size: 0.01 GB
2026-03-13 01:33:43,138 [PID:2324418] INFO - Downloaded: 3B-HHR.MS.MRG.3IMERG.20241218-S083000-E085959.0510.V07B.HDF5
2026-03-13 01:33:43,139 [PID:2324418] INFO -  Getting 1 granules, approx download size: 0.01 GB
2026-03-13 01:33:44,954 [PID:2324433] INFO - Downloaded: 3B-HHR.MS.MRG.3IMERG.20241218-S090000-E092959.0540.V07B.HDF5
2026-03-13 01:33:44,958 [PID:2324433] INFO -  Getting 1 granules, approx download size: 0.01 GB
2026-03-13 01:33:45,474 [PID:2323676] INFO - Downloaded: 3B-HHR.MS.MRG.3IMERG.20241218-S093000-E095959.0570.V07B.HDF5
2026-03-13 01:33:45,478 [PID:2323676] INFO -  Getting 1 granules, approx download size: 0.01 GB
2026-03-13 01:33:46,806 [PID:2324418] INFO - Downloaded: 3B-HHR.MS.MRG.3IMERG.20241218-S100000-E102959.0600.V07B.HDF5
2026-03-13 01:33:46,814 [PID:2324418] INFO -  Getting 1 granules, approx download size: 0.01 GB
2026-03-13 01:33:48,871 [PID:2324433] INFO - Downloaded: 3B-HHR.MS.MRG.3IMERG.20241218-S103000-E105959.0630.V07B.HDF5
2026-03-13 01:33:48,872 [PID:2324433] INFO -  Getting 1 granules, approx download size: 0.01 GB
2026-03-13 01:33:49,273 [PID:2323676] INFO - Downloaded: 3B-HHR.MS.MRG.3IMERG.20241218-S110000-E112959.0660.V07B.HDF5
2026-03-13 01:33:49,279 [PID:2323676] INFO -  Getting 1 granules, approx download size: 0.01 GB
2026-03-13 01:33:50,581 [PID:2324418] INFO - Downloaded: 3B-HHR.MS.MRG.3IMERG.20241218-S113000-E115959.0690.V07B.HDF5
2026-03-13 01:33:50,582 [PID:2324418] INFO -  Getting 1 granules, approx download size: 0.01 GB
2026-03-13 01:33:52,830 [PID:2324433] INFO - Downloaded: 3B-HHR.MS.MRG.3IMERG.20241218-S120000-E122959.0720.V07B.HDF5
2026-03-13 01:33:52,832 [PID:2324433] INFO -  Getting 1 granules, approx download size: 0.01 GB
2026-03-13 01:33:53,233 [PID:2323676] INFO - Downloaded: 3B-HHR.MS.MRG.3IMERG.20241218-S123000-E125959.0750.V07B.HDF5
2026-03-13 01:33:53,235 [PID:2323676] INFO -  Getting 1 granules, approx download size: 0.01 GB
2026-03-13 01:33:53,833 [PID:2287901] INFO - Progress: 900/1549 (Success: 900, Failed: 0)
2026-03-13 01:33:54,150 [PID:2324418] INFO - Downloaded: 3B-HHR.MS.MRG.3IMERG.20241218-S130000-E132959.0780.V07B.HDF5
2026-03-13 01:33:54,152 [PID:2324418] INFO -  Getting 1 granules, approx download size: 0.01 GB
2026-03-13 01:33:56,509 [PID:2324433] INFO - Downloaded: 3B-HHR.MS.MRG.3IMERG.20241218-S133000-E135959.0810.V07B.HDF5
2026-03-13 01:33:56,511 [PID:2324433] INFO -  Getting 1 granules, approx download size: 0.01 GB
2026-03-13 01:33:57,561 [PID:2323676] INFO - Downloaded: 3B-HHR.MS.MRG.3IMERG.20241218-S140000-E142959.0840.V07B.HDF5
2026-03-13 01:33:57,571 [PID:2323676] INFO -  Getting 1 granules, approx download size: 0.01 GB
2026-03-13 01:33:57,815 [PID:2324418] INFO - Downloaded: 3B-HHR.MS.MRG.3IMERG.20241218-S143000-E145959.0870.V07B.HDF5
2026-03-13 01:33:57,816 [PID:2324418] INFO -  Getting 1 granules, approx download size: 0.01 GB
2026-03-13 01:34:00,128 [PID:2324433] INFO - Downloaded: 3B-HHR.MS.MRG.3IMERG.20241218-S150000-E152959.0900.V07B.HDF5
2026-03-13 01:34:00,130 [PID:2324433] INFO -  Getting 1 granules, approx download size: 0.01 GB
2026-03-13 01:34:01,976 [PID:2323676] INFO - Downloaded: 3B-HHR.MS.MRG.3IMERG.20241218-S153000-E155959.0930.V07B.HDF5
2026-03-13 01:34:01,978 [PID:2323676] INFO -  Getting 1 granules, approx download size: 0.01 GB
2026-03-13 01:34:02,036 [PID:2324418] INFO - Downloaded: 3B-HHR.MS.MRG.3IMERG.20241218-S160000-E162959.0960.V07B.HDF5
2026-03-13 01:34:02,037 [PID:2324418] INFO -  Getting 1 granules, approx download size: 0.01 GB
2026-03-13 01:34:06,263 [PID:2323676] INFO - Downloaded: 3B-HHR.MS.MRG.3IMERG.20241218-S170000-E172959.1020.V07B.HDF5
2026-03-13 01:34:06,265 [PID:2323676] INFO -  Getting 1 granules, approx download size: 0.01 GB
2026-03-13 01:34:06,752 [PID:2324418] INFO - Downloaded: 3B-HHR.MS.MRG.3IMERG.20241218-S173000-E175959.1050.V07B.HDF5
2026-03-13 01:34:06,753 [PID:2324418] INFO -  Getting 1 granules, approx download size: 0.01 GB
2026-03-13 01:34:07,039 [PID:2324433] INFO - Downloaded: 3B-HHR.MS.MRG.3IMERG.20241218-S163000-E165959.0990.V07B.HDF5
2026-03-13 01:34:07,041 [PID:2324433] INFO -  Getting 1 granules, approx download size: 0.01 GB
2026-03-13 01:34:09,833 [PID:2323676] INFO - Downloaded: 3B-HHR.MS.MRG.3IMERG.20241218-S180000-E182959.1080.V07B.HDF5
2026-03-13 01:34:09,843 [PID:2323676] INFO -  Getting 1 granules, approx download size: 0.01 GB
2026-03-13 01:34:10,705 [PID:2324418] INFO - Downloaded: 3B-HHR.MS.MRG.3IMERG.20241218-S183000-E185959.1110.V07B.HDF5
2026-03-13 01:34:10,706 [PID:2324418] INFO -  Getting 1 granules, approx download size: 0.01 GB
2026-03-13 01:34:12,343 [PID:2324433] INFO - Downloaded: 3B-HHR.MS.MRG.3IMERG.20241218-S190000-E192959.1140.V07B.HDF5
2026-03-13 01:34:12,345 [PID:2324433] INFO -  Getting 1 granules, approx download size: 0.01 GB
2026-03-13 01:34:13,452 [PID:2323676] INFO - Downloaded: 3B-HHR.MS.MRG.3IMERG.20241218-S193000-E195959.1170.V07B.HDF5
2026-03-13 01:34:13,454 [PID:2323676] INFO -  Getting 1 granules, approx download size: 0.01 GB
2026-03-13 01:34:14,444 [PID:2324418] INFO - Downloaded: 3B-HHR.MS.MRG.3IMERG.20241218-S200000-E202959.1200.V07B.HDF5
2026-03-13 01:34:14,445 [PID:2324418] INFO -  Getting 1 granules, approx download size: 0.01 GB
2026-03-13 01:34:15,841 [PID:2324433] INFO - Downloaded: 3B-HHR.MS.MRG.3IMERG.20241218-S203000-E205959.1230.V07B.HDF5
2026-03-13 01:34:15,849 [PID:2324433] INFO -  Getting 1 granules, approx download size: 0.01 GB
2026-03-13 01:34:16,869 [PID:2323676] INFO - Downloaded: 3B-HHR.MS.MRG.3IMERG.20241218-S210000-E212959.1260.V07B.HDF5
2026-03-13 01:34:16,870 [PID:2323676] INFO -  Getting 1 granules, approx download size: 0.01 GB
2026-03-13 01:34:17,840 [PID:2324418] INFO - Downloaded: 3B-HHR.MS.MRG.3IMERG.20241218-S213000-E215959.1290.V07B.HDF5
2026-03-13 01:34:17,846 [PID:2324418] INFO -  Getting 1 granules, approx download size: 0.01 GB
2026-03-13 01:34:20,097 [PID:2324433] INFO - Downloaded: 3B-HHR.MS.MRG.3IMERG.20241218-S220000-E222959.1320.V07B.HDF5
2026-03-13 01:34:20,099 [PID:2324433] INFO -  Getting 1 granules, approx download size: 0.01 GB
2026-03-13 01:34:20,299 [PID:2323676] INFO - Downloaded: 3B-HHR.MS.MRG.3IMERG.20241218-S223000-E225959.1350.V07B.HDF5
2026-03-13 01:34:20,300 [PID:2323676] INFO -  Getting 1 granules, approx download size: 0.01 GB
2026-03-13 01:34:21,894 [PID:2324418] INFO - Downloaded: 3B-HHR.MS.MRG.3IMERG.20241218-S230000-E232959.1380.V07B.HDF5
2026-03-13 01:34:21,903 [PID:2324418] INFO -  Getting 1 granules, approx download size: 0.01 GB
2026-03-13 01:34:24,144 [PID:2324433] INFO - Downloaded: 3B-HHR.MS.MRG.3IMERG.20241218-S233000-E235959.1410.V07B.HDF5
2026-03-13 01:34:24,145 [PID:2324433] INFO -  Getting 1 granules, approx download size: 0.01 GB
2026-03-13 01:34:24,214 [PID:2323676] INFO - Downloaded: 3B-HHR.MS.MRG.3IMERG.20241219-S000000-E002959.0000.V07B.HDF5
2026-03-13 01:34:24,222 [PID:2323676] INFO -  Getting 1 granules, approx download size: 0.01 GB
2026-03-13 01:34:25,477 [PID:2324418] INFO - Downloaded: 3B-HHR.MS.MRG.3IMERG.20241219-S003000-E005959.0030.V07B.HDF5
2026-03-13 01:34:25,480 [PID:2324418] INFO -  Getting 1 granules, approx download size: 0.01 GB
2026-03-13 01:34:28,171 [PID:2324433] INFO - Downloaded: 3B-HHR.MS.MRG.3IMERG.20241219-S010000-E012959.0060.V07B.HDF5
2026-03-13 01:34:28,173 [PID:2324433] INFO -  Getting 1 granules, approx download size: 0.01 GB
2026-03-13 01:34:28,744 [PID:2323676] INFO - Downloaded: 3B-HHR.MS.MRG.3IMERG.20241219-S013000-E015959.0090.V07B.HDF5
2026-03-13 01:34:28,745 [PID:2323676] INFO -  Getting 1 granules, approx download size: 0.01 GB
2026-03-13 01:34:29,106 [PID:2324418] INFO - Downloaded: 3B-HHR.MS.MRG.3IMERG.20241219-S020000-E022959.0120.V07B.HDF5
2026-03-13 01:34:29,108 [PID:2324418] INFO -  Getting 1 granules, approx download size: 0.01 GB
2026-03-13 01:34:32,220 [PID:2324433] INFO - Downloaded: 3B-HHR.MS.MRG.3IMERG.20241219-S023000-E025959.0150.V07B.HDF5
2026-03-13 01:34:32,222 [PID:2324433] INFO -  Getting 1 granules, approx download size: 0.01 GB
2026-03-13 01:34:32,508 [PID:2323676] INFO - Downloaded: 3B-HHR.MS.MRG.3IMERG.20241219-S030000-E032959.0180.V07B.HDF5
2026-03-13 01:34:32,509 [PID:2323676] INFO -  Getting 1 granules, approx download size: 0.01 GB
2026-03-13 01:34:33,597 [PID:2324418] INFO - Downloaded: 3B-HHR.MS.MRG.3IMERG.20241219-S033000-E035959.0210.V07B.HDF5
2026-03-13 01:34:33,598 [PID:2324418] INFO -  Getting 1 granules, approx download size: 0.01 GB
2026-03-13 01:34:37,392 [PID:2323676] INFO - Downloaded: 3B-HHR.MS.MRG.3IMERG.20241219-S043000-E045959.0270.V07B.HDF5
2026-03-13 01:34:37,394 [PID:2323676] INFO -  Getting 1 granules, approx download size: 0.01 GB
2026-03-13 01:34:37,491 [PID:2324418] INFO - Downloaded: 3B-HHR.MS.MRG.3IMERG.20241219-S050000-E052959.0300.V07B.HDF5
2026-03-13 01:34:37,493 [PID:2324418] INFO -  Getting 1 granules, approx download size: 0.01 GB
2026-03-13 01:34:37,517 [PID:2324433] INFO - Downloaded: 3B-HHR.MS.MRG.3IMERG.20241219-S040000-E042959.0240.V07B.HDF5
2026-03-13 01:34:37,519 [PID:2324433] INFO -  Getting 1 granules, approx download size: 0.01 GB
2026-03-13 01:34:41,290 [PID:2323676] INFO - Downloaded: 3B-HHR.MS.MRG.3IMERG.20241219-S053000-E055959.0330.V07B.HDF5
2026-03-13 01:34:41,292 [PID:2323676] INFO -  Getting 1 granules, approx download size: 0.01 GB
2026-03-13 01:34:42,225 [PID:2324433] INFO - Downloaded: 3B-HHR.MS.MRG.3IMERG.20241219-S063000-E065959.0390.V07B.HDF5
2026-03-13 01:34:42,226 [PID:2324433] INFO -  Getting 1 granules, approx download size: 0.01 GB
2026-03-13 01:34:42,763 [PID:2324418] INFO - Downloaded: 3B-HHR.MS.MRG.3IMERG.20241219-S060000-E062959.0360.V07B.HDF5
2026-03-13 01:34:42,773 [PID:2324418] INFO -  Getting 1 granules, approx download size: 0.01 GB
2026-03-13 01:34:45,016 [PID:2323676] INFO - Downloaded: 3B-HHR.MS.MRG.3IMERG.20241219-S070000-E072959.0420.V07B.HDF5
2026-03-13 01:34:45,018 [PID:2323676] INFO -  Getting 1 granules, approx download size: 0.01 GB
2026-03-13 01:34:46,517 [PID:2324433] INFO - Downloaded: 3B-HHR.MS.MRG.3IMERG.20241219-S073000-E075959.0450.V07B.HDF5
2026-03-13 01:34:46,528 [PID:2324418] INFO - Downloaded: 3B-HHR.MS.MRG.3IMERG.20241219-S080000-E082959.0480.V07B.HDF5
2026-03-13 01:34:46,528 [PID:2324433] INFO -  Getting 1 granules, approx download size: 0.01 GB
2026-03-13 01:34:46,535 [PID:2324418] INFO -  Getting 1 granules, approx download size: 0.01 GB
2026-03-13 01:34:48,365 [PID:2323676] INFO - Downloaded: 3B-HHR.MS.MRG.3IMERG.20241219-S083000-E085959.0510.V07B.HDF5
2026-03-13 01:34:48,367 [PID:2323676] INFO -  Getting 1 granules, approx download size: 0.01 GB
2026-03-13 01:34:50,498 [PID:2324418] INFO - Downloaded: 3B-HHR.MS.MRG.3IMERG.20241219-S093000-E095959.0570.V07B.HDF5
2026-03-13 01:34:50,509 [PID:2324418] INFO -  Getting 1 granules, approx download size: 0.01 GB
2026-03-13 01:34:50,515 [PID:2324433] INFO - Downloaded: 3B-HHR.MS.MRG.3IMERG.20241219-S090000-E092959.0540.V07B.HDF5
2026-03-13 01:34:50,516 [PID:2324433] INFO -  Getting 1 granules, approx download size: 0.01 GB
2026-03-13 01:34:51,637 [PID:2323676] INFO - Downloaded: 3B-HHR.MS.MRG.3IMERG.20241219-S100000-E102959.0600.V07B.HDF5
2026-03-13 01:34:51,639 [PID:2323676] INFO -  Getting 1 granules, approx download size: 0.01 GB
2026-03-13 01:34:55,506 [PID:2324433] INFO - Downloaded: 3B-HHR.MS.MRG.3IMERG.20241219-S110000-E112959.0660.V07B.HDF5
2026-03-13 01:34:55,509 [PID:2324433] INFO -  Getting 1 granules, approx download size: 0.01 GB
2026-03-13 01:34:56,197 [PID:2324418] INFO - Downloaded: 3B-HHR.MS.MRG.3IMERG.20241219-S103000-E105959.0630.V07B.HDF5
2026-03-13 01:34:56,199 [PID:2324418] INFO -  Getting 1 granules, approx download size: 0.01 GB
2026-03-13 01:34:56,249 [PID:2323676] INFO - Downloaded: 3B-HHR.MS.MRG.3IMERG.20241219-S113000-E115959.0690.V07B.HDF5
2026-03-13 01:34:58,614 [PID:2325302] INFO - Worker 2325302 authenticated with Earthdata
2026-03-13 01:34:58,618 [PID:2325302] INFO -  Getting 1 granules, approx download size: 0.01 GB
2026-03-13 01:34:58,922 [PID:2324433] INFO - Downloaded: 3B-HHR.MS.MRG.3IMERG.20241219-S120000-E122959.0720.V07B.HDF5
2026-03-13 01:34:58,924 [PID:2324433] INFO -  Getting 1 granules, approx download size: 0.01 GB
2026-03-13 01:35:00,458 [PID:2324418] INFO - Downloaded: 3B-HHR.MS.MRG.3IMERG.20241219-S123000-E125959.0750.V07B.HDF5
2026-03-13 01:35:00,465 [PID:2324418] INFO -  Getting 1 granules, approx download size: 0.01 GB
2026-03-13 01:35:02,129 [PID:2324433] INFO - Downloaded: 3B-HHR.MS.MRG.3IMERG.20241219-S133000-E135959.0810.V07B.HDF5
2026-03-13 01:35:02,131 [PID:2324433] INFO -  Getting 1 granules, approx download size: 0.01 GB
2026-03-13 01:35:03,808 [PID:2324418] INFO - Downloaded: 3B-HHR.MS.MRG.3IMERG.20241219-S140000-E142959.0840.V07B.HDF5
2026-03-13 01:35:03,810 [PID:2324418] INFO -  Getting 1 granules, approx download size: 0.01 GB
2026-03-13 01:35:03,867 [PID:2287901] INFO - Progress: 950/1549 (Success: 950, Failed: 0)
2026-03-13 01:35:05,934 [PID:2325302] INFO - Downloaded: 3B-HHR.MS.MRG.3IMERG.20241219-S130000-E132959.0780.V07B.HDF5
2026-03-13 01:35:05,936 [PID:2325302] INFO -  Getting 1 granules, approx download size: 0.01 GB
2026-03-13 01:35:06,073 [PID:2324433] INFO - Downloaded: 3B-HHR.MS.MRG.3IMERG.20241219-S143000-E145959.0870.V07B.HDF5
2026-03-13 01:35:06,075 [PID:2324433] INFO -  Getting 1 granules, approx download size: 0.01 GB
2026-03-13 01:35:07,206 [PID:2324418] INFO - Downloaded: 3B-HHR.MS.MRG.3IMERG.20241219-S150000-E152959.0900.V07B.HDF5
2026-03-13 01:35:07,207 [PID:2324418] INFO -  Getting 1 granules, approx download size: 0.01 GB
2026-03-13 01:35:09,941 [PID:2325302] INFO - Downloaded: 3B-HHR.MS.MRG.3IMERG.20241219-S153000-E155959.0930.V07B.HDF5
2026-03-13 01:35:09,942 [PID:2325302] INFO -  Getting 1 granules, approx download size: 0.01 GB
2026-03-13 01:35:09,987 [PID:2324433] INFO - Downloaded: 3B-HHR.MS.MRG.3IMERG.20241219-S160000-E162959.0960.V07B.HDF5
2026-03-13 01:35:09,987 [PID:2324433] INFO -  Getting 1 granules, approx download size: 0.01 GB
2026-03-13 01:35:11,044 [PID:2324418] INFO - Downloaded: 3B-HHR.MS.MRG.3IMERG.20241219-S163000-E165959.0990.V07B.HDF5
2026-03-13 01:35:11,046 [PID:2324418] INFO -  Getting 1 granules, approx download size: 0.01 GB
2026-03-13 01:35:14,659 [PID:2325302] INFO - Downloaded: 3B-HHR.MS.MRG.3IMERG.20241219-S170000-E172959.1020.V07B.HDF5
2026-03-13 01:35:14,670 [PID:2325302] INFO -  Getting 1 granules, approx download size: 0.01 GB
2026-03-13 01:35:14,680 [PID:2324433] INFO - Downloaded: 3B-HHR.MS.MRG.3IMERG.20241219-S173000-E175959.1050.V07B.HDF5
2026-03-13 01:35:14,681 [PID:2324433] INFO -  Getting 1 granules, approx download size: 0.01 GB
2026-03-13 01:35:15,731 [PID:2324418] INFO - Downloaded: 3B-HHR.MS.MRG.3IMERG.20241219-S180000-E182959.1080.V07B.HDF5
2026-03-13 01:35:15,739 [PID:2324418] INFO -  Getting 1 granules, approx download size: 0.01 GB
2026-03-13 01:35:18,613 [PID:2324433] INFO - Downloaded: 3B-HHR.MS.MRG.3IMERG.20241219-S190000-E192959.1140.V07B.HDF5
2026-03-13 01:35:18,622 [PID:2324433] INFO -  Getting 1 granules, approx download size: 0.01 GB
2026-03-13 01:35:18,853 [PID:2325302] INFO - Downloaded: 3B-HHR.MS.MRG.3IMERG.20241219-S183000-E185959.1110.V07B.HDF5
2026-03-13 01:35:18,854 [PID:2325302] INFO -  Getting 1 granules, approx download size: 0.01 GB
2026-03-13 01:35:19,873 [PID:2324418] INFO - Downloaded: 3B-HHR.MS.MRG.3IMERG.20241219-S193000-E195959.1170.V07B.HDF5
2026-03-13 01:35:19,879 [PID:2324418] INFO -  Getting 1 granules, approx download size: 0.01 GB
2026-03-13 01:35:23,325 [PID:2324433] INFO - Downloaded: 3B-HHR.MS.MRG.3IMERG.20241219-S200000-E202959.1200.V07B.HDF5
2026-03-13 01:35:23,326 [PID:2324433] INFO -  Getting 1 granules, approx download size: 0.01 GB
2026-03-13 01:35:23,507 [PID:2325302] INFO - Downloaded: 3B-HHR.MS.MRG.3IMERG.20241219-S203000-E205959.1230.V07B.HDF5
2026-03-13 01:35:23,508 [PID:2325302] INFO -  Getting 1 granules, approx download size: 0.01 GB
2026-03-13 01:35:23,958 [PID:2324418] INFO - Downloaded: 3B-HHR.MS.MRG.3IMERG.20241219-S210000-E212959.1260.V07B.HDF5
2026-03-13 01:35:23,959 [PID:2324418] INFO -  Getting 1 granules, approx download size: 0.01 GB
2026-03-13 01:35:26,782 [PID:2324433] INFO - Downloaded: 3B-HHR.MS.MRG.3IMERG.20241219-S213000-E215959.1290.V07B.HDF5
2026-03-13 01:35:26,793 [PID:2324433] INFO -  Getting 1 granules, approx download size: 0.01 GB
2026-03-13 01:35:27,954 [PID:2324418] INFO - Downloaded: 3B-HHR.MS.MRG.3IMERG.20241219-S223000-E225959.1350.V07B.HDF5
2026-03-13 01:35:27,955 [PID:2324418] INFO -  Getting 1 granules, approx download size: 0.01 GB
2026-03-13 01:35:28,607 [PID:2325302] INFO - Downloaded: 3B-HHR.MS.MRG.3IMERG.20241219-S220000-E222959.1320.V07B.HDF5
2026-03-13 01:35:28,608 [PID:2325302] INFO -  Getting 1 granules, approx download size: 0.01 GB
2026-03-13 01:35:29,966 [PID:2324433] INFO - Downloaded: 3B-HHR.MS.MRG.3IMERG.20241219-S230000-E232959.1380.V07B.HDF5
2026-03-13 01:35:29,967 [PID:2324433] INFO -  Getting 1 granules, approx download size: 0.01 GB
2026-03-13 01:35:31,786 [PID:2324418] INFO - Downloaded: 3B-HHR.MS.MRG.3IMERG.20241219-S233000-E235959.1410.V07B.HDF5
2026-03-13 01:35:31,787 [PID:2324418] INFO -  Getting 1 granules, approx download size: 0.01 GB
2026-03-13 01:35:32,461 [PID:2325302] INFO - Downloaded: 3B-HHR.MS.MRG.3IMERG.20241220-S000000-E002959.0000.V07B.HDF5
2026-03-13 01:35:32,465 [PID:2325302] INFO -  Getting 1 granules, approx download size: 0.01 GB
2026-03-13 01:35:33,335 [PID:2324433] INFO - Downloaded: 3B-HHR.MS.MRG.3IMERG.20241220-S003000-E005959.0030.V07B.HDF5
2026-03-13 01:35:33,341 [PID:2324433] INFO -  Getting 1 granules, approx download size: 0.01 GB
2026-03-13 01:35:36,362 [PID:2325302] INFO - Downloaded: 3B-HHR.MS.MRG.3IMERG.20241220-S013000-E015959.0090.V07B.HDF5
2026-03-13 01:35:36,364 [PID:2325302] INFO -  Getting 1 granules, approx download size: 0.01 GB
2026-03-13 01:35:36,569 [PID:2324418] INFO - Downloaded: 3B-HHR.MS.MRG.3IMERG.20241220-S010000-E012959.0060.V07B.HDF5
2026-03-13 01:35:36,570 [PID:2324418] INFO -  Getting 1 granules, approx download size: 0.01 GB
2026-03-13 01:35:36,974 [PID:2324433] INFO - Downloaded: 3B-HHR.MS.MRG.3IMERG.20241220-S020000-E022959.0120.V07B.HDF5
2026-03-13 01:35:36,975 [PID:2324433] INFO -  Getting 1 granules, approx download size: 0.01 GB
2026-03-13 01:35:40,329 [PID:2325302] INFO - Downloaded: 3B-HHR.MS.MRG.3IMERG.20241220-S023000-E025959.0150.V07B.HDF5
2026-03-13 01:35:40,330 [PID:2325302] INFO -  Getting 1 granules, approx download size: 0.01 GB
2026-03-13 01:35:41,652 [PID:2324433] INFO - Downloaded: 3B-HHR.MS.MRG.3IMERG.20241220-S033000-E035959.0210.V07B.HDF5
2026-03-13 01:35:41,653 [PID:2324433] INFO -  Getting 1 granules, approx download size: 0.01 GB
2026-03-13 01:35:42,185 [PID:2324418] INFO - Downloaded: 3B-HHR.MS.MRG.3IMERG.20241220-S030000-E032959.0180.V07B.HDF5
2026-03-13 01:35:42,187 [PID:2324418] INFO -  Getting 1 granules, approx download size: 0.01 GB
2026-03-13 01:35:43,612 [PID:2325302] INFO - Downloaded: 3B-HHR.MS.MRG.3IMERG.20241220-S040000-E042959.0240.V07B.HDF5
2026-03-13 01:35:43,614 [PID:2325302] INFO -  Getting 1 granules, approx download size: 0.01 GB
2026-03-13 01:35:45,107 [PID:2324433] INFO - Downloaded: 3B-HHR.MS.MRG.3IMERG.20241220-S043000-E045959.0270.V07B.HDF5
2026-03-13 01:35:45,109 [PID:2324433] INFO -  Getting 1 granules, approx download size: 0.01 GB
2026-03-13 01:35:47,136 [PID:2324418] INFO - Downloaded: 3B-HHR.MS.MRG.3IMERG.20241220-S050000-E052959.0300.V07B.HDF5
2026-03-13 01:35:47,146 [PID:2324418] INFO -  Getting 1 granules, approx download size: 0.01 GB
2026-03-13 01:35:47,255 [PID:2325302] INFO - Downloaded: 3B-HHR.MS.MRG.3IMERG.20241220-S053000-E055959.0330.V07B.HDF5
2026-03-13 01:35:47,256 [PID:2325302] INFO -  Getting 1 granules, approx download size: 0.01 GB
2026-03-13 01:35:48,326 [PID:2324433] INFO - Downloaded: 3B-HHR.MS.MRG.3IMERG.20241220-S060000-E062959.0360.V07B.HDF5
2026-03-13 01:35:48,328 [PID:2324433] INFO -  Getting 1 granules, approx download size: 0.01 GB
2026-03-13 01:35:50,916 [PID:2325302] INFO - Downloaded: 3B-HHR.MS.MRG.3IMERG.20241220-S070000-E072959.0420.V07B.HDF5
2026-03-13 01:35:50,918 [PID:2325302] INFO -  Getting 1 granules, approx download size: 0.01 GB
2026-03-13 01:35:51,639 [PID:2324418] INFO - Downloaded: 3B-HHR.MS.MRG.3IMERG.20241220-S063000-E065959.0390.V07B.HDF5
2026-03-13 01:35:51,640 [PID:2324418] INFO -  Getting 1 granules, approx download size: 0.01 GB
2026-03-13 01:35:51,916 [PID:2324433] INFO - Downloaded: 3B-HHR.MS.MRG.3IMERG.20241220-S073000-E075959.0450.V07B.HDF5
2026-03-13 01:35:51,918 [PID:2324433] INFO -  Getting 1 granules, approx download size: 0.01 GB
2026-03-13 01:35:54,591 [PID:2325302] INFO - Downloaded: 3B-HHR.MS.MRG.3IMERG.20241220-S080000-E082959.0480.V07B.HDF5
2026-03-13 01:35:54,592 [PID:2325302] INFO -  Getting 1 granules, approx download size: 0.01 GB
2026-03-13 01:35:55,679 [PID:2324433] INFO - Downloaded: 3B-HHR.MS.MRG.3IMERG.20241220-S090000-E092959.0540.V07B.HDF5
2026-03-13 01:35:55,681 [PID:2324433] INFO -  Getting 1 granules, approx download size: 0.01 GB
2026-03-13 01:35:57,917 [PID:2324418] INFO - Downloaded: 3B-HHR.MS.MRG.3IMERG.20241220-S083000-E085959.0510.V07B.HDF5
2026-03-13 01:35:57,926 [PID:2324418] INFO -  Getting 1 granules, approx download size: 0.01 GB
2026-03-13 01:35:59,505 [PID:2325302] INFO - Downloaded: 3B-HHR.MS.MRG.3IMERG.20241220-S093000-E095959.0570.V07B.HDF5
2026-03-13 01:35:59,507 [PID:2325302] INFO -  Getting 1 granules, approx download size: 0.01 GB
2026-03-13 01:35:59,520 [PID:2324433] INFO - Downloaded: 3B-HHR.MS.MRG.3IMERG.20241220-S100000-E102959.0600.V07B.HDF5
2026-03-13 01:35:59,522 [PID:2324433] INFO -  Getting 1 granules, approx download size: 0.01 GB
2026-03-13 01:36:01,894 [PID:2324418] INFO - Downloaded: 3B-HHR.MS.MRG.3IMERG.20241220-S103000-E105959.0630.V07B.HDF5
2026-03-13 01:36:01,895 [PID:2324418] INFO -  Getting 1 granules, approx download size: 0.01 GB
2026-03-13 01:36:03,524 [PID:2324433] INFO - Downloaded: 3B-HHR.MS.MRG.3IMERG.20241220-S113000-E115959.0690.V07B.HDF5
2026-03-13 01:36:03,525 [PID:2324433] INFO -  Getting 1 granules, approx download size: 0.01 GB
2026-03-13 01:36:03,756 [PID:2325302] INFO - Downloaded: 3B-HHR.MS.MRG.3IMERG.20241220-S110000-E112959.0660.V07B.HDF5
2026-03-13 01:36:03,758 [PID:2325302] INFO -  Getting 1 granules, approx download size: 0.01 GB
2026-03-13 01:36:05,271 [PID:2324418] INFO - Downloaded: 3B-HHR.MS.MRG.3IMERG.20241220-S120000-E122959.0720.V07B.HDF5
2026-03-13 01:36:05,281 [PID:2324418] INFO -  Getting 1 granules, approx download size: 0.01 GB
2026-03-13 01:36:07,424 [PID:2324433] INFO - Downloaded: 3B-HHR.MS.MRG.3IMERG.20241220-S123000-E125959.0750.V07B.HDF5
2026-03-13 01:36:07,431 [PID:2324433] INFO -  Getting 1 granules, approx download size: 0.01 GB
2026-03-13 01:36:08,030 [PID:2325302] INFO - Downloaded: 3B-HHR.MS.MRG.3IMERG.20241220-S130000-E132959.0780.V07B.HDF5
2026-03-13 01:36:08,032 [PID:2325302] INFO -  Getting 1 granules, approx download size: 0.01 GB
2026-03-13 01:36:08,793 [PID:2324418] INFO - Downloaded: 3B-HHR.MS.MRG.3IMERG.20241220-S133000-E135959.0810.V07B.HDF5
2026-03-13 01:36:08,794 [PID:2324418] INFO -  Getting 1 granules, approx download size: 0.01 GB
2026-03-13 01:36:09,669 [PID:2287901] INFO - Progress: 1000/1549 (Success: 1000, Failed: 0)
2026-03-13 01:36:11,468 [PID:2324433] INFO - Downloaded: 3B-HHR.MS.MRG.3IMERG.20241220-S140000-E142959.0840.V07B.HDF5
2026-03-13 01:36:11,470 [PID:2324433] INFO -  Getting 1 granules, approx download size: 0.01 GB
2026-03-13 01:36:12,582 [PID:2325302] INFO - Downloaded: 3B-HHR.MS.MRG.3IMERG.20241220-S143000-E145959.0870.V07B.HDF5
2026-03-13 01:36:12,584 [PID:2325302] INFO -  Getting 1 granules, approx download size: 0.01 GB
2026-03-13 01:36:12,624 [PID:2324418] INFO - Downloaded: 3B-HHR.MS.MRG.3IMERG.20241220-S150000-E152959.0900.V07B.HDF5
2026-03-13 01:36:12,625 [PID:2324418] INFO -  Getting 1 granules, approx download size: 0.01 GB
2026-03-13 01:36:14,948 [PID:2324433] INFO - Downloaded: 3B-HHR.MS.MRG.3IMERG.20241220-S153000-E155959.0930.V07B.HDF5
2026-03-13 01:36:14,949 [PID:2324433] INFO -  Getting 1 granules, approx download size: 0.01 GB
2026-03-13 01:36:16,526 [PID:2325302] INFO - Downloaded: 3B-HHR.MS.MRG.3IMERG.20241220-S160000-E162959.0960.V07B.HDF5
2026-03-13 01:36:16,536 [PID:2325302] INFO -  Getting 1 granules, approx download size: 0.01 GB
2026-03-13 01:36:17,030 [PID:2324418] INFO - Downloaded: 3B-HHR.MS.MRG.3IMERG.20241220-S163000-E165959.0990.V07B.HDF5
2026-03-13 01:36:17,032 [PID:2324418] INFO -  Getting 1 granules, approx download size: 0.01 GB
2026-03-13 01:36:18,173 [PID:2324433] INFO - Downloaded: 3B-HHR.MS.MRG.3IMERG.20241220-S170000-E172959.1020.V07B.HDF5
2026-03-13 01:36:18,174 [PID:2324433] INFO -  Getting 1 granules, approx download size: 0.01 GB
2026-03-13 01:36:20,313 [PID:2325302] INFO - Downloaded: 3B-HHR.MS.MRG.3IMERG.20241220-S173000-E175959.1050.V07B.HDF5
2026-03-13 01:36:20,314 [PID:2325302] INFO -  Getting 1 granules, approx download size: 0.01 GB
2026-03-13 01:36:21,518 [PID:2324418] INFO - Downloaded: 3B-HHR.MS.MRG.3IMERG.20241220-S180000-E182959.1080.V07B.HDF5
2026-03-13 01:36:21,520 [PID:2324418] INFO -  Getting 1 granules, approx download size: 0.01 GB
2026-03-13 01:36:21,676 [PID:2324433] INFO - Downloaded: 3B-HHR.MS.MRG.3IMERG.20241220-S183000-E185959.1110.V07B.HDF5
2026-03-13 01:36:21,677 [PID:2324433] INFO -  Getting 1 granules, approx download size: 0.01 GB
2026-03-13 01:36:23,633 [PID:2325302] INFO - Downloaded: 3B-HHR.MS.MRG.3IMERG.20241220-S190000-E192959.1140.V07B.HDF5
2026-03-13 01:36:23,634 [PID:2325302] INFO -  Getting 1 granules, approx download size: 0.01 GB
2026-03-13 01:36:25,634 [PID:2324433] INFO - Downloaded: 3B-HHR.MS.MRG.3IMERG.20241220-S200000-E202959.1200.V07B.HDF5
2026-03-13 01:36:25,637 [PID:2324433] INFO -  Getting 1 granules, approx download size: 0.01 GB
2026-03-13 01:36:25,652 [PID:2324418] INFO - Downloaded: 3B-HHR.MS.MRG.3IMERG.20241220-S193000-E195959.1170.V07B.HDF5
2026-03-13 01:36:25,654 [PID:2324418] INFO -  Getting 1 granules, approx download size: 0.01 GB
2026-03-13 01:36:27,367 [PID:2325302] INFO - Downloaded: 3B-HHR.MS.MRG.3IMERG.20241220-S203000-E205959.1230.V07B.HDF5
2026-03-13 01:36:27,371 [PID:2325302] INFO -  Getting 1 granules, approx download size: 0.01 GB
2026-03-13 01:36:29,080 [PID:2324418] INFO - Downloaded: 3B-HHR.MS.MRG.3IMERG.20241220-S213000-E215959.1290.V07B.HDF5
2026-03-13 01:36:29,082 [PID:2324418] INFO -  Getting 1 granules, approx download size: 0.01 GB
2026-03-13 01:36:30,632 [PID:2324433] INFO - Downloaded: 3B-HHR.MS.MRG.3IMERG.20241220-S210000-E212959.1260.V07B.HDF5
2026-03-13 01:36:30,639 [PID:2324433] INFO -  Getting 1 granules, approx download size: 0.01 GB
2026-03-13 01:36:31,254 [PID:2325302] INFO - Downloaded: 3B-HHR.MS.MRG.3IMERG.20241220-S220000-E222959.1320.V07B.HDF5
2026-03-13 01:36:31,255 [PID:2325302] INFO -  Getting 1 granules, approx download size: 0.01 GB
2026-03-13 01:36:32,541 [PID:2324418] INFO - Downloaded: 3B-HHR.MS.MRG.3IMERG.20241220-S223000-E225959.1350.V07B.HDF5
2026-03-13 01:36:32,542 [PID:2324418] INFO -  Getting 1 granules, approx download size: 0.01 GB
2026-03-13 01:36:34,559 [PID:2324433] INFO - Downloaded: 3B-HHR.MS.MRG.3IMERG.20241220-S230000-E232959.1380.V07B.HDF5
2026-03-13 01:36:34,995 [PID:2325302] INFO - Downloaded: 3B-HHR.MS.MRG.3IMERG.20241220-S233000-E235959.1410.V07B.HDF5
2026-03-13 01:36:34,997 [PID:2325302] INFO -  Getting 1 granules, approx download size: 0.01 GB
2026-03-13 01:36:35,835 [PID:2324418] INFO - Downloaded: 3B-HHR.MS.MRG.3IMERG.20241221-S000000-E002959.0000.V07B.HDF5
2026-03-13 01:36:35,837 [PID:2324418] INFO -  Getting 1 granules, approx download size: 0.01 GB
2026-03-13 01:36:37,051 [PID:2326061] INFO - Worker 2326061 authenticated with Earthdata
2026-03-13 01:36:37,056 [PID:2326061] INFO -  Getting 1 granules, approx download size: 0.01 GB
2026-03-13 01:36:38,662 [PID:2325302] INFO - Downloaded: 3B-HHR.MS.MRG.3IMERG.20241221-S003000-E005959.0030.V07B.HDF5
2026-03-13 01:36:38,669 [PID:2325302] INFO -  Getting 1 granules, approx download size: 0.01 GB
2026-03-13 01:36:39,399 [PID:2324418] INFO - Downloaded: 3B-HHR.MS.MRG.3IMERG.20241221-S010000-E012959.0060.V07B.HDF5
2026-03-13 01:36:41,679 [PID:2326111] INFO - Worker 2326111 authenticated with Earthdata
2026-03-13 01:36:41,683 [PID:2326111] INFO -  Getting 1 granules, approx download size: 0.01 GB
2026-03-13 01:36:42,415 [PID:2325302] INFO - Downloaded: 3B-HHR.MS.MRG.3IMERG.20241221-S020000-E022959.0120.V07B.HDF5
2026-03-13 01:36:42,424 [PID:2325302] INFO -  Getting 1 granules, approx download size: 0.01 GB
2026-03-13 01:36:44,022 [PID:2326061] INFO - Downloaded: 3B-HHR.MS.MRG.3IMERG.20241221-S013000-E015959.0090.V07B.HDF5
2026-03-13 01:36:44,023 [PID:2326061] INFO -  Getting 1 granules, approx download size: 0.01 GB
2026-03-13 01:36:45,699 [PID:2325302] INFO - Downloaded: 3B-HHR.MS.MRG.3IMERG.20241221-S030000-E032959.0180.V07B.HDF5
2026-03-13 01:36:45,709 [PID:2325302] INFO -  Getting 1 granules, approx download size: 0.01 GB
2026-03-13 01:36:47,954 [PID:2326061] INFO - Downloaded: 3B-HHR.MS.MRG.3IMERG.20241221-S033000-E035959.0210.V07B.HDF5
2026-03-13 01:36:47,956 [PID:2326061] INFO -  Getting 1 granules, approx download size: 0.01 GB
2026-03-13 01:36:49,472 [PID:2325302] INFO - Downloaded: 3B-HHR.MS.MRG.3IMERG.20241221-S040000-E042959.0240.V07B.HDF5
2026-03-13 01:36:49,473 [PID:2325302] INFO -  Getting 1 granules, approx download size: 0.01 GB
2026-03-13 01:36:49,545 [PID:2326111] INFO - Downloaded: 3B-HHR.MS.MRG.3IMERG.20241221-S023000-E025959.0150.V07B.HDF5
2026-03-13 01:36:49,546 [PID:2326111] INFO -  Getting 1 granules, approx download size: 0.01 GB
2026-03-13 01:36:53,599 [PID:2325302] INFO - Downloaded: 3B-HHR.MS.MRG.3IMERG.20241221-S050000-E052959.0300.V07B.HDF5
2026-03-13 01:36:53,619 [PID:2325302] INFO -  Getting 1 granules, approx download size: 0.01 GB
2026-03-13 01:36:53,645 [PID:2326061] INFO - Downloaded: 3B-HHR.MS.MRG.3IMERG.20241221-S043000-E045959.0270.V07B.HDF5
2026-03-13 01:36:53,647 [PID:2326061] INFO -  Getting 1 granules, approx download size: 0.01 GB
2026-03-13 01:36:54,847 [PID:2326111] INFO - Downloaded: 3B-HHR.MS.MRG.3IMERG.20241221-S053000-E055959.0330.V07B.HDF5
2026-03-13 01:36:54,854 [PID:2326111] INFO -  Getting 1 granules, approx download size: 0.01 GB
2026-03-13 01:36:58,077 [PID:2326061] INFO - Downloaded: 3B-HHR.MS.MRG.3IMERG.20241221-S063000-E065959.0390.V07B.HDF5
2026-03-13 01:36:58,079 [PID:2326061] INFO -  Getting 1 granules, approx download size: 0.01 GB
2026-03-13 01:36:58,136 [PID:2325302] INFO - Downloaded: 3B-HHR.MS.MRG.3IMERG.20241221-S060000-E062959.0360.V07B.HDF5
2026-03-13 01:36:58,137 [PID:2325302] INFO -  Getting 1 granules, approx download size: 0.01 GB
2026-03-13 01:36:59,996 [PID:2326111] INFO - Downloaded: 3B-HHR.MS.MRG.3IMERG.20241221-S070000-E072959.0420.V07B.HDF5
2026-03-13 01:36:59,997 [PID:2326111] INFO -  Getting 1 granules, approx download size: 0.01 GB
2026-03-13 01:37:02,308 [PID:2325302] INFO - Downloaded: 3B-HHR.MS.MRG.3IMERG.20241221-S080000-E082959.0480.V07B.HDF5
2026-03-13 01:37:02,310 [PID:2325302] INFO -  Getting 1 granules, approx download size: 0.01 GB
2026-03-13 01:37:02,440 [PID:2326061] INFO - Downloaded: 3B-HHR.MS.MRG.3IMERG.20241221-S073000-E075959.0450.V07B.HDF5
2026-03-13 01:37:02,441 [PID:2326061] INFO -  Getting 1 granules, approx download size: 0.01 GB
2026-03-13 01:37:04,812 [PID:2326111] INFO - Downloaded: 3B-HHR.MS.MRG.3IMERG.20241221-S083000-E085959.0510.V07B.HDF5
2026-03-13 01:37:04,813 [PID:2326111] INFO -  Getting 1 granules, approx download size: 0.01 GB
2026-03-13 01:37:06,035 [PID:2325302] INFO - Downloaded: 3B-HHR.MS.MRG.3IMERG.20241221-S090000-E092959.0540.V07B.HDF5
2026-03-13 01:37:06,036 [PID:2325302] INFO -  Getting 1 granules, approx download size: 0.01 GB
2026-03-13 01:37:07,549 [PID:2326061] INFO - Downloaded: 3B-HHR.MS.MRG.3IMERG.20241221-S093000-E095959.0570.V07B.HDF5
2026-03-13 01:37:07,551 [PID:2326061] INFO -  Getting 1 granules, approx download size: 0.01 GB
2026-03-13 01:37:09,926 [PID:2326111] INFO - Downloaded: 3B-HHR.MS.MRG.3IMERG.20241221-S100000-E102959.0600.V07B.HDF5
2026-03-13 01:37:09,927 [PID:2326111] INFO -  Getting 1 granules, approx download size: 0.01 GB
2026-03-13 01:37:09,950 [PID:2325302] INFO - Downloaded: 3B-HHR.MS.MRG.3IMERG.20241221-S103000-E105959.0630.V07B.HDF5
2026-03-13 01:37:09,952 [PID:2325302] INFO -  Getting 1 granules, approx download size: 0.01 GB
2026-03-13 01:37:11,870 [PID:2326061] INFO - Downloaded: 3B-HHR.MS.MRG.3IMERG.20241221-S110000-E112959.0660.V07B.HDF5
2026-03-13 01:37:11,872 [PID:2326061] INFO -  Getting 1 granules, approx download size: 0.01 GB
2026-03-13 01:37:13,790 [PID:2325302] INFO - Downloaded: 3B-HHR.MS.MRG.3IMERG.20241221-S120000-E122959.0720.V07B.HDF5
2026-03-13 01:37:13,796 [PID:2325302] INFO -  Getting 1 granules, approx download size: 0.01 GB
2026-03-13 01:37:14,290 [PID:2326111] INFO - Downloaded: 3B-HHR.MS.MRG.3IMERG.20241221-S113000-E115959.0690.V07B.HDF5
2026-03-13 01:37:14,292 [PID:2326111] INFO -  Getting 1 granules, approx download size: 0.01 GB
2026-03-13 01:37:16,100 [PID:2326061] INFO - Downloaded: 3B-HHR.MS.MRG.3IMERG.20241221-S123000-E125959.0750.V07B.HDF5
2026-03-13 01:37:16,107 [PID:2326061] INFO -  Getting 1 granules, approx download size: 0.01 GB
2026-03-13 01:37:17,611 [PID:2325302] INFO - Downloaded: 3B-HHR.MS.MRG.3IMERG.20241221-S130000-E132959.0780.V07B.HDF5
2026-03-13 01:37:17,622 [PID:2325302] INFO -  Getting 1 granules, approx download size: 0.01 GB
2026-03-13 01:37:18,575 [PID:2326111] INFO - Downloaded: 3B-HHR.MS.MRG.3IMERG.20241221-S133000-E135959.0810.V07B.HDF5
2026-03-13 01:37:18,577 [PID:2326111] INFO -  Getting 1 granules, approx download size: 0.01 GB
2026-03-13 01:37:20,497 [PID:2326061] INFO - Downloaded: 3B-HHR.MS.MRG.3IMERG.20241221-S140000-E142959.0840.V07B.HDF5
2026-03-13 01:37:20,503 [PID:2326061] INFO -  Getting 1 granules, approx download size: 0.01 GB
2026-03-13 01:37:21,475 [PID:2325302] INFO - Downloaded: 3B-HHR.MS.MRG.3IMERG.20241221-S143000-E145959.0870.V07B.HDF5
2026-03-13 01:37:21,476 [PID:2325302] INFO -  Getting 1 granules, approx download size: 0.01 GB
2026-03-13 01:37:23,011 [PID:2326111] INFO - Downloaded: 3B-HHR.MS.MRG.3IMERG.20241221-S150000-E152959.0900.V07B.HDF5
2026-03-13 01:37:23,012 [PID:2326111] INFO -  Getting 1 granules, approx download size: 0.01 GB
2026-03-13 01:37:24,805 [PID:2287901] INFO - Progress: 1050/1549 (Success: 1050, Failed: 0)
2026-03-13 01:37:26,030 [PID:2326061] INFO - Downloaded: 3B-HHR.MS.MRG.3IMERG.20241221-S153000-E155959.0930.V07B.HDF5
2026-03-13 01:37:26,031 [PID:2326061] INFO -  Getting 1 granules, approx download size: 0.01 GB
2026-03-13 01:37:26,418 [PID:2325302] INFO - Downloaded: 3B-HHR.MS.MRG.3IMERG.20241221-S160000-E162959.0960.V07B.HDF5
2026-03-13 01:37:26,419 [PID:2325302] INFO -  Getting 1 granules, approx download size: 0.01 GB
2026-03-13 01:37:27,291 [PID:2326111] INFO - Downloaded: 3B-HHR.MS.MRG.3IMERG.20241221-S163000-E165959.0990.V07B.HDF5
2026-03-13 01:37:27,292 [PID:2326111] INFO -  Getting 1 granules, approx download size: 0.01 GB
2026-03-13 01:37:29,684 [PID:2325302] INFO - Downloaded: 3B-HHR.MS.MRG.3IMERG.20241221-S173000-E175959.1050.V07B.HDF5
2026-03-13 01:37:29,685 [PID:2325302] INFO -  Getting 1 granules, approx download size: 0.01 GB
2026-03-13 01:37:31,380 [PID:2326111] INFO - Downloaded: 3B-HHR.MS.MRG.3IMERG.20241221-S180000-E182959.1080.V07B.HDF5
2026-03-13 01:37:31,382 [PID:2326111] INFO -  Getting 1 granules, approx download size: 0.01 GB
2026-03-13 01:37:33,177 [PID:2325302] INFO - Downloaded: 3B-HHR.MS.MRG.3IMERG.20241221-S183000-E185959.1110.V07B.HDF5
2026-03-13 01:37:33,178 [PID:2325302] INFO -  Getting 1 granules, approx download size: 0.01 GB
2026-03-13 01:37:35,482 [PID:2326111] INFO - Downloaded: 3B-HHR.MS.MRG.3IMERG.20241221-S190000-E192959.1140.V07B.HDF5
2026-03-13 01:37:35,491 [PID:2326111] INFO -  Getting 1 granules, approx download size: 0.01 GB
2026-03-13 01:37:36,953 [PID:2325302] INFO - Downloaded: 3B-HHR.MS.MRG.3IMERG.20241221-S193000-E195959.1170.V07B.HDF5
2026-03-13 01:37:36,955 [PID:2325302] INFO -  Getting 1 granules, approx download size: 0.01 GB
2026-03-13 01:37:37,491 [PID:2326061] INFO - Downloaded: 3B-HHR.MS.MRG.3IMERG.20241221-S170000-E172959.1020.V07B.HDF5
2026-03-13 01:37:37,493 [PID:2326061] INFO -  Getting 1 granules, approx download size: 0.01 GB
2026-03-13 01:37:39,445 [PID:2326111] INFO - Downloaded: 3B-HHR.MS.MRG.3IMERG.20241221-S200000-E202959.1200.V07B.HDF5
2026-03-13 01:37:39,454 [PID:2326111] INFO -  Getting 1 granules, approx download size: 0.01 GB
2026-03-13 01:37:40,309 [PID:2325302] INFO - Downloaded: 3B-HHR.MS.MRG.3IMERG.20241221-S203000-E205959.1230.V07B.HDF5
2026-03-13 01:37:40,310 [PID:2325302] INFO -  Getting 1 granules, approx download size: 0.01 GB
2026-03-13 01:37:44,153 [PID:2326111] INFO - Downloaded: 3B-HHR.MS.MRG.3IMERG.20241221-S213000-E215959.1290.V07B.HDF5
2026-03-13 01:37:44,154 [PID:2325302] INFO - Downloaded: 3B-HHR.MS.MRG.3IMERG.20241221-S220000-E222959.1320.V07B.HDF5
2026-03-13 01:37:44,161 [PID:2326111] INFO -  Getting 1 granules, approx download size: 0.01 GB
2026-03-13 01:37:44,161 [PID:2325302] INFO -  Getting 1 granules, approx download size: 0.01 GB
2026-03-13 01:37:45,243 [PID:2326061] INFO - Downloaded: 3B-HHR.MS.MRG.3IMERG.20241221-S210000-E212959.1260.V07B.HDF5
2026-03-13 01:37:45,244 [PID:2326061] INFO -  Getting 1 granules, approx download size: 0.01 GB
2026-03-13 01:37:48,255 [PID:2325302] INFO - Downloaded: 3B-HHR.MS.MRG.3IMERG.20241221-S230000-E232959.1380.V07B.HDF5
2026-03-13 01:37:48,256 [PID:2325302] INFO -  Getting 1 granules, approx download size: 0.01 GB
2026-03-13 01:37:49,407 [PID:2326111] INFO - Downloaded: 3B-HHR.MS.MRG.3IMERG.20241221-S223000-E225959.1350.V07B.HDF5
2026-03-13 01:37:49,408 [PID:2326111] INFO -  Getting 1 granules, approx download size: 0.01 GB
2026-03-13 01:37:51,360 [PID:2326061] INFO - Downloaded: 3B-HHR.MS.MRG.3IMERG.20241221-S233000-E235959.1410.V07B.HDF5
2026-03-13 01:37:51,361 [PID:2326061] INFO -  Getting 1 granules, approx download size: 0.01 GB
2026-03-13 01:37:51,656 [PID:2325302] INFO - Downloaded: 3B-HHR.MS.MRG.3IMERG.20241222-S000000-E002959.0000.V07B.HDF5
2026-03-13 01:37:51,658 [PID:2325302] INFO -  Getting 1 granules, approx download size: 0.01 GB
2026-03-13 01:37:55,380 [PID:2325302] INFO - Downloaded: 3B-HHR.MS.MRG.3IMERG.20241222-S013000-E015959.0090.V07B.HDF5
2026-03-13 01:37:55,381 [PID:2325302] INFO -  Getting 1 granules, approx download size: 0.01 GB
2026-03-13 01:37:55,820 [PID:2326111] INFO - Downloaded: 3B-HHR.MS.MRG.3IMERG.20241222-S003000-E005959.0030.V07B.HDF5
2026-03-13 01:37:55,822 [PID:2326111] INFO -  Getting 1 granules, approx download size: 0.01 GB
2026-03-13 01:37:56,633 [PID:2326061] INFO - Downloaded: 3B-HHR.MS.MRG.3IMERG.20241222-S010000-E012959.0060.V07B.HDF5
2026-03-13 01:37:56,636 [PID:2326061] INFO -  Getting 1 granules, approx download size: 0.01 GB
2026-03-13 01:37:59,417 [PID:2325302] INFO - Downloaded: 3B-HHR.MS.MRG.3IMERG.20241222-S020000-E022959.0120.V07B.HDF5
2026-03-13 01:37:59,424 [PID:2325302] INFO -  Getting 1 granules, approx download size: 0.01 GB
2026-03-13 01:38:02,158 [PID:2326061] INFO - Downloaded: 3B-HHR.MS.MRG.3IMERG.20241222-S030000-E032959.0180.V07B.HDF5
2026-03-13 01:38:02,159 [PID:2326061] INFO -  Getting 1 granules, approx download size: 0.01 GB
2026-03-13 01:38:02,995 [PID:2325302] INFO - Downloaded: 3B-HHR.MS.MRG.3IMERG.20241222-S033000-E035959.0210.V07B.HDF5
2026-03-13 01:38:02,997 [PID:2325302] INFO -  Getting 1 granules, approx download size: 0.01 GB
2026-03-13 01:38:04,479 [PID:2326111] INFO - Downloaded: 3B-HHR.MS.MRG.3IMERG.20241222-S023000-E025959.0150.V07B.HDF5
2026-03-13 01:38:04,480 [PID:2326111] INFO -  Getting 1 granules, approx download size: 0.01 GB
2026-03-13 01:38:06,723 [PID:2325302] INFO - Downloaded: 3B-HHR.MS.MRG.3IMERG.20241222-S043000-E045959.0270.V07B.HDF5
2026-03-13 01:38:06,724 [PID:2325302] INFO -  Getting 1 granules, approx download size: 0.01 GB
2026-03-13 01:38:06,877 [PID:2326061] INFO - Downloaded: 3B-HHR.MS.MRG.3IMERG.20241222-S040000-E042959.0240.V07B.HDF5
2026-03-13 01:38:06,878 [PID:2326061] INFO -  Getting 1 granules, approx download size: 0.01 GB
2026-03-13 01:38:10,985 [PID:2325302] INFO - Downloaded: 3B-HHR.MS.MRG.3IMERG.20241222-S053000-E055959.0330.V07B.HDF5
2026-03-13 01:38:10,986 [PID:2325302] INFO -  Getting 1 granules, approx download size: 0.01 GB
2026-03-13 01:38:11,387 [PID:2326111] INFO - Downloaded: 3B-HHR.MS.MRG.3IMERG.20241222-S050000-E052959.0300.V07B.HDF5
2026-03-13 01:38:11,388 [PID:2326111] INFO -  Getting 1 granules, approx download size: 0.01 GB
2026-03-13 01:38:12,334 [PID:2326061] INFO - Downloaded: 3B-HHR.MS.MRG.3IMERG.20241222-S060000-E062959.0360.V07B.HDF5
2026-03-13 01:38:12,336 [PID:2326061] INFO -  Getting 1 granules, approx download size: 0.01 GB
2026-03-13 01:38:15,431 [PID:2325302] INFO - Downloaded: 3B-HHR.MS.MRG.3IMERG.20241222-S063000-E065959.0390.V07B.HDF5
2026-03-13 01:38:15,432 [PID:2325302] INFO -  Getting 1 granules, approx download size: 0.01 GB
2026-03-13 01:38:16,290 [PID:2326111] INFO - Downloaded: 3B-HHR.MS.MRG.3IMERG.20241222-S070000-E072959.0420.V07B.HDF5
2026-03-13 01:38:16,291 [PID:2326111] INFO -  Getting 1 granules, approx download size: 0.01 GB
2026-03-13 01:38:17,237 [PID:2326061] INFO - Downloaded: 3B-HHR.MS.MRG.3IMERG.20241222-S073000-E075959.0450.V07B.HDF5
2026-03-13 01:38:17,238 [PID:2326061] INFO -  Getting 1 granules, approx download size: 0.01 GB
2026-03-13 01:38:18,963 [PID:2325302] INFO - Downloaded: 3B-HHR.MS.MRG.3IMERG.20241222-S080000-E082959.0480.V07B.HDF5
2026-03-13 01:38:20,705 [PID:2326111] INFO - Downloaded: 3B-HHR.MS.MRG.3IMERG.20241222-S083000-E085959.0510.V07B.HDF5
2026-03-13 01:38:20,706 [PID:2326111] INFO -  Getting 1 granules, approx download size: 0.01 GB
2026-03-13 01:38:21,306 [PID:2326869] INFO - Worker 2326869 authenticated with Earthdata
2026-03-13 01:38:21,309 [PID:2326869] INFO -  Getting 1 granules, approx download size: 0.01 GB
2026-03-13 01:38:22,655 [PID:2326061] INFO - Downloaded: 3B-HHR.MS.MRG.3IMERG.20241222-S090000-E092959.0540.V07B.HDF5
2026-03-13 01:38:22,656 [PID:2326061] INFO -  Getting 1 granules, approx download size: 0.01 GB
2026-03-13 01:38:24,988 [PID:2326111] INFO - Downloaded: 3B-HHR.MS.MRG.3IMERG.20241222-S093000-E095959.0570.V07B.HDF5
2026-03-13 01:38:24,990 [PID:2326111] INFO -  Getting 1 granules, approx download size: 0.01 GB
2026-03-13 01:38:26,758 [PID:2326061] INFO - Downloaded: 3B-HHR.MS.MRG.3IMERG.20241222-S103000-E105959.0630.V07B.HDF5
2026-03-13 01:38:26,760 [PID:2326061] INFO -  Getting 1 granules, approx download size: 0.01 GB
2026-03-13 01:38:28,075 [PID:2326869] INFO - Downloaded: 3B-HHR.MS.MRG.3IMERG.20241222-S100000-E102959.0600.V07B.HDF5
2026-03-13 01:38:28,077 [PID:2326869] INFO -  Getting 1 granules, approx download size: 0.01 GB
2026-03-13 01:38:29,097 [PID:2326111] INFO - Downloaded: 3B-HHR.MS.MRG.3IMERG.20241222-S110000-E112959.0660.V07B.HDF5
2026-03-13 01:38:29,098 [PID:2326111] INFO -  Getting 1 granules, approx download size: 0.01 GB
2026-03-13 01:38:31,383 [PID:2326061] INFO - Downloaded: 3B-HHR.MS.MRG.3IMERG.20241222-S113000-E115959.0690.V07B.HDF5
2026-03-13 01:38:31,392 [PID:2326061] INFO -  Getting 1 granules, approx download size: 0.01 GB
2026-03-13 01:38:31,983 [PID:2326869] INFO - Downloaded: 3B-HHR.MS.MRG.3IMERG.20241222-S120000-E122959.0720.V07B.HDF5
2026-03-13 01:38:31,985 [PID:2326869] INFO -  Getting 1 granules, approx download size: 0.01 GB
2026-03-13 01:38:33,658 [PID:2326111] INFO - Downloaded: 3B-HHR.MS.MRG.3IMERG.20241222-S123000-E125959.0750.V07B.HDF5
2026-03-13 01:38:33,660 [PID:2326111] INFO -  Getting 1 granules, approx download size: 0.01 GB
2026-03-13 01:38:36,739 [PID:2326869] INFO - Downloaded: 3B-HHR.MS.MRG.3IMERG.20241222-S133000-E135959.0810.V07B.HDF5
2026-03-13 01:38:36,740 [PID:2326869] INFO -  Getting 1 granules, approx download size: 0.01 GB
2026-03-13 01:38:36,881 [PID:2326061] INFO - Downloaded: 3B-HHR.MS.MRG.3IMERG.20241222-S130000-E132959.0780.V07B.HDF5
2026-03-13 01:38:36,882 [PID:2326061] INFO -  Getting 1 granules, approx download size: 0.01 GB
2026-03-13 01:38:38,652 [PID:2326111] INFO - Downloaded: 3B-HHR.MS.MRG.3IMERG.20241222-S140000-E142959.0840.V07B.HDF5
2026-03-13 01:38:38,653 [PID:2326111] INFO -  Getting 1 granules, approx download size: 0.01 GB
2026-03-13 01:38:41,677 [PID:2326869] INFO - Downloaded: 3B-HHR.MS.MRG.3IMERG.20241222-S143000-E145959.0870.V07B.HDF5
2026-03-13 01:38:41,685 [PID:2326869] INFO -  Getting 1 granules, approx download size: 0.01 GB
2026-03-13 01:38:42,805 [PID:2326061] INFO - Downloaded: 3B-HHR.MS.MRG.3IMERG.20241222-S150000-E152959.0900.V07B.HDF5
2026-03-13 01:38:42,806 [PID:2326061] INFO -  Getting 1 granules, approx download size: 0.01 GB
2026-03-13 01:38:43,121 [PID:2326111] INFO - Downloaded: 3B-HHR.MS.MRG.3IMERG.20241222-S153000-E155959.0930.V07B.HDF5
2026-03-13 01:38:43,131 [PID:2326111] INFO -  Getting 1 granules, approx download size: 0.01 GB
2026-03-13 01:38:44,508 [PID:2287901] INFO - Progress: 1100/1549 (Success: 1100, Failed: 0)
2026-03-13 01:38:46,373 [PID:2326869] INFO - Downloaded: 3B-HHR.MS.MRG.3IMERG.20241222-S160000-E162959.0960.V07B.HDF5
2026-03-13 01:38:46,374 [PID:2326869] INFO -  Getting 1 granules, approx download size: 0.01 GB
2026-03-13 01:38:47,372 [PID:2326111] INFO - Downloaded: 3B-HHR.MS.MRG.3IMERG.20241222-S170000-E172959.1020.V07B.HDF5
2026-03-13 01:38:47,373 [PID:2326111] INFO -  Getting 1 granules, approx download size: 0.01 GB
2026-03-13 01:38:51,114 [PID:2326869] INFO - Downloaded: 3B-HHR.MS.MRG.3IMERG.20241222-S173000-E175959.1050.V07B.HDF5
2026-03-13 01:38:51,118 [PID:2326869] INFO -  Getting 1 granules, approx download size: 0.01 GB
2026-03-13 01:38:51,699 [PID:2326111] INFO - Downloaded: 3B-HHR.MS.MRG.3IMERG.20241222-S180000-E182959.1080.V07B.HDF5
2026-03-13 01:38:51,701 [PID:2326111] INFO -  Getting 1 granules, approx download size: 0.01 GB
2026-03-13 01:38:52,575 [PID:2326061] INFO - Downloaded: 3B-HHR.MS.MRG.3IMERG.20241222-S163000-E165959.0990.V07B.HDF5
2026-03-13 01:38:52,584 [PID:2326061] INFO -  Getting 1 granules, approx download size: 0.01 GB
2026-03-13 01:38:56,150 [PID:2326111] INFO - Downloaded: 3B-HHR.MS.MRG.3IMERG.20241222-S190000-E192959.1140.V07B.HDF5
2026-03-13 01:38:56,151 [PID:2326111] INFO -  Getting 1 granules, approx download size: 0.01 GB
2026-03-13 01:38:57,251 [PID:2326869] INFO - Downloaded: 3B-HHR.MS.MRG.3IMERG.20241222-S183000-E185959.1110.V07B.HDF5
2026-03-13 01:38:57,252 [PID:2326869] INFO -  Getting 1 granules, approx download size: 0.01 GB
2026-03-13 01:38:59,590 [PID:2326061] INFO - Downloaded: 3B-HHR.MS.MRG.3IMERG.20241222-S193000-E195959.1170.V07B.HDF5
2026-03-13 01:38:59,592 [PID:2326061] INFO -  Getting 1 granules, approx download size: 0.01 GB
2026-03-13 01:39:00,510 [PID:2326111] INFO - Downloaded: 3B-HHR.MS.MRG.3IMERG.20241222-S200000-E202959.1200.V07B.HDF5
2026-03-13 01:39:00,520 [PID:2326111] INFO -  Getting 1 granules, approx download size: 0.01 GB
2026-03-13 01:39:03,023 [PID:2326869] INFO - Downloaded: 3B-HHR.MS.MRG.3IMERG.20241222-S203000-E205959.1230.V07B.HDF5
2026-03-13 01:39:03,025 [PID:2326869] INFO -  Getting 1 granules, approx download size: 0.01 GB
2026-03-13 01:39:04,663 [PID:2326061] INFO - Downloaded: 3B-HHR.MS.MRG.3IMERG.20241222-S210000-E212959.1260.V07B.HDF5
2026-03-13 01:39:04,665 [PID:2326061] INFO -  Getting 1 granules, approx download size: 0.01 GB
2026-03-13 01:39:04,840 [PID:2326111] INFO - Downloaded: 3B-HHR.MS.MRG.3IMERG.20241222-S213000-E215959.1290.V07B.HDF5
2026-03-13 01:39:04,841 [PID:2326111] INFO -  Getting 1 granules, approx download size: 0.01 GB
2026-03-13 01:39:09,188 [PID:2326869] INFO - Downloaded: 3B-HHR.MS.MRG.3IMERG.20241222-S220000-E222959.1320.V07B.HDF5
2026-03-13 01:39:09,190 [PID:2326869] INFO -  Getting 1 granules, approx download size: 0.01 GB
2026-03-13 01:39:09,817 [PID:2326111] INFO - Downloaded: 3B-HHR.MS.MRG.3IMERG.20241222-S230000-E232959.1380.V07B.HDF5
2026-03-13 01:39:09,818 [PID:2326111] INFO -  Getting 1 granules, approx download size: 0.01 GB
2026-03-13 01:39:10,633 [PID:2326061] INFO - Downloaded: 3B-HHR.MS.MRG.3IMERG.20241222-S223000-E225959.1350.V07B.HDF5
2026-03-13 01:39:10,634 [PID:2326061] INFO -  Getting 1 granules, approx download size: 0.01 GB
2026-03-13 01:39:14,109 [PID:2326869] INFO - Downloaded: 3B-HHR.MS.MRG.3IMERG.20241222-S233000-E235959.1410.V07B.HDF5
2026-03-13 01:39:14,111 [PID:2326869] INFO -  Getting 1 granules, approx download size: 0.01 GB
2026-03-13 01:39:14,631 [PID:2326111] INFO - Downloaded: 3B-HHR.MS.MRG.3IMERG.20241223-S000000-E002959.0000.V07B.HDF5
2026-03-13 01:39:14,632 [PID:2326111] INFO -  Getting 1 granules, approx download size: 0.01 GB
2026-03-13 01:39:15,630 [PID:2326061] INFO - Downloaded: 3B-HHR.MS.MRG.3IMERG.20241223-S003000-E005959.0030.V07B.HDF5
2026-03-13 01:39:15,641 [PID:2326061] INFO -  Getting 1 granules, approx download size: 0.01 GB
2026-03-13 01:39:19,329 [PID:2326111] INFO - Downloaded: 3B-HHR.MS.MRG.3IMERG.20241223-S013000-E015959.0090.V07B.HDF5
2026-03-13 01:39:19,339 [PID:2326111] INFO -  Getting 1 granules, approx download size: 0.01 GB
2026-03-13 01:39:19,349 [PID:2326869] INFO - Downloaded: 3B-HHR.MS.MRG.3IMERG.20241223-S010000-E012959.0060.V07B.HDF5
2026-03-13 01:39:19,350 [PID:2326869] INFO -  Getting 1 granules, approx download size: 0.01 GB
2026-03-13 01:39:20,914 [PID:2326061] INFO - Downloaded: 3B-HHR.MS.MRG.3IMERG.20241223-S020000-E022959.0120.V07B.HDF5
2026-03-13 01:39:20,915 [PID:2326061] INFO -  Getting 1 granules, approx download size: 0.01 GB
2026-03-13 01:39:23,765 [PID:2326111] INFO - Downloaded: 3B-HHR.MS.MRG.3IMERG.20241223-S023000-E025959.0150.V07B.HDF5
2026-03-13 01:39:23,766 [PID:2326111] INFO -  Getting 1 granules, approx download size: 0.01 GB
2026-03-13 01:39:24,610 [PID:2326869] INFO - Downloaded: 3B-HHR.MS.MRG.3IMERG.20241223-S030000-E032959.0180.V07B.HDF5
2026-03-13 01:39:24,612 [PID:2326869] INFO -  Getting 1 granules, approx download size: 0.01 GB
2026-03-13 01:39:25,512 [PID:2326061] INFO - Downloaded: 3B-HHR.MS.MRG.3IMERG.20241223-S033000-E035959.0210.V07B.HDF5
2026-03-13 01:39:25,522 [PID:2326061] INFO -  Getting 1 granules, approx download size: 0.01 GB
2026-03-13 01:39:28,377 [PID:2326111] INFO - Downloaded: 3B-HHR.MS.MRG.3IMERG.20241223-S040000-E042959.0240.V07B.HDF5
2026-03-13 01:39:28,378 [PID:2326111] INFO -  Getting 1 granules, approx download size: 0.01 GB
2026-03-13 01:39:29,555 [PID:2326869] INFO - Downloaded: 3B-HHR.MS.MRG.3IMERG.20241223-S043000-E045959.0270.V07B.HDF5
2026-03-13 01:39:29,557 [PID:2326869] INFO -  Getting 1 granules, approx download size: 0.01 GB
2026-03-13 01:39:31,189 [PID:2326061] INFO - Downloaded: 3B-HHR.MS.MRG.3IMERG.20241223-S050000-E052959.0300.V07B.HDF5
2026-03-13 01:39:31,190 [PID:2326061] INFO -  Getting 1 granules, approx download size: 0.01 GB
2026-03-13 01:39:32,671 [PID:2326111] INFO - Downloaded: 3B-HHR.MS.MRG.3IMERG.20241223-S053000-E055959.0330.V07B.HDF5
2026-03-13 01:39:32,672 [PID:2326111] INFO -  Getting 1 granules, approx download size: 0.01 GB
2026-03-13 01:39:34,881 [PID:2326869] INFO - Downloaded: 3B-HHR.MS.MRG.3IMERG.20241223-S060000-E062959.0360.V07B.HDF5
2026-03-13 01:39:34,891 [PID:2326869] INFO -  Getting 1 granules, approx download size: 0.01 GB
2026-03-13 01:39:37,190 [PID:2326111] INFO - Downloaded: 3B-HHR.MS.MRG.3IMERG.20241223-S070000-E072959.0420.V07B.HDF5
2026-03-13 01:39:37,192 [PID:2326111] INFO -  Getting 1 granules, approx download size: 0.01 GB
2026-03-13 01:39:37,383 [PID:2326061] INFO - Downloaded: 3B-HHR.MS.MRG.3IMERG.20241223-S063000-E065959.0390.V07B.HDF5
2026-03-13 01:39:37,384 [PID:2326061] INFO -  Getting 1 granules, approx download size: 0.01 GB
2026-03-13 01:39:39,202 [PID:2326869] INFO - Downloaded: 3B-HHR.MS.MRG.3IMERG.20241223-S073000-E075959.0450.V07B.HDF5
2026-03-13 01:39:39,203 [PID:2326869] INFO -  Getting 1 granules, approx download size: 0.01 GB
2026-03-13 01:39:41,526 [PID:2326111] INFO - Downloaded: 3B-HHR.MS.MRG.3IMERG.20241223-S080000-E082959.0480.V07B.HDF5
2026-03-13 01:39:41,527 [PID:2326111] INFO -  Getting 1 granules, approx download size: 0.01 GB
2026-03-13 01:39:42,507 [PID:2326061] INFO - Downloaded: 3B-HHR.MS.MRG.3IMERG.20241223-S083000-E085959.0510.V07B.HDF5
2026-03-13 01:39:42,508 [PID:2326061] INFO -  Getting 1 granules, approx download size: 0.01 GB
2026-03-13 01:39:44,093 [PID:2326869] INFO - Downloaded: 3B-HHR.MS.MRG.3IMERG.20241223-S090000-E092959.0540.V07B.HDF5
2026-03-13 01:39:44,094 [PID:2326869] INFO -  Getting 1 granules, approx download size: 0.01 GB
2026-03-13 01:39:46,750 [PID:2326111] INFO - Downloaded: 3B-HHR.MS.MRG.3IMERG.20241223-S093000-E095959.0570.V07B.HDF5
2026-03-13 01:39:46,751 [PID:2326111] INFO -  Getting 1 granules, approx download size: 0.01 GB
2026-03-13 01:39:48,351 [PID:2326061] INFO - Downloaded: 3B-HHR.MS.MRG.3IMERG.20241223-S100000-E102959.0600.V07B.HDF5
2026-03-13 01:39:48,352 [PID:2326061] INFO -  Getting 1 granules, approx download size: 0.01 GB
2026-03-13 01:39:48,508 [PID:2326869] INFO - Downloaded: 3B-HHR.MS.MRG.3IMERG.20241223-S103000-E105959.0630.V07B.HDF5
2026-03-13 01:39:48,512 [PID:2326869] INFO -  Getting 1 granules, approx download size: 0.01 GB
2026-03-13 01:39:50,815 [PID:2326111] INFO - Downloaded: 3B-HHR.MS.MRG.3IMERG.20241223-S110000-E112959.0660.V07B.HDF5
2026-03-13 01:39:50,817 [PID:2326111] INFO -  Getting 1 granules, approx download size: 0.01 GB
2026-03-13 01:39:52,807 [PID:2326869] INFO - Downloaded: 3B-HHR.MS.MRG.3IMERG.20241223-S120000-E122959.0720.V07B.HDF5
2026-03-13 01:39:52,809 [PID:2326869] INFO -  Getting 1 granules, approx download size: 0.01 GB
2026-03-13 01:39:53,031 [PID:2326061] INFO - Downloaded: 3B-HHR.MS.MRG.3IMERG.20241223-S113000-E115959.0690.V07B.HDF5
2026-03-13 01:39:53,033 [PID:2326061] INFO -  Getting 1 granules, approx download size: 0.01 GB
2026-03-13 01:39:55,130 [PID:2326111] INFO - Downloaded: 3B-HHR.MS.MRG.3IMERG.20241223-S123000-E125959.0750.V07B.HDF5
2026-03-13 01:39:55,132 [PID:2326111] INFO -  Getting 1 granules, approx download size: 0.01 GB
2026-03-13 01:39:57,222 [PID:2326869] INFO - Downloaded: 3B-HHR.MS.MRG.3IMERG.20241223-S130000-E132959.0780.V07B.HDF5
2026-03-13 01:39:57,223 [PID:2326869] INFO -  Getting 1 granules, approx download size: 0.01 GB
2026-03-13 01:39:57,945 [PID:2326061] INFO - Downloaded: 3B-HHR.MS.MRG.3IMERG.20241223-S133000-E135959.0810.V07B.HDF5
2026-03-13 01:39:57,946 [PID:2326061] INFO -  Getting 1 granules, approx download size: 0.01 GB
2026-03-13 01:39:59,552 [PID:2326111] INFO - Downloaded: 3B-HHR.MS.MRG.3IMERG.20241223-S140000-E142959.0840.V07B.HDF5
2026-03-13 01:39:59,553 [PID:2326111] INFO -  Getting 1 granules, approx download size: 0.01 GB
2026-03-13 01:40:02,214 [PID:2326869] INFO - Downloaded: 3B-HHR.MS.MRG.3IMERG.20241223-S143000-E145959.0870.V07B.HDF5
2026-03-13 01:40:02,216 [PID:2326869] INFO -  Getting 1 granules, approx download size: 0.01 GB
2026-03-13 01:40:02,582 [PID:2326061] INFO - Downloaded: 3B-HHR.MS.MRG.3IMERG.20241223-S150000-E152959.0900.V07B.HDF5
2026-03-13 01:40:02,583 [PID:2326061] INFO -  Getting 1 granules, approx download size: 0.01 GB
2026-03-13 01:40:03,901 [PID:2326111] INFO - Downloaded: 3B-HHR.MS.MRG.3IMERG.20241223-S153000-E155959.0930.V07B.HDF5
2026-03-13 01:40:03,911 [PID:2326111] INFO -  Getting 1 granules, approx download size: 0.01 GB
2026-03-13 01:40:07,073 [PID:2326869] INFO - Downloaded: 3B-HHR.MS.MRG.3IMERG.20241223-S160000-E162959.0960.V07B.HDF5
2026-03-13 01:40:07,074 [PID:2326869] INFO -  Getting 1 granules, approx download size: 0.01 GB
2026-03-13 01:40:07,843 [PID:2326061] INFO - Downloaded: 3B-HHR.MS.MRG.3IMERG.20241223-S163000-E165959.0990.V07B.HDF5
2026-03-13 01:40:07,844 [PID:2326061] INFO -  Getting 1 granules, approx download size: 0.01 GB
2026-03-13 01:40:07,997 [PID:2287901] INFO - Progress: 1150/1549 (Success: 1150, Failed: 0)
2026-03-13 01:40:08,131 [PID:2326111] INFO - Downloaded: 3B-HHR.MS.MRG.3IMERG.20241223-S170000-E172959.1020.V07B.HDF5
2026-03-13 01:40:08,132 [PID:2326111] INFO -  Getting 1 granules, approx download size: 0.01 GB
2026-03-13 01:40:12,722 [PID:2326869] INFO - Downloaded: 3B-HHR.MS.MRG.3IMERG.20241223-S173000-E175959.1050.V07B.HDF5
2026-03-13 01:40:12,723 [PID:2326869] INFO -  Getting 1 granules, approx download size: 0.01 GB
2026-03-13 01:40:12,912 [PID:2326111] INFO - Downloaded: 3B-HHR.MS.MRG.3IMERG.20241223-S183000-E185959.1110.V07B.HDF5
2026-03-13 01:40:12,913 [PID:2326111] INFO -  Getting 1 granules, approx download size: 0.01 GB
2026-03-13 01:40:13,506 [PID:2326061] INFO - Downloaded: 3B-HHR.MS.MRG.3IMERG.20241223-S180000-E182959.1080.V07B.HDF5
2026-03-13 01:40:13,516 [PID:2326061] INFO -  Getting 1 granules, approx download size: 0.01 GB
2026-03-13 01:40:18,125 [PID:2326111] INFO - Downloaded: 3B-HHR.MS.MRG.3IMERG.20241223-S193000-E195959.1170.V07B.HDF5
2026-03-13 01:40:18,127 [PID:2326111] INFO -  Getting 1 granules, approx download size: 0.01 GB
2026-03-13 01:40:18,484 [PID:2326869] INFO - Downloaded: 3B-HHR.MS.MRG.3IMERG.20241223-S190000-E192959.1140.V07B.HDF5
2026-03-13 01:40:18,495 [PID:2326869] INFO -  Getting 1 granules, approx download size: 0.01 GB
2026-03-13 01:40:18,607 [PID:2326061] INFO - Downloaded: 3B-HHR.MS.MRG.3IMERG.20241223-S200000-E202959.1200.V07B.HDF5
2026-03-13 01:40:18,608 [PID:2326061] INFO -  Getting 1 granules, approx download size: 0.01 GB
2026-03-13 01:40:23,159 [PID:2326061] INFO - Downloaded: 3B-HHR.MS.MRG.3IMERG.20241223-S213000-E215959.1290.V07B.HDF5
2026-03-13 01:40:23,172 [PID:2326061] INFO -  Getting 1 granules, approx download size: 0.01 GB
2026-03-13 01:40:23,781 [PID:2326869] INFO - Downloaded: 3B-HHR.MS.MRG.3IMERG.20241223-S210000-E212959.1260.V07B.HDF5
2026-03-13 01:40:23,784 [PID:2326869] INFO -  Getting 1 granules, approx download size: 0.01 GB
2026-03-13 01:40:25,232 [PID:2326111] INFO - Downloaded: 3B-HHR.MS.MRG.3IMERG.20241223-S203000-E205959.1230.V07B.HDF5
2026-03-13 01:40:25,233 [PID:2326111] INFO -  Getting 1 granules, approx download size: 0.01 GB
2026-03-13 01:40:27,755 [PID:2326061] INFO - Downloaded: 3B-HHR.MS.MRG.3IMERG.20241223-S220000-E222959.1320.V07B.HDF5
2026-03-13 01:40:27,764 [PID:2326061] INFO -  Getting 1 granules, approx download size: 0.01 GB
2026-03-13 01:40:28,592 [PID:2326869] INFO - Downloaded: 3B-HHR.MS.MRG.3IMERG.20241223-S223000-E225959.1350.V07B.HDF5
2026-03-13 01:40:28,593 [PID:2326869] INFO -  Getting 1 granules, approx download size: 0.01 GB
2026-03-13 01:40:31,122 [PID:2326111] INFO - Downloaded: 3B-HHR.MS.MRG.3IMERG.20241223-S230000-E232959.1380.V07B.HDF5
2026-03-13 01:40:31,125 [PID:2326111] INFO -  Getting 1 granules, approx download size: 0.01 GB
2026-03-13 01:40:32,404 [PID:2326061] INFO - Downloaded: 3B-HHR.MS.MRG.3IMERG.20241223-S233000-E235959.1410.V07B.HDF5
2026-03-13 01:40:32,405 [PID:2326061] INFO -  Getting 1 granules, approx download size: 0.01 GB
2026-03-13 01:40:33,179 [PID:2326869] INFO - Downloaded: 3B-HHR.MS.MRG.3IMERG.20241224-S000000-E002959.0000.V07B.HDF5
2026-03-13 01:40:33,188 [PID:2326869] INFO -  Getting 1 granules, approx download size: 0.01 GB
2026-03-13 01:40:36,785 [PID:2326111] INFO - Downloaded: 3B-HHR.MS.MRG.3IMERG.20241224-S003000-E005959.0030.V07B.HDF5
2026-03-13 01:40:36,795 [PID:2326111] INFO -  Getting 1 granules, approx download size: 0.01 GB
2026-03-13 01:40:37,507 [PID:2326061] INFO - Downloaded: 3B-HHR.MS.MRG.3IMERG.20241224-S010000-E012959.0060.V07B.HDF5
2026-03-13 01:40:37,509 [PID:2326061] INFO -  Getting 1 granules, approx download size: 0.01 GB
2026-03-13 01:40:38,186 [PID:2326869] INFO - Downloaded: 3B-HHR.MS.MRG.3IMERG.20241224-S013000-E015959.0090.V07B.HDF5
2026-03-13 01:40:38,187 [PID:2326869] INFO -  Getting 1 granules, approx download size: 0.01 GB
2026-03-13 01:40:42,143 [PID:2326111] INFO - Downloaded: 3B-HHR.MS.MRG.3IMERG.20241224-S020000-E022959.0120.V07B.HDF5
2026-03-13 01:40:42,144 [PID:2326111] INFO -  Getting 1 granules, approx download size: 0.01 GB
2026-03-13 01:40:42,721 [PID:2326061] INFO - Downloaded: 3B-HHR.MS.MRG.3IMERG.20241224-S023000-E025959.0150.V07B.HDF5
2026-03-13 01:40:42,722 [PID:2326061] INFO -  Getting 1 granules, approx download size: 0.01 GB
2026-03-13 01:40:43,433 [PID:2326869] INFO - Downloaded: 3B-HHR.MS.MRG.3IMERG.20241224-S030000-E032959.0180.V07B.HDF5
2026-03-13 01:40:43,434 [PID:2326869] INFO -  Getting 1 granules, approx download size: 0.01 GB
2026-03-13 01:40:48,206 [PID:2326111] INFO - Downloaded: 3B-HHR.MS.MRG.3IMERG.20241224-S033000-E035959.0210.V07B.HDF5
2026-03-13 01:40:48,268 [PID:2326061] INFO - Downloaded: 3B-HHR.MS.MRG.3IMERG.20241224-S040000-E042959.0240.V07B.HDF5
2026-03-13 01:40:48,270 [PID:2326061] INFO -  Getting 1 granules, approx download size: 0.01 GB
2026-03-13 01:40:48,526 [PID:2326869] INFO - Downloaded: 3B-HHR.MS.MRG.3IMERG.20241224-S043000-E045959.0270.V07B.HDF5
2026-03-13 01:40:48,529 [PID:2326869] INFO -  Getting 1 granules, approx download size: 0.01 GB
2026-03-13 01:40:50,937 [PID:2328055] INFO - Worker 2328055 authenticated with Earthdata
2026-03-13 01:40:50,942 [PID:2328055] INFO -  Getting 1 granules, approx download size: 0.01 GB
2026-03-13 01:40:52,684 [PID:2326061] INFO - Downloaded: 3B-HHR.MS.MRG.3IMERG.20241224-S050000-E052959.0300.V07B.HDF5
2026-03-13 01:40:52,694 [PID:2326061] INFO -  Getting 1 granules, approx download size: 0.01 GB
2026-03-13 01:40:53,169 [PID:2326869] INFO - Downloaded: 3B-HHR.MS.MRG.3IMERG.20241224-S053000-E055959.0330.V07B.HDF5
2026-03-13 01:40:53,171 [PID:2326869] INFO -  Getting 1 granules, approx download size: 0.01 GB
2026-03-13 01:40:57,601 [PID:2328055] INFO - Downloaded: 3B-HHR.MS.MRG.3IMERG.20241224-S060000-E062959.0360.V07B.HDF5
2026-03-13 01:40:57,603 [PID:2328055] INFO -  Getting 1 granules, approx download size: 0.01 GB
2026-03-13 01:40:57,986 [PID:2326061] INFO - Downloaded: 3B-HHR.MS.MRG.3IMERG.20241224-S063000-E065959.0390.V07B.HDF5
2026-03-13 01:40:57,987 [PID:2326061] INFO -  Getting 1 granules, approx download size: 0.01 GB
2026-03-13 01:40:58,936 [PID:2326869] INFO - Downloaded: 3B-HHR.MS.MRG.3IMERG.20241224-S070000-E072959.0420.V07B.HDF5
2026-03-13 01:40:58,946 [PID:2326869] INFO -  Getting 1 granules, approx download size: 0.01 GB
2026-03-13 01:41:01,318 [PID:2328055] INFO - Downloaded: 3B-HHR.MS.MRG.3IMERG.20241224-S073000-E075959.0450.V07B.HDF5
2026-03-13 01:41:01,319 [PID:2328055] INFO -  Getting 1 granules, approx download size: 0.01 GB
2026-03-13 01:41:03,773 [PID:2326061] INFO - Downloaded: 3B-HHR.MS.MRG.3IMERG.20241224-S080000-E082959.0480.V07B.HDF5
2026-03-13 01:41:03,775 [PID:2326061] INFO -  Getting 1 granules, approx download size: 0.01 GB
2026-03-13 01:41:04,034 [PID:2326869] INFO - Downloaded: 3B-HHR.MS.MRG.3IMERG.20241224-S083000-E085959.0510.V07B.HDF5
2026-03-13 01:41:04,038 [PID:2326869] INFO -  Getting 1 granules, approx download size: 0.01 GB
2026-03-13 01:41:05,004 [PID:2328055] INFO - Downloaded: 3B-HHR.MS.MRG.3IMERG.20241224-S090000-E092959.0540.V07B.HDF5
2026-03-13 01:41:05,015 [PID:2328055] INFO -  Getting 1 granules, approx download size: 0.01 GB
2026-03-13 01:41:09,065 [PID:2326061] INFO - Downloaded: 3B-HHR.MS.MRG.3IMERG.20241224-S093000-E095959.0570.V07B.HDF5
2026-03-13 01:41:09,081 [PID:2326869] INFO - Downloaded: 3B-HHR.MS.MRG.3IMERG.20241224-S100000-E102959.0600.V07B.HDF5
2026-03-13 01:41:09,082 [PID:2326869] INFO -  Getting 1 granules, approx download size: 0.01 GB
2026-03-13 01:41:09,479 [PID:2328055] INFO - Downloaded: 3B-HHR.MS.MRG.3IMERG.20241224-S103000-E105959.0630.V07B.HDF5
2026-03-13 01:41:09,480 [PID:2328055] INFO -  Getting 1 granules, approx download size: 0.01 GB
2026-03-13 01:41:11,340 [PID:2328211] INFO - Worker 2328211 authenticated with Earthdata
2026-03-13 01:41:11,345 [PID:2328211] INFO -  Getting 1 granules, approx download size: 0.01 GB
2026-03-13 01:41:13,132 [PID:2328055] INFO - Downloaded: 3B-HHR.MS.MRG.3IMERG.20241224-S113000-E115959.0690.V07B.HDF5
2026-03-13 01:41:13,134 [PID:2328055] INFO -  Getting 1 granules, approx download size: 0.01 GB
2026-03-13 01:41:14,631 [PID:2326869] INFO - Downloaded: 3B-HHR.MS.MRG.3IMERG.20241224-S110000-E112959.0660.V07B.HDF5
2026-03-13 01:41:14,633 [PID:2326869] INFO -  Getting 1 granules, approx download size: 0.01 GB
2026-03-13 01:41:16,587 [PID:2328055] INFO - Downloaded: 3B-HHR.MS.MRG.3IMERG.20241224-S123000-E125959.0750.V07B.HDF5
2026-03-13 01:41:16,595 [PID:2328055] INFO -  Getting 1 granules, approx download size: 0.01 GB
2026-03-13 01:41:17,393 [PID:2328211] INFO - Downloaded: 3B-HHR.MS.MRG.3IMERG.20241224-S120000-E122959.0720.V07B.HDF5
2026-03-13 01:41:17,395 [PID:2328211] INFO -  Getting 1 granules, approx download size: 0.01 GB
2026-03-13 01:41:20,715 [PID:2328055] INFO - Downloaded: 3B-HHR.MS.MRG.3IMERG.20241224-S133000-E135959.0810.V07B.HDF5
2026-03-13 01:41:20,717 [PID:2328055] INFO -  Getting 1 granules, approx download size: 0.01 GB
2026-03-13 01:41:21,300 [PID:2326869] INFO - Downloaded: 3B-HHR.MS.MRG.3IMERG.20241224-S130000-E132959.0780.V07B.HDF5
2026-03-13 01:41:21,310 [PID:2326869] INFO -  Getting 1 granules, approx download size: 0.01 GB
2026-03-13 01:41:21,927 [PID:2328211] INFO - Downloaded: 3B-HHR.MS.MRG.3IMERG.20241224-S140000-E142959.0840.V07B.HDF5
2026-03-13 01:41:21,934 [PID:2328211] INFO -  Getting 1 granules, approx download size: 0.01 GB
2026-03-13 01:41:24,189 [PID:2328055] INFO - Downloaded: 3B-HHR.MS.MRG.3IMERG.20241224-S143000-E145959.0870.V07B.HDF5
2026-03-13 01:41:24,191 [PID:2328055] INFO -  Getting 1 granules, approx download size: 0.01 GB
2026-03-13 01:41:25,493 [PID:2328211] INFO - Downloaded: 3B-HHR.MS.MRG.3IMERG.20241224-S153000-E155959.0930.V07B.HDF5
2026-03-13 01:41:25,494 [PID:2328211] INFO -  Getting 1 granules, approx download size: 0.01 GB
2026-03-13 01:41:26,992 [PID:2326869] INFO - Downloaded: 3B-HHR.MS.MRG.3IMERG.20241224-S150000-E152959.0900.V07B.HDF5
2026-03-13 01:41:26,994 [PID:2326869] INFO -  Getting 1 granules, approx download size: 0.01 GB
2026-03-13 01:41:27,686 [PID:2328055] INFO - Downloaded: 3B-HHR.MS.MRG.3IMERG.20241224-S160000-E162959.0960.V07B.HDF5
2026-03-13 01:41:27,688 [PID:2328055] INFO -  Getting 1 granules, approx download size: 0.01 GB
2026-03-13 01:41:28,822 [PID:2328211] INFO - Downloaded: 3B-HHR.MS.MRG.3IMERG.20241224-S163000-E165959.0990.V07B.HDF5
2026-03-13 01:41:28,823 [PID:2328211] INFO -  Getting 1 granules, approx download size: 0.01 GB
2026-03-13 01:41:31,445 [PID:2328055] INFO - Downloaded: 3B-HHR.MS.MRG.3IMERG.20241224-S173000-E175959.1050.V07B.HDF5
2026-03-13 01:41:31,446 [PID:2328055] INFO -  Getting 1 granules, approx download size: 0.01 GB
2026-03-13 01:41:32,129 [PID:2326869] INFO - Downloaded: 3B-HHR.MS.MRG.3IMERG.20241224-S170000-E172959.1020.V07B.HDF5
2026-03-13 01:41:32,130 [PID:2326869] INFO -  Getting 1 granules, approx download size: 0.01 GB
2026-03-13 01:41:32,589 [PID:2287901] INFO - Progress: 1200/1549 (Success: 1200, Failed: 0)
2026-03-13 01:41:32,805 [PID:2328211] INFO - Downloaded: 3B-HHR.MS.MRG.3IMERG.20241224-S180000-E182959.1080.V07B.HDF5
2026-03-13 01:41:32,807 [PID:2328211] INFO -  Getting 1 granules, approx download size: 0.01 GB
2026-03-13 01:41:35,041 [PID:2328055] INFO - Downloaded: 3B-HHR.MS.MRG.3IMERG.20241224-S183000-E185959.1110.V07B.HDF5
2026-03-13 01:41:35,048 [PID:2328055] INFO -  Getting 1 granules, approx download size: 0.01 GB
2026-03-13 01:41:36,831 [PID:2328211] INFO - Downloaded: 3B-HHR.MS.MRG.3IMERG.20241224-S193000-E195959.1170.V07B.HDF5
2026-03-13 01:41:36,832 [PID:2328211] INFO -  Getting 1 granules, approx download size: 0.01 GB
2026-03-13 01:41:38,303 [PID:2326869] INFO - Downloaded: 3B-HHR.MS.MRG.3IMERG.20241224-S190000-E192959.1140.V07B.HDF5
2026-03-13 01:41:38,305 [PID:2326869] INFO -  Getting 1 granules, approx download size: 0.01 GB
2026-03-13 01:41:38,644 [PID:2328055] INFO - Downloaded: 3B-HHR.MS.MRG.3IMERG.20241224-S200000-E202959.1200.V07B.HDF5
2026-03-13 01:41:38,645 [PID:2328055] INFO -  Getting 1 granules, approx download size: 0.01 GB
2026-03-13 01:41:40,234 [PID:2328211] INFO - Downloaded: 3B-HHR.MS.MRG.3IMERG.20241224-S203000-E205959.1230.V07B.HDF5
2026-03-13 01:41:40,235 [PID:2328211] INFO -  Getting 1 granules, approx download size: 0.01 GB
2026-03-13 01:41:42,382 [PID:2328055] INFO - Downloaded: 3B-HHR.MS.MRG.3IMERG.20241224-S213000-E215959.1290.V07B.HDF5
2026-03-13 01:41:42,392 [PID:2328055] INFO -  Getting 1 granules, approx download size: 0.01 GB
2026-03-13 01:41:43,683 [PID:2328211] INFO - Downloaded: 3B-HHR.MS.MRG.3IMERG.20241224-S220000-E222959.1320.V07B.HDF5
2026-03-13 01:41:43,684 [PID:2328211] INFO -  Getting 1 granules, approx download size: 0.01 GB
2026-03-13 01:41:43,727 [PID:2326869] INFO - Downloaded: 3B-HHR.MS.MRG.3IMERG.20241224-S210000-E212959.1260.V07B.HDF5
2026-03-13 01:41:43,729 [PID:2326869] INFO -  Getting 1 granules, approx download size: 0.01 GB
2026-03-13 01:41:45,744 [PID:2328055] INFO - Downloaded: 3B-HHR.MS.MRG.3IMERG.20241224-S223000-E225959.1350.V07B.HDF5
2026-03-13 01:41:45,746 [PID:2328055] INFO -  Getting 1 granules, approx download size: 0.01 GB
2026-03-13 01:41:47,049 [PID:2328211] INFO - Downloaded: 3B-HHR.MS.MRG.3IMERG.20241224-S230000-E232959.1380.V07B.HDF5
2026-03-13 01:41:47,051 [PID:2328211] INFO -  Getting 1 granules, approx download size: 0.01 GB
2026-03-13 01:41:50,995 [PID:2328055] INFO - Downloaded: 3B-HHR.MS.MRG.3IMERG.20241225-S000000-E002959.0000.V07B.HDF5
2026-03-13 01:41:51,003 [PID:2328055] INFO -  Getting 1 granules, approx download size: 0.01 GB
2026-03-13 01:41:51,108 [PID:2328211] INFO - Downloaded: 3B-HHR.MS.MRG.3IMERG.20241225-S003000-E005959.0030.V07B.HDF5
2026-03-13 01:41:51,109 [PID:2328211] INFO -  Getting 1 granules, approx download size: 0.01 GB
2026-03-13 01:41:52,073 [PID:2326869] INFO - Downloaded: 3B-HHR.MS.MRG.3IMERG.20241224-S233000-E235959.1410.V07B.HDF5
2026-03-13 01:41:52,074 [PID:2326869] INFO -  Getting 1 granules, approx download size: 0.01 GB
2026-03-13 01:41:55,276 [PID:2328211] INFO - Downloaded: 3B-HHR.MS.MRG.3IMERG.20241225-S013000-E015959.0090.V07B.HDF5
2026-03-13 01:41:55,284 [PID:2328211] INFO -  Getting 1 granules, approx download size: 0.01 GB
2026-03-13 01:41:55,287 [PID:2328055] INFO - Downloaded: 3B-HHR.MS.MRG.3IMERG.20241225-S010000-E012959.0060.V07B.HDF5
2026-03-13 01:41:55,294 [PID:2328055] INFO -  Getting 1 granules, approx download size: 0.01 GB
2026-03-13 01:41:58,967 [PID:2326869] INFO - Downloaded: 3B-HHR.MS.MRG.3IMERG.20241225-S020000-E022959.0120.V07B.HDF5
2026-03-13 01:41:58,968 [PID:2326869] INFO -  Getting 1 granules, approx download size: 0.01 GB
2026-03-13 01:41:59,338 [PID:2328211] INFO - Downloaded: 3B-HHR.MS.MRG.3IMERG.20241225-S023000-E025959.0150.V07B.HDF5
2026-03-13 01:41:59,339 [PID:2328211] INFO -  Getting 1 granules, approx download size: 0.01 GB
2026-03-13 01:42:00,048 [PID:2328055] INFO - Downloaded: 3B-HHR.MS.MRG.3IMERG.20241225-S030000-E032959.0180.V07B.HDF5
2026-03-13 01:42:00,049 [PID:2328055] INFO -  Getting 1 granules, approx download size: 0.01 GB
2026-03-13 01:42:02,866 [PID:2328211] INFO - Downloaded: 3B-HHR.MS.MRG.3IMERG.20241225-S040000-E042959.0240.V07B.HDF5
2026-03-13 01:42:02,868 [PID:2328211] INFO -  Getting 1 granules, approx download size: 0.01 GB
2026-03-13 01:42:04,215 [PID:2328055] INFO - Downloaded: 3B-HHR.MS.MRG.3IMERG.20241225-S043000-E045959.0270.V07B.HDF5
2026-03-13 01:42:04,216 [PID:2328055] INFO -  Getting 1 granules, approx download size: 0.01 GB
2026-03-13 01:42:05,663 [PID:2326869] INFO - Downloaded: 3B-HHR.MS.MRG.3IMERG.20241225-S033000-E035959.0210.V07B.HDF5
2026-03-13 01:42:05,664 [PID:2326869] INFO -  Getting 1 granules, approx download size: 0.01 GB
2026-03-13 01:42:06,249 [PID:2328211] INFO - Downloaded: 3B-HHR.MS.MRG.3IMERG.20241225-S050000-E052959.0300.V07B.HDF5
2026-03-13 01:42:06,250 [PID:2328211] INFO -  Getting 1 granules, approx download size: 0.01 GB
2026-03-13 01:42:07,673 [PID:2328055] INFO - Downloaded: 3B-HHR.MS.MRG.3IMERG.20241225-S053000-E055959.0330.V07B.HDF5
2026-03-13 01:42:07,674 [PID:2328055] INFO -  Getting 1 granules, approx download size: 0.01 GB
2026-03-13 01:42:09,951 [PID:2328211] INFO - Downloaded: 3B-HHR.MS.MRG.3IMERG.20241225-S063000-E065959.0390.V07B.HDF5
2026-03-13 01:42:09,952 [PID:2328211] INFO -  Getting 1 granules, approx download size: 0.01 GB
2026-03-13 01:42:11,553 [PID:2328055] INFO - Downloaded: 3B-HHR.MS.MRG.3IMERG.20241225-S070000-E072959.0420.V07B.HDF5
2026-03-13 01:42:11,554 [PID:2328055] INFO -  Getting 1 granules, approx download size: 0.01 GB
2026-03-13 01:42:11,810 [PID:2326869] INFO - Downloaded: 3B-HHR.MS.MRG.3IMERG.20241225-S060000-E062959.0360.V07B.HDF5
2026-03-13 01:42:11,811 [PID:2326869] INFO -  Getting 1 granules, approx download size: 0.01 GB
2026-03-13 01:42:13,681 [PID:2328211] INFO - Downloaded: 3B-HHR.MS.MRG.3IMERG.20241225-S073000-E075959.0450.V07B.HDF5
2026-03-13 01:42:13,682 [PID:2328211] INFO -  Getting 1 granules, approx download size: 0.01 GB
2026-03-13 01:42:15,239 [PID:2328055] INFO - Downloaded: 3B-HHR.MS.MRG.3IMERG.20241225-S080000-E082959.0480.V07B.HDF5
2026-03-13 01:42:15,244 [PID:2328055] INFO -  Getting 1 granules, approx download size: 0.01 GB
2026-03-13 01:42:17,483 [PID:2328211] INFO - Downloaded: 3B-HHR.MS.MRG.3IMERG.20241225-S090000-E092959.0540.V07B.HDF5
2026-03-13 01:42:17,492 [PID:2328211] INFO -  Getting 1 granules, approx download size: 0.01 GB
2026-03-13 01:42:18,935 [PID:2326869] INFO - Downloaded: 3B-HHR.MS.MRG.3IMERG.20241225-S083000-E085959.0510.V07B.HDF5
2026-03-13 01:42:18,936 [PID:2326869] INFO -  Getting 1 granules, approx download size: 0.01 GB
2026-03-13 01:42:19,181 [PID:2328055] INFO - Downloaded: 3B-HHR.MS.MRG.3IMERG.20241225-S093000-E095959.0570.V07B.HDF5
2026-03-13 01:42:19,184 [PID:2328055] INFO -  Getting 1 granules, approx download size: 0.01 GB
2026-03-13 01:42:20,702 [PID:2328211] INFO - Downloaded: 3B-HHR.MS.MRG.3IMERG.20241225-S100000-E102959.0600.V07B.HDF5
2026-03-13 01:42:20,703 [PID:2328211] INFO -  Getting 1 granules, approx download size: 0.01 GB
2026-03-13 01:42:22,648 [PID:2328055] INFO - Downloaded: 3B-HHR.MS.MRG.3IMERG.20241225-S110000-E112959.0660.V07B.HDF5
2026-03-13 01:42:22,649 [PID:2328055] INFO -  Getting 1 granules, approx download size: 0.01 GB
2026-03-13 01:42:24,725 [PID:2328211] INFO - Downloaded: 3B-HHR.MS.MRG.3IMERG.20241225-S113000-E115959.0690.V07B.HDF5
2026-03-13 01:42:24,727 [PID:2328211] INFO -  Getting 1 granules, approx download size: 0.01 GB
2026-03-13 01:42:25,481 [PID:2326869] INFO - Downloaded: 3B-HHR.MS.MRG.3IMERG.20241225-S103000-E105959.0630.V07B.HDF5
2026-03-13 01:42:25,482 [PID:2326869] INFO -  Getting 1 granules, approx download size: 0.01 GB
2026-03-13 01:42:26,373 [PID:2328055] INFO - Downloaded: 3B-HHR.MS.MRG.3IMERG.20241225-S120000-E122959.0720.V07B.HDF5
2026-03-13 01:42:26,383 [PID:2328055] INFO -  Getting 1 granules, approx download size: 0.01 GB
2026-03-13 01:42:28,395 [PID:2328211] INFO - Downloaded: 3B-HHR.MS.MRG.3IMERG.20241225-S123000-E125959.0750.V07B.HDF5
2026-03-13 01:42:28,397 [PID:2328211] INFO -  Getting 1 granules, approx download size: 0.01 GB
2026-03-13 01:42:30,229 [PID:2328055] INFO - Downloaded: 3B-HHR.MS.MRG.3IMERG.20241225-S133000-E135959.0810.V07B.HDF5
2026-03-13 01:42:30,232 [PID:2328055] INFO -  Getting 1 granules, approx download size: 0.01 GB
2026-03-13 01:42:31,890 [PID:2328211] INFO - Downloaded: 3B-HHR.MS.MRG.3IMERG.20241225-S140000-E142959.0840.V07B.HDF5
2026-03-13 01:42:31,892 [PID:2328211] INFO -  Getting 1 granules, approx download size: 0.01 GB
2026-03-13 01:42:32,175 [PID:2326869] INFO - Downloaded: 3B-HHR.MS.MRG.3IMERG.20241225-S130000-E132959.0780.V07B.HDF5
2026-03-13 01:42:32,176 [PID:2326869] INFO -  Getting 1 granules, approx download size: 0.01 GB
2026-03-13 01:42:33,589 [PID:2328055] INFO - Downloaded: 3B-HHR.MS.MRG.3IMERG.20241225-S143000-E145959.0870.V07B.HDF5
2026-03-13 01:42:33,589 [PID:2328055] INFO -  Getting 1 granules, approx download size: 0.01 GB
2026-03-13 01:42:35,512 [PID:2328211] INFO - Downloaded: 3B-HHR.MS.MRG.3IMERG.20241225-S150000-E152959.0900.V07B.HDF5
2026-03-13 01:42:35,514 [PID:2328211] INFO -  Getting 1 granules, approx download size: 0.01 GB
2026-03-13 01:42:39,415 [PID:2328055] INFO - Downloaded: 3B-HHR.MS.MRG.3IMERG.20241225-S160000-E162959.0960.V07B.HDF5
2026-03-13 01:42:39,417 [PID:2328055] INFO -  Getting 1 granules, approx download size: 0.01 GB
2026-03-13 01:42:39,773 [PID:2326869] INFO - Downloaded: 3B-HHR.MS.MRG.3IMERG.20241225-S153000-E155959.0930.V07B.HDF5
2026-03-13 01:42:39,781 [PID:2326869] INFO -  Getting 1 granules, approx download size: 0.01 GB
2026-03-13 01:42:40,081 [PID:2328211] INFO - Downloaded: 3B-HHR.MS.MRG.3IMERG.20241225-S163000-E165959.0990.V07B.HDF5
2026-03-13 01:42:40,089 [PID:2328211] INFO -  Getting 1 granules, approx download size: 0.01 GB
2026-03-13 01:42:44,036 [PID:2328055] INFO - Downloaded: 3B-HHR.MS.MRG.3IMERG.20241225-S170000-E172959.1020.V07B.HDF5
2026-03-13 01:42:44,037 [PID:2328055] INFO -  Getting 1 granules, approx download size: 0.01 GB
2026-03-13 01:42:44,415 [PID:2328211] INFO - Downloaded: 3B-HHR.MS.MRG.3IMERG.20241225-S180000-E182959.1080.V07B.HDF5
2026-03-13 01:42:44,417 [PID:2328211] INFO -  Getting 1 granules, approx download size: 0.01 GB
2026-03-13 01:42:47,552 [PID:2326869] INFO - Downloaded: 3B-HHR.MS.MRG.3IMERG.20241225-S173000-E175959.1050.V07B.HDF5
2026-03-13 01:42:47,553 [PID:2326869] INFO -  Getting 1 granules, approx download size: 0.01 GB
2026-03-13 01:42:48,205 [PID:2287901] INFO - Progress: 1250/1549 (Success: 1250, Failed: 0)
2026-03-13 01:42:48,723 [PID:2328055] INFO - Downloaded: 3B-HHR.MS.MRG.3IMERG.20241225-S183000-E185959.1110.V07B.HDF5
2026-03-13 01:42:48,725 [PID:2328055] INFO -  Getting 1 granules, approx download size: 0.01 GB
2026-03-13 01:42:48,964 [PID:2328211] INFO - Downloaded: 3B-HHR.MS.MRG.3IMERG.20241225-S190000-E192959.1140.V07B.HDF5
2026-03-13 01:42:48,974 [PID:2328211] INFO -  Getting 1 granules, approx download size: 0.01 GB
2026-03-13 01:42:53,993 [PID:2328055] INFO - Downloaded: 3B-HHR.MS.MRG.3IMERG.20241225-S200000-E202959.1200.V07B.HDF5
2026-03-13 01:42:53,994 [PID:2328211] INFO - Downloaded: 3B-HHR.MS.MRG.3IMERG.20241225-S203000-E205959.1230.V07B.HDF5
2026-03-13 01:42:54,003 [PID:2328211] INFO -  Getting 1 granules, approx download size: 0.01 GB
2026-03-13 01:42:54,003 [PID:2328055] INFO -  Getting 1 granules, approx download size: 0.01 GB
2026-03-13 01:42:54,980 [PID:2326869] INFO - Downloaded: 3B-HHR.MS.MRG.3IMERG.20241225-S193000-E195959.1170.V07B.HDF5
2026-03-13 01:42:54,982 [PID:2326869] INFO -  Getting 1 granules, approx download size: 0.01 GB
2026-03-13 01:42:58,241 [PID:2328211] INFO - Downloaded: 3B-HHR.MS.MRG.3IMERG.20241225-S213000-E215959.1290.V07B.HDF5
2026-03-13 01:42:58,250 [PID:2328211] INFO -  Getting 1 granules, approx download size: 0.01 GB
2026-03-13 01:42:59,289 [PID:2328055] INFO - Downloaded: 3B-HHR.MS.MRG.3IMERG.20241225-S210000-E212959.1260.V07B.HDF5
2026-03-13 01:42:59,291 [PID:2328055] INFO -  Getting 1 granules, approx download size: 0.01 GB
2026-03-13 01:43:02,282 [PID:2328211] INFO - Downloaded: 3B-HHR.MS.MRG.3IMERG.20241225-S223000-E225959.1350.V07B.HDF5
2026-03-13 01:43:02,284 [PID:2328211] INFO -  Getting 1 granules, approx download size: 0.01 GB
2026-03-13 01:43:03,019 [PID:2326869] INFO - Downloaded: 3B-HHR.MS.MRG.3IMERG.20241225-S220000-E222959.1320.V07B.HDF5
2026-03-13 01:43:03,015 [PID:2328055] INFO - Downloaded: 3B-HHR.MS.MRG.3IMERG.20241225-S230000-E232959.1380.V07B.HDF5
2026-03-13 01:43:03,024 [PID:2328055] INFO -  Getting 1 granules, approx download size: 0.01 GB
2026-03-13 01:43:05,648 [PID:2329109] INFO - Worker 2329109 authenticated with Earthdata
2026-03-13 01:43:05,655 [PID:2329109] INFO -  Getting 1 granules, approx download size: 0.01 GB
2026-03-13 01:43:07,142 [PID:2328211] INFO - Downloaded: 3B-HHR.MS.MRG.3IMERG.20241225-S233000-E235959.1410.V07B.HDF5
2026-03-13 01:43:07,144 [PID:2328211] INFO -  Getting 1 granules, approx download size: 0.01 GB
2026-03-13 01:43:07,972 [PID:2328055] INFO - Downloaded: 3B-HHR.MS.MRG.3IMERG.20241226-S000000-E002959.0000.V07B.HDF5
2026-03-13 01:43:07,974 [PID:2328055] INFO -  Getting 1 granules, approx download size: 0.01 GB
2026-03-13 01:43:10,620 [PID:2328211] INFO - Downloaded: 3B-HHR.MS.MRG.3IMERG.20241226-S010000-E012959.0060.V07B.HDF5
2026-03-13 01:43:10,621 [PID:2328211] INFO -  Getting 1 granules, approx download size: 0.01 GB
2026-03-13 01:43:12,155 [PID:2328055] INFO - Downloaded: 3B-HHR.MS.MRG.3IMERG.20241226-S013000-E015959.0090.V07B.HDF5
2026-03-13 01:43:12,156 [PID:2328055] INFO -  Getting 1 granules, approx download size: 0.01 GB
2026-03-13 01:43:13,828 [PID:2328211] INFO - Downloaded: 3B-HHR.MS.MRG.3IMERG.20241226-S020000-E022959.0120.V07B.HDF5
2026-03-13 01:43:13,829 [PID:2328211] INFO -  Getting 1 granules, approx download size: 0.01 GB
2026-03-13 01:43:15,584 [PID:2328055] INFO - Downloaded: 3B-HHR.MS.MRG.3IMERG.20241226-S023000-E025959.0150.V07B.HDF5
2026-03-13 01:43:15,586 [PID:2328055] INFO -  Getting 1 granules, approx download size: 0.01 GB
2026-03-13 01:43:17,077 [PID:2329109] INFO - Downloaded: 3B-HHR.MS.MRG.3IMERG.20241226-S003000-E005959.0030.V07B.HDF5
2026-03-13 01:43:17,078 [PID:2329109] INFO -  Getting 1 granules, approx download size: 0.01 GB
2026-03-13 01:43:17,587 [PID:2328211] INFO - Downloaded: 3B-HHR.MS.MRG.3IMERG.20241226-S030000-E032959.0180.V07B.HDF5
2026-03-13 01:43:17,588 [PID:2328211] INFO -  Getting 1 granules, approx download size: 0.01 GB
2026-03-13 01:43:21,519 [PID:2328055] INFO - Downloaded: 3B-HHR.MS.MRG.3IMERG.20241226-S033000-E035959.0210.V07B.HDF5
2026-03-13 01:43:21,520 [PID:2328055] INFO -  Getting 1 granules, approx download size: 0.01 GB
2026-03-13 01:43:21,756 [PID:2328211] INFO - Downloaded: 3B-HHR.MS.MRG.3IMERG.20241226-S043000-E045959.0270.V07B.HDF5
2026-03-13 01:43:21,758 [PID:2328211] INFO -  Getting 1 granules, approx download size: 0.01 GB
2026-03-13 01:43:22,617 [PID:2329109] INFO - Downloaded: 3B-HHR.MS.MRG.3IMERG.20241226-S040000-E042959.0240.V07B.HDF5
2026-03-13 01:43:22,619 [PID:2329109] INFO -  Getting 1 granules, approx download size: 0.01 GB
2026-03-13 01:43:25,734 [PID:2328055] INFO - Downloaded: 3B-HHR.MS.MRG.3IMERG.20241226-S050000-E052959.0300.V07B.HDF5
2026-03-13 01:43:25,740 [PID:2328055] INFO -  Getting 1 granules, approx download size: 0.01 GB
2026-03-13 01:43:25,958 [PID:2328211] INFO - Downloaded: 3B-HHR.MS.MRG.3IMERG.20241226-S053000-E055959.0330.V07B.HDF5
2026-03-13 01:43:25,960 [PID:2328211] INFO -  Getting 1 granules, approx download size: 0.01 GB
2026-03-13 01:43:27,152 [PID:2329109] INFO - Downloaded: 3B-HHR.MS.MRG.3IMERG.20241226-S060000-E062959.0360.V07B.HDF5
2026-03-13 01:43:27,154 [PID:2329109] INFO -  Getting 1 granules, approx download size: 0.01 GB
2026-03-13 01:43:29,706 [PID:2328055] INFO - Downloaded: 3B-HHR.MS.MRG.3IMERG.20241226-S063000-E065959.0390.V07B.HDF5
2026-03-13 01:43:29,707 [PID:2328055] INFO -  Getting 1 granules, approx download size: 0.01 GB
2026-03-13 01:43:29,927 [PID:2328211] INFO - Downloaded: 3B-HHR.MS.MRG.3IMERG.20241226-S070000-E072959.0420.V07B.HDF5
2026-03-13 01:43:29,929 [PID:2328211] INFO -  Getting 1 granules, approx download size: 0.01 GB
2026-03-13 01:43:30,922 [PID:2329109] INFO - Downloaded: 3B-HHR.MS.MRG.3IMERG.20241226-S073000-E075959.0450.V07B.HDF5
2026-03-13 01:43:30,924 [PID:2329109] INFO -  Getting 1 granules, approx download size: 0.01 GB
2026-03-13 01:43:33,485 [PID:2328055] INFO - Downloaded: 3B-HHR.MS.MRG.3IMERG.20241226-S080000-E082959.0480.V07B.HDF5
2026-03-13 01:43:33,495 [PID:2328055] INFO -  Getting 1 granules, approx download size: 0.01 GB
2026-03-13 01:43:33,996 [PID:2328211] INFO - Downloaded: 3B-HHR.MS.MRG.3IMERG.20241226-S083000-E085959.0510.V07B.HDF5
2026-03-13 01:43:33,998 [PID:2328211] INFO -  Getting 1 granules, approx download size: 0.01 GB
2026-03-13 01:43:34,703 [PID:2329109] INFO - Downloaded: 3B-HHR.MS.MRG.3IMERG.20241226-S090000-E092959.0540.V07B.HDF5
2026-03-13 01:43:34,704 [PID:2329109] INFO -  Getting 1 granules, approx download size: 0.01 GB
2026-03-13 01:43:37,505 [PID:2328055] INFO - Downloaded: 3B-HHR.MS.MRG.3IMERG.20241226-S093000-E095959.0570.V07B.HDF5
2026-03-13 01:43:37,511 [PID:2328055] INFO -  Getting 1 granules, approx download size: 0.01 GB
2026-03-13 01:43:38,620 [PID:2328211] INFO - Downloaded: 3B-HHR.MS.MRG.3IMERG.20241226-S100000-E102959.0600.V07B.HDF5
2026-03-13 01:43:38,622 [PID:2328211] INFO -  Getting 1 granules, approx download size: 0.01 GB
2026-03-13 01:43:39,212 [PID:2329109] INFO - Downloaded: 3B-HHR.MS.MRG.3IMERG.20241226-S103000-E105959.0630.V07B.HDF5
2026-03-13 01:43:39,223 [PID:2329109] INFO -  Getting 1 granules, approx download size: 0.01 GB
2026-03-13 01:43:41,132 [PID:2328055] INFO - Downloaded: 3B-HHR.MS.MRG.3IMERG.20241226-S110000-E112959.0660.V07B.HDF5
2026-03-13 01:43:41,143 [PID:2328055] INFO -  Getting 1 granules, approx download size: 0.01 GB
2026-03-13 01:43:42,453 [PID:2328211] INFO - Downloaded: 3B-HHR.MS.MRG.3IMERG.20241226-S113000-E115959.0690.V07B.HDF5
2026-03-13 01:43:42,455 [PID:2328211] INFO -  Getting 1 granules, approx download size: 0.01 GB
2026-03-13 01:43:43,254 [PID:2329109] INFO - Downloaded: 3B-HHR.MS.MRG.3IMERG.20241226-S120000-E122959.0720.V07B.HDF5
2026-03-13 01:43:43,257 [PID:2329109] INFO -  Getting 1 granules, approx download size: 0.01 GB
2026-03-13 01:43:44,584 [PID:2328055] INFO - Downloaded: 3B-HHR.MS.MRG.3IMERG.20241226-S123000-E125959.0750.V07B.HDF5
2026-03-13 01:43:44,594 [PID:2328055] INFO -  Getting 1 granules, approx download size: 0.01 GB
2026-03-13 01:43:46,181 [PID:2328211] INFO - Downloaded: 3B-HHR.MS.MRG.3IMERG.20241226-S130000-E132959.0780.V07B.HDF5
2026-03-13 01:43:46,187 [PID:2328211] INFO -  Getting 1 granules, approx download size: 0.01 GB
2026-03-13 01:43:48,177 [PID:2329109] INFO - Downloaded: 3B-HHR.MS.MRG.3IMERG.20241226-S133000-E135959.0810.V07B.HDF5
2026-03-13 01:43:48,184 [PID:2329109] INFO -  Getting 1 granules, approx download size: 0.01 GB
2026-03-13 01:43:48,641 [PID:2328055] INFO - Downloaded: 3B-HHR.MS.MRG.3IMERG.20241226-S140000-E142959.0840.V07B.HDF5
2026-03-13 01:43:48,642 [PID:2328055] INFO -  Getting 1 granules, approx download size: 0.01 GB
2026-03-13 01:43:49,643 [PID:2328211] INFO - Downloaded: 3B-HHR.MS.MRG.3IMERG.20241226-S143000-E145959.0870.V07B.HDF5
2026-03-13 01:43:49,644 [PID:2328211] INFO -  Getting 1 granules, approx download size: 0.01 GB
2026-03-13 01:43:51,984 [PID:2329109] INFO - Downloaded: 3B-HHR.MS.MRG.3IMERG.20241226-S150000-E152959.0900.V07B.HDF5
2026-03-13 01:43:51,994 [PID:2329109] INFO -  Getting 1 granules, approx download size: 0.01 GB
2026-03-13 01:43:53,411 [PID:2328055] INFO - Downloaded: 3B-HHR.MS.MRG.3IMERG.20241226-S153000-E155959.0930.V07B.HDF5
2026-03-13 01:43:53,419 [PID:2328055] INFO -  Getting 1 granules, approx download size: 0.01 GB
2026-03-13 01:43:53,652 [PID:2328211] INFO - Downloaded: 3B-HHR.MS.MRG.3IMERG.20241226-S160000-E162959.0960.V07B.HDF5
2026-03-13 01:43:53,656 [PID:2328211] INFO -  Getting 1 granules, approx download size: 0.01 GB
2026-03-13 01:43:55,971 [PID:2329109] INFO - Downloaded: 3B-HHR.MS.MRG.3IMERG.20241226-S163000-E165959.0990.V07B.HDF5
2026-03-13 01:43:55,972 [PID:2329109] INFO -  Getting 1 granules, approx download size: 0.01 GB
2026-03-13 01:43:57,428 [PID:2328211] INFO - Downloaded: 3B-HHR.MS.MRG.3IMERG.20241226-S173000-E175959.1050.V07B.HDF5
2026-03-13 01:43:57,429 [PID:2328211] INFO -  Getting 1 granules, approx download size: 0.01 GB
2026-03-13 01:43:57,475 [PID:2328055] INFO - Downloaded: 3B-HHR.MS.MRG.3IMERG.20241226-S170000-E172959.1020.V07B.HDF5
2026-03-13 01:43:57,476 [PID:2328055] INFO -  Getting 1 granules, approx download size: 0.01 GB
2026-03-13 01:43:59,703 [PID:2329109] INFO - Downloaded: 3B-HHR.MS.MRG.3IMERG.20241226-S180000-E182959.1080.V07B.HDF5
2026-03-13 01:43:59,706 [PID:2329109] INFO -  Getting 1 granules, approx download size: 0.01 GB
2026-03-13 01:44:01,135 [PID:2328211] INFO - Downloaded: 3B-HHR.MS.MRG.3IMERG.20241226-S183000-E185959.1110.V07B.HDF5
2026-03-13 01:44:01,138 [PID:2328211] INFO -  Getting 1 granules, approx download size: 0.01 GB
2026-03-13 01:44:01,437 [PID:2328055] INFO - Downloaded: 3B-HHR.MS.MRG.3IMERG.20241226-S190000-E192959.1140.V07B.HDF5
2026-03-13 01:44:01,438 [PID:2328055] INFO -  Getting 1 granules, approx download size: 0.01 GB
2026-03-13 01:44:03,457 [PID:2329109] INFO - Downloaded: 3B-HHR.MS.MRG.3IMERG.20241226-S193000-E195959.1170.V07B.HDF5
2026-03-13 01:44:03,459 [PID:2329109] INFO -  Getting 1 granules, approx download size: 0.01 GB
2026-03-13 01:44:03,862 [PID:2287901] INFO - Progress: 1300/1549 (Success: 1300, Failed: 0)
2026-03-13 01:44:04,744 [PID:2328211] INFO - Downloaded: 3B-HHR.MS.MRG.3IMERG.20241226-S200000-E202959.1200.V07B.HDF5
2026-03-13 01:44:04,748 [PID:2328211] INFO -  Getting 1 granules, approx download size: 0.01 GB
2026-03-13 01:44:05,213 [PID:2328055] INFO - Downloaded: 3B-HHR.MS.MRG.3IMERG.20241226-S203000-E205959.1230.V07B.HDF5
2026-03-13 01:44:05,222 [PID:2328055] INFO -  Getting 1 granules, approx download size: 0.01 GB
2026-03-13 01:44:06,722 [PID:2329109] INFO - Downloaded: 3B-HHR.MS.MRG.3IMERG.20241226-S210000-E212959.1260.V07B.HDF5
2026-03-13 01:44:06,731 [PID:2329109] INFO -  Getting 1 granules, approx download size: 0.01 GB
2026-03-13 01:44:08,409 [PID:2328211] INFO - Downloaded: 3B-HHR.MS.MRG.3IMERG.20241226-S213000-E215959.1290.V07B.HDF5
2026-03-13 01:44:08,410 [PID:2328211] INFO -  Getting 1 granules, approx download size: 0.01 GB
2026-03-13 01:44:09,172 [PID:2328055] INFO - Downloaded: 3B-HHR.MS.MRG.3IMERG.20241226-S220000-E222959.1320.V07B.HDF5
2026-03-13 01:44:09,173 [PID:2328055] INFO -  Getting 1 granules, approx download size: 0.01 GB
2026-03-13 01:44:10,246 [PID:2329109] INFO - Downloaded: 3B-HHR.MS.MRG.3IMERG.20241226-S223000-E225959.1350.V07B.HDF5
2026-03-13 01:44:10,248 [PID:2329109] INFO -  Getting 1 granules, approx download size: 0.01 GB
2026-03-13 01:44:11,756 [PID:2328211] INFO - Downloaded: 3B-HHR.MS.MRG.3IMERG.20241226-S230000-E232959.1380.V07B.HDF5
2026-03-13 01:44:11,766 [PID:2328211] INFO -  Getting 1 granules, approx download size: 0.01 GB
2026-03-13 01:44:12,684 [PID:2328055] INFO - Downloaded: 3B-HHR.MS.MRG.3IMERG.20241226-S233000-E235959.1410.V07B.HDF5
2026-03-13 01:44:12,686 [PID:2328055] INFO -  Getting 1 granules, approx download size: 0.01 GB
2026-03-13 01:44:13,551 [PID:2329109] INFO - Downloaded: 3B-HHR.MS.MRG.3IMERG.20241227-S000000-E002959.0000.V07B.HDF5
2026-03-13 01:44:13,558 [PID:2329109] INFO -  Getting 1 granules, approx download size: 0.01 GB
2026-03-13 01:44:15,091 [PID:2328211] INFO - Downloaded: 3B-HHR.MS.MRG.3IMERG.20241227-S003000-E005959.0030.V07B.HDF5
2026-03-13 01:44:15,092 [PID:2328211] INFO -  Getting 1 granules, approx download size: 0.01 GB
2026-03-13 01:44:16,751 [PID:2328055] INFO - Downloaded: 3B-HHR.MS.MRG.3IMERG.20241227-S010000-E012959.0060.V07B.HDF5
2026-03-13 01:44:17,593 [PID:2329109] INFO - Downloaded: 3B-HHR.MS.MRG.3IMERG.20241227-S013000-E015959.0090.V07B.HDF5
2026-03-13 01:44:17,595 [PID:2329109] INFO -  Getting 1 granules, approx download size: 0.01 GB
2026-03-13 01:44:18,485 [PID:2328211] INFO - Downloaded: 3B-HHR.MS.MRG.3IMERG.20241227-S020000-E022959.0120.V07B.HDF5
2026-03-13 01:44:18,488 [PID:2328211] INFO -  Getting 1 granules, approx download size: 0.01 GB
2026-03-13 01:44:19,199 [PID:2329676] INFO - Worker 2329676 authenticated with Earthdata
2026-03-13 01:44:19,204 [PID:2329676] INFO -  Getting 1 granules, approx download size: 0.01 GB
2026-03-13 01:44:22,015 [PID:2329109] INFO - Downloaded: 3B-HHR.MS.MRG.3IMERG.20241227-S023000-E025959.0150.V07B.HDF5
2026-03-13 01:44:22,024 [PID:2329109] INFO -  Getting 1 granules, approx download size: 0.01 GB
2026-03-13 01:44:22,384 [PID:2328211] INFO - Downloaded: 3B-HHR.MS.MRG.3IMERG.20241227-S030000-E032959.0180.V07B.HDF5
2026-03-13 01:44:22,385 [PID:2328211] INFO -  Getting 1 granules, approx download size: 0.01 GB
2026-03-13 01:44:25,551 [PID:2329676] INFO - Downloaded: 3B-HHR.MS.MRG.3IMERG.20241227-S033000-E035959.0210.V07B.HDF5
2026-03-13 01:44:25,552 [PID:2329676] INFO -  Getting 1 granules, approx download size: 0.01 GB
2026-03-13 01:44:26,716 [PID:2329109] INFO - Downloaded: 3B-HHR.MS.MRG.3IMERG.20241227-S040000-E042959.0240.V07B.HDF5
2026-03-13 01:44:26,717 [PID:2329109] INFO -  Getting 1 granules, approx download size: 0.01 GB
2026-03-13 01:44:27,014 [PID:2328211] INFO - Downloaded: 3B-HHR.MS.MRG.3IMERG.20241227-S043000-E045959.0270.V07B.HDF5
2026-03-13 01:44:29,430 [PID:2329756] INFO - Worker 2329756 authenticated with Earthdata
2026-03-13 01:44:29,435 [PID:2329756] INFO -  Getting 1 granules, approx download size: 0.01 GB
2026-03-13 01:44:29,857 [PID:2329676] INFO - Downloaded: 3B-HHR.MS.MRG.3IMERG.20241227-S050000-E052959.0300.V07B.HDF5
2026-03-13 01:44:29,859 [PID:2329676] INFO -  Getting 1 granules, approx download size: 0.01 GB
2026-03-13 01:44:30,547 [PID:2329109] INFO - Downloaded: 3B-HHR.MS.MRG.3IMERG.20241227-S053000-E055959.0330.V07B.HDF5
2026-03-13 01:44:30,548 [PID:2329109] INFO -  Getting 1 granules, approx download size: 0.01 GB
2026-03-13 01:44:34,081 [PID:2329676] INFO - Downloaded: 3B-HHR.MS.MRG.3IMERG.20241227-S063000-E065959.0390.V07B.HDF5
2026-03-13 01:44:34,083 [PID:2329676] INFO -  Getting 1 granules, approx download size: 0.01 GB
2026-03-13 01:44:34,191 [PID:2329109] INFO - Downloaded: 3B-HHR.MS.MRG.3IMERG.20241227-S070000-E072959.0420.V07B.HDF5
2026-03-13 01:44:34,192 [PID:2329109] INFO -  Getting 1 granules, approx download size: 0.01 GB
2026-03-13 01:44:38,497 [PID:2329109] INFO - Downloaded: 3B-HHR.MS.MRG.3IMERG.20241227-S080000-E082959.0480.V07B.HDF5
2026-03-13 01:44:38,499 [PID:2329109] INFO -  Getting 1 granules, approx download size: 0.01 GB
2026-03-13 01:44:38,615 [PID:2329676] INFO - Downloaded: 3B-HHR.MS.MRG.3IMERG.20241227-S073000-E075959.0450.V07B.HDF5
2026-03-13 01:44:38,616 [PID:2329676] INFO -  Getting 1 granules, approx download size: 0.01 GB
2026-03-13 01:44:38,657 [PID:2329756] INFO - Downloaded: 3B-HHR.MS.MRG.3IMERG.20241227-S060000-E062959.0360.V07B.HDF5
2026-03-13 01:44:38,658 [PID:2329756] INFO -  Getting 1 granules, approx download size: 0.01 GB
2026-03-13 01:44:42,730 [PID:2329109] INFO - Downloaded: 3B-HHR.MS.MRG.3IMERG.20241227-S083000-E085959.0510.V07B.HDF5
2026-03-13 01:44:42,731 [PID:2329109] INFO -  Getting 1 granules, approx download size: 0.01 GB
2026-03-13 01:44:43,456 [PID:2329676] INFO - Downloaded: 3B-HHR.MS.MRG.3IMERG.20241227-S090000-E092959.0540.V07B.HDF5
2026-03-13 01:44:43,467 [PID:2329676] INFO -  Getting 1 granules, approx download size: 0.01 GB
2026-03-13 01:44:45,677 [PID:2329756] INFO - Downloaded: 3B-HHR.MS.MRG.3IMERG.20241227-S093000-E095959.0570.V07B.HDF5
2026-03-13 01:44:45,679 [PID:2329756] INFO -  Getting 1 granules, approx download size: 0.01 GB
2026-03-13 01:44:46,225 [PID:2329109] INFO - Downloaded: 3B-HHR.MS.MRG.3IMERG.20241227-S100000-E102959.0600.V07B.HDF5
2026-03-13 01:44:46,226 [PID:2329109] INFO -  Getting 1 granules, approx download size: 0.01 GB
2026-03-13 01:44:47,530 [PID:2329676] INFO - Downloaded: 3B-HHR.MS.MRG.3IMERG.20241227-S103000-E105959.0630.V07B.HDF5
2026-03-13 01:44:47,531 [PID:2329676] INFO -  Getting 1 granules, approx download size: 0.01 GB
2026-03-13 01:44:49,678 [PID:2329109] INFO - Downloaded: 3B-HHR.MS.MRG.3IMERG.20241227-S113000-E115959.0690.V07B.HDF5
2026-03-13 01:44:49,688 [PID:2329109] INFO -  Getting 1 granules, approx download size: 0.01 GB
2026-03-13 01:44:51,189 [PID:2329676] INFO - Downloaded: 3B-HHR.MS.MRG.3IMERG.20241227-S120000-E122959.0720.V07B.HDF5
2026-03-13 01:44:51,190 [PID:2329676] INFO -  Getting 1 granules, approx download size: 0.01 GB
2026-03-13 01:44:52,153 [PID:2329756] INFO - Downloaded: 3B-HHR.MS.MRG.3IMERG.20241227-S110000-E112959.0660.V07B.HDF5
2026-03-13 01:44:52,155 [PID:2329756] INFO -  Getting 1 granules, approx download size: 0.01 GB
2026-03-13 01:44:53,186 [PID:2329109] INFO - Downloaded: 3B-HHR.MS.MRG.3IMERG.20241227-S123000-E125959.0750.V07B.HDF5
2026-03-13 01:44:53,188 [PID:2329109] INFO -  Getting 1 granules, approx download size: 0.01 GB
2026-03-13 01:44:54,689 [PID:2329676] INFO - Downloaded: 3B-HHR.MS.MRG.3IMERG.20241227-S130000-E132959.0780.V07B.HDF5
2026-03-13 01:44:54,690 [PID:2329676] INFO -  Getting 1 granules, approx download size: 0.01 GB
2026-03-13 01:44:57,359 [PID:2329109] INFO - Downloaded: 3B-HHR.MS.MRG.3IMERG.20241227-S140000-E142959.0840.V07B.HDF5
2026-03-13 01:44:57,360 [PID:2329109] INFO -  Getting 1 granules, approx download size: 0.01 GB
2026-03-13 01:44:58,340 [PID:2329756] INFO - Downloaded: 3B-HHR.MS.MRG.3IMERG.20241227-S133000-E135959.0810.V07B.HDF5
2026-03-13 01:44:58,342 [PID:2329756] INFO -  Getting 1 granules, approx download size: 0.01 GB
2026-03-13 01:44:58,437 [PID:2329676] INFO - Downloaded: 3B-HHR.MS.MRG.3IMERG.20241227-S143000-E145959.0870.V07B.HDF5
2026-03-13 01:44:58,439 [PID:2329676] INFO -  Getting 1 granules, approx download size: 0.01 GB
2026-03-13 01:45:00,746 [PID:2329109] INFO - Downloaded: 3B-HHR.MS.MRG.3IMERG.20241227-S150000-E152959.0900.V07B.HDF5
2026-03-13 01:45:00,749 [PID:2329109] INFO -  Getting 1 granules, approx download size: 0.01 GB
2026-03-13 01:45:02,490 [PID:2329676] INFO - Downloaded: 3B-HHR.MS.MRG.3IMERG.20241227-S160000-E162959.0960.V07B.HDF5
2026-03-13 01:45:02,496 [PID:2329676] INFO -  Getting 1 granules, approx download size: 0.01 GB
2026-03-13 01:45:03,619 [PID:2329756] INFO - Downloaded: 3B-HHR.MS.MRG.3IMERG.20241227-S153000-E155959.0930.V07B.HDF5
2026-03-13 01:45:03,622 [PID:2329756] INFO -  Getting 1 granules, approx download size: 0.01 GB
2026-03-13 01:45:04,129 [PID:2329109] INFO - Downloaded: 3B-HHR.MS.MRG.3IMERG.20241227-S163000-E165959.0990.V07B.HDF5
2026-03-13 01:45:04,130 [PID:2329109] INFO -  Getting 1 granules, approx download size: 0.01 GB
2026-03-13 01:45:05,929 [PID:2329676] INFO - Downloaded: 3B-HHR.MS.MRG.3IMERG.20241227-S170000-E172959.1020.V07B.HDF5
2026-03-13 01:45:05,936 [PID:2329676] INFO -  Getting 1 granules, approx download size: 0.01 GB
2026-03-13 01:45:07,617 [PID:2329109] INFO - Downloaded: 3B-HHR.MS.MRG.3IMERG.20241227-S180000-E182959.1080.V07B.HDF5
2026-03-13 01:45:07,619 [PID:2329109] INFO -  Getting 1 granules, approx download size: 0.01 GB
2026-03-13 01:45:08,599 [PID:2329756] INFO - Downloaded: 3B-HHR.MS.MRG.3IMERG.20241227-S173000-E175959.1050.V07B.HDF5
2026-03-13 01:45:08,609 [PID:2329756] INFO -  Getting 1 granules, approx download size: 0.01 GB
2026-03-13 01:45:09,117 [PID:2329676] INFO - Downloaded: 3B-HHR.MS.MRG.3IMERG.20241227-S183000-E185959.1110.V07B.HDF5
2026-03-13 01:45:09,121 [PID:2329676] INFO -  Getting 1 granules, approx download size: 0.01 GB
2026-03-13 01:45:10,788 [PID:2329109] INFO - Downloaded: 3B-HHR.MS.MRG.3IMERG.20241227-S190000-E192959.1140.V07B.HDF5
2026-03-13 01:45:10,792 [PID:2329109] INFO -  Getting 1 granules, approx download size: 0.01 GB
2026-03-13 01:45:12,865 [PID:2329676] INFO - Downloaded: 3B-HHR.MS.MRG.3IMERG.20241227-S200000-E202959.1200.V07B.HDF5
2026-03-13 01:45:12,867 [PID:2329676] INFO -  Getting 1 granules, approx download size: 0.01 GB
2026-03-13 01:45:14,522 [PID:2329109] INFO - Downloaded: 3B-HHR.MS.MRG.3IMERG.20241227-S203000-E205959.1230.V07B.HDF5
2026-03-13 01:45:14,523 [PID:2329109] INFO -  Getting 1 granules, approx download size: 0.01 GB
2026-03-13 01:45:14,795 [PID:2329756] INFO - Downloaded: 3B-HHR.MS.MRG.3IMERG.20241227-S193000-E195959.1170.V07B.HDF5
2026-03-13 01:45:14,796 [PID:2329756] INFO -  Getting 1 granules, approx download size: 0.01 GB
2026-03-13 01:45:14,818 [PID:2287901] INFO - Progress: 1350/1549 (Success: 1350, Failed: 0)
2026-03-13 01:45:16,433 [PID:2329676] INFO - Downloaded: 3B-HHR.MS.MRG.3IMERG.20241227-S210000-E212959.1260.V07B.HDF5
2026-03-13 01:45:16,434 [PID:2329676] INFO -  Getting 1 granules, approx download size: 0.01 GB
2026-03-13 01:45:18,263 [PID:2329109] INFO - Downloaded: 3B-HHR.MS.MRG.3IMERG.20241227-S213000-E215959.1290.V07B.HDF5
2026-03-13 01:45:18,265 [PID:2329109] INFO -  Getting 1 granules, approx download size: 0.01 GB
2026-03-13 01:45:19,147 [PID:2329756] INFO - Downloaded: 3B-HHR.MS.MRG.3IMERG.20241227-S220000-E222959.1320.V07B.HDF5
2026-03-13 01:45:19,153 [PID:2329756] INFO -  Getting 1 granules, approx download size: 0.01 GB
2026-03-13 01:45:20,022 [PID:2329676] INFO - Downloaded: 3B-HHR.MS.MRG.3IMERG.20241227-S223000-E225959.1350.V07B.HDF5
2026-03-13 01:45:20,024 [PID:2329676] INFO -  Getting 1 granules, approx download size: 0.01 GB
2026-03-13 01:45:21,711 [PID:2329109] INFO - Downloaded: 3B-HHR.MS.MRG.3IMERG.20241227-S230000-E232959.1380.V07B.HDF5
2026-03-13 01:45:21,713 [PID:2329109] INFO -  Getting 1 granules, approx download size: 0.01 GB
2026-03-13 01:45:23,888 [PID:2329676] INFO - Downloaded: 3B-HHR.MS.MRG.3IMERG.20241228-S000000-E002959.0000.V07B.HDF5
2026-03-13 01:45:23,897 [PID:2329676] INFO -  Getting 1 granules, approx download size: 0.01 GB
2026-03-13 01:45:23,920 [PID:2329756] INFO - Downloaded: 3B-HHR.MS.MRG.3IMERG.20241227-S233000-E235959.1410.V07B.HDF5
2026-03-13 01:45:23,922 [PID:2329756] INFO -  Getting 1 granules, approx download size: 0.01 GB
2026-03-13 01:45:25,116 [PID:2329109] INFO - Downloaded: 3B-HHR.MS.MRG.3IMERG.20241228-S003000-E005959.0030.V07B.HDF5
2026-03-13 01:45:25,118 [PID:2329109] INFO -  Getting 1 granules, approx download size: 0.01 GB
2026-03-13 01:45:27,729 [PID:2329676] INFO - Downloaded: 3B-HHR.MS.MRG.3IMERG.20241228-S010000-E012959.0060.V07B.HDF5
2026-03-13 01:45:27,730 [PID:2329676] INFO -  Getting 1 granules, approx download size: 0.01 GB
2026-03-13 01:45:29,016 [PID:2329109] INFO - Downloaded: 3B-HHR.MS.MRG.3IMERG.20241228-S020000-E022959.0120.V07B.HDF5
2026-03-13 01:45:29,026 [PID:2329109] INFO -  Getting 1 granules, approx download size: 0.01 GB
2026-03-13 01:45:29,173 [PID:2329756] INFO - Downloaded: 3B-HHR.MS.MRG.3IMERG.20241228-S013000-E015959.0090.V07B.HDF5
2026-03-13 01:45:29,174 [PID:2329756] INFO -  Getting 1 granules, approx download size: 0.01 GB
2026-03-13 01:45:31,351 [PID:2329676] INFO - Downloaded: 3B-HHR.MS.MRG.3IMERG.20241228-S023000-E025959.0150.V07B.HDF5
2026-03-13 01:45:31,352 [PID:2329676] INFO -  Getting 1 granules, approx download size: 0.01 GB
2026-03-13 01:45:32,841 [PID:2329109] INFO - Downloaded: 3B-HHR.MS.MRG.3IMERG.20241228-S030000-E032959.0180.V07B.HDF5
2026-03-13 01:45:32,842 [PID:2329109] INFO -  Getting 1 granules, approx download size: 0.01 GB
2026-03-13 01:45:34,450 [PID:2329756] INFO - Downloaded: 3B-HHR.MS.MRG.3IMERG.20241228-S033000-E035959.0210.V07B.HDF5
2026-03-13 01:45:34,451 [PID:2329756] INFO -  Getting 1 granules, approx download size: 0.01 GB
2026-03-13 01:45:34,616 [PID:2329676] INFO - Downloaded: 3B-HHR.MS.MRG.3IMERG.20241228-S040000-E042959.0240.V07B.HDF5
2026-03-13 01:45:34,618 [PID:2329676] INFO -  Getting 1 granules, approx download size: 0.01 GB
2026-03-13 01:45:36,082 [PID:2329109] INFO - Downloaded: 3B-HHR.MS.MRG.3IMERG.20241228-S043000-E045959.0270.V07B.HDF5
2026-03-13 01:45:36,083 [PID:2329109] INFO -  Getting 1 granules, approx download size: 0.01 GB
2026-03-13 01:45:39,058 [PID:2329676] INFO - Downloaded: 3B-HHR.MS.MRG.3IMERG.20241228-S053000-E055959.0330.V07B.HDF5
2026-03-13 01:45:39,059 [PID:2329676] INFO -  Getting 1 granules, approx download size: 0.01 GB
2026-03-13 01:45:40,002 [PID:2329756] INFO - Downloaded: 3B-HHR.MS.MRG.3IMERG.20241228-S050000-E052959.0300.V07B.HDF5
2026-03-13 01:45:40,003 [PID:2329756] INFO -  Getting 1 granules, approx download size: 0.01 GB
2026-03-13 01:45:40,051 [PID:2329109] INFO - Downloaded: 3B-HHR.MS.MRG.3IMERG.20241228-S060000-E062959.0360.V07B.HDF5
2026-03-13 01:45:40,053 [PID:2329109] INFO -  Getting 1 granules, approx download size: 0.01 GB
2026-03-13 01:45:42,666 [PID:2329676] INFO - Downloaded: 3B-HHR.MS.MRG.3IMERG.20241228-S063000-E065959.0390.V07B.HDF5
2026-03-13 01:45:42,677 [PID:2329676] INFO -  Getting 1 granules, approx download size: 0.01 GB
2026-03-13 01:45:43,720 [PID:2329109] INFO - Downloaded: 3B-HHR.MS.MRG.3IMERG.20241228-S073000-E075959.0450.V07B.HDF5
2026-03-13 01:45:43,722 [PID:2329109] INFO -  Getting 1 granules, approx download size: 0.01 GB
2026-03-13 01:45:45,098 [PID:2329756] INFO - Downloaded: 3B-HHR.MS.MRG.3IMERG.20241228-S070000-E072959.0420.V07B.HDF5
2026-03-13 01:45:45,100 [PID:2329756] INFO -  Getting 1 granules, approx download size: 0.01 GB
2026-03-13 01:45:47,007 [PID:2329676] INFO - Downloaded: 3B-HHR.MS.MRG.3IMERG.20241228-S080000-E082959.0480.V07B.HDF5
2026-03-13 01:45:47,009 [PID:2329676] INFO -  Getting 1 granules, approx download size: 0.01 GB
2026-03-13 01:45:47,524 [PID:2329109] INFO - Downloaded: 3B-HHR.MS.MRG.3IMERG.20241228-S083000-E085959.0510.V07B.HDF5
2026-03-13 01:45:47,525 [PID:2329109] INFO -  Getting 1 granules, approx download size: 0.01 GB
2026-03-13 01:45:49,852 [PID:2329756] INFO - Downloaded: 3B-HHR.MS.MRG.3IMERG.20241228-S090000-E092959.0540.V07B.HDF5
2026-03-13 01:45:49,854 [PID:2329756] INFO -  Getting 1 granules, approx download size: 0.01 GB
2026-03-13 01:45:50,953 [PID:2329676] INFO - Downloaded: 3B-HHR.MS.MRG.3IMERG.20241228-S093000-E095959.0570.V07B.HDF5
2026-03-13 01:45:50,958 [PID:2329676] INFO -  Getting 1 granules, approx download size: 0.01 GB
2026-03-13 01:45:51,324 [PID:2329109] INFO - Downloaded: 3B-HHR.MS.MRG.3IMERG.20241228-S100000-E102959.0600.V07B.HDF5
2026-03-13 01:45:51,326 [PID:2329109] INFO -  Getting 1 granules, approx download size: 0.01 GB
2026-03-13 01:45:54,368 [PID:2329676] INFO - Downloaded: 3B-HHR.MS.MRG.3IMERG.20241228-S110000-E112959.0660.V07B.HDF5
2026-03-13 01:45:54,369 [PID:2329676] INFO -  Getting 1 granules, approx download size: 0.01 GB
2026-03-13 01:45:55,345 [PID:2329109] INFO - Downloaded: 3B-HHR.MS.MRG.3IMERG.20241228-S113000-E115959.0690.V07B.HDF5
2026-03-13 01:45:55,347 [PID:2329109] INFO -  Getting 1 granules, approx download size: 0.01 GB
2026-03-13 01:45:56,098 [PID:2329756] INFO - Downloaded: 3B-HHR.MS.MRG.3IMERG.20241228-S103000-E105959.0630.V07B.HDF5
2026-03-13 01:45:56,099 [PID:2329756] INFO -  Getting 1 granules, approx download size: 0.01 GB
2026-03-13 01:45:57,961 [PID:2329676] INFO - Downloaded: 3B-HHR.MS.MRG.3IMERG.20241228-S120000-E122959.0720.V07B.HDF5
2026-03-13 01:45:57,964 [PID:2329676] INFO -  Getting 1 granules, approx download size: 0.01 GB
2026-03-13 01:45:58,881 [PID:2329109] INFO - Downloaded: 3B-HHR.MS.MRG.3IMERG.20241228-S123000-E125959.0750.V07B.HDF5
2026-03-13 01:45:58,882 [PID:2329109] INFO -  Getting 1 granules, approx download size: 0.01 GB
2026-03-13 01:46:01,329 [PID:2329756] INFO - Downloaded: 3B-HHR.MS.MRG.3IMERG.20241228-S130000-E132959.0780.V07B.HDF5
2026-03-13 01:46:01,331 [PID:2329756] INFO -  Getting 1 granules, approx download size: 0.01 GB
2026-03-13 01:46:02,239 [PID:2329676] INFO - Downloaded: 3B-HHR.MS.MRG.3IMERG.20241228-S133000-E135959.0810.V07B.HDF5
2026-03-13 01:46:02,241 [PID:2329676] INFO -  Getting 1 granules, approx download size: 0.01 GB
2026-03-13 01:46:02,511 [PID:2329109] INFO - Downloaded: 3B-HHR.MS.MRG.3IMERG.20241228-S140000-E142959.0840.V07B.HDF5
2026-03-13 01:46:02,518 [PID:2329109] INFO -  Getting 1 granules, approx download size: 0.01 GB
2026-03-13 01:46:06,324 [PID:2329676] INFO - Downloaded: 3B-HHR.MS.MRG.3IMERG.20241228-S150000-E152959.0900.V07B.HDF5
2026-03-13 01:46:06,333 [PID:2329676] INFO -  Getting 1 granules, approx download size: 0.01 GB
2026-03-13 01:46:06,787 [PID:2329756] INFO - Downloaded: 3B-HHR.MS.MRG.3IMERG.20241228-S143000-E145959.0870.V07B.HDF5
2026-03-13 01:46:06,788 [PID:2329756] INFO -  Getting 1 granules, approx download size: 0.01 GB
2026-03-13 01:46:07,394 [PID:2329109] INFO - Downloaded: 3B-HHR.MS.MRG.3IMERG.20241228-S153000-E155959.0930.V07B.HDF5
2026-03-13 01:46:07,400 [PID:2329109] INFO -  Getting 1 granules, approx download size: 0.01 GB
2026-03-13 01:46:10,102 [PID:2329676] INFO - Downloaded: 3B-HHR.MS.MRG.3IMERG.20241228-S160000-E162959.0960.V07B.HDF5
2026-03-13 01:46:10,103 [PID:2329676] INFO -  Getting 1 granules, approx download size: 0.01 GB
2026-03-13 01:46:11,153 [PID:2329109] INFO - Downloaded: 3B-HHR.MS.MRG.3IMERG.20241228-S170000-E172959.1020.V07B.HDF5
2026-03-13 01:46:11,154 [PID:2329109] INFO -  Getting 1 granules, approx download size: 0.01 GB
2026-03-13 01:46:11,609 [PID:2329756] INFO - Downloaded: 3B-HHR.MS.MRG.3IMERG.20241228-S163000-E165959.0990.V07B.HDF5
2026-03-13 01:46:11,610 [PID:2329756] INFO -  Getting 1 granules, approx download size: 0.01 GB
2026-03-13 01:46:13,572 [PID:2329676] INFO - Downloaded: 3B-HHR.MS.MRG.3IMERG.20241228-S173000-E175959.1050.V07B.HDF5
2026-03-13 01:46:13,578 [PID:2329676] INFO -  Getting 1 granules, approx download size: 0.01 GB
2026-03-13 01:46:14,850 [PID:2329109] INFO - Downloaded: 3B-HHR.MS.MRG.3IMERG.20241228-S180000-E182959.1080.V07B.HDF5
2026-03-13 01:46:14,851 [PID:2329109] INFO -  Getting 1 granules, approx download size: 0.01 GB
2026-03-13 01:46:16,585 [PID:2329756] INFO - Downloaded: 3B-HHR.MS.MRG.3IMERG.20241228-S183000-E185959.1110.V07B.HDF5
2026-03-13 01:46:16,587 [PID:2329756] INFO -  Getting 1 granules, approx download size: 0.01 GB
2026-03-13 01:46:17,093 [PID:2329676] INFO - Downloaded: 3B-HHR.MS.MRG.3IMERG.20241228-S190000-E192959.1140.V07B.HDF5
2026-03-13 01:46:17,094 [PID:2329676] INFO -  Getting 1 granules, approx download size: 0.01 GB
2026-03-13 01:46:18,048 [PID:2329109] INFO - Downloaded: 3B-HHR.MS.MRG.3IMERG.20241228-S193000-E195959.1170.V07B.HDF5
2026-03-13 01:46:18,049 [PID:2329109] INFO -  Getting 1 granules, approx download size: 0.01 GB
2026-03-13 01:46:21,625 [PID:2329676] INFO - Downloaded: 3B-HHR.MS.MRG.3IMERG.20241228-S203000-E205959.1230.V07B.HDF5
2026-03-13 01:46:21,626 [PID:2329676] INFO -  Getting 1 granules, approx download size: 0.01 GB
2026-03-13 01:46:21,740 [PID:2329756] INFO - Downloaded: 3B-HHR.MS.MRG.3IMERG.20241228-S200000-E202959.1200.V07B.HDF5
2026-03-13 01:46:21,741 [PID:2329756] INFO -  Getting 1 granules, approx download size: 0.01 GB
2026-03-13 01:46:22,064 [PID:2329109] INFO - Downloaded: 3B-HHR.MS.MRG.3IMERG.20241228-S210000-E212959.1260.V07B.HDF5
2026-03-13 01:46:22,065 [PID:2329109] INFO -  Getting 1 granules, approx download size: 0.01 GB
2026-03-13 01:46:24,863 [PID:2287901] INFO - Progress: 1400/1549 (Success: 1400, Failed: 0)
2026-03-13 01:46:26,457 [PID:2329676] INFO - Downloaded: 3B-HHR.MS.MRG.3IMERG.20241228-S213000-E215959.1290.V07B.HDF5
2026-03-13 01:46:26,464 [PID:2329676] INFO -  Getting 1 granules, approx download size: 0.01 GB
2026-03-13 01:46:26,568 [PID:2329109] INFO - Downloaded: 3B-HHR.MS.MRG.3IMERG.20241228-S223000-E225959.1350.V07B.HDF5
2026-03-13 01:46:27,040 [PID:2329756] INFO - Downloaded: 3B-HHR.MS.MRG.3IMERG.20241228-S220000-E222959.1320.V07B.HDF5
2026-03-13 01:46:27,042 [PID:2329756] INFO -  Getting 1 granules, approx download size: 0.01 GB
2026-03-13 01:46:29,186 [PID:2330694] INFO - Worker 2330694 authenticated with Earthdata
2026-03-13 01:46:29,189 [PID:2330694] INFO -  Getting 1 granules, approx download size: 0.01 GB
2026-03-13 01:46:29,869 [PID:2329676] INFO - Downloaded: 3B-HHR.MS.MRG.3IMERG.20241228-S230000-E232959.1380.V07B.HDF5
2026-03-13 01:46:29,871 [PID:2329676] INFO -  Getting 1 granules, approx download size: 0.01 GB
2026-03-13 01:46:32,378 [PID:2329756] INFO - Downloaded: 3B-HHR.MS.MRG.3IMERG.20241228-S233000-E235959.1410.V07B.HDF5
2026-03-13 01:46:32,380 [PID:2329756] INFO -  Getting 1 granules, approx download size: 0.01 GB
2026-03-13 01:46:33,207 [PID:2329676] INFO - Downloaded: 3B-HHR.MS.MRG.3IMERG.20241229-S003000-E005959.0030.V07B.HDF5
2026-03-13 01:46:33,208 [PID:2329676] INFO -  Getting 1 granules, approx download size: 0.01 GB
2026-03-13 01:46:34,989 [PID:2330694] INFO - Downloaded: 3B-HHR.MS.MRG.3IMERG.20241229-S000000-E002959.0000.V07B.HDF5
2026-03-13 01:46:34,991 [PID:2330694] INFO -  Getting 1 granules, approx download size: 0.01 GB
2026-03-13 01:46:37,485 [PID:2329676] INFO - Downloaded: 3B-HHR.MS.MRG.3IMERG.20241229-S013000-E015959.0090.V07B.HDF5
2026-03-13 01:46:37,486 [PID:2329676] INFO -  Getting 1 granules, approx download size: 0.01 GB
2026-03-13 01:46:39,115 [PID:2329756] INFO - Downloaded: 3B-HHR.MS.MRG.3IMERG.20241229-S010000-E012959.0060.V07B.HDF5
2026-03-13 01:46:39,125 [PID:2329756] INFO -  Getting 1 granules, approx download size: 0.01 GB
2026-03-13 01:46:40,381 [PID:2330694] INFO - Downloaded: 3B-HHR.MS.MRG.3IMERG.20241229-S020000-E022959.0120.V07B.HDF5
2026-03-13 01:46:40,389 [PID:2330694] INFO -  Getting 1 granules, approx download size: 0.01 GB
2026-03-13 01:46:42,392 [PID:2329676] INFO - Downloaded: 3B-HHR.MS.MRG.3IMERG.20241229-S023000-E025959.0150.V07B.HDF5
2026-03-13 01:46:42,393 [PID:2329676] INFO -  Getting 1 granules, approx download size: 0.01 GB
2026-03-13 01:46:48,673 [PID:2330694] INFO - Downloaded: 3B-HHR.MS.MRG.3IMERG.20241229-S033000-E035959.0210.V07B.HDF5
2026-03-13 01:46:48,674 [PID:2330694] INFO -  Getting 1 granules, approx download size: 0.01 GB
2026-03-13 01:46:48,928 [PID:2329756] INFO - Downloaded: 3B-HHR.MS.MRG.3IMERG.20241229-S030000-E032959.0180.V07B.HDF5
2026-03-13 01:46:48,930 [PID:2329756] INFO -  Getting 1 granules, approx download size: 0.01 GB
2026-03-13 01:46:56,728 [PID:2330694] INFO - Downloaded: 3B-HHR.MS.MRG.3IMERG.20241229-S043000-E045959.0270.V07B.HDF5
2026-03-13 01:46:56,729 [PID:2330694] INFO -  Getting 1 granules, approx download size: 0.01 GB
2026-03-13 01:46:57,803 [PID:2329676] INFO - Downloaded: 3B-HHR.MS.MRG.3IMERG.20241229-S040000-E042959.0240.V07B.HDF5
2026-03-13 01:46:57,810 [PID:2329676] INFO -  Getting 1 granules, approx download size: 0.01 GB
2026-03-13 01:46:57,898 [PID:2329756] INFO - Downloaded: 3B-HHR.MS.MRG.3IMERG.20241229-S050000-E052959.0300.V07B.HDF5
2026-03-13 01:46:57,899 [PID:2329756] INFO -  Getting 1 granules, approx download size: 0.01 GB
2026-03-13 01:47:03,043 [PID:2330694] INFO - Downloaded: 3B-HHR.MS.MRG.3IMERG.20241229-S053000-E055959.0330.V07B.HDF5
2026-03-13 01:47:03,044 [PID:2330694] INFO -  Getting 1 granules, approx download size: 0.01 GB
2026-03-13 01:47:04,785 [PID:2329756] INFO - Downloaded: 3B-HHR.MS.MRG.3IMERG.20241229-S063000-E065959.0390.V07B.HDF5
2026-03-13 01:47:04,786 [PID:2329756] INFO -  Getting 1 granules, approx download size: 0.01 GB
2026-03-13 01:47:06,932 [PID:2330694] INFO - Downloaded: 3B-HHR.MS.MRG.3IMERG.20241229-S070000-E072959.0420.V07B.HDF5
2026-03-13 01:47:06,942 [PID:2330694] INFO -  Getting 1 granules, approx download size: 0.01 GB
2026-03-13 01:47:10,321 [PID:2329756] INFO - Downloaded: 3B-HHR.MS.MRG.3IMERG.20241229-S073000-E075959.0450.V07B.HDF5
2026-03-13 01:47:10,322 [PID:2329756] INFO -  Getting 1 granules, approx download size: 0.01 GB
2026-03-13 01:47:10,562 [PID:2330694] INFO - Downloaded: 3B-HHR.MS.MRG.3IMERG.20241229-S080000-E082959.0480.V07B.HDF5
2026-03-13 01:47:10,563 [PID:2330694] INFO -  Getting 1 granules, approx download size: 0.01 GB
2026-03-13 01:47:12,718 [PID:2329676] INFO - Downloaded: 3B-HHR.MS.MRG.3IMERG.20241229-S060000-E062959.0360.V07B.HDF5
2026-03-13 01:47:12,725 [PID:2329676] INFO -  Getting 1 granules, approx download size: 0.01 GB
2026-03-13 01:47:15,312 [PID:2329756] INFO - Downloaded: 3B-HHR.MS.MRG.3IMERG.20241229-S083000-E085959.0510.V07B.HDF5
2026-03-13 01:47:15,313 [PID:2329756] INFO -  Getting 1 granules, approx download size: 0.01 GB
2026-03-13 01:47:17,134 [PID:2330694] INFO - Downloaded: 3B-HHR.MS.MRG.3IMERG.20241229-S090000-E092959.0540.V07B.HDF5
2026-03-13 01:47:17,143 [PID:2330694] INFO -  Getting 1 granules, approx download size: 0.01 GB
2026-03-13 01:47:17,172 [PID:2329676] INFO - Downloaded: 3B-HHR.MS.MRG.3IMERG.20241229-S093000-E095959.0570.V07B.HDF5
2026-03-13 01:47:17,174 [PID:2329676] INFO -  Getting 1 granules, approx download size: 0.01 GB
2026-03-13 01:47:21,116 [PID:2329676] INFO - Downloaded: 3B-HHR.MS.MRG.3IMERG.20241229-S110000-E112959.0660.V07B.HDF5
2026-03-13 01:47:21,126 [PID:2329676] INFO -  Getting 1 granules, approx download size: 0.01 GB
2026-03-13 01:47:21,354 [PID:2330694] INFO - Downloaded: 3B-HHR.MS.MRG.3IMERG.20241229-S103000-E105959.0630.V07B.HDF5
2026-03-13 01:47:21,355 [PID:2330694] INFO -  Getting 1 granules, approx download size: 0.01 GB
2026-03-13 01:47:23,077 [PID:2329756] INFO - Downloaded: 3B-HHR.MS.MRG.3IMERG.20241229-S100000-E102959.0600.V07B.HDF5
2026-03-13 01:47:23,080 [PID:2329756] INFO -  Getting 1 granules, approx download size: 0.01 GB
2026-03-13 01:47:25,151 [PID:2330694] INFO - Downloaded: 3B-HHR.MS.MRG.3IMERG.20241229-S120000-E122959.0720.V07B.HDF5
2026-03-13 01:47:25,153 [PID:2330694] INFO -  Getting 1 granules, approx download size: 0.01 GB
2026-03-13 01:47:25,602 [PID:2329676] INFO - Downloaded: 3B-HHR.MS.MRG.3IMERG.20241229-S113000-E115959.0690.V07B.HDF5
2026-03-13 01:47:25,612 [PID:2329676] INFO -  Getting 1 granules, approx download size: 0.01 GB
2026-03-13 01:47:28,007 [PID:2329756] INFO - Downloaded: 3B-HHR.MS.MRG.3IMERG.20241229-S123000-E125959.0750.V07B.HDF5
2026-03-13 01:47:28,009 [PID:2329756] INFO -  Getting 1 granules, approx download size: 0.01 GB
2026-03-13 01:47:28,799 [PID:2330694] INFO - Downloaded: 3B-HHR.MS.MRG.3IMERG.20241229-S130000-E132959.0780.V07B.HDF5
2026-03-13 01:47:28,800 [PID:2330694] INFO -  Getting 1 granules, approx download size: 0.01 GB
2026-03-13 01:47:29,419 [PID:2329676] INFO - Downloaded: 3B-HHR.MS.MRG.3IMERG.20241229-S133000-E135959.0810.V07B.HDF5
2026-03-13 01:47:29,421 [PID:2329676] INFO -  Getting 1 granules, approx download size: 0.01 GB
2026-03-13 01:47:32,866 [PID:2330694] INFO - Downloaded: 3B-HHR.MS.MRG.3IMERG.20241229-S143000-E145959.0870.V07B.HDF5
2026-03-13 01:47:32,867 [PID:2330694] INFO -  Getting 1 granules, approx download size: 0.01 GB
2026-03-13 01:47:33,046 [PID:2329756] INFO - Downloaded: 3B-HHR.MS.MRG.3IMERG.20241229-S140000-E142959.0840.V07B.HDF5
2026-03-13 01:47:33,047 [PID:2329756] INFO -  Getting 1 granules, approx download size: 0.01 GB
2026-03-13 01:47:33,214 [PID:2329676] INFO - Downloaded: 3B-HHR.MS.MRG.3IMERG.20241229-S150000-E152959.0900.V07B.HDF5
2026-03-13 01:47:33,215 [PID:2329676] INFO -  Getting 1 granules, approx download size: 0.01 GB
2026-03-13 01:47:37,659 [PID:2329676] INFO - Downloaded: 3B-HHR.MS.MRG.3IMERG.20241229-S163000-E165959.0990.V07B.HDF5
2026-03-13 01:47:37,661 [PID:2329676] INFO -  Getting 1 granules, approx download size: 0.01 GB
2026-03-13 01:47:37,741 [PID:2330694] INFO - Downloaded: 3B-HHR.MS.MRG.3IMERG.20241229-S153000-E155959.0930.V07B.HDF5
2026-03-13 01:47:37,751 [PID:2330694] INFO -  Getting 1 granules, approx download size: 0.01 GB
2026-03-13 01:47:39,703 [PID:2329756] INFO - Downloaded: 3B-HHR.MS.MRG.3IMERG.20241229-S160000-E162959.0960.V07B.HDF5
2026-03-13 01:47:39,705 [PID:2329756] INFO -  Getting 1 granules, approx download size: 0.01 GB
2026-03-13 01:47:41,708 [PID:2330694] INFO - Downloaded: 3B-HHR.MS.MRG.3IMERG.20241229-S173000-E175959.1050.V07B.HDF5
2026-03-13 01:47:41,709 [PID:2330694] INFO -  Getting 1 granules, approx download size: 0.01 GB
2026-03-13 01:47:41,930 [PID:2329676] INFO - Downloaded: 3B-HHR.MS.MRG.3IMERG.20241229-S170000-E172959.1020.V07B.HDF5
2026-03-13 01:47:41,931 [PID:2329676] INFO -  Getting 1 granules, approx download size: 0.01 GB
2026-03-13 01:47:45,765 [PID:2330694] INFO - Downloaded: 3B-HHR.MS.MRG.3IMERG.20241229-S183000-E185959.1110.V07B.HDF5
2026-03-13 01:47:45,775 [PID:2330694] INFO -  Getting 1 granules, approx download size: 0.01 GB
2026-03-13 01:47:46,113 [PID:2329676] INFO - Downloaded: 3B-HHR.MS.MRG.3IMERG.20241229-S190000-E192959.1140.V07B.HDF5
2026-03-13 01:47:46,115 [PID:2329676] INFO -  Getting 1 granules, approx download size: 0.01 GB
2026-03-13 01:47:47,134 [PID:2329756] INFO - Downloaded: 3B-HHR.MS.MRG.3IMERG.20241229-S180000-E182959.1080.V07B.HDF5
2026-03-13 01:47:47,136 [PID:2329756] INFO -  Getting 1 granules, approx download size: 0.01 GB
2026-03-13 01:47:50,058 [PID:2330694] INFO - Downloaded: 3B-HHR.MS.MRG.3IMERG.20241229-S193000-E195959.1170.V07B.HDF5
2026-03-13 01:47:50,068 [PID:2330694] INFO -  Getting 1 granules, approx download size: 0.01 GB
2026-03-13 01:47:50,093 [PID:2329676] INFO - Downloaded: 3B-HHR.MS.MRG.3IMERG.20241229-S200000-E202959.1200.V07B.HDF5
2026-03-13 01:47:50,096 [PID:2329676] INFO -  Getting 1 granules, approx download size: 0.01 GB
2026-03-13 01:47:53,991 [PID:2329756] INFO - Downloaded: 3B-HHR.MS.MRG.3IMERG.20241229-S203000-E205959.1230.V07B.HDF5
2026-03-13 01:47:53,993 [PID:2329756] INFO -  Getting 1 granules, approx download size: 0.01 GB
2026-03-13 01:47:54,710 [PID:2330694] INFO - Downloaded: 3B-HHR.MS.MRG.3IMERG.20241229-S210000-E212959.1260.V07B.HDF5
2026-03-13 01:47:54,713 [PID:2330694] INFO -  Getting 1 granules, approx download size: 0.01 GB
2026-03-13 01:47:54,718 [PID:2329676] INFO - Downloaded: 3B-HHR.MS.MRG.3IMERG.20241229-S213000-E215959.1290.V07B.HDF5
2026-03-13 01:47:54,719 [PID:2329676] INFO -  Getting 1 granules, approx download size: 0.01 GB
2026-03-13 01:47:58,684 [PID:2330694] INFO - Downloaded: 3B-HHR.MS.MRG.3IMERG.20241229-S223000-E225959.1350.V07B.HDF5
2026-03-13 01:47:58,686 [PID:2330694] INFO -  Getting 1 granules, approx download size: 0.01 GB
2026-03-13 01:47:59,097 [PID:2329676] INFO - Downloaded: 3B-HHR.MS.MRG.3IMERG.20241229-S230000-E232959.1380.V07B.HDF5
2026-03-13 01:47:59,098 [PID:2329676] INFO -  Getting 1 granules, approx download size: 0.01 GB
2026-03-13 01:47:59,365 [PID:2287901] INFO - Progress: 1450/1549 (Success: 1450, Failed: 0)
2026-03-13 01:47:59,807 [PID:2329756] INFO - Downloaded: 3B-HHR.MS.MRG.3IMERG.20241229-S220000-E222959.1320.V07B.HDF5
2026-03-13 01:47:59,817 [PID:2329756] INFO -  Getting 1 granules, approx download size: 0.01 GB
2026-03-13 01:48:02,370 [PID:2330694] INFO - Downloaded: 3B-HHR.MS.MRG.3IMERG.20241229-S233000-E235959.1410.V07B.HDF5
2026-03-13 01:48:02,372 [PID:2330694] INFO -  Getting 1 granules, approx download size: 0.01 GB
2026-03-13 01:48:02,962 [PID:2329676] INFO - Downloaded: 3B-HHR.MS.MRG.3IMERG.20241230-S000000-E002959.0000.V07B.HDF5
2026-03-13 01:48:04,664 [PID:2329756] INFO - Downloaded: 3B-HHR.MS.MRG.3IMERG.20241230-S003000-E005959.0030.V07B.HDF5
2026-03-13 01:48:04,666 [PID:2329756] INFO -  Getting 1 granules, approx download size: 0.01 GB
2026-03-13 01:48:05,393 [PID:2331444] INFO - Worker 2331444 authenticated with Earthdata
2026-03-13 01:48:05,398 [PID:2331444] INFO -  Getting 1 granules, approx download size: 0.01 GB
2026-03-13 01:48:05,534 [PID:2330694] INFO - Downloaded: 3B-HHR.MS.MRG.3IMERG.20241230-S010000-E012959.0060.V07B.HDF5
2026-03-13 01:48:05,536 [PID:2330694] INFO -  Getting 1 granules, approx download size: 0.01 GB
2026-03-13 01:48:09,008 [PID:2329756] INFO - Downloaded: 3B-HHR.MS.MRG.3IMERG.20241230-S013000-E015959.0090.V07B.HDF5
2026-03-13 01:48:09,014 [PID:2329756] INFO -  Getting 1 granules, approx download size: 0.01 GB
2026-03-13 01:48:09,186 [PID:2330694] INFO - Downloaded: 3B-HHR.MS.MRG.3IMERG.20241230-S023000-E025959.0150.V07B.HDF5
2026-03-13 01:48:09,187 [PID:2330694] INFO -  Getting 1 granules, approx download size: 0.01 GB
2026-03-13 01:48:11,130 [PID:2331444] INFO - Downloaded: 3B-HHR.MS.MRG.3IMERG.20241230-S020000-E022959.0120.V07B.HDF5
2026-03-13 01:48:11,140 [PID:2331444] INFO -  Getting 1 granules, approx download size: 0.01 GB
2026-03-13 01:48:13,148 [PID:2330694] INFO - Downloaded: 3B-HHR.MS.MRG.3IMERG.20241230-S033000-E035959.0210.V07B.HDF5
2026-03-13 01:48:13,151 [PID:2330694] INFO -  Getting 1 granules, approx download size: 0.01 GB
2026-03-13 01:48:13,379 [PID:2329756] INFO - Downloaded: 3B-HHR.MS.MRG.3IMERG.20241230-S030000-E032959.0180.V07B.HDF5
2026-03-13 01:48:13,380 [PID:2329756] INFO -  Getting 1 granules, approx download size: 0.01 GB
2026-03-13 01:48:14,695 [PID:2331444] INFO - Downloaded: 3B-HHR.MS.MRG.3IMERG.20241230-S040000-E042959.0240.V07B.HDF5
2026-03-13 01:48:14,697 [PID:2331444] INFO -  Getting 1 granules, approx download size: 0.01 GB
2026-03-13 01:48:16,771 [PID:2330694] INFO - Downloaded: 3B-HHR.MS.MRG.3IMERG.20241230-S043000-E045959.0270.V07B.HDF5
2026-03-13 01:48:16,773 [PID:2330694] INFO -  Getting 1 granules, approx download size: 0.01 GB
2026-03-13 01:48:18,108 [PID:2331444] INFO - Downloaded: 3B-HHR.MS.MRG.3IMERG.20241230-S053000-E055959.0330.V07B.HDF5
2026-03-13 01:48:18,110 [PID:2331444] INFO -  Getting 1 granules, approx download size: 0.01 GB
2026-03-13 01:48:18,752 [PID:2329756] INFO - Downloaded: 3B-HHR.MS.MRG.3IMERG.20241230-S050000-E052959.0300.V07B.HDF5
2026-03-13 01:48:18,754 [PID:2329756] INFO -  Getting 1 granules, approx download size: 0.01 GB
2026-03-13 01:48:20,182 [PID:2330694] INFO - Downloaded: 3B-HHR.MS.MRG.3IMERG.20241230-S060000-E062959.0360.V07B.HDF5
2026-03-13 01:48:20,192 [PID:2330694] INFO -  Getting 1 granules, approx download size: 0.01 GB
2026-03-13 01:48:21,371 [PID:2331444] INFO - Downloaded: 3B-HHR.MS.MRG.3IMERG.20241230-S063000-E065959.0390.V07B.HDF5
2026-03-13 01:48:21,373 [PID:2331444] INFO -  Getting 1 granules, approx download size: 0.01 GB
2026-03-13 01:48:23,739 [PID:2329756] INFO - Downloaded: 3B-HHR.MS.MRG.3IMERG.20241230-S070000-E072959.0420.V07B.HDF5
2026-03-13 01:48:23,740 [PID:2329756] INFO -  Getting 1 granules, approx download size: 0.01 GB
2026-03-13 01:48:23,963 [PID:2330694] INFO - Downloaded: 3B-HHR.MS.MRG.3IMERG.20241230-S073000-E075959.0450.V07B.HDF5
2026-03-13 01:48:23,964 [PID:2330694] INFO -  Getting 1 granules, approx download size: 0.01 GB
2026-03-13 01:48:24,821 [PID:2331444] INFO - Downloaded: 3B-HHR.MS.MRG.3IMERG.20241230-S080000-E082959.0480.V07B.HDF5
2026-03-13 01:48:24,822 [PID:2331444] INFO -  Getting 1 granules, approx download size: 0.01 GB
2026-03-13 01:48:28,779 [PID:2329756] INFO - Downloaded: 3B-HHR.MS.MRG.3IMERG.20241230-S083000-E085959.0510.V07B.HDF5
2026-03-13 01:48:28,785 [PID:2329756] INFO -  Getting 1 granules, approx download size: 0.01 GB
2026-03-13 01:48:29,257 [PID:2331444] INFO - Downloaded: 3B-HHR.MS.MRG.3IMERG.20241230-S093000-E095959.0570.V07B.HDF5
2026-03-13 01:48:29,268 [PID:2331444] INFO -  Getting 1 granules, approx download size: 0.01 GB
2026-03-13 01:48:29,525 [PID:2330694] INFO - Downloaded: 3B-HHR.MS.MRG.3IMERG.20241230-S090000-E092959.0540.V07B.HDF5
2026-03-13 01:48:29,535 [PID:2330694] INFO -  Getting 1 granules, approx download size: 0.01 GB
2026-03-13 01:48:33,619 [PID:2329756] INFO - Downloaded: 3B-HHR.MS.MRG.3IMERG.20241230-S100000-E102959.0600.V07B.HDF5
2026-03-13 01:48:33,620 [PID:2329756] INFO -  Getting 1 granules, approx download size: 0.01 GB
2026-03-13 01:48:34,117 [PID:2331444] INFO - Downloaded: 3B-HHR.MS.MRG.3IMERG.20241230-S103000-E105959.0630.V07B.HDF5
2026-03-13 01:48:34,119 [PID:2331444] INFO -  Getting 1 granules, approx download size: 0.01 GB
2026-03-13 01:48:38,158 [PID:2329756] INFO - Downloaded: 3B-HHR.MS.MRG.3IMERG.20241230-S113000-E115959.0690.V07B.HDF5
2026-03-13 01:48:38,160 [PID:2329756] INFO -  Getting 1 granules, approx download size: 0.01 GB
2026-03-13 01:48:38,233 [PID:2331444] INFO - Downloaded: 3B-HHR.MS.MRG.3IMERG.20241230-S120000-E122959.0720.V07B.HDF5
2026-03-13 01:48:38,234 [PID:2331444] INFO -  Getting 1 granules, approx download size: 0.01 GB
2026-03-13 01:48:38,342 [PID:2330694] INFO - Downloaded: 3B-HHR.MS.MRG.3IMERG.20241230-S110000-E112959.0660.V07B.HDF5
2026-03-13 01:48:38,352 [PID:2330694] INFO -  Getting 1 granules, approx download size: 0.01 GB
2026-03-13 01:48:41,850 [PID:2331444] INFO - Downloaded: 3B-HHR.MS.MRG.3IMERG.20241230-S130000-E132959.0780.V07B.HDF5
2026-03-13 01:48:41,857 [PID:2331444] INFO -  Getting 1 granules, approx download size: 0.01 GB
2026-03-13 01:48:42,995 [PID:2330694] INFO - Downloaded: 3B-HHR.MS.MRG.3IMERG.20241230-S133000-E135959.0810.V07B.HDF5
2026-03-13 01:48:42,997 [PID:2330694] INFO -  Getting 1 granules, approx download size: 0.01 GB
2026-03-13 01:48:43,996 [PID:2329756] INFO - Downloaded: 3B-HHR.MS.MRG.3IMERG.20241230-S123000-E125959.0750.V07B.HDF5
2026-03-13 01:48:43,997 [PID:2329756] INFO -  Getting 1 granules, approx download size: 0.01 GB
2026-03-13 01:48:45,517 [PID:2331444] INFO - Downloaded: 3B-HHR.MS.MRG.3IMERG.20241230-S140000-E142959.0840.V07B.HDF5
2026-03-13 01:48:45,525 [PID:2331444] INFO -  Getting 1 granules, approx download size: 0.01 GB
2026-03-13 01:48:47,119 [PID:2330694] INFO - Downloaded: 3B-HHR.MS.MRG.3IMERG.20241230-S143000-E145959.0870.V07B.HDF5
2026-03-13 01:48:47,121 [PID:2330694] INFO -  Getting 1 granules, approx download size: 0.01 GB
2026-03-13 01:48:48,130 [PID:2329756] INFO - Downloaded: 3B-HHR.MS.MRG.3IMERG.20241230-S150000-E152959.0900.V07B.HDF5
2026-03-13 01:48:48,131 [PID:2329756] INFO -  Getting 1 granules, approx download size: 0.01 GB
2026-03-13 01:48:48,967 [PID:2331444] INFO - Downloaded: 3B-HHR.MS.MRG.3IMERG.20241230-S153000-E155959.0930.V07B.HDF5
2026-03-13 01:48:48,968 [PID:2331444] INFO -  Getting 1 granules, approx download size: 0.01 GB
2026-03-13 01:48:50,470 [PID:2330694] INFO - Downloaded: 3B-HHR.MS.MRG.3IMERG.20241230-S160000-E162959.0960.V07B.HDF5
2026-03-13 01:48:50,471 [PID:2330694] INFO -  Getting 1 granules, approx download size: 0.01 GB
2026-03-13 01:48:52,542 [PID:2331444] INFO - Downloaded: 3B-HHR.MS.MRG.3IMERG.20241230-S170000-E172959.1020.V07B.HDF5
2026-03-13 01:48:52,552 [PID:2331444] INFO -  Getting 1 granules, approx download size: 0.01 GB
2026-03-13 01:48:53,464 [PID:2329756] INFO - Downloaded: 3B-HHR.MS.MRG.3IMERG.20241230-S163000-E165959.0990.V07B.HDF5
2026-03-13 01:48:53,466 [PID:2329756] INFO -  Getting 1 granules, approx download size: 0.01 GB
2026-03-13 01:48:53,943 [PID:2330694] INFO - Downloaded: 3B-HHR.MS.MRG.3IMERG.20241230-S173000-E175959.1050.V07B.HDF5
2026-03-13 01:48:53,944 [PID:2330694] INFO -  Getting 1 granules, approx download size: 0.01 GB
2026-03-13 01:48:56,837 [PID:2331444] INFO - Downloaded: 3B-HHR.MS.MRG.3IMERG.20241230-S180000-E182959.1080.V07B.HDF5
2026-03-13 01:48:56,839 [PID:2331444] INFO -  Getting 1 granules, approx download size: 0.01 GB
2026-03-13 01:48:57,833 [PID:2330694] INFO - Downloaded: 3B-HHR.MS.MRG.3IMERG.20241230-S190000-E192959.1140.V07B.HDF5
2026-03-13 01:48:57,835 [PID:2330694] INFO -  Getting 1 granules, approx download size: 0.01 GB
2026-03-13 01:48:58,145 [PID:2329756] INFO - Downloaded: 3B-HHR.MS.MRG.3IMERG.20241230-S183000-E185959.1110.V07B.HDF5
2026-03-13 01:48:58,147 [PID:2329756] INFO -  Getting 1 granules, approx download size: 0.01 GB
2026-03-13 01:49:00,215 [PID:2331444] INFO - Downloaded: 3B-HHR.MS.MRG.3IMERG.20241230-S193000-E195959.1170.V07B.HDF5
2026-03-13 01:49:00,222 [PID:2331444] INFO -  Getting 1 granules, approx download size: 0.01 GB
2026-03-13 01:49:02,336 [PID:2330694] INFO - Downloaded: 3B-HHR.MS.MRG.3IMERG.20241230-S200000-E202959.1200.V07B.HDF5
2026-03-13 01:49:02,346 [PID:2330694] INFO -  Getting 1 granules, approx download size: 0.01 GB
2026-03-13 01:49:02,749 [PID:2329756] INFO - Downloaded: 3B-HHR.MS.MRG.3IMERG.20241230-S203000-E205959.1230.V07B.HDF5
2026-03-13 01:49:02,753 [PID:2329756] INFO -  Getting 1 granules, approx download size: 0.01 GB
2026-03-13 01:49:03,348 [PID:2331444] INFO - Downloaded: 3B-HHR.MS.MRG.3IMERG.20241230-S210000-E212959.1260.V07B.HDF5
2026-03-13 01:49:03,358 [PID:2331444] INFO -  Getting 1 granules, approx download size: 0.01 GB
2026-03-13 01:49:05,978 [PID:2330694] INFO - Downloaded: 3B-HHR.MS.MRG.3IMERG.20241230-S213000-E215959.1290.V07B.HDF5
2026-03-13 01:49:05,979 [PID:2330694] INFO -  Getting 1 granules, approx download size: 0.01 GB
2026-03-13 01:49:07,127 [PID:2331444] INFO - Downloaded: 3B-HHR.MS.MRG.3IMERG.20241230-S223000-E225959.1350.V07B.HDF5
2026-03-13 01:49:07,129 [PID:2331444] INFO -  Getting 1 granules, approx download size: 0.01 GB
2026-03-13 01:49:07,543 [PID:2329756] INFO - Downloaded: 3B-HHR.MS.MRG.3IMERG.20241230-S220000-E222959.1320.V07B.HDF5
2026-03-13 01:49:07,544 [PID:2329756] INFO -  Getting 1 granules, approx download size: 0.01 GB
2026-03-13 01:49:10,624 [PID:2330694] INFO - Downloaded: 3B-HHR.MS.MRG.3IMERG.20241230-S230000-E232959.1380.V07B.HDF5
2026-03-13 01:49:10,626 [PID:2330694] INFO -  Getting 1 granules, approx download size: 0.01 GB
2026-03-13 01:49:10,761 [PID:2331444] INFO - Downloaded: 3B-HHR.MS.MRG.3IMERG.20241230-S233000-E235959.1410.V07B.HDF5
2026-03-13 01:49:10,762 [PID:2331444] INFO -  Getting 1 granules, approx download size: 0.01 GB
2026-03-13 01:49:12,216 [PID:2329756] INFO - Downloaded: 3B-HHR.MS.MRG.3IMERG.20241231-S000000-E002959.0000.V07B.HDF5
2026-03-13 01:49:14,323 [PID:2330694] INFO - Downloaded: 3B-HHR.MS.MRG.3IMERG.20241231-S003000-E005959.0030.V07B.HDF5
2026-03-13 01:49:14,324 [PID:2330694] INFO -  Getting 1 granules, approx download size: 0.01 GB
2026-03-13 01:49:14,600 [PID:2287901] INFO - Progress: 1500/1549 (Success: 1500, Failed: 0)
2026-03-13 01:49:14,650 [PID:2331995] INFO - Worker 2331995 authenticated with Earthdata
2026-03-13 01:49:14,654 [PID:2331995] INFO -  Getting 1 granules, approx download size: 0.01 GB
2026-03-13 01:49:14,686 [PID:2331444] INFO - Downloaded: 3B-HHR.MS.MRG.3IMERG.20241231-S010000-E012959.0060.V07B.HDF5
2026-03-13 01:49:14,688 [PID:2331444] INFO -  Getting 1 granules, approx download size: 0.01 GB
2026-03-13 01:49:17,843 [PID:2330694] INFO - Downloaded: 3B-HHR.MS.MRG.3IMERG.20241231-S013000-E015959.0090.V07B.HDF5
2026-03-13 01:49:17,845 [PID:2330694] INFO -  Getting 1 granules, approx download size: 0.01 GB
2026-03-13 01:49:18,451 [PID:2331444] INFO - Downloaded: 3B-HHR.MS.MRG.3IMERG.20241231-S023000-E025959.0150.V07B.HDF5
2026-03-13 01:49:18,453 [PID:2331444] INFO -  Getting 1 granules, approx download size: 0.01 GB
2026-03-13 01:49:21,520 [PID:2330694] INFO - Downloaded: 3B-HHR.MS.MRG.3IMERG.20241231-S030000-E032959.0180.V07B.HDF5
2026-03-13 01:49:21,521 [PID:2330694] INFO -  Getting 1 granules, approx download size: 0.01 GB
2026-03-13 01:49:22,469 [PID:2331444] INFO - Downloaded: 3B-HHR.MS.MRG.3IMERG.20241231-S033000-E035959.0210.V07B.HDF5
2026-03-13 01:49:22,475 [PID:2331444] INFO -  Getting 1 granules, approx download size: 0.01 GB
2026-03-13 01:49:23,195 [PID:2331995] INFO - Downloaded: 3B-HHR.MS.MRG.3IMERG.20241231-S020000-E022959.0120.V07B.HDF5
2026-03-13 01:49:23,196 [PID:2331995] INFO -  Getting 1 granules, approx download size: 0.01 GB
2026-03-13 01:49:24,625 [PID:2330694] INFO - Downloaded: 3B-HHR.MS.MRG.3IMERG.20241231-S040000-E042959.0240.V07B.HDF5
2026-03-13 01:49:24,626 [PID:2330694] INFO -  Getting 1 granules, approx download size: 0.01 GB
2026-03-13 01:49:26,265 [PID:2331444] INFO - Downloaded: 3B-HHR.MS.MRG.3IMERG.20241231-S043000-E045959.0270.V07B.HDF5
2026-03-13 01:49:26,272 [PID:2331444] INFO -  Getting 1 granules, approx download size: 0.01 GB
2026-03-13 01:49:27,832 [PID:2331995] INFO - Downloaded: 3B-HHR.MS.MRG.3IMERG.20241231-S050000-E052959.0300.V07B.HDF5
2026-03-13 01:49:27,833 [PID:2331995] INFO -  Getting 1 granules, approx download size: 0.01 GB
2026-03-13 01:49:28,354 [PID:2330694] INFO - Downloaded: 3B-HHR.MS.MRG.3IMERG.20241231-S053000-E055959.0330.V07B.HDF5
2026-03-13 01:49:28,364 [PID:2330694] INFO -  Getting 1 granules, approx download size: 0.01 GB
2026-03-13 01:49:29,585 [PID:2331444] INFO - Downloaded: 3B-HHR.MS.MRG.3IMERG.20241231-S060000-E062959.0360.V07B.HDF5
2026-03-13 01:49:29,594 [PID:2331444] INFO -  Getting 1 granules, approx download size: 0.01 GB
2026-03-13 01:49:32,129 [PID:2330694] INFO - Downloaded: 3B-HHR.MS.MRG.3IMERG.20241231-S070000-E072959.0420.V07B.HDF5
2026-03-13 01:49:32,130 [PID:2330694] INFO -  Getting 1 granules, approx download size: 0.01 GB
2026-03-13 01:49:32,247 [PID:2331995] INFO - Downloaded: 3B-HHR.MS.MRG.3IMERG.20241231-S063000-E065959.0390.V07B.HDF5
2026-03-13 01:49:32,248 [PID:2331995] INFO -  Getting 1 granules, approx download size: 0.01 GB
2026-03-13 01:49:32,834 [PID:2331444] INFO - Downloaded: 3B-HHR.MS.MRG.3IMERG.20241231-S073000-E075959.0450.V07B.HDF5
2026-03-13 01:49:32,834 [PID:2331444] INFO -  Getting 1 granules, approx download size: 0.01 GB
2026-03-13 01:49:36,029 [PID:2330694] INFO - Downloaded: 3B-HHR.MS.MRG.3IMERG.20241231-S080000-E082959.0480.V07B.HDF5
2026-03-13 01:49:36,030 [PID:2330694] INFO -  Getting 1 granules, approx download size: 0.01 GB
2026-03-13 01:49:36,925 [PID:2331444] INFO - Downloaded: 3B-HHR.MS.MRG.3IMERG.20241231-S090000-E092959.0540.V07B.HDF5
2026-03-13 01:49:36,927 [PID:2331444] INFO -  Getting 1 granules, approx download size: 0.01 GB
2026-03-13 01:49:38,730 [PID:2331995] INFO - Downloaded: 3B-HHR.MS.MRG.3IMERG.20241231-S083000-E085959.0510.V07B.HDF5
2026-03-13 01:49:38,737 [PID:2331995] INFO -  Getting 1 granules, approx download size: 0.01 GB
2026-03-13 01:49:39,859 [PID:2330694] INFO - Downloaded: 3B-HHR.MS.MRG.3IMERG.20241231-S093000-E095959.0570.V07B.HDF5
2026-03-13 01:49:39,860 [PID:2330694] INFO -  Getting 1 granules, approx download size: 0.01 GB
2026-03-13 01:49:40,626 [PID:2331444] INFO - Downloaded: 3B-HHR.MS.MRG.3IMERG.20241231-S100000-E102959.0600.V07B.HDF5
2026-03-13 01:49:40,628 [PID:2331444] INFO -  Getting 1 granules, approx download size: 0.01 GB
2026-03-13 01:49:43,822 [PID:2330694] INFO - Downloaded: 3B-HHR.MS.MRG.3IMERG.20241231-S110000-E112959.0660.V07B.HDF5
2026-03-13 01:49:43,832 [PID:2330694] INFO -  Getting 1 granules, approx download size: 0.01 GB
2026-03-13 01:49:43,883 [PID:2331995] INFO - Downloaded: 3B-HHR.MS.MRG.3IMERG.20241231-S103000-E105959.0630.V07B.HDF5
2026-03-13 01:49:43,884 [PID:2331995] INFO -  Getting 1 granules, approx download size: 0.01 GB
2026-03-13 01:49:44,348 [PID:2331444] INFO - Downloaded: 3B-HHR.MS.MRG.3IMERG.20241231-S113000-E115959.0690.V07B.HDF5
2026-03-13 01:49:44,349 [PID:2331444] INFO -  Getting 1 granules, approx download size: 0.01 GB
2026-03-13 01:49:48,137 [PID:2330694] INFO - Downloaded: 3B-HHR.MS.MRG.3IMERG.20241231-S120000-E122959.0720.V07B.HDF5
2026-03-13 01:49:48,138 [PID:2330694] INFO -  Getting 1 granules, approx download size: 0.01 GB
2026-03-13 01:49:49,174 [PID:2331444] INFO - Downloaded: 3B-HHR.MS.MRG.3IMERG.20241231-S130000-E132959.0780.V07B.HDF5
2026-03-13 01:49:49,176 [PID:2331444] INFO -  Getting 1 granules, approx download size: 0.01 GB
2026-03-13 01:49:49,494 [PID:2331995] INFO - Downloaded: 3B-HHR.MS.MRG.3IMERG.20241231-S123000-E125959.0750.V07B.HDF5
2026-03-13 01:49:49,496 [PID:2331995] INFO -  Getting 1 granules, approx download size: 0.01 GB
2026-03-13 01:49:52,161 [PID:2330694] INFO - Downloaded: 3B-HHR.MS.MRG.3IMERG.20241231-S133000-E135959.0810.V07B.HDF5
2026-03-13 01:49:52,162 [PID:2330694] INFO -  Getting 1 granules, approx download size: 0.01 GB
2026-03-13 01:49:53,523 [PID:2331444] INFO - Downloaded: 3B-HHR.MS.MRG.3IMERG.20241231-S140000-E142959.0840.V07B.HDF5
2026-03-13 01:49:53,525 [PID:2331444] INFO -  Getting 1 granules, approx download size: 0.01 GB
2026-03-13 01:49:53,753 [PID:2331995] INFO - Downloaded: 3B-HHR.MS.MRG.3IMERG.20241231-S143000-E145959.0870.V07B.HDF5
2026-03-13 01:49:53,754 [PID:2331995] INFO -  Getting 1 granules, approx download size: 0.01 GB
2026-03-13 01:49:55,936 [PID:2330694] INFO - Downloaded: 3B-HHR.MS.MRG.3IMERG.20241231-S150000-E152959.0900.V07B.HDF5
2026-03-13 01:49:55,943 [PID:2330694] INFO -  Getting 1 granules, approx download size: 0.01 GB
2026-03-13 01:49:57,052 [PID:2331444] INFO - Downloaded: 3B-HHR.MS.MRG.3IMERG.20241231-S153000-E155959.0930.V07B.HDF5
2026-03-13 01:49:57,053 [PID:2331444] INFO -  Getting 1 granules, approx download size: 0.01 GB
2026-03-13 01:49:58,447 [PID:2331995] INFO - Downloaded: 3B-HHR.MS.MRG.3IMERG.20241231-S160000-E162959.0960.V07B.HDF5
2026-03-13 01:49:58,448 [PID:2331995] INFO -  Getting 1 granules, approx download size: 0.01 GB
2026-03-13 01:49:59,873 [PID:2330694] INFO - Downloaded: 3B-HHR.MS.MRG.3IMERG.20241231-S163000-E165959.0990.V07B.HDF5
2026-03-13 01:49:59,874 [PID:2330694] INFO -  Getting 1 granules, approx download size: 0.01 GB
2026-03-13 01:50:00,287 [PID:2331444] INFO - Downloaded: 3B-HHR.MS.MRG.3IMERG.20241231-S170000-E172959.1020.V07B.HDF5
2026-03-13 01:50:00,288 [PID:2331444] INFO -  Getting 1 granules, approx download size: 0.01 GB
2026-03-13 01:50:02,901 [PID:2331995] INFO - Downloaded: 3B-HHR.MS.MRG.3IMERG.20241231-S173000-E175959.1050.V07B.HDF5
2026-03-13 01:50:02,902 [PID:2331995] INFO -  Getting 1 granules, approx download size: 0.01 GB
2026-03-13 01:50:03,563 [PID:2330694] INFO - Downloaded: 3B-HHR.MS.MRG.3IMERG.20241231-S180000-E182959.1080.V07B.HDF5
2026-03-13 01:50:03,564 [PID:2330694] INFO -  Getting 1 granules, approx download size: 0.01 GB
2026-03-13 01:50:04,020 [PID:2331444] INFO - Downloaded: 3B-HHR.MS.MRG.3IMERG.20241231-S183000-E185959.1110.V07B.HDF5
2026-03-13 01:50:04,021 [PID:2331444] INFO -  Getting 1 granules, approx download size: 0.01 GB
2026-03-13 01:50:07,215 [PID:2330694] INFO - Downloaded: 3B-HHR.MS.MRG.3IMERG.20241231-S193000-E195959.1170.V07B.HDF5
2026-03-13 01:50:07,340 [PID:2331995] INFO - Downloaded: 3B-HHR.MS.MRG.3IMERG.20241231-S190000-E192959.1140.V07B.HDF5
2026-03-13 01:50:07,341 [PID:2331995] INFO -  Getting 1 granules, approx download size: 0.01 GB
2026-03-13 01:50:08,443 [PID:2331444] INFO - Downloaded: 3B-HHR.MS.MRG.3IMERG.20241231-S200000-E202959.1200.V07B.HDF5
2026-03-13 01:50:08,445 [PID:2331444] INFO -  Getting 1 granules, approx download size: 0.01 GB
2026-03-13 01:50:09,472 [PID:2332412] INFO - Worker 2332412 authenticated with Earthdata
2026-03-13 01:50:09,475 [PID:2332412] INFO -  Getting 1 granules, approx download size: 0.01 GB
2026-03-13 01:50:11,992 [PID:2331995] INFO - Downloaded: 3B-HHR.MS.MRG.3IMERG.20241231-S203000-E205959.1230.V07B.HDF5
2026-03-13 01:50:11,993 [PID:2331995] INFO -  Getting 1 granules, approx download size: 0.01 GB
2026-03-13 01:50:12,235 [PID:2331444] INFO - Downloaded: 3B-HHR.MS.MRG.3IMERG.20241231-S210000-E212959.1260.V07B.HDF5
2026-03-13 01:50:12,236 [PID:2331444] INFO -  Getting 1 granules, approx download size: 0.01 GB
2026-03-13 01:50:16,038 [PID:2332412] INFO - Downloaded: 3B-HHR.MS.MRG.3IMERG.20241231-S213000-E215959.1290.V07B.HDF5
2026-03-13 01:50:16,040 [PID:2332412] INFO -  Getting 1 granules, approx download size: 0.01 GB
2026-03-13 01:50:16,419 [PID:2331444] INFO - Downloaded: 3B-HHR.MS.MRG.3IMERG.20241231-S223000-E225959.1350.V07B.HDF5
2026-03-13 01:50:16,420 [PID:2331444] INFO -  Getting 1 granules, approx download size: 0.01 GB
2026-03-13 01:50:17,549 [PID:2331995] INFO - Downloaded: 3B-HHR.MS.MRG.3IMERG.20241231-S220000-E222959.1320.V07B.HDF5
2026-03-13 01:50:19,878 [PID:2332412] INFO - Downloaded: 3B-HHR.MS.MRG.3IMERG.20241231-S230000-E232959.1380.V07B.HDF5
2026-03-13 01:50:20,152 [PID:2331444] INFO - Downloaded: 3B-HHR.MS.MRG.3IMERG.20241231-S233000-E235959.1410.V07B.HDF5
2026-03-13 01:50:24,121 [PID:2287901] INFO - Progress: 1549/1549 (Success: 1549, Failed: 0)
2026-03-13 01:50:24,162 [PID:2287901] INFO - 
2026-03-13 01:50:24,163 [PID:2287901] INFO - ======================================================================
2026-03-13 01:50:24,163 [PID:2287901] INFO - DOWNLOAD COMPLETE - SUMMARY
2026-03-13 01:50:24,163 [PID:2287901] INFO - ======================================================================
2026-03-13 01:50:24,163 [PID:2287901] INFO - Total granules found: 17568
2026-03-13 01:50:24,163 [PID:2287901] INFO - Successfully downloaded: 1549
2026-03-13 01:50:24,164 [PID:2287901] INFO - Failed: 0
2026-03-13 01:50:24,164 [PID:2287901] INFO - Time elapsed: 116.0 minutes
2026-03-13 01:50:24,164 [PID:2287901] INFO - Output directory: /mnt/AizatDrive/gpm_imerg_precipitation_final_run/2024
