nohup: ignoring input

--- Processing Collection: 23GHz (GCOM-W_AMSR2_L3_T23_1day_0.1deg) ---
  Page starting at 0: Found 50 items.
  Skipping (exists): GW1AM2_20200101_01D_EQMD_L3SGT23HA2220220.h5
  Skipping (exists): GW1AM2_20200101_01D_EQMA_L3SGT23HA2220220.h5
  Skipping (exists): GW1AM2_20200102_01D_EQMD_L3SGT23HA2220220.h5
  Skipping (exists): GW1AM2_20200102_01D_EQMA_L3SGT23HA2220220.h5
  Skipping (exists): GW1AM2_20200103_01D_EQMD_L3SGT23HA2220220.h5
  Skipping (exists): GW1AM2_20200103_01D_EQMA_L3SGT23HA2220220.h5
  Skipping (exists): GW1AM2_20200104_01D_EQMD_L3SGT23HA2220220.h5
  Skipping (exists): GW1AM2_20200104_01D_EQMA_L3SGT23HA2220220.h5
  Skipping (exists): GW1AM2_20200105_01D_EQMD_L3SGT23HA2220220.h5
  Skipping (exists): GW1AM2_20200105_01D_EQMA_L3SGT23HA2220220.h5
  Skipping (exists): GW1AM2_20200106_01D_EQMD_L3SGT23HA2220220.h5
  Skipping (exists): GW1AM2_20200106_01D_EQMA_L3SGT23HA2220220.h5
  Skipping (exists): GW1AM2_20200107_01D_EQMA_L3SGT23HA2220220.h5
  Skipping (exists): GW1AM2_20200107_01D_EQMD_L3SGT23HA2220220.h5
  Skipping (exists): GW1AM2_20200108_01D_EQMA_L3SGT23HA2220220.h5
  Skipping (exists): GW1AM2_20200108_01D_EQMD_L3SGT23HA2220220.h5
  Skipping (exists): GW1AM2_20200109_01D_EQMD_L3SGT23HA2220220.h5
  Skipping (exists): GW1AM2_20200109_01D_EQMA_L3SGT23HA2220220.h5
  Skipping (exists): GW1AM2_20200110_01D_EQMD_L3SGT23HA2220220.h5
  Skipping (exists): GW1AM2_20200110_01D_EQMA_L3SGT23HA2220220.h5
  Skipping (exists): GW1AM2_20200111_01D_EQMD_L3SGT23HA2220220.h5
  Skipping (exists): GW1AM2_20200111_01D_EQMA_L3SGT23HA2220220.h5
  Skipping (exists): GW1AM2_20200112_01D_EQMD_L3SGT23HA2220220.h5
  Skipping (exists): GW1AM2_20200112_01D_EQMA_L3SGT23HA2220220.h5
  Skipping (exists): GW1AM2_20200113_01D_EQMA_L3SGT23HA2220220.h5
  Skipping (exists): GW1AM2_20200113_01D_EQMD_L3SGT23HA2220220.h5
  Skipping (exists): GW1AM2_20200114_01D_EQMD_L3SGT23HA2220220.h5
  Skipping (exists): GW1AM2_20200114_01D_EQMA_L3SGT23HA2220220.h5
  Skipping (exists): GW1AM2_20200115_01D_EQMD_L3SGT23HA2220220.h5
  Skipping (exists): GW1AM2_20200115_01D_EQMA_L3SGT23HA2220220.h5
  Skipping (exists): GW1AM2_20200116_01D_EQMD_L3SGT23HA2220220.h5
  Skipping (exists): GW1AM2_20200116_01D_EQMA_L3SGT23HA2220220.h5
  Skipping (exists): GW1AM2_20200117_01D_EQMD_L3SGT23HA2220220.h5
  Skipping (exists): GW1AM2_20200117_01D_EQMA_L3SGT23HA2220220.h5
  Skipping (exists): GW1AM2_20200118_01D_EQMD_L3SGT23HA2220220.h5
  Skipping (exists): GW1AM2_20200118_01D_EQMA_L3SGT23HA2220220.h5
  Skipping (exists): GW1AM2_20200119_01D_EQMD_L3SGT23HA2220220.h5
  Skipping (exists): GW1AM2_20200119_01D_EQMA_L3SGT23HA2220220.h5
  Skipping (exists): GW1AM2_20200120_01D_EQMA_L3SGT23HA2220220.h5
  Skipping (exists): GW1AM2_20200120_01D_EQMD_L3SGT23HA2220220.h5
  Skipping (exists): GW1AM2_20200121_01D_EQMA_L3SGT23HA2220220.h5
  Skipping (exists): GW1AM2_20200121_01D_EQMD_L3SGT23HA2220220.h5
  Skipping (exists): GW1AM2_20200122_01D_EQMA_L3SGT23HA2220220.h5
  Skipping (exists): GW1AM2_20200122_01D_EQMD_L3SGT23HA2220220.h5
  Skipping (exists): GW1AM2_20200123_01D_EQMD_L3SGT23HA2220220.h5
  Skipping (exists): GW1AM2_20200123_01D_EQMA_L3SGT23HA2220220.h5
  Skipping (exists): GW1AM2_20200124_01D_EQMD_L3SGT23HA2220220.h5
  Skipping (exists): GW1AM2_20200124_01D_EQMA_L3SGT23HA2220220.h5
  Skipping (exists): GW1AM2_20200125_01D_EQMD_L3SGT23HA2220220.h5
  Skipping (exists): GW1AM2_20200125_01D_EQMA_L3SGT23HA2220220.h5
  Page starting at 50: Found 50 items.
  Skipping (exists): GW1AM2_20200125_01D_EQMA_L3SGT23HA2220220.h5
  Skipping (exists): GW1AM2_20200126_01D_EQMD_L3SGT23HA2220220.h5
  Skipping (exists): GW1AM2_20200126_01D_EQMA_L3SGT23HA2220220.h5
  Skipping (exists): GW1AM2_20200127_01D_EQMD_L3SGT23HA2220220.h5
  Skipping (exists): GW1AM2_20200127_01D_EQMA_L3SGT23HA2220220.h5
  Skipping (exists): GW1AM2_20200128_01D_EQMD_L3SGT23HA2220220.h5
  Skipping (exists): GW1AM2_20200128_01D_EQMA_L3SGT23HA2220220.h5
  Skipping (exists): GW1AM2_20200129_01D_EQMA_L3SGT23HA2220220.h5
  Skipping (exists): GW1AM2_20200129_01D_EQMD_L3SGT23HA2220220.h5
  Skipping (exists): GW1AM2_20200130_01D_EQMD_L3SGT23HA2220220.h5
  Skipping (exists): GW1AM2_20200130_01D_EQMA_L3SGT23HA2220220.h5
  Skipping (exists): GW1AM2_20200131_01D_EQMA_L3SGT23HA2220220.h5
  Skipping (exists): GW1AM2_20200131_01D_EQMD_L3SGT23HA2220220.h5
  Skipping (exists): GW1AM2_20200201_01D_EQMA_L3SGT23HA2220220.h5
  Skipping (exists): GW1AM2_20200201_01D_EQMD_L3SGT23HA2220220.h5
  Skipping (exists): GW1AM2_20200202_01D_EQMA_L3SGT23HA2220220.h5
  Skipping (exists): GW1AM2_20200202_01D_EQMD_L3SGT23HA2220220.h5
  Skipping (exists): GW1AM2_20200203_01D_EQMD_L3SGT23HA2220220.h5
  Skipping (exists): GW1AM2_20200203_01D_EQMA_L3SGT23HA2220220.h5
  Skipping (exists): GW1AM2_20200204_01D_EQMA_L3SGT23HA2220220.h5
  Skipping (exists): GW1AM2_20200204_01D_EQMD_L3SGT23HA2220220.h5
  Skipping (exists): GW1AM2_20200205_01D_EQMD_L3SGT23HA2220220.h5
  Skipping (exists): GW1AM2_20200205_01D_EQMA_L3SGT23HA2220220.h5
  Skipping (exists): GW1AM2_20200206_01D_EQMA_L3SGT23HA2220220.h5
  Skipping (exists): GW1AM2_20200206_01D_EQMD_L3SGT23HA2220220.h5
  Skipping (exists): GW1AM2_20200207_01D_EQMD_L3SGT23HA2220220.h5
  Skipping (exists): GW1AM2_20200207_01D_EQMA_L3SGT23HA2220220.h5
  Skipping (exists): GW1AM2_20200208_01D_EQMA_L3SGT23HA2220220.h5
  Skipping (exists): GW1AM2_20200208_01D_EQMD_L3SGT23HA2220220.h5
  Skipping (exists): GW1AM2_20200209_01D_EQMA_L3SGT23HA2220220.h5
  Skipping (exists): GW1AM2_20200209_01D_EQMD_L3SGT23HA2220220.h5
  Skipping (exists): GW1AM2_20200210_01D_EQMA_L3SGT23HA2220220.h5
  Skipping (exists): GW1AM2_20200210_01D_EQMD_L3SGT23HA2220220.h5
  Skipping (exists): GW1AM2_20200211_01D_EQMD_L3SGT23HA2220220.h5
  Skipping (exists): GW1AM2_20200211_01D_EQMA_L3SGT23HA2220220.h5
  Skipping (exists): GW1AM2_20200212_01D_EQMA_L3SGT23HA2220220.h5
  Skipping (exists): GW1AM2_20200212_01D_EQMD_L3SGT23HA2220220.h5
  Skipping (exists): GW1AM2_20200213_01D_EQMD_L3SGT23HA2220220.h5
  Skipping (exists): GW1AM2_20200213_01D_EQMA_L3SGT23HA2220220.h5
  Skipping (exists): GW1AM2_20200214_01D_EQMD_L3SGT23HA2220220.h5
  Skipping (exists): GW1AM2_20200214_01D_EQMA_L3SGT23HA2220220.h5
  Skipping (exists): GW1AM2_20200215_01D_EQMD_L3SGT23HA2220220.h5
  Skipping (exists): GW1AM2_20200215_01D_EQMA_L3SGT23HA2220220.h5
  Skipping (exists): GW1AM2_20200216_01D_EQMD_L3SGT23HA2220220.h5
  Skipping (exists): GW1AM2_20200216_01D_EQMA_L3SGT23HA2220220.h5
  Skipping (exists): GW1AM2_20200217_01D_EQMD_L3SGT23HA2220220.h5
  Skipping (exists): GW1AM2_20200217_01D_EQMA_L3SGT23HA2220220.h5
  Skipping (exists): GW1AM2_20200218_01D_EQMD_L3SGT23HA2220220.h5
  Skipping (exists): GW1AM2_20200218_01D_EQMA_L3SGT23HA2220220.h5
  Skipping (exists): GW1AM2_20200219_01D_EQMD_L3SGT23HA2220220.h5
  Page starting at 100: Found 50 items.
  Skipping (exists): GW1AM2_20200219_01D_EQMA_L3SGT23HA2220220.h5
  Skipping (exists): GW1AM2_20200220_01D_EQMD_L3SGT23HA2220220.h5
  Skipping (exists): GW1AM2_20200220_01D_EQMA_L3SGT23HA2220220.h5
  Skipping (exists): GW1AM2_20200221_01D_EQMD_L3SGT23HA2220220.h5
  Skipping (exists): GW1AM2_20200221_01D_EQMA_L3SGT23HA2220220.h5
  Skipping (exists): GW1AM2_20200222_01D_EQMD_L3SGT23HA2220220.h5
  Skipping (exists): GW1AM2_20200222_01D_EQMA_L3SGT23HA2220220.h5
  Skipping (exists): GW1AM2_20200223_01D_EQMD_L3SGT23HA2220220.h5
  Skipping (exists): GW1AM2_20200223_01D_EQMA_L3SGT23HA2220220.h5
  Skipping (exists): GW1AM2_20200224_01D_EQMA_L3SGT23HA2220220.h5
  Skipping (exists): GW1AM2_20200224_01D_EQMD_L3SGT23HA2220220.h5
  Skipping (exists): GW1AM2_20200225_01D_EQMA_L3SGT23HA2220220.h5
  Skipping (exists): GW1AM2_20200225_01D_EQMD_L3SGT23HA2220220.h5
  Skipping (exists): GW1AM2_20200226_01D_EQMD_L3SGT23HA2220220.h5
  Skipping (exists): GW1AM2_20200226_01D_EQMA_L3SGT23HA2220220.h5
  Skipping (exists): GW1AM2_20200227_01D_EQMD_L3SGT23HA2220220.h5
  Skipping (exists): GW1AM2_20200227_01D_EQMA_L3SGT23HA2220220.h5
  Skipping (exists): GW1AM2_20200228_01D_EQMD_L3SGT23HA2220220.h5
  Skipping (exists): GW1AM2_20200228_01D_EQMA_L3SGT23HA2220220.h5
  Skipping (exists): GW1AM2_20200229_01D_EQMD_L3SGT23HA2220220.h5
  Skipping (exists): GW1AM2_20200229_01D_EQMA_L3SGT23HA2220220.h5
  Skipping (exists): GW1AM2_20200301_01D_EQMA_L3SGT23HA2220220.h5
  Skipping (exists): GW1AM2_20200301_01D_EQMD_L3SGT23HA2220220.h5
  Skipping (exists): GW1AM2_20200302_01D_EQMD_L3SGT23HA2220220.h5
  Skipping (exists): GW1AM2_20200302_01D_EQMA_L3SGT23HA2220220.h5
  Skipping (exists): GW1AM2_20200303_01D_EQMD_L3SGT23HA2220220.h5
  Skipping (exists): GW1AM2_20200303_01D_EQMA_L3SGT23HA2220220.h5
  Skipping (exists): GW1AM2_20200304_01D_EQMD_L3SGT23HA2220220.h5
  Skipping (exists): GW1AM2_20200304_01D_EQMA_L3SGT23HA2220220.h5
  Skipping (exists): GW1AM2_20200305_01D_EQMD_L3SGT23HA2220220.h5
  Skipping (exists): GW1AM2_20200305_01D_EQMA_L3SGT23HA2220220.h5
  Skipping (exists): GW1AM2_20200306_01D_EQMD_L3SGT23HA2220220.h5
  Skipping (exists): GW1AM2_20200306_01D_EQMA_L3SGT23HA2220220.h5
  Skipping (exists): GW1AM2_20200307_01D_EQMD_L3SGT23HA2220220.h5
  Skipping (exists): GW1AM2_20200307_01D_EQMA_L3SGT23HA2220220.h5
  Skipping (exists): GW1AM2_20200308_01D_EQMA_L3SGT23HA2220220.h5
  Skipping (exists): GW1AM2_20200308_01D_EQMD_L3SGT23HA2220220.h5
  Skipping (exists): GW1AM2_20200309_01D_EQMD_L3SGT23HA2220220.h5
  Skipping (exists): GW1AM2_20200309_01D_EQMA_L3SGT23HA2220220.h5
  Skipping (exists): GW1AM2_20200310_01D_EQMD_L3SGT23HA2220220.h5
  Skipping (exists): GW1AM2_20200310_01D_EQMA_L3SGT23HA2220220.h5
  Skipping (exists): GW1AM2_20200311_01D_EQMA_L3SGT23HA2220220.h5
  Skipping (exists): GW1AM2_20200311_01D_EQMD_L3SGT23HA2220220.h5
  Skipping (exists): GW1AM2_20200312_01D_EQMD_L3SGT23HA2220220.h5
  Skipping (exists): GW1AM2_20200312_01D_EQMA_L3SGT23HA2220220.h5
  Skipping (exists): GW1AM2_20200313_01D_EQMD_L3SGT23HA2220220.h5
  Skipping (exists): GW1AM2_20200313_01D_EQMA_L3SGT23HA2220220.h5
  Skipping (exists): GW1AM2_20200314_01D_EQMD_L3SGT23HA2220220.h5
  Skipping (exists): GW1AM2_20200314_01D_EQMA_L3SGT23HA2220220.h5
  Skipping (exists): GW1AM2_20200315_01D_EQMD_L3SGT23HA2220220.h5
  Page starting at 150: Found 50 items.
  Skipping (exists): GW1AM2_20200315_01D_EQMA_L3SGT23HA2220220.h5
  Skipping (exists): GW1AM2_20200316_01D_EQMD_L3SGT23HA2220220.h5
  Skipping (exists): GW1AM2_20200316_01D_EQMA_L3SGT23HA2220220.h5
  Skipping (exists): GW1AM2_20200317_01D_EQMA_L3SGT23HA2220220.h5
  Skipping (exists): GW1AM2_20200317_01D_EQMD_L3SGT23HA2220220.h5
  Skipping (exists): GW1AM2_20200318_01D_EQMA_L3SGT23HA2220220.h5
  Skipping (exists): GW1AM2_20200318_01D_EQMD_L3SGT23HA2220220.h5
  Skipping (exists): GW1AM2_20200319_01D_EQMD_L3SGT23HA2220220.h5
  Skipping (exists): GW1AM2_20200319_01D_EQMA_L3SGT23HA2220220.h5
  Skipping (exists): GW1AM2_20200320_01D_EQMD_L3SGT23HA2220220.h5
  Skipping (exists): GW1AM2_20200320_01D_EQMA_L3SGT23HA2220220.h5
  Skipping (exists): GW1AM2_20200321_01D_EQMD_L3SGT23HA2220220.h5
  Skipping (exists): GW1AM2_20200321_01D_EQMA_L3SGT23HA2220220.h5
  Skipping (exists): GW1AM2_20200322_01D_EQMD_L3SGT23HA2220220.h5
  Skipping (exists): GW1AM2_20200322_01D_EQMA_L3SGT23HA2220220.h5
  Skipping (exists): GW1AM2_20200323_01D_EQMD_L3SGT23HA2220220.h5
  Skipping (exists): GW1AM2_20200323_01D_EQMA_L3SGT23HA2220220.h5
  Skipping (exists): GW1AM2_20200324_01D_EQMA_L3SGT23HA2220220.h5
  Skipping (exists): GW1AM2_20200324_01D_EQMD_L3SGT23HA2220220.h5
  Skipping (exists): GW1AM2_20200325_01D_EQMD_L3SGT23HA2220220.h5
  Skipping (exists): GW1AM2_20200325_01D_EQMA_L3SGT23HA2220220.h5
  Skipping (exists): GW1AM2_20200326_01D_EQMD_L3SGT23HA2220220.h5
  Skipping (exists): GW1AM2_20200326_01D_EQMA_L3SGT23HA2220220.h5
  Skipping (exists): GW1AM2_20200327_01D_EQMA_L3SGT23HA2220220.h5
  Skipping (exists): GW1AM2_20200327_01D_EQMD_L3SGT23HA2220220.h5
  Skipping (exists): GW1AM2_20200328_01D_EQMD_L3SGT23HA2220220.h5
  Skipping (exists): GW1AM2_20200328_01D_EQMA_L3SGT23HA2220220.h5
  Skipping (exists): GW1AM2_20200329_01D_EQMD_L3SGT23HA2220220.h5
  Skipping (exists): GW1AM2_20200329_01D_EQMA_L3SGT23HA2220220.h5
  Skipping (exists): GW1AM2_20200330_01D_EQMD_L3SGT23HA2220220.h5
  Skipping (exists): GW1AM2_20200330_01D_EQMA_L3SGT23HA2220220.h5
  Skipping (exists): GW1AM2_20200331_01D_EQMD_L3SGT23HA2220220.h5
  Skipping (exists): GW1AM2_20200331_01D_EQMA_L3SGT23HA2220220.h5
  Skipping (exists): GW1AM2_20200401_01D_EQMD_L3SGT23HA2220220.h5
  Skipping (exists): GW1AM2_20200401_01D_EQMA_L3SGT23HA2220220.h5
  Skipping (exists): GW1AM2_20200402_01D_EQMA_L3SGT23HA2220220.h5
  Skipping (exists): GW1AM2_20200402_01D_EQMD_L3SGT23HA2220220.h5
  Skipping (exists): GW1AM2_20200403_01D_EQMA_L3SGT23HA2220220.h5
  Skipping (exists): GW1AM2_20200403_01D_EQMD_L3SGT23HA2220220.h5
  Skipping (exists): GW1AM2_20200404_01D_EQMD_L3SGT23HA2220220.h5
  Skipping (exists): GW1AM2_20200404_01D_EQMA_L3SGT23HA2220220.h5
  Skipping (exists): GW1AM2_20200405_01D_EQMD_L3SGT23HA2220220.h5
  Skipping (exists): GW1AM2_20200405_01D_EQMA_L3SGT23HA2220220.h5
  Skipping (exists): GW1AM2_20200406_01D_EQMD_L3SGT23HA2220220.h5
  Skipping (exists): GW1AM2_20200406_01D_EQMA_L3SGT23HA2220220.h5
  Skipping (exists): GW1AM2_20200407_01D_EQMD_L3SGT23HA2220220.h5
  Skipping (exists): GW1AM2_20200407_01D_EQMA_L3SGT23HA2220220.h5
  Skipping (exists): GW1AM2_20200408_01D_EQMD_L3SGT23HA2220220.h5
  Skipping (exists): GW1AM2_20200408_01D_EQMA_L3SGT23HA2220220.h5
  Skipping (exists): GW1AM2_20200409_01D_EQMD_L3SGT23HA2220220.h5
  Page starting at 200: Found 50 items.
  Skipping (exists): GW1AM2_20200409_01D_EQMA_L3SGT23HA2220220.h5
  Skipping (exists): GW1AM2_20200410_01D_EQMD_L3SGT23HA2220220.h5
  Skipping (exists): GW1AM2_20200410_01D_EQMA_L3SGT23HA2220220.h5
  Skipping (exists): GW1AM2_20200411_01D_EQMD_L3SGT23HA2220220.h5
  Skipping (exists): GW1AM2_20200411_01D_EQMA_L3SGT23HA2220220.h5
  Skipping (exists): GW1AM2_20200412_01D_EQMA_L3SGT23HA2220220.h5
  Skipping (exists): GW1AM2_20200412_01D_EQMD_L3SGT23HA2220220.h5
  Skipping (exists): GW1AM2_20200413_01D_EQMD_L3SGT23HA2220220.h5
  Skipping (exists): GW1AM2_20200413_01D_EQMA_L3SGT23HA2220220.h5
  Skipping (exists): GW1AM2_20200414_01D_EQMD_L3SGT23HA2220220.h5
  Skipping (exists): GW1AM2_20200414_01D_EQMA_L3SGT23HA2220220.h5
  Skipping (exists): GW1AM2_20200415_01D_EQMD_L3SGT23HA2220220.h5
  Skipping (exists): GW1AM2_20200415_01D_EQMA_L3SGT23HA2220220.h5
  Skipping (exists): GW1AM2_20200416_01D_EQMD_L3SGT23HA2220220.h5
  Skipping (exists): GW1AM2_20200416_01D_EQMA_L3SGT23HA2220220.h5
  Skipping (exists): GW1AM2_20200417_01D_EQMD_L3SGT23HA2220220.h5
  Skipping (exists): GW1AM2_20200417_01D_EQMA_L3SGT23HA2220220.h5
  Skipping (exists): GW1AM2_20200418_01D_EQMA_L3SGT23HA2220220.h5
  Skipping (exists): GW1AM2_20200418_01D_EQMD_L3SGT23HA2220220.h5
  Skipping (exists): GW1AM2_20200419_01D_EQMA_L3SGT23HA2220220.h5
  Skipping (exists): GW1AM2_20200419_01D_EQMD_L3SGT23HA2220220.h5
  Skipping (exists): GW1AM2_20200420_01D_EQMD_L3SGT23HA2220220.h5
  Skipping (exists): GW1AM2_20200420_01D_EQMA_L3SGT23HA2220220.h5
  Skipping (exists): GW1AM2_20200421_01D_EQMD_L3SGT23HA2220220.h5
  Skipping (exists): GW1AM2_20200421_01D_EQMA_L3SGT23HA2220220.h5
  Skipping (exists): GW1AM2_20200422_01D_EQMD_L3SGT23HA2220220.h5
  Skipping (exists): GW1AM2_20200422_01D_EQMA_L3SGT23HA2220220.h5
  Skipping (exists): GW1AM2_20200423_01D_EQMD_L3SGT23HA2220220.h5
  Skipping (exists): GW1AM2_20200423_01D_EQMA_L3SGT23HA2220220.h5
  Skipping (exists): GW1AM2_20200424_01D_EQMD_L3SGT23HA2220220.h5
  Skipping (exists): GW1AM2_20200424_01D_EQMA_L3SGT23HA2220220.h5
  Skipping (exists): GW1AM2_20200425_01D_EQMA_L3SGT23HA2220220.h5
  Skipping (exists): GW1AM2_20200425_01D_EQMD_L3SGT23HA2220220.h5
  Skipping (exists): GW1AM2_20200426_01D_EQMD_L3SGT23HA2220220.h5
  Skipping (exists): GW1AM2_20200426_01D_EQMA_L3SGT23HA2220220.h5
  Skipping (exists): GW1AM2_20200427_01D_EQMD_L3SGT23HA2220220.h5
  Skipping (exists): GW1AM2_20200427_01D_EQMA_L3SGT23HA2220220.h5
  Skipping (exists): GW1AM2_20200428_01D_EQMD_L3SGT23HA2220220.h5
  Skipping (exists): GW1AM2_20200428_01D_EQMA_L3SGT23HA2220220.h5
  Skipping (exists): GW1AM2_20200429_01D_EQMD_L3SGT23HA2220220.h5
  Skipping (exists): GW1AM2_20200429_01D_EQMA_L3SGT23HA2220220.h5
  Skipping (exists): GW1AM2_20200430_01D_EQMD_L3SGT23HA2220220.h5
  Skipping (exists): GW1AM2_20200430_01D_EQMA_L3SGT23HA2220220.h5
  Skipping (exists): GW1AM2_20200501_01D_EQMD_L3SGT23HA2220220.h5
  Skipping (exists): GW1AM2_20200501_01D_EQMA_L3SGT23HA2220220.h5
  Skipping (exists): GW1AM2_20200502_01D_EQMA_L3SGT23HA2220220.h5
  Skipping (exists): GW1AM2_20200502_01D_EQMD_L3SGT23HA2220220.h5
  Skipping (exists): GW1AM2_20200503_01D_EQMD_L3SGT23HA2220220.h5
  Skipping (exists): GW1AM2_20200503_01D_EQMA_L3SGT23HA2220220.h5
  Skipping (exists): GW1AM2_20200504_01D_EQMA_L3SGT23HA2220220.h5
  Page starting at 250: Found 50 items.
  Skipping (exists): GW1AM2_20200504_01D_EQMD_L3SGT23HA2220220.h5
  Skipping (exists): GW1AM2_20200505_01D_EQMD_L3SGT23HA2220220.h5
  Skipping (exists): GW1AM2_20200505_01D_EQMA_L3SGT23HA2220220.h5
  Skipping (exists): GW1AM2_20200506_01D_EQMD_L3SGT23HA2220220.h5
  Skipping (exists): GW1AM2_20200506_01D_EQMA_L3SGT23HA2220220.h5
  Skipping (exists): GW1AM2_20200507_01D_EQMD_L3SGT23HA2220220.h5
  Skipping (exists): GW1AM2_20200507_01D_EQMA_L3SGT23HA2220220.h5
  Skipping (exists): GW1AM2_20200508_01D_EQMD_L3SGT23HA2220220.h5
  Skipping (exists): GW1AM2_20200508_01D_EQMA_L3SGT23HA2220220.h5
  Skipping (exists): GW1AM2_20200509_01D_EQMD_L3SGT23HA2220220.h5
  Skipping (exists): GW1AM2_20200509_01D_EQMA_L3SGT23HA2220220.h5
  Skipping (exists): GW1AM2_20200510_01D_EQMA_L3SGT23HA2220220.h5
  Skipping (exists): GW1AM2_20200510_01D_EQMD_L3SGT23HA2220220.h5
  Skipping (exists): GW1AM2_20200511_01D_EQMA_L3SGT23HA2220220.h5
  Skipping (exists): GW1AM2_20200511_01D_EQMD_L3SGT23HA2220220.h5
  Skipping (exists): GW1AM2_20200512_01D_EQMD_L3SGT23HA2220220.h5
  Skipping (exists): GW1AM2_20200512_01D_EQMA_L3SGT23HA2220220.h5
  Skipping (exists): GW1AM2_20200513_01D_EQMD_L3SGT23HA2220220.h5
  Skipping (exists): GW1AM2_20200513_01D_EQMA_L3SGT23HA2220220.h5
  Skipping (exists): GW1AM2_20200514_01D_EQMA_L3SGT23HA2220220.h5
  Skipping (exists): GW1AM2_20200514_01D_EQMD_L3SGT23HA2220220.h5
  Skipping (exists): GW1AM2_20200515_01D_EQMD_L3SGT23HA2220220.h5
  Skipping (exists): GW1AM2_20200515_01D_EQMA_L3SGT23HA2220220.h5
  Skipping (exists): GW1AM2_20200516_01D_EQMA_L3SGT23HA2220220.h5
  Skipping (exists): GW1AM2_20200516_01D_EQMD_L3SGT23HA2220220.h5
  Skipping (exists): GW1AM2_20200517_01D_EQMD_L3SGT23HA2220220.h5
  Skipping (exists): GW1AM2_20200517_01D_EQMA_L3SGT23HA2220220.h5
  Skipping (exists): GW1AM2_20200518_01D_EQMD_L3SGT23HA2220220.h5
  Skipping (exists): GW1AM2_20200518_01D_EQMA_L3SGT23HA2220220.h5
  Skipping (exists): GW1AM2_20200519_01D_EQMD_L3SGT23HA2220220.h5
  Skipping (exists): GW1AM2_20200519_01D_EQMA_L3SGT23HA2220220.h5
  Skipping (exists): GW1AM2_20200520_01D_EQMA_L3SGT23HA2220220.h5
  Skipping (exists): GW1AM2_20200520_01D_EQMD_L3SGT23HA2220220.h5
  Skipping (exists): GW1AM2_20200521_01D_EQMD_L3SGT23HA2220220.h5
  Skipping (exists): GW1AM2_20200521_01D_EQMA_L3SGT23HA2220220.h5
  Skipping (exists): GW1AM2_20200522_01D_EQMD_L3SGT23HA2220220.h5
  Skipping (exists): GW1AM2_20200522_01D_EQMA_L3SGT23HA2220220.h5
  Skipping (exists): GW1AM2_20200523_01D_EQMD_L3SGT23HA2220220.h5
  Skipping (exists): GW1AM2_20200523_01D_EQMA_L3SGT23HA2220220.h5
  Skipping (exists): GW1AM2_20200524_01D_EQMD_L3SGT23HA2220220.h5
  Skipping (exists): GW1AM2_20200524_01D_EQMA_L3SGT23HA2220220.h5
  Skipping (exists): GW1AM2_20200525_01D_EQMD_L3SGT23HA2220220.h5
  Skipping (exists): GW1AM2_20200525_01D_EQMA_L3SGT23HA2220220.h5
  Skipping (exists): GW1AM2_20200526_01D_EQMD_L3SGT23HA2220220.h5
  Skipping (exists): GW1AM2_20200526_01D_EQMA_L3SGT23HA2220220.h5
  Skipping (exists): GW1AM2_20200527_01D_EQMD_L3SGT23HA2220220.h5
  Skipping (exists): GW1AM2_20200527_01D_EQMA_L3SGT23HA2220220.h5
  Skipping (exists): GW1AM2_20200528_01D_EQMD_L3SGT23HA2220220.h5
  Skipping (exists): GW1AM2_20200528_01D_EQMA_L3SGT23HA2220220.h5
  Skipping (exists): GW1AM2_20200529_01D_EQMD_L3SGT23HA2220220.h5
  Page starting at 300: Found 50 items.
  Skipping (exists): GW1AM2_20200529_01D_EQMA_L3SGT23HA2220220.h5
  Skipping (exists): GW1AM2_20200530_01D_EQMA_L3SGT23HA2220220.h5
  Skipping (exists): GW1AM2_20200530_01D_EQMD_L3SGT23HA2220220.h5
  Skipping (exists): GW1AM2_20200531_01D_EQMD_L3SGT23HA2220220.h5
  Skipping (exists): GW1AM2_20200531_01D_EQMA_L3SGT23HA2220220.h5
  Skipping (exists): GW1AM2_20200601_01D_EQMD_L3SGT23HA2220220.h5
  Skipping (exists): GW1AM2_20200601_01D_EQMA_L3SGT23HA2220220.h5
  Skipping (exists): GW1AM2_20200602_01D_EQMD_L3SGT23HA2220220.h5
  Skipping (exists): GW1AM2_20200602_01D_EQMA_L3SGT23HA2220220.h5
  Skipping (exists): GW1AM2_20200603_01D_EQMD_L3SGT23HA2220220.h5
  Skipping (exists): GW1AM2_20200603_01D_EQMA_L3SGT23HA2220220.h5
  Skipping (exists): GW1AM2_20200604_01D_EQMD_L3SGT23HA2220220.h5
  Skipping (exists): GW1AM2_20200604_01D_EQMA_L3SGT23HA2220220.h5
  Skipping (exists): GW1AM2_20200605_01D_EQMA_L3SGT23HA2220220.h5
  Skipping (exists): GW1AM2_20200605_01D_EQMD_L3SGT23HA2220220.h5
  Skipping (exists): GW1AM2_20200606_01D_EQMD_L3SGT23HA2220220.h5
  Skipping (exists): GW1AM2_20200606_01D_EQMA_L3SGT23HA2220220.h5
  Skipping (exists): GW1AM2_20200607_01D_EQMD_L3SGT23HA2220220.h5
  Skipping (exists): GW1AM2_20200607_01D_EQMA_L3SGT23HA2220220.h5
  Skipping (exists): GW1AM2_20200608_01D_EQMD_L3SGT23HA2220220.h5
  Skipping (exists): GW1AM2_20200608_01D_EQMA_L3SGT23HA2220220.h5
  Skipping (exists): GW1AM2_20200609_01D_EQMD_L3SGT23HA2220220.h5
  Skipping (exists): GW1AM2_20200609_01D_EQMA_L3SGT23HA2220220.h5
  Skipping (exists): GW1AM2_20200610_01D_EQMD_L3SGT23HA2220220.h5
  Skipping (exists): GW1AM2_20200610_01D_EQMA_L3SGT23HA2220220.h5
  Skipping (exists): GW1AM2_20200611_01D_EQMD_L3SGT23HA2220220.h5
  Skipping (exists): GW1AM2_20200611_01D_EQMA_L3SGT23HA2220220.h5
  Skipping (exists): GW1AM2_20200612_01D_EQMA_L3SGT23HA2220220.h5
  Skipping (exists): GW1AM2_20200612_01D_EQMD_L3SGT23HA2220220.h5
  Skipping (exists): GW1AM2_20200613_01D_EQMA_L3SGT23HA2220220.h5
  Skipping (exists): GW1AM2_20200613_01D_EQMD_L3SGT23HA2220220.h5
  Skipping (exists): GW1AM2_20200614_01D_EQMD_L3SGT23HA2220220.h5
  Skipping (exists): GW1AM2_20200614_01D_EQMA_L3SGT23HA2220220.h5
  Skipping (exists): GW1AM2_20200615_01D_EQMA_L3SGT23HA2220220.h5
  Skipping (exists): GW1AM2_20200615_01D_EQMD_L3SGT23HA2220220.h5
  Skipping (exists): GW1AM2_20200616_01D_EQMD_L3SGT23HA2220220.h5
  Skipping (exists): GW1AM2_20200616_01D_EQMA_L3SGT23HA2220220.h5
  Skipping (exists): GW1AM2_20200617_01D_EQMA_L3SGT23HA2220220.h5
  Skipping (exists): GW1AM2_20200617_01D_EQMD_L3SGT23HA2220220.h5
  Skipping (exists): GW1AM2_20200618_01D_EQMD_L3SGT23HA2220220.h5
  Skipping (exists): GW1AM2_20200618_01D_EQMA_L3SGT23HA2220220.h5
  Skipping (exists): GW1AM2_20200619_01D_EQMD_L3SGT23HA2220220.h5
  Skipping (exists): GW1AM2_20200619_01D_EQMA_L3SGT23HA2220220.h5
  Skipping (exists): GW1AM2_20200620_01D_EQMD_L3SGT23HA2220220.h5
  Skipping (exists): GW1AM2_20200620_01D_EQMA_L3SGT23HA2220220.h5
  Skipping (exists): GW1AM2_20200621_01D_EQMA_L3SGT23HA2220220.h5
  Skipping (exists): GW1AM2_20200621_01D_EQMD_L3SGT23HA2220220.h5
  Skipping (exists): GW1AM2_20200622_01D_EQMA_L3SGT23HA2220220.h5
  Skipping (exists): GW1AM2_20200622_01D_EQMD_L3SGT23HA2220220.h5
  Skipping (exists): GW1AM2_20200623_01D_EQMD_L3SGT23HA2220220.h5
  Page starting at 350: Found 50 items.
  Skipping (exists): GW1AM2_20200623_01D_EQMA_L3SGT23HA2220220.h5
  Skipping (exists): GW1AM2_20200624_01D_EQMD_L3SGT23HA2220220.h5
  Skipping (exists): GW1AM2_20200624_01D_EQMA_L3SGT23HA2220220.h5
  Skipping (exists): GW1AM2_20200625_01D_EQMD_L3SGT23HA2220220.h5
  Skipping (exists): GW1AM2_20200625_01D_EQMA_L3SGT23HA2220220.h5
  Skipping (exists): GW1AM2_20200626_01D_EQMD_L3SGT23HA2220220.h5
  Skipping (exists): GW1AM2_20200626_01D_EQMA_L3SGT23HA2220220.h5
  Skipping (exists): GW1AM2_20200627_01D_EQMD_L3SGT23HA2220220.h5
  Skipping (exists): GW1AM2_20200627_01D_EQMA_L3SGT23HA2220220.h5
  Skipping (exists): GW1AM2_20200628_01D_EQMA_L3SGT23HA2220220.h5
  Skipping (exists): GW1AM2_20200628_01D_EQMD_L3SGT23HA2220220.h5
  Skipping (exists): GW1AM2_20200629_01D_EQMD_L3SGT23HA2220220.h5
  Skipping (exists): GW1AM2_20200629_01D_EQMA_L3SGT23HA2220220.h5
  Skipping (exists): GW1AM2_20200630_01D_EQMD_L3SGT23HA2220220.h5
  Skipping (exists): GW1AM2_20200630_01D_EQMA_L3SGT23HA2220220.h5
  Skipping (exists): GW1AM2_20200701_01D_EQMA_L3SGT23HA2220220.h5
  Skipping (exists): GW1AM2_20200701_01D_EQMD_L3SGT23HA2220220.h5
  Skipping (exists): GW1AM2_20200702_01D_EQMD_L3SGT23HA2220220.h5
  Skipping (exists): GW1AM2_20200702_01D_EQMA_L3SGT23HA2220220.h5
  Skipping (exists): GW1AM2_20200703_01D_EQMD_L3SGT23HA2220220.h5
  Skipping (exists): GW1AM2_20200703_01D_EQMA_L3SGT23HA2220220.h5
  Skipping (exists): GW1AM2_20200704_01D_EQMD_L3SGT23HA2220220.h5
  Skipping (exists): GW1AM2_20200704_01D_EQMA_L3SGT23HA2220220.h5
  Skipping (exists): GW1AM2_20200705_01D_EQMD_L3SGT23HA2220220.h5
  Skipping (exists): GW1AM2_20200705_01D_EQMA_L3SGT23HA2220220.h5
  Skipping (exists): GW1AM2_20200706_01D_EQMD_L3SGT23HA2220220.h5
  Skipping (exists): GW1AM2_20200706_01D_EQMA_L3SGT23HA2220220.h5
  Skipping (exists): GW1AM2_20200707_01D_EQMA_L3SGT23HA2220220.h5
  Skipping (exists): GW1AM2_20200707_01D_EQMD_L3SGT23HA2220220.h5
  Skipping (exists): GW1AM2_20200708_01D_EQMA_L3SGT23HA2220220.h5
  Skipping (exists): GW1AM2_20200708_01D_EQMD_L3SGT23HA2220220.h5
  Skipping (exists): GW1AM2_20200709_01D_EQMD_L3SGT23HA2220220.h5
  Skipping (exists): GW1AM2_20200709_01D_EQMA_L3SGT23HA2220220.h5
  Skipping (exists): GW1AM2_20200710_01D_EQMD_L3SGT23HA2220220.h5
  Skipping (exists): GW1AM2_20200710_01D_EQMA_L3SGT23HA2220220.h5
  Skipping (exists): GW1AM2_20200711_01D_EQMD_L3SGT23HA2220220.h5
  Skipping (exists): GW1AM2_20200711_01D_EQMA_L3SGT23HA2220220.h5
  Skipping (exists): GW1AM2_20200712_01D_EQMD_L3SGT23HA2220220.h5
  Skipping (exists): GW1AM2_20200712_01D_EQMA_L3SGT23HA2220220.h5
  Skipping (exists): GW1AM2_20200713_01D_EQMD_L3SGT23HA2220220.h5
  Skipping (exists): GW1AM2_20200713_01D_EQMA_L3SGT23HA2220220.h5
  Skipping (exists): GW1AM2_20200714_01D_EQMD_L3SGT23HA2220220.h5
  Skipping (exists): GW1AM2_20200714_01D_EQMA_L3SGT23HA2220220.h5
  Skipping (exists): GW1AM2_20200715_01D_EQMD_L3SGT23HA2220220.h5
  Skipping (exists): GW1AM2_20200715_01D_EQMA_L3SGT23HA2220220.h5
  Skipping (exists): GW1AM2_20200716_01D_EQMD_L3SGT23HA2220220.h5
  Skipping (exists): GW1AM2_20200716_01D_EQMA_L3SGT23HA2220220.h5
  Skipping (exists): GW1AM2_20200717_01D_EQMA_L3SGT23HA2220220.h5
  Skipping (exists): GW1AM2_20200717_01D_EQMD_L3SGT23HA2220220.h5
  Skipping (exists): GW1AM2_20200718_01D_EQMD_L3SGT23HA2220220.h5
  Page starting at 400: Found 50 items.
  Skipping (exists): GW1AM2_20200718_01D_EQMA_L3SGT23HA2220220.h5
  Skipping (exists): GW1AM2_20200719_01D_EQMA_L3SGT23HA2220220.h5
  Skipping (exists): GW1AM2_20200719_01D_EQMD_L3SGT23HA2220220.h5
  Skipping (exists): GW1AM2_20200720_01D_EQMA_L3SGT23HA2220220.h5
  Skipping (exists): GW1AM2_20200720_01D_EQMD_L3SGT23HA2220220.h5
  Skipping (exists): GW1AM2_20200721_01D_EQMD_L3SGT23HA2220220.h5
  Skipping (exists): GW1AM2_20200721_01D_EQMA_L3SGT23HA2220220.h5
  Skipping (exists): GW1AM2_20200722_01D_EQMA_L3SGT23HA2220220.h5
  Skipping (exists): GW1AM2_20200722_01D_EQMD_L3SGT23HA2220220.h5
  Skipping (exists): GW1AM2_20200723_01D_EQMA_L3SGT23HA2220220.h5
  Skipping (exists): GW1AM2_20200723_01D_EQMD_L3SGT23HA2220220.h5
  Skipping (exists): GW1AM2_20200724_01D_EQMD_L3SGT23HA2220220.h5
  Skipping (exists): GW1AM2_20200724_01D_EQMA_L3SGT23HA2220220.h5
  Skipping (exists): GW1AM2_20200725_01D_EQMA_L3SGT23HA2220220.h5
  Skipping (exists): GW1AM2_20200725_01D_EQMD_L3SGT23HA2220220.h5
  Skipping (exists): GW1AM2_20200726_01D_EQMD_L3SGT23HA2220220.h5
  Skipping (exists): GW1AM2_20200726_01D_EQMA_L3SGT23HA2220220.h5
  Skipping (exists): GW1AM2_20200727_01D_EQMD_L3SGT23HA2220220.h5
  Skipping (exists): GW1AM2_20200727_01D_EQMA_L3SGT23HA2220220.h5
  Skipping (exists): GW1AM2_20200728_01D_EQMD_L3SGT23HA2220220.h5
  Skipping (exists): GW1AM2_20200728_01D_EQMA_L3SGT23HA2220220.h5
  Skipping (exists): GW1AM2_20200729_01D_EQMD_L3SGT23HA2220220.h5
  Skipping (exists): GW1AM2_20200729_01D_EQMA_L3SGT23HA2220220.h5
  Skipping (exists): GW1AM2_20200730_01D_EQMA_L3SGT23HA2220220.h5
  Skipping (exists): GW1AM2_20200730_01D_EQMD_L3SGT23HA2220220.h5
  Skipping (exists): GW1AM2_20200731_01D_EQMA_L3SGT23HA2220220.h5
  Skipping (exists): GW1AM2_20200731_01D_EQMD_L3SGT23HA2220220.h5
  Skipping (exists): GW1AM2_20200801_01D_EQMD_L3SGT23HA2220220.h5
  Skipping (exists): GW1AM2_20200801_01D_EQMA_L3SGT23HA2220220.h5
  Skipping (exists): GW1AM2_20200802_01D_EQMA_L3SGT23HA2220220.h5
  Skipping (exists): GW1AM2_20200802_01D_EQMD_L3SGT23HA2220220.h5
  Skipping (exists): GW1AM2_20200803_01D_EQMD_L3SGT23HA2220220.h5
  Skipping (exists): GW1AM2_20200803_01D_EQMA_L3SGT23HA2220220.h5
  Skipping (exists): GW1AM2_20200804_01D_EQMD_L3SGT23HA2220220.h5
  Skipping (exists): GW1AM2_20200804_01D_EQMA_L3SGT23HA2220220.h5
  Skipping (exists): GW1AM2_20200805_01D_EQMD_L3SGT23HA2220220.h5
  Skipping (exists): GW1AM2_20200805_01D_EQMA_L3SGT23HA2220220.h5
  Skipping (exists): GW1AM2_20200806_01D_EQMD_L3SGT23HA2220220.h5
  Skipping (exists): GW1AM2_20200806_01D_EQMA_L3SGT23HA2220220.h5
  Skipping (exists): GW1AM2_20200807_01D_EQMD_L3SGT23HA2220220.h5
  Skipping (exists): GW1AM2_20200807_01D_EQMA_L3SGT23HA2220220.h5
  Skipping (exists): GW1AM2_20200808_01D_EQMA_L3SGT23HA2220220.h5
  Skipping (exists): GW1AM2_20200808_01D_EQMD_L3SGT23HA2220220.h5
  Skipping (exists): GW1AM2_20200809_01D_EQMA_L3SGT23HA2220220.h5
  Skipping (exists): GW1AM2_20200809_01D_EQMD_L3SGT23HA2220220.h5
  Skipping (exists): GW1AM2_20200810_01D_EQMD_L3SGT23HA2220220.h5
  Skipping (exists): GW1AM2_20200810_01D_EQMA_L3SGT23HA2220220.h5
  Skipping (exists): GW1AM2_20200811_01D_EQMA_L3SGT23HA2220220.h5
  Skipping (exists): GW1AM2_20200811_01D_EQMD_L3SGT23HA2220220.h5
  Skipping (exists): GW1AM2_20200812_01D_EQMD_L3SGT23HA2220220.h5
  Page starting at 450: Found 50 items.
  Skipping (exists): GW1AM2_20200812_01D_EQMA_L3SGT23HA2220220.h5
  Skipping (exists): GW1AM2_20200813_01D_EQMD_L3SGT23HA2220220.h5
  Skipping (exists): GW1AM2_20200813_01D_EQMA_L3SGT23HA2220220.h5
  Skipping (exists): GW1AM2_20200814_01D_EQMD_L3SGT23HA2220220.h5
  Skipping (exists): GW1AM2_20200814_01D_EQMA_L3SGT23HA2220220.h5
  Skipping (exists): GW1AM2_20200815_01D_EQMA_L3SGT23HA2220220.h5
  Skipping (exists): GW1AM2_20200815_01D_EQMD_L3SGT23HA2220220.h5
  Skipping (exists): GW1AM2_20200816_01D_EQMD_L3SGT23HA2220220.h5
  Skipping (exists): GW1AM2_20200816_01D_EQMA_L3SGT23HA2220220.h5
  Skipping (exists): GW1AM2_20200817_01D_EQMD_L3SGT23HA2220220.h5
  Skipping (exists): GW1AM2_20200817_01D_EQMA_L3SGT23HA2220220.h5
  Skipping (exists): GW1AM2_20200818_01D_EQMA_L3SGT23HA2220220.h5
  Skipping (exists): GW1AM2_20200818_01D_EQMD_L3SGT23HA2220220.h5
  Skipping (exists): GW1AM2_20200819_01D_EQMD_L3SGT23HA2220220.h5
  Skipping (exists): GW1AM2_20200819_01D_EQMA_L3SGT23HA2220220.h5
  Skipping (exists): GW1AM2_20200820_01D_EQMD_L3SGT23HA2220220.h5
  Skipping (exists): GW1AM2_20200820_01D_EQMA_L3SGT23HA2220220.h5
  Skipping (exists): GW1AM2_20200821_01D_EQMD_L3SGT23HA2220220.h5
  Skipping (exists): GW1AM2_20200821_01D_EQMA_L3SGT23HA2220220.h5
  Skipping (exists): GW1AM2_20200822_01D_EQMD_L3SGT23HA2220220.h5
  Skipping (exists): GW1AM2_20200822_01D_EQMA_L3SGT23HA2220220.h5
  Skipping (exists): GW1AM2_20200823_01D_EQMD_L3SGT23HA2220220.h5
  Skipping (exists): GW1AM2_20200823_01D_EQMA_L3SGT23HA2220220.h5
  Skipping (exists): GW1AM2_20200824_01D_EQMA_L3SGT23HA2220220.h5
  Skipping (exists): GW1AM2_20200824_01D_EQMD_L3SGT23HA2220220.h5
  Skipping (exists): GW1AM2_20200825_01D_EQMA_L3SGT23HA2220220.h5
  Skipping (exists): GW1AM2_20200825_01D_EQMD_L3SGT23HA2220220.h5
  Skipping (exists): GW1AM2_20200826_01D_EQMD_L3SGT23HA2220220.h5
  Skipping (exists): GW1AM2_20200826_01D_EQMA_L3SGT23HA2220220.h5
  Skipping (exists): GW1AM2_20200827_01D_EQMD_L3SGT23HA2220220.h5
  Skipping (exists): GW1AM2_20200827_01D_EQMA_L3SGT23HA2220220.h5
  Skipping (exists): GW1AM2_20200828_01D_EQMD_L3SGT23HA2220220.h5
  Skipping (exists): GW1AM2_20200828_01D_EQMA_L3SGT23HA2220220.h5
  Skipping (exists): GW1AM2_20200829_01D_EQMD_L3SGT23HA2220220.h5
  Skipping (exists): GW1AM2_20200829_01D_EQMA_L3SGT23HA2220220.h5
  Skipping (exists): GW1AM2_20200830_01D_EQMD_L3SGT23HA2220220.h5
  Skipping (exists): GW1AM2_20200830_01D_EQMA_L3SGT23HA2220220.h5
  Skipping (exists): GW1AM2_20200831_01D_EQMA_L3SGT23HA2220220.h5
  Skipping (exists): GW1AM2_20200831_01D_EQMD_L3SGT23HA2220220.h5
  Skipping (exists): GW1AM2_20200901_01D_EQMD_L3SGT23HA2220220.h5
  Skipping (exists): GW1AM2_20200901_01D_EQMA_L3SGT23HA2220220.h5
  Skipping (exists): GW1AM2_20200902_01D_EQMD_L3SGT23HA2220220.h5
  Skipping (exists): GW1AM2_20200902_01D_EQMA_L3SGT23HA2220220.h5
  Skipping (exists): GW1AM2_20200903_01D_EQMA_L3SGT23HA2220220.h5
  Skipping (exists): GW1AM2_20200903_01D_EQMD_L3SGT23HA2220220.h5
  Skipping (exists): GW1AM2_20200904_01D_EQMD_L3SGT23HA2220220.h5
  Skipping (exists): GW1AM2_20200904_01D_EQMA_L3SGT23HA2220220.h5
  Skipping (exists): GW1AM2_20200905_01D_EQMD_L3SGT23HA2220220.h5
  Skipping (exists): GW1AM2_20200905_01D_EQMA_L3SGT23HA2220220.h5
  Skipping (exists): GW1AM2_20200906_01D_EQMD_L3SGT23HA2220220.h5
  Page starting at 500: Found 50 items.
  Skipping (exists): GW1AM2_20200906_01D_EQMA_L3SGT23HA2220220.h5
  Skipping (exists): GW1AM2_20200907_01D_EQMD_L3SGT23HA2220220.h5
  Skipping (exists): GW1AM2_20200907_01D_EQMA_L3SGT23HA2220220.h5
  Skipping (exists): GW1AM2_20200908_01D_EQMD_L3SGT23HA2220220.h5
  Skipping (exists): GW1AM2_20200908_01D_EQMA_L3SGT23HA2220220.h5
  Skipping (exists): GW1AM2_20200909_01D_EQMA_L3SGT23HA2220220.h5
  Skipping (exists): GW1AM2_20200909_01D_EQMD_L3SGT23HA2220220.h5
  Skipping (exists): GW1AM2_20200910_01D_EQMD_L3SGT23HA2220220.h5
  Skipping (exists): GW1AM2_20200910_01D_EQMA_L3SGT23HA2220220.h5
  Skipping (exists): GW1AM2_20200911_01D_EQMD_L3SGT23HA2220220.h5
  Skipping (exists): GW1AM2_20200911_01D_EQMA_L3SGT23HA2220220.h5
  Skipping (exists): GW1AM2_20200912_01D_EQMD_L3SGT23HA2220220.h5
  Skipping (exists): GW1AM2_20200912_01D_EQMA_L3SGT23HA2220220.h5
  Skipping (exists): GW1AM2_20200913_01D_EQMD_L3SGT23HA2220220.h5
  Skipping (exists): GW1AM2_20200913_01D_EQMA_L3SGT23HA2220220.h5
  Skipping (exists): GW1AM2_20200914_01D_EQMD_L3SGT23HA2220220.h5
  Skipping (exists): GW1AM2_20200914_01D_EQMA_L3SGT23HA2220220.h5
  Skipping (exists): GW1AM2_20200915_01D_EQMD_L3SGT23HA2220220.h5
  Skipping (exists): GW1AM2_20200915_01D_EQMA_L3SGT23HA2220220.h5
  Skipping (exists): GW1AM2_20200916_01D_EQMA_L3SGT23HA2220220.h5
  Skipping (exists): GW1AM2_20200916_01D_EQMD_L3SGT23HA2220220.h5
  Skipping (exists): GW1AM2_20200917_01D_EQMD_L3SGT23HA2220220.h5
  Skipping (exists): GW1AM2_20200917_01D_EQMA_L3SGT23HA2220220.h5
  Skipping (exists): GW1AM2_20200918_01D_EQMD_L3SGT23HA2220220.h5
  Skipping (exists): GW1AM2_20200918_01D_EQMA_L3SGT23HA2220220.h5
  Skipping (exists): GW1AM2_20200919_01D_EQMA_L3SGT23HA2220220.h5
  Skipping (exists): GW1AM2_20200919_01D_EQMD_L3SGT23HA2220220.h5
  Skipping (exists): GW1AM2_20200920_01D_EQMD_L3SGT23HA2220220.h5
  Skipping (exists): GW1AM2_20200920_01D_EQMA_L3SGT23HA2220220.h5
  Skipping (exists): GW1AM2_20200921_01D_EQMD_L3SGT23HA2220220.h5
  Skipping (exists): GW1AM2_20200921_01D_EQMA_L3SGT23HA2220220.h5
  Skipping (exists): GW1AM2_20200922_01D_EQMD_L3SGT23HA2220220.h5
  Skipping (exists): GW1AM2_20200922_01D_EQMA_L3SGT23HA2220220.h5
  Skipping (exists): GW1AM2_20200923_01D_EQMD_L3SGT23HA2220220.h5
  Skipping (exists): GW1AM2_20200923_01D_EQMA_L3SGT23HA2220220.h5
  Skipping (exists): GW1AM2_20200924_01D_EQMD_L3SGT23HA2220220.h5
  Skipping (exists): GW1AM2_20200924_01D_EQMA_L3SGT23HA2220220.h5
  Skipping (exists): GW1AM2_20200925_01D_EQMA_L3SGT23HA2220220.h5
  Skipping (exists): GW1AM2_20200925_01D_EQMD_L3SGT23HA2220220.h5
  Skipping (exists): GW1AM2_20200926_01D_EQMD_L3SGT23HA2220220.h5
  Skipping (exists): GW1AM2_20200926_01D_EQMA_L3SGT23HA2220220.h5
  Skipping (exists): GW1AM2_20200927_01D_EQMD_L3SGT23HA2220220.h5
  Skipping (exists): GW1AM2_20200927_01D_EQMA_L3SGT23HA2220220.h5
  Skipping (exists): GW1AM2_20200928_01D_EQMD_L3SGT23HA2220220.h5
  Skipping (exists): GW1AM2_20200928_01D_EQMA_L3SGT23HA2220220.h5
  Skipping (exists): GW1AM2_20200929_01D_EQMD_L3SGT23HA2220220.h5
  Skipping (exists): GW1AM2_20200929_01D_EQMA_L3SGT23HA2220220.h5
  Skipping (exists): GW1AM2_20200930_01D_EQMD_L3SGT23HA2220220.h5
  Skipping (exists): GW1AM2_20200930_01D_EQMA_L3SGT23HA2220220.h5
  Skipping (exists): GW1AM2_20201001_01D_EQMD_L3SGT23HA2220220.h5
  Page starting at 550: Found 50 items.
  Skipping (exists): GW1AM2_20201001_01D_EQMA_L3SGT23HA2220220.h5
  Skipping (exists): GW1AM2_20201002_01D_EQMA_L3SGT23HA2220220.h5
  Skipping (exists): GW1AM2_20201002_01D_EQMD_L3SGT23HA2220220.h5
  Skipping (exists): GW1AM2_20201003_01D_EQMA_L3SGT23HA2220220.h5
  Skipping (exists): GW1AM2_20201003_01D_EQMD_L3SGT23HA2220220.h5
  Skipping (exists): GW1AM2_20201004_01D_EQMD_L3SGT23HA2220220.h5
  Skipping (exists): GW1AM2_20201004_01D_EQMA_L3SGT23HA2220220.h5
  Skipping (exists): GW1AM2_20201005_01D_EQMD_L3SGT23HA2220220.h5
  Skipping (exists): GW1AM2_20201005_01D_EQMA_L3SGT23HA2220220.h5
  Skipping (exists): GW1AM2_20201006_01D_EQMD_L3SGT23HA2220220.h5
  Skipping (exists): GW1AM2_20201006_01D_EQMA_L3SGT23HA2220220.h5
  Skipping (exists): GW1AM2_20201007_01D_EQMD_L3SGT23HA2220220.h5
  Skipping (exists): GW1AM2_20201007_01D_EQMA_L3SGT23HA2220220.h5
  Skipping (exists): GW1AM2_20201008_01D_EQMD_L3SGT23HA2220220.h5
  Skipping (exists): GW1AM2_20201008_01D_EQMA_L3SGT23HA2220220.h5
  Skipping (exists): GW1AM2_20201009_01D_EQMD_L3SGT23HA2220220.h5
  Skipping (exists): GW1AM2_20201009_01D_EQMA_L3SGT23HA2220220.h5
  Skipping (exists): GW1AM2_20201010_01D_EQMD_L3SGT23HA2220220.h5
  Skipping (exists): GW1AM2_20201010_01D_EQMA_L3SGT23HA2220220.h5
  Skipping (exists): GW1AM2_20201011_01D_EQMA_L3SGT23HA2220220.h5
  Skipping (exists): GW1AM2_20201011_01D_EQMD_L3SGT23HA2220220.h5
  Skipping (exists): GW1AM2_20201012_01D_EQMA_L3SGT23HA2220220.h5
  Skipping (exists): GW1AM2_20201012_01D_EQMD_L3SGT23HA2220220.h5
  Skipping (exists): GW1AM2_20201013_01D_EQMD_L3SGT23HA2220220.h5
  Skipping (exists): GW1AM2_20201013_01D_EQMA_L3SGT23HA2220220.h5
  Skipping (exists): GW1AM2_20201014_01D_EQMD_L3SGT23HA2220220.h5
  Skipping (exists): GW1AM2_20201014_01D_EQMA_L3SGT23HA2220220.h5
  Skipping (exists): GW1AM2_20201015_01D_EQMD_L3SGT23HA2220220.h5
  Skipping (exists): GW1AM2_20201015_01D_EQMA_L3SGT23HA2220220.h5
  Skipping (exists): GW1AM2_20201016_01D_EQMD_L3SGT23HA2220220.h5
  Skipping (exists): GW1AM2_20201016_01D_EQMA_L3SGT23HA2220220.h5
  Skipping (exists): GW1AM2_20201017_01D_EQMD_L3SGT23HA2220220.h5
  Skipping (exists): GW1AM2_20201017_01D_EQMA_L3SGT23HA2220220.h5
  Skipping (exists): GW1AM2_20201018_01D_EQMD_L3SGT23HA2220220.h5
  Skipping (exists): GW1AM2_20201018_01D_EQMA_L3SGT23HA2220220.h5
  Skipping (exists): GW1AM2_20201019_01D_EQMD_L3SGT23HA2220220.h5
  Skipping (exists): GW1AM2_20201019_01D_EQMA_L3SGT23HA2220220.h5
  Skipping (exists): GW1AM2_20201020_01D_EQMD_L3SGT23HA2220220.h5
  Skipping (exists): GW1AM2_20201020_01D_EQMA_L3SGT23HA2220220.h5
  Skipping (exists): GW1AM2_20201021_01D_EQMA_L3SGT23HA2220220.h5
  Skipping (exists): GW1AM2_20201021_01D_EQMD_L3SGT23HA2220220.h5
  Skipping (exists): GW1AM2_20201022_01D_EQMD_L3SGT23HA2220220.h5
  Skipping (exists): GW1AM2_20201022_01D_EQMA_L3SGT23HA2220220.h5
  Skipping (exists): GW1AM2_20201023_01D_EQMA_L3SGT23HA2220220.h5
  Skipping (exists): GW1AM2_20201023_01D_EQMD_L3SGT23HA2220220.h5
  Skipping (exists): GW1AM2_20201024_01D_EQMD_L3SGT23HA2220220.h5
  Skipping (exists): GW1AM2_20201024_01D_EQMA_L3SGT23HA2220220.h5
  Skipping (exists): GW1AM2_20201025_01D_EQMD_L3SGT23HA2220220.h5
  Skipping (exists): GW1AM2_20201025_01D_EQMA_L3SGT23HA2220220.h5
  Skipping (exists): GW1AM2_20201026_01D_EQMD_L3SGT23HA2220220.h5
  Page starting at 600: Found 50 items.
  Skipping (exists): GW1AM2_20201026_01D_EQMA_L3SGT23HA2220220.h5
  Skipping (exists): GW1AM2_20201027_01D_EQMA_L3SGT23HA2220220.h5
  Skipping (exists): GW1AM2_20201027_01D_EQMD_L3SGT23HA2220220.h5
  Skipping (exists): GW1AM2_20201028_01D_EQMD_L3SGT23HA2220220.h5
  Skipping (exists): GW1AM2_20201028_01D_EQMA_L3SGT23HA2220220.h5
  Skipping (exists): GW1AM2_20201029_01D_EQMD_L3SGT23HA2220220.h5
  Skipping (exists): GW1AM2_20201029_01D_EQMA_L3SGT23HA2220220.h5
  Skipping (exists): GW1AM2_20201030_01D_EQMD_L3SGT23HA2220220.h5
  Skipping (exists): GW1AM2_20201030_01D_EQMA_L3SGT23HA2220220.h5
  Skipping (exists): GW1AM2_20201031_01D_EQMD_L3SGT23HA2220220.h5
  Skipping (exists): GW1AM2_20201031_01D_EQMA_L3SGT23HA2220220.h5
  Skipping (exists): GW1AM2_20201101_01D_EQMD_L3SGT23HA2220220.h5
  Skipping (exists): GW1AM2_20201101_01D_EQMA_L3SGT23HA2220220.h5
  Skipping (exists): GW1AM2_20201102_01D_EQMD_L3SGT23HA2220220.h5
  Skipping (exists): GW1AM2_20201102_01D_EQMA_L3SGT23HA2220220.h5
  Skipping (exists): GW1AM2_20201103_01D_EQMA_L3SGT23HA2220220.h5
  Skipping (exists): GW1AM2_20201103_01D_EQMD_L3SGT23HA2220220.h5
  Skipping (exists): GW1AM2_20201104_01D_EQMD_L3SGT23HA2220220.h5
  Skipping (exists): GW1AM2_20201104_01D_EQMA_L3SGT23HA2220220.h5
  Skipping (exists): GW1AM2_20201105_01D_EQMD_L3SGT23HA2220220.h5
  Skipping (exists): GW1AM2_20201105_01D_EQMA_L3SGT23HA2220220.h5
  Skipping (exists): GW1AM2_20201106_01D_EQMA_L3SGT23HA2220220.h5
  Skipping (exists): GW1AM2_20201106_01D_EQMD_L3SGT23HA2220220.h5
  Skipping (exists): GW1AM2_20201107_01D_EQMD_L3SGT23HA2220220.h5
  Skipping (exists): GW1AM2_20201107_01D_EQMA_L3SGT23HA2220220.h5
  Skipping (exists): GW1AM2_20201108_01D_EQMD_L3SGT23HA2220220.h5
  Skipping (exists): GW1AM2_20201108_01D_EQMA_L3SGT23HA2220220.h5
  Skipping (exists): GW1AM2_20201109_01D_EQMD_L3SGT23HA2220220.h5
  Skipping (exists): GW1AM2_20201109_01D_EQMA_L3SGT23HA2220220.h5
  Skipping (exists): GW1AM2_20201110_01D_EQMD_L3SGT23HA2220220.h5
  Skipping (exists): GW1AM2_20201110_01D_EQMA_L3SGT23HA2220220.h5
  Skipping (exists): GW1AM2_20201111_01D_EQMD_L3SGT23HA2220220.h5
  Skipping (exists): GW1AM2_20201111_01D_EQMA_L3SGT23HA2220220.h5
  Skipping (exists): GW1AM2_20201112_01D_EQMA_L3SGT23HA2220220.h5
  Skipping (exists): GW1AM2_20201112_01D_EQMD_L3SGT23HA2220220.h5
  Skipping (exists): GW1AM2_20201113_01D_EQMA_L3SGT23HA2220220.h5
  Skipping (exists): GW1AM2_20201113_01D_EQMD_L3SGT23HA2220220.h5
  Skipping (exists): GW1AM2_20201114_01D_EQMD_L3SGT23HA2220220.h5
  Skipping (exists): GW1AM2_20201114_01D_EQMA_L3SGT23HA2220220.h5
  Skipping (exists): GW1AM2_20201115_01D_EQMD_L3SGT23HA2220220.h5
  Skipping (exists): GW1AM2_20201115_01D_EQMA_L3SGT23HA2220220.h5
  Skipping (exists): GW1AM2_20201116_01D_EQMD_L3SGT23HA2220220.h5
  Skipping (exists): GW1AM2_20201116_01D_EQMA_L3SGT23HA2220220.h5
  Skipping (exists): GW1AM2_20201117_01D_EQMD_L3SGT23HA2220220.h5
  Skipping (exists): GW1AM2_20201117_01D_EQMA_L3SGT23HA2220220.h5
  Skipping (exists): GW1AM2_20201118_01D_EQMD_L3SGT23HA2220220.h5
  Skipping (exists): GW1AM2_20201118_01D_EQMA_L3SGT23HA2220220.h5
  Skipping (exists): GW1AM2_20201119_01D_EQMA_L3SGT23HA2220220.h5
  Skipping (exists): GW1AM2_20201119_01D_EQMD_L3SGT23HA2220220.h5
  Skipping (exists): GW1AM2_20201120_01D_EQMD_L3SGT23HA2220220.h5
  Page starting at 650: Found 50 items.
  Skipping (exists): GW1AM2_20201120_01D_EQMA_L3SGT23HA2220220.h5
  Skipping (exists): GW1AM2_20201121_01D_EQMD_L3SGT23HA2220220.h5
  Skipping (exists): GW1AM2_20201121_01D_EQMA_L3SGT23HA2220220.h5
  Skipping (exists): GW1AM2_20201122_01D_EQMA_L3SGT23HA2220220.h5
  Skipping (exists): GW1AM2_20201122_01D_EQMD_L3SGT23HA2220220.h5
  Skipping (exists): GW1AM2_20201123_01D_EQMD_L3SGT23HA2220220.h5
  Skipping (exists): GW1AM2_20201123_01D_EQMA_L3SGT23HA2220220.h5
  Skipping (exists): GW1AM2_20201124_01D_EQMD_L3SGT23HA2220220.h5
  Skipping (exists): GW1AM2_20201124_01D_EQMA_L3SGT23HA2220220.h5
  Skipping (exists): GW1AM2_20201125_01D_EQMD_L3SGT23HA2220220.h5
  Skipping (exists): GW1AM2_20201125_01D_EQMA_L3SGT23HA2220220.h5
  Skipping (exists): GW1AM2_20201126_01D_EQMD_L3SGT23HA2220220.h5
  Skipping (exists): GW1AM2_20201126_01D_EQMA_L3SGT23HA2220220.h5
  Skipping (exists): GW1AM2_20201127_01D_EQMD_L3SGT23HA2220220.h5
  Skipping (exists): GW1AM2_20201127_01D_EQMA_L3SGT23HA2220220.h5
  Skipping (exists): GW1AM2_20201128_01D_EQMA_L3SGT23HA2220220.h5
  Skipping (exists): GW1AM2_20201128_01D_EQMD_L3SGT23HA2220220.h5
  Skipping (exists): GW1AM2_20201129_01D_EQMD_L3SGT23HA2220220.h5
  Skipping (exists): GW1AM2_20201129_01D_EQMA_L3SGT23HA2220220.h5
  Skipping (exists): GW1AM2_20201130_01D_EQMD_L3SGT23HA2220220.h5
  Skipping (exists): GW1AM2_20201130_01D_EQMA_L3SGT23HA2220220.h5
  Skipping (exists): GW1AM2_20201201_01D_EQMA_L3SGT23HA2220220.h5
  Skipping (exists): GW1AM2_20201201_01D_EQMD_L3SGT23HA2220220.h5
  Skipping (exists): GW1AM2_20201202_01D_EQMD_L3SGT23HA2220220.h5
  Skipping (exists): GW1AM2_20201202_01D_EQMA_L3SGT23HA2220220.h5
  Skipping (exists): GW1AM2_20201203_01D_EQMD_L3SGT23HA2220220.h5
  Skipping (exists): GW1AM2_20201203_01D_EQMA_L3SGT23HA2220220.h5
  Skipping (exists): GW1AM2_20201204_01D_EQMD_L3SGT23HA2220220.h5
  Skipping (exists): GW1AM2_20201204_01D_EQMA_L3SGT23HA2220220.h5
  Skipping (exists): GW1AM2_20201205_01D_EQMD_L3SGT23HA2220220.h5
  Skipping (exists): GW1AM2_20201205_01D_EQMA_L3SGT23HA2220220.h5
  Skipping (exists): GW1AM2_20201206_01D_EQMD_L3SGT23HA2220220.h5
  Skipping (exists): GW1AM2_20201206_01D_EQMA_L3SGT23HA2220220.h5
  Skipping (exists): GW1AM2_20201207_01D_EQMD_L3SGT23HA2220220.h5
  Skipping (exists): GW1AM2_20201207_01D_EQMA_L3SGT23HA2220220.h5
  Skipping (exists): GW1AM2_20201208_01D_EQMA_L3SGT23HA2220220.h5
  Skipping (exists): GW1AM2_20201208_01D_EQMD_L3SGT23HA2220220.h5
  Skipping (exists): GW1AM2_20201209_01D_EQMD_L3SGT23HA2220220.h5
  Skipping (exists): GW1AM2_20201209_01D_EQMA_L3SGT23HA2220220.h5
  Skipping (exists): GW1AM2_20201210_01D_EQMD_L3SGT23HA2220220.h5
  Skipping (exists): GW1AM2_20201210_01D_EQMA_L3SGT23HA2220220.h5
  Skipping (exists): GW1AM2_20201211_01D_EQMD_L3SGT23HA2220220.h5
  Skipping (exists): GW1AM2_20201211_01D_EQMA_L3SGT23HA2220220.h5
  Skipping (exists): GW1AM2_20201212_01D_EQMD_L3SGT23HA2220220.h5
  Skipping (exists): GW1AM2_20201212_01D_EQMA_L3SGT23HA2220220.h5
  Skipping (exists): GW1AM2_20201213_01D_EQMD_L3SGT23HA2220220.h5
  Skipping (exists): GW1AM2_20201213_01D_EQMA_L3SGT23HA2220220.h5
  Skipping (exists): GW1AM2_20201214_01D_EQMA_L3SGT23HA2220220.h5
  Skipping (exists): GW1AM2_20201214_01D_EQMD_L3SGT23HA2220220.h5
  Skipping (exists): GW1AM2_20201215_01D_EQMD_L3SGT23HA2220220.h5
  Page starting at 700: Found 50 items.
  Skipping (exists): GW1AM2_20201215_01D_EQMA_L3SGT23HA2220220.h5
  Skipping (exists): GW1AM2_20201216_01D_EQMD_L3SGT23HA2220220.h5
  Skipping (exists): GW1AM2_20201216_01D_EQMA_L3SGT23HA2220220.h5
  Skipping (exists): GW1AM2_20201217_01D_EQMD_L3SGT23HA2220220.h5
  Skipping (exists): GW1AM2_20201217_01D_EQMA_L3SGT23HA2220220.h5
  Skipping (exists): GW1AM2_20201218_01D_EQMD_L3SGT23HA2220220.h5
  Skipping (exists): GW1AM2_20201218_01D_EQMA_L3SGT23HA2220220.h5
  Skipping (exists): GW1AM2_20201219_01D_EQMD_L3SGT23HA2220220.h5
  Skipping (exists): GW1AM2_20201219_01D_EQMA_L3SGT23HA2220220.h5
  Skipping (exists): GW1AM2_20201220_01D_EQMD_L3SGT23HA2220220.h5
  Skipping (exists): GW1AM2_20201220_01D_EQMA_L3SGT23HA2220220.h5
  Skipping (exists): GW1AM2_20201221_01D_EQMA_L3SGT23HA2220220.h5
  Skipping (exists): GW1AM2_20201221_01D_EQMD_L3SGT23HA2220220.h5
  Skipping (exists): GW1AM2_20201222_01D_EQMD_L3SGT23HA2220220.h5
  Skipping (exists): GW1AM2_20201222_01D_EQMA_L3SGT23HA2220220.h5
  Skipping (exists): GW1AM2_20201223_01D_EQMA_L3SGT23HA2220220.h5
  Skipping (exists): GW1AM2_20201223_01D_EQMD_L3SGT23HA2220220.h5
  Skipping (exists): GW1AM2_20201224_01D_EQMA_L3SGT23HA2220220.h5
  Skipping (exists): GW1AM2_20201224_01D_EQMD_L3SGT23HA2220220.h5
  Skipping (exists): GW1AM2_20201225_01D_EQMD_L3SGT23HA2220220.h5
  Skipping (exists): GW1AM2_20201225_01D_EQMA_L3SGT23HA2220220.h5
  Skipping (exists): GW1AM2_20201226_01D_EQMD_L3SGT23HA2220220.h5
  Skipping (exists): GW1AM2_20201226_01D_EQMA_L3SGT23HA2220220.h5
  Skipping (exists): GW1AM2_20201227_01D_EQMD_L3SGT23HA2220220.h5
  Skipping (exists): GW1AM2_20201227_01D_EQMA_L3SGT23HA2220220.h5
  Skipping (exists): GW1AM2_20201228_01D_EQMD_L3SGT23HA2220220.h5
  Skipping (exists): GW1AM2_20201228_01D_EQMA_L3SGT23HA2220220.h5
  Skipping (exists): GW1AM2_20201229_01D_EQMD_L3SGT23HA2220220.h5
  Skipping (exists): GW1AM2_20201229_01D_EQMA_L3SGT23HA2220220.h5
  Skipping (exists): GW1AM2_20201230_01D_EQMA_L3SGT23HA2220220.h5
  Skipping (exists): GW1AM2_20201230_01D_EQMD_L3SGT23HA2220220.h5
  Skipping (exists): GW1AM2_20201231_01D_EQMA_L3SGT23HA2220220.h5
  Skipping (exists): GW1AM2_20201231_01D_EQMD_L3SGT23HA2220220.h5
  Skipping (exists): GW1AM2_20210101_01D_EQMD_L3SGT23HA2220220.h5
  Skipping (exists): GW1AM2_20210101_01D_EQMA_L3SGT23HA2220220.h5
  Skipping (exists): GW1AM2_20210102_01D_EQMD_L3SGT23HA2220220.h5
  Skipping (exists): GW1AM2_20210102_01D_EQMA_L3SGT23HA2220220.h5
  Skipping (exists): GW1AM2_20210103_01D_EQMD_L3SGT23HA2220220.h5
  Skipping (exists): GW1AM2_20210103_01D_EQMA_L3SGT23HA2220220.h5
  Skipping (exists): GW1AM2_20210104_01D_EQMD_L3SGT23HA2220220.h5
  Skipping (exists): GW1AM2_20210104_01D_EQMA_L3SGT23HA2220220.h5
  Skipping (exists): GW1AM2_20210105_01D_EQMD_L3SGT23HA2220220.h5
  Skipping (exists): GW1AM2_20210105_01D_EQMA_L3SGT23HA2220220.h5
  Skipping (exists): GW1AM2_20210106_01D_EQMA_L3SGT23HA2220220.h5
  Skipping (exists): GW1AM2_20210106_01D_EQMD_L3SGT23HA2220220.h5
  Skipping (exists): GW1AM2_20210107_01D_EQMD_L3SGT23HA2220220.h5
  Skipping (exists): GW1AM2_20210107_01D_EQMA_L3SGT23HA2220220.h5
  Skipping (exists): GW1AM2_20210108_01D_EQMA_L3SGT23HA2220220.h5
  Skipping (exists): GW1AM2_20210108_01D_EQMD_L3SGT23HA2220220.h5
  Skipping (exists): GW1AM2_20210109_01D_EQMA_L3SGT23HA2220220.h5
  Page starting at 750: Found 50 items.
  Skipping (exists): GW1AM2_20210109_01D_EQMD_L3SGT23HA2220220.h5
  Skipping (exists): GW1AM2_20210110_01D_EQMD_L3SGT23HA2220220.h5
  Skipping (exists): GW1AM2_20210110_01D_EQMA_L3SGT23HA2220220.h5
  Skipping (exists): GW1AM2_20210111_01D_EQMD_L3SGT23HA2220220.h5
  Skipping (exists): GW1AM2_20210111_01D_EQMA_L3SGT23HA2220220.h5
  Skipping (exists): GW1AM2_20210112_01D_EQMD_L3SGT23HA2220220.h5
  Skipping (exists): GW1AM2_20210112_01D_EQMA_L3SGT23HA2220220.h5
  Skipping (exists): GW1AM2_20210113_01D_EQMD_L3SGT23HA2220220.h5
  Skipping (exists): GW1AM2_20210113_01D_EQMA_L3SGT23HA2220220.h5
  Skipping (exists): GW1AM2_20210114_01D_EQMD_L3SGT23HA2220220.h5
  Skipping (exists): GW1AM2_20210114_01D_EQMA_L3SGT23HA2220220.h5
  Skipping (exists): GW1AM2_20210115_01D_EQMA_L3SGT23HA2220220.h5
  Skipping (exists): GW1AM2_20210115_01D_EQMD_L3SGT23HA2220220.h5
  Skipping (exists): GW1AM2_20210116_01D_EQMD_L3SGT23HA2220220.h5
  Skipping (exists): GW1AM2_20210116_01D_EQMA_L3SGT23HA2220220.h5
  Skipping (exists): GW1AM2_20210117_01D_EQMD_L3SGT23HA2220220.h5
  Skipping (exists): GW1AM2_20210117_01D_EQMA_L3SGT23HA2220220.h5
  Skipping (exists): GW1AM2_20210118_01D_EQMD_L3SGT23HA2220220.h5
  Skipping (exists): GW1AM2_20210118_01D_EQMA_L3SGT23HA2220220.h5
  Skipping (exists): GW1AM2_20210119_01D_EQMD_L3SGT23HA2220220.h5
  Skipping (exists): GW1AM2_20210119_01D_EQMA_L3SGT23HA2220220.h5
  Skipping (exists): GW1AM2_20210120_01D_EQMD_L3SGT23HA2220220.h5
  Skipping (exists): GW1AM2_20210120_01D_EQMA_L3SGT23HA2220220.h5
  Skipping (exists): GW1AM2_20210121_01D_EQMD_L3SGT23HA2220220.h5
  Skipping (exists): GW1AM2_20210121_01D_EQMA_L3SGT23HA2220220.h5
  Skipping (exists): GW1AM2_20210122_01D_EQMD_L3SGT23HA2220220.h5
  Skipping (exists): GW1AM2_20210122_01D_EQMA_L3SGT23HA2220220.h5
  Skipping (exists): GW1AM2_20210123_01D_EQMD_L3SGT23HA2220220.h5
  Skipping (exists): GW1AM2_20210123_01D_EQMA_L3SGT23HA2220220.h5
  Skipping (exists): GW1AM2_20210124_01D_EQMD_L3SGT23HA2220220.h5
  Skipping (exists): GW1AM2_20210124_01D_EQMA_L3SGT23HA2220220.h5
  Skipping (exists): GW1AM2_20210125_01D_EQMA_L3SGT23HA2220220.h5
  Skipping (exists): GW1AM2_20210125_01D_EQMD_L3SGT23HA2220220.h5
  Skipping (exists): GW1AM2_20210126_01D_EQMD_L3SGT23HA2220220.h5
  Skipping (exists): GW1AM2_20210126_01D_EQMA_L3SGT23HA2220220.h5
  Skipping (exists): GW1AM2_20210127_01D_EQMD_L3SGT23HA2220220.h5
  Skipping (exists): GW1AM2_20210127_01D_EQMA_L3SGT23HA2220220.h5
  Skipping (exists): GW1AM2_20210128_01D_EQMD_L3SGT23HA2220220.h5
  Skipping (exists): GW1AM2_20210128_01D_EQMA_L3SGT23HA2220220.h5
  Skipping (exists): GW1AM2_20210129_01D_EQMD_L3SGT23HA2220220.h5
  Skipping (exists): GW1AM2_20210129_01D_EQMA_L3SGT23HA2220220.h5
  Skipping (exists): GW1AM2_20210130_01D_EQMD_L3SGT23HA2220220.h5
  Skipping (exists): GW1AM2_20210130_01D_EQMA_L3SGT23HA2220220.h5
  Skipping (exists): GW1AM2_20210131_01D_EQMA_L3SGT23HA2220220.h5
  Skipping (exists): GW1AM2_20210131_01D_EQMD_L3SGT23HA2220220.h5
  Skipping (exists): GW1AM2_20210201_01D_EQMA_L3SGT23HA2220220.h5
  Skipping (exists): GW1AM2_20210201_01D_EQMD_L3SGT23HA2220220.h5
  Skipping (exists): GW1AM2_20210202_01D_EQMD_L3SGT23HA2220220.h5
  Skipping (exists): GW1AM2_20210202_01D_EQMA_L3SGT23HA2220220.h5
  Skipping (exists): GW1AM2_20210203_01D_EQMD_L3SGT23HA2220220.h5
  Page starting at 800: Found 50 items.
  Skipping (exists): GW1AM2_20210203_01D_EQMA_L3SGT23HA2220220.h5
  Skipping (exists): GW1AM2_20210204_01D_EQMD_L3SGT23HA2220220.h5
  Skipping (exists): GW1AM2_20210204_01D_EQMA_L3SGT23HA2220220.h5
  Skipping (exists): GW1AM2_20210205_01D_EQMD_L3SGT23HA2220220.h5
  Skipping (exists): GW1AM2_20210205_01D_EQMA_L3SGT23HA2220220.h5
  Skipping (exists): GW1AM2_20210206_01D_EQMD_L3SGT23HA2220220.h5
  Skipping (exists): GW1AM2_20210206_01D_EQMA_L3SGT23HA2220220.h5
  Skipping (exists): GW1AM2_20210207_01D_EQMA_L3SGT23HA2220220.h5
  Skipping (exists): GW1AM2_20210207_01D_EQMD_L3SGT23HA2220220.h5
  Skipping (exists): GW1AM2_20210208_01D_EQMA_L3SGT23HA2220220.h5
  Skipping (exists): GW1AM2_20210208_01D_EQMD_L3SGT23HA2220220.h5
  Skipping (exists): GW1AM2_20210209_01D_EQMD_L3SGT23HA2220220.h5
  Skipping (exists): GW1AM2_20210209_01D_EQMA_L3SGT23HA2220220.h5
  Skipping (exists): GW1AM2_20210210_01D_EQMA_L3SGT23HA2220220.h5
  Skipping (exists): GW1AM2_20210210_01D_EQMD_L3SGT23HA2220220.h5
  Skipping (exists): GW1AM2_20210211_01D_EQMD_L3SGT23HA2220220.h5
  Skipping (exists): GW1AM2_20210211_01D_EQMA_L3SGT23HA2220220.h5
  Skipping (exists): GW1AM2_20210212_01D_EQMA_L3SGT23HA2220220.h5
  Skipping (exists): GW1AM2_20210212_01D_EQMD_L3SGT23HA2220220.h5
  Skipping (exists): GW1AM2_20210213_01D_EQMD_L3SGT23HA2220220.h5
  Skipping (exists): GW1AM2_20210213_01D_EQMA_L3SGT23HA2220220.h5
  Skipping (exists): GW1AM2_20210214_01D_EQMD_L3SGT23HA2220220.h5
  Skipping (exists): GW1AM2_20210214_01D_EQMA_L3SGT23HA2220220.h5
  Skipping (exists): GW1AM2_20210215_01D_EQMD_L3SGT23HA2220220.h5
  Skipping (exists): GW1AM2_20210215_01D_EQMA_L3SGT23HA2220220.h5
  Skipping (exists): GW1AM2_20210216_01D_EQMA_L3SGT23HA2220220.h5
  Skipping (exists): GW1AM2_20210216_01D_EQMD_L3SGT23HA2220220.h5
  Skipping (exists): GW1AM2_20210217_01D_EQMA_L3SGT23HA2220220.h5
  Skipping (exists): GW1AM2_20210217_01D_EQMD_L3SGT23HA2220220.h5
  Skipping (exists): GW1AM2_20210218_01D_EQMD_L3SGT23HA2220220.h5
  Skipping (exists): GW1AM2_20210218_01D_EQMA_L3SGT23HA2220220.h5
  Skipping (exists): GW1AM2_20210219_01D_EQMD_L3SGT23HA2220220.h5
  Skipping (exists): GW1AM2_20210219_01D_EQMA_L3SGT23HA2220220.h5
  Skipping (exists): GW1AM2_20210220_01D_EQMD_L3SGT23HA2220220.h5
  Skipping (exists): GW1AM2_20210220_01D_EQMA_L3SGT23HA2220220.h5
  Skipping (exists): GW1AM2_20210221_01D_EQMD_L3SGT23HA2220220.h5
  Skipping (exists): GW1AM2_20210221_01D_EQMA_L3SGT23HA2220220.h5
  Skipping (exists): GW1AM2_20210222_01D_EQMD_L3SGT23HA2220220.h5
  Skipping (exists): GW1AM2_20210222_01D_EQMA_L3SGT23HA2220220.h5
  Skipping (exists): GW1AM2_20210223_01D_EQMA_L3SGT23HA2220220.h5
  Skipping (exists): GW1AM2_20210223_01D_EQMD_L3SGT23HA2220220.h5
  Skipping (exists): GW1AM2_20210224_01D_EQMA_L3SGT23HA2220220.h5
  Skipping (exists): GW1AM2_20210224_01D_EQMD_L3SGT23HA2220220.h5
  Skipping (exists): GW1AM2_20210225_01D_EQMD_L3SGT23HA2220220.h5
  Skipping (exists): GW1AM2_20210225_01D_EQMA_L3SGT23HA2220220.h5
  Skipping (exists): GW1AM2_20210226_01D_EQMD_L3SGT23HA2220220.h5
  Skipping (exists): GW1AM2_20210226_01D_EQMA_L3SGT23HA2220220.h5
  Skipping (exists): GW1AM2_20210227_01D_EQMD_L3SGT23HA2220220.h5
  Skipping (exists): GW1AM2_20210227_01D_EQMA_L3SGT23HA2220220.h5
  Skipping (exists): GW1AM2_20210228_01D_EQMA_L3SGT23HA2220220.h5
  Page starting at 850: Found 50 items.
  Skipping (exists): GW1AM2_20210228_01D_EQMD_L3SGT23HA2220220.h5
  Skipping (exists): GW1AM2_20210301_01D_EQMD_L3SGT23HA2220220.h5
  Skipping (exists): GW1AM2_20210301_01D_EQMA_L3SGT23HA2220220.h5
  Skipping (exists): GW1AM2_20210302_01D_EQMD_L3SGT23HA2220220.h5
  Skipping (exists): GW1AM2_20210302_01D_EQMA_L3SGT23HA2220220.h5
  Skipping (exists): GW1AM2_20210303_01D_EQMD_L3SGT23HA2220220.h5
  Skipping (exists): GW1AM2_20210303_01D_EQMA_L3SGT23HA2220220.h5
  Skipping (exists): GW1AM2_20210304_01D_EQMA_L3SGT23HA2220220.h5
  Skipping (exists): GW1AM2_20210304_01D_EQMD_L3SGT23HA2220220.h5
  Skipping (exists): GW1AM2_20210305_01D_EQMA_L3SGT23HA2220220.h5
  Skipping (exists): GW1AM2_20210305_01D_EQMD_L3SGT23HA2220220.h5
  Skipping (exists): GW1AM2_20210306_01D_EQMD_L3SGT23HA2220220.h5
  Skipping (exists): GW1AM2_20210306_01D_EQMA_L3SGT23HA2220220.h5
  Skipping (exists): GW1AM2_20210307_01D_EQMD_L3SGT23HA2220220.h5
  Skipping (exists): GW1AM2_20210307_01D_EQMA_L3SGT23HA2220220.h5
  Skipping (exists): GW1AM2_20210308_01D_EQMD_L3SGT23HA2220220.h5
  Skipping (exists): GW1AM2_20210308_01D_EQMA_L3SGT23HA2220220.h5
  Skipping (exists): GW1AM2_20210309_01D_EQMD_L3SGT23HA2220220.h5
  Skipping (exists): GW1AM2_20210309_01D_EQMA_L3SGT23HA2220220.h5
  Skipping (exists): GW1AM2_20210310_01D_EQMD_L3SGT23HA2220220.h5
  Skipping (exists): GW1AM2_20210310_01D_EQMA_L3SGT23HA2220220.h5
  Skipping (exists): GW1AM2_20210311_01D_EQMD_L3SGT23HA2220220.h5
  Skipping (exists): GW1AM2_20210311_01D_EQMA_L3SGT23HA2220220.h5
  Skipping (exists): GW1AM2_20210312_01D_EQMD_L3SGT23HA2220220.h5
  Skipping (exists): GW1AM2_20210312_01D_EQMA_L3SGT23HA2220220.h5
  Skipping (exists): GW1AM2_20210313_01D_EQMD_L3SGT23HA2220220.h5
  Skipping (exists): GW1AM2_20210313_01D_EQMA_L3SGT23HA2220220.h5
  Skipping (exists): GW1AM2_20210314_01D_EQMA_L3SGT23HA2220220.h5
  Skipping (exists): GW1AM2_20210314_01D_EQMD_L3SGT23HA2220220.h5
  Skipping (exists): GW1AM2_20210315_01D_EQMD_L3SGT23HA2220220.h5
  Skipping (exists): GW1AM2_20210315_01D_EQMA_L3SGT23HA2220220.h5
  Skipping (exists): GW1AM2_20210316_01D_EQMA_L3SGT23HA2220220.h5
  Skipping (exists): GW1AM2_20210316_01D_EQMD_L3SGT23HA2220220.h5
  Skipping (exists): GW1AM2_20210317_01D_EQMD_L3SGT23HA2220220.h5
  Skipping (exists): GW1AM2_20210317_01D_EQMA_L3SGT23HA2220220.h5
  Skipping (exists): GW1AM2_20210318_01D_EQMA_L3SGT23HA2220220.h5
  Skipping (exists): GW1AM2_20210318_01D_EQMD_L3SGT23HA2220220.h5
  Skipping (exists): GW1AM2_20210319_01D_EQMA_L3SGT23HA2220220.h5
  Skipping (exists): GW1AM2_20210319_01D_EQMD_L3SGT23HA2220220.h5
  Skipping (exists): GW1AM2_20210320_01D_EQMA_L3SGT23HA2220220.h5
  Skipping (exists): GW1AM2_20210320_01D_EQMD_L3SGT23HA2220220.h5
  Skipping (exists): GW1AM2_20210321_01D_EQMA_L3SGT23HA2220220.h5
  Skipping (exists): GW1AM2_20210321_01D_EQMD_L3SGT23HA2220220.h5
  Skipping (exists): GW1AM2_20210322_01D_EQMD_L3SGT23HA2220220.h5
  Skipping (exists): GW1AM2_20210322_01D_EQMA_L3SGT23HA2220220.h5
  Skipping (exists): GW1AM2_20210323_01D_EQMA_L3SGT23HA2220220.h5
  Skipping (exists): GW1AM2_20210323_01D_EQMD_L3SGT23HA2220220.h5
  Skipping (exists): GW1AM2_20210324_01D_EQMD_L3SGT23HA2220220.h5
  Skipping (exists): GW1AM2_20210324_01D_EQMA_L3SGT23HA2220220.h5
  Skipping (exists): GW1AM2_20210325_01D_EQMA_L3SGT23HA2220220.h5
  Page starting at 900: Found 50 items.
  Skipping (exists): GW1AM2_20210325_01D_EQMD_L3SGT23HA2220220.h5
  Skipping (exists): GW1AM2_20210326_01D_EQMD_L3SGT23HA2220220.h5
  Skipping (exists): GW1AM2_20210326_01D_EQMA_L3SGT23HA2220220.h5
  Skipping (exists): GW1AM2_20210327_01D_EQMA_L3SGT23HA2220220.h5
  Skipping (exists): GW1AM2_20210327_01D_EQMD_L3SGT23HA2220220.h5
  Skipping (exists): GW1AM2_20210328_01D_EQMD_L3SGT23HA2220220.h5
  Skipping (exists): GW1AM2_20210328_01D_EQMA_L3SGT23HA2220220.h5
  Skipping (exists): GW1AM2_20210329_01D_EQMD_L3SGT23HA2220220.h5
  Skipping (exists): GW1AM2_20210329_01D_EQMA_L3SGT23HA2220220.h5
  Skipping (exists): GW1AM2_20210330_01D_EQMA_L3SGT23HA2220220.h5
  Skipping (exists): GW1AM2_20210330_01D_EQMD_L3SGT23HA2220220.h5
  Skipping (exists): GW1AM2_20210331_01D_EQMD_L3SGT23HA2220220.h5
  Skipping (exists): GW1AM2_20210331_01D_EQMA_L3SGT23HA2220220.h5
  Skipping (exists): GW1AM2_20210401_01D_EQMD_L3SGT23HA2220220.h5
  Skipping (exists): GW1AM2_20210401_01D_EQMA_L3SGT23HA2220220.h5
  Skipping (exists): GW1AM2_20210402_01D_EQMD_L3SGT23HA2220220.h5
  Skipping (exists): GW1AM2_20210402_01D_EQMA_L3SGT23HA2220220.h5
  Skipping (exists): GW1AM2_20210403_01D_EQMD_L3SGT23HA2220220.h5
  Skipping (exists): GW1AM2_20210403_01D_EQMA_L3SGT23HA2220220.h5
  Skipping (exists): GW1AM2_20210404_01D_EQMA_L3SGT23HA2220220.h5
  Skipping (exists): GW1AM2_20210404_01D_EQMD_L3SGT23HA2220220.h5
  Skipping (exists): GW1AM2_20210405_01D_EQMA_L3SGT23HA2220220.h5
  Skipping (exists): GW1AM2_20210405_01D_EQMD_L3SGT23HA2220220.h5
  Skipping (exists): GW1AM2_20210406_01D_EQMA_L3SGT23HA2220220.h5
  Skipping (exists): GW1AM2_20210406_01D_EQMD_L3SGT23HA2220220.h5
  Skipping (exists): GW1AM2_20210407_01D_EQMD_L3SGT23HA2220220.h5
  Skipping (exists): GW1AM2_20210407_01D_EQMA_L3SGT23HA2220220.h5
  Skipping (exists): GW1AM2_20210408_01D_EQMA_L3SGT23HA2220220.h5
  Skipping (exists): GW1AM2_20210408_01D_EQMD_L3SGT23HA2220220.h5
  Skipping (exists): GW1AM2_20210409_01D_EQMD_L3SGT23HA2220220.h5
  Skipping (exists): GW1AM2_20210409_01D_EQMA_L3SGT23HA2220220.h5
  Skipping (exists): GW1AM2_20210410_01D_EQMD_L3SGT23HA2220220.h5
  Skipping (exists): GW1AM2_20210410_01D_EQMA_L3SGT23HA2220220.h5
  Skipping (exists): GW1AM2_20210411_01D_EQMD_L3SGT23HA2220220.h5
  Skipping (exists): GW1AM2_20210411_01D_EQMA_L3SGT23HA2220220.h5
  Skipping (exists): GW1AM2_20210412_01D_EQMA_L3SGT23HA2220220.h5
  Skipping (exists): GW1AM2_20210412_01D_EQMD_L3SGT23HA2220220.h5
  Skipping (exists): GW1AM2_20210413_01D_EQMD_L3SGT23HA2220220.h5
  Skipping (exists): GW1AM2_20210413_01D_EQMA_L3SGT23HA2220220.h5
  Skipping (exists): GW1AM2_20210414_01D_EQMD_L3SGT23HA2220220.h5
  Skipping (exists): GW1AM2_20210414_01D_EQMA_L3SGT23HA2220220.h5
  Skipping (exists): GW1AM2_20210415_01D_EQMA_L3SGT23HA2220220.h5
  Skipping (exists): GW1AM2_20210415_01D_EQMD_L3SGT23HA2220220.h5
  Skipping (exists): GW1AM2_20210416_01D_EQMD_L3SGT23HA2220220.h5
  Skipping (exists): GW1AM2_20210416_01D_EQMA_L3SGT23HA2220220.h5
  Skipping (exists): GW1AM2_20210417_01D_EQMA_L3SGT23HA2220220.h5
  Skipping (exists): GW1AM2_20210417_01D_EQMD_L3SGT23HA2220220.h5
  Skipping (exists): GW1AM2_20210418_01D_EQMD_L3SGT23HA2220220.h5
  Skipping (exists): GW1AM2_20210418_01D_EQMA_L3SGT23HA2220220.h5
  Skipping (exists): GW1AM2_20210419_01D_EQMD_L3SGT23HA2220220.h5
  Page starting at 950: Found 50 items.
  Skipping (exists): GW1AM2_20210419_01D_EQMA_L3SGT23HA2220220.h5
  Skipping (exists): GW1AM2_20210420_01D_EQMD_L3SGT23HA2220220.h5
  Skipping (exists): GW1AM2_20210420_01D_EQMA_L3SGT23HA2220220.h5
  Skipping (exists): GW1AM2_20210421_01D_EQMA_L3SGT23HA2220220.h5
  Skipping (exists): GW1AM2_20210421_01D_EQMD_L3SGT23HA2220220.h5
  Skipping (exists): GW1AM2_20210422_01D_EQMD_L3SGT23HA2220220.h5
  Skipping (exists): GW1AM2_20210422_01D_EQMA_L3SGT23HA2220220.h5
  Skipping (exists): GW1AM2_20210423_01D_EQMD_L3SGT23HA2220220.h5
  Skipping (exists): GW1AM2_20210423_01D_EQMA_L3SGT23HA2220220.h5
  Skipping (exists): GW1AM2_20210424_01D_EQMA_L3SGT23HA2220220.h5
  Skipping (exists): GW1AM2_20210424_01D_EQMD_L3SGT23HA2220220.h5
  Skipping (exists): GW1AM2_20210425_01D_EQMD_L3SGT23HA2220220.h5
  Skipping (exists): GW1AM2_20210425_01D_EQMA_L3SGT23HA2220220.h5
  Skipping (exists): GW1AM2_20210426_01D_EQMD_L3SGT23HA2220220.h5
  Skipping (exists): GW1AM2_20210426_01D_EQMA_L3SGT23HA2220220.h5
  Skipping (exists): GW1AM2_20210427_01D_EQMD_L3SGT23HA2220220.h5
  Skipping (exists): GW1AM2_20210427_01D_EQMA_L3SGT23HA2220220.h5
  Skipping (exists): GW1AM2_20210428_01D_EQMD_L3SGT23HA2220220.h5
  Skipping (exists): GW1AM2_20210428_01D_EQMA_L3SGT23HA2220220.h5
  Skipping (exists): GW1AM2_20210429_01D_EQMA_L3SGT23HA2220220.h5
  Skipping (exists): GW1AM2_20210429_01D_EQMD_L3SGT23HA2220220.h5
  Skipping (exists): GW1AM2_20210430_01D_EQMD_L3SGT23HA2220220.h5
  Skipping (exists): GW1AM2_20210430_01D_EQMA_L3SGT23HA2220220.h5
  Skipping (exists): GW1AM2_20210501_01D_EQMA_L3SGT23HA2220220.h5
  Skipping (exists): GW1AM2_20210501_01D_EQMD_L3SGT23HA2220220.h5
  Skipping (exists): GW1AM2_20210502_01D_EQMD_L3SGT23HA2220220.h5
  Skipping (exists): GW1AM2_20210502_01D_EQMA_L3SGT23HA2220220.h5
  Skipping (exists): GW1AM2_20210503_01D_EQMA_L3SGT23HA2220220.h5
  Skipping (exists): GW1AM2_20210503_01D_EQMD_L3SGT23HA2220220.h5
  Skipping (exists): GW1AM2_20210504_01D_EQMD_L3SGT23HA2220220.h5
  Skipping (exists): GW1AM2_20210504_01D_EQMA_L3SGT23HA2220220.h5
  Skipping (exists): GW1AM2_20210505_01D_EQMD_L3SGT23HA2220220.h5
  Skipping (exists): GW1AM2_20210505_01D_EQMA_L3SGT23HA2220220.h5
  Skipping (exists): GW1AM2_20210506_01D_EQMD_L3SGT23HA2220220.h5
  Skipping (exists): GW1AM2_20210506_01D_EQMA_L3SGT23HA2220220.h5
  Skipping (exists): GW1AM2_20210507_01D_EQMA_L3SGT23HA2220220.h5
  Skipping (exists): GW1AM2_20210507_01D_EQMD_L3SGT23HA2220220.h5
  Skipping (exists): GW1AM2_20210508_01D_EQMA_L3SGT23HA2220220.h5
  Skipping (exists): GW1AM2_20210508_01D_EQMD_L3SGT23HA2220220.h5
  Skipping (exists): GW1AM2_20210509_01D_EQMD_L3SGT23HA2220220.h5
  Skipping (exists): GW1AM2_20210509_01D_EQMA_L3SGT23HA2220220.h5
  Skipping (exists): GW1AM2_20210510_01D_EQMD_L3SGT23HA2220220.h5
  Skipping (exists): GW1AM2_20210510_01D_EQMA_L3SGT23HA2220220.h5
  Skipping (exists): GW1AM2_20210511_01D_EQMD_L3SGT23HA2220220.h5
  Skipping (exists): GW1AM2_20210511_01D_EQMA_L3SGT23HA2220220.h5
  Skipping (exists): GW1AM2_20210512_01D_EQMD_L3SGT23HA2220220.h5
  Skipping (exists): GW1AM2_20210512_01D_EQMA_L3SGT23HA2220220.h5
  Skipping (exists): GW1AM2_20210513_01D_EQMD_L3SGT23HA2220220.h5
  Skipping (exists): GW1AM2_20210513_01D_EQMA_L3SGT23HA2220220.h5
  Skipping (exists): GW1AM2_20210514_01D_EQMA_L3SGT23HA2220220.h5
  Page starting at 1000: Found 50 items.
  Skipping (exists): GW1AM2_20210514_01D_EQMD_L3SGT23HA2220220.h5
  Skipping (exists): GW1AM2_20210515_01D_EQMA_L3SGT23HA2220220.h5
  Skipping (exists): GW1AM2_20210515_01D_EQMD_L3SGT23HA2220220.h5
  Skipping (exists): GW1AM2_20210516_01D_EQMD_L3SGT23HA2220220.h5
  Skipping (exists): GW1AM2_20210516_01D_EQMA_L3SGT23HA2220220.h5
  Skipping (exists): GW1AM2_20210517_01D_EQMA_L3SGT23HA2220220.h5
  Skipping (exists): GW1AM2_20210517_01D_EQMD_L3SGT23HA2220220.h5
  Skipping (exists): GW1AM2_20210518_01D_EQMD_L3SGT23HA2220220.h5
  Skipping (exists): GW1AM2_20210518_01D_EQMA_L3SGT23HA2220220.h5
  Skipping (exists): GW1AM2_20210519_01D_EQMA_L3SGT23HA2220220.h5
  Skipping (exists): GW1AM2_20210519_01D_EQMD_L3SGT23HA2220220.h5
  Skipping (exists): GW1AM2_20210520_01D_EQMD_L3SGT23HA2220220.h5
  Skipping (exists): GW1AM2_20210520_01D_EQMA_L3SGT23HA2220220.h5
  Skipping (exists): GW1AM2_20210521_01D_EQMD_L3SGT23HA2220220.h5
  Skipping (exists): GW1AM2_20210521_01D_EQMA_L3SGT23HA2220220.h5
  Skipping (exists): GW1AM2_20210522_01D_EQMD_L3SGT23HA2220220.h5
  Skipping (exists): GW1AM2_20210522_01D_EQMA_L3SGT23HA2220220.h5
  Skipping (exists): GW1AM2_20210523_01D_EQMA_L3SGT23HA2220220.h5
  Skipping (exists): GW1AM2_20210523_01D_EQMD_L3SGT23HA2220220.h5
  Skipping (exists): GW1AM2_20210524_01D_EQMA_L3SGT23HA2220220.h5
  Skipping (exists): GW1AM2_20210524_01D_EQMD_L3SGT23HA2220220.h5
  Skipping (exists): GW1AM2_20210525_01D_EQMD_L3SGT23HA2220220.h5
  Skipping (exists): GW1AM2_20210525_01D_EQMA_L3SGT23HA2220220.h5
  Skipping (exists): GW1AM2_20210526_01D_EQMA_L3SGT23HA2220220.h5
  Skipping (exists): GW1AM2_20210526_01D_EQMD_L3SGT23HA2220220.h5
  Skipping (exists): GW1AM2_20210527_01D_EQMD_L3SGT23HA2220220.h5
  Skipping (exists): GW1AM2_20210527_01D_EQMA_L3SGT23HA2220220.h5
  Skipping (exists): GW1AM2_20210528_01D_EQMA_L3SGT23HA2220220.h5
  Skipping (exists): GW1AM2_20210528_01D_EQMD_L3SGT23HA2220220.h5
  Skipping (exists): GW1AM2_20210529_01D_EQMD_L3SGT23HA2220220.h5
  Skipping (exists): GW1AM2_20210529_01D_EQMA_L3SGT23HA2220220.h5
  Skipping (exists): GW1AM2_20210530_01D_EQMA_L3SGT23HA2220220.h5
  Skipping (exists): GW1AM2_20210530_01D_EQMD_L3SGT23HA2220220.h5
  Skipping (exists): GW1AM2_20210531_01D_EQMD_L3SGT23HA2220220.h5
  Skipping (exists): GW1AM2_20210531_01D_EQMA_L3SGT23HA2220220.h5
  Skipping (exists): GW1AM2_20210601_01D_EQMD_L3SGT23HA2220220.h5
  Skipping (exists): GW1AM2_20210601_01D_EQMA_L3SGT23HA2220220.h5
  Skipping (exists): GW1AM2_20210602_01D_EQMA_L3SGT23HA2220220.h5
  Skipping (exists): GW1AM2_20210602_01D_EQMD_L3SGT23HA2220220.h5
  Skipping (exists): GW1AM2_20210603_01D_EQMD_L3SGT23HA2220220.h5
  Skipping (exists): GW1AM2_20210603_01D_EQMA_L3SGT23HA2220220.h5
  Skipping (exists): GW1AM2_20210604_01D_EQMA_L3SGT23HA2220220.h5
  Skipping (exists): GW1AM2_20210604_01D_EQMD_L3SGT23HA2220220.h5
  Skipping (exists): GW1AM2_20210605_01D_EQMD_L3SGT23HA2220220.h5
  Skipping (exists): GW1AM2_20210605_01D_EQMA_L3SGT23HA2220220.h5
  Skipping (exists): GW1AM2_20210606_01D_EQMD_L3SGT23HA2220220.h5
  Skipping (exists): GW1AM2_20210606_01D_EQMA_L3SGT23HA2220220.h5
  Skipping (exists): GW1AM2_20210607_01D_EQMD_L3SGT23HA2220220.h5
  Skipping (exists): GW1AM2_20210607_01D_EQMA_L3SGT23HA2220220.h5
  Skipping (exists): GW1AM2_20210608_01D_EQMA_L3SGT23HA2220220.h5
  Page starting at 1050: Found 50 items.
  Skipping (exists): GW1AM2_20210608_01D_EQMD_L3SGT23HA2220220.h5
  Skipping (exists): GW1AM2_20210609_01D_EQMA_L3SGT23HA2220220.h5
  Skipping (exists): GW1AM2_20210609_01D_EQMD_L3SGT23HA2220220.h5
  Skipping (exists): GW1AM2_20210610_01D_EQMD_L3SGT23HA2220220.h5
  Skipping (exists): GW1AM2_20210610_01D_EQMA_L3SGT23HA2220220.h5
  Skipping (exists): GW1AM2_20210611_01D_EQMD_L3SGT23HA2220220.h5
  Skipping (exists): GW1AM2_20210611_01D_EQMA_L3SGT23HA2220220.h5
  Skipping (exists): GW1AM2_20210612_01D_EQMD_L3SGT23HA2220220.h5
  Skipping (exists): GW1AM2_20210612_01D_EQMA_L3SGT23HA2220220.h5
  Skipping (exists): GW1AM2_20210613_01D_EQMD_L3SGT23HA2220220.h5
  Skipping (exists): GW1AM2_20210613_01D_EQMA_L3SGT23HA2220220.h5
  Skipping (exists): GW1AM2_20210614_01D_EQMD_L3SGT23HA2220220.h5
  Skipping (exists): GW1AM2_20210614_01D_EQMA_L3SGT23HA2220220.h5
  Skipping (exists): GW1AM2_20210615_01D_EQMD_L3SGT23HA2220220.h5
  Skipping (exists): GW1AM2_20210615_01D_EQMA_L3SGT23HA2220220.h5
  Skipping (exists): GW1AM2_20210616_01D_EQMA_L3SGT23HA2220220.h5
  Skipping (exists): GW1AM2_20210616_01D_EQMD_L3SGT23HA2220220.h5
  Skipping (exists): GW1AM2_20210617_01D_EQMD_L3SGT23HA2220220.h5
  Skipping (exists): GW1AM2_20210617_01D_EQMA_L3SGT23HA2220220.h5
  Skipping (exists): GW1AM2_20210618_01D_EQMA_L3SGT23HA2220220.h5
  Skipping (exists): GW1AM2_20210618_01D_EQMD_L3SGT23HA2220220.h5
  Skipping (exists): GW1AM2_20210619_01D_EQMD_L3SGT23HA2220220.h5
  Skipping (exists): GW1AM2_20210619_01D_EQMA_L3SGT23HA2220220.h5
  Skipping (exists): GW1AM2_20210620_01D_EQMA_L3SGT23HA2220220.h5
  Skipping (exists): GW1AM2_20210620_01D_EQMD_L3SGT23HA2220220.h5
  Skipping (exists): GW1AM2_20210621_01D_EQMD_L3SGT23HA2220220.h5
  Skipping (exists): GW1AM2_20210621_01D_EQMA_L3SGT23HA2220220.h5
  Skipping (exists): GW1AM2_20210622_01D_EQMD_L3SGT23HA2220220.h5
  Skipping (exists): GW1AM2_20210622_01D_EQMA_L3SGT23HA2220220.h5
  Skipping (exists): GW1AM2_20210623_01D_EQMD_L3SGT23HA2220220.h5
  Skipping (exists): GW1AM2_20210623_01D_EQMA_L3SGT23HA2220220.h5
  Skipping (exists): GW1AM2_20210624_01D_EQMA_L3SGT23HA2220220.h5
  Skipping (exists): GW1AM2_20210624_01D_EQMD_L3SGT23HA2220220.h5
  Skipping (exists): GW1AM2_20210625_01D_EQMA_L3SGT23HA2220220.h5
  Skipping (exists): GW1AM2_20210625_01D_EQMD_L3SGT23HA2220220.h5
  Skipping (exists): GW1AM2_20210626_01D_EQMD_L3SGT23HA2220220.h5
  Skipping (exists): GW1AM2_20210626_01D_EQMA_L3SGT23HA2220220.h5
  Skipping (exists): GW1AM2_20210627_01D_EQMA_L3SGT23HA2220220.h5
  Skipping (exists): GW1AM2_20210627_01D_EQMD_L3SGT23HA2220220.h5
  Skipping (exists): GW1AM2_20210628_01D_EQMD_L3SGT23HA2220220.h5
  Skipping (exists): GW1AM2_20210628_01D_EQMA_L3SGT23HA2220220.h5
  Skipping (exists): GW1AM2_20210629_01D_EQMD_L3SGT23HA2220220.h5
  Skipping (exists): GW1AM2_20210629_01D_EQMA_L3SGT23HA2220220.h5
  Skipping (exists): GW1AM2_20210630_01D_EQMA_L3SGT23HA2220220.h5
  Skipping (exists): GW1AM2_20210630_01D_EQMD_L3SGT23HA2220220.h5
  Skipping (exists): GW1AM2_20210701_01D_EQMA_L3SGT23HA2220220.h5
  Skipping (exists): GW1AM2_20210701_01D_EQMD_L3SGT23HA2220220.h5
  Skipping (exists): GW1AM2_20210702_01D_EQMA_L3SGT23HA2220220.h5
  Skipping (exists): GW1AM2_20210702_01D_EQMD_L3SGT23HA2220220.h5
  Skipping (exists): GW1AM2_20210703_01D_EQMD_L3SGT23HA2220220.h5
  Page starting at 1100: Found 50 items.
  Skipping (exists): GW1AM2_20210703_01D_EQMA_L3SGT23HA2220220.h5
  Skipping (exists): GW1AM2_20210704_01D_EQMA_L3SGT23HA2220220.h5
  Skipping (exists): GW1AM2_20210704_01D_EQMD_L3SGT23HA2220220.h5
  Skipping (exists): GW1AM2_20210705_01D_EQMD_L3SGT23HA2220220.h5
  Skipping (exists): GW1AM2_20210705_01D_EQMA_L3SGT23HA2220220.h5
  Skipping (exists): GW1AM2_20210706_01D_EQMA_L3SGT23HA2220220.h5
  Skipping (exists): GW1AM2_20210706_01D_EQMD_L3SGT23HA2220220.h5
  Skipping (exists): GW1AM2_20210707_01D_EQMD_L3SGT23HA2220220.h5
  Skipping (exists): GW1AM2_20210707_01D_EQMA_L3SGT23HA2220220.h5
  Skipping (exists): GW1AM2_20210708_01D_EQMA_L3SGT23HA2220220.h5
  Skipping (exists): GW1AM2_20210708_01D_EQMD_L3SGT23HA2220220.h5
  Skipping (exists): GW1AM2_20210709_01D_EQMD_L3SGT23HA2220220.h5
  Skipping (exists): GW1AM2_20210709_01D_EQMA_L3SGT23HA2220220.h5
  Skipping (exists): GW1AM2_20210710_01D_EQMA_L3SGT23HA2220220.h5
  Skipping (exists): GW1AM2_20210710_01D_EQMD_L3SGT23HA2220220.h5
  Skipping (exists): GW1AM2_20210711_01D_EQMA_L3SGT23HA2220220.h5
  Skipping (exists): GW1AM2_20210711_01D_EQMD_L3SGT23HA2220220.h5
  Skipping (exists): GW1AM2_20210712_01D_EQMD_L3SGT23HA2220220.h5
  Skipping (exists): GW1AM2_20210712_01D_EQMA_L3SGT23HA2220220.h5
  Skipping (exists): GW1AM2_20210713_01D_EQMD_L3SGT23HA2220220.h5
  Skipping (exists): GW1AM2_20210713_01D_EQMA_L3SGT23HA2220220.h5
  Skipping (exists): GW1AM2_20210714_01D_EQMD_L3SGT23HA2220220.h5
  Skipping (exists): GW1AM2_20210714_01D_EQMA_L3SGT23HA2220220.h5
  Skipping (exists): GW1AM2_20210715_01D_EQMD_L3SGT23HA2220220.h5
  Skipping (exists): GW1AM2_20210715_01D_EQMA_L3SGT23HA2220220.h5
  Skipping (exists): GW1AM2_20210716_01D_EQMD_L3SGT23HA2220220.h5
  Skipping (exists): GW1AM2_20210716_01D_EQMA_L3SGT23HA2220220.h5
  Skipping (exists): GW1AM2_20210717_01D_EQMA_L3SGT23HA2220220.h5
  Skipping (exists): GW1AM2_20210717_01D_EQMD_L3SGT23HA2220220.h5
  Skipping (exists): GW1AM2_20210718_01D_EQMD_L3SGT23HA2220220.h5
  Skipping (exists): GW1AM2_20210718_01D_EQMA_L3SGT23HA2220220.h5
  Skipping (exists): GW1AM2_20210719_01D_EQMD_L3SGT23HA2220220.h5
  Skipping (exists): GW1AM2_20210719_01D_EQMA_L3SGT23HA2220220.h5
  Skipping (exists): GW1AM2_20210720_01D_EQMA_L3SGT23HA2220220.h5
  Skipping (exists): GW1AM2_20210720_01D_EQMD_L3SGT23HA2220220.h5
  Skipping (exists): GW1AM2_20210721_01D_EQMD_L3SGT23HA2220220.h5
  Skipping (exists): GW1AM2_20210721_01D_EQMA_L3SGT23HA2220220.h5
  Skipping (exists): GW1AM2_20210722_01D_EQMA_L3SGT23HA2220220.h5
  Skipping (exists): GW1AM2_20210722_01D_EQMD_L3SGT23HA2220220.h5
  Skipping (exists): GW1AM2_20210723_01D_EQMD_L3SGT23HA2220220.h5
  Skipping (exists): GW1AM2_20210723_01D_EQMA_L3SGT23HA2220220.h5
  Skipping (exists): GW1AM2_20210724_01D_EQMA_L3SGT23HA2220220.h5
  Skipping (exists): GW1AM2_20210724_01D_EQMD_L3SGT23HA2220220.h5
  Skipping (exists): GW1AM2_20210725_01D_EQMD_L3SGT23HA2220220.h5
  Skipping (exists): GW1AM2_20210725_01D_EQMA_L3SGT23HA2220220.h5
  Skipping (exists): GW1AM2_20210726_01D_EQMA_L3SGT23HA2220220.h5
  Skipping (exists): GW1AM2_20210726_01D_EQMD_L3SGT23HA2220220.h5
  Skipping (exists): GW1AM2_20210727_01D_EQMA_L3SGT23HA2220220.h5
  Skipping (exists): GW1AM2_20210727_01D_EQMD_L3SGT23HA2220220.h5
  Skipping (exists): GW1AM2_20210728_01D_EQMD_L3SGT23HA2220220.h5
  Page starting at 1150: Found 50 items.
  Skipping (exists): GW1AM2_20210728_01D_EQMA_L3SGT23HA2220220.h5
  Skipping (exists): GW1AM2_20210729_01D_EQMA_L3SGT23HA2220220.h5
  Skipping (exists): GW1AM2_20210729_01D_EQMD_L3SGT23HA2220220.h5
  Skipping (exists): GW1AM2_20210730_01D_EQMD_L3SGT23HA2220220.h5
  Skipping (exists): GW1AM2_20210730_01D_EQMA_L3SGT23HA2220220.h5
  Skipping (exists): GW1AM2_20210731_01D_EQMD_L3SGT23HA2220220.h5
  Skipping (exists): GW1AM2_20210731_01D_EQMA_L3SGT23HA2220220.h5
  Skipping (exists): GW1AM2_20210801_01D_EQMD_L3SGT23HA2220220.h5
  Skipping (exists): GW1AM2_20210801_01D_EQMA_L3SGT23HA2220220.h5
  Skipping (exists): GW1AM2_20210802_01D_EQMD_L3SGT23HA2220220.h5
  Skipping (exists): GW1AM2_20210802_01D_EQMA_L3SGT23HA2220220.h5
  Skipping (exists): GW1AM2_20210803_01D_EQMD_L3SGT23HA2220220.h5
  Skipping (exists): GW1AM2_20210803_01D_EQMA_L3SGT23HA2220220.h5
  Skipping (exists): GW1AM2_20210804_01D_EQMD_L3SGT23HA2220220.h5
  Skipping (exists): GW1AM2_20210804_01D_EQMA_L3SGT23HA2220220.h5
  Skipping (exists): GW1AM2_20210805_01D_EQMA_L3SGT23HA2220220.h5
  Skipping (exists): GW1AM2_20210805_01D_EQMD_L3SGT23HA2220220.h5
  Skipping (exists): GW1AM2_20210806_01D_EQMD_L3SGT23HA2220220.h5
  Skipping (exists): GW1AM2_20210806_01D_EQMA_L3SGT23HA2220220.h5
  Skipping (exists): GW1AM2_20210807_01D_EQMA_L3SGT23HA2220220.h5
  Skipping (exists): GW1AM2_20210807_01D_EQMD_L3SGT23HA2220220.h5
  Skipping (exists): GW1AM2_20210808_01D_EQMD_L3SGT23HA2220220.h5
  Skipping (exists): GW1AM2_20210808_01D_EQMA_L3SGT23HA2220220.h5
  Skipping (exists): GW1AM2_20210809_01D_EQMD_L3SGT23HA2220220.h5
  Skipping (exists): GW1AM2_20210809_01D_EQMA_L3SGT23HA2220220.h5
  Skipping (exists): GW1AM2_20210810_01D_EQMD_L3SGT23HA2220220.h5
  Skipping (exists): GW1AM2_20210810_01D_EQMA_L3SGT23HA2220220.h5
  Skipping (exists): GW1AM2_20210811_01D_EQMA_L3SGT23HA2220220.h5
  Skipping (exists): GW1AM2_20210811_01D_EQMD_L3SGT23HA2220220.h5
  Skipping (exists): GW1AM2_20210812_01D_EQMA_L3SGT23HA2220220.h5
  Skipping (exists): GW1AM2_20210812_01D_EQMD_L3SGT23HA2220220.h5
  Skipping (exists): GW1AM2_20210813_01D_EQMD_L3SGT23HA2220220.h5
  Skipping (exists): GW1AM2_20210813_01D_EQMA_L3SGT23HA2220220.h5
  Skipping (exists): GW1AM2_20210814_01D_EQMA_L3SGT23HA2220220.h5
  Skipping (exists): GW1AM2_20210814_01D_EQMD_L3SGT23HA2220220.h5
  Skipping (exists): GW1AM2_20210815_01D_EQMD_L3SGT23HA2220220.h5
  Skipping (exists): GW1AM2_20210815_01D_EQMA_L3SGT23HA2220220.h5
  Skipping (exists): GW1AM2_20210816_01D_EQMD_L3SGT23HA2220220.h5
  Skipping (exists): GW1AM2_20210816_01D_EQMA_L3SGT23HA2220220.h5
  Skipping (exists): GW1AM2_20210817_01D_EQMD_L3SGT23HA2220220.h5
  Skipping (exists): GW1AM2_20210817_01D_EQMA_L3SGT23HA2220220.h5
  Skipping (exists): GW1AM2_20210818_01D_EQMA_L3SGT23HA2220220.h5
  Skipping (exists): GW1AM2_20210818_01D_EQMD_L3SGT23HA2220220.h5
  Skipping (exists): GW1AM2_20210819_01D_EQMA_L3SGT23HA2220220.h5
  Skipping (exists): GW1AM2_20210819_01D_EQMD_L3SGT23HA2220220.h5
  Skipping (exists): GW1AM2_20210820_01D_EQMD_L3SGT23HA2220220.h5
  Skipping (exists): GW1AM2_20210820_01D_EQMA_L3SGT23HA2220220.h5
  Skipping (exists): GW1AM2_20210821_01D_EQMA_L3SGT23HA2220220.h5
  Skipping (exists): GW1AM2_20210821_01D_EQMD_L3SGT23HA2220220.h5
  Skipping (exists): GW1AM2_20210822_01D_EQMD_L3SGT23HA2220220.h5
  Page starting at 1200: Found 50 items.
  Skipping (exists): GW1AM2_20210822_01D_EQMA_L3SGT23HA2220220.h5
  Skipping (exists): GW1AM2_20210823_01D_EQMA_L3SGT23HA2220220.h5
  Skipping (exists): GW1AM2_20210823_01D_EQMD_L3SGT23HA2220220.h5
  Skipping (exists): GW1AM2_20210824_01D_EQMD_L3SGT23HA2220220.h5
  Skipping (exists): GW1AM2_20210824_01D_EQMA_L3SGT23HA2220220.h5
  Skipping (exists): GW1AM2_20210825_01D_EQMD_L3SGT23HA2220220.h5
  Skipping (exists): GW1AM2_20210825_01D_EQMA_L3SGT23HA2220220.h5
  Skipping (exists): GW1AM2_20210826_01D_EQMD_L3SGT23HA2220220.h5
  Skipping (exists): GW1AM2_20210826_01D_EQMA_L3SGT23HA2220220.h5
  Skipping (exists): GW1AM2_20210827_01D_EQMA_L3SGT23HA2220220.h5
  Skipping (exists): GW1AM2_20210827_01D_EQMD_L3SGT23HA2220220.h5
  Skipping (exists): GW1AM2_20210828_01D_EQMD_L3SGT23HA2220220.h5
  Skipping (exists): GW1AM2_20210828_01D_EQMA_L3SGT23HA2220220.h5
  Skipping (exists): GW1AM2_20210829_01D_EQMD_L3SGT23HA2220220.h5
  Skipping (exists): GW1AM2_20210829_01D_EQMA_L3SGT23HA2220220.h5
  Skipping (exists): GW1AM2_20210830_01D_EQMD_L3SGT23HA2220220.h5
  Skipping (exists): GW1AM2_20210830_01D_EQMA_L3SGT23HA2220220.h5
  Skipping (exists): GW1AM2_20210831_01D_EQMD_L3SGT23HA2220220.h5
  Skipping (exists): GW1AM2_20210831_01D_EQMA_L3SGT23HA2220220.h5
  Skipping (exists): GW1AM2_20210901_01D_EQMD_L3SGT23HA2220220.h5
  Skipping (exists): GW1AM2_20210901_01D_EQMA_L3SGT23HA2220220.h5
  Skipping (exists): GW1AM2_20210902_01D_EQMD_L3SGT23HA2220220.h5
  Skipping (exists): GW1AM2_20210902_01D_EQMA_L3SGT23HA2220220.h5
  Skipping (exists): GW1AM2_20210903_01D_EQMA_L3SGT23HA2220220.h5
  Skipping (exists): GW1AM2_20210903_01D_EQMD_L3SGT23HA2220220.h5
  Skipping (exists): GW1AM2_20210904_01D_EQMA_L3SGT23HA2220220.h5
  Skipping (exists): GW1AM2_20210904_01D_EQMD_L3SGT23HA2220220.h5
  Skipping (exists): GW1AM2_20210905_01D_EQMD_L3SGT23HA2220220.h5
  Skipping (exists): GW1AM2_20210905_01D_EQMA_L3SGT23HA2220220.h5
  Skipping (exists): GW1AM2_20210906_01D_EQMA_L3SGT23HA2220220.h5
  Skipping (exists): GW1AM2_20210906_01D_EQMD_L3SGT23HA2220220.h5
  Skipping (exists): GW1AM2_20210907_01D_EQMD_L3SGT23HA2220220.h5
  Skipping (exists): GW1AM2_20210907_01D_EQMA_L3SGT23HA2220220.h5
  Skipping (exists): GW1AM2_20210908_01D_EQMD_L3SGT23HA2220220.h5
  Skipping (exists): GW1AM2_20210908_01D_EQMA_L3SGT23HA2220220.h5
  Skipping (exists): GW1AM2_20210909_01D_EQMD_L3SGT23HA2220220.h5
  Skipping (exists): GW1AM2_20210909_01D_EQMA_L3SGT23HA2220220.h5
  Skipping (exists): GW1AM2_20210910_01D_EQMD_L3SGT23HA2220220.h5
  Skipping (exists): GW1AM2_20210910_01D_EQMA_L3SGT23HA2220220.h5
  Skipping (exists): GW1AM2_20210911_01D_EQMD_L3SGT23HA2220220.h5
  Skipping (exists): GW1AM2_20210911_01D_EQMA_L3SGT23HA2220220.h5
  Skipping (exists): GW1AM2_20210912_01D_EQMA_L3SGT23HA2220220.h5
  Skipping (exists): GW1AM2_20210912_01D_EQMD_L3SGT23HA2220220.h5
  Skipping (exists): GW1AM2_20210913_01D_EQMD_L3SGT23HA2220220.h5
  Skipping (exists): GW1AM2_20210913_01D_EQMA_L3SGT23HA2220220.h5
  Skipping (exists): GW1AM2_20210914_01D_EQMD_L3SGT23HA2220220.h5
  Skipping (exists): GW1AM2_20210914_01D_EQMA_L3SGT23HA2220220.h5
  Skipping (exists): GW1AM2_20210915_01D_EQMA_L3SGT23HA2220220.h5
  Skipping (exists): GW1AM2_20210915_01D_EQMD_L3SGT23HA2220220.h5
  Downloading: GW1AM2_20210916_01D_EQMD_L3SGT23HA2220220.h5
  Page starting at 1250: Found 50 items.
  Downloading: GW1AM2_20210916_01D_EQMA_L3SGT23HA2220220.h5
  Downloading: GW1AM2_20210917_01D_EQMD_L3SGT23HA2220220.h5
  Downloading: GW1AM2_20210917_01D_EQMA_L3SGT23HA2220220.h5
  Downloading: GW1AM2_20210918_01D_EQMA_L3SGT23HA2220220.h5
  Downloading: GW1AM2_20210918_01D_EQMD_L3SGT23HA2220220.h5
  Downloading: GW1AM2_20210919_01D_EQMA_L3SGT23HA2220220.h5
  Downloading: GW1AM2_20210919_01D_EQMD_L3SGT23HA2220220.h5
  Downloading: GW1AM2_20210920_01D_EQMA_L3SGT23HA2220220.h5
  Downloading: GW1AM2_20210920_01D_EQMD_L3SGT23HA2220220.h5
  Downloading: GW1AM2_20210921_01D_EQMD_L3SGT23HA2220220.h5
  Downloading: GW1AM2_20210921_01D_EQMA_L3SGT23HA2220220.h5
  Downloading: GW1AM2_20210922_01D_EQMA_L3SGT23HA2220220.h5
  Downloading: GW1AM2_20210922_01D_EQMD_L3SGT23HA2220220.h5
  Downloading: GW1AM2_20210923_01D_EQMD_L3SGT23HA2220220.h5
  Downloading: GW1AM2_20210923_01D_EQMA_L3SGT23HA2220220.h5
  Downloading: GW1AM2_20210924_01D_EQMA_L3SGT23HA2220220.h5
  Downloading: GW1AM2_20210924_01D_EQMD_L3SGT23HA2220220.h5
  Downloading: GW1AM2_20210925_01D_EQMD_L3SGT23HA2220220.h5
  Downloading: GW1AM2_20210925_01D_EQMA_L3SGT23HA2220220.h5
  Downloading: GW1AM2_20210926_01D_EQMD_L3SGT23HA2220220.h5
  Downloading: GW1AM2_20210926_01D_EQMA_L3SGT23HA2220220.h5
  Downloading: GW1AM2_20210927_01D_EQMD_L3SGT23HA2220220.h5
  Downloading: GW1AM2_20210927_01D_EQMA_L3SGT23HA2220220.h5
  Downloading: GW1AM2_20210928_01D_EQMA_L3SGT23HA2220220.h5
  Downloading: GW1AM2_20210928_01D_EQMD_L3SGT23HA2220220.h5
  Downloading: GW1AM2_20210929_01D_EQMA_L3SGT23HA2220220.h5
  Downloading: GW1AM2_20210929_01D_EQMD_L3SGT23HA2220220.h5
  Downloading: GW1AM2_20210930_01D_EQMD_L3SGT23HA2220220.h5
  Downloading: GW1AM2_20210930_01D_EQMA_L3SGT23HA2220220.h5
  Downloading: GW1AM2_20211001_01D_EQMD_L3SGT23HA2220220.h5
  Downloading: GW1AM2_20211001_01D_EQMA_L3SGT23HA2220220.h5
  Downloading: GW1AM2_20211002_01D_EQMD_L3SGT23HA2220220.h5
  Downloading: GW1AM2_20211002_01D_EQMA_L3SGT23HA2220220.h5
  Downloading: GW1AM2_20211003_01D_EQMA_L3SGT23HA2220220.h5
  Downloading: GW1AM2_20211003_01D_EQMD_L3SGT23HA2220220.h5
  Downloading: GW1AM2_20211004_01D_EQMD_L3SGT23HA2220220.h5
  Downloading: GW1AM2_20211004_01D_EQMA_L3SGT23HA2220220.h5
  Downloading: GW1AM2_20211005_01D_EQMA_L3SGT23HA2220220.h5
  Downloading: GW1AM2_20211005_01D_EQMD_L3SGT23HA2220220.h5
  Downloading: GW1AM2_20211006_01D_EQMD_L3SGT23HA2220220.h5
  Downloading: GW1AM2_20211006_01D_EQMA_L3SGT23HA2220220.h5
  Downloading: GW1AM2_20211007_01D_EQMD_L3SGT23HA2220220.h5
  Downloading: GW1AM2_20211007_01D_EQMA_L3SGT23HA2220220.h5
  Downloading: GW1AM2_20211008_01D_EQMA_L3SGT23HA2220220.h5
  Downloading: GW1AM2_20211008_01D_EQMD_L3SGT23HA2220220.h5
  Downloading: GW1AM2_20211009_01D_EQMD_L3SGT23HA2220220.h5
  Downloading: GW1AM2_20211009_01D_EQMA_L3SGT23HA2220220.h5
  Downloading: GW1AM2_20211010_01D_EQMA_L3SGT23HA2220220.h5
  Downloading: GW1AM2_20211010_01D_EQMD_L3SGT23HA2220220.h5
  Downloading: GW1AM2_20211011_01D_EQMD_L3SGT23HA2220220.h5
  Page starting at 1300: Found 50 items.
  Downloading: GW1AM2_20211011_01D_EQMA_L3SGT23HA2220220.h5
  Downloading: GW1AM2_20211012_01D_EQMD_L3SGT23HA2220220.h5
  Downloading: GW1AM2_20211012_01D_EQMA_L3SGT23HA2220220.h5
  Downloading: GW1AM2_20211013_01D_EQMD_L3SGT23HA2220220.h5
  Downloading: GW1AM2_20211013_01D_EQMA_L3SGT23HA2220220.h5
  Downloading: GW1AM2_20211014_01D_EQMA_L3SGT23HA2220220.h5
  Downloading: GW1AM2_20211014_01D_EQMD_L3SGT23HA2220220.h5
  Downloading: GW1AM2_20211015_01D_EQMA_L3SGT23HA2220220.h5
  Downloading: GW1AM2_20211015_01D_EQMD_L3SGT23HA2220220.h5
  Downloading: GW1AM2_20211016_01D_EQMD_L3SGT23HA2220220.h5
  Downloading: GW1AM2_20211016_01D_EQMA_L3SGT23HA2220220.h5
  Downloading: GW1AM2_20211017_01D_EQMA_L3SGT23HA2220220.h5
  Downloading: GW1AM2_20211017_01D_EQMD_L3SGT23HA2220220.h5
  Downloading: GW1AM2_20211018_01D_EQMD_L3SGT23HA2220220.h5
  Downloading: GW1AM2_20211018_01D_EQMA_L3SGT23HA2220220.h5
  Downloading: GW1AM2_20211019_01D_EQMD_L3SGT23HA2220220.h5
  Downloading: GW1AM2_20211019_01D_EQMA_L3SGT23HA2220220.h5
  Downloading: GW1AM2_20211020_01D_EQMD_L3SGT23HA2220220.h5
  Downloading: GW1AM2_20211020_01D_EQMA_L3SGT23HA2220220.h5
  Downloading: GW1AM2_20211021_01D_EQMA_L3SGT23HA2220220.h5
  Downloading: GW1AM2_20211021_01D_EQMD_L3SGT23HA2220220.h5
  Downloading: GW1AM2_20211022_01D_EQMA_L3SGT23HA2220220.h5
  Downloading: GW1AM2_20211022_01D_EQMD_L3SGT23HA2220220.h5
  Downloading: GW1AM2_20211023_01D_EQMD_L3SGT23HA2220220.h5
  Downloading: GW1AM2_20211023_01D_EQMA_L3SGT23HA2220220.h5
  Downloading: GW1AM2_20211024_01D_EQMA_L3SGT23HA2220220.h5
  Downloading: GW1AM2_20211024_01D_EQMD_L3SGT23HA2220220.h5
  Downloading: GW1AM2_20211025_01D_EQMD_L3SGT23HA2220220.h5
  Downloading: GW1AM2_20211025_01D_EQMA_L3SGT23HA2220220.h5
  Downloading: GW1AM2_20211026_01D_EQMD_L3SGT23HA2220220.h5
  Downloading: GW1AM2_20211026_01D_EQMA_L3SGT23HA2220220.h5
  Downloading: GW1AM2_20211027_01D_EQMD_L3SGT23HA2220220.h5
  Downloading: GW1AM2_20211027_01D_EQMA_L3SGT23HA2220220.h5
  Downloading: GW1AM2_20211028_01D_EQMA_L3SGT23HA2220220.h5
  Downloading: GW1AM2_20211028_01D_EQMD_L3SGT23HA2220220.h5
  Downloading: GW1AM2_20211029_01D_EQMD_L3SGT23HA2220220.h5
  Downloading: GW1AM2_20211029_01D_EQMA_L3SGT23HA2220220.h5
  Downloading: GW1AM2_20211030_01D_EQMA_L3SGT23HA2220220.h5
  Downloading: GW1AM2_20211030_01D_EQMD_L3SGT23HA2220220.h5
  Downloading: GW1AM2_20211031_01D_EQMD_L3SGT23HA2220220.h5
  Downloading: GW1AM2_20211031_01D_EQMA_L3SGT23HA2220220.h5
  Downloading: GW1AM2_20211101_01D_EQMD_L3SGT23HA2220220.h5
  Downloading: GW1AM2_20211101_01D_EQMA_L3SGT23HA2220220.h5
  Downloading: GW1AM2_20211102_01D_EQMA_L3SGT23HA2220220.h5
  Downloading: GW1AM2_20211102_01D_EQMD_L3SGT23HA2220220.h5
  Downloading: GW1AM2_20211103_01D_EQMD_L3SGT23HA2220220.h5
  Downloading: GW1AM2_20211103_01D_EQMA_L3SGT23HA2220220.h5
  Downloading: GW1AM2_20211104_01D_EQMD_L3SGT23HA2220220.h5
  Downloading: GW1AM2_20211104_01D_EQMA_L3SGT23HA2220220.h5
  Downloading: GW1AM2_20211105_01D_EQMD_L3SGT23HA2220220.h5
  Page starting at 1350: Found 50 items.
  Downloading: GW1AM2_20211105_01D_EQMA_L3SGT23HA2220220.h5
  Downloading: GW1AM2_20211106_01D_EQMA_L3SGT23HA2220220.h5
  Downloading: GW1AM2_20211106_01D_EQMD_L3SGT23HA2220220.h5
  Downloading: GW1AM2_20211107_01D_EQMD_L3SGT23HA2220220.h5
  Downloading: GW1AM2_20211107_01D_EQMA_L3SGT23HA2220220.h5
  Downloading: GW1AM2_20211108_01D_EQMD_L3SGT23HA2220220.h5
  Downloading: GW1AM2_20211108_01D_EQMA_L3SGT23HA2220220.h5
  Downloading: GW1AM2_20211109_01D_EQMA_L3SGT23HA2220220.h5
  Downloading: GW1AM2_20211109_01D_EQMD_L3SGT23HA2220220.h5
  Downloading: GW1AM2_20211110_01D_EQMD_L3SGT23HA2220220.h5
  Downloading: GW1AM2_20211110_01D_EQMA_L3SGT23HA2220220.h5
  Downloading: GW1AM2_20211111_01D_EQMA_L3SGT23HA2220220.h5
  Downloading: GW1AM2_20211111_01D_EQMD_L3SGT23HA2220220.h5
  Downloading: GW1AM2_20211112_01D_EQMD_L3SGT23HA2220220.h5
  Downloading: GW1AM2_20211112_01D_EQMA_L3SGT23HA2220220.h5
  Downloading: GW1AM2_20211113_01D_EQMD_L3SGT23HA2220220.h5
  Downloading: GW1AM2_20211113_01D_EQMA_L3SGT23HA2220220.h5
  Downloading: GW1AM2_20211114_01D_EQMD_L3SGT23HA2220220.h5
  Downloading: GW1AM2_20211114_01D_EQMA_L3SGT23HA2220220.h5
  Downloading: GW1AM2_20211115_01D_EQMA_L3SGT23HA2220220.h5
  Downloading: GW1AM2_20211115_01D_EQMD_L3SGT23HA2220220.h5
  Downloading: GW1AM2_20211116_01D_EQMA_L3SGT23HA2220220.h5
  Downloading: GW1AM2_20211116_01D_EQMD_L3SGT23HA2220220.h5
  Downloading: GW1AM2_20211117_01D_EQMD_L3SGT23HA2220220.h5
  Downloading: GW1AM2_20211117_01D_EQMA_L3SGT23HA2220220.h5
  Downloading: GW1AM2_20211118_01D_EQMA_L3SGT23HA2220220.h5
  Downloading: GW1AM2_20211118_01D_EQMD_L3SGT23HA2220220.h5
  Downloading: GW1AM2_20211119_01D_EQMD_L3SGT23HA2220220.h5
  Downloading: GW1AM2_20211119_01D_EQMA_L3SGT23HA2220220.h5
  Downloading: GW1AM2_20211120_01D_EQMD_L3SGT23HA2220220.h5
  Downloading: GW1AM2_20211120_01D_EQMA_L3SGT23HA2220220.h5
  Downloading: GW1AM2_20211121_01D_EQMD_L3SGT23HA2220220.h5
  Downloading: GW1AM2_20211121_01D_EQMA_L3SGT23HA2220220.h5
  Downloading: GW1AM2_20211122_01D_EQMA_L3SGT23HA2220220.h5
  Downloading: GW1AM2_20211122_01D_EQMD_L3SGT23HA2220220.h5
  Downloading: GW1AM2_20211123_01D_EQMA_L3SGT23HA2220220.h5
  Downloading: GW1AM2_20211123_01D_EQMD_L3SGT23HA2220220.h5
  Downloading: GW1AM2_20211124_01D_EQMD_L3SGT23HA2220220.h5
  Downloading: GW1AM2_20211124_01D_EQMA_L3SGT23HA2220220.h5
  Downloading: GW1AM2_20211125_01D_EQMD_L3SGT23HA2220220.h5
  Downloading: GW1AM2_20211125_01D_EQMA_L3SGT23HA2220220.h5
  Downloading: GW1AM2_20211126_01D_EQMD_L3SGT23HA2220220.h5
  Downloading: GW1AM2_20211126_01D_EQMA_L3SGT23HA2220220.h5
  Downloading: GW1AM2_20211127_01D_EQMA_L3SGT23HA2220220.h5
  Downloading: GW1AM2_20211127_01D_EQMD_L3SGT23HA2220220.h5
  Downloading: GW1AM2_20211128_01D_EQMD_L3SGT23HA2220220.h5
  Downloading: GW1AM2_20211128_01D_EQMA_L3SGT23HA2220220.h5
  Downloading: GW1AM2_20211129_01D_EQMA_L3SGT23HA2220220.h5
  Downloading: GW1AM2_20211129_01D_EQMD_L3SGT23HA2220220.h5
  Downloading: GW1AM2_20211130_01D_EQMD_L3SGT23HA2220220.h5
  Page starting at 1400: Found 50 items.
  Downloading: GW1AM2_20211130_01D_EQMA_L3SGT23HA2220220.h5
  Downloading: GW1AM2_20211201_01D_EQMA_L3SGT23HA2220220.h5
  Downloading: GW1AM2_20211201_01D_EQMD_L3SGT23HA2220220.h5
  Downloading: GW1AM2_20211202_01D_EQMA_L3SGT23HA2220220.h5
  Downloading: GW1AM2_20211202_01D_EQMD_L3SGT23HA2220220.h5
  Downloading: GW1AM2_20211203_01D_EQMD_L3SGT23HA2220220.h5
  Downloading: GW1AM2_20211203_01D_EQMA_L3SGT23HA2220220.h5
  Downloading: GW1AM2_20211204_01D_EQMD_L3SGT23HA2220220.h5
  Downloading: GW1AM2_20211204_01D_EQMA_L3SGT23HA2220220.h5
  Downloading: GW1AM2_20211205_01D_EQMD_L3SGT23HA2220220.h5
  Downloading: GW1AM2_20211205_01D_EQMA_L3SGT23HA2220220.h5
  Downloading: GW1AM2_20211206_01D_EQMA_L3SGT23HA2220220.h5
  Downloading: GW1AM2_20211206_01D_EQMD_L3SGT23HA2220220.h5
  Downloading: GW1AM2_20211207_01D_EQMD_L3SGT23HA2220220.h5
  Downloading: GW1AM2_20211207_01D_EQMA_L3SGT23HA2220220.h5
  Downloading: GW1AM2_20211208_01D_EQMA_L3SGT23HA2220220.h5
  Downloading: GW1AM2_20211208_01D_EQMD_L3SGT23HA2220220.h5
  Downloading: GW1AM2_20211209_01D_EQMA_L3SGT23HA2220220.h5
  Downloading: GW1AM2_20211209_01D_EQMD_L3SGT23HA2220220.h5
  Downloading: GW1AM2_20211210_01D_EQMD_L3SGT23HA2220220.h5
  Downloading: GW1AM2_20211210_01D_EQMA_L3SGT23HA2220220.h5
  Downloading: GW1AM2_20211211_01D_EQMA_L3SGT23HA2220220.h5
  Downloading: GW1AM2_20211211_01D_EQMD_L3SGT23HA2220220.h5
  Downloading: GW1AM2_20211212_01D_EQMD_L3SGT23HA2220220.h5
  Downloading: GW1AM2_20211212_01D_EQMA_L3SGT23HA2220220.h5
  Downloading: GW1AM2_20211213_01D_EQMD_L3SGT23HA2220220.h5
  Downloading: GW1AM2_20211213_01D_EQMA_L3SGT23HA2220220.h5
  Downloading: GW1AM2_20211214_01D_EQMD_L3SGT23HA2220220.h5
  Downloading: GW1AM2_20211214_01D_EQMA_L3SGT23HA2220220.h5
  Downloading: GW1AM2_20211215_01D_EQMD_L3SGT23HA2220220.h5
  Downloading: GW1AM2_20211215_01D_EQMA_L3SGT23HA2220220.h5
  Downloading: GW1AM2_20211216_01D_EQMD_L3SGT23HA2220220.h5
  Downloading: GW1AM2_20211216_01D_EQMA_L3SGT23HA2220220.h5
  Downloading: GW1AM2_20211217_01D_EQMA_L3SGT23HA2220220.h5
  Downloading: GW1AM2_20211217_01D_EQMD_L3SGT23HA2220220.h5
  Downloading: GW1AM2_20211218_01D_EQMA_L3SGT23HA2220220.h5
  Downloading: GW1AM2_20211218_01D_EQMD_L3SGT23HA2220220.h5
  Downloading: GW1AM2_20211219_01D_EQMD_L3SGT23HA2220220.h5
  Downloading: GW1AM2_20211219_01D_EQMA_L3SGT23HA2220220.h5
  Downloading: GW1AM2_20211220_01D_EQMA_L3SGT23HA2220220.h5
  Downloading: GW1AM2_20211220_01D_EQMD_L3SGT23HA2220220.h5
  Downloading: GW1AM2_20211221_01D_EQMD_L3SGT23HA2220220.h5
  Downloading: GW1AM2_20211221_01D_EQMA_L3SGT23HA2220220.h5
  Downloading: GW1AM2_20211222_01D_EQMA_L3SGT23HA2220220.h5
  Downloading: GW1AM2_20211222_01D_EQMD_L3SGT23HA2220220.h5
  Downloading: GW1AM2_20211223_01D_EQMD_L3SGT23HA2220220.h5
  Downloading: GW1AM2_20211223_01D_EQMA_L3SGT23HA2220220.h5
  Downloading: GW1AM2_20211224_01D_EQMA_L3SGT23HA2220220.h5
  Downloading: GW1AM2_20211224_01D_EQMD_L3SGT23HA2220220.h5
  Downloading: GW1AM2_20211225_01D_EQMD_L3SGT23HA2220220.h5
  Page starting at 1450: Found 50 items.
  Downloading: GW1AM2_20211225_01D_EQMA_L3SGT23HA2220220.h5
  Downloading: GW1AM2_20211226_01D_EQMD_L3SGT23HA2220220.h5
  Downloading: GW1AM2_20211226_01D_EQMA_L3SGT23HA2220220.h5
  Downloading: GW1AM2_20211227_01D_EQMD_L3SGT23HA2220220.h5
  Downloading: GW1AM2_20211227_01D_EQMA_L3SGT23HA2220220.h5
  Downloading: GW1AM2_20211228_01D_EQMD_L3SGT23HA2220220.h5
  Downloading: GW1AM2_20211228_01D_EQMA_L3SGT23HA2220220.h5
  Downloading: GW1AM2_20211229_01D_EQMA_L3SGT23HA2220220.h5
  Downloading: GW1AM2_20211229_01D_EQMD_L3SGT23HA2220220.h5
  Downloading: GW1AM2_20211230_01D_EQMD_L3SGT23HA2220220.h5
  Downloading: GW1AM2_20211230_01D_EQMA_L3SGT23HA2220220.h5
  Downloading: GW1AM2_20211231_01D_EQMD_L3SGT23HA2220220.h5
  Downloading: GW1AM2_20211231_01D_EQMA_L3SGT23HA2220220.h5
  Downloading: GW1AM2_20220101_01D_EQMD_L3SGT23HA2220220.h5
  Downloading: GW1AM2_20220101_01D_EQMA_L3SGT23HA2220220.h5
  Downloading: GW1AM2_20220102_01D_EQMD_L3SGT23HA2220220.h5
  Downloading: GW1AM2_20220102_01D_EQMA_L3SGT23HA2220220.h5
  Downloading: GW1AM2_20220103_01D_EQMA_L3SGT23HA2220220.h5
  Downloading: GW1AM2_20220103_01D_EQMD_L3SGT23HA2220220.h5
  Downloading: GW1AM2_20220104_01D_EQMD_L3SGT23HA2220220.h5
  Downloading: GW1AM2_20220104_01D_EQMA_L3SGT23HA2220220.h5
  Downloading: GW1AM2_20220105_01D_EQMA_L3SGT23HA2220220.h5
  Downloading: GW1AM2_20220105_01D_EQMD_L3SGT23HA2220220.h5
  Downloading: GW1AM2_20220106_01D_EQMD_L3SGT23HA2220220.h5
  Downloading: GW1AM2_20220106_01D_EQMA_L3SGT23HA2220220.h5
  Downloading: GW1AM2_20220107_01D_EQMA_L3SGT23HA2220220.h5
  Downloading: GW1AM2_20220107_01D_EQMD_L3SGT23HA2220220.h5
  Downloading: GW1AM2_20220108_01D_EQMD_L3SGT23HA2220220.h5
  Downloading: GW1AM2_20220108_01D_EQMA_L3SGT23HA2220220.h5
  Downloading: GW1AM2_20220109_01D_EQMA_L3SGT23HA2220220.h5
  Downloading: GW1AM2_20220109_01D_EQMD_L3SGT23HA2220220.h5
  Downloading: GW1AM2_20220110_01D_EQMD_L3SGT23HA2220220.h5
  Downloading: GW1AM2_20220110_01D_EQMA_L3SGT23HA2220220.h5
  Downloading: GW1AM2_20220111_01D_EQMA_L3SGT23HA2220220.h5
  Downloading: GW1AM2_20220111_01D_EQMD_L3SGT23HA2220220.h5
  Downloading: GW1AM2_20220112_01D_EQMA_L3SGT23HA2220220.h5
  Downloading: GW1AM2_20220112_01D_EQMD_L3SGT23HA2220220.h5
  Downloading: GW1AM2_20220113_01D_EQMD_L3SGT23HA2220220.h5
  Downloading: GW1AM2_20220113_01D_EQMA_L3SGT23HA2220220.h5
  Downloading: GW1AM2_20220114_01D_EQMA_L3SGT23HA2220220.h5
  Downloading: GW1AM2_20220114_01D_EQMD_L3SGT23HA2220220.h5
  Downloading: GW1AM2_20220115_01D_EQMD_L3SGT23HA2220220.h5
  Downloading: GW1AM2_20220115_01D_EQMA_L3SGT23HA2220220.h5
  Downloading: GW1AM2_20220116_01D_EQMA_L3SGT23HA2220220.h5
  Downloading: GW1AM2_20220116_01D_EQMD_L3SGT23HA2220220.h5
  Downloading: GW1AM2_20220117_01D_EQMA_L3SGT23HA2220220.h5
  Downloading: GW1AM2_20220117_01D_EQMD_L3SGT23HA2220220.h5
  Downloading: GW1AM2_20220118_01D_EQMA_L3SGT23HA2220220.h5
  Downloading: GW1AM2_20220118_01D_EQMD_L3SGT23HA2220220.h5
  Downloading: GW1AM2_20220119_01D_EQMD_L3SGT23HA2220220.h5
  Page starting at 1500: Found 50 items.
  Downloading: GW1AM2_20220119_01D_EQMA_L3SGT23HA2220220.h5
  Downloading: GW1AM2_20220120_01D_EQMD_L3SGT23HA2220220.h5
  Downloading: GW1AM2_20220120_01D_EQMA_L3SGT23HA2220220.h5
  Downloading: GW1AM2_20220121_01D_EQMA_L3SGT23HA2220220.h5
  Downloading: GW1AM2_20220121_01D_EQMD_L3SGT23HA2220220.h5
  Downloading: GW1AM2_20220122_01D_EQMD_L3SGT23HA2220220.h5
  Downloading: GW1AM2_20220122_01D_EQMA_L3SGT23HA2220220.h5
  Downloading: GW1AM2_20220123_01D_EQMA_L3SGT23HA2220220.h5
  Downloading: GW1AM2_20220123_01D_EQMD_L3SGT23HA2220220.h5
  Downloading: GW1AM2_20220124_01D_EQMD_L3SGT23HA2220220.h5
  Downloading: GW1AM2_20220124_01D_EQMA_L3SGT23HA2220220.h5
  Downloading: GW1AM2_20220125_01D_EQMA_L3SGT23HA2220220.h5
  Downloading: GW1AM2_20220125_01D_EQMD_L3SGT23HA2220220.h5
  Downloading: GW1AM2_20220126_01D_EQMD_L3SGT23HA2220220.h5
  Downloading: GW1AM2_20220126_01D_EQMA_L3SGT23HA2220220.h5
  Downloading: GW1AM2_20220127_01D_EQMD_L3SGT23HA2220220.h5
  Downloading: GW1AM2_20220127_01D_EQMA_L3SGT23HA2220220.h5
  Downloading: GW1AM2_20220128_01D_EQMA_L3SGT23HA2220220.h5
  Downloading: GW1AM2_20220128_01D_EQMD_L3SGT23HA2220220.h5
  Downloading: GW1AM2_20220129_01D_EQMD_L3SGT23HA2220220.h5
