2025-12-19 03:05:12,395 - INFO - Starting download from 2020-01-01 to 2024-12-31
2025-12-19 03:05:12,906 - INFO - Connected to ftp.ptree.jaxa.jp
2025-12-19 03:05:23,257 - INFO - Downloaded: NC_H08_20200101_0000_L2ARP030_FLDK.02401_02401.nc
2025-12-19 03:05:25,014 - INFO - Cropped NC_H08_20200101_0000_L2ARP030_FLDK.02401_02401.nc to Malaysia Domain.
2025-12-19 03:05:29,100 - INFO - Downloaded: NC_H08_20200101_0100_L2ARP030_FLDK.02401_02401.nc
2025-12-19 03:05:29,185 - INFO - Cropped NC_H08_20200101_0100_L2ARP030_FLDK.02401_02401.nc to Malaysia Domain.
2025-12-19 03:06:21,329 - INFO - Downloaded: NC_H08_20200101_0200_L2ARP030_FLDK.02401_02401.nc
2025-12-19 03:06:21,417 - INFO - Cropped NC_H08_20200101_0200_L2ARP030_FLDK.02401_02401.nc to Malaysia Domain.
2025-12-19 03:07:16,833 - INFO - Downloaded: NC_H08_20200101_0300_L2ARP030_FLDK.02401_02401.nc
2025-12-19 03:07:16,928 - INFO - Cropped NC_H08_20200101_0300_L2ARP030_FLDK.02401_02401.nc to Malaysia Domain.
2025-12-19 03:07:24,320 - INFO - Downloaded: NC_H08_20200101_0400_L2ARP030_FLDK.02401_02401.nc
2025-12-19 03:07:24,405 - INFO - Cropped NC_H08_20200101_0400_L2ARP030_FLDK.02401_02401.nc to Malaysia Domain.
2025-12-19 03:08:10,928 - INFO - Downloaded: NC_H08_20200101_0500_L2ARP030_FLDK.02401_02401.nc
2025-12-19 03:08:11,012 - INFO - Cropped NC_H08_20200101_0500_L2ARP030_FLDK.02401_02401.nc to Malaysia Domain.
2025-12-19 03:08:21,117 - INFO - Downloaded: NC_H08_20200101_0600_L2ARP030_FLDK.02401_02401.nc
2025-12-19 03:08:21,198 - INFO - Cropped NC_H08_20200101_0600_L2ARP030_FLDK.02401_02401.nc to Malaysia Domain.
2025-12-19 03:08:26,892 - INFO - Downloaded: NC_H08_20200101_0700_L2ARP030_FLDK.02401_02401.nc
2025-12-19 03:08:26,966 - INFO - Cropped NC_H08_20200101_0700_L2ARP030_FLDK.02401_02401.nc to Malaysia Domain.
2025-12-19 03:08:31,723 - INFO - Downloaded: NC_H08_20200101_0800_L2ARP030_FLDK.02401_02401.nc
2025-12-19 03:08:31,794 - INFO - Cropped NC_H08_20200101_0800_L2ARP030_FLDK.02401_02401.nc to Malaysia Domain.
2025-12-19 03:08:35,461 - INFO - Downloaded: NC_H08_20200101_0900_L2ARP030_FLDK.02401_02401.nc
2025-12-19 03:08:35,531 - INFO - Cropped NC_H08_20200101_0900_L2ARP030_FLDK.02401_02401.nc to Malaysia Domain.
2025-12-19 03:08:39,518 - INFO - Downloaded: NC_H08_20200102_0000_L2ARP030_FLDK.02401_02401.nc
2025-12-19 03:08:39,589 - INFO - Cropped NC_H08_20200102_0000_L2ARP030_FLDK.02401_02401.nc to Malaysia Domain.
2025-12-19 03:08:44,068 - INFO - Downloaded: NC_H08_20200102_0100_L2ARP030_FLDK.02401_02401.nc
2025-12-19 03:08:44,144 - INFO - Cropped NC_H08_20200102_0100_L2ARP030_FLDK.02401_02401.nc to Malaysia Domain.
2025-12-19 03:08:48,993 - INFO - Downloaded: NC_H08_20200102_0200_L2ARP030_FLDK.02401_02401.nc
2025-12-19 03:08:49,086 - INFO - Cropped NC_H08_20200102_0200_L2ARP030_FLDK.02401_02401.nc to Malaysia Domain.
2025-12-19 03:09:39,403 - INFO - Downloaded: NC_H08_20200102_0300_L2ARP030_FLDK.02401_02401.nc
2025-12-19 03:09:39,485 - INFO - Cropped NC_H08_20200102_0300_L2ARP030_FLDK.02401_02401.nc to Malaysia Domain.
2025-12-19 03:09:50,178 - INFO - Downloaded: NC_H08_20200102_0400_L2ARP030_FLDK.02401_02401.nc
2025-12-19 03:09:50,257 - INFO - Cropped NC_H08_20200102_0400_L2ARP030_FLDK.02401_02401.nc to Malaysia Domain.
2025-12-19 03:09:56,832 - INFO - Downloaded: NC_H08_20200102_0500_L2ARP030_FLDK.02401_02401.nc
2025-12-19 03:09:56,911 - INFO - Cropped NC_H08_20200102_0500_L2ARP030_FLDK.02401_02401.nc to Malaysia Domain.
2025-12-19 03:10:42,587 - INFO - Downloaded: NC_H08_20200102_0600_L2ARP030_FLDK.02401_02401.nc
2025-12-19 03:10:42,660 - INFO - Cropped NC_H08_20200102_0600_L2ARP030_FLDK.02401_02401.nc to Malaysia Domain.
2025-12-19 03:11:17,441 - INFO - Downloaded: NC_H08_20200102_0700_L2ARP030_FLDK.02401_02401.nc
2025-12-19 03:11:17,517 - INFO - Cropped NC_H08_20200102_0700_L2ARP030_FLDK.02401_02401.nc to Malaysia Domain.
2025-12-19 03:11:23,138 - INFO - Downloaded: NC_H08_20200102_0800_L2ARP030_FLDK.02401_02401.nc
2025-12-19 03:11:23,203 - INFO - Cropped NC_H08_20200102_0800_L2ARP030_FLDK.02401_02401.nc to Malaysia Domain.
2025-12-19 03:11:26,118 - INFO - Downloaded: NC_H08_20200102_0900_L2ARP030_FLDK.02401_02401.nc
2025-12-19 03:11:26,185 - INFO - Cropped NC_H08_20200102_0900_L2ARP030_FLDK.02401_02401.nc to Malaysia Domain.
2025-12-19 03:11:34,481 - INFO - Downloaded: NC_H08_20200103_0000_L2ARP030_FLDK.02401_02401.nc
2025-12-19 03:11:34,547 - INFO - Cropped NC_H08_20200103_0000_L2ARP030_FLDK.02401_02401.nc to Malaysia Domain.
2025-12-19 03:11:45,370 - INFO - Downloaded: NC_H08_20200103_0100_L2ARP030_FLDK.02401_02401.nc
2025-12-19 03:11:45,443 - INFO - Cropped NC_H08_20200103_0100_L2ARP030_FLDK.02401_02401.nc to Malaysia Domain.
2025-12-19 03:11:55,717 - INFO - Downloaded: NC_H08_20200103_0200_L2ARP030_FLDK.02401_02401.nc
2025-12-19 03:11:55,792 - INFO - Cropped NC_H08_20200103_0200_L2ARP030_FLDK.02401_02401.nc to Malaysia Domain.
2025-12-19 03:13:02,880 - INFO - Downloaded: NC_H08_20200103_0300_L2ARP030_FLDK.02401_02401.nc
2025-12-19 03:13:02,957 - INFO - Cropped NC_H08_20200103_0300_L2ARP030_FLDK.02401_02401.nc to Malaysia Domain.
2025-12-19 03:14:01,659 - INFO - Downloaded: NC_H08_20200103_0400_L2ARP030_FLDK.02401_02401.nc
2025-12-19 03:14:01,736 - INFO - Cropped NC_H08_20200103_0400_L2ARP030_FLDK.02401_02401.nc to Malaysia Domain.
2025-12-19 03:14:11,982 - INFO - Downloaded: NC_H08_20200103_0500_L2ARP030_FLDK.02401_02401.nc
2025-12-19 03:14:12,061 - INFO - Cropped NC_H08_20200103_0500_L2ARP030_FLDK.02401_02401.nc to Malaysia Domain.
2025-12-19 03:14:18,171 - INFO - Downloaded: NC_H08_20200103_0600_L2ARP030_FLDK.02401_02401.nc
2025-12-19 03:14:18,243 - INFO - Cropped NC_H08_20200103_0600_L2ARP030_FLDK.02401_02401.nc to Malaysia Domain.
2025-12-19 03:14:21,934 - INFO - Downloaded: NC_H08_20200103_0700_L2ARP030_FLDK.02401_02401.nc
2025-12-19 03:14:22,006 - INFO - Cropped NC_H08_20200103_0700_L2ARP030_FLDK.02401_02401.nc to Malaysia Domain.
2025-12-19 03:14:25,077 - INFO - Downloaded: NC_H08_20200103_0800_L2ARP030_FLDK.02401_02401.nc
2025-12-19 03:14:25,143 - INFO - Cropped NC_H08_20200103_0800_L2ARP030_FLDK.02401_02401.nc to Malaysia Domain.
2025-12-19 03:14:27,995 - INFO - Downloaded: NC_H08_20200103_0900_L2ARP030_FLDK.02401_02401.nc
2025-12-19 03:14:28,063 - INFO - Cropped NC_H08_20200103_0900_L2ARP030_FLDK.02401_02401.nc to Malaysia Domain.
2025-12-19 03:14:32,579 - INFO - Downloaded: NC_H08_20200104_0000_L2ARP030_FLDK.02401_02401.nc
2025-12-19 03:14:32,643 - INFO - Cropped NC_H08_20200104_0000_L2ARP030_FLDK.02401_02401.nc to Malaysia Domain.
2025-12-19 03:14:36,430 - INFO - Downloaded: NC_H08_20200104_0100_L2ARP030_FLDK.02401_02401.nc
2025-12-19 03:14:36,505 - INFO - Cropped NC_H08_20200104_0100_L2ARP030_FLDK.02401_02401.nc to Malaysia Domain.
2025-12-19 03:14:47,379 - INFO - Downloaded: NC_H08_20200104_0200_L2ARP030_FLDK.02401_02401.nc
2025-12-19 03:14:47,461 - INFO - Cropped NC_H08_20200104_0200_L2ARP030_FLDK.02401_02401.nc to Malaysia Domain.
2025-12-19 03:14:54,313 - INFO - Downloaded: NC_H08_20200104_0300_L2ARP030_FLDK.02401_02401.nc
2025-12-19 03:14:54,394 - INFO - Cropped NC_H08_20200104_0300_L2ARP030_FLDK.02401_02401.nc to Malaysia Domain.
2025-12-19 03:14:58,879 - INFO - Downloaded: NC_H08_20200104_0400_L2ARP030_FLDK.02401_02401.nc
2025-12-19 03:14:58,961 - INFO - Cropped NC_H08_20200104_0400_L2ARP030_FLDK.02401_02401.nc to Malaysia Domain.
2025-12-19 03:15:02,275 - INFO - Downloaded: NC_H08_20200104_0500_L2ARP030_FLDK.02401_02401.nc
2025-12-19 03:15:02,352 - INFO - Cropped NC_H08_20200104_0500_L2ARP030_FLDK.02401_02401.nc to Malaysia Domain.
2025-12-19 03:15:07,898 - INFO - Downloaded: NC_H08_20200104_0600_L2ARP030_FLDK.02401_02401.nc
2025-12-19 03:15:07,974 - INFO - Cropped NC_H08_20200104_0600_L2ARP030_FLDK.02401_02401.nc to Malaysia Domain.
2025-12-19 03:15:12,760 - INFO - Downloaded: NC_H08_20200104_0700_L2ARP030_FLDK.02401_02401.nc
2025-12-19 03:15:12,833 - INFO - Cropped NC_H08_20200104_0700_L2ARP030_FLDK.02401_02401.nc to Malaysia Domain.
2025-12-19 03:15:15,803 - INFO - Downloaded: NC_H08_20200104_0800_L2ARP030_FLDK.02401_02401.nc
2025-12-19 03:15:15,873 - INFO - Cropped NC_H08_20200104_0800_L2ARP030_FLDK.02401_02401.nc to Malaysia Domain.
2025-12-19 03:15:19,036 - INFO - Downloaded: NC_H08_20200104_0900_L2ARP030_FLDK.02401_02401.nc
2025-12-19 03:15:19,104 - INFO - Cropped NC_H08_20200104_0900_L2ARP030_FLDK.02401_02401.nc to Malaysia Domain.
2025-12-19 03:15:24,860 - INFO - Downloaded: NC_H08_20200105_0000_L2ARP030_FLDK.02401_02401.nc
2025-12-19 03:15:24,931 - INFO - Cropped NC_H08_20200105_0000_L2ARP030_FLDK.02401_02401.nc to Malaysia Domain.
2025-12-19 03:15:35,559 - INFO - Downloaded: NC_H08_20200105_0100_L2ARP030_FLDK.02401_02401.nc
2025-12-19 03:15:35,639 - INFO - Cropped NC_H08_20200105_0100_L2ARP030_FLDK.02401_02401.nc to Malaysia Domain.
2025-12-19 03:16:47,966 - INFO - Downloaded: NC_H08_20200105_0200_L2ARP030_FLDK.02401_02401.nc
2025-12-19 03:16:48,113 - INFO - Cropped NC_H08_20200105_0200_L2ARP030_FLDK.02401_02401.nc to Malaysia Domain.
2025-12-19 03:18:01,749 - INFO - Downloaded: NC_H08_20200105_0300_L2ARP030_FLDK.02401_02401.nc
2025-12-19 03:18:01,836 - INFO - Cropped NC_H08_20200105_0300_L2ARP030_FLDK.02401_02401.nc to Malaysia Domain.
2025-12-19 03:18:22,063 - INFO - Downloaded: NC_H08_20200105_0400_L2ARP030_FLDK.02401_02401.nc
2025-12-19 03:18:22,152 - INFO - Cropped NC_H08_20200105_0400_L2ARP030_FLDK.02401_02401.nc to Malaysia Domain.
2025-12-19 03:18:35,213 - INFO - Downloaded: NC_H08_20200105_0500_L2ARP030_FLDK.02401_02401.nc
2025-12-19 03:18:35,295 - INFO - Cropped NC_H08_20200105_0500_L2ARP030_FLDK.02401_02401.nc to Malaysia Domain.
2025-12-19 03:18:45,497 - INFO - Downloaded: NC_H08_20200105_0600_L2ARP030_FLDK.02401_02401.nc
2025-12-19 03:18:45,576 - INFO - Cropped NC_H08_20200105_0600_L2ARP030_FLDK.02401_02401.nc to Malaysia Domain.
2025-12-19 03:19:22,033 - INFO - Downloaded: NC_H08_20200105_0700_L2ARP030_FLDK.02401_02401.nc
2025-12-19 03:19:22,111 - INFO - Cropped NC_H08_20200105_0700_L2ARP030_FLDK.02401_02401.nc to Malaysia Domain.
2025-12-19 03:19:35,940 - INFO - Downloaded: NC_H08_20200105_0800_L2ARP030_FLDK.02401_02401.nc
2025-12-19 03:19:36,015 - INFO - Cropped NC_H08_20200105_0800_L2ARP030_FLDK.02401_02401.nc to Malaysia Domain.
2025-12-19 03:19:56,773 - INFO - Downloaded: NC_H08_20200105_0900_L2ARP030_FLDK.02401_02401.nc
2025-12-19 03:19:56,846 - INFO - Cropped NC_H08_20200105_0900_L2ARP030_FLDK.02401_02401.nc to Malaysia Domain.
2025-12-19 03:20:11,190 - INFO - Downloaded: NC_H08_20200106_0000_L2ARP030_FLDK.02401_02401.nc
2025-12-19 03:20:11,260 - INFO - Cropped NC_H08_20200106_0000_L2ARP030_FLDK.02401_02401.nc to Malaysia Domain.
2025-12-19 03:20:25,823 - INFO - Downloaded: NC_H08_20200106_0100_L2ARP030_FLDK.02401_02401.nc
2025-12-19 03:20:25,904 - INFO - Cropped NC_H08_20200106_0100_L2ARP030_FLDK.02401_02401.nc to Malaysia Domain.
2025-12-19 03:20:39,714 - INFO - Downloaded: NC_H08_20200106_0200_L2ARP030_FLDK.02401_02401.nc
2025-12-19 03:20:39,802 - INFO - Cropped NC_H08_20200106_0200_L2ARP030_FLDK.02401_02401.nc to Malaysia Domain.
2025-12-19 03:21:48,129 - INFO - Downloaded: NC_H08_20200106_0300_L2ARP030_FLDK.02401_02401.nc
2025-12-19 03:21:48,219 - INFO - Cropped NC_H08_20200106_0300_L2ARP030_FLDK.02401_02401.nc to Malaysia Domain.
2025-12-19 03:22:00,078 - INFO - Downloaded: NC_H08_20200106_0400_L2ARP030_FLDK.02401_02401.nc
2025-12-19 03:22:00,168 - INFO - Cropped NC_H08_20200106_0400_L2ARP030_FLDK.02401_02401.nc to Malaysia Domain.
2025-12-19 03:22:54,064 - INFO - Downloaded: NC_H08_20200106_0500_L2ARP030_FLDK.02401_02401.nc
2025-12-19 03:22:54,152 - INFO - Cropped NC_H08_20200106_0500_L2ARP030_FLDK.02401_02401.nc to Malaysia Domain.
2025-12-19 03:23:02,904 - INFO - Downloaded: NC_H08_20200106_0600_L2ARP030_FLDK.02401_02401.nc
2025-12-19 03:23:02,985 - INFO - Cropped NC_H08_20200106_0600_L2ARP030_FLDK.02401_02401.nc to Malaysia Domain.
2025-12-19 03:23:45,258 - INFO - Downloaded: NC_H08_20200106_0700_L2ARP030_FLDK.02401_02401.nc
2025-12-19 03:23:45,338 - INFO - Cropped NC_H08_20200106_0700_L2ARP030_FLDK.02401_02401.nc to Malaysia Domain.
2025-12-19 03:24:22,205 - INFO - Downloaded: NC_H08_20200106_0800_L2ARP030_FLDK.02401_02401.nc
2025-12-19 03:24:22,290 - INFO - Cropped NC_H08_20200106_0800_L2ARP030_FLDK.02401_02401.nc to Malaysia Domain.
2025-12-19 03:24:29,791 - INFO - Downloaded: NC_H08_20200106_0900_L2ARP030_FLDK.02401_02401.nc
2025-12-19 03:24:29,866 - INFO - Cropped NC_H08_20200106_0900_L2ARP030_FLDK.02401_02401.nc to Malaysia Domain.
2025-12-19 03:24:35,821 - INFO - Downloaded: NC_H08_20200107_0000_L2ARP030_FLDK.02401_02401.nc
2025-12-19 03:24:35,888 - INFO - Cropped NC_H08_20200107_0000_L2ARP030_FLDK.02401_02401.nc to Malaysia Domain.
2025-12-19 03:24:50,630 - INFO - Downloaded: NC_H08_20200107_0100_L2ARP030_FLDK.02401_02401.nc
2025-12-19 03:24:50,707 - INFO - Cropped NC_H08_20200107_0100_L2ARP030_FLDK.02401_02401.nc to Malaysia Domain.
2025-12-19 03:24:55,817 - INFO - Downloaded: NC_H08_20200107_0200_L2ARP030_FLDK.02401_02401.nc
2025-12-19 03:24:55,902 - INFO - Cropped NC_H08_20200107_0200_L2ARP030_FLDK.02401_02401.nc to Malaysia Domain.
2025-12-19 03:24:59,564 - INFO - Downloaded: NC_H08_20200107_0300_L2ARP030_FLDK.02401_02401.nc
2025-12-19 03:24:59,652 - INFO - Cropped NC_H08_20200107_0300_L2ARP030_FLDK.02401_02401.nc to Malaysia Domain.
2025-12-19 03:26:14,103 - INFO - Downloaded: NC_H08_20200107_0400_L2ARP030_FLDK.02401_02401.nc
2025-12-19 03:26:14,194 - INFO - Cropped NC_H08_20200107_0400_L2ARP030_FLDK.02401_02401.nc to Malaysia Domain.
2025-12-19 03:26:29,013 - INFO - Downloaded: NC_H08_20200107_0500_L2ARP030_FLDK.02401_02401.nc
2025-12-19 03:26:29,097 - INFO - Cropped NC_H08_20200107_0500_L2ARP030_FLDK.02401_02401.nc to Malaysia Domain.
2025-12-19 03:27:24,091 - INFO - Downloaded: NC_H08_20200107_0600_L2ARP030_FLDK.02401_02401.nc
2025-12-19 03:27:24,171 - INFO - Cropped NC_H08_20200107_0600_L2ARP030_FLDK.02401_02401.nc to Malaysia Domain.
2025-12-19 03:27:38,304 - INFO - Downloaded: NC_H08_20200107_0700_L2ARP030_FLDK.02401_02401.nc
2025-12-19 03:27:38,377 - INFO - Cropped NC_H08_20200107_0700_L2ARP030_FLDK.02401_02401.nc to Malaysia Domain.
2025-12-19 03:27:46,912 - INFO - Downloaded: NC_H08_20200107_0800_L2ARP030_FLDK.02401_02401.nc
2025-12-19 03:27:46,986 - INFO - Cropped NC_H08_20200107_0800_L2ARP030_FLDK.02401_02401.nc to Malaysia Domain.
2025-12-19 03:27:52,972 - INFO - Downloaded: NC_H08_20200107_0900_L2ARP030_FLDK.02401_02401.nc
2025-12-19 03:27:53,046 - INFO - Cropped NC_H08_20200107_0900_L2ARP030_FLDK.02401_02401.nc to Malaysia Domain.
2025-12-19 03:28:02,989 - INFO - Downloaded: NC_H08_20200108_0000_L2ARP030_FLDK.02401_02401.nc
2025-12-19 03:28:03,059 - INFO - Cropped NC_H08_20200108_0000_L2ARP030_FLDK.02401_02401.nc to Malaysia Domain.
2025-12-19 03:29:05,935 - INFO - Downloaded: NC_H08_20200108_0100_L2ARP030_FLDK.02401_02401.nc
2025-12-19 03:29:06,019 - INFO - Cropped NC_H08_20200108_0100_L2ARP030_FLDK.02401_02401.nc to Malaysia Domain.
2025-12-19 03:29:18,516 - INFO - Downloaded: NC_H08_20200108_0200_L2ARP030_FLDK.02401_02401.nc
2025-12-19 03:29:18,606 - INFO - Cropped NC_H08_20200108_0200_L2ARP030_FLDK.02401_02401.nc to Malaysia Domain.
2025-12-19 03:29:27,315 - INFO - Downloaded: NC_H08_20200108_0300_L2ARP030_FLDK.02401_02401.nc
2025-12-19 03:29:27,406 - INFO - Cropped NC_H08_20200108_0300_L2ARP030_FLDK.02401_02401.nc to Malaysia Domain.
2025-12-19 03:29:38,394 - INFO - Downloaded: NC_H08_20200108_0400_L2ARP030_FLDK.02401_02401.nc
2025-12-19 03:29:38,488 - INFO - Cropped NC_H08_20200108_0400_L2ARP030_FLDK.02401_02401.nc to Malaysia Domain.
2025-12-19 03:30:29,258 - INFO - Downloaded: NC_H08_20200108_0500_L2ARP030_FLDK.02401_02401.nc
2025-12-19 03:30:29,347 - INFO - Cropped NC_H08_20200108_0500_L2ARP030_FLDK.02401_02401.nc to Malaysia Domain.
2025-12-19 03:30:39,819 - INFO - Downloaded: NC_H08_20200108_0600_L2ARP030_FLDK.02401_02401.nc
2025-12-19 03:30:39,905 - INFO - Cropped NC_H08_20200108_0600_L2ARP030_FLDK.02401_02401.nc to Malaysia Domain.
2025-12-19 03:31:09,994 - INFO - Downloaded: NC_H08_20200108_0700_L2ARP030_FLDK.02401_02401.nc
2025-12-19 03:31:10,073 - INFO - Cropped NC_H08_20200108_0700_L2ARP030_FLDK.02401_02401.nc to Malaysia Domain.
2025-12-19 03:31:23,173 - INFO - Downloaded: NC_H08_20200108_0800_L2ARP030_FLDK.02401_02401.nc
2025-12-19 03:31:23,251 - INFO - Cropped NC_H08_20200108_0800_L2ARP030_FLDK.02401_02401.nc to Malaysia Domain.
2025-12-19 03:31:27,488 - INFO - Downloaded: NC_H08_20200108_0900_L2ARP030_FLDK.02401_02401.nc
2025-12-19 03:31:27,564 - INFO - Cropped NC_H08_20200108_0900_L2ARP030_FLDK.02401_02401.nc to Malaysia Domain.
2025-12-19 03:31:41,298 - INFO - Downloaded: NC_H08_20200109_0000_L2ARP030_FLDK.02401_02401.nc
2025-12-19 03:31:41,366 - INFO - Cropped NC_H08_20200109_0000_L2ARP030_FLDK.02401_02401.nc to Malaysia Domain.
2025-12-19 03:31:51,393 - INFO - Downloaded: NC_H08_20200109_0100_L2ARP030_FLDK.02401_02401.nc
2025-12-19 03:31:51,472 - INFO - Cropped NC_H08_20200109_0100_L2ARP030_FLDK.02401_02401.nc to Malaysia Domain.
2025-12-19 03:32:46,671 - INFO - Downloaded: NC_H08_20200109_0200_L2ARP030_FLDK.02401_02401.nc
2025-12-19 03:32:46,761 - INFO - Cropped NC_H08_20200109_0200_L2ARP030_FLDK.02401_02401.nc to Malaysia Domain.
2025-12-19 03:33:51,582 - INFO - Downloaded: NC_H08_20200109_0300_L2ARP030_FLDK.02401_02401.nc
2025-12-19 03:33:51,671 - INFO - Cropped NC_H08_20200109_0300_L2ARP030_FLDK.02401_02401.nc to Malaysia Domain.
2025-12-19 03:34:52,341 - INFO - Downloaded: NC_H08_20200109_0400_L2ARP030_FLDK.02401_02401.nc
2025-12-19 03:34:52,428 - INFO - Cropped NC_H08_20200109_0400_L2ARP030_FLDK.02401_02401.nc to Malaysia Domain.
2025-12-19 03:35:49,178 - INFO - Downloaded: NC_H08_20200109_0500_L2ARP030_FLDK.02401_02401.nc
2025-12-19 03:35:49,261 - INFO - Cropped NC_H08_20200109_0500_L2ARP030_FLDK.02401_02401.nc to Malaysia Domain.
2025-12-19 03:36:52,828 - INFO - Downloaded: NC_H08_20200109_0600_L2ARP030_FLDK.02401_02401.nc
2025-12-19 03:36:52,902 - INFO - Cropped NC_H08_20200109_0600_L2ARP030_FLDK.02401_02401.nc to Malaysia Domain.
2025-12-19 03:36:59,205 - INFO - Downloaded: NC_H08_20200109_0700_L2ARP030_FLDK.02401_02401.nc
2025-12-19 03:36:59,277 - INFO - Cropped NC_H08_20200109_0700_L2ARP030_FLDK.02401_02401.nc to Malaysia Domain.
2025-12-19 03:37:03,103 - INFO - Downloaded: NC_H08_20200109_0800_L2ARP030_FLDK.02401_02401.nc
2025-12-19 03:37:03,172 - INFO - Cropped NC_H08_20200109_0800_L2ARP030_FLDK.02401_02401.nc to Malaysia Domain.
2025-12-19 03:37:06,434 - INFO - Downloaded: NC_H08_20200109_0900_L2ARP030_FLDK.02401_02401.nc
2025-12-19 03:37:06,505 - INFO - Cropped NC_H08_20200109_0900_L2ARP030_FLDK.02401_02401.nc to Malaysia Domain.
2025-12-19 03:37:16,270 - INFO - Downloaded: NC_H08_20200110_0000_L2ARP030_FLDK.02401_02401.nc
2025-12-19 03:37:16,335 - INFO - Cropped NC_H08_20200110_0000_L2ARP030_FLDK.02401_02401.nc to Malaysia Domain.
2025-12-19 03:37:30,965 - INFO - Downloaded: NC_H08_20200110_0100_L2ARP030_FLDK.02401_02401.nc
2025-12-19 03:37:31,033 - INFO - Cropped NC_H08_20200110_0100_L2ARP030_FLDK.02401_02401.nc to Malaysia Domain.
2025-12-19 03:37:41,264 - INFO - Downloaded: NC_H08_20200110_0200_L2ARP030_FLDK.02401_02401.nc
2025-12-19 03:37:41,339 - INFO - Cropped NC_H08_20200110_0200_L2ARP030_FLDK.02401_02401.nc to Malaysia Domain.
2025-12-19 03:39:05,140 - INFO - Downloaded: NC_H08_20200110_0300_L2ARP030_FLDK.02401_02401.nc
2025-12-19 03:39:05,215 - INFO - Cropped NC_H08_20200110_0300_L2ARP030_FLDK.02401_02401.nc to Malaysia Domain.
2025-12-19 03:39:16,565 - INFO - Downloaded: NC_H08_20200110_0400_L2ARP030_FLDK.02401_02401.nc
2025-12-19 03:39:16,638 - INFO - Cropped NC_H08_20200110_0400_L2ARP030_FLDK.02401_02401.nc to Malaysia Domain.
2025-12-19 03:40:23,560 - INFO - Downloaded: NC_H08_20200110_0500_L2ARP030_FLDK.02401_02401.nc
2025-12-19 03:40:23,630 - INFO - Cropped NC_H08_20200110_0500_L2ARP030_FLDK.02401_02401.nc to Malaysia Domain.
2025-12-19 03:40:30,203 - INFO - Downloaded: NC_H08_20200110_0600_L2ARP030_FLDK.02401_02401.nc
2025-12-19 03:40:30,271 - INFO - Cropped NC_H08_20200110_0600_L2ARP030_FLDK.02401_02401.nc to Malaysia Domain.
2025-12-19 03:41:21,115 - INFO - Downloaded: NC_H08_20200110_0700_L2ARP030_FLDK.02401_02401.nc
2025-12-19 03:41:21,184 - INFO - Cropped NC_H08_20200110_0700_L2ARP030_FLDK.02401_02401.nc to Malaysia Domain.
2025-12-19 03:41:52,535 - INFO - Downloaded: NC_H08_20200110_0800_L2ARP030_FLDK.02401_02401.nc
2025-12-19 03:41:52,602 - INFO - Cropped NC_H08_20200110_0800_L2ARP030_FLDK.02401_02401.nc to Malaysia Domain.
2025-12-19 03:42:18,201 - INFO - Downloaded: NC_H08_20200110_0900_L2ARP030_FLDK.02401_02401.nc
2025-12-19 03:42:18,266 - INFO - Cropped NC_H08_20200110_0900_L2ARP030_FLDK.02401_02401.nc to Malaysia Domain.
2025-12-19 03:42:28,047 - INFO - Downloaded: NC_H08_20200111_0000_L2ARP030_FLDK.02401_02401.nc
2025-12-19 03:42:28,112 - INFO - Cropped NC_H08_20200111_0000_L2ARP030_FLDK.02401_02401.nc to Malaysia Domain.
2025-12-19 03:42:33,245 - INFO - Downloaded: NC_H08_20200111_0100_L2ARP030_FLDK.02401_02401.nc
2025-12-19 03:42:33,312 - INFO - Cropped NC_H08_20200111_0100_L2ARP030_FLDK.02401_02401.nc to Malaysia Domain.
2025-12-19 03:42:37,777 - INFO - Downloaded: NC_H08_20200111_0200_L2ARP030_FLDK.02401_02401.nc
2025-12-19 03:42:37,846 - INFO - Cropped NC_H08_20200111_0200_L2ARP030_FLDK.02401_02401.nc to Malaysia Domain.
2025-12-19 03:43:48,008 - INFO - Downloaded: NC_H08_20200111_0300_L2ARP030_FLDK.02401_02401.nc
2025-12-19 03:43:48,082 - INFO - Cropped NC_H08_20200111_0300_L2ARP030_FLDK.02401_02401.nc to Malaysia Domain.
2025-12-19 03:43:58,268 - INFO - Downloaded: NC_H08_20200111_0400_L2ARP030_FLDK.02401_02401.nc
2025-12-19 03:43:58,341 - INFO - Cropped NC_H08_20200111_0400_L2ARP030_FLDK.02401_02401.nc to Malaysia Domain.
2025-12-19 03:44:05,376 - INFO - Downloaded: NC_H08_20200111_0500_L2ARP030_FLDK.02401_02401.nc
2025-12-19 03:44:05,451 - INFO - Cropped NC_H08_20200111_0500_L2ARP030_FLDK.02401_02401.nc to Malaysia Domain.
2025-12-19 03:44:13,296 - INFO - Downloaded: NC_H08_20200111_0600_L2ARP030_FLDK.02401_02401.nc
2025-12-19 03:44:13,369 - INFO - Cropped NC_H08_20200111_0600_L2ARP030_FLDK.02401_02401.nc to Malaysia Domain.
2025-12-19 03:44:21,989 - INFO - Downloaded: NC_H08_20200111_0700_L2ARP030_FLDK.02401_02401.nc
2025-12-19 03:44:22,061 - INFO - Cropped NC_H08_20200111_0700_L2ARP030_FLDK.02401_02401.nc to Malaysia Domain.
2025-12-19 03:44:28,913 - INFO - Downloaded: NC_H08_20200111_0800_L2ARP030_FLDK.02401_02401.nc
2025-12-19 03:44:28,981 - INFO - Cropped NC_H08_20200111_0800_L2ARP030_FLDK.02401_02401.nc to Malaysia Domain.
2025-12-19 03:44:54,132 - INFO - Downloaded: NC_H08_20200111_0900_L2ARP030_FLDK.02401_02401.nc
2025-12-19 03:44:54,197 - INFO - Cropped NC_H08_20200111_0900_L2ARP030_FLDK.02401_02401.nc to Malaysia Domain.
2025-12-19 03:45:03,985 - INFO - Downloaded: NC_H08_20200112_0000_L2ARP030_FLDK.02401_02401.nc
2025-12-19 03:45:04,049 - INFO - Cropped NC_H08_20200112_0000_L2ARP030_FLDK.02401_02401.nc to Malaysia Domain.
2025-12-19 03:45:11,525 - INFO - Downloaded: NC_H08_20200112_0100_L2ARP030_FLDK.02401_02401.nc
2025-12-19 03:45:11,594 - INFO - Cropped NC_H08_20200112_0100_L2ARP030_FLDK.02401_02401.nc to Malaysia Domain.
2025-12-19 03:45:16,254 - INFO - Downloaded: NC_H08_20200112_0200_L2ARP030_FLDK.02401_02401.nc
2025-12-19 03:45:16,330 - INFO - Cropped NC_H08_20200112_0200_L2ARP030_FLDK.02401_02401.nc to Malaysia Domain.
2025-12-19 03:45:19,713 - INFO - Downloaded: NC_H08_20200112_0300_L2ARP030_FLDK.02401_02401.nc
2025-12-19 03:45:19,787 - INFO - Cropped NC_H08_20200112_0300_L2ARP030_FLDK.02401_02401.nc to Malaysia Domain.
2025-12-19 03:46:31,462 - INFO - Downloaded: NC_H08_20200112_0400_L2ARP030_FLDK.02401_02401.nc
2025-12-19 03:46:31,536 - INFO - Cropped NC_H08_20200112_0400_L2ARP030_FLDK.02401_02401.nc to Malaysia Domain.
2025-12-19 03:47:48,400 - INFO - Downloaded: NC_H08_20200112_0500_L2ARP030_FLDK.02401_02401.nc
2025-12-19 03:47:48,471 - INFO - Cropped NC_H08_20200112_0500_L2ARP030_FLDK.02401_02401.nc to Malaysia Domain.
2025-12-19 03:47:55,427 - INFO - Downloaded: NC_H08_20200112_0600_L2ARP030_FLDK.02401_02401.nc
2025-12-19 03:47:55,497 - INFO - Cropped NC_H08_20200112_0600_L2ARP030_FLDK.02401_02401.nc to Malaysia Domain.
2025-12-19 03:48:42,418 - INFO - Downloaded: NC_H08_20200112_0700_L2ARP030_FLDK.02401_02401.nc
2025-12-19 03:48:42,487 - INFO - Cropped NC_H08_20200112_0700_L2ARP030_FLDK.02401_02401.nc to Malaysia Domain.
2025-12-19 03:48:50,547 - INFO - Downloaded: NC_H08_20200112_0800_L2ARP030_FLDK.02401_02401.nc
2025-12-19 03:48:50,615 - INFO - Cropped NC_H08_20200112_0800_L2ARP030_FLDK.02401_02401.nc to Malaysia Domain.
2025-12-19 03:48:58,544 - INFO - Downloaded: NC_H08_20200112_0900_L2ARP030_FLDK.02401_02401.nc
2025-12-19 03:48:58,611 - INFO - Cropped NC_H08_20200112_0900_L2ARP030_FLDK.02401_02401.nc to Malaysia Domain.
2025-12-19 03:49:09,346 - INFO - Downloaded: NC_H08_20200113_0000_L2ARP030_FLDK.02401_02401.nc
2025-12-19 03:49:09,414 - INFO - Cropped NC_H08_20200113_0000_L2ARP030_FLDK.02401_02401.nc to Malaysia Domain.
2025-12-19 03:49:17,867 - INFO - Downloaded: NC_H08_20200113_0100_L2ARP030_FLDK.02401_02401.nc
2025-12-19 03:49:17,945 - INFO - Cropped NC_H08_20200113_0100_L2ARP030_FLDK.02401_02401.nc to Malaysia Domain.
2025-12-19 03:49:18,641 - INFO - No minute 00 files found in /pub/himawari/L2/ARP/030/202001/13/02/
2025-12-19 03:50:32,489 - INFO - Downloaded: NC_H08_20200113_0300_L2ARP030_FLDK.02401_02401.nc
2025-12-19 03:50:32,574 - INFO - Cropped NC_H08_20200113_0300_L2ARP030_FLDK.02401_02401.nc to Malaysia Domain.
2025-12-19 03:50:43,137 - INFO - Downloaded: NC_H08_20200113_0400_L2ARP030_FLDK.02401_02401.nc
2025-12-19 03:50:43,217 - INFO - Cropped NC_H08_20200113_0400_L2ARP030_FLDK.02401_02401.nc to Malaysia Domain.
2025-12-19 03:50:49,693 - INFO - Downloaded: NC_H08_20200113_0500_L2ARP030_FLDK.02401_02401.nc
2025-12-19 03:50:49,773 - INFO - Cropped NC_H08_20200113_0500_L2ARP030_FLDK.02401_02401.nc to Malaysia Domain.
2025-12-19 03:50:57,730 - INFO - Downloaded: NC_H08_20200113_0600_L2ARP030_FLDK.02401_02401.nc
2025-12-19 03:50:57,810 - INFO - Cropped NC_H08_20200113_0600_L2ARP030_FLDK.02401_02401.nc to Malaysia Domain.
2025-12-19 03:51:08,024 - INFO - Downloaded: NC_H08_20200113_0700_L2ARP030_FLDK.02401_02401.nc
2025-12-19 03:51:08,103 - INFO - Cropped NC_H08_20200113_0700_L2ARP030_FLDK.02401_02401.nc to Malaysia Domain.
2025-12-19 03:51:51,998 - INFO - Downloaded: NC_H08_20200113_0800_L2ARP030_FLDK.02401_02401.nc
2025-12-19 03:51:52,074 - INFO - Cropped NC_H08_20200113_0800_L2ARP030_FLDK.02401_02401.nc to Malaysia Domain.
2025-12-19 03:51:59,513 - INFO - Downloaded: NC_H08_20200113_0900_L2ARP030_FLDK.02401_02401.nc
2025-12-19 03:51:59,586 - INFO - Cropped NC_H08_20200113_0900_L2ARP030_FLDK.02401_02401.nc to Malaysia Domain.
2025-12-19 03:52:15,036 - INFO - Downloaded: NC_H08_20200114_0000_L2ARP030_FLDK.02401_02401.nc
2025-12-19 03:52:15,105 - INFO - Cropped NC_H08_20200114_0000_L2ARP030_FLDK.02401_02401.nc to Malaysia Domain.
2025-12-19 03:52:25,052 - INFO - Downloaded: NC_H08_20200114_0100_L2ARP030_FLDK.02401_02401.nc
2025-12-19 03:52:25,128 - INFO - Cropped NC_H08_20200114_0100_L2ARP030_FLDK.02401_02401.nc to Malaysia Domain.
2025-12-19 03:52:37,390 - INFO - Downloaded: NC_H08_20200114_0200_L2ARP030_FLDK.02401_02401.nc
2025-12-19 03:52:37,474 - INFO - Cropped NC_H08_20200114_0200_L2ARP030_FLDK.02401_02401.nc to Malaysia Domain.
2025-12-19 03:52:46,683 - INFO - Downloaded: NC_H08_20200114_0300_L2ARP030_FLDK.02401_02401.nc
2025-12-19 03:52:46,765 - INFO - Cropped NC_H08_20200114_0300_L2ARP030_FLDK.02401_02401.nc to Malaysia Domain.
2025-12-19 03:52:51,243 - INFO - Downloaded: NC_H08_20200114_0400_L2ARP030_FLDK.02401_02401.nc
2025-12-19 03:52:51,325 - INFO - Cropped NC_H08_20200114_0400_L2ARP030_FLDK.02401_02401.nc to Malaysia Domain.
2025-12-19 03:52:59,610 - INFO - Downloaded: NC_H08_20200114_0500_L2ARP030_FLDK.02401_02401.nc
2025-12-19 03:52:59,694 - INFO - Cropped NC_H08_20200114_0500_L2ARP030_FLDK.02401_02401.nc to Malaysia Domain.
2025-12-19 03:54:08,101 - INFO - Downloaded: NC_H08_20200114_0600_L2ARP030_FLDK.02401_02401.nc
2025-12-19 03:54:08,183 - INFO - Cropped NC_H08_20200114_0600_L2ARP030_FLDK.02401_02401.nc to Malaysia Domain.
2025-12-19 03:54:17,961 - INFO - Downloaded: NC_H08_20200114_0700_L2ARP030_FLDK.02401_02401.nc
2025-12-19 03:54:18,041 - INFO - Cropped NC_H08_20200114_0700_L2ARP030_FLDK.02401_02401.nc to Malaysia Domain.
2025-12-19 03:55:07,555 - INFO - Downloaded: NC_H08_20200114_0800_L2ARP030_FLDK.02401_02401.nc
2025-12-19 03:55:07,636 - INFO - Cropped NC_H08_20200114_0800_L2ARP030_FLDK.02401_02401.nc to Malaysia Domain.
2025-12-19 03:55:18,131 - INFO - Downloaded: NC_H08_20200114_0900_L2ARP030_FLDK.02401_02401.nc
2025-12-19 03:55:18,206 - INFO - Cropped NC_H08_20200114_0900_L2ARP030_FLDK.02401_02401.nc to Malaysia Domain.
2025-12-19 03:55:28,100 - INFO - Downloaded: NC_H08_20200115_0000_L2ARP030_FLDK.02401_02401.nc
2025-12-19 03:55:28,176 - INFO - Cropped NC_H08_20200115_0000_L2ARP030_FLDK.02401_02401.nc to Malaysia Domain.
2025-12-19 03:55:35,748 - INFO - Downloaded: NC_H08_20200115_0100_L2ARP030_FLDK.02401_02401.nc
2025-12-19 03:55:35,840 - INFO - Cropped NC_H08_20200115_0100_L2ARP030_FLDK.02401_02401.nc to Malaysia Domain.
2025-12-19 03:55:44,566 - INFO - Downloaded: NC_H08_20200115_0200_L2ARP030_FLDK.02401_02401.nc
2025-12-19 03:55:44,662 - INFO - Cropped NC_H08_20200115_0200_L2ARP030_FLDK.02401_02401.nc to Malaysia Domain.
2025-12-19 03:55:53,734 - INFO - Downloaded: NC_H08_20200115_0300_L2ARP030_FLDK.02401_02401.nc
2025-12-19 03:55:53,833 - INFO - Cropped NC_H08_20200115_0300_L2ARP030_FLDK.02401_02401.nc to Malaysia Domain.
2025-12-19 03:55:58,564 - INFO - Downloaded: NC_H08_20200115_0400_L2ARP030_FLDK.02401_02401.nc
2025-12-19 03:55:58,663 - INFO - Cropped NC_H08_20200115_0400_L2ARP030_FLDK.02401_02401.nc to Malaysia Domain.
2025-12-19 03:56:03,822 - INFO - Downloaded: NC_H08_20200115_0500_L2ARP030_FLDK.02401_02401.nc
2025-12-19 03:56:03,922 - INFO - Cropped NC_H08_20200115_0500_L2ARP030_FLDK.02401_02401.nc to Malaysia Domain.
2025-12-19 03:56:09,123 - INFO - Downloaded: NC_H08_20200115_0600_L2ARP030_FLDK.02401_02401.nc
2025-12-19 03:56:09,215 - INFO - Cropped NC_H08_20200115_0600_L2ARP030_FLDK.02401_02401.nc to Malaysia Domain.
2025-12-19 03:56:14,240 - INFO - Downloaded: NC_H08_20200115_0700_L2ARP030_FLDK.02401_02401.nc
2025-12-19 03:56:14,328 - INFO - Cropped NC_H08_20200115_0700_L2ARP030_FLDK.02401_02401.nc to Malaysia Domain.
2025-12-19 03:56:18,678 - INFO - Downloaded: NC_H08_20200115_0800_L2ARP030_FLDK.02401_02401.nc
2025-12-19 03:56:18,763 - INFO - Cropped NC_H08_20200115_0800_L2ARP030_FLDK.02401_02401.nc to Malaysia Domain.
2025-12-19 03:56:57,832 - INFO - Downloaded: NC_H08_20200115_0900_L2ARP030_FLDK.02401_02401.nc
2025-12-19 03:56:57,911 - INFO - Cropped NC_H08_20200115_0900_L2ARP030_FLDK.02401_02401.nc to Malaysia Domain.
2025-12-19 03:57:08,055 - INFO - Downloaded: NC_H08_20200116_0000_L2ARP030_FLDK.02401_02401.nc
2025-12-19 03:57:08,131 - INFO - Cropped NC_H08_20200116_0000_L2ARP030_FLDK.02401_02401.nc to Malaysia Domain.
2025-12-19 03:57:12,404 - INFO - Downloaded: NC_H08_20200116_0100_L2ARP030_FLDK.02401_02401.nc
2025-12-19 03:57:12,497 - INFO - Cropped NC_H08_20200116_0100_L2ARP030_FLDK.02401_02401.nc to Malaysia Domain.
2025-12-19 03:57:17,334 - INFO - Downloaded: NC_H08_20200116_0200_L2ARP030_FLDK.02401_02401.nc
2025-12-19 03:57:17,428 - INFO - Cropped NC_H08_20200116_0200_L2ARP030_FLDK.02401_02401.nc to Malaysia Domain.
2025-12-19 03:57:28,439 - INFO - Downloaded: NC_H08_20200116_0300_L2ARP030_FLDK.02401_02401.nc
2025-12-19 03:57:28,536 - INFO - Cropped NC_H08_20200116_0300_L2ARP030_FLDK.02401_02401.nc to Malaysia Domain.
2025-12-19 03:59:24,117 - INFO - Downloaded: NC_H08_20200116_0400_L2ARP030_FLDK.02401_02401.nc
2025-12-19 03:59:24,213 - INFO - Cropped NC_H08_20200116_0400_L2ARP030_FLDK.02401_02401.nc to Malaysia Domain.
2025-12-19 03:59:41,530 - INFO - Downloaded: NC_H08_20200116_0500_L2ARP030_FLDK.02401_02401.nc
2025-12-19 03:59:41,625 - INFO - Cropped NC_H08_20200116_0500_L2ARP030_FLDK.02401_02401.nc to Malaysia Domain.
2025-12-19 03:59:51,940 - INFO - Downloaded: NC_H08_20200116_0600_L2ARP030_FLDK.02401_02401.nc
2025-12-19 03:59:52,033 - INFO - Cropped NC_H08_20200116_0600_L2ARP030_FLDK.02401_02401.nc to Malaysia Domain.
2025-12-19 03:59:58,481 - INFO - Downloaded: NC_H08_20200116_0700_L2ARP030_FLDK.02401_02401.nc
2025-12-19 03:59:58,573 - INFO - Cropped NC_H08_20200116_0700_L2ARP030_FLDK.02401_02401.nc to Malaysia Domain.
2025-12-19 04:00:07,524 - INFO - Downloaded: NC_H08_20200116_0800_L2ARP030_FLDK.02401_02401.nc
2025-12-19 04:00:07,612 - INFO - Cropped NC_H08_20200116_0800_L2ARP030_FLDK.02401_02401.nc to Malaysia Domain.
2025-12-19 04:00:14,310 - INFO - Downloaded: NC_H08_20200116_0900_L2ARP030_FLDK.02401_02401.nc
2025-12-19 04:00:14,387 - INFO - Cropped NC_H08_20200116_0900_L2ARP030_FLDK.02401_02401.nc to Malaysia Domain.
2025-12-19 04:00:19,286 - INFO - Downloaded: NC_H08_20200117_0000_L2ARP030_FLDK.02401_02401.nc
2025-12-19 04:00:19,361 - INFO - Cropped NC_H08_20200117_0000_L2ARP030_FLDK.02401_02401.nc to Malaysia Domain.
2025-12-19 04:00:24,738 - INFO - Downloaded: NC_H08_20200117_0100_L2ARP030_FLDK.02401_02401.nc
2025-12-19 04:00:24,819 - INFO - Cropped NC_H08_20200117_0100_L2ARP030_FLDK.02401_02401.nc to Malaysia Domain.
2025-12-19 04:00:32,393 - INFO - Downloaded: NC_H08_20200117_0200_L2ARP030_FLDK.02401_02401.nc
2025-12-19 04:00:32,479 - INFO - Cropped NC_H08_20200117_0200_L2ARP030_FLDK.02401_02401.nc to Malaysia Domain.
2025-12-19 04:00:40,057 - INFO - Downloaded: NC_H08_20200117_0300_L2ARP030_FLDK.02401_02401.nc
2025-12-19 04:00:40,154 - INFO - Cropped NC_H08_20200117_0300_L2ARP030_FLDK.02401_02401.nc to Malaysia Domain.
2025-12-19 04:00:49,773 - INFO - Downloaded: NC_H08_20200117_0400_L2ARP030_FLDK.02401_02401.nc
2025-12-19 04:00:49,864 - INFO - Cropped NC_H08_20200117_0400_L2ARP030_FLDK.02401_02401.nc to Malaysia Domain.
2025-12-19 04:00:58,288 - INFO - Downloaded: NC_H08_20200117_0500_L2ARP030_FLDK.02401_02401.nc
2025-12-19 04:00:58,379 - INFO - Cropped NC_H08_20200117_0500_L2ARP030_FLDK.02401_02401.nc to Malaysia Domain.
2025-12-19 04:01:08,718 - INFO - Downloaded: NC_H08_20200117_0600_L2ARP030_FLDK.02401_02401.nc
2025-12-19 04:01:08,810 - INFO - Cropped NC_H08_20200117_0600_L2ARP030_FLDK.02401_02401.nc to Malaysia Domain.
2025-12-19 04:02:22,559 - INFO - Downloaded: NC_H08_20200117_0700_L2ARP030_FLDK.02401_02401.nc
2025-12-19 04:02:22,646 - INFO - Cropped NC_H08_20200117_0700_L2ARP030_FLDK.02401_02401.nc to Malaysia Domain.
2025-12-19 04:02:34,399 - INFO - Downloaded: NC_H08_20200117_0800_L2ARP030_FLDK.02401_02401.nc
2025-12-19 04:02:34,484 - INFO - Cropped NC_H08_20200117_0800_L2ARP030_FLDK.02401_02401.nc to Malaysia Domain.
2025-12-19 04:02:41,540 - INFO - Downloaded: NC_H08_20200117_0900_L2ARP030_FLDK.02401_02401.nc
2025-12-19 04:02:41,619 - INFO - Cropped NC_H08_20200117_0900_L2ARP030_FLDK.02401_02401.nc to Malaysia Domain.
2025-12-19 04:02:50,926 - INFO - Downloaded: NC_H08_20200118_0000_L2ARP030_FLDK.02401_02401.nc
2025-12-19 04:02:51,005 - INFO - Cropped NC_H08_20200118_0000_L2ARP030_FLDK.02401_02401.nc to Malaysia Domain.
2025-12-19 04:03:00,495 - INFO - Downloaded: NC_H08_20200118_0100_L2ARP030_FLDK.02401_02401.nc
2025-12-19 04:03:00,588 - INFO - Cropped NC_H08_20200118_0100_L2ARP030_FLDK.02401_02401.nc to Malaysia Domain.
2025-12-19 04:04:26,194 - INFO - Downloaded: NC_H08_20200118_0200_L2ARP030_FLDK.02401_02401.nc
2025-12-19 04:04:26,290 - INFO - Cropped NC_H08_20200118_0200_L2ARP030_FLDK.02401_02401.nc to Malaysia Domain.
2025-12-19 04:04:37,029 - INFO - Downloaded: NC_H08_20200118_0300_L2ARP030_FLDK.02401_02401.nc
2025-12-19 04:04:37,125 - INFO - Cropped NC_H08_20200118_0300_L2ARP030_FLDK.02401_02401.nc to Malaysia Domain.
2025-12-19 04:04:43,535 - INFO - Downloaded: NC_H08_20200118_0400_L2ARP030_FLDK.02401_02401.nc
2025-12-19 04:04:43,630 - INFO - Cropped NC_H08_20200118_0400_L2ARP030_FLDK.02401_02401.nc to Malaysia Domain.
2025-12-19 04:04:54,959 - INFO - Downloaded: NC_H08_20200118_0500_L2ARP030_FLDK.02401_02401.nc
2025-12-19 04:04:55,053 - INFO - Cropped NC_H08_20200118_0500_L2ARP030_FLDK.02401_02401.nc to Malaysia Domain.
2025-12-19 04:06:13,383 - INFO - Downloaded: NC_H08_20200118_0600_L2ARP030_FLDK.02401_02401.nc
2025-12-19 04:06:13,473 - INFO - Cropped NC_H08_20200118_0600_L2ARP030_FLDK.02401_02401.nc to Malaysia Domain.
2025-12-19 04:06:21,140 - INFO - Downloaded: NC_H08_20200118_0700_L2ARP030_FLDK.02401_02401.nc
2025-12-19 04:06:21,227 - INFO - Cropped NC_H08_20200118_0700_L2ARP030_FLDK.02401_02401.nc to Malaysia Domain.
2025-12-19 04:06:26,818 - INFO - Downloaded: NC_H08_20200118_0800_L2ARP030_FLDK.02401_02401.nc
2025-12-19 04:06:26,903 - INFO - Cropped NC_H08_20200118_0800_L2ARP030_FLDK.02401_02401.nc to Malaysia Domain.
2025-12-19 04:07:05,642 - INFO - Downloaded: NC_H08_20200118_0900_L2ARP030_FLDK.02401_02401.nc
2025-12-19 04:07:05,720 - INFO - Cropped NC_H08_20200118_0900_L2ARP030_FLDK.02401_02401.nc to Malaysia Domain.
2025-12-19 04:07:12,201 - INFO - Downloaded: NC_H08_20200119_0000_L2ARP030_FLDK.02401_02401.nc
2025-12-19 04:07:12,291 - INFO - Cropped NC_H08_20200119_0000_L2ARP030_FLDK.02401_02401.nc to Malaysia Domain.
2025-12-19 04:07:16,524 - INFO - Downloaded: NC_H08_20200119_0100_L2ARP030_FLDK.02401_02401.nc
2025-12-19 04:07:16,627 - INFO - Cropped NC_H08_20200119_0100_L2ARP030_FLDK.02401_02401.nc to Malaysia Domain.
2025-12-19 04:07:20,932 - INFO - Downloaded: NC_H08_20200119_0200_L2ARP030_FLDK.02401_02401.nc
2025-12-19 04:07:21,034 - INFO - Cropped NC_H08_20200119_0200_L2ARP030_FLDK.02401_02401.nc to Malaysia Domain.
2025-12-19 04:07:26,187 - INFO - Downloaded: NC_H08_20200119_0300_L2ARP030_FLDK.02401_02401.nc
2025-12-19 04:07:26,284 - INFO - Cropped NC_H08_20200119_0300_L2ARP030_FLDK.02401_02401.nc to Malaysia Domain.
2025-12-19 04:07:31,777 - INFO - Downloaded: NC_H08_20200119_0400_L2ARP030_FLDK.02401_02401.nc
2025-12-19 04:07:31,873 - INFO - Cropped NC_H08_20200119_0400_L2ARP030_FLDK.02401_02401.nc to Malaysia Domain.
2025-12-19 04:07:43,661 - INFO - Downloaded: NC_H08_20200119_0500_L2ARP030_FLDK.02401_02401.nc
2025-12-19 04:07:43,757 - INFO - Cropped NC_H08_20200119_0500_L2ARP030_FLDK.02401_02401.nc to Malaysia Domain.
2025-12-19 04:07:48,996 - INFO - Downloaded: NC_H08_20200119_0600_L2ARP030_FLDK.02401_02401.nc
2025-12-19 04:07:49,087 - INFO - Cropped NC_H08_20200119_0600_L2ARP030_FLDK.02401_02401.nc to Malaysia Domain.
2025-12-19 04:09:15,017 - INFO - Downloaded: NC_H08_20200119_0700_L2ARP030_FLDK.02401_02401.nc
2025-12-19 04:09:15,107 - INFO - Cropped NC_H08_20200119_0700_L2ARP030_FLDK.02401_02401.nc to Malaysia Domain.
2025-12-19 04:10:19,442 - INFO - Downloaded: NC_H08_20200119_0800_L2ARP030_FLDK.02401_02401.nc
2025-12-19 04:10:19,528 - INFO - Cropped NC_H08_20200119_0800_L2ARP030_FLDK.02401_02401.nc to Malaysia Domain.
2025-12-19 04:10:28,272 - INFO - Downloaded: NC_H08_20200119_0900_L2ARP030_FLDK.02401_02401.nc
2025-12-19 04:10:28,347 - INFO - Cropped NC_H08_20200119_0900_L2ARP030_FLDK.02401_02401.nc to Malaysia Domain.
2025-12-19 04:11:53,379 - INFO - Downloaded: NC_H08_20200120_0000_L2ARP030_FLDK.02401_02401.nc
2025-12-19 04:11:53,457 - INFO - Cropped NC_H08_20200120_0000_L2ARP030_FLDK.02401_02401.nc to Malaysia Domain.
2025-12-19 04:12:07,689 - INFO - Downloaded: NC_H08_20200120_0100_L2ARP030_FLDK.02401_02401.nc
2025-12-19 04:12:07,785 - INFO - Cropped NC_H08_20200120_0100_L2ARP030_FLDK.02401_02401.nc to Malaysia Domain.
2025-12-19 04:12:18,225 - INFO - Downloaded: NC_H08_20200120_0200_L2ARP030_FLDK.02401_02401.nc
2025-12-19 04:12:18,321 - INFO - Cropped NC_H08_20200120_0200_L2ARP030_FLDK.02401_02401.nc to Malaysia Domain.
2025-12-19 04:12:30,330 - INFO - Downloaded: NC_H08_20200120_0300_L2ARP030_FLDK.02401_02401.nc
2025-12-19 04:12:30,428 - INFO - Cropped NC_H08_20200120_0300_L2ARP030_FLDK.02401_02401.nc to Malaysia Domain.
2025-12-19 04:12:40,504 - INFO - Downloaded: NC_H08_20200120_0400_L2ARP030_FLDK.02401_02401.nc
2025-12-19 04:12:40,602 - INFO - Cropped NC_H08_20200120_0400_L2ARP030_FLDK.02401_02401.nc to Malaysia Domain.
2025-12-19 04:12:52,580 - INFO - Downloaded: NC_H08_20200120_0500_L2ARP030_FLDK.02401_02401.nc
2025-12-19 04:12:52,672 - INFO - Cropped NC_H08_20200120_0500_L2ARP030_FLDK.02401_02401.nc to Malaysia Domain.
2025-12-19 04:13:02,372 - INFO - Downloaded: NC_H08_20200120_0600_L2ARP030_FLDK.02401_02401.nc
2025-12-19 04:13:02,460 - INFO - Cropped NC_H08_20200120_0600_L2ARP030_FLDK.02401_02401.nc to Malaysia Domain.
2025-12-19 04:13:12,425 - INFO - Downloaded: NC_H08_20200120_0700_L2ARP030_FLDK.02401_02401.nc
2025-12-19 04:13:12,513 - INFO - Cropped NC_H08_20200120_0700_L2ARP030_FLDK.02401_02401.nc to Malaysia Domain.
2025-12-19 04:13:17,280 - INFO - Downloaded: NC_H08_20200120_0800_L2ARP030_FLDK.02401_02401.nc
2025-12-19 04:13:17,364 - INFO - Cropped NC_H08_20200120_0800_L2ARP030_FLDK.02401_02401.nc to Malaysia Domain.
2025-12-19 04:13:21,005 - INFO - Downloaded: NC_H08_20200120_0900_L2ARP030_FLDK.02401_02401.nc
2025-12-19 04:13:21,084 - INFO - Cropped NC_H08_20200120_0900_L2ARP030_FLDK.02401_02401.nc to Malaysia Domain.
2025-12-19 04:13:24,936 - INFO - Downloaded: NC_H08_20200121_0000_L2ARP030_FLDK.02401_02401.nc
2025-12-19 04:13:25,012 - INFO - Cropped NC_H08_20200121_0000_L2ARP030_FLDK.02401_02401.nc to Malaysia Domain.
2025-12-19 04:13:31,443 - INFO - Downloaded: NC_H08_20200121_0100_L2ARP030_FLDK.02401_02401.nc
2025-12-19 04:13:31,542 - INFO - Cropped NC_H08_20200121_0100_L2ARP030_FLDK.02401_02401.nc to Malaysia Domain.
2025-12-19 04:13:36,478 - INFO - Downloaded: NC_H08_20200121_0200_L2ARP030_FLDK.02401_02401.nc
2025-12-19 04:13:36,576 - INFO - Cropped NC_H08_20200121_0200_L2ARP030_FLDK.02401_02401.nc to Malaysia Domain.
2025-12-19 04:15:25,370 - INFO - Downloaded: NC_H08_20200121_0300_L2ARP030_FLDK.02401_02401.nc
2025-12-19 04:15:25,472 - INFO - Cropped NC_H08_20200121_0300_L2ARP030_FLDK.02401_02401.nc to Malaysia Domain.
2025-12-19 04:17:18,144 - INFO - Downloaded: NC_H08_20200121_0400_L2ARP030_FLDK.02401_02401.nc
2025-12-19 04:17:18,245 - INFO - Cropped NC_H08_20200121_0400_L2ARP030_FLDK.02401_02401.nc to Malaysia Domain.
2025-12-19 04:17:27,774 - INFO - Downloaded: NC_H08_20200121_0500_L2ARP030_FLDK.02401_02401.nc
2025-12-19 04:17:27,864 - INFO - Cropped NC_H08_20200121_0500_L2ARP030_FLDK.02401_02401.nc to Malaysia Domain.
2025-12-19 04:17:36,369 - INFO - Downloaded: NC_H08_20200121_0600_L2ARP030_FLDK.02401_02401.nc
2025-12-19 04:17:36,452 - INFO - Cropped NC_H08_20200121_0600_L2ARP030_FLDK.02401_02401.nc to Malaysia Domain.
2025-12-19 04:17:48,313 - INFO - Downloaded: NC_H08_20200121_0700_L2ARP030_FLDK.02401_02401.nc
2025-12-19 04:17:48,394 - INFO - Cropped NC_H08_20200121_0700_L2ARP030_FLDK.02401_02401.nc to Malaysia Domain.
2025-12-19 04:18:44,272 - INFO - Downloaded: NC_H08_20200121_0800_L2ARP030_FLDK.02401_02401.nc
2025-12-19 04:18:44,358 - INFO - Cropped NC_H08_20200121_0800_L2ARP030_FLDK.02401_02401.nc to Malaysia Domain.
2025-12-19 04:18:52,397 - INFO - Downloaded: NC_H08_20200121_0900_L2ARP030_FLDK.02401_02401.nc
2025-12-19 04:18:52,475 - INFO - Cropped NC_H08_20200121_0900_L2ARP030_FLDK.02401_02401.nc to Malaysia Domain.
2025-12-19 04:20:14,050 - INFO - Downloaded: NC_H08_20200122_0000_L2ARP030_FLDK.02401_02401.nc
2025-12-19 04:20:14,131 - INFO - Cropped NC_H08_20200122_0000_L2ARP030_FLDK.02401_02401.nc to Malaysia Domain.
2025-12-19 04:20:26,538 - INFO - Downloaded: NC_H08_20200122_0100_L2ARP030_FLDK.02401_02401.nc
2025-12-19 04:20:26,637 - INFO - Cropped NC_H08_20200122_0100_L2ARP030_FLDK.02401_02401.nc to Malaysia Domain.
2025-12-19 04:20:31,777 - INFO - Downloaded: NC_H08_20200122_0200_L2ARP030_FLDK.02401_02401.nc
2025-12-19 04:20:31,879 - INFO - Cropped NC_H08_20200122_0200_L2ARP030_FLDK.02401_02401.nc to Malaysia Domain.
2025-12-19 04:20:37,184 - INFO - Downloaded: NC_H08_20200122_0300_L2ARP030_FLDK.02401_02401.nc
2025-12-19 04:20:37,292 - INFO - Cropped NC_H08_20200122_0300_L2ARP030_FLDK.02401_02401.nc to Malaysia Domain.
2025-12-19 04:22:15,319 - INFO - Downloaded: NC_H08_20200122_0400_L2ARP030_FLDK.02401_02401.nc
2025-12-19 04:22:15,427 - INFO - Cropped NC_H08_20200122_0400_L2ARP030_FLDK.02401_02401.nc to Malaysia Domain.
2025-12-19 04:22:22,338 - INFO - Downloaded: NC_H08_20200122_0500_L2ARP030_FLDK.02401_02401.nc
2025-12-19 04:22:22,436 - INFO - Cropped NC_H08_20200122_0500_L2ARP030_FLDK.02401_02401.nc to Malaysia Domain.
2025-12-19 04:23:33,958 - INFO - Downloaded: NC_H08_20200122_0600_L2ARP030_FLDK.02401_02401.nc
2025-12-19 04:23:34,051 - INFO - Cropped NC_H08_20200122_0600_L2ARP030_FLDK.02401_02401.nc to Malaysia Domain.
2025-12-19 04:24:46,250 - INFO - Downloaded: NC_H08_20200122_0700_L2ARP030_FLDK.02401_02401.nc
2025-12-19 04:24:46,339 - INFO - Cropped NC_H08_20200122_0700_L2ARP030_FLDK.02401_02401.nc to Malaysia Domain.
2025-12-19 04:24:55,197 - INFO - Downloaded: NC_H08_20200122_0800_L2ARP030_FLDK.02401_02401.nc
2025-12-19 04:24:55,283 - INFO - Cropped NC_H08_20200122_0800_L2ARP030_FLDK.02401_02401.nc to Malaysia Domain.
2025-12-19 04:25:01,067 - INFO - Downloaded: NC_H08_20200122_0900_L2ARP030_FLDK.02401_02401.nc
2025-12-19 04:25:01,152 - INFO - Cropped NC_H08_20200122_0900_L2ARP030_FLDK.02401_02401.nc to Malaysia Domain.
2025-12-19 04:26:20,636 - INFO - Downloaded: NC_H08_20200123_0000_L2ARP030_FLDK.02401_02401.nc
2025-12-19 04:26:20,726 - INFO - Cropped NC_H08_20200123_0000_L2ARP030_FLDK.02401_02401.nc to Malaysia Domain.
2025-12-19 04:26:27,469 - INFO - Downloaded: NC_H08_20200123_0100_L2ARP030_FLDK.02401_02401.nc
2025-12-19 04:26:27,585 - INFO - Cropped NC_H08_20200123_0100_L2ARP030_FLDK.02401_02401.nc to Malaysia Domain.
2025-12-19 04:26:34,208 - INFO - Downloaded: NC_H08_20200123_0200_L2ARP030_FLDK.02401_02401.nc
2025-12-19 04:26:34,318 - INFO - Cropped NC_H08_20200123_0200_L2ARP030_FLDK.02401_02401.nc to Malaysia Domain.
2025-12-19 04:26:44,223 - INFO - Downloaded: NC_H08_20200123_0300_L2ARP030_FLDK.02401_02401.nc
2025-12-19 04:26:44,336 - INFO - Cropped NC_H08_20200123_0300_L2ARP030_FLDK.02401_02401.nc to Malaysia Domain.
2025-12-19 04:26:48,710 - INFO - Downloaded: NC_H08_20200123_0400_L2ARP030_FLDK.02401_02401.nc
2025-12-19 04:26:48,824 - INFO - Cropped NC_H08_20200123_0400_L2ARP030_FLDK.02401_02401.nc to Malaysia Domain.
2025-12-19 04:26:53,381 - INFO - Downloaded: NC_H08_20200123_0500_L2ARP030_FLDK.02401_02401.nc
2025-12-19 04:26:53,488 - INFO - Cropped NC_H08_20200123_0500_L2ARP030_FLDK.02401_02401.nc to Malaysia Domain.
2025-12-19 04:26:58,747 - INFO - Downloaded: NC_H08_20200123_0600_L2ARP030_FLDK.02401_02401.nc
2025-12-19 04:26:58,844 - INFO - Cropped NC_H08_20200123_0600_L2ARP030_FLDK.02401_02401.nc to Malaysia Domain.
2025-12-19 04:28:21,416 - INFO - Downloaded: NC_H08_20200123_0700_L2ARP030_FLDK.02401_02401.nc
2025-12-19 04:28:21,512 - INFO - Cropped NC_H08_20200123_0700_L2ARP030_FLDK.02401_02401.nc to Malaysia Domain.
2025-12-19 04:28:30,529 - INFO - Downloaded: NC_H08_20200123_0800_L2ARP030_FLDK.02401_02401.nc
2025-12-19 04:28:30,623 - INFO - Cropped NC_H08_20200123_0800_L2ARP030_FLDK.02401_02401.nc to Malaysia Domain.
2025-12-19 04:28:36,094 - INFO - Downloaded: NC_H08_20200123_0900_L2ARP030_FLDK.02401_02401.nc
2025-12-19 04:28:36,179 - INFO - Cropped NC_H08_20200123_0900_L2ARP030_FLDK.02401_02401.nc to Malaysia Domain.
2025-12-19 04:28:45,206 - INFO - Downloaded: NC_H08_20200124_0000_L2ARP030_FLDK.02401_02401.nc
2025-12-19 04:28:45,291 - INFO - Cropped NC_H08_20200124_0000_L2ARP030_FLDK.02401_02401.nc to Malaysia Domain.
2025-12-19 04:30:23,595 - INFO - Downloaded: NC_H08_20200124_0100_L2ARP030_FLDK.02401_02401.nc
2025-12-19 04:30:23,702 - INFO - Cropped NC_H08_20200124_0100_L2ARP030_FLDK.02401_02401.nc to Malaysia Domain.
2025-12-19 04:32:14,962 - INFO - Downloaded: NC_H08_20200124_0200_L2ARP030_FLDK.02401_02401.nc
2025-12-19 04:32:15,073 - INFO - Cropped NC_H08_20200124_0200_L2ARP030_FLDK.02401_02401.nc to Malaysia Domain.
2025-12-19 04:32:28,888 - INFO - Downloaded: NC_H08_20200124_0300_L2ARP030_FLDK.02401_02401.nc
2025-12-19 04:32:29,003 - INFO - Cropped NC_H08_20200124_0300_L2ARP030_FLDK.02401_02401.nc to Malaysia Domain.
2025-12-19 04:32:37,247 - INFO - Downloaded: NC_H08_20200124_0400_L2ARP030_FLDK.02401_02401.nc
2025-12-19 04:32:37,361 - INFO - Cropped NC_H08_20200124_0400_L2ARP030_FLDK.02401_02401.nc to Malaysia Domain.
2025-12-19 04:32:41,876 - INFO - Downloaded: NC_H08_20200124_0500_L2ARP030_FLDK.02401_02401.nc
2025-12-19 04:32:41,983 - INFO - Cropped NC_H08_20200124_0500_L2ARP030_FLDK.02401_02401.nc to Malaysia Domain.
2025-12-19 04:32:46,229 - INFO - Downloaded: NC_H08_20200124_0600_L2ARP030_FLDK.02401_02401.nc
2025-12-19 04:32:46,323 - INFO - Cropped NC_H08_20200124_0600_L2ARP030_FLDK.02401_02401.nc to Malaysia Domain.
2025-12-19 04:34:09,571 - INFO - Downloaded: NC_H08_20200124_0700_L2ARP030_FLDK.02401_02401.nc
2025-12-19 04:34:09,664 - INFO - Cropped NC_H08_20200124_0700_L2ARP030_FLDK.02401_02401.nc to Malaysia Domain.
2025-12-19 04:34:18,462 - INFO - Downloaded: NC_H08_20200124_0800_L2ARP030_FLDK.02401_02401.nc
2025-12-19 04:34:18,551 - INFO - Cropped NC_H08_20200124_0800_L2ARP030_FLDK.02401_02401.nc to Malaysia Domain.
2025-12-19 04:34:57,067 - INFO - Downloaded: NC_H08_20200124_0900_L2ARP030_FLDK.02401_02401.nc
2025-12-19 04:34:57,155 - INFO - Cropped NC_H08_20200124_0900_L2ARP030_FLDK.02401_02401.nc to Malaysia Domain.
2025-12-19 04:36:17,219 - INFO - Downloaded: NC_H08_20200125_0000_L2ARP030_FLDK.02401_02401.nc
2025-12-19 04:36:17,297 - INFO - Cropped NC_H08_20200125_0000_L2ARP030_FLDK.02401_02401.nc to Malaysia Domain.
2025-12-19 04:36:27,761 - INFO - Downloaded: NC_H08_20200125_0100_L2ARP030_FLDK.02401_02401.nc
2025-12-19 04:36:27,860 - INFO - Cropped NC_H08_20200125_0100_L2ARP030_FLDK.02401_02401.nc to Malaysia Domain.
2025-12-19 04:36:33,087 - INFO - Downloaded: NC_H08_20200125_0200_L2ARP030_FLDK.02401_02401.nc
2025-12-19 04:36:33,198 - INFO - Cropped NC_H08_20200125_0200_L2ARP030_FLDK.02401_02401.nc to Malaysia Domain.
2025-12-19 04:36:39,917 - INFO - Downloaded: NC_H08_20200125_0300_L2ARP030_FLDK.02401_02401.nc
2025-12-19 04:36:40,034 - INFO - Cropped NC_H08_20200125_0300_L2ARP030_FLDK.02401_02401.nc to Malaysia Domain.
2025-12-19 04:38:31,402 - INFO - Downloaded: NC_H08_20200125_0400_L2ARP030_FLDK.02401_02401.nc
2025-12-19 04:38:31,517 - INFO - Cropped NC_H08_20200125_0400_L2ARP030_FLDK.02401_02401.nc to Malaysia Domain.
2025-12-19 04:38:42,413 - INFO - Downloaded: NC_H08_20200125_0500_L2ARP030_FLDK.02401_02401.nc
2025-12-19 04:38:42,523 - INFO - Cropped NC_H08_20200125_0500_L2ARP030_FLDK.02401_02401.nc to Malaysia Domain.
2025-12-19 04:38:46,543 - INFO - Downloaded: NC_H08_20200125_0600_L2ARP030_FLDK.02401_02401.nc
2025-12-19 04:38:46,648 - INFO - Cropped NC_H08_20200125_0600_L2ARP030_FLDK.02401_02401.nc to Malaysia Domain.
2025-12-19 04:38:50,414 - INFO - Downloaded: NC_H08_20200125_0700_L2ARP030_FLDK.02401_02401.nc
2025-12-19 04:38:50,512 - INFO - Cropped NC_H08_20200125_0700_L2ARP030_FLDK.02401_02401.nc to Malaysia Domain.
2025-12-19 04:39:50,598 - INFO - Downloaded: NC_H08_20200125_0800_L2ARP030_FLDK.02401_02401.nc
2025-12-19 04:39:50,698 - INFO - Cropped NC_H08_20200125_0800_L2ARP030_FLDK.02401_02401.nc to Malaysia Domain.
2025-12-19 04:39:56,109 - INFO - Downloaded: NC_H08_20200125_0900_L2ARP030_FLDK.02401_02401.nc
2025-12-19 04:39:56,208 - INFO - Cropped NC_H08_20200125_0900_L2ARP030_FLDK.02401_02401.nc to Malaysia Domain.
2025-12-19 04:41:14,808 - INFO - Downloaded: NC_H08_20200126_0000_L2ARP030_FLDK.02401_02401.nc
2025-12-19 04:41:14,887 - INFO - Cropped NC_H08_20200126_0000_L2ARP030_FLDK.02401_02401.nc to Malaysia Domain.
2025-12-19 04:41:21,671 - INFO - Downloaded: NC_H08_20200126_0100_L2ARP030_FLDK.02401_02401.nc
2025-12-19 04:41:21,780 - INFO - Cropped NC_H08_20200126_0100_L2ARP030_FLDK.02401_02401.nc to Malaysia Domain.
2025-12-19 04:41:27,793 - INFO - Downloaded: NC_H08_20200126_0200_L2ARP030_FLDK.02401_02401.nc
2025-12-19 04:41:27,903 - INFO - Cropped NC_H08_20200126_0200_L2ARP030_FLDK.02401_02401.nc to Malaysia Domain.
2025-12-19 04:41:32,163 - INFO - Downloaded: NC_H08_20200126_0300_L2ARP030_FLDK.02401_02401.nc
2025-12-19 04:41:32,277 - INFO - Cropped NC_H08_20200126_0300_L2ARP030_FLDK.02401_02401.nc to Malaysia Domain.
2025-12-19 04:41:35,510 - INFO - Downloaded: NC_H08_20200126_0400_L2ARP030_FLDK.02401_02401.nc
2025-12-19 04:41:35,622 - INFO - Cropped NC_H08_20200126_0400_L2ARP030_FLDK.02401_02401.nc to Malaysia Domain.
2025-12-19 04:43:04,208 - INFO - Downloaded: NC_H08_20200126_0500_L2ARP030_FLDK.02401_02401.nc
2025-12-19 04:43:04,316 - INFO - Cropped NC_H08_20200126_0500_L2ARP030_FLDK.02401_02401.nc to Malaysia Domain.
2025-12-19 04:44:17,148 - INFO - Downloaded: NC_H08_20200126_0600_L2ARP030_FLDK.02401_02401.nc
2025-12-19 04:44:17,253 - INFO - Cropped NC_H08_20200126_0600_L2ARP030_FLDK.02401_02401.nc to Malaysia Domain.
2025-12-19 04:45:21,440 - INFO - Downloaded: NC_H08_20200126_0700_L2ARP030_FLDK.02401_02401.nc
2025-12-19 04:45:21,536 - INFO - Cropped NC_H08_20200126_0700_L2ARP030_FLDK.02401_02401.nc to Malaysia Domain.
2025-12-19 04:45:30,729 - INFO - Downloaded: NC_H08_20200126_0800_L2ARP030_FLDK.02401_02401.nc
2025-12-19 04:45:30,827 - INFO - Cropped NC_H08_20200126_0800_L2ARP030_FLDK.02401_02401.nc to Malaysia Domain.
2025-12-19 04:46:01,746 - INFO - Downloaded: NC_H08_20200126_0900_L2ARP030_FLDK.02401_02401.nc
2025-12-19 04:46:01,840 - INFO - Cropped NC_H08_20200126_0900_L2ARP030_FLDK.02401_02401.nc to Malaysia Domain.
2025-12-19 04:47:18,788 - INFO - Downloaded: NC_H08_20200127_0000_L2ARP030_FLDK.02401_02401.nc
2025-12-19 04:47:18,864 - INFO - Cropped NC_H08_20200127_0000_L2ARP030_FLDK.02401_02401.nc to Malaysia Domain.
2025-12-19 04:47:19,531 - INFO - No minute 00 files found in /pub/himawari/L2/ARP/030/202001/27/01/
2025-12-19 04:47:32,819 - INFO - Downloaded: NC_H08_20200127_0200_L2ARP030_FLDK.02401_02401.nc
2025-12-19 04:47:32,924 - INFO - Cropped NC_H08_20200127_0200_L2ARP030_FLDK.02401_02401.nc to Malaysia Domain.
2025-12-19 04:47:43,488 - INFO - Downloaded: NC_H08_20200127_0300_L2ARP030_FLDK.02401_02401.nc
2025-12-19 04:47:43,596 - INFO - Cropped NC_H08_20200127_0300_L2ARP030_FLDK.02401_02401.nc to Malaysia Domain.
2025-12-19 04:47:51,020 - INFO - Downloaded: NC_H08_20200127_0400_L2ARP030_FLDK.02401_02401.nc
2025-12-19 04:47:51,130 - INFO - Cropped NC_H08_20200127_0400_L2ARP030_FLDK.02401_02401.nc to Malaysia Domain.
2025-12-19 04:47:59,870 - INFO - Downloaded: NC_H08_20200127_0500_L2ARP030_FLDK.02401_02401.nc
2025-12-19 04:47:59,977 - INFO - Cropped NC_H08_20200127_0500_L2ARP030_FLDK.02401_02401.nc to Malaysia Domain.
2025-12-19 04:48:08,608 - INFO - Downloaded: NC_H08_20200127_0600_L2ARP030_FLDK.02401_02401.nc
2025-12-19 04:48:08,707 - INFO - Cropped NC_H08_20200127_0600_L2ARP030_FLDK.02401_02401.nc to Malaysia Domain.
2025-12-19 04:48:16,214 - INFO - Downloaded: NC_H08_20200127_0700_L2ARP030_FLDK.02401_02401.nc
2025-12-19 04:48:16,310 - INFO - Cropped NC_H08_20200127_0700_L2ARP030_FLDK.02401_02401.nc to Malaysia Domain.
2025-12-19 04:48:23,843 - INFO - Downloaded: NC_H08_20200127_0800_L2ARP030_FLDK.02401_02401.nc
2025-12-19 04:48:23,935 - INFO - Cropped NC_H08_20200127_0800_L2ARP030_FLDK.02401_02401.nc to Malaysia Domain.
2025-12-19 04:48:31,204 - INFO - Downloaded: NC_H08_20200127_0900_L2ARP030_FLDK.02401_02401.nc
2025-12-19 04:48:31,293 - INFO - Cropped NC_H08_20200127_0900_L2ARP030_FLDK.02401_02401.nc to Malaysia Domain.
2025-12-19 04:49:59,514 - INFO - Downloaded: NC_H08_20200128_0000_L2ARP030_FLDK.02401_02401.nc
2025-12-19 04:49:59,596 - INFO - Cropped NC_H08_20200128_0000_L2ARP030_FLDK.02401_02401.nc to Malaysia Domain.
2025-12-19 04:50:10,348 - INFO - Downloaded: NC_H08_20200128_0100_L2ARP030_FLDK.02401_02401.nc
2025-12-19 04:50:10,450 - INFO - Cropped NC_H08_20200128_0100_L2ARP030_FLDK.02401_02401.nc to Malaysia Domain.
2025-12-19 04:50:15,788 - INFO - Downloaded: NC_H08_20200128_0200_L2ARP030_FLDK.02401_02401.nc
2025-12-19 04:50:15,900 - INFO - Cropped NC_H08_20200128_0200_L2ARP030_FLDK.02401_02401.nc to Malaysia Domain.
2025-12-19 04:50:22,299 - INFO - Downloaded: NC_H08_20200128_0300_L2ARP030_FLDK.02401_02401.nc
2025-12-19 04:50:22,412 - INFO - Cropped NC_H08_20200128_0300_L2ARP030_FLDK.02401_02401.nc to Malaysia Domain.
2025-12-19 04:50:26,298 - INFO - Downloaded: NC_H08_20200128_0400_L2ARP030_FLDK.02401_02401.nc
2025-12-19 04:50:26,408 - INFO - Cropped NC_H08_20200128_0400_L2ARP030_FLDK.02401_02401.nc to Malaysia Domain.
2025-12-19 04:50:31,452 - INFO - Downloaded: NC_H08_20200128_0500_L2ARP030_FLDK.02401_02401.nc
2025-12-19 04:50:31,561 - INFO - Cropped NC_H08_20200128_0500_L2ARP030_FLDK.02401_02401.nc to Malaysia Domain.
2025-12-19 04:50:37,534 - INFO - Downloaded: NC_H08_20200128_0600_L2ARP030_FLDK.02401_02401.nc
2025-12-19 04:50:37,631 - INFO - Cropped NC_H08_20200128_0600_L2ARP030_FLDK.02401_02401.nc to Malaysia Domain.
2025-12-19 04:50:41,905 - INFO - Downloaded: NC_H08_20200128_0700_L2ARP030_FLDK.02401_02401.nc
2025-12-19 04:50:41,999 - INFO - Cropped NC_H08_20200128_0700_L2ARP030_FLDK.02401_02401.nc to Malaysia Domain.
2025-12-19 04:50:46,313 - INFO - Downloaded: NC_H08_20200128_0800_L2ARP030_FLDK.02401_02401.nc
2025-12-19 04:50:46,408 - INFO - Cropped NC_H08_20200128_0800_L2ARP030_FLDK.02401_02401.nc to Malaysia Domain.
2025-12-19 04:51:20,131 - INFO - Downloaded: NC_H08_20200128_0900_L2ARP030_FLDK.02401_02401.nc
2025-12-19 04:51:20,222 - INFO - Cropped NC_H08_20200128_0900_L2ARP030_FLDK.02401_02401.nc to Malaysia Domain.
2025-12-19 04:51:26,925 - INFO - Downloaded: NC_H08_20200129_0000_L2ARP030_FLDK.02401_02401.nc
2025-12-19 04:51:27,007 - INFO - Cropped NC_H08_20200129_0000_L2ARP030_FLDK.02401_02401.nc to Malaysia Domain.
2025-12-19 04:51:31,966 - INFO - Downloaded: NC_H08_20200129_0100_L2ARP030_FLDK.02401_02401.nc
2025-12-19 04:51:32,072 - INFO - Cropped NC_H08_20200129_0100_L2ARP030_FLDK.02401_02401.nc to Malaysia Domain.
2025-12-19 04:51:37,405 - INFO - Downloaded: NC_H08_20200129_0200_L2ARP030_FLDK.02401_02401.nc
2025-12-19 04:51:37,511 - INFO - Cropped NC_H08_20200129_0200_L2ARP030_FLDK.02401_02401.nc to Malaysia Domain.
2025-12-19 04:51:44,294 - INFO - Downloaded: NC_H08_20200129_0300_L2ARP030_FLDK.02401_02401.nc
2025-12-19 04:51:44,401 - INFO - Cropped NC_H08_20200129_0300_L2ARP030_FLDK.02401_02401.nc to Malaysia Domain.
2025-12-19 04:51:48,484 - INFO - Downloaded: NC_H08_20200129_0400_L2ARP030_FLDK.02401_02401.nc
2025-12-19 04:51:48,592 - INFO - Cropped NC_H08_20200129_0400_L2ARP030_FLDK.02401_02401.nc to Malaysia Domain.
2025-12-19 04:51:52,646 - INFO - Downloaded: NC_H08_20200129_0500_L2ARP030_FLDK.02401_02401.nc
2025-12-19 04:51:52,740 - INFO - Cropped NC_H08_20200129_0500_L2ARP030_FLDK.02401_02401.nc to Malaysia Domain.
2025-12-19 04:53:27,426 - INFO - Downloaded: NC_H08_20200129_0600_L2ARP030_FLDK.02401_02401.nc
2025-12-19 04:53:27,516 - INFO - Cropped NC_H08_20200129_0600_L2ARP030_FLDK.02401_02401.nc to Malaysia Domain.
2025-12-19 04:53:36,414 - INFO - Downloaded: NC_H08_20200129_0700_L2ARP030_FLDK.02401_02401.nc
2025-12-19 04:53:36,501 - INFO - Cropped NC_H08_20200129_0700_L2ARP030_FLDK.02401_02401.nc to Malaysia Domain.
2025-12-19 04:53:43,791 - INFO - Downloaded: NC_H08_20200129_0800_L2ARP030_FLDK.02401_02401.nc
2025-12-19 04:53:43,874 - INFO - Cropped NC_H08_20200129_0800_L2ARP030_FLDK.02401_02401.nc to Malaysia Domain.
2025-12-19 04:54:15,101 - INFO - Downloaded: NC_H08_20200129_0900_L2ARP030_FLDK.02401_02401.nc
2025-12-19 04:54:15,178 - INFO - Cropped NC_H08_20200129_0900_L2ARP030_FLDK.02401_02401.nc to Malaysia Domain.
2025-12-19 04:54:28,097 - INFO - Downloaded: NC_H08_20200130_0000_L2ARP030_FLDK.02401_02401.nc
2025-12-19 04:54:28,173 - INFO - Cropped NC_H08_20200130_0000_L2ARP030_FLDK.02401_02401.nc to Malaysia Domain.
2025-12-19 04:56:06,501 - INFO - Downloaded: NC_H08_20200130_0100_L2ARP030_FLDK.02401_02401.nc
2025-12-19 04:56:06,611 - INFO - Cropped NC_H08_20200130_0100_L2ARP030_FLDK.02401_02401.nc to Malaysia Domain.
2025-12-19 04:56:17,524 - INFO - Downloaded: NC_H08_20200130_0200_L2ARP030_FLDK.02401_02401.nc
2025-12-19 04:56:17,653 - INFO - Cropped NC_H08_20200130_0200_L2ARP030_FLDK.02401_02401.nc to Malaysia Domain.
2025-12-19 04:56:25,548 - INFO - Downloaded: NC_H08_20200130_0300_L2ARP030_FLDK.02401_02401.nc
2025-12-19 04:56:25,650 - INFO - Cropped NC_H08_20200130_0300_L2ARP030_FLDK.02401_02401.nc to Malaysia Domain.
2025-12-19 04:56:34,373 - INFO - Downloaded: NC_H08_20200130_0400_L2ARP030_FLDK.02401_02401.nc
2025-12-19 04:56:34,473 - INFO - Cropped NC_H08_20200130_0400_L2ARP030_FLDK.02401_02401.nc to Malaysia Domain.
2025-12-19 04:58:00,438 - INFO - Downloaded: NC_H08_20200130_0500_L2ARP030_FLDK.02401_02401.nc
2025-12-19 04:58:00,529 - INFO - Cropped NC_H08_20200130_0500_L2ARP030_FLDK.02401_02401.nc to Malaysia Domain.
2025-12-19 04:58:07,890 - INFO - Downloaded: NC_H08_20200130_0600_L2ARP030_FLDK.02401_02401.nc
2025-12-19 04:58:07,980 - INFO - Cropped NC_H08_20200130_0600_L2ARP030_FLDK.02401_02401.nc to Malaysia Domain.
2025-12-19 04:58:13,535 - INFO - Downloaded: NC_H08_20200130_0700_L2ARP030_FLDK.02401_02401.nc
2025-12-19 04:58:13,619 - INFO - Cropped NC_H08_20200130_0700_L2ARP030_FLDK.02401_02401.nc to Malaysia Domain.
2025-12-19 04:58:18,845 - INFO - Downloaded: NC_H08_20200130_0800_L2ARP030_FLDK.02401_02401.nc
2025-12-19 04:58:18,925 - INFO - Cropped NC_H08_20200130_0800_L2ARP030_FLDK.02401_02401.nc to Malaysia Domain.
2025-12-19 04:58:22,819 - INFO - Downloaded: NC_H08_20200130_0900_L2ARP030_FLDK.02401_02401.nc
2025-12-19 04:58:22,891 - INFO - Cropped NC_H08_20200130_0900_L2ARP030_FLDK.02401_02401.nc to Malaysia Domain.
2025-12-19 04:58:31,249 - INFO - Downloaded: NC_H08_20200131_0000_L2ARP030_FLDK.02401_02401.nc
2025-12-19 04:58:31,320 - INFO - Cropped NC_H08_20200131_0000_L2ARP030_FLDK.02401_02401.nc to Malaysia Domain.
2025-12-19 04:58:42,656 - INFO - Downloaded: NC_H08_20200131_0100_L2ARP030_FLDK.02401_02401.nc
2025-12-19 04:58:42,735 - INFO - Cropped NC_H08_20200131_0100_L2ARP030_FLDK.02401_02401.nc to Malaysia Domain.
2025-12-19 04:58:50,199 - INFO - Downloaded: NC_H08_20200131_0200_L2ARP030_FLDK.02401_02401.nc
2025-12-19 04:58:50,281 - INFO - Cropped NC_H08_20200131_0200_L2ARP030_FLDK.02401_02401.nc to Malaysia Domain.
2025-12-19 04:58:58,143 - INFO - Downloaded: NC_H08_20200131_0300_L2ARP030_FLDK.02401_02401.nc
2025-12-19 04:58:58,229 - INFO - Cropped NC_H08_20200131_0300_L2ARP030_FLDK.02401_02401.nc to Malaysia Domain.
2025-12-19 04:59:07,122 - INFO - Downloaded: NC_H08_20200131_0400_L2ARP030_FLDK.02401_02401.nc
2025-12-19 04:59:07,208 - INFO - Cropped NC_H08_20200131_0400_L2ARP030_FLDK.02401_02401.nc to Malaysia Domain.
2025-12-19 04:59:11,927 - INFO - Downloaded: NC_H08_20200131_0500_L2ARP030_FLDK.02401_02401.nc
2025-12-19 04:59:12,010 - INFO - Cropped NC_H08_20200131_0500_L2ARP030_FLDK.02401_02401.nc to Malaysia Domain.
2025-12-19 04:59:16,720 - INFO - Downloaded: NC_H08_20200131_0600_L2ARP030_FLDK.02401_02401.nc
2025-12-19 04:59:16,802 - INFO - Cropped NC_H08_20200131_0600_L2ARP030_FLDK.02401_02401.nc to Malaysia Domain.
2025-12-19 05:00:23,808 - INFO - Downloaded: NC_H08_20200131_0700_L2ARP030_FLDK.02401_02401.nc
2025-12-19 05:00:23,886 - INFO - Cropped NC_H08_20200131_0700_L2ARP030_FLDK.02401_02401.nc to Malaysia Domain.
2025-12-19 05:00:24,576 - INFO - No minute 00 files found in /pub/himawari/L2/ARP/030/202001/31/08/
2025-12-19 05:00:29,908 - INFO - Downloaded: NC_H08_20200131_0900_L2ARP030_FLDK.02401_02401.nc
2025-12-19 05:00:29,978 - INFO - Cropped NC_H08_20200131_0900_L2ARP030_FLDK.02401_02401.nc to Malaysia Domain.
2025-12-19 05:00:39,190 - INFO - Downloaded: NC_H08_20200201_0000_L2ARP030_FLDK.02401_02401.nc
2025-12-19 05:00:39,260 - INFO - Cropped NC_H08_20200201_0000_L2ARP030_FLDK.02401_02401.nc to Malaysia Domain.
2025-12-19 05:00:49,312 - INFO - Downloaded: NC_H08_20200201_0100_L2ARP030_FLDK.02401_02401.nc
2025-12-19 05:00:49,397 - INFO - Cropped NC_H08_20200201_0100_L2ARP030_FLDK.02401_02401.nc to Malaysia Domain.
2025-12-19 05:02:28,064 - INFO - Downloaded: NC_H08_20200201_0200_L2ARP030_FLDK.02401_02401.nc
2025-12-19 05:02:28,153 - INFO - Cropped NC_H08_20200201_0200_L2ARP030_FLDK.02401_02401.nc to Malaysia Domain.
2025-12-19 05:02:38,905 - INFO - Downloaded: NC_H08_20200201_0300_L2ARP030_FLDK.02401_02401.nc
2025-12-19 05:02:38,998 - INFO - Cropped NC_H08_20200201_0300_L2ARP030_FLDK.02401_02401.nc to Malaysia Domain.
2025-12-19 05:04:16,961 - INFO - Downloaded: NC_H08_20200201_0400_L2ARP030_FLDK.02401_02401.nc
2025-12-19 05:04:17,056 - INFO - Cropped NC_H08_20200201_0400_L2ARP030_FLDK.02401_02401.nc to Malaysia Domain.
2025-12-19 05:04:27,306 - INFO - Downloaded: NC_H08_20200201_0500_L2ARP030_FLDK.02401_02401.nc
2025-12-19 05:04:27,388 - INFO - Cropped NC_H08_20200201_0500_L2ARP030_FLDK.02401_02401.nc to Malaysia Domain.
2025-12-19 05:04:31,278 - INFO - Downloaded: NC_H08_20200201_0600_L2ARP030_FLDK.02401_02401.nc
2025-12-19 05:04:31,358 - INFO - Cropped NC_H08_20200201_0600_L2ARP030_FLDK.02401_02401.nc to Malaysia Domain.
2025-12-19 05:04:34,972 - INFO - Downloaded: NC_H08_20200201_0700_L2ARP030_FLDK.02401_02401.nc
2025-12-19 05:04:35,052 - INFO - Cropped NC_H08_20200201_0700_L2ARP030_FLDK.02401_02401.nc to Malaysia Domain.
2025-12-19 05:05:25,269 - INFO - Downloaded: NC_H08_20200201_0800_L2ARP030_FLDK.02401_02401.nc
2025-12-19 05:05:25,343 - INFO - Cropped NC_H08_20200201_0800_L2ARP030_FLDK.02401_02401.nc to Malaysia Domain.
2025-12-19 05:05:32,713 - INFO - Downloaded: NC_H08_20200201_0900_L2ARP030_FLDK.02401_02401.nc
2025-12-19 05:05:32,785 - INFO - Cropped NC_H08_20200201_0900_L2ARP030_FLDK.02401_02401.nc to Malaysia Domain.
2025-12-19 05:05:44,962 - INFO - Downloaded: NC_H08_20200202_0000_L2ARP030_FLDK.02401_02401.nc
2025-12-19 05:05:45,035 - INFO - Cropped NC_H08_20200202_0000_L2ARP030_FLDK.02401_02401.nc to Malaysia Domain.
2025-12-19 05:05:50,200 - INFO - Downloaded: NC_H08_20200202_0100_L2ARP030_FLDK.02401_02401.nc
2025-12-19 05:05:50,287 - INFO - Cropped NC_H08_20200202_0100_L2ARP030_FLDK.02401_02401.nc to Malaysia Domain.
2025-12-19 05:05:53,815 - INFO - Downloaded: NC_H08_20200202_0200_L2ARP030_FLDK.02401_02401.nc
2025-12-19 05:05:53,908 - INFO - Cropped NC_H08_20200202_0200_L2ARP030_FLDK.02401_02401.nc to Malaysia Domain.
2025-12-19 05:05:58,015 - INFO - Downloaded: NC_H08_20200202_0300_L2ARP030_FLDK.02401_02401.nc
2025-12-19 05:05:58,109 - INFO - Cropped NC_H08_20200202_0300_L2ARP030_FLDK.02401_02401.nc to Malaysia Domain.
2025-12-19 05:06:02,206 - INFO - Downloaded: NC_H08_20200202_0400_L2ARP030_FLDK.02401_02401.nc
2025-12-19 05:06:02,295 - INFO - Cropped NC_H08_20200202_0400_L2ARP030_FLDK.02401_02401.nc to Malaysia Domain.
2025-12-19 05:07:26,146 - INFO - Downloaded: NC_H08_20200202_0500_L2ARP030_FLDK.02401_02401.nc
2025-12-19 05:07:26,227 - INFO - Cropped NC_H08_20200202_0500_L2ARP030_FLDK.02401_02401.nc to Malaysia Domain.
2025-12-19 05:08:45,893 - INFO - Downloaded: NC_H08_20200202_0600_L2ARP030_FLDK.02401_02401.nc
2025-12-19 05:08:45,974 - INFO - Cropped NC_H08_20200202_0600_L2ARP030_FLDK.02401_02401.nc to Malaysia Domain.
2025-12-19 05:08:55,586 - INFO - Downloaded: NC_H08_20200202_0700_L2ARP030_FLDK.02401_02401.nc
2025-12-19 05:08:55,664 - INFO - Cropped NC_H08_20200202_0700_L2ARP030_FLDK.02401_02401.nc to Malaysia Domain.
2025-12-19 05:09:00,982 - INFO - Downloaded: NC_H08_20200202_0800_L2ARP030_FLDK.02401_02401.nc
2025-12-19 05:09:01,059 - INFO - Cropped NC_H08_20200202_0800_L2ARP030_FLDK.02401_02401.nc to Malaysia Domain.
2025-12-19 05:09:05,396 - INFO - Downloaded: NC_H08_20200202_0900_L2ARP030_FLDK.02401_02401.nc
2025-12-19 05:09:05,465 - INFO - Cropped NC_H08_20200202_0900_L2ARP030_FLDK.02401_02401.nc to Malaysia Domain.
2025-12-19 05:09:13,652 - INFO - Downloaded: NC_H08_20200203_0000_L2ARP030_FLDK.02401_02401.nc
2025-12-19 05:09:13,726 - INFO - Cropped NC_H08_20200203_0000_L2ARP030_FLDK.02401_02401.nc to Malaysia Domain.
2025-12-19 05:09:18,167 - INFO - Downloaded: NC_H08_20200203_0100_L2ARP030_FLDK.02401_02401.nc
2025-12-19 05:09:18,252 - INFO - Cropped NC_H08_20200203_0100_L2ARP030_FLDK.02401_02401.nc to Malaysia Domain.
2025-12-19 05:09:21,649 - INFO - Downloaded: NC_H08_20200203_0200_L2ARP030_FLDK.02401_02401.nc
2025-12-19 05:09:21,741 - INFO - Cropped NC_H08_20200203_0200_L2ARP030_FLDK.02401_02401.nc to Malaysia Domain.
2025-12-19 05:09:24,840 - INFO - Downloaded: NC_H08_20200203_0300_L2ARP030_FLDK.02401_02401.nc
2025-12-19 05:09:24,933 - INFO - Cropped NC_H08_20200203_0300_L2ARP030_FLDK.02401_02401.nc to Malaysia Domain.
2025-12-19 05:09:28,545 - INFO - Downloaded: NC_H08_20200203_0400_L2ARP030_FLDK.02401_02401.nc
2025-12-19 05:09:28,636 - INFO - Cropped NC_H08_20200203_0400_L2ARP030_FLDK.02401_02401.nc to Malaysia Domain.
2025-12-19 05:09:32,053 - INFO - Downloaded: NC_H08_20200203_0500_L2ARP030_FLDK.02401_02401.nc
2025-12-19 05:09:32,138 - INFO - Cropped NC_H08_20200203_0500_L2ARP030_FLDK.02401_02401.nc to Malaysia Domain.
2025-12-19 05:09:35,375 - INFO - Downloaded: NC_H08_20200203_0600_L2ARP030_FLDK.02401_02401.nc
2025-12-19 05:09:35,466 - INFO - Cropped NC_H08_20200203_0600_L2ARP030_FLDK.02401_02401.nc to Malaysia Domain.
2025-12-19 05:09:38,085 - INFO - Downloaded: NC_H08_20200203_0700_L2ARP030_FLDK.02401_02401.nc
2025-12-19 05:09:38,168 - INFO - Cropped NC_H08_20200203_0700_L2ARP030_FLDK.02401_02401.nc to Malaysia Domain.
2025-12-19 05:09:40,800 - INFO - Downloaded: NC_H08_20200203_0800_L2ARP030_FLDK.02401_02401.nc
2025-12-19 05:09:40,877 - INFO - Cropped NC_H08_20200203_0800_L2ARP030_FLDK.02401_02401.nc to Malaysia Domain.
2025-12-19 05:09:43,366 - INFO - Downloaded: NC_H08_20200203_0900_L2ARP030_FLDK.02401_02401.nc
2025-12-19 05:09:43,443 - INFO - Cropped NC_H08_20200203_0900_L2ARP030_FLDK.02401_02401.nc to Malaysia Domain.
2025-12-19 05:11:08,474 - INFO - Downloaded: NC_H08_20200204_0000_L2ARP030_FLDK.02401_02401.nc
2025-12-19 05:11:08,547 - INFO - Cropped NC_H08_20200204_0000_L2ARP030_FLDK.02401_02401.nc to Malaysia Domain.
2025-12-19 05:11:20,414 - INFO - Downloaded: NC_H08_20200204_0100_L2ARP030_FLDK.02401_02401.nc
2025-12-19 05:11:20,502 - INFO - Cropped NC_H08_20200204_0100_L2ARP030_FLDK.02401_02401.nc to Malaysia Domain.
2025-12-19 05:11:32,477 - INFO - Downloaded: NC_H08_20200204_0200_L2ARP030_FLDK.02401_02401.nc
2025-12-19 05:11:32,571 - INFO - Cropped NC_H08_20200204_0200_L2ARP030_FLDK.02401_02401.nc to Malaysia Domain.
2025-12-19 05:13:26,138 - INFO - Downloaded: NC_H08_20200204_0300_L2ARP030_FLDK.02401_02401.nc
2025-12-19 05:13:26,235 - INFO - Cropped NC_H08_20200204_0300_L2ARP030_FLDK.02401_02401.nc to Malaysia Domain.
2025-12-19 05:13:33,266 - INFO - Downloaded: NC_H08_20200204_0400_L2ARP030_FLDK.02401_02401.nc
2025-12-19 05:13:33,363 - INFO - Cropped NC_H08_20200204_0400_L2ARP030_FLDK.02401_02401.nc to Malaysia Domain.
2025-12-19 05:13:37,539 - INFO - Downloaded: NC_H08_20200204_0500_L2ARP030_FLDK.02401_02401.nc
2025-12-19 05:13:37,627 - INFO - Cropped NC_H08_20200204_0500_L2ARP030_FLDK.02401_02401.nc to Malaysia Domain.
2025-12-19 05:15:07,269 - INFO - Downloaded: NC_H08_20200204_0600_L2ARP030_FLDK.02401_02401.nc
2025-12-19 05:15:07,355 - INFO - Cropped NC_H08_20200204_0600_L2ARP030_FLDK.02401_02401.nc to Malaysia Domain.
2025-12-19 05:15:13,841 - INFO - Downloaded: NC_H08_20200204_0700_L2ARP030_FLDK.02401_02401.nc
2025-12-19 05:15:13,929 - INFO - Cropped NC_H08_20200204_0700_L2ARP030_FLDK.02401_02401.nc to Malaysia Domain.
2025-12-19 05:15:45,202 - INFO - Downloaded: NC_H08_20200204_0800_L2ARP030_FLDK.02401_02401.nc
2025-12-19 05:15:45,283 - INFO - Cropped NC_H08_20200204_0800_L2ARP030_FLDK.02401_02401.nc to Malaysia Domain.
2025-12-19 05:15:52,865 - INFO - Downloaded: NC_H08_20200204_0900_L2ARP030_FLDK.02401_02401.nc
2025-12-19 05:15:52,939 - INFO - Cropped NC_H08_20200204_0900_L2ARP030_FLDK.02401_02401.nc to Malaysia Domain.
2025-12-19 05:17:04,338 - INFO - Downloaded: NC_H08_20200205_0000_L2ARP030_FLDK.02401_02401.nc
2025-12-19 05:17:04,408 - INFO - Cropped NC_H08_20200205_0000_L2ARP030_FLDK.02401_02401.nc to Malaysia Domain.
2025-12-19 05:17:16,823 - INFO - Downloaded: NC_H08_20200205_0100_L2ARP030_FLDK.02401_02401.nc
2025-12-19 05:17:16,907 - INFO - Cropped NC_H08_20200205_0100_L2ARP030_FLDK.02401_02401.nc to Malaysia Domain.
2025-12-19 05:18:47,798 - INFO - Downloaded: NC_H08_20200205_0200_L2ARP030_FLDK.02401_02401.nc
2025-12-19 05:18:47,887 - INFO - Cropped NC_H08_20200205_0200_L2ARP030_FLDK.02401_02401.nc to Malaysia Domain.
2025-12-19 05:18:59,206 - INFO - Downloaded: NC_H08_20200205_0300_L2ARP030_FLDK.02401_02401.nc
2025-12-19 05:18:59,296 - INFO - Cropped NC_H08_20200205_0300_L2ARP030_FLDK.02401_02401.nc to Malaysia Domain.
2025-12-19 05:19:07,895 - INFO - Downloaded: NC_H08_20200205_0400_L2ARP030_FLDK.02401_02401.nc
2025-12-19 05:19:07,983 - INFO - Cropped NC_H08_20200205_0400_L2ARP030_FLDK.02401_02401.nc to Malaysia Domain.
2025-12-19 05:20:36,511 - INFO - Downloaded: NC_H08_20200205_0500_L2ARP030_FLDK.02401_02401.nc
2025-12-19 05:20:36,593 - INFO - Cropped NC_H08_20200205_0500_L2ARP030_FLDK.02401_02401.nc to Malaysia Domain.
2025-12-19 05:20:45,051 - INFO - Downloaded: NC_H08_20200205_0600_L2ARP030_FLDK.02401_02401.nc
2025-12-19 05:20:45,125 - INFO - Cropped NC_H08_20200205_0600_L2ARP030_FLDK.02401_02401.nc to Malaysia Domain.
2025-12-19 05:20:53,230 - INFO - Downloaded: NC_H08_20200205_0700_L2ARP030_FLDK.02401_02401.nc
2025-12-19 05:20:53,302 - INFO - Cropped NC_H08_20200205_0700_L2ARP030_FLDK.02401_02401.nc to Malaysia Domain.
2025-12-19 05:20:57,788 - INFO - Downloaded: NC_H08_20200205_0800_L2ARP030_FLDK.02401_02401.nc
2025-12-19 05:20:57,862 - INFO - Cropped NC_H08_20200205_0800_L2ARP030_FLDK.02401_02401.nc to Malaysia Domain.
2025-12-19 05:21:04,063 - INFO - Downloaded: NC_H08_20200205_0900_L2ARP030_FLDK.02401_02401.nc
2025-12-19 05:21:04,132 - INFO - Cropped NC_H08_20200205_0900_L2ARP030_FLDK.02401_02401.nc to Malaysia Domain.
2025-12-19 05:21:08,459 - INFO - Downloaded: NC_H08_20200206_0000_L2ARP030_FLDK.02401_02401.nc
2025-12-19 05:21:08,530 - INFO - Cropped NC_H08_20200206_0000_L2ARP030_FLDK.02401_02401.nc to Malaysia Domain.
2025-12-19 05:21:13,077 - INFO - Downloaded: NC_H08_20200206_0100_L2ARP030_FLDK.02401_02401.nc
2025-12-19 05:21:13,166 - INFO - Cropped NC_H08_20200206_0100_L2ARP030_FLDK.02401_02401.nc to Malaysia Domain.
2025-12-19 05:22:52,307 - INFO - Downloaded: NC_H08_20200206_0200_L2ARP030_FLDK.02401_02401.nc
2025-12-19 05:22:52,400 - INFO - Cropped NC_H08_20200206_0200_L2ARP030_FLDK.02401_02401.nc to Malaysia Domain.
2025-12-19 05:23:02,766 - INFO - Downloaded: NC_H08_20200206_0300_L2ARP030_FLDK.02401_02401.nc
2025-12-19 05:23:02,861 - INFO - Cropped NC_H08_20200206_0300_L2ARP030_FLDK.02401_02401.nc to Malaysia Domain.
2025-12-19 05:23:09,872 - INFO - Downloaded: NC_H08_20200206_0400_L2ARP030_FLDK.02401_02401.nc
2025-12-19 05:23:09,966 - INFO - Cropped NC_H08_20200206_0400_L2ARP030_FLDK.02401_02401.nc to Malaysia Domain.
2025-12-19 05:24:43,024 - INFO - Downloaded: NC_H08_20200206_0500_L2ARP030_FLDK.02401_02401.nc
2025-12-19 05:24:43,107 - INFO - Cropped NC_H08_20200206_0500_L2ARP030_FLDK.02401_02401.nc to Malaysia Domain.
2025-12-19 05:24:52,856 - INFO - Downloaded: NC_H08_20200206_0600_L2ARP030_FLDK.02401_02401.nc
2025-12-19 05:24:52,931 - INFO - Cropped NC_H08_20200206_0600_L2ARP030_FLDK.02401_02401.nc to Malaysia Domain.
2025-12-19 05:24:59,224 - INFO - Downloaded: NC_H08_20200206_0700_L2ARP030_FLDK.02401_02401.nc
2025-12-19 05:24:59,298 - INFO - Cropped NC_H08_20200206_0700_L2ARP030_FLDK.02401_02401.nc to Malaysia Domain.
2025-12-19 05:25:02,748 - INFO - Downloaded: NC_H08_20200206_0800_L2ARP030_FLDK.02401_02401.nc
2025-12-19 05:25:02,822 - INFO - Cropped NC_H08_20200206_0800_L2ARP030_FLDK.02401_02401.nc to Malaysia Domain.
2025-12-19 05:25:10,133 - INFO - Downloaded: NC_H08_20200206_0900_L2ARP030_FLDK.02401_02401.nc
2025-12-19 05:25:10,208 - INFO - Cropped NC_H08_20200206_0900_L2ARP030_FLDK.02401_02401.nc to Malaysia Domain.
2025-12-19 05:25:19,710 - INFO - Downloaded: NC_H08_20200207_0000_L2ARP030_FLDK.02401_02401.nc
2025-12-19 05:25:19,781 - INFO - Cropped NC_H08_20200207_0000_L2ARP030_FLDK.02401_02401.nc to Malaysia Domain.
2025-12-19 05:25:27,937 - INFO - Downloaded: NC_H08_20200207_0100_L2ARP030_FLDK.02401_02401.nc
2025-12-19 05:25:28,029 - INFO - Cropped NC_H08_20200207_0100_L2ARP030_FLDK.02401_02401.nc to Malaysia Domain.
2025-12-19 05:25:36,495 - INFO - Downloaded: NC_H08_20200207_0200_L2ARP030_FLDK.02401_02401.nc
2025-12-19 05:25:36,591 - INFO - Cropped NC_H08_20200207_0200_L2ARP030_FLDK.02401_02401.nc to Malaysia Domain.
2025-12-19 05:27:01,063 - INFO - Downloaded: NC_H08_20200207_0300_L2ARP030_FLDK.02401_02401.nc
2025-12-19 05:27:01,160 - INFO - Cropped NC_H08_20200207_0300_L2ARP030_FLDK.02401_02401.nc to Malaysia Domain.
2025-12-19 05:27:07,966 - INFO - Downloaded: NC_H08_20200207_0400_L2ARP030_FLDK.02401_02401.nc
2025-12-19 05:27:08,061 - INFO - Cropped NC_H08_20200207_0400_L2ARP030_FLDK.02401_02401.nc to Malaysia Domain.
2025-12-19 05:27:12,540 - INFO - Downloaded: NC_H08_20200207_0500_L2ARP030_FLDK.02401_02401.nc
2025-12-19 05:27:12,622 - INFO - Cropped NC_H08_20200207_0500_L2ARP030_FLDK.02401_02401.nc to Malaysia Domain.
2025-12-19 05:28:36,330 - INFO - Downloaded: NC_H08_20200207_0600_L2ARP030_FLDK.02401_02401.nc
2025-12-19 05:28:36,410 - INFO - Cropped NC_H08_20200207_0600_L2ARP030_FLDK.02401_02401.nc to Malaysia Domain.
2025-12-19 05:28:45,710 - INFO - Downloaded: NC_H08_20200207_0700_L2ARP030_FLDK.02401_02401.nc
2025-12-19 05:28:45,809 - INFO - Cropped NC_H08_20200207_0700_L2ARP030_FLDK.02401_02401.nc to Malaysia Domain.
2025-12-19 05:28:49,474 - INFO - Downloaded: NC_H08_20200207_0800_L2ARP030_FLDK.02401_02401.nc
2025-12-19 05:28:49,551 - INFO - Cropped NC_H08_20200207_0800_L2ARP030_FLDK.02401_02401.nc to Malaysia Domain.
2025-12-19 05:28:52,627 - INFO - Downloaded: NC_H08_20200207_0900_L2ARP030_FLDK.02401_02401.nc
2025-12-19 05:28:52,700 - INFO - Cropped NC_H08_20200207_0900_L2ARP030_FLDK.02401_02401.nc to Malaysia Domain.
2025-12-19 05:28:58,370 - INFO - Downloaded: NC_H08_20200208_0000_L2ARP030_FLDK.02401_02401.nc
2025-12-19 05:28:58,441 - INFO - Cropped NC_H08_20200208_0000_L2ARP030_FLDK.02401_02401.nc to Malaysia Domain.
2025-12-19 05:29:05,997 - INFO - Downloaded: NC_H08_20200208_0100_L2ARP030_FLDK.02401_02401.nc
2025-12-19 05:29:06,075 - INFO - Cropped NC_H08_20200208_0100_L2ARP030_FLDK.02401_02401.nc to Malaysia Domain.
2025-12-19 05:29:14,318 - INFO - Downloaded: NC_H08_20200208_0200_L2ARP030_FLDK.02401_02401.nc
2025-12-19 05:29:14,398 - INFO - Cropped NC_H08_20200208_0200_L2ARP030_FLDK.02401_02401.nc to Malaysia Domain.
2025-12-19 05:29:18,634 - INFO - Downloaded: NC_H08_20200208_0300_L2ARP030_FLDK.02401_02401.nc
2025-12-19 05:29:18,714 - INFO - Cropped NC_H08_20200208_0300_L2ARP030_FLDK.02401_02401.nc to Malaysia Domain.
2025-12-19 05:30:57,446 - INFO - Downloaded: NC_H08_20200208_0400_L2ARP030_FLDK.02401_02401.nc
2025-12-19 05:30:57,530 - INFO - Cropped NC_H08_20200208_0400_L2ARP030_FLDK.02401_02401.nc to Malaysia Domain.
2025-12-19 05:32:11,357 - INFO - Downloaded: NC_H08_20200208_0500_L2ARP030_FLDK.02401_02401.nc
2025-12-19 05:32:11,433 - INFO - Cropped NC_H08_20200208_0500_L2ARP030_FLDK.02401_02401.nc to Malaysia Domain.
2025-12-19 05:32:21,142 - INFO - Downloaded: NC_H08_20200208_0600_L2ARP030_FLDK.02401_02401.nc
2025-12-19 05:32:21,224 - INFO - Cropped NC_H08_20200208_0600_L2ARP030_FLDK.02401_02401.nc to Malaysia Domain.
2025-12-19 05:32:27,647 - INFO - Downloaded: NC_H08_20200208_0700_L2ARP030_FLDK.02401_02401.nc
2025-12-19 05:32:27,723 - INFO - Cropped NC_H08_20200208_0700_L2ARP030_FLDK.02401_02401.nc to Malaysia Domain.
2025-12-19 05:33:07,835 - INFO - Downloaded: NC_H08_20200208_0800_L2ARP030_FLDK.02401_02401.nc
2025-12-19 05:33:07,909 - INFO - Cropped NC_H08_20200208_0800_L2ARP030_FLDK.02401_02401.nc to Malaysia Domain.
2025-12-19 05:33:35,281 - INFO - Downloaded: NC_H08_20200208_0900_L2ARP030_FLDK.02401_02401.nc
2025-12-19 05:33:35,352 - INFO - Cropped NC_H08_20200208_0900_L2ARP030_FLDK.02401_02401.nc to Malaysia Domain.
2025-12-19 05:34:33,510 - INFO - Downloaded: NC_H08_20200209_0000_L2ARP030_FLDK.02401_02401.nc
2025-12-19 05:34:33,580 - INFO - Cropped NC_H08_20200209_0000_L2ARP030_FLDK.02401_02401.nc to Malaysia Domain.
2025-12-19 05:34:40,129 - INFO - Downloaded: NC_H08_20200209_0100_L2ARP030_FLDK.02401_02401.nc
2025-12-19 05:34:40,200 - INFO - Cropped NC_H08_20200209_0100_L2ARP030_FLDK.02401_02401.nc to Malaysia Domain.
2025-12-19 05:36:01,246 - INFO - Downloaded: NC_H08_20200209_0200_L2ARP030_FLDK.02401_02401.nc
2025-12-19 05:36:01,333 - INFO - Cropped NC_H08_20200209_0200_L2ARP030_FLDK.02401_02401.nc to Malaysia Domain.
2025-12-19 05:36:11,770 - INFO - Downloaded: NC_H08_20200209_0300_L2ARP030_FLDK.02401_02401.nc
2025-12-19 05:36:11,849 - INFO - Cropped NC_H08_20200209_0300_L2ARP030_FLDK.02401_02401.nc to Malaysia Domain.
2025-12-19 05:36:15,749 - INFO - Downloaded: NC_H08_20200209_0400_L2ARP030_FLDK.02401_02401.nc
2025-12-19 05:36:15,829 - INFO - Cropped NC_H08_20200209_0400_L2ARP030_FLDK.02401_02401.nc to Malaysia Domain.
2025-12-19 05:36:19,783 - INFO - Downloaded: NC_H08_20200209_0500_L2ARP030_FLDK.02401_02401.nc
2025-12-19 05:36:19,861 - INFO - Cropped NC_H08_20200209_0500_L2ARP030_FLDK.02401_02401.nc to Malaysia Domain.
2025-12-19 05:36:23,799 - INFO - Downloaded: NC_H08_20200209_0600_L2ARP030_FLDK.02401_02401.nc
2025-12-19 05:36:23,876 - INFO - Cropped NC_H08_20200209_0600_L2ARP030_FLDK.02401_02401.nc to Malaysia Domain.
2025-12-19 05:36:26,900 - INFO - Downloaded: NC_H08_20200209_0700_L2ARP030_FLDK.02401_02401.nc
2025-12-19 05:36:26,976 - INFO - Cropped NC_H08_20200209_0700_L2ARP030_FLDK.02401_02401.nc to Malaysia Domain.
2025-12-19 05:37:21,719 - INFO - Downloaded: NC_H08_20200209_0800_L2ARP030_FLDK.02401_02401.nc
2025-12-19 05:37:21,793 - INFO - Cropped NC_H08_20200209_0800_L2ARP030_FLDK.02401_02401.nc to Malaysia Domain.
2025-12-19 05:37:24,314 - INFO - Downloaded: NC_H08_20200209_0900_L2ARP030_FLDK.02401_02401.nc
2025-12-19 05:37:24,377 - INFO - Cropped NC_H08_20200209_0900_L2ARP030_FLDK.02401_02401.nc to Malaysia Domain.
2025-12-19 05:37:27,994 - INFO - Downloaded: NC_H08_20200210_0000_L2ARP030_FLDK.02401_02401.nc
2025-12-19 05:37:28,067 - INFO - Cropped NC_H08_20200210_0000_L2ARP030_FLDK.02401_02401.nc to Malaysia Domain.
2025-12-19 05:37:31,071 - INFO - Downloaded: NC_H08_20200210_0100_L2ARP030_FLDK.02401_02401.nc
2025-12-19 05:37:31,144 - INFO - Cropped NC_H08_20200210_0100_L2ARP030_FLDK.02401_02401.nc to Malaysia Domain.
2025-12-19 05:37:34,248 - INFO - Downloaded: NC_H08_20200210_0200_L2ARP030_FLDK.02401_02401.nc
2025-12-19 05:37:34,322 - INFO - Cropped NC_H08_20200210_0200_L2ARP030_FLDK.02401_02401.nc to Malaysia Domain.
2025-12-19 05:39:15,171 - INFO - Downloaded: NC_H08_20200210_0300_L2ARP030_FLDK.02401_02401.nc
2025-12-19 05:39:15,252 - INFO - Cropped NC_H08_20200210_0300_L2ARP030_FLDK.02401_02401.nc to Malaysia Domain.
2025-12-19 05:39:22,275 - INFO - Downloaded: NC_H08_20200210_0400_L2ARP030_FLDK.02401_02401.nc
2025-12-19 05:39:22,355 - INFO - Cropped NC_H08_20200210_0400_L2ARP030_FLDK.02401_02401.nc to Malaysia Domain.
2025-12-19 05:39:25,694 - INFO - Downloaded: NC_H08_20200210_0500_L2ARP030_FLDK.02401_02401.nc
2025-12-19 05:39:25,770 - INFO - Cropped NC_H08_20200210_0500_L2ARP030_FLDK.02401_02401.nc to Malaysia Domain.
2025-12-19 05:39:29,417 - INFO - Downloaded: NC_H08_20200210_0600_L2ARP030_FLDK.02401_02401.nc
2025-12-19 05:39:29,495 - INFO - Cropped NC_H08_20200210_0600_L2ARP030_FLDK.02401_02401.nc to Malaysia Domain.
2025-12-19 05:39:32,939 - INFO - Downloaded: NC_H08_20200210_0700_L2ARP030_FLDK.02401_02401.nc
2025-12-19 05:39:33,016 - INFO - Cropped NC_H08_20200210_0700_L2ARP030_FLDK.02401_02401.nc to Malaysia Domain.
2025-12-19 05:40:24,840 - INFO - Downloaded: NC_H08_20200210_0800_L2ARP030_FLDK.02401_02401.nc
2025-12-19 05:40:24,913 - INFO - Cropped NC_H08_20200210_0800_L2ARP030_FLDK.02401_02401.nc to Malaysia Domain.
2025-12-19 05:40:30,280 - INFO - Downloaded: NC_H08_20200210_0900_L2ARP030_FLDK.02401_02401.nc
2025-12-19 05:40:30,347 - INFO - Cropped NC_H08_20200210_0900_L2ARP030_FLDK.02401_02401.nc to Malaysia Domain.
2025-12-19 05:40:38,127 - INFO - Downloaded: NC_H08_20200211_0000_L2ARP030_FLDK.02401_02401.nc
2025-12-19 05:40:38,199 - INFO - Cropped NC_H08_20200211_0000_L2ARP030_FLDK.02401_02401.nc to Malaysia Domain.
2025-12-19 05:40:47,684 - INFO - Downloaded: NC_H08_20200211_0100_L2ARP030_FLDK.02401_02401.nc
2025-12-19 05:40:47,765 - INFO - Cropped NC_H08_20200211_0100_L2ARP030_FLDK.02401_02401.nc to Malaysia Domain.
2025-12-19 05:40:56,749 - INFO - Downloaded: NC_H08_20200211_0200_L2ARP030_FLDK.02401_02401.nc
2025-12-19 05:40:56,834 - INFO - Cropped NC_H08_20200211_0200_L2ARP030_FLDK.02401_02401.nc to Malaysia Domain.
2025-12-19 05:42:28,652 - INFO - Downloaded: NC_H08_20200211_0300_L2ARP030_FLDK.02401_02401.nc
2025-12-19 05:42:28,765 - INFO - Cropped NC_H08_20200211_0300_L2ARP030_FLDK.02401_02401.nc to Malaysia Domain.
2025-12-19 05:44:06,618 - INFO - Downloaded: NC_H08_20200211_0400_L2ARP030_FLDK.02401_02401.nc
2025-12-19 05:44:06,713 - INFO - Cropped NC_H08_20200211_0400_L2ARP030_FLDK.02401_02401.nc to Malaysia Domain.
2025-12-19 05:44:17,254 - INFO - Downloaded: NC_H08_20200211_0500_L2ARP030_FLDK.02401_02401.nc
2025-12-19 05:44:17,342 - INFO - Cropped NC_H08_20200211_0500_L2ARP030_FLDK.02401_02401.nc to Malaysia Domain.
2025-12-19 05:45:43,143 - INFO - Downloaded: NC_H08_20200211_0600_L2ARP030_FLDK.02401_02401.nc
2025-12-19 05:45:43,227 - INFO - Cropped NC_H08_20200211_0600_L2ARP030_FLDK.02401_02401.nc to Malaysia Domain.
2025-12-19 05:45:49,416 - INFO - Downloaded: NC_H08_20200211_0700_L2ARP030_FLDK.02401_02401.nc
2025-12-19 05:45:49,497 - INFO - Cropped NC_H08_20200211_0700_L2ARP030_FLDK.02401_02401.nc to Malaysia Domain.
2025-12-19 05:45:53,377 - INFO - Downloaded: NC_H08_20200211_0800_L2ARP030_FLDK.02401_02401.nc
2025-12-19 05:45:53,454 - INFO - Cropped NC_H08_20200211_0800_L2ARP030_FLDK.02401_02401.nc to Malaysia Domain.
2025-12-19 05:45:56,652 - INFO - Downloaded: NC_H08_20200211_0900_L2ARP030_FLDK.02401_02401.nc
2025-12-19 05:45:56,723 - INFO - Cropped NC_H08_20200211_0900_L2ARP030_FLDK.02401_02401.nc to Malaysia Domain.
2025-12-19 05:47:18,608 - INFO - Downloaded: NC_H08_20200212_0000_L2ARP030_FLDK.02401_02401.nc
2025-12-19 05:47:18,681 - INFO - Cropped NC_H08_20200212_0000_L2ARP030_FLDK.02401_02401.nc to Malaysia Domain.
2025-12-19 05:47:29,014 - INFO - Downloaded: NC_H08_20200212_0100_L2ARP030_FLDK.02401_02401.nc
2025-12-19 05:47:29,104 - INFO - Cropped NC_H08_20200212_0100_L2ARP030_FLDK.02401_02401.nc to Malaysia Domain.
2025-12-19 05:47:36,131 - INFO - Downloaded: NC_H08_20200212_0200_L2ARP030_FLDK.02401_02401.nc
2025-12-19 05:47:36,240 - INFO - Cropped NC_H08_20200212_0200_L2ARP030_FLDK.02401_02401.nc to Malaysia Domain.
2025-12-19 05:49:20,277 - INFO - Downloaded: NC_H08_20200212_0300_L2ARP030_FLDK.02401_02401.nc
2025-12-19 05:49:20,381 - INFO - Cropped NC_H08_20200212_0300_L2ARP030_FLDK.02401_02401.nc to Malaysia Domain.
2025-12-19 05:49:31,125 - INFO - Downloaded: NC_H08_20200212_0400_L2ARP030_FLDK.02401_02401.nc
2025-12-19 05:49:31,225 - INFO - Cropped NC_H08_20200212_0400_L2ARP030_FLDK.02401_02401.nc to Malaysia Domain.
2025-12-19 05:49:40,949 - INFO - Downloaded: NC_H08_20200212_0500_L2ARP030_FLDK.02401_02401.nc
2025-12-19 05:49:41,044 - INFO - Cropped NC_H08_20200212_0500_L2ARP030_FLDK.02401_02401.nc to Malaysia Domain.
2025-12-19 05:49:49,020 - INFO - Downloaded: NC_H08_20200212_0600_L2ARP030_FLDK.02401_02401.nc
2025-12-19 05:49:49,110 - INFO - Cropped NC_H08_20200212_0600_L2ARP030_FLDK.02401_02401.nc to Malaysia Domain.
2025-12-19 05:49:56,188 - INFO - Downloaded: NC_H08_20200212_0700_L2ARP030_FLDK.02401_02401.nc
2025-12-19 05:49:56,271 - INFO - Cropped NC_H08_20200212_0700_L2ARP030_FLDK.02401_02401.nc to Malaysia Domain.
2025-12-19 05:49:59,899 - INFO - Downloaded: NC_H08_20200212_0800_L2ARP030_FLDK.02401_02401.nc
2025-12-19 05:49:59,985 - INFO - Cropped NC_H08_20200212_0800_L2ARP030_FLDK.02401_02401.nc to Malaysia Domain.
2025-12-19 05:50:02,739 - INFO - Downloaded: NC_H08_20200212_0900_L2ARP030_FLDK.02401_02401.nc
2025-12-19 05:50:02,814 - INFO - Cropped NC_H08_20200212_0900_L2ARP030_FLDK.02401_02401.nc to Malaysia Domain.
2025-12-19 05:50:06,280 - INFO - Downloaded: NC_H08_20200213_0000_L2ARP030_FLDK.02401_02401.nc
2025-12-19 05:50:06,357 - INFO - Cropped NC_H08_20200213_0000_L2ARP030_FLDK.02401_02401.nc to Malaysia Domain.
2025-12-19 05:51:23,753 - INFO - Downloaded: NC_H08_20200213_0100_L2ARP030_FLDK.02401_02401.nc
2025-12-19 05:51:23,851 - INFO - Cropped NC_H08_20200213_0100_L2ARP030_FLDK.02401_02401.nc to Malaysia Domain.
2025-12-19 05:51:34,221 - INFO - Downloaded: NC_H08_20200213_0200_L2ARP030_FLDK.02401_02401.nc
2025-12-19 05:51:34,324 - INFO - Cropped NC_H08_20200213_0200_L2ARP030_FLDK.02401_02401.nc to Malaysia Domain.
2025-12-19 05:51:41,492 - INFO - Downloaded: NC_H08_20200213_0300_L2ARP030_FLDK.02401_02401.nc
2025-12-19 05:51:41,601 - INFO - Cropped NC_H08_20200213_0300_L2ARP030_FLDK.02401_02401.nc to Malaysia Domain.
2025-12-19 05:51:48,606 - INFO - Downloaded: NC_H08_20200213_0400_L2ARP030_FLDK.02401_02401.nc
2025-12-19 05:51:48,711 - INFO - Cropped NC_H08_20200213_0400_L2ARP030_FLDK.02401_02401.nc to Malaysia Domain.
2025-12-19 05:51:52,674 - INFO - Downloaded: NC_H08_20200213_0500_L2ARP030_FLDK.02401_02401.nc
2025-12-19 05:51:52,769 - INFO - Cropped NC_H08_20200213_0500_L2ARP030_FLDK.02401_02401.nc to Malaysia Domain.
2025-12-19 05:51:56,093 - INFO - Downloaded: NC_H08_20200213_0600_L2ARP030_FLDK.02401_02401.nc
2025-12-19 05:51:56,184 - INFO - Cropped NC_H08_20200213_0600_L2ARP030_FLDK.02401_02401.nc to Malaysia Domain.
2025-12-19 05:51:59,600 - INFO - Downloaded: NC_H08_20200213_0700_L2ARP030_FLDK.02401_02401.nc
2025-12-19 05:51:59,686 - INFO - Cropped NC_H08_20200213_0700_L2ARP030_FLDK.02401_02401.nc to Malaysia Domain.
2025-12-19 05:52:02,443 - INFO - Downloaded: NC_H08_20200213_0800_L2ARP030_FLDK.02401_02401.nc
2025-12-19 05:52:02,524 - INFO - Cropped NC_H08_20200213_0800_L2ARP030_FLDK.02401_02401.nc to Malaysia Domain.
2025-12-19 05:52:05,502 - INFO - Downloaded: NC_H08_20200213_0900_L2ARP030_FLDK.02401_02401.nc
2025-12-19 05:52:05,581 - INFO - Cropped NC_H08_20200213_0900_L2ARP030_FLDK.02401_02401.nc to Malaysia Domain.
2025-12-19 05:52:10,631 - INFO - Downloaded: NC_H08_20200214_0000_L2ARP030_FLDK.02401_02401.nc
2025-12-19 05:52:10,711 - INFO - Cropped NC_H08_20200214_0000_L2ARP030_FLDK.02401_02401.nc to Malaysia Domain.
2025-12-19 05:52:14,809 - INFO - Downloaded: NC_H08_20200214_0100_L2ARP030_FLDK.02401_02401.nc
2025-12-19 05:52:14,905 - INFO - Cropped NC_H08_20200214_0100_L2ARP030_FLDK.02401_02401.nc to Malaysia Domain.
2025-12-19 05:52:18,321 - INFO - Downloaded: NC_H08_20200214_0200_L2ARP030_FLDK.02401_02401.nc
2025-12-19 05:52:18,422 - INFO - Cropped NC_H08_20200214_0200_L2ARP030_FLDK.02401_02401.nc to Malaysia Domain.
2025-12-19 05:53:40,664 - INFO - Downloaded: NC_H08_20200214_0300_L2ARP030_FLDK.02401_02401.nc
2025-12-19 05:53:40,765 - INFO - Cropped NC_H08_20200214_0300_L2ARP030_FLDK.02401_02401.nc to Malaysia Domain.
2025-12-19 05:53:51,334 - INFO - Downloaded: NC_H08_20200214_0400_L2ARP030_FLDK.02401_02401.nc
2025-12-19 05:53:51,433 - INFO - Cropped NC_H08_20200214_0400_L2ARP030_FLDK.02401_02401.nc to Malaysia Domain.
2025-12-19 05:53:58,265 - INFO - Downloaded: NC_H08_20200214_0500_L2ARP030_FLDK.02401_02401.nc
2025-12-19 05:53:58,362 - INFO - Cropped NC_H08_20200214_0500_L2ARP030_FLDK.02401_02401.nc to Malaysia Domain.
2025-12-19 05:54:06,686 - INFO - Downloaded: NC_H08_20200214_0600_L2ARP030_FLDK.02401_02401.nc
2025-12-19 05:54:06,780 - INFO - Cropped NC_H08_20200214_0600_L2ARP030_FLDK.02401_02401.nc to Malaysia Domain.
2025-12-19 05:55:13,515 - INFO - Downloaded: NC_H08_20200214_0700_L2ARP030_FLDK.02401_02401.nc
2025-12-19 05:55:13,602 - INFO - Cropped NC_H08_20200214_0700_L2ARP030_FLDK.02401_02401.nc to Malaysia Domain.
2025-12-19 05:55:19,708 - INFO - Downloaded: NC_H08_20200214_0800_L2ARP030_FLDK.02401_02401.nc
2025-12-19 05:55:19,790 - INFO - Cropped NC_H08_20200214_0800_L2ARP030_FLDK.02401_02401.nc to Malaysia Domain.
2025-12-19 05:55:53,581 - INFO - Downloaded: NC_H08_20200214_0900_L2ARP030_FLDK.02401_02401.nc
2025-12-19 05:55:53,663 - INFO - Cropped NC_H08_20200214_0900_L2ARP030_FLDK.02401_02401.nc to Malaysia Domain.
2025-12-19 05:56:00,448 - INFO - Downloaded: NC_H08_20200215_0000_L2ARP030_FLDK.02401_02401.nc
2025-12-19 05:56:00,524 - INFO - Cropped NC_H08_20200215_0000_L2ARP030_FLDK.02401_02401.nc to Malaysia Domain.
2025-12-19 05:56:04,002 - INFO - Downloaded: NC_H08_20200215_0100_L2ARP030_FLDK.02401_02401.nc
2025-12-19 05:56:04,092 - INFO - Cropped NC_H08_20200215_0100_L2ARP030_FLDK.02401_02401.nc to Malaysia Domain.
2025-12-19 05:56:08,370 - INFO - Downloaded: NC_H08_20200215_0200_L2ARP030_FLDK.02401_02401.nc
2025-12-19 05:56:08,468 - INFO - Cropped NC_H08_20200215_0200_L2ARP030_FLDK.02401_02401.nc to Malaysia Domain.
2025-12-19 05:56:12,830 - INFO - Downloaded: NC_H08_20200215_0300_L2ARP030_FLDK.02401_02401.nc
2025-12-19 05:56:12,929 - INFO - Cropped NC_H08_20200215_0300_L2ARP030_FLDK.02401_02401.nc to Malaysia Domain.
2025-12-19 05:56:24,339 - INFO - Downloaded: NC_H08_20200215_0400_L2ARP030_FLDK.02401_02401.nc
2025-12-19 05:56:24,441 - INFO - Cropped NC_H08_20200215_0400_L2ARP030_FLDK.02401_02401.nc to Malaysia Domain.
2025-12-19 05:56:28,301 - INFO - Downloaded: NC_H08_20200215_0500_L2ARP030_FLDK.02401_02401.nc
2025-12-19 05:56:28,406 - INFO - Cropped NC_H08_20200215_0500_L2ARP030_FLDK.02401_02401.nc to Malaysia Domain.
2025-12-19 05:56:31,571 - INFO - Downloaded: NC_H08_20200215_0600_L2ARP030_FLDK.02401_02401.nc
2025-12-19 05:56:31,668 - INFO - Cropped NC_H08_20200215_0600_L2ARP030_FLDK.02401_02401.nc to Malaysia Domain.
2025-12-19 05:56:35,198 - INFO - Downloaded: NC_H08_20200215_0700_L2ARP030_FLDK.02401_02401.nc
2025-12-19 05:56:35,286 - INFO - Cropped NC_H08_20200215_0700_L2ARP030_FLDK.02401_02401.nc to Malaysia Domain.
2025-12-19 05:56:38,364 - INFO - Downloaded: NC_H08_20200215_0800_L2ARP030_FLDK.02401_02401.nc
2025-12-19 05:56:38,449 - INFO - Cropped NC_H08_20200215_0800_L2ARP030_FLDK.02401_02401.nc to Malaysia Domain.
2025-12-19 05:56:41,132 - INFO - Downloaded: NC_H08_20200215_0900_L2ARP030_FLDK.02401_02401.nc
2025-12-19 05:56:41,215 - INFO - Cropped NC_H08_20200215_0900_L2ARP030_FLDK.02401_02401.nc to Malaysia Domain.
2025-12-19 05:56:45,760 - INFO - Downloaded: NC_H08_20200216_0000_L2ARP030_FLDK.02401_02401.nc
2025-12-19 05:56:45,833 - INFO - Cropped NC_H08_20200216_0000_L2ARP030_FLDK.02401_02401.nc to Malaysia Domain.
2025-12-19 05:58:21,283 - INFO - Downloaded: NC_H08_20200216_0100_L2ARP030_FLDK.02401_02401.nc
2025-12-19 05:58:21,369 - INFO - Cropped NC_H08_20200216_0100_L2ARP030_FLDK.02401_02401.nc to Malaysia Domain.
2025-12-19 05:58:28,346 - INFO - Downloaded: NC_H08_20200216_0200_L2ARP030_FLDK.02401_02401.nc
2025-12-19 05:58:28,438 - INFO - Cropped NC_H08_20200216_0200_L2ARP030_FLDK.02401_02401.nc to Malaysia Domain.
2025-12-19 06:00:08,584 - INFO - Downloaded: NC_H08_20200216_0300_L2ARP030_FLDK.02401_02401.nc
2025-12-19 06:00:08,681 - INFO - Cropped NC_H08_20200216_0300_L2ARP030_FLDK.02401_02401.nc to Malaysia Domain.
2025-12-19 06:00:21,443 - INFO - Downloaded: NC_H08_20200216_0400_L2ARP030_FLDK.02401_02401.nc
2025-12-19 06:00:21,540 - INFO - Cropped NC_H08_20200216_0400_L2ARP030_FLDK.02401_02401.nc to Malaysia Domain.
2025-12-19 06:01:37,586 - INFO - Downloaded: NC_H08_20200216_0500_L2ARP030_FLDK.02401_02401.nc
2025-12-19 06:01:37,680 - INFO - Cropped NC_H08_20200216_0500_L2ARP030_FLDK.02401_02401.nc to Malaysia Domain.
2025-12-19 06:01:48,202 - INFO - Downloaded: NC_H08_20200216_0600_L2ARP030_FLDK.02401_02401.nc
2025-12-19 06:01:48,295 - INFO - Cropped NC_H08_20200216_0600_L2ARP030_FLDK.02401_02401.nc to Malaysia Domain.
2025-12-19 06:01:54,381 - INFO - Downloaded: NC_H08_20200216_0700_L2ARP030_FLDK.02401_02401.nc
2025-12-19 06:01:54,469 - INFO - Cropped NC_H08_20200216_0700_L2ARP030_FLDK.02401_02401.nc to Malaysia Domain.
2025-12-19 06:01:59,306 - INFO - Downloaded: NC_H08_20200216_0800_L2ARP030_FLDK.02401_02401.nc
2025-12-19 06:01:59,390 - INFO - Cropped NC_H08_20200216_0800_L2ARP030_FLDK.02401_02401.nc to Malaysia Domain.
2025-12-19 06:02:02,236 - INFO - Downloaded: NC_H08_20200216_0900_L2ARP030_FLDK.02401_02401.nc
2025-12-19 06:02:02,316 - INFO - Cropped NC_H08_20200216_0900_L2ARP030_FLDK.02401_02401.nc to Malaysia Domain.
2025-12-19 06:03:05,440 - INFO - Downloaded: NC_H08_20200217_0000_L2ARP030_FLDK.02401_02401.nc
2025-12-19 06:03:05,515 - INFO - Cropped NC_H08_20200217_0000_L2ARP030_FLDK.02401_02401.nc to Malaysia Domain.
2025-12-19 06:03:12,466 - INFO - Downloaded: NC_H08_20200217_0100_L2ARP030_FLDK.02401_02401.nc
2025-12-19 06:03:12,549 - INFO - Cropped NC_H08_20200217_0100_L2ARP030_FLDK.02401_02401.nc to Malaysia Domain.
2025-12-19 06:03:16,072 - INFO - Downloaded: NC_H08_20200217_0200_L2ARP030_FLDK.02401_02401.nc
2025-12-19 06:03:16,176 - INFO - Cropped NC_H08_20200217_0200_L2ARP030_FLDK.02401_02401.nc to Malaysia Domain.
2025-12-19 06:04:48,616 - INFO - Downloaded: NC_H08_20200217_0300_L2ARP030_FLDK.02401_02401.nc
2025-12-19 06:04:48,711 - INFO - Cropped NC_H08_20200217_0300_L2ARP030_FLDK.02401_02401.nc to Malaysia Domain.
2025-12-19 06:04:59,560 - INFO - Downloaded: NC_H08_20200217_0400_L2ARP030_FLDK.02401_02401.nc
2025-12-19 06:04:59,655 - INFO - Cropped NC_H08_20200217_0400_L2ARP030_FLDK.02401_02401.nc to Malaysia Domain.
2025-12-19 06:05:05,970 - INFO - Downloaded: NC_H08_20200217_0500_L2ARP030_FLDK.02401_02401.nc
2025-12-19 06:05:06,063 - INFO - Cropped NC_H08_20200217_0500_L2ARP030_FLDK.02401_02401.nc to Malaysia Domain.
2025-12-19 06:05:11,935 - INFO - Downloaded: NC_H08_20200217_0600_L2ARP030_FLDK.02401_02401.nc
2025-12-19 06:05:12,023 - INFO - Cropped NC_H08_20200217_0600_L2ARP030_FLDK.02401_02401.nc to Malaysia Domain.
2025-12-19 06:05:15,497 - INFO - Downloaded: NC_H08_20200217_0700_L2ARP030_FLDK.02401_02401.nc
2025-12-19 06:05:15,583 - INFO - Cropped NC_H08_20200217_0700_L2ARP030_FLDK.02401_02401.nc to Malaysia Domain.
2025-12-19 06:06:10,988 - INFO - Downloaded: NC_H08_20200217_0800_L2ARP030_FLDK.02401_02401.nc
2025-12-19 06:06:11,067 - INFO - Cropped NC_H08_20200217_0800_L2ARP030_FLDK.02401_02401.nc to Malaysia Domain.
2025-12-19 06:06:45,353 - INFO - Downloaded: NC_H08_20200217_0900_L2ARP030_FLDK.02401_02401.nc
2025-12-19 06:06:45,424 - INFO - Cropped NC_H08_20200217_0900_L2ARP030_FLDK.02401_02401.nc to Malaysia Domain.
2025-12-19 06:06:51,968 - INFO - Downloaded: NC_H08_20200218_0000_L2ARP030_FLDK.02401_02401.nc
2025-12-19 06:06:52,041 - INFO - Cropped NC_H08_20200218_0000_L2ARP030_FLDK.02401_02401.nc to Malaysia Domain.
2025-12-19 06:08:04,862 - INFO - Downloaded: NC_H08_20200218_0100_L2ARP030_FLDK.02401_02401.nc
2025-12-19 06:08:04,947 - INFO - Cropped NC_H08_20200218_0100_L2ARP030_FLDK.02401_02401.nc to Malaysia Domain.
2025-12-19 06:08:15,304 - INFO - Downloaded: NC_H08_20200218_0200_L2ARP030_FLDK.02401_02401.nc
2025-12-19 06:08:15,394 - INFO - Cropped NC_H08_20200218_0200_L2ARP030_FLDK.02401_02401.nc to Malaysia Domain.
2025-12-19 06:08:19,539 - INFO - Downloaded: NC_H08_20200218_0300_L2ARP030_FLDK.02401_02401.nc
2025-12-19 06:08:19,635 - INFO - Cropped NC_H08_20200218_0300_L2ARP030_FLDK.02401_02401.nc to Malaysia Domain.
2025-12-19 06:08:24,428 - INFO - Downloaded: NC_H08_20200218_0400_L2ARP030_FLDK.02401_02401.nc
2025-12-19 06:08:24,520 - INFO - Cropped NC_H08_20200218_0400_L2ARP030_FLDK.02401_02401.nc to Malaysia Domain.
2025-12-19 06:08:29,514 - INFO - Downloaded: NC_H08_20200218_0500_L2ARP030_FLDK.02401_02401.nc
2025-12-19 06:08:29,597 - INFO - Cropped NC_H08_20200218_0500_L2ARP030_FLDK.02401_02401.nc to Malaysia Domain.
2025-12-19 06:08:34,227 - INFO - Downloaded: NC_H08_20200218_0600_L2ARP030_FLDK.02401_02401.nc
2025-12-19 06:08:34,308 - INFO - Cropped NC_H08_20200218_0600_L2ARP030_FLDK.02401_02401.nc to Malaysia Domain.
2025-12-19 06:08:37,532 - INFO - Downloaded: NC_H08_20200218_0700_L2ARP030_FLDK.02401_02401.nc
2025-12-19 06:08:37,613 - INFO - Cropped NC_H08_20200218_0700_L2ARP030_FLDK.02401_02401.nc to Malaysia Domain.
2025-12-19 06:08:40,055 - INFO - Downloaded: NC_H08_20200218_0800_L2ARP030_FLDK.02401_02401.nc
2025-12-19 06:08:40,130 - INFO - Cropped NC_H08_20200218_0800_L2ARP030_FLDK.02401_02401.nc to Malaysia Domain.
2025-12-19 06:08:42,580 - INFO - Downloaded: NC_H08_20200218_0900_L2ARP030_FLDK.02401_02401.nc
2025-12-19 06:08:42,650 - INFO - Cropped NC_H08_20200218_0900_L2ARP030_FLDK.02401_02401.nc to Malaysia Domain.
2025-12-19 06:09:39,561 - INFO - Downloaded: NC_H08_20200219_0000_L2ARP030_FLDK.02401_02401.nc
2025-12-19 06:09:39,634 - INFO - Cropped NC_H08_20200219_0000_L2ARP030_FLDK.02401_02401.nc to Malaysia Domain.
2025-12-19 06:09:46,521 - INFO - Downloaded: NC_H08_20200219_0100_L2ARP030_FLDK.02401_02401.nc
2025-12-19 06:09:46,608 - INFO - Cropped NC_H08_20200219_0100_L2ARP030_FLDK.02401_02401.nc to Malaysia Domain.
2025-12-19 06:09:52,753 - INFO - Downloaded: NC_H08_20200219_0200_L2ARP030_FLDK.02401_02401.nc
2025-12-19 06:09:52,840 - INFO - Cropped NC_H08_20200219_0200_L2ARP030_FLDK.02401_02401.nc to Malaysia Domain.
2025-12-19 06:10:00,783 - INFO - Downloaded: NC_H08_20200219_0300_L2ARP030_FLDK.02401_02401.nc
2025-12-19 06:10:00,873 - INFO - Cropped NC_H08_20200219_0300_L2ARP030_FLDK.02401_02401.nc to Malaysia Domain.
2025-12-19 06:10:05,166 - INFO - Downloaded: NC_H08_20200219_0400_L2ARP030_FLDK.02401_02401.nc
2025-12-19 06:10:05,256 - INFO - Cropped NC_H08_20200219_0400_L2ARP030_FLDK.02401_02401.nc to Malaysia Domain.
2025-12-19 06:10:09,460 - INFO - Downloaded: NC_H08_20200219_0500_L2ARP030_FLDK.02401_02401.nc
2025-12-19 06:10:09,567 - INFO - Cropped NC_H08_20200219_0500_L2ARP030_FLDK.02401_02401.nc to Malaysia Domain.
2025-12-19 06:10:12,969 - INFO - Downloaded: NC_H08_20200219_0600_L2ARP030_FLDK.02401_02401.nc
2025-12-19 06:10:13,051 - INFO - Cropped NC_H08_20200219_0600_L2ARP030_FLDK.02401_02401.nc to Malaysia Domain.
2025-12-19 06:11:07,319 - INFO - Downloaded: NC_H08_20200219_0700_L2ARP030_FLDK.02401_02401.nc
2025-12-19 06:11:07,400 - INFO - Cropped NC_H08_20200219_0700_L2ARP030_FLDK.02401_02401.nc to Malaysia Domain.
2025-12-19 06:11:51,298 - INFO - Downloaded: NC_H08_20200219_0800_L2ARP030_FLDK.02401_02401.nc
2025-12-19 06:11:51,373 - INFO - Cropped NC_H08_20200219_0800_L2ARP030_FLDK.02401_02401.nc to Malaysia Domain.
2025-12-19 06:11:58,663 - INFO - Downloaded: NC_H08_20200219_0900_L2ARP030_FLDK.02401_02401.nc
2025-12-19 06:11:58,735 - INFO - Cropped NC_H08_20200219_0900_L2ARP030_FLDK.02401_02401.nc to Malaysia Domain.
2025-12-19 06:12:08,684 - INFO - Downloaded: NC_H08_20200220_0000_L2ARP030_FLDK.02401_02401.nc
2025-12-19 06:12:08,760 - INFO - Cropped NC_H08_20200220_0000_L2ARP030_FLDK.02401_02401.nc to Malaysia Domain.
2025-12-19 06:13:37,383 - INFO - Downloaded: NC_H08_20200220_0100_L2ARP030_FLDK.02401_02401.nc
2025-12-19 06:13:37,479 - INFO - Cropped NC_H08_20200220_0100_L2ARP030_FLDK.02401_02401.nc to Malaysia Domain.
2025-12-19 06:15:35,084 - INFO - Downloaded: NC_H08_20200220_0200_L2ARP030_FLDK.02401_02401.nc
2025-12-19 06:15:35,186 - INFO - Cropped NC_H08_20200220_0200_L2ARP030_FLDK.02401_02401.nc to Malaysia Domain.
2025-12-19 06:15:46,398 - INFO - Downloaded: NC_H08_20200220_0300_L2ARP030_FLDK.02401_02401.nc
2025-12-19 06:15:46,500 - INFO - Cropped NC_H08_20200220_0300_L2ARP030_FLDK.02401_02401.nc to Malaysia Domain.
2025-12-19 06:15:54,508 - INFO - Downloaded: NC_H08_20200220_0400_L2ARP030_FLDK.02401_02401.nc
2025-12-19 06:15:54,609 - INFO - Cropped NC_H08_20200220_0400_L2ARP030_FLDK.02401_02401.nc to Malaysia Domain.
2025-12-19 06:16:03,768 - INFO - Downloaded: NC_H08_20200220_0500_L2ARP030_FLDK.02401_02401.nc
2025-12-19 06:16:03,854 - INFO - Cropped NC_H08_20200220_0500_L2ARP030_FLDK.02401_02401.nc to Malaysia Domain.
2025-12-19 06:16:12,249 - INFO - Downloaded: NC_H08_20200220_0600_L2ARP030_FLDK.02401_02401.nc
2025-12-19 06:16:12,332 - INFO - Cropped NC_H08_20200220_0600_L2ARP030_FLDK.02401_02401.nc to Malaysia Domain.
2025-12-19 06:17:18,696 - INFO - Downloaded: NC_H08_20200220_0700_L2ARP030_FLDK.02401_02401.nc
2025-12-19 06:17:18,779 - INFO - Cropped NC_H08_20200220_0700_L2ARP030_FLDK.02401_02401.nc to Malaysia Domain.
2025-12-19 06:17:27,405 - INFO - Downloaded: NC_H08_20200220_0800_L2ARP030_FLDK.02401_02401.nc
2025-12-19 06:17:27,482 - INFO - Cropped NC_H08_20200220_0800_L2ARP030_FLDK.02401_02401.nc to Malaysia Domain.
2025-12-19 06:17:33,423 - INFO - Downloaded: NC_H08_20200220_0900_L2ARP030_FLDK.02401_02401.nc
2025-12-19 06:17:33,498 - INFO - Cropped NC_H08_20200220_0900_L2ARP030_FLDK.02401_02401.nc to Malaysia Domain.
2025-12-19 06:18:46,510 - INFO - Downloaded: NC_H08_20200221_0000_L2ARP030_FLDK.02401_02401.nc
2025-12-19 06:18:46,585 - INFO - Cropped NC_H08_20200221_0000_L2ARP030_FLDK.02401_02401.nc to Malaysia Domain.
2025-12-19 06:20:07,525 - INFO - Downloaded: NC_H08_20200221_0100_L2ARP030_FLDK.02401_02401.nc
2025-12-19 06:20:07,619 - INFO - Cropped NC_H08_20200221_0100_L2ARP030_FLDK.02401_02401.nc to Malaysia Domain.
2025-12-19 06:20:14,807 - INFO - Downloaded: NC_H08_20200221_0200_L2ARP030_FLDK.02401_02401.nc
2025-12-19 06:20:14,904 - INFO - Cropped NC_H08_20200221_0200_L2ARP030_FLDK.02401_02401.nc to Malaysia Domain.
2025-12-19 06:20:18,432 - INFO - Downloaded: NC_H08_20200221_0300_L2ARP030_FLDK.02401_02401.nc
2025-12-19 06:20:18,551 - INFO - Cropped NC_H08_20200221_0300_L2ARP030_FLDK.02401_02401.nc to Malaysia Domain.
2025-12-19 06:20:22,507 - INFO - Downloaded: NC_H08_20200221_0400_L2ARP030_FLDK.02401_02401.nc
2025-12-19 06:20:22,607 - INFO - Cropped NC_H08_20200221_0400_L2ARP030_FLDK.02401_02401.nc to Malaysia Domain.
2025-12-19 06:20:26,388 - INFO - Downloaded: NC_H08_20200221_0500_L2ARP030_FLDK.02401_02401.nc
2025-12-19 06:20:26,474 - INFO - Cropped NC_H08_20200221_0500_L2ARP030_FLDK.02401_02401.nc to Malaysia Domain.
2025-12-19 06:20:36,906 - INFO - Downloaded: NC_H08_20200221_0600_L2ARP030_FLDK.02401_02401.nc
2025-12-19 06:20:36,990 - INFO - Cropped NC_H08_20200221_0600_L2ARP030_FLDK.02401_02401.nc to Malaysia Domain.
2025-12-19 06:20:40,821 - INFO - Downloaded: NC_H08_20200221_0700_L2ARP030_FLDK.02401_02401.nc
2025-12-19 06:20:40,904 - INFO - Cropped NC_H08_20200221_0700_L2ARP030_FLDK.02401_02401.nc to Malaysia Domain.
2025-12-19 06:20:50,040 - INFO - Downloaded: NC_H08_20200221_0800_L2ARP030_FLDK.02401_02401.nc
2025-12-19 06:20:50,119 - INFO - Cropped NC_H08_20200221_0800_L2ARP030_FLDK.02401_02401.nc to Malaysia Domain.
2025-12-19 06:20:55,339 - INFO - Downloaded: NC_H08_20200221_0900_L2ARP030_FLDK.02401_02401.nc
2025-12-19 06:20:55,410 - INFO - Cropped NC_H08_20200221_0900_L2ARP030_FLDK.02401_02401.nc to Malaysia Domain.
2025-12-19 06:21:04,493 - INFO - Downloaded: NC_H08_20200222_0000_L2ARP030_FLDK.02401_02401.nc
2025-12-19 06:21:04,572 - INFO - Cropped NC_H08_20200222_0000_L2ARP030_FLDK.02401_02401.nc to Malaysia Domain.
2025-12-19 06:21:09,392 - INFO - Downloaded: NC_H08_20200222_0100_L2ARP030_FLDK.02401_02401.nc
2025-12-19 06:21:09,489 - INFO - Cropped NC_H08_20200222_0100_L2ARP030_FLDK.02401_02401.nc to Malaysia Domain.
2025-12-19 06:21:12,773 - INFO - Downloaded: NC_H08_20200222_0200_L2ARP030_FLDK.02401_02401.nc
2025-12-19 06:21:12,877 - INFO - Cropped NC_H08_20200222_0200_L2ARP030_FLDK.02401_02401.nc to Malaysia Domain.
2025-12-19 06:21:16,791 - INFO - Downloaded: NC_H08_20200222_0300_L2ARP030_FLDK.02401_02401.nc
2025-12-19 06:21:16,897 - INFO - Cropped NC_H08_20200222_0300_L2ARP030_FLDK.02401_02401.nc to Malaysia Domain.
2025-12-19 06:21:20,060 - INFO - Downloaded: NC_H08_20200222_0400_L2ARP030_FLDK.02401_02401.nc
2025-12-19 06:21:20,160 - INFO - Cropped NC_H08_20200222_0400_L2ARP030_FLDK.02401_02401.nc to Malaysia Domain.
2025-12-19 06:21:23,081 - INFO - Downloaded: NC_H08_20200222_0500_L2ARP030_FLDK.02401_02401.nc
2025-12-19 06:21:23,173 - INFO - Cropped NC_H08_20200222_0500_L2ARP030_FLDK.02401_02401.nc to Malaysia Domain.
2025-12-19 06:21:26,601 - INFO - Downloaded: NC_H08_20200222_0600_L2ARP030_FLDK.02401_02401.nc
2025-12-19 06:21:26,691 - INFO - Cropped NC_H08_20200222_0600_L2ARP030_FLDK.02401_02401.nc to Malaysia Domain.
2025-12-19 06:21:29,828 - INFO - Downloaded: NC_H08_20200222_0700_L2ARP030_FLDK.02401_02401.nc
2025-12-19 06:21:29,921 - INFO - Cropped NC_H08_20200222_0700_L2ARP030_FLDK.02401_02401.nc to Malaysia Domain.
2025-12-19 06:21:32,363 - INFO - Downloaded: NC_H08_20200222_0800_L2ARP030_FLDK.02401_02401.nc
2025-12-19 06:21:32,444 - INFO - Cropped NC_H08_20200222_0800_L2ARP030_FLDK.02401_02401.nc to Malaysia Domain.
2025-12-19 06:21:34,735 - INFO - Downloaded: NC_H08_20200222_0900_L2ARP030_FLDK.02401_02401.nc
2025-12-19 06:21:34,810 - INFO - Cropped NC_H08_20200222_0900_L2ARP030_FLDK.02401_02401.nc to Malaysia Domain.
2025-12-19 06:22:54,323 - INFO - Downloaded: NC_H08_20200223_0000_L2ARP030_FLDK.02401_02401.nc
2025-12-19 06:22:54,400 - INFO - Cropped NC_H08_20200223_0000_L2ARP030_FLDK.02401_02401.nc to Malaysia Domain.
2025-12-19 06:23:07,290 - INFO - Downloaded: NC_H08_20200223_0100_L2ARP030_FLDK.02401_02401.nc
2025-12-19 06:23:07,388 - INFO - Cropped NC_H08_20200223_0100_L2ARP030_FLDK.02401_02401.nc to Malaysia Domain.
2025-12-19 06:24:58,101 - INFO - Downloaded: NC_H08_20200223_0200_L2ARP030_FLDK.02401_02401.nc
2025-12-19 06:24:58,200 - INFO - Cropped NC_H08_20200223_0200_L2ARP030_FLDK.02401_02401.nc to Malaysia Domain.
2025-12-19 06:25:05,439 - INFO - Downloaded: NC_H08_20200223_0300_L2ARP030_FLDK.02401_02401.nc
2025-12-19 06:25:05,545 - INFO - Cropped NC_H08_20200223_0300_L2ARP030_FLDK.02401_02401.nc to Malaysia Domain.
2025-12-19 06:25:10,360 - INFO - Downloaded: NC_H08_20200223_0400_L2ARP030_FLDK.02401_02401.nc
2025-12-19 06:25:10,470 - INFO - Cropped NC_H08_20200223_0400_L2ARP030_FLDK.02401_02401.nc to Malaysia Domain.
2025-12-19 06:25:13,818 - INFO - Downloaded: NC_H08_20200223_0500_L2ARP030_FLDK.02401_02401.nc
2025-12-19 06:25:13,906 - INFO - Cropped NC_H08_20200223_0500_L2ARP030_FLDK.02401_02401.nc to Malaysia Domain.
2025-12-19 06:26:33,445 - INFO - Downloaded: NC_H08_20200223_0600_L2ARP030_FLDK.02401_02401.nc
2025-12-19 06:26:33,533 - INFO - Cropped NC_H08_20200223_0600_L2ARP030_FLDK.02401_02401.nc to Malaysia Domain.
2025-12-19 06:26:44,906 - INFO - Downloaded: NC_H08_20200223_0700_L2ARP030_FLDK.02401_02401.nc
2025-12-19 06:26:44,993 - INFO - Cropped NC_H08_20200223_0700_L2ARP030_FLDK.02401_02401.nc to Malaysia Domain.
2025-12-19 06:26:53,256 - INFO - Downloaded: NC_H08_20200223_0800_L2ARP030_FLDK.02401_02401.nc
2025-12-19 06:26:53,336 - INFO - Cropped NC_H08_20200223_0800_L2ARP030_FLDK.02401_02401.nc to Malaysia Domain.
2025-12-19 06:26:57,153 - INFO - Downloaded: NC_H08_20200223_0900_L2ARP030_FLDK.02401_02401.nc
2025-12-19 06:26:57,225 - INFO - Cropped NC_H08_20200223_0900_L2ARP030_FLDK.02401_02401.nc to Malaysia Domain.
2025-12-19 06:27:03,330 - INFO - Downloaded: NC_H08_20200224_0000_L2ARP030_FLDK.02401_02401.nc
2025-12-19 06:27:03,410 - INFO - Cropped NC_H08_20200224_0000_L2ARP030_FLDK.02401_02401.nc to Malaysia Domain.
2025-12-19 06:27:10,410 - INFO - Downloaded: NC_H08_20200224_0100_L2ARP030_FLDK.02401_02401.nc
2025-12-19 06:27:10,498 - INFO - Cropped NC_H08_20200224_0100_L2ARP030_FLDK.02401_02401.nc to Malaysia Domain.
2025-12-19 06:28:43,932 - INFO - Downloaded: NC_H08_20200224_0200_L2ARP030_FLDK.02401_02401.nc
2025-12-19 06:28:44,027 - INFO - Cropped NC_H08_20200224_0200_L2ARP030_FLDK.02401_02401.nc to Malaysia Domain.
2025-12-19 06:28:54,809 - INFO - Downloaded: NC_H08_20200224_0300_L2ARP030_FLDK.02401_02401.nc
2025-12-19 06:28:54,905 - INFO - Cropped NC_H08_20200224_0300_L2ARP030_FLDK.02401_02401.nc to Malaysia Domain.
2025-12-19 06:29:00,175 - INFO - Downloaded: NC_H08_20200224_0400_L2ARP030_FLDK.02401_02401.nc
2025-12-19 06:29:00,272 - INFO - Cropped NC_H08_20200224_0400_L2ARP030_FLDK.02401_02401.nc to Malaysia Domain.
2025-12-19 06:30:28,947 - INFO - Downloaded: NC_H08_20200224_0500_L2ARP030_FLDK.02401_02401.nc
2025-12-19 06:30:29,032 - INFO - Cropped NC_H08_20200224_0500_L2ARP030_FLDK.02401_02401.nc to Malaysia Domain.
2025-12-19 06:30:38,934 - INFO - Downloaded: NC_H08_20200224_0600_L2ARP030_FLDK.02401_02401.nc
2025-12-19 06:30:39,019 - INFO - Cropped NC_H08_20200224_0600_L2ARP030_FLDK.02401_02401.nc to Malaysia Domain.
2025-12-19 06:30:45,185 - INFO - Downloaded: NC_H08_20200224_0700_L2ARP030_FLDK.02401_02401.nc
2025-12-19 06:30:45,268 - INFO - Cropped NC_H08_20200224_0700_L2ARP030_FLDK.02401_02401.nc to Malaysia Domain.
2025-12-19 06:30:50,176 - INFO - Downloaded: NC_H08_20200224_0800_L2ARP030_FLDK.02401_02401.nc
2025-12-19 06:30:50,256 - INFO - Cropped NC_H08_20200224_0800_L2ARP030_FLDK.02401_02401.nc to Malaysia Domain.
2025-12-19 06:31:26,336 - INFO - Downloaded: NC_H08_20200224_0900_L2ARP030_FLDK.02401_02401.nc
2025-12-19 06:31:26,412 - INFO - Cropped NC_H08_20200224_0900_L2ARP030_FLDK.02401_02401.nc to Malaysia Domain.
2025-12-19 06:32:39,356 - INFO - Downloaded: NC_H08_20200225_0000_L2ARP030_FLDK.02401_02401.nc
2025-12-19 06:32:39,432 - INFO - Cropped NC_H08_20200225_0000_L2ARP030_FLDK.02401_02401.nc to Malaysia Domain.
2025-12-19 06:32:49,754 - INFO - Downloaded: NC_H08_20200225_0100_L2ARP030_FLDK.02401_02401.nc
2025-12-19 06:32:49,855 - INFO - Cropped NC_H08_20200225_0100_L2ARP030_FLDK.02401_02401.nc to Malaysia Domain.
2025-12-19 06:34:19,882 - INFO - Downloaded: NC_H08_20200225_0200_L2ARP030_FLDK.02401_02401.nc
2025-12-19 06:34:19,985 - INFO - Cropped NC_H08_20200225_0200_L2ARP030_FLDK.02401_02401.nc to Malaysia Domain.
2025-12-19 06:34:30,657 - INFO - Downloaded: NC_H08_20200225_0300_L2ARP030_FLDK.02401_02401.nc
2025-12-19 06:34:30,758 - INFO - Cropped NC_H08_20200225_0300_L2ARP030_FLDK.02401_02401.nc to Malaysia Domain.
2025-12-19 06:35:59,494 - INFO - Downloaded: NC_H08_20200225_0400_L2ARP030_FLDK.02401_02401.nc
2025-12-19 06:35:59,596 - INFO - Cropped NC_H08_20200225_0400_L2ARP030_FLDK.02401_02401.nc to Malaysia Domain.
2025-12-19 06:36:09,821 - INFO - Downloaded: NC_H08_20200225_0500_L2ARP030_FLDK.02401_02401.nc
2025-12-19 06:36:09,910 - INFO - Cropped NC_H08_20200225_0500_L2ARP030_FLDK.02401_02401.nc to Malaysia Domain.
2025-12-19 06:36:13,871 - INFO - Downloaded: NC_H08_20200225_0600_L2ARP030_FLDK.02401_02401.nc
2025-12-19 06:36:13,958 - INFO - Cropped NC_H08_20200225_0600_L2ARP030_FLDK.02401_02401.nc to Malaysia Domain.
2025-12-19 06:37:09,083 - INFO - Downloaded: NC_H08_20200225_0700_L2ARP030_FLDK.02401_02401.nc
2025-12-19 06:37:09,169 - INFO - Cropped NC_H08_20200225_0700_L2ARP030_FLDK.02401_02401.nc to Malaysia Domain.
2025-12-19 06:37:17,695 - INFO - Downloaded: NC_H08_20200225_0800_L2ARP030_FLDK.02401_02401.nc
2025-12-19 06:37:17,775 - INFO - Cropped NC_H08_20200225_0800_L2ARP030_FLDK.02401_02401.nc to Malaysia Domain.
2025-12-19 06:37:45,259 - INFO - Downloaded: NC_H08_20200225_0900_L2ARP030_FLDK.02401_02401.nc
2025-12-19 06:37:45,335 - INFO - Cropped NC_H08_20200225_0900_L2ARP030_FLDK.02401_02401.nc to Malaysia Domain.
2025-12-19 06:37:55,407 - INFO - Downloaded: NC_H08_20200226_0000_L2ARP030_FLDK.02401_02401.nc
2025-12-19 06:37:55,481 - INFO - Cropped NC_H08_20200226_0000_L2ARP030_FLDK.02401_02401.nc to Malaysia Domain.
2025-12-19 06:39:33,088 - INFO - Downloaded: NC_H08_20200226_0100_L2ARP030_FLDK.02401_02401.nc
2025-12-19 06:39:33,185 - INFO - Cropped NC_H08_20200226_0100_L2ARP030_FLDK.02401_02401.nc to Malaysia Domain.
2025-12-19 06:39:40,239 - INFO - Downloaded: NC_H08_20200226_0200_L2ARP030_FLDK.02401_02401.nc
2025-12-19 06:39:40,337 - INFO - Cropped NC_H08_20200226_0200_L2ARP030_FLDK.02401_02401.nc to Malaysia Domain.
2025-12-19 06:39:45,247 - INFO - Downloaded: NC_H08_20200226_0300_L2ARP030_FLDK.02401_02401.nc
2025-12-19 06:39:45,347 - INFO - Cropped NC_H08_20200226_0300_L2ARP030_FLDK.02401_02401.nc to Malaysia Domain.
2025-12-19 06:39:50,013 - INFO - Downloaded: NC_H08_20200226_0400_L2ARP030_FLDK.02401_02401.nc
2025-12-19 06:39:50,111 - INFO - Cropped NC_H08_20200226_0400_L2ARP030_FLDK.02401_02401.nc to Malaysia Domain.
2025-12-19 06:39:54,534 - INFO - Downloaded: NC_H08_20200226_0500_L2ARP030_FLDK.02401_02401.nc
2025-12-19 06:39:54,618 - INFO - Cropped NC_H08_20200226_0500_L2ARP030_FLDK.02401_02401.nc to Malaysia Domain.
2025-12-19 06:41:00,277 - INFO - Downloaded: NC_H08_20200226_0600_L2ARP030_FLDK.02401_02401.nc
2025-12-19 06:41:00,360 - INFO - Cropped NC_H08_20200226_0600_L2ARP030_FLDK.02401_02401.nc to Malaysia Domain.
2025-12-19 06:41:09,688 - INFO - Downloaded: NC_H08_20200226_0700_L2ARP030_FLDK.02401_02401.nc
2025-12-19 06:41:09,770 - INFO - Cropped NC_H08_20200226_0700_L2ARP030_FLDK.02401_02401.nc to Malaysia Domain.
2025-12-19 06:41:15,078 - INFO - Downloaded: NC_H08_20200226_0800_L2ARP030_FLDK.02401_02401.nc
2025-12-19 06:41:15,156 - INFO - Cropped NC_H08_20200226_0800_L2ARP030_FLDK.02401_02401.nc to Malaysia Domain.
2025-12-19 06:41:19,101 - INFO - Downloaded: NC_H08_20200226_0900_L2ARP030_FLDK.02401_02401.nc
2025-12-19 06:41:19,172 - INFO - Cropped NC_H08_20200226_0900_L2ARP030_FLDK.02401_02401.nc to Malaysia Domain.
2025-12-19 06:42:29,922 - INFO - Downloaded: NC_H08_20200227_0000_L2ARP030_FLDK.02401_02401.nc
2025-12-19 06:42:29,997 - INFO - Cropped NC_H08_20200227_0000_L2ARP030_FLDK.02401_02401.nc to Malaysia Domain.
2025-12-19 06:42:36,959 - INFO - Downloaded: NC_H08_20200227_0100_L2ARP030_FLDK.02401_02401.nc
2025-12-19 06:42:37,053 - INFO - Cropped NC_H08_20200227_0100_L2ARP030_FLDK.02401_02401.nc to Malaysia Domain.
2025-12-19 06:42:42,094 - INFO - Downloaded: NC_H08_20200227_0200_L2ARP030_FLDK.02401_02401.nc
2025-12-19 06:42:42,197 - INFO - Cropped NC_H08_20200227_0200_L2ARP030_FLDK.02401_02401.nc to Malaysia Domain.
2025-12-19 06:42:45,874 - INFO - Downloaded: NC_H08_20200227_0300_L2ARP030_FLDK.02401_02401.nc
2025-12-19 06:42:45,974 - INFO - Cropped NC_H08_20200227_0300_L2ARP030_FLDK.02401_02401.nc to Malaysia Domain.
2025-12-19 06:42:49,770 - INFO - Downloaded: NC_H08_20200227_0400_L2ARP030_FLDK.02401_02401.nc
2025-12-19 06:42:49,863 - INFO - Cropped NC_H08_20200227_0400_L2ARP030_FLDK.02401_02401.nc to Malaysia Domain.
2025-12-19 06:43:58,532 - INFO - Downloaded: NC_H08_20200227_0500_L2ARP030_FLDK.02401_02401.nc
2025-12-19 06:43:58,612 - INFO - Cropped NC_H08_20200227_0500_L2ARP030_FLDK.02401_02401.nc to Malaysia Domain.
2025-12-19 06:44:05,238 - INFO - Downloaded: NC_H08_20200227_0600_L2ARP030_FLDK.02401_02401.nc
2025-12-19 06:44:05,321 - INFO - Cropped NC_H08_20200227_0600_L2ARP030_FLDK.02401_02401.nc to Malaysia Domain.
2025-12-19 06:44:08,490 - INFO - Downloaded: NC_H08_20200227_0700_L2ARP030_FLDK.02401_02401.nc
2025-12-19 06:44:08,572 - INFO - Cropped NC_H08_20200227_0700_L2ARP030_FLDK.02401_02401.nc to Malaysia Domain.
2025-12-19 06:44:11,242 - INFO - Downloaded: NC_H08_20200227_0800_L2ARP030_FLDK.02401_02401.nc
2025-12-19 06:44:11,320 - INFO - Cropped NC_H08_20200227_0800_L2ARP030_FLDK.02401_02401.nc to Malaysia Domain.
2025-12-19 06:44:13,922 - INFO - Downloaded: NC_H08_20200227_0900_L2ARP030_FLDK.02401_02401.nc
2025-12-19 06:44:13,998 - INFO - Cropped NC_H08_20200227_0900_L2ARP030_FLDK.02401_02401.nc to Malaysia Domain.
2025-12-19 06:44:18,409 - INFO - Downloaded: NC_H08_20200228_0000_L2ARP030_FLDK.02401_02401.nc
2025-12-19 06:44:18,487 - INFO - Cropped NC_H08_20200228_0000_L2ARP030_FLDK.02401_02401.nc to Malaysia Domain.
2025-12-19 06:44:21,863 - INFO - Downloaded: NC_H08_20200228_0100_L2ARP030_FLDK.02401_02401.nc
2025-12-19 06:44:21,965 - INFO - Cropped NC_H08_20200228_0100_L2ARP030_FLDK.02401_02401.nc to Malaysia Domain.
2025-12-19 06:44:25,096 - INFO - Downloaded: NC_H08_20200228_0200_L2ARP030_FLDK.02401_02401.nc
2025-12-19 06:44:25,200 - INFO - Cropped NC_H08_20200228_0200_L2ARP030_FLDK.02401_02401.nc to Malaysia Domain.
2025-12-19 06:44:28,286 - INFO - Downloaded: NC_H08_20200228_0300_L2ARP030_FLDK.02401_02401.nc
2025-12-19 06:44:28,391 - INFO - Cropped NC_H08_20200228_0300_L2ARP030_FLDK.02401_02401.nc to Malaysia Domain.
2025-12-19 06:44:32,046 - INFO - Downloaded: NC_H08_20200228_0400_L2ARP030_FLDK.02401_02401.nc
2025-12-19 06:44:32,148 - INFO - Cropped NC_H08_20200228_0400_L2ARP030_FLDK.02401_02401.nc to Malaysia Domain.
2025-12-19 06:45:36,937 - INFO - Downloaded: NC_H08_20200228_0500_L2ARP030_FLDK.02401_02401.nc
2025-12-19 06:45:37,022 - INFO - Cropped NC_H08_20200228_0500_L2ARP030_FLDK.02401_02401.nc to Malaysia Domain.
2025-12-19 06:46:52,696 - INFO - Downloaded: NC_H08_20200228_0600_L2ARP030_FLDK.02401_02401.nc
2025-12-19 06:46:52,789 - INFO - Cropped NC_H08_20200228_0600_L2ARP030_FLDK.02401_02401.nc to Malaysia Domain.
2025-12-19 06:46:53,494 - INFO - No minute 00 files found in /pub/himawari/L2/ARP/030/202002/28/07/
2025-12-19 06:46:59,238 - INFO - Downloaded: NC_H08_20200228_0800_L2ARP030_FLDK.02401_02401.nc
2025-12-19 06:46:59,325 - INFO - Cropped NC_H08_20200228_0800_L2ARP030_FLDK.02401_02401.nc to Malaysia Domain.
2025-12-19 06:47:02,218 - INFO - Downloaded: NC_H08_20200228_0900_L2ARP030_FLDK.02401_02401.nc
2025-12-19 06:47:02,293 - INFO - Cropped NC_H08_20200228_0900_L2ARP030_FLDK.02401_02401.nc to Malaysia Domain.
2025-12-19 06:48:11,437 - INFO - Downloaded: NC_H08_20200229_0000_L2ARP030_FLDK.02401_02401.nc
2025-12-19 06:48:11,509 - INFO - Cropped NC_H08_20200229_0000_L2ARP030_FLDK.02401_02401.nc to Malaysia Domain.
2025-12-19 06:48:21,908 - INFO - Downloaded: NC_H08_20200229_0100_L2ARP030_FLDK.02401_02401.nc
2025-12-19 06:48:21,996 - INFO - Cropped NC_H08_20200229_0100_L2ARP030_FLDK.02401_02401.nc to Malaysia Domain.
2025-12-19 06:49:37,670 - INFO - Downloaded: NC_H08_20200229_0200_L2ARP030_FLDK.02401_02401.nc
2025-12-19 06:49:37,759 - INFO - Cropped NC_H08_20200229_0200_L2ARP030_FLDK.02401_02401.nc to Malaysia Domain.
2025-12-19 06:49:48,651 - INFO - Downloaded: NC_H08_20200229_0300_L2ARP030_FLDK.02401_02401.nc
2025-12-19 06:49:48,742 - INFO - Cropped NC_H08_20200229_0300_L2ARP030_FLDK.02401_02401.nc to Malaysia Domain.
2025-12-19 06:49:55,037 - INFO - Downloaded: NC_H08_20200229_0400_L2ARP030_FLDK.02401_02401.nc
2025-12-19 06:49:55,127 - INFO - Cropped NC_H08_20200229_0400_L2ARP030_FLDK.02401_02401.nc to Malaysia Domain.
2025-12-19 06:49:59,158 - INFO - Downloaded: NC_H08_20200229_0500_L2ARP030_FLDK.02401_02401.nc
2025-12-19 06:49:59,246 - INFO - Cropped NC_H08_20200229_0500_L2ARP030_FLDK.02401_02401.nc to Malaysia Domain.
2025-12-19 06:50:03,488 - INFO - Downloaded: NC_H08_20200229_0600_L2ARP030_FLDK.02401_02401.nc
2025-12-19 06:50:03,574 - INFO - Cropped NC_H08_20200229_0600_L2ARP030_FLDK.02401_02401.nc to Malaysia Domain.
2025-12-19 06:50:06,760 - INFO - Downloaded: NC_H08_20200229_0700_L2ARP030_FLDK.02401_02401.nc
2025-12-19 06:50:06,844 - INFO - Cropped NC_H08_20200229_0700_L2ARP030_FLDK.02401_02401.nc to Malaysia Domain.
2025-12-19 06:50:48,783 - INFO - Downloaded: NC_H08_20200229_0800_L2ARP030_FLDK.02401_02401.nc
2025-12-19 06:50:48,863 - INFO - Cropped NC_H08_20200229_0800_L2ARP030_FLDK.02401_02401.nc to Malaysia Domain.
2025-12-19 06:50:54,231 - INFO - Downloaded: NC_H08_20200229_0900_L2ARP030_FLDK.02401_02401.nc
2025-12-19 06:50:54,308 - INFO - Cropped NC_H08_20200229_0900_L2ARP030_FLDK.02401_02401.nc to Malaysia Domain.
2025-12-19 06:51:02,438 - INFO - Downloaded: NC_H08_20200301_0000_L2ARP030_FLDK.02401_02401.nc
2025-12-19 06:51:02,510 - INFO - Cropped NC_H08_20200301_0000_L2ARP030_FLDK.02401_02401.nc to Malaysia Domain.
2025-12-19 06:51:12,259 - INFO - Downloaded: NC_H08_20200301_0100_L2ARP030_FLDK.02401_02401.nc
2025-12-19 06:51:12,343 - INFO - Cropped NC_H08_20200301_0100_L2ARP030_FLDK.02401_02401.nc to Malaysia Domain.
2025-12-19 06:51:21,784 - INFO - Downloaded: NC_H08_20200301_0200_L2ARP030_FLDK.02401_02401.nc
2025-12-19 06:51:21,869 - INFO - Cropped NC_H08_20200301_0200_L2ARP030_FLDK.02401_02401.nc to Malaysia Domain.
2025-12-19 06:51:32,222 - INFO - Downloaded: NC_H08_20200301_0300_L2ARP030_FLDK.02401_02401.nc
2025-12-19 06:51:32,309 - INFO - Cropped NC_H08_20200301_0300_L2ARP030_FLDK.02401_02401.nc to Malaysia Domain.
2025-12-19 06:51:42,855 - INFO - Downloaded: NC_H08_20200301_0400_L2ARP030_FLDK.02401_02401.nc
2025-12-19 06:51:42,943 - INFO - Cropped NC_H08_20200301_0400_L2ARP030_FLDK.02401_02401.nc to Malaysia Domain.
2025-12-19 06:51:49,492 - INFO - Downloaded: NC_H08_20200301_0500_L2ARP030_FLDK.02401_02401.nc
2025-12-19 06:51:49,578 - INFO - Cropped NC_H08_20200301_0500_L2ARP030_FLDK.02401_02401.nc to Malaysia Domain.
2025-12-19 06:53:01,619 - INFO - Downloaded: NC_H08_20200301_0600_L2ARP030_FLDK.02401_02401.nc
2025-12-19 06:53:01,703 - INFO - Cropped NC_H08_20200301_0600_L2ARP030_FLDK.02401_02401.nc to Malaysia Domain.
2025-12-19 06:53:07,944 - INFO - Downloaded: NC_H08_20200301_0700_L2ARP030_FLDK.02401_02401.nc
2025-12-19 06:53:08,030 - INFO - Cropped NC_H08_20200301_0700_L2ARP030_FLDK.02401_02401.nc to Malaysia Domain.
2025-12-19 06:53:12,280 - INFO - Downloaded: NC_H08_20200301_0800_L2ARP030_FLDK.02401_02401.nc
2025-12-19 06:53:12,359 - INFO - Cropped NC_H08_20200301_0800_L2ARP030_FLDK.02401_02401.nc to Malaysia Domain.
2025-12-19 06:53:16,660 - INFO - Downloaded: NC_H08_20200301_0900_L2ARP030_FLDK.02401_02401.nc
2025-12-19 06:53:16,733 - INFO - Cropped NC_H08_20200301_0900_L2ARP030_FLDK.02401_02401.nc to Malaysia Domain.
2025-12-19 06:54:35,916 - INFO - Downloaded: NC_H08_20200302_0000_L2ARP030_FLDK.02401_02401.nc
2025-12-19 06:54:35,995 - INFO - Cropped NC_H08_20200302_0000_L2ARP030_FLDK.02401_02401.nc to Malaysia Domain.
2025-12-19 06:56:06,242 - INFO - Downloaded: NC_H08_20200302_0100_L2ARP030_FLDK.02401_02401.nc
2025-12-19 06:56:06,335 - INFO - Cropped NC_H08_20200302_0100_L2ARP030_FLDK.02401_02401.nc to Malaysia Domain.
2025-12-19 06:56:16,647 - INFO - Downloaded: NC_H08_20200302_0200_L2ARP030_FLDK.02401_02401.nc
2025-12-19 06:56:16,738 - INFO - Cropped NC_H08_20200302_0200_L2ARP030_FLDK.02401_02401.nc to Malaysia Domain.
2025-12-19 06:56:20,696 - INFO - Downloaded: NC_H08_20200302_0300_L2ARP030_FLDK.02401_02401.nc
2025-12-19 06:56:20,789 - INFO - Cropped NC_H08_20200302_0300_L2ARP030_FLDK.02401_02401.nc to Malaysia Domain.
2025-12-19 06:56:24,982 - INFO - Downloaded: NC_H08_20200302_0400_L2ARP030_FLDK.02401_02401.nc
2025-12-19 06:56:25,073 - INFO - Cropped NC_H08_20200302_0400_L2ARP030_FLDK.02401_02401.nc to Malaysia Domain.
2025-12-19 06:57:48,403 - INFO - Downloaded: NC_H08_20200302_0500_L2ARP030_FLDK.02401_02401.nc
2025-12-19 06:57:48,482 - INFO - Cropped NC_H08_20200302_0500_L2ARP030_FLDK.02401_02401.nc to Malaysia Domain.
2025-12-19 06:59:08,273 - INFO - Downloaded: NC_H08_20200302_0600_L2ARP030_FLDK.02401_02401.nc
2025-12-19 06:59:08,354 - INFO - Cropped NC_H08_20200302_0600_L2ARP030_FLDK.02401_02401.nc to Malaysia Domain.
2025-12-19 07:00:03,579 - INFO - Downloaded: NC_H08_20200302_0700_L2ARP030_FLDK.02401_02401.nc
2025-12-19 07:00:03,659 - INFO - Cropped NC_H08_20200302_0700_L2ARP030_FLDK.02401_02401.nc to Malaysia Domain.
2025-12-19 07:00:09,383 - INFO - Downloaded: NC_H08_20200302_0800_L2ARP030_FLDK.02401_02401.nc
2025-12-19 07:00:09,456 - INFO - Cropped NC_H08_20200302_0800_L2ARP030_FLDK.02401_02401.nc to Malaysia Domain.
2025-12-19 07:00:13,244 - INFO - Downloaded: NC_H08_20200302_0900_L2ARP030_FLDK.02401_02401.nc
2025-12-19 07:00:13,314 - INFO - Cropped NC_H08_20200302_0900_L2ARP030_FLDK.02401_02401.nc to Malaysia Domain.
2025-12-19 07:00:20,498 - INFO - Downloaded: NC_H08_20200303_0000_L2ARP030_FLDK.02401_02401.nc
2025-12-19 07:00:20,568 - INFO - Cropped NC_H08_20200303_0000_L2ARP030_FLDK.02401_02401.nc to Malaysia Domain.
2025-12-19 07:00:30,459 - INFO - Downloaded: NC_H08_20200303_0100_L2ARP030_FLDK.02401_02401.nc
2025-12-19 07:00:30,547 - INFO - Cropped NC_H08_20200303_0100_L2ARP030_FLDK.02401_02401.nc to Malaysia Domain.
2025-12-19 07:00:40,571 - INFO - Downloaded: NC_H08_20200303_0200_L2ARP030_FLDK.02401_02401.nc
2025-12-19 07:00:40,659 - INFO - Cropped NC_H08_20200303_0200_L2ARP030_FLDK.02401_02401.nc to Malaysia Domain.
2025-12-19 07:01:59,303 - INFO - Downloaded: NC_H08_20200303_0300_L2ARP030_FLDK.02401_02401.nc
2025-12-19 07:01:59,394 - INFO - Cropped NC_H08_20200303_0300_L2ARP030_FLDK.02401_02401.nc to Malaysia Domain.
2025-12-19 07:02:07,423 - INFO - Downloaded: NC_H08_20200303_0400_L2ARP030_FLDK.02401_02401.nc
2025-12-19 07:02:07,511 - INFO - Cropped NC_H08_20200303_0400_L2ARP030_FLDK.02401_02401.nc to Malaysia Domain.
2025-12-19 07:02:13,878 - INFO - Downloaded: NC_H08_20200303_0500_L2ARP030_FLDK.02401_02401.nc
2025-12-19 07:02:13,954 - INFO - Cropped NC_H08_20200303_0500_L2ARP030_FLDK.02401_02401.nc to Malaysia Domain.
2025-12-19 07:03:15,674 - INFO - Downloaded: NC_H08_20200303_0600_L2ARP030_FLDK.02401_02401.nc
2025-12-19 07:03:15,750 - INFO - Cropped NC_H08_20200303_0600_L2ARP030_FLDK.02401_02401.nc to Malaysia Domain.
2025-12-19 07:03:25,120 - INFO - Downloaded: NC_H08_20200303_0700_L2ARP030_FLDK.02401_02401.nc
2025-12-19 07:03:25,201 - INFO - Cropped NC_H08_20200303_0700_L2ARP030_FLDK.02401_02401.nc to Malaysia Domain.
2025-12-19 07:03:28,832 - INFO - Downloaded: NC_H08_20200303_0800_L2ARP030_FLDK.02401_02401.nc
2025-12-19 07:03:28,905 - INFO - Cropped NC_H08_20200303_0800_L2ARP030_FLDK.02401_02401.nc to Malaysia Domain.
2025-12-19 07:03:32,328 - INFO - Downloaded: NC_H08_20200303_0900_L2ARP030_FLDK.02401_02401.nc
2025-12-19 07:03:32,395 - INFO - Cropped NC_H08_20200303_0900_L2ARP030_FLDK.02401_02401.nc to Malaysia Domain.
2025-12-19 07:04:37,671 - INFO - Downloaded: NC_H08_20200304_0000_L2ARP030_FLDK.02401_02401.nc
2025-12-19 07:04:37,739 - INFO - Cropped NC_H08_20200304_0000_L2ARP030_FLDK.02401_02401.nc to Malaysia Domain.
2025-12-19 07:04:47,992 - INFO - Downloaded: NC_H08_20200304_0100_L2ARP030_FLDK.02401_02401.nc
2025-12-19 07:04:48,073 - INFO - Cropped NC_H08_20200304_0100_L2ARP030_FLDK.02401_02401.nc to Malaysia Domain.
2025-12-19 07:04:52,134 - INFO - Downloaded: NC_H08_20200304_0200_L2ARP030_FLDK.02401_02401.nc
2025-12-19 07:04:52,223 - INFO - Cropped NC_H08_20200304_0200_L2ARP030_FLDK.02401_02401.nc to Malaysia Domain.
2025-12-19 07:04:55,473 - INFO - Downloaded: NC_H08_20200304_0300_L2ARP030_FLDK.02401_02401.nc
2025-12-19 07:04:55,641 - INFO - Cropped NC_H08_20200304_0300_L2ARP030_FLDK.02401_02401.nc to Malaysia Domain.
2025-12-19 07:05:03,617 - INFO - Downloaded: NC_H08_20200304_0400_L2ARP030_FLDK.02401_02401.nc
2025-12-19 07:05:03,704 - INFO - Cropped NC_H08_20200304_0400_L2ARP030_FLDK.02401_02401.nc to Malaysia Domain.
2025-12-19 07:05:08,448 - INFO - Downloaded: NC_H08_20200304_0500_L2ARP030_FLDK.02401_02401.nc
2025-12-19 07:05:08,530 - INFO - Cropped NC_H08_20200304_0500_L2ARP030_FLDK.02401_02401.nc to Malaysia Domain.
2025-12-19 07:05:12,969 - INFO - Downloaded: NC_H08_20200304_0600_L2ARP030_FLDK.02401_02401.nc
2025-12-19 07:05:13,053 - INFO - Cropped NC_H08_20200304_0600_L2ARP030_FLDK.02401_02401.nc to Malaysia Domain.
2025-12-19 07:05:16,862 - INFO - Downloaded: NC_H08_20200304_0700_L2ARP030_FLDK.02401_02401.nc
2025-12-19 07:05:16,942 - INFO - Cropped NC_H08_20200304_0700_L2ARP030_FLDK.02401_02401.nc to Malaysia Domain.
2025-12-19 07:05:20,448 - INFO - Downloaded: NC_H08_20200304_0800_L2ARP030_FLDK.02401_02401.nc
2025-12-19 07:05:20,522 - INFO - Cropped NC_H08_20200304_0800_L2ARP030_FLDK.02401_02401.nc to Malaysia Domain.
2025-12-19 07:05:23,548 - INFO - Downloaded: NC_H08_20200304_0900_L2ARP030_FLDK.02401_02401.nc
2025-12-19 07:05:23,614 - INFO - Cropped NC_H08_20200304_0900_L2ARP030_FLDK.02401_02401.nc to Malaysia Domain.
2025-12-19 07:05:33,301 - INFO - Downloaded: NC_H08_20200305_0000_L2ARP030_FLDK.02401_02401.nc
2025-12-19 07:05:33,369 - INFO - Cropped NC_H08_20200305_0000_L2ARP030_FLDK.02401_02401.nc to Malaysia Domain.
2025-12-19 07:06:37,192 - INFO - Downloaded: NC_H08_20200305_0100_L2ARP030_FLDK.02401_02401.nc
2025-12-19 07:06:37,269 - INFO - Cropped NC_H08_20200305_0100_L2ARP030_FLDK.02401_02401.nc to Malaysia Domain.
2025-12-19 07:06:47,737 - INFO - Downloaded: NC_H08_20200305_0200_L2ARP030_FLDK.02401_02401.nc
2025-12-19 07:06:47,814 - INFO - Cropped NC_H08_20200305_0200_L2ARP030_FLDK.02401_02401.nc to Malaysia Domain.
2025-12-19 07:06:54,739 - INFO - Downloaded: NC_H08_20200305_0300_L2ARP030_FLDK.02401_02401.nc
2025-12-19 07:06:54,814 - INFO - Cropped NC_H08_20200305_0300_L2ARP030_FLDK.02401_02401.nc to Malaysia Domain.
2025-12-19 07:07:01,842 - INFO - Downloaded: NC_H08_20200305_0400_L2ARP030_FLDK.02401_02401.nc
2025-12-19 07:07:01,919 - INFO - Cropped NC_H08_20200305_0400_L2ARP030_FLDK.02401_02401.nc to Malaysia Domain.
2025-12-19 07:07:08,690 - INFO - Downloaded: NC_H08_20200305_0500_L2ARP030_FLDK.02401_02401.nc
2025-12-19 07:07:08,763 - INFO - Cropped NC_H08_20200305_0500_L2ARP030_FLDK.02401_02401.nc to Malaysia Domain.
2025-12-19 07:07:15,106 - INFO - Downloaded: NC_H08_20200305_0600_L2ARP030_FLDK.02401_02401.nc
2025-12-19 07:07:15,178 - INFO - Cropped NC_H08_20200305_0600_L2ARP030_FLDK.02401_02401.nc to Malaysia Domain.
2025-12-19 07:07:18,939 - INFO - Downloaded: NC_H08_20200305_0700_L2ARP030_FLDK.02401_02401.nc
2025-12-19 07:07:19,014 - INFO - Cropped NC_H08_20200305_0700_L2ARP030_FLDK.02401_02401.nc to Malaysia Domain.
2025-12-19 07:07:22,414 - INFO - Downloaded: NC_H08_20200305_0800_L2ARP030_FLDK.02401_02401.nc
2025-12-19 07:07:22,483 - INFO - Cropped NC_H08_20200305_0800_L2ARP030_FLDK.02401_02401.nc to Malaysia Domain.
2025-12-19 07:07:43,709 - INFO - Downloaded: NC_H08_20200305_0900_L2ARP030_FLDK.02401_02401.nc
2025-12-19 07:07:43,777 - INFO - Cropped NC_H08_20200305_0900_L2ARP030_FLDK.02401_02401.nc to Malaysia Domain.
2025-12-19 07:07:55,890 - INFO - Downloaded: NC_H08_20200306_0000_L2ARP030_FLDK.02401_02401.nc
2025-12-19 07:07:55,956 - INFO - Cropped NC_H08_20200306_0000_L2ARP030_FLDK.02401_02401.nc to Malaysia Domain.
2025-12-19 07:08:05,703 - INFO - Downloaded: NC_H08_20200306_0100_L2ARP030_FLDK.02401_02401.nc
2025-12-19 07:08:05,772 - INFO - Cropped NC_H08_20200306_0100_L2ARP030_FLDK.02401_02401.nc to Malaysia Domain.
2025-12-19 07:09:01,197 - INFO - Downloaded: NC_H08_20200306_0200_L2ARP030_FLDK.02401_02401.nc
2025-12-19 07:09:01,272 - INFO - Cropped NC_H08_20200306_0200_L2ARP030_FLDK.02401_02401.nc to Malaysia Domain.
2025-12-19 07:09:11,763 - INFO - Downloaded: NC_H08_20200306_0300_L2ARP030_FLDK.02401_02401.nc
2025-12-19 07:09:11,837 - INFO - Cropped NC_H08_20200306_0300_L2ARP030_FLDK.02401_02401.nc to Malaysia Domain.
2025-12-19 07:09:18,997 - INFO - Downloaded: NC_H08_20200306_0400_L2ARP030_FLDK.02401_02401.nc
2025-12-19 07:09:19,071 - INFO - Cropped NC_H08_20200306_0400_L2ARP030_FLDK.02401_02401.nc to Malaysia Domain.
2025-12-19 07:09:25,893 - INFO - Downloaded: NC_H08_20200306_0500_L2ARP030_FLDK.02401_02401.nc
2025-12-19 07:09:25,964 - INFO - Cropped NC_H08_20200306_0500_L2ARP030_FLDK.02401_02401.nc to Malaysia Domain.
2025-12-19 07:09:29,882 - INFO - Downloaded: NC_H08_20200306_0600_L2ARP030_FLDK.02401_02401.nc
2025-12-19 07:09:29,952 - INFO - Cropped NC_H08_20200306_0600_L2ARP030_FLDK.02401_02401.nc to Malaysia Domain.
2025-12-19 07:09:34,329 - INFO - Downloaded: NC_H08_20200306_0700_L2ARP030_FLDK.02401_02401.nc
2025-12-19 07:09:34,399 - INFO - Cropped NC_H08_20200306_0700_L2ARP030_FLDK.02401_02401.nc to Malaysia Domain.
2025-12-19 07:10:11,405 - INFO - Downloaded: NC_H08_20200306_0800_L2ARP030_FLDK.02401_02401.nc
2025-12-19 07:10:11,474 - INFO - Cropped NC_H08_20200306_0800_L2ARP030_FLDK.02401_02401.nc to Malaysia Domain.
2025-12-19 07:10:16,845 - INFO - Downloaded: NC_H08_20200306_0900_L2ARP030_FLDK.02401_02401.nc
2025-12-19 07:10:16,912 - INFO - Cropped NC_H08_20200306_0900_L2ARP030_FLDK.02401_02401.nc to Malaysia Domain.
2025-12-19 07:10:21,096 - INFO - Downloaded: NC_H08_20200307_0000_L2ARP030_FLDK.02401_02401.nc
2025-12-19 07:10:21,175 - INFO - Cropped NC_H08_20200307_0000_L2ARP030_FLDK.02401_02401.nc to Malaysia Domain.
2025-12-19 07:10:26,031 - INFO - Downloaded: NC_H08_20200307_0100_L2ARP030_FLDK.02401_02401.nc
2025-12-19 07:10:26,106 - INFO - Cropped NC_H08_20200307_0100_L2ARP030_FLDK.02401_02401.nc to Malaysia Domain.
2025-12-19 07:10:31,332 - INFO - Downloaded: NC_H08_20200307_0200_L2ARP030_FLDK.02401_02401.nc
2025-12-19 07:10:31,413 - INFO - Cropped NC_H08_20200307_0200_L2ARP030_FLDK.02401_02401.nc to Malaysia Domain.
2025-12-19 07:11:53,067 - INFO - Downloaded: NC_H08_20200307_0300_L2ARP030_FLDK.02401_02401.nc
2025-12-19 07:11:53,148 - INFO - Cropped NC_H08_20200307_0300_L2ARP030_FLDK.02401_02401.nc to Malaysia Domain.
2025-12-19 07:12:04,127 - INFO - Downloaded: NC_H08_20200307_0400_L2ARP030_FLDK.02401_02401.nc
2025-12-19 07:12:04,212 - INFO - Cropped NC_H08_20200307_0400_L2ARP030_FLDK.02401_02401.nc to Malaysia Domain.
2025-12-19 07:13:37,783 - INFO - Downloaded: NC_H08_20200307_0500_L2ARP030_FLDK.02401_02401.nc
2025-12-19 07:13:37,866 - INFO - Cropped NC_H08_20200307_0500_L2ARP030_FLDK.02401_02401.nc to Malaysia Domain.
2025-12-19 07:13:48,287 - INFO - Downloaded: NC_H08_20200307_0600_L2ARP030_FLDK.02401_02401.nc
2025-12-19 07:13:48,365 - INFO - Cropped NC_H08_20200307_0600_L2ARP030_FLDK.02401_02401.nc to Malaysia Domain.
2025-12-19 07:14:52,463 - INFO - Downloaded: NC_H08_20200307_0700_L2ARP030_FLDK.02401_02401.nc
2025-12-19 07:14:52,538 - INFO - Cropped NC_H08_20200307_0700_L2ARP030_FLDK.02401_02401.nc to Malaysia Domain.
2025-12-19 07:14:58,656 - INFO - Downloaded: NC_H08_20200307_0800_L2ARP030_FLDK.02401_02401.nc
2025-12-19 07:14:58,729 - INFO - Cropped NC_H08_20200307_0800_L2ARP030_FLDK.02401_02401.nc to Malaysia Domain.
2025-12-19 07:15:26,605 - INFO - Downloaded: NC_H08_20200307_0900_L2ARP030_FLDK.02401_02401.nc
2025-12-19 07:15:26,670 - INFO - Cropped NC_H08_20200307_0900_L2ARP030_FLDK.02401_02401.nc to Malaysia Domain.
2025-12-19 07:15:33,393 - INFO - Downloaded: NC_H08_20200308_0000_L2ARP030_FLDK.02401_02401.nc
2025-12-19 07:15:33,460 - INFO - Cropped NC_H08_20200308_0000_L2ARP030_FLDK.02401_02401.nc to Malaysia Domain.
2025-12-19 07:16:26,409 - INFO - Downloaded: NC_H08_20200308_0100_L2ARP030_FLDK.02401_02401.nc
2025-12-19 07:16:26,491 - INFO - Cropped NC_H08_20200308_0100_L2ARP030_FLDK.02401_02401.nc to Malaysia Domain.
2025-12-19 07:16:33,417 - INFO - Downloaded: NC_H08_20200308_0200_L2ARP030_FLDK.02401_02401.nc
2025-12-19 07:16:33,503 - INFO - Cropped NC_H08_20200308_0200_L2ARP030_FLDK.02401_02401.nc to Malaysia Domain.
2025-12-19 07:16:38,511 - INFO - Downloaded: NC_H08_20200308_0300_L2ARP030_FLDK.02401_02401.nc
2025-12-19 07:16:38,604 - INFO - Cropped NC_H08_20200308_0300_L2ARP030_FLDK.02401_02401.nc to Malaysia Domain.
2025-12-19 07:17:38,997 - INFO - Downloaded: NC_H08_20200308_0400_L2ARP030_FLDK.02401_02401.nc
2025-12-19 07:17:39,091 - INFO - Cropped NC_H08_20200308_0400_L2ARP030_FLDK.02401_02401.nc to Malaysia Domain.
2025-12-19 07:18:41,377 - INFO - Downloaded: NC_H08_20200308_0500_L2ARP030_FLDK.02401_02401.nc
2025-12-19 07:18:41,467 - INFO - Cropped NC_H08_20200308_0500_L2ARP030_FLDK.02401_02401.nc to Malaysia Domain.
2025-12-19 07:18:48,291 - INFO - Downloaded: NC_H08_20200308_0600_L2ARP030_FLDK.02401_02401.nc
2025-12-19 07:18:48,375 - INFO - Cropped NC_H08_20200308_0600_L2ARP030_FLDK.02401_02401.nc to Malaysia Domain.
2025-12-19 07:18:51,623 - INFO - Downloaded: NC_H08_20200308_0700_L2ARP030_FLDK.02401_02401.nc
2025-12-19 07:18:51,704 - INFO - Cropped NC_H08_20200308_0700_L2ARP030_FLDK.02401_02401.nc to Malaysia Domain.
2025-12-19 07:18:54,458 - INFO - Downloaded: NC_H08_20200308_0800_L2ARP030_FLDK.02401_02401.nc
2025-12-19 07:18:54,537 - INFO - Cropped NC_H08_20200308_0800_L2ARP030_FLDK.02401_02401.nc to Malaysia Domain.
2025-12-19 07:18:57,015 - INFO - Downloaded: NC_H08_20200308_0900_L2ARP030_FLDK.02401_02401.nc
2025-12-19 07:18:57,089 - INFO - Cropped NC_H08_20200308_0900_L2ARP030_FLDK.02401_02401.nc to Malaysia Domain.
2025-12-19 07:19:00,125 - INFO - Downloaded: NC_H08_20200309_0000_L2ARP030_FLDK.02401_02401.nc
2025-12-19 07:19:00,202 - INFO - Cropped NC_H08_20200309_0000_L2ARP030_FLDK.02401_02401.nc to Malaysia Domain.
2025-12-19 07:20:03,776 - INFO - Downloaded: NC_H08_20200309_0100_L2ARP030_FLDK.02401_02401.nc
2025-12-19 07:20:03,866 - INFO - Cropped NC_H08_20200309_0100_L2ARP030_FLDK.02401_02401.nc to Malaysia Domain.
2025-12-19 07:20:17,840 - INFO - Downloaded: NC_H08_20200309_0200_L2ARP030_FLDK.02401_02401.nc
2025-12-19 07:20:17,945 - INFO - Cropped NC_H08_20200309_0200_L2ARP030_FLDK.02401_02401.nc to Malaysia Domain.
2025-12-19 07:20:28,654 - INFO - Downloaded: NC_H08_20200309_0300_L2ARP030_FLDK.02401_02401.nc
2025-12-19 07:20:28,767 - INFO - Cropped NC_H08_20200309_0300_L2ARP030_FLDK.02401_02401.nc to Malaysia Domain.
2025-12-19 07:20:32,978 - INFO - Downloaded: NC_H08_20200309_0400_L2ARP030_FLDK.02401_02401.nc
2025-12-19 07:20:33,095 - INFO - Cropped NC_H08_20200309_0400_L2ARP030_FLDK.02401_02401.nc to Malaysia Domain.
2025-12-19 07:20:36,287 - INFO - Downloaded: NC_H08_20200309_0500_L2ARP030_FLDK.02401_02401.nc
2025-12-19 07:20:36,394 - INFO - Cropped NC_H08_20200309_0500_L2ARP030_FLDK.02401_02401.nc to Malaysia Domain.
2025-12-19 07:20:39,779 - INFO - Downloaded: NC_H08_20200309_0600_L2ARP030_FLDK.02401_02401.nc
2025-12-19 07:20:39,874 - INFO - Cropped NC_H08_20200309_0600_L2ARP030_FLDK.02401_02401.nc to Malaysia Domain.
2025-12-19 07:20:43,214 - INFO - Downloaded: NC_H08_20200309_0700_L2ARP030_FLDK.02401_02401.nc
2025-12-19 07:20:43,302 - INFO - Cropped NC_H08_20200309_0700_L2ARP030_FLDK.02401_02401.nc to Malaysia Domain.
2025-12-19 07:20:46,253 - INFO - Downloaded: NC_H08_20200309_0800_L2ARP030_FLDK.02401_02401.nc
2025-12-19 07:20:46,339 - INFO - Cropped NC_H08_20200309_0800_L2ARP030_FLDK.02401_02401.nc to Malaysia Domain.
2025-12-19 07:20:48,617 - INFO - Downloaded: NC_H08_20200309_0900_L2ARP030_FLDK.02401_02401.nc
2025-12-19 07:20:48,701 - INFO - Cropped NC_H08_20200309_0900_L2ARP030_FLDK.02401_02401.nc to Malaysia Domain.
2025-12-19 07:22:07,378 - INFO - Downloaded: NC_H08_20200310_0000_L2ARP030_FLDK.02401_02401.nc
2025-12-19 07:22:07,455 - INFO - Cropped NC_H08_20200310_0000_L2ARP030_FLDK.02401_02401.nc to Malaysia Domain.
2025-12-19 07:22:14,501 - INFO - Downloaded: NC_H08_20200310_0100_L2ARP030_FLDK.02401_02401.nc
2025-12-19 07:22:14,600 - INFO - Cropped NC_H08_20200310_0100_L2ARP030_FLDK.02401_02401.nc to Malaysia Domain.
2025-12-19 07:23:50,423 - INFO - Downloaded: NC_H08_20200310_0200_L2ARP030_FLDK.02401_02401.nc
2025-12-19 07:23:50,535 - INFO - Cropped NC_H08_20200310_0200_L2ARP030_FLDK.02401_02401.nc to Malaysia Domain.
2025-12-19 07:23:57,810 - INFO - Downloaded: NC_H08_20200310_0300_L2ARP030_FLDK.02401_02401.nc
2025-12-19 07:23:57,922 - INFO - Cropped NC_H08_20200310_0300_L2ARP030_FLDK.02401_02401.nc to Malaysia Domain.
2025-12-19 07:24:04,406 - INFO - Downloaded: NC_H08_20200310_0400_L2ARP030_FLDK.02401_02401.nc
2025-12-19 07:24:04,516 - INFO - Cropped NC_H08_20200310_0400_L2ARP030_FLDK.02401_02401.nc to Malaysia Domain.
2025-12-19 07:24:11,275 - INFO - Downloaded: NC_H08_20200310_0500_L2ARP030_FLDK.02401_02401.nc
2025-12-19 07:24:11,378 - INFO - Cropped NC_H08_20200310_0500_L2ARP030_FLDK.02401_02401.nc to Malaysia Domain.
2025-12-19 07:24:15,563 - INFO - Downloaded: NC_H08_20200310_0600_L2ARP030_FLDK.02401_02401.nc
2025-12-19 07:24:15,656 - INFO - Cropped NC_H08_20200310_0600_L2ARP030_FLDK.02401_02401.nc to Malaysia Domain.
2025-12-19 07:24:19,558 - INFO - Downloaded: NC_H08_20200310_0700_L2ARP030_FLDK.02401_02401.nc
2025-12-19 07:24:19,647 - INFO - Cropped NC_H08_20200310_0700_L2ARP030_FLDK.02401_02401.nc to Malaysia Domain.
2025-12-19 07:24:22,997 - INFO - Downloaded: NC_H08_20200310_0800_L2ARP030_FLDK.02401_02401.nc
2025-12-19 07:24:23,085 - INFO - Cropped NC_H08_20200310_0800_L2ARP030_FLDK.02401_02401.nc to Malaysia Domain.
2025-12-19 07:24:25,779 - INFO - Downloaded: NC_H08_20200310_0900_L2ARP030_FLDK.02401_02401.nc
2025-12-19 07:24:25,857 - INFO - Cropped NC_H08_20200310_0900_L2ARP030_FLDK.02401_02401.nc to Malaysia Domain.
2025-12-19 07:25:14,850 - INFO - Downloaded: NC_H08_20200311_0000_L2ARP030_FLDK.02401_02401.nc
2025-12-19 07:25:14,938 - INFO - Cropped NC_H08_20200311_0000_L2ARP030_FLDK.02401_02401.nc to Malaysia Domain.
2025-12-19 07:25:25,593 - INFO - Downloaded: NC_H08_20200311_0100_L2ARP030_FLDK.02401_02401.nc
2025-12-19 07:25:25,704 - INFO - Cropped NC_H08_20200311_0100_L2ARP030_FLDK.02401_02401.nc to Malaysia Domain.
2025-12-19 07:25:33,337 - INFO - Downloaded: NC_H08_20200311_0200_L2ARP030_FLDK.02401_02401.nc
2025-12-19 07:25:33,458 - INFO - Cropped NC_H08_20200311_0200_L2ARP030_FLDK.02401_02401.nc to Malaysia Domain.
2025-12-19 07:25:38,026 - INFO - Downloaded: NC_H08_20200311_0300_L2ARP030_FLDK.02401_02401.nc
2025-12-19 07:25:38,148 - INFO - Cropped NC_H08_20200311_0300_L2ARP030_FLDK.02401_02401.nc to Malaysia Domain.
2025-12-19 07:25:42,469 - INFO - Downloaded: NC_H08_20200311_0400_L2ARP030_FLDK.02401_02401.nc
2025-12-19 07:25:42,580 - INFO - Cropped NC_H08_20200311_0400_L2ARP030_FLDK.02401_02401.nc to Malaysia Domain.
2025-12-19 07:26:42,038 - INFO - Downloaded: NC_H08_20200311_0500_L2ARP030_FLDK.02401_02401.nc
2025-12-19 07:26:42,139 - INFO - Cropped NC_H08_20200311_0500_L2ARP030_FLDK.02401_02401.nc to Malaysia Domain.
2025-12-19 07:26:48,944 - INFO - Downloaded: NC_H08_20200311_0600_L2ARP030_FLDK.02401_02401.nc
2025-12-19 07:26:49,040 - INFO - Cropped NC_H08_20200311_0600_L2ARP030_FLDK.02401_02401.nc to Malaysia Domain.
2025-12-19 07:26:53,716 - INFO - Downloaded: NC_H08_20200311_0700_L2ARP030_FLDK.02401_02401.nc
2025-12-19 07:26:53,808 - INFO - Cropped NC_H08_20200311_0700_L2ARP030_FLDK.02401_02401.nc to Malaysia Domain.
2025-12-19 07:27:34,877 - INFO - Downloaded: NC_H08_20200311_0800_L2ARP030_FLDK.02401_02401.nc
2025-12-19 07:27:34,962 - INFO - Cropped NC_H08_20200311_0800_L2ARP030_FLDK.02401_02401.nc to Malaysia Domain.
2025-12-19 07:28:03,494 - INFO - Downloaded: NC_H08_20200311_0900_L2ARP030_FLDK.02401_02401.nc
2025-12-19 07:28:03,568 - INFO - Cropped NC_H08_20200311_0900_L2ARP030_FLDK.02401_02401.nc to Malaysia Domain.
2025-12-19 07:29:13,692 - INFO - Downloaded: NC_H08_20200312_0000_L2ARP030_FLDK.02401_02401.nc
2025-12-19 07:29:13,775 - INFO - Cropped NC_H08_20200312_0000_L2ARP030_FLDK.02401_02401.nc to Malaysia Domain.
2025-12-19 07:29:20,849 - INFO - Downloaded: NC_H08_20200312_0100_L2ARP030_FLDK.02401_02401.nc
2025-12-19 07:29:20,952 - INFO - Cropped NC_H08_20200312_0100_L2ARP030_FLDK.02401_02401.nc to Malaysia Domain.
2025-12-19 07:29:27,898 - INFO - Downloaded: NC_H08_20200312_0200_L2ARP030_FLDK.02401_02401.nc
2025-12-19 07:29:28,014 - INFO - Cropped NC_H08_20200312_0200_L2ARP030_FLDK.02401_02401.nc to Malaysia Domain.
2025-12-19 07:29:32,396 - INFO - Downloaded: NC_H08_20200312_0300_L2ARP030_FLDK.02401_02401.nc
2025-12-19 07:29:32,508 - INFO - Cropped NC_H08_20200312_0300_L2ARP030_FLDK.02401_02401.nc to Malaysia Domain.
2025-12-19 07:29:35,786 - INFO - Downloaded: NC_H08_20200312_0400_L2ARP030_FLDK.02401_02401.nc
2025-12-19 07:29:35,887 - INFO - Cropped NC_H08_20200312_0400_L2ARP030_FLDK.02401_02401.nc to Malaysia Domain.
2025-12-19 07:29:38,838 - INFO - Downloaded: NC_H08_20200312_0500_L2ARP030_FLDK.02401_02401.nc
2025-12-19 07:29:38,931 - INFO - Cropped NC_H08_20200312_0500_L2ARP030_FLDK.02401_02401.nc to Malaysia Domain.
2025-12-19 07:29:42,015 - INFO - Downloaded: NC_H08_20200312_0600_L2ARP030_FLDK.02401_02401.nc
2025-12-19 07:29:42,106 - INFO - Cropped NC_H08_20200312_0600_L2ARP030_FLDK.02401_02401.nc to Malaysia Domain.
2025-12-19 07:29:45,001 - INFO - Downloaded: NC_H08_20200312_0700_L2ARP030_FLDK.02401_02401.nc
2025-12-19 07:29:45,089 - INFO - Cropped NC_H08_20200312_0700_L2ARP030_FLDK.02401_02401.nc to Malaysia Domain.
2025-12-19 07:30:36,594 - INFO - Downloaded: NC_H08_20200312_0800_L2ARP030_FLDK.02401_02401.nc
2025-12-19 07:30:36,680 - INFO - Cropped NC_H08_20200312_0800_L2ARP030_FLDK.02401_02401.nc to Malaysia Domain.
2025-12-19 07:31:04,609 - INFO - Downloaded: NC_H08_20200312_0900_L2ARP030_FLDK.02401_02401.nc
2025-12-19 07:31:04,687 - INFO - Cropped NC_H08_20200312_0900_L2ARP030_FLDK.02401_02401.nc to Malaysia Domain.
2025-12-19 07:31:14,785 - INFO - Downloaded: NC_H08_20200313_0000_L2ARP030_FLDK.02401_02401.nc
2025-12-19 07:31:14,874 - INFO - Cropped NC_H08_20200313_0000_L2ARP030_FLDK.02401_02401.nc to Malaysia Domain.
2025-12-19 07:31:19,267 - INFO - Downloaded: NC_H08_20200313_0100_L2ARP030_FLDK.02401_02401.nc
2025-12-19 07:31:19,377 - INFO - Cropped NC_H08_20200313_0100_L2ARP030_FLDK.02401_02401.nc to Malaysia Domain.
2025-12-19 07:31:23,854 - INFO - Downloaded: NC_H08_20200313_0200_L2ARP030_FLDK.02401_02401.nc
2025-12-19 07:31:23,966 - INFO - Cropped NC_H08_20200313_0200_L2ARP030_FLDK.02401_02401.nc to Malaysia Domain.
2025-12-19 07:31:28,434 - INFO - Downloaded: NC_H08_20200313_0300_L2ARP030_FLDK.02401_02401.nc
2025-12-19 07:31:28,551 - INFO - Cropped NC_H08_20200313_0300_L2ARP030_FLDK.02401_02401.nc to Malaysia Domain.
2025-12-19 07:32:44,759 - INFO - Downloaded: NC_H08_20200313_0400_L2ARP030_FLDK.02401_02401.nc
2025-12-19 07:32:44,864 - INFO - Cropped NC_H08_20200313_0400_L2ARP030_FLDK.02401_02401.nc to Malaysia Domain.
2025-12-19 07:32:55,395 - INFO - Downloaded: NC_H08_20200313_0500_L2ARP030_FLDK.02401_02401.nc
2025-12-19 07:32:55,494 - INFO - Cropped NC_H08_20200313_0500_L2ARP030_FLDK.02401_02401.nc to Malaysia Domain.
2025-12-19 07:33:52,626 - INFO - Downloaded: NC_H08_20200313_0600_L2ARP030_FLDK.02401_02401.nc
2025-12-19 07:33:52,715 - INFO - Cropped NC_H08_20200313_0600_L2ARP030_FLDK.02401_02401.nc to Malaysia Domain.
2025-12-19 07:34:39,444 - INFO - Downloaded: NC_H08_20200313_0700_L2ARP030_FLDK.02401_02401.nc
2025-12-19 07:34:39,534 - INFO - Cropped NC_H08_20200313_0700_L2ARP030_FLDK.02401_02401.nc to Malaysia Domain.
2025-12-19 07:34:48,603 - INFO - Downloaded: NC_H08_20200313_0800_L2ARP030_FLDK.02401_02401.nc
2025-12-19 07:34:48,687 - INFO - Cropped NC_H08_20200313_0800_L2ARP030_FLDK.02401_02401.nc to Malaysia Domain.
2025-12-19 07:34:53,952 - INFO - Downloaded: NC_H08_20200313_0900_L2ARP030_FLDK.02401_02401.nc
2025-12-19 07:34:54,033 - INFO - Cropped NC_H08_20200313_0900_L2ARP030_FLDK.02401_02401.nc to Malaysia Domain.
2025-12-19 07:34:58,718 - INFO - Downloaded: NC_H08_20200314_0000_L2ARP030_FLDK.02401_02401.nc
2025-12-19 07:34:58,802 - INFO - Cropped NC_H08_20200314_0000_L2ARP030_FLDK.02401_02401.nc to Malaysia Domain.
2025-12-19 07:35:04,047 - INFO - Downloaded: NC_H08_20200314_0100_L2ARP030_FLDK.02401_02401.nc
2025-12-19 07:35:04,151 - INFO - Cropped NC_H08_20200314_0100_L2ARP030_FLDK.02401_02401.nc to Malaysia Domain.
2025-12-19 07:36:11,971 - INFO - Downloaded: NC_H08_20200314_0200_L2ARP030_FLDK.02401_02401.nc
2025-12-19 07:36:12,073 - INFO - Cropped NC_H08_20200314_0200_L2ARP030_FLDK.02401_02401.nc to Malaysia Domain.
2025-12-19 07:36:19,263 - INFO - Downloaded: NC_H08_20200314_0300_L2ARP030_FLDK.02401_02401.nc
2025-12-19 07:36:19,371 - INFO - Cropped NC_H08_20200314_0300_L2ARP030_FLDK.02401_02401.nc to Malaysia Domain.
2025-12-19 07:36:22,798 - INFO - Downloaded: NC_H08_20200314_0400_L2ARP030_FLDK.02401_02401.nc
2025-12-19 07:36:22,893 - INFO - Cropped NC_H08_20200314_0400_L2ARP030_FLDK.02401_02401.nc to Malaysia Domain.
2025-12-19 07:36:26,632 - INFO - Downloaded: NC_H08_20200314_0500_L2ARP030_FLDK.02401_02401.nc
2025-12-19 07:36:26,723 - INFO - Cropped NC_H08_20200314_0500_L2ARP030_FLDK.02401_02401.nc to Malaysia Domain.
2025-12-19 07:36:29,728 - INFO - Downloaded: NC_H08_20200314_0600_L2ARP030_FLDK.02401_02401.nc
2025-12-19 07:36:29,818 - INFO - Cropped NC_H08_20200314_0600_L2ARP030_FLDK.02401_02401.nc to Malaysia Domain.
2025-12-19 07:36:32,993 - INFO - Downloaded: NC_H08_20200314_0700_L2ARP030_FLDK.02401_02401.nc
2025-12-19 07:36:33,083 - INFO - Cropped NC_H08_20200314_0700_L2ARP030_FLDK.02401_02401.nc to Malaysia Domain.
2025-12-19 07:36:42,250 - INFO - Downloaded: NC_H08_20200314_0800_L2ARP030_FLDK.02401_02401.nc
2025-12-19 07:36:42,335 - INFO - Cropped NC_H08_20200314_0800_L2ARP030_FLDK.02401_02401.nc to Malaysia Domain.
2025-12-19 07:36:47,428 - INFO - Downloaded: NC_H08_20200314_0900_L2ARP030_FLDK.02401_02401.nc
2025-12-19 07:36:47,500 - INFO - Cropped NC_H08_20200314_0900_L2ARP030_FLDK.02401_02401.nc to Malaysia Domain.
2025-12-19 07:36:56,779 - INFO - Downloaded: NC_H08_20200315_0000_L2ARP030_FLDK.02401_02401.nc
2025-12-19 07:36:56,866 - INFO - Cropped NC_H08_20200315_0000_L2ARP030_FLDK.02401_02401.nc to Malaysia Domain.
2025-12-19 07:37:06,652 - INFO - Downloaded: NC_H08_20200315_0100_L2ARP030_FLDK.02401_02401.nc
2025-12-19 07:37:06,767 - INFO - Cropped NC_H08_20200315_0100_L2ARP030_FLDK.02401_02401.nc to Malaysia Domain.
2025-12-19 07:37:16,555 - INFO - Downloaded: NC_H08_20200315_0200_L2ARP030_FLDK.02401_02401.nc
2025-12-19 07:37:16,668 - INFO - Cropped NC_H08_20200315_0200_L2ARP030_FLDK.02401_02401.nc to Malaysia Domain.
2025-12-19 07:37:26,016 - INFO - Downloaded: NC_H08_20200315_0300_L2ARP030_FLDK.02401_02401.nc
2025-12-19 07:37:26,127 - INFO - Cropped NC_H08_20200315_0300_L2ARP030_FLDK.02401_02401.nc to Malaysia Domain.
2025-12-19 07:37:35,398 - INFO - Downloaded: NC_H08_20200315_0400_L2ARP030_FLDK.02401_02401.nc
2025-12-19 07:37:35,500 - INFO - Cropped NC_H08_20200315_0400_L2ARP030_FLDK.02401_02401.nc to Malaysia Domain.
2025-12-19 07:38:51,492 - INFO - Downloaded: NC_H08_20200315_0500_L2ARP030_FLDK.02401_02401.nc
2025-12-19 07:38:51,582 - INFO - Cropped NC_H08_20200315_0500_L2ARP030_FLDK.02401_02401.nc to Malaysia Domain.
2025-12-19 07:39:01,999 - INFO - Downloaded: NC_H08_20200315_0600_L2ARP030_FLDK.02401_02401.nc
2025-12-19 07:39:02,089 - INFO - Cropped NC_H08_20200315_0600_L2ARP030_FLDK.02401_02401.nc to Malaysia Domain.
2025-12-19 07:39:05,864 - INFO - Downloaded: NC_H08_20200315_0700_L2ARP030_FLDK.02401_02401.nc
2025-12-19 07:39:05,954 - INFO - Cropped NC_H08_20200315_0700_L2ARP030_FLDK.02401_02401.nc to Malaysia Domain.
2025-12-19 07:39:09,343 - INFO - Downloaded: NC_H08_20200315_0800_L2ARP030_FLDK.02401_02401.nc
2025-12-19 07:39:09,429 - INFO - Cropped NC_H08_20200315_0800_L2ARP030_FLDK.02401_02401.nc to Malaysia Domain.
2025-12-19 07:39:12,320 - INFO - Downloaded: NC_H08_20200315_0900_L2ARP030_FLDK.02401_02401.nc
2025-12-19 07:39:12,397 - INFO - Cropped NC_H08_20200315_0900_L2ARP030_FLDK.02401_02401.nc to Malaysia Domain.
2025-12-19 07:39:15,829 - INFO - Downloaded: NC_H08_20200316_0000_L2ARP030_FLDK.02401_02401.nc
2025-12-19 07:39:15,916 - INFO - Cropped NC_H08_20200316_0000_L2ARP030_FLDK.02401_02401.nc to Malaysia Domain.
2025-12-19 07:39:19,582 - INFO - Downloaded: NC_H08_20200316_0100_L2ARP030_FLDK.02401_02401.nc
2025-12-19 07:39:19,700 - INFO - Cropped NC_H08_20200316_0100_L2ARP030_FLDK.02401_02401.nc to Malaysia Domain.
2025-12-19 07:39:24,006 - INFO - Downloaded: NC_H08_20200316_0200_L2ARP030_FLDK.02401_02401.nc
2025-12-19 07:39:24,123 - INFO - Cropped NC_H08_20200316_0200_L2ARP030_FLDK.02401_02401.nc to Malaysia Domain.
2025-12-19 07:39:27,475 - INFO - Downloaded: NC_H08_20200316_0300_L2ARP030_FLDK.02401_02401.nc
2025-12-19 07:39:27,592 - INFO - Cropped NC_H08_20200316_0300_L2ARP030_FLDK.02401_02401.nc to Malaysia Domain.
2025-12-19 07:39:31,368 - INFO - Downloaded: NC_H08_20200316_0400_L2ARP030_FLDK.02401_02401.nc
2025-12-19 07:39:31,470 - INFO - Cropped NC_H08_20200316_0400_L2ARP030_FLDK.02401_02401.nc to Malaysia Domain.
2025-12-19 07:39:34,766 - INFO - Downloaded: NC_H08_20200316_0500_L2ARP030_FLDK.02401_02401.nc
2025-12-19 07:39:34,857 - INFO - Cropped NC_H08_20200316_0500_L2ARP030_FLDK.02401_02401.nc to Malaysia Domain.
2025-12-19 07:40:29,577 - INFO - Downloaded: NC_H08_20200316_0600_L2ARP030_FLDK.02401_02401.nc
2025-12-19 07:40:29,665 - INFO - Cropped NC_H08_20200316_0600_L2ARP030_FLDK.02401_02401.nc to Malaysia Domain.
2025-12-19 07:40:36,087 - INFO - Downloaded: NC_H08_20200316_0700_L2ARP030_FLDK.02401_02401.nc
2025-12-19 07:40:36,175 - INFO - Cropped NC_H08_20200316_0700_L2ARP030_FLDK.02401_02401.nc to Malaysia Domain.
2025-12-19 07:40:40,097 - INFO - Downloaded: NC_H08_20200316_0800_L2ARP030_FLDK.02401_02401.nc
2025-12-19 07:40:40,179 - INFO - Cropped NC_H08_20200316_0800_L2ARP030_FLDK.02401_02401.nc to Malaysia Domain.
2025-12-19 07:40:43,228 - INFO - Downloaded: NC_H08_20200316_0900_L2ARP030_FLDK.02401_02401.nc
2025-12-19 07:40:43,305 - INFO - Cropped NC_H08_20200316_0900_L2ARP030_FLDK.02401_02401.nc to Malaysia Domain.
2025-12-19 07:40:48,893 - INFO - Downloaded: NC_H08_20200317_0000_L2ARP030_FLDK.02401_02401.nc
2025-12-19 07:40:48,982 - INFO - Cropped NC_H08_20200317_0000_L2ARP030_FLDK.02401_02401.nc to Malaysia Domain.
2025-12-19 07:41:49,451 - INFO - Downloaded: NC_H08_20200317_0100_L2ARP030_FLDK.02401_02401.nc
2025-12-19 07:41:49,570 - INFO - Cropped NC_H08_20200317_0100_L2ARP030_FLDK.02401_02401.nc to Malaysia Domain.
2025-12-19 07:42:00,701 - INFO - Downloaded: NC_H08_20200317_0200_L2ARP030_FLDK.02401_02401.nc
2025-12-19 07:42:00,819 - INFO - Cropped NC_H08_20200317_0200_L2ARP030_FLDK.02401_02401.nc to Malaysia Domain.
2025-12-19 07:42:07,726 - INFO - Downloaded: NC_H08_20200317_0300_L2ARP030_FLDK.02401_02401.nc
2025-12-19 07:42:07,838 - INFO - Cropped NC_H08_20200317_0300_L2ARP030_FLDK.02401_02401.nc to Malaysia Domain.
2025-12-19 07:42:16,049 - INFO - Downloaded: NC_H08_20200317_0400_L2ARP030_FLDK.02401_02401.nc
2025-12-19 07:42:16,154 - INFO - Cropped NC_H08_20200317_0400_L2ARP030_FLDK.02401_02401.nc to Malaysia Domain.
2025-12-19 07:42:23,330 - INFO - Downloaded: NC_H08_20200317_0500_L2ARP030_FLDK.02401_02401.nc
2025-12-19 07:42:23,419 - INFO - Cropped NC_H08_20200317_0500_L2ARP030_FLDK.02401_02401.nc to Malaysia Domain.
2025-12-19 07:42:28,136 - INFO - Downloaded: NC_H08_20200317_0600_L2ARP030_FLDK.02401_02401.nc
2025-12-19 07:42:28,228 - INFO - Cropped NC_H08_20200317_0600_L2ARP030_FLDK.02401_02401.nc to Malaysia Domain.
2025-12-19 07:42:38,013 - INFO - Downloaded: NC_H08_20200317_0700_L2ARP030_FLDK.02401_02401.nc
2025-12-19 07:42:38,103 - INFO - Cropped NC_H08_20200317_0700_L2ARP030_FLDK.02401_02401.nc to Malaysia Domain.
2025-12-19 07:43:01,868 - INFO - Downloaded: NC_H08_20200317_0800_L2ARP030_FLDK.02401_02401.nc
2025-12-19 07:43:01,952 - INFO - Cropped NC_H08_20200317_0800_L2ARP030_FLDK.02401_02401.nc to Malaysia Domain.
2025-12-19 07:43:07,270 - INFO - Downloaded: NC_H08_20200317_0900_L2ARP030_FLDK.02401_02401.nc
2025-12-19 07:43:07,349 - INFO - Cropped NC_H08_20200317_0900_L2ARP030_FLDK.02401_02401.nc to Malaysia Domain.
2025-12-19 07:43:16,889 - INFO - Downloaded: NC_H08_20200318_0000_L2ARP030_FLDK.02401_02401.nc
2025-12-19 07:43:16,982 - INFO - Cropped NC_H08_20200318_0000_L2ARP030_FLDK.02401_02401.nc to Malaysia Domain.
2025-12-19 07:43:21,698 - INFO - Downloaded: NC_H08_20200318_0100_L2ARP030_FLDK.02401_02401.nc
2025-12-19 07:43:21,819 - INFO - Cropped NC_H08_20200318_0100_L2ARP030_FLDK.02401_02401.nc to Malaysia Domain.
2025-12-19 07:43:27,074 - INFO - Downloaded: NC_H08_20200318_0200_L2ARP030_FLDK.02401_02401.nc
2025-12-19 07:43:27,195 - INFO - Cropped NC_H08_20200318_0200_L2ARP030_FLDK.02401_02401.nc to Malaysia Domain.
2025-12-19 07:43:30,512 - INFO - Downloaded: NC_H08_20200318_0300_L2ARP030_FLDK.02401_02401.nc
2025-12-19 07:43:30,632 - INFO - Cropped NC_H08_20200318_0300_L2ARP030_FLDK.02401_02401.nc to Malaysia Domain.
2025-12-19 07:43:33,912 - INFO - Downloaded: NC_H08_20200318_0400_L2ARP030_FLDK.02401_02401.nc
2025-12-19 07:43:34,022 - INFO - Cropped NC_H08_20200318_0400_L2ARP030_FLDK.02401_02401.nc to Malaysia Domain.
2025-12-19 07:44:29,354 - INFO - Downloaded: NC_H08_20200318_0500_L2ARP030_FLDK.02401_02401.nc
2025-12-19 07:44:29,446 - INFO - Cropped NC_H08_20200318_0500_L2ARP030_FLDK.02401_02401.nc to Malaysia Domain.
2025-12-19 07:44:36,887 - INFO - Downloaded: NC_H08_20200318_0600_L2ARP030_FLDK.02401_02401.nc
2025-12-19 07:44:36,979 - INFO - Cropped NC_H08_20200318_0600_L2ARP030_FLDK.02401_02401.nc to Malaysia Domain.
2025-12-19 07:44:41,608 - INFO - Downloaded: NC_H08_20200318_0700_L2ARP030_FLDK.02401_02401.nc
2025-12-19 07:44:41,699 - INFO - Cropped NC_H08_20200318_0700_L2ARP030_FLDK.02401_02401.nc to Malaysia Domain.
2025-12-19 07:44:44,682 - INFO - Downloaded: NC_H08_20200318_0800_L2ARP030_FLDK.02401_02401.nc
2025-12-19 07:44:44,770 - INFO - Cropped NC_H08_20200318_0800_L2ARP030_FLDK.02401_02401.nc to Malaysia Domain.
2025-12-19 07:44:47,772 - INFO - Downloaded: NC_H08_20200318_0900_L2ARP030_FLDK.02401_02401.nc
2025-12-19 07:44:47,852 - INFO - Cropped NC_H08_20200318_0900_L2ARP030_FLDK.02401_02401.nc to Malaysia Domain.
2025-12-19 07:44:51,357 - INFO - Downloaded: NC_H08_20200319_0000_L2ARP030_FLDK.02401_02401.nc
2025-12-19 07:44:51,444 - INFO - Cropped NC_H08_20200319_0000_L2ARP030_FLDK.02401_02401.nc to Malaysia Domain.
2025-12-19 07:44:54,798 - INFO - Downloaded: NC_H08_20200319_0100_L2ARP030_FLDK.02401_02401.nc
2025-12-19 07:44:54,911 - INFO - Cropped NC_H08_20200319_0100_L2ARP030_FLDK.02401_02401.nc to Malaysia Domain.
2025-12-19 07:44:58,234 - INFO - Downloaded: NC_H08_20200319_0200_L2ARP030_FLDK.02401_02401.nc
2025-12-19 07:44:58,351 - INFO - Cropped NC_H08_20200319_0200_L2ARP030_FLDK.02401_02401.nc to Malaysia Domain.
2025-12-19 07:45:01,984 - INFO - Downloaded: NC_H08_20200319_0300_L2ARP030_FLDK.02401_02401.nc
2025-12-19 07:45:02,102 - INFO - Cropped NC_H08_20200319_0300_L2ARP030_FLDK.02401_02401.nc to Malaysia Domain.
2025-12-19 07:45:05,264 - INFO - Downloaded: NC_H08_20200319_0400_L2ARP030_FLDK.02401_02401.nc
2025-12-19 07:45:05,368 - INFO - Cropped NC_H08_20200319_0400_L2ARP030_FLDK.02401_02401.nc to Malaysia Domain.
2025-12-19 07:45:08,733 - INFO - Downloaded: NC_H08_20200319_0500_L2ARP030_FLDK.02401_02401.nc
2025-12-19 07:45:08,828 - INFO - Cropped NC_H08_20200319_0500_L2ARP030_FLDK.02401_02401.nc to Malaysia Domain.
2025-12-19 07:46:07,917 - INFO - Downloaded: NC_H08_20200319_0600_L2ARP030_FLDK.02401_02401.nc
2025-12-19 07:46:08,007 - INFO - Cropped NC_H08_20200319_0600_L2ARP030_FLDK.02401_02401.nc to Malaysia Domain.
2025-12-19 07:46:57,898 - INFO - Downloaded: NC_H08_20200319_0700_L2ARP030_FLDK.02401_02401.nc
2025-12-19 07:46:57,986 - INFO - Cropped NC_H08_20200319_0700_L2ARP030_FLDK.02401_02401.nc to Malaysia Domain.
2025-12-19 07:47:07,939 - INFO - Downloaded: NC_H08_20200319_0800_L2ARP030_FLDK.02401_02401.nc
2025-12-19 07:47:08,020 - INFO - Cropped NC_H08_20200319_0800_L2ARP030_FLDK.02401_02401.nc to Malaysia Domain.
2025-12-19 07:47:15,271 - INFO - Downloaded: NC_H08_20200319_0900_L2ARP030_FLDK.02401_02401.nc
2025-12-19 07:47:15,343 - INFO - Cropped NC_H08_20200319_0900_L2ARP030_FLDK.02401_02401.nc to Malaysia Domain.
2025-12-19 07:47:21,277 - INFO - Downloaded: NC_H08_20200320_0000_L2ARP030_FLDK.02401_02401.nc
2025-12-19 07:47:21,361 - INFO - Cropped NC_H08_20200320_0000_L2ARP030_FLDK.02401_02401.nc to Malaysia Domain.
2025-12-19 07:47:26,734 - INFO - Downloaded: NC_H08_20200320_0100_L2ARP030_FLDK.02401_02401.nc
2025-12-19 07:47:26,841 - INFO - Cropped NC_H08_20200320_0100_L2ARP030_FLDK.02401_02401.nc to Malaysia Domain.
2025-12-19 07:47:30,546 - INFO - Downloaded: NC_H08_20200320_0200_L2ARP030_FLDK.02401_02401.nc
2025-12-19 07:47:30,652 - INFO - Cropped NC_H08_20200320_0200_L2ARP030_FLDK.02401_02401.nc to Malaysia Domain.
2025-12-19 07:48:42,800 - INFO - Downloaded: NC_H08_20200320_0300_L2ARP030_FLDK.02401_02401.nc
2025-12-19 07:48:42,904 - INFO - Cropped NC_H08_20200320_0300_L2ARP030_FLDK.02401_02401.nc to Malaysia Domain.
2025-12-19 07:48:50,900 - INFO - Downloaded: NC_H08_20200320_0400_L2ARP030_FLDK.02401_02401.nc
2025-12-19 07:48:50,997 - INFO - Cropped NC_H08_20200320_0400_L2ARP030_FLDK.02401_02401.nc to Malaysia Domain.
2025-12-19 07:48:54,647 - INFO - Downloaded: NC_H08_20200320_0500_L2ARP030_FLDK.02401_02401.nc
2025-12-19 07:48:54,738 - INFO - Cropped NC_H08_20200320_0500_L2ARP030_FLDK.02401_02401.nc to Malaysia Domain.
2025-12-19 07:48:58,975 - INFO - Downloaded: NC_H08_20200320_0600_L2ARP030_FLDK.02401_02401.nc
2025-12-19 07:48:59,061 - INFO - Cropped NC_H08_20200320_0600_L2ARP030_FLDK.02401_02401.nc to Malaysia Domain.
2025-12-19 07:49:02,937 - INFO - Downloaded: NC_H08_20200320_0700_L2ARP030_FLDK.02401_02401.nc
2025-12-19 07:49:03,021 - INFO - Cropped NC_H08_20200320_0700_L2ARP030_FLDK.02401_02401.nc to Malaysia Domain.
2025-12-19 07:49:37,072 - INFO - Downloaded: NC_H08_20200320_0800_L2ARP030_FLDK.02401_02401.nc
2025-12-19 07:49:37,150 - INFO - Cropped NC_H08_20200320_0800_L2ARP030_FLDK.02401_02401.nc to Malaysia Domain.
2025-12-19 07:49:42,909 - INFO - Downloaded: NC_H08_20200320_0900_L2ARP030_FLDK.02401_02401.nc
2025-12-19 07:49:42,977 - INFO - Cropped NC_H08_20200320_0900_L2ARP030_FLDK.02401_02401.nc to Malaysia Domain.
2025-12-19 07:49:52,986 - INFO - Downloaded: NC_H08_20200321_0000_L2ARP030_FLDK.02401_02401.nc
2025-12-19 07:49:53,075 - INFO - Cropped NC_H08_20200321_0000_L2ARP030_FLDK.02401_02401.nc to Malaysia Domain.
2025-12-19 07:49:57,747 - INFO - Downloaded: NC_H08_20200321_0100_L2ARP030_FLDK.02401_02401.nc
2025-12-19 07:49:57,872 - INFO - Cropped NC_H08_20200321_0100_L2ARP030_FLDK.02401_02401.nc to Malaysia Domain.
2025-12-19 07:50:01,567 - INFO - Downloaded: NC_H08_20200321_0200_L2ARP030_FLDK.02401_02401.nc
2025-12-19 07:50:01,686 - INFO - Cropped NC_H08_20200321_0200_L2ARP030_FLDK.02401_02401.nc to Malaysia Domain.
2025-12-19 07:50:05,435 - INFO - Downloaded: NC_H08_20200321_0300_L2ARP030_FLDK.02401_02401.nc
2025-12-19 07:50:05,554 - INFO - Cropped NC_H08_20200321_0300_L2ARP030_FLDK.02401_02401.nc to Malaysia Domain.
2025-12-19 07:50:08,872 - INFO - Downloaded: NC_H08_20200321_0400_L2ARP030_FLDK.02401_02401.nc
2025-12-19 07:50:08,982 - INFO - Cropped NC_H08_20200321_0400_L2ARP030_FLDK.02401_02401.nc to Malaysia Domain.
2025-12-19 07:50:12,154 - INFO - Downloaded: NC_H08_20200321_0500_L2ARP030_FLDK.02401_02401.nc
2025-12-19 07:50:12,252 - INFO - Cropped NC_H08_20200321_0500_L2ARP030_FLDK.02401_02401.nc to Malaysia Domain.
2025-12-19 07:51:07,491 - INFO - Downloaded: NC_H08_20200321_0600_L2ARP030_FLDK.02401_02401.nc
2025-12-19 07:51:07,581 - INFO - Cropped NC_H08_20200321_0600_L2ARP030_FLDK.02401_02401.nc to Malaysia Domain.
2025-12-19 07:51:17,821 - INFO - Downloaded: NC_H08_20200321_0700_L2ARP030_FLDK.02401_02401.nc
2025-12-19 07:51:17,909 - INFO - Cropped NC_H08_20200321_0700_L2ARP030_FLDK.02401_02401.nc to Malaysia Domain.
2025-12-19 07:51:48,412 - INFO - Downloaded: NC_H08_20200321_0800_L2ARP030_FLDK.02401_02401.nc
2025-12-19 07:51:48,494 - INFO - Cropped NC_H08_20200321_0800_L2ARP030_FLDK.02401_02401.nc to Malaysia Domain.
2025-12-19 07:51:56,760 - INFO - Downloaded: NC_H08_20200321_0900_L2ARP030_FLDK.02401_02401.nc
2025-12-19 07:51:56,831 - INFO - Cropped NC_H08_20200321_0900_L2ARP030_FLDK.02401_02401.nc to Malaysia Domain.
2025-12-19 07:52:50,445 - INFO - Downloaded: NC_H08_20200322_0000_L2ARP030_FLDK.02401_02401.nc
2025-12-19 07:52:50,538 - INFO - Cropped NC_H08_20200322_0000_L2ARP030_FLDK.02401_02401.nc to Malaysia Domain.
2025-12-19 07:54:07,661 - INFO - Downloaded: NC_H08_20200322_0100_L2ARP030_FLDK.02401_02401.nc
2025-12-19 07:54:07,790 - INFO - Cropped NC_H08_20200322_0100_L2ARP030_FLDK.02401_02401.nc to Malaysia Domain.
2025-12-19 07:55:48,642 - INFO - Downloaded: NC_H08_20200322_0200_L2ARP030_FLDK.02401_02401.nc
2025-12-19 07:55:48,765 - INFO - Cropped NC_H08_20200322_0200_L2ARP030_FLDK.02401_02401.nc to Malaysia Domain.
2025-12-19 07:57:04,989 - INFO - Downloaded: NC_H08_20200322_0300_L2ARP030_FLDK.02401_02401.nc
2025-12-19 07:57:05,114 - INFO - Cropped NC_H08_20200322_0300_L2ARP030_FLDK.02401_02401.nc to Malaysia Domain.
2025-12-19 07:57:16,363 - INFO - Downloaded: NC_H08_20200322_0400_L2ARP030_FLDK.02401_02401.nc
2025-12-19 07:57:16,473 - INFO - Cropped NC_H08_20200322_0400_L2ARP030_FLDK.02401_02401.nc to Malaysia Domain.
2025-12-19 07:57:20,451 - INFO - Downloaded: NC_H08_20200322_0500_L2ARP030_FLDK.02401_02401.nc
2025-12-19 07:57:20,550 - INFO - Cropped NC_H08_20200322_0500_L2ARP030_FLDK.02401_02401.nc to Malaysia Domain.
2025-12-19 07:57:24,525 - INFO - Downloaded: NC_H08_20200322_0600_L2ARP030_FLDK.02401_02401.nc
2025-12-19 07:57:24,618 - INFO - Cropped NC_H08_20200322_0600_L2ARP030_FLDK.02401_02401.nc to Malaysia Domain.
2025-12-19 07:57:28,329 - INFO - Downloaded: NC_H08_20200322_0700_L2ARP030_FLDK.02401_02401.nc
2025-12-19 07:57:28,420 - INFO - Cropped NC_H08_20200322_0700_L2ARP030_FLDK.02401_02401.nc to Malaysia Domain.
2025-12-19 07:58:02,221 - INFO - Downloaded: NC_H08_20200322_0800_L2ARP030_FLDK.02401_02401.nc
2025-12-19 07:58:02,310 - INFO - Cropped NC_H08_20200322_0800_L2ARP030_FLDK.02401_02401.nc to Malaysia Domain.
2025-12-19 07:58:29,189 - INFO - Downloaded: NC_H08_20200322_0900_L2ARP030_FLDK.02401_02401.nc
2025-12-19 07:58:29,265 - INFO - Cropped NC_H08_20200322_0900_L2ARP030_FLDK.02401_02401.nc to Malaysia Domain.
2025-12-19 07:58:36,211 - INFO - Downloaded: NC_H08_20200323_0000_L2ARP030_FLDK.02401_02401.nc
2025-12-19 07:58:36,300 - INFO - Cropped NC_H08_20200323_0000_L2ARP030_FLDK.02401_02401.nc to Malaysia Domain.
2025-12-19 07:59:35,143 - INFO - Downloaded: NC_H08_20200323_0100_L2ARP030_FLDK.02401_02401.nc
2025-12-19 07:59:35,255 - INFO - Cropped NC_H08_20200323_0100_L2ARP030_FLDK.02401_02401.nc to Malaysia Domain.
2025-12-19 07:59:46,348 - INFO - Downloaded: NC_H08_20200323_0200_L2ARP030_FLDK.02401_02401.nc
2025-12-19 07:59:46,461 - INFO - Cropped NC_H08_20200323_0200_L2ARP030_FLDK.02401_02401.nc to Malaysia Domain.
2025-12-19 07:59:57,584 - INFO - Downloaded: NC_H08_20200323_0300_L2ARP030_FLDK.02401_02401.nc
2025-12-19 07:59:57,697 - INFO - Cropped NC_H08_20200323_0300_L2ARP030_FLDK.02401_02401.nc to Malaysia Domain.
2025-12-19 08:00:04,861 - INFO - Downloaded: NC_H08_20200323_0400_L2ARP030_FLDK.02401_02401.nc
2025-12-19 08:00:04,965 - INFO - Cropped NC_H08_20200323_0400_L2ARP030_FLDK.02401_02401.nc to Malaysia Domain.
2025-12-19 08:00:12,827 - INFO - Downloaded: NC_H08_20200323_0500_L2ARP030_FLDK.02401_02401.nc
2025-12-19 08:00:12,920 - INFO - Cropped NC_H08_20200323_0500_L2ARP030_FLDK.02401_02401.nc to Malaysia Domain.
2025-12-19 08:00:19,904 - INFO - Downloaded: NC_H08_20200323_0600_L2ARP030_FLDK.02401_02401.nc
2025-12-19 08:00:19,993 - INFO - Cropped NC_H08_20200323_0600_L2ARP030_FLDK.02401_02401.nc to Malaysia Domain.
2025-12-19 08:00:58,479 - INFO - Downloaded: NC_H08_20200323_0700_L2ARP030_FLDK.02401_02401.nc
2025-12-19 08:00:58,568 - INFO - Cropped NC_H08_20200323_0700_L2ARP030_FLDK.02401_02401.nc to Malaysia Domain.
2025-12-19 08:01:08,154 - INFO - Downloaded: NC_H08_20200323_0800_L2ARP030_FLDK.02401_02401.nc
2025-12-19 08:01:08,236 - INFO - Cropped NC_H08_20200323_0800_L2ARP030_FLDK.02401_02401.nc to Malaysia Domain.
2025-12-19 08:01:28,364 - INFO - Downloaded: NC_H08_20200323_0900_L2ARP030_FLDK.02401_02401.nc
2025-12-19 08:01:28,436 - INFO - Cropped NC_H08_20200323_0900_L2ARP030_FLDK.02401_02401.nc to Malaysia Domain.
2025-12-19 08:01:38,610 - INFO - Downloaded: NC_H08_20200324_0000_L2ARP030_FLDK.02401_02401.nc
2025-12-19 08:01:38,690 - INFO - Cropped NC_H08_20200324_0000_L2ARP030_FLDK.02401_02401.nc to Malaysia Domain.
2025-12-19 08:01:42,872 - INFO - Downloaded: NC_H08_20200324_0100_L2ARP030_FLDK.02401_02401.nc
2025-12-19 08:01:42,974 - INFO - Cropped NC_H08_20200324_0100_L2ARP030_FLDK.02401_02401.nc to Malaysia Domain.
2025-12-19 08:02:49,603 - INFO - Downloaded: NC_H08_20200324_0200_L2ARP030_FLDK.02401_02401.nc
2025-12-19 08:02:49,709 - INFO - Cropped NC_H08_20200324_0200_L2ARP030_FLDK.02401_02401.nc to Malaysia Domain.
2025-12-19 08:03:10,217 - INFO - Downloaded: NC_H08_20200324_0300_L2ARP030_FLDK.02401_02401.nc
2025-12-19 08:03:10,323 - INFO - Cropped NC_H08_20200324_0300_L2ARP030_FLDK.02401_02401.nc to Malaysia Domain.
2025-12-19 08:03:25,863 - INFO - Downloaded: NC_H08_20200324_0400_L2ARP030_FLDK.02401_02401.nc
2025-12-19 08:03:25,962 - INFO - Cropped NC_H08_20200324_0400_L2ARP030_FLDK.02401_02401.nc to Malaysia Domain.
2025-12-19 08:04:23,217 - INFO - Downloaded: NC_H08_20200324_0500_L2ARP030_FLDK.02401_02401.nc
2025-12-19 08:04:23,311 - INFO - Cropped NC_H08_20200324_0500_L2ARP030_FLDK.02401_02401.nc to Malaysia Domain.
2025-12-19 08:04:37,145 - INFO - Downloaded: NC_H08_20200324_0600_L2ARP030_FLDK.02401_02401.nc
2025-12-19 08:04:37,233 - INFO - Cropped NC_H08_20200324_0600_L2ARP030_FLDK.02401_02401.nc to Malaysia Domain.
2025-12-19 08:04:46,094 - INFO - Downloaded: NC_H08_20200324_0700_L2ARP030_FLDK.02401_02401.nc
2025-12-19 08:04:46,180 - INFO - Cropped NC_H08_20200324_0700_L2ARP030_FLDK.02401_02401.nc to Malaysia Domain.
2025-12-19 08:04:53,642 - INFO - Downloaded: NC_H08_20200324_0800_L2ARP030_FLDK.02401_02401.nc
2025-12-19 08:04:53,718 - INFO - Cropped NC_H08_20200324_0800_L2ARP030_FLDK.02401_02401.nc to Malaysia Domain.
2025-12-19 08:04:59,503 - INFO - Downloaded: NC_H08_20200324_0900_L2ARP030_FLDK.02401_02401.nc
2025-12-19 08:04:59,575 - INFO - Cropped NC_H08_20200324_0900_L2ARP030_FLDK.02401_02401.nc to Malaysia Domain.
2025-12-19 08:05:08,600 - INFO - Downloaded: NC_H08_20200325_0000_L2ARP030_FLDK.02401_02401.nc
2025-12-19 08:05:08,688 - INFO - Cropped NC_H08_20200325_0000_L2ARP030_FLDK.02401_02401.nc to Malaysia Domain.
2025-12-19 08:05:14,379 - INFO - Downloaded: NC_H08_20200325_0100_L2ARP030_FLDK.02401_02401.nc
2025-12-19 08:05:14,499 - INFO - Cropped NC_H08_20200325_0100_L2ARP030_FLDK.02401_02401.nc to Malaysia Domain.
2025-12-19 08:05:17,780 - INFO - Downloaded: NC_H08_20200325_0200_L2ARP030_FLDK.02401_02401.nc
2025-12-19 08:05:17,901 - INFO - Cropped NC_H08_20200325_0200_L2ARP030_FLDK.02401_02401.nc to Malaysia Domain.
2025-12-19 08:06:09,891 - INFO - Downloaded: NC_H08_20200325_0300_L2ARP030_FLDK.02401_02401.nc
2025-12-19 08:06:10,008 - INFO - Cropped NC_H08_20200325_0300_L2ARP030_FLDK.02401_02401.nc to Malaysia Domain.
2025-12-19 08:06:20,885 - INFO - Downloaded: NC_H08_20200325_0400_L2ARP030_FLDK.02401_02401.nc
2025-12-19 08:06:20,995 - INFO - Cropped NC_H08_20200325_0400_L2ARP030_FLDK.02401_02401.nc to Malaysia Domain.
2025-12-19 08:06:24,819 - INFO - Downloaded: NC_H08_20200325_0500_L2ARP030_FLDK.02401_02401.nc
2025-12-19 08:06:24,915 - INFO - Cropped NC_H08_20200325_0500_L2ARP030_FLDK.02401_02401.nc to Malaysia Domain.
2025-12-19 08:06:28,790 - INFO - Downloaded: NC_H08_20200325_0600_L2ARP030_FLDK.02401_02401.nc
2025-12-19 08:06:28,875 - INFO - Cropped NC_H08_20200325_0600_L2ARP030_FLDK.02401_02401.nc to Malaysia Domain.
2025-12-19 08:06:31,763 - INFO - Downloaded: NC_H08_20200325_0700_L2ARP030_FLDK.02401_02401.nc
2025-12-19 08:06:31,849 - INFO - Cropped NC_H08_20200325_0700_L2ARP030_FLDK.02401_02401.nc to Malaysia Domain.
2025-12-19 08:06:34,996 - INFO - Downloaded: NC_H08_20200325_0800_L2ARP030_FLDK.02401_02401.nc
2025-12-19 08:06:35,076 - INFO - Cropped NC_H08_20200325_0800_L2ARP030_FLDK.02401_02401.nc to Malaysia Domain.
2025-12-19 08:06:37,765 - INFO - Downloaded: NC_H08_20200325_0900_L2ARP030_FLDK.02401_02401.nc
2025-12-19 08:06:37,840 - INFO - Cropped NC_H08_20200325_0900_L2ARP030_FLDK.02401_02401.nc to Malaysia Domain.
2025-12-19 08:06:40,999 - INFO - Downloaded: NC_H08_20200326_0000_L2ARP030_FLDK.02401_02401.nc
2025-12-19 08:06:41,081 - INFO - Cropped NC_H08_20200326_0000_L2ARP030_FLDK.02401_02401.nc to Malaysia Domain.
2025-12-19 08:06:45,360 - INFO - Downloaded: NC_H08_20200326_0100_L2ARP030_FLDK.02401_02401.nc
2025-12-19 08:06:45,466 - INFO - Cropped NC_H08_20200326_0100_L2ARP030_FLDK.02401_02401.nc to Malaysia Domain.
2025-12-19 08:06:50,669 - INFO - Downloaded: NC_H08_20200326_0200_L2ARP030_FLDK.02401_02401.nc
2025-12-19 08:06:50,774 - INFO - Cropped NC_H08_20200326_0200_L2ARP030_FLDK.02401_02401.nc to Malaysia Domain.
2025-12-19 08:06:56,704 - INFO - Downloaded: NC_H08_20200326_0300_L2ARP030_FLDK.02401_02401.nc
2025-12-19 08:06:56,808 - INFO - Cropped NC_H08_20200326_0300_L2ARP030_FLDK.02401_02401.nc to Malaysia Domain.
2025-12-19 08:07:47,786 - INFO - Downloaded: NC_H08_20200326_0400_L2ARP030_FLDK.02401_02401.nc
2025-12-19 08:07:47,877 - INFO - Cropped NC_H08_20200326_0400_L2ARP030_FLDK.02401_02401.nc to Malaysia Domain.
2025-12-19 08:07:58,142 - INFO - Downloaded: NC_H08_20200326_0500_L2ARP030_FLDK.02401_02401.nc
2025-12-19 08:07:58,223 - INFO - Cropped NC_H08_20200326_0500_L2ARP030_FLDK.02401_02401.nc to Malaysia Domain.
2025-12-19 08:08:41,331 - INFO - Downloaded: NC_H08_20200326_0600_L2ARP030_FLDK.02401_02401.nc
2025-12-19 08:08:41,410 - INFO - Cropped NC_H08_20200326_0600_L2ARP030_FLDK.02401_02401.nc to Malaysia Domain.
2025-12-19 08:09:18,052 - INFO - Downloaded: NC_H08_20200326_0700_L2ARP030_FLDK.02401_02401.nc
2025-12-19 08:09:18,132 - INFO - Cropped NC_H08_20200326_0700_L2ARP030_FLDK.02401_02401.nc to Malaysia Domain.
2025-12-19 08:09:27,462 - INFO - Downloaded: NC_H08_20200326_0800_L2ARP030_FLDK.02401_02401.nc
2025-12-19 08:09:27,537 - INFO - Cropped NC_H08_20200326_0800_L2ARP030_FLDK.02401_02401.nc to Malaysia Domain.
2025-12-19 08:09:31,213 - INFO - Downloaded: NC_H08_20200326_0900_L2ARP030_FLDK.02401_02401.nc
2025-12-19 08:09:31,282 - INFO - Cropped NC_H08_20200326_0900_L2ARP030_FLDK.02401_02401.nc to Malaysia Domain.
2025-12-19 08:10:34,579 - INFO - Downloaded: NC_H08_20200327_0000_L2ARP030_FLDK.02401_02401.nc
2025-12-19 08:10:34,666 - INFO - Cropped NC_H08_20200327_0000_L2ARP030_FLDK.02401_02401.nc to Malaysia Domain.
2025-12-19 08:10:48,644 - INFO - Downloaded: NC_H08_20200327_0100_L2ARP030_FLDK.02401_02401.nc
2025-12-19 08:10:48,763 - INFO - Cropped NC_H08_20200327_0100_L2ARP030_FLDK.02401_02401.nc to Malaysia Domain.
2025-12-19 08:11:04,391 - INFO - Downloaded: NC_H08_20200327_0200_L2ARP030_FLDK.02401_02401.nc
2025-12-19 08:11:04,512 - INFO - Cropped NC_H08_20200327_0200_L2ARP030_FLDK.02401_02401.nc to Malaysia Domain.
2025-12-19 08:11:16,558 - INFO - Downloaded: NC_H08_20200327_0300_L2ARP030_FLDK.02401_02401.nc
2025-12-19 08:11:16,677 - INFO - Cropped NC_H08_20200327_0300_L2ARP030_FLDK.02401_02401.nc to Malaysia Domain.
2025-12-19 08:11:26,154 - INFO - Downloaded: NC_H08_20200327_0400_L2ARP030_FLDK.02401_02401.nc
2025-12-19 08:11:26,261 - INFO - Cropped NC_H08_20200327_0400_L2ARP030_FLDK.02401_02401.nc to Malaysia Domain.
2025-12-19 08:11:37,998 - INFO - Downloaded: NC_H08_20200327_0500_L2ARP030_FLDK.02401_02401.nc
2025-12-19 08:11:38,091 - INFO - Cropped NC_H08_20200327_0500_L2ARP030_FLDK.02401_02401.nc to Malaysia Domain.
2025-12-19 08:11:47,367 - INFO - Downloaded: NC_H08_20200327_0600_L2ARP030_FLDK.02401_02401.nc
2025-12-19 08:11:47,451 - INFO - Cropped NC_H08_20200327_0600_L2ARP030_FLDK.02401_02401.nc to Malaysia Domain.
2025-12-19 08:11:58,344 - INFO - Downloaded: NC_H08_20200327_0700_L2ARP030_FLDK.02401_02401.nc
2025-12-19 08:11:58,428 - INFO - Cropped NC_H08_20200327_0700_L2ARP030_FLDK.02401_02401.nc to Malaysia Domain.
2025-12-19 08:12:09,694 - INFO - Downloaded: NC_H08_20200327_0800_L2ARP030_FLDK.02401_02401.nc
2025-12-19 08:12:09,796 - INFO - Cropped NC_H08_20200327_0800_L2ARP030_FLDK.02401_02401.nc to Malaysia Domain.
2025-12-19 08:12:17,672 - INFO - Downloaded: NC_H08_20200327_0900_L2ARP030_FLDK.02401_02401.nc
2025-12-19 08:12:17,747 - INFO - Cropped NC_H08_20200327_0900_L2ARP030_FLDK.02401_02401.nc to Malaysia Domain.
2025-12-19 08:12:31,792 - INFO - Downloaded: NC_H08_20200328_0000_L2ARP030_FLDK.02401_02401.nc
2025-12-19 08:12:31,875 - INFO - Cropped NC_H08_20200328_0000_L2ARP030_FLDK.02401_02401.nc to Malaysia Domain.
2025-12-19 08:12:42,696 - INFO - Downloaded: NC_H08_20200328_0100_L2ARP030_FLDK.02401_02401.nc
2025-12-19 08:12:42,803 - INFO - Cropped NC_H08_20200328_0100_L2ARP030_FLDK.02401_02401.nc to Malaysia Domain.
2025-12-19 08:12:55,376 - INFO - Downloaded: NC_H08_20200328_0200_L2ARP030_FLDK.02401_02401.nc
2025-12-19 08:12:55,489 - INFO - Cropped NC_H08_20200328_0200_L2ARP030_FLDK.02401_02401.nc to Malaysia Domain.
2025-12-19 08:13:00,854 - INFO - Downloaded: NC_H08_20200328_0300_L2ARP030_FLDK.02401_02401.nc
2025-12-19 08:13:00,967 - INFO - Cropped NC_H08_20200328_0300_L2ARP030_FLDK.02401_02401.nc to Malaysia Domain.
2025-12-19 08:13:06,918 - INFO - Downloaded: NC_H08_20200328_0400_L2ARP030_FLDK.02401_02401.nc
2025-12-19 08:13:07,023 - INFO - Cropped NC_H08_20200328_0400_L2ARP030_FLDK.02401_02401.nc to Malaysia Domain.
2025-12-19 08:13:11,575 - INFO - Downloaded: NC_H08_20200328_0500_L2ARP030_FLDK.02401_02401.nc
2025-12-19 08:13:11,671 - INFO - Cropped NC_H08_20200328_0500_L2ARP030_FLDK.02401_02401.nc to Malaysia Domain.
2025-12-19 08:13:14,907 - INFO - Downloaded: NC_H08_20200328_0600_L2ARP030_FLDK.02401_02401.nc
2025-12-19 08:13:14,994 - INFO - Cropped NC_H08_20200328_0600_L2ARP030_FLDK.02401_02401.nc to Malaysia Domain.
2025-12-19 08:13:43,896 - INFO - Downloaded: NC_H08_20200328_0700_L2ARP030_FLDK.02401_02401.nc
2025-12-19 08:13:43,982 - INFO - Cropped NC_H08_20200328_0700_L2ARP030_FLDK.02401_02401.nc to Malaysia Domain.
2025-12-19 08:13:52,933 - INFO - Downloaded: NC_H08_20200328_0800_L2ARP030_FLDK.02401_02401.nc
2025-12-19 08:13:53,013 - INFO - Cropped NC_H08_20200328_0800_L2ARP030_FLDK.02401_02401.nc to Malaysia Domain.
2025-12-19 08:13:59,716 - INFO - Downloaded: NC_H08_20200328_0900_L2ARP030_FLDK.02401_02401.nc
2025-12-19 08:13:59,789 - INFO - Cropped NC_H08_20200328_0900_L2ARP030_FLDK.02401_02401.nc to Malaysia Domain.
2025-12-19 08:14:06,587 - INFO - Downloaded: NC_H08_20200329_0000_L2ARP030_FLDK.02401_02401.nc
2025-12-19 08:14:06,671 - INFO - Cropped NC_H08_20200329_0000_L2ARP030_FLDK.02401_02401.nc to Malaysia Domain.
2025-12-19 08:14:12,727 - INFO - Downloaded: NC_H08_20200329_0100_L2ARP030_FLDK.02401_02401.nc
2025-12-19 08:14:12,838 - INFO - Cropped NC_H08_20200329_0100_L2ARP030_FLDK.02401_02401.nc to Malaysia Domain.
2025-12-19 08:14:24,140 - INFO - Downloaded: NC_H08_20200329_0200_L2ARP030_FLDK.02401_02401.nc
2025-12-19 08:14:24,257 - INFO - Cropped NC_H08_20200329_0200_L2ARP030_FLDK.02401_02401.nc to Malaysia Domain.
2025-12-19 08:14:38,260 - INFO - Downloaded: NC_H08_20200329_0300_L2ARP030_FLDK.02401_02401.nc
2025-12-19 08:14:38,378 - INFO - Cropped NC_H08_20200329_0300_L2ARP030_FLDK.02401_02401.nc to Malaysia Domain.
2025-12-19 08:15:31,831 - INFO - Downloaded: NC_H08_20200329_0400_L2ARP030_FLDK.02401_02401.nc
2025-12-19 08:15:31,941 - INFO - Cropped NC_H08_20200329_0400_L2ARP030_FLDK.02401_02401.nc to Malaysia Domain.
2025-12-19 08:15:49,520 - INFO - Downloaded: NC_H08_20200329_0500_L2ARP030_FLDK.02401_02401.nc
2025-12-19 08:15:49,617 - INFO - Cropped NC_H08_20200329_0500_L2ARP030_FLDK.02401_02401.nc to Malaysia Domain.
2025-12-19 08:16:05,524 - INFO - Downloaded: NC_H08_20200329_0600_L2ARP030_FLDK.02401_02401.nc
2025-12-19 08:16:05,615 - INFO - Cropped NC_H08_20200329_0600_L2ARP030_FLDK.02401_02401.nc to Malaysia Domain.
2025-12-19 08:16:15,129 - INFO - Downloaded: NC_H08_20200329_0700_L2ARP030_FLDK.02401_02401.nc
2025-12-19 08:16:15,215 - INFO - Cropped NC_H08_20200329_0700_L2ARP030_FLDK.02401_02401.nc to Malaysia Domain.
2025-12-19 08:16:25,739 - INFO - Downloaded: NC_H08_20200329_0800_L2ARP030_FLDK.02401_02401.nc
2025-12-19 08:16:25,815 - INFO - Cropped NC_H08_20200329_0800_L2ARP030_FLDK.02401_02401.nc to Malaysia Domain.
2025-12-19 08:16:34,838 - INFO - Downloaded: NC_H08_20200329_0900_L2ARP030_FLDK.02401_02401.nc
2025-12-19 08:16:34,910 - INFO - Cropped NC_H08_20200329_0900_L2ARP030_FLDK.02401_02401.nc to Malaysia Domain.
2025-12-19 08:16:52,585 - INFO - Downloaded: NC_H08_20200330_0000_L2ARP030_FLDK.02401_02401.nc
2025-12-19 08:16:52,674 - INFO - Cropped NC_H08_20200330_0000_L2ARP030_FLDK.02401_02401.nc to Malaysia Domain.
2025-12-19 08:17:13,586 - INFO - Downloaded: NC_H08_20200330_0100_L2ARP030_FLDK.02401_02401.nc
2025-12-19 08:17:13,691 - INFO - Cropped NC_H08_20200330_0100_L2ARP030_FLDK.02401_02401.nc to Malaysia Domain.
2025-12-19 08:18:41,282 - INFO - Downloaded: NC_H08_20200330_0200_L2ARP030_FLDK.02401_02401.nc
2025-12-19 08:18:41,396 - INFO - Cropped NC_H08_20200330_0200_L2ARP030_FLDK.02401_02401.nc to Malaysia Domain.
2025-12-19 08:20:02,338 - INFO - Downloaded: NC_H08_20200330_0300_L2ARP030_FLDK.02401_02401.nc
2025-12-19 08:20:02,448 - INFO - Cropped NC_H08_20200330_0300_L2ARP030_FLDK.02401_02401.nc to Malaysia Domain.
2025-12-19 08:20:17,155 - INFO - Downloaded: NC_H08_20200330_0400_L2ARP030_FLDK.02401_02401.nc
2025-12-19 08:20:17,259 - INFO - Cropped NC_H08_20200330_0400_L2ARP030_FLDK.02401_02401.nc to Malaysia Domain.
2025-12-19 08:21:17,005 - INFO - Downloaded: NC_H08_20200330_0500_L2ARP030_FLDK.02401_02401.nc
2025-12-19 08:21:17,101 - INFO - Cropped NC_H08_20200330_0500_L2ARP030_FLDK.02401_02401.nc to Malaysia Domain.
2025-12-19 08:21:33,719 - INFO - Downloaded: NC_H08_20200330_0600_L2ARP030_FLDK.02401_02401.nc
2025-12-19 08:21:33,806 - INFO - Cropped NC_H08_20200330_0600_L2ARP030_FLDK.02401_02401.nc to Malaysia Domain.
2025-12-19 08:21:42,289 - INFO - Downloaded: NC_H08_20200330_0700_L2ARP030_FLDK.02401_02401.nc
2025-12-19 08:21:42,375 - INFO - Cropped NC_H08_20200330_0700_L2ARP030_FLDK.02401_02401.nc to Malaysia Domain.
2025-12-19 08:21:53,290 - INFO - Downloaded: NC_H08_20200330_0800_L2ARP030_FLDK.02401_02401.nc
2025-12-19 08:21:53,365 - INFO - Cropped NC_H08_20200330_0800_L2ARP030_FLDK.02401_02401.nc to Malaysia Domain.
2025-12-19 08:21:58,246 - INFO - Downloaded: NC_H08_20200330_0900_L2ARP030_FLDK.02401_02401.nc
2025-12-19 08:21:58,319 - INFO - Cropped NC_H08_20200330_0900_L2ARP030_FLDK.02401_02401.nc to Malaysia Domain.
2025-12-19 08:22:12,293 - INFO - Downloaded: NC_H08_20200331_0000_L2ARP030_FLDK.02401_02401.nc
2025-12-19 08:22:12,377 - INFO - Cropped NC_H08_20200331_0000_L2ARP030_FLDK.02401_02401.nc to Malaysia Domain.
2025-12-19 08:23:22,515 - INFO - Downloaded: NC_H08_20200331_0100_L2ARP030_FLDK.02401_02401.nc
2025-12-19 08:23:22,623 - INFO - Cropped NC_H08_20200331_0100_L2ARP030_FLDK.02401_02401.nc to Malaysia Domain.
2025-12-19 08:24:50,299 - INFO - Downloaded: NC_H08_20200331_0200_L2ARP030_FLDK.02401_02401.nc
2025-12-19 08:24:50,414 - INFO - Cropped NC_H08_20200331_0200_L2ARP030_FLDK.02401_02401.nc to Malaysia Domain.
2025-12-19 08:25:11,129 - INFO - Downloaded: NC_H08_20200331_0300_L2ARP030_FLDK.02401_02401.nc
2025-12-19 08:25:11,248 - INFO - Cropped NC_H08_20200331_0300_L2ARP030_FLDK.02401_02401.nc to Malaysia Domain.
2025-12-19 08:25:32,942 - INFO - Downloaded: NC_H08_20200331_0400_L2ARP030_FLDK.02401_02401.nc
2025-12-19 08:25:33,056 - INFO - Cropped NC_H08_20200331_0400_L2ARP030_FLDK.02401_02401.nc to Malaysia Domain.
2025-12-19 08:25:57,029 - INFO - Downloaded: NC_H08_20200331_0500_L2ARP030_FLDK.02401_02401.nc
2025-12-19 08:25:57,133 - INFO - Cropped NC_H08_20200331_0500_L2ARP030_FLDK.02401_02401.nc to Malaysia Domain.
2025-12-19 08:26:18,091 - INFO - Downloaded: NC_H08_20200331_0600_L2ARP030_FLDK.02401_02401.nc
2025-12-19 08:26:18,177 - INFO - Cropped NC_H08_20200331_0600_L2ARP030_FLDK.02401_02401.nc to Malaysia Domain.
2025-12-19 08:26:35,814 - INFO - Downloaded: NC_H08_20200331_0700_L2ARP030_FLDK.02401_02401.nc
2025-12-19 08:26:35,898 - INFO - Cropped NC_H08_20200331_0700_L2ARP030_FLDK.02401_02401.nc to Malaysia Domain.
2025-12-19 08:27:23,410 - INFO - Downloaded: NC_H08_20200331_0800_L2ARP030_FLDK.02401_02401.nc
2025-12-19 08:27:23,486 - INFO - Cropped NC_H08_20200331_0800_L2ARP030_FLDK.02401_02401.nc to Malaysia Domain.
2025-12-19 08:27:30,586 - INFO - Downloaded: NC_H08_20200331_0900_L2ARP030_FLDK.02401_02401.nc
2025-12-19 08:27:30,662 - INFO - Cropped NC_H08_20200331_0900_L2ARP030_FLDK.02401_02401.nc to Malaysia Domain.
2025-12-19 08:27:40,007 - INFO - Downloaded: NC_H08_20200401_0000_L2ARP030_FLDK.02401_02401.nc
2025-12-19 08:27:40,099 - INFO - Cropped NC_H08_20200401_0000_L2ARP030_FLDK.02401_02401.nc to Malaysia Domain.
2025-12-19 08:27:58,136 - INFO - Downloaded: NC_H08_20200401_0100_L2ARP030_FLDK.02401_02401.nc
2025-12-19 08:27:58,259 - INFO - Cropped NC_H08_20200401_0100_L2ARP030_FLDK.02401_02401.nc to Malaysia Domain.
2025-12-19 08:28:07,271 - INFO - Downloaded: NC_H08_20200401_0200_L2ARP030_FLDK.02401_02401.nc
2025-12-19 08:28:07,399 - INFO - Cropped NC_H08_20200401_0200_L2ARP030_FLDK.02401_02401.nc to Malaysia Domain.
2025-12-19 08:29:38,584 - INFO - Downloaded: NC_H08_20200401_0300_L2ARP030_FLDK.02401_02401.nc
2025-12-19 08:29:38,703 - INFO - Cropped NC_H08_20200401_0300_L2ARP030_FLDK.02401_02401.nc to Malaysia Domain.
2025-12-19 08:29:53,034 - INFO - Downloaded: NC_H08_20200401_0400_L2ARP030_FLDK.02401_02401.nc
2025-12-19 08:29:53,144 - INFO - Cropped NC_H08_20200401_0400_L2ARP030_FLDK.02401_02401.nc to Malaysia Domain.
2025-12-19 08:30:58,322 - INFO - Downloaded: NC_H08_20200401_0500_L2ARP030_FLDK.02401_02401.nc
2025-12-19 08:30:58,417 - INFO - Cropped NC_H08_20200401_0500_L2ARP030_FLDK.02401_02401.nc to Malaysia Domain.
2025-12-19 08:31:55,376 - INFO - Downloaded: NC_H08_20200401_0600_L2ARP030_FLDK.02401_02401.nc
2025-12-19 08:31:55,466 - INFO - Cropped NC_H08_20200401_0600_L2ARP030_FLDK.02401_02401.nc to Malaysia Domain.
2025-12-19 08:32:05,884 - INFO - Downloaded: NC_H08_20200401_0700_L2ARP030_FLDK.02401_02401.nc
2025-12-19 08:32:05,973 - INFO - Cropped NC_H08_20200401_0700_L2ARP030_FLDK.02401_02401.nc to Malaysia Domain.
2025-12-19 08:32:11,775 - INFO - Downloaded: NC_H08_20200401_0800_L2ARP030_FLDK.02401_02401.nc
2025-12-19 08:32:11,856 - INFO - Cropped NC_H08_20200401_0800_L2ARP030_FLDK.02401_02401.nc to Malaysia Domain.
2025-12-19 08:32:16,659 - INFO - Downloaded: NC_H08_20200401_0900_L2ARP030_FLDK.02401_02401.nc
2025-12-19 08:32:16,732 - INFO - Cropped NC_H08_20200401_0900_L2ARP030_FLDK.02401_02401.nc to Malaysia Domain.
2025-12-19 08:32:27,429 - INFO - Downloaded: NC_H08_20200402_0000_L2ARP030_FLDK.02401_02401.nc
2025-12-19 08:32:27,513 - INFO - Cropped NC_H08_20200402_0000_L2ARP030_FLDK.02401_02401.nc to Malaysia Domain.
2025-12-19 08:33:44,352 - INFO - Downloaded: NC_H08_20200402_0100_L2ARP030_FLDK.02401_02401.nc
2025-12-19 08:33:44,460 - INFO - Cropped NC_H08_20200402_0100_L2ARP030_FLDK.02401_02401.nc to Malaysia Domain.
2025-12-19 08:33:57,084 - INFO - Downloaded: NC_H08_20200402_0200_L2ARP030_FLDK.02401_02401.nc
2025-12-19 08:33:57,195 - INFO - Cropped NC_H08_20200402_0200_L2ARP030_FLDK.02401_02401.nc to Malaysia Domain.
2025-12-19 08:34:01,368 - INFO - Downloaded: NC_H08_20200402_0300_L2ARP030_FLDK.02401_02401.nc
2025-12-19 08:34:01,475 - INFO - Cropped NC_H08_20200402_0300_L2ARP030_FLDK.02401_02401.nc to Malaysia Domain.
2025-12-19 08:34:05,785 - INFO - Downloaded: NC_H08_20200402_0400_L2ARP030_FLDK.02401_02401.nc
2025-12-19 08:34:05,885 - INFO - Cropped NC_H08_20200402_0400_L2ARP030_FLDK.02401_02401.nc to Malaysia Domain.
2025-12-19 08:34:09,750 - INFO - Downloaded: NC_H08_20200402_0500_L2ARP030_FLDK.02401_02401.nc
2025-12-19 08:34:09,841 - INFO - Cropped NC_H08_20200402_0500_L2ARP030_FLDK.02401_02401.nc to Malaysia Domain.
2025-12-19 08:35:14,242 - INFO - Downloaded: NC_H08_20200402_0600_L2ARP030_FLDK.02401_02401.nc
2025-12-19 08:35:14,331 - INFO - Cropped NC_H08_20200402_0600_L2ARP030_FLDK.02401_02401.nc to Malaysia Domain.
2025-12-19 08:35:24,489 - INFO - Downloaded: NC_H08_20200402_0700_L2ARP030_FLDK.02401_02401.nc
2025-12-19 08:35:24,581 - INFO - Cropped NC_H08_20200402_0700_L2ARP030_FLDK.02401_02401.nc to Malaysia Domain.
2025-12-19 08:35:29,862 - INFO - Downloaded: NC_H08_20200402_0800_L2ARP030_FLDK.02401_02401.nc
2025-12-19 08:35:29,943 - INFO - Cropped NC_H08_20200402_0800_L2ARP030_FLDK.02401_02401.nc to Malaysia Domain.
2025-12-19 08:35:33,726 - INFO - Downloaded: NC_H08_20200402_0900_L2ARP030_FLDK.02401_02401.nc
2025-12-19 08:35:33,795 - INFO - Cropped NC_H08_20200402_0900_L2ARP030_FLDK.02401_02401.nc to Malaysia Domain.
2025-12-19 08:35:41,127 - INFO - Downloaded: NC_H08_20200403_0000_L2ARP030_FLDK.02401_02401.nc
2025-12-19 08:35:41,217 - INFO - Cropped NC_H08_20200403_0000_L2ARP030_FLDK.02401_02401.nc to Malaysia Domain.
2025-12-19 08:35:52,006 - INFO - Downloaded: NC_H08_20200403_0100_L2ARP030_FLDK.02401_02401.nc
2025-12-19 08:35:52,117 - INFO - Cropped NC_H08_20200403_0100_L2ARP030_FLDK.02401_02401.nc to Malaysia Domain.
2025-12-19 08:36:54,789 - INFO - Downloaded: NC_H08_20200403_0200_L2ARP030_FLDK.02401_02401.nc
2025-12-19 08:36:54,900 - INFO - Cropped NC_H08_20200403_0200_L2ARP030_FLDK.02401_02401.nc to Malaysia Domain.
2025-12-19 08:37:05,894 - INFO - Downloaded: NC_H08_20200403_0300_L2ARP030_FLDK.02401_02401.nc
2025-12-19 08:37:06,000 - INFO - Cropped NC_H08_20200403_0300_L2ARP030_FLDK.02401_02401.nc to Malaysia Domain.
2025-12-19 08:38:04,984 - INFO - Downloaded: NC_H08_20200403_0400_L2ARP030_FLDK.02401_02401.nc
2025-12-19 08:38:05,085 - INFO - Cropped NC_H08_20200403_0400_L2ARP030_FLDK.02401_02401.nc to Malaysia Domain.
2025-12-19 08:38:56,538 - INFO - Downloaded: NC_H08_20200403_0500_L2ARP030_FLDK.02401_02401.nc
2025-12-19 08:38:56,629 - INFO - Cropped NC_H08_20200403_0500_L2ARP030_FLDK.02401_02401.nc to Malaysia Domain.
2025-12-19 08:39:07,400 - INFO - Downloaded: NC_H08_20200403_0600_L2ARP030_FLDK.02401_02401.nc
2025-12-19 08:39:07,487 - INFO - Cropped NC_H08_20200403_0600_L2ARP030_FLDK.02401_02401.nc to Malaysia Domain.
2025-12-19 08:39:13,608 - INFO - Downloaded: NC_H08_20200403_0700_L2ARP030_FLDK.02401_02401.nc
2025-12-19 08:39:13,698 - INFO - Cropped NC_H08_20200403_0700_L2ARP030_FLDK.02401_02401.nc to Malaysia Domain.
2025-12-19 08:39:18,612 - INFO - Downloaded: NC_H08_20200403_0800_L2ARP030_FLDK.02401_02401.nc
2025-12-19 08:39:18,704 - INFO - Cropped NC_H08_20200403_0800_L2ARP030_FLDK.02401_02401.nc to Malaysia Domain.
2025-12-19 08:39:22,276 - INFO - Downloaded: NC_H08_20200403_0900_L2ARP030_FLDK.02401_02401.nc
2025-12-19 08:39:22,352 - INFO - Cropped NC_H08_20200403_0900_L2ARP030_FLDK.02401_02401.nc to Malaysia Domain.
2025-12-19 08:39:29,579 - INFO - Downloaded: NC_H08_20200404_0000_L2ARP030_FLDK.02401_02401.nc
2025-12-19 08:39:29,683 - INFO - Cropped NC_H08_20200404_0000_L2ARP030_FLDK.02401_02401.nc to Malaysia Domain.
2025-12-19 08:39:37,567 - INFO - Downloaded: NC_H08_20200404_0100_L2ARP030_FLDK.02401_02401.nc
2025-12-19 08:39:37,687 - INFO - Cropped NC_H08_20200404_0100_L2ARP030_FLDK.02401_02401.nc to Malaysia Domain.
2025-12-19 08:39:49,400 - INFO - Downloaded: NC_H08_20200404_0200_L2ARP030_FLDK.02401_02401.nc
2025-12-19 08:39:49,521 - INFO - Cropped NC_H08_20200404_0200_L2ARP030_FLDK.02401_02401.nc to Malaysia Domain.
2025-12-19 08:40:00,111 - INFO - Downloaded: NC_H08_20200404_0300_L2ARP030_FLDK.02401_02401.nc
2025-12-19 08:40:00,228 - INFO - Cropped NC_H08_20200404_0300_L2ARP030_FLDK.02401_02401.nc to Malaysia Domain.
2025-12-19 08:40:58,639 - INFO - Downloaded: NC_H08_20200404_0400_L2ARP030_FLDK.02401_02401.nc
2025-12-19 08:40:58,745 - INFO - Cropped NC_H08_20200404_0400_L2ARP030_FLDK.02401_02401.nc to Malaysia Domain.
2025-12-19 08:41:11,031 - INFO - Downloaded: NC_H08_20200404_0500_L2ARP030_FLDK.02401_02401.nc
2025-12-19 08:41:11,125 - INFO - Cropped NC_H08_20200404_0500_L2ARP030_FLDK.02401_02401.nc to Malaysia Domain.
2025-12-19 08:41:15,759 - INFO - Downloaded: NC_H08_20200404_0600_L2ARP030_FLDK.02401_02401.nc
2025-12-19 08:41:15,853 - INFO - Cropped NC_H08_20200404_0600_L2ARP030_FLDK.02401_02401.nc to Malaysia Domain.
2025-12-19 08:41:20,093 - INFO - Downloaded: NC_H08_20200404_0700_L2ARP030_FLDK.02401_02401.nc
2025-12-19 08:41:20,186 - INFO - Cropped NC_H08_20200404_0700_L2ARP030_FLDK.02401_02401.nc to Malaysia Domain.
2025-12-19 08:41:23,367 - INFO - Downloaded: NC_H08_20200404_0800_L2ARP030_FLDK.02401_02401.nc
2025-12-19 08:41:23,456 - INFO - Cropped NC_H08_20200404_0800_L2ARP030_FLDK.02401_02401.nc to Malaysia Domain.
2025-12-19 08:41:25,957 - INFO - Downloaded: NC_H08_20200404_0900_L2ARP030_FLDK.02401_02401.nc
2025-12-19 08:41:26,034 - INFO - Cropped NC_H08_20200404_0900_L2ARP030_FLDK.02401_02401.nc to Malaysia Domain.
2025-12-19 08:41:29,540 - INFO - Downloaded: NC_H08_20200405_0000_L2ARP030_FLDK.02401_02401.nc
2025-12-19 08:41:29,634 - INFO - Cropped NC_H08_20200405_0000_L2ARP030_FLDK.02401_02401.nc to Malaysia Domain.
2025-12-19 08:42:37,192 - INFO - Downloaded: NC_H08_20200405_0100_L2ARP030_FLDK.02401_02401.nc
2025-12-19 08:42:37,306 - INFO - Cropped NC_H08_20200405_0100_L2ARP030_FLDK.02401_02401.nc to Malaysia Domain.
2025-12-19 08:42:51,732 - INFO - Downloaded: NC_H08_20200405_0200_L2ARP030_FLDK.02401_02401.nc
2025-12-19 08:42:51,842 - INFO - Cropped NC_H08_20200405_0200_L2ARP030_FLDK.02401_02401.nc to Malaysia Domain.
2025-12-19 08:42:57,832 - INFO - Downloaded: NC_H08_20200405_0300_L2ARP030_FLDK.02401_02401.nc
2025-12-19 08:42:57,934 - INFO - Cropped NC_H08_20200405_0300_L2ARP030_FLDK.02401_02401.nc to Malaysia Domain.
2025-12-19 08:43:04,031 - INFO - Downloaded: NC_H08_20200405_0400_L2ARP030_FLDK.02401_02401.nc
2025-12-19 08:43:04,123 - INFO - Cropped NC_H08_20200405_0400_L2ARP030_FLDK.02401_02401.nc to Malaysia Domain.
2025-12-19 08:43:08,016 - INFO - Downloaded: NC_H08_20200405_0500_L2ARP030_FLDK.02401_02401.nc
2025-12-19 08:43:08,103 - INFO - Cropped NC_H08_20200405_0500_L2ARP030_FLDK.02401_02401.nc to Malaysia Domain.
2025-12-19 08:44:06,998 - INFO - Downloaded: NC_H08_20200405_0600_L2ARP030_FLDK.02401_02401.nc
2025-12-19 08:44:07,085 - INFO - Cropped NC_H08_20200405_0600_L2ARP030_FLDK.02401_02401.nc to Malaysia Domain.
2025-12-19 08:44:16,913 - INFO - Downloaded: NC_H08_20200405_0700_L2ARP030_FLDK.02401_02401.nc
2025-12-19 08:44:17,000 - INFO - Cropped NC_H08_20200405_0700_L2ARP030_FLDK.02401_02401.nc to Malaysia Domain.
2025-12-19 08:44:22,612 - INFO - Downloaded: NC_H08_20200405_0800_L2ARP030_FLDK.02401_02401.nc
2025-12-19 08:44:22,695 - INFO - Cropped NC_H08_20200405_0800_L2ARP030_FLDK.02401_02401.nc to Malaysia Domain.
2025-12-19 08:44:35,461 - INFO - Downloaded: NC_H08_20200405_0900_L2ARP030_FLDK.02401_02401.nc
2025-12-19 08:44:35,533 - INFO - Cropped NC_H08_20200405_0900_L2ARP030_FLDK.02401_02401.nc to Malaysia Domain.
2025-12-19 08:44:45,969 - INFO - Downloaded: NC_H08_20200406_0000_L2ARP030_FLDK.02401_02401.nc
2025-12-19 08:44:46,059 - INFO - Cropped NC_H08_20200406_0000_L2ARP030_FLDK.02401_02401.nc to Malaysia Domain.
2025-12-19 08:45:42,850 - INFO - Downloaded: NC_H08_20200406_0100_L2ARP030_FLDK.02401_02401.nc
2025-12-19 08:45:42,959 - INFO - Cropped NC_H08_20200406_0100_L2ARP030_FLDK.02401_02401.nc to Malaysia Domain.
2025-12-19 08:45:50,485 - INFO - Downloaded: NC_H08_20200406_0200_L2ARP030_FLDK.02401_02401.nc
2025-12-19 08:45:50,603 - INFO - Cropped NC_H08_20200406_0200_L2ARP030_FLDK.02401_02401.nc to Malaysia Domain.
2025-12-19 08:46:41,997 - INFO - Downloaded: NC_H08_20200406_0300_L2ARP030_FLDK.02401_02401.nc
2025-12-19 08:46:42,105 - INFO - Cropped NC_H08_20200406_0300_L2ARP030_FLDK.02401_02401.nc to Malaysia Domain.
2025-12-19 08:47:46,911 - INFO - Downloaded: NC_H08_20200406_0400_L2ARP030_FLDK.02401_02401.nc
2025-12-19 08:47:47,008 - INFO - Cropped NC_H08_20200406_0400_L2ARP030_FLDK.02401_02401.nc to Malaysia Domain.
2025-12-19 08:47:53,929 - INFO - Downloaded: NC_H08_20200406_0500_L2ARP030_FLDK.02401_02401.nc
2025-12-19 08:47:54,019 - INFO - Cropped NC_H08_20200406_0500_L2ARP030_FLDK.02401_02401.nc to Malaysia Domain.
2025-12-19 08:47:58,665 - INFO - Downloaded: NC_H08_20200406_0600_L2ARP030_FLDK.02401_02401.nc
2025-12-19 08:47:58,752 - INFO - Cropped NC_H08_20200406_0600_L2ARP030_FLDK.02401_02401.nc to Malaysia Domain.
2025-12-19 08:48:02,073 - INFO - Downloaded: NC_H08_20200406_0700_L2ARP030_FLDK.02401_02401.nc
2025-12-19 08:48:02,159 - INFO - Cropped NC_H08_20200406_0700_L2ARP030_FLDK.02401_02401.nc to Malaysia Domain.
2025-12-19 08:48:05,628 - INFO - Downloaded: NC_H08_20200406_0800_L2ARP030_FLDK.02401_02401.nc
2025-12-19 08:48:05,707 - INFO - Cropped NC_H08_20200406_0800_L2ARP030_FLDK.02401_02401.nc to Malaysia Domain.
2025-12-19 08:48:08,458 - INFO - Downloaded: NC_H08_20200406_0900_L2ARP030_FLDK.02401_02401.nc
2025-12-19 08:48:08,529 - INFO - Cropped NC_H08_20200406_0900_L2ARP030_FLDK.02401_02401.nc to Malaysia Domain.
2025-12-19 08:49:17,721 - INFO - Downloaded: NC_H08_20200407_0000_L2ARP030_FLDK.02401_02401.nc
2025-12-19 08:49:17,813 - INFO - Cropped NC_H08_20200407_0000_L2ARP030_FLDK.02401_02401.nc to Malaysia Domain.
2025-12-19 08:49:28,628 - INFO - Downloaded: NC_H08_20200407_0100_L2ARP030_FLDK.02401_02401.nc
2025-12-19 08:49:28,740 - INFO - Cropped NC_H08_20200407_0100_L2ARP030_FLDK.02401_02401.nc to Malaysia Domain.
2025-12-19 08:49:35,894 - INFO - Downloaded: NC_H08_20200407_0200_L2ARP030_FLDK.02401_02401.nc
2025-12-19 08:49:36,015 - INFO - Cropped NC_H08_20200407_0200_L2ARP030_FLDK.02401_02401.nc to Malaysia Domain.
2025-12-19 08:49:43,338 - INFO - Downloaded: NC_H08_20200407_0300_L2ARP030_FLDK.02401_02401.nc
2025-12-19 08:49:43,451 - INFO - Cropped NC_H08_20200407_0300_L2ARP030_FLDK.02401_02401.nc to Malaysia Domain.
2025-12-19 08:49:49,583 - INFO - Downloaded: NC_H08_20200407_0400_L2ARP030_FLDK.02401_02401.nc
2025-12-19 08:49:49,690 - INFO - Cropped NC_H08_20200407_0400_L2ARP030_FLDK.02401_02401.nc to Malaysia Domain.
2025-12-19 08:50:51,729 - INFO - Downloaded: NC_H08_20200407_0500_L2ARP030_FLDK.02401_02401.nc
2025-12-19 08:50:51,823 - INFO - Cropped NC_H08_20200407_0500_L2ARP030_FLDK.02401_02401.nc to Malaysia Domain.
2025-12-19 08:51:02,150 - INFO - Downloaded: NC_H08_20200407_0600_L2ARP030_FLDK.02401_02401.nc
2025-12-19 08:51:02,239 - INFO - Cropped NC_H08_20200407_0600_L2ARP030_FLDK.02401_02401.nc to Malaysia Domain.
2025-12-19 08:51:08,924 - INFO - Downloaded: NC_H08_20200407_0700_L2ARP030_FLDK.02401_02401.nc
2025-12-19 08:51:09,011 - INFO - Cropped NC_H08_20200407_0700_L2ARP030_FLDK.02401_02401.nc to Malaysia Domain.
2025-12-19 08:51:15,302 - INFO - Downloaded: NC_H08_20200407_0800_L2ARP030_FLDK.02401_02401.nc
2025-12-19 08:51:15,384 - INFO - Cropped NC_H08_20200407_0800_L2ARP030_FLDK.02401_02401.nc to Malaysia Domain.
2025-12-19 08:51:39,069 - INFO - Downloaded: NC_H08_20200407_0900_L2ARP030_FLDK.02401_02401.nc
2025-12-19 08:51:39,141 - INFO - Cropped NC_H08_20200407_0900_L2ARP030_FLDK.02401_02401.nc to Malaysia Domain.
2025-12-19 08:51:46,684 - INFO - Downloaded: NC_H08_20200408_0000_L2ARP030_FLDK.02401_02401.nc
2025-12-19 08:51:46,776 - INFO - Cropped NC_H08_20200408_0000_L2ARP030_FLDK.02401_02401.nc to Malaysia Domain.
2025-12-19 08:51:50,755 - INFO - Downloaded: NC_H08_20200408_0100_L2ARP030_FLDK.02401_02401.nc
2025-12-19 08:51:50,874 - INFO - Cropped NC_H08_20200408_0100_L2ARP030_FLDK.02401_02401.nc to Malaysia Domain.
2025-12-19 08:51:55,281 - INFO - Downloaded: NC_H08_20200408_0200_L2ARP030_FLDK.02401_02401.nc
2025-12-19 08:51:55,402 - INFO - Cropped NC_H08_20200408_0200_L2ARP030_FLDK.02401_02401.nc to Malaysia Domain.
2025-12-19 08:52:00,129 - INFO - Downloaded: NC_H08_20200408_0300_L2ARP030_FLDK.02401_02401.nc
2025-12-19 08:52:00,244 - INFO - Cropped NC_H08_20200408_0300_L2ARP030_FLDK.02401_02401.nc to Malaysia Domain.
2025-12-19 08:52:04,499 - INFO - Downloaded: NC_H08_20200408_0400_L2ARP030_FLDK.02401_02401.nc
2025-12-19 08:52:04,610 - INFO - Cropped NC_H08_20200408_0400_L2ARP030_FLDK.02401_02401.nc to Malaysia Domain.
2025-12-19 08:52:08,445 - INFO - Downloaded: NC_H08_20200408_0500_L2ARP030_FLDK.02401_02401.nc
2025-12-19 08:52:08,543 - INFO - Cropped NC_H08_20200408_0500_L2ARP030_FLDK.02401_02401.nc to Malaysia Domain.
2025-12-19 08:52:54,977 - INFO - Downloaded: NC_H08_20200408_0600_L2ARP030_FLDK.02401_02401.nc
2025-12-19 08:52:55,067 - INFO - Cropped NC_H08_20200408_0600_L2ARP030_FLDK.02401_02401.nc to Malaysia Domain.
2025-12-19 08:53:29,035 - INFO - Downloaded: NC_H08_20200408_0700_L2ARP030_FLDK.02401_02401.nc
2025-12-19 08:53:29,121 - INFO - Cropped NC_H08_20200408_0700_L2ARP030_FLDK.02401_02401.nc to Malaysia Domain.
2025-12-19 08:53:35,348 - INFO - Downloaded: NC_H08_20200408_0800_L2ARP030_FLDK.02401_02401.nc
2025-12-19 08:53:35,428 - INFO - Cropped NC_H08_20200408_0800_L2ARP030_FLDK.02401_02401.nc to Malaysia Domain.
2025-12-19 08:53:46,534 - INFO - Downloaded: NC_H08_20200408_0900_L2ARP030_FLDK.02401_02401.nc
2025-12-19 08:53:46,610 - INFO - Cropped NC_H08_20200408_0900_L2ARP030_FLDK.02401_02401.nc to Malaysia Domain.
2025-12-19 08:53:53,415 - INFO - Downloaded: NC_H08_20200409_0000_L2ARP030_FLDK.02401_02401.nc
2025-12-19 08:53:53,509 - INFO - Cropped NC_H08_20200409_0000_L2ARP030_FLDK.02401_02401.nc to Malaysia Domain.
2025-12-19 08:53:59,034 - INFO - Downloaded: NC_H08_20200409_0100_L2ARP030_FLDK.02401_02401.nc
2025-12-19 08:53:59,150 - INFO - Cropped NC_H08_20200409_0100_L2ARP030_FLDK.02401_02401.nc to Malaysia Domain.
2025-12-19 08:54:09,608 - INFO - Downloaded: NC_H08_20200409_0200_L2ARP030_FLDK.02401_02401.nc
2025-12-19 08:54:09,727 - INFO - Cropped NC_H08_20200409_0200_L2ARP030_FLDK.02401_02401.nc to Malaysia Domain.
2025-12-19 08:55:15,384 - INFO - Downloaded: NC_H08_20200409_0300_L2ARP030_FLDK.02401_02401.nc
2025-12-19 08:55:15,496 - INFO - Cropped NC_H08_20200409_0300_L2ARP030_FLDK.02401_02401.nc to Malaysia Domain.
2025-12-19 08:55:26,541 - INFO - Downloaded: NC_H08_20200409_0400_L2ARP030_FLDK.02401_02401.nc
2025-12-19 08:55:26,640 - INFO - Cropped NC_H08_20200409_0400_L2ARP030_FLDK.02401_02401.nc to Malaysia Domain.
2025-12-19 08:55:30,591 - INFO - Downloaded: NC_H08_20200409_0500_L2ARP030_FLDK.02401_02401.nc
2025-12-19 08:55:30,687 - INFO - Cropped NC_H08_20200409_0500_L2ARP030_FLDK.02401_02401.nc to Malaysia Domain.
2025-12-19 08:55:34,584 - INFO - Downloaded: NC_H08_20200409_0600_L2ARP030_FLDK.02401_02401.nc
2025-12-19 08:55:34,673 - INFO - Cropped NC_H08_20200409_0600_L2ARP030_FLDK.02401_02401.nc to Malaysia Domain.
2025-12-19 08:55:37,585 - INFO - Downloaded: NC_H08_20200409_0700_L2ARP030_FLDK.02401_02401.nc
2025-12-19 08:55:37,675 - INFO - Cropped NC_H08_20200409_0700_L2ARP030_FLDK.02401_02401.nc to Malaysia Domain.
2025-12-19 08:55:41,000 - INFO - Downloaded: NC_H08_20200409_0800_L2ARP030_FLDK.02401_02401.nc
2025-12-19 08:55:41,086 - INFO - Cropped NC_H08_20200409_0800_L2ARP030_FLDK.02401_02401.nc to Malaysia Domain.
2025-12-19 08:56:03,915 - INFO - Downloaded: NC_H08_20200409_0900_L2ARP030_FLDK.02401_02401.nc
2025-12-19 08:56:03,991 - INFO - Cropped NC_H08_20200409_0900_L2ARP030_FLDK.02401_02401.nc to Malaysia Domain.
2025-12-19 08:56:18,582 - INFO - Downloaded: NC_H08_20200410_0000_L2ARP030_FLDK.02401_02401.nc
2025-12-19 08:56:18,689 - INFO - Cropped NC_H08_20200410_0000_L2ARP030_FLDK.02401_02401.nc to Malaysia Domain.
2025-12-19 08:56:29,707 - INFO - Downloaded: NC_H08_20200410_0100_L2ARP030_FLDK.02401_02401.nc
2025-12-19 08:56:29,825 - INFO - Cropped NC_H08_20200410_0100_L2ARP030_FLDK.02401_02401.nc to Malaysia Domain.
2025-12-19 08:58:14,457 - INFO - Downloaded: NC_H08_20200410_0200_L2ARP030_FLDK.02401_02401.nc
2025-12-19 08:58:14,579 - INFO - Cropped NC_H08_20200410_0200_L2ARP030_FLDK.02401_02401.nc to Malaysia Domain.
2025-12-19 08:58:39,026 - INFO - Downloaded: NC_H08_20200410_0300_L2ARP030_FLDK.02401_02401.nc
2025-12-19 08:58:39,141 - INFO - Cropped NC_H08_20200410_0300_L2ARP030_FLDK.02401_02401.nc to Malaysia Domain.
2025-12-19 08:58:58,839 - INFO - Downloaded: NC_H08_20200410_0400_L2ARP030_FLDK.02401_02401.nc
2025-12-19 08:58:58,940 - INFO - Cropped NC_H08_20200410_0400_L2ARP030_FLDK.02401_02401.nc to Malaysia Domain.
2025-12-19 08:59:23,072 - INFO - Downloaded: NC_H08_20200410_0500_L2ARP030_FLDK.02401_02401.nc
2025-12-19 08:59:23,167 - INFO - Cropped NC_H08_20200410_0500_L2ARP030_FLDK.02401_02401.nc to Malaysia Domain.
2025-12-19 08:59:32,135 - INFO - Downloaded: NC_H08_20200410_0600_L2ARP030_FLDK.02401_02401.nc
2025-12-19 08:59:32,226 - INFO - Cropped NC_H08_20200410_0600_L2ARP030_FLDK.02401_02401.nc to Malaysia Domain.
2025-12-19 08:59:52,633 - INFO - Downloaded: NC_H08_20200410_0700_L2ARP030_FLDK.02401_02401.nc
2025-12-19 08:59:52,724 - INFO - Cropped NC_H08_20200410_0700_L2ARP030_FLDK.02401_02401.nc to Malaysia Domain.
2025-12-19 09:00:35,277 - INFO - Downloaded: NC_H08_20200410_0800_L2ARP030_FLDK.02401_02401.nc
2025-12-19 09:00:35,361 - INFO - Cropped NC_H08_20200410_0800_L2ARP030_FLDK.02401_02401.nc to Malaysia Domain.
2025-12-19 09:00:44,372 - INFO - Downloaded: NC_H08_20200410_0900_L2ARP030_FLDK.02401_02401.nc
2025-12-19 09:00:44,446 - INFO - Cropped NC_H08_20200410_0900_L2ARP030_FLDK.02401_02401.nc to Malaysia Domain.
2025-12-19 09:01:09,832 - INFO - Downloaded: NC_H08_20200411_0000_L2ARP030_FLDK.02401_02401.nc
2025-12-19 09:01:09,920 - INFO - Cropped NC_H08_20200411_0000_L2ARP030_FLDK.02401_02401.nc to Malaysia Domain.
2025-12-19 09:01:33,650 - INFO - Downloaded: NC_H08_20200411_0100_L2ARP030_FLDK.02401_02401.nc
2025-12-19 09:01:33,765 - INFO - Cropped NC_H08_20200411_0100_L2ARP030_FLDK.02401_02401.nc to Malaysia Domain.
2025-12-19 09:01:56,704 - INFO - Downloaded: NC_H08_20200411_0200_L2ARP030_FLDK.02401_02401.nc
2025-12-19 09:01:56,819 - INFO - Cropped NC_H08_20200411_0200_L2ARP030_FLDK.02401_02401.nc to Malaysia Domain.
2025-12-19 09:02:19,876 - INFO - Downloaded: NC_H08_20200411_0300_L2ARP030_FLDK.02401_02401.nc
2025-12-19 09:02:19,991 - INFO - Cropped NC_H08_20200411_0300_L2ARP030_FLDK.02401_02401.nc to Malaysia Domain.
2025-12-19 09:02:27,288 - INFO - Downloaded: NC_H08_20200411_0400_L2ARP030_FLDK.02401_02401.nc
2025-12-19 09:02:27,397 - INFO - Cropped NC_H08_20200411_0400_L2ARP030_FLDK.02401_02401.nc to Malaysia Domain.
2025-12-19 09:02:39,403 - INFO - Downloaded: NC_H08_20200411_0500_L2ARP030_FLDK.02401_02401.nc
2025-12-19 09:02:39,498 - INFO - Cropped NC_H08_20200411_0500_L2ARP030_FLDK.02401_02401.nc to Malaysia Domain.
2025-12-19 09:03:49,436 - INFO - Downloaded: NC_H08_20200411_0600_L2ARP030_FLDK.02401_02401.nc
2025-12-19 09:03:49,526 - INFO - Cropped NC_H08_20200411_0600_L2ARP030_FLDK.02401_02401.nc to Malaysia Domain.
2025-12-19 09:04:02,806 - INFO - Downloaded: NC_H08_20200411_0700_L2ARP030_FLDK.02401_02401.nc
2025-12-19 09:04:02,895 - INFO - Cropped NC_H08_20200411_0700_L2ARP030_FLDK.02401_02401.nc to Malaysia Domain.
2025-12-19 09:04:08,074 - INFO - Downloaded: NC_H08_20200411_0800_L2ARP030_FLDK.02401_02401.nc
2025-12-19 09:04:08,156 - INFO - Cropped NC_H08_20200411_0800_L2ARP030_FLDK.02401_02401.nc to Malaysia Domain.
2025-12-19 09:04:11,985 - INFO - Downloaded: NC_H08_20200411_0900_L2ARP030_FLDK.02401_02401.nc
2025-12-19 09:04:12,059 - INFO - Cropped NC_H08_20200411_0900_L2ARP030_FLDK.02401_02401.nc to Malaysia Domain.
2025-12-19 09:04:18,115 - INFO - Downloaded: NC_H08_20200412_0000_L2ARP030_FLDK.02401_02401.nc
2025-12-19 09:04:18,216 - INFO - Cropped NC_H08_20200412_0000_L2ARP030_FLDK.02401_02401.nc to Malaysia Domain.
2025-12-19 09:05:46,704 - INFO - Downloaded: NC_H08_20200412_0100_L2ARP030_FLDK.02401_02401.nc
2025-12-19 09:05:46,830 - INFO - Cropped NC_H08_20200412_0100_L2ARP030_FLDK.02401_02401.nc to Malaysia Domain.
2025-12-19 09:05:54,868 - INFO - Downloaded: NC_H08_20200412_0200_L2ARP030_FLDK.02401_02401.nc
2025-12-19 09:05:54,992 - INFO - Cropped NC_H08_20200412_0200_L2ARP030_FLDK.02401_02401.nc to Malaysia Domain.
2025-12-19 09:06:00,340 - INFO - Downloaded: NC_H08_20200412_0300_L2ARP030_FLDK.02401_02401.nc
2025-12-19 09:06:00,461 - INFO - Cropped NC_H08_20200412_0300_L2ARP030_FLDK.02401_02401.nc to Malaysia Domain.
2025-12-19 09:06:03,883 - INFO - Downloaded: NC_H08_20200412_0400_L2ARP030_FLDK.02401_02401.nc
2025-12-19 09:06:03,994 - INFO - Cropped NC_H08_20200412_0400_L2ARP030_FLDK.02401_02401.nc to Malaysia Domain.
2025-12-19 09:06:07,316 - INFO - Downloaded: NC_H08_20200412_0500_L2ARP030_FLDK.02401_02401.nc
2025-12-19 09:06:07,414 - INFO - Cropped NC_H08_20200412_0500_L2ARP030_FLDK.02401_02401.nc to Malaysia Domain.
2025-12-19 09:07:12,323 - INFO - Downloaded: NC_H08_20200412_0600_L2ARP030_FLDK.02401_02401.nc
2025-12-19 09:07:12,415 - INFO - Cropped NC_H08_20200412_0600_L2ARP030_FLDK.02401_02401.nc to Malaysia Domain.
2025-12-19 09:07:28,677 - INFO - Downloaded: NC_H08_20200412_0700_L2ARP030_FLDK.02401_02401.nc
2025-12-19 09:07:28,772 - INFO - Cropped NC_H08_20200412_0700_L2ARP030_FLDK.02401_02401.nc to Malaysia Domain.
2025-12-19 09:07:36,956 - INFO - Downloaded: NC_H08_20200412_0800_L2ARP030_FLDK.02401_02401.nc
2025-12-19 09:07:37,047 - INFO - Cropped NC_H08_20200412_0800_L2ARP030_FLDK.02401_02401.nc to Malaysia Domain.
2025-12-19 09:07:55,570 - INFO - Downloaded: NC_H08_20200412_0900_L2ARP030_FLDK.02401_02401.nc
2025-12-19 09:07:55,648 - INFO - Cropped NC_H08_20200412_0900_L2ARP030_FLDK.02401_02401.nc to Malaysia Domain.
2025-12-19 09:08:09,299 - INFO - Downloaded: NC_H08_20200413_0000_L2ARP030_FLDK.02401_02401.nc
2025-12-19 09:08:09,397 - INFO - Cropped NC_H08_20200413_0000_L2ARP030_FLDK.02401_02401.nc to Malaysia Domain.
2025-12-19 09:08:20,876 - INFO - Downloaded: NC_H08_20200413_0100_L2ARP030_FLDK.02401_02401.nc
2025-12-19 09:08:20,993 - INFO - Cropped NC_H08_20200413_0100_L2ARP030_FLDK.02401_02401.nc to Malaysia Domain.
2025-12-19 09:08:29,650 - INFO - Downloaded: NC_H08_20200413_0200_L2ARP030_FLDK.02401_02401.nc
2025-12-19 09:08:29,761 - INFO - Cropped NC_H08_20200413_0200_L2ARP030_FLDK.02401_02401.nc to Malaysia Domain.
2025-12-19 09:08:40,458 - INFO - Downloaded: NC_H08_20200413_0300_L2ARP030_FLDK.02401_02401.nc
2025-12-19 09:08:40,569 - INFO - Cropped NC_H08_20200413_0300_L2ARP030_FLDK.02401_02401.nc to Malaysia Domain.
2025-12-19 09:08:48,923 - INFO - Downloaded: NC_H08_20200413_0400_L2ARP030_FLDK.02401_02401.nc
2025-12-19 09:08:49,024 - INFO - Cropped NC_H08_20200413_0400_L2ARP030_FLDK.02401_02401.nc to Malaysia Domain.
2025-12-19 09:08:59,035 - INFO - Downloaded: NC_H08_20200413_0500_L2ARP030_FLDK.02401_02401.nc
2025-12-19 09:08:59,122 - INFO - Cropped NC_H08_20200413_0500_L2ARP030_FLDK.02401_02401.nc to Malaysia Domain.
2025-12-19 09:09:08,748 - INFO - Downloaded: NC_H08_20200413_0600_L2ARP030_FLDK.02401_02401.nc
2025-12-19 09:09:08,832 - INFO - Cropped NC_H08_20200413_0600_L2ARP030_FLDK.02401_02401.nc to Malaysia Domain.
2025-12-19 09:09:17,730 - INFO - Downloaded: NC_H08_20200413_0700_L2ARP030_FLDK.02401_02401.nc
2025-12-19 09:09:17,814 - INFO - Cropped NC_H08_20200413_0700_L2ARP030_FLDK.02401_02401.nc to Malaysia Domain.
2025-12-19 09:09:26,634 - INFO - Downloaded: NC_H08_20200413_0800_L2ARP030_FLDK.02401_02401.nc
2025-12-19 09:09:26,715 - INFO - Cropped NC_H08_20200413_0800_L2ARP030_FLDK.02401_02401.nc to Malaysia Domain.
2025-12-19 09:09:33,278 - INFO - Downloaded: NC_H08_20200413_0900_L2ARP030_FLDK.02401_02401.nc
2025-12-19 09:09:33,351 - INFO - Cropped NC_H08_20200413_0900_L2ARP030_FLDK.02401_02401.nc to Malaysia Domain.
2025-12-19 09:09:47,278 - INFO - Downloaded: NC_H08_20200414_0000_L2ARP030_FLDK.02401_02401.nc
2025-12-19 09:09:47,377 - INFO - Cropped NC_H08_20200414_0000_L2ARP030_FLDK.02401_02401.nc to Malaysia Domain.
2025-12-19 09:10:02,482 - INFO - Downloaded: NC_H08_20200414_0100_L2ARP030_FLDK.02401_02401.nc
2025-12-19 09:10:02,601 - INFO - Cropped NC_H08_20200414_0100_L2ARP030_FLDK.02401_02401.nc to Malaysia Domain.
2025-12-19 09:10:56,038 - INFO - Downloaded: NC_H08_20200414_0200_L2ARP030_FLDK.02401_02401.nc
2025-12-19 09:10:56,158 - INFO - Cropped NC_H08_20200414_0200_L2ARP030_FLDK.02401_02401.nc to Malaysia Domain.
2025-12-19 09:11:07,360 - INFO - Downloaded: NC_H08_20200414_0300_L2ARP030_FLDK.02401_02401.nc
2025-12-19 09:11:07,481 - INFO - Cropped NC_H08_20200414_0300_L2ARP030_FLDK.02401_02401.nc to Malaysia Domain.
2025-12-19 09:11:11,530 - INFO - Downloaded: NC_H08_20200414_0400_L2ARP030_FLDK.02401_02401.nc
2025-12-19 09:11:11,636 - INFO - Cropped NC_H08_20200414_0400_L2ARP030_FLDK.02401_02401.nc to Malaysia Domain.
2025-12-19 09:11:15,054 - INFO - Downloaded: NC_H08_20200414_0500_L2ARP030_FLDK.02401_02401.nc
2025-12-19 09:11:15,146 - INFO - Cropped NC_H08_20200414_0500_L2ARP030_FLDK.02401_02401.nc to Malaysia Domain.
2025-12-19 09:11:18,836 - INFO - Downloaded: NC_H08_20200414_0600_L2ARP030_FLDK.02401_02401.nc
2025-12-19 09:11:18,921 - INFO - Cropped NC_H08_20200414_0600_L2ARP030_FLDK.02401_02401.nc to Malaysia Domain.
2025-12-19 09:11:22,577 - INFO - Downloaded: NC_H08_20200414_0700_L2ARP030_FLDK.02401_02401.nc
2025-12-19 09:11:22,664 - INFO - Cropped NC_H08_20200414_0700_L2ARP030_FLDK.02401_02401.nc to Malaysia Domain.
2025-12-19 09:11:45,604 - INFO - Downloaded: NC_H08_20200414_0800_L2ARP030_FLDK.02401_02401.nc
2025-12-19 09:11:45,691 - INFO - Cropped NC_H08_20200414_0800_L2ARP030_FLDK.02401_02401.nc to Malaysia Domain.
2025-12-19 09:11:53,666 - INFO - Downloaded: NC_H08_20200414_0900_L2ARP030_FLDK.02401_02401.nc
2025-12-19 09:11:53,742 - INFO - Cropped NC_H08_20200414_0900_L2ARP030_FLDK.02401_02401.nc to Malaysia Domain.
2025-12-19 09:12:51,486 - INFO - Downloaded: NC_H08_20200415_0000_L2ARP030_FLDK.02401_02401.nc
2025-12-19 09:12:51,582 - INFO - Cropped NC_H08_20200415_0000_L2ARP030_FLDK.02401_02401.nc to Malaysia Domain.
2025-12-19 09:13:02,827 - INFO - Downloaded: NC_H08_20200415_0100_L2ARP030_FLDK.02401_02401.nc
2025-12-19 09:13:02,939 - INFO - Cropped NC_H08_20200415_0100_L2ARP030_FLDK.02401_02401.nc to Malaysia Domain.
2025-12-19 09:14:08,123 - INFO - Downloaded: NC_H08_20200415_0200_L2ARP030_FLDK.02401_02401.nc
2025-12-19 09:14:08,240 - INFO - Cropped NC_H08_20200415_0200_L2ARP030_FLDK.02401_02401.nc to Malaysia Domain.
2025-12-19 09:14:20,609 - INFO - Downloaded: NC_H08_20200415_0300_L2ARP030_FLDK.02401_02401.nc
2025-12-19 09:14:20,719 - INFO - Cropped NC_H08_20200415_0300_L2ARP030_FLDK.02401_02401.nc to Malaysia Domain.
2025-12-19 09:14:27,529 - INFO - Downloaded: NC_H08_20200415_0400_L2ARP030_FLDK.02401_02401.nc
2025-12-19 09:14:27,627 - INFO - Cropped NC_H08_20200415_0400_L2ARP030_FLDK.02401_02401.nc to Malaysia Domain.
2025-12-19 09:15:15,560 - INFO - Downloaded: NC_H08_20200415_0500_L2ARP030_FLDK.02401_02401.nc
2025-12-19 09:15:15,645 - INFO - Cropped NC_H08_20200415_0500_L2ARP030_FLDK.02401_02401.nc to Malaysia Domain.
2025-12-19 09:15:27,169 - INFO - Downloaded: NC_H08_20200415_0600_L2ARP030_FLDK.02401_02401.nc
2025-12-19 09:15:27,254 - INFO - Cropped NC_H08_20200415_0600_L2ARP030_FLDK.02401_02401.nc to Malaysia Domain.
2025-12-19 09:15:33,224 - INFO - Downloaded: NC_H08_20200415_0700_L2ARP030_FLDK.02401_02401.nc
2025-12-19 09:15:33,309 - INFO - Cropped NC_H08_20200415_0700_L2ARP030_FLDK.02401_02401.nc to Malaysia Domain.
2025-12-19 09:15:53,165 - INFO - Downloaded: NC_H08_20200415_0800_L2ARP030_FLDK.02401_02401.nc
2025-12-19 09:15:53,280 - INFO - Cropped NC_H08_20200415_0800_L2ARP030_FLDK.02401_02401.nc to Malaysia Domain.
2025-12-19 09:16:01,240 - INFO - Downloaded: NC_H08_20200415_0900_L2ARP030_FLDK.02401_02401.nc
2025-12-19 09:16:01,311 - INFO - Cropped NC_H08_20200415_0900_L2ARP030_FLDK.02401_02401.nc to Malaysia Domain.
2025-12-19 09:16:42,566 - INFO - Downloaded: NC_H08_20200416_0000_L2ARP030_FLDK.02401_02401.nc
2025-12-19 09:16:42,661 - INFO - Cropped NC_H08_20200416_0000_L2ARP030_FLDK.02401_02401.nc to Malaysia Domain.
2025-12-19 09:16:53,624 - INFO - Downloaded: NC_H08_20200416_0100_L2ARP030_FLDK.02401_02401.nc
2025-12-19 09:16:53,743 - INFO - Cropped NC_H08_20200416_0100_L2ARP030_FLDK.02401_02401.nc to Malaysia Domain.
2025-12-19 09:16:57,748 - INFO - Downloaded: NC_H08_20200416_0200_L2ARP030_FLDK.02401_02401.nc
2025-12-19 09:16:57,869 - INFO - Cropped NC_H08_20200416_0200_L2ARP030_FLDK.02401_02401.nc to Malaysia Domain.
2025-12-19 09:17:48,066 - INFO - Downloaded: NC_H08_20200416_0300_L2ARP030_FLDK.02401_02401.nc
2025-12-19 09:17:48,185 - INFO - Cropped NC_H08_20200416_0300_L2ARP030_FLDK.02401_02401.nc to Malaysia Domain.
2025-12-19 09:17:56,212 - INFO - Downloaded: NC_H08_20200416_0400_L2ARP030_FLDK.02401_02401.nc
2025-12-19 09:17:56,316 - INFO - Cropped NC_H08_20200416_0400_L2ARP030_FLDK.02401_02401.nc to Malaysia Domain.
2025-12-19 09:18:28,524 - INFO - Downloaded: NC_H08_20200416_0500_L2ARP030_FLDK.02401_02401.nc
2025-12-19 09:18:28,628 - INFO - Cropped NC_H08_20200416_0500_L2ARP030_FLDK.02401_02401.nc to Malaysia Domain.
2025-12-19 09:18:38,489 - INFO - Downloaded: NC_H08_20200416_0600_L2ARP030_FLDK.02401_02401.nc
2025-12-19 09:18:38,575 - INFO - Cropped NC_H08_20200416_0600_L2ARP030_FLDK.02401_02401.nc to Malaysia Domain.
2025-12-19 09:18:44,628 - INFO - Downloaded: NC_H08_20200416_0700_L2ARP030_FLDK.02401_02401.nc
2025-12-19 09:18:44,715 - INFO - Cropped NC_H08_20200416_0700_L2ARP030_FLDK.02401_02401.nc to Malaysia Domain.
2025-12-19 09:18:49,876 - INFO - Downloaded: NC_H08_20200416_0800_L2ARP030_FLDK.02401_02401.nc
2025-12-19 09:18:49,956 - INFO - Cropped NC_H08_20200416_0800_L2ARP030_FLDK.02401_02401.nc to Malaysia Domain.
2025-12-19 09:19:06,144 - INFO - Downloaded: NC_H08_20200416_0900_L2ARP030_FLDK.02401_02401.nc
2025-12-19 09:19:06,215 - INFO - Cropped NC_H08_20200416_0900_L2ARP030_FLDK.02401_02401.nc to Malaysia Domain.
2025-12-19 09:19:19,149 - INFO - Downloaded: NC_H08_20200417_0000_L2ARP030_FLDK.02401_02401.nc
2025-12-19 09:19:19,235 - INFO - Cropped NC_H08_20200417_0000_L2ARP030_FLDK.02401_02401.nc to Malaysia Domain.
2025-12-19 09:19:27,944 - INFO - Downloaded: NC_H08_20200417_0100_L2ARP030_FLDK.02401_02401.nc
2025-12-19 09:19:28,045 - INFO - Cropped NC_H08_20200417_0100_L2ARP030_FLDK.02401_02401.nc to Malaysia Domain.
2025-12-19 09:19:37,669 - INFO - Downloaded: NC_H08_20200417_0200_L2ARP030_FLDK.02401_02401.nc
2025-12-19 09:19:37,776 - INFO - Cropped NC_H08_20200417_0200_L2ARP030_FLDK.02401_02401.nc to Malaysia Domain.
2025-12-19 09:19:49,786 - INFO - Downloaded: NC_H08_20200417_0300_L2ARP030_FLDK.02401_02401.nc
2025-12-19 09:19:49,887 - INFO - Cropped NC_H08_20200417_0300_L2ARP030_FLDK.02401_02401.nc to Malaysia Domain.
2025-12-19 09:19:55,128 - INFO - Downloaded: NC_H08_20200417_0400_L2ARP030_FLDK.02401_02401.nc
2025-12-19 09:19:55,220 - INFO - Cropped NC_H08_20200417_0400_L2ARP030_FLDK.02401_02401.nc to Malaysia Domain.
2025-12-19 09:19:59,862 - INFO - Downloaded: NC_H08_20200417_0500_L2ARP030_FLDK.02401_02401.nc
2025-12-19 09:19:59,940 - INFO - Cropped NC_H08_20200417_0500_L2ARP030_FLDK.02401_02401.nc to Malaysia Domain.
2025-12-19 09:20:04,489 - INFO - Downloaded: NC_H08_20200417_0600_L2ARP030_FLDK.02401_02401.nc
2025-12-19 09:20:04,563 - INFO - Cropped NC_H08_20200417_0600_L2ARP030_FLDK.02401_02401.nc to Malaysia Domain.
2025-12-19 09:20:39,202 - INFO - Downloaded: NC_H08_20200417_0700_L2ARP030_FLDK.02401_02401.nc
2025-12-19 09:20:39,278 - INFO - Cropped NC_H08_20200417_0700_L2ARP030_FLDK.02401_02401.nc to Malaysia Domain.
2025-12-19 09:21:13,063 - INFO - Downloaded: NC_H08_20200417_0800_L2ARP030_FLDK.02401_02401.nc
2025-12-19 09:21:13,141 - INFO - Cropped NC_H08_20200417_0800_L2ARP030_FLDK.02401_02401.nc to Malaysia Domain.
2025-12-19 09:21:21,164 - INFO - Downloaded: NC_H08_20200417_0900_L2ARP030_FLDK.02401_02401.nc
2025-12-19 09:21:21,236 - INFO - Cropped NC_H08_20200417_0900_L2ARP030_FLDK.02401_02401.nc to Malaysia Domain.
2025-12-19 09:21:29,370 - INFO - Downloaded: NC_H08_20200418_0000_L2ARP030_FLDK.02401_02401.nc
2025-12-19 09:21:29,451 - INFO - Cropped NC_H08_20200418_0000_L2ARP030_FLDK.02401_02401.nc to Malaysia Domain.
2025-12-19 09:21:39,143 - INFO - Downloaded: NC_H08_20200418_0100_L2ARP030_FLDK.02401_02401.nc
2025-12-19 09:21:39,232 - INFO - Cropped NC_H08_20200418_0100_L2ARP030_FLDK.02401_02401.nc to Malaysia Domain.
2025-12-19 09:21:44,752 - INFO - Downloaded: NC_H08_20200418_0200_L2ARP030_FLDK.02401_02401.nc
2025-12-19 09:21:44,841 - INFO - Cropped NC_H08_20200418_0200_L2ARP030_FLDK.02401_02401.nc to Malaysia Domain.
2025-12-19 09:21:49,446 - INFO - Downloaded: NC_H08_20200418_0300_L2ARP030_FLDK.02401_02401.nc
2025-12-19 09:21:49,535 - INFO - Cropped NC_H08_20200418_0300_L2ARP030_FLDK.02401_02401.nc to Malaysia Domain.
2025-12-19 09:21:54,053 - INFO - Downloaded: NC_H08_20200418_0400_L2ARP030_FLDK.02401_02401.nc
2025-12-19 09:21:54,135 - INFO - Cropped NC_H08_20200418_0400_L2ARP030_FLDK.02401_02401.nc to Malaysia Domain.
2025-12-19 09:22:00,302 - INFO - Downloaded: NC_H08_20200418_0500_L2ARP030_FLDK.02401_02401.nc
2025-12-19 09:22:00,376 - INFO - Cropped NC_H08_20200418_0500_L2ARP030_FLDK.02401_02401.nc to Malaysia Domain.
2025-12-19 09:22:08,569 - INFO - Downloaded: NC_H08_20200418_0600_L2ARP030_FLDK.02401_02401.nc
2025-12-19 09:22:08,643 - INFO - Cropped NC_H08_20200418_0600_L2ARP030_FLDK.02401_02401.nc to Malaysia Domain.
2025-12-19 09:22:12,860 - INFO - Downloaded: NC_H08_20200418_0700_L2ARP030_FLDK.02401_02401.nc
2025-12-19 09:22:12,933 - INFO - Cropped NC_H08_20200418_0700_L2ARP030_FLDK.02401_02401.nc to Malaysia Domain.
2025-12-19 09:22:16,682 - INFO - Downloaded: NC_H08_20200418_0800_L2ARP030_FLDK.02401_02401.nc
2025-12-19 09:22:16,753 - INFO - Cropped NC_H08_20200418_0800_L2ARP030_FLDK.02401_02401.nc to Malaysia Domain.
2025-12-19 09:22:33,134 - INFO - Downloaded: NC_H08_20200418_0900_L2ARP030_FLDK.02401_02401.nc
2025-12-19 09:22:33,198 - INFO - Cropped NC_H08_20200418_0900_L2ARP030_FLDK.02401_02401.nc to Malaysia Domain.
2025-12-19 09:23:36,757 - INFO - Downloaded: NC_H08_20200419_0000_L2ARP030_FLDK.02401_02401.nc
2025-12-19 09:23:36,842 - INFO - Cropped NC_H08_20200419_0000_L2ARP030_FLDK.02401_02401.nc to Malaysia Domain.
2025-12-19 09:23:47,918 - INFO - Downloaded: NC_H08_20200419_0100_L2ARP030_FLDK.02401_02401.nc
2025-12-19 09:23:48,014 - INFO - Cropped NC_H08_20200419_0100_L2ARP030_FLDK.02401_02401.nc to Malaysia Domain.
2025-12-19 09:25:01,803 - INFO - Downloaded: NC_H08_20200419_0200_L2ARP030_FLDK.02401_02401.nc
2025-12-19 09:25:01,901 - INFO - Cropped NC_H08_20200419_0200_L2ARP030_FLDK.02401_02401.nc to Malaysia Domain.
2025-12-19 09:25:13,973 - INFO - Downloaded: NC_H08_20200419_0300_L2ARP030_FLDK.02401_02401.nc
2025-12-19 09:25:14,073 - INFO - Cropped NC_H08_20200419_0300_L2ARP030_FLDK.02401_02401.nc to Malaysia Domain.
2025-12-19 09:25:21,423 - INFO - Downloaded: NC_H08_20200419_0400_L2ARP030_FLDK.02401_02401.nc
2025-12-19 09:25:21,516 - INFO - Cropped NC_H08_20200419_0400_L2ARP030_FLDK.02401_02401.nc to Malaysia Domain.
2025-12-19 09:25:28,083 - INFO - Downloaded: NC_H08_20200419_0500_L2ARP030_FLDK.02401_02401.nc
2025-12-19 09:25:28,164 - INFO - Cropped NC_H08_20200419_0500_L2ARP030_FLDK.02401_02401.nc to Malaysia Domain.
2025-12-19 09:25:32,482 - INFO - Downloaded: NC_H08_20200419_0600_L2ARP030_FLDK.02401_02401.nc
2025-12-19 09:25:32,561 - INFO - Cropped NC_H08_20200419_0600_L2ARP030_FLDK.02401_02401.nc to Malaysia Domain.
2025-12-19 09:26:03,035 - INFO - Downloaded: NC_H08_20200419_0700_L2ARP030_FLDK.02401_02401.nc
2025-12-19 09:26:03,111 - INFO - Cropped NC_H08_20200419_0700_L2ARP030_FLDK.02401_02401.nc to Malaysia Domain.
2025-12-19 09:26:12,038 - INFO - Downloaded: NC_H08_20200419_0800_L2ARP030_FLDK.02401_02401.nc
2025-12-19 09:26:12,131 - INFO - Cropped NC_H08_20200419_0800_L2ARP030_FLDK.02401_02401.nc to Malaysia Domain.
2025-12-19 09:26:29,295 - INFO - Downloaded: NC_H08_20200419_0900_L2ARP030_FLDK.02401_02401.nc
2025-12-19 09:26:29,365 - INFO - Cropped NC_H08_20200419_0900_L2ARP030_FLDK.02401_02401.nc to Malaysia Domain.
2025-12-19 09:26:39,813 - INFO - Downloaded: NC_H08_20200420_0000_L2ARP030_FLDK.02401_02401.nc
2025-12-19 09:26:39,903 - INFO - Cropped NC_H08_20200420_0000_L2ARP030_FLDK.02401_02401.nc to Malaysia Domain.
2025-12-19 09:26:48,667 - INFO - Downloaded: NC_H08_20200420_0100_L2ARP030_FLDK.02401_02401.nc
2025-12-19 09:26:48,779 - INFO - Cropped NC_H08_20200420_0100_L2ARP030_FLDK.02401_02401.nc to Malaysia Domain.
2025-12-19 09:27:52,154 - INFO - Downloaded: NC_H08_20200420_0200_L2ARP030_FLDK.02401_02401.nc
2025-12-19 09:27:52,265 - INFO - Cropped NC_H08_20200420_0200_L2ARP030_FLDK.02401_02401.nc to Malaysia Domain.
2025-12-19 09:28:03,592 - INFO - Downloaded: NC_H08_20200420_0300_L2ARP030_FLDK.02401_02401.nc
2025-12-19 09:28:03,709 - INFO - Cropped NC_H08_20200420_0300_L2ARP030_FLDK.02401_02401.nc to Malaysia Domain.
2025-12-19 09:28:08,059 - INFO - Downloaded: NC_H08_20200420_0400_L2ARP030_FLDK.02401_02401.nc
2025-12-19 09:28:08,163 - INFO - Cropped NC_H08_20200420_0400_L2ARP030_FLDK.02401_02401.nc to Malaysia Domain.
2025-12-19 09:28:12,496 - INFO - Downloaded: NC_H08_20200420_0500_L2ARP030_FLDK.02401_02401.nc
2025-12-19 09:28:12,589 - INFO - Cropped NC_H08_20200420_0500_L2ARP030_FLDK.02401_02401.nc to Malaysia Domain.
2025-12-19 09:28:16,830 - INFO - Downloaded: NC_H08_20200420_0600_L2ARP030_FLDK.02401_02401.nc
2025-12-19 09:28:16,915 - INFO - Cropped NC_H08_20200420_0600_L2ARP030_FLDK.02401_02401.nc to Malaysia Domain.
2025-12-19 09:28:20,505 - INFO - Downloaded: NC_H08_20200420_0700_L2ARP030_FLDK.02401_02401.nc
2025-12-19 09:28:20,587 - INFO - Cropped NC_H08_20200420_0700_L2ARP030_FLDK.02401_02401.nc to Malaysia Domain.
2025-12-19 09:28:23,310 - INFO - Downloaded: NC_H08_20200420_0800_L2ARP030_FLDK.02401_02401.nc
2025-12-19 09:28:23,390 - INFO - Cropped NC_H08_20200420_0800_L2ARP030_FLDK.02401_02401.nc to Malaysia Domain.
2025-12-19 09:28:33,622 - INFO - Downloaded: NC_H08_20200420_0900_L2ARP030_FLDK.02401_02401.nc
2025-12-19 09:28:33,691 - INFO - Cropped NC_H08_20200420_0900_L2ARP030_FLDK.02401_02401.nc to Malaysia Domain.
2025-12-19 09:28:44,316 - INFO - Downloaded: NC_H08_20200421_0000_L2ARP030_FLDK.02401_02401.nc
2025-12-19 09:28:44,411 - INFO - Cropped NC_H08_20200421_0000_L2ARP030_FLDK.02401_02401.nc to Malaysia Domain.
2025-12-19 09:28:52,148 - INFO - Downloaded: NC_H08_20200421_0100_L2ARP030_FLDK.02401_02401.nc
2025-12-19 09:28:52,264 - INFO - Cropped NC_H08_20200421_0100_L2ARP030_FLDK.02401_02401.nc to Malaysia Domain.
2025-12-19 09:29:00,125 - INFO - Downloaded: NC_H08_20200421_0200_L2ARP030_FLDK.02401_02401.nc
2025-12-19 09:29:00,241 - INFO - Cropped NC_H08_20200421_0200_L2ARP030_FLDK.02401_02401.nc to Malaysia Domain.
2025-12-19 09:29:07,948 - INFO - Downloaded: NC_H08_20200421_0300_L2ARP030_FLDK.02401_02401.nc
2025-12-19 09:29:08,060 - INFO - Cropped NC_H08_20200421_0300_L2ARP030_FLDK.02401_02401.nc to Malaysia Domain.
2025-12-19 09:29:15,441 - INFO - Downloaded: NC_H08_20200421_0400_L2ARP030_FLDK.02401_02401.nc
2025-12-19 09:29:15,540 - INFO - Cropped NC_H08_20200421_0400_L2ARP030_FLDK.02401_02401.nc to Malaysia Domain.
2025-12-19 09:30:10,526 - INFO - Downloaded: NC_H08_20200421_0500_L2ARP030_FLDK.02401_02401.nc
2025-12-19 09:30:10,615 - INFO - Cropped NC_H08_20200421_0500_L2ARP030_FLDK.02401_02401.nc to Malaysia Domain.
2025-12-19 09:31:03,149 - INFO - Downloaded: NC_H08_20200421_0600_L2ARP030_FLDK.02401_02401.nc
2025-12-19 09:31:03,225 - INFO - Cropped NC_H08_20200421_0600_L2ARP030_FLDK.02401_02401.nc to Malaysia Domain.
2025-12-19 09:31:10,027 - INFO - Downloaded: NC_H08_20200421_0700_L2ARP030_FLDK.02401_02401.nc
2025-12-19 09:31:10,105 - INFO - Cropped NC_H08_20200421_0700_L2ARP030_FLDK.02401_02401.nc to Malaysia Domain.
2025-12-19 09:31:13,286 - INFO - Downloaded: NC_H08_20200421_0800_L2ARP030_FLDK.02401_02401.nc
2025-12-19 09:31:13,363 - INFO - Cropped NC_H08_20200421_0800_L2ARP030_FLDK.02401_02401.nc to Malaysia Domain.
2025-12-19 09:31:16,421 - INFO - Downloaded: NC_H08_20200421_0900_L2ARP030_FLDK.02401_02401.nc
2025-12-19 09:31:16,493 - INFO - Cropped NC_H08_20200421_0900_L2ARP030_FLDK.02401_02401.nc to Malaysia Domain.
2025-12-19 09:31:22,415 - INFO - Downloaded: NC_H08_20200422_0000_L2ARP030_FLDK.02401_02401.nc
2025-12-19 09:31:22,498 - INFO - Cropped NC_H08_20200422_0000_L2ARP030_FLDK.02401_02401.nc to Malaysia Domain.
2025-12-19 09:31:26,473 - INFO - Downloaded: NC_H08_20200422_0100_L2ARP030_FLDK.02401_02401.nc
2025-12-19 09:31:26,565 - INFO - Cropped NC_H08_20200422_0100_L2ARP030_FLDK.02401_02401.nc to Malaysia Domain.
2025-12-19 09:31:29,914 - INFO - Downloaded: NC_H08_20200422_0200_L2ARP030_FLDK.02401_02401.nc
2025-12-19 09:31:30,008 - INFO - Cropped NC_H08_20200422_0200_L2ARP030_FLDK.02401_02401.nc to Malaysia Domain.
2025-12-19 09:32:20,828 - INFO - Downloaded: NC_H08_20200422_0300_L2ARP030_FLDK.02401_02401.nc
2025-12-19 09:32:20,918 - INFO - Cropped NC_H08_20200422_0300_L2ARP030_FLDK.02401_02401.nc to Malaysia Domain.
2025-12-19 09:32:28,632 - INFO - Downloaded: NC_H08_20200422_0400_L2ARP030_FLDK.02401_02401.nc
2025-12-19 09:32:28,715 - INFO - Cropped NC_H08_20200422_0400_L2ARP030_FLDK.02401_02401.nc to Malaysia Domain.
2025-12-19 09:33:08,643 - INFO - Downloaded: NC_H08_20200422_0500_L2ARP030_FLDK.02401_02401.nc
2025-12-19 09:33:08,723 - INFO - Cropped NC_H08_20200422_0500_L2ARP030_FLDK.02401_02401.nc to Malaysia Domain.
2025-12-19 09:33:43,748 - INFO - Downloaded: NC_H08_20200422_0600_L2ARP030_FLDK.02401_02401.nc
2025-12-19 09:33:43,825 - INFO - Cropped NC_H08_20200422_0600_L2ARP030_FLDK.02401_02401.nc to Malaysia Domain.
2025-12-19 09:33:55,391 - INFO - Downloaded: NC_H08_20200422_0700_L2ARP030_FLDK.02401_02401.nc
2025-12-19 09:33:55,466 - INFO - Cropped NC_H08_20200422_0700_L2ARP030_FLDK.02401_02401.nc to Malaysia Domain.
2025-12-19 09:34:03,928 - INFO - Downloaded: NC_H08_20200422_0800_L2ARP030_FLDK.02401_02401.nc
2025-12-19 09:34:04,005 - INFO - Cropped NC_H08_20200422_0800_L2ARP030_FLDK.02401_02401.nc to Malaysia Domain.
2025-12-19 09:34:08,013 - INFO - Downloaded: NC_H08_20200422_0900_L2ARP030_FLDK.02401_02401.nc
2025-12-19 09:34:08,085 - INFO - Cropped NC_H08_20200422_0900_L2ARP030_FLDK.02401_02401.nc to Malaysia Domain.
2025-12-19 09:34:17,247 - INFO - Downloaded: NC_H08_20200423_0000_L2ARP030_FLDK.02401_02401.nc
2025-12-19 09:34:17,331 - INFO - Cropped NC_H08_20200423_0000_L2ARP030_FLDK.02401_02401.nc to Malaysia Domain.
2025-12-19 09:34:26,991 - INFO - Downloaded: NC_H08_20200423_0100_L2ARP030_FLDK.02401_02401.nc
2025-12-19 09:34:27,080 - INFO - Cropped NC_H08_20200423_0100_L2ARP030_FLDK.02401_02401.nc to Malaysia Domain.
2025-12-19 09:34:32,277 - INFO - Downloaded: NC_H08_20200423_0200_L2ARP030_FLDK.02401_02401.nc
2025-12-19 09:34:32,364 - INFO - Cropped NC_H08_20200423_0200_L2ARP030_FLDK.02401_02401.nc to Malaysia Domain.
2025-12-19 09:35:07,134 - INFO - Downloaded: NC_H08_20200423_0300_L2ARP030_FLDK.02401_02401.nc
2025-12-19 09:35:07,213 - INFO - Cropped NC_H08_20200423_0300_L2ARP030_FLDK.02401_02401.nc to Malaysia Domain.
2025-12-19 09:35:17,845 - INFO - Downloaded: NC_H08_20200423_0400_L2ARP030_FLDK.02401_02401.nc
2025-12-19 09:35:17,917 - INFO - Cropped NC_H08_20200423_0400_L2ARP030_FLDK.02401_02401.nc to Malaysia Domain.
2025-12-19 09:35:24,068 - INFO - Downloaded: NC_H08_20200423_0500_L2ARP030_FLDK.02401_02401.nc
2025-12-19 09:35:24,141 - INFO - Cropped NC_H08_20200423_0500_L2ARP030_FLDK.02401_02401.nc to Malaysia Domain.
2025-12-19 09:35:28,140 - INFO - Downloaded: NC_H08_20200423_0600_L2ARP030_FLDK.02401_02401.nc
2025-12-19 09:35:28,212 - INFO - Cropped NC_H08_20200423_0600_L2ARP030_FLDK.02401_02401.nc to Malaysia Domain.
2025-12-19 09:35:58,501 - INFO - Downloaded: NC_H08_20200423_0700_L2ARP030_FLDK.02401_02401.nc
2025-12-19 09:35:58,573 - INFO - Cropped NC_H08_20200423_0700_L2ARP030_FLDK.02401_02401.nc to Malaysia Domain.
2025-12-19 09:36:22,214 - INFO - Downloaded: NC_H08_20200423_0800_L2ARP030_FLDK.02401_02401.nc
2025-12-19 09:36:22,284 - INFO - Cropped NC_H08_20200423_0800_L2ARP030_FLDK.02401_02401.nc to Malaysia Domain.
2025-12-19 09:36:37,916 - INFO - Downloaded: NC_H08_20200423_0900_L2ARP030_FLDK.02401_02401.nc
2025-12-19 09:36:37,981 - INFO - Cropped NC_H08_20200423_0900_L2ARP030_FLDK.02401_02401.nc to Malaysia Domain.
2025-12-19 09:37:33,198 - INFO - Downloaded: NC_H08_20200424_0000_L2ARP030_FLDK.02401_02401.nc
2025-12-19 09:37:33,276 - INFO - Cropped NC_H08_20200424_0000_L2ARP030_FLDK.02401_02401.nc to Malaysia Domain.
2025-12-19 09:37:49,540 - INFO - Downloaded: NC_H08_20200424_0100_L2ARP030_FLDK.02401_02401.nc
2025-12-19 09:37:49,634 - INFO - Cropped NC_H08_20200424_0100_L2ARP030_FLDK.02401_02401.nc to Malaysia Domain.
2025-12-19 09:37:56,531 - INFO - Downloaded: NC_H08_20200424_0200_L2ARP030_FLDK.02401_02401.nc
2025-12-19 09:37:56,630 - INFO - Cropped NC_H08_20200424_0200_L2ARP030_FLDK.02401_02401.nc to Malaysia Domain.
2025-12-19 09:38:10,144 - INFO - Downloaded: NC_H08_20200424_0300_L2ARP030_FLDK.02401_02401.nc
2025-12-19 09:38:10,239 - INFO - Cropped NC_H08_20200424_0300_L2ARP030_FLDK.02401_02401.nc to Malaysia Domain.
2025-12-19 09:39:10,736 - INFO - Downloaded: NC_H08_20200424_0400_L2ARP030_FLDK.02401_02401.nc
2025-12-19 09:39:10,817 - INFO - Cropped NC_H08_20200424_0400_L2ARP030_FLDK.02401_02401.nc to Malaysia Domain.
2025-12-19 09:40:03,144 - INFO - Downloaded: NC_H08_20200424_0500_L2ARP030_FLDK.02401_02401.nc
2025-12-19 09:40:03,220 - INFO - Cropped NC_H08_20200424_0500_L2ARP030_FLDK.02401_02401.nc to Malaysia Domain.
2025-12-19 09:40:52,303 - INFO - Downloaded: NC_H08_20200424_0600_L2ARP030_FLDK.02401_02401.nc
2025-12-19 09:40:52,382 - INFO - Cropped NC_H08_20200424_0600_L2ARP030_FLDK.02401_02401.nc to Malaysia Domain.
2025-12-19 09:41:05,866 - INFO - Downloaded: NC_H08_20200424_0700_L2ARP030_FLDK.02401_02401.nc
2025-12-19 09:41:05,952 - INFO - Cropped NC_H08_20200424_0700_L2ARP030_FLDK.02401_02401.nc to Malaysia Domain.
2025-12-19 09:41:15,614 - INFO - Downloaded: NC_H08_20200424_0800_L2ARP030_FLDK.02401_02401.nc
2025-12-19 09:41:15,691 - INFO - Cropped NC_H08_20200424_0800_L2ARP030_FLDK.02401_02401.nc to Malaysia Domain.
2025-12-19 09:41:22,897 - INFO - Downloaded: NC_H08_20200424_0900_L2ARP030_FLDK.02401_02401.nc
2025-12-19 09:41:22,962 - INFO - Cropped NC_H08_20200424_0900_L2ARP030_FLDK.02401_02401.nc to Malaysia Domain.
2025-12-19 09:41:38,850 - INFO - Downloaded: NC_H08_20200425_0000_L2ARP030_FLDK.02401_02401.nc
2025-12-19 09:41:38,931 - INFO - Cropped NC_H08_20200425_0000_L2ARP030_FLDK.02401_02401.nc to Malaysia Domain.
2025-12-19 09:41:58,029 - INFO - Downloaded: NC_H08_20200425_0100_L2ARP030_FLDK.02401_02401.nc
2025-12-19 09:41:58,129 - INFO - Cropped NC_H08_20200425_0100_L2ARP030_FLDK.02401_02401.nc to Malaysia Domain.
2025-12-19 09:42:03,839 - INFO - Downloaded: NC_H08_20200425_0200_L2ARP030_FLDK.02401_02401.nc
2025-12-19 09:42:03,936 - INFO - Cropped NC_H08_20200425_0200_L2ARP030_FLDK.02401_02401.nc to Malaysia Domain.
2025-12-19 09:42:09,665 - INFO - Downloaded: NC_H08_20200425_0300_L2ARP030_FLDK.02401_02401.nc
2025-12-19 09:42:09,760 - INFO - Cropped NC_H08_20200425_0300_L2ARP030_FLDK.02401_02401.nc to Malaysia Domain.
2025-12-19 09:42:58,066 - INFO - Downloaded: NC_H08_20200425_0400_L2ARP030_FLDK.02401_02401.nc
2025-12-19 09:42:58,142 - INFO - Cropped NC_H08_20200425_0400_L2ARP030_FLDK.02401_02401.nc to Malaysia Domain.
2025-12-19 09:43:13,260 - INFO - Downloaded: NC_H08_20200425_0500_L2ARP030_FLDK.02401_02401.nc
2025-12-19 09:43:13,333 - INFO - Cropped NC_H08_20200425_0500_L2ARP030_FLDK.02401_02401.nc to Malaysia Domain.
2025-12-19 09:43:23,148 - INFO - Downloaded: NC_H08_20200425_0600_L2ARP030_FLDK.02401_02401.nc
2025-12-19 09:43:23,220 - INFO - Cropped NC_H08_20200425_0600_L2ARP030_FLDK.02401_02401.nc to Malaysia Domain.
2025-12-19 09:43:50,507 - INFO - Downloaded: NC_H08_20200425_0700_L2ARP030_FLDK.02401_02401.nc
2025-12-19 09:43:50,579 - INFO - Cropped NC_H08_20200425_0700_L2ARP030_FLDK.02401_02401.nc to Malaysia Domain.
2025-12-19 09:43:59,634 - INFO - Downloaded: NC_H08_20200425_0800_L2ARP030_FLDK.02401_02401.nc
2025-12-19 09:43:59,702 - INFO - Cropped NC_H08_20200425_0800_L2ARP030_FLDK.02401_02401.nc to Malaysia Domain.
2025-12-19 09:44:03,401 - INFO - Downloaded: NC_H08_20200425_0900_L2ARP030_FLDK.02401_02401.nc
2025-12-19 09:44:03,466 - INFO - Cropped NC_H08_20200425_0900_L2ARP030_FLDK.02401_02401.nc to Malaysia Domain.
2025-12-19 09:44:07,809 - INFO - Downloaded: NC_H08_20200426_0000_L2ARP030_FLDK.02401_02401.nc
2025-12-19 09:44:07,882 - INFO - Cropped NC_H08_20200426_0000_L2ARP030_FLDK.02401_02401.nc to Malaysia Domain.
2025-12-19 09:44:12,529 - INFO - Downloaded: NC_H08_20200426_0100_L2ARP030_FLDK.02401_02401.nc
2025-12-19 09:44:12,610 - INFO - Cropped NC_H08_20200426_0100_L2ARP030_FLDK.02401_02401.nc to Malaysia Domain.
2025-12-19 09:45:18,766 - INFO - Downloaded: NC_H08_20200426_0200_L2ARP030_FLDK.02401_02401.nc
2025-12-19 09:45:18,848 - INFO - Cropped NC_H08_20200426_0200_L2ARP030_FLDK.02401_02401.nc to Malaysia Domain.
2025-12-19 09:45:32,398 - INFO - Downloaded: NC_H08_20200426_0300_L2ARP030_FLDK.02401_02401.nc
2025-12-19 09:45:32,503 - INFO - Cropped NC_H08_20200426_0300_L2ARP030_FLDK.02401_02401.nc to Malaysia Domain.
2025-12-19 09:46:27,873 - INFO - Downloaded: NC_H08_20200426_0400_L2ARP030_FLDK.02401_02401.nc
2025-12-19 09:46:27,946 - INFO - Cropped NC_H08_20200426_0400_L2ARP030_FLDK.02401_02401.nc to Malaysia Domain.
2025-12-19 09:46:42,406 - INFO - Downloaded: NC_H08_20200426_0500_L2ARP030_FLDK.02401_02401.nc
2025-12-19 09:46:42,481 - INFO - Cropped NC_H08_20200426_0500_L2ARP030_FLDK.02401_02401.nc to Malaysia Domain.
2025-12-19 09:46:55,109 - INFO - Downloaded: NC_H08_20200426_0600_L2ARP030_FLDK.02401_02401.nc
2025-12-19 09:46:55,180 - INFO - Cropped NC_H08_20200426_0600_L2ARP030_FLDK.02401_02401.nc to Malaysia Domain.
2025-12-19 09:47:06,966 - INFO - Downloaded: NC_H08_20200426_0700_L2ARP030_FLDK.02401_02401.nc
2025-12-19 09:47:07,043 - INFO - Cropped NC_H08_20200426_0700_L2ARP030_FLDK.02401_02401.nc to Malaysia Domain.
2025-12-19 09:47:20,020 - INFO - Downloaded: NC_H08_20200426_0800_L2ARP030_FLDK.02401_02401.nc
2025-12-19 09:47:20,095 - INFO - Cropped NC_H08_20200426_0800_L2ARP030_FLDK.02401_02401.nc to Malaysia Domain.
2025-12-19 09:47:27,441 - INFO - Downloaded: NC_H08_20200426_0900_L2ARP030_FLDK.02401_02401.nc
2025-12-19 09:47:27,511 - INFO - Cropped NC_H08_20200426_0900_L2ARP030_FLDK.02401_02401.nc to Malaysia Domain.
2025-12-19 09:47:44,129 - INFO - Downloaded: NC_H08_20200427_0000_L2ARP030_FLDK.02401_02401.nc
2025-12-19 09:47:44,210 - INFO - Cropped NC_H08_20200427_0000_L2ARP030_FLDK.02401_02401.nc to Malaysia Domain.
2025-12-19 09:48:02,924 - INFO - Downloaded: NC_H08_20200427_0100_L2ARP030_FLDK.02401_02401.nc
2025-12-19 09:48:03,017 - INFO - Cropped NC_H08_20200427_0100_L2ARP030_FLDK.02401_02401.nc to Malaysia Domain.
2025-12-19 09:49:06,320 - INFO - Downloaded: NC_H08_20200427_0200_L2ARP030_FLDK.02401_02401.nc
2025-12-19 09:49:06,416 - INFO - Cropped NC_H08_20200427_0200_L2ARP030_FLDK.02401_02401.nc to Malaysia Domain.
2025-12-19 09:49:39,156 - INFO - Downloaded: NC_H08_20200427_0300_L2ARP030_FLDK.02401_02401.nc
2025-12-19 09:49:39,249 - INFO - Cropped NC_H08_20200427_0300_L2ARP030_FLDK.02401_02401.nc to Malaysia Domain.
2025-12-19 09:50:34,559 - INFO - Downloaded: NC_H08_20200427_0400_L2ARP030_FLDK.02401_02401.nc
2025-12-19 09:50:34,640 - INFO - Cropped NC_H08_20200427_0400_L2ARP030_FLDK.02401_02401.nc to Malaysia Domain.
2025-12-19 09:51:30,922 - INFO - Downloaded: NC_H08_20200427_0500_L2ARP030_FLDK.02401_02401.nc
2025-12-19 09:51:30,999 - INFO - Cropped NC_H08_20200427_0500_L2ARP030_FLDK.02401_02401.nc to Malaysia Domain.
2025-12-19 09:52:13,533 - INFO - Downloaded: NC_H08_20200427_0600_L2ARP030_FLDK.02401_02401.nc
2025-12-19 09:52:13,610 - INFO - Cropped NC_H08_20200427_0600_L2ARP030_FLDK.02401_02401.nc to Malaysia Domain.
2025-12-19 09:52:31,655 - INFO - Downloaded: NC_H08_20200427_0700_L2ARP030_FLDK.02401_02401.nc
2025-12-19 09:52:31,732 - INFO - Cropped NC_H08_20200427_0700_L2ARP030_FLDK.02401_02401.nc to Malaysia Domain.
2025-12-19 09:52:49,439 - INFO - Downloaded: NC_H08_20200427_0800_L2ARP030_FLDK.02401_02401.nc
2025-12-19 09:52:49,510 - INFO - Cropped NC_H08_20200427_0800_L2ARP030_FLDK.02401_02401.nc to Malaysia Domain.
2025-12-19 09:52:56,062 - INFO - Downloaded: NC_H08_20200427_0900_L2ARP030_FLDK.02401_02401.nc
2025-12-19 09:52:56,132 - INFO - Cropped NC_H08_20200427_0900_L2ARP030_FLDK.02401_02401.nc to Malaysia Domain.
2025-12-19 09:53:16,506 - INFO - Downloaded: NC_H08_20200428_0000_L2ARP030_FLDK.02401_02401.nc
2025-12-19 09:53:16,588 - INFO - Cropped NC_H08_20200428_0000_L2ARP030_FLDK.02401_02401.nc to Malaysia Domain.
2025-12-19 09:53:44,942 - INFO - Downloaded: NC_H08_20200428_0100_L2ARP030_FLDK.02401_02401.nc
2025-12-19 09:53:45,024 - INFO - Cropped NC_H08_20200428_0100_L2ARP030_FLDK.02401_02401.nc to Malaysia Domain.
2025-12-19 09:54:17,719 - INFO - Downloaded: NC_H08_20200428_0200_L2ARP030_FLDK.02401_02401.nc
2025-12-19 09:54:17,804 - INFO - Cropped NC_H08_20200428_0200_L2ARP030_FLDK.02401_02401.nc to Malaysia Domain.
2025-12-19 09:55:27,144 - INFO - Downloaded: NC_H08_20200428_0300_L2ARP030_FLDK.02401_02401.nc
2025-12-19 09:55:27,228 - INFO - Cropped NC_H08_20200428_0300_L2ARP030_FLDK.02401_02401.nc to Malaysia Domain.
2025-12-19 09:56:31,085 - INFO - Downloaded: NC_H08_20200428_0400_L2ARP030_FLDK.02401_02401.nc
2025-12-19 09:56:31,163 - INFO - Cropped NC_H08_20200428_0400_L2ARP030_FLDK.02401_02401.nc to Malaysia Domain.
2025-12-19 09:56:52,879 - INFO - Downloaded: NC_H08_20200428_0500_L2ARP030_FLDK.02401_02401.nc
2025-12-19 09:56:52,958 - INFO - Cropped NC_H08_20200428_0500_L2ARP030_FLDK.02401_02401.nc to Malaysia Domain.
2025-12-19 09:57:17,331 - INFO - Downloaded: NC_H08_20200428_0600_L2ARP030_FLDK.02401_02401.nc
2025-12-19 09:57:17,411 - INFO - Cropped NC_H08_20200428_0600_L2ARP030_FLDK.02401_02401.nc to Malaysia Domain.
2025-12-19 09:57:57,629 - INFO - Downloaded: NC_H08_20200428_0700_L2ARP030_FLDK.02401_02401.nc
2025-12-19 09:57:57,705 - INFO - Cropped NC_H08_20200428_0700_L2ARP030_FLDK.02401_02401.nc to Malaysia Domain.
2025-12-19 09:58:24,117 - INFO - Downloaded: NC_H08_20200428_0800_L2ARP030_FLDK.02401_02401.nc
2025-12-19 09:58:24,189 - INFO - Cropped NC_H08_20200428_0800_L2ARP030_FLDK.02401_02401.nc to Malaysia Domain.
2025-12-19 09:58:36,726 - INFO - Downloaded: NC_H08_20200428_0900_L2ARP030_FLDK.02401_02401.nc
2025-12-19 09:58:36,793 - INFO - Cropped NC_H08_20200428_0900_L2ARP030_FLDK.02401_02401.nc to Malaysia Domain.
2025-12-19 09:59:04,395 - INFO - Downloaded: NC_H08_20200429_0000_L2ARP030_FLDK.02401_02401.nc
2025-12-19 09:59:04,480 - INFO - Cropped NC_H08_20200429_0000_L2ARP030_FLDK.02401_02401.nc to Malaysia Domain.
2025-12-19 09:59:30,009 - INFO - Downloaded: NC_H08_20200429_0100_L2ARP030_FLDK.02401_02401.nc
2025-12-19 09:59:30,108 - INFO - Cropped NC_H08_20200429_0100_L2ARP030_FLDK.02401_02401.nc to Malaysia Domain.
2025-12-19 09:59:40,508 - INFO - Downloaded: NC_H08_20200429_0200_L2ARP030_FLDK.02401_02401.nc
2025-12-19 09:59:40,607 - INFO - Cropped NC_H08_20200429_0200_L2ARP030_FLDK.02401_02401.nc to Malaysia Domain.
2025-12-19 10:00:00,123 - INFO - Downloaded: NC_H08_20200429_0300_L2ARP030_FLDK.02401_02401.nc
2025-12-19 10:00:00,220 - INFO - Cropped NC_H08_20200429_0300_L2ARP030_FLDK.02401_02401.nc to Malaysia Domain.
2025-12-19 10:00:17,892 - INFO - Downloaded: NC_H08_20200429_0400_L2ARP030_FLDK.02401_02401.nc
2025-12-19 10:00:17,981 - INFO - Cropped NC_H08_20200429_0400_L2ARP030_FLDK.02401_02401.nc to Malaysia Domain.
2025-12-19 10:00:32,505 - INFO - Downloaded: NC_H08_20200429_0500_L2ARP030_FLDK.02401_02401.nc
2025-12-19 10:00:32,591 - INFO - Cropped NC_H08_20200429_0500_L2ARP030_FLDK.02401_02401.nc to Malaysia Domain.
2025-12-19 10:01:18,854 - INFO - Downloaded: NC_H08_20200429_0600_L2ARP030_FLDK.02401_02401.nc
2025-12-19 10:01:18,935 - INFO - Cropped NC_H08_20200429_0600_L2ARP030_FLDK.02401_02401.nc to Malaysia Domain.
2025-12-19 10:01:26,176 - INFO - Downloaded: NC_H08_20200429_0700_L2ARP030_FLDK.02401_02401.nc
2025-12-19 10:01:26,254 - INFO - Cropped NC_H08_20200429_0700_L2ARP030_FLDK.02401_02401.nc to Malaysia Domain.
2025-12-19 10:01:31,181 - INFO - Downloaded: NC_H08_20200429_0800_L2ARP030_FLDK.02401_02401.nc
2025-12-19 10:01:31,256 - INFO - Cropped NC_H08_20200429_0800_L2ARP030_FLDK.02401_02401.nc to Malaysia Domain.
2025-12-19 10:01:34,455 - INFO - Downloaded: NC_H08_20200429_0900_L2ARP030_FLDK.02401_02401.nc
2025-12-19 10:01:34,522 - INFO - Cropped NC_H08_20200429_0900_L2ARP030_FLDK.02401_02401.nc to Malaysia Domain.
2025-12-19 10:02:22,644 - INFO - Downloaded: NC_H08_20200430_0000_L2ARP030_FLDK.02401_02401.nc
2025-12-19 10:02:22,732 - INFO - Cropped NC_H08_20200430_0000_L2ARP030_FLDK.02401_02401.nc to Malaysia Domain.
2025-12-19 10:02:34,878 - INFO - Downloaded: NC_H08_20200430_0100_L2ARP030_FLDK.02401_02401.nc
2025-12-19 10:02:34,975 - INFO - Cropped NC_H08_20200430_0100_L2ARP030_FLDK.02401_02401.nc to Malaysia Domain.
2025-12-19 10:02:43,143 - INFO - Downloaded: NC_H08_20200430_0200_L2ARP030_FLDK.02401_02401.nc
2025-12-19 10:02:43,245 - INFO - Cropped NC_H08_20200430_0200_L2ARP030_FLDK.02401_02401.nc to Malaysia Domain.
2025-12-19 10:02:52,857 - INFO - Downloaded: NC_H08_20200430_0300_L2ARP030_FLDK.02401_02401.nc
2025-12-19 10:02:52,959 - INFO - Cropped NC_H08_20200430_0300_L2ARP030_FLDK.02401_02401.nc to Malaysia Domain.
2025-12-19 10:02:57,758 - INFO - Downloaded: NC_H08_20200430_0400_L2ARP030_FLDK.02401_02401.nc
2025-12-19 10:02:57,848 - INFO - Cropped NC_H08_20200430_0400_L2ARP030_FLDK.02401_02401.nc to Malaysia Domain.
2025-12-19 10:03:02,049 - INFO - Downloaded: NC_H08_20200430_0500_L2ARP030_FLDK.02401_02401.nc
2025-12-19 10:03:02,135 - INFO - Cropped NC_H08_20200430_0500_L2ARP030_FLDK.02401_02401.nc to Malaysia Domain.
2025-12-19 10:03:06,018 - INFO - Downloaded: NC_H08_20200430_0600_L2ARP030_FLDK.02401_02401.nc
2025-12-19 10:03:06,100 - INFO - Cropped NC_H08_20200430_0600_L2ARP030_FLDK.02401_02401.nc to Malaysia Domain.
2025-12-19 10:03:16,044 - INFO - Downloaded: NC_H08_20200430_0700_L2ARP030_FLDK.02401_02401.nc
2025-12-19 10:03:16,123 - INFO - Cropped NC_H08_20200430_0700_L2ARP030_FLDK.02401_02401.nc to Malaysia Domain.
2025-12-19 10:03:21,825 - INFO - Downloaded: NC_H08_20200430_0800_L2ARP030_FLDK.02401_02401.nc
2025-12-19 10:03:21,900 - INFO - Cropped NC_H08_20200430_0800_L2ARP030_FLDK.02401_02401.nc to Malaysia Domain.
2025-12-19 10:03:26,261 - INFO - Downloaded: NC_H08_20200430_0900_L2ARP030_FLDK.02401_02401.nc
2025-12-19 10:03:26,331 - INFO - Cropped NC_H08_20200430_0900_L2ARP030_FLDK.02401_02401.nc to Malaysia Domain.
2025-12-19 10:03:30,759 - INFO - Downloaded: NC_H08_20200501_0000_L2ARP030_FLDK.02401_02401.nc
2025-12-19 10:03:30,844 - INFO - Cropped NC_H08_20200501_0000_L2ARP030_FLDK.02401_02401.nc to Malaysia Domain.
2025-12-19 10:03:36,432 - INFO - Downloaded: NC_H08_20200501_0100_L2ARP030_FLDK.02401_02401.nc
2025-12-19 10:03:36,530 - INFO - Cropped NC_H08_20200501_0100_L2ARP030_FLDK.02401_02401.nc to Malaysia Domain.
2025-12-19 10:04:29,811 - INFO - Downloaded: NC_H08_20200501_0200_L2ARP030_FLDK.02401_02401.nc
2025-12-19 10:04:29,909 - INFO - Cropped NC_H08_20200501_0200_L2ARP030_FLDK.02401_02401.nc to Malaysia Domain.
2025-12-19 10:05:16,906 - INFO - Downloaded: NC_H08_20200501_0300_L2ARP030_FLDK.02401_02401.nc
2025-12-19 10:05:17,005 - INFO - Cropped NC_H08_20200501_0300_L2ARP030_FLDK.02401_02401.nc to Malaysia Domain.
2025-12-19 10:05:27,759 - INFO - Downloaded: NC_H08_20200501_0400_L2ARP030_FLDK.02401_02401.nc
2025-12-19 10:05:27,847 - INFO - Cropped NC_H08_20200501_0400_L2ARP030_FLDK.02401_02401.nc to Malaysia Domain.
2025-12-19 10:05:34,185 - INFO - Downloaded: NC_H08_20200501_0500_L2ARP030_FLDK.02401_02401.nc
2025-12-19 10:05:34,263 - INFO - Cropped NC_H08_20200501_0500_L2ARP030_FLDK.02401_02401.nc to Malaysia Domain.
2025-12-19 10:05:38,305 - INFO - Downloaded: NC_H08_20200501_0600_L2ARP030_FLDK.02401_02401.nc
2025-12-19 10:05:38,381 - INFO - Cropped NC_H08_20200501_0600_L2ARP030_FLDK.02401_02401.nc to Malaysia Domain.
2025-12-19 10:05:42,032 - INFO - Downloaded: NC_H08_20200501_0700_L2ARP030_FLDK.02401_02401.nc
2025-12-19 10:05:42,111 - INFO - Cropped NC_H08_20200501_0700_L2ARP030_FLDK.02401_02401.nc to Malaysia Domain.
2025-12-19 10:05:45,309 - INFO - Downloaded: NC_H08_20200501_0800_L2ARP030_FLDK.02401_02401.nc
2025-12-19 10:05:45,384 - INFO - Cropped NC_H08_20200501_0800_L2ARP030_FLDK.02401_02401.nc to Malaysia Domain.
2025-12-19 10:05:48,178 - INFO - Downloaded: NC_H08_20200501_0900_L2ARP030_FLDK.02401_02401.nc
2025-12-19 10:05:48,247 - INFO - Cropped NC_H08_20200501_0900_L2ARP030_FLDK.02401_02401.nc to Malaysia Domain.
2025-12-19 10:05:52,920 - INFO - Downloaded: NC_H08_20200502_0000_L2ARP030_FLDK.02401_02401.nc
2025-12-19 10:05:53,009 - INFO - Cropped NC_H08_20200502_0000_L2ARP030_FLDK.02401_02401.nc to Malaysia Domain.
2025-12-19 10:06:40,904 - INFO - Downloaded: NC_H08_20200502_0100_L2ARP030_FLDK.02401_02401.nc
2025-12-19 10:06:40,997 - INFO - Cropped NC_H08_20200502_0100_L2ARP030_FLDK.02401_02401.nc to Malaysia Domain.
2025-12-19 10:06:48,321 - INFO - Downloaded: NC_H08_20200502_0200_L2ARP030_FLDK.02401_02401.nc
2025-12-19 10:06:48,409 - INFO - Cropped NC_H08_20200502_0200_L2ARP030_FLDK.02401_02401.nc to Malaysia Domain.
2025-12-19 10:06:53,312 - INFO - Downloaded: NC_H08_20200502_0300_L2ARP030_FLDK.02401_02401.nc
2025-12-19 10:06:53,401 - INFO - Cropped NC_H08_20200502_0300_L2ARP030_FLDK.02401_02401.nc to Malaysia Domain.
2025-12-19 10:07:33,919 - INFO - Downloaded: NC_H08_20200502_0400_L2ARP030_FLDK.02401_02401.nc
2025-12-19 10:07:33,998 - INFO - Cropped NC_H08_20200502_0400_L2ARP030_FLDK.02401_02401.nc to Malaysia Domain.
2025-12-19 10:07:44,477 - INFO - Downloaded: NC_H08_20200502_0500_L2ARP030_FLDK.02401_02401.nc
2025-12-19 10:07:44,551 - INFO - Cropped NC_H08_20200502_0500_L2ARP030_FLDK.02401_02401.nc to Malaysia Domain.
2025-12-19 10:08:20,621 - INFO - Downloaded: NC_H08_20200502_0600_L2ARP030_FLDK.02401_02401.nc
2025-12-19 10:08:20,694 - INFO - Cropped NC_H08_20200502_0600_L2ARP030_FLDK.02401_02401.nc to Malaysia Domain.
2025-12-19 10:08:27,236 - INFO - Downloaded: NC_H08_20200502_0700_L2ARP030_FLDK.02401_02401.nc
2025-12-19 10:08:27,310 - INFO - Cropped NC_H08_20200502_0700_L2ARP030_FLDK.02401_02401.nc to Malaysia Domain.
2025-12-19 10:08:42,234 - INFO - Downloaded: NC_H08_20200502_0800_L2ARP030_FLDK.02401_02401.nc
2025-12-19 10:08:42,308 - INFO - Cropped NC_H08_20200502_0800_L2ARP030_FLDK.02401_02401.nc to Malaysia Domain.
2025-12-19 10:08:50,326 - INFO - Downloaded: NC_H08_20200502_0900_L2ARP030_FLDK.02401_02401.nc
2025-12-19 10:08:50,392 - INFO - Cropped NC_H08_20200502_0900_L2ARP030_FLDK.02401_02401.nc to Malaysia Domain.
2025-12-19 10:09:36,314 - INFO - Downloaded: NC_H08_20200503_0000_L2ARP030_FLDK.02401_02401.nc
2025-12-19 10:09:36,389 - INFO - Cropped NC_H08_20200503_0000_L2ARP030_FLDK.02401_02401.nc to Malaysia Domain.
2025-12-19 10:10:27,364 - INFO - Downloaded: NC_H08_20200503_0100_L2ARP030_FLDK.02401_02401.nc
2025-12-19 10:10:27,455 - INFO - Cropped NC_H08_20200503_0100_L2ARP030_FLDK.02401_02401.nc to Malaysia Domain.
2025-12-19 10:10:34,770 - INFO - Downloaded: NC_H08_20200503_0200_L2ARP030_FLDK.02401_02401.nc
2025-12-19 10:10:34,868 - INFO - Cropped NC_H08_20200503_0200_L2ARP030_FLDK.02401_02401.nc to Malaysia Domain.
2025-12-19 10:10:38,355 - INFO - Downloaded: NC_H08_20200503_0300_L2ARP030_FLDK.02401_02401.nc
2025-12-19 10:10:38,454 - INFO - Cropped NC_H08_20200503_0300_L2ARP030_FLDK.02401_02401.nc to Malaysia Domain.
2025-12-19 10:10:41,429 - INFO - Downloaded: NC_H08_20200503_0400_L2ARP030_FLDK.02401_02401.nc
2025-12-19 10:10:41,515 - INFO - Cropped NC_H08_20200503_0400_L2ARP030_FLDK.02401_02401.nc to Malaysia Domain.
2025-12-19 10:10:44,963 - INFO - Downloaded: NC_H08_20200503_0500_L2ARP030_FLDK.02401_02401.nc
2025-12-19 10:10:45,041 - INFO - Cropped NC_H08_20200503_0500_L2ARP030_FLDK.02401_02401.nc to Malaysia Domain.
2025-12-19 10:11:15,379 - INFO - Downloaded: NC_H08_20200503_0600_L2ARP030_FLDK.02401_02401.nc
2025-12-19 10:11:15,455 - INFO - Cropped NC_H08_20200503_0600_L2ARP030_FLDK.02401_02401.nc to Malaysia Domain.
2025-12-19 10:11:44,385 - INFO - Downloaded: NC_H08_20200503_0700_L2ARP030_FLDK.02401_02401.nc
2025-12-19 10:11:44,460 - INFO - Cropped NC_H08_20200503_0700_L2ARP030_FLDK.02401_02401.nc to Malaysia Domain.
2025-12-19 10:12:03,278 - INFO - Downloaded: NC_H08_20200503_0800_L2ARP030_FLDK.02401_02401.nc
2025-12-19 10:12:03,350 - INFO - Cropped NC_H08_20200503_0800_L2ARP030_FLDK.02401_02401.nc to Malaysia Domain.
2025-12-19 10:12:11,226 - INFO - Downloaded: NC_H08_20200503_0900_L2ARP030_FLDK.02401_02401.nc
2025-12-19 10:12:11,299 - INFO - Cropped NC_H08_20200503_0900_L2ARP030_FLDK.02401_02401.nc to Malaysia Domain.
2025-12-19 10:12:21,903 - INFO - Downloaded: NC_H08_20200504_0000_L2ARP030_FLDK.02401_02401.nc
2025-12-19 10:12:21,983 - INFO - Cropped NC_H08_20200504_0000_L2ARP030_FLDK.02401_02401.nc to Malaysia Domain.
2025-12-19 10:12:27,495 - INFO - Downloaded: NC_H08_20200504_0100_L2ARP030_FLDK.02401_02401.nc
2025-12-19 10:12:27,591 - INFO - Cropped NC_H08_20200504_0100_L2ARP030_FLDK.02401_02401.nc to Malaysia Domain.
2025-12-19 10:12:33,973 - INFO - Downloaded: NC_H08_20200504_0200_L2ARP030_FLDK.02401_02401.nc
2025-12-19 10:12:34,081 - INFO - Cropped NC_H08_20200504_0200_L2ARP030_FLDK.02401_02401.nc to Malaysia Domain.
2025-12-19 10:13:11,712 - INFO - Downloaded: NC_H08_20200504_0300_L2ARP030_FLDK.02401_02401.nc
2025-12-19 10:13:11,819 - INFO - Cropped NC_H08_20200504_0300_L2ARP030_FLDK.02401_02401.nc to Malaysia Domain.
2025-12-19 10:13:22,582 - INFO - Downloaded: NC_H08_20200504_0400_L2ARP030_FLDK.02401_02401.nc
2025-12-19 10:13:22,682 - INFO - Cropped NC_H08_20200504_0400_L2ARP030_FLDK.02401_02401.nc to Malaysia Domain.
2025-12-19 10:13:26,885 - INFO - Downloaded: NC_H08_20200504_0500_L2ARP030_FLDK.02401_02401.nc
2025-12-19 10:13:26,975 - INFO - Cropped NC_H08_20200504_0500_L2ARP030_FLDK.02401_02401.nc to Malaysia Domain.
2025-12-19 10:13:35,265 - INFO - Downloaded: NC_H08_20200504_0600_L2ARP030_FLDK.02401_02401.nc
2025-12-19 10:13:35,347 - INFO - Cropped NC_H08_20200504_0600_L2ARP030_FLDK.02401_02401.nc to Malaysia Domain.
2025-12-19 10:13:44,119 - INFO - Downloaded: NC_H08_20200504_0700_L2ARP030_FLDK.02401_02401.nc
2025-12-19 10:13:44,198 - INFO - Cropped NC_H08_20200504_0700_L2ARP030_FLDK.02401_02401.nc to Malaysia Domain.
2025-12-19 10:13:52,364 - INFO - Downloaded: NC_H08_20200504_0800_L2ARP030_FLDK.02401_02401.nc
2025-12-19 10:13:52,441 - INFO - Cropped NC_H08_20200504_0800_L2ARP030_FLDK.02401_02401.nc to Malaysia Domain.
2025-12-19 10:13:56,711 - INFO - Downloaded: NC_H08_20200504_0900_L2ARP030_FLDK.02401_02401.nc
2025-12-19 10:13:56,783 - INFO - Cropped NC_H08_20200504_0900_L2ARP030_FLDK.02401_02401.nc to Malaysia Domain.
2025-12-19 10:14:01,671 - INFO - Downloaded: NC_H08_20200505_0000_L2ARP030_FLDK.02401_02401.nc
2025-12-19 10:14:01,768 - INFO - Cropped NC_H08_20200505_0000_L2ARP030_FLDK.02401_02401.nc to Malaysia Domain.
2025-12-19 10:14:40,454 - INFO - Downloaded: NC_H08_20200505_0100_L2ARP030_FLDK.02401_02401.nc
2025-12-19 10:14:40,555 - INFO - Cropped NC_H08_20200505_0100_L2ARP030_FLDK.02401_02401.nc to Malaysia Domain.
2025-12-19 10:14:51,751 - INFO - Downloaded: NC_H08_20200505_0200_L2ARP030_FLDK.02401_02401.nc
2025-12-19 10:14:51,861 - INFO - Cropped NC_H08_20200505_0200_L2ARP030_FLDK.02401_02401.nc to Malaysia Domain.
2025-12-19 10:15:29,263 - INFO - Downloaded: NC_H08_20200505_0300_L2ARP030_FLDK.02401_02401.nc
2025-12-19 10:15:29,372 - INFO - Cropped NC_H08_20200505_0300_L2ARP030_FLDK.02401_02401.nc to Malaysia Domain.
2025-12-19 10:15:43,929 - INFO - Downloaded: NC_H08_20200505_0400_L2ARP030_FLDK.02401_02401.nc
2025-12-19 10:15:44,027 - INFO - Cropped NC_H08_20200505_0400_L2ARP030_FLDK.02401_02401.nc to Malaysia Domain.
2025-12-19 10:15:54,788 - INFO - Downloaded: NC_H08_20200505_0500_L2ARP030_FLDK.02401_02401.nc
2025-12-19 10:15:54,878 - INFO - Cropped NC_H08_20200505_0500_L2ARP030_FLDK.02401_02401.nc to Malaysia Domain.
2025-12-19 10:16:02,619 - INFO - Downloaded: NC_H08_20200505_0600_L2ARP030_FLDK.02401_02401.nc
2025-12-19 10:16:02,701 - INFO - Cropped NC_H08_20200505_0600_L2ARP030_FLDK.02401_02401.nc to Malaysia Domain.
2025-12-19 10:16:07,136 - INFO - Downloaded: NC_H08_20200505_0700_L2ARP030_FLDK.02401_02401.nc
2025-12-19 10:16:07,217 - INFO - Cropped NC_H08_20200505_0700_L2ARP030_FLDK.02401_02401.nc to Malaysia Domain.
2025-12-19 10:16:11,245 - INFO - Downloaded: NC_H08_20200505_0800_L2ARP030_FLDK.02401_02401.nc
2025-12-19 10:16:11,325 - INFO - Cropped NC_H08_20200505_0800_L2ARP030_FLDK.02401_02401.nc to Malaysia Domain.
2025-12-19 10:16:15,184 - INFO - Downloaded: NC_H08_20200505_0900_L2ARP030_FLDK.02401_02401.nc
2025-12-19 10:16:15,251 - INFO - Cropped NC_H08_20200505_0900_L2ARP030_FLDK.02401_02401.nc to Malaysia Domain.
2025-12-19 10:16:23,758 - INFO - Downloaded: NC_H08_20200506_0000_L2ARP030_FLDK.02401_02401.nc
2025-12-19 10:16:23,845 - INFO - Cropped NC_H08_20200506_0000_L2ARP030_FLDK.02401_02401.nc to Malaysia Domain.
2025-12-19 10:17:04,329 - INFO - Downloaded: NC_H08_20200506_0100_L2ARP030_FLDK.02401_02401.nc
2025-12-19 10:17:04,427 - INFO - Cropped NC_H08_20200506_0100_L2ARP030_FLDK.02401_02401.nc to Malaysia Domain.
2025-12-19 10:17:23,997 - INFO - Downloaded: NC_H08_20200506_0200_L2ARP030_FLDK.02401_02401.nc
2025-12-19 10:17:24,105 - INFO - Cropped NC_H08_20200506_0200_L2ARP030_FLDK.02401_02401.nc to Malaysia Domain.
2025-12-19 10:17:44,151 - INFO - Downloaded: NC_H08_20200506_0300_L2ARP030_FLDK.02401_02401.nc
2025-12-19 10:17:44,261 - INFO - Cropped NC_H08_20200506_0300_L2ARP030_FLDK.02401_02401.nc to Malaysia Domain.
2025-12-19 10:18:30,797 - INFO - Downloaded: NC_H08_20200506_0400_L2ARP030_FLDK.02401_02401.nc
2025-12-19 10:18:30,891 - INFO - Cropped NC_H08_20200506_0400_L2ARP030_FLDK.02401_02401.nc to Malaysia Domain.
2025-12-19 10:18:56,171 - INFO - Downloaded: NC_H08_20200506_0500_L2ARP030_FLDK.02401_02401.nc
2025-12-19 10:18:56,270 - INFO - Cropped NC_H08_20200506_0500_L2ARP030_FLDK.02401_02401.nc to Malaysia Domain.
2025-12-19 10:19:36,238 - INFO - Downloaded: NC_H08_20200506_0600_L2ARP030_FLDK.02401_02401.nc
2025-12-19 10:19:36,311 - INFO - Cropped NC_H08_20200506_0600_L2ARP030_FLDK.02401_02401.nc to Malaysia Domain.
2025-12-19 10:20:08,213 - INFO - Downloaded: NC_H08_20200506_0700_L2ARP030_FLDK.02401_02401.nc
2025-12-19 10:20:08,295 - INFO - Cropped NC_H08_20200506_0700_L2ARP030_FLDK.02401_02401.nc to Malaysia Domain.
2025-12-19 10:20:21,086 - INFO - Downloaded: NC_H08_20200506_0800_L2ARP030_FLDK.02401_02401.nc
2025-12-19 10:20:21,160 - INFO - Cropped NC_H08_20200506_0800_L2ARP030_FLDK.02401_02401.nc to Malaysia Domain.
2025-12-19 10:20:30,246 - INFO - Downloaded: NC_H08_20200506_0900_L2ARP030_FLDK.02401_02401.nc
2025-12-19 10:20:30,313 - INFO - Cropped NC_H08_20200506_0900_L2ARP030_FLDK.02401_02401.nc to Malaysia Domain.
2025-12-19 10:20:48,864 - INFO - Downloaded: NC_H08_20200507_0000_L2ARP030_FLDK.02401_02401.nc
2025-12-19 10:20:48,962 - INFO - Cropped NC_H08_20200507_0000_L2ARP030_FLDK.02401_02401.nc to Malaysia Domain.
2025-12-19 10:21:10,404 - INFO - Downloaded: NC_H08_20200507_0100_L2ARP030_FLDK.02401_02401.nc
2025-12-19 10:21:10,529 - INFO - Cropped NC_H08_20200507_0100_L2ARP030_FLDK.02401_02401.nc to Malaysia Domain.
2025-12-19 10:21:29,335 - INFO - Downloaded: NC_H08_20200507_0200_L2ARP030_FLDK.02401_02401.nc
2025-12-19 10:21:29,460 - INFO - Cropped NC_H08_20200507_0200_L2ARP030_FLDK.02401_02401.nc to Malaysia Domain.
2025-12-19 10:21:45,811 - INFO - Downloaded: NC_H08_20200507_0300_L2ARP030_FLDK.02401_02401.nc
2025-12-19 10:21:45,933 - INFO - Cropped NC_H08_20200507_0300_L2ARP030_FLDK.02401_02401.nc to Malaysia Domain.
2025-12-19 10:22:19,663 - INFO - Downloaded: NC_H08_20200507_0400_L2ARP030_FLDK.02401_02401.nc
2025-12-19 10:22:19,773 - INFO - Cropped NC_H08_20200507_0400_L2ARP030_FLDK.02401_02401.nc to Malaysia Domain.
2025-12-19 10:22:33,178 - INFO - Downloaded: NC_H08_20200507_0500_L2ARP030_FLDK.02401_02401.nc
2025-12-19 10:22:33,272 - INFO - Cropped NC_H08_20200507_0500_L2ARP030_FLDK.02401_02401.nc to Malaysia Domain.
2025-12-19 10:22:42,216 - INFO - Downloaded: NC_H08_20200507_0600_L2ARP030_FLDK.02401_02401.nc
2025-12-19 10:22:42,293 - INFO - Cropped NC_H08_20200507_0600_L2ARP030_FLDK.02401_02401.nc to Malaysia Domain.
2025-12-19 10:22:51,483 - INFO - Downloaded: NC_H08_20200507_0700_L2ARP030_FLDK.02401_02401.nc
2025-12-19 10:22:51,565 - INFO - Cropped NC_H08_20200507_0700_L2ARP030_FLDK.02401_02401.nc to Malaysia Domain.
2025-12-19 10:22:59,790 - INFO - Downloaded: NC_H08_20200507_0800_L2ARP030_FLDK.02401_02401.nc
2025-12-19 10:22:59,871 - INFO - Cropped NC_H08_20200507_0800_L2ARP030_FLDK.02401_02401.nc to Malaysia Domain.
2025-12-19 10:23:08,805 - INFO - Downloaded: NC_H08_20200507_0900_L2ARP030_FLDK.02401_02401.nc
2025-12-19 10:23:08,881 - INFO - Cropped NC_H08_20200507_0900_L2ARP030_FLDK.02401_02401.nc to Malaysia Domain.
2025-12-19 10:23:26,571 - INFO - Downloaded: NC_H08_20200508_0000_L2ARP030_FLDK.02401_02401.nc
2025-12-19 10:23:26,666 - INFO - Cropped NC_H08_20200508_0000_L2ARP030_FLDK.02401_02401.nc to Malaysia Domain.
2025-12-19 10:23:39,187 - INFO - Downloaded: NC_H08_20200508_0100_L2ARP030_FLDK.02401_02401.nc
2025-12-19 10:23:39,307 - INFO - Cropped NC_H08_20200508_0100_L2ARP030_FLDK.02401_02401.nc to Malaysia Domain.
2025-12-19 10:23:44,525 - INFO - Downloaded: NC_H08_20200508_0200_L2ARP030_FLDK.02401_02401.nc
2025-12-19 10:23:44,644 - INFO - Cropped NC_H08_20200508_0200_L2ARP030_FLDK.02401_02401.nc to Malaysia Domain.
2025-12-19 10:23:49,605 - INFO - Downloaded: NC_H08_20200508_0300_L2ARP030_FLDK.02401_02401.nc
2025-12-19 10:23:49,719 - INFO - Cropped NC_H08_20200508_0300_L2ARP030_FLDK.02401_02401.nc to Malaysia Domain.
2025-12-19 10:24:31,762 - INFO - Downloaded: NC_H08_20200508_0400_L2ARP030_FLDK.02401_02401.nc
2025-12-19 10:24:31,860 - INFO - Cropped NC_H08_20200508_0400_L2ARP030_FLDK.02401_02401.nc to Malaysia Domain.
2025-12-19 10:24:42,178 - INFO - Downloaded: NC_H08_20200508_0500_L2ARP030_FLDK.02401_02401.nc
2025-12-19 10:24:42,268 - INFO - Cropped NC_H08_20200508_0500_L2ARP030_FLDK.02401_02401.nc to Malaysia Domain.
2025-12-19 10:25:20,584 - INFO - Downloaded: NC_H08_20200508_0600_L2ARP030_FLDK.02401_02401.nc
2025-12-19 10:25:20,664 - INFO - Cropped NC_H08_20200508_0600_L2ARP030_FLDK.02401_02401.nc to Malaysia Domain.
2025-12-19 10:25:29,979 - INFO - Downloaded: NC_H08_20200508_0700_L2ARP030_FLDK.02401_02401.nc
2025-12-19 10:25:30,058 - INFO - Cropped NC_H08_20200508_0700_L2ARP030_FLDK.02401_02401.nc to Malaysia Domain.
2025-12-19 10:25:33,704 - INFO - Downloaded: NC_H08_20200508_0800_L2ARP030_FLDK.02401_02401.nc
2025-12-19 10:25:33,787 - INFO - Cropped NC_H08_20200508_0800_L2ARP030_FLDK.02401_02401.nc to Malaysia Domain.
2025-12-19 10:25:37,162 - INFO - Downloaded: NC_H08_20200508_0900_L2ARP030_FLDK.02401_02401.nc
2025-12-19 10:25:37,234 - INFO - Cropped NC_H08_20200508_0900_L2ARP030_FLDK.02401_02401.nc to Malaysia Domain.
2025-12-19 10:26:15,617 - INFO - Downloaded: NC_H08_20200509_0000_L2ARP030_FLDK.02401_02401.nc
2025-12-19 10:26:15,700 - INFO - Cropped NC_H08_20200509_0000_L2ARP030_FLDK.02401_02401.nc to Malaysia Domain.
2025-12-19 10:26:23,348 - INFO - Downloaded: NC_H08_20200509_0100_L2ARP030_FLDK.02401_02401.nc
2025-12-19 10:26:23,444 - INFO - Cropped NC_H08_20200509_0100_L2ARP030_FLDK.02401_02401.nc to Malaysia Domain.
2025-12-19 10:26:28,446 - INFO - Downloaded: NC_H08_20200509_0200_L2ARP030_FLDK.02401_02401.nc
2025-12-19 10:26:28,545 - INFO - Cropped NC_H08_20200509_0200_L2ARP030_FLDK.02401_02401.nc to Malaysia Domain.
2025-12-19 10:26:32,009 - INFO - Downloaded: NC_H08_20200509_0300_L2ARP030_FLDK.02401_02401.nc
2025-12-19 10:26:32,106 - INFO - Cropped NC_H08_20200509_0300_L2ARP030_FLDK.02401_02401.nc to Malaysia Domain.
2025-12-19 10:26:35,227 - INFO - Downloaded: NC_H08_20200509_0400_L2ARP030_FLDK.02401_02401.nc
2025-12-19 10:26:35,307 - INFO - Cropped NC_H08_20200509_0400_L2ARP030_FLDK.02401_02401.nc to Malaysia Domain.
2025-12-19 10:27:14,475 - INFO - Downloaded: NC_H08_20200509_0500_L2ARP030_FLDK.02401_02401.nc
2025-12-19 10:27:14,549 - INFO - Cropped NC_H08_20200509_0500_L2ARP030_FLDK.02401_02401.nc to Malaysia Domain.
2025-12-19 10:27:21,062 - INFO - Downloaded: NC_H08_20200509_0600_L2ARP030_FLDK.02401_02401.nc
2025-12-19 10:27:21,135 - INFO - Cropped NC_H08_20200509_0600_L2ARP030_FLDK.02401_02401.nc to Malaysia Domain.
2025-12-19 10:27:24,895 - INFO - Downloaded: NC_H08_20200509_0700_L2ARP030_FLDK.02401_02401.nc
2025-12-19 10:27:24,969 - INFO - Cropped NC_H08_20200509_0700_L2ARP030_FLDK.02401_02401.nc to Malaysia Domain.
2025-12-19 10:27:27,811 - INFO - Downloaded: NC_H08_20200509_0800_L2ARP030_FLDK.02401_02401.nc
2025-12-19 10:27:27,886 - INFO - Cropped NC_H08_20200509_0800_L2ARP030_FLDK.02401_02401.nc to Malaysia Domain.
2025-12-19 10:27:30,539 - INFO - Downloaded: NC_H08_20200509_0900_L2ARP030_FLDK.02401_02401.nc
2025-12-19 10:27:30,609 - INFO - Cropped NC_H08_20200509_0900_L2ARP030_FLDK.02401_02401.nc to Malaysia Domain.
2025-12-19 10:27:35,765 - INFO - Downloaded: NC_H08_20200510_0000_L2ARP030_FLDK.02401_02401.nc
2025-12-19 10:27:35,854 - INFO - Cropped NC_H08_20200510_0000_L2ARP030_FLDK.02401_02401.nc to Malaysia Domain.
2025-12-19 10:28:22,753 - INFO - Downloaded: NC_H08_20200510_0100_L2ARP030_FLDK.02401_02401.nc
2025-12-19 10:28:22,866 - INFO - Cropped NC_H08_20200510_0100_L2ARP030_FLDK.02401_02401.nc to Malaysia Domain.
2025-12-19 10:28:33,927 - INFO - Downloaded: NC_H08_20200510_0200_L2ARP030_FLDK.02401_02401.nc
2025-12-19 10:28:34,042 - INFO - Cropped NC_H08_20200510_0200_L2ARP030_FLDK.02401_02401.nc to Malaysia Domain.
2025-12-19 10:28:38,089 - INFO - Downloaded: NC_H08_20200510_0300_L2ARP030_FLDK.02401_02401.nc
2025-12-19 10:28:38,202 - INFO - Cropped NC_H08_20200510_0300_L2ARP030_FLDK.02401_02401.nc to Malaysia Domain.
2025-12-19 10:28:41,360 - INFO - Downloaded: NC_H08_20200510_0400_L2ARP030_FLDK.02401_02401.nc
2025-12-19 10:28:41,460 - INFO - Cropped NC_H08_20200510_0400_L2ARP030_FLDK.02401_02401.nc to Malaysia Domain.
2025-12-19 10:29:11,873 - INFO - Downloaded: NC_H08_20200510_0500_L2ARP030_FLDK.02401_02401.nc
2025-12-19 10:29:11,961 - INFO - Cropped NC_H08_20200510_0500_L2ARP030_FLDK.02401_02401.nc to Malaysia Domain.
2025-12-19 10:29:39,949 - INFO - Downloaded: NC_H08_20200510_0600_L2ARP030_FLDK.02401_02401.nc
2025-12-19 10:29:40,035 - INFO - Cropped NC_H08_20200510_0600_L2ARP030_FLDK.02401_02401.nc to Malaysia Domain.
2025-12-19 10:29:45,680 - INFO - Downloaded: NC_H08_20200510_0700_L2ARP030_FLDK.02401_02401.nc
2025-12-19 10:29:45,762 - INFO - Cropped NC_H08_20200510_0700_L2ARP030_FLDK.02401_02401.nc to Malaysia Domain.
2025-12-19 10:29:50,075 - INFO - Downloaded: NC_H08_20200510_0800_L2ARP030_FLDK.02401_02401.nc
2025-12-19 10:29:50,157 - INFO - Cropped NC_H08_20200510_0800_L2ARP030_FLDK.02401_02401.nc to Malaysia Domain.
2025-12-19 10:29:53,052 - INFO - Downloaded: NC_H08_20200510_0900_L2ARP030_FLDK.02401_02401.nc
2025-12-19 10:29:53,132 - INFO - Cropped NC_H08_20200510_0900_L2ARP030_FLDK.02401_02401.nc to Malaysia Domain.
2025-12-19 10:30:32,352 - INFO - Downloaded: NC_H08_20200511_0000_L2ARP030_FLDK.02401_02401.nc
2025-12-19 10:30:32,453 - INFO - Cropped NC_H08_20200511_0000_L2ARP030_FLDK.02401_02401.nc to Malaysia Domain.
2025-12-19 10:30:47,366 - INFO - Downloaded: NC_H08_20200511_0100_L2ARP030_FLDK.02401_02401.nc
2025-12-19 10:30:47,484 - INFO - Cropped NC_H08_20200511_0100_L2ARP030_FLDK.02401_02401.nc to Malaysia Domain.
2025-12-19 10:31:41,250 - INFO - Downloaded: NC_H08_20200511_0200_L2ARP030_FLDK.02401_02401.nc
2025-12-19 10:31:41,364 - INFO - Cropped NC_H08_20200511_0200_L2ARP030_FLDK.02401_02401.nc to Malaysia Domain.
2025-12-19 10:31:48,680 - INFO - Downloaded: NC_H08_20200511_0300_L2ARP030_FLDK.02401_02401.nc
2025-12-19 10:31:48,796 - INFO - Cropped NC_H08_20200511_0300_L2ARP030_FLDK.02401_02401.nc to Malaysia Domain.
2025-12-19 10:31:52,124 - INFO - Downloaded: NC_H08_20200511_0400_L2ARP030_FLDK.02401_02401.nc
2025-12-19 10:31:52,224 - INFO - Cropped NC_H08_20200511_0400_L2ARP030_FLDK.02401_02401.nc to Malaysia Domain.
2025-12-19 10:31:56,785 - INFO - Downloaded: NC_H08_20200511_0500_L2ARP030_FLDK.02401_02401.nc
2025-12-19 10:31:56,877 - INFO - Cropped NC_H08_20200511_0500_L2ARP030_FLDK.02401_02401.nc to Malaysia Domain.
2025-12-19 10:32:00,274 - INFO - Downloaded: NC_H08_20200511_0600_L2ARP030_FLDK.02401_02401.nc
2025-12-19 10:32:00,356 - INFO - Cropped NC_H08_20200511_0600_L2ARP030_FLDK.02401_02401.nc to Malaysia Domain.
2025-12-19 10:32:02,986 - INFO - Downloaded: NC_H08_20200511_0700_L2ARP030_FLDK.02401_02401.nc
2025-12-19 10:32:03,067 - INFO - Cropped NC_H08_20200511_0700_L2ARP030_FLDK.02401_02401.nc to Malaysia Domain.
2025-12-19 10:32:05,553 - INFO - Downloaded: NC_H08_20200511_0800_L2ARP030_FLDK.02401_02401.nc
2025-12-19 10:32:05,635 - INFO - Cropped NC_H08_20200511_0800_L2ARP030_FLDK.02401_02401.nc to Malaysia Domain.
2025-12-19 10:32:23,243 - INFO - Downloaded: NC_H08_20200511_0900_L2ARP030_FLDK.02401_02401.nc
2025-12-19 10:32:23,320 - INFO - Cropped NC_H08_20200511_0900_L2ARP030_FLDK.02401_02401.nc to Malaysia Domain.
2025-12-19 10:32:36,541 - INFO - Downloaded: NC_H08_20200512_0000_L2ARP030_FLDK.02401_02401.nc
2025-12-19 10:32:36,622 - INFO - Cropped NC_H08_20200512_0000_L2ARP030_FLDK.02401_02401.nc to Malaysia Domain.
2025-12-19 10:32:51,404 - INFO - Downloaded: NC_H08_20200512_0100_L2ARP030_FLDK.02401_02401.nc
2025-12-19 10:32:51,497 - INFO - Cropped NC_H08_20200512_0100_L2ARP030_FLDK.02401_02401.nc to Malaysia Domain.
2025-12-19 10:32:57,439 - INFO - Downloaded: NC_H08_20200512_0200_L2ARP030_FLDK.02401_02401.nc
2025-12-19 10:32:57,534 - INFO - Cropped NC_H08_20200512_0200_L2ARP030_FLDK.02401_02401.nc to Malaysia Domain.
2025-12-19 10:33:56,311 - INFO - Downloaded: NC_H08_20200512_0300_L2ARP030_FLDK.02401_02401.nc
2025-12-19 10:33:56,399 - INFO - Cropped NC_H08_20200512_0300_L2ARP030_FLDK.02401_02401.nc to Malaysia Domain.
2025-12-19 10:34:58,255 - INFO - Downloaded: NC_H08_20200512_0400_L2ARP030_FLDK.02401_02401.nc
2025-12-19 10:34:58,334 - INFO - Cropped NC_H08_20200512_0400_L2ARP030_FLDK.02401_02401.nc to Malaysia Domain.
2025-12-19 10:35:48,542 - INFO - Downloaded: NC_H08_20200512_0500_L2ARP030_FLDK.02401_02401.nc
2025-12-19 10:35:48,618 - INFO - Cropped NC_H08_20200512_0500_L2ARP030_FLDK.02401_02401.nc to Malaysia Domain.
2025-12-19 10:35:55,408 - INFO - Downloaded: NC_H08_20200512_0600_L2ARP030_FLDK.02401_02401.nc
2025-12-19 10:35:55,480 - INFO - Cropped NC_H08_20200512_0600_L2ARP030_FLDK.02401_02401.nc to Malaysia Domain.
2025-12-19 10:35:59,828 - INFO - Downloaded: NC_H08_20200512_0700_L2ARP030_FLDK.02401_02401.nc
2025-12-19 10:35:59,898 - INFO - Cropped NC_H08_20200512_0700_L2ARP030_FLDK.02401_02401.nc to Malaysia Domain.
2025-12-19 10:36:20,253 - INFO - Downloaded: NC_H08_20200512_0800_L2ARP030_FLDK.02401_02401.nc
2025-12-19 10:36:20,323 - INFO - Cropped NC_H08_20200512_0800_L2ARP030_FLDK.02401_02401.nc to Malaysia Domain.
2025-12-19 10:36:35,448 - INFO - Downloaded: NC_H08_20200512_0900_L2ARP030_FLDK.02401_02401.nc
2025-12-19 10:36:35,517 - INFO - Cropped NC_H08_20200512_0900_L2ARP030_FLDK.02401_02401.nc to Malaysia Domain.
2025-12-19 10:36:42,266 - INFO - Downloaded: NC_H08_20200513_0000_L2ARP030_FLDK.02401_02401.nc
2025-12-19 10:36:42,358 - INFO - Cropped NC_H08_20200513_0000_L2ARP030_FLDK.02401_02401.nc to Malaysia Domain.
2025-12-19 10:37:32,913 - INFO - Downloaded: NC_H08_20200513_0100_L2ARP030_FLDK.02401_02401.nc
2025-12-19 10:37:33,018 - INFO - Cropped NC_H08_20200513_0100_L2ARP030_FLDK.02401_02401.nc to Malaysia Domain.
2025-12-19 10:38:24,073 - INFO - Downloaded: NC_H08_20200513_0200_L2ARP030_FLDK.02401_02401.nc
2025-12-19 10:38:24,178 - INFO - Cropped NC_H08_20200513_0200_L2ARP030_FLDK.02401_02401.nc to Malaysia Domain.
2025-12-19 10:38:35,491 - INFO - Downloaded: NC_H08_20200513_0300_L2ARP030_FLDK.02401_02401.nc
2025-12-19 10:38:35,597 - INFO - Cropped NC_H08_20200513_0300_L2ARP030_FLDK.02401_02401.nc to Malaysia Domain.
2025-12-19 10:39:10,264 - INFO - Downloaded: NC_H08_20200513_0400_L2ARP030_FLDK.02401_02401.nc
2025-12-19 10:39:10,359 - INFO - Cropped NC_H08_20200513_0400_L2ARP030_FLDK.02401_02401.nc to Malaysia Domain.
2025-12-19 10:39:55,082 - INFO - Downloaded: NC_H08_20200513_0500_L2ARP030_FLDK.02401_02401.nc
2025-12-19 10:39:55,165 - INFO - Cropped NC_H08_20200513_0500_L2ARP030_FLDK.02401_02401.nc to Malaysia Domain.
2025-12-19 10:40:05,329 - INFO - Downloaded: NC_H08_20200513_0600_L2ARP030_FLDK.02401_02401.nc
2025-12-19 10:40:05,404 - INFO - Cropped NC_H08_20200513_0600_L2ARP030_FLDK.02401_02401.nc to Malaysia Domain.
2025-12-19 10:40:09,214 - INFO - Downloaded: NC_H08_20200513_0700_L2ARP030_FLDK.02401_02401.nc
2025-12-19 10:40:09,290 - INFO - Cropped NC_H08_20200513_0700_L2ARP030_FLDK.02401_02401.nc to Malaysia Domain.
2025-12-19 10:40:33,549 - INFO - Downloaded: NC_H08_20200513_0800_L2ARP030_FLDK.02401_02401.nc
2025-12-19 10:40:33,631 - INFO - Cropped NC_H08_20200513_0800_L2ARP030_FLDK.02401_02401.nc to Malaysia Domain.
2025-12-19 10:40:38,916 - INFO - Downloaded: NC_H08_20200513_0900_L2ARP030_FLDK.02401_02401.nc
2025-12-19 10:40:38,989 - INFO - Cropped NC_H08_20200513_0900_L2ARP030_FLDK.02401_02401.nc to Malaysia Domain.
2025-12-19 10:41:33,530 - INFO - Downloaded: NC_H08_20200514_0000_L2ARP030_FLDK.02401_02401.nc
2025-12-19 10:41:33,628 - INFO - Cropped NC_H08_20200514_0000_L2ARP030_FLDK.02401_02401.nc to Malaysia Domain.
2025-12-19 10:41:44,625 - INFO - Downloaded: NC_H08_20200514_0100_L2ARP030_FLDK.02401_02401.nc
2025-12-19 10:41:44,739 - INFO - Cropped NC_H08_20200514_0100_L2ARP030_FLDK.02401_02401.nc to Malaysia Domain.
2025-12-19 10:41:48,927 - INFO - Downloaded: NC_H08_20200514_0200_L2ARP030_FLDK.02401_02401.nc
2025-12-19 10:41:49,041 - INFO - Cropped NC_H08_20200514_0200_L2ARP030_FLDK.02401_02401.nc to Malaysia Domain.
2025-12-19 10:41:52,309 - INFO - Downloaded: NC_H08_20200514_0300_L2ARP030_FLDK.02401_02401.nc
2025-12-19 10:41:52,420 - INFO - Cropped NC_H08_20200514_0300_L2ARP030_FLDK.02401_02401.nc to Malaysia Domain.
2025-12-19 10:42:34,639 - INFO - Downloaded: NC_H08_20200514_0400_L2ARP030_FLDK.02401_02401.nc
2025-12-19 10:42:34,730 - INFO - Cropped NC_H08_20200514_0400_L2ARP030_FLDK.02401_02401.nc to Malaysia Domain.
2025-12-19 10:42:41,848 - INFO - Downloaded: NC_H08_20200514_0500_L2ARP030_FLDK.02401_02401.nc
2025-12-19 10:42:41,928 - INFO - Cropped NC_H08_20200514_0500_L2ARP030_FLDK.02401_02401.nc to Malaysia Domain.
2025-12-19 10:42:45,615 - INFO - Downloaded: NC_H08_20200514_0600_L2ARP030_FLDK.02401_02401.nc
2025-12-19 10:42:45,692 - INFO - Cropped NC_H08_20200514_0600_L2ARP030_FLDK.02401_02401.nc to Malaysia Domain.
2025-12-19 10:42:49,372 - INFO - Downloaded: NC_H08_20200514_0700_L2ARP030_FLDK.02401_02401.nc
2025-12-19 10:42:49,449 - INFO - Cropped NC_H08_20200514_0700_L2ARP030_FLDK.02401_02401.nc to Malaysia Domain.
2025-12-19 10:42:52,460 - INFO - Downloaded: NC_H08_20200514_0800_L2ARP030_FLDK.02401_02401.nc
2025-12-19 10:42:52,539 - INFO - Cropped NC_H08_20200514_0800_L2ARP030_FLDK.02401_02401.nc to Malaysia Domain.
2025-12-19 10:42:54,877 - INFO - Downloaded: NC_H08_20200514_0900_L2ARP030_FLDK.02401_02401.nc
2025-12-19 10:42:54,948 - INFO - Cropped NC_H08_20200514_0900_L2ARP030_FLDK.02401_02401.nc to Malaysia Domain.
2025-12-19 10:42:58,336 - INFO - Downloaded: NC_H08_20200515_0000_L2ARP030_FLDK.02401_02401.nc
2025-12-19 10:42:58,426 - INFO - Cropped NC_H08_20200515_0000_L2ARP030_FLDK.02401_02401.nc to Malaysia Domain.
2025-12-19 10:43:01,789 - INFO - Downloaded: NC_H08_20200515_0100_L2ARP030_FLDK.02401_02401.nc
2025-12-19 10:43:01,893 - INFO - Cropped NC_H08_20200515_0100_L2ARP030_FLDK.02401_02401.nc to Malaysia Domain.
2025-12-19 10:43:54,760 - INFO - Downloaded: NC_H08_20200515_0200_L2ARP030_FLDK.02401_02401.nc
2025-12-19 10:43:54,871 - INFO - Cropped NC_H08_20200515_0200_L2ARP030_FLDK.02401_02401.nc to Malaysia Domain.
2025-12-19 10:44:39,903 - INFO - Downloaded: NC_H08_20200515_0300_L2ARP030_FLDK.02401_02401.nc
2025-12-19 10:44:40,013 - INFO - Cropped NC_H08_20200515_0300_L2ARP030_FLDK.02401_02401.nc to Malaysia Domain.
2025-12-19 10:44:46,951 - INFO - Downloaded: NC_H08_20200515_0400_L2ARP030_FLDK.02401_02401.nc
2025-12-19 10:44:47,039 - INFO - Cropped NC_H08_20200515_0400_L2ARP030_FLDK.02401_02401.nc to Malaysia Domain.
2025-12-19 10:44:50,333 - INFO - Downloaded: NC_H08_20200515_0500_L2ARP030_FLDK.02401_02401.nc
2025-12-19 10:44:50,414 - INFO - Cropped NC_H08_20200515_0500_L2ARP030_FLDK.02401_02401.nc to Malaysia Domain.
2025-12-19 10:44:53,453 - INFO - Downloaded: NC_H08_20200515_0600_L2ARP030_FLDK.02401_02401.nc
2025-12-19 10:44:53,537 - INFO - Cropped NC_H08_20200515_0600_L2ARP030_FLDK.02401_02401.nc to Malaysia Domain.
2025-12-19 10:44:56,867 - INFO - Downloaded: NC_H08_20200515_0700_L2ARP030_FLDK.02401_02401.nc
2025-12-19 10:44:56,946 - INFO - Cropped NC_H08_20200515_0700_L2ARP030_FLDK.02401_02401.nc to Malaysia Domain.
2025-12-19 10:44:59,717 - INFO - Downloaded: NC_H08_20200515_0800_L2ARP030_FLDK.02401_02401.nc
2025-12-19 10:44:59,800 - INFO - Cropped NC_H08_20200515_0800_L2ARP030_FLDK.02401_02401.nc to Malaysia Domain.
2025-12-19 10:45:02,116 - INFO - Downloaded: NC_H08_20200515_0900_L2ARP030_FLDK.02401_02401.nc
2025-12-19 10:45:02,195 - INFO - Cropped NC_H08_20200515_0900_L2ARP030_FLDK.02401_02401.nc to Malaysia Domain.
2025-12-19 10:45:05,468 - INFO - Downloaded: NC_H08_20200516_0000_L2ARP030_FLDK.02401_02401.nc
2025-12-19 10:45:05,555 - INFO - Cropped NC_H08_20200516_0000_L2ARP030_FLDK.02401_02401.nc to Malaysia Domain.
2025-12-19 10:45:08,859 - INFO - Downloaded: NC_H08_20200516_0100_L2ARP030_FLDK.02401_02401.nc
2025-12-19 10:45:08,972 - INFO - Cropped NC_H08_20200516_0100_L2ARP030_FLDK.02401_02401.nc to Malaysia Domain.
2025-12-19 10:45:12,227 - INFO - Downloaded: NC_H08_20200516_0200_L2ARP030_FLDK.02401_02401.nc
2025-12-19 10:45:12,342 - INFO - Cropped NC_H08_20200516_0200_L2ARP030_FLDK.02401_02401.nc to Malaysia Domain.
2025-12-19 10:45:15,366 - INFO - Downloaded: NC_H08_20200516_0300_L2ARP030_FLDK.02401_02401.nc
2025-12-19 10:45:15,485 - INFO - Cropped NC_H08_20200516_0300_L2ARP030_FLDK.02401_02401.nc to Malaysia Domain.
2025-12-19 10:45:18,347 - INFO - Downloaded: NC_H08_20200516_0400_L2ARP030_FLDK.02401_02401.nc
2025-12-19 10:45:18,444 - INFO - Cropped NC_H08_20200516_0400_L2ARP030_FLDK.02401_02401.nc to Malaysia Domain.
2025-12-19 10:45:50,579 - INFO - Downloaded: NC_H08_20200516_0500_L2ARP030_FLDK.02401_02401.nc
2025-12-19 10:45:50,669 - INFO - Cropped NC_H08_20200516_0500_L2ARP030_FLDK.02401_02401.nc to Malaysia Domain.
2025-12-19 10:46:00,187 - INFO - Downloaded: NC_H08_20200516_0600_L2ARP030_FLDK.02401_02401.nc
2025-12-19 10:46:00,270 - INFO - Cropped NC_H08_20200516_0600_L2ARP030_FLDK.02401_02401.nc to Malaysia Domain.
2025-12-19 10:46:04,118 - INFO - Downloaded: NC_H08_20200516_0700_L2ARP030_FLDK.02401_02401.nc
2025-12-19 10:46:04,198 - INFO - Cropped NC_H08_20200516_0700_L2ARP030_FLDK.02401_02401.nc to Malaysia Domain.
2025-12-19 10:46:07,659 - INFO - Downloaded: NC_H08_20200516_0800_L2ARP030_FLDK.02401_02401.nc
2025-12-19 10:46:07,743 - INFO - Cropped NC_H08_20200516_0800_L2ARP030_FLDK.02401_02401.nc to Malaysia Domain.
2025-12-19 10:46:10,537 - INFO - Downloaded: NC_H08_20200516_0900_L2ARP030_FLDK.02401_02401.nc
2025-12-19 10:46:10,617 - INFO - Cropped NC_H08_20200516_0900_L2ARP030_FLDK.02401_02401.nc to Malaysia Domain.
2025-12-19 10:46:45,595 - INFO - Downloaded: NC_H08_20200517_0000_L2ARP030_FLDK.02401_02401.nc
2025-12-19 10:46:45,675 - INFO - Cropped NC_H08_20200517_0000_L2ARP030_FLDK.02401_02401.nc to Malaysia Domain.
2025-12-19 10:46:56,474 - INFO - Downloaded: NC_H08_20200517_0100_L2ARP030_FLDK.02401_02401.nc
2025-12-19 10:46:56,566 - INFO - Cropped NC_H08_20200517_0100_L2ARP030_FLDK.02401_02401.nc to Malaysia Domain.
2025-12-19 10:47:00,602 - INFO - Downloaded: NC_H08_20200517_0200_L2ARP030_FLDK.02401_02401.nc
2025-12-19 10:47:00,698 - INFO - Cropped NC_H08_20200517_0200_L2ARP030_FLDK.02401_02401.nc to Malaysia Domain.
2025-12-19 10:47:04,851 - INFO - Downloaded: NC_H08_20200517_0300_L2ARP030_FLDK.02401_02401.nc
2025-12-19 10:47:04,942 - INFO - Cropped NC_H08_20200517_0300_L2ARP030_FLDK.02401_02401.nc to Malaysia Domain.
2025-12-19 10:47:08,863 - INFO - Downloaded: NC_H08_20200517_0400_L2ARP030_FLDK.02401_02401.nc
2025-12-19 10:47:08,947 - INFO - Cropped NC_H08_20200517_0400_L2ARP030_FLDK.02401_02401.nc to Malaysia Domain.
2025-12-19 10:47:12,052 - INFO - Downloaded: NC_H08_20200517_0500_L2ARP030_FLDK.02401_02401.nc
2025-12-19 10:47:12,128 - INFO - Cropped NC_H08_20200517_0500_L2ARP030_FLDK.02401_02401.nc to Malaysia Domain.
2025-12-19 10:47:15,007 - INFO - Downloaded: NC_H08_20200517_0600_L2ARP030_FLDK.02401_02401.nc
2025-12-19 10:47:15,081 - INFO - Cropped NC_H08_20200517_0600_L2ARP030_FLDK.02401_02401.nc to Malaysia Domain.
2025-12-19 10:47:19,079 - INFO - Downloaded: NC_H08_20200517_0700_L2ARP030_FLDK.02401_02401.nc
2025-12-19 10:47:19,152 - INFO - Cropped NC_H08_20200517_0700_L2ARP030_FLDK.02401_02401.nc to Malaysia Domain.
2025-12-19 10:47:27,048 - INFO - Downloaded: NC_H08_20200517_0800_L2ARP030_FLDK.02401_02401.nc
2025-12-19 10:47:27,122 - INFO - Cropped NC_H08_20200517_0800_L2ARP030_FLDK.02401_02401.nc to Malaysia Domain.
2025-12-19 10:47:31,297 - INFO - Downloaded: NC_H08_20200517_0900_L2ARP030_FLDK.02401_02401.nc
2025-12-19 10:47:31,368 - INFO - Cropped NC_H08_20200517_0900_L2ARP030_FLDK.02401_02401.nc to Malaysia Domain.
2025-12-19 10:47:40,052 - INFO - Downloaded: NC_H08_20200518_0000_L2ARP030_FLDK.02401_02401.nc
2025-12-19 10:47:40,132 - INFO - Cropped NC_H08_20200518_0000_L2ARP030_FLDK.02401_02401.nc to Malaysia Domain.
2025-12-19 10:47:44,770 - INFO - Downloaded: NC_H08_20200518_0100_L2ARP030_FLDK.02401_02401.nc
2025-12-19 10:47:44,853 - INFO - Cropped NC_H08_20200518_0100_L2ARP030_FLDK.02401_02401.nc to Malaysia Domain.
2025-12-19 10:48:22,729 - INFO - Downloaded: NC_H08_20200518_0200_L2ARP030_FLDK.02401_02401.nc
2025-12-19 10:48:22,814 - INFO - Cropped NC_H08_20200518_0200_L2ARP030_FLDK.02401_02401.nc to Malaysia Domain.
2025-12-19 10:49:02,389 - INFO - Downloaded: NC_H08_20200518_0300_L2ARP030_FLDK.02401_02401.nc
2025-12-19 10:49:02,470 - INFO - Cropped NC_H08_20200518_0300_L2ARP030_FLDK.02401_02401.nc to Malaysia Domain.
2025-12-19 10:49:12,480 - INFO - Downloaded: NC_H08_20200518_0400_L2ARP030_FLDK.02401_02401.nc
2025-12-19 10:49:12,554 - INFO - Cropped NC_H08_20200518_0400_L2ARP030_FLDK.02401_02401.nc to Malaysia Domain.
2025-12-19 10:49:18,740 - INFO - Downloaded: NC_H08_20200518_0500_L2ARP030_FLDK.02401_02401.nc
2025-12-19 10:49:18,812 - INFO - Cropped NC_H08_20200518_0500_L2ARP030_FLDK.02401_02401.nc to Malaysia Domain.
2025-12-19 10:49:22,433 - INFO - Downloaded: NC_H08_20200518_0600_L2ARP030_FLDK.02401_02401.nc
2025-12-19 10:49:22,510 - INFO - Cropped NC_H08_20200518_0600_L2ARP030_FLDK.02401_02401.nc to Malaysia Domain.
2025-12-19 10:49:43,242 - INFO - Downloaded: NC_H08_20200518_0700_L2ARP030_FLDK.02401_02401.nc
2025-12-19 10:49:43,314 - INFO - Cropped NC_H08_20200518_0700_L2ARP030_FLDK.02401_02401.nc to Malaysia Domain.
2025-12-19 10:50:02,995 - INFO - Downloaded: NC_H08_20200518_0800_L2ARP030_FLDK.02401_02401.nc
2025-12-19 10:50:03,068 - INFO - Cropped NC_H08_20200518_0800_L2ARP030_FLDK.02401_02401.nc to Malaysia Domain.
2025-12-19 10:50:10,608 - INFO - Downloaded: NC_H08_20200518_0900_L2ARP030_FLDK.02401_02401.nc
2025-12-19 10:50:10,675 - INFO - Cropped NC_H08_20200518_0900_L2ARP030_FLDK.02401_02401.nc to Malaysia Domain.
2025-12-19 10:50:21,001 - INFO - Downloaded: NC_H08_20200519_0000_L2ARP030_FLDK.02401_02401.nc
2025-12-19 10:50:21,087 - INFO - Cropped NC_H08_20200519_0000_L2ARP030_FLDK.02401_02401.nc to Malaysia Domain.
2025-12-19 10:50:28,465 - INFO - Downloaded: NC_H08_20200519_0100_L2ARP030_FLDK.02401_02401.nc
2025-12-19 10:50:28,563 - INFO - Cropped NC_H08_20200519_0100_L2ARP030_FLDK.02401_02401.nc to Malaysia Domain.
2025-12-19 10:50:32,633 - INFO - Downloaded: NC_H08_20200519_0200_L2ARP030_FLDK.02401_02401.nc
2025-12-19 10:50:32,730 - INFO - Cropped NC_H08_20200519_0200_L2ARP030_FLDK.02401_02401.nc to Malaysia Domain.
2025-12-19 10:50:38,109 - INFO - Downloaded: NC_H08_20200519_0300_L2ARP030_FLDK.02401_02401.nc
2025-12-19 10:50:38,208 - INFO - Cropped NC_H08_20200519_0300_L2ARP030_FLDK.02401_02401.nc to Malaysia Domain.
2025-12-19 10:50:43,209 - INFO - Downloaded: NC_H08_20200519_0400_L2ARP030_FLDK.02401_02401.nc
2025-12-19 10:50:43,290 - INFO - Cropped NC_H08_20200519_0400_L2ARP030_FLDK.02401_02401.nc to Malaysia Domain.
2025-12-19 10:50:47,608 - INFO - Downloaded: NC_H08_20200519_0500_L2ARP030_FLDK.02401_02401.nc
2025-12-19 10:50:47,685 - INFO - Cropped NC_H08_20200519_0500_L2ARP030_FLDK.02401_02401.nc to Malaysia Domain.
2025-12-19 10:51:18,200 - INFO - Downloaded: NC_H08_20200519_0600_L2ARP030_FLDK.02401_02401.nc
2025-12-19 10:51:18,274 - INFO - Cropped NC_H08_20200519_0600_L2ARP030_FLDK.02401_02401.nc to Malaysia Domain.
2025-12-19 10:51:23,999 - INFO - Downloaded: NC_H08_20200519_0700_L2ARP030_FLDK.02401_02401.nc
2025-12-19 10:51:24,072 - INFO - Cropped NC_H08_20200519_0700_L2ARP030_FLDK.02401_02401.nc to Malaysia Domain.
2025-12-19 10:51:28,064 - INFO - Downloaded: NC_H08_20200519_0800_L2ARP030_FLDK.02401_02401.nc
2025-12-19 10:51:28,139 - INFO - Cropped NC_H08_20200519_0800_L2ARP030_FLDK.02401_02401.nc to Malaysia Domain.
2025-12-19 10:51:39,610 - INFO - Downloaded: NC_H08_20200519_0900_L2ARP030_FLDK.02401_02401.nc
2025-12-19 10:51:39,685 - INFO - Cropped NC_H08_20200519_0900_L2ARP030_FLDK.02401_02401.nc to Malaysia Domain.
2025-12-19 10:51:46,232 - INFO - Downloaded: NC_H08_20200520_0000_L2ARP030_FLDK.02401_02401.nc
2025-12-19 10:51:46,310 - INFO - Cropped NC_H08_20200520_0000_L2ARP030_FLDK.02401_02401.nc to Malaysia Domain.
2025-12-19 10:51:49,897 - INFO - Downloaded: NC_H08_20200520_0100_L2ARP030_FLDK.02401_02401.nc
2025-12-19 10:51:49,988 - INFO - Cropped NC_H08_20200520_0100_L2ARP030_FLDK.02401_02401.nc to Malaysia Domain.
2025-12-19 10:51:53,146 - INFO - Downloaded: NC_H08_20200520_0200_L2ARP030_FLDK.02401_02401.nc
2025-12-19 10:51:53,241 - INFO - Cropped NC_H08_20200520_0200_L2ARP030_FLDK.02401_02401.nc to Malaysia Domain.
2025-12-19 10:51:57,325 - INFO - Downloaded: NC_H08_20200520_0300_L2ARP030_FLDK.02401_02401.nc
2025-12-19 10:51:57,415 - INFO - Cropped NC_H08_20200520_0300_L2ARP030_FLDK.02401_02401.nc to Malaysia Domain.
2025-12-19 10:52:01,248 - INFO - Downloaded: NC_H08_20200520_0400_L2ARP030_FLDK.02401_02401.nc
2025-12-19 10:52:01,324 - INFO - Cropped NC_H08_20200520_0400_L2ARP030_FLDK.02401_02401.nc to Malaysia Domain.
2025-12-19 10:52:12,336 - INFO - Downloaded: NC_H08_20200520_0500_L2ARP030_FLDK.02401_02401.nc
2025-12-19 10:52:12,409 - INFO - Cropped NC_H08_20200520_0500_L2ARP030_FLDK.02401_02401.nc to Malaysia Domain.
2025-12-19 10:52:17,330 - INFO - Downloaded: NC_H08_20200520_0600_L2ARP030_FLDK.02401_02401.nc
2025-12-19 10:52:17,395 - INFO - Cropped NC_H08_20200520_0600_L2ARP030_FLDK.02401_02401.nc to Malaysia Domain.
2025-12-19 10:52:21,476 - INFO - Downloaded: NC_H08_20200520_0700_L2ARP030_FLDK.02401_02401.nc
2025-12-19 10:52:21,543 - INFO - Cropped NC_H08_20200520_0700_L2ARP030_FLDK.02401_02401.nc to Malaysia Domain.
2025-12-19 10:52:24,311 - INFO - Downloaded: NC_H08_20200520_0800_L2ARP030_FLDK.02401_02401.nc
2025-12-19 10:52:24,379 - INFO - Cropped NC_H08_20200520_0800_L2ARP030_FLDK.02401_02401.nc to Malaysia Domain.
2025-12-19 10:52:26,912 - INFO - Downloaded: NC_H08_20200520_0900_L2ARP030_FLDK.02401_02401.nc
2025-12-19 10:52:26,977 - INFO - Cropped NC_H08_20200520_0900_L2ARP030_FLDK.02401_02401.nc to Malaysia Domain.
2025-12-19 10:52:30,598 - INFO - Downloaded: NC_H08_20200521_0000_L2ARP030_FLDK.02401_02401.nc
2025-12-19 10:52:30,679 - INFO - Cropped NC_H08_20200521_0000_L2ARP030_FLDK.02401_02401.nc to Malaysia Domain.
2025-12-19 10:52:33,890 - INFO - Downloaded: NC_H08_20200521_0100_L2ARP030_FLDK.02401_02401.nc
2025-12-19 10:52:33,980 - INFO - Cropped NC_H08_20200521_0100_L2ARP030_FLDK.02401_02401.nc to Malaysia Domain.
2025-12-19 10:52:34,658 - INFO - No minute 00 files found in /pub/himawari/L2/ARP/030/202005/21/02/
2025-12-19 10:52:38,398 - INFO - Downloaded: NC_H08_20200521_0300_L2ARP030_FLDK.02401_02401.nc
2025-12-19 10:52:38,491 - INFO - Cropped NC_H08_20200521_0300_L2ARP030_FLDK.02401_02401.nc to Malaysia Domain.
2025-12-19 10:52:41,411 - INFO - Downloaded: NC_H08_20200521_0400_L2ARP030_FLDK.02401_02401.nc
2025-12-19 10:52:41,488 - INFO - Cropped NC_H08_20200521_0400_L2ARP030_FLDK.02401_02401.nc to Malaysia Domain.
2025-12-19 10:52:44,746 - INFO - Downloaded: NC_H08_20200521_0500_L2ARP030_FLDK.02401_02401.nc
2025-12-19 10:52:44,822 - INFO - Cropped NC_H08_20200521_0500_L2ARP030_FLDK.02401_02401.nc to Malaysia Domain.
2025-12-19 10:52:48,179 - INFO - Downloaded: NC_H08_20200521_0600_L2ARP030_FLDK.02401_02401.nc
2025-12-19 10:52:48,248 - INFO - Cropped NC_H08_20200521_0600_L2ARP030_FLDK.02401_02401.nc to Malaysia Domain.
2025-12-19 10:52:59,430 - INFO - Downloaded: NC_H08_20200521_0700_L2ARP030_FLDK.02401_02401.nc
2025-12-19 10:52:59,497 - INFO - Cropped NC_H08_20200521_0700_L2ARP030_FLDK.02401_02401.nc to Malaysia Domain.
2025-12-19 10:53:07,043 - INFO - Downloaded: NC_H08_20200521_0800_L2ARP030_FLDK.02401_02401.nc
2025-12-19 10:53:07,109 - INFO - Cropped NC_H08_20200521_0800_L2ARP030_FLDK.02401_02401.nc to Malaysia Domain.
2025-12-19 10:53:11,085 - INFO - Downloaded: NC_H08_20200521_0900_L2ARP030_FLDK.02401_02401.nc
2025-12-19 10:53:11,151 - INFO - Cropped NC_H08_20200521_0900_L2ARP030_FLDK.02401_02401.nc to Malaysia Domain.
2025-12-19 10:53:36,295 - INFO - Downloaded: NC_H08_20200522_0000_L2ARP030_FLDK.02401_02401.nc
2025-12-19 10:53:36,365 - INFO - Cropped NC_H08_20200522_0000_L2ARP030_FLDK.02401_02401.nc to Malaysia Domain.
2025-12-19 10:53:46,506 - INFO - Downloaded: NC_H08_20200522_0100_L2ARP030_FLDK.02401_02401.nc
2025-12-19 10:53:46,581 - INFO - Cropped NC_H08_20200522_0100_L2ARP030_FLDK.02401_02401.nc to Malaysia Domain.
2025-12-19 10:54:16,080 - INFO - Downloaded: NC_H08_20200522_0200_L2ARP030_FLDK.02401_02401.nc
2025-12-19 10:54:16,154 - INFO - Cropped NC_H08_20200522_0200_L2ARP030_FLDK.02401_02401.nc to Malaysia Domain.
2025-12-19 10:54:26,278 - INFO - Downloaded: NC_H08_20200522_0300_L2ARP030_FLDK.02401_02401.nc
2025-12-19 10:54:26,349 - INFO - Cropped NC_H08_20200522_0300_L2ARP030_FLDK.02401_02401.nc to Malaysia Domain.
2025-12-19 10:54:32,644 - INFO - Downloaded: NC_H08_20200522_0400_L2ARP030_FLDK.02401_02401.nc
2025-12-19 10:54:32,711 - INFO - Cropped NC_H08_20200522_0400_L2ARP030_FLDK.02401_02401.nc to Malaysia Domain.
2025-12-19 10:54:50,637 - INFO - Downloaded: NC_H08_20200522_0500_L2ARP030_FLDK.02401_02401.nc
2025-12-19 10:54:50,702 - INFO - Cropped NC_H08_20200522_0500_L2ARP030_FLDK.02401_02401.nc to Malaysia Domain.
2025-12-19 10:54:56,598 - INFO - Downloaded: NC_H08_20200522_0600_L2ARP030_FLDK.02401_02401.nc
2025-12-19 10:54:56,662 - INFO - Cropped NC_H08_20200522_0600_L2ARP030_FLDK.02401_02401.nc to Malaysia Domain.
2025-12-19 10:55:12,166 - INFO - Downloaded: NC_H08_20200522_0700_L2ARP030_FLDK.02401_02401.nc
2025-12-19 10:55:12,232 - INFO - Cropped NC_H08_20200522_0700_L2ARP030_FLDK.02401_02401.nc to Malaysia Domain.
2025-12-19 10:55:19,646 - INFO - Downloaded: NC_H08_20200522_0800_L2ARP030_FLDK.02401_02401.nc
2025-12-19 10:55:19,707 - INFO - Cropped NC_H08_20200522_0800_L2ARP030_FLDK.02401_02401.nc to Malaysia Domain.
2025-12-19 10:55:25,965 - INFO - Downloaded: NC_H08_20200522_0900_L2ARP030_FLDK.02401_02401.nc
2025-12-19 10:55:26,025 - INFO - Cropped NC_H08_20200522_0900_L2ARP030_FLDK.02401_02401.nc to Malaysia Domain.
2025-12-19 10:55:31,293 - INFO - Downloaded: NC_H08_20200523_0000_L2ARP030_FLDK.02401_02401.nc
2025-12-19 10:55:31,362 - INFO - Cropped NC_H08_20200523_0000_L2ARP030_FLDK.02401_02401.nc to Malaysia Domain.
2025-12-19 10:55:54,068 - INFO - Downloaded: NC_H08_20200523_0100_L2ARP030_FLDK.02401_02401.nc
2025-12-19 10:55:54,142 - INFO - Cropped NC_H08_20200523_0100_L2ARP030_FLDK.02401_02401.nc to Malaysia Domain.
2025-12-19 10:56:04,475 - INFO - Downloaded: NC_H08_20200523_0200_L2ARP030_FLDK.02401_02401.nc
2025-12-19 10:56:04,554 - INFO - Cropped NC_H08_20200523_0200_L2ARP030_FLDK.02401_02401.nc to Malaysia Domain.
2025-12-19 10:56:11,332 - INFO - Downloaded: NC_H08_20200523_0300_L2ARP030_FLDK.02401_02401.nc
2025-12-19 10:56:11,410 - INFO - Cropped NC_H08_20200523_0300_L2ARP030_FLDK.02401_02401.nc to Malaysia Domain.
2025-12-19 10:56:17,934 - INFO - Downloaded: NC_H08_20200523_0400_L2ARP030_FLDK.02401_02401.nc
2025-12-19 10:56:18,010 - INFO - Cropped NC_H08_20200523_0400_L2ARP030_FLDK.02401_02401.nc to Malaysia Domain.
2025-12-19 10:56:21,945 - INFO - Downloaded: NC_H08_20200523_0500_L2ARP030_FLDK.02401_02401.nc
2025-12-19 10:56:22,018 - INFO - Cropped NC_H08_20200523_0500_L2ARP030_FLDK.02401_02401.nc to Malaysia Domain.
2025-12-19 10:56:41,449 - INFO - Downloaded: NC_H08_20200523_0600_L2ARP030_FLDK.02401_02401.nc
2025-12-19 10:56:41,522 - INFO - Cropped NC_H08_20200523_0600_L2ARP030_FLDK.02401_02401.nc to Malaysia Domain.
2025-12-19 10:56:50,441 - INFO - Downloaded: NC_H08_20200523_0700_L2ARP030_FLDK.02401_02401.nc
2025-12-19 10:56:50,513 - INFO - Cropped NC_H08_20200523_0700_L2ARP030_FLDK.02401_02401.nc to Malaysia Domain.
2025-12-19 10:56:56,144 - INFO - Downloaded: NC_H08_20200523_0800_L2ARP030_FLDK.02401_02401.nc
2025-12-19 10:56:56,209 - INFO - Cropped NC_H08_20200523_0800_L2ARP030_FLDK.02401_02401.nc to Malaysia Domain.
2025-12-19 10:57:01,054 - INFO - Downloaded: NC_H08_20200523_0900_L2ARP030_FLDK.02401_02401.nc
2025-12-19 10:57:01,117 - INFO - Cropped NC_H08_20200523_0900_L2ARP030_FLDK.02401_02401.nc to Malaysia Domain.
2025-12-19 10:57:05,863 - INFO - Downloaded: NC_H08_20200524_0000_L2ARP030_FLDK.02401_02401.nc
2025-12-19 10:57:05,941 - INFO - Cropped NC_H08_20200524_0000_L2ARP030_FLDK.02401_02401.nc to Malaysia Domain.
2025-12-19 10:57:10,485 - INFO - Downloaded: NC_H08_20200524_0100_L2ARP030_FLDK.02401_02401.nc
2025-12-19 10:57:10,568 - INFO - Cropped NC_H08_20200524_0100_L2ARP030_FLDK.02401_02401.nc to Malaysia Domain.
2025-12-19 10:57:21,069 - INFO - Downloaded: NC_H08_20200524_0200_L2ARP030_FLDK.02401_02401.nc
2025-12-19 10:57:21,148 - INFO - Cropped NC_H08_20200524_0200_L2ARP030_FLDK.02401_02401.nc to Malaysia Domain.
2025-12-19 10:57:55,282 - INFO - Downloaded: NC_H08_20200524_0300_L2ARP030_FLDK.02401_02401.nc
2025-12-19 10:57:55,359 - INFO - Cropped NC_H08_20200524_0300_L2ARP030_FLDK.02401_02401.nc to Malaysia Domain.
2025-12-19 10:58:37,001 - INFO - Downloaded: NC_H08_20200524_0400_L2ARP030_FLDK.02401_02401.nc
2025-12-19 10:58:37,073 - INFO - Cropped NC_H08_20200524_0400_L2ARP030_FLDK.02401_02401.nc to Malaysia Domain.
2025-12-19 10:58:43,551 - INFO - Downloaded: NC_H08_20200524_0500_L2ARP030_FLDK.02401_02401.nc
2025-12-19 10:58:43,621 - INFO - Cropped NC_H08_20200524_0500_L2ARP030_FLDK.02401_02401.nc to Malaysia Domain.
2025-12-19 10:58:48,107 - INFO - Downloaded: NC_H08_20200524_0600_L2ARP030_FLDK.02401_02401.nc
2025-12-19 10:58:48,177 - INFO - Cropped NC_H08_20200524_0600_L2ARP030_FLDK.02401_02401.nc to Malaysia Domain.
2025-12-19 10:59:12,084 - INFO - Downloaded: NC_H08_20200524_0700_L2ARP030_FLDK.02401_02401.nc
2025-12-19 10:59:12,154 - INFO - Cropped NC_H08_20200524_0700_L2ARP030_FLDK.02401_02401.nc to Malaysia Domain.
2025-12-19 10:59:20,055 - INFO - Downloaded: NC_H08_20200524_0800_L2ARP030_FLDK.02401_02401.nc
2025-12-19 10:59:20,126 - INFO - Cropped NC_H08_20200524_0800_L2ARP030_FLDK.02401_02401.nc to Malaysia Domain.
2025-12-19 10:59:35,420 - INFO - Downloaded: NC_H08_20200524_0900_L2ARP030_FLDK.02401_02401.nc
2025-12-19 10:59:35,482 - INFO - Cropped NC_H08_20200524_0900_L2ARP030_FLDK.02401_02401.nc to Malaysia Domain.
2025-12-19 10:59:45,717 - INFO - Downloaded: NC_H08_20200525_0000_L2ARP030_FLDK.02401_02401.nc
2025-12-19 10:59:45,791 - INFO - Cropped NC_H08_20200525_0000_L2ARP030_FLDK.02401_02401.nc to Malaysia Domain.
2025-12-19 10:59:53,176 - INFO - Downloaded: NC_H08_20200525_0100_L2ARP030_FLDK.02401_02401.nc
2025-12-19 10:59:53,268 - INFO - Cropped NC_H08_20200525_0100_L2ARP030_FLDK.02401_02401.nc to Malaysia Domain.
2025-12-19 11:00:30,273 - INFO - Downloaded: NC_H08_20200525_0200_L2ARP030_FLDK.02401_02401.nc
2025-12-19 11:00:30,367 - INFO - Cropped NC_H08_20200525_0200_L2ARP030_FLDK.02401_02401.nc to Malaysia Domain.
2025-12-19 11:00:37,153 - INFO - Downloaded: NC_H08_20200525_0300_L2ARP030_FLDK.02401_02401.nc
2025-12-19 11:00:37,249 - INFO - Cropped NC_H08_20200525_0300_L2ARP030_FLDK.02401_02401.nc to Malaysia Domain.
2025-12-19 11:00:41,621 - INFO - Downloaded: NC_H08_20200525_0400_L2ARP030_FLDK.02401_02401.nc
2025-12-19 11:00:41,712 - INFO - Cropped NC_H08_20200525_0400_L2ARP030_FLDK.02401_02401.nc to Malaysia Domain.
2025-12-19 11:00:45,855 - INFO - Downloaded: NC_H08_20200525_0500_L2ARP030_FLDK.02401_02401.nc
2025-12-19 11:00:45,948 - INFO - Cropped NC_H08_20200525_0500_L2ARP030_FLDK.02401_02401.nc to Malaysia Domain.
2025-12-19 11:00:48,945 - INFO - Downloaded: NC_H08_20200525_0600_L2ARP030_FLDK.02401_02401.nc
2025-12-19 11:00:49,023 - INFO - Cropped NC_H08_20200525_0600_L2ARP030_FLDK.02401_02401.nc to Malaysia Domain.
2025-12-19 11:00:52,301 - INFO - Downloaded: NC_H08_20200525_0700_L2ARP030_FLDK.02401_02401.nc
2025-12-19 11:00:52,377 - INFO - Cropped NC_H08_20200525_0700_L2ARP030_FLDK.02401_02401.nc to Malaysia Domain.
2025-12-19 11:01:09,003 - INFO - Downloaded: NC_H08_20200525_0800_L2ARP030_FLDK.02401_02401.nc
2025-12-19 11:01:09,079 - INFO - Cropped NC_H08_20200525_0800_L2ARP030_FLDK.02401_02401.nc to Malaysia Domain.
2025-12-19 11:01:14,107 - INFO - Downloaded: NC_H08_20200525_0900_L2ARP030_FLDK.02401_02401.nc
2025-12-19 11:01:14,179 - INFO - Cropped NC_H08_20200525_0900_L2ARP030_FLDK.02401_02401.nc to Malaysia Domain.
2025-12-19 11:01:23,465 - INFO - Downloaded: NC_H08_20200526_0000_L2ARP030_FLDK.02401_02401.nc
2025-12-19 11:01:23,564 - INFO - Cropped NC_H08_20200526_0000_L2ARP030_FLDK.02401_02401.nc to Malaysia Domain.
2025-12-19 11:02:06,053 - INFO - Downloaded: NC_H08_20200526_0100_L2ARP030_FLDK.02401_02401.nc
2025-12-19 11:02:06,163 - INFO - Cropped NC_H08_20200526_0100_L2ARP030_FLDK.02401_02401.nc to Malaysia Domain.
2025-12-19 11:02:41,852 - INFO - Downloaded: NC_H08_20200526_0200_L2ARP030_FLDK.02401_02401.nc
2025-12-19 11:02:41,966 - INFO - Cropped NC_H08_20200526_0200_L2ARP030_FLDK.02401_02401.nc to Malaysia Domain.
2025-12-19 11:02:48,988 - INFO - Downloaded: NC_H08_20200526_0300_L2ARP030_FLDK.02401_02401.nc
2025-12-19 11:02:49,102 - INFO - Cropped NC_H08_20200526_0300_L2ARP030_FLDK.02401_02401.nc to Malaysia Domain.
2025-12-19 11:02:53,866 - INFO - Downloaded: NC_H08_20200526_0400_L2ARP030_FLDK.02401_02401.nc
2025-12-19 11:02:53,962 - INFO - Cropped NC_H08_20200526_0400_L2ARP030_FLDK.02401_02401.nc to Malaysia Domain.
2025-12-19 11:02:58,236 - INFO - Downloaded: NC_H08_20200526_0500_L2ARP030_FLDK.02401_02401.nc
2025-12-19 11:02:58,323 - INFO - Cropped NC_H08_20200526_0500_L2ARP030_FLDK.02401_02401.nc to Malaysia Domain.
2025-12-19 11:03:01,431 - INFO - Downloaded: NC_H08_20200526_0600_L2ARP030_FLDK.02401_02401.nc
2025-12-19 11:03:01,511 - INFO - Cropped NC_H08_20200526_0600_L2ARP030_FLDK.02401_02401.nc to Malaysia Domain.
2025-12-19 11:03:04,876 - INFO - Downloaded: NC_H08_20200526_0700_L2ARP030_FLDK.02401_02401.nc
2025-12-19 11:03:04,951 - INFO - Cropped NC_H08_20200526_0700_L2ARP030_FLDK.02401_02401.nc to Malaysia Domain.
2025-12-19 11:03:22,488 - INFO - Downloaded: NC_H08_20200526_0800_L2ARP030_FLDK.02401_02401.nc
2025-12-19 11:03:22,568 - INFO - Cropped NC_H08_20200526_0800_L2ARP030_FLDK.02401_02401.nc to Malaysia Domain.
2025-12-19 11:03:37,134 - INFO - Downloaded: NC_H08_20200526_0900_L2ARP030_FLDK.02401_02401.nc
2025-12-19 11:03:37,213 - INFO - Cropped NC_H08_20200526_0900_L2ARP030_FLDK.02401_02401.nc to Malaysia Domain.
2025-12-19 11:03:47,344 - INFO - Downloaded: NC_H08_20200527_0000_L2ARP030_FLDK.02401_02401.nc
2025-12-19 11:03:47,430 - INFO - Cropped NC_H08_20200527_0000_L2ARP030_FLDK.02401_02401.nc to Malaysia Domain.
2025-12-19 11:03:54,651 - INFO - Downloaded: NC_H08_20200527_0100_L2ARP030_FLDK.02401_02401.nc
2025-12-19 11:03:54,751 - INFO - Cropped NC_H08_20200527_0100_L2ARP030_FLDK.02401_02401.nc to Malaysia Domain.
2025-12-19 11:04:30,528 - INFO - Downloaded: NC_H08_20200527_0200_L2ARP030_FLDK.02401_02401.nc
2025-12-19 11:04:30,622 - INFO - Cropped NC_H08_20200527_0200_L2ARP030_FLDK.02401_02401.nc to Malaysia Domain.
2025-12-19 11:04:41,167 - INFO - Downloaded: NC_H08_20200527_0300_L2ARP030_FLDK.02401_02401.nc
2025-12-19 11:04:41,259 - INFO - Cropped NC_H08_20200527_0300_L2ARP030_FLDK.02401_02401.nc to Malaysia Domain.
2025-12-19 11:04:47,583 - INFO - Downloaded: NC_H08_20200527_0400_L2ARP030_FLDK.02401_02401.nc
2025-12-19 11:04:47,663 - INFO - Cropped NC_H08_20200527_0400_L2ARP030_FLDK.02401_02401.nc to Malaysia Domain.
2025-12-19 11:04:51,494 - INFO - Downloaded: NC_H08_20200527_0500_L2ARP030_FLDK.02401_02401.nc
2025-12-19 11:04:51,568 - INFO - Cropped NC_H08_20200527_0500_L2ARP030_FLDK.02401_02401.nc to Malaysia Domain.
2025-12-19 11:04:55,436 - INFO - Downloaded: NC_H08_20200527_0600_L2ARP030_FLDK.02401_02401.nc
2025-12-19 11:04:55,510 - INFO - Cropped NC_H08_20200527_0600_L2ARP030_FLDK.02401_02401.nc to Malaysia Domain.
2025-12-19 11:04:59,046 - INFO - Downloaded: NC_H08_20200527_0700_L2ARP030_FLDK.02401_02401.nc
2025-12-19 11:04:59,118 - INFO - Cropped NC_H08_20200527_0700_L2ARP030_FLDK.02401_02401.nc to Malaysia Domain.
2025-12-19 11:05:08,210 - INFO - Downloaded: NC_H08_20200527_0800_L2ARP030_FLDK.02401_02401.nc
2025-12-19 11:05:08,282 - INFO - Cropped NC_H08_20200527_0800_L2ARP030_FLDK.02401_02401.nc to Malaysia Domain.
2025-12-19 11:05:15,307 - INFO - Downloaded: NC_H08_20200527_0900_L2ARP030_FLDK.02401_02401.nc
2025-12-19 11:05:15,374 - INFO - Cropped NC_H08_20200527_0900_L2ARP030_FLDK.02401_02401.nc to Malaysia Domain.
2025-12-19 11:05:21,189 - INFO - Downloaded: NC_H08_20200528_0000_L2ARP030_FLDK.02401_02401.nc
2025-12-19 11:05:21,265 - INFO - Cropped NC_H08_20200528_0000_L2ARP030_FLDK.02401_02401.nc to Malaysia Domain.
2025-12-19 11:05:24,922 - INFO - Downloaded: NC_H08_20200528_0100_L2ARP030_FLDK.02401_02401.nc
2025-12-19 11:05:25,008 - INFO - Cropped NC_H08_20200528_0100_L2ARP030_FLDK.02401_02401.nc to Malaysia Domain.
2025-12-19 11:05:29,170 - INFO - Downloaded: NC_H08_20200528_0200_L2ARP030_FLDK.02401_02401.nc
2025-12-19 11:05:29,259 - INFO - Cropped NC_H08_20200528_0200_L2ARP030_FLDK.02401_02401.nc to Malaysia Domain.
2025-12-19 11:05:32,506 - INFO - Downloaded: NC_H08_20200528_0300_L2ARP030_FLDK.02401_02401.nc
2025-12-19 11:05:32,597 - INFO - Cropped NC_H08_20200528_0300_L2ARP030_FLDK.02401_02401.nc to Malaysia Domain.
2025-12-19 11:05:36,192 - INFO - Downloaded: NC_H08_20200528_0400_L2ARP030_FLDK.02401_02401.nc
2025-12-19 11:05:36,273 - INFO - Cropped NC_H08_20200528_0400_L2ARP030_FLDK.02401_02401.nc to Malaysia Domain.
2025-12-19 11:06:16,399 - INFO - Downloaded: NC_H08_20200528_0500_L2ARP030_FLDK.02401_02401.nc
2025-12-19 11:06:16,478 - INFO - Cropped NC_H08_20200528_0500_L2ARP030_FLDK.02401_02401.nc to Malaysia Domain.
2025-12-19 11:07:02,275 - INFO - Downloaded: NC_H08_20200528_0600_L2ARP030_FLDK.02401_02401.nc
2025-12-19 11:07:02,353 - INFO - Cropped NC_H08_20200528_0600_L2ARP030_FLDK.02401_02401.nc to Malaysia Domain.
2025-12-19 11:07:34,947 - INFO - Downloaded: NC_H08_20200528_0700_L2ARP030_FLDK.02401_02401.nc
2025-12-19 11:07:35,021 - INFO - Cropped NC_H08_20200528_0700_L2ARP030_FLDK.02401_02401.nc to Malaysia Domain.
2025-12-19 11:07:40,739 - INFO - Downloaded: NC_H08_20200528_0800_L2ARP030_FLDK.02401_02401.nc
2025-12-19 11:07:40,810 - INFO - Cropped NC_H08_20200528_0800_L2ARP030_FLDK.02401_02401.nc to Malaysia Domain.
2025-12-19 11:07:43,730 - INFO - Downloaded: NC_H08_20200528_0900_L2ARP030_FLDK.02401_02401.nc
2025-12-19 11:07:43,809 - INFO - Cropped NC_H08_20200528_0900_L2ARP030_FLDK.02401_02401.nc to Malaysia Domain.
2025-12-19 11:07:48,061 - INFO - Downloaded: NC_H08_20200529_0000_L2ARP030_FLDK.02401_02401.nc
2025-12-19 11:07:48,154 - INFO - Cropped NC_H08_20200529_0000_L2ARP030_FLDK.02401_02401.nc to Malaysia Domain.
2025-12-19 11:07:52,868 - INFO - Downloaded: NC_H08_20200529_0100_L2ARP030_FLDK.02401_02401.nc
2025-12-19 11:07:52,971 - INFO - Cropped NC_H08_20200529_0100_L2ARP030_FLDK.02401_02401.nc to Malaysia Domain.
2025-12-19 11:07:57,682 - INFO - Downloaded: NC_H08_20200529_0200_L2ARP030_FLDK.02401_02401.nc
2025-12-19 11:07:57,785 - INFO - Cropped NC_H08_20200529_0200_L2ARP030_FLDK.02401_02401.nc to Malaysia Domain.
2025-12-19 11:08:02,545 - INFO - Downloaded: NC_H08_20200529_0300_L2ARP030_FLDK.02401_02401.nc
2025-12-19 11:08:02,641 - INFO - Cropped NC_H08_20200529_0300_L2ARP030_FLDK.02401_02401.nc to Malaysia Domain.
2025-12-19 11:08:05,946 - INFO - Downloaded: NC_H08_20200529_0400_L2ARP030_FLDK.02401_02401.nc
2025-12-19 11:08:06,030 - INFO - Cropped NC_H08_20200529_0400_L2ARP030_FLDK.02401_02401.nc to Malaysia Domain.
2025-12-19 11:08:08,991 - INFO - Downloaded: NC_H08_20200529_0500_L2ARP030_FLDK.02401_02401.nc
2025-12-19 11:08:09,067 - INFO - Cropped NC_H08_20200529_0500_L2ARP030_FLDK.02401_02401.nc to Malaysia Domain.
2025-12-19 11:08:12,357 - INFO - Downloaded: NC_H08_20200529_0600_L2ARP030_FLDK.02401_02401.nc
2025-12-19 11:08:12,430 - INFO - Cropped NC_H08_20200529_0600_L2ARP030_FLDK.02401_02401.nc to Malaysia Domain.
2025-12-19 11:08:32,912 - INFO - Downloaded: NC_H08_20200529_0700_L2ARP030_FLDK.02401_02401.nc
2025-12-19 11:08:32,984 - INFO - Cropped NC_H08_20200529_0700_L2ARP030_FLDK.02401_02401.nc to Malaysia Domain.
2025-12-19 11:08:38,427 - INFO - Downloaded: NC_H08_20200529_0800_L2ARP030_FLDK.02401_02401.nc
2025-12-19 11:08:38,498 - INFO - Cropped NC_H08_20200529_0800_L2ARP030_FLDK.02401_02401.nc to Malaysia Domain.
2025-12-19 11:08:41,382 - INFO - Downloaded: NC_H08_20200529_0900_L2ARP030_FLDK.02401_02401.nc
2025-12-19 11:08:41,450 - INFO - Cropped NC_H08_20200529_0900_L2ARP030_FLDK.02401_02401.nc to Malaysia Domain.
2025-12-19 11:09:29,764 - INFO - Downloaded: NC_H08_20200530_0000_L2ARP030_FLDK.02401_02401.nc
2025-12-19 11:09:29,856 - INFO - Cropped NC_H08_20200530_0000_L2ARP030_FLDK.02401_02401.nc to Malaysia Domain.
2025-12-19 11:09:40,902 - INFO - Downloaded: NC_H08_20200530_0100_L2ARP030_FLDK.02401_02401.nc
2025-12-19 11:09:41,005 - INFO - Cropped NC_H08_20200530_0100_L2ARP030_FLDK.02401_02401.nc to Malaysia Domain.
2025-12-19 11:09:45,040 - INFO - Downloaded: NC_H08_20200530_0200_L2ARP030_FLDK.02401_02401.nc
2025-12-19 11:09:45,140 - INFO - Cropped NC_H08_20200530_0200_L2ARP030_FLDK.02401_02401.nc to Malaysia Domain.
2025-12-19 11:09:48,513 - INFO - Downloaded: NC_H08_20200530_0300_L2ARP030_FLDK.02401_02401.nc
2025-12-19 11:09:48,609 - INFO - Cropped NC_H08_20200530_0300_L2ARP030_FLDK.02401_02401.nc to Malaysia Domain.
2025-12-19 11:09:51,614 - INFO - Downloaded: NC_H08_20200530_0400_L2ARP030_FLDK.02401_02401.nc
2025-12-19 11:09:51,694 - INFO - Cropped NC_H08_20200530_0400_L2ARP030_FLDK.02401_02401.nc to Malaysia Domain.
2025-12-19 11:09:54,535 - INFO - Downloaded: NC_H08_20200530_0500_L2ARP030_FLDK.02401_02401.nc
2025-12-19 11:09:54,613 - INFO - Cropped NC_H08_20200530_0500_L2ARP030_FLDK.02401_02401.nc to Malaysia Domain.
2025-12-19 11:09:57,738 - INFO - Downloaded: NC_H08_20200530_0600_L2ARP030_FLDK.02401_02401.nc
2025-12-19 11:09:57,814 - INFO - Cropped NC_H08_20200530_0600_L2ARP030_FLDK.02401_02401.nc to Malaysia Domain.
2025-12-19 11:10:00,636 - INFO - Downloaded: NC_H08_20200530_0700_L2ARP030_FLDK.02401_02401.nc
2025-12-19 11:10:00,708 - INFO - Cropped NC_H08_20200530_0700_L2ARP030_FLDK.02401_02401.nc to Malaysia Domain.
2025-12-19 11:10:03,016 - INFO - Downloaded: NC_H08_20200530_0800_L2ARP030_FLDK.02401_02401.nc
2025-12-19 11:10:03,089 - INFO - Cropped NC_H08_20200530_0800_L2ARP030_FLDK.02401_02401.nc to Malaysia Domain.
2025-12-19 11:10:05,410 - INFO - Downloaded: NC_H08_20200530_0900_L2ARP030_FLDK.02401_02401.nc
2025-12-19 11:10:05,477 - INFO - Cropped NC_H08_20200530_0900_L2ARP030_FLDK.02401_02401.nc to Malaysia Domain.
2025-12-19 11:10:45,177 - INFO - Downloaded: NC_H08_20200531_0000_L2ARP030_FLDK.02401_02401.nc
2025-12-19 11:10:45,272 - INFO - Cropped NC_H08_20200531_0000_L2ARP030_FLDK.02401_02401.nc to Malaysia Domain.
2025-12-19 11:10:55,988 - INFO - Downloaded: NC_H08_20200531_0100_L2ARP030_FLDK.02401_02401.nc
2025-12-19 11:10:56,107 - INFO - Cropped NC_H08_20200531_0100_L2ARP030_FLDK.02401_02401.nc to Malaysia Domain.
2025-12-19 11:11:03,328 - INFO - Downloaded: NC_H08_20200531_0200_L2ARP030_FLDK.02401_02401.nc
2025-12-19 11:11:03,449 - INFO - Cropped NC_H08_20200531_0200_L2ARP030_FLDK.02401_02401.nc to Malaysia Domain.
2025-12-19 11:11:34,764 - INFO - Downloaded: NC_H08_20200531_0300_L2ARP030_FLDK.02401_02401.nc
2025-12-19 11:11:34,877 - INFO - Cropped NC_H08_20200531_0300_L2ARP030_FLDK.02401_02401.nc to Malaysia Domain.
2025-12-19 11:11:45,229 - INFO - Downloaded: NC_H08_20200531_0400_L2ARP030_FLDK.02401_02401.nc
2025-12-19 11:11:45,331 - INFO - Cropped NC_H08_20200531_0400_L2ARP030_FLDK.02401_02401.nc to Malaysia Domain.
2025-12-19 11:11:51,655 - INFO - Downloaded: NC_H08_20200531_0500_L2ARP030_FLDK.02401_02401.nc
2025-12-19 11:11:51,751 - INFO - Cropped NC_H08_20200531_0500_L2ARP030_FLDK.02401_02401.nc to Malaysia Domain.
2025-12-19 11:11:57,627 - INFO - Downloaded: NC_H08_20200531_0600_L2ARP030_FLDK.02401_02401.nc
2025-12-19 11:11:57,715 - INFO - Cropped NC_H08_20200531_0600_L2ARP030_FLDK.02401_02401.nc to Malaysia Domain.
2025-12-19 11:12:01,146 - INFO - Downloaded: NC_H08_20200531_0700_L2ARP030_FLDK.02401_02401.nc
2025-12-19 11:12:01,232 - INFO - Cropped NC_H08_20200531_0700_L2ARP030_FLDK.02401_02401.nc to Malaysia Domain.
2025-12-19 11:12:10,844 - INFO - Downloaded: NC_H08_20200531_0800_L2ARP030_FLDK.02401_02401.nc
2025-12-19 11:12:10,928 - INFO - Cropped NC_H08_20200531_0800_L2ARP030_FLDK.02401_02401.nc to Malaysia Domain.
2025-12-19 11:12:17,563 - INFO - Downloaded: NC_H08_20200531_0900_L2ARP030_FLDK.02401_02401.nc
2025-12-19 11:12:17,644 - INFO - Cropped NC_H08_20200531_0900_L2ARP030_FLDK.02401_02401.nc to Malaysia Domain.
2025-12-19 11:12:23,575 - INFO - Downloaded: NC_H08_20200601_0000_L2ARP030_FLDK.02401_02401.nc
2025-12-19 11:12:23,662 - INFO - Cropped NC_H08_20200601_0000_L2ARP030_FLDK.02401_02401.nc to Malaysia Domain.
2025-12-19 11:12:28,752 - INFO - Downloaded: NC_H08_20200601_0100_L2ARP030_FLDK.02401_02401.nc
2025-12-19 11:12:28,842 - INFO - Cropped NC_H08_20200601_0100_L2ARP030_FLDK.02401_02401.nc to Malaysia Domain.
2025-12-19 11:12:32,458 - INFO - Downloaded: NC_H08_20200601_0200_L2ARP030_FLDK.02401_02401.nc
2025-12-19 11:12:32,553 - INFO - Cropped NC_H08_20200601_0200_L2ARP030_FLDK.02401_02401.nc to Malaysia Domain.
2025-12-19 11:13:16,737 - INFO - Downloaded: NC_H08_20200601_0300_L2ARP030_FLDK.02401_02401.nc
2025-12-19 11:13:16,822 - INFO - Cropped NC_H08_20200601_0300_L2ARP030_FLDK.02401_02401.nc to Malaysia Domain.
2025-12-19 11:13:56,977 - INFO - Downloaded: NC_H08_20200601_0400_L2ARP030_FLDK.02401_02401.nc
2025-12-19 11:13:57,054 - INFO - Cropped NC_H08_20200601_0400_L2ARP030_FLDK.02401_02401.nc to Malaysia Domain.
2025-12-19 11:14:33,705 - INFO - Downloaded: NC_H08_20200601_0500_L2ARP030_FLDK.02401_02401.nc
2025-12-19 11:14:33,784 - INFO - Cropped NC_H08_20200601_0500_L2ARP030_FLDK.02401_02401.nc to Malaysia Domain.
2025-12-19 11:15:05,549 - INFO - Downloaded: NC_H08_20200601_0600_L2ARP030_FLDK.02401_02401.nc
2025-12-19 11:15:05,622 - INFO - Cropped NC_H08_20200601_0600_L2ARP030_FLDK.02401_02401.nc to Malaysia Domain.
2025-12-19 11:15:14,841 - INFO - Downloaded: NC_H08_20200601_0700_L2ARP030_FLDK.02401_02401.nc
2025-12-19 11:15:14,914 - INFO - Cropped NC_H08_20200601_0700_L2ARP030_FLDK.02401_02401.nc to Malaysia Domain.
2025-12-19 11:15:20,673 - INFO - Downloaded: NC_H08_20200601_0800_L2ARP030_FLDK.02401_02401.nc
2025-12-19 11:15:20,742 - INFO - Cropped NC_H08_20200601_0800_L2ARP030_FLDK.02401_02401.nc to Malaysia Domain.
2025-12-19 11:15:24,002 - INFO - Downloaded: NC_H08_20200601_0900_L2ARP030_FLDK.02401_02401.nc
2025-12-19 11:15:24,066 - INFO - Cropped NC_H08_20200601_0900_L2ARP030_FLDK.02401_02401.nc to Malaysia Domain.
2025-12-19 11:15:32,365 - INFO - Downloaded: NC_H08_20200602_0000_L2ARP030_FLDK.02401_02401.nc
2025-12-19 11:15:32,443 - INFO - Cropped NC_H08_20200602_0000_L2ARP030_FLDK.02401_02401.nc to Malaysia Domain.
2025-12-19 11:16:20,781 - INFO - Downloaded: NC_H08_20200602_0100_L2ARP030_FLDK.02401_02401.nc
2025-12-19 11:16:20,878 - INFO - Cropped NC_H08_20200602_0100_L2ARP030_FLDK.02401_02401.nc to Malaysia Domain.
2025-12-19 11:16:31,744 - INFO - Downloaded: NC_H08_20200602_0200_L2ARP030_FLDK.02401_02401.nc
2025-12-19 11:16:31,847 - INFO - Cropped NC_H08_20200602_0200_L2ARP030_FLDK.02401_02401.nc to Malaysia Domain.
2025-12-19 11:16:38,477 - INFO - Downloaded: NC_H08_20200602_0300_L2ARP030_FLDK.02401_02401.nc
2025-12-19 11:16:38,574 - INFO - Cropped NC_H08_20200602_0300_L2ARP030_FLDK.02401_02401.nc to Malaysia Domain.
2025-12-19 11:16:42,482 - INFO - Downloaded: NC_H08_20200602_0400_L2ARP030_FLDK.02401_02401.nc
2025-12-19 11:16:42,573 - INFO - Cropped NC_H08_20200602_0400_L2ARP030_FLDK.02401_02401.nc to Malaysia Domain.
2025-12-19 11:17:15,952 - INFO - Downloaded: NC_H08_20200602_0500_L2ARP030_FLDK.02401_02401.nc
2025-12-19 11:17:16,038 - INFO - Cropped NC_H08_20200602_0500_L2ARP030_FLDK.02401_02401.nc to Malaysia Domain.
2025-12-19 11:17:25,831 - INFO - Downloaded: NC_H08_20200602_0600_L2ARP030_FLDK.02401_02401.nc
2025-12-19 11:17:25,911 - INFO - Cropped NC_H08_20200602_0600_L2ARP030_FLDK.02401_02401.nc to Malaysia Domain.
2025-12-19 11:17:47,339 - INFO - Downloaded: NC_H08_20200602_0700_L2ARP030_FLDK.02401_02401.nc
2025-12-19 11:17:47,418 - INFO - Cropped NC_H08_20200602_0700_L2ARP030_FLDK.02401_02401.nc to Malaysia Domain.
2025-12-19 11:18:11,616 - INFO - Downloaded: NC_H08_20200602_0800_L2ARP030_FLDK.02401_02401.nc
2025-12-19 11:18:11,695 - INFO - Cropped NC_H08_20200602_0800_L2ARP030_FLDK.02401_02401.nc to Malaysia Domain.
2025-12-19 11:18:30,959 - INFO - Downloaded: NC_H08_20200602_0900_L2ARP030_FLDK.02401_02401.nc
2025-12-19 11:18:31,028 - INFO - Cropped NC_H08_20200602_0900_L2ARP030_FLDK.02401_02401.nc to Malaysia Domain.
2025-12-19 11:18:37,888 - INFO - Downloaded: NC_H08_20200603_0000_L2ARP030_FLDK.02401_02401.nc
2025-12-19 11:18:37,986 - INFO - Cropped NC_H08_20200603_0000_L2ARP030_FLDK.02401_02401.nc to Malaysia Domain.
2025-12-19 11:18:41,448 - INFO - Downloaded: NC_H08_20200603_0100_L2ARP030_FLDK.02401_02401.nc
2025-12-19 11:18:41,558 - INFO - Cropped NC_H08_20200603_0100_L2ARP030_FLDK.02401_02401.nc to Malaysia Domain.
2025-12-19 11:19:23,991 - INFO - Downloaded: NC_H08_20200603_0200_L2ARP030_FLDK.02401_02401.nc
2025-12-19 11:19:24,105 - INFO - Cropped NC_H08_20200603_0200_L2ARP030_FLDK.02401_02401.nc to Malaysia Domain.
2025-12-19 11:20:10,371 - INFO - Downloaded: NC_H08_20200603_0300_L2ARP030_FLDK.02401_02401.nc
2025-12-19 11:20:10,475 - INFO - Cropped NC_H08_20200603_0300_L2ARP030_FLDK.02401_02401.nc to Malaysia Domain.
2025-12-19 11:20:20,882 - INFO - Downloaded: NC_H08_20200603_0400_L2ARP030_FLDK.02401_02401.nc
2025-12-19 11:20:20,976 - INFO - Cropped NC_H08_20200603_0400_L2ARP030_FLDK.02401_02401.nc to Malaysia Domain.
2025-12-19 11:20:24,902 - INFO - Downloaded: NC_H08_20200603_0500_L2ARP030_FLDK.02401_02401.nc
2025-12-19 11:20:24,989 - INFO - Cropped NC_H08_20200603_0500_L2ARP030_FLDK.02401_02401.nc to Malaysia Domain.
2025-12-19 11:20:29,776 - INFO - Downloaded: NC_H08_20200603_0600_L2ARP030_FLDK.02401_02401.nc
2025-12-19 11:20:29,856 - INFO - Cropped NC_H08_20200603_0600_L2ARP030_FLDK.02401_02401.nc to Malaysia Domain.
2025-12-19 11:20:34,206 - INFO - Downloaded: NC_H08_20200603_0700_L2ARP030_FLDK.02401_02401.nc
2025-12-19 11:20:34,285 - INFO - Cropped NC_H08_20200603_0700_L2ARP030_FLDK.02401_02401.nc to Malaysia Domain.
2025-12-19 11:20:38,943 - INFO - Downloaded: NC_H08_20200603_0800_L2ARP030_FLDK.02401_02401.nc
2025-12-19 11:20:39,025 - INFO - Cropped NC_H08_20200603_0800_L2ARP030_FLDK.02401_02401.nc to Malaysia Domain.
2025-12-19 11:20:42,278 - INFO - Downloaded: NC_H08_20200603_0900_L2ARP030_FLDK.02401_02401.nc
2025-12-19 11:20:42,354 - INFO - Cropped NC_H08_20200603_0900_L2ARP030_FLDK.02401_02401.nc to Malaysia Domain.
2025-12-19 11:21:27,978 - INFO - Downloaded: NC_H08_20200604_0000_L2ARP030_FLDK.02401_02401.nc
2025-12-19 11:21:28,069 - INFO - Cropped NC_H08_20200604_0000_L2ARP030_FLDK.02401_02401.nc to Malaysia Domain.
2025-12-19 11:21:38,605 - INFO - Downloaded: NC_H08_20200604_0100_L2ARP030_FLDK.02401_02401.nc
2025-12-19 11:21:38,710 - INFO - Cropped NC_H08_20200604_0100_L2ARP030_FLDK.02401_02401.nc to Malaysia Domain.
2025-12-19 11:21:45,665 - INFO - Downloaded: NC_H08_20200604_0200_L2ARP030_FLDK.02401_02401.nc
2025-12-19 11:21:45,764 - INFO - Cropped NC_H08_20200604_0200_L2ARP030_FLDK.02401_02401.nc to Malaysia Domain.
2025-12-19 11:21:49,801 - INFO - Downloaded: NC_H08_20200604_0300_L2ARP030_FLDK.02401_02401.nc
2025-12-19 11:21:49,898 - INFO - Cropped NC_H08_20200604_0300_L2ARP030_FLDK.02401_02401.nc to Malaysia Domain.
2025-12-19 11:22:41,520 - INFO - Downloaded: NC_H08_20200604_0400_L2ARP030_FLDK.02401_02401.nc
2025-12-19 11:22:41,606 - INFO - Cropped NC_H08_20200604_0400_L2ARP030_FLDK.02401_02401.nc to Malaysia Domain.
2025-12-19 11:22:48,177 - INFO - Downloaded: NC_H08_20200604_0500_L2ARP030_FLDK.02401_02401.nc
2025-12-19 11:22:48,258 - INFO - Cropped NC_H08_20200604_0500_L2ARP030_FLDK.02401_02401.nc to Malaysia Domain.
2025-12-19 11:22:51,515 - INFO - Downloaded: NC_H08_20200604_0600_L2ARP030_FLDK.02401_02401.nc
2025-12-19 11:22:51,591 - INFO - Cropped NC_H08_20200604_0600_L2ARP030_FLDK.02401_02401.nc to Malaysia Domain.
2025-12-19 11:22:54,468 - INFO - Downloaded: NC_H08_20200604_0700_L2ARP030_FLDK.02401_02401.nc
2025-12-19 11:22:54,546 - INFO - Cropped NC_H08_20200604_0700_L2ARP030_FLDK.02401_02401.nc to Malaysia Domain.
2025-12-19 11:23:12,835 - INFO - Downloaded: NC_H08_20200604_0800_L2ARP030_FLDK.02401_02401.nc
2025-12-19 11:23:12,910 - INFO - Cropped NC_H08_20200604_0800_L2ARP030_FLDK.02401_02401.nc to Malaysia Domain.
2025-12-19 11:23:27,656 - INFO - Downloaded: NC_H08_20200604_0900_L2ARP030_FLDK.02401_02401.nc
2025-12-19 11:23:27,731 - INFO - Cropped NC_H08_20200604_0900_L2ARP030_FLDK.02401_02401.nc to Malaysia Domain.
2025-12-19 11:23:38,260 - INFO - Downloaded: NC_H08_20200605_0000_L2ARP030_FLDK.02401_02401.nc
2025-12-19 11:23:38,342 - INFO - Cropped NC_H08_20200605_0000_L2ARP030_FLDK.02401_02401.nc to Malaysia Domain.
2025-12-19 11:23:45,397 - INFO - Downloaded: NC_H08_20200605_0100_L2ARP030_FLDK.02401_02401.nc
2025-12-19 11:23:45,482 - INFO - Cropped NC_H08_20200605_0100_L2ARP030_FLDK.02401_02401.nc to Malaysia Domain.
2025-12-19 11:23:49,683 - INFO - Downloaded: NC_H08_20200605_0200_L2ARP030_FLDK.02401_02401.nc
2025-12-19 11:23:49,767 - INFO - Cropped NC_H08_20200605_0200_L2ARP030_FLDK.02401_02401.nc to Malaysia Domain.
2025-12-19 11:24:36,015 - INFO - Downloaded: NC_H08_20200605_0300_L2ARP030_FLDK.02401_02401.nc
2025-12-19 11:24:36,094 - INFO - Cropped NC_H08_20200605_0300_L2ARP030_FLDK.02401_02401.nc to Malaysia Domain.
2025-12-19 11:24:46,437 - INFO - Downloaded: NC_H08_20200605_0400_L2ARP030_FLDK.02401_02401.nc
2025-12-19 11:24:46,510 - INFO - Cropped NC_H08_20200605_0400_L2ARP030_FLDK.02401_02401.nc to Malaysia Domain.
2025-12-19 11:24:50,405 - INFO - Downloaded: NC_H08_20200605_0500_L2ARP030_FLDK.02401_02401.nc
2025-12-19 11:24:50,475 - INFO - Cropped NC_H08_20200605_0500_L2ARP030_FLDK.02401_02401.nc to Malaysia Domain.
2025-12-19 11:24:54,333 - INFO - Downloaded: NC_H08_20200605_0600_L2ARP030_FLDK.02401_02401.nc
2025-12-19 11:24:54,402 - INFO - Cropped NC_H08_20200605_0600_L2ARP030_FLDK.02401_02401.nc to Malaysia Domain.
2025-12-19 11:25:18,210 - INFO - Downloaded: NC_H08_20200605_0700_L2ARP030_FLDK.02401_02401.nc
2025-12-19 11:25:18,279 - INFO - Cropped NC_H08_20200605_0700_L2ARP030_FLDK.02401_02401.nc to Malaysia Domain.
2025-12-19 11:25:23,907 - INFO - Downloaded: NC_H08_20200605_0800_L2ARP030_FLDK.02401_02401.nc
2025-12-19 11:25:23,977 - INFO - Cropped NC_H08_20200605_0800_L2ARP030_FLDK.02401_02401.nc to Malaysia Domain.
2025-12-19 11:25:27,593 - INFO - Downloaded: NC_H08_20200605_0900_L2ARP030_FLDK.02401_02401.nc
2025-12-19 11:25:27,660 - INFO - Cropped NC_H08_20200605_0900_L2ARP030_FLDK.02401_02401.nc to Malaysia Domain.
2025-12-19 11:25:35,384 - INFO - Downloaded: NC_H08_20200606_0000_L2ARP030_FLDK.02401_02401.nc
2025-12-19 11:25:35,457 - INFO - Cropped NC_H08_20200606_0000_L2ARP030_FLDK.02401_02401.nc to Malaysia Domain.
2025-12-19 11:25:39,714 - INFO - Downloaded: NC_H08_20200606_0100_L2ARP030_FLDK.02401_02401.nc
2025-12-19 11:25:39,787 - INFO - Cropped NC_H08_20200606_0100_L2ARP030_FLDK.02401_02401.nc to Malaysia Domain.
2025-12-19 11:25:44,279 - INFO - Downloaded: NC_H08_20200606_0200_L2ARP030_FLDK.02401_02401.nc
2025-12-19 11:25:44,352 - INFO - Cropped NC_H08_20200606_0200_L2ARP030_FLDK.02401_02401.nc to Malaysia Domain.
2025-12-19 11:25:48,603 - INFO - Downloaded: NC_H08_20200606_0300_L2ARP030_FLDK.02401_02401.nc
2025-12-19 11:25:48,676 - INFO - Cropped NC_H08_20200606_0300_L2ARP030_FLDK.02401_02401.nc to Malaysia Domain.
2025-12-19 11:25:52,631 - INFO - Downloaded: NC_H08_20200606_0400_L2ARP030_FLDK.02401_02401.nc
2025-12-19 11:25:52,697 - INFO - Cropped NC_H08_20200606_0400_L2ARP030_FLDK.02401_02401.nc to Malaysia Domain.
2025-12-19 11:25:56,470 - INFO - Downloaded: NC_H08_20200606_0500_L2ARP030_FLDK.02401_02401.nc
2025-12-19 11:25:56,540 - INFO - Cropped NC_H08_20200606_0500_L2ARP030_FLDK.02401_02401.nc to Malaysia Domain.
2025-12-19 11:26:00,014 - INFO - Downloaded: NC_H08_20200606_0600_L2ARP030_FLDK.02401_02401.nc
2025-12-19 11:26:00,080 - INFO - Cropped NC_H08_20200606_0600_L2ARP030_FLDK.02401_02401.nc to Malaysia Domain.
2025-12-19 11:26:02,784 - INFO - Downloaded: NC_H08_20200606_0700_L2ARP030_FLDK.02401_02401.nc
2025-12-19 11:26:02,852 - INFO - Cropped NC_H08_20200606_0700_L2ARP030_FLDK.02401_02401.nc to Malaysia Domain.
2025-12-19 11:26:05,505 - INFO - Downloaded: NC_H08_20200606_0800_L2ARP030_FLDK.02401_02401.nc
2025-12-19 11:26:05,573 - INFO - Cropped NC_H08_20200606_0800_L2ARP030_FLDK.02401_02401.nc to Malaysia Domain.
2025-12-19 11:26:08,078 - INFO - Downloaded: NC_H08_20200606_0900_L2ARP030_FLDK.02401_02401.nc
2025-12-19 11:26:08,135 - INFO - Cropped NC_H08_20200606_0900_L2ARP030_FLDK.02401_02401.nc to Malaysia Domain.
2025-12-19 11:26:11,344 - INFO - Downloaded: NC_H08_20200607_0000_L2ARP030_FLDK.02401_02401.nc
2025-12-19 11:26:11,420 - INFO - Cropped NC_H08_20200607_0000_L2ARP030_FLDK.02401_02401.nc to Malaysia Domain.
2025-12-19 11:26:14,568 - INFO - Downloaded: NC_H08_20200607_0100_L2ARP030_FLDK.02401_02401.nc
2025-12-19 11:26:14,648 - INFO - Cropped NC_H08_20200607_0100_L2ARP030_FLDK.02401_02401.nc to Malaysia Domain.
2025-12-19 11:26:50,676 - INFO - Downloaded: NC_H08_20200607_0200_L2ARP030_FLDK.02401_02401.nc
2025-12-19 11:26:50,753 - INFO - Cropped NC_H08_20200607_0200_L2ARP030_FLDK.02401_02401.nc to Malaysia Domain.
2025-12-19 11:27:01,030 - INFO - Downloaded: NC_H08_20200607_0300_L2ARP030_FLDK.02401_02401.nc
2025-12-19 11:27:01,110 - INFO - Cropped NC_H08_20200607_0300_L2ARP030_FLDK.02401_02401.nc to Malaysia Domain.
2025-12-19 11:27:04,884 - INFO - Downloaded: NC_H08_20200607_0400_L2ARP030_FLDK.02401_02401.nc
2025-12-19 11:27:04,963 - INFO - Cropped NC_H08_20200607_0400_L2ARP030_FLDK.02401_02401.nc to Malaysia Domain.
2025-12-19 11:27:08,020 - INFO - Downloaded: NC_H08_20200607_0500_L2ARP030_FLDK.02401_02401.nc
2025-12-19 11:27:08,104 - INFO - Cropped NC_H08_20200607_0500_L2ARP030_FLDK.02401_02401.nc to Malaysia Domain.
2025-12-19 11:27:10,881 - INFO - Downloaded: NC_H08_20200607_0600_L2ARP030_FLDK.02401_02401.nc
2025-12-19 11:27:10,955 - INFO - Cropped NC_H08_20200607_0600_L2ARP030_FLDK.02401_02401.nc to Malaysia Domain.
2025-12-19 11:27:13,607 - INFO - Downloaded: NC_H08_20200607_0700_L2ARP030_FLDK.02401_02401.nc
2025-12-19 11:27:13,680 - INFO - Cropped NC_H08_20200607_0700_L2ARP030_FLDK.02401_02401.nc to Malaysia Domain.
2025-12-19 11:27:16,535 - INFO - Downloaded: NC_H08_20200607_0800_L2ARP030_FLDK.02401_02401.nc
2025-12-19 11:27:16,608 - INFO - Cropped NC_H08_20200607_0800_L2ARP030_FLDK.02401_02401.nc to Malaysia Domain.
2025-12-19 11:27:19,086 - INFO - Downloaded: NC_H08_20200607_0900_L2ARP030_FLDK.02401_02401.nc
2025-12-19 11:27:19,152 - INFO - Cropped NC_H08_20200607_0900_L2ARP030_FLDK.02401_02401.nc to Malaysia Domain.
2025-12-19 11:27:23,111 - INFO - Downloaded: NC_H08_20200608_0000_L2ARP030_FLDK.02401_02401.nc
2025-12-19 11:27:23,192 - INFO - Cropped NC_H08_20200608_0000_L2ARP030_FLDK.02401_02401.nc to Malaysia Domain.
2025-12-19 11:27:27,250 - INFO - Downloaded: NC_H08_20200608_0100_L2ARP030_FLDK.02401_02401.nc
2025-12-19 11:27:27,345 - INFO - Cropped NC_H08_20200608_0100_L2ARP030_FLDK.02401_02401.nc to Malaysia Domain.
2025-12-19 11:27:30,584 - INFO - Downloaded: NC_H08_20200608_0200_L2ARP030_FLDK.02401_02401.nc
2025-12-19 11:27:30,687 - INFO - Cropped NC_H08_20200608_0200_L2ARP030_FLDK.02401_02401.nc to Malaysia Domain.
2025-12-19 11:28:20,847 - INFO - Downloaded: NC_H08_20200608_0300_L2ARP030_FLDK.02401_02401.nc
2025-12-19 11:28:20,945 - INFO - Cropped NC_H08_20200608_0300_L2ARP030_FLDK.02401_02401.nc to Malaysia Domain.
2025-12-19 11:28:31,429 - INFO - Downloaded: NC_H08_20200608_0400_L2ARP030_FLDK.02401_02401.nc
2025-12-19 11:28:31,517 - INFO - Cropped NC_H08_20200608_0400_L2ARP030_FLDK.02401_02401.nc to Malaysia Domain.
2025-12-19 11:28:35,331 - INFO - Downloaded: NC_H08_20200608_0500_L2ARP030_FLDK.02401_02401.nc
2025-12-19 11:28:35,414 - INFO - Cropped NC_H08_20200608_0500_L2ARP030_FLDK.02401_02401.nc to Malaysia Domain.
2025-12-19 11:28:38,461 - INFO - Downloaded: NC_H08_20200608_0600_L2ARP030_FLDK.02401_02401.nc
2025-12-19 11:28:38,539 - INFO - Cropped NC_H08_20200608_0600_L2ARP030_FLDK.02401_02401.nc to Malaysia Domain.
2025-12-19 11:28:41,203 - INFO - Downloaded: NC_H08_20200608_0700_L2ARP030_FLDK.02401_02401.nc
2025-12-19 11:28:41,275 - INFO - Cropped NC_H08_20200608_0700_L2ARP030_FLDK.02401_02401.nc to Malaysia Domain.
2025-12-19 11:28:43,858 - INFO - Downloaded: NC_H08_20200608_0800_L2ARP030_FLDK.02401_02401.nc
2025-12-19 11:28:43,934 - INFO - Cropped NC_H08_20200608_0800_L2ARP030_FLDK.02401_02401.nc to Malaysia Domain.
2025-12-19 11:28:58,730 - INFO - Downloaded: NC_H08_20200608_0900_L2ARP030_FLDK.02401_02401.nc
2025-12-19 11:28:58,800 - INFO - Cropped NC_H08_20200608_0900_L2ARP030_FLDK.02401_02401.nc to Malaysia Domain.
2025-12-19 11:29:08,674 - INFO - Downloaded: NC_H08_20200609_0000_L2ARP030_FLDK.02401_02401.nc
2025-12-19 11:29:08,751 - INFO - Cropped NC_H08_20200609_0000_L2ARP030_FLDK.02401_02401.nc to Malaysia Domain.
2025-12-19 11:30:00,159 - INFO - Downloaded: NC_H08_20200609_0100_L2ARP030_FLDK.02401_02401.nc
2025-12-19 11:30:00,249 - INFO - Cropped NC_H08_20200609_0100_L2ARP030_FLDK.02401_02401.nc to Malaysia Domain.
2025-12-19 11:30:10,705 - INFO - Downloaded: NC_H08_20200609_0200_L2ARP030_FLDK.02401_02401.nc
2025-12-19 11:30:10,797 - INFO - Cropped NC_H08_20200609_0200_L2ARP030_FLDK.02401_02401.nc to Malaysia Domain.
2025-12-19 11:30:18,284 - INFO - Downloaded: NC_H08_20200609_0300_L2ARP030_FLDK.02401_02401.nc
2025-12-19 11:30:18,372 - INFO - Cropped NC_H08_20200609_0300_L2ARP030_FLDK.02401_02401.nc to Malaysia Domain.
2025-12-19 11:30:27,415 - INFO - Downloaded: NC_H08_20200609_0400_L2ARP030_FLDK.02401_02401.nc
2025-12-19 11:30:27,498 - INFO - Cropped NC_H08_20200609_0400_L2ARP030_FLDK.02401_02401.nc to Malaysia Domain.
2025-12-19 11:30:36,074 - INFO - Downloaded: NC_H08_20200609_0500_L2ARP030_FLDK.02401_02401.nc
2025-12-19 11:30:36,150 - INFO - Cropped NC_H08_20200609_0500_L2ARP030_FLDK.02401_02401.nc to Malaysia Domain.
2025-12-19 11:30:45,004 - INFO - Downloaded: NC_H08_20200609_0600_L2ARP030_FLDK.02401_02401.nc
2025-12-19 11:30:45,077 - INFO - Cropped NC_H08_20200609_0600_L2ARP030_FLDK.02401_02401.nc to Malaysia Domain.
2025-12-19 11:30:52,755 - INFO - Downloaded: NC_H08_20200609_0700_L2ARP030_FLDK.02401_02401.nc
2025-12-19 11:30:52,823 - INFO - Cropped NC_H08_20200609_0700_L2ARP030_FLDK.02401_02401.nc to Malaysia Domain.
2025-12-19 11:31:16,307 - INFO - Downloaded: NC_H08_20200609_0800_L2ARP030_FLDK.02401_02401.nc
2025-12-19 11:31:16,374 - INFO - Cropped NC_H08_20200609_0800_L2ARP030_FLDK.02401_02401.nc to Malaysia Domain.
2025-12-19 11:31:21,623 - INFO - Downloaded: NC_H08_20200609_0900_L2ARP030_FLDK.02401_02401.nc
2025-12-19 11:31:21,691 - INFO - Cropped NC_H08_20200609_0900_L2ARP030_FLDK.02401_02401.nc to Malaysia Domain.
2025-12-19 11:31:59,384 - INFO - Downloaded: NC_H08_20200610_0000_L2ARP030_FLDK.02401_02401.nc
2025-12-19 11:31:59,454 - INFO - Cropped NC_H08_20200610_0000_L2ARP030_FLDK.02401_02401.nc to Malaysia Domain.
2025-12-19 11:32:09,709 - INFO - Downloaded: NC_H08_20200610_0100_L2ARP030_FLDK.02401_02401.nc
2025-12-19 11:32:09,784 - INFO - Cropped NC_H08_20200610_0100_L2ARP030_FLDK.02401_02401.nc to Malaysia Domain.
2025-12-19 11:32:17,192 - INFO - Downloaded: NC_H08_20200610_0200_L2ARP030_FLDK.02401_02401.nc
2025-12-19 11:32:17,269 - INFO - Cropped NC_H08_20200610_0200_L2ARP030_FLDK.02401_02401.nc to Malaysia Domain.
2025-12-19 11:32:21,300 - INFO - Downloaded: NC_H08_20200610_0300_L2ARP030_FLDK.02401_02401.nc
2025-12-19 11:32:21,378 - INFO - Cropped NC_H08_20200610_0300_L2ARP030_FLDK.02401_02401.nc to Malaysia Domain.
2025-12-19 11:32:25,503 - INFO - Downloaded: NC_H08_20200610_0400_L2ARP030_FLDK.02401_02401.nc
2025-12-19 11:32:25,572 - INFO - Cropped NC_H08_20200610_0400_L2ARP030_FLDK.02401_02401.nc to Malaysia Domain.
2025-12-19 11:32:28,638 - INFO - Downloaded: NC_H08_20200610_0500_L2ARP030_FLDK.02401_02401.nc
2025-12-19 11:32:28,709 - INFO - Cropped NC_H08_20200610_0500_L2ARP030_FLDK.02401_02401.nc to Malaysia Domain.
2025-12-19 11:33:05,854 - INFO - Downloaded: NC_H08_20200610_0600_L2ARP030_FLDK.02401_02401.nc
2025-12-19 11:33:05,919 - INFO - Cropped NC_H08_20200610_0600_L2ARP030_FLDK.02401_02401.nc to Malaysia Domain.
2025-12-19 11:33:14,507 - INFO - Downloaded: NC_H08_20200610_0700_L2ARP030_FLDK.02401_02401.nc
2025-12-19 11:33:14,573 - INFO - Cropped NC_H08_20200610_0700_L2ARP030_FLDK.02401_02401.nc to Malaysia Domain.
2025-12-19 11:33:18,533 - INFO - Downloaded: NC_H08_20200610_0800_L2ARP030_FLDK.02401_02401.nc
2025-12-19 11:33:18,598 - INFO - Cropped NC_H08_20200610_0800_L2ARP030_FLDK.02401_02401.nc to Malaysia Domain.
2025-12-19 11:33:22,126 - INFO - Downloaded: NC_H08_20200610_0900_L2ARP030_FLDK.02401_02401.nc
2025-12-19 11:33:22,190 - INFO - Cropped NC_H08_20200610_0900_L2ARP030_FLDK.02401_02401.nc to Malaysia Domain.
2025-12-19 11:33:26,159 - INFO - Downloaded: NC_H08_20200611_0000_L2ARP030_FLDK.02401_02401.nc
2025-12-19 11:33:26,235 - INFO - Cropped NC_H08_20200611_0000_L2ARP030_FLDK.02401_02401.nc to Malaysia Domain.
2025-12-19 11:33:29,526 - INFO - Downloaded: NC_H08_20200611_0100_L2ARP030_FLDK.02401_02401.nc
2025-12-19 11:33:29,613 - INFO - Cropped NC_H08_20200611_0100_L2ARP030_FLDK.02401_02401.nc to Malaysia Domain.
2025-12-19 11:33:33,535 - INFO - Downloaded: NC_H08_20200611_0200_L2ARP030_FLDK.02401_02401.nc
2025-12-19 11:33:33,621 - INFO - Cropped NC_H08_20200611_0200_L2ARP030_FLDK.02401_02401.nc to Malaysia Domain.
2025-12-19 11:34:21,239 - INFO - Downloaded: NC_H08_20200611_0300_L2ARP030_FLDK.02401_02401.nc
2025-12-19 11:34:21,318 - INFO - Cropped NC_H08_20200611_0300_L2ARP030_FLDK.02401_02401.nc to Malaysia Domain.
2025-12-19 11:35:08,890 - INFO - Downloaded: NC_H08_20200611_0400_L2ARP030_FLDK.02401_02401.nc
2025-12-19 11:35:08,963 - INFO - Cropped NC_H08_20200611_0400_L2ARP030_FLDK.02401_02401.nc to Malaysia Domain.
2025-12-19 11:35:53,994 - INFO - Downloaded: NC_H08_20200611_0500_L2ARP030_FLDK.02401_02401.nc
2025-12-19 11:35:54,062 - INFO - Cropped NC_H08_20200611_0500_L2ARP030_FLDK.02401_02401.nc to Malaysia Domain.
2025-12-19 11:36:35,473 - INFO - Downloaded: NC_H08_20200611_0600_L2ARP030_FLDK.02401_02401.nc
2025-12-19 11:36:35,539 - INFO - Cropped NC_H08_20200611_0600_L2ARP030_FLDK.02401_02401.nc to Malaysia Domain.
2025-12-19 11:36:44,156 - INFO - Downloaded: NC_H08_20200611_0700_L2ARP030_FLDK.02401_02401.nc
2025-12-19 11:36:44,217 - INFO - Cropped NC_H08_20200611_0700_L2ARP030_FLDK.02401_02401.nc to Malaysia Domain.
2025-12-19 11:36:50,510 - INFO - Downloaded: NC_H08_20200611_0800_L2ARP030_FLDK.02401_02401.nc
2025-12-19 11:36:50,572 - INFO - Cropped NC_H08_20200611_0800_L2ARP030_FLDK.02401_02401.nc to Malaysia Domain.
2025-12-19 11:37:09,006 - INFO - Downloaded: NC_H08_20200611_0900_L2ARP030_FLDK.02401_02401.nc
2025-12-19 11:37:09,065 - INFO - Cropped NC_H08_20200611_0900_L2ARP030_FLDK.02401_02401.nc to Malaysia Domain.
2025-12-19 11:38:19,082 - INFO - Downloaded: NC_H08_20200612_0000_L2ARP030_FLDK.02401_02401.nc
2025-12-19 11:38:19,163 - INFO - Cropped NC_H08_20200612_0000_L2ARP030_FLDK.02401_02401.nc to Malaysia Domain.
2025-12-19 11:39:15,971 - INFO - Downloaded: NC_H08_20200612_0100_L2ARP030_FLDK.02401_02401.nc
2025-12-19 11:39:16,071 - INFO - Cropped NC_H08_20200612_0100_L2ARP030_FLDK.02401_02401.nc to Malaysia Domain.
2025-12-19 11:40:09,657 - INFO - Downloaded: NC_H08_20200612_0200_L2ARP030_FLDK.02401_02401.nc
2025-12-19 11:40:09,761 - INFO - Cropped NC_H08_20200612_0200_L2ARP030_FLDK.02401_02401.nc to Malaysia Domain.
2025-12-19 11:40:16,579 - INFO - Downloaded: NC_H08_20200612_0300_L2ARP030_FLDK.02401_02401.nc
2025-12-19 11:40:16,680 - INFO - Cropped NC_H08_20200612_0300_L2ARP030_FLDK.02401_02401.nc to Malaysia Domain.
2025-12-19 11:40:19,977 - INFO - Downloaded: NC_H08_20200612_0400_L2ARP030_FLDK.02401_02401.nc
2025-12-19 11:40:20,064 - INFO - Cropped NC_H08_20200612_0400_L2ARP030_FLDK.02401_02401.nc to Malaysia Domain.
2025-12-19 11:40:29,866 - INFO - Downloaded: NC_H08_20200612_0500_L2ARP030_FLDK.02401_02401.nc
2025-12-19 11:40:29,943 - INFO - Cropped NC_H08_20200612_0500_L2ARP030_FLDK.02401_02401.nc to Malaysia Domain.
2025-12-19 11:40:36,281 - INFO - Downloaded: NC_H08_20200612_0600_L2ARP030_FLDK.02401_02401.nc
2025-12-19 11:40:36,347 - INFO - Cropped NC_H08_20200612_0600_L2ARP030_FLDK.02401_02401.nc to Malaysia Domain.
2025-12-19 11:40:45,017 - INFO - Downloaded: NC_H08_20200612_0700_L2ARP030_FLDK.02401_02401.nc
2025-12-19 11:40:45,086 - INFO - Cropped NC_H08_20200612_0700_L2ARP030_FLDK.02401_02401.nc to Malaysia Domain.
2025-12-19 11:41:05,751 - INFO - Downloaded: NC_H08_20200612_0800_L2ARP030_FLDK.02401_02401.nc
2025-12-19 11:41:05,818 - INFO - Cropped NC_H08_20200612_0800_L2ARP030_FLDK.02401_02401.nc to Malaysia Domain.
2025-12-19 11:41:23,278 - INFO - Downloaded: NC_H08_20200612_0900_L2ARP030_FLDK.02401_02401.nc
2025-12-19 11:41:23,341 - INFO - Cropped NC_H08_20200612_0900_L2ARP030_FLDK.02401_02401.nc to Malaysia Domain.
2025-12-19 11:42:07,983 - INFO - Downloaded: NC_H08_20200613_0000_L2ARP030_FLDK.02401_02401.nc
2025-12-19 11:42:08,062 - INFO - Cropped NC_H08_20200613_0000_L2ARP030_FLDK.02401_02401.nc to Malaysia Domain.
2025-12-19 11:42:18,364 - INFO - Downloaded: NC_H08_20200613_0100_L2ARP030_FLDK.02401_02401.nc
2025-12-19 11:42:18,448 - INFO - Cropped NC_H08_20200613_0100_L2ARP030_FLDK.02401_02401.nc to Malaysia Domain.
2025-12-19 11:43:07,014 - INFO - Downloaded: NC_H08_20200613_0200_L2ARP030_FLDK.02401_02401.nc
2025-12-19 11:43:07,098 - INFO - Cropped NC_H08_20200613_0200_L2ARP030_FLDK.02401_02401.nc to Malaysia Domain.
2025-12-19 11:44:04,252 - INFO - Downloaded: NC_H08_20200613_0300_L2ARP030_FLDK.02401_02401.nc
2025-12-19 11:44:04,329 - INFO - Cropped NC_H08_20200613_0300_L2ARP030_FLDK.02401_02401.nc to Malaysia Domain.
2025-12-19 11:44:14,327 - INFO - Downloaded: NC_H08_20200613_0400_L2ARP030_FLDK.02401_02401.nc
2025-12-19 11:44:14,398 - INFO - Cropped NC_H08_20200613_0400_L2ARP030_FLDK.02401_02401.nc to Malaysia Domain.
2025-12-19 11:45:06,978 - INFO - Downloaded: NC_H08_20200613_0500_L2ARP030_FLDK.02401_02401.nc
2025-12-19 11:45:07,047 - INFO - Cropped NC_H08_20200613_0500_L2ARP030_FLDK.02401_02401.nc to Malaysia Domain.
2025-12-19 11:45:18,756 - INFO - Downloaded: NC_H08_20200613_0600_L2ARP030_FLDK.02401_02401.nc
2025-12-19 11:45:18,825 - INFO - Cropped NC_H08_20200613_0600_L2ARP030_FLDK.02401_02401.nc to Malaysia Domain.
2025-12-19 11:45:26,747 - INFO - Downloaded: NC_H08_20200613_0700_L2ARP030_FLDK.02401_02401.nc
2025-12-19 11:45:26,815 - INFO - Cropped NC_H08_20200613_0700_L2ARP030_FLDK.02401_02401.nc to Malaysia Domain.
2025-12-19 11:45:32,987 - INFO - Downloaded: NC_H08_20200613_0800_L2ARP030_FLDK.02401_02401.nc
2025-12-19 11:45:33,055 - INFO - Cropped NC_H08_20200613_0800_L2ARP030_FLDK.02401_02401.nc to Malaysia Domain.
2025-12-19 11:45:47,922 - INFO - Downloaded: NC_H08_20200613_0900_L2ARP030_FLDK.02401_02401.nc
2025-12-19 11:45:47,983 - INFO - Cropped NC_H08_20200613_0900_L2ARP030_FLDK.02401_02401.nc to Malaysia Domain.
2025-12-19 11:45:54,549 - INFO - Downloaded: NC_H08_20200614_0000_L2ARP030_FLDK.02401_02401.nc
2025-12-19 11:45:54,621 - INFO - Cropped NC_H08_20200614_0000_L2ARP030_FLDK.02401_02401.nc to Malaysia Domain.
2025-12-19 11:45:59,793 - INFO - Downloaded: NC_H08_20200614_0100_L2ARP030_FLDK.02401_02401.nc
2025-12-19 11:45:59,863 - INFO - Cropped NC_H08_20200614_0100_L2ARP030_FLDK.02401_02401.nc to Malaysia Domain.
2025-12-19 11:46:05,235 - INFO - Downloaded: NC_H08_20200614_0200_L2ARP030_FLDK.02401_02401.nc
2025-12-19 11:46:05,306 - INFO - Cropped NC_H08_20200614_0200_L2ARP030_FLDK.02401_02401.nc to Malaysia Domain.
2025-12-19 11:46:09,013 - INFO - Downloaded: NC_H08_20200614_0300_L2ARP030_FLDK.02401_02401.nc
2025-12-19 11:46:09,088 - INFO - Cropped NC_H08_20200614_0300_L2ARP030_FLDK.02401_02401.nc to Malaysia Domain.
2025-12-19 11:46:48,111 - INFO - Downloaded: NC_H08_20200614_0400_L2ARP030_FLDK.02401_02401.nc
2025-12-19 11:46:48,180 - INFO - Cropped NC_H08_20200614_0400_L2ARP030_FLDK.02401_02401.nc to Malaysia Domain.
2025-12-19 11:46:58,174 - INFO - Downloaded: NC_H08_20200614_0500_L2ARP030_FLDK.02401_02401.nc
2025-12-19 11:46:58,243 - INFO - Cropped NC_H08_20200614_0500_L2ARP030_FLDK.02401_02401.nc to Malaysia Domain.
2025-12-19 11:47:04,656 - INFO - Downloaded: NC_H08_20200614_0600_L2ARP030_FLDK.02401_02401.nc
2025-12-19 11:47:04,728 - INFO - Cropped NC_H08_20200614_0600_L2ARP030_FLDK.02401_02401.nc to Malaysia Domain.
2025-12-19 11:47:10,073 - INFO - Downloaded: NC_H08_20200614_0700_L2ARP030_FLDK.02401_02401.nc
2025-12-19 11:47:10,144 - INFO - Cropped NC_H08_20200614_0700_L2ARP030_FLDK.02401_02401.nc to Malaysia Domain.
2025-12-19 11:47:14,290 - INFO - Downloaded: NC_H08_20200614_0800_L2ARP030_FLDK.02401_02401.nc
2025-12-19 11:47:14,358 - INFO - Cropped NC_H08_20200614_0800_L2ARP030_FLDK.02401_02401.nc to Malaysia Domain.
2025-12-19 11:47:17,234 - INFO - Downloaded: NC_H08_20200614_0900_L2ARP030_FLDK.02401_02401.nc
2025-12-19 11:47:17,296 - INFO - Cropped NC_H08_20200614_0900_L2ARP030_FLDK.02401_02401.nc to Malaysia Domain.
2025-12-19 11:47:24,627 - INFO - Downloaded: NC_H08_20200615_0000_L2ARP030_FLDK.02401_02401.nc
2025-12-19 11:47:24,703 - INFO - Cropped NC_H08_20200615_0000_L2ARP030_FLDK.02401_02401.nc to Malaysia Domain.
2025-12-19 11:48:16,037 - INFO - Downloaded: NC_H08_20200615_0100_L2ARP030_FLDK.02401_02401.nc
2025-12-19 11:48:16,125 - INFO - Cropped NC_H08_20200615_0100_L2ARP030_FLDK.02401_02401.nc to Malaysia Domain.
2025-12-19 11:48:22,981 - INFO - Downloaded: NC_H08_20200615_0200_L2ARP030_FLDK.02401_02401.nc
2025-12-19 11:48:23,077 - INFO - Cropped NC_H08_20200615_0200_L2ARP030_FLDK.02401_02401.nc to Malaysia Domain.
2025-12-19 11:49:06,132 - INFO - Downloaded: NC_H08_20200615_0300_L2ARP030_FLDK.02401_02401.nc
2025-12-19 11:49:06,221 - INFO - Cropped NC_H08_20200615_0300_L2ARP030_FLDK.02401_02401.nc to Malaysia Domain.
2025-12-19 11:49:16,400 - INFO - Downloaded: NC_H08_20200615_0400_L2ARP030_FLDK.02401_02401.nc
2025-12-19 11:49:16,478 - INFO - Cropped NC_H08_20200615_0400_L2ARP030_FLDK.02401_02401.nc to Malaysia Domain.
2025-12-19 11:49:20,345 - INFO - Downloaded: NC_H08_20200615_0500_L2ARP030_FLDK.02401_02401.nc
2025-12-19 11:49:20,416 - INFO - Cropped NC_H08_20200615_0500_L2ARP030_FLDK.02401_02401.nc to Malaysia Domain.
2025-12-19 11:49:23,428 - INFO - Downloaded: NC_H08_20200615_0600_L2ARP030_FLDK.02401_02401.nc
2025-12-19 11:49:23,496 - INFO - Cropped NC_H08_20200615_0600_L2ARP030_FLDK.02401_02401.nc to Malaysia Domain.
2025-12-19 11:49:26,616 - INFO - Downloaded: NC_H08_20200615_0700_L2ARP030_FLDK.02401_02401.nc
2025-12-19 11:49:26,682 - INFO - Cropped NC_H08_20200615_0700_L2ARP030_FLDK.02401_02401.nc to Malaysia Domain.
2025-12-19 11:49:29,157 - INFO - Downloaded: NC_H08_20200615_0800_L2ARP030_FLDK.02401_02401.nc
2025-12-19 11:49:29,221 - INFO - Cropped NC_H08_20200615_0800_L2ARP030_FLDK.02401_02401.nc to Malaysia Domain.
2025-12-19 11:49:34,475 - INFO - Downloaded: NC_H08_20200615_0900_L2ARP030_FLDK.02401_02401.nc
2025-12-19 11:49:34,537 - INFO - Cropped NC_H08_20200615_0900_L2ARP030_FLDK.02401_02401.nc to Malaysia Domain.
2025-12-19 11:49:44,672 - INFO - Downloaded: NC_H08_20200616_0000_L2ARP030_FLDK.02401_02401.nc
2025-12-19 11:49:44,747 - INFO - Cropped NC_H08_20200616_0000_L2ARP030_FLDK.02401_02401.nc to Malaysia Domain.
2025-12-19 11:49:51,899 - INFO - Downloaded: NC_H08_20200616_0100_L2ARP030_FLDK.02401_02401.nc
2025-12-19 11:49:51,980 - INFO - Cropped NC_H08_20200616_0100_L2ARP030_FLDK.02401_02401.nc to Malaysia Domain.
2025-12-19 11:49:59,538 - INFO - Downloaded: NC_H08_20200616_0200_L2ARP030_FLDK.02401_02401.nc
2025-12-19 11:49:59,625 - INFO - Cropped NC_H08_20200616_0200_L2ARP030_FLDK.02401_02401.nc to Malaysia Domain.
2025-12-19 11:50:36,042 - INFO - Downloaded: NC_H08_20200616_0300_L2ARP030_FLDK.02401_02401.nc
2025-12-19 11:50:36,129 - INFO - Cropped NC_H08_20200616_0300_L2ARP030_FLDK.02401_02401.nc to Malaysia Domain.
2025-12-19 11:51:24,094 - INFO - Downloaded: NC_H08_20200616_0400_L2ARP030_FLDK.02401_02401.nc
2025-12-19 11:51:24,169 - INFO - Cropped NC_H08_20200616_0400_L2ARP030_FLDK.02401_02401.nc to Malaysia Domain.
2025-12-19 11:51:34,295 - INFO - Downloaded: NC_H08_20200616_0500_L2ARP030_FLDK.02401_02401.nc
2025-12-19 11:51:34,364 - INFO - Cropped NC_H08_20200616_0500_L2ARP030_FLDK.02401_02401.nc to Malaysia Domain.
2025-12-19 11:51:40,473 - INFO - Downloaded: NC_H08_20200616_0600_L2ARP030_FLDK.02401_02401.nc
2025-12-19 11:51:40,542 - INFO - Cropped NC_H08_20200616_0600_L2ARP030_FLDK.02401_02401.nc to Malaysia Domain.
2025-12-19 11:51:44,002 - INFO - Downloaded: NC_H08_20200616_0700_L2ARP030_FLDK.02401_02401.nc
2025-12-19 11:51:44,072 - INFO - Cropped NC_H08_20200616_0700_L2ARP030_FLDK.02401_02401.nc to Malaysia Domain.
2025-12-19 11:51:47,616 - INFO - Downloaded: NC_H08_20200616_0800_L2ARP030_FLDK.02401_02401.nc
2025-12-19 11:51:47,689 - INFO - Cropped NC_H08_20200616_0800_L2ARP030_FLDK.02401_02401.nc to Malaysia Domain.
2025-12-19 11:52:03,147 - INFO - Downloaded: NC_H08_20200616_0900_L2ARP030_FLDK.02401_02401.nc
2025-12-19 11:52:03,214 - INFO - Cropped NC_H08_20200616_0900_L2ARP030_FLDK.02401_02401.nc to Malaysia Domain.
2025-12-19 11:52:53,738 - INFO - Downloaded: NC_H08_20200617_0000_L2ARP030_FLDK.02401_02401.nc
2025-12-19 11:52:53,820 - INFO - Cropped NC_H08_20200617_0000_L2ARP030_FLDK.02401_02401.nc to Malaysia Domain.
2025-12-19 11:53:04,258 - INFO - Downloaded: NC_H08_20200617_0100_L2ARP030_FLDK.02401_02401.nc
2025-12-19 11:53:04,350 - INFO - Cropped NC_H08_20200617_0100_L2ARP030_FLDK.02401_02401.nc to Malaysia Domain.
2025-12-19 11:53:11,593 - INFO - Downloaded: NC_H08_20200617_0200_L2ARP030_FLDK.02401_02401.nc
2025-12-19 11:53:11,693 - INFO - Cropped NC_H08_20200617_0200_L2ARP030_FLDK.02401_02401.nc to Malaysia Domain.
2025-12-19 11:54:19,635 - INFO - Downloaded: NC_H08_20200617_0300_L2ARP030_FLDK.02401_02401.nc
2025-12-19 11:54:19,741 - INFO - Cropped NC_H08_20200617_0300_L2ARP030_FLDK.02401_02401.nc to Malaysia Domain.
2025-12-19 11:54:26,594 - INFO - Downloaded: NC_H08_20200617_0400_L2ARP030_FLDK.02401_02401.nc
2025-12-19 11:54:26,688 - INFO - Cropped NC_H08_20200617_0400_L2ARP030_FLDK.02401_02401.nc to Malaysia Domain.
2025-12-19 11:54:29,924 - INFO - Downloaded: NC_H08_20200617_0500_L2ARP030_FLDK.02401_02401.nc
2025-12-19 11:54:30,008 - INFO - Cropped NC_H08_20200617_0500_L2ARP030_FLDK.02401_02401.nc to Malaysia Domain.
2025-12-19 11:54:33,543 - INFO - Downloaded: NC_H08_20200617_0600_L2ARP030_FLDK.02401_02401.nc
2025-12-19 11:54:33,619 - INFO - Cropped NC_H08_20200617_0600_L2ARP030_FLDK.02401_02401.nc to Malaysia Domain.
2025-12-19 11:55:00,686 - INFO - Downloaded: NC_H08_20200617_0700_L2ARP030_FLDK.02401_02401.nc
2025-12-19 11:55:00,759 - INFO - Cropped NC_H08_20200617_0700_L2ARP030_FLDK.02401_02401.nc to Malaysia Domain.
2025-12-19 11:55:06,155 - INFO - Downloaded: NC_H08_20200617_0800_L2ARP030_FLDK.02401_02401.nc
2025-12-19 11:55:06,230 - INFO - Cropped NC_H08_20200617_0800_L2ARP030_FLDK.02401_02401.nc to Malaysia Domain.
2025-12-19 11:55:21,433 - INFO - Downloaded: NC_H08_20200617_0900_L2ARP030_FLDK.02401_02401.nc
2025-12-19 11:55:21,505 - INFO - Cropped NC_H08_20200617_0900_L2ARP030_FLDK.02401_02401.nc to Malaysia Domain.
2025-12-19 11:55:31,732 - INFO - Downloaded: NC_H08_20200618_0000_L2ARP030_FLDK.02401_02401.nc
2025-12-19 11:55:31,806 - INFO - Cropped NC_H08_20200618_0000_L2ARP030_FLDK.02401_02401.nc to Malaysia Domain.
2025-12-19 11:55:35,843 - INFO - Downloaded: NC_H08_20200618_0100_L2ARP030_FLDK.02401_02401.nc
2025-12-19 11:55:35,921 - INFO - Cropped NC_H08_20200618_0100_L2ARP030_FLDK.02401_02401.nc to Malaysia Domain.
2025-12-19 11:55:39,249 - INFO - Downloaded: NC_H08_20200618_0200_L2ARP030_FLDK.02401_02401.nc
2025-12-19 11:55:39,325 - INFO - Cropped NC_H08_20200618_0200_L2ARP030_FLDK.02401_02401.nc to Malaysia Domain.
2025-12-19 11:55:43,148 - INFO - Downloaded: NC_H08_20200618_0300_L2ARP030_FLDK.02401_02401.nc
2025-12-19 11:55:43,225 - INFO - Cropped NC_H08_20200618_0300_L2ARP030_FLDK.02401_02401.nc to Malaysia Domain.
2025-12-19 11:56:20,567 - INFO - Downloaded: NC_H08_20200618_0400_L2ARP030_FLDK.02401_02401.nc
2025-12-19 11:56:20,633 - INFO - Cropped NC_H08_20200618_0400_L2ARP030_FLDK.02401_02401.nc to Malaysia Domain.
2025-12-19 11:56:59,393 - INFO - Downloaded: NC_H08_20200618_0500_L2ARP030_FLDK.02401_02401.nc
2025-12-19 11:56:59,460 - INFO - Cropped NC_H08_20200618_0500_L2ARP030_FLDK.02401_02401.nc to Malaysia Domain.
2025-12-19 11:57:08,888 - INFO - Downloaded: NC_H08_20200618_0600_L2ARP030_FLDK.02401_02401.nc
2025-12-19 11:57:08,953 - INFO - Cropped NC_H08_20200618_0600_L2ARP030_FLDK.02401_02401.nc to Malaysia Domain.
2025-12-19 11:57:14,884 - INFO - Downloaded: NC_H08_20200618_0700_L2ARP030_FLDK.02401_02401.nc
2025-12-19 11:57:14,946 - INFO - Cropped NC_H08_20200618_0700_L2ARP030_FLDK.02401_02401.nc to Malaysia Domain.
2025-12-19 11:57:19,830 - INFO - Downloaded: NC_H08_20200618_0800_L2ARP030_FLDK.02401_02401.nc
2025-12-19 11:57:19,895 - INFO - Cropped NC_H08_20200618_0800_L2ARP030_FLDK.02401_02401.nc to Malaysia Domain.
2025-12-19 11:57:22,949 - INFO - Downloaded: NC_H08_20200618_0900_L2ARP030_FLDK.02401_02401.nc
2025-12-19 11:57:23,011 - INFO - Cropped NC_H08_20200618_0900_L2ARP030_FLDK.02401_02401.nc to Malaysia Domain.
2025-12-19 11:57:27,070 - INFO - Downloaded: NC_H08_20200619_0000_L2ARP030_FLDK.02401_02401.nc
2025-12-19 11:57:27,144 - INFO - Cropped NC_H08_20200619_0000_L2ARP030_FLDK.02401_02401.nc to Malaysia Domain.
2025-12-19 11:57:30,401 - INFO - Downloaded: NC_H08_20200619_0100_L2ARP030_FLDK.02401_02401.nc
2025-12-19 11:57:30,477 - INFO - Cropped NC_H08_20200619_0100_L2ARP030_FLDK.02401_02401.nc to Malaysia Domain.
2025-12-19 11:57:34,363 - INFO - Downloaded: NC_H08_20200619_0200_L2ARP030_FLDK.02401_02401.nc
2025-12-19 11:57:34,440 - INFO - Cropped NC_H08_20200619_0200_L2ARP030_FLDK.02401_02401.nc to Malaysia Domain.
2025-12-19 11:57:37,557 - INFO - Downloaded: NC_H08_20200619_0300_L2ARP030_FLDK.02401_02401.nc
2025-12-19 11:57:37,632 - INFO - Cropped NC_H08_20200619_0300_L2ARP030_FLDK.02401_02401.nc to Malaysia Domain.
2025-12-19 11:58:16,537 - INFO - Downloaded: NC_H08_20200619_0400_L2ARP030_FLDK.02401_02401.nc
2025-12-19 11:58:16,606 - INFO - Cropped NC_H08_20200619_0400_L2ARP030_FLDK.02401_02401.nc to Malaysia Domain.
2025-12-19 11:58:23,050 - INFO - Downloaded: NC_H08_20200619_0500_L2ARP030_FLDK.02401_02401.nc
2025-12-19 11:58:23,115 - INFO - Cropped NC_H08_20200619_0500_L2ARP030_FLDK.02401_02401.nc to Malaysia Domain.
2025-12-19 11:58:27,755 - INFO - Downloaded: NC_H08_20200619_0600_L2ARP030_FLDK.02401_02401.nc
2025-12-19 11:58:27,820 - INFO - Cropped NC_H08_20200619_0600_L2ARP030_FLDK.02401_02401.nc to Malaysia Domain.
2025-12-19 11:58:31,896 - INFO - Downloaded: NC_H08_20200619_0700_L2ARP030_FLDK.02401_02401.nc
2025-12-19 11:58:31,963 - INFO - Cropped NC_H08_20200619_0700_L2ARP030_FLDK.02401_02401.nc to Malaysia Domain.
2025-12-19 11:58:34,659 - INFO - Downloaded: NC_H08_20200619_0800_L2ARP030_FLDK.02401_02401.nc
2025-12-19 11:58:34,725 - INFO - Cropped NC_H08_20200619_0800_L2ARP030_FLDK.02401_02401.nc to Malaysia Domain.
2025-12-19 11:58:37,545 - INFO - Downloaded: NC_H08_20200619_0900_L2ARP030_FLDK.02401_02401.nc
2025-12-19 11:58:37,612 - INFO - Cropped NC_H08_20200619_0900_L2ARP030_FLDK.02401_02401.nc to Malaysia Domain.
2025-12-19 11:58:42,456 - INFO - Downloaded: NC_H08_20200620_0000_L2ARP030_FLDK.02401_02401.nc
2025-12-19 11:58:42,529 - INFO - Cropped NC_H08_20200620_0000_L2ARP030_FLDK.02401_02401.nc to Malaysia Domain.
2025-12-19 11:59:28,654 - INFO - Downloaded: NC_H08_20200620_0100_L2ARP030_FLDK.02401_02401.nc
2025-12-19 11:59:28,726 - INFO - Cropped NC_H08_20200620_0100_L2ARP030_FLDK.02401_02401.nc to Malaysia Domain.
2025-12-19 11:59:38,946 - INFO - Downloaded: NC_H08_20200620_0200_L2ARP030_FLDK.02401_02401.nc
2025-12-19 11:59:39,020 - INFO - Cropped NC_H08_20200620_0200_L2ARP030_FLDK.02401_02401.nc to Malaysia Domain.
2025-12-19 11:59:45,712 - INFO - Downloaded: NC_H08_20200620_0300_L2ARP030_FLDK.02401_02401.nc
2025-12-19 11:59:45,783 - INFO - Cropped NC_H08_20200620_0300_L2ARP030_FLDK.02401_02401.nc to Malaysia Domain.
2025-12-19 11:59:49,638 - INFO - Downloaded: NC_H08_20200620_0400_L2ARP030_FLDK.02401_02401.nc
2025-12-19 11:59:49,706 - INFO - Cropped NC_H08_20200620_0400_L2ARP030_FLDK.02401_02401.nc to Malaysia Domain.
2025-12-19 11:59:53,741 - INFO - Downloaded: NC_H08_20200620_0500_L2ARP030_FLDK.02401_02401.nc
2025-12-19 11:59:53,807 - INFO - Cropped NC_H08_20200620_0500_L2ARP030_FLDK.02401_02401.nc to Malaysia Domain.
2025-12-19 12:00:03,771 - INFO - Downloaded: NC_H08_20200620_0600_L2ARP030_FLDK.02401_02401.nc
2025-12-19 12:00:03,835 - INFO - Cropped NC_H08_20200620_0600_L2ARP030_FLDK.02401_02401.nc to Malaysia Domain.
2025-12-19 12:00:10,100 - INFO - Downloaded: NC_H08_20200620_0700_L2ARP030_FLDK.02401_02401.nc
2025-12-19 12:00:10,168 - INFO - Cropped NC_H08_20200620_0700_L2ARP030_FLDK.02401_02401.nc to Malaysia Domain.
2025-12-19 12:00:15,063 - INFO - Downloaded: NC_H08_20200620_0800_L2ARP030_FLDK.02401_02401.nc
2025-12-19 12:00:15,131 - INFO - Cropped NC_H08_20200620_0800_L2ARP030_FLDK.02401_02401.nc to Malaysia Domain.
2025-12-19 12:00:18,086 - INFO - Downloaded: NC_H08_20200620_0900_L2ARP030_FLDK.02401_02401.nc
2025-12-19 12:00:18,145 - INFO - Cropped NC_H08_20200620_0900_L2ARP030_FLDK.02401_02401.nc to Malaysia Domain.
2025-12-19 12:01:14,826 - INFO - Downloaded: NC_H08_20200621_0000_L2ARP030_FLDK.02401_02401.nc
2025-12-19 12:01:14,902 - INFO - Cropped NC_H08_20200621_0000_L2ARP030_FLDK.02401_02401.nc to Malaysia Domain.
2025-12-19 12:02:15,127 - INFO - Downloaded: NC_H08_20200621_0100_L2ARP030_FLDK.02401_02401.nc
2025-12-19 12:02:15,214 - INFO - Cropped NC_H08_20200621_0100_L2ARP030_FLDK.02401_02401.nc to Malaysia Domain.
2025-12-19 12:02:25,777 - INFO - Downloaded: NC_H08_20200621_0200_L2ARP030_FLDK.02401_02401.nc
2025-12-19 12:02:25,867 - INFO - Cropped NC_H08_20200621_0200_L2ARP030_FLDK.02401_02401.nc to Malaysia Domain.
2025-12-19 12:02:32,635 - INFO - Downloaded: NC_H08_20200621_0300_L2ARP030_FLDK.02401_02401.nc
2025-12-19 12:02:32,725 - INFO - Cropped NC_H08_20200621_0300_L2ARP030_FLDK.02401_02401.nc to Malaysia Domain.
2025-12-19 12:02:36,603 - INFO - Downloaded: NC_H08_20200621_0400_L2ARP030_FLDK.02401_02401.nc
2025-12-19 12:02:36,684 - INFO - Cropped NC_H08_20200621_0400_L2ARP030_FLDK.02401_02401.nc to Malaysia Domain.
2025-12-19 12:02:40,608 - INFO - Downloaded: NC_H08_20200621_0500_L2ARP030_FLDK.02401_02401.nc
2025-12-19 12:02:40,679 - INFO - Cropped NC_H08_20200621_0500_L2ARP030_FLDK.02401_02401.nc to Malaysia Domain.
2025-12-19 12:02:43,626 - INFO - Downloaded: NC_H08_20200621_0600_L2ARP030_FLDK.02401_02401.nc
2025-12-19 12:02:43,691 - INFO - Cropped NC_H08_20200621_0600_L2ARP030_FLDK.02401_02401.nc to Malaysia Domain.
2025-12-19 12:03:21,204 - INFO - Downloaded: NC_H08_20200621_0700_L2ARP030_FLDK.02401_02401.nc
2025-12-19 12:03:21,273 - INFO - Cropped NC_H08_20200621_0700_L2ARP030_FLDK.02401_02401.nc to Malaysia Domain.
2025-12-19 12:03:28,738 - INFO - Downloaded: NC_H08_20200621_0800_L2ARP030_FLDK.02401_02401.nc
2025-12-19 12:03:28,802 - INFO - Cropped NC_H08_20200621_0800_L2ARP030_FLDK.02401_02401.nc to Malaysia Domain.
2025-12-19 12:03:41,411 - INFO - Downloaded: NC_H08_20200621_0900_L2ARP030_FLDK.02401_02401.nc
2025-12-19 12:03:41,478 - INFO - Cropped NC_H08_20200621_0900_L2ARP030_FLDK.02401_02401.nc to Malaysia Domain.
2025-12-19 12:03:51,964 - INFO - Downloaded: NC_H08_20200622_0000_L2ARP030_FLDK.02401_02401.nc
2025-12-19 12:03:52,041 - INFO - Cropped NC_H08_20200622_0000_L2ARP030_FLDK.02401_02401.nc to Malaysia Domain.
2025-12-19 12:03:59,189 - INFO - Downloaded: NC_H08_20200622_0100_L2ARP030_FLDK.02401_02401.nc
2025-12-19 12:03:59,270 - INFO - Cropped NC_H08_20200622_0100_L2ARP030_FLDK.02401_02401.nc to Malaysia Domain.
2025-12-19 12:04:03,327 - INFO - Downloaded: NC_H08_20200622_0200_L2ARP030_FLDK.02401_02401.nc
2025-12-19 12:04:03,406 - INFO - Cropped NC_H08_20200622_0200_L2ARP030_FLDK.02401_02401.nc to Malaysia Domain.
2025-12-19 12:04:45,923 - INFO - Downloaded: NC_H08_20200622_0300_L2ARP030_FLDK.02401_02401.nc
2025-12-19 12:04:46,000 - INFO - Cropped NC_H08_20200622_0300_L2ARP030_FLDK.02401_02401.nc to Malaysia Domain.
2025-12-19 12:05:29,870 - INFO - Downloaded: NC_H08_20200622_0400_L2ARP030_FLDK.02401_02401.nc
2025-12-19 12:05:29,937 - INFO - Cropped NC_H08_20200622_0400_L2ARP030_FLDK.02401_02401.nc to Malaysia Domain.
2025-12-19 12:05:36,497 - INFO - Downloaded: NC_H08_20200622_0500_L2ARP030_FLDK.02401_02401.nc
2025-12-19 12:05:36,563 - INFO - Cropped NC_H08_20200622_0500_L2ARP030_FLDK.02401_02401.nc to Malaysia Domain.
2025-12-19 12:06:11,065 - INFO - Downloaded: NC_H08_20200622_0600_L2ARP030_FLDK.02401_02401.nc
2025-12-19 12:06:11,128 - INFO - Cropped NC_H08_20200622_0600_L2ARP030_FLDK.02401_02401.nc to Malaysia Domain.
2025-12-19 12:06:19,865 - INFO - Downloaded: NC_H08_20200622_0700_L2ARP030_FLDK.02401_02401.nc
2025-12-19 12:06:19,928 - INFO - Cropped NC_H08_20200622_0700_L2ARP030_FLDK.02401_02401.nc to Malaysia Domain.
2025-12-19 12:06:39,458 - INFO - Downloaded: NC_H08_20200622_0800_L2ARP030_FLDK.02401_02401.nc
2025-12-19 12:06:39,521 - INFO - Cropped NC_H08_20200622_0800_L2ARP030_FLDK.02401_02401.nc to Malaysia Domain.
2025-12-19 12:06:44,253 - INFO - Downloaded: NC_H08_20200622_0900_L2ARP030_FLDK.02401_02401.nc
2025-12-19 12:06:44,312 - INFO - Cropped NC_H08_20200622_0900_L2ARP030_FLDK.02401_02401.nc to Malaysia Domain.
2025-12-19 12:06:54,309 - INFO - Downloaded: NC_H08_20200623_0000_L2ARP030_FLDK.02401_02401.nc
2025-12-19 12:06:54,387 - INFO - Cropped NC_H08_20200623_0000_L2ARP030_FLDK.02401_02401.nc to Malaysia Domain.
2025-12-19 12:06:58,642 - INFO - Downloaded: NC_H08_20200623_0100_L2ARP030_FLDK.02401_02401.nc
2025-12-19 12:06:58,724 - INFO - Cropped NC_H08_20200623_0100_L2ARP030_FLDK.02401_02401.nc to Malaysia Domain.
2025-12-19 12:07:03,383 - INFO - Downloaded: NC_H08_20200623_0200_L2ARP030_FLDK.02401_02401.nc
2025-12-19 12:07:03,468 - INFO - Cropped NC_H08_20200623_0200_L2ARP030_FLDK.02401_02401.nc to Malaysia Domain.
2025-12-19 12:07:08,120 - INFO - Downloaded: NC_H08_20200623_0300_L2ARP030_FLDK.02401_02401.nc
2025-12-19 12:07:08,207 - INFO - Cropped NC_H08_20200623_0300_L2ARP030_FLDK.02401_02401.nc to Malaysia Domain.
2025-12-19 12:07:12,616 - INFO - Downloaded: NC_H08_20200623_0400_L2ARP030_FLDK.02401_02401.nc
2025-12-19 12:07:12,691 - INFO - Cropped NC_H08_20200623_0400_L2ARP030_FLDK.02401_02401.nc to Malaysia Domain.
2025-12-19 12:08:06,983 - INFO - Downloaded: NC_H08_20200623_0500_L2ARP030_FLDK.02401_02401.nc
2025-12-19 12:08:07,056 - INFO - Cropped NC_H08_20200623_0500_L2ARP030_FLDK.02401_02401.nc to Malaysia Domain.
2025-12-19 12:08:13,410 - INFO - Downloaded: NC_H08_20200623_0600_L2ARP030_FLDK.02401_02401.nc
2025-12-19 12:08:13,480 - INFO - Cropped NC_H08_20200623_0600_L2ARP030_FLDK.02401_02401.nc to Malaysia Domain.
2025-12-19 12:08:42,142 - INFO - Downloaded: NC_H08_20200623_0700_L2ARP030_FLDK.02401_02401.nc
2025-12-19 12:08:42,208 - INFO - Cropped NC_H08_20200623_0700_L2ARP030_FLDK.02401_02401.nc to Malaysia Domain.
2025-12-19 12:08:49,918 - INFO - Downloaded: NC_H08_20200623_0800_L2ARP030_FLDK.02401_02401.nc
2025-12-19 12:08:49,982 - INFO - Cropped NC_H08_20200623_0800_L2ARP030_FLDK.02401_02401.nc to Malaysia Domain.
2025-12-19 12:09:06,970 - INFO - Downloaded: NC_H08_20200623_0900_L2ARP030_FLDK.02401_02401.nc
2025-12-19 12:09:07,036 - INFO - Cropped NC_H08_20200623_0900_L2ARP030_FLDK.02401_02401.nc to Malaysia Domain.
2025-12-19 12:09:17,340 - INFO - Downloaded: NC_H08_20200624_0000_L2ARP030_FLDK.02401_02401.nc
2025-12-19 12:09:17,414 - INFO - Cropped NC_H08_20200624_0000_L2ARP030_FLDK.02401_02401.nc to Malaysia Domain.
2025-12-19 12:09:24,802 - INFO - Downloaded: NC_H08_20200624_0100_L2ARP030_FLDK.02401_02401.nc
2025-12-19 12:09:24,879 - INFO - Cropped NC_H08_20200624_0100_L2ARP030_FLDK.02401_02401.nc to Malaysia Domain.
2025-12-19 12:09:32,911 - INFO - Downloaded: NC_H08_20200624_0200_L2ARP030_FLDK.02401_02401.nc
2025-12-19 12:09:32,988 - INFO - Cropped NC_H08_20200624_0200_L2ARP030_FLDK.02401_02401.nc to Malaysia Domain.
2025-12-19 12:10:43,571 - INFO - Downloaded: NC_H08_20200624_0300_L2ARP030_FLDK.02401_02401.nc
2025-12-19 12:10:43,647 - INFO - Cropped NC_H08_20200624_0300_L2ARP030_FLDK.02401_02401.nc to Malaysia Domain.
2025-12-19 12:11:47,858 - INFO - Downloaded: NC_H08_20200624_0400_L2ARP030_FLDK.02401_02401.nc
2025-12-19 12:11:47,933 - INFO - Cropped NC_H08_20200624_0400_L2ARP030_FLDK.02401_02401.nc to Malaysia Domain.
2025-12-19 12:11:54,651 - INFO - Downloaded: NC_H08_20200624_0500_L2ARP030_FLDK.02401_02401.nc
2025-12-19 12:11:54,733 - INFO - Cropped NC_H08_20200624_0500_L2ARP030_FLDK.02401_02401.nc to Malaysia Domain.
2025-12-19 12:11:59,073 - INFO - Downloaded: NC_H08_20200624_0600_L2ARP030_FLDK.02401_02401.nc
2025-12-19 12:11:59,147 - INFO - Cropped NC_H08_20200624_0600_L2ARP030_FLDK.02401_02401.nc to Malaysia Domain.
2025-12-19 12:12:02,140 - INFO - Downloaded: NC_H08_20200624_0700_L2ARP030_FLDK.02401_02401.nc
2025-12-19 12:12:02,204 - INFO - Cropped NC_H08_20200624_0700_L2ARP030_FLDK.02401_02401.nc to Malaysia Domain.
2025-12-19 12:12:23,871 - INFO - Downloaded: NC_H08_20200624_0800_L2ARP030_FLDK.02401_02401.nc
2025-12-19 12:12:23,931 - INFO - Cropped NC_H08_20200624_0800_L2ARP030_FLDK.02401_02401.nc to Malaysia Domain.
2025-12-19 12:12:28,937 - INFO - Downloaded: NC_H08_20200624_0900_L2ARP030_FLDK.02401_02401.nc
2025-12-19 12:12:29,000 - INFO - Cropped NC_H08_20200624_0900_L2ARP030_FLDK.02401_02401.nc to Malaysia Domain.
2025-12-19 12:13:26,024 - INFO - Downloaded: NC_H08_20200625_0000_L2ARP030_FLDK.02401_02401.nc
2025-12-19 12:13:26,103 - INFO - Cropped NC_H08_20200625_0000_L2ARP030_FLDK.02401_02401.nc to Malaysia Domain.
2025-12-19 12:14:41,080 - INFO - Downloaded: NC_H08_20200625_0100_L2ARP030_FLDK.02401_02401.nc
2025-12-19 12:14:41,154 - INFO - Cropped NC_H08_20200625_0100_L2ARP030_FLDK.02401_02401.nc to Malaysia Domain.
2025-12-19 12:14:51,894 - INFO - Downloaded: NC_H08_20200625_0200_L2ARP030_FLDK.02401_02401.nc
2025-12-19 12:14:51,970 - INFO - Cropped NC_H08_20200625_0200_L2ARP030_FLDK.02401_02401.nc to Malaysia Domain.
2025-12-19 12:16:13,714 - INFO - Downloaded: NC_H08_20200625_0300_L2ARP030_FLDK.02401_02401.nc
2025-12-19 12:16:13,790 - INFO - Cropped NC_H08_20200625_0300_L2ARP030_FLDK.02401_02401.nc to Malaysia Domain.
2025-12-19 12:17:44,139 - INFO - Downloaded: NC_H08_20200625_0400_L2ARP030_FLDK.02401_02401.nc
2025-12-19 12:17:44,209 - INFO - Cropped NC_H08_20200625_0400_L2ARP030_FLDK.02401_02401.nc to Malaysia Domain.
2025-12-19 12:18:42,346 - INFO - Downloaded: NC_H08_20200625_0500_L2ARP030_FLDK.02401_02401.nc
2025-12-19 12:18:42,411 - INFO - Cropped NC_H08_20200625_0500_L2ARP030_FLDK.02401_02401.nc to Malaysia Domain.
2025-12-19 12:18:52,000 - INFO - Downloaded: NC_H08_20200625_0600_L2ARP030_FLDK.02401_02401.nc
2025-12-19 12:18:52,065 - INFO - Cropped NC_H08_20200625_0600_L2ARP030_FLDK.02401_02401.nc to Malaysia Domain.
2025-12-19 12:18:55,699 - INFO - Downloaded: NC_H08_20200625_0700_L2ARP030_FLDK.02401_02401.nc
2025-12-19 12:18:55,763 - INFO - Cropped NC_H08_20200625_0700_L2ARP030_FLDK.02401_02401.nc to Malaysia Domain.
2025-12-19 12:18:59,046 - INFO - Downloaded: NC_H08_20200625_0800_L2ARP030_FLDK.02401_02401.nc
2025-12-19 12:18:59,111 - INFO - Cropped NC_H08_20200625_0800_L2ARP030_FLDK.02401_02401.nc to Malaysia Domain.
2025-12-19 12:19:01,907 - INFO - Downloaded: NC_H08_20200625_0900_L2ARP030_FLDK.02401_02401.nc
2025-12-19 12:19:01,965 - INFO - Cropped NC_H08_20200625_0900_L2ARP030_FLDK.02401_02401.nc to Malaysia Domain.
2025-12-19 12:20:04,152 - INFO - Downloaded: NC_H08_20200626_0000_L2ARP030_FLDK.02401_02401.nc
2025-12-19 12:20:04,219 - INFO - Cropped NC_H08_20200626_0000_L2ARP030_FLDK.02401_02401.nc to Malaysia Domain.
2025-12-19 12:20:11,125 - INFO - Downloaded: NC_H08_20200626_0100_L2ARP030_FLDK.02401_02401.nc
2025-12-19 12:20:11,195 - INFO - Cropped NC_H08_20200626_0100_L2ARP030_FLDK.02401_02401.nc to Malaysia Domain.
2025-12-19 12:20:16,475 - INFO - Downloaded: NC_H08_20200626_0200_L2ARP030_FLDK.02401_02401.nc
2025-12-19 12:20:16,548 - INFO - Cropped NC_H08_20200626_0200_L2ARP030_FLDK.02401_02401.nc to Malaysia Domain.
2025-12-19 12:20:21,670 - INFO - Downloaded: NC_H08_20200626_0300_L2ARP030_FLDK.02401_02401.nc
2025-12-19 12:20:21,741 - INFO - Cropped NC_H08_20200626_0300_L2ARP030_FLDK.02401_02401.nc to Malaysia Domain.
2025-12-19 12:21:26,397 - INFO - Downloaded: NC_H08_20200626_0400_L2ARP030_FLDK.02401_02401.nc
2025-12-19 12:21:26,464 - INFO - Cropped NC_H08_20200626_0400_L2ARP030_FLDK.02401_02401.nc to Malaysia Domain.
2025-12-19 12:21:36,525 - INFO - Downloaded: NC_H08_20200626_0500_L2ARP030_FLDK.02401_02401.nc
2025-12-19 12:21:36,590 - INFO - Cropped NC_H08_20200626_0500_L2ARP030_FLDK.02401_02401.nc to Malaysia Domain.
2025-12-19 12:21:42,692 - INFO - Downloaded: NC_H08_20200626_0600_L2ARP030_FLDK.02401_02401.nc
2025-12-19 12:21:42,756 - INFO - Cropped NC_H08_20200626_0600_L2ARP030_FLDK.02401_02401.nc to Malaysia Domain.
2025-12-19 12:21:47,845 - INFO - Downloaded: NC_H08_20200626_0700_L2ARP030_FLDK.02401_02401.nc
2025-12-19 12:21:47,907 - INFO - Cropped NC_H08_20200626_0700_L2ARP030_FLDK.02401_02401.nc to Malaysia Domain.
2025-12-19 12:22:21,373 - INFO - Downloaded: NC_H08_20200626_0800_L2ARP030_FLDK.02401_02401.nc
2025-12-19 12:22:21,435 - INFO - Cropped NC_H08_20200626_0800_L2ARP030_FLDK.02401_02401.nc to Malaysia Domain.
2025-12-19 12:22:42,495 - INFO - Downloaded: NC_H08_20200626_0900_L2ARP030_FLDK.02401_02401.nc
2025-12-19 12:22:42,556 - INFO - Cropped NC_H08_20200626_0900_L2ARP030_FLDK.02401_02401.nc to Malaysia Domain.
2025-12-19 12:22:52,890 - INFO - Downloaded: NC_H08_20200627_0000_L2ARP030_FLDK.02401_02401.nc
2025-12-19 12:22:52,961 - INFO - Cropped NC_H08_20200627_0000_L2ARP030_FLDK.02401_02401.nc to Malaysia Domain.
2025-12-19 12:22:57,131 - INFO - Downloaded: NC_H08_20200627_0100_L2ARP030_FLDK.02401_02401.nc
2025-12-19 12:22:57,201 - INFO - Cropped NC_H08_20200627_0100_L2ARP030_FLDK.02401_02401.nc to Malaysia Domain.
2025-12-19 12:24:23,009 - INFO - Downloaded: NC_H08_20200627_0200_L2ARP030_FLDK.02401_02401.nc
2025-12-19 12:24:23,083 - INFO - Cropped NC_H08_20200627_0200_L2ARP030_FLDK.02401_02401.nc to Malaysia Domain.
2025-12-19 12:24:30,368 - INFO - Downloaded: NC_H08_20200627_0300_L2ARP030_FLDK.02401_02401.nc
2025-12-19 12:24:30,437 - INFO - Cropped NC_H08_20200627_0300_L2ARP030_FLDK.02401_02401.nc to Malaysia Domain.
2025-12-19 12:24:33,912 - INFO - Downloaded: NC_H08_20200627_0400_L2ARP030_FLDK.02401_02401.nc
2025-12-19 12:24:33,979 - INFO - Cropped NC_H08_20200627_0400_L2ARP030_FLDK.02401_02401.nc to Malaysia Domain.
2025-12-19 12:24:37,595 - INFO - Downloaded: NC_H08_20200627_0500_L2ARP030_FLDK.02401_02401.nc
2025-12-19 12:24:37,662 - INFO - Cropped NC_H08_20200627_0500_L2ARP030_FLDK.02401_02401.nc to Malaysia Domain.
2025-12-19 12:25:26,309 - INFO - Downloaded: NC_H08_20200627_0600_L2ARP030_FLDK.02401_02401.nc
2025-12-19 12:25:26,375 - INFO - Cropped NC_H08_20200627_0600_L2ARP030_FLDK.02401_02401.nc to Malaysia Domain.
2025-12-19 12:25:35,378 - INFO - Downloaded: NC_H08_20200627_0700_L2ARP030_FLDK.02401_02401.nc
2025-12-19 12:25:35,447 - INFO - Cropped NC_H08_20200627_0700_L2ARP030_FLDK.02401_02401.nc to Malaysia Domain.
2025-12-19 12:26:01,369 - INFO - Downloaded: NC_H08_20200627_0800_L2ARP030_FLDK.02401_02401.nc
2025-12-19 12:26:01,433 - INFO - Cropped NC_H08_20200627_0800_L2ARP030_FLDK.02401_02401.nc to Malaysia Domain.
2025-12-19 12:26:08,232 - INFO - Downloaded: NC_H08_20200627_0900_L2ARP030_FLDK.02401_02401.nc
2025-12-19 12:26:08,291 - INFO - Cropped NC_H08_20200627_0900_L2ARP030_FLDK.02401_02401.nc to Malaysia Domain.
2025-12-19 12:26:18,553 - INFO - Downloaded: NC_H08_20200628_0000_L2ARP030_FLDK.02401_02401.nc
2025-12-19 12:26:18,626 - INFO - Cropped NC_H08_20200628_0000_L2ARP030_FLDK.02401_02401.nc to Malaysia Domain.
2025-12-19 12:26:22,741 - INFO - Downloaded: NC_H08_20200628_0100_L2ARP030_FLDK.02401_02401.nc
2025-12-19 12:26:22,816 - INFO - Cropped NC_H08_20200628_0100_L2ARP030_FLDK.02401_02401.nc to Malaysia Domain.
2025-12-19 12:26:27,311 - INFO - Downloaded: NC_H08_20200628_0200_L2ARP030_FLDK.02401_02401.nc
2025-12-19 12:26:27,385 - INFO - Cropped NC_H08_20200628_0200_L2ARP030_FLDK.02401_02401.nc to Malaysia Domain.
2025-12-19 12:26:31,876 - INFO - Downloaded: NC_H08_20200628_0300_L2ARP030_FLDK.02401_02401.nc
2025-12-19 12:26:31,949 - INFO - Cropped NC_H08_20200628_0300_L2ARP030_FLDK.02401_02401.nc to Malaysia Domain.
2025-12-19 12:26:35,264 - INFO - Downloaded: NC_H08_20200628_0400_L2ARP030_FLDK.02401_02401.nc
2025-12-19 12:26:35,335 - INFO - Cropped NC_H08_20200628_0400_L2ARP030_FLDK.02401_02401.nc to Malaysia Domain.
2025-12-19 12:27:28,567 - INFO - Downloaded: NC_H08_20200628_0500_L2ARP030_FLDK.02401_02401.nc
2025-12-19 12:27:28,642 - INFO - Cropped NC_H08_20200628_0500_L2ARP030_FLDK.02401_02401.nc to Malaysia Domain.
2025-12-19 12:27:38,483 - INFO - Downloaded: NC_H08_20200628_0600_L2ARP030_FLDK.02401_02401.nc
2025-12-19 12:27:38,554 - INFO - Cropped NC_H08_20200628_0600_L2ARP030_FLDK.02401_02401.nc to Malaysia Domain.
2025-12-19 12:28:12,559 - INFO - Downloaded: NC_H08_20200628_0700_L2ARP030_FLDK.02401_02401.nc
2025-12-19 12:28:12,631 - INFO - Cropped NC_H08_20200628_0700_L2ARP030_FLDK.02401_02401.nc to Malaysia Domain.
2025-12-19 12:28:39,284 - INFO - Downloaded: NC_H08_20200628_0800_L2ARP030_FLDK.02401_02401.nc
2025-12-19 12:28:39,350 - INFO - Cropped NC_H08_20200628_0800_L2ARP030_FLDK.02401_02401.nc to Malaysia Domain.
2025-12-19 12:28:46,139 - INFO - Downloaded: NC_H08_20200628_0900_L2ARP030_FLDK.02401_02401.nc
2025-12-19 12:28:46,204 - INFO - Cropped NC_H08_20200628_0900_L2ARP030_FLDK.02401_02401.nc to Malaysia Domain.
2025-12-19 12:29:46,837 - INFO - Downloaded: NC_H08_20200629_0000_L2ARP030_FLDK.02401_02401.nc
2025-12-19 12:29:46,907 - INFO - Cropped NC_H08_20200629_0000_L2ARP030_FLDK.02401_02401.nc to Malaysia Domain.
2025-12-19 12:29:53,873 - INFO - Downloaded: NC_H08_20200629_0100_L2ARP030_FLDK.02401_02401.nc
2025-12-19 12:29:53,945 - INFO - Cropped NC_H08_20200629_0100_L2ARP030_FLDK.02401_02401.nc to Malaysia Domain.
2025-12-19 12:29:59,125 - INFO - Downloaded: NC_H08_20200629_0200_L2ARP030_FLDK.02401_02401.nc
2025-12-19 12:29:59,197 - INFO - Cropped NC_H08_20200629_0200_L2ARP030_FLDK.02401_02401.nc to Malaysia Domain.
2025-12-19 12:30:02,725 - INFO - Downloaded: NC_H08_20200629_0300_L2ARP030_FLDK.02401_02401.nc
2025-12-19 12:30:02,796 - INFO - Cropped NC_H08_20200629_0300_L2ARP030_FLDK.02401_02401.nc to Malaysia Domain.
2025-12-19 12:30:06,640 - INFO - Downloaded: NC_H08_20200629_0400_L2ARP030_FLDK.02401_02401.nc
2025-12-19 12:30:06,709 - INFO - Cropped NC_H08_20200629_0400_L2ARP030_FLDK.02401_02401.nc to Malaysia Domain.
2025-12-19 12:30:10,230 - INFO - Downloaded: NC_H08_20200629_0500_L2ARP030_FLDK.02401_02401.nc
2025-12-19 12:30:10,299 - INFO - Cropped NC_H08_20200629_0500_L2ARP030_FLDK.02401_02401.nc to Malaysia Domain.
2025-12-19 12:30:55,930 - INFO - Downloaded: NC_H08_20200629_0600_L2ARP030_FLDK.02401_02401.nc
2025-12-19 12:30:55,992 - INFO - Cropped NC_H08_20200629_0600_L2ARP030_FLDK.02401_02401.nc to Malaysia Domain.
2025-12-19 12:31:03,015 - INFO - Downloaded: NC_H08_20200629_0700_L2ARP030_FLDK.02401_02401.nc
2025-12-19 12:31:03,077 - INFO - Cropped NC_H08_20200629_0700_L2ARP030_FLDK.02401_02401.nc to Malaysia Domain.
2025-12-19 12:31:06,448 - INFO - Downloaded: NC_H08_20200629_0800_L2ARP030_FLDK.02401_02401.nc
2025-12-19 12:31:06,518 - INFO - Cropped NC_H08_20200629_0800_L2ARP030_FLDK.02401_02401.nc to Malaysia Domain.
2025-12-19 12:31:09,247 - INFO - Downloaded: NC_H08_20200629_0900_L2ARP030_FLDK.02401_02401.nc
2025-12-19 12:31:09,307 - INFO - Cropped NC_H08_20200629_0900_L2ARP030_FLDK.02401_02401.nc to Malaysia Domain.
2025-12-19 12:32:28,621 - INFO - Downloaded: NC_H08_20200630_0000_L2ARP030_FLDK.02401_02401.nc
2025-12-19 12:32:28,694 - INFO - Cropped NC_H08_20200630_0000_L2ARP030_FLDK.02401_02401.nc to Malaysia Domain.
2025-12-19 12:32:39,222 - INFO - Downloaded: NC_H08_20200630_0100_L2ARP030_FLDK.02401_02401.nc
2025-12-19 12:32:39,299 - INFO - Cropped NC_H08_20200630_0100_L2ARP030_FLDK.02401_02401.nc to Malaysia Domain.
2025-12-19 12:32:43,381 - INFO - Downloaded: NC_H08_20200630_0200_L2ARP030_FLDK.02401_02401.nc
2025-12-19 12:32:43,458 - INFO - Cropped NC_H08_20200630_0200_L2ARP030_FLDK.02401_02401.nc to Malaysia Domain.
2025-12-19 12:34:07,136 - INFO - Downloaded: NC_H08_20200630_0300_L2ARP030_FLDK.02401_02401.nc
2025-12-19 12:34:07,212 - INFO - Cropped NC_H08_20200630_0300_L2ARP030_FLDK.02401_02401.nc to Malaysia Domain.
2025-12-19 12:34:13,981 - INFO - Downloaded: NC_H08_20200630_0400_L2ARP030_FLDK.02401_02401.nc
2025-12-19 12:34:14,050 - INFO - Cropped NC_H08_20200630_0400_L2ARP030_FLDK.02401_02401.nc to Malaysia Domain.
2025-12-19 12:34:18,362 - INFO - Downloaded: NC_H08_20200630_0500_L2ARP030_FLDK.02401_02401.nc
2025-12-19 12:34:18,425 - INFO - Cropped NC_H08_20200630_0500_L2ARP030_FLDK.02401_02401.nc to Malaysia Domain.
2025-12-19 12:35:05,662 - INFO - Downloaded: NC_H08_20200630_0600_L2ARP030_FLDK.02401_02401.nc
2025-12-19 12:35:05,748 - INFO - Cropped NC_H08_20200630_0600_L2ARP030_FLDK.02401_02401.nc to Malaysia Domain.
2025-12-19 12:35:11,607 - INFO - Downloaded: NC_H08_20200630_0700_L2ARP030_FLDK.02401_02401.nc
2025-12-19 12:35:11,672 - INFO - Cropped NC_H08_20200630_0700_L2ARP030_FLDK.02401_02401.nc to Malaysia Domain.
2025-12-19 12:35:15,580 - INFO - Downloaded: NC_H08_20200630_0800_L2ARP030_FLDK.02401_02401.nc
2025-12-19 12:35:15,643 - INFO - Cropped NC_H08_20200630_0800_L2ARP030_FLDK.02401_02401.nc to Malaysia Domain.
2025-12-19 12:35:18,966 - INFO - Downloaded: NC_H08_20200630_0900_L2ARP030_FLDK.02401_02401.nc
2025-12-19 12:35:19,029 - INFO - Cropped NC_H08_20200630_0900_L2ARP030_FLDK.02401_02401.nc to Malaysia Domain.
2025-12-19 12:36:32,787 - INFO - Downloaded: NC_H08_20200701_0000_L2ARP030_FLDK.02401_02401.nc
2025-12-19 12:36:32,870 - INFO - Cropped NC_H08_20200701_0000_L2ARP030_FLDK.02401_02401.nc to Malaysia Domain.
2025-12-19 12:36:43,564 - INFO - Downloaded: NC_H08_20200701_0100_L2ARP030_FLDK.02401_02401.nc
2025-12-19 12:36:43,662 - INFO - Cropped NC_H08_20200701_0100_L2ARP030_FLDK.02401_02401.nc to Malaysia Domain.
2025-12-19 12:36:50,821 - INFO - Downloaded: NC_H08_20200701_0200_L2ARP030_FLDK.02401_02401.nc
2025-12-19 12:36:50,916 - INFO - Cropped NC_H08_20200701_0200_L2ARP030_FLDK.02401_02401.nc to Malaysia Domain.
2025-12-19 12:36:59,714 - INFO - Downloaded: NC_H08_20200701_0300_L2ARP030_FLDK.02401_02401.nc
2025-12-19 12:36:59,802 - INFO - Cropped NC_H08_20200701_0300_L2ARP030_FLDK.02401_02401.nc to Malaysia Domain.
2025-12-19 12:37:07,796 - INFO - Downloaded: NC_H08_20200701_0400_L2ARP030_FLDK.02401_02401.nc
2025-12-19 12:37:07,881 - INFO - Cropped NC_H08_20200701_0400_L2ARP030_FLDK.02401_02401.nc to Malaysia Domain.
2025-12-19 12:37:11,848 - INFO - Downloaded: NC_H08_20200701_0500_L2ARP030_FLDK.02401_02401.nc
2025-12-19 12:37:11,932 - INFO - Cropped NC_H08_20200701_0500_L2ARP030_FLDK.02401_02401.nc to Malaysia Domain.
2025-12-19 12:38:08,278 - INFO - Downloaded: NC_H08_20200701_0600_L2ARP030_FLDK.02401_02401.nc
2025-12-19 12:38:08,351 - INFO - Cropped NC_H08_20200701_0600_L2ARP030_FLDK.02401_02401.nc to Malaysia Domain.
2025-12-19 12:38:14,310 - INFO - Downloaded: NC_H08_20200701_0700_L2ARP030_FLDK.02401_02401.nc
2025-12-19 12:38:14,384 - INFO - Cropped NC_H08_20200701_0700_L2ARP030_FLDK.02401_02401.nc to Malaysia Domain.
2025-12-19 12:38:17,508 - INFO - Downloaded: NC_H08_20200701_0800_L2ARP030_FLDK.02401_02401.nc
2025-12-19 12:38:17,583 - INFO - Cropped NC_H08_20200701_0800_L2ARP030_FLDK.02401_02401.nc to Malaysia Domain.
2025-12-19 12:38:20,257 - INFO - Downloaded: NC_H08_20200701_0900_L2ARP030_FLDK.02401_02401.nc
2025-12-19 12:38:20,330 - INFO - Cropped NC_H08_20200701_0900_L2ARP030_FLDK.02401_02401.nc to Malaysia Domain.
2025-12-19 12:38:26,416 - INFO - Downloaded: NC_H08_20200702_0000_L2ARP030_FLDK.02401_02401.nc
2025-12-19 12:38:26,500 - INFO - Cropped NC_H08_20200702_0000_L2ARP030_FLDK.02401_02401.nc to Malaysia Domain.
2025-12-19 12:39:54,828 - INFO - Downloaded: NC_H08_20200702_0100_L2ARP030_FLDK.02401_02401.nc
2025-12-19 12:39:54,917 - INFO - Cropped NC_H08_20200702_0100_L2ARP030_FLDK.02401_02401.nc to Malaysia Domain.
2025-12-19 12:40:02,490 - INFO - Downloaded: NC_H08_20200702_0200_L2ARP030_FLDK.02401_02401.nc
2025-12-19 12:40:02,581 - INFO - Cropped NC_H08_20200702_0200_L2ARP030_FLDK.02401_02401.nc to Malaysia Domain.
2025-12-19 12:41:15,195 - INFO - Downloaded: NC_H08_20200702_0300_L2ARP030_FLDK.02401_02401.nc
2025-12-19 12:41:15,286 - INFO - Cropped NC_H08_20200702_0300_L2ARP030_FLDK.02401_02401.nc to Malaysia Domain.
2025-12-19 12:41:22,102 - INFO - Downloaded: NC_H08_20200702_0400_L2ARP030_FLDK.02401_02401.nc
2025-12-19 12:41:22,183 - INFO - Cropped NC_H08_20200702_0400_L2ARP030_FLDK.02401_02401.nc to Malaysia Domain.
2025-12-19 12:41:25,418 - INFO - Downloaded: NC_H08_20200702_0500_L2ARP030_FLDK.02401_02401.nc
2025-12-19 12:41:25,493 - INFO - Cropped NC_H08_20200702_0500_L2ARP030_FLDK.02401_02401.nc to Malaysia Domain.
2025-12-19 12:42:10,255 - INFO - Downloaded: NC_H08_20200702_0600_L2ARP030_FLDK.02401_02401.nc
2025-12-19 12:42:10,326 - INFO - Cropped NC_H08_20200702_0600_L2ARP030_FLDK.02401_02401.nc to Malaysia Domain.
2025-12-19 12:42:16,465 - INFO - Downloaded: NC_H08_20200702_0700_L2ARP030_FLDK.02401_02401.nc
2025-12-19 12:42:16,535 - INFO - Cropped NC_H08_20200702_0700_L2ARP030_FLDK.02401_02401.nc to Malaysia Domain.
2025-12-19 12:42:20,708 - INFO - Downloaded: NC_H08_20200702_0800_L2ARP030_FLDK.02401_02401.nc
2025-12-19 12:42:20,779 - INFO - Cropped NC_H08_20200702_0800_L2ARP030_FLDK.02401_02401.nc to Malaysia Domain.
2025-12-19 12:42:46,240 - INFO - Downloaded: NC_H08_20200702_0900_L2ARP030_FLDK.02401_02401.nc
2025-12-19 12:42:46,307 - INFO - Cropped NC_H08_20200702_0900_L2ARP030_FLDK.02401_02401.nc to Malaysia Domain.
2025-12-19 12:42:56,562 - INFO - Downloaded: NC_H08_20200703_0000_L2ARP030_FLDK.02401_02401.nc
2025-12-19 12:42:56,641 - INFO - Cropped NC_H08_20200703_0000_L2ARP030_FLDK.02401_02401.nc to Malaysia Domain.
2025-12-19 12:43:00,647 - INFO - Downloaded: NC_H08_20200703_0100_L2ARP030_FLDK.02401_02401.nc
2025-12-19 12:43:00,735 - INFO - Cropped NC_H08_20200703_0100_L2ARP030_FLDK.02401_02401.nc to Malaysia Domain.
2025-12-19 12:43:04,073 - INFO - Downloaded: NC_H08_20200703_0200_L2ARP030_FLDK.02401_02401.nc
2025-12-19 12:43:04,158 - INFO - Cropped NC_H08_20200703_0200_L2ARP030_FLDK.02401_02401.nc to Malaysia Domain.
2025-12-19 12:43:07,215 - INFO - Downloaded: NC_H08_20200703_0300_L2ARP030_FLDK.02401_02401.nc
2025-12-19 12:43:07,299 - INFO - Cropped NC_H08_20200703_0300_L2ARP030_FLDK.02401_02401.nc to Malaysia Domain.
2025-12-19 12:43:10,254 - INFO - Downloaded: NC_H08_20200703_0400_L2ARP030_FLDK.02401_02401.nc
2025-12-19 12:43:10,329 - INFO - Cropped NC_H08_20200703_0400_L2ARP030_FLDK.02401_02401.nc to Malaysia Domain.
2025-12-19 12:43:13,131 - INFO - Downloaded: NC_H08_20200703_0500_L2ARP030_FLDK.02401_02401.nc
2025-12-19 12:43:13,201 - INFO - Cropped NC_H08_20200703_0500_L2ARP030_FLDK.02401_02401.nc to Malaysia Domain.
2025-12-19 12:43:16,403 - INFO - Downloaded: NC_H08_20200703_0600_L2ARP030_FLDK.02401_02401.nc
2025-12-19 12:43:16,469 - INFO - Cropped NC_H08_20200703_0600_L2ARP030_FLDK.02401_02401.nc to Malaysia Domain.
2025-12-19 12:43:18,981 - INFO - Downloaded: NC_H08_20200703_0700_L2ARP030_FLDK.02401_02401.nc
2025-12-19 12:43:19,047 - INFO - Cropped NC_H08_20200703_0700_L2ARP030_FLDK.02401_02401.nc to Malaysia Domain.
2025-12-19 12:43:21,434 - INFO - Downloaded: NC_H08_20200703_0800_L2ARP030_FLDK.02401_02401.nc
2025-12-19 12:43:21,502 - INFO - Cropped NC_H08_20200703_0800_L2ARP030_FLDK.02401_02401.nc to Malaysia Domain.
2025-12-19 12:43:39,466 - INFO - Downloaded: NC_H08_20200703_0900_L2ARP030_FLDK.02401_02401.nc
2025-12-19 12:43:39,538 - INFO - Cropped NC_H08_20200703_0900_L2ARP030_FLDK.02401_02401.nc to Malaysia Domain.
2025-12-19 12:43:46,229 - INFO - Downloaded: NC_H08_20200704_0000_L2ARP030_FLDK.02401_02401.nc
2025-12-19 12:43:46,303 - INFO - Cropped NC_H08_20200704_0000_L2ARP030_FLDK.02401_02401.nc to Malaysia Domain.
2025-12-19 12:43:51,422 - INFO - Downloaded: NC_H08_20200704_0100_L2ARP030_FLDK.02401_02401.nc
2025-12-19 12:43:51,498 - INFO - Cropped NC_H08_20200704_0100_L2ARP030_FLDK.02401_02401.nc to Malaysia Domain.
2025-12-19 12:44:51,862 - INFO - Downloaded: NC_H08_20200704_0200_L2ARP030_FLDK.02401_02401.nc
2025-12-19 12:44:51,938 - INFO - Cropped NC_H08_20200704_0200_L2ARP030_FLDK.02401_02401.nc to Malaysia Domain.
2025-12-19 12:45:02,476 - INFO - Downloaded: NC_H08_20200704_0300_L2ARP030_FLDK.02401_02401.nc
2025-12-19 12:45:02,555 - INFO - Cropped NC_H08_20200704_0300_L2ARP030_FLDK.02401_02401.nc to Malaysia Domain.
2025-12-19 12:45:06,447 - INFO - Downloaded: NC_H08_20200704_0400_L2ARP030_FLDK.02401_02401.nc
2025-12-19 12:45:06,518 - INFO - Cropped NC_H08_20200704_0400_L2ARP030_FLDK.02401_02401.nc to Malaysia Domain.
2025-12-19 12:45:10,414 - INFO - Downloaded: NC_H08_20200704_0500_L2ARP030_FLDK.02401_02401.nc
2025-12-19 12:45:10,481 - INFO - Cropped NC_H08_20200704_0500_L2ARP030_FLDK.02401_02401.nc to Malaysia Domain.
2025-12-19 12:45:13,360 - INFO - Downloaded: NC_H08_20200704_0600_L2ARP030_FLDK.02401_02401.nc
2025-12-19 12:45:13,427 - INFO - Cropped NC_H08_20200704_0600_L2ARP030_FLDK.02401_02401.nc to Malaysia Domain.
2025-12-19 12:45:16,560 - INFO - Downloaded: NC_H08_20200704_0700_L2ARP030_FLDK.02401_02401.nc
2025-12-19 12:45:16,630 - INFO - Cropped NC_H08_20200704_0700_L2ARP030_FLDK.02401_02401.nc to Malaysia Domain.
2025-12-19 12:45:19,163 - INFO - Downloaded: NC_H08_20200704_0800_L2ARP030_FLDK.02401_02401.nc
2025-12-19 12:45:19,233 - INFO - Cropped NC_H08_20200704_0800_L2ARP030_FLDK.02401_02401.nc to Malaysia Domain.
2025-12-19 12:45:21,723 - INFO - Downloaded: NC_H08_20200704_0900_L2ARP030_FLDK.02401_02401.nc
2025-12-19 12:45:21,791 - INFO - Cropped NC_H08_20200704_0900_L2ARP030_FLDK.02401_02401.nc to Malaysia Domain.
2025-12-19 12:45:25,793 - INFO - Downloaded: NC_H08_20200705_0000_L2ARP030_FLDK.02401_02401.nc
2025-12-19 12:45:25,874 - INFO - Cropped NC_H08_20200705_0000_L2ARP030_FLDK.02401_02401.nc to Malaysia Domain.
2025-12-19 12:46:40,066 - INFO - Downloaded: NC_H08_20200705_0100_L2ARP030_FLDK.02401_02401.nc
2025-12-19 12:46:40,150 - INFO - Cropped NC_H08_20200705_0100_L2ARP030_FLDK.02401_02401.nc to Malaysia Domain.
2025-12-19 12:48:02,688 - INFO - Downloaded: NC_H08_20200705_0200_L2ARP030_FLDK.02401_02401.nc
2025-12-19 12:48:02,775 - INFO - Cropped NC_H08_20200705_0200_L2ARP030_FLDK.02401_02401.nc to Malaysia Domain.
2025-12-19 12:48:13,226 - INFO - Downloaded: NC_H08_20200705_0300_L2ARP030_FLDK.02401_02401.nc
2025-12-19 12:48:13,309 - INFO - Cropped NC_H08_20200705_0300_L2ARP030_FLDK.02401_02401.nc to Malaysia Domain.
2025-12-19 12:48:17,262 - INFO - Downloaded: NC_H08_20200705_0400_L2ARP030_FLDK.02401_02401.nc
2025-12-19 12:48:17,347 - INFO - Cropped NC_H08_20200705_0400_L2ARP030_FLDK.02401_02401.nc to Malaysia Domain.
2025-12-19 12:48:20,385 - INFO - Downloaded: NC_H08_20200705_0500_L2ARP030_FLDK.02401_02401.nc
2025-12-19 12:48:20,468 - INFO - Cropped NC_H08_20200705_0500_L2ARP030_FLDK.02401_02401.nc to Malaysia Domain.
2025-12-19 12:49:07,063 - INFO - Downloaded: NC_H08_20200705_0600_L2ARP030_FLDK.02401_02401.nc
2025-12-19 12:49:07,138 - INFO - Cropped NC_H08_20200705_0600_L2ARP030_FLDK.02401_02401.nc to Malaysia Domain.
2025-12-19 12:49:45,446 - INFO - Downloaded: NC_H08_20200705_0700_L2ARP030_FLDK.02401_02401.nc
2025-12-19 12:49:45,521 - INFO - Cropped NC_H08_20200705_0700_L2ARP030_FLDK.02401_02401.nc to Malaysia Domain.
2025-12-19 12:49:53,604 - INFO - Downloaded: NC_H08_20200705_0800_L2ARP030_FLDK.02401_02401.nc
2025-12-19 12:49:53,684 - INFO - Cropped NC_H08_20200705_0800_L2ARP030_FLDK.02401_02401.nc to Malaysia Domain.
2025-12-19 12:49:57,593 - INFO - Downloaded: NC_H08_20200705_0900_L2ARP030_FLDK.02401_02401.nc
2025-12-19 12:49:57,673 - INFO - Cropped NC_H08_20200705_0900_L2ARP030_FLDK.02401_02401.nc to Malaysia Domain.
2025-12-19 12:50:54,406 - INFO - Downloaded: NC_H08_20200706_0000_L2ARP030_FLDK.02401_02401.nc
2025-12-19 12:50:54,491 - INFO - Cropped NC_H08_20200706_0000_L2ARP030_FLDK.02401_02401.nc to Malaysia Domain.
2025-12-19 12:51:04,906 - INFO - Downloaded: NC_H08_20200706_0100_L2ARP030_FLDK.02401_02401.nc
2025-12-19 12:51:05,010 - INFO - Cropped NC_H08_20200706_0100_L2ARP030_FLDK.02401_02401.nc to Malaysia Domain.
2025-12-19 12:51:12,269 - INFO - Downloaded: NC_H08_20200706_0200_L2ARP030_FLDK.02401_02401.nc
2025-12-19 12:51:12,383 - INFO - Cropped NC_H08_20200706_0200_L2ARP030_FLDK.02401_02401.nc to Malaysia Domain.
2025-12-19 12:51:16,482 - INFO - Downloaded: NC_H08_20200706_0300_L2ARP030_FLDK.02401_02401.nc
2025-12-19 12:51:16,591 - INFO - Cropped NC_H08_20200706_0300_L2ARP030_FLDK.02401_02401.nc to Malaysia Domain.
2025-12-19 12:52:41,089 - INFO - Downloaded: NC_H08_20200706_0400_L2ARP030_FLDK.02401_02401.nc
2025-12-19 12:52:41,183 - INFO - Cropped NC_H08_20200706_0400_L2ARP030_FLDK.02401_02401.nc to Malaysia Domain.
2025-12-19 12:52:51,260 - INFO - Downloaded: NC_H08_20200706_0500_L2ARP030_FLDK.02401_02401.nc
2025-12-19 12:52:51,347 - INFO - Cropped NC_H08_20200706_0500_L2ARP030_FLDK.02401_02401.nc to Malaysia Domain.
2025-12-19 12:53:56,339 - INFO - Downloaded: NC_H08_20200706_0600_L2ARP030_FLDK.02401_02401.nc
2025-12-19 12:53:56,412 - INFO - Cropped NC_H08_20200706_0600_L2ARP030_FLDK.02401_02401.nc to Malaysia Domain.
2025-12-19 12:54:02,438 - INFO - Downloaded: NC_H08_20200706_0700_L2ARP030_FLDK.02401_02401.nc
2025-12-19 12:54:02,509 - INFO - Cropped NC_H08_20200706_0700_L2ARP030_FLDK.02401_02401.nc to Malaysia Domain.
2025-12-19 12:54:06,289 - INFO - Downloaded: NC_H08_20200706_0800_L2ARP030_FLDK.02401_02401.nc
2025-12-19 12:54:06,364 - INFO - Cropped NC_H08_20200706_0800_L2ARP030_FLDK.02401_02401.nc to Malaysia Domain.
2025-12-19 12:54:09,554 - INFO - Downloaded: NC_H08_20200706_0900_L2ARP030_FLDK.02401_02401.nc
2025-12-19 12:54:09,628 - INFO - Cropped NC_H08_20200706_0900_L2ARP030_FLDK.02401_02401.nc to Malaysia Domain.
2025-12-19 12:54:16,140 - INFO - Downloaded: NC_H08_20200707_0000_L2ARP030_FLDK.02401_02401.nc
2025-12-19 12:54:16,214 - INFO - Cropped NC_H08_20200707_0000_L2ARP030_FLDK.02401_02401.nc to Malaysia Domain.
2025-12-19 12:54:23,274 - INFO - Downloaded: NC_H08_20200707_0100_L2ARP030_FLDK.02401_02401.nc
2025-12-19 12:54:23,359 - INFO - Cropped NC_H08_20200707_0100_L2ARP030_FLDK.02401_02401.nc to Malaysia Domain.
2025-12-19 12:54:30,725 - INFO - Downloaded: NC_H08_20200707_0200_L2ARP030_FLDK.02401_02401.nc
2025-12-19 12:54:30,808 - INFO - Cropped NC_H08_20200707_0200_L2ARP030_FLDK.02401_02401.nc to Malaysia Domain.
2025-12-19 12:55:55,069 - INFO - Downloaded: NC_H08_20200707_0300_L2ARP030_FLDK.02401_02401.nc
2025-12-19 12:55:55,156 - INFO - Cropped NC_H08_20200707_0300_L2ARP030_FLDK.02401_02401.nc to Malaysia Domain.
2025-12-19 12:57:02,321 - INFO - Downloaded: NC_H08_20200707_0400_L2ARP030_FLDK.02401_02401.nc
2025-12-19 12:57:02,396 - INFO - Cropped NC_H08_20200707_0400_L2ARP030_FLDK.02401_02401.nc to Malaysia Domain.
2025-12-19 12:57:12,332 - INFO - Downloaded: NC_H08_20200707_0500_L2ARP030_FLDK.02401_02401.nc
2025-12-19 12:57:12,405 - INFO - Cropped NC_H08_20200707_0500_L2ARP030_FLDK.02401_02401.nc to Malaysia Domain.
2025-12-19 12:57:59,536 - INFO - Downloaded: NC_H08_20200707_0600_L2ARP030_FLDK.02401_02401.nc
2025-12-19 12:57:59,605 - INFO - Cropped NC_H08_20200707_0600_L2ARP030_FLDK.02401_02401.nc to Malaysia Domain.
2025-12-19 12:58:43,699 - INFO - Downloaded: NC_H08_20200707_0700_L2ARP030_FLDK.02401_02401.nc
2025-12-19 12:58:43,768 - INFO - Cropped NC_H08_20200707_0700_L2ARP030_FLDK.02401_02401.nc to Malaysia Domain.
2025-12-19 12:58:49,314 - INFO - Downloaded: NC_H08_20200707_0800_L2ARP030_FLDK.02401_02401.nc
2025-12-19 12:58:49,383 - INFO - Cropped NC_H08_20200707_0800_L2ARP030_FLDK.02401_02401.nc to Malaysia Domain.
2025-12-19 12:58:53,335 - INFO - Downloaded: NC_H08_20200707_0900_L2ARP030_FLDK.02401_02401.nc
2025-12-19 12:58:53,398 - INFO - Cropped NC_H08_20200707_0900_L2ARP030_FLDK.02401_02401.nc to Malaysia Domain.
2025-12-19 12:59:01,708 - INFO - Downloaded: NC_H08_20200708_0000_L2ARP030_FLDK.02401_02401.nc
2025-12-19 12:59:01,784 - INFO - Cropped NC_H08_20200708_0000_L2ARP030_FLDK.02401_02401.nc to Malaysia Domain.
2025-12-19 13:00:16,467 - INFO - Downloaded: NC_H08_20200708_0100_L2ARP030_FLDK.02401_02401.nc
2025-12-19 13:00:16,544 - INFO - Cropped NC_H08_20200708_0100_L2ARP030_FLDK.02401_02401.nc to Malaysia Domain.
2025-12-19 13:01:51,715 - INFO - Downloaded: NC_H08_20200708_0200_L2ARP030_FLDK.02401_02401.nc
2025-12-19 13:01:51,810 - INFO - Cropped NC_H08_20200708_0200_L2ARP030_FLDK.02401_02401.nc to Malaysia Domain.
2025-12-19 13:03:06,599 - INFO - Downloaded: NC_H08_20200708_0300_L2ARP030_FLDK.02401_02401.nc
2025-12-19 13:03:06,676 - INFO - Cropped NC_H08_20200708_0300_L2ARP030_FLDK.02401_02401.nc to Malaysia Domain.
2025-12-19 13:03:16,853 - INFO - Downloaded: NC_H08_20200708_0400_L2ARP030_FLDK.02401_02401.nc
2025-12-19 13:03:16,927 - INFO - Cropped NC_H08_20200708_0400_L2ARP030_FLDK.02401_02401.nc to Malaysia Domain.
2025-12-19 13:03:23,141 - INFO - Downloaded: NC_H08_20200708_0500_L2ARP030_FLDK.02401_02401.nc
2025-12-19 13:03:23,216 - INFO - Cropped NC_H08_20200708_0500_L2ARP030_FLDK.02401_02401.nc to Malaysia Domain.
2025-12-19 13:04:21,137 - INFO - Downloaded: NC_H08_20200708_0600_L2ARP030_FLDK.02401_02401.nc
2025-12-19 13:04:21,207 - INFO - Cropped NC_H08_20200708_0600_L2ARP030_FLDK.02401_02401.nc to Malaysia Domain.
2025-12-19 13:04:27,356 - INFO - Downloaded: NC_H08_20200708_0700_L2ARP030_FLDK.02401_02401.nc
2025-12-19 13:04:27,427 - INFO - Cropped NC_H08_20200708_0700_L2ARP030_FLDK.02401_02401.nc to Malaysia Domain.
2025-12-19 13:04:30,425 - INFO - Downloaded: NC_H08_20200708_0800_L2ARP030_FLDK.02401_02401.nc
2025-12-19 13:04:30,498 - INFO - Cropped NC_H08_20200708_0800_L2ARP030_FLDK.02401_02401.nc to Malaysia Domain.
2025-12-19 13:04:46,575 - INFO - Downloaded: NC_H08_20200708_0900_L2ARP030_FLDK.02401_02401.nc
2025-12-19 13:04:46,640 - INFO - Cropped NC_H08_20200708_0900_L2ARP030_FLDK.02401_02401.nc to Malaysia Domain.
2025-12-19 13:05:54,296 - INFO - Downloaded: NC_H08_20200709_0000_L2ARP030_FLDK.02401_02401.nc
2025-12-19 13:05:54,370 - INFO - Cropped NC_H08_20200709_0000_L2ARP030_FLDK.02401_02401.nc to Malaysia Domain.
2025-12-19 13:06:01,228 - INFO - Downloaded: NC_H08_20200709_0100_L2ARP030_FLDK.02401_02401.nc
2025-12-19 13:06:01,306 - INFO - Cropped NC_H08_20200709_0100_L2ARP030_FLDK.02401_02401.nc to Malaysia Domain.
2025-12-19 13:06:06,375 - INFO - Downloaded: NC_H08_20200709_0200_L2ARP030_FLDK.02401_02401.nc
2025-12-19 13:06:06,455 - INFO - Cropped NC_H08_20200709_0200_L2ARP030_FLDK.02401_02401.nc to Malaysia Domain.
2025-12-19 13:06:11,345 - INFO - Downloaded: NC_H08_20200709_0300_L2ARP030_FLDK.02401_02401.nc
2025-12-19 13:06:11,419 - INFO - Cropped NC_H08_20200709_0300_L2ARP030_FLDK.02401_02401.nc to Malaysia Domain.
2025-12-19 13:07:22,938 - INFO - Downloaded: NC_H08_20200709_0400_L2ARP030_FLDK.02401_02401.nc
2025-12-19 13:07:23,010 - INFO - Cropped NC_H08_20200709_0400_L2ARP030_FLDK.02401_02401.nc to Malaysia Domain.
2025-12-19 13:07:29,563 - INFO - Downloaded: NC_H08_20200709_0500_L2ARP030_FLDK.02401_02401.nc
2025-12-19 13:07:29,629 - INFO - Cropped NC_H08_20200709_0500_L2ARP030_FLDK.02401_02401.nc to Malaysia Domain.
2025-12-19 13:07:34,232 - INFO - Downloaded: NC_H08_20200709_0600_L2ARP030_FLDK.02401_02401.nc
2025-12-19 13:07:34,298 - INFO - Cropped NC_H08_20200709_0600_L2ARP030_FLDK.02401_02401.nc to Malaysia Domain.
2025-12-19 13:07:37,396 - INFO - Downloaded: NC_H08_20200709_0700_L2ARP030_FLDK.02401_02401.nc
2025-12-19 13:07:37,465 - INFO - Cropped NC_H08_20200709_0700_L2ARP030_FLDK.02401_02401.nc to Malaysia Domain.
2025-12-19 13:08:24,603 - INFO - Downloaded: NC_H08_20200709_0800_L2ARP030_FLDK.02401_02401.nc
2025-12-19 13:08:24,670 - INFO - Cropped NC_H08_20200709_0800_L2ARP030_FLDK.02401_02401.nc to Malaysia Domain.
2025-12-19 13:08:31,896 - INFO - Downloaded: NC_H08_20200709_0900_L2ARP030_FLDK.02401_02401.nc
2025-12-19 13:08:31,962 - INFO - Cropped NC_H08_20200709_0900_L2ARP030_FLDK.02401_02401.nc to Malaysia Domain.
2025-12-19 13:08:41,795 - INFO - Downloaded: NC_H08_20200710_0000_L2ARP030_FLDK.02401_02401.nc
2025-12-19 13:08:41,865 - INFO - Cropped NC_H08_20200710_0000_L2ARP030_FLDK.02401_02401.nc to Malaysia Domain.
2025-12-19 13:10:16,503 - INFO - Downloaded: NC_H08_20200710_0100_L2ARP030_FLDK.02401_02401.nc
2025-12-19 13:10:16,574 - INFO - Cropped NC_H08_20200710_0100_L2ARP030_FLDK.02401_02401.nc to Malaysia Domain.
2025-12-19 13:10:27,023 - INFO - Downloaded: NC_H08_20200710_0200_L2ARP030_FLDK.02401_02401.nc
2025-12-19 13:10:27,095 - INFO - Cropped NC_H08_20200710_0200_L2ARP030_FLDK.02401_02401.nc to Malaysia Domain.
2025-12-19 13:11:59,310 - INFO - Downloaded: NC_H08_20200710_0300_L2ARP030_FLDK.02401_02401.nc
2025-12-19 13:11:59,379 - INFO - Cropped NC_H08_20200710_0300_L2ARP030_FLDK.02401_02401.nc to Malaysia Domain.
2025-12-19 13:12:09,522 - INFO - Downloaded: NC_H08_20200710_0400_L2ARP030_FLDK.02401_02401.nc
2025-12-19 13:12:09,587 - INFO - Cropped NC_H08_20200710_0400_L2ARP030_FLDK.02401_02401.nc to Malaysia Domain.
2025-12-19 13:13:18,616 - INFO - Downloaded: NC_H08_20200710_0500_L2ARP030_FLDK.02401_02401.nc
2025-12-19 13:13:18,682 - INFO - Cropped NC_H08_20200710_0500_L2ARP030_FLDK.02401_02401.nc to Malaysia Domain.
2025-12-19 13:13:25,040 - INFO - Downloaded: NC_H08_20200710_0600_L2ARP030_FLDK.02401_02401.nc
2025-12-19 13:13:25,103 - INFO - Cropped NC_H08_20200710_0600_L2ARP030_FLDK.02401_02401.nc to Malaysia Domain.
2025-12-19 13:13:28,361 - INFO - Downloaded: NC_H08_20200710_0700_L2ARP030_FLDK.02401_02401.nc
2025-12-19 13:13:28,427 - INFO - Cropped NC_H08_20200710_0700_L2ARP030_FLDK.02401_02401.nc to Malaysia Domain.
2025-12-19 13:14:11,724 - INFO - Downloaded: NC_H08_20200710_0800_L2ARP030_FLDK.02401_02401.nc
2025-12-19 13:14:11,787 - INFO - Cropped NC_H08_20200710_0800_L2ARP030_FLDK.02401_02401.nc to Malaysia Domain.
2025-12-19 13:14:18,716 - INFO - Downloaded: NC_H08_20200710_0900_L2ARP030_FLDK.02401_02401.nc
2025-12-19 13:14:18,778 - INFO - Cropped NC_H08_20200710_0900_L2ARP030_FLDK.02401_02401.nc to Malaysia Domain.
2025-12-19 13:15:39,169 - INFO - Downloaded: NC_H08_20200711_0000_L2ARP030_FLDK.02401_02401.nc
2025-12-19 13:15:39,240 - INFO - Cropped NC_H08_20200711_0000_L2ARP030_FLDK.02401_02401.nc to Malaysia Domain.
2025-12-19 13:17:06,661 - INFO - Downloaded: NC_H08_20200711_0100_L2ARP030_FLDK.02401_02401.nc
2025-12-19 13:17:06,738 - INFO - Cropped NC_H08_20200711_0100_L2ARP030_FLDK.02401_02401.nc to Malaysia Domain.
2025-12-19 13:18:36,884 - INFO - Downloaded: NC_H08_20200711_0200_L2ARP030_FLDK.02401_02401.nc
2025-12-19 13:18:36,963 - INFO - Cropped NC_H08_20200711_0200_L2ARP030_FLDK.02401_02401.nc to Malaysia Domain.
2025-12-19 13:19:59,959 - INFO - Downloaded: NC_H08_20200711_0300_L2ARP030_FLDK.02401_02401.nc
2025-12-19 13:20:00,036 - INFO - Cropped NC_H08_20200711_0300_L2ARP030_FLDK.02401_02401.nc to Malaysia Domain.
2025-12-19 13:20:10,198 - INFO - Downloaded: NC_H08_20200711_0400_L2ARP030_FLDK.02401_02401.nc
2025-12-19 13:20:10,267 - INFO - Cropped NC_H08_20200711_0400_L2ARP030_FLDK.02401_02401.nc to Malaysia Domain.
2025-12-19 13:20:14,154 - INFO - Downloaded: NC_H08_20200711_0500_L2ARP030_FLDK.02401_02401.nc
2025-12-19 13:20:14,225 - INFO - Cropped NC_H08_20200711_0500_L2ARP030_FLDK.02401_02401.nc to Malaysia Domain.
2025-12-19 13:20:17,350 - INFO - Downloaded: NC_H08_20200711_0600_L2ARP030_FLDK.02401_02401.nc
2025-12-19 13:20:17,416 - INFO - Cropped NC_H08_20200711_0600_L2ARP030_FLDK.02401_02401.nc to Malaysia Domain.
2025-12-19 13:20:20,700 - INFO - Downloaded: NC_H08_20200711_0700_L2ARP030_FLDK.02401_02401.nc
2025-12-19 13:20:20,766 - INFO - Cropped NC_H08_20200711_0700_L2ARP030_FLDK.02401_02401.nc to Malaysia Domain.
2025-12-19 13:20:23,350 - INFO - Downloaded: NC_H08_20200711_0800_L2ARP030_FLDK.02401_02401.nc
2025-12-19 13:20:23,413 - INFO - Cropped NC_H08_20200711_0800_L2ARP030_FLDK.02401_02401.nc to Malaysia Domain.
2025-12-19 13:20:25,811 - INFO - Downloaded: NC_H08_20200711_0900_L2ARP030_FLDK.02401_02401.nc
2025-12-19 13:20:25,872 - INFO - Cropped NC_H08_20200711_0900_L2ARP030_FLDK.02401_02401.nc to Malaysia Domain.
2025-12-19 13:20:29,036 - INFO - Downloaded: NC_H08_20200712_0000_L2ARP030_FLDK.02401_02401.nc
2025-12-19 13:20:29,110 - INFO - Cropped NC_H08_20200712_0000_L2ARP030_FLDK.02401_02401.nc to Malaysia Domain.
2025-12-19 13:20:32,961 - INFO - Downloaded: NC_H08_20200712_0100_L2ARP030_FLDK.02401_02401.nc
2025-12-19 13:20:33,046 - INFO - Cropped NC_H08_20200712_0100_L2ARP030_FLDK.02401_02401.nc to Malaysia Domain.
2025-12-19 13:20:36,996 - INFO - Downloaded: NC_H08_20200712_0200_L2ARP030_FLDK.02401_02401.nc
2025-12-19 13:20:37,079 - INFO - Cropped NC_H08_20200712_0200_L2ARP030_FLDK.02401_02401.nc to Malaysia Domain.
2025-12-19 13:20:41,003 - INFO - Downloaded: NC_H08_20200712_0300_L2ARP030_FLDK.02401_02401.nc
2025-12-19 13:20:41,088 - INFO - Cropped NC_H08_20200712_0300_L2ARP030_FLDK.02401_02401.nc to Malaysia Domain.
2025-12-19 13:20:44,794 - INFO - Downloaded: NC_H08_20200712_0400_L2ARP030_FLDK.02401_02401.nc
2025-12-19 13:20:44,866 - INFO - Cropped NC_H08_20200712_0400_L2ARP030_FLDK.02401_02401.nc to Malaysia Domain.
2025-12-19 13:20:48,205 - INFO - Downloaded: NC_H08_20200712_0500_L2ARP030_FLDK.02401_02401.nc
2025-12-19 13:20:48,274 - INFO - Cropped NC_H08_20200712_0500_L2ARP030_FLDK.02401_02401.nc to Malaysia Domain.
2025-12-19 13:20:51,543 - INFO - Downloaded: NC_H08_20200712_0600_L2ARP030_FLDK.02401_02401.nc
2025-12-19 13:20:51,612 - INFO - Cropped NC_H08_20200712_0600_L2ARP030_FLDK.02401_02401.nc to Malaysia Domain.
2025-12-19 13:20:54,427 - INFO - Downloaded: NC_H08_20200712_0700_L2ARP030_FLDK.02401_02401.nc
2025-12-19 13:20:54,492 - INFO - Cropped NC_H08_20200712_0700_L2ARP030_FLDK.02401_02401.nc to Malaysia Domain.
2025-12-19 13:20:56,941 - INFO - Downloaded: NC_H08_20200712_0800_L2ARP030_FLDK.02401_02401.nc
2025-12-19 13:20:57,006 - INFO - Cropped NC_H08_20200712_0800_L2ARP030_FLDK.02401_02401.nc to Malaysia Domain.
2025-12-19 13:20:59,392 - INFO - Downloaded: NC_H08_20200712_0900_L2ARP030_FLDK.02401_02401.nc
2025-12-19 13:20:59,457 - INFO - Cropped NC_H08_20200712_0900_L2ARP030_FLDK.02401_02401.nc to Malaysia Domain.
2025-12-19 13:21:03,072 - INFO - Downloaded: NC_H08_20200713_0000_L2ARP030_FLDK.02401_02401.nc
2025-12-19 13:21:03,150 - INFO - Cropped NC_H08_20200713_0000_L2ARP030_FLDK.02401_02401.nc to Malaysia Domain.
2025-12-19 13:21:06,900 - INFO - Downloaded: NC_H08_20200713_0100_L2ARP030_FLDK.02401_02401.nc
2025-12-19 13:21:06,984 - INFO - Cropped NC_H08_20200713_0100_L2ARP030_FLDK.02401_02401.nc to Malaysia Domain.
2025-12-19 13:22:14,514 - INFO - Downloaded: NC_H08_20200713_0200_L2ARP030_FLDK.02401_02401.nc
2025-12-19 13:22:14,603 - INFO - Cropped NC_H08_20200713_0200_L2ARP030_FLDK.02401_02401.nc to Malaysia Domain.
2025-12-19 13:22:24,971 - INFO - Downloaded: NC_H08_20200713_0300_L2ARP030_FLDK.02401_02401.nc
2025-12-19 13:22:25,055 - INFO - Cropped NC_H08_20200713_0300_L2ARP030_FLDK.02401_02401.nc to Malaysia Domain.
2025-12-19 13:22:28,893 - INFO - Downloaded: NC_H08_20200713_0400_L2ARP030_FLDK.02401_02401.nc
2025-12-19 13:22:28,968 - INFO - Cropped NC_H08_20200713_0400_L2ARP030_FLDK.02401_02401.nc to Malaysia Domain.
2025-12-19 13:22:32,893 - INFO - Downloaded: NC_H08_20200713_0500_L2ARP030_FLDK.02401_02401.nc
2025-12-19 13:22:32,963 - INFO - Cropped NC_H08_20200713_0500_L2ARP030_FLDK.02401_02401.nc to Malaysia Domain.
2025-12-19 13:22:35,831 - INFO - Downloaded: NC_H08_20200713_0600_L2ARP030_FLDK.02401_02401.nc
2025-12-19 13:22:35,900 - INFO - Cropped NC_H08_20200713_0600_L2ARP030_FLDK.02401_02401.nc to Malaysia Domain.
2025-12-19 13:22:38,864 - INFO - Downloaded: NC_H08_20200713_0700_L2ARP030_FLDK.02401_02401.nc
2025-12-19 13:22:38,932 - INFO - Cropped NC_H08_20200713_0700_L2ARP030_FLDK.02401_02401.nc to Malaysia Domain.
2025-12-19 13:22:41,341 - INFO - Downloaded: NC_H08_20200713_0800_L2ARP030_FLDK.02401_02401.nc
2025-12-19 13:22:41,406 - INFO - Cropped NC_H08_20200713_0800_L2ARP030_FLDK.02401_02401.nc to Malaysia Domain.
2025-12-19 13:22:43,709 - INFO - Downloaded: NC_H08_20200713_0900_L2ARP030_FLDK.02401_02401.nc
2025-12-19 13:22:43,769 - INFO - Cropped NC_H08_20200713_0900_L2ARP030_FLDK.02401_02401.nc to Malaysia Domain.
2025-12-19 13:22:47,798 - INFO - Downloaded: NC_H08_20200714_0000_L2ARP030_FLDK.02401_02401.nc
2025-12-19 13:22:47,872 - INFO - Cropped NC_H08_20200714_0000_L2ARP030_FLDK.02401_02401.nc to Malaysia Domain.
2025-12-19 13:22:52,147 - INFO - Downloaded: NC_H08_20200714_0100_L2ARP030_FLDK.02401_02401.nc
2025-12-19 13:22:52,219 - INFO - Cropped NC_H08_20200714_0100_L2ARP030_FLDK.02401_02401.nc to Malaysia Domain.
2025-12-19 13:22:55,522 - INFO - Downloaded: NC_H08_20200714_0200_L2ARP030_FLDK.02401_02401.nc
2025-12-19 13:22:55,596 - INFO - Cropped NC_H08_20200714_0200_L2ARP030_FLDK.02401_02401.nc to Malaysia Domain.
2025-12-19 13:22:58,623 - INFO - Downloaded: NC_H08_20200714_0300_L2ARP030_FLDK.02401_02401.nc
2025-12-19 13:22:58,695 - INFO - Cropped NC_H08_20200714_0300_L2ARP030_FLDK.02401_02401.nc to Malaysia Domain.
2025-12-19 13:23:01,595 - INFO - Downloaded: NC_H08_20200714_0400_L2ARP030_FLDK.02401_02401.nc
2025-12-19 13:23:01,663 - INFO - Cropped NC_H08_20200714_0400_L2ARP030_FLDK.02401_02401.nc to Malaysia Domain.
2025-12-19 13:23:04,541 - INFO - Downloaded: NC_H08_20200714_0500_L2ARP030_FLDK.02401_02401.nc
2025-12-19 13:23:04,610 - INFO - Cropped NC_H08_20200714_0500_L2ARP030_FLDK.02401_02401.nc to Malaysia Domain.
2025-12-19 13:24:13,968 - INFO - Downloaded: NC_H08_20200714_0600_L2ARP030_FLDK.02401_02401.nc
2025-12-19 13:24:14,034 - INFO - Cropped NC_H08_20200714_0600_L2ARP030_FLDK.02401_02401.nc to Malaysia Domain.
2025-12-19 13:24:20,263 - INFO - Downloaded: NC_H08_20200714_0700_L2ARP030_FLDK.02401_02401.nc
2025-12-19 13:24:20,330 - INFO - Cropped NC_H08_20200714_0700_L2ARP030_FLDK.02401_02401.nc to Malaysia Domain.
2025-12-19 13:24:24,276 - INFO - Downloaded: NC_H08_20200714_0800_L2ARP030_FLDK.02401_02401.nc
2025-12-19 13:24:24,345 - INFO - Cropped NC_H08_20200714_0800_L2ARP030_FLDK.02401_02401.nc to Malaysia Domain.
2025-12-19 13:24:52,910 - INFO - Downloaded: NC_H08_20200714_0900_L2ARP030_FLDK.02401_02401.nc
2025-12-19 13:24:52,972 - INFO - Cropped NC_H08_20200714_0900_L2ARP030_FLDK.02401_02401.nc to Malaysia Domain.
2025-12-19 13:25:03,298 - INFO - Downloaded: NC_H08_20200715_0000_L2ARP030_FLDK.02401_02401.nc
2025-12-19 13:25:03,377 - INFO - Cropped NC_H08_20200715_0000_L2ARP030_FLDK.02401_02401.nc to Malaysia Domain.
2025-12-19 13:25:10,781 - INFO - Downloaded: NC_H08_20200715_0100_L2ARP030_FLDK.02401_02401.nc
2025-12-19 13:25:10,865 - INFO - Cropped NC_H08_20200715_0100_L2ARP030_FLDK.02401_02401.nc to Malaysia Domain.
2025-12-19 13:26:40,864 - INFO - Downloaded: NC_H08_20200715_0200_L2ARP030_FLDK.02401_02401.nc
2025-12-19 13:26:40,949 - INFO - Cropped NC_H08_20200715_0200_L2ARP030_FLDK.02401_02401.nc to Malaysia Domain.
2025-12-19 13:26:51,766 - INFO - Downloaded: NC_H08_20200715_0300_L2ARP030_FLDK.02401_02401.nc
2025-12-19 13:26:51,848 - INFO - Cropped NC_H08_20200715_0300_L2ARP030_FLDK.02401_02401.nc to Malaysia Domain.
2025-12-19 13:26:55,792 - INFO - Downloaded: NC_H08_20200715_0400_L2ARP030_FLDK.02401_02401.nc
2025-12-19 13:26:55,871 - INFO - Cropped NC_H08_20200715_0400_L2ARP030_FLDK.02401_02401.nc to Malaysia Domain.
2025-12-19 13:26:58,957 - INFO - Downloaded: NC_H08_20200715_0500_L2ARP030_FLDK.02401_02401.nc
2025-12-19 13:26:59,036 - INFO - Cropped NC_H08_20200715_0500_L2ARP030_FLDK.02401_02401.nc to Malaysia Domain.
2025-12-19 13:28:13,859 - INFO - Downloaded: NC_H08_20200715_0600_L2ARP030_FLDK.02401_02401.nc
2025-12-19 13:28:13,934 - INFO - Cropped NC_H08_20200715_0600_L2ARP030_FLDK.02401_02401.nc to Malaysia Domain.
2025-12-19 13:29:05,607 - INFO - Downloaded: NC_H08_20200715_0700_L2ARP030_FLDK.02401_02401.nc
2025-12-19 13:29:05,678 - INFO - Cropped NC_H08_20200715_0700_L2ARP030_FLDK.02401_02401.nc to Malaysia Domain.
2025-12-19 13:29:13,885 - INFO - Downloaded: NC_H08_20200715_0800_L2ARP030_FLDK.02401_02401.nc
2025-12-19 13:29:13,956 - INFO - Cropped NC_H08_20200715_0800_L2ARP030_FLDK.02401_02401.nc to Malaysia Domain.
2025-12-19 13:29:45,516 - INFO - Downloaded: NC_H08_20200715_0900_L2ARP030_FLDK.02401_02401.nc
2025-12-19 13:29:45,590 - INFO - Cropped NC_H08_20200715_0900_L2ARP030_FLDK.02401_02401.nc to Malaysia Domain.
2025-12-19 13:31:14,426 - INFO - Downloaded: NC_H08_20200716_0000_L2ARP030_FLDK.02401_02401.nc
2025-12-19 13:31:14,506 - INFO - Cropped NC_H08_20200716_0000_L2ARP030_FLDK.02401_02401.nc to Malaysia Domain.
2025-12-19 13:32:41,710 - INFO - Downloaded: NC_H08_20200716_0100_L2ARP030_FLDK.02401_02401.nc
2025-12-19 13:32:41,795 - INFO - Cropped NC_H08_20200716_0100_L2ARP030_FLDK.02401_02401.nc to Malaysia Domain.
2025-12-19 13:32:48,929 - INFO - Downloaded: NC_H08_20200716_0200_L2ARP030_FLDK.02401_02401.nc
2025-12-19 13:32:49,019 - INFO - Cropped NC_H08_20200716_0200_L2ARP030_FLDK.02401_02401.nc to Malaysia Domain.
2025-12-19 13:34:16,447 - INFO - Downloaded: NC_H08_20200716_0300_L2ARP030_FLDK.02401_02401.nc
2025-12-19 13:34:16,533 - INFO - Cropped NC_H08_20200716_0300_L2ARP030_FLDK.02401_02401.nc to Malaysia Domain.
2025-12-19 13:34:23,592 - INFO - Downloaded: NC_H08_20200716_0400_L2ARP030_FLDK.02401_02401.nc
2025-12-19 13:34:23,672 - INFO - Cropped NC_H08_20200716_0400_L2ARP030_FLDK.02401_02401.nc to Malaysia Domain.
2025-12-19 13:34:26,884 - INFO - Downloaded: NC_H08_20200716_0500_L2ARP030_FLDK.02401_02401.nc
2025-12-19 13:34:26,955 - INFO - Cropped NC_H08_20200716_0500_L2ARP030_FLDK.02401_02401.nc to Malaysia Domain.
2025-12-19 13:35:27,149 - INFO - Downloaded: NC_H08_20200716_0600_L2ARP030_FLDK.02401_02401.nc
2025-12-19 13:35:27,224 - INFO - Cropped NC_H08_20200716_0600_L2ARP030_FLDK.02401_02401.nc to Malaysia Domain.
2025-12-19 13:36:16,729 - INFO - Downloaded: NC_H08_20200716_0700_L2ARP030_FLDK.02401_02401.nc
2025-12-19 13:36:16,795 - INFO - Cropped NC_H08_20200716_0700_L2ARP030_FLDK.02401_02401.nc to Malaysia Domain.
2025-12-19 13:36:22,176 - INFO - Downloaded: NC_H08_20200716_0800_L2ARP030_FLDK.02401_02401.nc
2025-12-19 13:36:22,243 - INFO - Cropped NC_H08_20200716_0800_L2ARP030_FLDK.02401_02401.nc to Malaysia Domain.
2025-12-19 13:36:26,123 - INFO - Downloaded: NC_H08_20200716_0900_L2ARP030_FLDK.02401_02401.nc
2025-12-19 13:36:26,190 - INFO - Cropped NC_H08_20200716_0900_L2ARP030_FLDK.02401_02401.nc to Malaysia Domain.
2025-12-19 13:36:26,903 - INFO - No minute 00 files found in /pub/himawari/L2/ARP/030/202007/17/00/
2025-12-19 13:36:36,009 - INFO - Downloaded: NC_H08_20200717_0100_L2ARP030_FLDK.02401_02401.nc
2025-12-19 13:36:36,102 - INFO - Cropped NC_H08_20200717_0100_L2ARP030_FLDK.02401_02401.nc to Malaysia Domain.
2025-12-19 13:36:45,488 - INFO - Downloaded: NC_H08_20200717_0200_L2ARP030_FLDK.02401_02401.nc
2025-12-19 13:36:45,607 - INFO - Cropped NC_H08_20200717_0200_L2ARP030_FLDK.02401_02401.nc to Malaysia Domain.
2025-12-19 13:38:26,514 - INFO - Downloaded: NC_H08_20200717_0300_L2ARP030_FLDK.02401_02401.nc
2025-12-19 13:38:26,620 - INFO - Cropped NC_H08_20200717_0300_L2ARP030_FLDK.02401_02401.nc to Malaysia Domain.
2025-12-19 13:39:57,113 - INFO - Downloaded: NC_H08_20200717_0400_L2ARP030_FLDK.02401_02401.nc
2025-12-19 13:39:57,207 - INFO - Cropped NC_H08_20200717_0400_L2ARP030_FLDK.02401_02401.nc to Malaysia Domain.
2025-12-19 13:41:03,389 - INFO - Downloaded: NC_H08_20200717_0500_L2ARP030_FLDK.02401_02401.nc
2025-12-19 13:41:03,481 - INFO - Cropped NC_H08_20200717_0500_L2ARP030_FLDK.02401_02401.nc to Malaysia Domain.
2025-12-19 13:41:13,053 - INFO - Downloaded: NC_H08_20200717_0600_L2ARP030_FLDK.02401_02401.nc
2025-12-19 13:41:13,136 - INFO - Cropped NC_H08_20200717_0600_L2ARP030_FLDK.02401_02401.nc to Malaysia Domain.
2025-12-19 13:41:18,924 - INFO - Downloaded: NC_H08_20200717_0700_L2ARP030_FLDK.02401_02401.nc
2025-12-19 13:41:18,999 - INFO - Cropped NC_H08_20200717_0700_L2ARP030_FLDK.02401_02401.nc to Malaysia Domain.
2025-12-19 13:41:50,975 - INFO - Downloaded: NC_H08_20200717_0800_L2ARP030_FLDK.02401_02401.nc
2025-12-19 13:41:51,052 - INFO - Cropped NC_H08_20200717_0800_L2ARP030_FLDK.02401_02401.nc to Malaysia Domain.
2025-12-19 13:41:57,647 - INFO - Downloaded: NC_H08_20200717_0900_L2ARP030_FLDK.02401_02401.nc
2025-12-19 13:41:57,722 - INFO - Cropped NC_H08_20200717_0900_L2ARP030_FLDK.02401_02401.nc to Malaysia Domain.
2025-12-19 13:42:07,921 - INFO - Downloaded: NC_H08_20200718_0000_L2ARP030_FLDK.02401_02401.nc
2025-12-19 13:42:08,007 - INFO - Cropped NC_H08_20200718_0000_L2ARP030_FLDK.02401_02401.nc to Malaysia Domain.
2025-12-19 13:42:15,729 - INFO - Downloaded: NC_H08_20200718_0100_L2ARP030_FLDK.02401_02401.nc
2025-12-19 13:42:15,824 - INFO - Cropped NC_H08_20200718_0100_L2ARP030_FLDK.02401_02401.nc to Malaysia Domain.
2025-12-19 13:42:25,570 - INFO - Downloaded: NC_H08_20200718_0200_L2ARP030_FLDK.02401_02401.nc
2025-12-19 13:42:25,662 - INFO - Cropped NC_H08_20200718_0200_L2ARP030_FLDK.02401_02401.nc to Malaysia Domain.
2025-12-19 13:42:30,099 - INFO - Downloaded: NC_H08_20200718_0300_L2ARP030_FLDK.02401_02401.nc
2025-12-19 13:42:30,189 - INFO - Cropped NC_H08_20200718_0300_L2ARP030_FLDK.02401_02401.nc to Malaysia Domain.
2025-12-19 13:42:34,450 - INFO - Downloaded: NC_H08_20200718_0400_L2ARP030_FLDK.02401_02401.nc
2025-12-19 13:42:34,528 - INFO - Cropped NC_H08_20200718_0400_L2ARP030_FLDK.02401_02401.nc to Malaysia Domain.
2025-12-19 13:42:37,610 - INFO - Downloaded: NC_H08_20200718_0500_L2ARP030_FLDK.02401_02401.nc
2025-12-19 13:42:37,687 - INFO - Cropped NC_H08_20200718_0500_L2ARP030_FLDK.02401_02401.nc to Malaysia Domain.
2025-12-19 13:42:40,458 - INFO - Downloaded: NC_H08_20200718_0600_L2ARP030_FLDK.02401_02401.nc
2025-12-19 13:42:40,531 - INFO - Cropped NC_H08_20200718_0600_L2ARP030_FLDK.02401_02401.nc to Malaysia Domain.
2025-12-19 13:42:43,226 - INFO - Downloaded: NC_H08_20200718_0700_L2ARP030_FLDK.02401_02401.nc
2025-12-19 13:42:43,299 - INFO - Cropped NC_H08_20200718_0700_L2ARP030_FLDK.02401_02401.nc to Malaysia Domain.
2025-12-19 13:42:45,967 - INFO - Downloaded: NC_H08_20200718_0800_L2ARP030_FLDK.02401_02401.nc
2025-12-19 13:42:46,040 - INFO - Cropped NC_H08_20200718_0800_L2ARP030_FLDK.02401_02401.nc to Malaysia Domain.
2025-12-19 13:43:09,242 - INFO - Downloaded: NC_H08_20200718_0900_L2ARP030_FLDK.02401_02401.nc
2025-12-19 13:43:09,314 - INFO - Cropped NC_H08_20200718_0900_L2ARP030_FLDK.02401_02401.nc to Malaysia Domain.
2025-12-19 13:43:16,096 - INFO - Downloaded: NC_H08_20200719_0000_L2ARP030_FLDK.02401_02401.nc
2025-12-19 13:43:16,181 - INFO - Cropped NC_H08_20200719_0000_L2ARP030_FLDK.02401_02401.nc to Malaysia Domain.
2025-12-19 13:43:19,703 - INFO - Downloaded: NC_H08_20200719_0100_L2ARP030_FLDK.02401_02401.nc
2025-12-19 13:43:19,795 - INFO - Cropped NC_H08_20200719_0100_L2ARP030_FLDK.02401_02401.nc to Malaysia Domain.
2025-12-19 13:43:24,062 - INFO - Downloaded: NC_H08_20200719_0200_L2ARP030_FLDK.02401_02401.nc
2025-12-19 13:43:24,160 - INFO - Cropped NC_H08_20200719_0200_L2ARP030_FLDK.02401_02401.nc to Malaysia Domain.
2025-12-19 13:43:28,475 - INFO - Downloaded: NC_H08_20200719_0300_L2ARP030_FLDK.02401_02401.nc
2025-12-19 13:43:28,576 - INFO - Cropped NC_H08_20200719_0300_L2ARP030_FLDK.02401_02401.nc to Malaysia Domain.
2025-12-19 13:43:31,780 - INFO - Downloaded: NC_H08_20200719_0400_L2ARP030_FLDK.02401_02401.nc
2025-12-19 13:43:31,873 - INFO - Cropped NC_H08_20200719_0400_L2ARP030_FLDK.02401_02401.nc to Malaysia Domain.
2025-12-19 13:43:35,372 - INFO - Downloaded: NC_H08_20200719_0500_L2ARP030_FLDK.02401_02401.nc
2025-12-19 13:43:35,462 - INFO - Cropped NC_H08_20200719_0500_L2ARP030_FLDK.02401_02401.nc to Malaysia Domain.
2025-12-19 13:43:38,227 - INFO - Downloaded: NC_H08_20200719_0600_L2ARP030_FLDK.02401_02401.nc
2025-12-19 13:43:38,311 - INFO - Cropped NC_H08_20200719_0600_L2ARP030_FLDK.02401_02401.nc to Malaysia Domain.
2025-12-19 13:43:41,341 - INFO - Downloaded: NC_H08_20200719_0700_L2ARP030_FLDK.02401_02401.nc
2025-12-19 13:43:41,418 - INFO - Cropped NC_H08_20200719_0700_L2ARP030_FLDK.02401_02401.nc to Malaysia Domain.
2025-12-19 13:44:19,735 - INFO - Downloaded: NC_H08_20200719_0800_L2ARP030_FLDK.02401_02401.nc
2025-12-19 13:44:19,816 - INFO - Cropped NC_H08_20200719_0800_L2ARP030_FLDK.02401_02401.nc to Malaysia Domain.
2025-12-19 13:44:26,905 - INFO - Downloaded: NC_H08_20200719_0900_L2ARP030_FLDK.02401_02401.nc
2025-12-19 13:44:26,983 - INFO - Cropped NC_H08_20200719_0900_L2ARP030_FLDK.02401_02401.nc to Malaysia Domain.
2025-12-19 13:44:37,243 - INFO - Downloaded: NC_H08_20200720_0000_L2ARP030_FLDK.02401_02401.nc
2025-12-19 13:44:37,327 - INFO - Cropped NC_H08_20200720_0000_L2ARP030_FLDK.02401_02401.nc to Malaysia Domain.
2025-12-19 13:46:13,054 - INFO - Downloaded: NC_H08_20200720_0100_L2ARP030_FLDK.02401_02401.nc
2025-12-19 13:46:13,145 - INFO - Cropped NC_H08_20200720_0100_L2ARP030_FLDK.02401_02401.nc to Malaysia Domain.
2025-12-19 13:46:20,290 - INFO - Downloaded: NC_H08_20200720_0200_L2ARP030_FLDK.02401_02401.nc
2025-12-19 13:46:20,390 - INFO - Cropped NC_H08_20200720_0200_L2ARP030_FLDK.02401_02401.nc to Malaysia Domain.
2025-12-19 13:46:25,252 - INFO - Downloaded: NC_H08_20200720_0300_L2ARP030_FLDK.02401_02401.nc
2025-12-19 13:46:25,351 - INFO - Cropped NC_H08_20200720_0300_L2ARP030_FLDK.02401_02401.nc to Malaysia Domain.
2025-12-19 13:46:29,813 - INFO - Downloaded: NC_H08_20200720_0400_L2ARP030_FLDK.02401_02401.nc
2025-12-19 13:46:29,901 - INFO - Cropped NC_H08_20200720_0400_L2ARP030_FLDK.02401_02401.nc to Malaysia Domain.
2025-12-19 13:46:33,040 - INFO - Downloaded: NC_H08_20200720_0500_L2ARP030_FLDK.02401_02401.nc
2025-12-19 13:46:33,126 - INFO - Cropped NC_H08_20200720_0500_L2ARP030_FLDK.02401_02401.nc to Malaysia Domain.
2025-12-19 13:46:35,970 - INFO - Downloaded: NC_H08_20200720_0600_L2ARP030_FLDK.02401_02401.nc
2025-12-19 13:46:36,049 - INFO - Cropped NC_H08_20200720_0600_L2ARP030_FLDK.02401_02401.nc to Malaysia Domain.
2025-12-19 13:46:39,255 - INFO - Downloaded: NC_H08_20200720_0700_L2ARP030_FLDK.02401_02401.nc
2025-12-19 13:46:39,331 - INFO - Cropped NC_H08_20200720_0700_L2ARP030_FLDK.02401_02401.nc to Malaysia Domain.
2025-12-19 13:46:42,062 - INFO - Downloaded: NC_H08_20200720_0800_L2ARP030_FLDK.02401_02401.nc
2025-12-19 13:46:42,138 - INFO - Cropped NC_H08_20200720_0800_L2ARP030_FLDK.02401_02401.nc to Malaysia Domain.
2025-12-19 13:46:44,423 - INFO - Downloaded: NC_H08_20200720_0900_L2ARP030_FLDK.02401_02401.nc
2025-12-19 13:46:44,498 - INFO - Cropped NC_H08_20200720_0900_L2ARP030_FLDK.02401_02401.nc to Malaysia Domain.
2025-12-19 13:46:47,574 - INFO - Downloaded: NC_H08_20200721_0000_L2ARP030_FLDK.02401_02401.nc
2025-12-19 13:46:47,661 - INFO - Cropped NC_H08_20200721_0000_L2ARP030_FLDK.02401_02401.nc to Malaysia Domain.
2025-12-19 13:46:51,457 - INFO - Downloaded: NC_H08_20200721_0100_L2ARP030_FLDK.02401_02401.nc
2025-12-19 13:46:51,559 - INFO - Cropped NC_H08_20200721_0100_L2ARP030_FLDK.02401_02401.nc to Malaysia Domain.
2025-12-19 13:48:15,083 - INFO - Downloaded: NC_H08_20200721_0200_L2ARP030_FLDK.02401_02401.nc
2025-12-19 13:48:15,190 - INFO - Cropped NC_H08_20200721_0200_L2ARP030_FLDK.02401_02401.nc to Malaysia Domain.
2025-12-19 13:49:33,490 - INFO - Downloaded: NC_H08_20200721_0300_L2ARP030_FLDK.02401_02401.nc
2025-12-19 13:49:33,592 - INFO - Cropped NC_H08_20200721_0300_L2ARP030_FLDK.02401_02401.nc to Malaysia Domain.
2025-12-19 13:50:52,251 - INFO - Downloaded: NC_H08_20200721_0400_L2ARP030_FLDK.02401_02401.nc
2025-12-19 13:50:52,338 - INFO - Cropped NC_H08_20200721_0400_L2ARP030_FLDK.02401_02401.nc to Malaysia Domain.
2025-12-19 13:50:58,937 - INFO - Downloaded: NC_H08_20200721_0500_L2ARP030_FLDK.02401_02401.nc
2025-12-19 13:50:59,022 - INFO - Cropped NC_H08_20200721_0500_L2ARP030_FLDK.02401_02401.nc to Malaysia Domain.
2025-12-19 13:51:03,657 - INFO - Downloaded: NC_H08_20200721_0600_L2ARP030_FLDK.02401_02401.nc
2025-12-19 13:51:03,732 - INFO - Cropped NC_H08_20200721_0600_L2ARP030_FLDK.02401_02401.nc to Malaysia Domain.
2025-12-19 13:51:07,858 - INFO - Downloaded: NC_H08_20200721_0700_L2ARP030_FLDK.02401_02401.nc
2025-12-19 13:51:07,930 - INFO - Cropped NC_H08_20200721_0700_L2ARP030_FLDK.02401_02401.nc to Malaysia Domain.
2025-12-19 13:51:10,748 - INFO - Downloaded: NC_H08_20200721_0800_L2ARP030_FLDK.02401_02401.nc
2025-12-19 13:51:10,825 - INFO - Cropped NC_H08_20200721_0800_L2ARP030_FLDK.02401_02401.nc to Malaysia Domain.
2025-12-19 13:51:13,350 - INFO - Downloaded: NC_H08_20200721_0900_L2ARP030_FLDK.02401_02401.nc
2025-12-19 13:51:13,430 - INFO - Cropped NC_H08_20200721_0900_L2ARP030_FLDK.02401_02401.nc to Malaysia Domain.
2025-12-19 13:51:18,799 - INFO - Downloaded: NC_H08_20200722_0000_L2ARP030_FLDK.02401_02401.nc
2025-12-19 13:51:18,888 - INFO - Cropped NC_H08_20200722_0000_L2ARP030_FLDK.02401_02401.nc to Malaysia Domain.
2025-12-19 13:51:25,802 - INFO - Downloaded: NC_H08_20200722_0100_L2ARP030_FLDK.02401_02401.nc
2025-12-19 13:51:25,891 - INFO - Cropped NC_H08_20200722_0100_L2ARP030_FLDK.02401_02401.nc to Malaysia Domain.
2025-12-19 13:51:31,995 - INFO - Downloaded: NC_H08_20200722_0200_L2ARP030_FLDK.02401_02401.nc
2025-12-19 13:51:32,086 - INFO - Cropped NC_H08_20200722_0200_L2ARP030_FLDK.02401_02401.nc to Malaysia Domain.
2025-12-19 13:51:38,096 - INFO - Downloaded: NC_H08_20200722_0300_L2ARP030_FLDK.02401_02401.nc
2025-12-19 13:51:38,182 - INFO - Cropped NC_H08_20200722_0300_L2ARP030_FLDK.02401_02401.nc to Malaysia Domain.
2025-12-19 13:51:41,823 - INFO - Downloaded: NC_H08_20200722_0400_L2ARP030_FLDK.02401_02401.nc
2025-12-19 13:51:41,902 - INFO - Cropped NC_H08_20200722_0400_L2ARP030_FLDK.02401_02401.nc to Malaysia Domain.
2025-12-19 13:51:44,940 - INFO - Downloaded: NC_H08_20200722_0500_L2ARP030_FLDK.02401_02401.nc
2025-12-19 13:51:45,015 - INFO - Cropped NC_H08_20200722_0500_L2ARP030_FLDK.02401_02401.nc to Malaysia Domain.
2025-12-19 13:51:48,443 - INFO - Downloaded: NC_H08_20200722_0600_L2ARP030_FLDK.02401_02401.nc
2025-12-19 13:51:48,511 - INFO - Cropped NC_H08_20200722_0600_L2ARP030_FLDK.02401_02401.nc to Malaysia Domain.
2025-12-19 13:51:51,113 - INFO - Downloaded: NC_H08_20200722_0700_L2ARP030_FLDK.02401_02401.nc
2025-12-19 13:51:51,179 - INFO - Cropped NC_H08_20200722_0700_L2ARP030_FLDK.02401_02401.nc to Malaysia Domain.
2025-12-19 13:51:53,584 - INFO - Downloaded: NC_H08_20200722_0800_L2ARP030_FLDK.02401_02401.nc
2025-12-19 13:51:53,653 - INFO - Cropped NC_H08_20200722_0800_L2ARP030_FLDK.02401_02401.nc to Malaysia Domain.
2025-12-19 13:51:55,893 - INFO - Downloaded: NC_H08_20200722_0900_L2ARP030_FLDK.02401_02401.nc
2025-12-19 13:51:55,961 - INFO - Cropped NC_H08_20200722_0900_L2ARP030_FLDK.02401_02401.nc to Malaysia Domain.
2025-12-19 13:51:58,967 - INFO - Downloaded: NC_H08_20200723_0000_L2ARP030_FLDK.02401_02401.nc
2025-12-19 13:51:59,054 - INFO - Cropped NC_H08_20200723_0000_L2ARP030_FLDK.02401_02401.nc to Malaysia Domain.
2025-12-19 13:52:02,201 - INFO - Downloaded: NC_H08_20200723_0100_L2ARP030_FLDK.02401_02401.nc
2025-12-19 13:52:02,278 - INFO - Cropped NC_H08_20200723_0100_L2ARP030_FLDK.02401_02401.nc to Malaysia Domain.
2025-12-19 13:52:13,063 - INFO - Downloaded: NC_H08_20200723_0200_L2ARP030_FLDK.02401_02401.nc
2025-12-19 13:52:13,138 - INFO - Cropped NC_H08_20200723_0200_L2ARP030_FLDK.02401_02401.nc to Malaysia Domain.
2025-12-19 13:52:19,974 - INFO - Downloaded: NC_H08_20200723_0300_L2ARP030_FLDK.02401_02401.nc
2025-12-19 13:52:20,049 - INFO - Cropped NC_H08_20200723_0300_L2ARP030_FLDK.02401_02401.nc to Malaysia Domain.
2025-12-19 13:52:23,851 - INFO - Downloaded: NC_H08_20200723_0400_L2ARP030_FLDK.02401_02401.nc
2025-12-19 13:52:23,921 - INFO - Cropped NC_H08_20200723_0400_L2ARP030_FLDK.02401_02401.nc to Malaysia Domain.
2025-12-19 13:52:27,823 - INFO - Downloaded: NC_H08_20200723_0500_L2ARP030_FLDK.02401_02401.nc
2025-12-19 13:52:27,888 - INFO - Cropped NC_H08_20200723_0500_L2ARP030_FLDK.02401_02401.nc to Malaysia Domain.
2025-12-19 13:52:30,818 - INFO - Downloaded: NC_H08_20200723_0600_L2ARP030_FLDK.02401_02401.nc
2025-12-19 13:52:30,880 - INFO - Cropped NC_H08_20200723_0600_L2ARP030_FLDK.02401_02401.nc to Malaysia Domain.
2025-12-19 13:53:37,498 - INFO - Downloaded: NC_H08_20200723_0700_L2ARP030_FLDK.02401_02401.nc
2025-12-19 13:53:37,562 - INFO - Cropped NC_H08_20200723_0700_L2ARP030_FLDK.02401_02401.nc to Malaysia Domain.
2025-12-19 13:53:43,131 - INFO - Downloaded: NC_H08_20200723_0800_L2ARP030_FLDK.02401_02401.nc
2025-12-19 13:53:43,193 - INFO - Cropped NC_H08_20200723_0800_L2ARP030_FLDK.02401_02401.nc to Malaysia Domain.
2025-12-19 13:53:46,100 - INFO - Downloaded: NC_H08_20200723_0900_L2ARP030_FLDK.02401_02401.nc
2025-12-19 13:53:46,161 - INFO - Cropped NC_H08_20200723_0900_L2ARP030_FLDK.02401_02401.nc to Malaysia Domain.
2025-12-19 13:53:53,718 - INFO - Downloaded: NC_H08_20200724_0000_L2ARP030_FLDK.02401_02401.nc
2025-12-19 13:53:53,790 - INFO - Cropped NC_H08_20200724_0000_L2ARP030_FLDK.02401_02401.nc to Malaysia Domain.
2025-12-19 13:55:26,778 - INFO - Downloaded: NC_H08_20200724_0100_L2ARP030_FLDK.02401_02401.nc
2025-12-19 13:55:26,850 - INFO - Cropped NC_H08_20200724_0100_L2ARP030_FLDK.02401_02401.nc to Malaysia Domain.
2025-12-19 13:56:58,017 - INFO - Downloaded: NC_H08_20200724_0200_L2ARP030_FLDK.02401_02401.nc
2025-12-19 13:56:58,090 - INFO - Cropped NC_H08_20200724_0200_L2ARP030_FLDK.02401_02401.nc to Malaysia Domain.
2025-12-19 13:58:26,272 - INFO - Downloaded: NC_H08_20200724_0300_L2ARP030_FLDK.02401_02401.nc
2025-12-19 13:58:26,344 - INFO - Cropped NC_H08_20200724_0300_L2ARP030_FLDK.02401_02401.nc to Malaysia Domain.
2025-12-19 13:58:36,931 - INFO - Downloaded: NC_H08_20200724_0400_L2ARP030_FLDK.02401_02401.nc
2025-12-19 13:58:36,996 - INFO - Cropped NC_H08_20200724_0400_L2ARP030_FLDK.02401_02401.nc to Malaysia Domain.
2025-12-19 13:58:43,256 - INFO - Downloaded: NC_H08_20200724_0500_L2ARP030_FLDK.02401_02401.nc
2025-12-19 13:58:43,319 - INFO - Cropped NC_H08_20200724_0500_L2ARP030_FLDK.02401_02401.nc to Malaysia Domain.
2025-12-19 13:58:48,988 - INFO - Downloaded: NC_H08_20200724_0600_L2ARP030_FLDK.02401_02401.nc
2025-12-19 13:58:49,052 - INFO - Cropped NC_H08_20200724_0600_L2ARP030_FLDK.02401_02401.nc to Malaysia Domain.
2025-12-19 13:59:47,399 - INFO - Downloaded: NC_H08_20200724_0700_L2ARP030_FLDK.02401_02401.nc
2025-12-19 13:59:47,465 - INFO - Cropped NC_H08_20200724_0700_L2ARP030_FLDK.02401_02401.nc to Malaysia Domain.
2025-12-19 13:59:53,097 - INFO - Downloaded: NC_H08_20200724_0800_L2ARP030_FLDK.02401_02401.nc
2025-12-19 13:59:53,160 - INFO - Cropped NC_H08_20200724_0800_L2ARP030_FLDK.02401_02401.nc to Malaysia Domain.
2025-12-19 13:59:56,999 - INFO - Downloaded: NC_H08_20200724_0900_L2ARP030_FLDK.02401_02401.nc
2025-12-19 13:59:57,066 - INFO - Cropped NC_H08_20200724_0900_L2ARP030_FLDK.02401_02401.nc to Malaysia Domain.
2025-12-19 14:00:04,613 - INFO - Downloaded: NC_H08_20200725_0000_L2ARP030_FLDK.02401_02401.nc
2025-12-19 14:00:04,689 - INFO - Cropped NC_H08_20200725_0000_L2ARP030_FLDK.02401_02401.nc to Malaysia Domain.
2025-12-19 14:00:13,407 - INFO - Downloaded: NC_H08_20200725_0100_L2ARP030_FLDK.02401_02401.nc
2025-12-19 14:00:13,494 - INFO - Cropped NC_H08_20200725_0100_L2ARP030_FLDK.02401_02401.nc to Malaysia Domain.
2025-12-19 14:00:23,571 - INFO - Downloaded: NC_H08_20200725_0200_L2ARP030_FLDK.02401_02401.nc
2025-12-19 14:00:23,665 - INFO - Cropped NC_H08_20200725_0200_L2ARP030_FLDK.02401_02401.nc to Malaysia Domain.
2025-12-19 14:01:56,093 - INFO - Downloaded: NC_H08_20200725_0300_L2ARP030_FLDK.02401_02401.nc
2025-12-19 14:01:56,185 - INFO - Cropped NC_H08_20200725_0300_L2ARP030_FLDK.02401_02401.nc to Malaysia Domain.
2025-12-19 14:02:06,678 - INFO - Downloaded: NC_H08_20200725_0400_L2ARP030_FLDK.02401_02401.nc
2025-12-19 14:02:06,767 - INFO - Cropped NC_H08_20200725_0400_L2ARP030_FLDK.02401_02401.nc to Malaysia Domain.
2025-12-19 14:02:10,562 - INFO - Downloaded: NC_H08_20200725_0500_L2ARP030_FLDK.02401_02401.nc
2025-12-19 14:02:10,649 - INFO - Cropped NC_H08_20200725_0500_L2ARP030_FLDK.02401_02401.nc to Malaysia Domain.
2025-12-19 14:02:13,831 - INFO - Downloaded: NC_H08_20200725_0600_L2ARP030_FLDK.02401_02401.nc
2025-12-19 14:02:13,906 - INFO - Cropped NC_H08_20200725_0600_L2ARP030_FLDK.02401_02401.nc to Malaysia Domain.
2025-12-19 14:03:02,098 - INFO - Downloaded: NC_H08_20200725_0700_L2ARP030_FLDK.02401_02401.nc
2025-12-19 14:03:02,171 - INFO - Cropped NC_H08_20200725_0700_L2ARP030_FLDK.02401_02401.nc to Malaysia Domain.
2025-12-19 14:03:34,200 - INFO - Downloaded: NC_H08_20200725_0800_L2ARP030_FLDK.02401_02401.nc
2025-12-19 14:03:34,272 - INFO - Cropped NC_H08_20200725_0800_L2ARP030_FLDK.02401_02401.nc to Malaysia Domain.
2025-12-19 14:04:01,717 - INFO - Downloaded: NC_H08_20200725_0900_L2ARP030_FLDK.02401_02401.nc
2025-12-19 14:04:01,785 - INFO - Cropped NC_H08_20200725_0900_L2ARP030_FLDK.02401_02401.nc to Malaysia Domain.
2025-12-19 14:04:08,415 - INFO - Downloaded: NC_H08_20200726_0000_L2ARP030_FLDK.02401_02401.nc
2025-12-19 14:04:08,491 - INFO - Cropped NC_H08_20200726_0000_L2ARP030_FLDK.02401_02401.nc to Malaysia Domain.
2025-12-19 14:04:13,860 - INFO - Downloaded: NC_H08_20200726_0100_L2ARP030_FLDK.02401_02401.nc
2025-12-19 14:04:13,948 - INFO - Cropped NC_H08_20200726_0100_L2ARP030_FLDK.02401_02401.nc to Malaysia Domain.
2025-12-19 14:04:17,690 - INFO - Downloaded: NC_H08_20200726_0200_L2ARP030_FLDK.02401_02401.nc
2025-12-19 14:04:17,780 - INFO - Cropped NC_H08_20200726_0200_L2ARP030_FLDK.02401_02401.nc to Malaysia Domain.
2025-12-19 14:04:21,926 - INFO - Downloaded: NC_H08_20200726_0300_L2ARP030_FLDK.02401_02401.nc
2025-12-19 14:04:22,013 - INFO - Cropped NC_H08_20200726_0300_L2ARP030_FLDK.02401_02401.nc to Malaysia Domain.
2025-12-19 14:04:25,857 - INFO - Downloaded: NC_H08_20200726_0400_L2ARP030_FLDK.02401_02401.nc
2025-12-19 14:04:25,938 - INFO - Cropped NC_H08_20200726_0400_L2ARP030_FLDK.02401_02401.nc to Malaysia Domain.
2025-12-19 14:04:28,844 - INFO - Downloaded: NC_H08_20200726_0500_L2ARP030_FLDK.02401_02401.nc
2025-12-19 14:04:28,921 - INFO - Cropped NC_H08_20200726_0500_L2ARP030_FLDK.02401_02401.nc to Malaysia Domain.
2025-12-19 14:04:31,649 - INFO - Downloaded: NC_H08_20200726_0600_L2ARP030_FLDK.02401_02401.nc
2025-12-19 14:04:31,718 - INFO - Cropped NC_H08_20200726_0600_L2ARP030_FLDK.02401_02401.nc to Malaysia Domain.
2025-12-19 14:04:34,692 - INFO - Downloaded: NC_H08_20200726_0700_L2ARP030_FLDK.02401_02401.nc
2025-12-19 14:04:34,758 - INFO - Cropped NC_H08_20200726_0700_L2ARP030_FLDK.02401_02401.nc to Malaysia Domain.
2025-12-19 14:05:08,849 - INFO - Downloaded: NC_H08_20200726_0800_L2ARP030_FLDK.02401_02401.nc
2025-12-19 14:05:08,915 - INFO - Cropped NC_H08_20200726_0800_L2ARP030_FLDK.02401_02401.nc to Malaysia Domain.
2025-12-19 14:05:15,989 - INFO - Downloaded: NC_H08_20200726_0900_L2ARP030_FLDK.02401_02401.nc
2025-12-19 14:05:16,056 - INFO - Cropped NC_H08_20200726_0900_L2ARP030_FLDK.02401_02401.nc to Malaysia Domain.
2025-12-19 14:06:41,298 - INFO - Downloaded: NC_H08_20200727_0000_L2ARP030_FLDK.02401_02401.nc
2025-12-19 14:06:41,378 - INFO - Cropped NC_H08_20200727_0000_L2ARP030_FLDK.02401_02401.nc to Malaysia Domain.
2025-12-19 14:06:52,032 - INFO - Downloaded: NC_H08_20200727_0100_L2ARP030_FLDK.02401_02401.nc
2025-12-19 14:06:52,119 - INFO - Cropped NC_H08_20200727_0100_L2ARP030_FLDK.02401_02401.nc to Malaysia Domain.
2025-12-19 14:06:59,318 - INFO - Downloaded: NC_H08_20200727_0200_L2ARP030_FLDK.02401_02401.nc
2025-12-19 14:06:59,405 - INFO - Cropped NC_H08_20200727_0200_L2ARP030_FLDK.02401_02401.nc to Malaysia Domain.
2025-12-19 14:07:06,855 - INFO - Downloaded: NC_H08_20200727_0300_L2ARP030_FLDK.02401_02401.nc
2025-12-19 14:07:06,939 - INFO - Cropped NC_H08_20200727_0300_L2ARP030_FLDK.02401_02401.nc to Malaysia Domain.
2025-12-19 14:08:36,127 - INFO - Downloaded: NC_H08_20200727_0400_L2ARP030_FLDK.02401_02401.nc
2025-12-19 14:08:36,203 - INFO - Cropped NC_H08_20200727_0400_L2ARP030_FLDK.02401_02401.nc to Malaysia Domain.
2025-12-19 14:08:46,466 - INFO - Downloaded: NC_H08_20200727_0500_L2ARP030_FLDK.02401_02401.nc
2025-12-19 14:08:46,537 - INFO - Cropped NC_H08_20200727_0500_L2ARP030_FLDK.02401_02401.nc to Malaysia Domain.
2025-12-19 14:08:52,695 - INFO - Downloaded: NC_H08_20200727_0600_L2ARP030_FLDK.02401_02401.nc
2025-12-19 14:08:52,761 - INFO - Cropped NC_H08_20200727_0600_L2ARP030_FLDK.02401_02401.nc to Malaysia Domain.
2025-12-19 14:09:43,343 - INFO - Downloaded: NC_H08_20200727_0700_L2ARP030_FLDK.02401_02401.nc
2025-12-19 14:09:43,406 - INFO - Cropped NC_H08_20200727_0700_L2ARP030_FLDK.02401_02401.nc to Malaysia Domain.
2025-12-19 14:09:49,001 - INFO - Downloaded: NC_H08_20200727_0800_L2ARP030_FLDK.02401_02401.nc
2025-12-19 14:09:49,064 - INFO - Cropped NC_H08_20200727_0800_L2ARP030_FLDK.02401_02401.nc to Malaysia Domain.
2025-12-19 14:09:52,960 - INFO - Downloaded: NC_H08_20200727_0900_L2ARP030_FLDK.02401_02401.nc
2025-12-19 14:09:53,028 - INFO - Cropped NC_H08_20200727_0900_L2ARP030_FLDK.02401_02401.nc to Malaysia Domain.
2025-12-19 14:10:01,579 - INFO - Downloaded: NC_H08_20200728_0000_L2ARP030_FLDK.02401_02401.nc
2025-12-19 14:10:01,654 - INFO - Cropped NC_H08_20200728_0000_L2ARP030_FLDK.02401_02401.nc to Malaysia Domain.
2025-12-19 14:10:10,785 - INFO - Downloaded: NC_H08_20200728_0100_L2ARP030_FLDK.02401_02401.nc
2025-12-19 14:10:10,863 - INFO - Cropped NC_H08_20200728_0100_L2ARP030_FLDK.02401_02401.nc to Malaysia Domain.
2025-12-19 14:11:36,973 - INFO - Downloaded: NC_H08_20200728_0200_L2ARP030_FLDK.02401_02401.nc
2025-12-19 14:11:37,055 - INFO - Cropped NC_H08_20200728_0200_L2ARP030_FLDK.02401_02401.nc to Malaysia Domain.
2025-12-19 14:11:47,656 - INFO - Downloaded: NC_H08_20200728_0300_L2ARP030_FLDK.02401_02401.nc
2025-12-19 14:11:47,761 - INFO - Cropped NC_H08_20200728_0300_L2ARP030_FLDK.02401_02401.nc to Malaysia Domain.
2025-12-19 14:11:51,709 - INFO - Downloaded: NC_H08_20200728_0400_L2ARP030_FLDK.02401_02401.nc
2025-12-19 14:11:51,780 - INFO - Cropped NC_H08_20200728_0400_L2ARP030_FLDK.02401_02401.nc to Malaysia Domain.
2025-12-19 14:12:54,469 - INFO - Downloaded: NC_H08_20200728_0500_L2ARP030_FLDK.02401_02401.nc
2025-12-19 14:12:54,537 - INFO - Cropped NC_H08_20200728_0500_L2ARP030_FLDK.02401_02401.nc to Malaysia Domain.
2025-12-19 14:13:00,974 - INFO - Downloaded: NC_H08_20200728_0600_L2ARP030_FLDK.02401_02401.nc
2025-12-19 14:13:01,039 - INFO - Cropped NC_H08_20200728_0600_L2ARP030_FLDK.02401_02401.nc to Malaysia Domain.
2025-12-19 14:13:05,075 - INFO - Downloaded: NC_H08_20200728_0700_L2ARP030_FLDK.02401_02401.nc
2025-12-19 14:13:05,141 - INFO - Cropped NC_H08_20200728_0700_L2ARP030_FLDK.02401_02401.nc to Malaysia Domain.
2025-12-19 14:13:43,639 - INFO - Downloaded: NC_H08_20200728_0800_L2ARP030_FLDK.02401_02401.nc
2025-12-19 14:13:43,709 - INFO - Cropped NC_H08_20200728_0800_L2ARP030_FLDK.02401_02401.nc to Malaysia Domain.
2025-12-19 14:13:48,786 - INFO - Downloaded: NC_H08_20200728_0900_L2ARP030_FLDK.02401_02401.nc
2025-12-19 14:13:48,848 - INFO - Cropped NC_H08_20200728_0900_L2ARP030_FLDK.02401_02401.nc to Malaysia Domain.
2025-12-19 14:13:58,341 - INFO - Downloaded: NC_H08_20200729_0000_L2ARP030_FLDK.02401_02401.nc
2025-12-19 14:13:58,417 - INFO - Cropped NC_H08_20200729_0000_L2ARP030_FLDK.02401_02401.nc to Malaysia Domain.
2025-12-19 14:14:08,067 - INFO - Downloaded: NC_H08_20200729_0100_L2ARP030_FLDK.02401_02401.nc
2025-12-19 14:14:08,142 - INFO - Cropped NC_H08_20200729_0100_L2ARP030_FLDK.02401_02401.nc to Malaysia Domain.
2025-12-19 14:14:12,785 - INFO - Downloaded: NC_H08_20200729_0200_L2ARP030_FLDK.02401_02401.nc
2025-12-19 14:14:12,859 - INFO - Cropped NC_H08_20200729_0200_L2ARP030_FLDK.02401_02401.nc to Malaysia Domain.
2025-12-19 14:14:17,291 - INFO - Downloaded: NC_H08_20200729_0300_L2ARP030_FLDK.02401_02401.nc
2025-12-19 14:14:17,362 - INFO - Cropped NC_H08_20200729_0300_L2ARP030_FLDK.02401_02401.nc to Malaysia Domain.
2025-12-19 14:14:20,712 - INFO - Downloaded: NC_H08_20200729_0400_L2ARP030_FLDK.02401_02401.nc
2025-12-19 14:14:20,781 - INFO - Cropped NC_H08_20200729_0400_L2ARP030_FLDK.02401_02401.nc to Malaysia Domain.
2025-12-19 14:14:24,323 - INFO - Downloaded: NC_H08_20200729_0500_L2ARP030_FLDK.02401_02401.nc
2025-12-19 14:14:24,388 - INFO - Cropped NC_H08_20200729_0500_L2ARP030_FLDK.02401_02401.nc to Malaysia Domain.
2025-12-19 14:15:33,135 - INFO - Downloaded: NC_H08_20200729_0600_L2ARP030_FLDK.02401_02401.nc
2025-12-19 14:15:33,197 - INFO - Cropped NC_H08_20200729_0600_L2ARP030_FLDK.02401_02401.nc to Malaysia Domain.
2025-12-19 14:15:39,534 - INFO - Downloaded: NC_H08_20200729_0700_L2ARP030_FLDK.02401_02401.nc
2025-12-19 14:15:39,599 - INFO - Cropped NC_H08_20200729_0700_L2ARP030_FLDK.02401_02401.nc to Malaysia Domain.
2025-12-19 14:15:43,431 - INFO - Downloaded: NC_H08_20200729_0800_L2ARP030_FLDK.02401_02401.nc
2025-12-19 14:15:43,497 - INFO - Cropped NC_H08_20200729_0800_L2ARP030_FLDK.02401_02401.nc to Malaysia Domain.
2025-12-19 14:15:46,124 - INFO - Downloaded: NC_H08_20200729_0900_L2ARP030_FLDK.02401_02401.nc
2025-12-19 14:15:46,186 - INFO - Cropped NC_H08_20200729_0900_L2ARP030_FLDK.02401_02401.nc to Malaysia Domain.
2025-12-19 14:15:52,406 - INFO - Downloaded: NC_H08_20200730_0000_L2ARP030_FLDK.02401_02401.nc
2025-12-19 14:15:52,475 - INFO - Cropped NC_H08_20200730_0000_L2ARP030_FLDK.02401_02401.nc to Malaysia Domain.
2025-12-19 14:15:56,501 - INFO - Downloaded: NC_H08_20200730_0100_L2ARP030_FLDK.02401_02401.nc
2025-12-19 14:15:56,573 - INFO - Cropped NC_H08_20200730_0100_L2ARP030_FLDK.02401_02401.nc to Malaysia Domain.
2025-12-19 14:16:01,001 - INFO - Downloaded: NC_H08_20200730_0200_L2ARP030_FLDK.02401_02401.nc
2025-12-19 14:16:01,074 - INFO - Cropped NC_H08_20200730_0200_L2ARP030_FLDK.02401_02401.nc to Malaysia Domain.
2025-12-19 14:16:04,390 - INFO - Downloaded: NC_H08_20200730_0300_L2ARP030_FLDK.02401_02401.nc
2025-12-19 14:16:04,462 - INFO - Cropped NC_H08_20200730_0300_L2ARP030_FLDK.02401_02401.nc to Malaysia Domain.
2025-12-19 14:16:08,073 - INFO - Downloaded: NC_H08_20200730_0400_L2ARP030_FLDK.02401_02401.nc
2025-12-19 14:16:08,143 - INFO - Cropped NC_H08_20200730_0400_L2ARP030_FLDK.02401_02401.nc to Malaysia Domain.
2025-12-19 14:17:13,364 - INFO - Downloaded: NC_H08_20200730_0500_L2ARP030_FLDK.02401_02401.nc
2025-12-19 14:17:13,432 - INFO - Cropped NC_H08_20200730_0500_L2ARP030_FLDK.02401_02401.nc to Malaysia Domain.
2025-12-19 14:17:23,280 - INFO - Downloaded: NC_H08_20200730_0600_L2ARP030_FLDK.02401_02401.nc
2025-12-19 14:17:23,346 - INFO - Cropped NC_H08_20200730_0600_L2ARP030_FLDK.02401_02401.nc to Malaysia Domain.
2025-12-19 14:18:02,364 - INFO - Downloaded: NC_H08_20200730_0700_L2ARP030_FLDK.02401_02401.nc
2025-12-19 14:18:02,431 - INFO - Cropped NC_H08_20200730_0700_L2ARP030_FLDK.02401_02401.nc to Malaysia Domain.
2025-12-19 14:18:08,058 - INFO - Downloaded: NC_H08_20200730_0800_L2ARP030_FLDK.02401_02401.nc
2025-12-19 14:18:08,120 - INFO - Cropped NC_H08_20200730_0800_L2ARP030_FLDK.02401_02401.nc to Malaysia Domain.
2025-12-19 14:18:23,120 - INFO - Downloaded: NC_H08_20200730_0900_L2ARP030_FLDK.02401_02401.nc
2025-12-19 14:18:23,177 - INFO - Cropped NC_H08_20200730_0900_L2ARP030_FLDK.02401_02401.nc to Malaysia Domain.
2025-12-19 14:19:34,966 - INFO - Downloaded: NC_H08_20200731_0000_L2ARP030_FLDK.02401_02401.nc
2025-12-19 14:19:35,032 - INFO - Cropped NC_H08_20200731_0000_L2ARP030_FLDK.02401_02401.nc to Malaysia Domain.
2025-12-19 14:19:45,710 - INFO - Downloaded: NC_H08_20200731_0100_L2ARP030_FLDK.02401_02401.nc
2025-12-19 14:19:45,778 - INFO - Cropped NC_H08_20200731_0100_L2ARP030_FLDK.02401_02401.nc to Malaysia Domain.
2025-12-19 14:19:49,905 - INFO - Downloaded: NC_H08_20200731_0200_L2ARP030_FLDK.02401_02401.nc
2025-12-19 14:19:49,974 - INFO - Cropped NC_H08_20200731_0200_L2ARP030_FLDK.02401_02401.nc to Malaysia Domain.
2025-12-19 14:19:53,203 - INFO - Downloaded: NC_H08_20200731_0300_L2ARP030_FLDK.02401_02401.nc
2025-12-19 14:19:53,271 - INFO - Cropped NC_H08_20200731_0300_L2ARP030_FLDK.02401_02401.nc to Malaysia Domain.
2025-12-19 14:19:56,208 - INFO - Downloaded: NC_H08_20200731_0400_L2ARP030_FLDK.02401_02401.nc
2025-12-19 14:19:56,273 - INFO - Cropped NC_H08_20200731_0400_L2ARP030_FLDK.02401_02401.nc to Malaysia Domain.
2025-12-19 14:19:59,629 - INFO - Downloaded: NC_H08_20200731_0500_L2ARP030_FLDK.02401_02401.nc
2025-12-19 14:19:59,695 - INFO - Cropped NC_H08_20200731_0500_L2ARP030_FLDK.02401_02401.nc to Malaysia Domain.
2025-12-19 14:20:02,819 - INFO - Downloaded: NC_H08_20200731_0600_L2ARP030_FLDK.02401_02401.nc
2025-12-19 14:20:02,885 - INFO - Cropped NC_H08_20200731_0600_L2ARP030_FLDK.02401_02401.nc to Malaysia Domain.
2025-12-19 14:20:53,810 - INFO - Downloaded: NC_H08_20200731_0700_L2ARP030_FLDK.02401_02401.nc
2025-12-19 14:20:53,878 - INFO - Cropped NC_H08_20200731_0700_L2ARP030_FLDK.02401_02401.nc to Malaysia Domain.
2025-12-19 14:20:59,478 - INFO - Downloaded: NC_H08_20200731_0800_L2ARP030_FLDK.02401_02401.nc
2025-12-19 14:20:59,539 - INFO - Cropped NC_H08_20200731_0800_L2ARP030_FLDK.02401_02401.nc to Malaysia Domain.
2025-12-19 14:21:03,397 - INFO - Downloaded: NC_H08_20200731_0900_L2ARP030_FLDK.02401_02401.nc
2025-12-19 14:21:03,457 - INFO - Cropped NC_H08_20200731_0900_L2ARP030_FLDK.02401_02401.nc to Malaysia Domain.
2025-12-19 14:21:07,724 - INFO - Downloaded: NC_H08_20200801_0000_L2ARP030_FLDK.02401_02401.nc
2025-12-19 14:21:07,794 - INFO - Cropped NC_H08_20200801_0000_L2ARP030_FLDK.02401_02401.nc to Malaysia Domain.
2025-12-19 14:21:12,591 - INFO - Downloaded: NC_H08_20200801_0100_L2ARP030_FLDK.02401_02401.nc
2025-12-19 14:21:12,664 - INFO - Cropped NC_H08_20200801_0100_L2ARP030_FLDK.02401_02401.nc to Malaysia Domain.
2025-12-19 14:21:16,218 - INFO - Downloaded: NC_H08_20200801_0200_L2ARP030_FLDK.02401_02401.nc
2025-12-19 14:21:16,292 - INFO - Cropped NC_H08_20200801_0200_L2ARP030_FLDK.02401_02401.nc to Malaysia Domain.
2025-12-19 14:21:20,311 - INFO - Downloaded: NC_H08_20200801_0300_L2ARP030_FLDK.02401_02401.nc
2025-12-19 14:21:20,385 - INFO - Cropped NC_H08_20200801_0300_L2ARP030_FLDK.02401_02401.nc to Malaysia Domain.
2025-12-19 14:21:23,471 - INFO - Downloaded: NC_H08_20200801_0400_L2ARP030_FLDK.02401_02401.nc
2025-12-19 14:21:23,542 - INFO - Cropped NC_H08_20200801_0400_L2ARP030_FLDK.02401_02401.nc to Malaysia Domain.
2025-12-19 14:22:48,817 - INFO - Downloaded: NC_H08_20200801_0500_L2ARP030_FLDK.02401_02401.nc
2025-12-19 14:22:48,883 - INFO - Cropped NC_H08_20200801_0500_L2ARP030_FLDK.02401_02401.nc to Malaysia Domain.
2025-12-19 14:22:58,949 - INFO - Downloaded: NC_H08_20200801_0600_L2ARP030_FLDK.02401_02401.nc
2025-12-19 14:22:59,017 - INFO - Cropped NC_H08_20200801_0600_L2ARP030_FLDK.02401_02401.nc to Malaysia Domain.
2025-12-19 14:23:04,925 - INFO - Downloaded: NC_H08_20200801_0700_L2ARP030_FLDK.02401_02401.nc
2025-12-19 14:23:04,992 - INFO - Cropped NC_H08_20200801_0700_L2ARP030_FLDK.02401_02401.nc to Malaysia Domain.
2025-12-19 14:23:09,467 - INFO - Downloaded: NC_H08_20200801_0800_L2ARP030_FLDK.02401_02401.nc
2025-12-19 14:23:09,532 - INFO - Cropped NC_H08_20200801_0800_L2ARP030_FLDK.02401_02401.nc to Malaysia Domain.
2025-12-19 14:23:12,568 - INFO - Downloaded: NC_H08_20200801_0900_L2ARP030_FLDK.02401_02401.nc
2025-12-19 14:23:12,630 - INFO - Cropped NC_H08_20200801_0900_L2ARP030_FLDK.02401_02401.nc to Malaysia Domain.
2025-12-19 14:23:19,343 - INFO - Downloaded: NC_H08_20200802_0000_L2ARP030_FLDK.02401_02401.nc
2025-12-19 14:23:19,412 - INFO - Cropped NC_H08_20200802_0000_L2ARP030_FLDK.02401_02401.nc to Malaysia Domain.
2025-12-19 14:24:46,250 - INFO - Downloaded: NC_H08_20200802_0100_L2ARP030_FLDK.02401_02401.nc
2025-12-19 14:24:46,323 - INFO - Cropped NC_H08_20200802_0100_L2ARP030_FLDK.02401_02401.nc to Malaysia Domain.
2025-12-19 14:26:13,063 - INFO - Downloaded: NC_H08_20200802_0200_L2ARP030_FLDK.02401_02401.nc
2025-12-19 14:26:13,139 - INFO - Cropped NC_H08_20200802_0200_L2ARP030_FLDK.02401_02401.nc to Malaysia Domain.
2025-12-19 14:26:23,834 - INFO - Downloaded: NC_H08_20200802_0300_L2ARP030_FLDK.02401_02401.nc
2025-12-19 14:26:23,908 - INFO - Cropped NC_H08_20200802_0300_L2ARP030_FLDK.02401_02401.nc to Malaysia Domain.
2025-12-19 14:26:30,417 - INFO - Downloaded: NC_H08_20200802_0400_L2ARP030_FLDK.02401_02401.nc
2025-12-19 14:26:30,485 - INFO - Cropped NC_H08_20200802_0400_L2ARP030_FLDK.02401_02401.nc to Malaysia Domain.
2025-12-19 14:27:51,452 - INFO - Downloaded: NC_H08_20200802_0500_L2ARP030_FLDK.02401_02401.nc
2025-12-19 14:27:51,517 - INFO - Cropped NC_H08_20200802_0500_L2ARP030_FLDK.02401_02401.nc to Malaysia Domain.
2025-12-19 14:28:01,425 - INFO - Downloaded: NC_H08_20200802_0600_L2ARP030_FLDK.02401_02401.nc
2025-12-19 14:28:01,490 - INFO - Cropped NC_H08_20200802_0600_L2ARP030_FLDK.02401_02401.nc to Malaysia Domain.
2025-12-19 14:28:07,421 - INFO - Downloaded: NC_H08_20200802_0700_L2ARP030_FLDK.02401_02401.nc
2025-12-19 14:28:07,488 - INFO - Cropped NC_H08_20200802_0700_L2ARP030_FLDK.02401_02401.nc to Malaysia Domain.
2025-12-19 14:28:12,000 - INFO - Downloaded: NC_H08_20200802_0800_L2ARP030_FLDK.02401_02401.nc
2025-12-19 14:28:12,063 - INFO - Cropped NC_H08_20200802_0800_L2ARP030_FLDK.02401_02401.nc to Malaysia Domain.
2025-12-19 14:28:42,205 - INFO - Downloaded: NC_H08_20200802_0900_L2ARP030_FLDK.02401_02401.nc
2025-12-19 14:28:42,265 - INFO - Cropped NC_H08_20200802_0900_L2ARP030_FLDK.02401_02401.nc to Malaysia Domain.
2025-12-19 14:28:52,501 - INFO - Downloaded: NC_H08_20200803_0000_L2ARP030_FLDK.02401_02401.nc
2025-12-19 14:28:52,569 - INFO - Cropped NC_H08_20200803_0000_L2ARP030_FLDK.02401_02401.nc to Malaysia Domain.
2025-12-19 14:28:59,824 - INFO - Downloaded: NC_H08_20200803_0100_L2ARP030_FLDK.02401_02401.nc
2025-12-19 14:28:59,898 - INFO - Cropped NC_H08_20200803_0100_L2ARP030_FLDK.02401_02401.nc to Malaysia Domain.
2025-12-19 14:29:07,851 - INFO - Downloaded: NC_H08_20200803_0200_L2ARP030_FLDK.02401_02401.nc
2025-12-19 14:29:07,924 - INFO - Cropped NC_H08_20200803_0200_L2ARP030_FLDK.02401_02401.nc to Malaysia Domain.
2025-12-19 14:29:17,313 - INFO - Downloaded: NC_H08_20200803_0300_L2ARP030_FLDK.02401_02401.nc
2025-12-19 14:29:17,385 - INFO - Cropped NC_H08_20200803_0300_L2ARP030_FLDK.02401_02401.nc to Malaysia Domain.
2025-12-19 14:29:26,203 - INFO - Downloaded: NC_H08_20200803_0400_L2ARP030_FLDK.02401_02401.nc
2025-12-19 14:29:26,272 - INFO - Cropped NC_H08_20200803_0400_L2ARP030_FLDK.02401_02401.nc to Malaysia Domain.
2025-12-19 14:29:33,980 - INFO - Downloaded: NC_H08_20200803_0500_L2ARP030_FLDK.02401_02401.nc
2025-12-19 14:29:34,048 - INFO - Cropped NC_H08_20200803_0500_L2ARP030_FLDK.02401_02401.nc to Malaysia Domain.
2025-12-19 14:29:41,396 - INFO - Downloaded: NC_H08_20200803_0600_L2ARP030_FLDK.02401_02401.nc
2025-12-19 14:29:41,463 - INFO - Cropped NC_H08_20200803_0600_L2ARP030_FLDK.02401_02401.nc to Malaysia Domain.
2025-12-19 14:29:47,679 - INFO - Downloaded: NC_H08_20200803_0700_L2ARP030_FLDK.02401_02401.nc
2025-12-19 14:29:47,747 - INFO - Cropped NC_H08_20200803_0700_L2ARP030_FLDK.02401_02401.nc to Malaysia Domain.
2025-12-19 14:30:20,537 - INFO - Downloaded: NC_H08_20200803_0800_L2ARP030_FLDK.02401_02401.nc
2025-12-19 14:30:20,605 - INFO - Cropped NC_H08_20200803_0800_L2ARP030_FLDK.02401_02401.nc to Malaysia Domain.
2025-12-19 14:30:47,342 - INFO - Downloaded: NC_H08_20200803_0900_L2ARP030_FLDK.02401_02401.nc
2025-12-19 14:30:47,408 - INFO - Cropped NC_H08_20200803_0900_L2ARP030_FLDK.02401_02401.nc to Malaysia Domain.
2025-12-19 14:30:57,884 - INFO - Downloaded: NC_H08_20200804_0000_L2ARP030_FLDK.02401_02401.nc
2025-12-19 14:30:57,951 - INFO - Cropped NC_H08_20200804_0000_L2ARP030_FLDK.02401_02401.nc to Malaysia Domain.
2025-12-19 14:31:05,151 - INFO - Downloaded: NC_H08_20200804_0100_L2ARP030_FLDK.02401_02401.nc
2025-12-19 14:31:05,222 - INFO - Cropped NC_H08_20200804_0100_L2ARP030_FLDK.02401_02401.nc to Malaysia Domain.
2025-12-19 14:31:09,371 - INFO - Downloaded: NC_H08_20200804_0200_L2ARP030_FLDK.02401_02401.nc
2025-12-19 14:31:09,458 - INFO - Cropped NC_H08_20200804_0200_L2ARP030_FLDK.02401_02401.nc to Malaysia Domain.
2025-12-19 14:31:12,700 - INFO - Downloaded: NC_H08_20200804_0300_L2ARP030_FLDK.02401_02401.nc
2025-12-19 14:31:12,771 - INFO - Cropped NC_H08_20200804_0300_L2ARP030_FLDK.02401_02401.nc to Malaysia Domain.
2025-12-19 14:31:16,407 - INFO - Downloaded: NC_H08_20200804_0400_L2ARP030_FLDK.02401_02401.nc
2025-12-19 14:31:16,472 - INFO - Cropped NC_H08_20200804_0400_L2ARP030_FLDK.02401_02401.nc to Malaysia Domain.
2025-12-19 14:32:09,368 - INFO - Downloaded: NC_H08_20200804_0500_L2ARP030_FLDK.02401_02401.nc
2025-12-19 14:32:09,433 - INFO - Cropped NC_H08_20200804_0500_L2ARP030_FLDK.02401_02401.nc to Malaysia Domain.
2025-12-19 14:32:18,820 - INFO - Downloaded: NC_H08_20200804_0600_L2ARP030_FLDK.02401_02401.nc
2025-12-19 14:32:18,885 - INFO - Cropped NC_H08_20200804_0600_L2ARP030_FLDK.02401_02401.nc to Malaysia Domain.
2025-12-19 14:32:25,111 - INFO - Downloaded: NC_H08_20200804_0700_L2ARP030_FLDK.02401_02401.nc
2025-12-19 14:32:25,175 - INFO - Cropped NC_H08_20200804_0700_L2ARP030_FLDK.02401_02401.nc to Malaysia Domain.
2025-12-19 14:32:46,965 - INFO - Downloaded: NC_H08_20200804_0800_L2ARP030_FLDK.02401_02401.nc
2025-12-19 14:32:47,028 - INFO - Cropped NC_H08_20200804_0800_L2ARP030_FLDK.02401_02401.nc to Malaysia Domain.
2025-12-19 14:32:52,092 - INFO - Downloaded: NC_H08_20200804_0900_L2ARP030_FLDK.02401_02401.nc
2025-12-19 14:32:52,152 - INFO - Cropped NC_H08_20200804_0900_L2ARP030_FLDK.02401_02401.nc to Malaysia Domain.
2025-12-19 14:33:01,813 - INFO - Downloaded: NC_H08_20200805_0000_L2ARP030_FLDK.02401_02401.nc
2025-12-19 14:33:01,877 - INFO - Cropped NC_H08_20200805_0000_L2ARP030_FLDK.02401_02401.nc to Malaysia Domain.
2025-12-19 14:33:11,000 - INFO - Downloaded: NC_H08_20200805_0100_L2ARP030_FLDK.02401_02401.nc
2025-12-19 14:33:11,069 - INFO - Cropped NC_H08_20200805_0100_L2ARP030_FLDK.02401_02401.nc to Malaysia Domain.
2025-12-19 14:33:20,379 - INFO - Downloaded: NC_H08_20200805_0200_L2ARP030_FLDK.02401_02401.nc
2025-12-19 14:33:20,448 - INFO - Cropped NC_H08_20200805_0200_L2ARP030_FLDK.02401_02401.nc to Malaysia Domain.
2025-12-19 14:34:32,847 - INFO - Downloaded: NC_H08_20200805_0300_L2ARP030_FLDK.02401_02401.nc
2025-12-19 14:34:32,916 - INFO - Cropped NC_H08_20200805_0300_L2ARP030_FLDK.02401_02401.nc to Malaysia Domain.
2025-12-19 14:34:43,260 - INFO - Downloaded: NC_H08_20200805_0400_L2ARP030_FLDK.02401_02401.nc
2025-12-19 14:34:43,324 - INFO - Cropped NC_H08_20200805_0400_L2ARP030_FLDK.02401_02401.nc to Malaysia Domain.
2025-12-19 14:35:41,012 - INFO - Downloaded: NC_H08_20200805_0500_L2ARP030_FLDK.02401_02401.nc
2025-12-19 14:35:41,077 - INFO - Cropped NC_H08_20200805_0500_L2ARP030_FLDK.02401_02401.nc to Malaysia Domain.
2025-12-19 14:36:35,111 - INFO - Downloaded: NC_H08_20200805_0600_L2ARP030_FLDK.02401_02401.nc
2025-12-19 14:36:35,175 - INFO - Cropped NC_H08_20200805_0600_L2ARP030_FLDK.02401_02401.nc to Malaysia Domain.
2025-12-19 14:36:43,888 - INFO - Downloaded: NC_H08_20200805_0700_L2ARP030_FLDK.02401_02401.nc
2025-12-19 14:36:43,952 - INFO - Cropped NC_H08_20200805_0700_L2ARP030_FLDK.02401_02401.nc to Malaysia Domain.
2025-12-19 14:36:50,251 - INFO - Downloaded: NC_H08_20200805_0800_L2ARP030_FLDK.02401_02401.nc
2025-12-19 14:36:50,313 - INFO - Cropped NC_H08_20200805_0800_L2ARP030_FLDK.02401_02401.nc to Malaysia Domain.
2025-12-19 14:36:53,695 - INFO - Downloaded: NC_H08_20200805_0900_L2ARP030_FLDK.02401_02401.nc
2025-12-19 14:36:53,755 - INFO - Cropped NC_H08_20200805_0900_L2ARP030_FLDK.02401_02401.nc to Malaysia Domain.
2025-12-19 14:38:15,838 - INFO - Downloaded: NC_H08_20200806_0000_L2ARP030_FLDK.02401_02401.nc
2025-12-19 14:38:15,904 - INFO - Cropped NC_H08_20200806_0000_L2ARP030_FLDK.02401_02401.nc to Malaysia Domain.
2025-12-19 14:38:26,442 - INFO - Downloaded: NC_H08_20200806_0100_L2ARP030_FLDK.02401_02401.nc
2025-12-19 14:38:26,511 - INFO - Cropped NC_H08_20200806_0100_L2ARP030_FLDK.02401_02401.nc to Malaysia Domain.
2025-12-19 14:38:33,552 - INFO - Downloaded: NC_H08_20200806_0200_L2ARP030_FLDK.02401_02401.nc
2025-12-19 14:38:33,621 - INFO - Cropped NC_H08_20200806_0200_L2ARP030_FLDK.02401_02401.nc to Malaysia Domain.
2025-12-19 14:38:40,580 - INFO - Downloaded: NC_H08_20200806_0300_L2ARP030_FLDK.02401_02401.nc
2025-12-19 14:38:40,648 - INFO - Cropped NC_H08_20200806_0300_L2ARP030_FLDK.02401_02401.nc to Malaysia Domain.
2025-12-19 14:38:47,119 - INFO - Downloaded: NC_H08_20200806_0400_L2ARP030_FLDK.02401_02401.nc
2025-12-19 14:38:47,187 - INFO - Cropped NC_H08_20200806_0400_L2ARP030_FLDK.02401_02401.nc to Malaysia Domain.
2025-12-19 14:38:52,711 - INFO - Downloaded: NC_H08_20200806_0500_L2ARP030_FLDK.02401_02401.nc
2025-12-19 14:38:52,780 - INFO - Cropped NC_H08_20200806_0500_L2ARP030_FLDK.02401_02401.nc to Malaysia Domain.
2025-12-19 14:39:45,416 - INFO - Downloaded: NC_H08_20200806_0600_L2ARP030_FLDK.02401_02401.nc
2025-12-19 14:39:45,480 - INFO - Cropped NC_H08_20200806_0600_L2ARP030_FLDK.02401_02401.nc to Malaysia Domain.
2025-12-19 14:39:54,418 - INFO - Downloaded: NC_H08_20200806_0700_L2ARP030_FLDK.02401_02401.nc
2025-12-19 14:39:54,481 - INFO - Cropped NC_H08_20200806_0700_L2ARP030_FLDK.02401_02401.nc to Malaysia Domain.
2025-12-19 14:40:00,605 - INFO - Downloaded: NC_H08_20200806_0800_L2ARP030_FLDK.02401_02401.nc
2025-12-19 14:40:00,668 - INFO - Cropped NC_H08_20200806_0800_L2ARP030_FLDK.02401_02401.nc to Malaysia Domain.
2025-12-19 14:40:05,582 - INFO - Downloaded: NC_H08_20200806_0900_L2ARP030_FLDK.02401_02401.nc
2025-12-19 14:40:05,642 - INFO - Cropped NC_H08_20200806_0900_L2ARP030_FLDK.02401_02401.nc to Malaysia Domain.
2025-12-19 14:40:10,426 - INFO - Downloaded: NC_H08_20200807_0000_L2ARP030_FLDK.02401_02401.nc
2025-12-19 14:40:10,496 - INFO - Cropped NC_H08_20200807_0000_L2ARP030_FLDK.02401_02401.nc to Malaysia Domain.
2025-12-19 14:41:33,617 - INFO - Downloaded: NC_H08_20200807_0100_L2ARP030_FLDK.02401_02401.nc
2025-12-19 14:41:33,702 - INFO - Cropped NC_H08_20200807_0100_L2ARP030_FLDK.02401_02401.nc to Malaysia Domain.
2025-12-19 14:42:56,590 - INFO - Downloaded: NC_H08_20200807_0200_L2ARP030_FLDK.02401_02401.nc
2025-12-19 14:42:56,681 - INFO - Cropped NC_H08_20200807_0200_L2ARP030_FLDK.02401_02401.nc to Malaysia Domain.
2025-12-19 14:43:07,265 - INFO - Downloaded: NC_H08_20200807_0300_L2ARP030_FLDK.02401_02401.nc
2025-12-19 14:43:07,358 - INFO - Cropped NC_H08_20200807_0300_L2ARP030_FLDK.02401_02401.nc to Malaysia Domain.
2025-12-19 14:43:11,317 - INFO - Downloaded: NC_H08_20200807_0400_L2ARP030_FLDK.02401_02401.nc
2025-12-19 14:43:11,411 - INFO - Cropped NC_H08_20200807_0400_L2ARP030_FLDK.02401_02401.nc to Malaysia Domain.
2025-12-19 14:43:15,010 - INFO - Downloaded: NC_H08_20200807_0500_L2ARP030_FLDK.02401_02401.nc
2025-12-19 14:43:15,088 - INFO - Cropped NC_H08_20200807_0500_L2ARP030_FLDK.02401_02401.nc to Malaysia Domain.
2025-12-19 14:43:17,975 - INFO - Downloaded: NC_H08_20200807_0600_L2ARP030_FLDK.02401_02401.nc
2025-12-19 14:43:18,044 - INFO - Cropped NC_H08_20200807_0600_L2ARP030_FLDK.02401_02401.nc to Malaysia Domain.
2025-12-19 14:43:20,826 - INFO - Downloaded: NC_H08_20200807_0700_L2ARP030_FLDK.02401_02401.nc
2025-12-19 14:43:20,894 - INFO - Cropped NC_H08_20200807_0700_L2ARP030_FLDK.02401_02401.nc to Malaysia Domain.
2025-12-19 14:44:00,013 - INFO - Downloaded: NC_H08_20200807_0800_L2ARP030_FLDK.02401_02401.nc
2025-12-19 14:44:00,080 - INFO - Cropped NC_H08_20200807_0800_L2ARP030_FLDK.02401_02401.nc to Malaysia Domain.
2025-12-19 14:44:07,181 - INFO - Downloaded: NC_H08_20200807_0900_L2ARP030_FLDK.02401_02401.nc
2025-12-19 14:44:07,252 - INFO - Cropped NC_H08_20200807_0900_L2ARP030_FLDK.02401_02401.nc to Malaysia Domain.
2025-12-19 14:45:29,437 - INFO - Downloaded: NC_H08_20200808_0000_L2ARP030_FLDK.02401_02401.nc
2025-12-19 14:45:29,518 - INFO - Cropped NC_H08_20200808_0000_L2ARP030_FLDK.02401_02401.nc to Malaysia Domain.
2025-12-19 14:45:39,910 - INFO - Downloaded: NC_H08_20200808_0100_L2ARP030_FLDK.02401_02401.nc
2025-12-19 14:45:40,009 - INFO - Cropped NC_H08_20200808_0100_L2ARP030_FLDK.02401_02401.nc to Malaysia Domain.
2025-12-19 14:45:44,196 - INFO - Downloaded: NC_H08_20200808_0200_L2ARP030_FLDK.02401_02401.nc
2025-12-19 14:45:44,297 - INFO - Cropped NC_H08_20200808_0200_L2ARP030_FLDK.02401_02401.nc to Malaysia Domain.
2025-12-19 14:46:57,818 - INFO - Downloaded: NC_H08_20200808_0300_L2ARP030_FLDK.02401_02401.nc
2025-12-19 14:46:57,917 - INFO - Cropped NC_H08_20200808_0300_L2ARP030_FLDK.02401_02401.nc to Malaysia Domain.
2025-12-19 14:47:56,559 - INFO - Downloaded: NC_H08_20200808_0400_L2ARP030_FLDK.02401_02401.nc
2025-12-19 14:47:56,650 - INFO - Cropped NC_H08_20200808_0400_L2ARP030_FLDK.02401_02401.nc to Malaysia Domain.
2025-12-19 14:48:06,401 - INFO - Downloaded: NC_H08_20200808_0500_L2ARP030_FLDK.02401_02401.nc
2025-12-19 14:48:06,474 - INFO - Cropped NC_H08_20200808_0500_L2ARP030_FLDK.02401_02401.nc to Malaysia Domain.
2025-12-19 14:48:53,841 - INFO - Downloaded: NC_H08_20200808_0600_L2ARP030_FLDK.02401_02401.nc
2025-12-19 14:48:53,911 - INFO - Cropped NC_H08_20200808_0600_L2ARP030_FLDK.02401_02401.nc to Malaysia Domain.
2025-12-19 14:49:02,947 - INFO - Downloaded: NC_H08_20200808_0700_L2ARP030_FLDK.02401_02401.nc
2025-12-19 14:49:03,016 - INFO - Cropped NC_H08_20200808_0700_L2ARP030_FLDK.02401_02401.nc to Malaysia Domain.
2025-12-19 14:49:08,911 - INFO - Downloaded: NC_H08_20200808_0800_L2ARP030_FLDK.02401_02401.nc
2025-12-19 14:49:08,981 - INFO - Cropped NC_H08_20200808_0800_L2ARP030_FLDK.02401_02401.nc to Malaysia Domain.
2025-12-19 14:49:36,852 - INFO - Downloaded: NC_H08_20200808_0900_L2ARP030_FLDK.02401_02401.nc
2025-12-19 14:49:36,926 - INFO - Cropped NC_H08_20200808_0900_L2ARP030_FLDK.02401_02401.nc to Malaysia Domain.
2025-12-19 14:50:46,942 - INFO - Downloaded: NC_H08_20200809_0000_L2ARP030_FLDK.02401_02401.nc
2025-12-19 14:50:47,017 - INFO - Cropped NC_H08_20200809_0000_L2ARP030_FLDK.02401_02401.nc to Malaysia Domain.
2025-12-19 14:50:57,601 - INFO - Downloaded: NC_H08_20200809_0100_L2ARP030_FLDK.02401_02401.nc
2025-12-19 14:50:57,685 - INFO - Cropped NC_H08_20200809_0100_L2ARP030_FLDK.02401_02401.nc to Malaysia Domain.
2025-12-19 14:51:01,751 - INFO - Downloaded: NC_H08_20200809_0200_L2ARP030_FLDK.02401_02401.nc
2025-12-19 14:51:01,831 - INFO - Cropped NC_H08_20200809_0200_L2ARP030_FLDK.02401_02401.nc to Malaysia Domain.
2025-12-19 14:51:05,084 - INFO - Downloaded: NC_H08_20200809_0300_L2ARP030_FLDK.02401_02401.nc
2025-12-19 14:51:05,168 - INFO - Cropped NC_H08_20200809_0300_L2ARP030_FLDK.02401_02401.nc to Malaysia Domain.
2025-12-19 14:51:15,401 - INFO - Downloaded: NC_H08_20200809_0400_L2ARP030_FLDK.02401_02401.nc
2025-12-19 14:51:15,475 - INFO - Cropped NC_H08_20200809_0400_L2ARP030_FLDK.02401_02401.nc to Malaysia Domain.
2025-12-19 14:51:21,890 - INFO - Downloaded: NC_H08_20200809_0500_L2ARP030_FLDK.02401_02401.nc
2025-12-19 14:51:21,958 - INFO - Cropped NC_H08_20200809_0500_L2ARP030_FLDK.02401_02401.nc to Malaysia Domain.
2025-12-19 14:52:21,096 - INFO - Downloaded: NC_H08_20200809_0600_L2ARP030_FLDK.02401_02401.nc
2025-12-19 14:52:21,167 - INFO - Cropped NC_H08_20200809_0600_L2ARP030_FLDK.02401_02401.nc to Malaysia Domain.
2025-12-19 14:52:30,150 - INFO - Downloaded: NC_H08_20200809_0700_L2ARP030_FLDK.02401_02401.nc
2025-12-19 14:52:30,213 - INFO - Cropped NC_H08_20200809_0700_L2ARP030_FLDK.02401_02401.nc to Malaysia Domain.
2025-12-19 14:52:33,732 - INFO - Downloaded: NC_H08_20200809_0800_L2ARP030_FLDK.02401_02401.nc
2025-12-19 14:52:33,797 - INFO - Cropped NC_H08_20200809_0800_L2ARP030_FLDK.02401_02401.nc to Malaysia Domain.
2025-12-19 14:52:36,692 - INFO - Downloaded: NC_H08_20200809_0900_L2ARP030_FLDK.02401_02401.nc
2025-12-19 14:52:36,759 - INFO - Cropped NC_H08_20200809_0900_L2ARP030_FLDK.02401_02401.nc to Malaysia Domain.
2025-12-19 14:53:53,518 - INFO - Downloaded: NC_H08_20200810_0000_L2ARP030_FLDK.02401_02401.nc
2025-12-19 14:53:53,597 - INFO - Cropped NC_H08_20200810_0000_L2ARP030_FLDK.02401_02401.nc to Malaysia Domain.
2025-12-19 14:55:12,692 - INFO - Downloaded: NC_H08_20200810_0100_L2ARP030_FLDK.02401_02401.nc
2025-12-19 14:55:12,798 - INFO - Cropped NC_H08_20200810_0100_L2ARP030_FLDK.02401_02401.nc to Malaysia Domain.
2025-12-19 14:55:23,453 - INFO - Downloaded: NC_H08_20200810_0200_L2ARP030_FLDK.02401_02401.nc
2025-12-19 14:55:23,559 - INFO - Cropped NC_H08_20200810_0200_L2ARP030_FLDK.02401_02401.nc to Malaysia Domain.
2025-12-19 14:56:36,152 - INFO - Downloaded: NC_H08_20200810_0300_L2ARP030_FLDK.02401_02401.nc
2025-12-19 14:56:36,257 - INFO - Cropped NC_H08_20200810_0300_L2ARP030_FLDK.02401_02401.nc to Malaysia Domain.
2025-12-19 14:56:43,131 - INFO - Downloaded: NC_H08_20200810_0400_L2ARP030_FLDK.02401_02401.nc
2025-12-19 14:56:43,228 - INFO - Cropped NC_H08_20200810_0400_L2ARP030_FLDK.02401_02401.nc to Malaysia Domain.
2025-12-19 14:56:46,598 - INFO - Downloaded: NC_H08_20200810_0500_L2ARP030_FLDK.02401_02401.nc
2025-12-19 14:56:46,677 - INFO - Cropped NC_H08_20200810_0500_L2ARP030_FLDK.02401_02401.nc to Malaysia Domain.
2025-12-19 14:57:39,297 - INFO - Downloaded: NC_H08_20200810_0600_L2ARP030_FLDK.02401_02401.nc
2025-12-19 14:57:39,367 - INFO - Cropped NC_H08_20200810_0600_L2ARP030_FLDK.02401_02401.nc to Malaysia Domain.
2025-12-19 14:57:48,117 - INFO - Downloaded: NC_H08_20200810_0700_L2ARP030_FLDK.02401_02401.nc
2025-12-19 14:57:48,186 - INFO - Cropped NC_H08_20200810_0700_L2ARP030_FLDK.02401_02401.nc to Malaysia Domain.
2025-12-19 14:57:53,852 - INFO - Downloaded: NC_H08_20200810_0800_L2ARP030_FLDK.02401_02401.nc
2025-12-19 14:57:53,925 - INFO - Cropped NC_H08_20200810_0800_L2ARP030_FLDK.02401_02401.nc to Malaysia Domain.
2025-12-19 14:57:58,853 - INFO - Downloaded: NC_H08_20200810_0900_L2ARP030_FLDK.02401_02401.nc
2025-12-19 14:57:58,924 - INFO - Cropped NC_H08_20200810_0900_L2ARP030_FLDK.02401_02401.nc to Malaysia Domain.
2025-12-19 14:59:07,204 - INFO - Downloaded: NC_H08_20200811_0000_L2ARP030_FLDK.02401_02401.nc
2025-12-19 14:59:07,283 - INFO - Cropped NC_H08_20200811_0000_L2ARP030_FLDK.02401_02401.nc to Malaysia Domain.
2025-12-19 14:59:17,632 - INFO - Downloaded: NC_H08_20200811_0100_L2ARP030_FLDK.02401_02401.nc
2025-12-19 14:59:17,718 - INFO - Cropped NC_H08_20200811_0100_L2ARP030_FLDK.02401_02401.nc to Malaysia Domain.
2025-12-19 14:59:21,703 - INFO - Downloaded: NC_H08_20200811_0200_L2ARP030_FLDK.02401_02401.nc
2025-12-19 14:59:21,788 - INFO - Cropped NC_H08_20200811_0200_L2ARP030_FLDK.02401_02401.nc to Malaysia Domain.
2025-12-19 14:59:25,991 - INFO - Downloaded: NC_H08_20200811_0300_L2ARP030_FLDK.02401_02401.nc
2025-12-19 14:59:26,078 - INFO - Cropped NC_H08_20200811_0300_L2ARP030_FLDK.02401_02401.nc to Malaysia Domain.
2025-12-19 14:59:30,088 - INFO - Downloaded: NC_H08_20200811_0400_L2ARP030_FLDK.02401_02401.nc
2025-12-19 14:59:30,163 - INFO - Cropped NC_H08_20200811_0400_L2ARP030_FLDK.02401_02401.nc to Malaysia Domain.
2025-12-19 14:59:33,812 - INFO - Downloaded: NC_H08_20200811_0500_L2ARP030_FLDK.02401_02401.nc
2025-12-19 14:59:33,888 - INFO - Cropped NC_H08_20200811_0500_L2ARP030_FLDK.02401_02401.nc to Malaysia Domain.
2025-12-19 15:00:30,844 - INFO - Downloaded: NC_H08_20200811_0600_L2ARP030_FLDK.02401_02401.nc
2025-12-19 15:00:30,911 - INFO - Cropped NC_H08_20200811_0600_L2ARP030_FLDK.02401_02401.nc to Malaysia Domain.
2025-12-19 15:01:10,896 - INFO - Downloaded: NC_H08_20200811_0700_L2ARP030_FLDK.02401_02401.nc
2025-12-19 15:01:10,965 - INFO - Cropped NC_H08_20200811_0700_L2ARP030_FLDK.02401_02401.nc to Malaysia Domain.
2025-12-19 15:01:18,665 - INFO - Downloaded: NC_H08_20200811_0800_L2ARP030_FLDK.02401_02401.nc
2025-12-19 15:01:18,732 - INFO - Cropped NC_H08_20200811_0800_L2ARP030_FLDK.02401_02401.nc to Malaysia Domain.
2025-12-19 15:01:24,916 - INFO - Downloaded: NC_H08_20200811_0900_L2ARP030_FLDK.02401_02401.nc
2025-12-19 15:01:24,979 - INFO - Cropped NC_H08_20200811_0900_L2ARP030_FLDK.02401_02401.nc to Malaysia Domain.
2025-12-19 15:01:31,040 - INFO - Downloaded: NC_H08_20200812_0000_L2ARP030_FLDK.02401_02401.nc
2025-12-19 15:01:31,113 - INFO - Cropped NC_H08_20200812_0000_L2ARP030_FLDK.02401_02401.nc to Malaysia Domain.
2025-12-19 15:01:37,537 - INFO - Downloaded: NC_H08_20200812_0100_L2ARP030_FLDK.02401_02401.nc
2025-12-19 15:01:37,611 - INFO - Cropped NC_H08_20200812_0100_L2ARP030_FLDK.02401_02401.nc to Malaysia Domain.
2025-12-19 15:02:41,066 - INFO - Downloaded: NC_H08_20200812_0200_L2ARP030_FLDK.02401_02401.nc
2025-12-19 15:02:41,137 - INFO - Cropped NC_H08_20200812_0200_L2ARP030_FLDK.02401_02401.nc to Malaysia Domain.
2025-12-19 15:02:48,150 - INFO - Downloaded: NC_H08_20200812_0300_L2ARP030_FLDK.02401_02401.nc
2025-12-19 15:02:48,221 - INFO - Cropped NC_H08_20200812_0300_L2ARP030_FLDK.02401_02401.nc to Malaysia Domain.
2025-12-19 15:02:52,719 - INFO - Downloaded: NC_H08_20200812_0400_L2ARP030_FLDK.02401_02401.nc
2025-12-19 15:02:52,791 - INFO - Cropped NC_H08_20200812_0400_L2ARP030_FLDK.02401_02401.nc to Malaysia Domain.
2025-12-19 15:02:56,987 - INFO - Downloaded: NC_H08_20200812_0500_L2ARP030_FLDK.02401_02401.nc
2025-12-19 15:02:57,055 - INFO - Cropped NC_H08_20200812_0500_L2ARP030_FLDK.02401_02401.nc to Malaysia Domain.
2025-12-19 15:03:00,104 - INFO - Downloaded: NC_H08_20200812_0600_L2ARP030_FLDK.02401_02401.nc
2025-12-19 15:03:00,171 - INFO - Cropped NC_H08_20200812_0600_L2ARP030_FLDK.02401_02401.nc to Malaysia Domain.
2025-12-19 15:03:43,301 - INFO - Downloaded: NC_H08_20200812_0700_L2ARP030_FLDK.02401_02401.nc
2025-12-19 15:03:43,369 - INFO - Cropped NC_H08_20200812_0700_L2ARP030_FLDK.02401_02401.nc to Malaysia Domain.
2025-12-19 15:04:20,597 - INFO - Downloaded: NC_H08_20200812_0800_L2ARP030_FLDK.02401_02401.nc
2025-12-19 15:04:20,660 - INFO - Cropped NC_H08_20200812_0800_L2ARP030_FLDK.02401_02401.nc to Malaysia Domain.
2025-12-19 15:04:25,637 - INFO - Downloaded: NC_H08_20200812_0900_L2ARP030_FLDK.02401_02401.nc
2025-12-19 15:04:25,694 - INFO - Cropped NC_H08_20200812_0900_L2ARP030_FLDK.02401_02401.nc to Malaysia Domain.
2025-12-19 15:04:30,676 - INFO - Downloaded: NC_H08_20200813_0000_L2ARP030_FLDK.02401_02401.nc
2025-12-19 15:04:30,745 - INFO - Cropped NC_H08_20200813_0000_L2ARP030_FLDK.02401_02401.nc to Malaysia Domain.
2025-12-19 15:04:35,604 - INFO - Downloaded: NC_H08_20200813_0100_L2ARP030_FLDK.02401_02401.nc
2025-12-19 15:04:35,680 - INFO - Cropped NC_H08_20200813_0100_L2ARP030_FLDK.02401_02401.nc to Malaysia Domain.
2025-12-19 15:04:39,156 - INFO - Downloaded: NC_H08_20200813_0200_L2ARP030_FLDK.02401_02401.nc
2025-12-19 15:04:39,236 - INFO - Cropped NC_H08_20200813_0200_L2ARP030_FLDK.02401_02401.nc to Malaysia Domain.
2025-12-19 15:04:42,416 - INFO - Downloaded: NC_H08_20200813_0300_L2ARP030_FLDK.02401_02401.nc
2025-12-19 15:04:42,494 - INFO - Cropped NC_H08_20200813_0300_L2ARP030_FLDK.02401_02401.nc to Malaysia Domain.
2025-12-19 15:04:45,965 - INFO - Downloaded: NC_H08_20200813_0400_L2ARP030_FLDK.02401_02401.nc
2025-12-19 15:04:46,041 - INFO - Cropped NC_H08_20200813_0400_L2ARP030_FLDK.02401_02401.nc to Malaysia Domain.
2025-12-19 15:04:49,208 - INFO - Downloaded: NC_H08_20200813_0500_L2ARP030_FLDK.02401_02401.nc
2025-12-19 15:04:49,284 - INFO - Cropped NC_H08_20200813_0500_L2ARP030_FLDK.02401_02401.nc to Malaysia Domain.
2025-12-19 15:04:51,915 - INFO - Downloaded: NC_H08_20200813_0600_L2ARP030_FLDK.02401_02401.nc
2025-12-19 15:04:51,985 - INFO - Cropped NC_H08_20200813_0600_L2ARP030_FLDK.02401_02401.nc to Malaysia Domain.
2025-12-19 15:04:54,593 - INFO - Downloaded: NC_H08_20200813_0700_L2ARP030_FLDK.02401_02401.nc
2025-12-19 15:04:54,662 - INFO - Cropped NC_H08_20200813_0700_L2ARP030_FLDK.02401_02401.nc to Malaysia Domain.
2025-12-19 15:04:57,037 - INFO - Downloaded: NC_H08_20200813_0800_L2ARP030_FLDK.02401_02401.nc
2025-12-19 15:04:57,109 - INFO - Cropped NC_H08_20200813_0800_L2ARP030_FLDK.02401_02401.nc to Malaysia Domain.
2025-12-19 15:04:59,232 - INFO - Downloaded: NC_H08_20200813_0900_L2ARP030_FLDK.02401_02401.nc
2025-12-19 15:04:59,297 - INFO - Cropped NC_H08_20200813_0900_L2ARP030_FLDK.02401_02401.nc to Malaysia Domain.
2025-12-19 15:05:02,225 - INFO - Downloaded: NC_H08_20200814_0000_L2ARP030_FLDK.02401_02401.nc
2025-12-19 15:05:02,300 - INFO - Cropped NC_H08_20200814_0000_L2ARP030_FLDK.02401_02401.nc to Malaysia Domain.
2025-12-19 15:05:05,308 - INFO - Downloaded: NC_H08_20200814_0100_L2ARP030_FLDK.02401_02401.nc
2025-12-19 15:05:05,388 - INFO - Cropped NC_H08_20200814_0100_L2ARP030_FLDK.02401_02401.nc to Malaysia Domain.
2025-12-19 15:05:08,408 - INFO - Downloaded: NC_H08_20200814_0200_L2ARP030_FLDK.02401_02401.nc
2025-12-19 15:05:08,493 - INFO - Cropped NC_H08_20200814_0200_L2ARP030_FLDK.02401_02401.nc to Malaysia Domain.
2025-12-19 15:05:12,022 - INFO - Downloaded: NC_H08_20200814_0300_L2ARP030_FLDK.02401_02401.nc
2025-12-19 15:05:12,103 - INFO - Cropped NC_H08_20200814_0300_L2ARP030_FLDK.02401_02401.nc to Malaysia Domain.
Traceback (most recent call last):
  File "/home/NWP5/heat_index2/download_himawari_arp.py", line 230, in <module>
    process_date_range(start, end)
  File "/home/NWP5/heat_index2/download_himawari_arp.py", line 170, in process_date_range
    ftp.cwd(remote_dir)
  File "/home/NWP5/anaconda3/envs/myenv3/lib/python3.11/ftplib.py", line 625, in cwd
    return self.voidcmd(cmd)
           ^^^^^^^^^^^^^^^^^
  File "/home/NWP5/anaconda3/envs/myenv3/lib/python3.11/ftplib.py", line 286, in voidcmd
    return self.voidresp()
           ^^^^^^^^^^^^^^^
  File "/home/NWP5/anaconda3/envs/myenv3/lib/python3.11/ftplib.py", line 259, in voidresp
    resp = self.getresp()
           ^^^^^^^^^^^^^^
  File "/home/NWP5/anaconda3/envs/myenv3/lib/python3.11/ftplib.py", line 252, in getresp
    raise error_temp(resp)
ftplib.error_temp: 421 Session Timeout (43200 seconds): closing control connection
