nohup: ignoring input
--- OMEGA DOWNLOADER (V10) ---
Tasks: 43848
Workers: 12 (Recycle every 10 tasks)
[1/43848] 2020-01-01 11:00 -> AWS: Exists | JAXA: N/A
[21/43848] 2020-01-01 07:00 -> AWS: Exists | JAXA: Exists
[41/43848] 2020-01-02 03:00 -> AWS: Exists | JAXA: Exists
[61/43848] 2020-01-03 23:00 -> AWS: Exists | JAXA: N/A
[81/43848] 2020-01-04 19:00 -> AWS: Exists | JAXA: N/A
[101/43848] 2020-01-05 15:00 -> AWS: Exists | JAXA: N/A
[121/43848] 2020-01-06 11:00 -> AWS: Exists | JAXA: N/A
[141/43848] 2020-01-06 05:00 -> AWS: Exists | JAXA: Exists
[161/43848] 2020-01-07 01:00 -> AWS: Exists | JAXA: Exists
[181/43848] 2020-01-08 23:00 -> AWS: Exists | JAXA: N/A
[201/43848] 2020-01-09 19:00 -> AWS: Exists | JAXA: N/A
[221/43848] 2020-01-10 15:00 -> AWS: Exists | JAXA: N/A
[241/43848] 2020-01-11 11:00 -> AWS: Exists | JAXA: N/A
[261/43848] 2020-01-11 06:00 -> AWS: Exists | JAXA: Exists
[281/43848] 2020-01-12 02:00 -> AWS: Exists | JAXA: Exists
[301/43848] 2020-01-13 23:00 -> AWS: Exists | JAXA: N/A
[321/43848] 2020-01-14 19:00 -> AWS: Exists | JAXA: N/A
[341/43848] 2020-01-15 15:00 -> AWS: Exists | JAXA: N/A
[361/43848] 2020-01-16 11:00 -> AWS: Exists | JAXA: N/A
[381/43848] 2020-01-16 07:00 -> AWS: Exists | JAXA: Exists
[401/43848] 2020-01-17 03:00 -> AWS: Exists | JAXA: Exists
[421/43848] 2020-01-18 23:00 -> AWS: Exists | JAXA: N/A
[441/43848] 2020-01-19 19:00 -> AWS: Exists | JAXA: N/A
[461/43848] 2020-01-20 15:00 -> AWS: Exists | JAXA: N/A
[481/43848] 2020-01-21 11:00 -> AWS: Exists | JAXA: N/A
[501/43848] 2020-01-21 04:00 -> AWS: Exists | JAXA: Exists
[521/43848] 2020-01-22 04:00 -> AWS: Exists | JAXA: Exists
[541/43848] 2020-01-23 23:00 -> AWS: Exists | JAXA: N/A
[561/43848] 2020-01-24 19:00 -> AWS: Exists | JAXA: N/A
[581/43848] 2020-01-25 15:00 -> AWS: Exists | JAXA: N/A
[601/43848] 2020-01-26 11:00 -> AWS: Exists | JAXA: N/A
[621/43848] 2020-01-26 08:00 -> AWS: Exists | JAXA: Exists
[641/43848] 2020-01-27 04:00 -> AWS: Exists | JAXA: Exists
[661/43848] 2020-01-28 23:00 -> AWS: Exists | JAXA: N/A
[681/43848] 2020-01-29 19:00 -> AWS: Exists | JAXA: N/A
[701/43848] 2020-01-30 15:00 -> AWS: Exists | JAXA: N/A
[721/43848] 2020-01-31 11:00 -> AWS: Exists | JAXA: N/A
[741/43848] 2020-02-01 00:00 -> AWS: Exists | JAXA: Exists
[761/43848] 2020-02-01 04:00 -> AWS: Exists | JAXA: Exists
[781/43848] 2020-02-02 23:00 -> AWS: Exists | JAXA: N/A
[801/43848] 2020-02-03 19:00 -> AWS: Exists | JAXA: N/A
[821/43848] 2020-02-04 15:00 -> AWS: Exists | JAXA: N/A
[841/43848] 2020-02-05 11:00 -> AWS: Exists | JAXA: N/A
[861/43848] 2020-02-05 07:00 -> AWS: Exists | JAXA: Exists
[881/43848] 2020-02-06 02:00 -> AWS: Exists | JAXA: Exists
[901/43848] 2020-02-07 23:00 -> AWS: Exists | JAXA: N/A
[921/43848] 2020-02-08 19:00 -> AWS: Exists | JAXA: N/A
[941/43848] 2020-02-09 15:00 -> AWS: Exists | JAXA: N/A
[961/43848] 2020-02-10 11:00 -> AWS: Exists | JAXA: N/A
[981/43848] 2020-02-10 07:00 -> AWS: Exists | JAXA: Exists
[1001/43848] 2020-02-11 03:00 -> AWS: Exists | JAXA: Exists
[1021/43848] 2020-02-12 23:00 -> AWS: Exists | JAXA: N/A
[1041/43848] 2020-02-13 19:00 -> AWS: Exists | JAXA: N/A
[1061/43848] 2020-02-14 15:00 -> AWS: Exists | JAXA: N/A
[1081/43848] 2020-02-15 11:00 -> AWS: Exists | JAXA: N/A
[1101/43848] 2020-02-15 06:00 -> AWS: Exists | JAXA: Exists
[1121/43848] 2020-02-15 07:00 -> AWS: Exists | JAXA: Exists
[1141/43848] 2020-02-17 23:00 -> AWS: Exists | JAXA: N/A
[1161/43848] 2020-02-18 19:00 -> AWS: Exists | JAXA: N/A
[1181/43848] 2020-02-19 15:00 -> AWS: Exists | JAXA: N/A
[1201/43848] 2020-02-20 11:00 -> AWS: Exists | JAXA: N/A
[1221/43848] 2020-02-20 06:00 -> AWS: Exists | JAXA: Exists
[1241/43848] 2020-02-18 15:00 -> AWS: Missing | JAXA: N/A
[1261/43848] 2020-02-22 23:00 -> AWS: Exists | JAXA: N/A
[1281/43848] 2020-02-23 19:00 -> AWS: Exists | JAXA: N/A
[1301/43848] 2020-02-24 15:00 -> AWS: Exists | JAXA: N/A
[1321/43848] 2020-02-25 11:00 -> AWS: Exists | JAXA: N/A
[1341/43848] 2020-02-25 05:00 -> AWS: Exists | JAXA: Exists
[1361/43848] 2020-02-26 03:00 -> AWS: Exists | JAXA: Exists
[1381/43848] 2020-02-27 23:00 -> AWS: Exists | JAXA: N/A
[1401/43848] 2020-02-28 19:00 -> AWS: Exists | JAXA: N/A
[1421/43848] 2020-02-29 15:00 -> AWS: Exists | JAXA: N/A
[1441/43848] 2020-03-01 11:00 -> AWS: Exists | JAXA: N/A
[1461/43848] 2020-03-01 06:00 -> AWS: Exists | JAXA: Exists
[1481/43848] 2020-03-02 03:00 -> AWS: Exists | JAXA: Exists
[1501/43848] 2020-03-03 23:00 -> AWS: Exists | JAXA: N/A
[1521/43848] 2020-03-04 19:00 -> AWS: Exists | JAXA: N/A
[1541/43848] 2020-03-05 15:00 -> AWS: Exists | JAXA: N/A
[1561/43848] 2020-03-06 11:00 -> AWS: Exists | JAXA: N/A
[1581/43848] 2020-03-06 07:00 -> AWS: Exists | JAXA: Exists
[1601/43848] 2020-03-07 02:00 -> AWS: Exists | JAXA: Exists
[1621/43848] 2020-03-08 23:00 -> AWS: Exists | JAXA: N/A
[1641/43848] 2020-03-09 19:00 -> AWS: Exists | JAXA: N/A
[1661/43848] 2020-03-10 15:00 -> AWS: Exists | JAXA: N/A
[1681/43848] 2020-03-11 11:00 -> AWS: Exists | JAXA: N/A
[1701/43848] 2020-03-11 08:00 -> AWS: Exists | JAXA: Exists
[1721/43848] 2020-03-12 01:00 -> AWS: Exists | JAXA: Exists
[1741/43848] 2020-03-13 23:00 -> AWS: Exists | JAXA: N/A
[1761/43848] 2020-03-14 18:00 -> AWS: Exists | JAXA: N/A
[1781/43848] 2020-03-15 15:00 -> AWS: Exists | JAXA: N/A
[1801/43848] 2020-03-16 11:00 -> AWS: Exists | JAXA: N/A
[1821/43848] 2020-03-16 06:00 -> AWS: Exists | JAXA: Exists
[1841/43848] 2020-03-17 03:00 -> AWS: Exists | JAXA: Exists
[1861/43848] 2020-03-18 23:00 -> AWS: Exists | JAXA: N/A
[1881/43848] 2020-03-19 19:00 -> AWS: Exists | JAXA: N/A
[1901/43848] 2020-03-20 15:00 -> AWS: Exists | JAXA: N/A
[1921/43848] 2020-03-21 11:00 -> AWS: Exists | JAXA: N/A
[1941/43848] 2020-03-21 06:00 -> AWS: Exists | JAXA: Exists
[1961/43848] 2020-03-22 03:00 -> AWS: Exists | JAXA: Exists
[1981/43848] 2020-03-23 23:00 -> AWS: Exists | JAXA: N/A
[2001/43848] 2020-03-24 19:00 -> AWS: Exists | JAXA: N/A
[2021/43848] 2020-03-25 15:00 -> AWS: Exists | JAXA: N/A
[2041/43848] 2020-03-26 11:00 -> AWS: Exists | JAXA: N/A
[2061/43848] 2020-03-26 09:00 -> AWS: Exists | JAXA: Exists
[2081/43848] 2020-03-27 03:00 -> AWS: Exists | JAXA: Exists
[2101/43848] 2020-03-28 23:00 -> AWS: Exists | JAXA: N/A
[2121/43848] 2020-03-29 18:00 -> AWS: Exists | JAXA: N/A
[2141/43848] 2020-03-30 15:00 -> AWS: Exists | JAXA: N/A
[2161/43848] 2020-03-31 11:00 -> AWS: Exists | JAXA: N/A
[2181/43848] 2020-03-31 07:00 -> AWS: Exists | JAXA: Exists
[2201/43848] 2020-04-01 04:00 -> AWS: Exists | JAXA: Exists
[2221/43848] 2020-04-02 23:00 -> AWS: Exists | JAXA: N/A
[2241/43848] 2020-04-03 18:00 -> AWS: Exists | JAXA: N/A
[2261/43848] 2020-04-04 15:00 -> AWS: Exists | JAXA: N/A
[2281/43848] 2020-04-05 11:00 -> AWS: Exists | JAXA: N/A
[2301/43848] 2020-04-05 07:00 -> AWS: Exists | JAXA: Exists
[2321/43848] 2020-04-06 02:00 -> AWS: Exists | JAXA: Exists
[2341/43848] 2020-04-07 23:00 -> AWS: Exists | JAXA: N/A
[2361/43848] 2020-04-08 19:00 -> AWS: Exists | JAXA: N/A
[2381/43848] 2020-04-09 15:00 -> AWS: Exists | JAXA: N/A
[2401/43848] 2020-04-10 11:00 -> AWS: Exists | JAXA: N/A
[2421/43848] 2020-04-10 06:00 -> AWS: Exists | JAXA: Exists
[2441/43848] 2020-04-11 01:00 -> AWS: Exists | JAXA: Exists
[2461/43848] 2020-04-12 23:00 -> AWS: Exists | JAXA: N/A
[2481/43848] 2020-04-13 19:00 -> AWS: Exists | JAXA: N/A
[2501/43848] 2020-04-14 15:00 -> AWS: Exists | JAXA: N/A
[2521/43848] 2020-04-15 11:00 -> AWS: Exists | JAXA: N/A
[2541/43848] 2020-04-15 06:00 -> AWS: Exists | JAXA: Exists
[2561/43848] 2020-04-16 03:00 -> AWS: Exists | JAXA: Exists
[2581/43848] 2020-04-17 23:00 -> AWS: Exists | JAXA: N/A
[2601/43848] 2020-04-18 19:00 -> AWS: Exists | JAXA: N/A
[2621/43848] 2020-04-19 15:00 -> AWS: Exists | JAXA: N/A
[2641/43848] 2020-04-20 11:00 -> AWS: Exists | JAXA: N/A
[2661/43848] 2020-04-20 07:00 -> AWS: Exists | JAXA: Exists
[2681/43848] 2020-04-21 02:00 -> AWS: Exists | JAXA: Exists
[2701/43848] 2020-04-22 23:00 -> AWS: Exists | JAXA: N/A
[2721/43848] 2020-04-23 19:00 -> AWS: Exists | JAXA: N/A
[2741/43848] 2020-04-24 15:00 -> AWS: Exists | JAXA: N/A
[2761/43848] 2020-04-25 11:00 -> AWS: Exists | JAXA: N/A
[2781/43848] 2020-04-25 08:00 -> AWS: Exists | JAXA: Exists
[2801/43848] 2020-04-26 03:00 -> AWS: Exists | JAXA: Exists
[2821/43848] 2020-04-27 23:00 -> AWS: Exists | JAXA: N/A
[2841/43848] 2020-04-28 19:00 -> AWS: Exists | JAXA: N/A
[2861/43848] 2020-04-29 15:00 -> AWS: Exists | JAXA: N/A
[2881/43848] 2020-04-30 11:00 -> AWS: Exists | JAXA: N/A
[2901/43848] 2020-04-30 08:00 -> AWS: Exists | JAXA: Exists
[2921/43848] 2020-05-01 03:00 -> AWS: Exists | JAXA: Exists
[2941/43848] 2020-05-02 23:00 -> AWS: Exists | JAXA: N/A
[2961/43848] 2020-05-03 19:00 -> AWS: Exists | JAXA: N/A
[2981/43848] 2020-05-04 15:00 -> AWS: Exists | JAXA: N/A
[3001/43848] 2020-05-05 11:00 -> AWS: Exists | JAXA: N/A
[3021/43848] 2020-05-05 05:00 -> AWS: Exists | JAXA: Exists
[3041/43848] 2020-05-06 02:00 -> AWS: Exists | JAXA: Exists
[3061/43848] 2020-05-07 23:00 -> AWS: Exists | JAXA: N/A
[3081/43848] 2020-05-08 19:00 -> AWS: Exists | JAXA: N/A
[3101/43848] 2020-05-09 15:00 -> AWS: Exists | JAXA: N/A
[3121/43848] 2020-05-10 11:00 -> AWS: Exists | JAXA: N/A
[3141/43848] 2020-05-10 07:00 -> AWS: Exists | JAXA: Exists
[3161/43848] 2020-05-11 03:00 -> AWS: Exists | JAXA: Exists
[3181/43848] 2020-05-12 23:00 -> AWS: Exists | JAXA: N/A
[3201/43848] 2020-05-13 19:00 -> AWS: Exists | JAXA: N/A
[3221/43848] 2020-05-14 15:00 -> AWS: Exists | JAXA: N/A
[3241/43848] 2020-05-15 11:00 -> AWS: Exists | JAXA: N/A
[3261/43848] 2020-05-15 06:00 -> AWS: Exists | JAXA: Exists
[3281/43848] 2020-05-16 04:00 -> AWS: Exists | JAXA: Exists
[3301/43848] 2020-05-17 23:00 -> AWS: Exists | JAXA: N/A
[3321/43848] 2020-05-18 18:00 -> AWS: Exists | JAXA: N/A
[3341/43848] 2020-05-19 15:00 -> AWS: Exists | JAXA: N/A
[3361/43848] 2020-05-20 11:00 -> AWS: Exists | JAXA: N/A
[3381/43848] 2020-05-20 06:00 -> AWS: Exists | JAXA: Exists
[3401/43848] 2020-05-21 04:00 -> AWS: Exists | JAXA: Exists
[3421/43848] 2020-05-22 23:00 -> AWS: Exists | JAXA: N/A
[3441/43848] 2020-05-23 19:00 -> AWS: Exists | JAXA: N/A
[3461/43848] 2020-05-24 15:00 -> AWS: Exists | JAXA: N/A
[3481/43848] 2020-05-25 11:00 -> AWS: Exists | JAXA: N/A
[3501/43848] 2020-05-25 06:00 -> AWS: Exists | JAXA: Exists
[3521/43848] 2020-05-26 00:00 -> AWS: Exists | JAXA: Exists
[3541/43848] 2020-05-27 23:00 -> AWS: Exists | JAXA: N/A
[3561/43848] 2020-05-28 19:00 -> AWS: Exists | JAXA: N/A
[3581/43848] 2020-05-29 15:00 -> AWS: Exists | JAXA: N/A
[3601/43848] 2020-05-30 11:00 -> AWS: Exists | JAXA: N/A
[3621/43848] 2020-05-30 05:00 -> AWS: Exists | JAXA: Exists
[3641/43848] 2020-05-31 02:00 -> AWS: Exists | JAXA: Exists
[3661/43848] 2020-06-01 23:00 -> AWS: Exists | JAXA: N/A
[3681/43848] 2020-06-02 19:00 -> AWS: Exists | JAXA: N/A
[3701/43848] 2020-06-03 15:00 -> AWS: Exists | JAXA: N/A
[3721/43848] 2020-06-04 11:00 -> AWS: Exists | JAXA: N/A
[3741/43848] 2020-06-04 05:00 -> AWS: Exists | JAXA: Exists
[3761/43848] 2020-06-05 01:00 -> AWS: Exists | JAXA: Exists
[3781/43848] 2020-06-06 23:00 -> AWS: Exists | JAXA: N/A
[3801/43848] 2020-06-07 18:00 -> AWS: Exists | JAXA: N/A
[3821/43848] 2020-06-08 15:00 -> AWS: Exists | JAXA: N/A
[3841/43848] 2020-06-09 11:00 -> AWS: Exists | JAXA: N/A
[3861/43848] 2020-06-09 08:00 -> AWS: Exists | JAXA: Exists
[3881/43848] 2020-06-10 01:00 -> AWS: Exists | JAXA: Exists
[3901/43848] 2020-06-11 23:00 -> AWS: Exists | JAXA: N/A
[3921/43848] 2020-06-12 19:00 -> AWS: Exists | JAXA: N/A
[3941/43848] 2020-06-13 15:00 -> AWS: Exists | JAXA: N/A
[3961/43848] 2020-06-14 11:00 -> AWS: Exists | JAXA: N/A
[3981/43848] 2020-06-14 06:00 -> AWS: Exists | JAXA: Exists
[4001/43848] 2020-06-15 01:00 -> AWS: Exists | JAXA: Exists
[4021/43848] 2020-06-16 23:00 -> AWS: Exists | JAXA: N/A
[4041/43848] 2020-06-17 19:00 -> AWS: Exists | JAXA: N/A
[4061/43848] 2020-06-18 15:00 -> AWS: Exists | JAXA: N/A
[4081/43848] 2020-06-19 00:00 -> AWS: Exists | JAXA: Exists
[4101/43848] 2020-06-19 08:00 -> AWS: Exists | JAXA: Exists
[4121/43848] 2020-06-20 02:00 -> AWS: Exists | JAXA: Exists
[4141/43848] 2020-06-21 23:00 -> AWS: Exists | JAXA: N/A
[4161/43848] 2020-06-22 19:00 -> AWS: Exists | JAXA: N/A
[4181/43848] 2020-06-23 15:00 -> AWS: Exists | JAXA: N/A
[4201/43848] 2020-06-24 11:00 -> AWS: Exists | JAXA: N/A
[4221/43848] 2020-06-24 07:00 -> AWS: Exists | JAXA: Exists
[4241/43848] 2020-06-25 04:00 -> AWS: Exists | JAXA: Exists
[4261/43848] 2020-06-26 23:00 -> AWS: Exists | JAXA: N/A
[4281/43848] 2020-06-27 19:00 -> AWS: Exists | JAXA: N/A
[4301/43848] 2020-06-28 15:00 -> AWS: Exists | JAXA: N/A
[4321/43848] 2020-06-29 11:00 -> AWS: Exists | JAXA: N/A
[4341/43848] 2020-06-29 06:00 -> AWS: Exists | JAXA: Exists
[4361/43848] 2020-06-30 02:00 -> AWS: Exists | JAXA: Exists
[4381/43848] 2020-07-01 23:00 -> AWS: Exists | JAXA: N/A
[4401/43848] 2020-07-02 19:00 -> AWS: Exists | JAXA: N/A
[4421/43848] 2020-07-03 15:00 -> AWS: Exists | JAXA: N/A
[4441/43848] 2020-07-04 11:00 -> AWS: Exists | JAXA: N/A
[4461/43848] 2020-07-04 03:00 -> AWS: Exists | JAXA: Exists
[4481/43848] 2020-07-05 03:00 -> AWS: Exists | JAXA: Exists
[4501/43848] 2020-07-06 23:00 -> AWS: Exists | JAXA: N/A
[4521/43848] 2020-07-07 19:00 -> AWS: Exists | JAXA: N/A
[4541/43848] 2020-07-08 15:00 -> AWS: Exists | JAXA: N/A
[4561/43848] 2020-07-09 11:00 -> AWS: Exists | JAXA: N/A
[4581/43848] 2020-07-09 06:00 -> AWS: Exists | JAXA: Exists
[4601/43848] 2020-07-10 04:00 -> AWS: Exists | JAXA: Exists
[4621/43848] 2020-07-11 23:00 -> AWS: Exists | JAXA: N/A
[4641/43848] 2020-07-12 19:00 -> AWS: Exists | JAXA: N/A
[4661/43848] 2020-07-13 15:00 -> AWS: Exists | JAXA: N/A
[4681/43848] 2020-07-14 11:00 -> AWS: Exists | JAXA: N/A
[4701/43848] 2020-07-14 06:00 -> AWS: Exists | JAXA: Exists
[4721/43848] 2020-07-15 01:00 -> AWS: Exists | JAXA: Exists
[4741/43848] 2020-07-16 23:00 -> AWS: Exists | JAXA: N/A
[4761/43848] 2020-07-17 19:00 -> AWS: Exists | JAXA: N/A
[4781/43848] 2020-07-18 15:00 -> AWS: Exists | JAXA: N/A
[4801/43848] 2020-07-19 11:00 -> AWS: Exists | JAXA: N/A
[4821/43848] 2020-07-19 08:00 -> AWS: Exists | JAXA: Exists
[4841/43848] 2020-07-20 05:00 -> AWS: Exists | JAXA: Exists
[4861/43848] 2020-07-21 23:00 -> AWS: Exists | JAXA: N/A
[4881/43848] 2020-07-22 18:00 -> AWS: Exists | JAXA: N/A
[4901/43848] 2020-07-23 15:00 -> AWS: Exists | JAXA: N/A
[4921/43848] 2020-07-24 11:00 -> AWS: Exists | JAXA: N/A
[4941/43848] 2020-07-24 07:00 -> AWS: Exists | JAXA: Exists
[4961/43848] 2020-07-25 03:00 -> AWS: Exists | JAXA: Exists
[4981/43848] 2020-07-26 23:00 -> AWS: Exists | JAXA: N/A
[5001/43848] 2020-07-27 19:00 -> AWS: Exists | JAXA: N/A
[5021/43848] 2020-07-28 15:00 -> AWS: Exists | JAXA: N/A
[5041/43848] 2020-07-29 11:00 -> AWS: Exists | JAXA: N/A
[5061/43848] 2020-07-29 06:00 -> AWS: Exists | JAXA: Exists
[5081/43848] 2020-07-30 01:00 -> AWS: Exists | JAXA: Exists
[5101/43848] 2020-07-31 23:00 -> AWS: Exists | JAXA: N/A
[5121/43848] 2020-08-01 19:00 -> AWS: Exists | JAXA: N/A
[5141/43848] 2020-08-02 15:00 -> AWS: Exists | JAXA: N/A
[5161/43848] 2020-08-03 11:00 -> AWS: Exists | JAXA: N/A
[5181/43848] 2020-08-03 06:00 -> AWS: Exists | JAXA: Exists
[5201/43848] 2020-08-04 05:00 -> AWS: Exists | JAXA: Exists
[5221/43848] 2020-08-05 23:00 -> AWS: Exists | JAXA: N/A
[5241/43848] 2020-08-06 19:00 -> AWS: Exists | JAXA: N/A
[5261/43848] 2020-08-07 15:00 -> AWS: Exists | JAXA: N/A
[5281/43848] 2020-08-08 11:00 -> AWS: Exists | JAXA: N/A
[5301/43848] 2020-08-08 06:00 -> AWS: Exists | JAXA: Exists
[5321/43848] 2020-08-09 02:00 -> AWS: Exists | JAXA: Exists
[5341/43848] 2020-08-10 23:00 -> AWS: Exists | JAXA: N/A
[5361/43848] 2020-08-11 19:00 -> AWS: Exists | JAXA: N/A
[5381/43848] 2020-08-12 15:00 -> AWS: Exists | JAXA: N/A
[5401/43848] 2020-08-13 11:00 -> AWS: Exists | JAXA: N/A
[5421/43848] 2020-08-13 08:00 -> AWS: Exists | JAXA: Exists
[5441/43848] 2020-08-14 04:00 -> AWS: Exists | JAXA: Exists
[5461/43848] 2020-08-15 23:00 -> AWS: Exists | JAXA: N/A
[5481/43848] 2020-08-16 19:00 -> AWS: Exists | JAXA: N/A
[5501/43848] 2020-08-17 15:00 -> AWS: Exists | JAXA: N/A
[5521/43848] 2020-08-18 11:00 -> AWS: Exists | JAXA: N/A
[5541/43848] 2020-08-18 07:00 -> AWS: Exists | JAXA: Exists
[5561/43848] 2020-08-19 01:00 -> AWS: Exists | JAXA: Exists
[5581/43848] 2020-08-20 23:00 -> AWS: Exists | JAXA: N/A
[5601/43848] 2020-08-21 19:00 -> AWS: Exists | JAXA: N/A
[5621/43848] 2020-08-22 15:00 -> AWS: Exists | JAXA: N/A
[5641/43848] 2020-08-23 11:00 -> AWS: Exists | JAXA: N/A
[5661/43848] 2020-08-23 04:00 -> AWS: Exists | JAXA: Exists
[5681/43848] 2020-08-24 02:00 -> AWS: Exists | JAXA: Exists
[5701/43848] 2020-08-25 23:00 -> AWS: Exists | JAXA: N/A
[5721/43848] 2020-08-26 19:00 -> AWS: Exists | JAXA: N/A
[5741/43848] 2020-08-27 00:00 -> AWS: Exists | JAXA: Exists
[5761/43848] 2020-08-28 11:00 -> AWS: Exists | JAXA: N/A
[5781/43848] 2020-08-28 07:00 -> AWS: Exists | JAXA: Exists
[5801/43848] 2020-08-29 04:00 -> AWS: Exists | JAXA: Exists
[5821/43848] 2020-08-30 22:00 -> AWS: Exists | JAXA: N/A
[5841/43848] 2020-08-31 19:00 -> AWS: Exists | JAXA: N/A
[5861/43848] 2020-09-01 15:00 -> AWS: Exists | JAXA: N/A
[5881/43848] 2020-09-02 11:00 -> AWS: Exists | JAXA: N/A
[5901/43848] 2020-09-02 06:00 -> AWS: Exists | JAXA: Exists
[5921/43848] 2020-09-03 00:00 -> AWS: Exists | JAXA: Exists
[5941/43848] 2020-09-04 23:00 -> AWS: Exists | JAXA: N/A
[5961/43848] 2020-09-05 19:00 -> AWS: Exists | JAXA: N/A
[5981/43848] 2020-09-06 15:00 -> AWS: Exists | JAXA: N/A
[6001/43848] 2020-09-07 11:00 -> AWS: Exists | JAXA: N/A
[6021/43848] 2020-09-07 07:00 -> AWS: Exists | JAXA: Exists
[6041/43848] 2020-09-08 03:00 -> AWS: Exists | JAXA: Exists
[6061/43848] 2020-09-09 23:00 -> AWS: Exists | JAXA: N/A
[6081/43848] 2020-09-10 19:00 -> AWS: Exists | JAXA: N/A
[6101/43848] 2020-09-11 15:00 -> AWS: Exists | JAXA: N/A
[6121/43848] 2020-09-12 11:00 -> AWS: Exists | JAXA: N/A
[6141/43848] 2020-09-10 23:00 -> AWS: Missing | JAXA: N/A
[6161/43848] 2020-09-13 02:00 -> AWS: Exists | JAXA: Exists
[6181/43848] 2020-09-14 23:00 -> AWS: Exists | JAXA: N/A
[6201/43848] 2020-09-15 19:00 -> AWS: Exists | JAXA: N/A
[6221/43848] 2020-09-16 15:00 -> AWS: Exists | JAXA: N/A
[6241/43848] 2020-09-17 11:00 -> AWS: Exists | JAXA: N/A
[6261/43848] 2020-09-17 05:00 -> AWS: Exists | JAXA: Exists
[6281/43848] 2020-09-18 00:00 -> AWS: Exists | JAXA: Exists
[6301/43848] 2020-09-19 23:00 -> AWS: Exists | JAXA: N/A
[6321/43848] 2020-09-20 19:00 -> AWS: Exists | JAXA: N/A
[6341/43848] 2020-09-21 15:00 -> AWS: Exists | JAXA: N/A
[6361/43848] 2020-09-22 11:00 -> AWS: Exists | JAXA: N/A
[6381/43848] 2020-09-22 07:00 -> AWS: Exists | JAXA: Exists
[6401/43848] 2020-09-23 03:00 -> AWS: Exists | JAXA: Exists
[6421/43848] 2020-09-24 23:00 -> AWS: Exists | JAXA: N/A
[6441/43848] 2020-09-25 18:00 -> AWS: Exists | JAXA: N/A
[6461/43848] 2020-09-26 15:00 -> AWS: Exists | JAXA: N/A
[6481/43848] 2020-09-27 11:00 -> AWS: Exists | JAXA: N/A
[6501/43848] 2020-09-27 06:00 -> AWS: Exists | JAXA: Exists
[6521/43848] 2020-09-28 03:00 -> AWS: Exists | JAXA: Exists
[6541/43848] 2020-09-29 23:00 -> AWS: Exists | JAXA: N/A
[6561/43848] 2020-09-30 19:00 -> AWS: Exists | JAXA: N/A
[6581/43848] 2020-10-01 15:00 -> AWS: Exists | JAXA: N/A
[6601/43848] 2020-10-02 11:00 -> AWS: Exists | JAXA: N/A
[6621/43848] 2020-10-02 07:00 -> AWS: Exists | JAXA: Exists
[6641/43848] 2020-10-03 03:00 -> AWS: Exists | JAXA: Exists
[6661/43848] 2020-10-04 23:00 -> AWS: Exists | JAXA: N/A
[6681/43848] 2020-10-05 19:00 -> AWS: Exists | JAXA: N/A
[6701/43848] 2020-10-06 15:00 -> AWS: Exists | JAXA: N/A
[6721/43848] 2020-10-07 11:00 -> AWS: Exists | JAXA: N/A
[6741/43848] 2020-10-07 07:00 -> AWS: Exists | JAXA: Exists
[6761/43848] 2020-10-08 04:00 -> AWS: Exists | JAXA: Exists
[6781/43848] 2020-10-09 23:00 -> AWS: Exists | JAXA: N/A
[6801/43848] 2020-10-10 19:00 -> AWS: Exists | JAXA: N/A
[6821/43848] 2020-10-11 15:00 -> AWS: Exists | JAXA: N/A
[6841/43848] 2020-10-12 11:00 -> AWS: Exists | JAXA: N/A
[6861/43848] 2020-10-12 07:00 -> AWS: Exists | JAXA: Exists
[6881/43848] 2020-10-09 05:00 -> AWS: Missing | JAXA: Exists
[6901/43848] 2020-10-14 23:00 -> AWS: Exists | JAXA: N/A
[6921/43848] 2020-10-15 18:00 -> AWS: Exists | JAXA: N/A
[6941/43848] 2020-10-16 15:00 -> AWS: Exists | JAXA: N/A
[6961/43848] 2020-10-17 11:00 -> AWS: Exists | JAXA: N/A
[6981/43848] 2020-10-17 07:00 -> AWS: Exists | JAXA: Exists
[7001/43848] 2020-10-18 03:00 -> AWS: Exists | JAXA: Exists
[7021/43848] 2020-10-19 23:00 -> AWS: Exists | JAXA: N/A
[7041/43848] 2020-10-20 19:00 -> AWS: Exists | JAXA: N/A
[7061/43848] 2020-10-21 15:00 -> AWS: Exists | JAXA: N/A
[7081/43848] 2020-10-22 11:00 -> AWS: Exists | JAXA: N/A
[7101/43848] 2020-10-22 08:00 -> AWS: Exists | JAXA: Exists
[7121/43848] 2020-10-23 04:00 -> AWS: Exists | JAXA: Exists
[7141/43848] 2020-10-24 23:00 -> AWS: Exists | JAXA: N/A
[7161/43848] 2020-10-25 19:00 -> AWS: Exists | JAXA: N/A
[7181/43848] 2020-10-26 15:00 -> AWS: Exists | JAXA: N/A
[7201/43848] 2020-10-27 11:00 -> AWS: Exists | JAXA: N/A
[7221/43848] 2020-10-27 05:00 -> AWS: Exists | JAXA: Exists
[7241/43848] 2020-10-28 01:00 -> AWS: Exists | JAXA: Exists
[7261/43848] 2020-10-29 23:00 -> AWS: Exists | JAXA: N/A
[7281/43848] 2020-10-30 19:00 -> AWS: Exists | JAXA: N/A
[7301/43848] 2020-10-31 15:00 -> AWS: Exists | JAXA: N/A
[7321/43848] 2020-11-01 11:00 -> AWS: Exists | JAXA: N/A
[7341/43848] 2020-11-01 05:00 -> AWS: Exists | JAXA: Exists
[7361/43848] 2020-11-02 03:00 -> AWS: Exists | JAXA: Exists
[7381/43848] 2020-11-03 23:00 -> AWS: Exists | JAXA: N/A
[7401/43848] 2020-11-04 19:00 -> AWS: Exists | JAXA: N/A
[7421/43848] 2020-11-05 15:00 -> AWS: Exists | JAXA: N/A
[7441/43848] 2020-11-06 11:00 -> AWS: Exists | JAXA: N/A
[7461/43848] 2020-11-02 06:00 -> AWS: Missing | JAXA: Exists
[7481/43848] 2020-11-07 03:00 -> AWS: Exists | JAXA: Exists
[7501/43848] 2020-11-08 23:00 -> AWS: Exists | JAXA: N/A
[7521/43848] 2020-11-09 19:00 -> AWS: Exists | JAXA: N/A
[7541/43848] 2020-11-10 15:00 -> AWS: Exists | JAXA: N/A
[7561/43848] 2020-11-11 11:00 -> AWS: Exists | JAXA: N/A
[7581/43848] 2020-11-11 05:00 -> AWS: Exists | JAXA: Exists
[7601/43848] 2020-11-12 03:00 -> AWS: Exists | JAXA: Exists
[7621/43848] 2020-11-13 23:00 -> AWS: Exists | JAXA: N/A
[7641/43848] 2020-11-14 19:00 -> AWS: Exists | JAXA: N/A
[7661/43848] 2020-11-15 15:00 -> AWS: Exists | JAXA: N/A
[7681/43848] 2020-11-16 11:00 -> AWS: Exists | JAXA: N/A
[7701/43848] 2020-11-16 05:00 -> AWS: Exists | JAXA: Exists
[7721/43848] 2020-11-17 01:00 -> AWS: Exists | JAXA: Exists
[7741/43848] 2020-11-18 23:00 -> AWS: Exists | JAXA: N/A
[7761/43848] 2020-11-19 19:00 -> AWS: Exists | JAXA: N/A
[7781/43848] 2020-11-20 15:00 -> AWS: Exists | JAXA: N/A
[7801/43848] 2020-11-21 11:00 -> AWS: Exists | JAXA: N/A
[7821/43848] 2020-11-21 07:00 -> AWS: Exists | JAXA: Exists
[7841/43848] 2020-11-22 02:00 -> AWS: Exists | JAXA: Exists
[7861/43848] 2020-11-23 23:00 -> AWS: Exists | JAXA: N/A
[7881/43848] 2020-11-24 19:00 -> AWS: Exists | JAXA: N/A
[7901/43848] 2020-11-25 15:00 -> AWS: Exists | JAXA: N/A
[7921/43848] 2020-11-26 11:00 -> AWS: Exists | JAXA: N/A
[7941/43848] 2020-11-26 04:00 -> AWS: Exists | JAXA: Exists
[7961/43848] 2020-11-27 01:00 -> AWS: Exists | JAXA: Exists
[7981/43848] 2020-11-28 23:00 -> AWS: Exists | JAXA: N/A
[8001/43848] 2020-11-29 19:00 -> AWS: Exists | JAXA: N/A
[8021/43848] 2020-11-30 15:00 -> AWS: Exists | JAXA: N/A
[8041/43848] 2020-12-01 11:00 -> AWS: Exists | JAXA: N/A
[8061/43848] 2020-12-01 08:00 -> AWS: Exists | JAXA: Exists
[8081/43848] 2020-12-02 04:00 -> AWS: Exists | JAXA: Exists
[8101/43848] 2020-12-03 22:00 -> AWS: Exists | JAXA: N/A
[8121/43848] 2020-12-04 19:00 -> AWS: Exists | JAXA: N/A
[8141/43848] 2020-12-05 15:00 -> AWS: Exists | JAXA: N/A
[8161/43848] 2020-12-06 11:00 -> AWS: Exists | JAXA: N/A
[8181/43848] 2020-12-06 07:00 -> AWS: Exists | JAXA: Exists
[8201/43848] 2020-12-07 00:00 -> AWS: Exists | JAXA: Exists
[8221/43848] 2020-12-08 23:00 -> AWS: Exists | JAXA: N/A
[8241/43848] 2020-12-09 19:00 -> AWS: Exists | JAXA: N/A
[8261/43848] 2020-12-10 15:00 -> AWS: Exists | JAXA: N/A
[8281/43848] 2020-12-11 11:00 -> AWS: Exists | JAXA: N/A
[8301/43848] 2020-12-11 06:00 -> AWS: Exists | JAXA: Exists
[8321/43848] 2020-12-12 02:00 -> AWS: Exists | JAXA: Exists
[8341/43848] 2020-12-13 23:00 -> AWS: Exists | JAXA: N/A
[8361/43848] 2020-12-14 19:00 -> AWS: Exists | JAXA: N/A
[8381/43848] 2020-12-15 15:00 -> AWS: Exists | JAXA: N/A
[8401/43848] 2020-12-16 11:00 -> AWS: Exists | JAXA: N/A
[8421/43848] 2020-12-16 06:00 -> AWS: Exists | JAXA: Exists
[8441/43848] 2020-12-17 03:00 -> AWS: Exists | JAXA: Exists
[8461/43848] 2020-12-18 23:00 -> AWS: Exists | JAXA: N/A
[8481/43848] 2020-12-19 19:00 -> AWS: Exists | JAXA: N/A
[8501/43848] 2020-12-20 15:00 -> AWS: Exists | JAXA: N/A
[8521/43848] 2020-12-21 11:00 -> AWS: Exists | JAXA: N/A
[8541/43848] 2020-12-21 04:00 -> AWS: Exists | JAXA: Exists
[8561/43848] 2020-12-22 01:00 -> AWS: Exists | JAXA: Exists
[8581/43848] 2020-12-23 23:00 -> AWS: Exists | JAXA: N/A
[8601/43848] 2020-12-24 18:00 -> AWS: Exists | JAXA: N/A
[8621/43848] 2020-12-25 15:00 -> AWS: Exists | JAXA: N/A
[8641/43848] 2020-12-26 11:00 -> AWS: Exists | JAXA: N/A
[8661/43848] 2020-12-26 06:00 -> AWS: Exists | JAXA: Exists
[8681/43848] 2020-12-27 02:00 -> AWS: Exists | JAXA: Exists
[8701/43848] 2020-12-28 23:00 -> AWS: Exists | JAXA: N/A
[8721/43848] 2020-12-29 19:00 -> AWS: Exists | JAXA: N/A
[8741/43848] 2020-12-30 15:00 -> AWS: Exists | JAXA: N/A
[8761/43848] 2020-12-31 11:00 -> AWS: Exists | JAXA: N/A
[8781/43848] 2020-12-31 06:00 -> AWS: Exists | JAXA: Exists
[8801/43848] 2021-01-01 02:00 -> AWS: Exists | JAXA: Exists
[8821/43848] 2021-01-02 23:00 -> AWS: Exists | JAXA: N/A
[8841/43848] 2021-01-03 19:00 -> AWS: Exists | JAXA: N/A
[8861/43848] 2021-01-04 15:00 -> AWS: Exists | JAXA: N/A
[8881/43848] 2021-01-05 11:00 -> AWS: Exists | JAXA: N/A
[8901/43848] 2021-01-05 04:00 -> AWS: Exists | JAXA: Exists
[8921/43848] 2021-01-06 02:00 -> AWS: Exists | JAXA: Exists
[8941/43848] 2021-01-07 23:00 -> AWS: Exists | JAXA: N/A
[8961/43848] 2021-01-08 19:00 -> AWS: Exists | JAXA: N/A
[8981/43848] 2021-01-09 15:00 -> AWS: Exists | JAXA: N/A
[9001/43848] 2021-01-10 11:00 -> AWS: Exists | JAXA: N/A
[9021/43848] 2021-01-10 07:00 -> AWS: Exists | JAXA: Exists
[9041/43848] 2021-01-11 00:00 -> AWS: Exists | JAXA: Exists
[9061/43848] 2021-01-12 23:00 -> AWS: Exists | JAXA: N/A
[9081/43848] 2021-01-13 19:00 -> AWS: Exists | JAXA: N/A
[9101/43848] 2021-01-14 15:00 -> AWS: Exists | JAXA: N/A
[9121/43848] 2021-01-15 11:00 -> AWS: Exists | JAXA: N/A
[9141/43848] 2021-01-15 08:00 -> AWS: Exists | JAXA: Exists
[9161/43848] 2021-01-16 04:00 -> AWS: Exists | JAXA: Exists
[9181/43848] 2021-01-17 22:00 -> AWS: Exists | JAXA: N/A
[9201/43848] 2021-01-18 19:00 -> AWS: Exists | JAXA: N/A
[9221/43848] 2021-01-19 15:00 -> AWS: Exists | JAXA: N/A
[9241/43848] 2021-01-20 11:00 -> AWS: Exists | JAXA: N/A
[9261/43848] 2021-01-15 09:00 -> AWS: Missing | JAXA: Exists
[9281/43848] 2021-01-21 01:00 -> AWS: Exists | JAXA: Exists
[9301/43848] 2021-01-22 23:00 -> AWS: Exists | JAXA: N/A
[9321/43848] 2021-01-23 19:00 -> AWS: Exists | JAXA: N/A
[9341/43848] 2021-01-24 15:00 -> AWS: Exists | JAXA: N/A
[9361/43848] 2021-01-25 11:00 -> AWS: Exists | JAXA: N/A
[9381/43848] 2021-01-25 07:00 -> AWS: Exists | JAXA: Exists
[9401/43848] 2021-01-26 03:00 -> AWS: Exists | JAXA: Exists
[9421/43848] 2021-01-27 23:00 -> AWS: Exists | JAXA: N/A
[9441/43848] 2021-01-28 19:00 -> AWS: Exists | JAXA: N/A
[9461/43848] 2021-01-29 15:00 -> AWS: Exists | JAXA: N/A
[9481/43848] 2021-01-30 11:00 -> AWS: Exists | JAXA: N/A
[9501/43848] 2021-01-30 07:00 -> AWS: Exists | JAXA: Exists
[9521/43848] 2021-01-31 02:00 -> AWS: Exists | JAXA: Exists
[9541/43848] 2021-02-01 23:00 -> AWS: Exists | JAXA: N/A
[9561/43848] 2021-02-02 19:00 -> AWS: Exists | JAXA: N/A
[9581/43848] 2021-02-03 15:00 -> AWS: Exists | JAXA: N/A
[9601/43848] 2021-02-04 11:00 -> AWS: Exists | JAXA: N/A
[9621/43848] 2021-02-04 09:00 -> AWS: Exists | JAXA: Exists
[9641/43848] 2021-02-05 04:00 -> AWS: Exists | JAXA: Exists
[9661/43848] 2021-02-06 23:00 -> AWS: Exists | JAXA: N/A
[9681/43848] 2021-02-07 19:00 -> AWS: Exists | JAXA: N/A
[9701/43848] 2021-02-08 15:00 -> AWS: Exists | JAXA: N/A
[9721/43848] 2021-02-09 11:00 -> AWS: Exists | JAXA: N/A
[9741/43848] 2021-02-09 06:00 -> AWS: Exists | JAXA: Exists
[9761/43848] 2021-02-10 02:00 -> AWS: Exists | JAXA: Exists
[9781/43848] 2021-02-11 23:00 -> AWS: Exists | JAXA: N/A
[9801/43848] 2021-02-12 19:00 -> AWS: Exists | JAXA: N/A
[9821/43848] 2021-02-13 15:00 -> AWS: Exists | JAXA: N/A
[9841/43848] 2021-02-14 11:00 -> AWS: Exists | JAXA: N/A
[9861/43848] 2021-02-14 06:00 -> AWS: Exists | JAXA: Exists
[9881/43848] 2021-02-15 01:00 -> AWS: Exists | JAXA: Exists
[9901/43848] 2021-02-16 23:00 -> AWS: Exists | JAXA: N/A
[9921/43848] 2021-02-17 19:00 -> AWS: Exists | JAXA: N/A
[9941/43848] 2021-02-18 15:00 -> AWS: Exists | JAXA: N/A
[9961/43848] 2021-02-19 11:00 -> AWS: Exists | JAXA: N/A
[9981/43848] 2021-02-19 07:00 -> AWS: Exists | JAXA: Exists
[10001/43848] 2021-02-20 02:00 -> AWS: Exists | JAXA: Exists
[10021/43848] 2021-02-21 23:00 -> AWS: Exists | JAXA: N/A
[10041/43848] 2021-02-22 19:00 -> AWS: Exists | JAXA: N/A
[10061/43848] 2021-02-23 15:00 -> AWS: Exists | JAXA: N/A
[10081/43848] 2021-02-24 11:00 -> AWS: Exists | JAXA: N/A
[10101/43848] 2021-02-24 07:00 -> AWS: Exists | JAXA: Exists
[10121/43848] 2021-02-25 05:00 -> AWS: Exists | JAXA: Exists
[10141/43848] 2021-02-26 23:00 -> AWS: Exists | JAXA: N/A
[10161/43848] 2021-02-27 19:00 -> AWS: Exists | JAXA: N/A
[10181/43848] 2021-02-28 15:00 -> AWS: Exists | JAXA: N/A
[10201/43848] 2021-03-01 11:00 -> AWS: Exists | JAXA: N/A
[10221/43848] 2021-03-01 06:00 -> AWS: Exists | JAXA: Exists
[10241/43848] 2021-03-02 01:00 -> AWS: Exists | JAXA: Exists
[10261/43848] 2021-03-03 23:00 -> AWS: Exists | JAXA: N/A
[10281/43848] 2021-03-04 19:00 -> AWS: Exists | JAXA: N/A
[10301/43848] 2021-03-05 15:00 -> AWS: Exists | JAXA: N/A
[10321/43848] 2021-03-06 11:00 -> AWS: Exists | JAXA: N/A
[10341/43848] 2021-03-06 05:00 -> AWS: Exists | JAXA: Exists
[10361/43848] 2021-03-07 02:00 -> AWS: Exists | JAXA: Exists
[10381/43848] 2021-03-08 23:00 -> AWS: Exists | JAXA: N/A
[10401/43848] 2021-03-09 19:00 -> AWS: Exists | JAXA: N/A
[10421/43848] 2021-03-10 15:00 -> AWS: Exists | JAXA: N/A
[10441/43848] 2021-03-11 11:00 -> AWS: Exists | JAXA: N/A
[10461/43848] 2021-03-11 05:00 -> AWS: Exists | JAXA: Exists
[10481/43848] 2021-03-12 04:00 -> AWS: Exists | JAXA: Exists
[10501/43848] 2021-03-13 22:00 -> AWS: Exists | JAXA: N/A
[10521/43848] 2021-03-14 19:00 -> AWS: Exists | JAXA: N/A
[10541/43848] 2021-03-15 15:00 -> AWS: Exists | JAXA: N/A
[10561/43848] 2021-03-16 11:00 -> AWS: Exists | JAXA: N/A
[10581/43848] 2021-03-16 06:00 -> AWS: Exists | JAXA: Exists
[10601/43848] 2021-03-17 02:00 -> AWS: Exists | JAXA: Exists
[10621/43848] 2021-03-18 23:00 -> AWS: Exists | JAXA: N/A
[10641/43848] 2021-03-19 19:00 -> AWS: Exists | JAXA: N/A
[10661/43848] 2021-03-20 15:00 -> AWS: Exists | JAXA: N/A
[10681/43848] 2021-03-21 11:00 -> AWS: Exists | JAXA: N/A
[10701/43848] 2021-03-21 05:00 -> AWS: Exists | JAXA: Exists
[10721/43848] 2021-03-22 01:00 -> AWS: Exists | JAXA: Exists
[10741/43848] 2021-03-23 23:00 -> AWS: Exists | JAXA: N/A
[10761/43848] 2021-03-24 18:00 -> AWS: Exists | JAXA: N/A
[10781/43848] 2021-03-25 15:00 -> AWS: Exists | JAXA: N/A
[10801/43848] 2021-03-26 11:00 -> AWS: Exists | JAXA: N/A
[10821/43848] 2021-03-26 07:00 -> AWS: Exists | JAXA: Exists
[10841/43848] 2021-03-27 01:00 -> AWS: Exists | JAXA: Exists
[10861/43848] 2021-03-28 23:00 -> AWS: Exists | JAXA: N/A
[10881/43848] 2021-03-29 19:00 -> AWS: Exists | JAXA: N/A
[10901/43848] 2021-03-30 15:00 -> AWS: Exists | JAXA: N/A
[10921/43848] 2021-03-31 11:00 -> AWS: Exists | JAXA: N/A
[10941/43848] 2021-03-31 06:00 -> AWS: Exists | JAXA: Exists
[10961/43848] 2021-04-01 02:00 -> AWS: Exists | JAXA: Exists
[10981/43848] 2021-04-02 23:00 -> AWS: Exists | JAXA: N/A
[11001/43848] 2021-04-03 19:00 -> AWS: Exists | JAXA: N/A
[11021/43848] 2021-04-04 15:00 -> AWS: Exists | JAXA: N/A
[11041/43848] 2021-04-05 11:00 -> AWS: Exists | JAXA: N/A
[11061/43848] 2021-04-05 05:00 -> AWS: Exists | JAXA: Exists
[11081/43848] 2021-04-06 01:00 -> AWS: Exists | JAXA: Exists
[11101/43848] 2021-04-07 23:00 -> AWS: Exists | JAXA: N/A
[11121/43848] 2021-04-08 19:00 -> AWS: Exists | JAXA: N/A
[11141/43848] 2021-04-09 15:00 -> AWS: Exists | JAXA: N/A
[11161/43848] 2021-04-10 11:00 -> AWS: Exists | JAXA: N/A
[11181/43848] 2021-04-10 05:00 -> AWS: Exists | JAXA: Exists
[11201/43848] 2021-04-11 03:00 -> AWS: Exists | JAXA: Exists
[11221/43848] 2021-04-12 23:00 -> AWS: Exists | JAXA: N/A
[11241/43848] 2021-04-13 19:00 -> AWS: Exists | JAXA: N/A
[11261/43848] 2021-04-14 15:00 -> AWS: Exists | JAXA: N/A
[11281/43848] 2021-04-15 11:00 -> AWS: Exists | JAXA: N/A
[11301/43848] 2021-04-15 05:00 -> AWS: Exists | JAXA: Exists
[11321/43848] 2021-04-16 04:00 -> AWS: Exists | JAXA: Exists
[11341/43848] 2021-04-17 23:00 -> AWS: Exists | JAXA: N/A
[11361/43848] 2021-04-18 19:00 -> AWS: Exists | JAXA: N/A
[11381/43848] 2021-04-19 15:00 -> AWS: Exists | JAXA: N/A
[11401/43848] 2021-04-20 11:00 -> AWS: Exists | JAXA: N/A
[11421/43848] 2021-04-20 07:00 -> AWS: Exists | JAXA: Exists
[11441/43848] 2021-04-21 04:00 -> AWS: Exists | JAXA: Exists
[11461/43848] 2021-04-22 23:00 -> AWS: Exists | JAXA: N/A
[11481/43848] 2021-04-23 19:00 -> AWS: Exists | JAXA: N/A
[11501/43848] 2021-04-24 15:00 -> AWS: Exists | JAXA: N/A
[11521/43848] 2021-04-25 11:00 -> AWS: Exists | JAXA: N/A
[11541/43848] 2021-04-25 06:00 -> AWS: Exists | JAXA: Exists
[11561/43848] 2021-04-26 02:00 -> AWS: Exists | JAXA: Exists
[11581/43848] 2021-04-27 23:00 -> AWS: Exists | JAXA: N/A
[11601/43848] 2021-04-28 19:00 -> AWS: Exists | JAXA: N/A
[11621/43848] 2021-04-29 15:00 -> AWS: Exists | JAXA: N/A
[11641/43848] 2021-04-30 11:00 -> AWS: Exists | JAXA: N/A
[11661/43848] 2021-04-30 04:00 -> AWS: Exists | JAXA: Exists
[11681/43848] 2021-05-01 01:00 -> AWS: Exists | JAXA: Exists
[11701/43848] 2021-05-02 23:00 -> AWS: Exists | JAXA: N/A
[11721/43848] 2021-05-02 08:00 -> AWS: Exists | JAXA: Exists
[11741/43848] 2021-05-04 15:00 -> AWS: Exists | JAXA: N/A
[11761/43848] 2021-05-05 11:00 -> AWS: Exists | JAXA: N/A
[11781/43848] 2021-05-05 06:00 -> AWS: Exists | JAXA: Exists
[11801/43848] 2021-05-06 06:00 -> AWS: Exists | JAXA: Exists
[11821/43848] 2021-05-07 23:00 -> AWS: Exists | JAXA: N/A
[11841/43848] 2021-05-08 19:00 -> AWS: Exists | JAXA: N/A
[11861/43848] 2021-05-09 15:00 -> AWS: Exists | JAXA: N/A
[11881/43848] 2021-05-10 11:00 -> AWS: Exists | JAXA: N/A
[11901/43848] 2021-05-10 07:00 -> AWS: Exists | JAXA: Exists
[11921/43848] 2021-05-11 03:00 -> AWS: Exists | JAXA: Exists
[11941/43848] 2021-05-12 23:00 -> AWS: Exists | JAXA: N/A
[11961/43848] 2021-05-13 19:00 -> AWS: Exists | JAXA: N/A
[11981/43848] 2021-05-14 15:00 -> AWS: Exists | JAXA: N/A
[12001/43848] 2021-05-15 11:00 -> AWS: Exists | JAXA: N/A
[12021/43848] 2021-05-15 03:00 -> AWS: Exists | JAXA: Exists
[12041/43848] 2021-05-16 02:00 -> AWS: Exists | JAXA: Exists
[12061/43848] 2021-05-17 23:00 -> AWS: Exists | JAXA: N/A
[12081/43848] 2021-05-18 19:00 -> AWS: Exists | JAXA: N/A
[12101/43848] 2021-05-19 15:00 -> AWS: Exists | JAXA: N/A
[12121/43848] 2021-05-20 11:00 -> AWS: Exists | JAXA: N/A
[12141/43848] 2021-05-20 06:00 -> AWS: Exists | JAXA: Exists
[12161/43848] 2021-05-21 04:00 -> AWS: Exists | JAXA: Exists
[12181/43848] 2021-05-22 22:00 -> AWS: Exists | JAXA: N/A
[12201/43848] 2021-05-23 19:00 -> AWS: Exists | JAXA: N/A
[12221/43848] 2021-05-24 15:00 -> AWS: Exists | JAXA: N/A
[12241/43848] 2021-05-25 11:00 -> AWS: Exists | JAXA: N/A
[12261/43848] 2021-05-25 05:00 -> AWS: Exists | JAXA: Exists
[12281/43848] 2021-05-26 03:00 -> AWS: Exists | JAXA: Exists
[12301/43848] 2021-05-27 23:00 -> AWS: Exists | JAXA: N/A
[12321/43848] 2021-05-28 19:00 -> AWS: Exists | JAXA: N/A
[12341/43848] 2021-05-29 15:00 -> AWS: Exists | JAXA: N/A
[12361/43848] 2021-05-30 11:00 -> AWS: Exists | JAXA: N/A
[12381/43848] 2021-05-30 08:00 -> AWS: Exists | JAXA: Exists
[12401/43848] 2021-05-31 03:00 -> AWS: Exists | JAXA: Exists
[12421/43848] 2021-06-01 22:00 -> AWS: Exists | JAXA: N/A
[12441/43848] 2021-06-02 19:00 -> AWS: Exists | JAXA: N/A
[12461/43848] 2021-06-03 15:00 -> AWS: Exists | JAXA: N/A
[12481/43848] 2021-06-04 11:00 -> AWS: Exists | JAXA: N/A
[12501/43848] 2021-06-04 07:00 -> AWS: Exists | JAXA: Exists
[12521/43848] 2021-06-05 03:00 -> AWS: Exists | JAXA: Exists
[12541/43848] 2021-06-06 23:00 -> AWS: Exists | JAXA: N/A
[12561/43848] 2021-06-07 19:00 -> AWS: Exists | JAXA: N/A
[12581/43848] 2021-06-08 15:00 -> AWS: Exists | JAXA: N/A
[12601/43848] 2021-06-09 11:00 -> AWS: Exists | JAXA: N/A
[12621/43848] 2021-06-09 08:00 -> AWS: Exists | JAXA: Exists
[12641/43848] 2021-06-10 02:00 -> AWS: Exists | JAXA: Exists
[12661/43848] 2021-06-11 23:00 -> AWS: Exists | JAXA: N/A
[12681/43848] 2021-06-12 19:00 -> AWS: Exists | JAXA: N/A
[12701/43848] 2021-06-13 15:00 -> AWS: Exists | JAXA: N/A
[12721/43848] 2021-06-14 11:00 -> AWS: Exists | JAXA: N/A
[12741/43848] 2021-06-14 03:00 -> AWS: Exists | JAXA: Exists
[12761/43848] 2021-06-15 01:00 -> AWS: Exists | JAXA: Exists
[12781/43848] 2021-06-16 23:00 -> AWS: Exists | JAXA: N/A
[12801/43848] 2021-06-17 18:00 -> AWS: Exists | JAXA: N/A
[12821/43848] 2021-06-18 15:00 -> AWS: Exists | JAXA: N/A
[12841/43848] 2021-06-19 11:00 -> AWS: Exists | JAXA: N/A
[12861/43848] 2021-06-19 06:00 -> AWS: Exists | JAXA: Exists
[12881/43848] 2021-06-20 01:00 -> AWS: Exists | JAXA: Exists
[12901/43848] 2021-06-21 23:00 -> AWS: Exists | JAXA: N/A
[12921/43848] 2021-06-22 19:00 -> AWS: Exists | JAXA: N/A
[12941/43848] 2021-06-23 15:00 -> AWS: Exists | JAXA: N/A
[12961/43848] 2021-06-24 11:00 -> AWS: Exists | JAXA: N/A
[12981/43848] 2021-06-24 08:00 -> AWS: Exists | JAXA: Exists
[13001/43848] 2021-06-25 00:00 -> AWS: Exists | JAXA: Exists
[13021/43848] 2021-06-26 23:00 -> AWS: Exists | JAXA: N/A
[13041/43848] 2021-06-27 19:00 -> AWS: Exists | JAXA: N/A
[13061/43848] 2021-06-28 00:00 -> AWS: Exists | JAXA: Exists
[13081/43848] 2021-06-29 11:00 -> AWS: Exists | JAXA: N/A
[13101/43848] 2021-06-29 07:00 -> AWS: Exists | JAXA: Exists
[13121/43848] 2021-06-30 02:00 -> AWS: Exists | JAXA: Exists
[13141/43848] 2021-07-01 23:00 -> AWS: Exists | JAXA: N/A
[13161/43848] 2021-07-02 19:00 -> AWS: Exists | JAXA: N/A
[13181/43848] 2021-07-03 15:00 -> AWS: Exists | JAXA: N/A
[13201/43848] 2021-07-04 11:00 -> AWS: Exists | JAXA: N/A
[13221/43848] 2021-07-04 05:00 -> AWS: Exists | JAXA: Exists
[13241/43848] 2021-07-05 01:00 -> AWS: Exists | JAXA: Exists
[13261/43848] 2021-07-06 23:00 -> AWS: Exists | JAXA: N/A
[13281/43848] 2021-07-07 19:00 -> AWS: Exists | JAXA: N/A
[13301/43848] 2021-07-08 14:00 -> AWS: Exists | JAXA: N/A
[13321/43848] 2021-07-09 11:00 -> AWS: Exists | JAXA: N/A
[13341/43848] 2021-07-09 07:00 -> AWS: Exists | JAXA: Exists
[13361/43848] 2021-07-10 02:00 -> AWS: Exists | JAXA: Exists
[13381/43848] 2021-07-11 23:00 -> AWS: Exists | JAXA: N/A
[13401/43848] 2021-07-12 19:00 -> AWS: Exists | JAXA: N/A
[13421/43848] 2021-07-13 15:00 -> AWS: Exists | JAXA: N/A
[13441/43848] 2021-07-14 11:00 -> AWS: Exists | JAXA: N/A
[13461/43848] 2021-07-14 06:00 -> AWS: Exists | JAXA: Exists
[13481/43848] 2021-07-15 05:00 -> AWS: Exists | JAXA: Exists
[13501/43848] 2021-07-16 23:00 -> AWS: Exists | JAXA: N/A
[13521/43848] 2021-07-17 19:00 -> AWS: Exists | JAXA: N/A
[13541/43848] 2021-07-18 15:00 -> AWS: Exists | JAXA: N/A
[13561/43848] 2021-07-19 10:00 -> AWS: Exists | JAXA: N/A
[13581/43848] 2021-07-19 08:00 -> AWS: Exists | JAXA: Exists
[13601/43848] 2021-07-20 04:00 -> AWS: Exists | JAXA: Exists
[13621/43848] 2021-07-21 23:00 -> AWS: Exists | JAXA: N/A
[13641/43848] 2021-07-22 19:00 -> AWS: Exists | JAXA: N/A
[13661/43848] 2021-07-23 15:00 -> AWS: Exists | JAXA: N/A
[13681/43848] 2021-07-24 11:00 -> AWS: Exists | JAXA: N/A
[13701/43848] 2021-07-24 05:00 -> AWS: Exists | JAXA: Exists
[13721/43848] 2021-07-25 04:00 -> AWS: Exists | JAXA: Exists
[13741/43848] 2021-07-26 23:00 -> AWS: Exists | JAXA: N/A
[13761/43848] 2021-07-27 19:00 -> AWS: Exists | JAXA: N/A
[13781/43848] 2021-07-28 15:00 -> AWS: Exists | JAXA: N/A
[13801/43848] 2021-07-29 11:00 -> AWS: Exists | JAXA: N/A
[13821/43848] 2021-07-29 08:00 -> AWS: Exists | JAXA: Exists
[13841/43848] 2021-07-30 03:00 -> AWS: Exists | JAXA: Exists
[13861/43848] 2021-07-31 23:00 -> AWS: Exists | JAXA: N/A
[13881/43848] 2021-08-01 19:00 -> AWS: Exists | JAXA: N/A
[13901/43848] 2021-08-02 15:00 -> AWS: Exists | JAXA: N/A
[13921/43848] 2021-08-03 11:00 -> AWS: Exists | JAXA: N/A
[13941/43848] 2021-08-03 06:00 -> AWS: Exists | JAXA: Exists
[13961/43848] 2021-08-04 03:00 -> AWS: Exists | JAXA: Exists
[13981/43848] 2021-08-05 23:00 -> AWS: Exists | JAXA: N/A
[14001/43848] 2021-08-06 19:00 -> AWS: Exists | JAXA: N/A
[14021/43848] 2021-08-07 15:00 -> AWS: Exists | JAXA: N/A
[14041/43848] 2021-08-08 11:00 -> AWS: Exists | JAXA: N/A
[14061/43848] 2021-08-08 07:00 -> AWS: Exists | JAXA: Exists
[14081/43848] 2021-08-09 01:00 -> AWS: Exists | JAXA: Exists
[14101/43848] 2021-08-10 23:00 -> AWS: Exists | JAXA: N/A
[14121/43848] 2021-08-11 19:00 -> AWS: Exists | JAXA: N/A
[14141/43848] 2021-08-12 15:00 -> AWS: Exists | JAXA: N/A
[14161/43848] 2021-08-13 11:00 -> AWS: Exists | JAXA: N/A
[14181/43848] 2021-08-13 04:00 -> AWS: Exists | JAXA: Exists
[14201/43848] 2021-08-14 02:00 -> AWS: Exists | JAXA: Exists
[14221/43848] 2021-08-15 23:00 -> AWS: Exists | JAXA: N/A
[14241/43848] 2021-08-16 19:00 -> AWS: Exists | JAXA: N/A
[14261/43848] 2021-08-17 15:00 -> AWS: Exists | JAXA: N/A
[14281/43848] 2021-08-18 11:00 -> AWS: Exists | JAXA: N/A
[14301/43848] 2021-08-18 07:00 -> AWS: Exists | JAXA: Exists
[14321/43848] 2021-08-19 04:00 -> AWS: Exists | JAXA: Exists
[14341/43848] 2021-08-20 23:00 -> AWS: Exists | JAXA: N/A
[14361/43848] 2021-08-21 19:00 -> AWS: Exists | JAXA: N/A
[14381/43848] 2021-08-22 15:00 -> AWS: Exists | JAXA: N/A
[14401/43848] 2021-08-23 11:00 -> AWS: Exists | JAXA: N/A
[14421/43848] 2021-08-23 06:00 -> AWS: Exists | JAXA: Exists
[14441/43848] 2021-08-24 02:00 -> AWS: Exists | JAXA: Exists
[14461/43848] 2021-08-25 22:00 -> AWS: Exists | JAXA: N/A
[14481/43848] 2021-08-26 19:00 -> AWS: Exists | JAXA: N/A
[14501/43848] 2021-08-27 15:00 -> AWS: Exists | JAXA: N/A
[14521/43848] 2021-08-28 11:00 -> AWS: Exists | JAXA: N/A
[14541/43848] 2021-08-28 08:00 -> AWS: Exists | JAXA: Exists
[14561/43848] 2021-08-29 05:00 -> AWS: Exists | JAXA: Exists
[14581/43848] 2021-08-30 23:00 -> AWS: Exists | JAXA: N/A
[14601/43848] 2021-08-31 19:00 -> AWS: Exists | JAXA: N/A
[14621/43848] 2021-09-01 15:00 -> AWS: Exists | JAXA: N/A
[14641/43848] 2021-09-02 11:00 -> AWS: Exists | JAXA: N/A
[14661/43848] 2021-09-02 08:00 -> AWS: Exists | JAXA: Exists
[14681/43848] 2021-09-03 04:00 -> AWS: Exists | JAXA: Exists
[14701/43848] 2021-09-04 23:00 -> AWS: Exists | JAXA: N/A
[14721/43848] 2021-09-05 19:00 -> AWS: Exists | JAXA: N/A
[14741/43848] 2021-09-06 15:00 -> AWS: Exists | JAXA: N/A
[14761/43848] 2021-09-07 11:00 -> AWS: Exists | JAXA: N/A
[14781/43848] 2021-09-07 06:00 -> AWS: Exists | JAXA: Exists
[14801/43848] 2021-09-08 01:00 -> AWS: Exists | JAXA: Exists
[14821/43848] 2021-09-09 23:00 -> AWS: Exists | JAXA: N/A
[14841/43848] 2021-09-10 19:00 -> AWS: Exists | JAXA: N/A
[14861/43848] 2021-09-11 15:00 -> AWS: Exists | JAXA: N/A
[14881/43848] 2021-09-12 11:00 -> AWS: Exists | JAXA: N/A
[14901/43848] 2021-09-12 04:00 -> AWS: Exists | JAXA: Exists
[14921/43848] 2021-09-13 02:00 -> AWS: Exists | JAXA: Exists
[14941/43848] 2021-09-14 23:00 -> AWS: Exists | JAXA: N/A
[14961/43848] 2021-09-15 19:00 -> AWS: Exists | JAXA: N/A
[14981/43848] 2021-09-16 15:00 -> AWS: Exists | JAXA: N/A
[15001/43848] 2021-09-17 11:00 -> AWS: Exists | JAXA: N/A
[15021/43848] 2021-09-17 04:00 -> AWS: Exists | JAXA: Exists
[15041/43848] 2021-09-18 03:00 -> AWS: Exists | JAXA: Exists
[15061/43848] 2021-09-19 23:00 -> AWS: Exists | JAXA: N/A
[15081/43848] 2021-09-20 19:00 -> AWS: Exists | JAXA: N/A
[15101/43848] 2021-09-21 15:00 -> AWS: Exists | JAXA: N/A
[15121/43848] 2021-09-22 11:00 -> AWS: Exists | JAXA: N/A
[15141/43848] 2021-09-22 05:00 -> AWS: Exists | JAXA: Exists
[15161/43848] 2021-09-23 02:00 -> AWS: Exists | JAXA: Exists
[15181/43848] 2021-09-24 23:00 -> AWS: Exists | JAXA: N/A
[15201/43848] 2021-09-25 19:00 -> AWS: Exists | JAXA: N/A
[15221/43848] 2021-09-25 09:00 -> AWS: Exists | JAXA: Exists
[15241/43848] 2021-09-27 11:00 -> AWS: Exists | JAXA: N/A
[15261/43848] 2021-09-27 06:00 -> AWS: Exists | JAXA: Exists
[15281/43848] 2021-09-28 03:00 -> AWS: Exists | JAXA: Exists
[15301/43848] 2021-09-29 23:00 -> AWS: Exists | JAXA: N/A
[15321/43848] 2021-09-30 19:00 -> AWS: Exists | JAXA: N/A
[15341/43848] 2021-10-01 15:00 -> AWS: Exists | JAXA: N/A
[15361/43848] 2021-10-02 11:00 -> AWS: Exists | JAXA: N/A
[15381/43848] 2021-10-02 07:00 -> AWS: Exists | JAXA: Exists
[15401/43848] 2021-10-03 00:00 -> AWS: Exists | JAXA: Exists
[15421/43848] 2021-10-04 23:00 -> AWS: Exists | JAXA: N/A
[15441/43848] 2021-10-05 19:00 -> AWS: Exists | JAXA: N/A
[15461/43848] 2021-10-06 15:00 -> AWS: Exists | JAXA: N/A
[15481/43848] 2021-10-07 11:00 -> AWS: Exists | JAXA: N/A
[15501/43848] 2021-10-07 05:00 -> AWS: Exists | JAXA: Exists
[15521/43848] 2021-10-08 02:00 -> AWS: Exists | JAXA: Exists
[15541/43848] 2021-10-09 23:00 -> AWS: Exists | JAXA: N/A
[15561/43848] 2021-10-10 19:00 -> AWS: Exists | JAXA: N/A
[15581/43848] 2021-10-11 15:00 -> AWS: Exists | JAXA: N/A
[15601/43848] 2021-10-12 11:00 -> AWS: Exists | JAXA: N/A
[15621/43848] 2021-10-12 07:00 -> AWS: Exists | JAXA: Exists
[15641/43848] 2021-10-13 00:00 -> AWS: Exists | JAXA: Exists
[15661/43848] 2021-10-14 23:00 -> AWS: Exists | JAXA: N/A
[15681/43848] 2021-10-15 19:00 -> AWS: Exists | JAXA: N/A
[15701/43848] 2021-10-16 15:00 -> AWS: Exists | JAXA: N/A
[15721/43848] 2021-10-17 11:00 -> AWS: Exists | JAXA: N/A
[15741/43848] 2021-10-17 06:00 -> AWS: Exists | JAXA: Exists
[15761/43848] 2021-10-18 01:00 -> AWS: Exists | JAXA: Exists
[15781/43848] 2021-10-19 22:00 -> AWS: Exists | JAXA: N/A
[15801/43848] 2021-10-20 19:00 -> AWS: Exists | JAXA: N/A
[15821/43848] 2021-10-21 15:00 -> AWS: Exists | JAXA: N/A
[15841/43848] 2021-10-22 11:00 -> AWS: Exists | JAXA: N/A
[15861/43848] 2021-10-22 08:00 -> AWS: Exists | JAXA: Exists
[15881/43848] 2021-10-23 02:00 -> AWS: Exists | JAXA: Exists
[15901/43848] 2021-10-24 23:00 -> AWS: Exists | JAXA: N/A
[15921/43848] 2021-10-25 19:00 -> AWS: Exists | JAXA: N/A
[15941/43848] 2021-10-26 15:00 -> AWS: Exists | JAXA: N/A
[15961/43848] 2021-10-27 11:00 -> AWS: Exists | JAXA: N/A
[15981/43848] 2021-10-27 03:00 -> AWS: Exists | JAXA: Exists
[16001/43848] 2021-10-28 02:00 -> AWS: Exists | JAXA: Exists
[16021/43848] 2021-10-29 23:00 -> AWS: Exists | JAXA: N/A
[16041/43848] 2021-10-30 19:00 -> AWS: Exists | JAXA: N/A
[16061/43848] 2021-10-31 15:00 -> AWS: Exists | JAXA: N/A
[16081/43848] 2021-11-01 11:00 -> AWS: Exists | JAXA: N/A
[16101/43848] 2021-11-01 08:00 -> AWS: Exists | JAXA: Exists
[16121/43848] 2021-11-02 01:00 -> AWS: Exists | JAXA: Exists
[16141/43848] 2021-11-03 23:00 -> AWS: Exists | JAXA: N/A
[16161/43848] 2021-11-04 19:00 -> AWS: Exists | JAXA: N/A
[16181/43848] 2021-11-05 15:00 -> AWS: Exists | JAXA: N/A
[16201/43848] 2021-11-06 11:00 -> AWS: Exists | JAXA: N/A
[16221/43848] 2021-11-06 06:00 -> AWS: Exists | JAXA: Exists
[16241/43848] 2021-11-07 03:00 -> AWS: Exists | JAXA: Exists
[16261/43848] 2021-11-08 23:00 -> AWS: Exists | JAXA: N/A
[16281/43848] 2021-11-09 19:00 -> AWS: Exists | JAXA: N/A
[16301/43848] 2021-11-10 15:00 -> AWS: Exists | JAXA: N/A
[16321/43848] 2021-11-11 11:00 -> AWS: Exists | JAXA: N/A
[16341/43848] 2021-11-11 05:00 -> AWS: Exists | JAXA: Exists
[16361/43848] 2021-11-12 03:00 -> AWS: Exists | JAXA: Exists
[16381/43848] 2021-11-13 23:00 -> AWS: Exists | JAXA: N/A
[16401/43848] 2021-11-14 19:00 -> AWS: Exists | JAXA: N/A
[16421/43848] 2021-11-15 15:00 -> AWS: Exists | JAXA: N/A
[16441/43848] 2021-11-16 11:00 -> AWS: Exists | JAXA: N/A
[16461/43848] 2021-11-16 06:00 -> AWS: Exists | JAXA: Exists
[16481/43848] 2021-11-17 01:00 -> AWS: Exists | JAXA: Exists
[16501/43848] 2021-11-18 23:00 -> AWS: Exists | JAXA: N/A
[16521/43848] 2021-11-19 19:00 -> AWS: Exists | JAXA: N/A
[16541/43848] 2021-11-20 15:00 -> AWS: Exists | JAXA: N/A
[16561/43848] 2021-11-21 11:00 -> AWS: Exists | JAXA: N/A
[16581/43848] 2021-11-21 05:00 -> AWS: Exists | JAXA: Exists
[16601/43848] 2021-11-22 03:00 -> AWS: Exists | JAXA: Exists
[16621/43848] 2021-11-23 23:00 -> AWS: Exists | JAXA: N/A
[16641/43848] 2021-11-24 19:00 -> AWS: Exists | JAXA: N/A
[16661/43848] 2021-11-25 15:00 -> AWS: Exists | JAXA: N/A
[16681/43848] 2021-11-26 11:00 -> AWS: Exists | JAXA: N/A
[16701/43848] 2021-11-26 06:00 -> AWS: Exists | JAXA: Exists
[16721/43848] 2021-11-27 01:00 -> AWS: Exists | JAXA: Exists
[16741/43848] 2021-11-28 23:00 -> AWS: Exists | JAXA: N/A
[16761/43848] 2021-11-29 19:00 -> AWS: Exists | JAXA: N/A
[16781/43848] 2021-11-30 15:00 -> AWS: Exists | JAXA: N/A
[16801/43848] 2021-12-01 11:00 -> AWS: Exists | JAXA: N/A
[16821/43848] 2021-12-01 06:00 -> AWS: Exists | JAXA: Exists
[16841/43848] 2021-12-02 03:00 -> AWS: Exists | JAXA: Exists
[16861/43848] 2021-12-02 09:00 -> AWS: Exists | JAXA: Exists
[16881/43848] 2021-12-04 19:00 -> AWS: Exists | JAXA: N/A
[16901/43848] 2021-12-05 15:00 -> AWS: Exists | JAXA: N/A
[16921/43848] 2021-12-05 07:00 -> AWS: Exists | JAXA: Exists
[16941/43848] 2021-12-06 09:00 -> AWS: Exists | JAXA: Exists
[16961/43848] 2021-12-07 01:00 -> AWS: Exists | JAXA: Exists
[16981/43848] 2021-12-08 23:00 -> AWS: Exists | JAXA: N/A
[17001/43848] 2021-12-09 19:00 -> AWS: Exists | JAXA: N/A
[17021/43848] 2021-12-10 15:00 -> AWS: Exists | JAXA: N/A
[17041/43848] 2021-12-11 11:00 -> AWS: Exists | JAXA: N/A
[17061/43848] 2021-12-11 05:00 -> AWS: Exists | JAXA: Exists
[17081/43848] 2021-12-12 04:00 -> AWS: Exists | JAXA: Exists
[17101/43848] 2021-12-13 23:00 -> AWS: Exists | JAXA: N/A
[17121/43848] 2021-12-14 19:00 -> AWS: Exists | JAXA: N/A
[17141/43848] 2021-12-15 15:00 -> AWS: Exists | JAXA: N/A
[17161/43848] 2021-12-16 11:00 -> AWS: Exists | JAXA: N/A
[17181/43848] 2021-12-16 08:00 -> AWS: Exists | JAXA: Exists
[17201/43848] 2021-12-17 04:00 -> AWS: Exists | JAXA: Exists
[17221/43848] 2021-12-18 22:00 -> AWS: Exists | JAXA: N/A
[17241/43848] 2021-12-19 19:00 -> AWS: Exists | JAXA: N/A
[17261/43848] 2021-12-20 15:00 -> AWS: Exists | JAXA: N/A
[17281/43848] 2021-12-21 11:00 -> AWS: Exists | JAXA: N/A
[17301/43848] 2021-12-21 05:00 -> AWS: Exists | JAXA: Exists
[17321/43848] 2021-12-22 01:00 -> AWS: Exists | JAXA: Exists
[17341/43848] 2021-12-23 23:00 -> AWS: Exists | JAXA: N/A
[17361/43848] 2021-12-24 19:00 -> AWS: Exists | JAXA: N/A
[17381/43848] 2021-12-25 14:00 -> AWS: Exists | JAXA: N/A
[17401/43848] 2021-12-26 11:00 -> AWS: Exists | JAXA: N/A
[17421/43848] 2021-12-26 07:00 -> AWS: Exists | JAXA: Exists
[17441/43848] 2021-12-27 02:00 -> AWS: Exists | JAXA: Exists
[17461/43848] 2021-12-28 23:00 -> AWS: Exists | JAXA: N/A
[17481/43848] 2021-12-29 19:00 -> AWS: Exists | JAXA: N/A
[17501/43848] 2021-12-30 15:00 -> AWS: Exists | JAXA: N/A
[17521/43848] 2021-12-31 11:00 -> AWS: Exists | JAXA: N/A
[17541/43848] 2021-12-31 05:00 -> AWS: Exists | JAXA: Exists
[17561/43848] 2022-01-01 02:00 -> AWS: Exists | JAXA: Exists
[17581/43848] 2022-01-02 23:00 -> AWS: Exists | JAXA: N/A
[17601/43848] 2022-01-03 19:00 -> AWS: Exists | JAXA: N/A
[17621/43848] 2022-01-04 15:00 -> AWS: Exists | JAXA: N/A
[17641/43848] 2022-01-05 11:00 -> AWS: Exists | JAXA: N/A
[17661/43848] 2022-01-05 06:00 -> AWS: Exists | JAXA: Exists
[17681/43848] 2022-01-06 02:00 -> AWS: Exists | JAXA: Exists
[17701/43848] 2022-01-07 23:00 -> AWS: Exists | JAXA: N/A
[17721/43848] 2022-01-08 19:00 -> AWS: Exists | JAXA: N/A
[17741/43848] 2022-01-09 15:00 -> AWS: Exists | JAXA: N/A
[17761/43848] 2022-01-10 11:00 -> AWS: Exists | JAXA: N/A
[17781/43848] 2022-01-10 06:00 -> AWS: Exists | JAXA: Exists
[17801/43848] 2022-01-11 04:00 -> AWS: Exists | JAXA: Exists
[17821/43848] 2022-01-12 23:00 -> AWS: Exists | JAXA: N/A
[17841/43848] 2022-01-13 19:00 -> AWS: Exists | JAXA: N/A
[17861/43848] 2022-01-14 15:00 -> AWS: Exists | JAXA: N/A
[17881/43848] 2022-01-15 11:00 -> AWS: Exists | JAXA: N/A
[17901/43848] 2022-01-15 08:00 -> AWS: Exists | JAXA: Exists
[17921/43848] 2022-01-16 05:00 -> AWS: Exists | JAXA: Exists
[17941/43848] 2022-01-17 23:00 -> AWS: Exists | JAXA: N/A
[17961/43848] 2022-01-18 19:00 -> AWS: Exists | JAXA: N/A
[17981/43848] 2022-01-19 15:00 -> AWS: Exists | JAXA: N/A
[18001/43848] 2022-01-20 11:00 -> AWS: Exists | JAXA: N/A
[18021/43848] 2022-01-20 06:00 -> AWS: Exists | JAXA: Exists
[18041/43848] 2022-01-21 01:00 -> AWS: Exists | JAXA: Exists
[18061/43848] 2022-01-22 23:00 -> AWS: Exists | JAXA: N/A
[18081/43848] 2022-01-23 19:00 -> AWS: Exists | JAXA: N/A
[18101/43848] 2022-01-24 15:00 -> AWS: Exists | JAXA: N/A
[18121/43848] 2022-01-25 11:00 -> AWS: Exists | JAXA: N/A
[18141/43848] 2022-01-26 00:00 -> AWS: Exists | JAXA: Exists
[18161/43848] 2022-01-26 02:00 -> AWS: Exists | JAXA: Exists
[18181/43848] 2022-01-27 23:00 -> AWS: Exists | JAXA: N/A
[18201/43848] 2022-01-28 19:00 -> AWS: Exists | JAXA: N/A
[18221/43848] 2022-01-29 14:00 -> AWS: Exists | JAXA: N/A
[18241/43848] 2022-01-30 11:00 -> AWS: Exists | JAXA: N/A
[18261/43848] 2022-01-30 09:00 -> AWS: Exists | JAXA: Exists
[18281/43848] 2022-01-31 03:00 -> AWS: Exists | JAXA: Exists
[18301/43848] 2022-02-01 23:00 -> AWS: Exists | JAXA: N/A
[18321/43848] 2022-02-02 19:00 -> AWS: Exists | JAXA: N/A
[18341/43848] 2022-02-03 15:00 -> AWS: Exists | JAXA: N/A
[18361/43848] 2022-02-04 11:00 -> AWS: Exists | JAXA: N/A
[18381/43848] 2022-02-04 06:00 -> AWS: Exists | JAXA: Exists
[18401/43848] 2022-02-05 00:00 -> AWS: Exists | JAXA: Exists
[18421/43848] 2022-02-06 23:00 -> AWS: Exists | JAXA: N/A
[18441/43848] 2022-02-07 19:00 -> AWS: Exists | JAXA: N/A
[18461/43848] 2022-02-08 15:00 -> AWS: Exists | JAXA: N/A
[18481/43848] 2022-02-09 11:00 -> AWS: Exists | JAXA: N/A
[18501/43848] 2022-02-09 06:00 -> AWS: Exists | JAXA: Exists
[18521/43848] 2022-02-10 02:00 -> AWS: Exists | JAXA: Exists
[18541/43848] 2022-02-11 23:00 -> AWS: Exists | JAXA: N/A
[18561/43848] 2022-02-12 19:00 -> AWS: Exists | JAXA: N/A
[18581/43848] 2022-02-13 15:00 -> AWS: Exists | JAXA: N/A
[18601/43848] 2022-02-14 11:00 -> AWS: Exists | JAXA: N/A
[18621/43848] 2022-02-14 07:00 -> AWS: Exists | JAXA: Exists
[18641/43848] 2022-02-15 04:00 -> AWS: Exists | JAXA: Exists
[18661/43848] 2022-02-16 23:00 -> AWS: Exists | JAXA: N/A
[18681/43848] 2022-02-17 19:00 -> AWS: Exists | JAXA: N/A
[18701/43848] 2022-02-18 15:00 -> AWS: Exists | JAXA: N/A
[18721/43848] 2022-02-19 11:00 -> AWS: Exists | JAXA: N/A
[18741/43848] 2022-02-19 06:00 -> AWS: Exists | JAXA: Exists
[18761/43848] 2022-02-19 08:00 -> AWS: Exists | JAXA: Exists
[18781/43848] 2022-02-20 09:00 -> AWS: Exists | JAXA: Exists
[18801/43848] 2022-02-22 19:00 -> AWS: Exists | JAXA: N/A
[18821/43848] 2022-02-23 14:00 -> AWS: Exists | JAXA: N/A
[18841/43848] 2022-02-24 11:00 -> AWS: Exists | JAXA: N/A
[18861/43848] 2022-02-24 08:00 -> AWS: Exists | JAXA: Exists
[18881/43848] 2022-02-25 04:00 -> AWS: Exists | JAXA: Exists
[18901/43848] 2022-02-26 23:00 -> AWS: Exists | JAXA: N/A
[18921/43848] 2022-02-27 19:00 -> AWS: Exists | JAXA: N/A
[18941/43848] 2022-02-28 15:00 -> AWS: Exists | JAXA: N/A
[18961/43848] 2022-03-01 11:00 -> AWS: Exists | JAXA: N/A
[18981/43848] 2022-03-01 07:00 -> AWS: Exists | JAXA: Exists
[19001/43848] 2022-03-01 09:00 -> AWS: Exists | JAXA: Exists
[19021/43848] 2022-03-03 23:00 -> AWS: Exists | JAXA: N/A
[19041/43848] 2022-03-04 19:00 -> AWS: Exists | JAXA: N/A
[19061/43848] 2022-03-05 15:00 -> AWS: Exists | JAXA: N/A
[19081/43848] 2022-03-06 11:00 -> AWS: Exists | JAXA: N/A
[19101/43848] 2022-03-06 05:00 -> AWS: Exists | JAXA: Exists
[19121/43848] 2022-03-07 09:00 -> AWS: Exists | JAXA: Exists
[19141/43848] 2022-03-08 23:00 -> AWS: Exists | JAXA: N/A
[19161/43848] 2022-03-09 19:00 -> AWS: Exists | JAXA: N/A
[19181/43848] 2022-03-10 15:00 -> AWS: Exists | JAXA: N/A
[19201/43848] 2022-03-11 11:00 -> AWS: Exists | JAXA: N/A
[19221/43848] 2022-03-11 04:00 -> AWS: Exists | JAXA: Exists
[19241/43848] 2022-03-12 04:00 -> AWS: Exists | JAXA: Exists
[19261/43848] 2022-03-13 23:00 -> AWS: Exists | JAXA: N/A
[19281/43848] 2022-03-14 19:00 -> AWS: Exists | JAXA: N/A
[19301/43848] 2022-03-15 15:00 -> AWS: Exists | JAXA: N/A
[19321/43848] 2022-03-16 11:00 -> AWS: Exists | JAXA: N/A
[19341/43848] 2022-03-16 06:00 -> AWS: Exists | JAXA: Exists
[19361/43848] 2022-03-17 01:00 -> AWS: Exists | JAXA: Exists
[19381/43848] 2022-03-18 23:00 -> AWS: Exists | JAXA: N/A
[19401/43848] 2022-03-19 19:00 -> AWS: Exists | JAXA: N/A
[19421/43848] 2022-03-20 15:00 -> AWS: Exists | JAXA: N/A
[19441/43848] 2022-03-21 11:00 -> AWS: Exists | JAXA: N/A
[19461/43848] 2022-03-21 08:00 -> AWS: Exists | JAXA: Exists
[19481/43848] 2022-03-22 03:00 -> AWS: Exists | JAXA: Exists
[19501/43848] 2022-03-23 23:00 -> AWS: Exists | JAXA: N/A
[19521/43848] 2022-03-24 19:00 -> AWS: Exists | JAXA: N/A
[19541/43848] 2022-03-25 15:00 -> AWS: Exists | JAXA: N/A
[19561/43848] 2022-03-26 11:00 -> AWS: Exists | JAXA: N/A
[19581/43848] 2022-03-26 05:00 -> AWS: Exists | JAXA: Exists
[19601/43848] 2022-03-27 00:00 -> AWS: Exists | JAXA: Exists
[19621/43848] 2022-03-28 23:00 -> AWS: Exists | JAXA: N/A
[19641/43848] 2022-03-29 19:00 -> AWS: Exists | JAXA: N/A
[19661/43848] 2022-03-30 15:00 -> AWS: Exists | JAXA: N/A
[19681/43848] 2022-03-31 11:00 -> AWS: Exists | JAXA: N/A
[19701/43848] 2022-03-31 06:00 -> AWS: Exists | JAXA: Exists
[19721/43848] 2022-04-01 02:00 -> AWS: Exists | JAXA: Exists
[19741/43848] 2022-04-02 23:00 -> AWS: Exists | JAXA: N/A
[19761/43848] 2022-04-03 19:00 -> AWS: Exists | JAXA: N/A
[19781/43848] 2022-04-04 15:00 -> AWS: Exists | JAXA: N/A
[19801/43848] 2022-04-05 11:00 -> AWS: Exists | JAXA: N/A
[19821/43848] 2022-04-05 07:00 -> AWS: Exists | JAXA: Exists
[19841/43848] 2022-04-06 04:00 -> AWS: Exists | JAXA: Exists
[19861/43848] 2022-04-07 23:00 -> AWS: Exists | JAXA: N/A
[19881/43848] 2022-04-08 19:00 -> AWS: Exists | JAXA: N/A
[19901/43848] 2022-04-09 15:00 -> AWS: Exists | JAXA: N/A
[19921/43848] 2022-04-10 11:00 -> AWS: Exists | JAXA: N/A
[19941/43848] 2022-04-10 04:00 -> AWS: Exists | JAXA: Exists
[19961/43848] 2022-04-11 01:00 -> AWS: Exists | JAXA: Exists
[19981/43848] 2022-04-12 23:00 -> AWS: Exists | JAXA: N/A
[20001/43848] 2022-04-13 19:00 -> AWS: Exists | JAXA: N/A
[20021/43848] 2022-04-14 15:00 -> AWS: Exists | JAXA: N/A
[20041/43848] 2022-04-15 11:00 -> AWS: Exists | JAXA: N/A
[20061/43848] 2022-04-15 04:00 -> AWS: Exists | JAXA: Exists
[20081/43848] 2022-04-16 03:00 -> AWS: Exists | JAXA: Exists
[20101/43848] 2022-04-17 23:00 -> AWS: Exists | JAXA: N/A
[20121/43848] 2022-04-17 09:00 -> AWS: Exists | JAXA: Exists
[20141/43848] 2022-04-19 15:00 -> AWS: Exists | JAXA: N/A
[20161/43848] 2022-04-20 11:00 -> AWS: Exists | JAXA: N/A
[20181/43848] 2022-04-20 07:00 -> AWS: Exists | JAXA: Exists
[20201/43848] 2022-04-21 04:00 -> AWS: Exists | JAXA: Exists
[20221/43848] 2022-04-22 23:00 -> AWS: Exists | JAXA: N/A
[20241/43848] 2022-04-23 19:00 -> AWS: Exists | JAXA: N/A
[20261/43848] 2022-04-24 15:00 -> AWS: Exists | JAXA: N/A
[20281/43848] 2022-04-25 11:00 -> AWS: Exists | JAXA: N/A
[20301/43848] 2022-04-25 07:00 -> AWS: Exists | JAXA: Exists
[20321/43848] 2022-04-25 09:00 -> AWS: Exists | JAXA: Exists
[20341/43848] 2022-04-27 23:00 -> AWS: Exists | JAXA: N/A
[20361/43848] 2022-04-28 19:00 -> AWS: Exists | JAXA: N/A
[20381/43848] 2022-04-29 15:00 -> AWS: Exists | JAXA: N/A
[20401/43848] 2022-04-30 11:00 -> AWS: Exists | JAXA: N/A
[20421/43848] 2022-04-30 07:00 -> AWS: Exists | JAXA: Exists
[20441/43848] 2022-05-01 03:00 -> AWS: Exists | JAXA: Exists
[20461/43848] 2022-05-02 23:00 -> AWS: Exists | JAXA: N/A
[20481/43848] 2022-05-03 19:00 -> AWS: Exists | JAXA: N/A
[20501/43848] 2022-05-04 15:00 -> AWS: Exists | JAXA: N/A
[20521/43848] 2022-05-04 08:00 -> AWS: Exists | JAXA: Exists
[20541/43848] 2022-05-05 06:00 -> AWS: Exists | JAXA: Exists
[20561/43848] 2022-05-06 03:00 -> AWS: Exists | JAXA: Exists
[20581/43848] 2022-05-07 23:00 -> AWS: Exists | JAXA: N/A
[20601/43848] 2022-05-08 19:00 -> AWS: Exists | JAXA: N/A
[20621/43848] 2022-05-09 15:00 -> AWS: Exists | JAXA: N/A
[20641/43848] 2022-05-10 11:00 -> AWS: Exists | JAXA: N/A
[20661/43848] 2022-05-10 07:00 -> AWS: Exists | JAXA: Exists
[20681/43848] 2022-05-11 04:00 -> AWS: Exists | JAXA: Exists
[20701/43848] 2022-05-12 23:00 -> AWS: Exists | JAXA: N/A
[20721/43848] 2022-05-13 19:00 -> AWS: Exists | JAXA: N/A
[20741/43848] 2022-05-14 15:00 -> AWS: Exists | JAXA: N/A
[20761/43848] 2022-05-15 11:00 -> AWS: Exists | JAXA: N/A
[20781/43848] 2022-05-15 05:00 -> AWS: Exists | JAXA: Exists
[20801/43848] 2022-05-16 01:00 -> AWS: Exists | JAXA: Exists
[20821/43848] 2022-05-17 23:00 -> AWS: Exists | JAXA: N/A
[20841/43848] 2022-05-18 19:00 -> AWS: Exists | JAXA: N/A
[20861/43848] 2022-05-19 15:00 -> AWS: Exists | JAXA: N/A
[20881/43848] 2022-05-20 11:00 -> AWS: Exists | JAXA: N/A
[20901/43848] 2022-05-20 07:00 -> AWS: Exists | JAXA: Exists
[20921/43848] 2022-05-21 02:00 -> AWS: Exists | JAXA: Exists
[20941/43848] 2022-05-22 00:00 -> AWS: Exists | JAXA: Exists
[20961/43848] 2022-05-23 19:00 -> AWS: Exists | JAXA: N/A
[20981/43848] 2022-05-24 12:00 -> AWS: Success | JAXA: N/A
[21001/43848] 2022-05-25 06:00 -> AWS: Success | JAXA: Success
[21021/43848] 2022-05-26 02:00 -> AWS: Success | JAXA: Exists
[21041/43848] 2022-05-26 23:00 -> AWS: Success | JAXA: N/A
[21061/43848] 2022-05-27 21:00 -> AWS: Success | JAXA: N/A
[21081/43848] 2022-05-28 15:00 -> AWS: Success | JAXA: N/A
[21101/43848] 2022-05-29 13:00 -> AWS: Success | JAXA: N/A
[21121/43848] 2022-05-30 05:00 -> AWS: Success | JAXA: Exists
[21141/43848] 2022-05-31 02:00 -> AWS: Success | JAXA: Exists
[21161/43848] 2022-05-31 23:00 -> AWS: Success | JAXA: N/A
[21181/43848] 2022-06-01 18:00 -> AWS: Success | JAXA: N/A
[21201/43848] 2022-06-02 14:00 -> AWS: Success | JAXA: N/A
[21221/43848] 2022-06-03 11:00 -> AWS: Success | JAXA: N/A
[21241/43848] 2022-06-02 20:00 -> AWS: Success | JAXA: N/A
[21261/43848] 2022-06-03 23:00 -> AWS: Success | JAXA: N/A
[21281/43848] 2022-06-05 23:00 -> AWS: Success | JAXA: N/A
[21301/43848] 2022-06-06 19:00 -> AWS: Success | JAXA: N/A
[21321/43848] 2022-06-05 21:00 -> AWS: Success | JAXA: N/A
[21341/43848] 2022-06-08 06:00 -> AWS: Success | JAXA: Exists
[21361/43848] 2022-06-09 07:00 -> AWS: Success | JAXA: Exists
[21381/43848] 2022-06-10 04:00 -> AWS: Success | JAXA: Exists
[21401/43848] 2022-06-09 04:00 -> AWS: Success | JAXA: Exists
[21421/43848] 2022-06-11 21:00 -> AWS: Success | JAXA: N/A
[21441/43848] 2022-06-12 14:00 -> AWS: Success | JAXA: N/A
[21461/43848] 2022-06-13 07:00 -> AWS: Success | JAXA: Exists
[21481/43848] 2022-06-13 05:00 -> AWS: Success | JAXA: Exists
[21501/43848] 2022-06-15 04:00 -> AWS: Success | JAXA: Exists
[21521/43848] 2022-06-15 11:00 -> AWS: Success | JAXA: N/A
[21541/43848] 2022-06-16 23:00 -> AWS: Exists | JAXA: N/A
[21561/43848] 2022-06-17 19:00 -> AWS: Exists | JAXA: N/A
[21581/43848] 2022-06-18 15:00 -> AWS: Exists | JAXA: N/A
[21601/43848] 2022-06-19 11:00 -> AWS: Exists | JAXA: N/A
[21621/43848] 2022-06-20 03:00 -> AWS: Exists | JAXA: Exists
[21641/43848] 2022-06-20 07:00 -> AWS: Exists | JAXA: Exists
[21661/43848] 2022-06-21 23:00 -> AWS: Exists | JAXA: N/A
[21681/43848] 2022-06-22 19:00 -> AWS: Exists | JAXA: N/A
[21701/43848] 2022-06-23 15:00 -> AWS: Exists | JAXA: N/A
[21721/43848] 2022-06-24 11:00 -> AWS: Exists | JAXA: N/A
[21741/43848] 2022-06-25 00:00 -> AWS: Exists | JAXA: Exists
[21761/43848] 2022-06-25 05:00 -> AWS: Exists | JAXA: Exists
[21781/43848] 2022-06-26 23:00 -> AWS: Exists | JAXA: N/A
[21801/43848] 2022-06-27 19:00 -> AWS: Exists | JAXA: N/A
[21821/43848] 2022-06-28 15:00 -> AWS: Exists | JAXA: N/A
[21841/43848] 2022-06-29 11:00 -> AWS: Exists | JAXA: N/A
[21861/43848] 2022-06-29 08:00 -> AWS: Exists | JAXA: Exists
[21881/43848] 2022-06-30 05:00 -> AWS: Exists | JAXA: Exists
[21901/43848] 2022-07-01 23:00 -> AWS: Exists | JAXA: N/A
[21921/43848] 2022-07-02 18:00 -> AWS: Exists | JAXA: N/A
[21941/43848] 2022-07-03 15:00 -> AWS: Exists | JAXA: N/A
[21961/43848] 2022-07-04 11:00 -> AWS: Exists | JAXA: N/A
[21981/43848] 2022-07-04 07:00 -> AWS: Exists | JAXA: Exists
[22001/43848] 2022-07-05 03:00 -> AWS: Exists | JAXA: Exists
[22021/43848] 2022-07-06 22:00 -> AWS: Exists | JAXA: N/A
[22041/43848] 2022-07-07 19:00 -> AWS: Exists | JAXA: N/A
[22061/43848] 2022-07-08 15:00 -> AWS: Exists | JAXA: N/A
[22081/43848] 2022-07-09 11:00 -> AWS: Exists | JAXA: N/A
[22101/43848] 2022-07-09 06:00 -> AWS: Exists | JAXA: Exists
[22121/43848] 2022-07-10 03:00 -> AWS: Exists | JAXA: Exists
[22141/43848] 2022-07-11 23:00 -> AWS: Exists | JAXA: N/A
[22161/43848] 2022-07-12 19:00 -> AWS: Exists | JAXA: N/A
[22181/43848] 2022-07-13 15:00 -> AWS: Exists | JAXA: N/A
[22201/43848] 2022-07-14 11:00 -> AWS: Exists | JAXA: N/A
[22221/43848] 2022-07-14 07:00 -> AWS: Exists | JAXA: Exists
[22241/43848] 2022-07-15 01:00 -> AWS: Exists | JAXA: Exists
[22261/43848] 2022-07-16 23:00 -> AWS: Exists | JAXA: N/A
[22281/43848] 2022-07-17 19:00 -> AWS: Exists | JAXA: N/A
[22301/43848] 2022-07-18 15:00 -> AWS: Exists | JAXA: N/A
[22321/43848] 2022-07-19 11:00 -> AWS: Exists | JAXA: N/A
[22341/43848] 2022-07-19 06:00 -> AWS: Exists | JAXA: Exists
[22361/43848] 2022-07-20 02:00 -> AWS: Exists | JAXA: Exists
[22381/43848] 2022-07-21 23:00 -> AWS: Exists | JAXA: N/A
[22401/43848] 2022-07-22 19:00 -> AWS: Exists | JAXA: N/A
[22421/43848] 2022-07-23 15:00 -> AWS: Exists | JAXA: N/A
[22441/43848] 2022-07-24 11:00 -> AWS: Exists | JAXA: N/A
[22461/43848] 2022-07-24 05:00 -> AWS: Exists | JAXA: Exists
[22481/43848] 2022-07-25 03:00 -> AWS: Exists | JAXA: Exists
[22501/43848] 2022-07-26 23:00 -> AWS: Exists | JAXA: N/A
[22521/43848] 2022-07-27 19:00 -> AWS: Exists | JAXA: N/A
[22541/43848] 2022-07-28 15:00 -> AWS: Exists | JAXA: N/A
[22561/43848] 2022-07-29 11:00 -> AWS: Exists | JAXA: N/A
[22581/43848] 2022-07-29 08:00 -> AWS: Exists | JAXA: Exists
[22601/43848] 2022-07-30 03:00 -> AWS: Exists | JAXA: Exists
[22621/43848] 2022-07-31 23:00 -> AWS: Exists | JAXA: N/A
[22641/43848] 2022-08-01 19:00 -> AWS: Exists | JAXA: N/A
[22661/43848] 2022-08-02 15:00 -> AWS: Exists | JAXA: N/A
[22681/43848] 2022-08-03 11:00 -> AWS: Exists | JAXA: N/A
[22701/43848] 2022-08-03 06:00 -> AWS: Exists | JAXA: Exists
[22721/43848] 2022-08-04 01:00 -> AWS: Exists | JAXA: Exists
[22741/43848] 2022-08-05 23:00 -> AWS: Exists | JAXA: N/A
[22761/43848] 2022-08-06 19:00 -> AWS: Exists | JAXA: N/A
[22781/43848] 2022-08-07 15:00 -> AWS: Exists | JAXA: N/A
[22801/43848] 2022-08-08 11:00 -> AWS: Exists | JAXA: N/A
[22821/43848] 2022-08-08 06:00 -> AWS: Exists | JAXA: Exists
[22841/43848] 2022-08-09 01:00 -> AWS: Exists | JAXA: Exists
[22861/43848] 2022-08-10 23:00 -> AWS: Exists | JAXA: N/A
[22881/43848] 2022-08-11 19:00 -> AWS: Exists | JAXA: N/A
[22901/43848] 2022-08-12 15:00 -> AWS: Exists | JAXA: N/A
[22921/43848] 2022-08-13 11:00 -> AWS: Exists | JAXA: N/A
[22941/43848] 2022-08-13 08:00 -> AWS: Exists | JAXA: Exists
[22961/43848] 2022-08-14 05:00 -> AWS: Exists | JAXA: Exists
[22981/43848] 2022-08-15 23:00 -> AWS: Exists | JAXA: N/A
[23001/43848] 2022-08-16 19:00 -> AWS: Exists | JAXA: N/A
[23021/43848] 2022-08-17 15:00 -> AWS: Exists | JAXA: N/A
[23041/43848] 2022-08-18 11:00 -> AWS: Exists | JAXA: N/A
[23061/43848] 2022-08-18 07:00 -> AWS: Exists | JAXA: Exists
[23081/43848] 2022-08-19 03:00 -> AWS: Exists | JAXA: Exists
[23101/43848] 2022-08-20 23:00 -> AWS: Exists | JAXA: N/A
[23121/43848] 2022-08-21 19:00 -> AWS: Exists | JAXA: N/A
[23141/43848] 2022-08-22 15:00 -> AWS: Exists | JAXA: N/A
[23161/43848] 2022-08-23 11:00 -> AWS: Exists | JAXA: N/A
[23181/43848] 2022-08-23 06:00 -> AWS: Exists | JAXA: Exists
[23201/43848] 2022-08-24 03:00 -> AWS: Exists | JAXA: Exists
[23221/43848] 2022-08-25 23:00 -> AWS: Exists | JAXA: N/A
[23241/43848] 2022-08-26 19:00 -> AWS: Exists | JAXA: N/A
[23261/43848] 2022-08-27 15:00 -> AWS: Exists | JAXA: N/A
[23281/43848] 2022-08-28 11:00 -> AWS: Exists | JAXA: N/A
[23301/43848] 2022-08-28 07:00 -> AWS: Exists | JAXA: Exists
[23321/43848] 2022-08-29 04:00 -> AWS: Exists | JAXA: Exists
[23341/43848] 2022-08-30 23:00 -> AWS: Exists | JAXA: N/A
[23361/43848] 2022-08-31 19:00 -> AWS: Exists | JAXA: N/A
[23381/43848] 2022-09-01 15:00 -> AWS: Exists | JAXA: N/A
[23401/43848] 2022-09-02 11:00 -> AWS: Exists | JAXA: N/A
[23421/43848] 2022-09-02 07:00 -> AWS: Exists | JAXA: Exists
[23441/43848] 2022-09-03 03:00 -> AWS: Exists | JAXA: Exists
[23461/43848] 2022-09-04 23:00 -> AWS: Exists | JAXA: N/A
[23481/43848] 2022-09-05 19:00 -> AWS: Exists | JAXA: N/A
[23501/43848] 2022-09-06 15:00 -> AWS: Exists | JAXA: N/A
[23521/43848] 2022-09-07 11:00 -> AWS: Exists | JAXA: N/A
[23541/43848] 2022-09-07 09:00 -> AWS: Exists | JAXA: Exists
[23561/43848] 2022-09-08 13:00 -> AWS: Missing | JAXA: N/A
[23581/43848] 2022-09-09 05:00 -> AWS: Missing | JAXA: Exists
[23601/43848] 2022-09-10 19:00 -> AWS: Exists | JAXA: N/A
[23621/43848] 2022-09-11 15:00 -> AWS: Exists | JAXA: N/A
[23641/43848] 2022-09-12 11:00 -> AWS: Exists | JAXA: N/A
[23661/43848] 2022-09-13 01:00 -> AWS: Exists | JAXA: Exists
[23681/43848] 2022-09-13 05:00 -> AWS: Exists | JAXA: Exists
[23701/43848] 2022-09-14 23:00 -> AWS: Exists | JAXA: N/A
[23721/43848] 2022-09-15 19:00 -> AWS: Exists | JAXA: N/A
[23741/43848] 2022-09-16 15:00 -> AWS: Exists | JAXA: N/A
[23761/43848] 2022-09-17 11:00 -> AWS: Exists | JAXA: N/A
[23781/43848] 2022-09-17 06:00 -> AWS: Exists | JAXA: Exists
[23801/43848] 2022-09-17 08:00 -> AWS: Exists | JAXA: Exists
[23821/43848] 2022-09-19 23:00 -> AWS: Exists | JAXA: N/A
[23841/43848] 2022-09-20 19:00 -> AWS: Exists | JAXA: N/A
[23861/43848] 2022-09-21 15:00 -> AWS: Exists | JAXA: N/A
[23881/43848] 2022-09-22 11:00 -> AWS: Exists | JAXA: N/A
[23901/43848] 2022-09-22 09:00 -> AWS: Exists | JAXA: Exists
[23921/43848] 2022-09-23 05:00 -> AWS: Exists | JAXA: Exists
[23941/43848] 2022-09-24 23:00 -> AWS: Exists | JAXA: N/A
[23961/43848] 2022-09-25 19:00 -> AWS: Exists | JAXA: N/A
[23981/43848] 2022-09-26 15:00 -> AWS: Exists | JAXA: N/A
[24001/43848] 2022-09-27 11:00 -> AWS: Exists | JAXA: N/A
[24021/43848] 2022-09-27 04:00 -> AWS: Exists | JAXA: Exists
[24041/43848] 2022-09-28 02:00 -> AWS: Exists | JAXA: Exists
[24061/43848] 2022-09-29 23:00 -> AWS: Exists | JAXA: N/A
[24081/43848] 2022-09-30 19:00 -> AWS: Exists | JAXA: N/A
[24101/43848] 2022-10-01 15:00 -> AWS: Exists | JAXA: N/A
[24121/43848] 2022-10-02 11:00 -> AWS: Exists | JAXA: N/A
[24141/43848] 2022-10-02 06:00 -> AWS: Exists | JAXA: Exists
[24161/43848] 2022-10-03 02:00 -> AWS: Exists | JAXA: Exists
[24181/43848] 2022-10-04 23:00 -> AWS: Exists | JAXA: N/A
[24201/43848] 2022-10-05 19:00 -> AWS: Exists | JAXA: N/A
[24221/43848] 2022-10-06 15:00 -> AWS: Exists | JAXA: N/A
[24241/43848] 2022-10-07 11:00 -> AWS: Exists | JAXA: N/A
[24261/43848] 2022-10-07 06:00 -> AWS: Exists | JAXA: Exists
[24281/43848] 2022-10-08 02:00 -> AWS: Exists | JAXA: Exists
[24301/43848] 2022-10-09 23:00 -> AWS: Exists | JAXA: N/A
[24321/43848] 2022-10-10 19:00 -> AWS: Exists | JAXA: N/A
[24341/43848] 2022-10-11 15:00 -> AWS: Exists | JAXA: N/A
[24361/43848] 2022-10-12 11:00 -> AWS: Exists | JAXA: N/A
[24381/43848] 2022-10-12 07:00 -> AWS: Exists | JAXA: Exists
[24401/43848] 2022-10-13 01:00 -> AWS: Exists | JAXA: Exists
[24421/43848] 2022-10-14 22:00 -> AWS: Exists | JAXA: N/A
[24441/43848] 2022-10-15 19:00 -> AWS: Exists | JAXA: N/A
[24461/43848] 2022-10-16 15:00 -> AWS: Exists | JAXA: N/A
[24481/43848] 2022-10-17 11:00 -> AWS: Exists | JAXA: N/A
[24501/43848] 2022-10-17 05:00 -> AWS: Exists | JAXA: Exists
[24521/43848] 2022-10-18 02:00 -> AWS: Exists | JAXA: Exists
[24541/43848] 2022-10-19 23:00 -> AWS: Exists | JAXA: N/A
[24561/43848] 2022-10-20 19:00 -> AWS: Exists | JAXA: N/A
[24581/43848] 2022-10-21 15:00 -> AWS: Exists | JAXA: N/A
[24601/43848] 2022-10-22 11:00 -> AWS: Exists | JAXA: N/A
[24621/43848] 2022-10-22 09:00 -> AWS: Exists | JAXA: Exists
[24641/43848] 2022-10-23 05:00 -> AWS: Exists | JAXA: Exists
[24661/43848] 2022-10-24 23:00 -> AWS: Exists | JAXA: N/A
[24681/43848] 2022-10-25 19:00 -> AWS: Exists | JAXA: N/A
[24701/43848] 2022-10-26 15:00 -> AWS: Exists | JAXA: N/A
[24721/43848] 2022-10-27 11:00 -> AWS: Exists | JAXA: N/A
[24741/43848] 2022-10-27 06:00 -> AWS: Exists | JAXA: Exists
[24761/43848] 2022-10-28 03:00 -> AWS: Exists | JAXA: Exists
[24781/43848] 2022-10-29 23:00 -> AWS: Exists | JAXA: N/A
[24801/43848] 2022-10-30 19:00 -> AWS: Exists | JAXA: N/A
[24821/43848] 2022-10-31 15:00 -> AWS: Exists | JAXA: N/A
[24841/43848] 2022-11-01 11:00 -> AWS: Exists | JAXA: N/A
[24861/43848] 2022-11-01 05:00 -> AWS: Exists | JAXA: Exists
[24881/43848] 2022-11-02 02:00 -> AWS: Exists | JAXA: Exists
[24901/43848] 2022-11-03 23:00 -> AWS: Exists | JAXA: N/A
[24921/43848] 2022-11-04 19:00 -> AWS: Exists | JAXA: N/A
[24941/43848] 2022-11-05 14:00 -> AWS: Exists | JAXA: N/A
[24961/43848] 2022-11-06 11:00 -> AWS: Exists | JAXA: N/A
[24981/43848] 2022-11-06 07:00 -> AWS: Exists | JAXA: Exists
[25001/43848] 2022-11-07 01:00 -> AWS: Exists | JAXA: Exists
[25021/43848] 2022-11-08 23:00 -> AWS: Exists | JAXA: N/A
[25041/43848] 2022-11-09 19:00 -> AWS: Exists | JAXA: N/A
[25061/43848] 2022-11-10 15:00 -> AWS: Exists | JAXA: N/A
[25081/43848] 2022-11-11 11:00 -> AWS: Exists | JAXA: N/A
[25101/43848] 2022-11-11 06:00 -> AWS: Exists | JAXA: Exists
[25121/43848] 2022-11-12 01:00 -> AWS: Exists | JAXA: Exists
[25141/43848] 2022-11-13 23:00 -> AWS: Exists | JAXA: N/A
[25161/43848] 2022-11-14 19:00 -> AWS: Exists | JAXA: N/A
[25181/43848] 2022-11-15 15:00 -> AWS: Exists | JAXA: N/A
[25201/43848] 2022-11-16 11:00 -> AWS: Exists | JAXA: N/A
[25221/43848] 2022-11-16 07:00 -> AWS: Exists | JAXA: Exists
[25241/43848] 2022-11-17 02:00 -> AWS: Exists | JAXA: Exists
[25261/43848] 2022-11-18 23:00 -> AWS: Exists | JAXA: N/A
[25281/43848] 2022-11-19 19:00 -> AWS: Exists | JAXA: N/A
[25301/43848] 2022-11-20 15:00 -> AWS: Exists | JAXA: N/A
[25321/43848] 2022-11-21 11:00 -> AWS: Exists | JAXA: N/A
[25341/43848] 2022-11-21 06:00 -> AWS: Exists | JAXA: Exists
[25361/43848] 2022-11-22 03:00 -> AWS: Exists | JAXA: Exists
[25381/43848] 2022-11-23 23:00 -> AWS: Exists | JAXA: N/A
[25401/43848] 2022-11-24 19:00 -> AWS: Exists | JAXA: N/A
[25421/43848] 2022-11-25 15:00 -> AWS: Exists | JAXA: N/A
[25441/43848] 2022-11-26 11:00 -> AWS: Exists | JAXA: N/A
[25461/43848] 2022-11-26 06:00 -> AWS: Exists | JAXA: Exists
[25481/43848] 2022-11-27 03:00 -> AWS: Exists | JAXA: Exists
[25501/43848] 2022-11-28 23:00 -> AWS: Exists | JAXA: N/A
[25521/43848] 2022-11-29 19:00 -> AWS: Exists | JAXA: N/A
[25541/43848] 2022-11-30 15:00 -> AWS: Exists | JAXA: N/A
[25561/43848] 2022-12-01 11:00 -> AWS: Exists | JAXA: N/A
[25581/43848] 2022-12-01 06:00 -> AWS: Exists | JAXA: Exists
[25601/43848] 2022-12-02 01:00 -> AWS: Exists | JAXA: Exists
[25621/43848] 2022-12-03 23:00 -> AWS: Exists | JAXA: N/A
[25641/43848] 2022-12-04 19:00 -> AWS: Exists | JAXA: N/A
[25661/43848] 2022-12-05 15:00 -> AWS: Exists | JAXA: N/A
[25681/43848] 2022-12-06 11:00 -> AWS: Exists | JAXA: N/A
[25701/43848] 2022-12-06 06:00 -> AWS: Exists | JAXA: Exists
[25721/43848] 2022-12-07 02:00 -> AWS: Exists | JAXA: Exists
[25741/43848] 2022-12-08 23:00 -> AWS: Exists | JAXA: N/A
[25761/43848] 2022-12-09 19:00 -> AWS: Exists | JAXA: N/A
[25781/43848] 2022-12-10 15:00 -> AWS: Exists | JAXA: N/A
[25801/43848] 2022-12-11 11:00 -> AWS: Exists | JAXA: N/A
[25821/43848] 2022-12-11 07:00 -> AWS: Exists | JAXA: Exists
[25841/43848] 2022-12-12 01:00 -> AWS: Exists | JAXA: Exists
[25861/43848] 2022-12-13 23:00 -> AWS: Exists | JAXA: N/A
[25881/43848] 2022-12-14 19:00 -> AWS: Exists | JAXA: N/A
[25901/43848] 2022-12-15 15:00 -> AWS: Exists | JAXA: N/A
[25921/43848] 2022-12-16 11:00 -> AWS: Exists | JAXA: N/A
[25941/43848] 2022-12-16 08:00 -> AWS: Exists | JAXA: Exists
[25961/43848] 2022-12-17 02:00 -> AWS: Exists | JAXA: Exists
[25981/43848] 2022-12-18 23:00 -> AWS: Exists | JAXA: N/A
[26001/43848] 2022-12-19 19:00 -> AWS: Exists | JAXA: N/A
[26021/43848] 2022-12-20 15:00 -> AWS: Exists | JAXA: N/A
[26041/43848] 2022-12-21 11:00 -> AWS: Exists | JAXA: N/A
[26061/43848] 2022-12-21 07:00 -> AWS: Exists | JAXA: Exists
[26081/43848] 2022-12-22 04:00 -> AWS: Exists | JAXA: Exists
[26101/43848] 2022-12-23 23:00 -> AWS: Exists | JAXA: N/A
[26121/43848] 2022-12-24 19:00 -> AWS: Exists | JAXA: N/A
[26141/43848] 2022-12-25 15:00 -> AWS: Exists | JAXA: N/A
[26161/43848] 2022-12-26 11:00 -> AWS: Exists | JAXA: N/A
[26181/43848] 2022-12-26 01:00 -> AWS: Exists | JAXA: Exists
[26201/43848] 2022-12-27 02:00 -> AWS: Exists | JAXA: Exists
[26221/43848] 2022-12-28 23:00 -> AWS: Exists | JAXA: N/A
[26241/43848] 2022-12-29 19:00 -> AWS: Exists | JAXA: N/A
[26261/43848] 2022-12-30 15:00 -> AWS: Exists | JAXA: N/A
[26281/43848] 2022-12-31 11:00 -> AWS: Exists | JAXA: N/A
[26301/43848] 2022-12-31 04:00 -> AWS: Exists | JAXA: Exists
[26321/43848] 2023-01-01 00:00 -> AWS: Exists | JAXA: Exists
[26341/43848] 2023-01-02 23:00 -> AWS: Exists | JAXA: N/A
[26361/43848] 2023-01-03 19:00 -> AWS: Exists | JAXA: N/A
[26381/43848] 2023-01-04 15:00 -> AWS: Exists | JAXA: N/A
[26401/43848] 2023-01-05 11:00 -> AWS: Exists | JAXA: N/A
[26421/43848] 2023-01-05 04:00 -> AWS: Exists | JAXA: Exists
[26441/43848] 2023-01-06 05:00 -> AWS: Exists | JAXA: Exists
[26461/43848] 2023-01-07 23:00 -> AWS: Exists | JAXA: N/A
[26481/43848] 2023-01-08 19:00 -> AWS: Exists | JAXA: N/A
[26501/43848] 2023-01-09 15:00 -> AWS: Exists | JAXA: N/A
[26521/43848] 2023-01-10 11:00 -> AWS: Exists | JAXA: N/A
[26541/43848] 2023-01-10 08:00 -> AWS: Exists | JAXA: Exists
[26561/43848] 2023-01-11 02:00 -> AWS: Exists | JAXA: Exists
[26581/43848] 2023-01-12 23:00 -> AWS: Exists | JAXA: N/A
[26601/43848] 2023-01-13 18:00 -> AWS: Exists | JAXA: N/A
[26621/43848] 2023-01-14 15:00 -> AWS: Exists | JAXA: N/A
[26641/43848] 2023-01-15 11:00 -> AWS: Exists | JAXA: N/A
[26661/43848] 2023-01-15 06:00 -> AWS: Exists | JAXA: Exists
[26681/43848] 2023-01-16 02:00 -> AWS: Exists | JAXA: Exists
[26701/43848] 2023-01-17 23:00 -> AWS: Exists | JAXA: N/A
[26721/43848] 2023-01-18 18:00 -> AWS: Exists | JAXA: N/A
[26741/43848] 2023-01-19 15:00 -> AWS: Exists | JAXA: N/A
[26761/43848] 2023-01-20 11:00 -> AWS: Exists | JAXA: N/A
[26781/43848] 2023-01-20 07:00 -> AWS: Exists | JAXA: Exists
[26801/43848] 2023-01-21 01:00 -> AWS: Exists | JAXA: Exists
[26821/43848] 2023-01-22 23:00 -> AWS: Exists | JAXA: N/A
[26841/43848] 2023-01-23 19:00 -> AWS: Exists | JAXA: N/A
[26861/43848] 2023-01-24 15:00 -> AWS: Exists | JAXA: N/A
[26881/43848] 2023-01-25 11:00 -> AWS: Exists | JAXA: N/A
[26901/43848] 2023-01-25 06:00 -> AWS: Exists | JAXA: Exists
[26921/43848] 2023-01-26 02:00 -> AWS: Exists | JAXA: Exists
[26941/43848] 2023-01-27 23:00 -> AWS: Exists | JAXA: N/A
[26961/43848] 2023-01-28 18:00 -> AWS: Exists | JAXA: N/A
[26981/43848] 2023-01-29 15:00 -> AWS: Exists | JAXA: N/A
[27001/43848] 2023-01-30 11:00 -> AWS: Exists | JAXA: N/A
[27021/43848] 2023-01-30 07:00 -> AWS: Exists | JAXA: Exists
[27041/43848] 2023-01-31 04:00 -> AWS: Exists | JAXA: Exists
[27061/43848] 2023-02-01 23:00 -> AWS: Exists | JAXA: N/A
[27081/43848] 2023-02-02 19:00 -> AWS: Exists | JAXA: N/A
[27101/43848] 2023-02-03 15:00 -> AWS: Exists | JAXA: N/A
[27121/43848] 2023-02-04 11:00 -> AWS: Exists | JAXA: N/A
[27141/43848] 2023-02-04 07:00 -> AWS: Exists | JAXA: Exists
[27161/43848] 2023-02-05 04:00 -> AWS: Exists | JAXA: Exists
[27181/43848] 2023-02-06 23:00 -> AWS: Exists | JAXA: N/A
[27201/43848] 2023-02-07 19:00 -> AWS: Exists | JAXA: N/A
[27221/43848] 2023-02-08 15:00 -> AWS: Exists | JAXA: N/A
[27241/43848] 2023-02-09 11:00 -> AWS: Exists | JAXA: N/A
[27261/43848] 2023-02-09 05:00 -> AWS: Exists | JAXA: Exists
[27281/43848] 2023-02-10 05:00 -> AWS: Exists | JAXA: Exists
[27301/43848] 2023-02-11 23:00 -> AWS: Exists | JAXA: N/A
[27321/43848] 2023-02-12 19:00 -> AWS: Exists | JAXA: N/A
[27341/43848] 2023-02-13 15:00 -> AWS: Exists | JAXA: N/A
[27361/43848] 2023-02-14 11:00 -> AWS: Exists | JAXA: N/A
[27381/43848] 2023-02-14 05:00 -> AWS: Exists | JAXA: Exists
[27401/43848] 2023-02-15 03:00 -> AWS: Exists | JAXA: Exists
[27421/43848] 2023-02-16 23:00 -> AWS: Exists | JAXA: N/A
[27441/43848] 2023-02-17 19:00 -> AWS: Exists | JAXA: N/A
[27461/43848] 2023-02-18 15:00 -> AWS: Exists | JAXA: N/A
[27481/43848] 2023-02-19 11:00 -> AWS: Exists | JAXA: N/A
[27501/43848] 2023-02-19 06:00 -> AWS: Exists | JAXA: Exists
[27521/43848] 2023-02-20 04:00 -> AWS: Exists | JAXA: Exists
[27541/43848] 2023-02-21 23:00 -> AWS: Exists | JAXA: N/A
[27561/43848] 2023-02-22 19:00 -> AWS: Exists | JAXA: N/A
[27581/43848] 2023-02-23 14:00 -> AWS: Exists | JAXA: N/A
[27601/43848] 2023-02-24 11:00 -> AWS: Exists | JAXA: N/A
[27621/43848] 2023-02-24 06:00 -> AWS: Exists | JAXA: Exists
[27641/43848] 2023-02-25 00:00 -> AWS: Exists | JAXA: Exists
[27661/43848] 2023-02-26 23:00 -> AWS: Exists | JAXA: N/A
[27681/43848] 2023-02-27 19:00 -> AWS: Exists | JAXA: N/A
[27701/43848] 2023-02-28 15:00 -> AWS: Exists | JAXA: N/A
[27721/43848] 2023-03-01 11:00 -> AWS: Exists | JAXA: N/A
[27741/43848] 2023-03-01 08:00 -> AWS: Exists | JAXA: Exists
[27761/43848] 2023-03-02 02:00 -> AWS: Exists | JAXA: Exists
[27781/43848] 2023-03-03 22:00 -> AWS: Exists | JAXA: N/A
[27801/43848] 2023-03-04 19:00 -> AWS: Exists | JAXA: N/A
[27821/43848] 2023-03-05 15:00 -> AWS: Exists | JAXA: N/A
[27841/43848] 2023-03-06 11:00 -> AWS: Exists | JAXA: N/A
[27861/43848] 2023-03-06 06:00 -> AWS: Exists | JAXA: Exists
[27881/43848] 2023-03-07 03:00 -> AWS: Exists | JAXA: Exists
[27901/43848] 2023-03-08 23:00 -> AWS: Exists | JAXA: N/A
[27921/43848] 2023-03-09 19:00 -> AWS: Exists | JAXA: N/A
[27941/43848] 2023-03-10 15:00 -> AWS: Exists | JAXA: N/A
[27961/43848] 2023-03-11 11:00 -> AWS: Exists | JAXA: N/A
[27981/43848] 2023-03-11 06:00 -> AWS: Exists | JAXA: Exists
[28001/43848] 2023-03-12 02:00 -> AWS: Exists | JAXA: Exists
[28021/43848] 2023-03-13 23:00 -> AWS: Exists | JAXA: N/A
[28041/43848] 2023-03-14 19:00 -> AWS: Exists | JAXA: N/A
[28061/43848] 2023-03-15 15:00 -> AWS: Exists | JAXA: N/A
[28081/43848] 2023-03-16 11:00 -> AWS: Exists | JAXA: N/A
[28101/43848] 2023-03-16 06:00 -> AWS: Exists | JAXA: Exists
[28121/43848] 2023-03-17 03:00 -> AWS: Exists | JAXA: Exists
[28141/43848] 2023-03-18 23:00 -> AWS: Exists | JAXA: N/A
[28161/43848] 2023-03-19 19:00 -> AWS: Exists | JAXA: N/A
[28181/43848] 2023-03-20 15:00 -> AWS: Exists | JAXA: N/A
[28201/43848] 2023-03-21 11:00 -> AWS: Exists | JAXA: N/A
[28221/43848] 2023-03-21 06:00 -> AWS: Exists | JAXA: Exists
[28241/43848] 2023-03-22 02:00 -> AWS: Exists | JAXA: Exists
[28261/43848] 2023-03-23 23:00 -> AWS: Exists | JAXA: N/A
[28281/43848] 2023-03-24 19:00 -> AWS: Exists | JAXA: N/A
[28301/43848] 2023-03-25 15:00 -> AWS: Exists | JAXA: N/A
[28321/43848] 2023-03-26 11:00 -> AWS: Exists | JAXA: N/A
[28341/43848] 2023-03-26 08:00 -> AWS: Exists | JAXA: Exists
[28361/43848] 2023-03-27 01:00 -> AWS: Exists | JAXA: Exists
[28381/43848] 2023-03-28 23:00 -> AWS: Exists | JAXA: N/A
[28401/43848] 2023-03-29 19:00 -> AWS: Exists | JAXA: N/A
[28421/43848] 2023-03-30 15:00 -> AWS: Exists | JAXA: N/A
[28441/43848] 2023-03-31 11:00 -> AWS: Exists | JAXA: N/A
[28461/43848] 2023-03-31 07:00 -> AWS: Exists | JAXA: Exists
[28481/43848] 2023-04-01 02:00 -> AWS: Exists | JAXA: Exists
[28501/43848] 2023-04-02 23:00 -> AWS: Exists | JAXA: N/A
[28521/43848] 2023-04-03 19:00 -> AWS: Exists | JAXA: N/A
[28541/43848] 2023-04-04 15:00 -> AWS: Exists | JAXA: N/A
[28561/43848] 2023-04-05 11:00 -> AWS: Exists | JAXA: N/A
[28581/43848] 2023-04-05 07:00 -> AWS: Exists | JAXA: Exists
[28601/43848] 2023-04-06 02:00 -> AWS: Exists | JAXA: Exists
[28621/43848] 2023-04-07 23:00 -> AWS: Exists | JAXA: N/A
[28641/43848] 2023-04-08 19:00 -> AWS: Exists | JAXA: N/A
[28661/43848] 2023-04-09 15:00 -> AWS: Exists | JAXA: N/A
[28681/43848] 2023-04-10 11:00 -> AWS: Exists | JAXA: N/A
[28701/43848] 2023-04-10 06:00 -> AWS: Exists | JAXA: Exists
[28721/43848] 2023-04-11 03:00 -> AWS: Exists | JAXA: Exists
[28741/43848] 2023-04-12 23:00 -> AWS: Exists | JAXA: N/A
[28761/43848] 2023-04-13 19:00 -> AWS: Exists | JAXA: N/A
[28781/43848] 2023-04-14 15:00 -> AWS: Exists | JAXA: N/A
[28801/43848] 2023-04-15 11:00 -> AWS: Exists | JAXA: N/A
[28821/43848] 2023-04-15 08:00 -> AWS: Exists | JAXA: Exists
[28841/43848] 2023-04-16 05:00 -> AWS: Exists | JAXA: Exists
[28861/43848] 2023-04-17 23:00 -> AWS: Exists | JAXA: N/A
[28881/43848] 2023-04-18 19:00 -> AWS: Exists | JAXA: N/A
[28901/43848] 2023-04-19 15:00 -> AWS: Exists | JAXA: N/A
[28921/43848] 2023-04-20 11:00 -> AWS: Exists | JAXA: N/A
[28941/43848] 2023-04-20 06:00 -> AWS: Exists | JAXA: Exists
[28961/43848] 2023-04-21 01:00 -> AWS: Exists | JAXA: Exists
[28981/43848] 2023-04-22 23:00 -> AWS: Exists | JAXA: N/A
[29001/43848] 2023-04-23 19:00 -> AWS: Exists | JAXA: N/A
[29021/43848] 2023-04-24 15:00 -> AWS: Exists | JAXA: N/A
[29041/43848] 2023-04-25 11:00 -> AWS: Exists | JAXA: N/A
[29061/43848] 2023-04-25 06:00 -> AWS: Exists | JAXA: Exists
[29081/43848] 2023-04-26 06:00 -> AWS: Exists | JAXA: Exists
[29101/43848] 2023-04-27 23:00 -> AWS: Exists | JAXA: N/A
[29121/43848] 2023-04-28 19:00 -> AWS: Exists | JAXA: N/A
[29141/43848] 2023-04-29 15:00 -> AWS: Exists | JAXA: N/A
[29161/43848] 2023-04-30 11:00 -> AWS: Exists | JAXA: N/A
[29181/43848] 2023-04-30 07:00 -> AWS: Exists | JAXA: Exists
[29201/43848] 2023-05-01 00:00 -> AWS: Exists | JAXA: Exists
[29221/43848] 2023-05-02 23:00 -> AWS: Exists | JAXA: N/A
[29241/43848] 2023-05-03 19:00 -> AWS: Exists | JAXA: N/A
[29261/43848] 2023-05-04 15:00 -> AWS: Exists | JAXA: N/A
[29281/43848] 2023-05-05 11:00 -> AWS: Exists | JAXA: N/A
[29301/43848] 2023-05-05 04:00 -> AWS: Exists | JAXA: Exists
[29321/43848] 2023-05-06 04:00 -> AWS: Exists | JAXA: Exists
[29341/43848] 2023-05-07 23:00 -> AWS: Exists | JAXA: N/A
[29361/43848] 2023-05-08 19:00 -> AWS: Exists | JAXA: N/A
[29381/43848] 2023-05-09 15:00 -> AWS: Exists | JAXA: N/A
[29401/43848] 2023-05-10 11:00 -> AWS: Exists | JAXA: N/A
[29421/43848] 2023-05-10 05:00 -> AWS: Exists | JAXA: Exists
[29441/43848] 2023-05-11 02:00 -> AWS: Exists | JAXA: Exists
[29461/43848] 2023-05-12 23:00 -> AWS: Exists | JAXA: N/A
[29481/43848] 2023-05-13 18:00 -> AWS: Exists | JAXA: N/A
[29501/43848] 2023-05-14 15:00 -> AWS: Exists | JAXA: N/A
[29521/43848] 2023-05-15 11:00 -> AWS: Exists | JAXA: N/A
[29541/43848] 2023-05-15 07:00 -> AWS: Exists | JAXA: Exists
[29561/43848] 2023-05-16 03:00 -> AWS: Exists | JAXA: Exists
[29581/43848] 2023-05-17 23:00 -> AWS: Exists | JAXA: N/A
[29601/43848] 2023-05-18 19:00 -> AWS: Exists | JAXA: N/A
[29621/43848] 2023-05-19 15:00 -> AWS: Exists | JAXA: N/A
[29641/43848] 2023-05-19 08:00 -> AWS: Exists | JAXA: Exists
[29661/43848] 2023-05-20 05:00 -> AWS: Exists | JAXA: Exists
[29681/43848] 2023-05-21 02:00 -> AWS: Exists | JAXA: Exists
[29701/43848] 2023-05-22 23:00 -> AWS: Exists | JAXA: N/A
[29721/43848] 2023-05-23 19:00 -> AWS: Exists | JAXA: N/A
[29741/43848] 2023-05-24 15:00 -> AWS: Exists | JAXA: N/A
[29761/43848] 2023-05-25 11:00 -> AWS: Exists | JAXA: N/A
[29781/43848] 2023-05-25 07:00 -> AWS: Exists | JAXA: Exists
[29801/43848] 2023-05-26 01:00 -> AWS: Exists | JAXA: Exists
[29821/43848] 2023-05-27 23:00 -> AWS: Exists | JAXA: N/A
[29841/43848] 2023-05-28 19:00 -> AWS: Exists | JAXA: N/A
[29861/43848] 2023-05-29 15:00 -> AWS: Exists | JAXA: N/A
[29881/43848] 2023-05-30 11:00 -> AWS: Exists | JAXA: N/A
[29901/43848] 2023-05-30 06:00 -> AWS: Exists | JAXA: Exists
[29921/43848] 2023-05-31 01:00 -> AWS: Exists | JAXA: Exists
[29941/43848] 2023-06-01 23:00 -> AWS: Exists | JAXA: N/A
[29961/43848] 2023-06-02 19:00 -> AWS: Exists | JAXA: N/A
[29981/43848] 2023-06-03 15:00 -> AWS: Exists | JAXA: N/A
[30001/43848] 2023-06-04 11:00 -> AWS: Exists | JAXA: N/A
[30021/43848] 2023-06-04 07:00 -> AWS: Exists | JAXA: Exists
[30041/43848] 2023-06-05 04:00 -> AWS: Exists | JAXA: Exists
[30061/43848] 2023-06-06 23:00 -> AWS: Exists | JAXA: N/A
[30081/43848] 2023-06-07 19:00 -> AWS: Exists | JAXA: N/A
[30101/43848] 2023-06-08 15:00 -> AWS: Exists | JAXA: N/A
[30121/43848] 2023-06-09 11:00 -> AWS: Exists | JAXA: N/A
[30141/43848] 2023-06-09 08:00 -> AWS: Exists | JAXA: Exists
[30161/43848] 2023-06-10 02:00 -> AWS: Exists | JAXA: Exists
[30181/43848] 2023-06-11 23:00 -> AWS: Exists | JAXA: N/A
[30201/43848] 2023-06-12 19:00 -> AWS: Exists | JAXA: N/A
[30221/43848] 2023-06-13 15:00 -> AWS: Exists | JAXA: N/A
[30241/43848] 2023-06-14 00:00 -> AWS: Exists | JAXA: Exists
[30261/43848] 2023-06-15 01:00 -> AWS: Success | JAXA: Exists
[30281/43848] 2023-06-15 23:00 -> AWS: Success | JAXA: N/A
[30301/43848] 2023-06-16 20:00 -> AWS: Success | JAXA: N/A
[30321/43848] 2023-06-17 12:00 -> AWS: Success | JAXA: N/A
[30341/43848] 2023-06-18 13:00 -> AWS: Success | JAXA: N/A
[30361/43848] 2023-06-19 06:00 -> AWS: Success | JAXA: Exists
[30381/43848] 2023-06-20 04:00 -> AWS: Success | JAXA: Exists
[30401/43848] 2023-06-19 22:00 -> AWS: Success | JAXA: N/A
[30421/43848] 2023-06-21 17:00 -> AWS: Success | JAXA: N/A
[30441/43848] 2023-06-22 15:00 -> AWS: Success | JAXA: N/A
[30461/43848] 2023-06-23 14:00 -> AWS: Success | JAXA: N/A
[30481/43848] 2023-06-24 07:00 -> AWS: Success | JAXA: Exists
[30501/43848] 2023-06-24 18:00 -> AWS: Success | JAXA: N/A
[30521/43848] 2023-06-25 23:00 -> AWS: Success | JAXA: N/A
[30541/43848] 2023-06-26 15:00 -> AWS: Success | JAXA: N/A
[30561/43848] 2023-06-27 14:00 -> AWS: Success | JAXA: N/A
[30581/43848] 2023-06-28 08:00 -> AWS: Success | JAXA: Exists
[30601/43848] 2023-06-27 16:00 -> AWS: Success | JAXA: N/A
[30621/43848] 2023-06-29 18:00 -> AWS: Success | JAXA: N/A
[30641/43848] 2023-06-30 23:00 -> AWS: Success | JAXA: N/A
[30661/43848] 2023-06-30 09:00 -> AWS: Success | JAXA: Exists
[30681/43848] 2023-07-01 22:00 -> AWS: Success | JAXA: N/A
[30701/43848] 2023-07-03 04:00 -> AWS: Success | JAXA: Exists
[30721/43848] 2023-07-04 07:00 -> AWS: Success | JAXA: Exists
[30741/43848] 2023-07-05 00:00 -> AWS: Success | JAXA: Exists
[30761/43848] 2023-07-05 17:00 -> AWS: Success | JAXA: N/A
[30781/43848] 2023-07-06 10:00 -> AWS: Success | JAXA: N/A
[30801/43848] 2023-07-07 15:00 -> AWS: Success | JAXA: N/A
[30821/43848] 2023-07-07 05:00 -> AWS: Success | JAXA: Exists
[30841/43848] 2023-07-08 16:00 -> AWS: Success | JAXA: N/A
[30861/43848] 2023-07-10 01:00 -> AWS: Success | JAXA: Exists
[30881/43848] 2023-07-10 10:00 -> AWS: Success | JAXA: N/A
[30901/43848] 2023-07-11 20:00 -> AWS: Success | JAXA: N/A
[30921/43848] 2023-07-11 11:00 -> AWS: Success | JAXA: N/A
[30941/43848] 2023-07-13 06:00 -> AWS: Success | JAXA: Exists
[30961/43848] 2023-07-14 09:00 -> AWS: Success | JAXA: Exists
[30981/43848] 2023-07-15 04:00 -> AWS: Success | JAXA: Exists
[31001/43848] 2023-07-15 22:00 -> AWS: Success | JAXA: N/A
[31021/43848] 2023-07-16 20:00 -> AWS: Success | JAXA: N/A
[31041/43848] 2023-07-17 12:00 -> AWS: Success | JAXA: N/A
[31061/43848] 2023-07-18 15:00 -> AWS: Success | JAXA: N/A
[31081/43848] 2023-07-19 02:00 -> AWS: Success | JAXA: Exists
[31101/43848] 2023-07-20 02:00 -> AWS: Success | JAXA: Exists
[31121/43848] 2023-07-20 22:00 -> AWS: Success | JAXA: N/A
[31141/43848] 2023-07-21 17:00 -> AWS: Success | JAXA: N/A
[31161/43848] 2023-07-22 14:00 -> AWS: Success | JAXA: N/A
[31181/43848] 2023-07-22 16:00 -> AWS: Success | JAXA: N/A
[31201/43848] 2023-07-24 07:00 -> AWS: Success | JAXA: Exists
[31221/43848] 2023-07-24 23:00 -> AWS: Success | JAXA: N/A
[31241/43848] 2023-07-25 21:00 -> AWS: Success | JAXA: N/A
[31261/43848] 2023-07-26 18:00 -> AWS: Success | JAXA: N/A
[31281/43848] 2023-07-27 15:00 -> AWS: Success | JAXA: N/A
[31301/43848] 2023-07-28 07:00 -> AWS: Success | JAXA: Exists
[31321/43848] 2023-07-28 14:00 -> AWS: Success | JAXA: N/A
[31341/43848] 2023-07-30 00:00 -> AWS: Success | JAXA: Exists
[31361/43848] 2023-07-30 23:00 -> AWS: Success | JAXA: N/A
[31381/43848] 2023-07-31 20:00 -> AWS: Success | JAXA: N/A
[31401/43848] 2023-08-01 16:00 -> AWS: Success | JAXA: N/A
[31421/43848] 2023-07-31 13:00 -> AWS: Success | JAXA: N/A
[31441/43848] 2023-08-03 07:00 -> AWS: Success | JAXA: Exists
[31461/43848] 2023-08-04 04:00 -> AWS: Success | JAXA: Exists
[31481/43848] 2023-08-04 23:00 -> AWS: Success | JAXA: N/A
[31501/43848] 2023-08-05 20:00 -> AWS: Success | JAXA: N/A
[31521/43848] 2023-08-06 12:00 -> AWS: Success | JAXA: N/A
[31541/43848] 2023-08-07 13:00 -> AWS: Success | JAXA: N/A
[31561/43848] 2023-08-08 04:00 -> AWS: Success | JAXA: Exists
[31581/43848] 2023-08-09 03:00 -> AWS: Success | JAXA: Exists
[31601/43848] 2023-08-10 00:00 -> AWS: Success | JAXA: Exists
[31621/43848] 2023-08-09 14:00 -> AWS: Success | JAXA: N/A
[31641/43848] 2023-08-11 15:00 -> AWS: Success | JAXA: N/A
[31661/43848] 2023-08-11 18:00 -> AWS: Success | JAXA: N/A
[31681/43848] 2023-08-13 05:00 -> AWS: Success | JAXA: Exists
[31701/43848] 2023-08-14 04:00 -> AWS: Success | JAXA: Exists
[31721/43848] 2023-08-14 23:00 -> AWS: Success | JAXA: N/A
[31741/43848] 2023-08-15 21:00 -> AWS: Success | JAXA: N/A
[31761/43848] 2023-08-16 13:00 -> AWS: Success | JAXA: N/A
[31781/43848] 2023-08-16 15:00 -> AWS: Success | JAXA: N/A
[31801/43848] 2023-08-18 08:00 -> AWS: Success | JAXA: Exists
[31821/43848] 2023-08-18 23:00 -> AWS: Success | JAXA: N/A
[31841/43848] 2023-08-19 22:00 -> AWS: Success | JAXA: N/A
[31861/43848] 2023-08-20 12:00 -> AWS: Success | JAXA: N/A
[31881/43848] 2023-08-21 17:00 -> AWS: Success | JAXA: N/A
[31901/43848] 2023-08-22 13:00 -> AWS: Success | JAXA: N/A
[31921/43848] 2023-08-23 09:00 -> AWS: Success | JAXA: Success
[31941/43848] 2023-08-23 13:00 -> AWS: Success | JAXA: N/A
[31961/43848] 2023-08-23 10:00 -> AWS: Success | JAXA: N/A
[31981/43848] 2023-08-24 09:00 -> AWS: Success | JAXA: Exists
[32001/43848] 2023-08-25 04:00 -> AWS: Success | JAXA: Exists
[32021/43848] 2023-08-27 14:00 -> AWS: Success | JAXA: N/A
[32041/43848] 2023-08-28 08:00 -> AWS: Success | JAXA: Exists
[32061/43848] 2023-08-29 04:00 -> AWS: Success | JAXA: Exists
[32081/43848] 2023-08-29 22:00 -> AWS: Success | JAXA: N/A
[32101/43848] 2023-08-30 20:00 -> AWS: Success | JAXA: N/A
[32121/43848] 2023-08-29 13:00 -> AWS: Success | JAXA: N/A
[32141/43848] 2023-09-01 10:00 -> AWS: Success | JAXA: N/A
[32161/43848] 2023-09-02 09:00 -> AWS: Success | JAXA: Exists
[32181/43848] 2023-09-03 03:00 -> AWS: Success | JAXA: Exists
[32201/43848] 2023-09-02 06:00 -> AWS: Success | JAXA: Exists
[32221/43848] 2023-09-04 19:00 -> AWS: Success | JAXA: N/A
[32241/43848] 2023-09-05 10:00 -> AWS: Success | JAXA: N/A
[32261/43848] 2023-09-06 08:00 -> AWS: Success | JAXA: Exists
[32281/43848] 2023-09-07 07:00 -> AWS: Success | JAXA: Exists
[32301/43848] 2023-09-08 04:00 -> AWS: Success | JAXA: Exists
[32321/43848] 2023-09-08 22:00 -> AWS: Success | JAXA: N/A
[32341/43848] 2023-09-08 18:00 -> AWS: Success | JAXA: N/A
[32361/43848] 2023-09-09 16:00 -> AWS: Success | JAXA: N/A
[32381/43848] 2023-09-11 13:00 -> AWS: Success | JAXA: N/A
[32401/43848] 2023-09-12 06:00 -> AWS: Success | JAXA: Exists
[32421/43848] 2023-09-13 00:00 -> AWS: Success | JAXA: Exists
[32441/43848] 2023-09-14 02:00 -> AWS: Success | JAXA: Exists
[32461/43848] 2023-09-14 20:00 -> AWS: Success | JAXA: N/A
[32481/43848] 2023-09-15 17:00 -> AWS: Success | JAXA: N/A
[32501/43848] 2023-09-16 15:00 -> AWS: Success | JAXA: N/A
[32521/43848] 2023-09-17 08:00 -> AWS: Success | JAXA: Exists
[32541/43848] 2023-09-18 03:00 -> AWS: Success | JAXA: Exists
[32561/43848] 2023-09-18 20:00 -> AWS: Success | JAXA: N/A
[32581/43848] 2023-09-19 19:00 -> AWS: Success | JAXA: N/A
[32601/43848] 2023-09-20 15:00 -> AWS: Success | JAXA: N/A
[32621/43848] 2023-09-18 12:00 -> AWS: Success | JAXA: N/A
[32641/43848] 2023-09-22 10:00 -> AWS: Success | JAXA: N/A
[32661/43848] 2023-09-21 16:00 -> AWS: Success | JAXA: N/A
[32681/43848] 2023-09-24 01:00 -> AWS: Success | JAXA: Exists
[32701/43848] 2023-09-24 06:00 -> AWS: Success | JAXA: Exists
[32721/43848] 2023-09-24 09:00 -> AWS: Success | JAXA: Exists
[32741/43848] 2023-09-26 09:00 -> AWS: Success | JAXA: Success
[32761/43848] 2023-09-27 06:00 -> AWS: Success | JAXA: Exists
[32781/43848] 2023-09-28 01:00 -> AWS: Success | JAXA: Exists
[32801/43848] 2023-09-29 02:00 -> AWS: Success | JAXA: Exists
[32821/43848] 2023-09-27 07:00 -> AWS: Success | JAXA: Exists
[32841/43848] 2023-09-29 00:00 -> AWS: Success | JAXA: Exists
[32861/43848] 2023-10-01 11:00 -> AWS: Success | JAXA: N/A
[32881/43848] 2023-10-02 09:00 -> AWS: Success | JAXA: Exists
[32901/43848] 2023-10-03 04:00 -> AWS: Success | JAXA: Exists
[32921/43848] 2023-10-04 02:00 -> AWS: Success | JAXA: Exists
[32941/43848] 2023-10-04 21:00 -> AWS: Success | JAXA: N/A
[32961/43848] 2023-10-04 08:00 -> AWS: Success | JAXA: Exists
[32981/43848] 2023-10-06 13:00 -> AWS: Success | JAXA: N/A
[33001/43848] 2023-10-07 05:00 -> AWS: Success | JAXA: Exists
[33021/43848] 2023-10-08 05:00 -> AWS: Success | JAXA: Exists
[33041/43848] 2023-10-09 01:00 -> AWS: Success | JAXA: Success
[33061/43848] 2023-10-09 20:00 -> AWS: Success | JAXA: N/A
[33081/43848] 2023-10-09 06:00 -> AWS: Success | JAXA: Exists
[33101/43848] 2023-10-11 13:00 -> AWS: Success | JAXA: N/A
[33121/43848] 2023-10-12 10:00 -> AWS: Success | JAXA: N/A
[33141/43848] 2023-10-13 05:00 -> AWS: Success | JAXA: Exists
[33161/43848] 2023-10-12 22:00 -> AWS: Success | JAXA: N/A
[33181/43848] 2023-10-13 15:00 -> AWS: Success | JAXA: N/A
[33201/43848] 2023-10-15 15:00 -> AWS: Success | JAXA: N/A
[33221/43848] 2023-10-16 14:00 -> AWS: Success | JAXA: N/A
[33241/43848] 2023-10-16 07:00 -> AWS: Success | JAXA: Exists
[33261/43848] 2023-10-18 02:00 -> AWS: Success | JAXA: Exists
[33281/43848] 2023-10-18 13:00 -> AWS: Success | JAXA: N/A
[33301/43848] 2023-10-19 20:00 -> AWS: Success | JAXA: N/A
[33321/43848] 2023-10-20 17:00 -> AWS: Success | JAXA: N/A
[33341/43848] 2023-10-21 12:00 -> AWS: Success | JAXA: N/A
[33361/43848] 2023-10-22 11:00 -> AWS: Success | JAXA: N/A
[33381/43848] 2023-10-23 04:00 -> AWS: Success | JAXA: Exists
[33401/43848] 2023-10-23 08:00 -> AWS: Success | JAXA: Exists
[33421/43848] 2023-10-23 23:00 -> AWS: Success | JAXA: N/A
[33441/43848] 2023-10-25 18:00 -> AWS: Success | JAXA: N/A
[33461/43848] 2023-10-26 09:00 -> AWS: Success | JAXA: Success
[33481/43848] 2023-10-27 04:00 -> AWS: Success | JAXA: Exists
[33501/43848] 2023-10-28 05:00 -> AWS: Success | JAXA: Exists
[33521/43848] 2023-10-29 00:00 -> AWS: Success | JAXA: Exists
[33541/43848] 2023-10-29 20:00 -> AWS: Success | JAXA: N/A
[33561/43848] 2023-10-30 16:00 -> AWS: Success | JAXA: N/A
[33581/43848] 2023-10-31 09:00 -> AWS: Success | JAXA: Success
[33601/43848] 2023-10-30 09:00 -> AWS: Success | JAXA: Exists
[33621/43848] 2023-11-02 04:00 -> AWS: Success | JAXA: Exists
[33641/43848] 2023-11-02 23:00 -> AWS: Success | JAXA: N/A
[33661/43848] 2023-11-03 18:00 -> AWS: Success | JAXA: N/A
[33681/43848] 2023-11-04 13:00 -> AWS: Success | JAXA: N/A
[33701/43848] 2023-11-05 13:00 -> AWS: Success | JAXA: N/A
[33721/43848] 2023-11-05 11:00 -> AWS: Success | JAXA: N/A
[33741/43848] 2023-11-07 04:00 -> AWS: Success | JAXA: Exists
[33761/43848] 2023-11-08 01:00 -> AWS: Success | JAXA: Exists
[33781/43848] 2023-11-08 20:00 -> AWS: Success | JAXA: N/A
[33801/43848] 2023-11-09 09:00 -> AWS: Success | JAXA: Success
[33821/43848] 2023-11-10 12:00 -> AWS: Success | JAXA: N/A
[33841/43848] 2023-11-11 05:00 -> AWS: Success | JAXA: Exists
[33861/43848] 2023-11-12 04:00 -> AWS: Success | JAXA: Exists
[33881/43848] 2023-11-12 21:00 -> AWS: Success | JAXA: N/A
[33901/43848] 2023-11-13 19:00 -> AWS: Success | JAXA: N/A
[33921/43848] 2023-11-14 17:00 -> AWS: Success | JAXA: N/A
[33941/43848] 2023-11-14 02:00 -> AWS: Success | JAXA: Success
[33961/43848] 2023-11-16 06:00 -> AWS: Success | JAXA: Exists
[33981/43848] 2023-11-17 06:00 -> AWS: Success | JAXA: Exists
[34001/43848] 2023-11-17 19:00 -> AWS: Success | JAXA: N/A
[34021/43848] 2023-11-18 18:00 -> AWS: Success | JAXA: N/A
[34041/43848] 2023-11-19 18:00 -> AWS: Success | JAXA: N/A
[34061/43848] 2023-11-20 08:00 -> AWS: Success | JAXA: Exists
[34081/43848] 2023-11-21 07:00 -> AWS: Success | JAXA: Exists
[34101/43848] 2023-11-22 01:00 -> AWS: Success | JAXA: Exists
[34121/43848] 2023-11-21 15:00 -> AWS: Success | JAXA: N/A
[34141/43848] 2023-11-23 17:00 -> AWS: Success | JAXA: N/A
[34161/43848] 2023-11-23 07:00 -> AWS: Success | JAXA: Success
[34181/43848] 2023-11-25 06:00 -> AWS: Success | JAXA: Exists
[34201/43848] 2023-11-26 07:00 -> AWS: Success | JAXA: Exists
[34221/43848] 2023-11-27 02:00 -> AWS: Success | JAXA: Exists
[34241/43848] 2023-11-27 19:00 -> AWS: Success | JAXA: N/A
[34261/43848] 2023-11-28 19:00 -> AWS: Success | JAXA: N/A
[34281/43848] 2023-11-29 15:00 -> AWS: Success | JAXA: N/A
[34301/43848] 2023-11-30 12:00 -> AWS: Success | JAXA: N/A
[34321/43848] 2023-11-29 08:00 -> AWS: Success | JAXA: Exists
[34341/43848] 2023-12-02 00:00 -> AWS: Success | JAXA: Exists
[34361/43848] 2023-12-01 06:00 -> AWS: Success | JAXA: Success
[34381/43848] 2023-12-03 18:00 -> AWS: Success | JAXA: N/A
[34401/43848] 2023-12-04 14:00 -> AWS: Success | JAXA: N/A
[34421/43848] 2023-12-05 03:00 -> AWS: Success | JAXA: Exists
[34441/43848] 2023-12-06 05:00 -> AWS: Success | JAXA: Exists
[34461/43848] 2023-12-07 01:00 -> AWS: Success | JAXA: Exists
[34481/43848] 2023-12-08 00:00 -> AWS: Success | JAXA: Exists
[34501/43848] 2023-12-08 18:00 -> AWS: Success | JAXA: N/A
[34521/43848] 2023-12-09 14:00 -> AWS: Success | JAXA: N/A
[34541/43848] 2023-12-10 04:00 -> AWS: Success | JAXA: Exists
[34561/43848] 2023-12-10 03:00 -> AWS: Success | JAXA: Success
[34581/43848] 2023-12-11 23:00 -> AWS: Success | JAXA: N/A
[34601/43848] 2023-12-12 22:00 -> AWS: Success | JAXA: N/A
[34621/43848] 2023-12-13 21:00 -> AWS: Success | JAXA: N/A
[34641/43848] 2023-12-14 15:00 -> AWS: Success | JAXA: N/A
[34661/43848] 2023-12-15 14:00 -> AWS: Success | JAXA: N/A
[34681/43848] 2023-12-15 05:00 -> AWS: Success | JAXA: Success
[34701/43848] 2023-12-17 02:00 -> AWS: Success | JAXA: Exists
[34721/43848] 2023-12-17 22:00 -> AWS: Success | JAXA: N/A
[34741/43848] 2023-12-18 19:00 -> AWS: Success | JAXA: N/A
[34761/43848] 2023-12-19 16:00 -> AWS: Success | JAXA: N/A
[34781/43848] 2023-12-20 14:00 -> AWS: Success | JAXA: N/A
[34801/43848] 2023-12-21 10:00 -> AWS: Success | JAXA: N/A
[34821/43848] 2023-12-22 03:00 -> AWS: Success | JAXA: Success
[34841/43848] 2023-12-22 20:00 -> AWS: Success | JAXA: N/A
[34861/43848] 2023-12-23 18:00 -> AWS: Success | JAXA: N/A
[34881/43848] 2023-12-24 15:00 -> AWS: Success | JAXA: N/A
[34901/43848] 2023-12-25 07:00 -> AWS: Success | JAXA: Exists
[34921/43848] 2023-12-26 10:00 -> AWS: Success | JAXA: N/A
[34941/43848] 2023-12-27 04:00 -> AWS: Success | JAXA: Exists
[34961/43848] 2023-12-27 22:00 -> AWS: Success | JAXA: N/A
[34981/43848] 2023-12-28 20:00 -> AWS: Success | JAXA: N/A
[35001/43848] 2023-12-29 13:00 -> AWS: Success | JAXA: N/A
[35021/43848] 2023-12-30 12:00 -> AWS: Success | JAXA: N/A
[35041/43848] 2023-12-30 15:00 -> AWS: Success | JAXA: N/A
[35061/43848] 2024-01-01 06:00 -> AWS: Success | JAXA: Exists
[35081/43848] 2024-01-01 22:00 -> AWS: Success | JAXA: N/A
[35101/43848] 2024-01-02 19:00 -> AWS: Success | JAXA: N/A
[35121/43848] 2024-01-03 07:00 -> AWS: Success | JAXA: Exists
[35141/43848] 2024-01-04 11:00 -> AWS: Success | JAXA: N/A
[35161/43848] 2024-01-05 00:00 -> AWS: Success | JAXA: Exists
[35181/43848] 2024-01-06 00:00 -> AWS: Success | JAXA: Exists
[35201/43848] 2024-01-06 06:00 -> AWS: Success | JAXA: Exists
[35221/43848] 2024-01-07 16:00 -> AWS: Success | JAXA: N/A
[35241/43848] 2024-01-08 12:00 -> AWS: Success | JAXA: N/A
[35261/43848] 2024-01-09 10:00 -> AWS: Success | JAXA: N/A
[35281/43848] 2024-01-10 11:00 -> AWS: Success | JAXA: N/A
[35301/43848] 2024-01-11 02:00 -> AWS: Success | JAXA: Exists
[35321/43848] 2024-01-10 19:00 -> AWS: Success | JAXA: N/A
[35341/43848] 2024-01-12 20:00 -> AWS: Success | JAXA: N/A
[35361/43848] 2024-01-13 15:00 -> AWS: Success | JAXA: N/A
[35381/43848] 2024-01-12 07:00 -> AWS: Success | JAXA: Success
[35401/43848] 2024-01-14 06:00 -> AWS: Success | JAXA: Exists
[35421/43848] 2024-01-16 01:00 -> AWS: Success | JAXA: Exists
[35441/43848] 2024-01-16 20:00 -> AWS: Success | JAXA: N/A
[35461/43848] 2024-01-15 16:00 -> AWS: Success | JAXA: N/A
[35481/43848] 2024-01-17 18:00 -> AWS: Success | JAXA: N/A
[35501/43848] 2024-01-19 12:00 -> AWS: Success | JAXA: N/A
[35521/43848] 2024-01-20 06:00 -> AWS: Success | JAXA: Success
[35541/43848] 2024-01-21 04:00 -> AWS: Success | JAXA: Exists
[35561/43848] 2024-01-21 22:00 -> AWS: Success | JAXA: N/A
[35581/43848] 2024-01-22 20:00 -> AWS: Success | JAXA: N/A
[35601/43848] 2024-01-23 16:00 -> AWS: Success | JAXA: N/A
[35621/43848] 2024-01-24 11:00 -> AWS: Success | JAXA: N/A
[35641/43848] 2024-01-25 10:00 -> AWS: Success | JAXA: N/A
[35661/43848] 2024-01-26 01:00 -> AWS: Success | JAXA: Exists
[35681/43848] 2024-01-26 21:00 -> AWS: Success | JAXA: N/A
[35701/43848] 2024-01-26 20:00 -> AWS: Success | JAXA: N/A
[35721/43848] 2024-01-28 12:00 -> AWS: Success | JAXA: N/A
[35741/43848] 2024-01-29 07:00 -> AWS: Success | JAXA: Exists
[35761/43848] 2024-01-30 02:00 -> AWS: Success | JAXA: Success
[35781/43848] 2024-01-30 09:00 -> AWS: Success | JAXA: Success
[35801/43848] 2024-01-31 03:00 -> AWS: Success | JAXA: Exists
[35821/43848] 2024-02-01 06:00 -> AWS: Success | JAXA: Success
[35841/43848] 2024-02-02 18:00 -> AWS: Success | JAXA: N/A
[35861/43848] 2024-02-03 13:00 -> AWS: Success | JAXA: N/A
[35881/43848] 2024-02-04 05:00 -> AWS: Success | JAXA: Exists
[35901/43848] 2024-02-05 02:00 -> AWS: Success | JAXA: Exists
[35921/43848] 2024-02-05 22:00 -> AWS: Success | JAXA: N/A
[35941/43848] 2024-02-06 16:00 -> AWS: Success | JAXA: N/A
[35961/43848] 2024-02-07 13:00 -> AWS: Success | JAXA: N/A
[35981/43848] 2024-02-08 05:00 -> AWS: Success | JAXA: Exists
[36001/43848] 2024-02-09 03:00 -> AWS: Success | JAXA: Exists
[36021/43848] 2024-02-09 08:00 -> AWS: Success | JAXA: Success
[36041/43848] 2024-02-10 09:00 -> AWS: Success | JAXA: Exists
[36061/43848] 2024-02-11 19:00 -> AWS: Success | JAXA: N/A
[36081/43848] 2024-02-12 17:00 -> AWS: Success | JAXA: N/A
[36101/43848] 2024-02-12 03:00 -> AWS: Success | JAXA: Exists
[36121/43848] 2024-02-14 04:00 -> AWS: Success | JAXA: Not Found
[36141/43848] 2024-02-15 03:00 -> AWS: Success | JAXA: Exists
[36161/43848] 2024-02-15 21:00 -> AWS: Success | JAXA: N/A
[36181/43848] 2024-02-16 19:00 -> AWS: Success | JAXA: N/A
[36201/43848] 2024-02-17 11:00 -> AWS: Success | JAXA: N/A
[36221/43848] 2024-02-18 12:00 -> AWS: Success | JAXA: N/A
[36241/43848] 2024-02-19 05:00 -> AWS: Success | JAXA: Exists
[36261/43848] 2024-02-20 03:00 -> AWS: Success | JAXA: Exists
[36281/43848] 2024-02-20 21:00 -> AWS: Success | JAXA: N/A
[36301/43848] 2024-02-21 17:00 -> AWS: Success | JAXA: N/A
[36321/43848] 2024-02-22 15:00 -> AWS: Success | JAXA: N/A
[36341/43848] 2024-02-23 05:00 -> AWS: Success | JAXA: Exists
[36361/43848] 2024-02-24 00:00 -> AWS: Success | JAXA: Exists
[36381/43848] 2024-02-23 13:00 -> AWS: Success | JAXA: N/A
[36401/43848] 2024-02-25 21:00 -> AWS: Success | JAXA: N/A
[36421/43848] 2024-02-26 18:00 -> AWS: Success | JAXA: N/A
[36441/43848] 2024-02-27 15:00 -> AWS: Success | JAXA: N/A
[36461/43848] 2024-02-28 08:00 -> AWS: Success | JAXA: Exists
[36481/43848] 2024-02-27 17:00 -> AWS: Success | JAXA: N/A
[36501/43848] 2024-03-01 02:00 -> AWS: Success | JAXA: Exists
[36521/43848] 2024-03-01 22:00 -> AWS: Success | JAXA: N/A
[36541/43848] 2024-03-02 21:00 -> AWS: Success | JAXA: N/A
[36561/43848] 2024-03-03 17:00 -> AWS: Success | JAXA: N/A
[36581/43848] 2024-03-04 07:00 -> AWS: Success | JAXA: Exists
[36601/43848] 2024-03-05 02:00 -> AWS: Success | JAXA: Exists
[36621/43848] 2024-03-05 11:00 -> AWS: Success | JAXA: N/A
[36641/43848] 2024-03-06 22:00 -> AWS: Success | JAXA: N/A
[36661/43848] 2024-03-07 19:00 -> AWS: Success | JAXA: N/A
[36681/43848] 2024-03-08 08:00 -> AWS: Success | JAXA: Exists
[36701/43848] 2024-03-08 07:00 -> AWS: Success | JAXA: Exists
[36721/43848] 2024-03-10 02:00 -> AWS: Success | JAXA: Exists
[36741/43848] 2024-03-11 02:00 -> AWS: Success | JAXA: Exists
[36761/43848] 2024-03-11 01:00 -> AWS: Success | JAXA: Success
[36781/43848] 2024-03-12 16:00 -> AWS: Success | JAXA: N/A
[36801/43848] 2024-03-13 13:00 -> AWS: Success | JAXA: N/A
[36821/43848] 2024-03-14 13:00 -> AWS: Success | JAXA: N/A
[36841/43848] 2024-03-15 05:00 -> AWS: Success | JAXA: Exists
[36861/43848] 2024-03-15 12:00 -> AWS: Success | JAXA: N/A
[36881/43848] 2024-03-16 20:00 -> AWS: Success | JAXA: N/A
[36901/43848] 2024-03-17 16:00 -> AWS: Success | JAXA: N/A
[36921/43848] 2024-03-18 16:00 -> AWS: Success | JAXA: N/A
[36941/43848] 2024-03-19 12:00 -> AWS: Success | JAXA: N/A
[36961/43848] 2024-03-20 05:00 -> AWS: Success | JAXA: Exists
[36981/43848] 2024-03-20 22:00 -> AWS: Success | JAXA: N/A
[37001/43848] 2024-03-21 23:00 -> AWS: Success | JAXA: N/A
[37021/43848] 2024-03-22 17:00 -> AWS: Success | JAXA: N/A
[37041/43848] 2024-03-23 10:00 -> AWS: Success | JAXA: N/A
[37061/43848] 2024-03-22 15:00 -> AWS: Success | JAXA: N/A
[37081/43848] 2024-03-24 08:00 -> AWS: Success | JAXA: Exists
[37101/43848] 2024-03-26 02:00 -> AWS: Success | JAXA: Exists
[37121/43848] 2024-03-26 20:00 -> AWS: Success | JAXA: N/A
[37141/43848] 2024-03-27 08:00 -> AWS: Success | JAXA: Exists
[37161/43848] 2024-03-28 15:00 -> AWS: Success | JAXA: N/A
[37181/43848] 2024-03-29 07:00 -> AWS: Success | JAXA: Exists
[37201/43848] 2024-03-30 07:00 -> AWS: Success | JAXA: Exists
[37221/43848] 2024-03-31 00:00 -> AWS: Success | JAXA: Exists
[37241/43848] 2024-03-31 21:00 -> AWS: Success | JAXA: N/A
[37261/43848] 2024-04-01 17:00 -> AWS: Success | JAXA: N/A
[37281/43848] 2024-04-02 08:00 -> AWS: Success | JAXA: Success
[37301/43848] 2024-04-02 17:00 -> AWS: Success | JAXA: N/A
[37321/43848] 2024-04-04 10:00 -> AWS: Success | JAXA: N/A
[37341/43848] 2024-04-05 02:00 -> AWS: Success | JAXA: Exists
[37361/43848] 2024-04-05 22:00 -> AWS: Success | JAXA: N/A
[37381/43848] 2024-04-06 18:00 -> AWS: Success | JAXA: N/A
[37401/43848] 2024-04-07 14:00 -> AWS: Success | JAXA: N/A
[37421/43848] 2024-04-08 05:00 -> AWS: Success | JAXA: Exists
[37441/43848] 2024-04-09 10:00 -> AWS: Success | JAXA: N/A
[37461/43848] 2024-04-10 00:00 -> AWS: Success | JAXA: Exists
[37481/43848] 2024-04-09 21:00 -> AWS: Success | JAXA: N/A
[37501/43848] 2024-04-10 23:00 -> AWS: Success | JAXA: N/A
[37521/43848] 2024-04-12 15:00 -> AWS: Success | JAXA: N/A
[37541/43848] 2024-04-13 08:00 -> AWS: Success | JAXA: Exists
[37561/43848] 2024-04-14 05:00 -> AWS: Success | JAXA: Exists
[37581/43848] 2024-04-14 16:00 -> AWS: Success | JAXA: N/A
[37601/43848] 2024-04-15 19:00 -> AWS: Success | JAXA: N/A
[37621/43848] 2024-04-16 18:00 -> AWS: Success | JAXA: N/A
[37641/43848] 2024-04-17 15:00 -> AWS: Success | JAXA: N/A
[37661/43848] 2024-04-18 09:00 -> AWS: Success | JAXA: Exists
[37681/43848] 2024-04-19 07:00 -> AWS: Success | JAXA: Exists
[37701/43848] 2024-04-20 02:00 -> AWS: Success | JAXA: Exists
[37721/43848] 2024-04-21 00:00 -> AWS: Success | JAXA: Exists
[37741/43848] 2024-04-21 20:00 -> AWS: Success | JAXA: N/A
[37761/43848] 2024-04-22 00:00 -> AWS: Success | JAXA: Exists
[37781/43848] 2024-04-23 12:00 -> AWS: Success | JAXA: N/A
[37801/43848] 2024-04-23 08:00 -> AWS: Success | JAXA: Success
[37821/43848] 2024-04-25 02:00 -> AWS: Success | JAXA: Exists
[37841/43848] 2024-04-26 02:00 -> AWS: Success | JAXA: Exists
[37861/43848] 2024-04-26 19:00 -> AWS: Success | JAXA: N/A
[37881/43848] 2024-04-27 09:00 -> AWS: Success | JAXA: Success
[37901/43848] 2024-04-28 12:00 -> AWS: Success | JAXA: N/A
[37921/43848] 2024-04-29 06:00 -> AWS: Success | JAXA: Exists
[37941/43848] 2024-04-30 04:00 -> AWS: Success | JAXA: Exists
[37961/43848] 2024-04-30 23:00 -> AWS: Success | JAXA: N/A
[37981/43848] 2024-05-01 21:00 -> AWS: Success | JAXA: N/A
[38001/43848] 2024-05-02 17:00 -> AWS: Success | JAXA: N/A
[38021/43848] 2024-05-03 13:00 -> AWS: Success | JAXA: N/A
[38041/43848] 2024-05-04 11:00 -> AWS: Success | JAXA: N/A
[38061/43848] 2024-05-05 04:00 -> AWS: Success | JAXA: Exists
[38081/43848] 2024-05-04 22:00 -> AWS: Success | JAXA: N/A
[38101/43848] 2024-05-04 06:00 -> AWS: Success | JAXA: Exists
[38121/43848] 2024-05-07 18:00 -> AWS: Success | JAXA: N/A
[38141/43848] 2024-05-06 16:00 -> AWS: Success | JAXA: N/A
[38161/43848] 2024-05-09 03:00 -> AWS: Success | JAXA: Exists
[38181/43848] 2024-05-09 12:00 -> AWS: Success | JAXA: N/A
[38201/43848] 2024-05-10 23:00 -> AWS: Success | JAXA: N/A
[38221/43848] 2024-05-11 19:00 -> AWS: Success | JAXA: N/A
[38241/43848] 2024-05-10 20:00 -> AWS: Success | JAXA: N/A
[38261/43848] 2024-05-13 12:00 -> AWS: Success | JAXA: N/A
[38281/43848] 2024-05-13 07:00 -> AWS: Success | JAXA: Exists
[38301/43848] 2024-05-15 04:00 -> AWS: Success | JAXA: Exists
[38321/43848] 2024-05-15 22:00 -> AWS: Success | JAXA: N/A
[38341/43848] 2024-05-16 18:00 -> AWS: Success | JAXA: N/A
[38361/43848] 2024-05-17 16:00 -> AWS: Success | JAXA: N/A
[38381/43848] 2024-05-17 22:00 -> AWS: Success | JAXA: N/A
[38401/43848] 2024-05-19 09:00 -> AWS: Success | JAXA: Success
[38421/43848] 2024-05-20 04:00 -> AWS: Success | JAXA: Exists
[38441/43848] 2024-05-20 22:00 -> AWS: Success | JAXA: N/A
[38461/43848] 2024-05-19 08:00 -> AWS: Success | JAXA: Success
[38481/43848] 2024-05-22 16:00 -> AWS: Success | JAXA: N/A
[38501/43848] 2024-05-23 06:00 -> AWS: Success | JAXA: Exists
[38521/43848] 2024-05-22 23:00 -> AWS: Success | JAXA: N/A
[38541/43848] 2024-05-25 05:00 -> AWS: Success | JAXA: Exists
[38561/43848] 2024-05-26 00:00 -> AWS: Success | JAXA: Success
[38581/43848] 2024-05-26 09:00 -> AWS: Success | JAXA: Success
[38601/43848] 2024-05-26 02:00 -> AWS: Success | JAXA: Success
[38621/43848] 2024-05-28 09:00 -> AWS: Success | JAXA: Exists
[38641/43848] 2024-05-29 10:00 -> AWS: Success | JAXA: N/A
[38661/43848] 2024-05-30 03:00 -> AWS: Success | JAXA: Exists
[38681/43848] 2024-05-30 19:00 -> AWS: Success | JAXA: N/A
[38701/43848] 2024-05-31 22:00 -> AWS: Success | JAXA: N/A
[38721/43848] 2024-06-01 14:00 -> AWS: Success | JAXA: N/A
[38741/43848] 2024-06-02 04:00 -> AWS: Success | JAXA: Success
[38761/43848] 2024-06-03 09:00 -> AWS: Success | JAXA: Exists
[38781/43848] 2024-06-03 04:00 -> AWS: Success | JAXA: Exists
[38801/43848] 2024-06-05 00:00 -> AWS: Success | JAXA: Exists
[38821/43848] 2024-06-05 21:00 -> AWS: Success | JAXA: N/A
[38841/43848] 2024-06-06 18:00 -> AWS: Success | JAXA: N/A
[38861/43848] 2024-06-07 11:00 -> AWS: Success | JAXA: N/A
[38881/43848] 2024-06-08 04:00 -> AWS: Success | JAXA: Exists
[38901/43848] 2024-06-09 01:00 -> AWS: Success | JAXA: Exists
[38921/43848] 2024-06-09 23:00 -> AWS: Success | JAXA: N/A
[38941/43848] 2024-06-08 11:00 -> AWS: Success | JAXA: N/A
[38961/43848] 2024-06-11 17:00 -> AWS: Success | JAXA: N/A
[38981/43848] 2024-06-12 13:00 -> AWS: Success | JAXA: N/A
[39001/43848] 2024-06-11 19:00 -> AWS: Success | JAXA: N/A
[39021/43848] 2024-06-14 03:00 -> AWS: Success | JAXA: Exists
[39041/43848] 2024-06-14 20:00 -> AWS: Success | JAXA: N/A
[39061/43848] 2024-06-15 15:00 -> AWS: Success | JAXA: N/A
[39081/43848] 2024-06-16 12:00 -> AWS: Success | JAXA: N/A
[39101/43848] 2024-06-17 09:00 -> AWS: Success | JAXA: Exists
[39121/43848] 2024-06-18 04:00 -> AWS: Success | JAXA: Exists
[39141/43848] 2024-06-19 04:00 -> AWS: Success | JAXA: Exists
[39161/43848] 2024-06-19 23:00 -> AWS: Success | JAXA: N/A
[39181/43848] 2024-06-20 17:00 -> AWS: Success | JAXA: N/A
[39201/43848] 2024-06-21 16:00 -> AWS: Success | JAXA: N/A
[39221/43848] 2024-06-22 12:00 -> AWS: Success | JAXA: N/A
[39241/43848] 2024-06-23 08:00 -> AWS: Success | JAXA: Exists
[39261/43848] 2024-06-24 01:00 -> AWS: Success | JAXA: Exists
[39281/43848] 2024-06-24 21:00 -> AWS: Success | JAXA: N/A
[39301/43848] 2024-06-25 20:00 -> AWS: Success | JAXA: N/A
[39321/43848] 2024-06-26 11:00 -> AWS: Success | JAXA: N/A
[39341/43848] 2024-06-27 08:00 -> AWS: Success | JAXA: Exists
[39361/43848] 2024-06-28 05:00 -> AWS: Success | JAXA: Exists
[39381/43848] 2024-06-27 15:00 -> AWS: Success | JAXA: N/A
[39401/43848] 2024-06-30 02:00 -> AWS: Success | JAXA: Exists
[39421/43848] 2024-06-29 05:00 -> AWS: Success | JAXA: Exists
[39441/43848] 2024-06-29 22:00 -> AWS: Success | JAXA: N/A
[39461/43848] 2024-07-02 10:00 -> AWS: Success | JAXA: N/A
[39481/43848] 2024-07-03 08:00 -> AWS: Success | JAXA: Exists
[39501/43848] 2024-07-01 20:00 -> AWS: Success | JAXA: N/A
[39521/43848] 2024-07-05 02:00 -> AWS: Success | JAXA: Exists
[39541/43848] 2024-07-05 18:00 -> AWS: Success | JAXA: N/A
[39561/43848] 2024-07-06 13:00 -> AWS: Success | JAXA: N/A
[39581/43848] 2024-07-07 13:00 -> AWS: Success | JAXA: N/A
[39601/43848] 2024-07-08 07:00 -> AWS: Success | JAXA: Exists
[39621/43848] 2024-07-06 08:00 -> AWS: Success | JAXA: Exists
[39641/43848] 2024-07-10 00:00 -> AWS: Success | JAXA: Exists
[39661/43848] 2024-07-08 12:00 -> AWS: Success | JAXA: N/A
[39681/43848] 2024-07-11 17:00 -> AWS: Success | JAXA: N/A
[39701/43848] 2024-07-12 11:00 -> AWS: Success | JAXA: N/A
[39721/43848] 2024-07-13 07:00 -> AWS: Success | JAXA: Exists
[39741/43848] 2024-07-14 02:00 -> AWS: Success | JAXA: Exists
[39761/43848] 2024-07-12 04:00 -> AWS: Success | JAXA: Exists
[39781/43848] 2024-07-15 18:00 -> AWS: Success | JAXA: N/A
[39801/43848] 2024-07-16 16:00 -> AWS: Success | JAXA: N/A
[39821/43848] 2024-07-17 14:00 -> AWS: Success | JAXA: N/A
[39841/43848] 2024-07-18 10:00 -> AWS: Success | JAXA: N/A
[39861/43848] 2024-07-19 00:00 -> AWS: Success | JAXA: Exists
[39881/43848] 2024-07-19 22:00 -> AWS: Success | JAXA: N/A
[39901/43848] 2024-07-20 18:00 -> AWS: Success | JAXA: N/A
[39921/43848] 2024-07-21 16:00 -> AWS: Success | JAXA: N/A
[39941/43848] 2024-07-22 13:00 -> AWS: Success | JAXA: N/A
[39961/43848] 2024-07-23 10:00 -> AWS: Success | JAXA: N/A
[39981/43848] 2024-07-22 06:00 -> AWS: Success | JAXA: Exists
[40001/43848] 2024-07-25 00:00 -> AWS: Success | JAXA: Exists
[40021/43848] 2024-07-25 20:00 -> AWS: Success | JAXA: N/A
[40041/43848] 2024-07-26 15:00 -> AWS: Success | JAXA: N/A
[40061/43848] 2024-07-27 14:00 -> AWS: Success | JAXA: N/A
[40081/43848] 2024-07-28 08:00 -> AWS: Success | JAXA: Exists
[40101/43848] 2024-07-28 09:00 -> AWS: Success | JAXA: Exists
[40121/43848] 2024-07-29 20:00 -> AWS: Success | JAXA: N/A
[40141/43848] 2024-07-30 20:00 -> AWS: Success | JAXA: N/A
[40161/43848] 2024-07-31 19:00 -> AWS: Success | JAXA: N/A
[40181/43848] 2024-08-01 12:00 -> AWS: Missing | JAXA: N/A
[40201/43848] 2024-08-01 05:00 -> AWS: Success | JAXA: Exists
[40221/43848] 2024-08-02 04:00 -> AWS: Success | JAXA: Exists
[40241/43848] 2024-08-04 01:00 -> AWS: Success | JAXA: Exists
[40261/43848] 2024-08-04 20:00 -> AWS: Success | JAXA: N/A
[40281/43848] 2024-08-05 17:00 -> AWS: Success | JAXA: N/A
[40301/43848] 2024-08-06 12:00 -> AWS: Success | JAXA: N/A
[40321/43848] 2024-08-07 00:00 -> AWS: Success | JAXA: Exists
[40341/43848] 2024-08-08 05:00 -> AWS: Success | JAXA: Exists
[40361/43848] 2024-08-08 03:00 -> AWS: Success | JAXA: Exists
[40381/43848] 2024-08-09 20:00 -> AWS: Success | JAXA: N/A
[40401/43848] 2024-08-10 18:00 -> AWS: Success | JAXA: N/A
[40421/43848] 2024-08-10 17:00 -> AWS: Success | JAXA: N/A
[40441/43848] 2024-08-12 11:00 -> AWS: Success | JAXA: N/A
[40461/43848] 2024-08-12 14:00 -> AWS: Success | JAXA: N/A
[40481/43848] 2024-08-14 03:00 -> AWS: Success | JAXA: Exists
[40501/43848] 2024-08-14 23:00 -> AWS: Success | JAXA: N/A
[40521/43848] 2024-08-15 13:00 -> AWS: Success | JAXA: N/A
[40541/43848] 2024-08-16 12:00 -> AWS: Success | JAXA: N/A
[40561/43848] 2024-08-17 07:00 -> AWS: Success | JAXA: Exists
[40581/43848] 2024-08-18 06:00 -> AWS: Success | JAXA: Exists
[40601/43848] 2024-08-18 09:00 -> AWS: Success | JAXA: Success
[40621/43848] 2024-08-19 22:00 -> AWS: Success | JAXA: N/A
[40641/43848] 2024-08-20 00:00 -> AWS: Success | JAXA: Exists
[40661/43848] 2024-08-21 09:00 -> AWS: Success | JAXA: Success
[40681/43848] 2024-08-21 05:00 -> AWS: Success | JAXA: Exists
[40701/43848] 2024-08-23 04:00 -> AWS: Success | JAXA: Exists
[40721/43848] 2024-08-24 01:00 -> AWS: Success | JAXA: Exists
[40741/43848] 2024-08-24 22:00 -> AWS: Success | JAXA: N/A
[40761/43848] 2024-08-25 14:00 -> AWS: Success | JAXA: N/A
[40781/43848] 2024-08-26 12:00 -> AWS: Success | JAXA: N/A
[40801/43848] 2024-08-27 01:00 -> AWS: Success | JAXA: Exists
[40821/43848] 2024-08-26 14:00 -> AWS: Success | JAXA: N/A
[40841/43848] 2024-08-27 08:00 -> AWS: Success | JAXA: Exists
[40861/43848] 2024-08-29 20:00 -> AWS: Success | JAXA: N/A
[40881/43848] 2024-08-30 17:00 -> AWS: Success | JAXA: N/A
[40901/43848] 2024-08-31 03:00 -> AWS: Success | JAXA: Exists
[40921/43848] 2024-09-01 07:00 -> AWS: Success | JAXA: Exists
[40941/43848] 2024-09-01 18:00 -> AWS: Success | JAXA: N/A
[40961/43848] 2024-09-02 23:00 -> AWS: Success | JAXA: N/A
[40981/43848] 2024-09-03 21:00 -> AWS: Success | JAXA: N/A
[41001/43848] 2024-09-04 15:00 -> AWS: Success | JAXA: N/A
[41021/43848] 2024-09-05 13:00 -> AWS: Success | JAXA: N/A
[41041/43848] 2024-09-06 09:00 -> AWS: Success | JAXA: Exists
[41061/43848] 2024-09-06 07:00 -> AWS: Success | JAXA: Exists
[41081/43848] 2024-09-07 23:00 -> AWS: Success | JAXA: N/A
[41101/43848] 2024-09-08 22:00 -> AWS: Success | JAXA: N/A
[41121/43848] 2024-09-07 12:00 -> AWS: Success | JAXA: N/A
[41141/43848] 2024-09-10 12:00 -> AWS: Success | JAXA: N/A
[41161/43848] 2024-09-09 06:00 -> AWS: Success | JAXA: Exists
[41181/43848] 2024-09-09 18:00 -> AWS: Success | JAXA: N/A
[41201/43848] 2024-09-12 23:00 -> AWS: Success | JAXA: N/A
[41221/43848] 2024-09-11 08:00 -> AWS: Success | JAXA: Exists
[41241/43848] 2024-09-14 16:00 -> AWS: Success | JAXA: N/A
[41261/43848] 2024-09-15 09:00 -> AWS: Success | JAXA: Exists
[41281/43848] 2024-09-16 09:00 -> AWS: Success | JAXA: Exists
[41301/43848] 2024-09-17 05:00 -> AWS: Success | JAXA: Exists
[41321/43848] 2024-09-18 01:00 -> AWS: Success | JAXA: Exists
[41341/43848] 2024-09-18 18:00 -> AWS: Success | JAXA: N/A
[41361/43848] 2024-09-19 17:00 -> AWS: Success | JAXA: N/A
[41381/43848] 2024-09-20 12:00 -> AWS: Success | JAXA: N/A
[41401/43848] 2024-09-21 08:00 -> AWS: Success | JAXA: Exists
[41421/43848] 2024-09-22 02:00 -> AWS: Success | JAXA: Exists
[41441/43848] 2024-09-23 00:00 -> AWS: Success | JAXA: Exists
[41461/43848] 2024-09-23 22:00 -> AWS: Success | JAXA: N/A
[41481/43848] 2024-09-23 09:00 -> AWS: Success | JAXA: Exists
[41501/43848] 2024-09-25 14:00 -> AWS: Success | JAXA: N/A
[41521/43848] 2024-09-26 08:00 -> AWS: Success | JAXA: Exists
[41541/43848] 2024-09-27 02:00 -> AWS: Success | JAXA: Exists
[41561/43848] 2024-09-27 22:00 -> AWS: Success | JAXA: N/A
[41581/43848] 2024-09-28 19:00 -> AWS: Success | JAXA: N/A
[41601/43848] 2024-09-29 14:00 -> AWS: Success | JAXA: N/A
[41621/43848] 2024-09-30 13:00 -> AWS: Success | JAXA: N/A
[41641/43848] 2024-10-01 07:00 -> AWS: Success | JAXA: Exists
[41661/43848] 2024-10-01 22:00 -> AWS: Success | JAXA: N/A
[41681/43848] 2024-10-02 22:00 -> AWS: Success | JAXA: N/A
[41701/43848] 2024-10-03 20:00 -> AWS: Success | JAXA: N/A
[41721/43848] 2024-10-04 15:00 -> AWS: Success | JAXA: N/A
[41741/43848] 2024-10-05 15:00 -> AWS: Success | JAXA: N/A
[41761/43848] 2024-10-04 07:00 -> AWS: Success | JAXA: Exists
[41781/43848] 2024-10-07 03:00 -> AWS: Success | JAXA: Exists
[41801/43848] 2024-10-06 01:00 -> AWS: Success | JAXA: Exists
[41821/43848] 2024-10-07 08:00 -> AWS: Success | JAXA: Success
[41841/43848] 2024-10-07 19:00 -> AWS: Success | JAXA: N/A
[41861/43848] 2024-10-10 14:00 -> AWS: Success | JAXA: N/A
[41881/43848] 2024-10-09 13:00 -> AWS: Success | JAXA: N/A
[41901/43848] 2024-10-10 03:00 -> AWS: Success | JAXA: Exists
[41921/43848] 2024-10-12 21:00 -> AWS: Success | JAXA: N/A
[41941/43848] 2024-10-13 18:00 -> AWS: Success | JAXA: N/A
[41961/43848] 2024-10-11 12:00 -> AWS: Success | JAXA: N/A
[41981/43848] 2024-10-15 11:00 -> AWS: Success | JAXA: N/A
[42001/43848] 2024-10-14 13:00 -> AWS: Success | JAXA: N/A
[42021/43848] 2024-10-16 07:00 -> AWS: Success | JAXA: Exists
[42041/43848] 2024-10-18 00:00 -> AWS: Success | JAXA: Exists
[42061/43848] 2024-10-18 17:00 -> AWS: Success | JAXA: N/A
[42081/43848] 2024-10-19 16:00 -> AWS: Success | JAXA: N/A
[42101/43848] 2024-10-18 06:00 -> AWS: Success | JAXA: Success
[42121/43848] 2024-10-21 10:00 -> AWS: Success | JAXA: N/A
[42141/43848] 2024-10-22 04:00 -> AWS: Success | JAXA: Exists
[42161/43848] 2024-10-23 01:00 -> AWS: Success | JAXA: Exists
[42181/43848] 2024-10-21 23:00 -> AWS: Success | JAXA: N/A
[42201/43848] 2024-10-24 17:00 -> AWS: Success | JAXA: N/A
[42221/43848] 2024-10-25 15:00 -> AWS: Success | JAXA: N/A
[42241/43848] 2024-10-26 10:00 -> AWS: Success | JAXA: N/A
[42261/43848] 2024-10-27 04:00 -> AWS: Success | JAXA: Exists
[42281/43848] 2024-10-27 21:00 -> AWS: Success | JAXA: N/A
[42301/43848] 2024-10-28 20:00 -> AWS: Success | JAXA: N/A
[42321/43848] 2024-10-29 18:00 -> AWS: Success | JAXA: N/A
[42341/43848] 2024-10-28 08:00 -> AWS: Success | JAXA: Success
[42361/43848] 2024-10-29 00:00 -> AWS: Success | JAXA: Exists
[42381/43848] 2024-11-01 04:00 -> AWS: Success | JAXA: Exists
[42401/43848] 2024-11-02 01:00 -> AWS: Success | JAXA: Exists
[42421/43848] 2024-11-02 19:00 -> AWS: Success | JAXA: N/A
[42441/43848] 2024-11-03 16:00 -> AWS: Success | JAXA: N/A
[42461/43848] 2024-11-04 09:00 -> AWS: Success | JAXA: Exists
[42481/43848] 2024-11-05 09:00 -> AWS: Success | JAXA: Exists
[42501/43848] 2024-11-03 23:00 -> AWS: Success | JAXA: N/A
[42521/43848] 2024-11-06 22:00 -> AWS: Success | JAXA: N/A
[42541/43848] 2024-11-06 16:00 -> AWS: Success | JAXA: N/A
[42561/43848] 2024-11-08 17:00 -> AWS: Success | JAXA: N/A
[42581/43848] 2024-11-09 10:00 -> AWS: Success | JAXA: N/A
[42601/43848] 2024-11-10 10:00 -> AWS: Success | JAXA: N/A
[42621/43848] 2024-11-11 04:00 -> AWS: Success | JAXA: Exists
[42641/43848] 2024-11-11 23:00 -> AWS: Success | JAXA: N/A
[42661/43848] 2024-11-12 20:00 -> AWS: Success | JAXA: N/A
[42681/43848] 2024-11-13 16:00 -> AWS: Success | JAXA: N/A
[42701/43848] 2024-11-14 12:00 -> AWS: Success | JAXA: N/A
[42721/43848] 2024-11-15 09:00 -> AWS: Success | JAXA: Exists
[42741/43848] 2024-11-16 05:00 -> AWS: Success | JAXA: Exists
[42761/43848] 2024-11-16 23:00 -> AWS: Success | JAXA: N/A
[42781/43848] 2024-11-17 05:00 -> AWS: Success | JAXA: Exists
[42801/43848] 2024-11-18 16:00 -> AWS: Success | JAXA: N/A
[42821/43848] 2024-11-19 14:00 -> AWS: Success | JAXA: N/A
[42841/43848] 2024-11-20 07:00 -> AWS: Success | JAXA: Exists
[42861/43848] 2024-11-21 01:00 -> AWS: Success | JAXA: Exists
[42881/43848] 2024-11-21 23:00 -> AWS: Success | JAXA: N/A
[42901/43848] 2024-11-22 19:00 -> AWS: Success | JAXA: N/A
[42921/43848] 2024-11-23 17:00 -> AWS: Success | JAXA: N/A
[42941/43848] 2024-11-24 13:00 -> AWS: Success | JAXA: N/A
[42961/43848] 2024-11-25 08:00 -> AWS: Success | JAXA: Exists
[42981/43848] 2024-11-26 05:00 -> AWS: Success | JAXA: Exists
[43001/43848] 2024-11-26 22:00 -> AWS: Success | JAXA: N/A
[43021/43848] 2024-11-27 18:00 -> AWS: Success | JAXA: N/A
[43041/43848] 2024-11-28 15:00 -> AWS: Success | JAXA: N/A
[43061/43848] 2024-11-29 12:00 -> AWS: Success | JAXA: N/A
[43081/43848] 2024-11-30 11:00 -> AWS: Success | JAXA: N/A
[43101/43848] 2024-12-01 03:00 -> AWS: Success | JAXA: Exists
[43121/43848] 2024-12-01 23:00 -> AWS: Success | JAXA: N/A
[43141/43848] 2024-12-02 17:00 -> AWS: Success | JAXA: N/A
[43161/43848] 2024-12-03 17:00 -> AWS: Success | JAXA: N/A
[43181/43848] 2024-12-04 13:00 -> AWS: Success | JAXA: N/A
[43201/43848] 2024-12-05 10:00 -> AWS: Success | JAXA: N/A
[43221/43848] 2024-12-04 10:00 -> AWS: Success | JAXA: N/A
[43241/43848] 2024-12-07 01:00 -> AWS: Success | JAXA: Exists
[43261/43848] 2024-12-05 23:00 -> AWS: Success | JAXA: N/A
[43281/43848] 2024-12-08 13:00 -> AWS: Success | JAXA: N/A
[43301/43848] 2024-12-09 10:00 -> AWS: Success | JAXA: N/A
[43321/43848] 2024-12-09 13:00 -> AWS: Success | JAXA: N/A
[43341/43848] 2024-12-11 02:00 -> AWS: Success | JAXA: Exists
[43361/43848] 2024-12-12 00:00 -> AWS: Success | JAXA: Exists
[43381/43848] 2024-12-12 20:00 -> AWS: Success | JAXA: N/A
[43401/43848] 2024-12-13 16:00 -> AWS: Success | JAXA: N/A
[43421/43848] 2024-12-14 12:00 -> AWS: Success | JAXA: N/A
[43441/43848] 2024-12-15 10:00 -> AWS: Success | JAXA: N/A
[43461/43848] 2024-12-16 01:00 -> AWS: Success | JAXA: Exists
[43481/43848] 2024-12-14 07:00 -> AWS: Success | JAXA: Exists
[43501/43848] 2024-12-15 09:00 -> AWS: Success | JAXA: Exists
[43521/43848] 2024-12-18 17:00 -> AWS: Success | JAXA: N/A
[43541/43848] 2024-12-19 11:00 -> AWS: Success | JAXA: N/A
[43561/43848] 2024-12-20 04:00 -> AWS: Success | JAXA: Success
[43581/43848] 2024-12-21 00:00 -> AWS: Success | JAXA: Exists
[43601/43848] 2024-12-19 02:00 -> AWS: Success | JAXA: Exists
[43621/43848] 2024-12-22 21:00 -> AWS: Success | JAXA: N/A
[43641/43848] 2024-12-23 17:00 -> AWS: Success | JAXA: N/A
[43661/43848] 2024-12-24 09:00 -> AWS: Success | JAXA: Exists
[43681/43848] 2024-12-25 04:00 -> AWS: Success | JAXA: Exists
[43701/43848] 2024-12-26 03:00 -> AWS: Success | JAXA: Exists
[43721/43848] 2024-12-24 05:00 -> AWS: Success | JAXA: Exists
[43741/43848] 2024-12-27 21:00 -> AWS: Success | JAXA: N/A
[43761/43848] 2024-12-28 16:00 -> AWS: Success | JAXA: N/A
[43781/43848] 2024-12-29 06:00 -> AWS: Success | JAXA: Exists
[43801/43848] 2024-12-30 06:00 -> AWS: Success | JAXA: Exists
[43821/43848] 2024-12-30 20:00 -> AWS: Success | JAXA: N/A
[43841/43848] 2024-12-30 21:00 -> AWS: Success | JAXA: N/A
