nohup: ignoring input
2025-12-28 22:31:56,213 - INFO - Starting download from 2020-01-01 to 2024-12-31
2025-12-28 22:31:59,254 - INFO - Connected to ftp.ptree.jaxa.jp
2025-12-28 22:32:00,023 - INFO - Skipping NC_H08_20200101_0000_L2ARP030_FLDK.02401_02401.nc (already exists and appears cropped)
2025-12-28 22:32:00,751 - INFO - Skipping NC_H08_20200101_0100_L2ARP030_FLDK.02401_02401.nc (already exists and appears cropped)
2025-12-28 22:32:01,566 - INFO - Skipping NC_H08_20200101_0200_L2ARP030_FLDK.02401_02401.nc (already exists and appears cropped)
2025-12-28 22:32:02,379 - INFO - Skipping NC_H08_20200101_0300_L2ARP030_FLDK.02401_02401.nc (already exists and appears cropped)
2025-12-28 22:32:03,145 - INFO - Skipping NC_H08_20200101_0400_L2ARP030_FLDK.02401_02401.nc (already exists and appears cropped)
2025-12-28 22:32:03,885 - INFO - Skipping NC_H08_20200101_0500_L2ARP030_FLDK.02401_02401.nc (already exists and appears cropped)
2025-12-28 22:32:04,661 - INFO - Skipping NC_H08_20200101_0600_L2ARP030_FLDK.02401_02401.nc (already exists and appears cropped)
2025-12-28 22:32:05,374 - INFO - Skipping NC_H08_20200101_0700_L2ARP030_FLDK.02401_02401.nc (already exists and appears cropped)
2025-12-28 22:32:06,135 - INFO - Skipping NC_H08_20200101_0800_L2ARP030_FLDK.02401_02401.nc (already exists and appears cropped)
2025-12-28 22:32:06,909 - INFO - Skipping NC_H08_20200101_0900_L2ARP030_FLDK.02401_02401.nc (already exists and appears cropped)
2025-12-28 22:32:07,628 - INFO - Skipping NC_H08_20200102_0000_L2ARP030_FLDK.02401_02401.nc (already exists and appears cropped)
2025-12-28 22:32:08,330 - INFO - Skipping NC_H08_20200102_0100_L2ARP030_FLDK.02401_02401.nc (already exists and appears cropped)
2025-12-28 22:32:09,066 - INFO - Skipping NC_H08_20200102_0200_L2ARP030_FLDK.02401_02401.nc (already exists and appears cropped)
2025-12-28 22:32:09,796 - INFO - Skipping NC_H08_20200102_0300_L2ARP030_FLDK.02401_02401.nc (already exists and appears cropped)
2025-12-28 22:32:10,506 - INFO - Skipping NC_H08_20200102_0400_L2ARP030_FLDK.02401_02401.nc (already exists and appears cropped)
2025-12-28 22:32:11,248 - INFO - Skipping NC_H08_20200102_0500_L2ARP030_FLDK.02401_02401.nc (already exists and appears cropped)
2025-12-28 22:32:12,032 - INFO - Skipping NC_H08_20200102_0600_L2ARP030_FLDK.02401_02401.nc (already exists and appears cropped)
2025-12-28 22:32:12,741 - INFO - Skipping NC_H08_20200102_0700_L2ARP030_FLDK.02401_02401.nc (already exists and appears cropped)
2025-12-28 22:32:13,478 - INFO - Skipping NC_H08_20200102_0800_L2ARP030_FLDK.02401_02401.nc (already exists and appears cropped)
2025-12-28 22:32:14,183 - INFO - Skipping NC_H08_20200102_0900_L2ARP030_FLDK.02401_02401.nc (already exists and appears cropped)
2025-12-28 22:32:14,906 - INFO - Skipping NC_H08_20200103_0000_L2ARP030_FLDK.02401_02401.nc (already exists and appears cropped)
2025-12-28 22:32:15,643 - INFO - Skipping NC_H08_20200103_0100_L2ARP030_FLDK.02401_02401.nc (already exists and appears cropped)
2025-12-28 22:32:16,427 - INFO - Skipping NC_H08_20200103_0200_L2ARP030_FLDK.02401_02401.nc (already exists and appears cropped)
2025-12-28 22:32:17,166 - INFO - Skipping NC_H08_20200103_0300_L2ARP030_FLDK.02401_02401.nc (already exists and appears cropped)
2025-12-28 22:32:17,938 - INFO - Skipping NC_H08_20200103_0400_L2ARP030_FLDK.02401_02401.nc (already exists and appears cropped)
2025-12-28 22:32:18,682 - INFO - Skipping NC_H08_20200103_0500_L2ARP030_FLDK.02401_02401.nc (already exists and appears cropped)
2025-12-28 22:32:19,397 - INFO - Skipping NC_H08_20200103_0600_L2ARP030_FLDK.02401_02401.nc (already exists and appears cropped)
2025-12-28 22:32:20,138 - INFO - Skipping NC_H08_20200103_0700_L2ARP030_FLDK.02401_02401.nc (already exists and appears cropped)
2025-12-28 22:32:20,905 - INFO - Skipping NC_H08_20200103_0800_L2ARP030_FLDK.02401_02401.nc (already exists and appears cropped)
2025-12-28 22:32:21,633 - INFO - Skipping NC_H08_20200103_0900_L2ARP030_FLDK.02401_02401.nc (already exists and appears cropped)
2025-12-28 22:32:22,338 - INFO - Skipping NC_H08_20200104_0000_L2ARP030_FLDK.02401_02401.nc (already exists and appears cropped)
2025-12-28 22:32:23,092 - INFO - Skipping NC_H08_20200104_0100_L2ARP030_FLDK.02401_02401.nc (already exists and appears cropped)
2025-12-28 22:32:23,884 - INFO - Skipping NC_H08_20200104_0200_L2ARP030_FLDK.02401_02401.nc (already exists and appears cropped)
2025-12-28 22:32:24,601 - INFO - Skipping NC_H08_20200104_0300_L2ARP030_FLDK.02401_02401.nc (already exists and appears cropped)
2025-12-28 22:32:25,316 - INFO - Skipping NC_H08_20200104_0400_L2ARP030_FLDK.02401_02401.nc (already exists and appears cropped)
2025-12-28 22:32:26,026 - INFO - Skipping NC_H08_20200104_0500_L2ARP030_FLDK.02401_02401.nc (already exists and appears cropped)
2025-12-28 22:32:26,762 - INFO - Skipping NC_H08_20200104_0600_L2ARP030_FLDK.02401_02401.nc (already exists and appears cropped)
2025-12-28 22:32:27,466 - INFO - Skipping NC_H08_20200104_0700_L2ARP030_FLDK.02401_02401.nc (already exists and appears cropped)
2025-12-28 22:32:28,193 - INFO - Skipping NC_H08_20200104_0800_L2ARP030_FLDK.02401_02401.nc (already exists and appears cropped)
2025-12-28 22:32:28,907 - INFO - Skipping NC_H08_20200104_0900_L2ARP030_FLDK.02401_02401.nc (already exists and appears cropped)
2025-12-28 22:32:29,636 - INFO - Skipping NC_H08_20200105_0000_L2ARP030_FLDK.02401_02401.nc (already exists and appears cropped)
2025-12-28 22:32:30,346 - INFO - Skipping NC_H08_20200105_0100_L2ARP030_FLDK.02401_02401.nc (already exists and appears cropped)
2025-12-28 22:32:31,079 - INFO - Skipping NC_H08_20200105_0200_L2ARP030_FLDK.02401_02401.nc (already exists and appears cropped)
2025-12-28 22:32:31,797 - INFO - Skipping NC_H08_20200105_0300_L2ARP030_FLDK.02401_02401.nc (already exists and appears cropped)
2025-12-28 22:32:32,505 - INFO - Skipping NC_H08_20200105_0400_L2ARP030_FLDK.02401_02401.nc (already exists and appears cropped)
2025-12-28 22:32:33,236 - INFO - Skipping NC_H08_20200105_0500_L2ARP030_FLDK.02401_02401.nc (already exists and appears cropped)
2025-12-28 22:32:33,972 - INFO - Skipping NC_H08_20200105_0600_L2ARP030_FLDK.02401_02401.nc (already exists and appears cropped)
2025-12-28 22:32:34,669 - INFO - Skipping NC_H08_20200105_0700_L2ARP030_FLDK.02401_02401.nc (already exists and appears cropped)
2025-12-28 22:32:35,388 - INFO - Skipping NC_H08_20200105_0800_L2ARP030_FLDK.02401_02401.nc (already exists and appears cropped)
2025-12-28 22:32:36,187 - INFO - Skipping NC_H08_20200105_0900_L2ARP030_FLDK.02401_02401.nc (already exists and appears cropped)
2025-12-28 22:32:36,911 - INFO - Skipping NC_H08_20200106_0000_L2ARP030_FLDK.02401_02401.nc (already exists and appears cropped)
2025-12-28 22:32:37,631 - INFO - Skipping NC_H08_20200106_0100_L2ARP030_FLDK.02401_02401.nc (already exists and appears cropped)
2025-12-28 22:32:38,353 - INFO - Skipping NC_H08_20200106_0200_L2ARP030_FLDK.02401_02401.nc (already exists and appears cropped)
2025-12-28 22:32:39,247 - INFO - Skipping NC_H08_20200106_0300_L2ARP030_FLDK.02401_02401.nc (already exists and appears cropped)
2025-12-28 22:32:40,100 - INFO - Skipping NC_H08_20200106_0400_L2ARP030_FLDK.02401_02401.nc (already exists and appears cropped)
2025-12-28 22:32:40,846 - INFO - Skipping NC_H08_20200106_0500_L2ARP030_FLDK.02401_02401.nc (already exists and appears cropped)
2025-12-28 22:32:41,562 - INFO - Skipping NC_H08_20200106_0600_L2ARP030_FLDK.02401_02401.nc (already exists and appears cropped)
2025-12-28 22:32:42,273 - INFO - Skipping NC_H08_20200106_0700_L2ARP030_FLDK.02401_02401.nc (already exists and appears cropped)
2025-12-28 22:32:42,999 - INFO - Skipping NC_H08_20200106_0800_L2ARP030_FLDK.02401_02401.nc (already exists and appears cropped)
2025-12-28 22:32:43,754 - INFO - Skipping NC_H08_20200106_0900_L2ARP030_FLDK.02401_02401.nc (already exists and appears cropped)
2025-12-28 22:32:44,512 - INFO - Skipping NC_H08_20200107_0000_L2ARP030_FLDK.02401_02401.nc (already exists and appears cropped)
2025-12-28 22:32:45,245 - INFO - Skipping NC_H08_20200107_0100_L2ARP030_FLDK.02401_02401.nc (already exists and appears cropped)
2025-12-28 22:32:45,953 - INFO - Skipping NC_H08_20200107_0200_L2ARP030_FLDK.02401_02401.nc (already exists and appears cropped)
2025-12-28 22:32:46,671 - INFO - Skipping NC_H08_20200107_0300_L2ARP030_FLDK.02401_02401.nc (already exists and appears cropped)
2025-12-28 22:32:47,426 - INFO - Skipping NC_H08_20200107_0400_L2ARP030_FLDK.02401_02401.nc (already exists and appears cropped)
2025-12-28 22:32:48,137 - INFO - Skipping NC_H08_20200107_0500_L2ARP030_FLDK.02401_02401.nc (already exists and appears cropped)
2025-12-28 22:32:48,863 - INFO - Skipping NC_H08_20200107_0600_L2ARP030_FLDK.02401_02401.nc (already exists and appears cropped)
2025-12-28 22:32:49,572 - INFO - Skipping NC_H08_20200107_0700_L2ARP030_FLDK.02401_02401.nc (already exists and appears cropped)
2025-12-28 22:32:50,328 - INFO - Skipping NC_H08_20200107_0800_L2ARP030_FLDK.02401_02401.nc (already exists and appears cropped)
2025-12-28 22:32:51,100 - INFO - Skipping NC_H08_20200107_0900_L2ARP030_FLDK.02401_02401.nc (already exists and appears cropped)
2025-12-28 22:32:51,825 - INFO - Skipping NC_H08_20200108_0000_L2ARP030_FLDK.02401_02401.nc (already exists and appears cropped)
2025-12-28 22:32:52,543 - INFO - Skipping NC_H08_20200108_0100_L2ARP030_FLDK.02401_02401.nc (already exists and appears cropped)
2025-12-28 22:32:53,264 - INFO - Skipping NC_H08_20200108_0200_L2ARP030_FLDK.02401_02401.nc (already exists and appears cropped)
2025-12-28 22:32:53,996 - INFO - Skipping NC_H08_20200108_0300_L2ARP030_FLDK.02401_02401.nc (already exists and appears cropped)
2025-12-28 22:32:54,782 - INFO - Skipping NC_H08_20200108_0400_L2ARP030_FLDK.02401_02401.nc (already exists and appears cropped)
2025-12-28 22:32:55,508 - INFO - Skipping NC_H08_20200108_0500_L2ARP030_FLDK.02401_02401.nc (already exists and appears cropped)
2025-12-28 22:32:56,243 - INFO - Skipping NC_H08_20200108_0600_L2ARP030_FLDK.02401_02401.nc (already exists and appears cropped)
2025-12-28 22:32:56,948 - INFO - Skipping NC_H08_20200108_0700_L2ARP030_FLDK.02401_02401.nc (already exists and appears cropped)
2025-12-28 22:32:57,682 - INFO - Skipping NC_H08_20200108_0800_L2ARP030_FLDK.02401_02401.nc (already exists and appears cropped)
2025-12-28 22:32:58,436 - INFO - Skipping NC_H08_20200108_0900_L2ARP030_FLDK.02401_02401.nc (already exists and appears cropped)
2025-12-28 22:32:59,178 - INFO - Skipping NC_H08_20200109_0000_L2ARP030_FLDK.02401_02401.nc (already exists and appears cropped)
2025-12-28 22:32:59,906 - INFO - Skipping NC_H08_20200109_0100_L2ARP030_FLDK.02401_02401.nc (already exists and appears cropped)
2025-12-28 22:33:00,625 - INFO - Skipping NC_H08_20200109_0200_L2ARP030_FLDK.02401_02401.nc (already exists and appears cropped)
2025-12-28 22:33:01,347 - INFO - Skipping NC_H08_20200109_0300_L2ARP030_FLDK.02401_02401.nc (already exists and appears cropped)
2025-12-28 22:33:02,075 - INFO - Skipping NC_H08_20200109_0400_L2ARP030_FLDK.02401_02401.nc (already exists and appears cropped)
2025-12-28 22:33:02,823 - INFO - Skipping NC_H08_20200109_0500_L2ARP030_FLDK.02401_02401.nc (already exists and appears cropped)
2025-12-28 22:33:03,622 - INFO - Skipping NC_H08_20200109_0600_L2ARP030_FLDK.02401_02401.nc (already exists and appears cropped)
2025-12-28 22:33:04,388 - INFO - Skipping NC_H08_20200109_0700_L2ARP030_FLDK.02401_02401.nc (already exists and appears cropped)
2025-12-28 22:33:05,110 - INFO - Skipping NC_H08_20200109_0800_L2ARP030_FLDK.02401_02401.nc (already exists and appears cropped)
2025-12-28 22:33:05,826 - INFO - Skipping NC_H08_20200109_0900_L2ARP030_FLDK.02401_02401.nc (already exists and appears cropped)
2025-12-28 22:33:06,600 - INFO - Skipping NC_H08_20200110_0000_L2ARP030_FLDK.02401_02401.nc (already exists and appears cropped)
2025-12-28 22:33:07,360 - INFO - Skipping NC_H08_20200110_0100_L2ARP030_FLDK.02401_02401.nc (already exists and appears cropped)
2025-12-28 22:33:08,098 - INFO - Skipping NC_H08_20200110_0200_L2ARP030_FLDK.02401_02401.nc (already exists and appears cropped)
2025-12-28 22:33:08,887 - INFO - Skipping NC_H08_20200110_0300_L2ARP030_FLDK.02401_02401.nc (already exists and appears cropped)
2025-12-28 22:33:09,592 - INFO - Skipping NC_H08_20200110_0400_L2ARP030_FLDK.02401_02401.nc (already exists and appears cropped)
2025-12-28 22:33:10,313 - INFO - Skipping NC_H08_20200110_0500_L2ARP030_FLDK.02401_02401.nc (already exists and appears cropped)
2025-12-28 22:33:11,027 - INFO - Skipping NC_H08_20200110_0600_L2ARP030_FLDK.02401_02401.nc (already exists and appears cropped)
2025-12-28 22:33:11,748 - INFO - Skipping NC_H08_20200110_0700_L2ARP030_FLDK.02401_02401.nc (already exists and appears cropped)
2025-12-28 22:33:12,580 - INFO - Skipping NC_H08_20200110_0800_L2ARP030_FLDK.02401_02401.nc (already exists and appears cropped)
2025-12-28 22:33:13,476 - INFO - Skipping NC_H08_20200110_0900_L2ARP030_FLDK.02401_02401.nc (already exists and appears cropped)
2025-12-28 22:33:14,235 - INFO - Skipping NC_H08_20200111_0000_L2ARP030_FLDK.02401_02401.nc (already exists and appears cropped)
2025-12-28 22:33:14,950 - INFO - Skipping NC_H08_20200111_0100_L2ARP030_FLDK.02401_02401.nc (already exists and appears cropped)
2025-12-28 22:33:15,675 - INFO - Skipping NC_H08_20200111_0200_L2ARP030_FLDK.02401_02401.nc (already exists and appears cropped)
2025-12-28 22:33:16,403 - INFO - Skipping NC_H08_20200111_0300_L2ARP030_FLDK.02401_02401.nc (already exists and appears cropped)
2025-12-28 22:33:17,132 - INFO - Skipping NC_H08_20200111_0400_L2ARP030_FLDK.02401_02401.nc (already exists and appears cropped)
2025-12-28 22:33:17,833 - INFO - Skipping NC_H08_20200111_0500_L2ARP030_FLDK.02401_02401.nc (already exists and appears cropped)
2025-12-28 22:33:18,554 - INFO - Skipping NC_H08_20200111_0600_L2ARP030_FLDK.02401_02401.nc (already exists and appears cropped)
2025-12-28 22:33:19,280 - INFO - Skipping NC_H08_20200111_0700_L2ARP030_FLDK.02401_02401.nc (already exists and appears cropped)
2025-12-28 22:33:20,001 - INFO - Skipping NC_H08_20200111_0800_L2ARP030_FLDK.02401_02401.nc (already exists and appears cropped)
2025-12-28 22:33:20,795 - INFO - Skipping NC_H08_20200111_0900_L2ARP030_FLDK.02401_02401.nc (already exists and appears cropped)
2025-12-28 22:33:21,527 - INFO - Skipping NC_H08_20200112_0000_L2ARP030_FLDK.02401_02401.nc (already exists and appears cropped)
2025-12-28 22:33:22,327 - INFO - Skipping NC_H08_20200112_0100_L2ARP030_FLDK.02401_02401.nc (already exists and appears cropped)
2025-12-28 22:33:23,042 - INFO - Skipping NC_H08_20200112_0200_L2ARP030_FLDK.02401_02401.nc (already exists and appears cropped)
2025-12-28 22:33:23,831 - INFO - Skipping NC_H08_20200112_0300_L2ARP030_FLDK.02401_02401.nc (already exists and appears cropped)
2025-12-28 22:33:24,552 - INFO - Skipping NC_H08_20200112_0400_L2ARP030_FLDK.02401_02401.nc (already exists and appears cropped)
2025-12-28 22:33:25,301 - INFO - Skipping NC_H08_20200112_0500_L2ARP030_FLDK.02401_02401.nc (already exists and appears cropped)
2025-12-28 22:33:26,236 - INFO - Skipping NC_H08_20200112_0600_L2ARP030_FLDK.02401_02401.nc (already exists and appears cropped)
2025-12-28 22:33:26,967 - INFO - Skipping NC_H08_20200112_0700_L2ARP030_FLDK.02401_02401.nc (already exists and appears cropped)
2025-12-28 22:33:27,679 - INFO - Skipping NC_H08_20200112_0800_L2ARP030_FLDK.02401_02401.nc (already exists and appears cropped)
2025-12-28 22:33:28,399 - INFO - Skipping NC_H08_20200112_0900_L2ARP030_FLDK.02401_02401.nc (already exists and appears cropped)
2025-12-28 22:33:29,118 - INFO - Skipping NC_H08_20200113_0000_L2ARP030_FLDK.02401_02401.nc (already exists and appears cropped)
2025-12-28 22:33:30,060 - INFO - Skipping NC_H08_20200113_0100_L2ARP030_FLDK.02401_02401.nc (already exists and appears cropped)
2025-12-28 22:33:30,784 - INFO - No minute 00 files found in /pub/himawari/L2/ARP/030/202001/13/02/
2025-12-28 22:33:31,531 - INFO - Skipping NC_H08_20200113_0300_L2ARP030_FLDK.02401_02401.nc (already exists and appears cropped)
2025-12-28 22:33:32,246 - INFO - Skipping NC_H08_20200113_0400_L2ARP030_FLDK.02401_02401.nc (already exists and appears cropped)
2025-12-28 22:33:32,943 - INFO - Skipping NC_H08_20200113_0500_L2ARP030_FLDK.02401_02401.nc (already exists and appears cropped)
2025-12-28 22:33:33,669 - INFO - Skipping NC_H08_20200113_0600_L2ARP030_FLDK.02401_02401.nc (already exists and appears cropped)
2025-12-28 22:33:34,407 - INFO - Skipping NC_H08_20200113_0700_L2ARP030_FLDK.02401_02401.nc (already exists and appears cropped)
2025-12-28 22:33:35,123 - INFO - Skipping NC_H08_20200113_0800_L2ARP030_FLDK.02401_02401.nc (already exists and appears cropped)
2025-12-28 22:33:35,846 - INFO - Skipping NC_H08_20200113_0900_L2ARP030_FLDK.02401_02401.nc (already exists and appears cropped)
2025-12-28 22:33:36,557 - INFO - Skipping NC_H08_20200114_0000_L2ARP030_FLDK.02401_02401.nc (already exists and appears cropped)
2025-12-28 22:33:37,273 - INFO - Skipping NC_H08_20200114_0100_L2ARP030_FLDK.02401_02401.nc (already exists and appears cropped)
2025-12-28 22:33:38,015 - INFO - Skipping NC_H08_20200114_0200_L2ARP030_FLDK.02401_02401.nc (already exists and appears cropped)
2025-12-28 22:33:38,729 - INFO - Skipping NC_H08_20200114_0300_L2ARP030_FLDK.02401_02401.nc (already exists and appears cropped)
2025-12-28 22:33:39,445 - INFO - Skipping NC_H08_20200114_0400_L2ARP030_FLDK.02401_02401.nc (already exists and appears cropped)
2025-12-28 22:33:40,173 - INFO - Skipping NC_H08_20200114_0500_L2ARP030_FLDK.02401_02401.nc (already exists and appears cropped)
2025-12-28 22:33:40,876 - INFO - Skipping NC_H08_20200114_0600_L2ARP030_FLDK.02401_02401.nc (already exists and appears cropped)
2025-12-28 22:33:41,603 - INFO - Skipping NC_H08_20200114_0700_L2ARP030_FLDK.02401_02401.nc (already exists and appears cropped)
2025-12-28 22:33:42,306 - INFO - Skipping NC_H08_20200114_0800_L2ARP030_FLDK.02401_02401.nc (already exists and appears cropped)
2025-12-28 22:33:43,047 - INFO - Skipping NC_H08_20200114_0900_L2ARP030_FLDK.02401_02401.nc (already exists and appears cropped)
2025-12-28 22:33:43,783 - INFO - Skipping NC_H08_20200115_0000_L2ARP030_FLDK.02401_02401.nc (already exists and appears cropped)
2025-12-28 22:33:44,579 - INFO - Skipping NC_H08_20200115_0100_L2ARP030_FLDK.02401_02401.nc (already exists and appears cropped)
2025-12-28 22:33:45,278 - INFO - Skipping NC_H08_20200115_0200_L2ARP030_FLDK.02401_02401.nc (already exists and appears cropped)
2025-12-28 22:33:46,017 - INFO - Skipping NC_H08_20200115_0300_L2ARP030_FLDK.02401_02401.nc (already exists and appears cropped)
2025-12-28 22:33:46,708 - INFO - Skipping NC_H08_20200115_0400_L2ARP030_FLDK.02401_02401.nc (already exists and appears cropped)
2025-12-28 22:33:47,443 - INFO - Skipping NC_H08_20200115_0500_L2ARP030_FLDK.02401_02401.nc (already exists and appears cropped)
2025-12-28 22:33:48,162 - INFO - Skipping NC_H08_20200115_0600_L2ARP030_FLDK.02401_02401.nc (already exists and appears cropped)
2025-12-28 22:33:48,895 - INFO - Skipping NC_H08_20200115_0700_L2ARP030_FLDK.02401_02401.nc (already exists and appears cropped)
2025-12-28 22:33:49,596 - INFO - Skipping NC_H08_20200115_0800_L2ARP030_FLDK.02401_02401.nc (already exists and appears cropped)
2025-12-28 22:33:50,319 - INFO - Skipping NC_H08_20200115_0900_L2ARP030_FLDK.02401_02401.nc (already exists and appears cropped)
2025-12-28 22:33:51,046 - INFO - Skipping NC_H08_20200116_0000_L2ARP030_FLDK.02401_02401.nc (already exists and appears cropped)
2025-12-28 22:33:51,761 - INFO - Skipping NC_H08_20200116_0100_L2ARP030_FLDK.02401_02401.nc (already exists and appears cropped)
2025-12-28 22:33:52,490 - INFO - Skipping NC_H08_20200116_0200_L2ARP030_FLDK.02401_02401.nc (already exists and appears cropped)
2025-12-28 22:33:53,213 - INFO - Skipping NC_H08_20200116_0300_L2ARP030_FLDK.02401_02401.nc (already exists and appears cropped)
2025-12-28 22:33:53,926 - INFO - Skipping NC_H08_20200116_0400_L2ARP030_FLDK.02401_02401.nc (already exists and appears cropped)
2025-12-28 22:33:54,655 - INFO - Skipping NC_H08_20200116_0500_L2ARP030_FLDK.02401_02401.nc (already exists and appears cropped)
2025-12-28 22:33:55,361 - INFO - Skipping NC_H08_20200116_0600_L2ARP030_FLDK.02401_02401.nc (already exists and appears cropped)
2025-12-28 22:33:56,081 - INFO - Skipping NC_H08_20200116_0700_L2ARP030_FLDK.02401_02401.nc (already exists and appears cropped)
2025-12-28 22:33:56,798 - INFO - Skipping NC_H08_20200116_0800_L2ARP030_FLDK.02401_02401.nc (already exists and appears cropped)
2025-12-28 22:33:57,530 - INFO - Skipping NC_H08_20200116_0900_L2ARP030_FLDK.02401_02401.nc (already exists and appears cropped)
2025-12-28 22:33:58,238 - INFO - Skipping NC_H08_20200117_0000_L2ARP030_FLDK.02401_02401.nc (already exists and appears cropped)
2025-12-28 22:33:58,959 - INFO - Skipping NC_H08_20200117_0100_L2ARP030_FLDK.02401_02401.nc (already exists and appears cropped)
2025-12-28 22:33:59,727 - INFO - Skipping NC_H08_20200117_0200_L2ARP030_FLDK.02401_02401.nc (already exists and appears cropped)
2025-12-28 22:34:00,493 - INFO - Skipping NC_H08_20200117_0300_L2ARP030_FLDK.02401_02401.nc (already exists and appears cropped)
2025-12-28 22:34:01,210 - INFO - Skipping NC_H08_20200117_0400_L2ARP030_FLDK.02401_02401.nc (already exists and appears cropped)
2025-12-28 22:34:01,939 - INFO - Skipping NC_H08_20200117_0500_L2ARP030_FLDK.02401_02401.nc (already exists and appears cropped)
2025-12-28 22:34:02,646 - INFO - Skipping NC_H08_20200117_0600_L2ARP030_FLDK.02401_02401.nc (already exists and appears cropped)
2025-12-28 22:34:03,372 - INFO - Skipping NC_H08_20200117_0700_L2ARP030_FLDK.02401_02401.nc (already exists and appears cropped)
2025-12-28 22:34:04,094 - INFO - Skipping NC_H08_20200117_0800_L2ARP030_FLDK.02401_02401.nc (already exists and appears cropped)
2025-12-28 22:34:04,807 - INFO - Skipping NC_H08_20200117_0900_L2ARP030_FLDK.02401_02401.nc (already exists and appears cropped)
2025-12-28 22:34:05,561 - INFO - Skipping NC_H08_20200118_0000_L2ARP030_FLDK.02401_02401.nc (already exists and appears cropped)
2025-12-28 22:34:06,341 - INFO - Skipping NC_H08_20200118_0100_L2ARP030_FLDK.02401_02401.nc (already exists and appears cropped)
2025-12-28 22:34:07,046 - INFO - Skipping NC_H08_20200118_0200_L2ARP030_FLDK.02401_02401.nc (already exists and appears cropped)
2025-12-28 22:34:07,780 - INFO - Skipping NC_H08_20200118_0300_L2ARP030_FLDK.02401_02401.nc (already exists and appears cropped)
2025-12-28 22:34:08,498 - INFO - Skipping NC_H08_20200118_0400_L2ARP030_FLDK.02401_02401.nc (already exists and appears cropped)
2025-12-28 22:34:09,212 - INFO - Skipping NC_H08_20200118_0500_L2ARP030_FLDK.02401_02401.nc (already exists and appears cropped)
2025-12-28 22:34:09,922 - INFO - Skipping NC_H08_20200118_0600_L2ARP030_FLDK.02401_02401.nc (already exists and appears cropped)
2025-12-28 22:34:10,650 - INFO - Skipping NC_H08_20200118_0700_L2ARP030_FLDK.02401_02401.nc (already exists and appears cropped)
2025-12-28 22:34:11,398 - INFO - Skipping NC_H08_20200118_0800_L2ARP030_FLDK.02401_02401.nc (already exists and appears cropped)
2025-12-28 22:34:12,176 - INFO - Skipping NC_H08_20200118_0900_L2ARP030_FLDK.02401_02401.nc (already exists and appears cropped)
2025-12-28 22:34:12,893 - INFO - Skipping NC_H08_20200119_0000_L2ARP030_FLDK.02401_02401.nc (already exists and appears cropped)
2025-12-28 22:34:13,604 - INFO - Skipping NC_H08_20200119_0100_L2ARP030_FLDK.02401_02401.nc (already exists and appears cropped)
2025-12-28 22:34:14,324 - INFO - Skipping NC_H08_20200119_0200_L2ARP030_FLDK.02401_02401.nc (already exists and appears cropped)
2025-12-28 22:34:15,055 - INFO - Skipping NC_H08_20200119_0300_L2ARP030_FLDK.02401_02401.nc (already exists and appears cropped)
2025-12-28 22:34:15,778 - INFO - Skipping NC_H08_20200119_0400_L2ARP030_FLDK.02401_02401.nc (already exists and appears cropped)
2025-12-28 22:34:16,496 - INFO - Skipping NC_H08_20200119_0500_L2ARP030_FLDK.02401_02401.nc (already exists and appears cropped)
2025-12-28 22:34:17,207 - INFO - Skipping NC_H08_20200119_0600_L2ARP030_FLDK.02401_02401.nc (already exists and appears cropped)
2025-12-28 22:34:17,954 - INFO - Skipping NC_H08_20200119_0700_L2ARP030_FLDK.02401_02401.nc (already exists and appears cropped)
2025-12-28 22:34:18,733 - INFO - Skipping NC_H08_20200119_0800_L2ARP030_FLDK.02401_02401.nc (already exists and appears cropped)
2025-12-28 22:34:19,459 - INFO - Skipping NC_H08_20200119_0900_L2ARP030_FLDK.02401_02401.nc (already exists and appears cropped)
2025-12-28 22:34:20,171 - INFO - Skipping NC_H08_20200120_0000_L2ARP030_FLDK.02401_02401.nc (already exists and appears cropped)
2025-12-28 22:34:20,922 - INFO - Skipping NC_H08_20200120_0100_L2ARP030_FLDK.02401_02401.nc (already exists and appears cropped)
2025-12-28 22:34:21,701 - INFO - Skipping NC_H08_20200120_0200_L2ARP030_FLDK.02401_02401.nc (already exists and appears cropped)
2025-12-28 22:34:22,424 - INFO - Skipping NC_H08_20200120_0300_L2ARP030_FLDK.02401_02401.nc (already exists and appears cropped)
2025-12-28 22:34:23,124 - INFO - Skipping NC_H08_20200120_0400_L2ARP030_FLDK.02401_02401.nc (already exists and appears cropped)
2025-12-28 22:34:23,861 - INFO - Skipping NC_H08_20200120_0500_L2ARP030_FLDK.02401_02401.nc (already exists and appears cropped)
2025-12-28 22:34:24,575 - INFO - Skipping NC_H08_20200120_0600_L2ARP030_FLDK.02401_02401.nc (already exists and appears cropped)
2025-12-28 22:34:25,286 - INFO - Skipping NC_H08_20200120_0700_L2ARP030_FLDK.02401_02401.nc (already exists and appears cropped)
2025-12-28 22:34:26,023 - INFO - Skipping NC_H08_20200120_0800_L2ARP030_FLDK.02401_02401.nc (already exists and appears cropped)
2025-12-28 22:34:26,722 - INFO - Skipping NC_H08_20200120_0900_L2ARP030_FLDK.02401_02401.nc (already exists and appears cropped)
2025-12-28 22:34:27,460 - INFO - Skipping NC_H08_20200121_0000_L2ARP030_FLDK.02401_02401.nc (already exists and appears cropped)
2025-12-28 22:34:28,179 - INFO - Skipping NC_H08_20200121_0100_L2ARP030_FLDK.02401_02401.nc (already exists and appears cropped)
2025-12-28 22:34:28,893 - INFO - Skipping NC_H08_20200121_0200_L2ARP030_FLDK.02401_02401.nc (already exists and appears cropped)
2025-12-28 22:34:29,614 - INFO - Skipping NC_H08_20200121_0300_L2ARP030_FLDK.02401_02401.nc (already exists and appears cropped)
2025-12-28 22:34:30,325 - INFO - Skipping NC_H08_20200121_0400_L2ARP030_FLDK.02401_02401.nc (already exists and appears cropped)
2025-12-28 22:34:31,085 - INFO - Skipping NC_H08_20200121_0500_L2ARP030_FLDK.02401_02401.nc (already exists and appears cropped)
2025-12-28 22:34:31,854 - INFO - Skipping NC_H08_20200121_0600_L2ARP030_FLDK.02401_02401.nc (already exists and appears cropped)
2025-12-28 22:34:32,594 - INFO - Skipping NC_H08_20200121_0700_L2ARP030_FLDK.02401_02401.nc (already exists and appears cropped)
2025-12-28 22:34:33,378 - INFO - Skipping NC_H08_20200121_0800_L2ARP030_FLDK.02401_02401.nc (already exists and appears cropped)
2025-12-28 22:34:34,083 - INFO - Skipping NC_H08_20200121_0900_L2ARP030_FLDK.02401_02401.nc (already exists and appears cropped)
2025-12-28 22:34:34,804 - INFO - Skipping NC_H08_20200122_0000_L2ARP030_FLDK.02401_02401.nc (already exists and appears cropped)
2025-12-28 22:34:35,554 - INFO - Skipping NC_H08_20200122_0100_L2ARP030_FLDK.02401_02401.nc (already exists and appears cropped)
2025-12-28 22:34:36,374 - INFO - Skipping NC_H08_20200122_0200_L2ARP030_FLDK.02401_02401.nc (already exists and appears cropped)
2025-12-28 22:34:37,176 - INFO - Skipping NC_H08_20200122_0300_L2ARP030_FLDK.02401_02401.nc (already exists and appears cropped)
2025-12-28 22:34:37,928 - INFO - Skipping NC_H08_20200122_0400_L2ARP030_FLDK.02401_02401.nc (already exists and appears cropped)
2025-12-28 22:34:38,676 - INFO - Skipping NC_H08_20200122_0500_L2ARP030_FLDK.02401_02401.nc (already exists and appears cropped)
2025-12-28 22:34:39,391 - INFO - Skipping NC_H08_20200122_0600_L2ARP030_FLDK.02401_02401.nc (already exists and appears cropped)
2025-12-28 22:34:40,086 - INFO - Skipping NC_H08_20200122_0700_L2ARP030_FLDK.02401_02401.nc (already exists and appears cropped)
2025-12-28 22:34:40,821 - INFO - Skipping NC_H08_20200122_0800_L2ARP030_FLDK.02401_02401.nc (already exists and appears cropped)
2025-12-28 22:34:41,536 - INFO - Skipping NC_H08_20200122_0900_L2ARP030_FLDK.02401_02401.nc (already exists and appears cropped)
2025-12-28 22:34:42,293 - INFO - Skipping NC_H08_20200123_0000_L2ARP030_FLDK.02401_02401.nc (already exists and appears cropped)
2025-12-28 22:34:43,064 - INFO - Skipping NC_H08_20200123_0100_L2ARP030_FLDK.02401_02401.nc (already exists and appears cropped)
2025-12-28 22:34:43,777 - INFO - Skipping NC_H08_20200123_0200_L2ARP030_FLDK.02401_02401.nc (already exists and appears cropped)
2025-12-28 22:34:44,505 - INFO - Skipping NC_H08_20200123_0300_L2ARP030_FLDK.02401_02401.nc (already exists and appears cropped)
2025-12-28 22:34:45,229 - INFO - Skipping NC_H08_20200123_0400_L2ARP030_FLDK.02401_02401.nc (already exists and appears cropped)
2025-12-28 22:34:45,943 - INFO - Skipping NC_H08_20200123_0500_L2ARP030_FLDK.02401_02401.nc (already exists and appears cropped)
2025-12-28 22:34:46,673 - INFO - Skipping NC_H08_20200123_0600_L2ARP030_FLDK.02401_02401.nc (already exists and appears cropped)
2025-12-28 22:34:47,493 - INFO - Skipping NC_H08_20200123_0700_L2ARP030_FLDK.02401_02401.nc (already exists and appears cropped)
2025-12-28 22:34:48,258 - INFO - Skipping NC_H08_20200123_0800_L2ARP030_FLDK.02401_02401.nc (already exists and appears cropped)
2025-12-28 22:34:48,976 - INFO - Skipping NC_H08_20200123_0900_L2ARP030_FLDK.02401_02401.nc (already exists and appears cropped)
2025-12-28 22:34:49,705 - INFO - Skipping NC_H08_20200124_0000_L2ARP030_FLDK.02401_02401.nc (already exists and appears cropped)
2025-12-28 22:34:50,416 - INFO - Skipping NC_H08_20200124_0100_L2ARP030_FLDK.02401_02401.nc (already exists and appears cropped)
2025-12-28 22:34:51,139 - INFO - Skipping NC_H08_20200124_0200_L2ARP030_FLDK.02401_02401.nc (already exists and appears cropped)
2025-12-28 22:34:51,867 - INFO - Skipping NC_H08_20200124_0300_L2ARP030_FLDK.02401_02401.nc (already exists and appears cropped)
2025-12-28 22:34:52,602 - INFO - Skipping NC_H08_20200124_0400_L2ARP030_FLDK.02401_02401.nc (already exists and appears cropped)
2025-12-28 22:34:53,295 - INFO - Skipping NC_H08_20200124_0500_L2ARP030_FLDK.02401_02401.nc (already exists and appears cropped)
2025-12-28 22:34:54,044 - INFO - Skipping NC_H08_20200124_0600_L2ARP030_FLDK.02401_02401.nc (already exists and appears cropped)
2025-12-28 22:34:54,737 - INFO - Skipping NC_H08_20200124_0700_L2ARP030_FLDK.02401_02401.nc (already exists and appears cropped)
2025-12-28 22:34:55,464 - INFO - Skipping NC_H08_20200124_0800_L2ARP030_FLDK.02401_02401.nc (already exists and appears cropped)
2025-12-28 22:34:56,214 - INFO - Skipping NC_H08_20200124_0900_L2ARP030_FLDK.02401_02401.nc (already exists and appears cropped)
2025-12-28 22:34:57,001 - INFO - Skipping NC_H08_20200125_0000_L2ARP030_FLDK.02401_02401.nc (already exists and appears cropped)
2025-12-28 22:34:57,776 - INFO - Skipping NC_H08_20200125_0100_L2ARP030_FLDK.02401_02401.nc (already exists and appears cropped)
2025-12-28 22:34:58,499 - INFO - Skipping NC_H08_20200125_0200_L2ARP030_FLDK.02401_02401.nc (already exists and appears cropped)
2025-12-28 22:34:59,247 - INFO - Skipping NC_H08_20200125_0300_L2ARP030_FLDK.02401_02401.nc (already exists and appears cropped)
2025-12-28 22:35:00,023 - INFO - Skipping NC_H08_20200125_0400_L2ARP030_FLDK.02401_02401.nc (already exists and appears cropped)
2025-12-28 22:35:00,747 - INFO - Skipping NC_H08_20200125_0500_L2ARP030_FLDK.02401_02401.nc (already exists and appears cropped)
2025-12-28 22:35:01,465 - INFO - Skipping NC_H08_20200125_0600_L2ARP030_FLDK.02401_02401.nc (already exists and appears cropped)
2025-12-28 22:35:02,209 - INFO - Skipping NC_H08_20200125_0700_L2ARP030_FLDK.02401_02401.nc (already exists and appears cropped)
2025-12-28 22:35:02,983 - INFO - Skipping NC_H08_20200125_0800_L2ARP030_FLDK.02401_02401.nc (already exists and appears cropped)
2025-12-28 22:35:03,711 - INFO - Skipping NC_H08_20200125_0900_L2ARP030_FLDK.02401_02401.nc (already exists and appears cropped)
2025-12-28 22:35:04,436 - INFO - Skipping NC_H08_20200126_0000_L2ARP030_FLDK.02401_02401.nc (already exists and appears cropped)
2025-12-28 22:35:05,189 - INFO - Skipping NC_H08_20200126_0100_L2ARP030_FLDK.02401_02401.nc (already exists and appears cropped)
2025-12-28 22:35:05,956 - INFO - Skipping NC_H08_20200126_0200_L2ARP030_FLDK.02401_02401.nc (already exists and appears cropped)
2025-12-28 22:35:06,660 - INFO - Skipping NC_H08_20200126_0300_L2ARP030_FLDK.02401_02401.nc (already exists and appears cropped)
2025-12-28 22:35:07,381 - INFO - Skipping NC_H08_20200126_0400_L2ARP030_FLDK.02401_02401.nc (already exists and appears cropped)
2025-12-28 22:35:08,136 - INFO - Skipping NC_H08_20200126_0500_L2ARP030_FLDK.02401_02401.nc (already exists and appears cropped)
2025-12-28 22:35:08,899 - INFO - Skipping NC_H08_20200126_0600_L2ARP030_FLDK.02401_02401.nc (already exists and appears cropped)
2025-12-28 22:35:09,629 - INFO - Skipping NC_H08_20200126_0700_L2ARP030_FLDK.02401_02401.nc (already exists and appears cropped)
2025-12-28 22:35:10,364 - INFO - Skipping NC_H08_20200126_0800_L2ARP030_FLDK.02401_02401.nc (already exists and appears cropped)
2025-12-28 22:35:11,061 - INFO - Skipping NC_H08_20200126_0900_L2ARP030_FLDK.02401_02401.nc (already exists and appears cropped)
2025-12-28 22:35:11,783 - INFO - Skipping NC_H08_20200127_0000_L2ARP030_FLDK.02401_02401.nc (already exists and appears cropped)
2025-12-28 22:35:12,420 - INFO - No minute 00 files found in /pub/himawari/L2/ARP/030/202001/27/01/
2025-12-28 22:35:13,165 - INFO - Skipping NC_H08_20200127_0200_L2ARP030_FLDK.02401_02401.nc (already exists and appears cropped)
2025-12-28 22:35:13,875 - INFO - Skipping NC_H08_20200127_0300_L2ARP030_FLDK.02401_02401.nc (already exists and appears cropped)
2025-12-28 22:35:14,586 - INFO - Skipping NC_H08_20200127_0400_L2ARP030_FLDK.02401_02401.nc (already exists and appears cropped)
2025-12-28 22:35:15,316 - INFO - Skipping NC_H08_20200127_0500_L2ARP030_FLDK.02401_02401.nc (already exists and appears cropped)
2025-12-28 22:35:16,038 - INFO - Skipping NC_H08_20200127_0600_L2ARP030_FLDK.02401_02401.nc (already exists and appears cropped)
2025-12-28 22:35:16,758 - INFO - Skipping NC_H08_20200127_0700_L2ARP030_FLDK.02401_02401.nc (already exists and appears cropped)
2025-12-28 22:35:17,548 - INFO - Skipping NC_H08_20200127_0800_L2ARP030_FLDK.02401_02401.nc (already exists and appears cropped)
2025-12-28 22:35:18,286 - INFO - Skipping NC_H08_20200127_0900_L2ARP030_FLDK.02401_02401.nc (already exists and appears cropped)
2025-12-28 22:35:18,986 - INFO - Skipping NC_H08_20200128_0000_L2ARP030_FLDK.02401_02401.nc (already exists and appears cropped)
2025-12-28 22:35:19,729 - INFO - Skipping NC_H08_20200128_0100_L2ARP030_FLDK.02401_02401.nc (already exists and appears cropped)
2025-12-28 22:35:20,429 - INFO - Skipping NC_H08_20200128_0200_L2ARP030_FLDK.02401_02401.nc (already exists and appears cropped)
2025-12-28 22:35:21,143 - INFO - Skipping NC_H08_20200128_0300_L2ARP030_FLDK.02401_02401.nc (already exists and appears cropped)
2025-12-28 22:35:21,874 - INFO - Skipping NC_H08_20200128_0400_L2ARP030_FLDK.02401_02401.nc (already exists and appears cropped)
2025-12-28 22:35:22,589 - INFO - Skipping NC_H08_20200128_0500_L2ARP030_FLDK.02401_02401.nc (already exists and appears cropped)
2025-12-28 22:35:23,317 - INFO - Skipping NC_H08_20200128_0600_L2ARP030_FLDK.02401_02401.nc (already exists and appears cropped)
2025-12-28 22:35:24,027 - INFO - Skipping NC_H08_20200128_0700_L2ARP030_FLDK.02401_02401.nc (already exists and appears cropped)
2025-12-28 22:35:24,753 - INFO - Skipping NC_H08_20200128_0800_L2ARP030_FLDK.02401_02401.nc (already exists and appears cropped)
2025-12-28 22:35:25,476 - INFO - Skipping NC_H08_20200128_0900_L2ARP030_FLDK.02401_02401.nc (already exists and appears cropped)
2025-12-28 22:35:26,201 - INFO - Skipping NC_H08_20200129_0000_L2ARP030_FLDK.02401_02401.nc (already exists and appears cropped)
2025-12-28 22:35:26,924 - INFO - Skipping NC_H08_20200129_0100_L2ARP030_FLDK.02401_02401.nc (already exists and appears cropped)
2025-12-28 22:35:27,638 - INFO - Skipping NC_H08_20200129_0200_L2ARP030_FLDK.02401_02401.nc (already exists and appears cropped)
2025-12-28 22:35:28,353 - INFO - Skipping NC_H08_20200129_0300_L2ARP030_FLDK.02401_02401.nc (already exists and appears cropped)
2025-12-28 22:35:29,087 - INFO - Skipping NC_H08_20200129_0400_L2ARP030_FLDK.02401_02401.nc (already exists and appears cropped)
2025-12-28 22:35:29,782 - INFO - Skipping NC_H08_20200129_0500_L2ARP030_FLDK.02401_02401.nc (already exists and appears cropped)
2025-12-28 22:35:30,517 - INFO - Skipping NC_H08_20200129_0600_L2ARP030_FLDK.02401_02401.nc (already exists and appears cropped)
2025-12-28 22:35:31,236 - INFO - Skipping NC_H08_20200129_0700_L2ARP030_FLDK.02401_02401.nc (already exists and appears cropped)
2025-12-28 22:35:31,956 - INFO - Skipping NC_H08_20200129_0800_L2ARP030_FLDK.02401_02401.nc (already exists and appears cropped)
2025-12-28 22:35:32,679 - INFO - Skipping NC_H08_20200129_0900_L2ARP030_FLDK.02401_02401.nc (already exists and appears cropped)
2025-12-28 22:35:33,408 - INFO - Skipping NC_H08_20200130_0000_L2ARP030_FLDK.02401_02401.nc (already exists and appears cropped)
2025-12-28 22:35:34,109 - INFO - Skipping NC_H08_20200130_0100_L2ARP030_FLDK.02401_02401.nc (already exists and appears cropped)
2025-12-28 22:35:34,831 - INFO - Skipping NC_H08_20200130_0200_L2ARP030_FLDK.02401_02401.nc (already exists and appears cropped)
2025-12-28 22:35:35,561 - INFO - Skipping NC_H08_20200130_0300_L2ARP030_FLDK.02401_02401.nc (already exists and appears cropped)
2025-12-28 22:35:36,274 - INFO - Skipping NC_H08_20200130_0400_L2ARP030_FLDK.02401_02401.nc (already exists and appears cropped)
2025-12-28 22:35:36,996 - INFO - Skipping NC_H08_20200130_0500_L2ARP030_FLDK.02401_02401.nc (already exists and appears cropped)
2025-12-28 22:35:37,715 - INFO - Skipping NC_H08_20200130_0600_L2ARP030_FLDK.02401_02401.nc (already exists and appears cropped)
2025-12-28 22:35:38,438 - INFO - Skipping NC_H08_20200130_0700_L2ARP030_FLDK.02401_02401.nc (already exists and appears cropped)
2025-12-28 22:35:39,189 - INFO - Skipping NC_H08_20200130_0800_L2ARP030_FLDK.02401_02401.nc (already exists and appears cropped)
2025-12-28 22:35:39,967 - INFO - Skipping NC_H08_20200130_0900_L2ARP030_FLDK.02401_02401.nc (already exists and appears cropped)
2025-12-28 22:35:40,673 - INFO - Skipping NC_H08_20200131_0000_L2ARP030_FLDK.02401_02401.nc (already exists and appears cropped)
2025-12-28 22:35:41,405 - INFO - Skipping NC_H08_20200131_0100_L2ARP030_FLDK.02401_02401.nc (already exists and appears cropped)
2025-12-28 22:35:42,131 - INFO - Skipping NC_H08_20200131_0200_L2ARP030_FLDK.02401_02401.nc (already exists and appears cropped)
2025-12-28 22:35:42,852 - INFO - Skipping NC_H08_20200131_0300_L2ARP030_FLDK.02401_02401.nc (already exists and appears cropped)
2025-12-28 22:35:43,564 - INFO - Skipping NC_H08_20200131_0400_L2ARP030_FLDK.02401_02401.nc (already exists and appears cropped)
2025-12-28 22:35:44,269 - INFO - Skipping NC_H08_20200131_0500_L2ARP030_FLDK.02401_02401.nc (already exists and appears cropped)
2025-12-28 22:35:45,020 - INFO - Skipping NC_H08_20200131_0600_L2ARP030_FLDK.02401_02401.nc (already exists and appears cropped)
2025-12-28 22:35:45,720 - INFO - Skipping NC_H08_20200131_0700_L2ARP030_FLDK.02401_02401.nc (already exists and appears cropped)
2025-12-28 22:35:46,363 - INFO - No minute 00 files found in /pub/himawari/L2/ARP/030/202001/31/08/
2025-12-28 22:35:47,085 - INFO - Skipping NC_H08_20200131_0900_L2ARP030_FLDK.02401_02401.nc (already exists and appears cropped)
2025-12-28 22:35:47,801 - INFO - Skipping NC_H08_20200201_0000_L2ARP030_FLDK.02401_02401.nc (already exists and appears cropped)
2025-12-28 22:35:48,528 - INFO - Skipping NC_H08_20200201_0100_L2ARP030_FLDK.02401_02401.nc (already exists and appears cropped)
2025-12-28 22:35:49,246 - INFO - Skipping NC_H08_20200201_0200_L2ARP030_FLDK.02401_02401.nc (already exists and appears cropped)
2025-12-28 22:35:49,962 - INFO - Skipping NC_H08_20200201_0300_L2ARP030_FLDK.02401_02401.nc (already exists and appears cropped)
2025-12-28 22:35:50,688 - INFO - Skipping NC_H08_20200201_0400_L2ARP030_FLDK.02401_02401.nc (already exists and appears cropped)
2025-12-28 22:35:51,412 - INFO - Skipping NC_H08_20200201_0500_L2ARP030_FLDK.02401_02401.nc (already exists and appears cropped)
2025-12-28 22:35:52,114 - INFO - Skipping NC_H08_20200201_0600_L2ARP030_FLDK.02401_02401.nc (already exists and appears cropped)
2025-12-28 22:35:52,842 - INFO - Skipping NC_H08_20200201_0700_L2ARP030_FLDK.02401_02401.nc (already exists and appears cropped)
2025-12-28 22:35:53,556 - INFO - Skipping NC_H08_20200201_0800_L2ARP030_FLDK.02401_02401.nc (already exists and appears cropped)
2025-12-28 22:35:54,270 - INFO - Skipping NC_H08_20200201_0900_L2ARP030_FLDK.02401_02401.nc (already exists and appears cropped)
2025-12-28 22:35:55,037 - INFO - Skipping NC_H08_20200202_0000_L2ARP030_FLDK.02401_02401.nc (already exists and appears cropped)
2025-12-28 22:35:55,795 - INFO - Skipping NC_H08_20200202_0100_L2ARP030_FLDK.02401_02401.nc (already exists and appears cropped)
2025-12-28 22:35:56,512 - INFO - Skipping NC_H08_20200202_0200_L2ARP030_FLDK.02401_02401.nc (already exists and appears cropped)
2025-12-28 22:35:57,234 - INFO - Skipping NC_H08_20200202_0300_L2ARP030_FLDK.02401_02401.nc (already exists and appears cropped)
2025-12-28 22:35:57,966 - INFO - Skipping NC_H08_20200202_0400_L2ARP030_FLDK.02401_02401.nc (already exists and appears cropped)
2025-12-28 22:35:58,696 - INFO - Skipping NC_H08_20200202_0500_L2ARP030_FLDK.02401_02401.nc (already exists and appears cropped)
2025-12-28 22:35:59,399 - INFO - Skipping NC_H08_20200202_0600_L2ARP030_FLDK.02401_02401.nc (already exists and appears cropped)
2025-12-28 22:36:00,120 - INFO - Skipping NC_H08_20200202_0700_L2ARP030_FLDK.02401_02401.nc (already exists and appears cropped)
2025-12-28 22:36:00,843 - INFO - Skipping NC_H08_20200202_0800_L2ARP030_FLDK.02401_02401.nc (already exists and appears cropped)
2025-12-28 22:36:01,556 - INFO - Skipping NC_H08_20200202_0900_L2ARP030_FLDK.02401_02401.nc (already exists and appears cropped)
2025-12-28 22:36:02,328 - INFO - Skipping NC_H08_20200203_0000_L2ARP030_FLDK.02401_02401.nc (already exists and appears cropped)
2025-12-28 22:36:03,086 - INFO - Skipping NC_H08_20200203_0100_L2ARP030_FLDK.02401_02401.nc (already exists and appears cropped)
2025-12-28 22:36:03,795 - INFO - Skipping NC_H08_20200203_0200_L2ARP030_FLDK.02401_02401.nc (already exists and appears cropped)
2025-12-28 22:36:04,535 - INFO - Skipping NC_H08_20200203_0300_L2ARP030_FLDK.02401_02401.nc (already exists and appears cropped)
2025-12-28 22:36:05,247 - INFO - Skipping NC_H08_20200203_0400_L2ARP030_FLDK.02401_02401.nc (already exists and appears cropped)
2025-12-28 22:36:05,969 - INFO - Skipping NC_H08_20200203_0500_L2ARP030_FLDK.02401_02401.nc (already exists and appears cropped)
2025-12-28 22:36:06,682 - INFO - Skipping NC_H08_20200203_0600_L2ARP030_FLDK.02401_02401.nc (already exists and appears cropped)
2025-12-28 22:36:07,417 - INFO - Skipping NC_H08_20200203_0700_L2ARP030_FLDK.02401_02401.nc (already exists and appears cropped)
2025-12-28 22:36:08,110 - INFO - Skipping NC_H08_20200203_0800_L2ARP030_FLDK.02401_02401.nc (already exists and appears cropped)
2025-12-28 22:36:08,856 - INFO - Skipping NC_H08_20200203_0900_L2ARP030_FLDK.02401_02401.nc (already exists and appears cropped)
2025-12-28 22:36:09,566 - INFO - Skipping NC_H08_20200204_0000_L2ARP030_FLDK.02401_02401.nc (already exists and appears cropped)
2025-12-28 22:36:10,278 - INFO - Skipping NC_H08_20200204_0100_L2ARP030_FLDK.02401_02401.nc (already exists and appears cropped)
2025-12-28 22:36:11,020 - INFO - Skipping NC_H08_20200204_0200_L2ARP030_FLDK.02401_02401.nc (already exists and appears cropped)
2025-12-28 22:36:11,733 - INFO - Skipping NC_H08_20200204_0300_L2ARP030_FLDK.02401_02401.nc (already exists and appears cropped)
2025-12-28 22:36:12,452 - INFO - Skipping NC_H08_20200204_0400_L2ARP030_FLDK.02401_02401.nc (already exists and appears cropped)
2025-12-28 22:36:13,172 - INFO - Skipping NC_H08_20200204_0500_L2ARP030_FLDK.02401_02401.nc (already exists and appears cropped)
2025-12-28 22:36:13,891 - INFO - Skipping NC_H08_20200204_0600_L2ARP030_FLDK.02401_02401.nc (already exists and appears cropped)
2025-12-28 22:36:14,625 - INFO - Skipping NC_H08_20200204_0700_L2ARP030_FLDK.02401_02401.nc (already exists and appears cropped)
2025-12-28 22:36:15,318 - INFO - Skipping NC_H08_20200204_0800_L2ARP030_FLDK.02401_02401.nc (already exists and appears cropped)
2025-12-28 22:36:16,064 - INFO - Skipping NC_H08_20200204_0900_L2ARP030_FLDK.02401_02401.nc (already exists and appears cropped)
2025-12-28 22:36:16,846 - INFO - Skipping NC_H08_20200205_0000_L2ARP030_FLDK.02401_02401.nc (already exists and appears cropped)
2025-12-28 22:36:17,571 - INFO - Skipping NC_H08_20200205_0100_L2ARP030_FLDK.02401_02401.nc (already exists and appears cropped)
2025-12-28 22:36:18,285 - INFO - Skipping NC_H08_20200205_0200_L2ARP030_FLDK.02401_02401.nc (already exists and appears cropped)
2025-12-28 22:36:19,015 - INFO - Skipping NC_H08_20200205_0300_L2ARP030_FLDK.02401_02401.nc (already exists and appears cropped)
2025-12-28 22:36:19,734 - INFO - Skipping NC_H08_20200205_0400_L2ARP030_FLDK.02401_02401.nc (already exists and appears cropped)
2025-12-28 22:36:20,456 - INFO - Skipping NC_H08_20200205_0500_L2ARP030_FLDK.02401_02401.nc (already exists and appears cropped)
2025-12-28 22:36:21,172 - INFO - Skipping NC_H08_20200205_0600_L2ARP030_FLDK.02401_02401.nc (already exists and appears cropped)
2025-12-28 22:36:21,876 - INFO - Skipping NC_H08_20200205_0700_L2ARP030_FLDK.02401_02401.nc (already exists and appears cropped)
2025-12-28 22:36:22,602 - INFO - Skipping NC_H08_20200205_0800_L2ARP030_FLDK.02401_02401.nc (already exists and appears cropped)
2025-12-28 22:36:23,328 - INFO - Skipping NC_H08_20200205_0900_L2ARP030_FLDK.02401_02401.nc (already exists and appears cropped)
2025-12-28 22:36:24,049 - INFO - Skipping NC_H08_20200206_0000_L2ARP030_FLDK.02401_02401.nc (already exists and appears cropped)
2025-12-28 22:36:24,770 - INFO - Skipping NC_H08_20200206_0100_L2ARP030_FLDK.02401_02401.nc (already exists and appears cropped)
2025-12-28 22:36:25,483 - INFO - Skipping NC_H08_20200206_0200_L2ARP030_FLDK.02401_02401.nc (already exists and appears cropped)
2025-12-28 22:36:26,238 - INFO - Skipping NC_H08_20200206_0300_L2ARP030_FLDK.02401_02401.nc (already exists and appears cropped)
2025-12-28 22:36:27,007 - INFO - Skipping NC_H08_20200206_0400_L2ARP030_FLDK.02401_02401.nc (already exists and appears cropped)
2025-12-28 22:36:27,738 - INFO - Skipping NC_H08_20200206_0500_L2ARP030_FLDK.02401_02401.nc (already exists and appears cropped)
2025-12-28 22:36:28,457 - INFO - Skipping NC_H08_20200206_0600_L2ARP030_FLDK.02401_02401.nc (already exists and appears cropped)
2025-12-28 22:36:29,174 - INFO - Skipping NC_H08_20200206_0700_L2ARP030_FLDK.02401_02401.nc (already exists and appears cropped)
2025-12-28 22:36:29,893 - INFO - Skipping NC_H08_20200206_0800_L2ARP030_FLDK.02401_02401.nc (already exists and appears cropped)
2025-12-28 22:36:30,638 - INFO - Skipping NC_H08_20200206_0900_L2ARP030_FLDK.02401_02401.nc (already exists and appears cropped)
2025-12-28 22:36:31,407 - INFO - Skipping NC_H08_20200207_0000_L2ARP030_FLDK.02401_02401.nc (already exists and appears cropped)
2025-12-28 22:36:32,130 - INFO - Skipping NC_H08_20200207_0100_L2ARP030_FLDK.02401_02401.nc (already exists and appears cropped)
2025-12-28 22:36:32,862 - INFO - Skipping NC_H08_20200207_0200_L2ARP030_FLDK.02401_02401.nc (already exists and appears cropped)
2025-12-28 22:36:33,586 - INFO - Skipping NC_H08_20200207_0300_L2ARP030_FLDK.02401_02401.nc (already exists and appears cropped)
2025-12-28 22:36:34,311 - INFO - Skipping NC_H08_20200207_0400_L2ARP030_FLDK.02401_02401.nc (already exists and appears cropped)
2025-12-28 22:36:35,126 - INFO - Skipping NC_H08_20200207_0500_L2ARP030_FLDK.02401_02401.nc (already exists and appears cropped)
2025-12-28 22:36:35,889 - INFO - Skipping NC_H08_20200207_0600_L2ARP030_FLDK.02401_02401.nc (already exists and appears cropped)
2025-12-28 22:36:36,608 - INFO - Skipping NC_H08_20200207_0700_L2ARP030_FLDK.02401_02401.nc (already exists and appears cropped)
2025-12-28 22:36:37,325 - INFO - Skipping NC_H08_20200207_0800_L2ARP030_FLDK.02401_02401.nc (already exists and appears cropped)
2025-12-28 22:36:38,053 - INFO - Skipping NC_H08_20200207_0900_L2ARP030_FLDK.02401_02401.nc (already exists and appears cropped)
2025-12-28 22:36:38,772 - INFO - Skipping NC_H08_20200208_0000_L2ARP030_FLDK.02401_02401.nc (already exists and appears cropped)
2025-12-28 22:36:39,500 - INFO - Skipping NC_H08_20200208_0100_L2ARP030_FLDK.02401_02401.nc (already exists and appears cropped)
2025-12-28 22:36:40,232 - INFO - Skipping NC_H08_20200208_0200_L2ARP030_FLDK.02401_02401.nc (already exists and appears cropped)
2025-12-28 22:36:40,948 - INFO - Skipping NC_H08_20200208_0300_L2ARP030_FLDK.02401_02401.nc (already exists and appears cropped)
2025-12-28 22:36:41,778 - INFO - Skipping NC_H08_20200208_0400_L2ARP030_FLDK.02401_02401.nc (already exists and appears cropped)
2025-12-28 22:36:43,138 - INFO - Skipping NC_H08_20200208_0500_L2ARP030_FLDK.02401_02401.nc (already exists and appears cropped)
2025-12-28 22:36:43,885 - INFO - Skipping NC_H08_20200208_0600_L2ARP030_FLDK.02401_02401.nc (already exists and appears cropped)
2025-12-28 22:36:44,608 - INFO - Skipping NC_H08_20200208_0700_L2ARP030_FLDK.02401_02401.nc (already exists and appears cropped)
2025-12-28 22:36:45,334 - INFO - Skipping NC_H08_20200208_0800_L2ARP030_FLDK.02401_02401.nc (already exists and appears cropped)
2025-12-28 22:36:46,066 - INFO - Skipping NC_H08_20200208_0900_L2ARP030_FLDK.02401_02401.nc (already exists and appears cropped)
2025-12-28 22:36:46,888 - INFO - Skipping NC_H08_20200209_0000_L2ARP030_FLDK.02401_02401.nc (already exists and appears cropped)
2025-12-28 22:36:47,674 - INFO - Skipping NC_H08_20200209_0100_L2ARP030_FLDK.02401_02401.nc (already exists and appears cropped)
2025-12-28 22:36:48,419 - INFO - Skipping NC_H08_20200209_0200_L2ARP030_FLDK.02401_02401.nc (already exists and appears cropped)
2025-12-28 22:36:49,204 - INFO - Skipping NC_H08_20200209_0300_L2ARP030_FLDK.02401_02401.nc (already exists and appears cropped)
2025-12-28 22:36:49,994 - INFO - Skipping NC_H08_20200209_0400_L2ARP030_FLDK.02401_02401.nc (already exists and appears cropped)
2025-12-28 22:36:50,726 - INFO - Skipping NC_H08_20200209_0500_L2ARP030_FLDK.02401_02401.nc (already exists and appears cropped)
2025-12-28 22:36:51,532 - INFO - Skipping NC_H08_20200209_0600_L2ARP030_FLDK.02401_02401.nc (already exists and appears cropped)
2025-12-28 22:36:52,307 - INFO - Skipping NC_H08_20200209_0700_L2ARP030_FLDK.02401_02401.nc (already exists and appears cropped)
2025-12-28 22:36:53,020 - INFO - Skipping NC_H08_20200209_0800_L2ARP030_FLDK.02401_02401.nc (already exists and appears cropped)
2025-12-28 22:36:53,849 - INFO - Skipping NC_H08_20200209_0900_L2ARP030_FLDK.02401_02401.nc (already exists and appears cropped)
2025-12-28 22:36:54,675 - INFO - Skipping NC_H08_20200210_0000_L2ARP030_FLDK.02401_02401.nc (already exists and appears cropped)
2025-12-28 22:36:55,419 - INFO - Skipping NC_H08_20200210_0100_L2ARP030_FLDK.02401_02401.nc (already exists and appears cropped)
2025-12-28 22:36:56,134 - INFO - Skipping NC_H08_20200210_0200_L2ARP030_FLDK.02401_02401.nc (already exists and appears cropped)
2025-12-28 22:36:56,865 - INFO - Skipping NC_H08_20200210_0300_L2ARP030_FLDK.02401_02401.nc (already exists and appears cropped)
2025-12-28 22:36:57,624 - INFO - Skipping NC_H08_20200210_0400_L2ARP030_FLDK.02401_02401.nc (already exists and appears cropped)
2025-12-28 22:36:58,384 - INFO - Skipping NC_H08_20200210_0500_L2ARP030_FLDK.02401_02401.nc (already exists and appears cropped)
2025-12-28 22:36:59,111 - INFO - Skipping NC_H08_20200210_0600_L2ARP030_FLDK.02401_02401.nc (already exists and appears cropped)
2025-12-28 22:36:59,823 - INFO - Skipping NC_H08_20200210_0700_L2ARP030_FLDK.02401_02401.nc (already exists and appears cropped)
2025-12-28 22:37:00,563 - INFO - Skipping NC_H08_20200210_0800_L2ARP030_FLDK.02401_02401.nc (already exists and appears cropped)
2025-12-28 22:37:01,256 - INFO - Skipping NC_H08_20200210_0900_L2ARP030_FLDK.02401_02401.nc (already exists and appears cropped)
2025-12-28 22:37:01,972 - INFO - Skipping NC_H08_20200211_0000_L2ARP030_FLDK.02401_02401.nc (already exists and appears cropped)
2025-12-28 22:37:02,695 - INFO - Skipping NC_H08_20200211_0100_L2ARP030_FLDK.02401_02401.nc (already exists and appears cropped)
2025-12-28 22:37:03,413 - INFO - Skipping NC_H08_20200211_0200_L2ARP030_FLDK.02401_02401.nc (already exists and appears cropped)
2025-12-28 22:37:04,140 - INFO - Skipping NC_H08_20200211_0300_L2ARP030_FLDK.02401_02401.nc (already exists and appears cropped)
2025-12-28 22:37:04,881 - INFO - Skipping NC_H08_20200211_0400_L2ARP030_FLDK.02401_02401.nc (already exists and appears cropped)
2025-12-28 22:37:05,585 - INFO - Skipping NC_H08_20200211_0500_L2ARP030_FLDK.02401_02401.nc (already exists and appears cropped)
2025-12-28 22:37:06,309 - INFO - Skipping NC_H08_20200211_0600_L2ARP030_FLDK.02401_02401.nc (already exists and appears cropped)
2025-12-28 22:37:07,012 - INFO - Skipping NC_H08_20200211_0700_L2ARP030_FLDK.02401_02401.nc (already exists and appears cropped)
2025-12-28 22:37:07,764 - INFO - Skipping NC_H08_20200211_0800_L2ARP030_FLDK.02401_02401.nc (already exists and appears cropped)
2025-12-28 22:37:08,559 - INFO - Skipping NC_H08_20200211_0900_L2ARP030_FLDK.02401_02401.nc (already exists and appears cropped)
2025-12-28 22:37:09,358 - INFO - Skipping NC_H08_20200212_0000_L2ARP030_FLDK.02401_02401.nc (already exists and appears cropped)
2025-12-28 22:37:10,061 - INFO - Skipping NC_H08_20200212_0100_L2ARP030_FLDK.02401_02401.nc (already exists and appears cropped)
2025-12-28 22:37:10,764 - INFO - Skipping NC_H08_20200212_0200_L2ARP030_FLDK.02401_02401.nc (already exists and appears cropped)
2025-12-28 22:37:11,534 - INFO - Skipping NC_H08_20200212_0300_L2ARP030_FLDK.02401_02401.nc (already exists and appears cropped)
2025-12-28 22:37:12,314 - INFO - Skipping NC_H08_20200212_0400_L2ARP030_FLDK.02401_02401.nc (already exists and appears cropped)
2025-12-28 22:37:13,030 - INFO - Skipping NC_H08_20200212_0500_L2ARP030_FLDK.02401_02401.nc (already exists and appears cropped)
2025-12-28 22:37:13,745 - INFO - Skipping NC_H08_20200212_0600_L2ARP030_FLDK.02401_02401.nc (already exists and appears cropped)
2025-12-28 22:37:14,466 - INFO - Skipping NC_H08_20200212_0700_L2ARP030_FLDK.02401_02401.nc (already exists and appears cropped)
2025-12-28 22:37:15,199 - INFO - Skipping NC_H08_20200212_0800_L2ARP030_FLDK.02401_02401.nc (already exists and appears cropped)
2025-12-28 22:37:15,906 - INFO - Skipping NC_H08_20200212_0900_L2ARP030_FLDK.02401_02401.nc (already exists and appears cropped)
2025-12-28 22:37:16,615 - INFO - Skipping NC_H08_20200213_0000_L2ARP030_FLDK.02401_02401.nc (already exists and appears cropped)
2025-12-28 22:37:17,338 - INFO - Skipping NC_H08_20200213_0100_L2ARP030_FLDK.02401_02401.nc (already exists and appears cropped)
2025-12-28 22:37:18,094 - INFO - Skipping NC_H08_20200213_0200_L2ARP030_FLDK.02401_02401.nc (already exists and appears cropped)
2025-12-28 22:37:18,869 - INFO - Skipping NC_H08_20200213_0300_L2ARP030_FLDK.02401_02401.nc (already exists and appears cropped)
2025-12-28 22:37:19,610 - INFO - Skipping NC_H08_20200213_0400_L2ARP030_FLDK.02401_02401.nc (already exists and appears cropped)
2025-12-28 22:37:20,385 - INFO - Skipping NC_H08_20200213_0500_L2ARP030_FLDK.02401_02401.nc (already exists and appears cropped)
2025-12-28 22:37:21,124 - INFO - Skipping NC_H08_20200213_0600_L2ARP030_FLDK.02401_02401.nc (already exists and appears cropped)
2025-12-28 22:37:21,898 - INFO - Skipping NC_H08_20200213_0700_L2ARP030_FLDK.02401_02401.nc (already exists and appears cropped)
2025-12-28 22:37:22,617 - INFO - Skipping NC_H08_20200213_0800_L2ARP030_FLDK.02401_02401.nc (already exists and appears cropped)
2025-12-28 22:37:23,343 - INFO - Skipping NC_H08_20200213_0900_L2ARP030_FLDK.02401_02401.nc (already exists and appears cropped)
2025-12-28 22:37:24,092 - INFO - Skipping NC_H08_20200214_0000_L2ARP030_FLDK.02401_02401.nc (already exists and appears cropped)
2025-12-28 22:37:24,868 - INFO - Skipping NC_H08_20200214_0100_L2ARP030_FLDK.02401_02401.nc (already exists and appears cropped)
2025-12-28 22:37:25,604 - INFO - Skipping NC_H08_20200214_0200_L2ARP030_FLDK.02401_02401.nc (already exists and appears cropped)
2025-12-28 22:37:26,399 - INFO - Skipping NC_H08_20200214_0300_L2ARP030_FLDK.02401_02401.nc (already exists and appears cropped)
2025-12-28 22:37:27,107 - INFO - Skipping NC_H08_20200214_0400_L2ARP030_FLDK.02401_02401.nc (already exists and appears cropped)
2025-12-28 22:37:27,841 - INFO - Skipping NC_H08_20200214_0500_L2ARP030_FLDK.02401_02401.nc (already exists and appears cropped)
2025-12-28 22:37:28,549 - INFO - Skipping NC_H08_20200214_0600_L2ARP030_FLDK.02401_02401.nc (already exists and appears cropped)
2025-12-28 22:37:29,291 - INFO - Skipping NC_H08_20200214_0700_L2ARP030_FLDK.02401_02401.nc (already exists and appears cropped)
2025-12-28 22:37:30,077 - INFO - Skipping NC_H08_20200214_0800_L2ARP030_FLDK.02401_02401.nc (already exists and appears cropped)
2025-12-28 22:37:30,806 - INFO - Skipping NC_H08_20200214_0900_L2ARP030_FLDK.02401_02401.nc (already exists and appears cropped)
2025-12-28 22:37:31,550 - INFO - Skipping NC_H08_20200215_0000_L2ARP030_FLDK.02401_02401.nc (already exists and appears cropped)
2025-12-28 22:37:32,304 - INFO - Skipping NC_H08_20200215_0100_L2ARP030_FLDK.02401_02401.nc (already exists and appears cropped)
2025-12-28 22:37:33,022 - INFO - Skipping NC_H08_20200215_0200_L2ARP030_FLDK.02401_02401.nc (already exists and appears cropped)
2025-12-28 22:37:33,746 - INFO - Skipping NC_H08_20200215_0300_L2ARP030_FLDK.02401_02401.nc (already exists and appears cropped)
2025-12-28 22:37:34,466 - INFO - Skipping NC_H08_20200215_0400_L2ARP030_FLDK.02401_02401.nc (already exists and appears cropped)
2025-12-28 22:37:35,183 - INFO - Skipping NC_H08_20200215_0500_L2ARP030_FLDK.02401_02401.nc (already exists and appears cropped)
2025-12-28 22:37:35,912 - INFO - Skipping NC_H08_20200215_0600_L2ARP030_FLDK.02401_02401.nc (already exists and appears cropped)
2025-12-28 22:37:36,626 - INFO - Skipping NC_H08_20200215_0700_L2ARP030_FLDK.02401_02401.nc (already exists and appears cropped)
2025-12-28 22:37:37,359 - INFO - Skipping NC_H08_20200215_0800_L2ARP030_FLDK.02401_02401.nc (already exists and appears cropped)
2025-12-28 22:37:38,058 - INFO - Skipping NC_H08_20200215_0900_L2ARP030_FLDK.02401_02401.nc (already exists and appears cropped)
2025-12-28 22:37:38,791 - INFO - Skipping NC_H08_20200216_0000_L2ARP030_FLDK.02401_02401.nc (already exists and appears cropped)
2025-12-28 22:37:39,506 - INFO - Skipping NC_H08_20200216_0100_L2ARP030_FLDK.02401_02401.nc (already exists and appears cropped)
2025-12-28 22:37:40,250 - INFO - Skipping NC_H08_20200216_0200_L2ARP030_FLDK.02401_02401.nc (already exists and appears cropped)
2025-12-28 22:37:41,051 - INFO - Skipping NC_H08_20200216_0300_L2ARP030_FLDK.02401_02401.nc (already exists and appears cropped)
2025-12-28 22:37:41,757 - INFO - Skipping NC_H08_20200216_0400_L2ARP030_FLDK.02401_02401.nc (already exists and appears cropped)
2025-12-28 22:37:42,487 - INFO - Skipping NC_H08_20200216_0500_L2ARP030_FLDK.02401_02401.nc (already exists and appears cropped)
2025-12-28 22:37:43,288 - INFO - Skipping NC_H08_20200216_0600_L2ARP030_FLDK.02401_02401.nc (already exists and appears cropped)
2025-12-28 22:37:44,114 - INFO - Skipping NC_H08_20200216_0700_L2ARP030_FLDK.02401_02401.nc (already exists and appears cropped)
2025-12-28 22:37:45,034 - INFO - Skipping NC_H08_20200216_0800_L2ARP030_FLDK.02401_02401.nc (already exists and appears cropped)
2025-12-28 22:37:45,855 - INFO - Skipping NC_H08_20200216_0900_L2ARP030_FLDK.02401_02401.nc (already exists and appears cropped)
2025-12-28 22:37:46,639 - INFO - Skipping NC_H08_20200217_0000_L2ARP030_FLDK.02401_02401.nc (already exists and appears cropped)
2025-12-28 22:37:47,369 - INFO - Skipping NC_H08_20200217_0100_L2ARP030_FLDK.02401_02401.nc (already exists and appears cropped)
2025-12-28 22:37:48,162 - INFO - Skipping NC_H08_20200217_0200_L2ARP030_FLDK.02401_02401.nc (already exists and appears cropped)
2025-12-28 22:37:48,875 - INFO - Skipping NC_H08_20200217_0300_L2ARP030_FLDK.02401_02401.nc (already exists and appears cropped)
2025-12-28 22:37:49,593 - INFO - Skipping NC_H08_20200217_0400_L2ARP030_FLDK.02401_02401.nc (already exists and appears cropped)
2025-12-28 22:37:50,305 - INFO - Skipping NC_H08_20200217_0500_L2ARP030_FLDK.02401_02401.nc (already exists and appears cropped)
2025-12-28 22:37:51,037 - INFO - Skipping NC_H08_20200217_0600_L2ARP030_FLDK.02401_02401.nc (already exists and appears cropped)
2025-12-28 22:37:51,751 - INFO - Skipping NC_H08_20200217_0700_L2ARP030_FLDK.02401_02401.nc (already exists and appears cropped)
2025-12-28 22:37:52,455 - INFO - Skipping NC_H08_20200217_0800_L2ARP030_FLDK.02401_02401.nc (already exists and appears cropped)
2025-12-28 22:37:53,185 - INFO - Skipping NC_H08_20200217_0900_L2ARP030_FLDK.02401_02401.nc (already exists and appears cropped)
2025-12-28 22:37:53,916 - INFO - Skipping NC_H08_20200218_0000_L2ARP030_FLDK.02401_02401.nc (already exists and appears cropped)
2025-12-28 22:37:54,645 - INFO - Skipping NC_H08_20200218_0100_L2ARP030_FLDK.02401_02401.nc (already exists and appears cropped)
2025-12-28 22:37:55,413 - INFO - Skipping NC_H08_20200218_0200_L2ARP030_FLDK.02401_02401.nc (already exists and appears cropped)
2025-12-28 22:37:56,153 - INFO - Skipping NC_H08_20200218_0300_L2ARP030_FLDK.02401_02401.nc (already exists and appears cropped)
2025-12-28 22:37:56,873 - INFO - Skipping NC_H08_20200218_0400_L2ARP030_FLDK.02401_02401.nc (already exists and appears cropped)
2025-12-28 22:37:57,596 - INFO - Skipping NC_H08_20200218_0500_L2ARP030_FLDK.02401_02401.nc (already exists and appears cropped)
2025-12-28 22:37:58,310 - INFO - Skipping NC_H08_20200218_0600_L2ARP030_FLDK.02401_02401.nc (already exists and appears cropped)
2025-12-28 22:37:59,032 - INFO - Skipping NC_H08_20200218_0700_L2ARP030_FLDK.02401_02401.nc (already exists and appears cropped)
2025-12-28 22:37:59,781 - INFO - Skipping NC_H08_20200218_0800_L2ARP030_FLDK.02401_02401.nc (already exists and appears cropped)
2025-12-28 22:38:00,558 - INFO - Skipping NC_H08_20200218_0900_L2ARP030_FLDK.02401_02401.nc (already exists and appears cropped)
2025-12-28 22:38:01,323 - INFO - Skipping NC_H08_20200219_0000_L2ARP030_FLDK.02401_02401.nc (already exists and appears cropped)
2025-12-28 22:38:02,105 - INFO - Skipping NC_H08_20200219_0100_L2ARP030_FLDK.02401_02401.nc (already exists and appears cropped)
2025-12-28 22:38:02,884 - INFO - Skipping NC_H08_20200219_0200_L2ARP030_FLDK.02401_02401.nc (already exists and appears cropped)
2025-12-28 22:38:03,590 - INFO - Skipping NC_H08_20200219_0300_L2ARP030_FLDK.02401_02401.nc (already exists and appears cropped)
2025-12-28 22:38:04,338 - INFO - Skipping NC_H08_20200219_0400_L2ARP030_FLDK.02401_02401.nc (already exists and appears cropped)
2025-12-28 22:38:05,113 - INFO - Skipping NC_H08_20200219_0500_L2ARP030_FLDK.02401_02401.nc (already exists and appears cropped)
2025-12-28 22:38:05,888 - INFO - Skipping NC_H08_20200219_0600_L2ARP030_FLDK.02401_02401.nc (already exists and appears cropped)
2025-12-28 22:38:06,651 - INFO - Skipping NC_H08_20200219_0700_L2ARP030_FLDK.02401_02401.nc (already exists and appears cropped)
2025-12-28 22:38:07,365 - INFO - Skipping NC_H08_20200219_0800_L2ARP030_FLDK.02401_02401.nc (already exists and appears cropped)
2025-12-28 22:38:08,092 - INFO - Skipping NC_H08_20200219_0900_L2ARP030_FLDK.02401_02401.nc (already exists and appears cropped)
2025-12-28 22:38:08,844 - INFO - Skipping NC_H08_20200220_0000_L2ARP030_FLDK.02401_02401.nc (already exists and appears cropped)
2025-12-28 22:38:10,887 - INFO - Skipping NC_H08_20200220_0100_L2ARP030_FLDK.02401_02401.nc (already exists and appears cropped)
2025-12-28 22:38:11,611 - INFO - Skipping NC_H08_20200220_0200_L2ARP030_FLDK.02401_02401.nc (already exists and appears cropped)
2025-12-28 22:38:12,324 - INFO - Skipping NC_H08_20200220_0300_L2ARP030_FLDK.02401_02401.nc (already exists and appears cropped)
2025-12-28 22:38:13,053 - INFO - Skipping NC_H08_20200220_0400_L2ARP030_FLDK.02401_02401.nc (already exists and appears cropped)
2025-12-28 22:38:13,767 - INFO - Skipping NC_H08_20200220_0500_L2ARP030_FLDK.02401_02401.nc (already exists and appears cropped)
2025-12-28 22:38:14,485 - INFO - Skipping NC_H08_20200220_0600_L2ARP030_FLDK.02401_02401.nc (already exists and appears cropped)
2025-12-28 22:38:15,188 - INFO - Skipping NC_H08_20200220_0700_L2ARP030_FLDK.02401_02401.nc (already exists and appears cropped)
2025-12-28 22:38:15,926 - INFO - Skipping NC_H08_20200220_0800_L2ARP030_FLDK.02401_02401.nc (already exists and appears cropped)
2025-12-28 22:38:16,687 - INFO - Skipping NC_H08_20200220_0900_L2ARP030_FLDK.02401_02401.nc (already exists and appears cropped)
2025-12-28 22:38:17,875 - INFO - Skipping NC_H08_20200221_0000_L2ARP030_FLDK.02401_02401.nc (already exists and appears cropped)
2025-12-28 22:38:18,683 - INFO - Skipping NC_H08_20200221_0100_L2ARP030_FLDK.02401_02401.nc (already exists and appears cropped)
2025-12-28 22:38:19,431 - INFO - Skipping NC_H08_20200221_0200_L2ARP030_FLDK.02401_02401.nc (already exists and appears cropped)
2025-12-28 22:38:20,163 - INFO - Skipping NC_H08_20200221_0300_L2ARP030_FLDK.02401_02401.nc (already exists and appears cropped)
2025-12-28 22:38:20,905 - INFO - Skipping NC_H08_20200221_0400_L2ARP030_FLDK.02401_02401.nc (already exists and appears cropped)
2025-12-28 22:38:21,677 - INFO - Skipping NC_H08_20200221_0500_L2ARP030_FLDK.02401_02401.nc (already exists and appears cropped)
2025-12-28 22:38:22,407 - INFO - Skipping NC_H08_20200221_0600_L2ARP030_FLDK.02401_02401.nc (already exists and appears cropped)
2025-12-28 22:38:23,134 - INFO - Skipping NC_H08_20200221_0700_L2ARP030_FLDK.02401_02401.nc (already exists and appears cropped)
2025-12-28 22:38:23,841 - INFO - Skipping NC_H08_20200221_0800_L2ARP030_FLDK.02401_02401.nc (already exists and appears cropped)
2025-12-28 22:38:24,553 - INFO - Skipping NC_H08_20200221_0900_L2ARP030_FLDK.02401_02401.nc (already exists and appears cropped)
2025-12-28 22:38:25,295 - INFO - Skipping NC_H08_20200222_0000_L2ARP030_FLDK.02401_02401.nc (already exists and appears cropped)
2025-12-28 22:38:26,011 - INFO - Skipping NC_H08_20200222_0100_L2ARP030_FLDK.02401_02401.nc (already exists and appears cropped)
2025-12-28 22:38:26,715 - INFO - Skipping NC_H08_20200222_0200_L2ARP030_FLDK.02401_02401.nc (already exists and appears cropped)
2025-12-28 22:38:27,439 - INFO - Skipping NC_H08_20200222_0300_L2ARP030_FLDK.02401_02401.nc (already exists and appears cropped)
2025-12-28 22:38:28,220 - INFO - Skipping NC_H08_20200222_0400_L2ARP030_FLDK.02401_02401.nc (already exists and appears cropped)
2025-12-28 22:38:28,982 - INFO - Skipping NC_H08_20200222_0500_L2ARP030_FLDK.02401_02401.nc (already exists and appears cropped)
2025-12-28 22:38:29,754 - INFO - Skipping NC_H08_20200222_0600_L2ARP030_FLDK.02401_02401.nc (already exists and appears cropped)
2025-12-28 22:38:30,494 - INFO - Skipping NC_H08_20200222_0700_L2ARP030_FLDK.02401_02401.nc (already exists and appears cropped)
2025-12-28 22:38:31,207 - INFO - Skipping NC_H08_20200222_0800_L2ARP030_FLDK.02401_02401.nc (already exists and appears cropped)
2025-12-28 22:38:31,947 - INFO - Skipping NC_H08_20200222_0900_L2ARP030_FLDK.02401_02401.nc (already exists and appears cropped)
2025-12-28 22:38:32,662 - INFO - Skipping NC_H08_20200223_0000_L2ARP030_FLDK.02401_02401.nc (already exists and appears cropped)
2025-12-28 22:38:33,365 - INFO - Skipping NC_H08_20200223_0100_L2ARP030_FLDK.02401_02401.nc (already exists and appears cropped)
2025-12-28 22:38:34,087 - INFO - Skipping NC_H08_20200223_0200_L2ARP030_FLDK.02401_02401.nc (already exists and appears cropped)
2025-12-28 22:38:34,805 - INFO - Skipping NC_H08_20200223_0300_L2ARP030_FLDK.02401_02401.nc (already exists and appears cropped)
2025-12-28 22:38:35,519 - INFO - Skipping NC_H08_20200223_0400_L2ARP030_FLDK.02401_02401.nc (already exists and appears cropped)
2025-12-28 22:38:36,234 - INFO - Skipping NC_H08_20200223_0500_L2ARP030_FLDK.02401_02401.nc (already exists and appears cropped)
2025-12-28 22:38:36,968 - INFO - Skipping NC_H08_20200223_0600_L2ARP030_FLDK.02401_02401.nc (already exists and appears cropped)
2025-12-28 22:38:37,700 - INFO - Skipping NC_H08_20200223_0700_L2ARP030_FLDK.02401_02401.nc (already exists and appears cropped)
2025-12-28 22:38:38,424 - INFO - Skipping NC_H08_20200223_0800_L2ARP030_FLDK.02401_02401.nc (already exists and appears cropped)
2025-12-28 22:38:39,123 - INFO - Skipping NC_H08_20200223_0900_L2ARP030_FLDK.02401_02401.nc (already exists and appears cropped)
2025-12-28 22:38:39,848 - INFO - Skipping NC_H08_20200224_0000_L2ARP030_FLDK.02401_02401.nc (already exists and appears cropped)
2025-12-28 22:38:40,565 - INFO - Skipping NC_H08_20200224_0100_L2ARP030_FLDK.02401_02401.nc (already exists and appears cropped)
2025-12-28 22:38:41,286 - INFO - Skipping NC_H08_20200224_0200_L2ARP030_FLDK.02401_02401.nc (already exists and appears cropped)
2025-12-28 22:38:42,021 - INFO - Skipping NC_H08_20200224_0300_L2ARP030_FLDK.02401_02401.nc (already exists and appears cropped)
2025-12-28 22:38:42,717 - INFO - Skipping NC_H08_20200224_0400_L2ARP030_FLDK.02401_02401.nc (already exists and appears cropped)
2025-12-28 22:38:43,462 - INFO - Skipping NC_H08_20200224_0500_L2ARP030_FLDK.02401_02401.nc (already exists and appears cropped)
2025-12-28 22:38:44,166 - INFO - Skipping NC_H08_20200224_0600_L2ARP030_FLDK.02401_02401.nc (already exists and appears cropped)
2025-12-28 22:38:44,899 - INFO - Skipping NC_H08_20200224_0700_L2ARP030_FLDK.02401_02401.nc (already exists and appears cropped)
2025-12-28 22:38:45,597 - INFO - Skipping NC_H08_20200224_0800_L2ARP030_FLDK.02401_02401.nc (already exists and appears cropped)
2025-12-28 22:38:46,334 - INFO - Skipping NC_H08_20200224_0900_L2ARP030_FLDK.02401_02401.nc (already exists and appears cropped)
2025-12-28 22:38:47,043 - INFO - Skipping NC_H08_20200225_0000_L2ARP030_FLDK.02401_02401.nc (already exists and appears cropped)
2025-12-28 22:38:47,784 - INFO - Skipping NC_H08_20200225_0100_L2ARP030_FLDK.02401_02401.nc (already exists and appears cropped)
2025-12-28 22:38:48,475 - INFO - Skipping NC_H08_20200225_0200_L2ARP030_FLDK.02401_02401.nc (already exists and appears cropped)
2025-12-28 22:38:49,199 - INFO - Skipping NC_H08_20200225_0300_L2ARP030_FLDK.02401_02401.nc (already exists and appears cropped)
2025-12-28 22:38:49,941 - INFO - Skipping NC_H08_20200225_0400_L2ARP030_FLDK.02401_02401.nc (already exists and appears cropped)
2025-12-28 22:38:50,651 - INFO - Skipping NC_H08_20200225_0500_L2ARP030_FLDK.02401_02401.nc (already exists and appears cropped)
2025-12-28 22:38:51,373 - INFO - Skipping NC_H08_20200225_0600_L2ARP030_FLDK.02401_02401.nc (already exists and appears cropped)
2025-12-28 22:38:52,087 - INFO - Skipping NC_H08_20200225_0700_L2ARP030_FLDK.02401_02401.nc (already exists and appears cropped)
2025-12-28 22:38:52,816 - INFO - Skipping NC_H08_20200225_0800_L2ARP030_FLDK.02401_02401.nc (already exists and appears cropped)
2025-12-28 22:38:53,531 - INFO - Skipping NC_H08_20200225_0900_L2ARP030_FLDK.02401_02401.nc (already exists and appears cropped)
2025-12-28 22:38:54,254 - INFO - Skipping NC_H08_20200226_0000_L2ARP030_FLDK.02401_02401.nc (already exists and appears cropped)
2025-12-28 22:38:55,012 - INFO - Skipping NC_H08_20200226_0100_L2ARP030_FLDK.02401_02401.nc (already exists and appears cropped)
2025-12-28 22:38:55,772 - INFO - Skipping NC_H08_20200226_0200_L2ARP030_FLDK.02401_02401.nc (already exists and appears cropped)
2025-12-28 22:38:56,494 - INFO - Skipping NC_H08_20200226_0300_L2ARP030_FLDK.02401_02401.nc (already exists and appears cropped)
2025-12-28 22:38:57,219 - INFO - Skipping NC_H08_20200226_0400_L2ARP030_FLDK.02401_02401.nc (already exists and appears cropped)
2025-12-28 22:38:57,955 - INFO - Skipping NC_H08_20200226_0500_L2ARP030_FLDK.02401_02401.nc (already exists and appears cropped)
2025-12-28 22:38:58,650 - INFO - Skipping NC_H08_20200226_0600_L2ARP030_FLDK.02401_02401.nc (already exists and appears cropped)
2025-12-28 22:38:59,384 - INFO - Skipping NC_H08_20200226_0700_L2ARP030_FLDK.02401_02401.nc (already exists and appears cropped)
2025-12-28 22:39:00,094 - INFO - Skipping NC_H08_20200226_0800_L2ARP030_FLDK.02401_02401.nc (already exists and appears cropped)
2025-12-28 22:39:00,811 - INFO - Skipping NC_H08_20200226_0900_L2ARP030_FLDK.02401_02401.nc (already exists and appears cropped)
2025-12-28 22:39:01,531 - INFO - Skipping NC_H08_20200227_0000_L2ARP030_FLDK.02401_02401.nc (already exists and appears cropped)
2025-12-28 22:39:02,243 - INFO - Skipping NC_H08_20200227_0100_L2ARP030_FLDK.02401_02401.nc (already exists and appears cropped)
2025-12-28 22:39:02,968 - INFO - Skipping NC_H08_20200227_0200_L2ARP030_FLDK.02401_02401.nc (already exists and appears cropped)
2025-12-28 22:39:03,694 - INFO - Skipping NC_H08_20200227_0300_L2ARP030_FLDK.02401_02401.nc (already exists and appears cropped)
2025-12-28 22:39:04,413 - INFO - Skipping NC_H08_20200227_0400_L2ARP030_FLDK.02401_02401.nc (already exists and appears cropped)
2025-12-28 22:39:05,128 - INFO - Skipping NC_H08_20200227_0500_L2ARP030_FLDK.02401_02401.nc (already exists and appears cropped)
2025-12-28 22:39:05,852 - INFO - Skipping NC_H08_20200227_0600_L2ARP030_FLDK.02401_02401.nc (already exists and appears cropped)
2025-12-28 22:39:06,574 - INFO - Skipping NC_H08_20200227_0700_L2ARP030_FLDK.02401_02401.nc (already exists and appears cropped)
2025-12-28 22:39:07,328 - INFO - Skipping NC_H08_20200227_0800_L2ARP030_FLDK.02401_02401.nc (already exists and appears cropped)
2025-12-28 22:39:08,104 - INFO - Skipping NC_H08_20200227_0900_L2ARP030_FLDK.02401_02401.nc (already exists and appears cropped)
2025-12-28 22:39:08,822 - INFO - Skipping NC_H08_20200228_0000_L2ARP030_FLDK.02401_02401.nc (already exists and appears cropped)
2025-12-28 22:39:09,537 - INFO - Skipping NC_H08_20200228_0100_L2ARP030_FLDK.02401_02401.nc (already exists and appears cropped)
2025-12-28 22:39:10,234 - INFO - Skipping NC_H08_20200228_0200_L2ARP030_FLDK.02401_02401.nc (already exists and appears cropped)
2025-12-28 22:39:10,973 - INFO - Skipping NC_H08_20200228_0300_L2ARP030_FLDK.02401_02401.nc (already exists and appears cropped)
2025-12-28 22:39:11,736 - INFO - Skipping NC_H08_20200228_0400_L2ARP030_FLDK.02401_02401.nc (already exists and appears cropped)
2025-12-28 22:39:12,499 - INFO - Skipping NC_H08_20200228_0500_L2ARP030_FLDK.02401_02401.nc (already exists and appears cropped)
2025-12-28 22:39:13,225 - INFO - Skipping NC_H08_20200228_0600_L2ARP030_FLDK.02401_02401.nc (already exists and appears cropped)
2025-12-28 22:39:13,839 - INFO - No minute 00 files found in /pub/himawari/L2/ARP/030/202002/28/07/
2025-12-28 22:39:14,575 - INFO - Skipping NC_H08_20200228_0800_L2ARP030_FLDK.02401_02401.nc (already exists and appears cropped)
2025-12-28 22:39:15,279 - INFO - Skipping NC_H08_20200228_0900_L2ARP030_FLDK.02401_02401.nc (already exists and appears cropped)
2025-12-28 22:39:16,018 - INFO - Skipping NC_H08_20200229_0000_L2ARP030_FLDK.02401_02401.nc (already exists and appears cropped)
2025-12-28 22:39:16,739 - INFO - Skipping NC_H08_20200229_0100_L2ARP030_FLDK.02401_02401.nc (already exists and appears cropped)
2025-12-28 22:39:17,467 - INFO - Skipping NC_H08_20200229_0200_L2ARP030_FLDK.02401_02401.nc (already exists and appears cropped)
2025-12-28 22:39:18,187 - INFO - Skipping NC_H08_20200229_0300_L2ARP030_FLDK.02401_02401.nc (already exists and appears cropped)
2025-12-28 22:39:18,891 - INFO - Skipping NC_H08_20200229_0400_L2ARP030_FLDK.02401_02401.nc (already exists and appears cropped)
2025-12-28 22:39:19,608 - INFO - Skipping NC_H08_20200229_0500_L2ARP030_FLDK.02401_02401.nc (already exists and appears cropped)
2025-12-28 22:39:20,371 - INFO - Skipping NC_H08_20200229_0600_L2ARP030_FLDK.02401_02401.nc (already exists and appears cropped)
2025-12-28 22:39:21,132 - INFO - Skipping NC_H08_20200229_0700_L2ARP030_FLDK.02401_02401.nc (already exists and appears cropped)
2025-12-28 22:39:21,857 - INFO - Skipping NC_H08_20200229_0800_L2ARP030_FLDK.02401_02401.nc (already exists and appears cropped)
2025-12-28 22:39:22,617 - INFO - Skipping NC_H08_20200229_0900_L2ARP030_FLDK.02401_02401.nc (already exists and appears cropped)
2025-12-28 22:39:23,387 - INFO - Skipping NC_H08_20200301_0000_L2ARP030_FLDK.02401_02401.nc (already exists and appears cropped)
2025-12-28 22:39:24,098 - INFO - Skipping NC_H08_20200301_0100_L2ARP030_FLDK.02401_02401.nc (already exists and appears cropped)
2025-12-28 22:39:24,843 - INFO - Skipping NC_H08_20200301_0200_L2ARP030_FLDK.02401_02401.nc (already exists and appears cropped)
2025-12-28 22:39:25,683 - INFO - Skipping NC_H08_20200301_0300_L2ARP030_FLDK.02401_02401.nc (already exists and appears cropped)
2025-12-28 22:39:26,433 - INFO - Skipping NC_H08_20200301_0400_L2ARP030_FLDK.02401_02401.nc (already exists and appears cropped)
2025-12-28 22:39:27,054 - INFO - Skipping NC_H08_20200301_0500_L2ARP030_FLDK.02401_02401.nc (already exists and appears cropped)
2025-12-28 22:39:27,664 - INFO - Skipping NC_H08_20200301_0600_L2ARP030_FLDK.02401_02401.nc (already exists and appears cropped)
2025-12-28 22:39:28,261 - INFO - Skipping NC_H08_20200301_0700_L2ARP030_FLDK.02401_02401.nc (already exists and appears cropped)
2025-12-28 22:39:28,876 - INFO - Skipping NC_H08_20200301_0800_L2ARP030_FLDK.02401_02401.nc (already exists and appears cropped)
2025-12-28 22:39:29,488 - INFO - Skipping NC_H08_20200301_0900_L2ARP030_FLDK.02401_02401.nc (already exists and appears cropped)
2025-12-28 22:39:30,085 - INFO - Skipping NC_H08_20200302_0000_L2ARP030_FLDK.02401_02401.nc (already exists and appears cropped)
2025-12-28 22:39:30,721 - INFO - Skipping NC_H08_20200302_0100_L2ARP030_FLDK.02401_02401.nc (already exists and appears cropped)
2025-12-28 22:39:31,321 - INFO - Skipping NC_H08_20200302_0200_L2ARP030_FLDK.02401_02401.nc (already exists and appears cropped)
2025-12-28 22:39:31,927 - INFO - Skipping NC_H08_20200302_0300_L2ARP030_FLDK.02401_02401.nc (already exists and appears cropped)
2025-12-28 22:39:32,547 - INFO - Skipping NC_H08_20200302_0400_L2ARP030_FLDK.02401_02401.nc (already exists and appears cropped)
2025-12-28 22:39:33,150 - INFO - Skipping NC_H08_20200302_0500_L2ARP030_FLDK.02401_02401.nc (already exists and appears cropped)
2025-12-28 22:39:33,767 - INFO - Skipping NC_H08_20200302_0600_L2ARP030_FLDK.02401_02401.nc (already exists and appears cropped)
2025-12-28 22:39:34,374 - INFO - Skipping NC_H08_20200302_0700_L2ARP030_FLDK.02401_02401.nc (already exists and appears cropped)
2025-12-28 22:39:34,972 - INFO - Skipping NC_H08_20200302_0800_L2ARP030_FLDK.02401_02401.nc (already exists and appears cropped)
2025-12-28 22:39:35,569 - INFO - Skipping NC_H08_20200302_0900_L2ARP030_FLDK.02401_02401.nc (already exists and appears cropped)
2025-12-28 22:39:36,173 - INFO - Skipping NC_H08_20200303_0000_L2ARP030_FLDK.02401_02401.nc (already exists and appears cropped)
2025-12-28 22:39:36,809 - INFO - Skipping NC_H08_20200303_0100_L2ARP030_FLDK.02401_02401.nc (already exists and appears cropped)
2025-12-28 22:39:37,423 - INFO - Skipping NC_H08_20200303_0200_L2ARP030_FLDK.02401_02401.nc (already exists and appears cropped)
2025-12-28 22:39:38,021 - INFO - Skipping NC_H08_20200303_0300_L2ARP030_FLDK.02401_02401.nc (already exists and appears cropped)
2025-12-28 22:39:38,623 - INFO - Skipping NC_H08_20200303_0400_L2ARP030_FLDK.02401_02401.nc (already exists and appears cropped)
2025-12-28 22:39:39,236 - INFO - Skipping NC_H08_20200303_0500_L2ARP030_FLDK.02401_02401.nc (already exists and appears cropped)
2025-12-28 22:39:39,856 - INFO - Skipping NC_H08_20200303_0600_L2ARP030_FLDK.02401_02401.nc (already exists and appears cropped)
2025-12-28 22:39:40,475 - INFO - Skipping NC_H08_20200303_0700_L2ARP030_FLDK.02401_02401.nc (already exists and appears cropped)
2025-12-28 22:39:41,126 - INFO - Skipping NC_H08_20200303_0800_L2ARP030_FLDK.02401_02401.nc (already exists and appears cropped)
2025-12-28 22:39:41,751 - INFO - Skipping NC_H08_20200303_0900_L2ARP030_FLDK.02401_02401.nc (already exists and appears cropped)
2025-12-28 22:39:42,419 - INFO - Skipping NC_H08_20200304_0000_L2ARP030_FLDK.02401_02401.nc (already exists and appears cropped)
2025-12-28 22:39:43,038 - INFO - Skipping NC_H08_20200304_0100_L2ARP030_FLDK.02401_02401.nc (already exists and appears cropped)
2025-12-28 22:39:43,643 - INFO - Skipping NC_H08_20200304_0200_L2ARP030_FLDK.02401_02401.nc (already exists and appears cropped)
2025-12-28 22:39:44,238 - INFO - Skipping NC_H08_20200304_0300_L2ARP030_FLDK.02401_02401.nc (already exists and appears cropped)
2025-12-28 22:39:44,852 - INFO - Skipping NC_H08_20200304_0400_L2ARP030_FLDK.02401_02401.nc (already exists and appears cropped)
2025-12-28 22:39:45,470 - INFO - Skipping NC_H08_20200304_0500_L2ARP030_FLDK.02401_02401.nc (already exists and appears cropped)
2025-12-28 22:39:46,068 - INFO - Skipping NC_H08_20200304_0600_L2ARP030_FLDK.02401_02401.nc (already exists and appears cropped)
2025-12-28 22:39:46,681 - INFO - Skipping NC_H08_20200304_0700_L2ARP030_FLDK.02401_02401.nc (already exists and appears cropped)
2025-12-28 22:39:47,297 - INFO - Skipping NC_H08_20200304_0800_L2ARP030_FLDK.02401_02401.nc (already exists and appears cropped)
2025-12-28 22:39:47,914 - INFO - Skipping NC_H08_20200304_0900_L2ARP030_FLDK.02401_02401.nc (already exists and appears cropped)
2025-12-28 22:39:48,535 - INFO - Skipping NC_H08_20200305_0000_L2ARP030_FLDK.02401_02401.nc (already exists and appears cropped)
2025-12-28 22:39:49,145 - INFO - Skipping NC_H08_20200305_0100_L2ARP030_FLDK.02401_02401.nc (already exists and appears cropped)
2025-12-28 22:39:49,745 - INFO - Skipping NC_H08_20200305_0200_L2ARP030_FLDK.02401_02401.nc (already exists and appears cropped)
2025-12-28 22:39:50,386 - INFO - Skipping NC_H08_20200305_0300_L2ARP030_FLDK.02401_02401.nc (already exists and appears cropped)
2025-12-28 22:39:50,983 - INFO - Skipping NC_H08_20200305_0400_L2ARP030_FLDK.02401_02401.nc (already exists and appears cropped)
2025-12-28 22:39:51,592 - INFO - Skipping NC_H08_20200305_0500_L2ARP030_FLDK.02401_02401.nc (already exists and appears cropped)
2025-12-28 22:39:52,199 - INFO - Skipping NC_H08_20200305_0600_L2ARP030_FLDK.02401_02401.nc (already exists and appears cropped)
2025-12-28 22:39:52,813 - INFO - Skipping NC_H08_20200305_0700_L2ARP030_FLDK.02401_02401.nc (already exists and appears cropped)
2025-12-28 22:39:53,411 - INFO - Skipping NC_H08_20200305_0800_L2ARP030_FLDK.02401_02401.nc (already exists and appears cropped)
2025-12-28 22:39:54,000 - INFO - Skipping NC_H08_20200305_0900_L2ARP030_FLDK.02401_02401.nc (already exists and appears cropped)
2025-12-28 22:39:54,600 - INFO - Skipping NC_H08_20200306_0000_L2ARP030_FLDK.02401_02401.nc (already exists and appears cropped)
2025-12-28 22:39:55,219 - INFO - Skipping NC_H08_20200306_0100_L2ARP030_FLDK.02401_02401.nc (already exists and appears cropped)
2025-12-28 22:39:55,819 - INFO - Skipping NC_H08_20200306_0200_L2ARP030_FLDK.02401_02401.nc (already exists and appears cropped)
2025-12-28 22:39:56,432 - INFO - Skipping NC_H08_20200306_0300_L2ARP030_FLDK.02401_02401.nc (already exists and appears cropped)
2025-12-28 22:39:57,029 - INFO - Skipping NC_H08_20200306_0400_L2ARP030_FLDK.02401_02401.nc (already exists and appears cropped)
2025-12-28 22:39:57,638 - INFO - Skipping NC_H08_20200306_0500_L2ARP030_FLDK.02401_02401.nc (already exists and appears cropped)
2025-12-28 22:39:58,244 - INFO - Skipping NC_H08_20200306_0600_L2ARP030_FLDK.02401_02401.nc (already exists and appears cropped)
2025-12-28 22:39:58,849 - INFO - Skipping NC_H08_20200306_0700_L2ARP030_FLDK.02401_02401.nc (already exists and appears cropped)
2025-12-28 22:39:59,478 - INFO - Skipping NC_H08_20200306_0800_L2ARP030_FLDK.02401_02401.nc (already exists and appears cropped)
2025-12-28 22:40:00,080 - INFO - Skipping NC_H08_20200306_0900_L2ARP030_FLDK.02401_02401.nc (already exists and appears cropped)
2025-12-28 22:40:00,685 - INFO - Skipping NC_H08_20200307_0000_L2ARP030_FLDK.02401_02401.nc (already exists and appears cropped)
2025-12-28 22:40:01,300 - INFO - Skipping NC_H08_20200307_0100_L2ARP030_FLDK.02401_02401.nc (already exists and appears cropped)
2025-12-28 22:40:01,973 - INFO - Skipping NC_H08_20200307_0200_L2ARP030_FLDK.02401_02401.nc (already exists and appears cropped)
2025-12-28 22:40:02,564 - INFO - Skipping NC_H08_20200307_0300_L2ARP030_FLDK.02401_02401.nc (already exists and appears cropped)
2025-12-28 22:40:03,172 - INFO - Skipping NC_H08_20200307_0400_L2ARP030_FLDK.02401_02401.nc (already exists and appears cropped)
2025-12-28 22:40:03,779 - INFO - Skipping NC_H08_20200307_0500_L2ARP030_FLDK.02401_02401.nc (already exists and appears cropped)
2025-12-28 22:40:04,406 - INFO - Skipping NC_H08_20200307_0600_L2ARP030_FLDK.02401_02401.nc (already exists and appears cropped)
2025-12-28 22:40:05,011 - INFO - Skipping NC_H08_20200307_0700_L2ARP030_FLDK.02401_02401.nc (already exists and appears cropped)
2025-12-28 22:40:05,612 - INFO - Skipping NC_H08_20200307_0800_L2ARP030_FLDK.02401_02401.nc (already exists and appears cropped)
2025-12-28 22:40:06,224 - INFO - Skipping NC_H08_20200307_0900_L2ARP030_FLDK.02401_02401.nc (already exists and appears cropped)
2025-12-28 22:40:06,836 - INFO - Skipping NC_H08_20200308_0000_L2ARP030_FLDK.02401_02401.nc (already exists and appears cropped)
2025-12-28 22:40:07,446 - INFO - Skipping NC_H08_20200308_0100_L2ARP030_FLDK.02401_02401.nc (already exists and appears cropped)
2025-12-28 22:40:08,052 - INFO - Skipping NC_H08_20200308_0200_L2ARP030_FLDK.02401_02401.nc (already exists and appears cropped)
2025-12-28 22:40:08,663 - INFO - Skipping NC_H08_20200308_0300_L2ARP030_FLDK.02401_02401.nc (already exists and appears cropped)
2025-12-28 22:40:09,274 - INFO - Skipping NC_H08_20200308_0400_L2ARP030_FLDK.02401_02401.nc (already exists and appears cropped)
2025-12-28 22:40:09,870 - INFO - Skipping NC_H08_20200308_0500_L2ARP030_FLDK.02401_02401.nc (already exists and appears cropped)
2025-12-28 22:40:10,478 - INFO - Skipping NC_H08_20200308_0600_L2ARP030_FLDK.02401_02401.nc (already exists and appears cropped)
2025-12-28 22:40:11,162 - INFO - Skipping NC_H08_20200308_0700_L2ARP030_FLDK.02401_02401.nc (already exists and appears cropped)
2025-12-28 22:40:11,760 - INFO - Skipping NC_H08_20200308_0800_L2ARP030_FLDK.02401_02401.nc (already exists and appears cropped)
2025-12-28 22:40:12,373 - INFO - Skipping NC_H08_20200308_0900_L2ARP030_FLDK.02401_02401.nc (already exists and appears cropped)
2025-12-28 22:40:12,989 - INFO - Skipping NC_H08_20200309_0000_L2ARP030_FLDK.02401_02401.nc (already exists and appears cropped)
2025-12-28 22:40:13,587 - INFO - Skipping NC_H08_20200309_0100_L2ARP030_FLDK.02401_02401.nc (already exists and appears cropped)
2025-12-28 22:40:14,190 - INFO - Skipping NC_H08_20200309_0200_L2ARP030_FLDK.02401_02401.nc (already exists and appears cropped)
2025-12-28 22:40:14,822 - INFO - Skipping NC_H08_20200309_0300_L2ARP030_FLDK.02401_02401.nc (already exists and appears cropped)
2025-12-28 22:40:15,436 - INFO - Skipping NC_H08_20200309_0400_L2ARP030_FLDK.02401_02401.nc (already exists and appears cropped)
2025-12-28 22:40:16,053 - INFO - Skipping NC_H08_20200309_0500_L2ARP030_FLDK.02401_02401.nc (already exists and appears cropped)
2025-12-28 22:40:16,694 - INFO - Skipping NC_H08_20200309_0600_L2ARP030_FLDK.02401_02401.nc (already exists and appears cropped)
2025-12-28 22:40:17,320 - INFO - Skipping NC_H08_20200309_0700_L2ARP030_FLDK.02401_02401.nc (already exists and appears cropped)
2025-12-28 22:40:17,954 - INFO - Skipping NC_H08_20200309_0800_L2ARP030_FLDK.02401_02401.nc (already exists and appears cropped)
2025-12-28 22:40:18,561 - INFO - Skipping NC_H08_20200309_0900_L2ARP030_FLDK.02401_02401.nc (already exists and appears cropped)
2025-12-28 22:40:19,177 - INFO - Skipping NC_H08_20200310_0000_L2ARP030_FLDK.02401_02401.nc (already exists and appears cropped)
2025-12-28 22:40:19,796 - INFO - Skipping NC_H08_20200310_0100_L2ARP030_FLDK.02401_02401.nc (already exists and appears cropped)
2025-12-28 22:40:20,389 - INFO - Skipping NC_H08_20200310_0200_L2ARP030_FLDK.02401_02401.nc (already exists and appears cropped)
2025-12-28 22:40:20,992 - INFO - Skipping NC_H08_20200310_0300_L2ARP030_FLDK.02401_02401.nc (already exists and appears cropped)
2025-12-28 22:40:21,602 - INFO - Skipping NC_H08_20200310_0400_L2ARP030_FLDK.02401_02401.nc (already exists and appears cropped)
2025-12-28 22:40:22,204 - INFO - Skipping NC_H08_20200310_0500_L2ARP030_FLDK.02401_02401.nc (already exists and appears cropped)
2025-12-28 22:40:22,806 - INFO - Skipping NC_H08_20200310_0600_L2ARP030_FLDK.02401_02401.nc (already exists and appears cropped)
2025-12-28 22:40:23,419 - INFO - Skipping NC_H08_20200310_0700_L2ARP030_FLDK.02401_02401.nc (already exists and appears cropped)
2025-12-28 22:40:24,029 - INFO - Skipping NC_H08_20200310_0800_L2ARP030_FLDK.02401_02401.nc (already exists and appears cropped)
2025-12-28 22:40:24,645 - INFO - Skipping NC_H08_20200310_0900_L2ARP030_FLDK.02401_02401.nc (already exists and appears cropped)
2025-12-28 22:40:25,258 - INFO - Skipping NC_H08_20200311_0000_L2ARP030_FLDK.02401_02401.nc (already exists and appears cropped)
2025-12-28 22:40:25,871 - INFO - Skipping NC_H08_20200311_0100_L2ARP030_FLDK.02401_02401.nc (already exists and appears cropped)
2025-12-28 22:40:26,487 - INFO - Skipping NC_H08_20200311_0200_L2ARP030_FLDK.02401_02401.nc (already exists and appears cropped)
2025-12-28 22:40:27,100 - INFO - Skipping NC_H08_20200311_0300_L2ARP030_FLDK.02401_02401.nc (already exists and appears cropped)
2025-12-28 22:40:27,703 - INFO - Skipping NC_H08_20200311_0400_L2ARP030_FLDK.02401_02401.nc (already exists and appears cropped)
2025-12-28 22:40:28,321 - INFO - Skipping NC_H08_20200311_0500_L2ARP030_FLDK.02401_02401.nc (already exists and appears cropped)
2025-12-28 22:40:28,945 - INFO - Skipping NC_H08_20200311_0600_L2ARP030_FLDK.02401_02401.nc (already exists and appears cropped)
2025-12-28 22:40:29,543 - INFO - Skipping NC_H08_20200311_0700_L2ARP030_FLDK.02401_02401.nc (already exists and appears cropped)
2025-12-28 22:40:30,154 - INFO - Skipping NC_H08_20200311_0800_L2ARP030_FLDK.02401_02401.nc (already exists and appears cropped)
2025-12-28 22:40:30,774 - INFO - Skipping NC_H08_20200311_0900_L2ARP030_FLDK.02401_02401.nc (already exists and appears cropped)
2025-12-28 22:40:31,405 - INFO - Skipping NC_H08_20200312_0000_L2ARP030_FLDK.02401_02401.nc (already exists and appears cropped)
2025-12-28 22:40:32,004 - INFO - Skipping NC_H08_20200312_0100_L2ARP030_FLDK.02401_02401.nc (already exists and appears cropped)
2025-12-28 22:40:32,609 - INFO - Skipping NC_H08_20200312_0200_L2ARP030_FLDK.02401_02401.nc (already exists and appears cropped)
2025-12-28 22:40:33,215 - INFO - Skipping NC_H08_20200312_0300_L2ARP030_FLDK.02401_02401.nc (already exists and appears cropped)
2025-12-28 22:40:33,828 - INFO - Skipping NC_H08_20200312_0400_L2ARP030_FLDK.02401_02401.nc (already exists and appears cropped)
2025-12-28 22:40:34,422 - INFO - Skipping NC_H08_20200312_0500_L2ARP030_FLDK.02401_02401.nc (already exists and appears cropped)
2025-12-28 22:40:35,027 - INFO - Skipping NC_H08_20200312_0600_L2ARP030_FLDK.02401_02401.nc (already exists and appears cropped)
2025-12-28 22:40:35,635 - INFO - Skipping NC_H08_20200312_0700_L2ARP030_FLDK.02401_02401.nc (already exists and appears cropped)
2025-12-28 22:40:36,237 - INFO - Skipping NC_H08_20200312_0800_L2ARP030_FLDK.02401_02401.nc (already exists and appears cropped)
2025-12-28 22:40:36,850 - INFO - Skipping NC_H08_20200312_0900_L2ARP030_FLDK.02401_02401.nc (already exists and appears cropped)
2025-12-28 22:40:37,472 - INFO - Skipping NC_H08_20200313_0000_L2ARP030_FLDK.02401_02401.nc (already exists and appears cropped)
2025-12-28 22:40:38,086 - INFO - Skipping NC_H08_20200313_0100_L2ARP030_FLDK.02401_02401.nc (already exists and appears cropped)
2025-12-28 22:40:38,700 - INFO - Skipping NC_H08_20200313_0200_L2ARP030_FLDK.02401_02401.nc (already exists and appears cropped)
2025-12-28 22:40:39,296 - INFO - Skipping NC_H08_20200313_0300_L2ARP030_FLDK.02401_02401.nc (already exists and appears cropped)
2025-12-28 22:40:39,915 - INFO - Skipping NC_H08_20200313_0400_L2ARP030_FLDK.02401_02401.nc (already exists and appears cropped)
2025-12-28 22:40:40,524 - INFO - Skipping NC_H08_20200313_0500_L2ARP030_FLDK.02401_02401.nc (already exists and appears cropped)
2025-12-28 22:40:41,134 - INFO - Skipping NC_H08_20200313_0600_L2ARP030_FLDK.02401_02401.nc (already exists and appears cropped)
2025-12-28 22:40:41,754 - INFO - Skipping NC_H08_20200313_0700_L2ARP030_FLDK.02401_02401.nc (already exists and appears cropped)
2025-12-28 22:40:42,363 - INFO - Skipping NC_H08_20200313_0800_L2ARP030_FLDK.02401_02401.nc (already exists and appears cropped)
2025-12-28 22:40:42,965 - INFO - Skipping NC_H08_20200313_0900_L2ARP030_FLDK.02401_02401.nc (already exists and appears cropped)
2025-12-28 22:40:43,580 - INFO - Skipping NC_H08_20200314_0000_L2ARP030_FLDK.02401_02401.nc (already exists and appears cropped)
2025-12-28 22:40:44,192 - INFO - Skipping NC_H08_20200314_0100_L2ARP030_FLDK.02401_02401.nc (already exists and appears cropped)
2025-12-28 22:40:44,797 - INFO - Skipping NC_H08_20200314_0200_L2ARP030_FLDK.02401_02401.nc (already exists and appears cropped)
2025-12-28 22:40:45,443 - INFO - Skipping NC_H08_20200314_0300_L2ARP030_FLDK.02401_02401.nc (already exists and appears cropped)
2025-12-28 22:40:46,047 - INFO - Skipping NC_H08_20200314_0400_L2ARP030_FLDK.02401_02401.nc (already exists and appears cropped)
2025-12-28 22:40:46,652 - INFO - Skipping NC_H08_20200314_0500_L2ARP030_FLDK.02401_02401.nc (already exists and appears cropped)
2025-12-28 22:40:47,253 - INFO - Skipping NC_H08_20200314_0600_L2ARP030_FLDK.02401_02401.nc (already exists and appears cropped)
2025-12-28 22:40:47,860 - INFO - Skipping NC_H08_20200314_0700_L2ARP030_FLDK.02401_02401.nc (already exists and appears cropped)
2025-12-28 22:40:48,478 - INFO - Skipping NC_H08_20200314_0800_L2ARP030_FLDK.02401_02401.nc (already exists and appears cropped)
2025-12-28 22:40:49,086 - INFO - Skipping NC_H08_20200314_0900_L2ARP030_FLDK.02401_02401.nc (already exists and appears cropped)
2025-12-28 22:40:49,710 - INFO - Skipping NC_H08_20200315_0000_L2ARP030_FLDK.02401_02401.nc (already exists and appears cropped)
2025-12-28 22:40:50,338 - INFO - Skipping NC_H08_20200315_0100_L2ARP030_FLDK.02401_02401.nc (already exists and appears cropped)
2025-12-28 22:40:50,956 - INFO - Skipping NC_H08_20200315_0200_L2ARP030_FLDK.02401_02401.nc (already exists and appears cropped)
2025-12-28 22:40:51,560 - INFO - Skipping NC_H08_20200315_0300_L2ARP030_FLDK.02401_02401.nc (already exists and appears cropped)
2025-12-28 22:40:52,165 - INFO - Skipping NC_H08_20200315_0400_L2ARP030_FLDK.02401_02401.nc (already exists and appears cropped)
2025-12-28 22:40:52,778 - INFO - Skipping NC_H08_20200315_0500_L2ARP030_FLDK.02401_02401.nc (already exists and appears cropped)
2025-12-28 22:40:53,382 - INFO - Skipping NC_H08_20200315_0600_L2ARP030_FLDK.02401_02401.nc (already exists and appears cropped)
2025-12-28 22:40:53,987 - INFO - Skipping NC_H08_20200315_0700_L2ARP030_FLDK.02401_02401.nc (already exists and appears cropped)
2025-12-28 22:40:54,586 - INFO - Skipping NC_H08_20200315_0800_L2ARP030_FLDK.02401_02401.nc (already exists and appears cropped)
2025-12-28 22:40:55,180 - INFO - Skipping NC_H08_20200315_0900_L2ARP030_FLDK.02401_02401.nc (already exists and appears cropped)
2025-12-28 22:40:55,804 - INFO - Skipping NC_H08_20200316_0000_L2ARP030_FLDK.02401_02401.nc (already exists and appears cropped)
2025-12-28 22:40:56,409 - INFO - Skipping NC_H08_20200316_0100_L2ARP030_FLDK.02401_02401.nc (already exists and appears cropped)
2025-12-28 22:40:57,010 - INFO - Skipping NC_H08_20200316_0200_L2ARP030_FLDK.02401_02401.nc (already exists and appears cropped)
2025-12-28 22:40:57,623 - INFO - Skipping NC_H08_20200316_0300_L2ARP030_FLDK.02401_02401.nc (already exists and appears cropped)
2025-12-28 22:40:58,228 - INFO - Skipping NC_H08_20200316_0400_L2ARP030_FLDK.02401_02401.nc (already exists and appears cropped)
2025-12-28 22:40:58,823 - INFO - Skipping NC_H08_20200316_0500_L2ARP030_FLDK.02401_02401.nc (already exists and appears cropped)
2025-12-28 22:40:59,429 - INFO - Skipping NC_H08_20200316_0600_L2ARP030_FLDK.02401_02401.nc (already exists and appears cropped)
2025-12-28 22:41:00,064 - INFO - Skipping NC_H08_20200316_0700_L2ARP030_FLDK.02401_02401.nc (already exists and appears cropped)
2025-12-28 22:41:00,663 - INFO - Skipping NC_H08_20200316_0800_L2ARP030_FLDK.02401_02401.nc (already exists and appears cropped)
2025-12-28 22:41:01,269 - INFO - Skipping NC_H08_20200316_0900_L2ARP030_FLDK.02401_02401.nc (already exists and appears cropped)
2025-12-28 22:41:01,911 - INFO - Skipping NC_H08_20200317_0000_L2ARP030_FLDK.02401_02401.nc (already exists and appears cropped)
2025-12-28 22:41:02,541 - INFO - Skipping NC_H08_20200317_0100_L2ARP030_FLDK.02401_02401.nc (already exists and appears cropped)
2025-12-28 22:41:03,150 - INFO - Skipping NC_H08_20200317_0200_L2ARP030_FLDK.02401_02401.nc (already exists and appears cropped)
2025-12-28 22:41:03,760 - INFO - Skipping NC_H08_20200317_0300_L2ARP030_FLDK.02401_02401.nc (already exists and appears cropped)
2025-12-28 22:41:04,386 - INFO - Skipping NC_H08_20200317_0400_L2ARP030_FLDK.02401_02401.nc (already exists and appears cropped)
2025-12-28 22:41:04,990 - INFO - Skipping NC_H08_20200317_0500_L2ARP030_FLDK.02401_02401.nc (already exists and appears cropped)
2025-12-28 22:41:05,622 - INFO - Skipping NC_H08_20200317_0600_L2ARP030_FLDK.02401_02401.nc (already exists and appears cropped)
2025-12-28 22:41:06,226 - INFO - Skipping NC_H08_20200317_0700_L2ARP030_FLDK.02401_02401.nc (already exists and appears cropped)
2025-12-28 22:41:06,835 - INFO - Skipping NC_H08_20200317_0800_L2ARP030_FLDK.02401_02401.nc (already exists and appears cropped)
2025-12-28 22:41:07,436 - INFO - Skipping NC_H08_20200317_0900_L2ARP030_FLDK.02401_02401.nc (already exists and appears cropped)
2025-12-28 22:41:08,044 - INFO - Skipping NC_H08_20200318_0000_L2ARP030_FLDK.02401_02401.nc (already exists and appears cropped)
2025-12-28 22:41:08,656 - INFO - Skipping NC_H08_20200318_0100_L2ARP030_FLDK.02401_02401.nc (already exists and appears cropped)
2025-12-28 22:41:09,279 - INFO - Skipping NC_H08_20200318_0200_L2ARP030_FLDK.02401_02401.nc (already exists and appears cropped)
2025-12-28 22:41:09,878 - INFO - Skipping NC_H08_20200318_0300_L2ARP030_FLDK.02401_02401.nc (already exists and appears cropped)
2025-12-28 22:41:10,475 - INFO - Skipping NC_H08_20200318_0400_L2ARP030_FLDK.02401_02401.nc (already exists and appears cropped)
2025-12-28 22:41:11,083 - INFO - Skipping NC_H08_20200318_0500_L2ARP030_FLDK.02401_02401.nc (already exists and appears cropped)
2025-12-28 22:41:11,701 - INFO - Skipping NC_H08_20200318_0600_L2ARP030_FLDK.02401_02401.nc (already exists and appears cropped)
2025-12-28 22:41:12,334 - INFO - Skipping NC_H08_20200318_0700_L2ARP030_FLDK.02401_02401.nc (already exists and appears cropped)
2025-12-28 22:41:12,940 - INFO - Skipping NC_H08_20200318_0800_L2ARP030_FLDK.02401_02401.nc (already exists and appears cropped)
2025-12-28 22:41:13,547 - INFO - Skipping NC_H08_20200318_0900_L2ARP030_FLDK.02401_02401.nc (already exists and appears cropped)
2025-12-28 22:41:14,155 - INFO - Skipping NC_H08_20200319_0000_L2ARP030_FLDK.02401_02401.nc (already exists and appears cropped)
2025-12-28 22:41:14,768 - INFO - Skipping NC_H08_20200319_0100_L2ARP030_FLDK.02401_02401.nc (already exists and appears cropped)
2025-12-28 22:41:15,365 - INFO - Skipping NC_H08_20200319_0200_L2ARP030_FLDK.02401_02401.nc (already exists and appears cropped)
2025-12-28 22:41:15,984 - INFO - Skipping NC_H08_20200319_0300_L2ARP030_FLDK.02401_02401.nc (already exists and appears cropped)
2025-12-28 22:41:16,591 - INFO - Skipping NC_H08_20200319_0400_L2ARP030_FLDK.02401_02401.nc (already exists and appears cropped)
2025-12-28 22:41:17,186 - INFO - Skipping NC_H08_20200319_0500_L2ARP030_FLDK.02401_02401.nc (already exists and appears cropped)
2025-12-28 22:41:17,799 - INFO - Skipping NC_H08_20200319_0600_L2ARP030_FLDK.02401_02401.nc (already exists and appears cropped)
2025-12-28 22:41:18,415 - INFO - Skipping NC_H08_20200319_0700_L2ARP030_FLDK.02401_02401.nc (already exists and appears cropped)
2025-12-28 22:41:19,009 - INFO - Skipping NC_H08_20200319_0800_L2ARP030_FLDK.02401_02401.nc (already exists and appears cropped)
2025-12-28 22:41:19,638 - INFO - Skipping NC_H08_20200319_0900_L2ARP030_FLDK.02401_02401.nc (already exists and appears cropped)
2025-12-28 22:41:20,247 - INFO - Skipping NC_H08_20200320_0000_L2ARP030_FLDK.02401_02401.nc (already exists and appears cropped)
2025-12-28 22:41:20,852 - INFO - Skipping NC_H08_20200320_0100_L2ARP030_FLDK.02401_02401.nc (already exists and appears cropped)
2025-12-28 22:41:21,456 - INFO - Skipping NC_H08_20200320_0200_L2ARP030_FLDK.02401_02401.nc (already exists and appears cropped)
2025-12-28 22:41:22,059 - INFO - Skipping NC_H08_20200320_0300_L2ARP030_FLDK.02401_02401.nc (already exists and appears cropped)
2025-12-28 22:41:22,660 - INFO - Skipping NC_H08_20200320_0400_L2ARP030_FLDK.02401_02401.nc (already exists and appears cropped)
2025-12-28 22:41:23,269 - INFO - Skipping NC_H08_20200320_0500_L2ARP030_FLDK.02401_02401.nc (already exists and appears cropped)
2025-12-28 22:41:23,884 - INFO - Skipping NC_H08_20200320_0600_L2ARP030_FLDK.02401_02401.nc (already exists and appears cropped)
2025-12-28 22:41:24,491 - INFO - Skipping NC_H08_20200320_0700_L2ARP030_FLDK.02401_02401.nc (already exists and appears cropped)
2025-12-28 22:41:25,108 - INFO - Skipping NC_H08_20200320_0800_L2ARP030_FLDK.02401_02401.nc (already exists and appears cropped)
2025-12-28 22:41:25,707 - INFO - Skipping NC_H08_20200320_0900_L2ARP030_FLDK.02401_02401.nc (already exists and appears cropped)
2025-12-28 22:41:26,330 - INFO - Skipping NC_H08_20200321_0000_L2ARP030_FLDK.02401_02401.nc (already exists and appears cropped)
2025-12-28 22:41:26,951 - INFO - Skipping NC_H08_20200321_0100_L2ARP030_FLDK.02401_02401.nc (already exists and appears cropped)
2025-12-28 22:41:27,562 - INFO - Skipping NC_H08_20200321_0200_L2ARP030_FLDK.02401_02401.nc (already exists and appears cropped)
2025-12-28 22:41:28,151 - INFO - Skipping NC_H08_20200321_0300_L2ARP030_FLDK.02401_02401.nc (already exists and appears cropped)
2025-12-28 22:41:28,765 - INFO - Skipping NC_H08_20200321_0400_L2ARP030_FLDK.02401_02401.nc (already exists and appears cropped)
2025-12-28 22:41:29,372 - INFO - Skipping NC_H08_20200321_0500_L2ARP030_FLDK.02401_02401.nc (already exists and appears cropped)
2025-12-28 22:41:29,972 - INFO - Skipping NC_H08_20200321_0600_L2ARP030_FLDK.02401_02401.nc (already exists and appears cropped)
2025-12-28 22:41:30,589 - INFO - Skipping NC_H08_20200321_0700_L2ARP030_FLDK.02401_02401.nc (already exists and appears cropped)
2025-12-28 22:41:31,197 - INFO - Skipping NC_H08_20200321_0800_L2ARP030_FLDK.02401_02401.nc (already exists and appears cropped)
2025-12-28 22:41:31,796 - INFO - Skipping NC_H08_20200321_0900_L2ARP030_FLDK.02401_02401.nc (already exists and appears cropped)
2025-12-28 22:41:32,402 - INFO - Skipping NC_H08_20200322_0000_L2ARP030_FLDK.02401_02401.nc (already exists and appears cropped)
2025-12-28 22:41:32,998 - INFO - Skipping NC_H08_20200322_0100_L2ARP030_FLDK.02401_02401.nc (already exists and appears cropped)
2025-12-28 22:41:33,597 - INFO - Skipping NC_H08_20200322_0200_L2ARP030_FLDK.02401_02401.nc (already exists and appears cropped)
2025-12-28 22:41:34,238 - INFO - Skipping NC_H08_20200322_0300_L2ARP030_FLDK.02401_02401.nc (already exists and appears cropped)
2025-12-28 22:41:34,863 - INFO - Skipping NC_H08_20200322_0400_L2ARP030_FLDK.02401_02401.nc (already exists and appears cropped)
2025-12-28 22:41:35,477 - INFO - Skipping NC_H08_20200322_0500_L2ARP030_FLDK.02401_02401.nc (already exists and appears cropped)
2025-12-28 22:41:36,080 - INFO - Skipping NC_H08_20200322_0600_L2ARP030_FLDK.02401_02401.nc (already exists and appears cropped)
2025-12-28 22:41:36,685 - INFO - Skipping NC_H08_20200322_0700_L2ARP030_FLDK.02401_02401.nc (already exists and appears cropped)
2025-12-28 22:41:37,303 - INFO - Skipping NC_H08_20200322_0800_L2ARP030_FLDK.02401_02401.nc (already exists and appears cropped)
2025-12-28 22:41:37,907 - INFO - Skipping NC_H08_20200322_0900_L2ARP030_FLDK.02401_02401.nc (already exists and appears cropped)
2025-12-28 22:41:38,506 - INFO - Skipping NC_H08_20200323_0000_L2ARP030_FLDK.02401_02401.nc (already exists and appears cropped)
2025-12-28 22:41:39,138 - INFO - Skipping NC_H08_20200323_0100_L2ARP030_FLDK.02401_02401.nc (already exists and appears cropped)
2025-12-28 22:41:39,763 - INFO - Skipping NC_H08_20200323_0200_L2ARP030_FLDK.02401_02401.nc (already exists and appears cropped)
2025-12-28 22:41:40,358 - INFO - Skipping NC_H08_20200323_0300_L2ARP030_FLDK.02401_02401.nc (already exists and appears cropped)
2025-12-28 22:41:40,980 - INFO - Skipping NC_H08_20200323_0400_L2ARP030_FLDK.02401_02401.nc (already exists and appears cropped)
2025-12-28 22:41:41,583 - INFO - Skipping NC_H08_20200323_0500_L2ARP030_FLDK.02401_02401.nc (already exists and appears cropped)
2025-12-28 22:41:42,186 - INFO - Skipping NC_H08_20200323_0600_L2ARP030_FLDK.02401_02401.nc (already exists and appears cropped)
2025-12-28 22:41:42,799 - INFO - Skipping NC_H08_20200323_0700_L2ARP030_FLDK.02401_02401.nc (already exists and appears cropped)
2025-12-28 22:41:43,400 - INFO - Skipping NC_H08_20200323_0800_L2ARP030_FLDK.02401_02401.nc (already exists and appears cropped)
2025-12-28 22:41:44,006 - INFO - Skipping NC_H08_20200323_0900_L2ARP030_FLDK.02401_02401.nc (already exists and appears cropped)
2025-12-28 22:41:44,614 - INFO - Skipping NC_H08_20200324_0000_L2ARP030_FLDK.02401_02401.nc (already exists and appears cropped)
2025-12-28 22:41:45,208 - INFO - Skipping NC_H08_20200324_0100_L2ARP030_FLDK.02401_02401.nc (already exists and appears cropped)
2025-12-28 22:41:45,808 - INFO - Skipping NC_H08_20200324_0200_L2ARP030_FLDK.02401_02401.nc (already exists and appears cropped)
2025-12-28 22:41:46,435 - INFO - Skipping NC_H08_20200324_0300_L2ARP030_FLDK.02401_02401.nc (already exists and appears cropped)
2025-12-28 22:41:47,055 - INFO - Skipping NC_H08_20200324_0400_L2ARP030_FLDK.02401_02401.nc (already exists and appears cropped)
2025-12-28 22:41:47,657 - INFO - Skipping NC_H08_20200324_0500_L2ARP030_FLDK.02401_02401.nc (already exists and appears cropped)
2025-12-28 22:41:48,258 - INFO - Skipping NC_H08_20200324_0600_L2ARP030_FLDK.02401_02401.nc (already exists and appears cropped)
2025-12-28 22:41:48,866 - INFO - Skipping NC_H08_20200324_0700_L2ARP030_FLDK.02401_02401.nc (already exists and appears cropped)
2025-12-28 22:41:49,472 - INFO - Skipping NC_H08_20200324_0800_L2ARP030_FLDK.02401_02401.nc (already exists and appears cropped)
2025-12-28 22:41:50,071 - INFO - Skipping NC_H08_20200324_0900_L2ARP030_FLDK.02401_02401.nc (already exists and appears cropped)
2025-12-28 22:41:50,700 - INFO - Skipping NC_H08_20200325_0000_L2ARP030_FLDK.02401_02401.nc (already exists and appears cropped)
2025-12-28 22:41:51,323 - INFO - Skipping NC_H08_20200325_0100_L2ARP030_FLDK.02401_02401.nc (already exists and appears cropped)
2025-12-28 22:41:51,924 - INFO - Skipping NC_H08_20200325_0200_L2ARP030_FLDK.02401_02401.nc (already exists and appears cropped)
2025-12-28 22:41:52,562 - INFO - Skipping NC_H08_20200325_0300_L2ARP030_FLDK.02401_02401.nc (already exists and appears cropped)
2025-12-28 22:41:53,194 - INFO - Skipping NC_H08_20200325_0400_L2ARP030_FLDK.02401_02401.nc (already exists and appears cropped)
2025-12-28 22:41:53,805 - INFO - Skipping NC_H08_20200325_0500_L2ARP030_FLDK.02401_02401.nc (already exists and appears cropped)
2025-12-28 22:41:54,413 - INFO - Skipping NC_H08_20200325_0600_L2ARP030_FLDK.02401_02401.nc (already exists and appears cropped)
2025-12-28 22:41:55,029 - INFO - Skipping NC_H08_20200325_0700_L2ARP030_FLDK.02401_02401.nc (already exists and appears cropped)
2025-12-28 22:41:55,647 - INFO - Skipping NC_H08_20200325_0800_L2ARP030_FLDK.02401_02401.nc (already exists and appears cropped)
2025-12-28 22:41:56,269 - INFO - Skipping NC_H08_20200325_0900_L2ARP030_FLDK.02401_02401.nc (already exists and appears cropped)
2025-12-28 22:41:56,888 - INFO - Skipping NC_H08_20200326_0000_L2ARP030_FLDK.02401_02401.nc (already exists and appears cropped)
2025-12-28 22:41:57,498 - INFO - Skipping NC_H08_20200326_0100_L2ARP030_FLDK.02401_02401.nc (already exists and appears cropped)
2025-12-28 22:41:58,117 - INFO - Skipping NC_H08_20200326_0200_L2ARP030_FLDK.02401_02401.nc (already exists and appears cropped)
2025-12-28 22:41:58,718 - INFO - Skipping NC_H08_20200326_0300_L2ARP030_FLDK.02401_02401.nc (already exists and appears cropped)
2025-12-28 22:41:59,319 - INFO - Skipping NC_H08_20200326_0400_L2ARP030_FLDK.02401_02401.nc (already exists and appears cropped)
2025-12-28 22:41:59,924 - INFO - Skipping NC_H08_20200326_0500_L2ARP030_FLDK.02401_02401.nc (already exists and appears cropped)
2025-12-28 22:42:00,522 - INFO - Skipping NC_H08_20200326_0600_L2ARP030_FLDK.02401_02401.nc (already exists and appears cropped)
2025-12-28 22:42:01,126 - INFO - Skipping NC_H08_20200326_0700_L2ARP030_FLDK.02401_02401.nc (already exists and appears cropped)
2025-12-28 22:42:01,735 - INFO - Skipping NC_H08_20200326_0800_L2ARP030_FLDK.02401_02401.nc (already exists and appears cropped)
2025-12-28 22:42:02,348 - INFO - Skipping NC_H08_20200326_0900_L2ARP030_FLDK.02401_02401.nc (already exists and appears cropped)
2025-12-28 22:42:02,976 - INFO - Skipping NC_H08_20200327_0000_L2ARP030_FLDK.02401_02401.nc (already exists and appears cropped)
2025-12-28 22:42:03,582 - INFO - Skipping NC_H08_20200327_0100_L2ARP030_FLDK.02401_02401.nc (already exists and appears cropped)
2025-12-28 22:42:04,173 - INFO - Skipping NC_H08_20200327_0200_L2ARP030_FLDK.02401_02401.nc (already exists and appears cropped)
2025-12-28 22:42:04,789 - INFO - Skipping NC_H08_20200327_0300_L2ARP030_FLDK.02401_02401.nc (already exists and appears cropped)
2025-12-28 22:42:05,399 - INFO - Skipping NC_H08_20200327_0400_L2ARP030_FLDK.02401_02401.nc (already exists and appears cropped)
2025-12-28 22:42:05,998 - INFO - Skipping NC_H08_20200327_0500_L2ARP030_FLDK.02401_02401.nc (already exists and appears cropped)
2025-12-28 22:42:06,631 - INFO - Skipping NC_H08_20200327_0600_L2ARP030_FLDK.02401_02401.nc (already exists and appears cropped)
2025-12-28 22:42:07,235 - INFO - Skipping NC_H08_20200327_0700_L2ARP030_FLDK.02401_02401.nc (already exists and appears cropped)
2025-12-28 22:42:07,857 - INFO - Skipping NC_H08_20200327_0800_L2ARP030_FLDK.02401_02401.nc (already exists and appears cropped)
2025-12-28 22:42:08,465 - INFO - Skipping NC_H08_20200327_0900_L2ARP030_FLDK.02401_02401.nc (already exists and appears cropped)
2025-12-28 22:42:09,417 - INFO - Skipping NC_H08_20200328_0000_L2ARP030_FLDK.02401_02401.nc (already exists and appears cropped)
2025-12-28 22:42:10,035 - INFO - Skipping NC_H08_20200328_0100_L2ARP030_FLDK.02401_02401.nc (already exists and appears cropped)
2025-12-28 22:42:10,656 - INFO - Skipping NC_H08_20200328_0200_L2ARP030_FLDK.02401_02401.nc (already exists and appears cropped)
2025-12-28 22:42:11,266 - INFO - Skipping NC_H08_20200328_0300_L2ARP030_FLDK.02401_02401.nc (already exists and appears cropped)
2025-12-28 22:42:11,873 - INFO - Skipping NC_H08_20200328_0400_L2ARP030_FLDK.02401_02401.nc (already exists and appears cropped)
2025-12-28 22:42:12,499 - INFO - Skipping NC_H08_20200328_0500_L2ARP030_FLDK.02401_02401.nc (already exists and appears cropped)
2025-12-28 22:42:13,130 - INFO - Skipping NC_H08_20200328_0600_L2ARP030_FLDK.02401_02401.nc (already exists and appears cropped)
2025-12-28 22:42:13,742 - INFO - Skipping NC_H08_20200328_0700_L2ARP030_FLDK.02401_02401.nc (already exists and appears cropped)
2025-12-28 22:42:14,360 - INFO - Skipping NC_H08_20200328_0800_L2ARP030_FLDK.02401_02401.nc (already exists and appears cropped)
2025-12-28 22:42:14,966 - INFO - Skipping NC_H08_20200328_0900_L2ARP030_FLDK.02401_02401.nc (already exists and appears cropped)
2025-12-28 22:42:15,576 - INFO - Skipping NC_H08_20200329_0000_L2ARP030_FLDK.02401_02401.nc (already exists and appears cropped)
2025-12-28 22:42:16,180 - INFO - Skipping NC_H08_20200329_0100_L2ARP030_FLDK.02401_02401.nc (already exists and appears cropped)
2025-12-28 22:42:16,791 - INFO - Skipping NC_H08_20200329_0200_L2ARP030_FLDK.02401_02401.nc (already exists and appears cropped)
2025-12-28 22:42:17,403 - INFO - Skipping NC_H08_20200329_0300_L2ARP030_FLDK.02401_02401.nc (already exists and appears cropped)
2025-12-28 22:42:18,020 - INFO - Skipping NC_H08_20200329_0400_L2ARP030_FLDK.02401_02401.nc (already exists and appears cropped)
2025-12-28 22:42:18,648 - INFO - Skipping NC_H08_20200329_0500_L2ARP030_FLDK.02401_02401.nc (already exists and appears cropped)
2025-12-28 22:42:19,259 - INFO - Skipping NC_H08_20200329_0600_L2ARP030_FLDK.02401_02401.nc (already exists and appears cropped)
2025-12-28 22:42:19,872 - INFO - Skipping NC_H08_20200329_0700_L2ARP030_FLDK.02401_02401.nc (already exists and appears cropped)
2025-12-28 22:42:20,490 - INFO - Skipping NC_H08_20200329_0800_L2ARP030_FLDK.02401_02401.nc (already exists and appears cropped)
2025-12-28 22:42:21,112 - INFO - Skipping NC_H08_20200329_0900_L2ARP030_FLDK.02401_02401.nc (already exists and appears cropped)
2025-12-28 22:42:21,742 - INFO - Skipping NC_H08_20200330_0000_L2ARP030_FLDK.02401_02401.nc (already exists and appears cropped)
2025-12-28 22:42:22,379 - INFO - Skipping NC_H08_20200330_0100_L2ARP030_FLDK.02401_02401.nc (already exists and appears cropped)
2025-12-28 22:42:23,007 - INFO - Skipping NC_H08_20200330_0200_L2ARP030_FLDK.02401_02401.nc (already exists and appears cropped)
2025-12-28 22:42:23,615 - INFO - Skipping NC_H08_20200330_0300_L2ARP030_FLDK.02401_02401.nc (already exists and appears cropped)
2025-12-28 22:42:24,243 - INFO - Skipping NC_H08_20200330_0400_L2ARP030_FLDK.02401_02401.nc (already exists and appears cropped)
2025-12-28 22:42:24,859 - INFO - Skipping NC_H08_20200330_0500_L2ARP030_FLDK.02401_02401.nc (already exists and appears cropped)
2025-12-28 22:42:25,469 - INFO - Skipping NC_H08_20200330_0600_L2ARP030_FLDK.02401_02401.nc (already exists and appears cropped)
2025-12-28 22:42:26,077 - INFO - Skipping NC_H08_20200330_0700_L2ARP030_FLDK.02401_02401.nc (already exists and appears cropped)
2025-12-28 22:42:26,687 - INFO - Skipping NC_H08_20200330_0800_L2ARP030_FLDK.02401_02401.nc (already exists and appears cropped)
2025-12-28 22:42:27,294 - INFO - Skipping NC_H08_20200330_0900_L2ARP030_FLDK.02401_02401.nc (already exists and appears cropped)
2025-12-28 22:42:27,912 - INFO - Skipping NC_H08_20200331_0000_L2ARP030_FLDK.02401_02401.nc (already exists and appears cropped)
2025-12-28 22:42:28,536 - INFO - Skipping NC_H08_20200331_0100_L2ARP030_FLDK.02401_02401.nc (already exists and appears cropped)
2025-12-28 22:42:29,156 - INFO - Skipping NC_H08_20200331_0200_L2ARP030_FLDK.02401_02401.nc (already exists and appears cropped)
2025-12-28 22:42:29,761 - INFO - Skipping NC_H08_20200331_0300_L2ARP030_FLDK.02401_02401.nc (already exists and appears cropped)
2025-12-28 22:42:30,400 - INFO - Skipping NC_H08_20200331_0400_L2ARP030_FLDK.02401_02401.nc (already exists and appears cropped)
2025-12-28 22:42:31,018 - INFO - Skipping NC_H08_20200331_0500_L2ARP030_FLDK.02401_02401.nc (already exists and appears cropped)
2025-12-28 22:42:31,641 - INFO - Skipping NC_H08_20200331_0600_L2ARP030_FLDK.02401_02401.nc (already exists and appears cropped)
2025-12-28 22:42:32,247 - INFO - Skipping NC_H08_20200331_0700_L2ARP030_FLDK.02401_02401.nc (already exists and appears cropped)
2025-12-28 22:42:32,858 - INFO - Skipping NC_H08_20200331_0800_L2ARP030_FLDK.02401_02401.nc (already exists and appears cropped)
2025-12-28 22:42:33,465 - INFO - Skipping NC_H08_20200331_0900_L2ARP030_FLDK.02401_02401.nc (already exists and appears cropped)
2025-12-28 22:42:34,075 - INFO - Skipping NC_H08_20200401_0000_L2ARP030_FLDK.02401_02401.nc (already exists and appears cropped)
2025-12-28 22:42:34,681 - INFO - Skipping NC_H08_20200401_0100_L2ARP030_FLDK.02401_02401.nc (already exists and appears cropped)
2025-12-28 22:42:35,284 - INFO - Skipping NC_H08_20200401_0200_L2ARP030_FLDK.02401_02401.nc (already exists and appears cropped)
2025-12-28 22:42:35,886 - INFO - Skipping NC_H08_20200401_0300_L2ARP030_FLDK.02401_02401.nc (already exists and appears cropped)
2025-12-28 22:42:36,506 - INFO - Skipping NC_H08_20200401_0400_L2ARP030_FLDK.02401_02401.nc (already exists and appears cropped)
2025-12-28 22:42:37,143 - INFO - Skipping NC_H08_20200401_0500_L2ARP030_FLDK.02401_02401.nc (already exists and appears cropped)
2025-12-28 22:42:37,753 - INFO - Skipping NC_H08_20200401_0600_L2ARP030_FLDK.02401_02401.nc (already exists and appears cropped)
2025-12-28 22:42:38,361 - INFO - Skipping NC_H08_20200401_0700_L2ARP030_FLDK.02401_02401.nc (already exists and appears cropped)
2025-12-28 22:42:38,983 - INFO - Skipping NC_H08_20200401_0800_L2ARP030_FLDK.02401_02401.nc (already exists and appears cropped)
2025-12-28 22:42:39,577 - INFO - Skipping NC_H08_20200401_0900_L2ARP030_FLDK.02401_02401.nc (already exists and appears cropped)
2025-12-28 22:42:40,180 - INFO - Skipping NC_H08_20200402_0000_L2ARP030_FLDK.02401_02401.nc (already exists and appears cropped)
2025-12-28 22:42:40,777 - INFO - Skipping NC_H08_20200402_0100_L2ARP030_FLDK.02401_02401.nc (already exists and appears cropped)
2025-12-28 22:42:41,394 - INFO - Skipping NC_H08_20200402_0200_L2ARP030_FLDK.02401_02401.nc (already exists and appears cropped)
2025-12-28 22:42:41,997 - INFO - Skipping NC_H08_20200402_0300_L2ARP030_FLDK.02401_02401.nc (already exists and appears cropped)
2025-12-28 22:42:42,598 - INFO - Skipping NC_H08_20200402_0400_L2ARP030_FLDK.02401_02401.nc (already exists and appears cropped)
2025-12-28 22:42:43,198 - INFO - Skipping NC_H08_20200402_0500_L2ARP030_FLDK.02401_02401.nc (already exists and appears cropped)
2025-12-28 22:42:43,801 - INFO - Skipping NC_H08_20200402_0600_L2ARP030_FLDK.02401_02401.nc (already exists and appears cropped)
2025-12-28 22:42:44,412 - INFO - Skipping NC_H08_20200402_0700_L2ARP030_FLDK.02401_02401.nc (already exists and appears cropped)
2025-12-28 22:42:45,018 - INFO - Skipping NC_H08_20200402_0800_L2ARP030_FLDK.02401_02401.nc (already exists and appears cropped)
2025-12-28 22:42:45,638 - INFO - Skipping NC_H08_20200402_0900_L2ARP030_FLDK.02401_02401.nc (already exists and appears cropped)
2025-12-28 22:42:46,251 - INFO - Skipping NC_H08_20200403_0000_L2ARP030_FLDK.02401_02401.nc (already exists and appears cropped)
2025-12-28 22:42:46,853 - INFO - Skipping NC_H08_20200403_0100_L2ARP030_FLDK.02401_02401.nc (already exists and appears cropped)
2025-12-28 22:42:47,452 - INFO - Skipping NC_H08_20200403_0200_L2ARP030_FLDK.02401_02401.nc (already exists and appears cropped)
2025-12-28 22:42:48,046 - INFO - Skipping NC_H08_20200403_0300_L2ARP030_FLDK.02401_02401.nc (already exists and appears cropped)
2025-12-28 22:42:48,645 - INFO - Skipping NC_H08_20200403_0400_L2ARP030_FLDK.02401_02401.nc (already exists and appears cropped)
2025-12-28 22:42:49,252 - INFO - Skipping NC_H08_20200403_0500_L2ARP030_FLDK.02401_02401.nc (already exists and appears cropped)
2025-12-28 22:42:49,857 - INFO - Skipping NC_H08_20200403_0600_L2ARP030_FLDK.02401_02401.nc (already exists and appears cropped)
2025-12-28 22:42:50,460 - INFO - Skipping NC_H08_20200403_0700_L2ARP030_FLDK.02401_02401.nc (already exists and appears cropped)
2025-12-28 22:42:51,074 - INFO - Skipping NC_H08_20200403_0800_L2ARP030_FLDK.02401_02401.nc (already exists and appears cropped)
2025-12-28 22:42:51,680 - INFO - Skipping NC_H08_20200403_0900_L2ARP030_FLDK.02401_02401.nc (already exists and appears cropped)
2025-12-28 22:42:52,290 - INFO - Skipping NC_H08_20200404_0000_L2ARP030_FLDK.02401_02401.nc (already exists and appears cropped)
2025-12-28 22:42:52,899 - INFO - Skipping NC_H08_20200404_0100_L2ARP030_FLDK.02401_02401.nc (already exists and appears cropped)
2025-12-28 22:42:53,495 - INFO - Skipping NC_H08_20200404_0200_L2ARP030_FLDK.02401_02401.nc (already exists and appears cropped)
2025-12-28 22:42:54,102 - INFO - Skipping NC_H08_20200404_0300_L2ARP030_FLDK.02401_02401.nc (already exists and appears cropped)
2025-12-28 22:42:54,698 - INFO - Skipping NC_H08_20200404_0400_L2ARP030_FLDK.02401_02401.nc (already exists and appears cropped)
2025-12-28 22:42:55,304 - INFO - Skipping NC_H08_20200404_0500_L2ARP030_FLDK.02401_02401.nc (already exists and appears cropped)
2025-12-28 22:42:55,909 - INFO - Skipping NC_H08_20200404_0600_L2ARP030_FLDK.02401_02401.nc (already exists and appears cropped)
2025-12-28 22:42:56,514 - INFO - Skipping NC_H08_20200404_0700_L2ARP030_FLDK.02401_02401.nc (already exists and appears cropped)
2025-12-28 22:42:57,128 - INFO - Skipping NC_H08_20200404_0800_L2ARP030_FLDK.02401_02401.nc (already exists and appears cropped)
2025-12-28 22:42:57,741 - INFO - Skipping NC_H08_20200404_0900_L2ARP030_FLDK.02401_02401.nc (already exists and appears cropped)
2025-12-28 22:42:58,345 - INFO - Skipping NC_H08_20200405_0000_L2ARP030_FLDK.02401_02401.nc (already exists and appears cropped)
2025-12-28 22:42:58,950 - INFO - Skipping NC_H08_20200405_0100_L2ARP030_FLDK.02401_02401.nc (already exists and appears cropped)
2025-12-28 22:42:59,559 - INFO - Skipping NC_H08_20200405_0200_L2ARP030_FLDK.02401_02401.nc (already exists and appears cropped)
2025-12-28 22:43:00,158 - INFO - Skipping NC_H08_20200405_0300_L2ARP030_FLDK.02401_02401.nc (already exists and appears cropped)
2025-12-28 22:43:00,755 - INFO - Skipping NC_H08_20200405_0400_L2ARP030_FLDK.02401_02401.nc (already exists and appears cropped)
2025-12-28 22:43:01,364 - INFO - Skipping NC_H08_20200405_0500_L2ARP030_FLDK.02401_02401.nc (already exists and appears cropped)
2025-12-28 22:43:01,970 - INFO - Skipping NC_H08_20200405_0600_L2ARP030_FLDK.02401_02401.nc (already exists and appears cropped)
2025-12-28 22:43:02,572 - INFO - Skipping NC_H08_20200405_0700_L2ARP030_FLDK.02401_02401.nc (already exists and appears cropped)
2025-12-28 22:43:03,189 - INFO - Skipping NC_H08_20200405_0800_L2ARP030_FLDK.02401_02401.nc (already exists and appears cropped)
2025-12-28 22:43:03,803 - INFO - Skipping NC_H08_20200405_0900_L2ARP030_FLDK.02401_02401.nc (already exists and appears cropped)
2025-12-28 22:43:04,425 - INFO - Skipping NC_H08_20200406_0000_L2ARP030_FLDK.02401_02401.nc (already exists and appears cropped)
2025-12-28 22:43:05,044 - INFO - Skipping NC_H08_20200406_0100_L2ARP030_FLDK.02401_02401.nc (already exists and appears cropped)
2025-12-28 22:43:05,649 - INFO - Skipping NC_H08_20200406_0200_L2ARP030_FLDK.02401_02401.nc (already exists and appears cropped)
2025-12-28 22:43:06,288 - INFO - Skipping NC_H08_20200406_0300_L2ARP030_FLDK.02401_02401.nc (already exists and appears cropped)
2025-12-28 22:43:06,889 - INFO - Skipping NC_H08_20200406_0400_L2ARP030_FLDK.02401_02401.nc (already exists and appears cropped)
2025-12-28 22:43:07,511 - INFO - Skipping NC_H08_20200406_0500_L2ARP030_FLDK.02401_02401.nc (already exists and appears cropped)
2025-12-28 22:43:08,115 - INFO - Skipping NC_H08_20200406_0600_L2ARP030_FLDK.02401_02401.nc (already exists and appears cropped)
2025-12-28 22:43:08,718 - INFO - Skipping NC_H08_20200406_0700_L2ARP030_FLDK.02401_02401.nc (already exists and appears cropped)
2025-12-28 22:43:09,339 - INFO - Skipping NC_H08_20200406_0800_L2ARP030_FLDK.02401_02401.nc (already exists and appears cropped)
2025-12-28 22:43:09,945 - INFO - Skipping NC_H08_20200406_0900_L2ARP030_FLDK.02401_02401.nc (already exists and appears cropped)
2025-12-28 22:43:10,557 - INFO - Skipping NC_H08_20200407_0000_L2ARP030_FLDK.02401_02401.nc (already exists and appears cropped)
2025-12-28 22:43:11,159 - INFO - Skipping NC_H08_20200407_0100_L2ARP030_FLDK.02401_02401.nc (already exists and appears cropped)
2025-12-28 22:43:11,762 - INFO - Skipping NC_H08_20200407_0200_L2ARP030_FLDK.02401_02401.nc (already exists and appears cropped)
2025-12-28 22:43:12,365 - INFO - Skipping NC_H08_20200407_0300_L2ARP030_FLDK.02401_02401.nc (already exists and appears cropped)
2025-12-28 22:43:12,985 - INFO - Skipping NC_H08_20200407_0400_L2ARP030_FLDK.02401_02401.nc (already exists and appears cropped)
2025-12-28 22:43:13,586 - INFO - Skipping NC_H08_20200407_0500_L2ARP030_FLDK.02401_02401.nc (already exists and appears cropped)
2025-12-28 22:43:14,180 - INFO - Skipping NC_H08_20200407_0600_L2ARP030_FLDK.02401_02401.nc (already exists and appears cropped)
2025-12-28 22:43:14,777 - INFO - Skipping NC_H08_20200407_0700_L2ARP030_FLDK.02401_02401.nc (already exists and appears cropped)
2025-12-28 22:43:15,383 - INFO - Skipping NC_H08_20200407_0800_L2ARP030_FLDK.02401_02401.nc (already exists and appears cropped)
2025-12-28 22:43:15,993 - INFO - Skipping NC_H08_20200407_0900_L2ARP030_FLDK.02401_02401.nc (already exists and appears cropped)
2025-12-28 22:43:16,609 - INFO - Skipping NC_H08_20200408_0000_L2ARP030_FLDK.02401_02401.nc (already exists and appears cropped)
2025-12-28 22:43:17,220 - INFO - Skipping NC_H08_20200408_0100_L2ARP030_FLDK.02401_02401.nc (already exists and appears cropped)
2025-12-28 22:43:17,845 - INFO - Skipping NC_H08_20200408_0200_L2ARP030_FLDK.02401_02401.nc (already exists and appears cropped)
2025-12-28 22:43:18,458 - INFO - Skipping NC_H08_20200408_0300_L2ARP030_FLDK.02401_02401.nc (already exists and appears cropped)
2025-12-28 22:43:19,076 - INFO - Skipping NC_H08_20200408_0400_L2ARP030_FLDK.02401_02401.nc (already exists and appears cropped)
2025-12-28 22:43:19,717 - INFO - Skipping NC_H08_20200408_0500_L2ARP030_FLDK.02401_02401.nc (already exists and appears cropped)
2025-12-28 22:43:20,324 - INFO - Skipping NC_H08_20200408_0600_L2ARP030_FLDK.02401_02401.nc (already exists and appears cropped)
2025-12-28 22:43:20,925 - INFO - Skipping NC_H08_20200408_0700_L2ARP030_FLDK.02401_02401.nc (already exists and appears cropped)
2025-12-28 22:43:21,544 - INFO - Skipping NC_H08_20200408_0800_L2ARP030_FLDK.02401_02401.nc (already exists and appears cropped)
2025-12-28 22:43:22,134 - INFO - Skipping NC_H08_20200408_0900_L2ARP030_FLDK.02401_02401.nc (already exists and appears cropped)
2025-12-28 22:43:22,747 - INFO - Skipping NC_H08_20200409_0000_L2ARP030_FLDK.02401_02401.nc (already exists and appears cropped)
2025-12-28 22:43:23,348 - INFO - Skipping NC_H08_20200409_0100_L2ARP030_FLDK.02401_02401.nc (already exists and appears cropped)
2025-12-28 22:43:23,966 - INFO - Skipping NC_H08_20200409_0200_L2ARP030_FLDK.02401_02401.nc (already exists and appears cropped)
2025-12-28 22:43:24,585 - INFO - Skipping NC_H08_20200409_0300_L2ARP030_FLDK.02401_02401.nc (already exists and appears cropped)
2025-12-28 22:43:25,202 - INFO - Skipping NC_H08_20200409_0400_L2ARP030_FLDK.02401_02401.nc (already exists and appears cropped)
2025-12-28 22:43:25,801 - INFO - Skipping NC_H08_20200409_0500_L2ARP030_FLDK.02401_02401.nc (already exists and appears cropped)
2025-12-28 22:43:26,391 - INFO - Skipping NC_H08_20200409_0600_L2ARP030_FLDK.02401_02401.nc (already exists and appears cropped)
2025-12-28 22:43:27,005 - INFO - Skipping NC_H08_20200409_0700_L2ARP030_FLDK.02401_02401.nc (already exists and appears cropped)
2025-12-28 22:43:27,590 - INFO - Skipping NC_H08_20200409_0800_L2ARP030_FLDK.02401_02401.nc (already exists and appears cropped)
2025-12-28 22:43:28,202 - INFO - Skipping NC_H08_20200409_0900_L2ARP030_FLDK.02401_02401.nc (already exists and appears cropped)
2025-12-28 22:43:28,794 - INFO - Skipping NC_H08_20200410_0000_L2ARP030_FLDK.02401_02401.nc (already exists and appears cropped)
2025-12-28 22:43:29,385 - INFO - Skipping NC_H08_20200410_0100_L2ARP030_FLDK.02401_02401.nc (already exists and appears cropped)
2025-12-28 22:43:29,996 - INFO - Skipping NC_H08_20200410_0200_L2ARP030_FLDK.02401_02401.nc (already exists and appears cropped)
2025-12-28 22:43:30,604 - INFO - Skipping NC_H08_20200410_0300_L2ARP030_FLDK.02401_02401.nc (already exists and appears cropped)
2025-12-28 22:43:31,201 - INFO - Skipping NC_H08_20200410_0400_L2ARP030_FLDK.02401_02401.nc (already exists and appears cropped)
2025-12-28 22:43:31,816 - INFO - Skipping NC_H08_20200410_0500_L2ARP030_FLDK.02401_02401.nc (already exists and appears cropped)
2025-12-28 22:43:32,434 - INFO - Skipping NC_H08_20200410_0600_L2ARP030_FLDK.02401_02401.nc (already exists and appears cropped)
2025-12-28 22:43:33,053 - INFO - Skipping NC_H08_20200410_0700_L2ARP030_FLDK.02401_02401.nc (already exists and appears cropped)
2025-12-28 22:43:33,656 - INFO - Skipping NC_H08_20200410_0800_L2ARP030_FLDK.02401_02401.nc (already exists and appears cropped)
2025-12-28 22:43:34,272 - INFO - Skipping NC_H08_20200410_0900_L2ARP030_FLDK.02401_02401.nc (already exists and appears cropped)
2025-12-28 22:43:34,900 - INFO - Skipping NC_H08_20200411_0000_L2ARP030_FLDK.02401_02401.nc (already exists and appears cropped)
2025-12-28 22:43:35,541 - INFO - Skipping NC_H08_20200411_0100_L2ARP030_FLDK.02401_02401.nc (already exists and appears cropped)
2025-12-28 22:43:36,148 - INFO - Skipping NC_H08_20200411_0200_L2ARP030_FLDK.02401_02401.nc (already exists and appears cropped)
2025-12-28 22:43:36,761 - INFO - Skipping NC_H08_20200411_0300_L2ARP030_FLDK.02401_02401.nc (already exists and appears cropped)
2025-12-28 22:43:37,355 - INFO - Skipping NC_H08_20200411_0400_L2ARP030_FLDK.02401_02401.nc (already exists and appears cropped)
2025-12-28 22:43:37,961 - INFO - Skipping NC_H08_20200411_0500_L2ARP030_FLDK.02401_02401.nc (already exists and appears cropped)
2025-12-28 22:43:38,557 - INFO - Skipping NC_H08_20200411_0600_L2ARP030_FLDK.02401_02401.nc (already exists and appears cropped)
2025-12-28 22:43:39,169 - INFO - Skipping NC_H08_20200411_0700_L2ARP030_FLDK.02401_02401.nc (already exists and appears cropped)
2025-12-28 22:43:39,789 - INFO - Skipping NC_H08_20200411_0800_L2ARP030_FLDK.02401_02401.nc (already exists and appears cropped)
2025-12-28 22:43:40,404 - INFO - Skipping NC_H08_20200411_0900_L2ARP030_FLDK.02401_02401.nc (already exists and appears cropped)
2025-12-28 22:43:41,023 - INFO - Skipping NC_H08_20200412_0000_L2ARP030_FLDK.02401_02401.nc (already exists and appears cropped)
2025-12-28 22:43:41,620 - INFO - Skipping NC_H08_20200412_0100_L2ARP030_FLDK.02401_02401.nc (already exists and appears cropped)
2025-12-28 22:43:42,228 - INFO - Skipping NC_H08_20200412_0200_L2ARP030_FLDK.02401_02401.nc (already exists and appears cropped)
2025-12-28 22:43:42,849 - INFO - Skipping NC_H08_20200412_0300_L2ARP030_FLDK.02401_02401.nc (already exists and appears cropped)
2025-12-28 22:43:43,458 - INFO - Skipping NC_H08_20200412_0400_L2ARP030_FLDK.02401_02401.nc (already exists and appears cropped)
2025-12-28 22:43:44,067 - INFO - Skipping NC_H08_20200412_0500_L2ARP030_FLDK.02401_02401.nc (already exists and appears cropped)
2025-12-28 22:43:44,684 - INFO - Skipping NC_H08_20200412_0600_L2ARP030_FLDK.02401_02401.nc (already exists and appears cropped)
2025-12-28 22:43:45,295 - INFO - Skipping NC_H08_20200412_0700_L2ARP030_FLDK.02401_02401.nc (already exists and appears cropped)
2025-12-28 22:43:45,905 - INFO - Skipping NC_H08_20200412_0800_L2ARP030_FLDK.02401_02401.nc (already exists and appears cropped)
2025-12-28 22:43:46,505 - INFO - Skipping NC_H08_20200412_0900_L2ARP030_FLDK.02401_02401.nc (already exists and appears cropped)
2025-12-28 22:43:47,107 - INFO - Skipping NC_H08_20200413_0000_L2ARP030_FLDK.02401_02401.nc (already exists and appears cropped)
2025-12-28 22:43:47,708 - INFO - Skipping NC_H08_20200413_0100_L2ARP030_FLDK.02401_02401.nc (already exists and appears cropped)
2025-12-28 22:43:48,312 - INFO - Skipping NC_H08_20200413_0200_L2ARP030_FLDK.02401_02401.nc (already exists and appears cropped)
2025-12-28 22:43:48,911 - INFO - Skipping NC_H08_20200413_0300_L2ARP030_FLDK.02401_02401.nc (already exists and appears cropped)
2025-12-28 22:43:49,519 - INFO - Skipping NC_H08_20200413_0400_L2ARP030_FLDK.02401_02401.nc (already exists and appears cropped)
2025-12-28 22:43:50,148 - INFO - Skipping NC_H08_20200413_0500_L2ARP030_FLDK.02401_02401.nc (already exists and appears cropped)
2025-12-28 22:43:50,752 - INFO - Skipping NC_H08_20200413_0600_L2ARP030_FLDK.02401_02401.nc (already exists and appears cropped)
2025-12-28 22:43:51,386 - INFO - Skipping NC_H08_20200413_0700_L2ARP030_FLDK.02401_02401.nc (already exists and appears cropped)
2025-12-28 22:43:51,984 - INFO - Skipping NC_H08_20200413_0800_L2ARP030_FLDK.02401_02401.nc (already exists and appears cropped)
2025-12-28 22:43:52,622 - INFO - Skipping NC_H08_20200413_0900_L2ARP030_FLDK.02401_02401.nc (already exists and appears cropped)
2025-12-28 22:43:53,229 - INFO - Skipping NC_H08_20200414_0000_L2ARP030_FLDK.02401_02401.nc (already exists and appears cropped)
2025-12-28 22:43:53,848 - INFO - Skipping NC_H08_20200414_0100_L2ARP030_FLDK.02401_02401.nc (already exists and appears cropped)
2025-12-28 22:43:54,451 - INFO - Skipping NC_H08_20200414_0200_L2ARP030_FLDK.02401_02401.nc (already exists and appears cropped)
2025-12-28 22:43:55,051 - INFO - Skipping NC_H08_20200414_0300_L2ARP030_FLDK.02401_02401.nc (already exists and appears cropped)
2025-12-28 22:43:55,658 - INFO - Skipping NC_H08_20200414_0400_L2ARP030_FLDK.02401_02401.nc (already exists and appears cropped)
2025-12-28 22:43:56,262 - INFO - Skipping NC_H08_20200414_0500_L2ARP030_FLDK.02401_02401.nc (already exists and appears cropped)
2025-12-28 22:43:56,869 - INFO - Skipping NC_H08_20200414_0600_L2ARP030_FLDK.02401_02401.nc (already exists and appears cropped)
2025-12-28 22:43:57,482 - INFO - Skipping NC_H08_20200414_0700_L2ARP030_FLDK.02401_02401.nc (already exists and appears cropped)
2025-12-28 22:43:58,093 - INFO - Skipping NC_H08_20200414_0800_L2ARP030_FLDK.02401_02401.nc (already exists and appears cropped)
2025-12-28 22:43:58,712 - INFO - Skipping NC_H08_20200414_0900_L2ARP030_FLDK.02401_02401.nc (already exists and appears cropped)
2025-12-28 22:43:59,317 - INFO - Skipping NC_H08_20200415_0000_L2ARP030_FLDK.02401_02401.nc (already exists and appears cropped)
2025-12-28 22:43:59,951 - INFO - Skipping NC_H08_20200415_0100_L2ARP030_FLDK.02401_02401.nc (already exists and appears cropped)
2025-12-28 22:44:00,540 - INFO - Skipping NC_H08_20200415_0200_L2ARP030_FLDK.02401_02401.nc (already exists and appears cropped)
2025-12-28 22:44:01,143 - INFO - Skipping NC_H08_20200415_0300_L2ARP030_FLDK.02401_02401.nc (already exists and appears cropped)
2025-12-28 22:44:01,751 - INFO - Skipping NC_H08_20200415_0400_L2ARP030_FLDK.02401_02401.nc (already exists and appears cropped)
2025-12-28 22:44:02,354 - INFO - Skipping NC_H08_20200415_0500_L2ARP030_FLDK.02401_02401.nc (already exists and appears cropped)
2025-12-28 22:44:02,994 - INFO - Skipping NC_H08_20200415_0600_L2ARP030_FLDK.02401_02401.nc (already exists and appears cropped)
2025-12-28 22:44:03,597 - INFO - Skipping NC_H08_20200415_0700_L2ARP030_FLDK.02401_02401.nc (already exists and appears cropped)
2025-12-28 22:44:04,190 - INFO - Skipping NC_H08_20200415_0800_L2ARP030_FLDK.02401_02401.nc (already exists and appears cropped)
2025-12-28 22:44:04,798 - INFO - Skipping NC_H08_20200415_0900_L2ARP030_FLDK.02401_02401.nc (already exists and appears cropped)
2025-12-28 22:44:05,411 - INFO - Skipping NC_H08_20200416_0000_L2ARP030_FLDK.02401_02401.nc (already exists and appears cropped)
2025-12-28 22:44:06,038 - INFO - Skipping NC_H08_20200416_0100_L2ARP030_FLDK.02401_02401.nc (already exists and appears cropped)
2025-12-28 22:44:06,644 - INFO - Skipping NC_H08_20200416_0200_L2ARP030_FLDK.02401_02401.nc (already exists and appears cropped)
2025-12-28 22:44:07,258 - INFO - Skipping NC_H08_20200416_0300_L2ARP030_FLDK.02401_02401.nc (already exists and appears cropped)
2025-12-28 22:44:07,868 - INFO - Skipping NC_H08_20200416_0400_L2ARP030_FLDK.02401_02401.nc (already exists and appears cropped)
2025-12-28 22:44:08,462 - INFO - Skipping NC_H08_20200416_0500_L2ARP030_FLDK.02401_02401.nc (already exists and appears cropped)
2025-12-28 22:44:09,078 - INFO - Skipping NC_H08_20200416_0600_L2ARP030_FLDK.02401_02401.nc (already exists and appears cropped)
2025-12-28 22:44:09,687 - INFO - Skipping NC_H08_20200416_0700_L2ARP030_FLDK.02401_02401.nc (already exists and appears cropped)
2025-12-28 22:44:10,296 - INFO - Skipping NC_H08_20200416_0800_L2ARP030_FLDK.02401_02401.nc (already exists and appears cropped)
2025-12-28 22:44:10,893 - INFO - Skipping NC_H08_20200416_0900_L2ARP030_FLDK.02401_02401.nc (already exists and appears cropped)
2025-12-28 22:44:11,543 - INFO - Skipping NC_H08_20200417_0000_L2ARP030_FLDK.02401_02401.nc (already exists and appears cropped)
2025-12-28 22:44:12,147 - INFO - Skipping NC_H08_20200417_0100_L2ARP030_FLDK.02401_02401.nc (already exists and appears cropped)
2025-12-28 22:44:12,753 - INFO - Skipping NC_H08_20200417_0200_L2ARP030_FLDK.02401_02401.nc (already exists and appears cropped)
2025-12-28 22:44:13,358 - INFO - Skipping NC_H08_20200417_0300_L2ARP030_FLDK.02401_02401.nc (already exists and appears cropped)
2025-12-28 22:44:13,967 - INFO - Skipping NC_H08_20200417_0400_L2ARP030_FLDK.02401_02401.nc (already exists and appears cropped)
2025-12-28 22:44:14,566 - INFO - Skipping NC_H08_20200417_0500_L2ARP030_FLDK.02401_02401.nc (already exists and appears cropped)
2025-12-28 22:44:15,171 - INFO - Skipping NC_H08_20200417_0600_L2ARP030_FLDK.02401_02401.nc (already exists and appears cropped)
2025-12-28 22:44:15,766 - INFO - Skipping NC_H08_20200417_0700_L2ARP030_FLDK.02401_02401.nc (already exists and appears cropped)
2025-12-28 22:44:16,371 - INFO - Skipping NC_H08_20200417_0800_L2ARP030_FLDK.02401_02401.nc (already exists and appears cropped)
2025-12-28 22:44:16,990 - INFO - Skipping NC_H08_20200417_0900_L2ARP030_FLDK.02401_02401.nc (already exists and appears cropped)
2025-12-28 22:44:17,600 - INFO - Skipping NC_H08_20200418_0000_L2ARP030_FLDK.02401_02401.nc (already exists and appears cropped)
2025-12-28 22:44:18,206 - INFO - Skipping NC_H08_20200418_0100_L2ARP030_FLDK.02401_02401.nc (already exists and appears cropped)
2025-12-28 22:44:18,794 - INFO - Skipping NC_H08_20200418_0200_L2ARP030_FLDK.02401_02401.nc (already exists and appears cropped)
2025-12-28 22:44:19,421 - INFO - Skipping NC_H08_20200418_0300_L2ARP030_FLDK.02401_02401.nc (already exists and appears cropped)
2025-12-28 22:44:20,045 - INFO - Skipping NC_H08_20200418_0400_L2ARP030_FLDK.02401_02401.nc (already exists and appears cropped)
2025-12-28 22:44:20,663 - INFO - Skipping NC_H08_20200418_0500_L2ARP030_FLDK.02401_02401.nc (already exists and appears cropped)
2025-12-28 22:44:21,278 - INFO - Skipping NC_H08_20200418_0600_L2ARP030_FLDK.02401_02401.nc (already exists and appears cropped)
2025-12-28 22:44:21,908 - INFO - Skipping NC_H08_20200418_0700_L2ARP030_FLDK.02401_02401.nc (already exists and appears cropped)
2025-12-28 22:44:22,524 - INFO - Skipping NC_H08_20200418_0800_L2ARP030_FLDK.02401_02401.nc (already exists and appears cropped)
2025-12-28 22:44:23,148 - INFO - Skipping NC_H08_20200418_0900_L2ARP030_FLDK.02401_02401.nc (already exists and appears cropped)
2025-12-28 22:44:23,830 - INFO - Skipping NC_H08_20200419_0000_L2ARP030_FLDK.02401_02401.nc (already exists and appears cropped)
2025-12-28 22:44:24,433 - INFO - Skipping NC_H08_20200419_0100_L2ARP030_FLDK.02401_02401.nc (already exists and appears cropped)
2025-12-28 22:44:25,032 - INFO - Skipping NC_H08_20200419_0200_L2ARP030_FLDK.02401_02401.nc (already exists and appears cropped)
2025-12-28 22:44:25,640 - INFO - Skipping NC_H08_20200419_0300_L2ARP030_FLDK.02401_02401.nc (already exists and appears cropped)
2025-12-28 22:44:26,247 - INFO - Skipping NC_H08_20200419_0400_L2ARP030_FLDK.02401_02401.nc (already exists and appears cropped)
2025-12-28 22:44:26,877 - INFO - Skipping NC_H08_20200419_0500_L2ARP030_FLDK.02401_02401.nc (already exists and appears cropped)
2025-12-28 22:44:27,470 - INFO - Skipping NC_H08_20200419_0600_L2ARP030_FLDK.02401_02401.nc (already exists and appears cropped)
2025-12-28 22:44:28,077 - INFO - Skipping NC_H08_20200419_0700_L2ARP030_FLDK.02401_02401.nc (already exists and appears cropped)
2025-12-28 22:44:28,681 - INFO - Skipping NC_H08_20200419_0800_L2ARP030_FLDK.02401_02401.nc (already exists and appears cropped)
2025-12-28 22:44:29,300 - INFO - Skipping NC_H08_20200419_0900_L2ARP030_FLDK.02401_02401.nc (already exists and appears cropped)
2025-12-28 22:44:29,918 - INFO - Skipping NC_H08_20200420_0000_L2ARP030_FLDK.02401_02401.nc (already exists and appears cropped)
2025-12-28 22:44:30,527 - INFO - Skipping NC_H08_20200420_0100_L2ARP030_FLDK.02401_02401.nc (already exists and appears cropped)
2025-12-28 22:44:31,131 - INFO - Skipping NC_H08_20200420_0200_L2ARP030_FLDK.02401_02401.nc (already exists and appears cropped)
2025-12-28 22:44:31,766 - INFO - Skipping NC_H08_20200420_0300_L2ARP030_FLDK.02401_02401.nc (already exists and appears cropped)
2025-12-28 22:44:32,391 - INFO - Skipping NC_H08_20200420_0400_L2ARP030_FLDK.02401_02401.nc (already exists and appears cropped)
2025-12-28 22:44:32,986 - INFO - Skipping NC_H08_20200420_0500_L2ARP030_FLDK.02401_02401.nc (already exists and appears cropped)
2025-12-28 22:44:33,616 - INFO - Skipping NC_H08_20200420_0600_L2ARP030_FLDK.02401_02401.nc (already exists and appears cropped)
2025-12-28 22:44:34,219 - INFO - Skipping NC_H08_20200420_0700_L2ARP030_FLDK.02401_02401.nc (already exists and appears cropped)
2025-12-28 22:44:34,824 - INFO - Skipping NC_H08_20200420_0800_L2ARP030_FLDK.02401_02401.nc (already exists and appears cropped)
2025-12-28 22:44:35,436 - INFO - Skipping NC_H08_20200420_0900_L2ARP030_FLDK.02401_02401.nc (already exists and appears cropped)
2025-12-28 22:44:36,042 - INFO - Skipping NC_H08_20200421_0000_L2ARP030_FLDK.02401_02401.nc (already exists and appears cropped)
2025-12-28 22:44:36,650 - INFO - Skipping NC_H08_20200421_0100_L2ARP030_FLDK.02401_02401.nc (already exists and appears cropped)
2025-12-28 22:44:37,255 - INFO - Skipping NC_H08_20200421_0200_L2ARP030_FLDK.02401_02401.nc (already exists and appears cropped)
2025-12-28 22:44:37,871 - INFO - Skipping NC_H08_20200421_0300_L2ARP030_FLDK.02401_02401.nc (already exists and appears cropped)
2025-12-28 22:44:38,475 - INFO - Skipping NC_H08_20200421_0400_L2ARP030_FLDK.02401_02401.nc (already exists and appears cropped)
2025-12-28 22:44:39,074 - INFO - Skipping NC_H08_20200421_0500_L2ARP030_FLDK.02401_02401.nc (already exists and appears cropped)
2025-12-28 22:44:39,683 - INFO - Skipping NC_H08_20200421_0600_L2ARP030_FLDK.02401_02401.nc (already exists and appears cropped)
2025-12-28 22:44:40,286 - INFO - Skipping NC_H08_20200421_0700_L2ARP030_FLDK.02401_02401.nc (already exists and appears cropped)
2025-12-28 22:44:40,887 - INFO - Skipping NC_H08_20200421_0800_L2ARP030_FLDK.02401_02401.nc (already exists and appears cropped)
2025-12-28 22:44:41,490 - INFO - Skipping NC_H08_20200421_0900_L2ARP030_FLDK.02401_02401.nc (already exists and appears cropped)
2025-12-28 22:44:42,104 - INFO - Skipping NC_H08_20200422_0000_L2ARP030_FLDK.02401_02401.nc (already exists and appears cropped)
2025-12-28 22:44:42,731 - INFO - Skipping NC_H08_20200422_0100_L2ARP030_FLDK.02401_02401.nc (already exists and appears cropped)
2025-12-28 22:44:43,342 - INFO - Skipping NC_H08_20200422_0200_L2ARP030_FLDK.02401_02401.nc (already exists and appears cropped)
2025-12-28 22:44:43,944 - INFO - Skipping NC_H08_20200422_0300_L2ARP030_FLDK.02401_02401.nc (already exists and appears cropped)
2025-12-28 22:44:44,547 - INFO - Skipping NC_H08_20200422_0400_L2ARP030_FLDK.02401_02401.nc (already exists and appears cropped)
2025-12-28 22:44:45,152 - INFO - Skipping NC_H08_20200422_0500_L2ARP030_FLDK.02401_02401.nc (already exists and appears cropped)
2025-12-28 22:44:45,771 - INFO - Skipping NC_H08_20200422_0600_L2ARP030_FLDK.02401_02401.nc (already exists and appears cropped)
2025-12-28 22:44:46,384 - INFO - Skipping NC_H08_20200422_0700_L2ARP030_FLDK.02401_02401.nc (already exists and appears cropped)
2025-12-28 22:44:47,010 - INFO - Skipping NC_H08_20200422_0800_L2ARP030_FLDK.02401_02401.nc (already exists and appears cropped)
2025-12-28 22:44:47,625 - INFO - Skipping NC_H08_20200422_0900_L2ARP030_FLDK.02401_02401.nc (already exists and appears cropped)
2025-12-28 22:44:48,234 - INFO - Skipping NC_H08_20200423_0000_L2ARP030_FLDK.02401_02401.nc (already exists and appears cropped)
2025-12-28 22:44:48,862 - INFO - Skipping NC_H08_20200423_0100_L2ARP030_FLDK.02401_02401.nc (already exists and appears cropped)
2025-12-28 22:44:49,500 - INFO - Skipping NC_H08_20200423_0200_L2ARP030_FLDK.02401_02401.nc (already exists and appears cropped)
2025-12-28 22:44:50,165 - INFO - Skipping NC_H08_20200423_0300_L2ARP030_FLDK.02401_02401.nc (already exists and appears cropped)
2025-12-28 22:44:50,795 - INFO - Skipping NC_H08_20200423_0400_L2ARP030_FLDK.02401_02401.nc (already exists and appears cropped)
2025-12-28 22:44:51,395 - INFO - Skipping NC_H08_20200423_0500_L2ARP030_FLDK.02401_02401.nc (already exists and appears cropped)
2025-12-28 22:44:52,015 - INFO - Skipping NC_H08_20200423_0600_L2ARP030_FLDK.02401_02401.nc (already exists and appears cropped)
2025-12-28 22:44:52,625 - INFO - Skipping NC_H08_20200423_0700_L2ARP030_FLDK.02401_02401.nc (already exists and appears cropped)
2025-12-28 22:44:53,248 - INFO - Skipping NC_H08_20200423_0800_L2ARP030_FLDK.02401_02401.nc (already exists and appears cropped)
2025-12-28 22:44:53,865 - INFO - Skipping NC_H08_20200423_0900_L2ARP030_FLDK.02401_02401.nc (already exists and appears cropped)
2025-12-28 22:44:54,468 - INFO - Skipping NC_H08_20200424_0000_L2ARP030_FLDK.02401_02401.nc (already exists and appears cropped)
2025-12-28 22:44:55,121 - INFO - Skipping NC_H08_20200424_0100_L2ARP030_FLDK.02401_02401.nc (already exists and appears cropped)
2025-12-28 22:44:55,718 - INFO - Skipping NC_H08_20200424_0200_L2ARP030_FLDK.02401_02401.nc (already exists and appears cropped)
2025-12-28 22:44:56,320 - INFO - Skipping NC_H08_20200424_0300_L2ARP030_FLDK.02401_02401.nc (already exists and appears cropped)
2025-12-28 22:44:56,958 - INFO - Skipping NC_H08_20200424_0400_L2ARP030_FLDK.02401_02401.nc (already exists and appears cropped)
2025-12-28 22:44:57,571 - INFO - Skipping NC_H08_20200424_0500_L2ARP030_FLDK.02401_02401.nc (already exists and appears cropped)
2025-12-28 22:44:58,171 - INFO - Skipping NC_H08_20200424_0600_L2ARP030_FLDK.02401_02401.nc (already exists and appears cropped)
2025-12-28 22:44:58,776 - INFO - Skipping NC_H08_20200424_0700_L2ARP030_FLDK.02401_02401.nc (already exists and appears cropped)
2025-12-28 22:44:59,422 - INFO - Skipping NC_H08_20200424_0800_L2ARP030_FLDK.02401_02401.nc (already exists and appears cropped)
2025-12-28 22:45:00,025 - INFO - Skipping NC_H08_20200424_0900_L2ARP030_FLDK.02401_02401.nc (already exists and appears cropped)
2025-12-28 22:45:00,634 - INFO - Skipping NC_H08_20200425_0000_L2ARP030_FLDK.02401_02401.nc (already exists and appears cropped)
2025-12-28 22:45:01,293 - INFO - Skipping NC_H08_20200425_0100_L2ARP030_FLDK.02401_02401.nc (already exists and appears cropped)
2025-12-28 22:45:01,891 - INFO - Skipping NC_H08_20200425_0200_L2ARP030_FLDK.02401_02401.nc (already exists and appears cropped)
2025-12-28 22:45:02,502 - INFO - Skipping NC_H08_20200425_0300_L2ARP030_FLDK.02401_02401.nc (already exists and appears cropped)
2025-12-28 22:45:03,106 - INFO - Skipping NC_H08_20200425_0400_L2ARP030_FLDK.02401_02401.nc (already exists and appears cropped)
2025-12-28 22:45:03,705 - INFO - Skipping NC_H08_20200425_0500_L2ARP030_FLDK.02401_02401.nc (already exists and appears cropped)
2025-12-28 22:45:04,309 - INFO - Skipping NC_H08_20200425_0600_L2ARP030_FLDK.02401_02401.nc (already exists and appears cropped)
2025-12-28 22:45:04,909 - INFO - Skipping NC_H08_20200425_0700_L2ARP030_FLDK.02401_02401.nc (already exists and appears cropped)
2025-12-28 22:45:05,511 - INFO - Skipping NC_H08_20200425_0800_L2ARP030_FLDK.02401_02401.nc (already exists and appears cropped)
2025-12-28 22:45:06,111 - INFO - Skipping NC_H08_20200425_0900_L2ARP030_FLDK.02401_02401.nc (already exists and appears cropped)
2025-12-28 22:45:06,723 - INFO - Skipping NC_H08_20200426_0000_L2ARP030_FLDK.02401_02401.nc (already exists and appears cropped)
2025-12-28 22:45:07,342 - INFO - Skipping NC_H08_20200426_0100_L2ARP030_FLDK.02401_02401.nc (already exists and appears cropped)
2025-12-28 22:45:07,933 - INFO - Skipping NC_H08_20200426_0200_L2ARP030_FLDK.02401_02401.nc (already exists and appears cropped)
2025-12-28 22:45:08,527 - INFO - Skipping NC_H08_20200426_0300_L2ARP030_FLDK.02401_02401.nc (already exists and appears cropped)
2025-12-28 22:45:09,145 - INFO - Skipping NC_H08_20200426_0400_L2ARP030_FLDK.02401_02401.nc (already exists and appears cropped)
2025-12-28 22:45:09,751 - INFO - Skipping NC_H08_20200426_0500_L2ARP030_FLDK.02401_02401.nc (already exists and appears cropped)
2025-12-28 22:45:10,375 - INFO - Skipping NC_H08_20200426_0600_L2ARP030_FLDK.02401_02401.nc (already exists and appears cropped)
2025-12-28 22:45:10,993 - INFO - Skipping NC_H08_20200426_0700_L2ARP030_FLDK.02401_02401.nc (already exists and appears cropped)
2025-12-28 22:45:11,591 - INFO - Skipping NC_H08_20200426_0800_L2ARP030_FLDK.02401_02401.nc (already exists and appears cropped)
2025-12-28 22:45:12,199 - INFO - Skipping NC_H08_20200426_0900_L2ARP030_FLDK.02401_02401.nc (already exists and appears cropped)
2025-12-28 22:45:12,819 - INFO - Skipping NC_H08_20200427_0000_L2ARP030_FLDK.02401_02401.nc (already exists and appears cropped)
2025-12-28 22:45:13,447 - INFO - Skipping NC_H08_20200427_0100_L2ARP030_FLDK.02401_02401.nc (already exists and appears cropped)
2025-12-28 22:45:14,053 - INFO - Skipping NC_H08_20200427_0200_L2ARP030_FLDK.02401_02401.nc (already exists and appears cropped)
2025-12-28 22:45:14,647 - INFO - Skipping NC_H08_20200427_0300_L2ARP030_FLDK.02401_02401.nc (already exists and appears cropped)
2025-12-28 22:45:15,273 - INFO - Skipping NC_H08_20200427_0400_L2ARP030_FLDK.02401_02401.nc (already exists and appears cropped)
2025-12-28 22:45:15,869 - INFO - Skipping NC_H08_20200427_0500_L2ARP030_FLDK.02401_02401.nc (already exists and appears cropped)
2025-12-28 22:45:16,515 - INFO - Skipping NC_H08_20200427_0600_L2ARP030_FLDK.02401_02401.nc (already exists and appears cropped)
2025-12-28 22:45:17,125 - INFO - Skipping NC_H08_20200427_0700_L2ARP030_FLDK.02401_02401.nc (already exists and appears cropped)
2025-12-28 22:45:17,735 - INFO - Skipping NC_H08_20200427_0800_L2ARP030_FLDK.02401_02401.nc (already exists and appears cropped)
2025-12-28 22:45:18,332 - INFO - Skipping NC_H08_20200427_0900_L2ARP030_FLDK.02401_02401.nc (already exists and appears cropped)
2025-12-28 22:45:18,946 - INFO - Skipping NC_H08_20200428_0000_L2ARP030_FLDK.02401_02401.nc (already exists and appears cropped)
2025-12-28 22:45:19,604 - INFO - Skipping NC_H08_20200428_0100_L2ARP030_FLDK.02401_02401.nc (already exists and appears cropped)
2025-12-28 22:45:20,246 - INFO - Skipping NC_H08_20200428_0200_L2ARP030_FLDK.02401_02401.nc (already exists and appears cropped)
2025-12-28 22:45:20,854 - INFO - Skipping NC_H08_20200428_0300_L2ARP030_FLDK.02401_02401.nc (already exists and appears cropped)
2025-12-28 22:45:21,488 - INFO - Skipping NC_H08_20200428_0400_L2ARP030_FLDK.02401_02401.nc (already exists and appears cropped)
2025-12-28 22:45:22,104 - INFO - Skipping NC_H08_20200428_0500_L2ARP030_FLDK.02401_02401.nc (already exists and appears cropped)
2025-12-28 22:45:22,720 - INFO - Skipping NC_H08_20200428_0600_L2ARP030_FLDK.02401_02401.nc (already exists and appears cropped)
2025-12-28 22:45:23,330 - INFO - Skipping NC_H08_20200428_0700_L2ARP030_FLDK.02401_02401.nc (already exists and appears cropped)
2025-12-28 22:45:23,927 - INFO - Skipping NC_H08_20200428_0800_L2ARP030_FLDK.02401_02401.nc (already exists and appears cropped)
2025-12-28 22:45:24,517 - INFO - Skipping NC_H08_20200428_0900_L2ARP030_FLDK.02401_02401.nc (already exists and appears cropped)
2025-12-28 22:45:25,118 - INFO - Skipping NC_H08_20200429_0000_L2ARP030_FLDK.02401_02401.nc (already exists and appears cropped)
2025-12-28 22:45:25,724 - INFO - Skipping NC_H08_20200429_0100_L2ARP030_FLDK.02401_02401.nc (already exists and appears cropped)
2025-12-28 22:45:26,324 - INFO - Skipping NC_H08_20200429_0200_L2ARP030_FLDK.02401_02401.nc (already exists and appears cropped)
2025-12-28 22:45:26,934 - INFO - Skipping NC_H08_20200429_0300_L2ARP030_FLDK.02401_02401.nc (already exists and appears cropped)
2025-12-28 22:45:27,545 - INFO - Skipping NC_H08_20200429_0400_L2ARP030_FLDK.02401_02401.nc (already exists and appears cropped)
2025-12-28 22:45:28,145 - INFO - Skipping NC_H08_20200429_0500_L2ARP030_FLDK.02401_02401.nc (already exists and appears cropped)
2025-12-28 22:45:28,764 - INFO - Skipping NC_H08_20200429_0600_L2ARP030_FLDK.02401_02401.nc (already exists and appears cropped)
2025-12-28 22:45:29,371 - INFO - Skipping NC_H08_20200429_0700_L2ARP030_FLDK.02401_02401.nc (already exists and appears cropped)
2025-12-28 22:45:30,008 - INFO - Skipping NC_H08_20200429_0800_L2ARP030_FLDK.02401_02401.nc (already exists and appears cropped)
2025-12-28 22:45:30,625 - INFO - Skipping NC_H08_20200429_0900_L2ARP030_FLDK.02401_02401.nc (already exists and appears cropped)
2025-12-28 22:45:31,247 - INFO - Skipping NC_H08_20200430_0000_L2ARP030_FLDK.02401_02401.nc (already exists and appears cropped)
2025-12-28 22:45:31,846 - INFO - Skipping NC_H08_20200430_0100_L2ARP030_FLDK.02401_02401.nc (already exists and appears cropped)
2025-12-28 22:45:32,468 - INFO - Skipping NC_H08_20200430_0200_L2ARP030_FLDK.02401_02401.nc (already exists and appears cropped)
2025-12-28 22:45:33,084 - INFO - Skipping NC_H08_20200430_0300_L2ARP030_FLDK.02401_02401.nc (already exists and appears cropped)
2025-12-28 22:45:33,687 - INFO - Skipping NC_H08_20200430_0400_L2ARP030_FLDK.02401_02401.nc (already exists and appears cropped)
2025-12-28 22:45:34,285 - INFO - Skipping NC_H08_20200430_0500_L2ARP030_FLDK.02401_02401.nc (already exists and appears cropped)
2025-12-28 22:45:34,902 - INFO - Skipping NC_H08_20200430_0600_L2ARP030_FLDK.02401_02401.nc (already exists and appears cropped)
2025-12-28 22:45:35,523 - INFO - Skipping NC_H08_20200430_0700_L2ARP030_FLDK.02401_02401.nc (already exists and appears cropped)
2025-12-28 22:45:36,131 - INFO - Skipping NC_H08_20200430_0800_L2ARP030_FLDK.02401_02401.nc (already exists and appears cropped)
2025-12-28 22:45:36,738 - INFO - Skipping NC_H08_20200430_0900_L2ARP030_FLDK.02401_02401.nc (already exists and appears cropped)
2025-12-28 22:45:37,346 - INFO - Skipping NC_H08_20200501_0000_L2ARP030_FLDK.02401_02401.nc (already exists and appears cropped)
2025-12-28 22:45:37,983 - INFO - Skipping NC_H08_20200501_0100_L2ARP030_FLDK.02401_02401.nc (already exists and appears cropped)
2025-12-28 22:45:38,579 - INFO - Skipping NC_H08_20200501_0200_L2ARP030_FLDK.02401_02401.nc (already exists and appears cropped)
2025-12-28 22:45:39,165 - INFO - Skipping NC_H08_20200501_0300_L2ARP030_FLDK.02401_02401.nc (already exists and appears cropped)
2025-12-28 22:45:39,798 - INFO - Skipping NC_H08_20200501_0400_L2ARP030_FLDK.02401_02401.nc (already exists and appears cropped)
2025-12-28 22:45:40,423 - INFO - Skipping NC_H08_20200501_0500_L2ARP030_FLDK.02401_02401.nc (already exists and appears cropped)
2025-12-28 22:45:41,035 - INFO - Skipping NC_H08_20200501_0600_L2ARP030_FLDK.02401_02401.nc (already exists and appears cropped)
2025-12-28 22:45:41,633 - INFO - Skipping NC_H08_20200501_0700_L2ARP030_FLDK.02401_02401.nc (already exists and appears cropped)
2025-12-28 22:45:42,231 - INFO - Skipping NC_H08_20200501_0800_L2ARP030_FLDK.02401_02401.nc (already exists and appears cropped)
2025-12-28 22:45:42,826 - INFO - Skipping NC_H08_20200501_0900_L2ARP030_FLDK.02401_02401.nc (already exists and appears cropped)
2025-12-28 22:45:43,449 - INFO - Skipping NC_H08_20200502_0000_L2ARP030_FLDK.02401_02401.nc (already exists and appears cropped)
2025-12-28 22:45:44,056 - INFO - Skipping NC_H08_20200502_0100_L2ARP030_FLDK.02401_02401.nc (already exists and appears cropped)
2025-12-28 22:45:44,652 - INFO - Skipping NC_H08_20200502_0200_L2ARP030_FLDK.02401_02401.nc (already exists and appears cropped)
2025-12-28 22:45:45,266 - INFO - Skipping NC_H08_20200502_0300_L2ARP030_FLDK.02401_02401.nc (already exists and appears cropped)
2025-12-28 22:45:45,882 - INFO - Skipping NC_H08_20200502_0400_L2ARP030_FLDK.02401_02401.nc (already exists and appears cropped)
2025-12-28 22:45:46,493 - INFO - Skipping NC_H08_20200502_0500_L2ARP030_FLDK.02401_02401.nc (already exists and appears cropped)
2025-12-28 22:45:47,113 - INFO - Skipping NC_H08_20200502_0600_L2ARP030_FLDK.02401_02401.nc (already exists and appears cropped)
2025-12-28 22:45:47,730 - INFO - Skipping NC_H08_20200502_0700_L2ARP030_FLDK.02401_02401.nc (already exists and appears cropped)
2025-12-28 22:45:48,359 - INFO - Skipping NC_H08_20200502_0800_L2ARP030_FLDK.02401_02401.nc (already exists and appears cropped)
2025-12-28 22:45:48,962 - INFO - Skipping NC_H08_20200502_0900_L2ARP030_FLDK.02401_02401.nc (already exists and appears cropped)
2025-12-28 22:45:49,562 - INFO - Skipping NC_H08_20200503_0000_L2ARP030_FLDK.02401_02401.nc (already exists and appears cropped)
2025-12-28 22:45:50,168 - INFO - Skipping NC_H08_20200503_0100_L2ARP030_FLDK.02401_02401.nc (already exists and appears cropped)
2025-12-28 22:45:50,766 - INFO - Skipping NC_H08_20200503_0200_L2ARP030_FLDK.02401_02401.nc (already exists and appears cropped)
2025-12-28 22:45:51,372 - INFO - Skipping NC_H08_20200503_0300_L2ARP030_FLDK.02401_02401.nc (already exists and appears cropped)
2025-12-28 22:45:51,970 - INFO - Skipping NC_H08_20200503_0400_L2ARP030_FLDK.02401_02401.nc (already exists and appears cropped)
2025-12-28 22:45:52,571 - INFO - Skipping NC_H08_20200503_0500_L2ARP030_FLDK.02401_02401.nc (already exists and appears cropped)
2025-12-28 22:45:53,222 - INFO - Skipping NC_H08_20200503_0600_L2ARP030_FLDK.02401_02401.nc (already exists and appears cropped)
2025-12-28 22:45:53,832 - INFO - Skipping NC_H08_20200503_0700_L2ARP030_FLDK.02401_02401.nc (already exists and appears cropped)
2025-12-28 22:45:54,438 - INFO - Skipping NC_H08_20200503_0800_L2ARP030_FLDK.02401_02401.nc (already exists and appears cropped)
2025-12-28 22:45:55,030 - INFO - Skipping NC_H08_20200503_0900_L2ARP030_FLDK.02401_02401.nc (already exists and appears cropped)
2025-12-28 22:45:55,646 - INFO - Skipping NC_H08_20200504_0000_L2ARP030_FLDK.02401_02401.nc (already exists and appears cropped)
2025-12-28 22:45:56,258 - INFO - Skipping NC_H08_20200504_0100_L2ARP030_FLDK.02401_02401.nc (already exists and appears cropped)
2025-12-28 22:45:56,859 - INFO - Skipping NC_H08_20200504_0200_L2ARP030_FLDK.02401_02401.nc (already exists and appears cropped)
2025-12-28 22:45:57,471 - INFO - Skipping NC_H08_20200504_0300_L2ARP030_FLDK.02401_02401.nc (already exists and appears cropped)
2025-12-28 22:45:58,091 - INFO - Skipping NC_H08_20200504_0400_L2ARP030_FLDK.02401_02401.nc (already exists and appears cropped)
2025-12-28 22:45:58,701 - INFO - Skipping NC_H08_20200504_0500_L2ARP030_FLDK.02401_02401.nc (already exists and appears cropped)
2025-12-28 22:45:59,313 - INFO - Skipping NC_H08_20200504_0600_L2ARP030_FLDK.02401_02401.nc (already exists and appears cropped)
2025-12-28 22:45:59,924 - INFO - Skipping NC_H08_20200504_0700_L2ARP030_FLDK.02401_02401.nc (already exists and appears cropped)
2025-12-28 22:46:00,515 - INFO - Skipping NC_H08_20200504_0800_L2ARP030_FLDK.02401_02401.nc (already exists and appears cropped)
2025-12-28 22:46:01,132 - INFO - Skipping NC_H08_20200504_0900_L2ARP030_FLDK.02401_02401.nc (already exists and appears cropped)
2025-12-28 22:46:01,790 - INFO - Skipping NC_H08_20200505_0000_L2ARP030_FLDK.02401_02401.nc (already exists and appears cropped)
2025-12-28 22:46:02,393 - INFO - Skipping NC_H08_20200505_0100_L2ARP030_FLDK.02401_02401.nc (already exists and appears cropped)
2025-12-28 22:46:02,995 - INFO - Skipping NC_H08_20200505_0200_L2ARP030_FLDK.02401_02401.nc (already exists and appears cropped)
2025-12-28 22:46:03,593 - INFO - Skipping NC_H08_20200505_0300_L2ARP030_FLDK.02401_02401.nc (already exists and appears cropped)
2025-12-28 22:46:04,198 - INFO - Skipping NC_H08_20200505_0400_L2ARP030_FLDK.02401_02401.nc (already exists and appears cropped)
2025-12-28 22:46:04,809 - INFO - Skipping NC_H08_20200505_0500_L2ARP030_FLDK.02401_02401.nc (already exists and appears cropped)
2025-12-28 22:46:05,434 - INFO - Skipping NC_H08_20200505_0600_L2ARP030_FLDK.02401_02401.nc (already exists and appears cropped)
2025-12-28 22:46:06,036 - INFO - Skipping NC_H08_20200505_0700_L2ARP030_FLDK.02401_02401.nc (already exists and appears cropped)
2025-12-28 22:46:06,642 - INFO - Skipping NC_H08_20200505_0800_L2ARP030_FLDK.02401_02401.nc (already exists and appears cropped)
2025-12-28 22:46:07,264 - INFO - Skipping NC_H08_20200505_0900_L2ARP030_FLDK.02401_02401.nc (already exists and appears cropped)
2025-12-28 22:46:07,883 - INFO - Skipping NC_H08_20200506_0000_L2ARP030_FLDK.02401_02401.nc (already exists and appears cropped)
2025-12-28 22:46:08,485 - INFO - Skipping NC_H08_20200506_0100_L2ARP030_FLDK.02401_02401.nc (already exists and appears cropped)
2025-12-28 22:46:09,076 - INFO - Skipping NC_H08_20200506_0200_L2ARP030_FLDK.02401_02401.nc (already exists and appears cropped)
2025-12-28 22:46:09,674 - INFO - Skipping NC_H08_20200506_0300_L2ARP030_FLDK.02401_02401.nc (already exists and appears cropped)
2025-12-28 22:46:10,277 - INFO - Skipping NC_H08_20200506_0400_L2ARP030_FLDK.02401_02401.nc (already exists and appears cropped)
2025-12-28 22:46:10,886 - INFO - Skipping NC_H08_20200506_0500_L2ARP030_FLDK.02401_02401.nc (already exists and appears cropped)
2025-12-28 22:46:11,496 - INFO - Skipping NC_H08_20200506_0600_L2ARP030_FLDK.02401_02401.nc (already exists and appears cropped)
2025-12-28 22:46:12,104 - INFO - Skipping NC_H08_20200506_0700_L2ARP030_FLDK.02401_02401.nc (already exists and appears cropped)
2025-12-28 22:46:12,702 - INFO - Skipping NC_H08_20200506_0800_L2ARP030_FLDK.02401_02401.nc (already exists and appears cropped)
2025-12-28 22:46:13,339 - INFO - Skipping NC_H08_20200506_0900_L2ARP030_FLDK.02401_02401.nc (already exists and appears cropped)
2025-12-28 22:46:13,940 - INFO - Skipping NC_H08_20200507_0000_L2ARP030_FLDK.02401_02401.nc (already exists and appears cropped)
2025-12-28 22:46:14,545 - INFO - Skipping NC_H08_20200507_0100_L2ARP030_FLDK.02401_02401.nc (already exists and appears cropped)
2025-12-28 22:46:15,159 - INFO - Skipping NC_H08_20200507_0200_L2ARP030_FLDK.02401_02401.nc (already exists and appears cropped)
2025-12-28 22:46:15,769 - INFO - Skipping NC_H08_20200507_0300_L2ARP030_FLDK.02401_02401.nc (already exists and appears cropped)
2025-12-28 22:46:16,384 - INFO - Skipping NC_H08_20200507_0400_L2ARP030_FLDK.02401_02401.nc (already exists and appears cropped)
2025-12-28 22:46:17,000 - INFO - Skipping NC_H08_20200507_0500_L2ARP030_FLDK.02401_02401.nc (already exists and appears cropped)
2025-12-28 22:46:17,607 - INFO - Skipping NC_H08_20200507_0600_L2ARP030_FLDK.02401_02401.nc (already exists and appears cropped)
2025-12-28 22:46:18,194 - INFO - Skipping NC_H08_20200507_0700_L2ARP030_FLDK.02401_02401.nc (already exists and appears cropped)
2025-12-28 22:46:18,822 - INFO - Skipping NC_H08_20200507_0800_L2ARP030_FLDK.02401_02401.nc (already exists and appears cropped)
2025-12-28 22:46:19,430 - INFO - Skipping NC_H08_20200507_0900_L2ARP030_FLDK.02401_02401.nc (already exists and appears cropped)
2025-12-28 22:46:20,043 - INFO - Skipping NC_H08_20200508_0000_L2ARP030_FLDK.02401_02401.nc (already exists and appears cropped)
2025-12-28 22:46:20,646 - INFO - Skipping NC_H08_20200508_0100_L2ARP030_FLDK.02401_02401.nc (already exists and appears cropped)
2025-12-28 22:46:21,267 - INFO - Skipping NC_H08_20200508_0200_L2ARP030_FLDK.02401_02401.nc (already exists and appears cropped)
2025-12-28 22:46:21,873 - INFO - Skipping NC_H08_20200508_0300_L2ARP030_FLDK.02401_02401.nc (already exists and appears cropped)
2025-12-28 22:46:22,494 - INFO - Skipping NC_H08_20200508_0400_L2ARP030_FLDK.02401_02401.nc (already exists and appears cropped)
2025-12-28 22:46:23,117 - INFO - Skipping NC_H08_20200508_0500_L2ARP030_FLDK.02401_02401.nc (already exists and appears cropped)
2025-12-28 22:46:23,718 - INFO - Skipping NC_H08_20200508_0600_L2ARP030_FLDK.02401_02401.nc (already exists and appears cropped)
2025-12-28 22:46:24,321 - INFO - Skipping NC_H08_20200508_0700_L2ARP030_FLDK.02401_02401.nc (already exists and appears cropped)
2025-12-28 22:46:24,936 - INFO - Skipping NC_H08_20200508_0800_L2ARP030_FLDK.02401_02401.nc (already exists and appears cropped)
2025-12-28 22:46:25,543 - INFO - Skipping NC_H08_20200508_0900_L2ARP030_FLDK.02401_02401.nc (already exists and appears cropped)
2025-12-28 22:46:26,163 - INFO - Skipping NC_H08_20200509_0000_L2ARP030_FLDK.02401_02401.nc (already exists and appears cropped)
2025-12-28 22:46:26,764 - INFO - Skipping NC_H08_20200509_0100_L2ARP030_FLDK.02401_02401.nc (already exists and appears cropped)
2025-12-28 22:46:27,365 - INFO - Skipping NC_H08_20200509_0200_L2ARP030_FLDK.02401_02401.nc (already exists and appears cropped)
2025-12-28 22:46:27,987 - INFO - Skipping NC_H08_20200509_0300_L2ARP030_FLDK.02401_02401.nc (already exists and appears cropped)
2025-12-28 22:46:28,606 - INFO - Skipping NC_H08_20200509_0400_L2ARP030_FLDK.02401_02401.nc (already exists and appears cropped)
2025-12-28 22:46:29,227 - INFO - Skipping NC_H08_20200509_0500_L2ARP030_FLDK.02401_02401.nc (already exists and appears cropped)
2025-12-28 22:46:29,836 - INFO - Skipping NC_H08_20200509_0600_L2ARP030_FLDK.02401_02401.nc (already exists and appears cropped)
2025-12-28 22:46:30,453 - INFO - Skipping NC_H08_20200509_0700_L2ARP030_FLDK.02401_02401.nc (already exists and appears cropped)
2025-12-28 22:46:31,057 - INFO - Skipping NC_H08_20200509_0800_L2ARP030_FLDK.02401_02401.nc (already exists and appears cropped)
2025-12-28 22:46:31,697 - INFO - Skipping NC_H08_20200509_0900_L2ARP030_FLDK.02401_02401.nc (already exists and appears cropped)
2025-12-28 22:46:32,306 - INFO - Skipping NC_H08_20200510_0000_L2ARP030_FLDK.02401_02401.nc (already exists and appears cropped)
2025-12-28 22:46:32,915 - INFO - Skipping NC_H08_20200510_0100_L2ARP030_FLDK.02401_02401.nc (already exists and appears cropped)
2025-12-28 22:46:33,523 - INFO - Skipping NC_H08_20200510_0200_L2ARP030_FLDK.02401_02401.nc (already exists and appears cropped)
2025-12-28 22:46:34,128 - INFO - Skipping NC_H08_20200510_0300_L2ARP030_FLDK.02401_02401.nc (already exists and appears cropped)
2025-12-28 22:46:34,727 - INFO - Skipping NC_H08_20200510_0400_L2ARP030_FLDK.02401_02401.nc (already exists and appears cropped)
2025-12-28 22:46:35,331 - INFO - Skipping NC_H08_20200510_0500_L2ARP030_FLDK.02401_02401.nc (already exists and appears cropped)
2025-12-28 22:46:35,950 - INFO - Skipping NC_H08_20200510_0600_L2ARP030_FLDK.02401_02401.nc (already exists and appears cropped)
2025-12-28 22:46:36,556 - INFO - Skipping NC_H08_20200510_0700_L2ARP030_FLDK.02401_02401.nc (already exists and appears cropped)
2025-12-28 22:46:37,163 - INFO - Skipping NC_H08_20200510_0800_L2ARP030_FLDK.02401_02401.nc (already exists and appears cropped)
2025-12-28 22:46:37,788 - INFO - Skipping NC_H08_20200510_0900_L2ARP030_FLDK.02401_02401.nc (already exists and appears cropped)
2025-12-28 22:46:38,402 - INFO - Skipping NC_H08_20200511_0000_L2ARP030_FLDK.02401_02401.nc (already exists and appears cropped)
2025-12-28 22:46:39,010 - INFO - Skipping NC_H08_20200511_0100_L2ARP030_FLDK.02401_02401.nc (already exists and appears cropped)
2025-12-28 22:46:39,624 - INFO - Skipping NC_H08_20200511_0200_L2ARP030_FLDK.02401_02401.nc (already exists and appears cropped)
2025-12-28 22:46:40,227 - INFO - Skipping NC_H08_20200511_0300_L2ARP030_FLDK.02401_02401.nc (already exists and appears cropped)
2025-12-28 22:46:40,824 - INFO - Skipping NC_H08_20200511_0400_L2ARP030_FLDK.02401_02401.nc (already exists and appears cropped)
2025-12-28 22:46:41,440 - INFO - Skipping NC_H08_20200511_0500_L2ARP030_FLDK.02401_02401.nc (already exists and appears cropped)
2025-12-28 22:46:42,047 - INFO - Skipping NC_H08_20200511_0600_L2ARP030_FLDK.02401_02401.nc (already exists and appears cropped)
2025-12-28 22:46:42,654 - INFO - Skipping NC_H08_20200511_0700_L2ARP030_FLDK.02401_02401.nc (already exists and appears cropped)
2025-12-28 22:46:43,255 - INFO - Skipping NC_H08_20200511_0800_L2ARP030_FLDK.02401_02401.nc (already exists and appears cropped)
2025-12-28 22:46:43,875 - INFO - Skipping NC_H08_20200511_0900_L2ARP030_FLDK.02401_02401.nc (already exists and appears cropped)
2025-12-28 22:46:44,503 - INFO - Skipping NC_H08_20200512_0000_L2ARP030_FLDK.02401_02401.nc (already exists and appears cropped)
2025-12-28 22:46:45,099 - INFO - Skipping NC_H08_20200512_0100_L2ARP030_FLDK.02401_02401.nc (already exists and appears cropped)
2025-12-28 22:46:45,691 - INFO - Skipping NC_H08_20200512_0200_L2ARP030_FLDK.02401_02401.nc (already exists and appears cropped)
2025-12-28 22:46:46,296 - INFO - Skipping NC_H08_20200512_0300_L2ARP030_FLDK.02401_02401.nc (already exists and appears cropped)
2025-12-28 22:46:46,924 - INFO - Skipping NC_H08_20200512_0400_L2ARP030_FLDK.02401_02401.nc (already exists and appears cropped)
2025-12-28 22:46:47,530 - INFO - Skipping NC_H08_20200512_0500_L2ARP030_FLDK.02401_02401.nc (already exists and appears cropped)
2025-12-28 22:46:48,153 - INFO - Skipping NC_H08_20200512_0600_L2ARP030_FLDK.02401_02401.nc (already exists and appears cropped)
2025-12-28 22:46:48,761 - INFO - Skipping NC_H08_20200512_0700_L2ARP030_FLDK.02401_02401.nc (already exists and appears cropped)
2025-12-28 22:46:49,376 - INFO - Skipping NC_H08_20200512_0800_L2ARP030_FLDK.02401_02401.nc (already exists and appears cropped)
2025-12-28 22:46:49,982 - INFO - Skipping NC_H08_20200512_0900_L2ARP030_FLDK.02401_02401.nc (already exists and appears cropped)
2025-12-28 22:46:50,583 - INFO - Skipping NC_H08_20200513_0000_L2ARP030_FLDK.02401_02401.nc (already exists and appears cropped)
2025-12-28 22:46:51,199 - INFO - Skipping NC_H08_20200513_0100_L2ARP030_FLDK.02401_02401.nc (already exists and appears cropped)
2025-12-28 22:46:51,820 - INFO - Skipping NC_H08_20200513_0200_L2ARP030_FLDK.02401_02401.nc (already exists and appears cropped)
2025-12-28 22:46:52,434 - INFO - Skipping NC_H08_20200513_0300_L2ARP030_FLDK.02401_02401.nc (already exists and appears cropped)
2025-12-28 22:46:53,048 - INFO - Skipping NC_H08_20200513_0400_L2ARP030_FLDK.02401_02401.nc (already exists and appears cropped)
2025-12-28 22:46:53,651 - INFO - Skipping NC_H08_20200513_0500_L2ARP030_FLDK.02401_02401.nc (already exists and appears cropped)
2025-12-28 22:46:54,255 - INFO - Skipping NC_H08_20200513_0600_L2ARP030_FLDK.02401_02401.nc (already exists and appears cropped)
2025-12-28 22:46:54,877 - INFO - Skipping NC_H08_20200513_0700_L2ARP030_FLDK.02401_02401.nc (already exists and appears cropped)
2025-12-28 22:46:55,503 - INFO - Skipping NC_H08_20200513_0800_L2ARP030_FLDK.02401_02401.nc (already exists and appears cropped)
2025-12-28 22:46:56,113 - INFO - Skipping NC_H08_20200513_0900_L2ARP030_FLDK.02401_02401.nc (already exists and appears cropped)
2025-12-28 22:46:56,717 - INFO - Skipping NC_H08_20200514_0000_L2ARP030_FLDK.02401_02401.nc (already exists and appears cropped)
2025-12-28 22:46:57,334 - INFO - Skipping NC_H08_20200514_0100_L2ARP030_FLDK.02401_02401.nc (already exists and appears cropped)
2025-12-28 22:46:57,940 - INFO - Skipping NC_H08_20200514_0200_L2ARP030_FLDK.02401_02401.nc (already exists and appears cropped)
2025-12-28 22:46:58,541 - INFO - Skipping NC_H08_20200514_0300_L2ARP030_FLDK.02401_02401.nc (already exists and appears cropped)
2025-12-28 22:46:59,187 - INFO - Skipping NC_H08_20200514_0400_L2ARP030_FLDK.02401_02401.nc (already exists and appears cropped)
2025-12-28 22:46:59,829 - INFO - Skipping NC_H08_20200514_0500_L2ARP030_FLDK.02401_02401.nc (already exists and appears cropped)
2025-12-28 22:47:00,418 - INFO - Skipping NC_H08_20200514_0600_L2ARP030_FLDK.02401_02401.nc (already exists and appears cropped)
2025-12-28 22:47:01,045 - INFO - Skipping NC_H08_20200514_0700_L2ARP030_FLDK.02401_02401.nc (already exists and appears cropped)
2025-12-28 22:47:01,655 - INFO - Skipping NC_H08_20200514_0800_L2ARP030_FLDK.02401_02401.nc (already exists and appears cropped)
2025-12-28 22:47:02,275 - INFO - Skipping NC_H08_20200514_0900_L2ARP030_FLDK.02401_02401.nc (already exists and appears cropped)
2025-12-28 22:47:02,918 - INFO - Skipping NC_H08_20200515_0000_L2ARP030_FLDK.02401_02401.nc (already exists and appears cropped)
2025-12-28 22:47:03,534 - INFO - Skipping NC_H08_20200515_0100_L2ARP030_FLDK.02401_02401.nc (already exists and appears cropped)
2025-12-28 22:47:04,140 - INFO - Skipping NC_H08_20200515_0200_L2ARP030_FLDK.02401_02401.nc (already exists and appears cropped)
2025-12-28 22:47:04,748 - INFO - Skipping NC_H08_20200515_0300_L2ARP030_FLDK.02401_02401.nc (already exists and appears cropped)
2025-12-28 22:47:05,355 - INFO - Skipping NC_H08_20200515_0400_L2ARP030_FLDK.02401_02401.nc (already exists and appears cropped)
2025-12-28 22:47:05,945 - INFO - Skipping NC_H08_20200515_0500_L2ARP030_FLDK.02401_02401.nc (already exists and appears cropped)
2025-12-28 22:47:06,551 - INFO - Skipping NC_H08_20200515_0600_L2ARP030_FLDK.02401_02401.nc (already exists and appears cropped)
2025-12-28 22:47:07,168 - INFO - Skipping NC_H08_20200515_0700_L2ARP030_FLDK.02401_02401.nc (already exists and appears cropped)
2025-12-28 22:47:07,776 - INFO - Skipping NC_H08_20200515_0800_L2ARP030_FLDK.02401_02401.nc (already exists and appears cropped)
2025-12-28 22:47:08,372 - INFO - Skipping NC_H08_20200515_0900_L2ARP030_FLDK.02401_02401.nc (already exists and appears cropped)
2025-12-28 22:47:08,977 - INFO - Skipping NC_H08_20200516_0000_L2ARP030_FLDK.02401_02401.nc (already exists and appears cropped)
2025-12-28 22:47:09,588 - INFO - Skipping NC_H08_20200516_0100_L2ARP030_FLDK.02401_02401.nc (already exists and appears cropped)
2025-12-28 22:47:10,203 - INFO - Skipping NC_H08_20200516_0200_L2ARP030_FLDK.02401_02401.nc (already exists and appears cropped)
2025-12-28 22:47:10,798 - INFO - Skipping NC_H08_20200516_0300_L2ARP030_FLDK.02401_02401.nc (already exists and appears cropped)
2025-12-28 22:47:11,413 - INFO - Skipping NC_H08_20200516_0400_L2ARP030_FLDK.02401_02401.nc (already exists and appears cropped)
2025-12-28 22:47:12,018 - INFO - Skipping NC_H08_20200516_0500_L2ARP030_FLDK.02401_02401.nc (already exists and appears cropped)
2025-12-28 22:47:12,622 - INFO - Skipping NC_H08_20200516_0600_L2ARP030_FLDK.02401_02401.nc (already exists and appears cropped)
2025-12-28 22:47:13,245 - INFO - Skipping NC_H08_20200516_0700_L2ARP030_FLDK.02401_02401.nc (already exists and appears cropped)
2025-12-28 22:47:13,847 - INFO - Skipping NC_H08_20200516_0800_L2ARP030_FLDK.02401_02401.nc (already exists and appears cropped)
2025-12-28 22:47:14,456 - INFO - Skipping NC_H08_20200516_0900_L2ARP030_FLDK.02401_02401.nc (already exists and appears cropped)
2025-12-28 22:47:15,068 - INFO - Skipping NC_H08_20200517_0000_L2ARP030_FLDK.02401_02401.nc (already exists and appears cropped)
2025-12-28 22:47:15,692 - INFO - Skipping NC_H08_20200517_0100_L2ARP030_FLDK.02401_02401.nc (already exists and appears cropped)
2025-12-28 22:47:16,312 - INFO - Skipping NC_H08_20200517_0200_L2ARP030_FLDK.02401_02401.nc (already exists and appears cropped)
2025-12-28 22:47:16,908 - INFO - Skipping NC_H08_20200517_0300_L2ARP030_FLDK.02401_02401.nc (already exists and appears cropped)
2025-12-28 22:47:17,528 - INFO - Skipping NC_H08_20200517_0400_L2ARP030_FLDK.02401_02401.nc (already exists and appears cropped)
2025-12-28 22:47:18,148 - INFO - Skipping NC_H08_20200517_0500_L2ARP030_FLDK.02401_02401.nc (already exists and appears cropped)
2025-12-28 22:47:18,750 - INFO - Skipping NC_H08_20200517_0600_L2ARP030_FLDK.02401_02401.nc (already exists and appears cropped)
2025-12-28 22:47:19,353 - INFO - Skipping NC_H08_20200517_0700_L2ARP030_FLDK.02401_02401.nc (already exists and appears cropped)
2025-12-28 22:47:19,952 - INFO - Skipping NC_H08_20200517_0800_L2ARP030_FLDK.02401_02401.nc (already exists and appears cropped)
2025-12-28 22:47:20,563 - INFO - Skipping NC_H08_20200517_0900_L2ARP030_FLDK.02401_02401.nc (already exists and appears cropped)
2025-12-28 22:47:21,172 - INFO - Skipping NC_H08_20200518_0000_L2ARP030_FLDK.02401_02401.nc (already exists and appears cropped)
2025-12-28 22:47:21,772 - INFO - Skipping NC_H08_20200518_0100_L2ARP030_FLDK.02401_02401.nc (already exists and appears cropped)
2025-12-28 22:47:22,391 - INFO - Skipping NC_H08_20200518_0200_L2ARP030_FLDK.02401_02401.nc (already exists and appears cropped)
2025-12-28 22:47:23,011 - INFO - Skipping NC_H08_20200518_0300_L2ARP030_FLDK.02401_02401.nc (already exists and appears cropped)
2025-12-28 22:47:23,626 - INFO - Skipping NC_H08_20200518_0400_L2ARP030_FLDK.02401_02401.nc (already exists and appears cropped)
2025-12-28 22:47:24,228 - INFO - Skipping NC_H08_20200518_0500_L2ARP030_FLDK.02401_02401.nc (already exists and appears cropped)
2025-12-28 22:47:24,874 - INFO - Skipping NC_H08_20200518_0600_L2ARP030_FLDK.02401_02401.nc (already exists and appears cropped)
2025-12-28 22:47:25,484 - INFO - Skipping NC_H08_20200518_0700_L2ARP030_FLDK.02401_02401.nc (already exists and appears cropped)
2025-12-28 22:47:26,092 - INFO - Skipping NC_H08_20200518_0800_L2ARP030_FLDK.02401_02401.nc (already exists and appears cropped)
2025-12-28 22:47:26,702 - INFO - Skipping NC_H08_20200518_0900_L2ARP030_FLDK.02401_02401.nc (already exists and appears cropped)
2025-12-28 22:47:27,311 - INFO - Skipping NC_H08_20200519_0000_L2ARP030_FLDK.02401_02401.nc (already exists and appears cropped)
2025-12-28 22:47:27,921 - INFO - Skipping NC_H08_20200519_0100_L2ARP030_FLDK.02401_02401.nc (already exists and appears cropped)
2025-12-28 22:47:28,522 - INFO - Skipping NC_H08_20200519_0200_L2ARP030_FLDK.02401_02401.nc (already exists and appears cropped)
2025-12-28 22:47:29,155 - INFO - Skipping NC_H08_20200519_0300_L2ARP030_FLDK.02401_02401.nc (already exists and appears cropped)
2025-12-28 22:47:29,761 - INFO - Skipping NC_H08_20200519_0400_L2ARP030_FLDK.02401_02401.nc (already exists and appears cropped)
2025-12-28 22:47:30,373 - INFO - Skipping NC_H08_20200519_0500_L2ARP030_FLDK.02401_02401.nc (already exists and appears cropped)
2025-12-28 22:47:30,978 - INFO - Skipping NC_H08_20200519_0600_L2ARP030_FLDK.02401_02401.nc (already exists and appears cropped)
2025-12-28 22:47:31,599 - INFO - Skipping NC_H08_20200519_0700_L2ARP030_FLDK.02401_02401.nc (already exists and appears cropped)
2025-12-28 22:47:32,214 - INFO - Skipping NC_H08_20200519_0800_L2ARP030_FLDK.02401_02401.nc (already exists and appears cropped)
2025-12-28 22:47:32,826 - INFO - Skipping NC_H08_20200519_0900_L2ARP030_FLDK.02401_02401.nc (already exists and appears cropped)
2025-12-28 22:47:33,453 - INFO - Skipping NC_H08_20200520_0000_L2ARP030_FLDK.02401_02401.nc (already exists and appears cropped)
2025-12-28 22:47:34,056 - INFO - Skipping NC_H08_20200520_0100_L2ARP030_FLDK.02401_02401.nc (already exists and appears cropped)
2025-12-28 22:47:34,662 - INFO - Skipping NC_H08_20200520_0200_L2ARP030_FLDK.02401_02401.nc (already exists and appears cropped)
2025-12-28 22:47:35,274 - INFO - Skipping NC_H08_20200520_0300_L2ARP030_FLDK.02401_02401.nc (already exists and appears cropped)
2025-12-28 22:47:35,890 - INFO - Skipping NC_H08_20200520_0400_L2ARP030_FLDK.02401_02401.nc (already exists and appears cropped)
2025-12-28 22:47:36,542 - INFO - Skipping NC_H08_20200520_0500_L2ARP030_FLDK.02401_02401.nc (already exists and appears cropped)
2025-12-28 22:47:37,194 - INFO - Skipping NC_H08_20200520_0600_L2ARP030_FLDK.02401_02401.nc (already exists and appears cropped)
2025-12-28 22:47:37,790 - INFO - Skipping NC_H08_20200520_0700_L2ARP030_FLDK.02401_02401.nc (already exists and appears cropped)
2025-12-28 22:47:38,386 - INFO - Skipping NC_H08_20200520_0800_L2ARP030_FLDK.02401_02401.nc (already exists and appears cropped)
2025-12-28 22:47:39,005 - INFO - Skipping NC_H08_20200520_0900_L2ARP030_FLDK.02401_02401.nc (already exists and appears cropped)
2025-12-28 22:47:39,608 - INFO - Skipping NC_H08_20200521_0000_L2ARP030_FLDK.02401_02401.nc (already exists and appears cropped)
2025-12-28 22:47:40,194 - INFO - Skipping NC_H08_20200521_0100_L2ARP030_FLDK.02401_02401.nc (already exists and appears cropped)
2025-12-28 22:47:40,744 - INFO - No minute 00 files found in /pub/himawari/L2/ARP/030/202005/21/02/
2025-12-28 22:47:41,362 - INFO - Skipping NC_H08_20200521_0300_L2ARP030_FLDK.02401_02401.nc (already exists and appears cropped)
2025-12-28 22:47:41,966 - INFO - Skipping NC_H08_20200521_0400_L2ARP030_FLDK.02401_02401.nc (already exists and appears cropped)
2025-12-28 22:47:42,714 - INFO - Skipping NC_H08_20200521_0500_L2ARP030_FLDK.02401_02401.nc (already exists and appears cropped)
2025-12-28 22:47:43,453 - INFO - Skipping NC_H08_20200521_0600_L2ARP030_FLDK.02401_02401.nc (already exists and appears cropped)
2025-12-28 22:47:44,167 - INFO - Skipping NC_H08_20200521_0700_L2ARP030_FLDK.02401_02401.nc (already exists and appears cropped)
2025-12-28 22:47:44,876 - INFO - Skipping NC_H08_20200521_0800_L2ARP030_FLDK.02401_02401.nc (already exists and appears cropped)
2025-12-28 22:47:45,581 - INFO - Skipping NC_H08_20200521_0900_L2ARP030_FLDK.02401_02401.nc (already exists and appears cropped)
2025-12-28 22:47:46,274 - INFO - Skipping NC_H08_20200522_0000_L2ARP030_FLDK.02401_02401.nc (already exists and appears cropped)
2025-12-28 22:47:46,998 - INFO - Skipping NC_H08_20200522_0100_L2ARP030_FLDK.02401_02401.nc (already exists and appears cropped)
2025-12-28 22:47:47,719 - INFO - Skipping NC_H08_20200522_0200_L2ARP030_FLDK.02401_02401.nc (already exists and appears cropped)
2025-12-28 22:47:48,421 - INFO - Skipping NC_H08_20200522_0300_L2ARP030_FLDK.02401_02401.nc (already exists and appears cropped)
2025-12-28 22:47:49,103 - INFO - Skipping NC_H08_20200522_0400_L2ARP030_FLDK.02401_02401.nc (already exists and appears cropped)
2025-12-28 22:47:49,821 - INFO - Skipping NC_H08_20200522_0500_L2ARP030_FLDK.02401_02401.nc (already exists and appears cropped)
2025-12-28 22:47:50,489 - INFO - Skipping NC_H08_20200522_0600_L2ARP030_FLDK.02401_02401.nc (already exists and appears cropped)
2025-12-28 22:47:51,194 - INFO - Skipping NC_H08_20200522_0700_L2ARP030_FLDK.02401_02401.nc (already exists and appears cropped)
2025-12-28 22:47:51,888 - INFO - Skipping NC_H08_20200522_0800_L2ARP030_FLDK.02401_02401.nc (already exists and appears cropped)
2025-12-28 22:47:52,509 - INFO - Skipping NC_H08_20200522_0900_L2ARP030_FLDK.02401_02401.nc (already exists and appears cropped)
2025-12-28 22:47:53,151 - INFO - Skipping NC_H08_20200523_0000_L2ARP030_FLDK.02401_02401.nc (already exists and appears cropped)
2025-12-28 22:47:53,752 - INFO - Skipping NC_H08_20200523_0100_L2ARP030_FLDK.02401_02401.nc (already exists and appears cropped)
2025-12-28 22:47:54,366 - INFO - Skipping NC_H08_20200523_0200_L2ARP030_FLDK.02401_02401.nc (already exists and appears cropped)
2025-12-28 22:47:55,008 - INFO - Skipping NC_H08_20200523_0300_L2ARP030_FLDK.02401_02401.nc (already exists and appears cropped)
2025-12-28 22:47:55,634 - INFO - Skipping NC_H08_20200523_0400_L2ARP030_FLDK.02401_02401.nc (already exists and appears cropped)
2025-12-28 22:47:56,232 - INFO - Skipping NC_H08_20200523_0500_L2ARP030_FLDK.02401_02401.nc (already exists and appears cropped)
2025-12-28 22:47:56,852 - INFO - Skipping NC_H08_20200523_0600_L2ARP030_FLDK.02401_02401.nc (already exists and appears cropped)
2025-12-28 22:47:57,466 - INFO - Skipping NC_H08_20200523_0700_L2ARP030_FLDK.02401_02401.nc (already exists and appears cropped)
2025-12-28 22:47:58,069 - INFO - Skipping NC_H08_20200523_0800_L2ARP030_FLDK.02401_02401.nc (already exists and appears cropped)
2025-12-28 22:47:58,666 - INFO - Skipping NC_H08_20200523_0900_L2ARP030_FLDK.02401_02401.nc (already exists and appears cropped)
2025-12-28 22:47:59,279 - INFO - Skipping NC_H08_20200524_0000_L2ARP030_FLDK.02401_02401.nc (already exists and appears cropped)
2025-12-28 22:47:59,875 - INFO - Skipping NC_H08_20200524_0100_L2ARP030_FLDK.02401_02401.nc (already exists and appears cropped)
2025-12-28 22:48:00,488 - INFO - Skipping NC_H08_20200524_0200_L2ARP030_FLDK.02401_02401.nc (already exists and appears cropped)
2025-12-28 22:48:01,102 - INFO - Skipping NC_H08_20200524_0300_L2ARP030_FLDK.02401_02401.nc (already exists and appears cropped)
2025-12-28 22:48:01,700 - INFO - Skipping NC_H08_20200524_0400_L2ARP030_FLDK.02401_02401.nc (already exists and appears cropped)
2025-12-28 22:48:02,309 - INFO - Skipping NC_H08_20200524_0500_L2ARP030_FLDK.02401_02401.nc (already exists and appears cropped)
2025-12-28 22:48:02,913 - INFO - Skipping NC_H08_20200524_0600_L2ARP030_FLDK.02401_02401.nc (already exists and appears cropped)
2025-12-28 22:48:03,527 - INFO - Skipping NC_H08_20200524_0700_L2ARP030_FLDK.02401_02401.nc (already exists and appears cropped)
2025-12-28 22:48:04,144 - INFO - Skipping NC_H08_20200524_0800_L2ARP030_FLDK.02401_02401.nc (already exists and appears cropped)
2025-12-28 22:48:04,749 - INFO - Skipping NC_H08_20200524_0900_L2ARP030_FLDK.02401_02401.nc (already exists and appears cropped)
2025-12-28 22:48:05,359 - INFO - Skipping NC_H08_20200525_0000_L2ARP030_FLDK.02401_02401.nc (already exists and appears cropped)
2025-12-28 22:48:05,977 - INFO - Skipping NC_H08_20200525_0100_L2ARP030_FLDK.02401_02401.nc (already exists and appears cropped)
2025-12-28 22:48:06,597 - INFO - Skipping NC_H08_20200525_0200_L2ARP030_FLDK.02401_02401.nc (already exists and appears cropped)
2025-12-28 22:48:07,197 - INFO - Skipping NC_H08_20200525_0300_L2ARP030_FLDK.02401_02401.nc (already exists and appears cropped)
2025-12-28 22:48:07,797 - INFO - Skipping NC_H08_20200525_0400_L2ARP030_FLDK.02401_02401.nc (already exists and appears cropped)
2025-12-28 22:48:08,424 - INFO - Skipping NC_H08_20200525_0500_L2ARP030_FLDK.02401_02401.nc (already exists and appears cropped)
2025-12-28 22:48:09,037 - INFO - Skipping NC_H08_20200525_0600_L2ARP030_FLDK.02401_02401.nc (already exists and appears cropped)
2025-12-28 22:48:09,646 - INFO - Skipping NC_H08_20200525_0700_L2ARP030_FLDK.02401_02401.nc (already exists and appears cropped)
2025-12-28 22:48:10,265 - INFO - Skipping NC_H08_20200525_0800_L2ARP030_FLDK.02401_02401.nc (already exists and appears cropped)
2025-12-28 22:48:10,878 - INFO - Skipping NC_H08_20200525_0900_L2ARP030_FLDK.02401_02401.nc (already exists and appears cropped)
2025-12-28 22:48:11,484 - INFO - Skipping NC_H08_20200526_0000_L2ARP030_FLDK.02401_02401.nc (already exists and appears cropped)
2025-12-28 22:48:12,101 - INFO - Skipping NC_H08_20200526_0100_L2ARP030_FLDK.02401_02401.nc (already exists and appears cropped)
2025-12-28 22:48:12,731 - INFO - Skipping NC_H08_20200526_0200_L2ARP030_FLDK.02401_02401.nc (already exists and appears cropped)
2025-12-28 22:48:13,347 - INFO - Skipping NC_H08_20200526_0300_L2ARP030_FLDK.02401_02401.nc (already exists and appears cropped)
2025-12-28 22:48:13,956 - INFO - Skipping NC_H08_20200526_0400_L2ARP030_FLDK.02401_02401.nc (already exists and appears cropped)
2025-12-28 22:48:14,543 - INFO - Skipping NC_H08_20200526_0500_L2ARP030_FLDK.02401_02401.nc (already exists and appears cropped)
2025-12-28 22:48:15,145 - INFO - Skipping NC_H08_20200526_0600_L2ARP030_FLDK.02401_02401.nc (already exists and appears cropped)
2025-12-28 22:48:15,762 - INFO - Skipping NC_H08_20200526_0700_L2ARP030_FLDK.02401_02401.nc (already exists and appears cropped)
2025-12-28 22:48:16,373 - INFO - Skipping NC_H08_20200526_0800_L2ARP030_FLDK.02401_02401.nc (already exists and appears cropped)
2025-12-28 22:48:16,971 - INFO - Skipping NC_H08_20200526_0900_L2ARP030_FLDK.02401_02401.nc (already exists and appears cropped)
2025-12-28 22:48:17,575 - INFO - Skipping NC_H08_20200527_0000_L2ARP030_FLDK.02401_02401.nc (already exists and appears cropped)
2025-12-28 22:48:18,177 - INFO - Skipping NC_H08_20200527_0100_L2ARP030_FLDK.02401_02401.nc (already exists and appears cropped)
2025-12-28 22:48:18,778 - INFO - Skipping NC_H08_20200527_0200_L2ARP030_FLDK.02401_02401.nc (already exists and appears cropped)
2025-12-28 22:48:19,399 - INFO - Skipping NC_H08_20200527_0300_L2ARP030_FLDK.02401_02401.nc (already exists and appears cropped)
2025-12-28 22:48:20,011 - INFO - Skipping NC_H08_20200527_0400_L2ARP030_FLDK.02401_02401.nc (already exists and appears cropped)
2025-12-28 22:48:20,631 - INFO - Skipping NC_H08_20200527_0500_L2ARP030_FLDK.02401_02401.nc (already exists and appears cropped)
2025-12-28 22:48:21,238 - INFO - Skipping NC_H08_20200527_0600_L2ARP030_FLDK.02401_02401.nc (already exists and appears cropped)
2025-12-28 22:48:21,839 - INFO - Skipping NC_H08_20200527_0700_L2ARP030_FLDK.02401_02401.nc (already exists and appears cropped)
2025-12-28 22:48:22,441 - INFO - Skipping NC_H08_20200527_0800_L2ARP030_FLDK.02401_02401.nc (already exists and appears cropped)
2025-12-28 22:48:23,059 - INFO - Skipping NC_H08_20200527_0900_L2ARP030_FLDK.02401_02401.nc (already exists and appears cropped)
2025-12-28 22:48:23,676 - INFO - Skipping NC_H08_20200528_0000_L2ARP030_FLDK.02401_02401.nc (already exists and appears cropped)
2025-12-28 22:48:24,296 - INFO - Skipping NC_H08_20200528_0100_L2ARP030_FLDK.02401_02401.nc (already exists and appears cropped)
2025-12-28 22:48:24,896 - INFO - Skipping NC_H08_20200528_0200_L2ARP030_FLDK.02401_02401.nc (already exists and appears cropped)
2025-12-28 22:48:25,499 - INFO - Skipping NC_H08_20200528_0300_L2ARP030_FLDK.02401_02401.nc (already exists and appears cropped)
2025-12-28 22:48:26,106 - INFO - Skipping NC_H08_20200528_0400_L2ARP030_FLDK.02401_02401.nc (already exists and appears cropped)
2025-12-28 22:48:26,726 - INFO - Skipping NC_H08_20200528_0500_L2ARP030_FLDK.02401_02401.nc (already exists and appears cropped)
2025-12-28 22:48:27,331 - INFO - Skipping NC_H08_20200528_0600_L2ARP030_FLDK.02401_02401.nc (already exists and appears cropped)
2025-12-28 22:48:27,955 - INFO - Skipping NC_H08_20200528_0700_L2ARP030_FLDK.02401_02401.nc (already exists and appears cropped)
2025-12-28 22:48:28,567 - INFO - Skipping NC_H08_20200528_0800_L2ARP030_FLDK.02401_02401.nc (already exists and appears cropped)
2025-12-28 22:48:29,185 - INFO - Skipping NC_H08_20200528_0900_L2ARP030_FLDK.02401_02401.nc (already exists and appears cropped)
2025-12-28 22:48:29,790 - INFO - Skipping NC_H08_20200529_0000_L2ARP030_FLDK.02401_02401.nc (already exists and appears cropped)
2025-12-28 22:48:30,430 - INFO - Skipping NC_H08_20200529_0100_L2ARP030_FLDK.02401_02401.nc (already exists and appears cropped)
2025-12-28 22:48:31,050 - INFO - Skipping NC_H08_20200529_0200_L2ARP030_FLDK.02401_02401.nc (already exists and appears cropped)
2025-12-28 22:48:31,665 - INFO - Skipping NC_H08_20200529_0300_L2ARP030_FLDK.02401_02401.nc (already exists and appears cropped)
2025-12-28 22:48:32,271 - INFO - Skipping NC_H08_20200529_0400_L2ARP030_FLDK.02401_02401.nc (already exists and appears cropped)
2025-12-28 22:48:32,874 - INFO - Skipping NC_H08_20200529_0500_L2ARP030_FLDK.02401_02401.nc (already exists and appears cropped)
2025-12-28 22:48:33,475 - INFO - Skipping NC_H08_20200529_0600_L2ARP030_FLDK.02401_02401.nc (already exists and appears cropped)
2025-12-28 22:48:34,096 - INFO - Skipping NC_H08_20200529_0700_L2ARP030_FLDK.02401_02401.nc (already exists and appears cropped)
2025-12-28 22:48:34,715 - INFO - Skipping NC_H08_20200529_0800_L2ARP030_FLDK.02401_02401.nc (already exists and appears cropped)
2025-12-28 22:48:35,320 - INFO - Skipping NC_H08_20200529_0900_L2ARP030_FLDK.02401_02401.nc (already exists and appears cropped)
2025-12-28 22:48:35,923 - INFO - Skipping NC_H08_20200530_0000_L2ARP030_FLDK.02401_02401.nc (already exists and appears cropped)
2025-12-28 22:48:36,571 - INFO - Skipping NC_H08_20200530_0100_L2ARP030_FLDK.02401_02401.nc (already exists and appears cropped)
2025-12-28 22:48:37,184 - INFO - Skipping NC_H08_20200530_0200_L2ARP030_FLDK.02401_02401.nc (already exists and appears cropped)
2025-12-28 22:48:37,791 - INFO - Skipping NC_H08_20200530_0300_L2ARP030_FLDK.02401_02401.nc (already exists and appears cropped)
2025-12-28 22:48:38,383 - INFO - Skipping NC_H08_20200530_0400_L2ARP030_FLDK.02401_02401.nc (already exists and appears cropped)
2025-12-28 22:48:38,995 - INFO - Skipping NC_H08_20200530_0500_L2ARP030_FLDK.02401_02401.nc (already exists and appears cropped)
2025-12-28 22:48:39,602 - INFO - Skipping NC_H08_20200530_0600_L2ARP030_FLDK.02401_02401.nc (already exists and appears cropped)
2025-12-28 22:48:40,210 - INFO - Skipping NC_H08_20200530_0700_L2ARP030_FLDK.02401_02401.nc (already exists and appears cropped)
2025-12-28 22:48:40,900 - INFO - Skipping NC_H08_20200530_0800_L2ARP030_FLDK.02401_02401.nc (already exists and appears cropped)
2025-12-28 22:48:41,535 - INFO - Skipping NC_H08_20200530_0900_L2ARP030_FLDK.02401_02401.nc (already exists and appears cropped)
2025-12-28 22:48:42,133 - INFO - Skipping NC_H08_20200531_0000_L2ARP030_FLDK.02401_02401.nc (already exists and appears cropped)
2025-12-28 22:48:42,750 - INFO - Skipping NC_H08_20200531_0100_L2ARP030_FLDK.02401_02401.nc (already exists and appears cropped)
2025-12-28 22:48:43,361 - INFO - Skipping NC_H08_20200531_0200_L2ARP030_FLDK.02401_02401.nc (already exists and appears cropped)
2025-12-28 22:48:43,971 - INFO - Skipping NC_H08_20200531_0300_L2ARP030_FLDK.02401_02401.nc (already exists and appears cropped)
2025-12-28 22:48:44,576 - INFO - Skipping NC_H08_20200531_0400_L2ARP030_FLDK.02401_02401.nc (already exists and appears cropped)
2025-12-28 22:48:45,173 - INFO - Skipping NC_H08_20200531_0500_L2ARP030_FLDK.02401_02401.nc (already exists and appears cropped)
2025-12-28 22:48:45,798 - INFO - Skipping NC_H08_20200531_0600_L2ARP030_FLDK.02401_02401.nc (already exists and appears cropped)
2025-12-28 22:48:46,412 - INFO - Skipping NC_H08_20200531_0700_L2ARP030_FLDK.02401_02401.nc (already exists and appears cropped)
2025-12-28 22:48:47,008 - INFO - Skipping NC_H08_20200531_0800_L2ARP030_FLDK.02401_02401.nc (already exists and appears cropped)
2025-12-28 22:48:47,601 - INFO - Skipping NC_H08_20200531_0900_L2ARP030_FLDK.02401_02401.nc (already exists and appears cropped)
2025-12-28 22:48:48,206 - INFO - Skipping NC_H08_20200601_0000_L2ARP030_FLDK.02401_02401.nc (already exists and appears cropped)
2025-12-28 22:48:48,815 - INFO - Skipping NC_H08_20200601_0100_L2ARP030_FLDK.02401_02401.nc (already exists and appears cropped)
2025-12-28 22:48:49,411 - INFO - Skipping NC_H08_20200601_0200_L2ARP030_FLDK.02401_02401.nc (already exists and appears cropped)
2025-12-28 22:48:50,028 - INFO - Skipping NC_H08_20200601_0300_L2ARP030_FLDK.02401_02401.nc (already exists and appears cropped)
2025-12-28 22:48:50,631 - INFO - Skipping NC_H08_20200601_0400_L2ARP030_FLDK.02401_02401.nc (already exists and appears cropped)
2025-12-28 22:48:51,251 - INFO - Skipping NC_H08_20200601_0500_L2ARP030_FLDK.02401_02401.nc (already exists and appears cropped)
2025-12-28 22:48:51,851 - INFO - Skipping NC_H08_20200601_0600_L2ARP030_FLDK.02401_02401.nc (already exists and appears cropped)
2025-12-28 22:48:52,457 - INFO - Skipping NC_H08_20200601_0700_L2ARP030_FLDK.02401_02401.nc (already exists and appears cropped)
2025-12-28 22:48:53,062 - INFO - Skipping NC_H08_20200601_0800_L2ARP030_FLDK.02401_02401.nc (already exists and appears cropped)
2025-12-28 22:48:53,668 - INFO - Skipping NC_H08_20200601_0900_L2ARP030_FLDK.02401_02401.nc (already exists and appears cropped)
2025-12-28 22:48:54,292 - INFO - Skipping NC_H08_20200602_0000_L2ARP030_FLDK.02401_02401.nc (already exists and appears cropped)
2025-12-28 22:48:54,911 - INFO - Skipping NC_H08_20200602_0100_L2ARP030_FLDK.02401_02401.nc (already exists and appears cropped)
2025-12-28 22:48:55,516 - INFO - Skipping NC_H08_20200602_0200_L2ARP030_FLDK.02401_02401.nc (already exists and appears cropped)
2025-12-28 22:48:56,112 - INFO - Skipping NC_H08_20200602_0300_L2ARP030_FLDK.02401_02401.nc (already exists and appears cropped)
2025-12-28 22:48:56,715 - INFO - Skipping NC_H08_20200602_0400_L2ARP030_FLDK.02401_02401.nc (already exists and appears cropped)
2025-12-28 22:48:57,325 - INFO - Skipping NC_H08_20200602_0500_L2ARP030_FLDK.02401_02401.nc (already exists and appears cropped)
2025-12-28 22:48:57,925 - INFO - Skipping NC_H08_20200602_0600_L2ARP030_FLDK.02401_02401.nc (already exists and appears cropped)
2025-12-28 22:48:58,527 - INFO - Skipping NC_H08_20200602_0700_L2ARP030_FLDK.02401_02401.nc (already exists and appears cropped)
2025-12-28 22:48:59,168 - INFO - Skipping NC_H08_20200602_0800_L2ARP030_FLDK.02401_02401.nc (already exists and appears cropped)
2025-12-28 22:48:59,774 - INFO - Skipping NC_H08_20200602_0900_L2ARP030_FLDK.02401_02401.nc (already exists and appears cropped)
2025-12-28 22:49:00,402 - INFO - Skipping NC_H08_20200603_0000_L2ARP030_FLDK.02401_02401.nc (already exists and appears cropped)
2025-12-28 22:49:01,005 - INFO - Skipping NC_H08_20200603_0100_L2ARP030_FLDK.02401_02401.nc (already exists and appears cropped)
2025-12-28 22:49:01,625 - INFO - Skipping NC_H08_20200603_0200_L2ARP030_FLDK.02401_02401.nc (already exists and appears cropped)
2025-12-28 22:49:02,234 - INFO - Skipping NC_H08_20200603_0300_L2ARP030_FLDK.02401_02401.nc (already exists and appears cropped)
2025-12-28 22:49:02,842 - INFO - Skipping NC_H08_20200603_0400_L2ARP030_FLDK.02401_02401.nc (already exists and appears cropped)
2025-12-28 22:49:03,453 - INFO - Skipping NC_H08_20200603_0500_L2ARP030_FLDK.02401_02401.nc (already exists and appears cropped)
2025-12-28 22:49:04,061 - INFO - Skipping NC_H08_20200603_0600_L2ARP030_FLDK.02401_02401.nc (already exists and appears cropped)
2025-12-28 22:49:04,690 - INFO - Skipping NC_H08_20200603_0700_L2ARP030_FLDK.02401_02401.nc (already exists and appears cropped)
2025-12-28 22:49:05,328 - INFO - Skipping NC_H08_20200603_0800_L2ARP030_FLDK.02401_02401.nc (already exists and appears cropped)
2025-12-28 22:49:05,927 - INFO - Skipping NC_H08_20200603_0900_L2ARP030_FLDK.02401_02401.nc (already exists and appears cropped)
2025-12-28 22:49:06,553 - INFO - Skipping NC_H08_20200604_0000_L2ARP030_FLDK.02401_02401.nc (already exists and appears cropped)
2025-12-28 22:49:07,152 - INFO - Skipping NC_H08_20200604_0100_L2ARP030_FLDK.02401_02401.nc (already exists and appears cropped)
2025-12-28 22:49:07,761 - INFO - Skipping NC_H08_20200604_0200_L2ARP030_FLDK.02401_02401.nc (already exists and appears cropped)
2025-12-28 22:49:08,362 - INFO - Skipping NC_H08_20200604_0300_L2ARP030_FLDK.02401_02401.nc (already exists and appears cropped)
2025-12-28 22:49:08,972 - INFO - Skipping NC_H08_20200604_0400_L2ARP030_FLDK.02401_02401.nc (already exists and appears cropped)
2025-12-28 22:49:09,582 - INFO - Skipping NC_H08_20200604_0500_L2ARP030_FLDK.02401_02401.nc (already exists and appears cropped)
2025-12-28 22:49:10,191 - INFO - Skipping NC_H08_20200604_0600_L2ARP030_FLDK.02401_02401.nc (already exists and appears cropped)
2025-12-28 22:49:10,801 - INFO - Skipping NC_H08_20200604_0700_L2ARP030_FLDK.02401_02401.nc (already exists and appears cropped)
2025-12-28 22:49:11,403 - INFO - Skipping NC_H08_20200604_0800_L2ARP030_FLDK.02401_02401.nc (already exists and appears cropped)
2025-12-28 22:49:12,004 - INFO - Skipping NC_H08_20200604_0900_L2ARP030_FLDK.02401_02401.nc (already exists and appears cropped)
2025-12-28 22:49:12,603 - INFO - Skipping NC_H08_20200605_0000_L2ARP030_FLDK.02401_02401.nc (already exists and appears cropped)
2025-12-28 22:49:13,197 - INFO - Skipping NC_H08_20200605_0100_L2ARP030_FLDK.02401_02401.nc (already exists and appears cropped)
2025-12-28 22:49:13,803 - INFO - Skipping NC_H08_20200605_0200_L2ARP030_FLDK.02401_02401.nc (already exists and appears cropped)
2025-12-28 22:49:14,415 - INFO - Skipping NC_H08_20200605_0300_L2ARP030_FLDK.02401_02401.nc (already exists and appears cropped)
2025-12-28 22:49:15,036 - INFO - Skipping NC_H08_20200605_0400_L2ARP030_FLDK.02401_02401.nc (already exists and appears cropped)
2025-12-28 22:49:15,638 - INFO - Skipping NC_H08_20200605_0500_L2ARP030_FLDK.02401_02401.nc (already exists and appears cropped)
2025-12-28 22:49:16,244 - INFO - Skipping NC_H08_20200605_0600_L2ARP030_FLDK.02401_02401.nc (already exists and appears cropped)
2025-12-28 22:49:16,863 - INFO - Skipping NC_H08_20200605_0700_L2ARP030_FLDK.02401_02401.nc (already exists and appears cropped)
2025-12-28 22:49:17,480 - INFO - Skipping NC_H08_20200605_0800_L2ARP030_FLDK.02401_02401.nc (already exists and appears cropped)
2025-12-28 22:49:18,092 - INFO - Skipping NC_H08_20200605_0900_L2ARP030_FLDK.02401_02401.nc (already exists and appears cropped)
2025-12-28 22:49:18,700 - INFO - Skipping NC_H08_20200606_0000_L2ARP030_FLDK.02401_02401.nc (already exists and appears cropped)
2025-12-28 22:49:19,375 - INFO - Skipping NC_H08_20200606_0100_L2ARP030_FLDK.02401_02401.nc (already exists and appears cropped)
2025-12-28 22:49:19,993 - INFO - Skipping NC_H08_20200606_0200_L2ARP030_FLDK.02401_02401.nc (already exists and appears cropped)
2025-12-28 22:49:20,629 - INFO - Skipping NC_H08_20200606_0300_L2ARP030_FLDK.02401_02401.nc (already exists and appears cropped)
2025-12-28 22:49:21,241 - INFO - Skipping NC_H08_20200606_0400_L2ARP030_FLDK.02401_02401.nc (already exists and appears cropped)
2025-12-28 22:49:21,856 - INFO - Skipping NC_H08_20200606_0500_L2ARP030_FLDK.02401_02401.nc (already exists and appears cropped)
2025-12-28 22:49:22,480 - INFO - Skipping NC_H08_20200606_0600_L2ARP030_FLDK.02401_02401.nc (already exists and appears cropped)
2025-12-28 22:49:23,068 - INFO - Skipping NC_H08_20200606_0700_L2ARP030_FLDK.02401_02401.nc (already exists and appears cropped)
2025-12-28 22:49:23,677 - INFO - Skipping NC_H08_20200606_0800_L2ARP030_FLDK.02401_02401.nc (already exists and appears cropped)
2025-12-28 22:49:24,286 - INFO - Skipping NC_H08_20200606_0900_L2ARP030_FLDK.02401_02401.nc (already exists and appears cropped)
2025-12-28 22:49:24,898 - INFO - Skipping NC_H08_20200607_0000_L2ARP030_FLDK.02401_02401.nc (already exists and appears cropped)
2025-12-28 22:49:25,527 - INFO - Skipping NC_H08_20200607_0100_L2ARP030_FLDK.02401_02401.nc (already exists and appears cropped)
2025-12-28 22:49:26,142 - INFO - Skipping NC_H08_20200607_0200_L2ARP030_FLDK.02401_02401.nc (already exists and appears cropped)
2025-12-28 22:49:26,740 - INFO - Skipping NC_H08_20200607_0300_L2ARP030_FLDK.02401_02401.nc (already exists and appears cropped)
2025-12-28 22:49:27,340 - INFO - Skipping NC_H08_20200607_0400_L2ARP030_FLDK.02401_02401.nc (already exists and appears cropped)
2025-12-28 22:49:27,942 - INFO - Skipping NC_H08_20200607_0500_L2ARP030_FLDK.02401_02401.nc (already exists and appears cropped)
2025-12-28 22:49:28,549 - INFO - Skipping NC_H08_20200607_0600_L2ARP030_FLDK.02401_02401.nc (already exists and appears cropped)
2025-12-28 22:49:29,149 - INFO - Skipping NC_H08_20200607_0700_L2ARP030_FLDK.02401_02401.nc (already exists and appears cropped)
2025-12-28 22:49:29,766 - INFO - Skipping NC_H08_20200607_0800_L2ARP030_FLDK.02401_02401.nc (already exists and appears cropped)
2025-12-28 22:49:30,367 - INFO - Skipping NC_H08_20200607_0900_L2ARP030_FLDK.02401_02401.nc (already exists and appears cropped)
2025-12-28 22:49:30,970 - INFO - Skipping NC_H08_20200608_0000_L2ARP030_FLDK.02401_02401.nc (already exists and appears cropped)
2025-12-28 22:49:31,569 - INFO - Skipping NC_H08_20200608_0100_L2ARP030_FLDK.02401_02401.nc (already exists and appears cropped)
2025-12-28 22:49:32,166 - INFO - Skipping NC_H08_20200608_0200_L2ARP030_FLDK.02401_02401.nc (already exists and appears cropped)
2025-12-28 22:49:32,766 - INFO - Skipping NC_H08_20200608_0300_L2ARP030_FLDK.02401_02401.nc (already exists and appears cropped)
2025-12-28 22:49:33,409 - INFO - Skipping NC_H08_20200608_0400_L2ARP030_FLDK.02401_02401.nc (already exists and appears cropped)
2025-12-28 22:49:34,023 - INFO - Skipping NC_H08_20200608_0500_L2ARP030_FLDK.02401_02401.nc (already exists and appears cropped)
2025-12-28 22:49:34,637 - INFO - Skipping NC_H08_20200608_0600_L2ARP030_FLDK.02401_02401.nc (already exists and appears cropped)
2025-12-28 22:49:35,230 - INFO - Skipping NC_H08_20200608_0700_L2ARP030_FLDK.02401_02401.nc (already exists and appears cropped)
2025-12-28 22:49:35,839 - INFO - Skipping NC_H08_20200608_0800_L2ARP030_FLDK.02401_02401.nc (already exists and appears cropped)
2025-12-28 22:49:36,453 - INFO - Skipping NC_H08_20200608_0900_L2ARP030_FLDK.02401_02401.nc (already exists and appears cropped)
2025-12-28 22:49:37,132 - INFO - Skipping NC_H08_20200609_0000_L2ARP030_FLDK.02401_02401.nc (already exists and appears cropped)
2025-12-28 22:49:37,744 - INFO - Skipping NC_H08_20200609_0100_L2ARP030_FLDK.02401_02401.nc (already exists and appears cropped)
2025-12-28 22:49:38,365 - INFO - Skipping NC_H08_20200609_0200_L2ARP030_FLDK.02401_02401.nc (already exists and appears cropped)
2025-12-28 22:49:38,985 - INFO - Skipping NC_H08_20200609_0300_L2ARP030_FLDK.02401_02401.nc (already exists and appears cropped)
2025-12-28 22:49:39,604 - INFO - Skipping NC_H08_20200609_0400_L2ARP030_FLDK.02401_02401.nc (already exists and appears cropped)
2025-12-28 22:49:40,209 - INFO - Skipping NC_H08_20200609_0500_L2ARP030_FLDK.02401_02401.nc (already exists and appears cropped)
2025-12-28 22:49:40,805 - INFO - Skipping NC_H08_20200609_0600_L2ARP030_FLDK.02401_02401.nc (already exists and appears cropped)
2025-12-28 22:49:41,403 - INFO - Skipping NC_H08_20200609_0700_L2ARP030_FLDK.02401_02401.nc (already exists and appears cropped)
2025-12-28 22:49:42,008 - INFO - Skipping NC_H08_20200609_0800_L2ARP030_FLDK.02401_02401.nc (already exists and appears cropped)
2025-12-28 22:49:42,615 - INFO - Skipping NC_H08_20200609_0900_L2ARP030_FLDK.02401_02401.nc (already exists and appears cropped)
2025-12-28 22:49:43,228 - INFO - Skipping NC_H08_20200610_0000_L2ARP030_FLDK.02401_02401.nc (already exists and appears cropped)
2025-12-28 22:49:43,830 - INFO - Skipping NC_H08_20200610_0100_L2ARP030_FLDK.02401_02401.nc (already exists and appears cropped)
2025-12-28 22:49:44,432 - INFO - Skipping NC_H08_20200610_0200_L2ARP030_FLDK.02401_02401.nc (already exists and appears cropped)
2025-12-28 22:49:45,034 - INFO - Skipping NC_H08_20200610_0300_L2ARP030_FLDK.02401_02401.nc (already exists and appears cropped)
2025-12-28 22:49:45,632 - INFO - Skipping NC_H08_20200610_0400_L2ARP030_FLDK.02401_02401.nc (already exists and appears cropped)
2025-12-28 22:49:46,229 - INFO - Skipping NC_H08_20200610_0500_L2ARP030_FLDK.02401_02401.nc (already exists and appears cropped)
2025-12-28 22:49:46,829 - INFO - Skipping NC_H08_20200610_0600_L2ARP030_FLDK.02401_02401.nc (already exists and appears cropped)
2025-12-28 22:49:47,431 - INFO - Skipping NC_H08_20200610_0700_L2ARP030_FLDK.02401_02401.nc (already exists and appears cropped)
2025-12-28 22:49:48,029 - INFO - Skipping NC_H08_20200610_0800_L2ARP030_FLDK.02401_02401.nc (already exists and appears cropped)
2025-12-28 22:49:48,629 - INFO - Skipping NC_H08_20200610_0900_L2ARP030_FLDK.02401_02401.nc (already exists and appears cropped)
2025-12-28 22:49:49,267 - INFO - Skipping NC_H08_20200611_0000_L2ARP030_FLDK.02401_02401.nc (already exists and appears cropped)
2025-12-28 22:49:49,867 - INFO - Skipping NC_H08_20200611_0100_L2ARP030_FLDK.02401_02401.nc (already exists and appears cropped)
2025-12-28 22:49:50,472 - INFO - Skipping NC_H08_20200611_0200_L2ARP030_FLDK.02401_02401.nc (already exists and appears cropped)
2025-12-28 22:49:51,098 - INFO - Skipping NC_H08_20200611_0300_L2ARP030_FLDK.02401_02401.nc (already exists and appears cropped)
2025-12-28 22:49:51,707 - INFO - Skipping NC_H08_20200611_0400_L2ARP030_FLDK.02401_02401.nc (already exists and appears cropped)
2025-12-28 22:49:52,304 - INFO - Skipping NC_H08_20200611_0500_L2ARP030_FLDK.02401_02401.nc (already exists and appears cropped)
2025-12-28 22:49:52,913 - INFO - Skipping NC_H08_20200611_0600_L2ARP030_FLDK.02401_02401.nc (already exists and appears cropped)
2025-12-28 22:49:53,516 - INFO - Skipping NC_H08_20200611_0700_L2ARP030_FLDK.02401_02401.nc (already exists and appears cropped)
2025-12-28 22:49:54,127 - INFO - Skipping NC_H08_20200611_0800_L2ARP030_FLDK.02401_02401.nc (already exists and appears cropped)
2025-12-28 22:49:54,742 - INFO - Skipping NC_H08_20200611_0900_L2ARP030_FLDK.02401_02401.nc (already exists and appears cropped)
2025-12-28 22:49:55,343 - INFO - Skipping NC_H08_20200612_0000_L2ARP030_FLDK.02401_02401.nc (already exists and appears cropped)
2025-12-28 22:49:55,959 - INFO - Skipping NC_H08_20200612_0100_L2ARP030_FLDK.02401_02401.nc (already exists and appears cropped)
2025-12-28 22:49:56,600 - INFO - Skipping NC_H08_20200612_0200_L2ARP030_FLDK.02401_02401.nc (already exists and appears cropped)
2025-12-28 22:49:57,189 - INFO - Skipping NC_H08_20200612_0300_L2ARP030_FLDK.02401_02401.nc (already exists and appears cropped)
2025-12-28 22:49:57,802 - INFO - Skipping NC_H08_20200612_0400_L2ARP030_FLDK.02401_02401.nc (already exists and appears cropped)
2025-12-28 22:49:58,407 - INFO - Skipping NC_H08_20200612_0500_L2ARP030_FLDK.02401_02401.nc (already exists and appears cropped)
2025-12-28 22:49:59,010 - INFO - Skipping NC_H08_20200612_0600_L2ARP030_FLDK.02401_02401.nc (already exists and appears cropped)
2025-12-28 22:49:59,599 - INFO - Skipping NC_H08_20200612_0700_L2ARP030_FLDK.02401_02401.nc (already exists and appears cropped)
2025-12-28 22:50:00,209 - INFO - Skipping NC_H08_20200612_0800_L2ARP030_FLDK.02401_02401.nc (already exists and appears cropped)
2025-12-28 22:50:00,811 - INFO - Skipping NC_H08_20200612_0900_L2ARP030_FLDK.02401_02401.nc (already exists and appears cropped)
2025-12-28 22:50:01,442 - INFO - Skipping NC_H08_20200613_0000_L2ARP030_FLDK.02401_02401.nc (already exists and appears cropped)
2025-12-28 22:50:02,078 - INFO - Skipping NC_H08_20200613_0100_L2ARP030_FLDK.02401_02401.nc (already exists and appears cropped)
2025-12-28 22:50:02,688 - INFO - Skipping NC_H08_20200613_0200_L2ARP030_FLDK.02401_02401.nc (already exists and appears cropped)
2025-12-28 22:50:03,290 - INFO - Skipping NC_H08_20200613_0300_L2ARP030_FLDK.02401_02401.nc (already exists and appears cropped)
2025-12-28 22:50:03,888 - INFO - Skipping NC_H08_20200613_0400_L2ARP030_FLDK.02401_02401.nc (already exists and appears cropped)
2025-12-28 22:50:04,488 - INFO - Skipping NC_H08_20200613_0500_L2ARP030_FLDK.02401_02401.nc (already exists and appears cropped)
2025-12-28 22:50:05,108 - INFO - Skipping NC_H08_20200613_0600_L2ARP030_FLDK.02401_02401.nc (already exists and appears cropped)
2025-12-28 22:50:05,716 - INFO - Skipping NC_H08_20200613_0700_L2ARP030_FLDK.02401_02401.nc (already exists and appears cropped)
2025-12-28 22:50:06,334 - INFO - Skipping NC_H08_20200613_0800_L2ARP030_FLDK.02401_02401.nc (already exists and appears cropped)
2025-12-28 22:50:06,956 - INFO - Skipping NC_H08_20200613_0900_L2ARP030_FLDK.02401_02401.nc (already exists and appears cropped)
2025-12-28 22:50:07,572 - INFO - Skipping NC_H08_20200614_0000_L2ARP030_FLDK.02401_02401.nc (already exists and appears cropped)
2025-12-28 22:50:08,180 - INFO - Skipping NC_H08_20200614_0100_L2ARP030_FLDK.02401_02401.nc (already exists and appears cropped)
2025-12-28 22:50:08,778 - INFO - Skipping NC_H08_20200614_0200_L2ARP030_FLDK.02401_02401.nc (already exists and appears cropped)
2025-12-28 22:50:09,386 - INFO - Skipping NC_H08_20200614_0300_L2ARP030_FLDK.02401_02401.nc (already exists and appears cropped)
2025-12-28 22:50:10,005 - INFO - Skipping NC_H08_20200614_0400_L2ARP030_FLDK.02401_02401.nc (already exists and appears cropped)
2025-12-28 22:50:10,643 - INFO - Skipping NC_H08_20200614_0500_L2ARP030_FLDK.02401_02401.nc (already exists and appears cropped)
2025-12-28 22:50:11,252 - INFO - Skipping NC_H08_20200614_0600_L2ARP030_FLDK.02401_02401.nc (already exists and appears cropped)
2025-12-28 22:50:11,869 - INFO - Skipping NC_H08_20200614_0700_L2ARP030_FLDK.02401_02401.nc (already exists and appears cropped)
2025-12-28 22:50:12,470 - INFO - Skipping NC_H08_20200614_0800_L2ARP030_FLDK.02401_02401.nc (already exists and appears cropped)
2025-12-28 22:50:13,073 - INFO - Skipping NC_H08_20200614_0900_L2ARP030_FLDK.02401_02401.nc (already exists and appears cropped)
2025-12-28 22:50:13,721 - INFO - Skipping NC_H08_20200615_0000_L2ARP030_FLDK.02401_02401.nc (already exists and appears cropped)
2025-12-28 22:50:14,330 - INFO - Skipping NC_H08_20200615_0100_L2ARP030_FLDK.02401_02401.nc (already exists and appears cropped)
2025-12-28 22:50:14,949 - INFO - Skipping NC_H08_20200615_0200_L2ARP030_FLDK.02401_02401.nc (already exists and appears cropped)
2025-12-28 22:50:15,540 - INFO - Skipping NC_H08_20200615_0300_L2ARP030_FLDK.02401_02401.nc (already exists and appears cropped)
2025-12-28 22:50:16,154 - INFO - Skipping NC_H08_20200615_0400_L2ARP030_FLDK.02401_02401.nc (already exists and appears cropped)
2025-12-28 22:50:16,753 - INFO - Skipping NC_H08_20200615_0500_L2ARP030_FLDK.02401_02401.nc (already exists and appears cropped)
2025-12-28 22:50:17,355 - INFO - Skipping NC_H08_20200615_0600_L2ARP030_FLDK.02401_02401.nc (already exists and appears cropped)
2025-12-28 22:50:17,956 - INFO - Skipping NC_H08_20200615_0700_L2ARP030_FLDK.02401_02401.nc (already exists and appears cropped)
2025-12-28 22:50:18,571 - INFO - Skipping NC_H08_20200615_0800_L2ARP030_FLDK.02401_02401.nc (already exists and appears cropped)
2025-12-28 22:50:19,206 - INFO - Skipping NC_H08_20200615_0900_L2ARP030_FLDK.02401_02401.nc (already exists and appears cropped)
2025-12-28 22:50:19,812 - INFO - Skipping NC_H08_20200616_0000_L2ARP030_FLDK.02401_02401.nc (already exists and appears cropped)
2025-12-28 22:50:20,467 - INFO - Skipping NC_H08_20200616_0100_L2ARP030_FLDK.02401_02401.nc (already exists and appears cropped)
2025-12-28 22:50:21,063 - INFO - Skipping NC_H08_20200616_0200_L2ARP030_FLDK.02401_02401.nc (already exists and appears cropped)
2025-12-28 22:50:21,673 - INFO - Skipping NC_H08_20200616_0300_L2ARP030_FLDK.02401_02401.nc (already exists and appears cropped)
2025-12-28 22:50:22,275 - INFO - Skipping NC_H08_20200616_0400_L2ARP030_FLDK.02401_02401.nc (already exists and appears cropped)
2025-12-28 22:50:22,877 - INFO - Skipping NC_H08_20200616_0500_L2ARP030_FLDK.02401_02401.nc (already exists and appears cropped)
2025-12-28 22:50:23,485 - INFO - Skipping NC_H08_20200616_0600_L2ARP030_FLDK.02401_02401.nc (already exists and appears cropped)
2025-12-28 22:50:24,095 - INFO - Skipping NC_H08_20200616_0700_L2ARP030_FLDK.02401_02401.nc (already exists and appears cropped)
2025-12-28 22:50:24,740 - INFO - Skipping NC_H08_20200616_0800_L2ARP030_FLDK.02401_02401.nc (already exists and appears cropped)
2025-12-28 22:50:25,374 - INFO - Skipping NC_H08_20200616_0900_L2ARP030_FLDK.02401_02401.nc (already exists and appears cropped)
2025-12-28 22:50:26,016 - INFO - Skipping NC_H08_20200617_0000_L2ARP030_FLDK.02401_02401.nc (already exists and appears cropped)
2025-12-28 22:50:26,627 - INFO - Skipping NC_H08_20200617_0100_L2ARP030_FLDK.02401_02401.nc (already exists and appears cropped)
2025-12-28 22:50:27,220 - INFO - Skipping NC_H08_20200617_0200_L2ARP030_FLDK.02401_02401.nc (already exists and appears cropped)
2025-12-28 22:50:27,839 - INFO - Skipping NC_H08_20200617_0300_L2ARP030_FLDK.02401_02401.nc (already exists and appears cropped)
2025-12-28 22:50:28,431 - INFO - Skipping NC_H08_20200617_0400_L2ARP030_FLDK.02401_02401.nc (already exists and appears cropped)
2025-12-28 22:50:29,022 - INFO - Skipping NC_H08_20200617_0500_L2ARP030_FLDK.02401_02401.nc (already exists and appears cropped)
2025-12-28 22:50:29,635 - INFO - Skipping NC_H08_20200617_0600_L2ARP030_FLDK.02401_02401.nc (already exists and appears cropped)
2025-12-28 22:50:30,226 - INFO - Skipping NC_H08_20200617_0700_L2ARP030_FLDK.02401_02401.nc (already exists and appears cropped)
2025-12-28 22:50:30,837 - INFO - Skipping NC_H08_20200617_0800_L2ARP030_FLDK.02401_02401.nc (already exists and appears cropped)
2025-12-28 22:50:31,475 - INFO - Skipping NC_H08_20200617_0900_L2ARP030_FLDK.02401_02401.nc (already exists and appears cropped)
2025-12-28 22:50:32,085 - INFO - Skipping NC_H08_20200618_0000_L2ARP030_FLDK.02401_02401.nc (already exists and appears cropped)
2025-12-28 22:50:32,708 - INFO - Skipping NC_H08_20200618_0100_L2ARP030_FLDK.02401_02401.nc (already exists and appears cropped)
2025-12-28 22:50:33,333 - INFO - Skipping NC_H08_20200618_0200_L2ARP030_FLDK.02401_02401.nc (already exists and appears cropped)
2025-12-28 22:50:33,933 - INFO - Skipping NC_H08_20200618_0300_L2ARP030_FLDK.02401_02401.nc (already exists and appears cropped)
2025-12-28 22:50:34,546 - INFO - Skipping NC_H08_20200618_0400_L2ARP030_FLDK.02401_02401.nc (already exists and appears cropped)
2025-12-28 22:50:35,151 - INFO - Skipping NC_H08_20200618_0500_L2ARP030_FLDK.02401_02401.nc (already exists and appears cropped)
2025-12-28 22:50:35,751 - INFO - Skipping NC_H08_20200618_0600_L2ARP030_FLDK.02401_02401.nc (already exists and appears cropped)
2025-12-28 22:50:36,359 - INFO - Skipping NC_H08_20200618_0700_L2ARP030_FLDK.02401_02401.nc (already exists and appears cropped)
2025-12-28 22:50:36,977 - INFO - Skipping NC_H08_20200618_0800_L2ARP030_FLDK.02401_02401.nc (already exists and appears cropped)
2025-12-28 22:50:37,571 - INFO - Skipping NC_H08_20200618_0900_L2ARP030_FLDK.02401_02401.nc (already exists and appears cropped)
2025-12-28 22:50:38,189 - INFO - Skipping NC_H08_20200619_0000_L2ARP030_FLDK.02401_02401.nc (already exists and appears cropped)
2025-12-28 22:50:38,790 - INFO - Skipping NC_H08_20200619_0100_L2ARP030_FLDK.02401_02401.nc (already exists and appears cropped)
2025-12-28 22:50:39,389 - INFO - Skipping NC_H08_20200619_0200_L2ARP030_FLDK.02401_02401.nc (already exists and appears cropped)
2025-12-28 22:50:40,010 - INFO - Skipping NC_H08_20200619_0300_L2ARP030_FLDK.02401_02401.nc (already exists and appears cropped)
2025-12-28 22:50:40,624 - INFO - Skipping NC_H08_20200619_0400_L2ARP030_FLDK.02401_02401.nc (already exists and appears cropped)
2025-12-28 22:50:41,234 - INFO - Skipping NC_H08_20200619_0500_L2ARP030_FLDK.02401_02401.nc (already exists and appears cropped)
2025-12-28 22:50:41,849 - INFO - Skipping NC_H08_20200619_0600_L2ARP030_FLDK.02401_02401.nc (already exists and appears cropped)
2025-12-28 22:50:42,462 - INFO - Skipping NC_H08_20200619_0700_L2ARP030_FLDK.02401_02401.nc (already exists and appears cropped)
2025-12-28 22:50:43,095 - INFO - Skipping NC_H08_20200619_0800_L2ARP030_FLDK.02401_02401.nc (already exists and appears cropped)
2025-12-28 22:50:43,699 - INFO - Skipping NC_H08_20200619_0900_L2ARP030_FLDK.02401_02401.nc (already exists and appears cropped)
2025-12-28 22:50:44,322 - INFO - Skipping NC_H08_20200620_0000_L2ARP030_FLDK.02401_02401.nc (already exists and appears cropped)
2025-12-28 22:50:44,957 - INFO - Skipping NC_H08_20200620_0100_L2ARP030_FLDK.02401_02401.nc (already exists and appears cropped)
2025-12-28 22:50:45,554 - INFO - Skipping NC_H08_20200620_0200_L2ARP030_FLDK.02401_02401.nc (already exists and appears cropped)
2025-12-28 22:50:46,165 - INFO - Skipping NC_H08_20200620_0300_L2ARP030_FLDK.02401_02401.nc (already exists and appears cropped)
2025-12-28 22:50:46,775 - INFO - Skipping NC_H08_20200620_0400_L2ARP030_FLDK.02401_02401.nc (already exists and appears cropped)
2025-12-28 22:50:47,374 - INFO - Skipping NC_H08_20200620_0500_L2ARP030_FLDK.02401_02401.nc (already exists and appears cropped)
2025-12-28 22:50:48,017 - INFO - Skipping NC_H08_20200620_0600_L2ARP030_FLDK.02401_02401.nc (already exists and appears cropped)
2025-12-28 22:50:48,621 - INFO - Skipping NC_H08_20200620_0700_L2ARP030_FLDK.02401_02401.nc (already exists and appears cropped)
2025-12-28 22:50:49,223 - INFO - Skipping NC_H08_20200620_0800_L2ARP030_FLDK.02401_02401.nc (already exists and appears cropped)
2025-12-28 22:50:49,838 - INFO - Skipping NC_H08_20200620_0900_L2ARP030_FLDK.02401_02401.nc (already exists and appears cropped)
2025-12-28 22:50:50,442 - INFO - Skipping NC_H08_20200621_0000_L2ARP030_FLDK.02401_02401.nc (already exists and appears cropped)
2025-12-28 22:50:51,046 - INFO - Skipping NC_H08_20200621_0100_L2ARP030_FLDK.02401_02401.nc (already exists and appears cropped)
2025-12-28 22:50:51,653 - INFO - Skipping NC_H08_20200621_0200_L2ARP030_FLDK.02401_02401.nc (already exists and appears cropped)
2025-12-28 22:50:52,258 - INFO - Skipping NC_H08_20200621_0300_L2ARP030_FLDK.02401_02401.nc (already exists and appears cropped)
2025-12-28 22:50:52,875 - INFO - Skipping NC_H08_20200621_0400_L2ARP030_FLDK.02401_02401.nc (already exists and appears cropped)
2025-12-28 22:50:53,500 - INFO - Skipping NC_H08_20200621_0500_L2ARP030_FLDK.02401_02401.nc (already exists and appears cropped)
2025-12-28 22:50:54,112 - INFO - Skipping NC_H08_20200621_0600_L2ARP030_FLDK.02401_02401.nc (already exists and appears cropped)
2025-12-28 22:50:54,729 - INFO - Skipping NC_H08_20200621_0700_L2ARP030_FLDK.02401_02401.nc (already exists and appears cropped)
2025-12-28 22:50:55,346 - INFO - Skipping NC_H08_20200621_0800_L2ARP030_FLDK.02401_02401.nc (already exists and appears cropped)
2025-12-28 22:50:55,960 - INFO - Skipping NC_H08_20200621_0900_L2ARP030_FLDK.02401_02401.nc (already exists and appears cropped)
2025-12-28 22:50:56,562 - INFO - Skipping NC_H08_20200622_0000_L2ARP030_FLDK.02401_02401.nc (already exists and appears cropped)
2025-12-28 22:50:57,164 - INFO - Skipping NC_H08_20200622_0100_L2ARP030_FLDK.02401_02401.nc (already exists and appears cropped)
2025-12-28 22:50:57,777 - INFO - Skipping NC_H08_20200622_0200_L2ARP030_FLDK.02401_02401.nc (already exists and appears cropped)
2025-12-28 22:50:58,376 - INFO - Skipping NC_H08_20200622_0300_L2ARP030_FLDK.02401_02401.nc (already exists and appears cropped)
2025-12-28 22:50:58,979 - INFO - Skipping NC_H08_20200622_0400_L2ARP030_FLDK.02401_02401.nc (already exists and appears cropped)
2025-12-28 22:50:59,594 - INFO - Skipping NC_H08_20200622_0500_L2ARP030_FLDK.02401_02401.nc (already exists and appears cropped)
2025-12-28 22:51:00,205 - INFO - Skipping NC_H08_20200622_0600_L2ARP030_FLDK.02401_02401.nc (already exists and appears cropped)
2025-12-28 22:51:00,817 - INFO - Skipping NC_H08_20200622_0700_L2ARP030_FLDK.02401_02401.nc (already exists and appears cropped)
2025-12-28 22:51:01,459 - INFO - Skipping NC_H08_20200622_0800_L2ARP030_FLDK.02401_02401.nc (already exists and appears cropped)
2025-12-28 22:51:02,065 - INFO - Skipping NC_H08_20200622_0900_L2ARP030_FLDK.02401_02401.nc (already exists and appears cropped)
2025-12-28 22:51:02,662 - INFO - Skipping NC_H08_20200623_0000_L2ARP030_FLDK.02401_02401.nc (already exists and appears cropped)
2025-12-28 22:51:03,273 - INFO - Skipping NC_H08_20200623_0100_L2ARP030_FLDK.02401_02401.nc (already exists and appears cropped)
2025-12-28 22:51:03,898 - INFO - Skipping NC_H08_20200623_0200_L2ARP030_FLDK.02401_02401.nc (already exists and appears cropped)
2025-12-28 22:51:04,496 - INFO - Skipping NC_H08_20200623_0300_L2ARP030_FLDK.02401_02401.nc (already exists and appears cropped)
2025-12-28 22:51:05,139 - INFO - Skipping NC_H08_20200623_0400_L2ARP030_FLDK.02401_02401.nc (already exists and appears cropped)
2025-12-28 22:51:05,753 - INFO - Skipping NC_H08_20200623_0500_L2ARP030_FLDK.02401_02401.nc (already exists and appears cropped)
2025-12-28 22:51:06,366 - INFO - Skipping NC_H08_20200623_0600_L2ARP030_FLDK.02401_02401.nc (already exists and appears cropped)
2025-12-28 22:51:06,962 - INFO - Skipping NC_H08_20200623_0700_L2ARP030_FLDK.02401_02401.nc (already exists and appears cropped)
2025-12-28 22:51:07,581 - INFO - Skipping NC_H08_20200623_0800_L2ARP030_FLDK.02401_02401.nc (already exists and appears cropped)
2025-12-28 22:51:08,200 - INFO - Skipping NC_H08_20200623_0900_L2ARP030_FLDK.02401_02401.nc (already exists and appears cropped)
2025-12-28 22:51:08,812 - INFO - Skipping NC_H08_20200624_0000_L2ARP030_FLDK.02401_02401.nc (already exists and appears cropped)
2025-12-28 22:51:09,417 - INFO - Skipping NC_H08_20200624_0100_L2ARP030_FLDK.02401_02401.nc (already exists and appears cropped)
2025-12-28 22:51:10,052 - INFO - Skipping NC_H08_20200624_0200_L2ARP030_FLDK.02401_02401.nc (already exists and appears cropped)
2025-12-28 22:51:10,658 - INFO - Skipping NC_H08_20200624_0300_L2ARP030_FLDK.02401_02401.nc (already exists and appears cropped)
2025-12-28 22:51:11,263 - INFO - Skipping NC_H08_20200624_0400_L2ARP030_FLDK.02401_02401.nc (already exists and appears cropped)
2025-12-28 22:51:11,878 - INFO - Skipping NC_H08_20200624_0500_L2ARP030_FLDK.02401_02401.nc (already exists and appears cropped)
2025-12-28 22:51:12,485 - INFO - Skipping NC_H08_20200624_0600_L2ARP030_FLDK.02401_02401.nc (already exists and appears cropped)
2025-12-28 22:51:13,092 - INFO - Skipping NC_H08_20200624_0700_L2ARP030_FLDK.02401_02401.nc (already exists and appears cropped)
2025-12-28 22:51:13,706 - INFO - Skipping NC_H08_20200624_0800_L2ARP030_FLDK.02401_02401.nc (already exists and appears cropped)
2025-12-28 22:51:14,321 - INFO - Skipping NC_H08_20200624_0900_L2ARP030_FLDK.02401_02401.nc (already exists and appears cropped)
2025-12-28 22:51:14,927 - INFO - Skipping NC_H08_20200625_0000_L2ARP030_FLDK.02401_02401.nc (already exists and appears cropped)
2025-12-28 22:51:15,536 - INFO - Skipping NC_H08_20200625_0100_L2ARP030_FLDK.02401_02401.nc (already exists and appears cropped)
2025-12-28 22:51:16,189 - INFO - Skipping NC_H08_20200625_0200_L2ARP030_FLDK.02401_02401.nc (already exists and appears cropped)
2025-12-28 22:51:16,810 - INFO - Skipping NC_H08_20200625_0300_L2ARP030_FLDK.02401_02401.nc (already exists and appears cropped)
2025-12-28 22:51:17,430 - INFO - Skipping NC_H08_20200625_0400_L2ARP030_FLDK.02401_02401.nc (already exists and appears cropped)
2025-12-28 22:51:18,049 - INFO - Skipping NC_H08_20200625_0500_L2ARP030_FLDK.02401_02401.nc (already exists and appears cropped)
2025-12-28 22:51:18,659 - INFO - Skipping NC_H08_20200625_0600_L2ARP030_FLDK.02401_02401.nc (already exists and appears cropped)
2025-12-28 22:51:19,259 - INFO - Skipping NC_H08_20200625_0700_L2ARP030_FLDK.02401_02401.nc (already exists and appears cropped)
2025-12-28 22:51:19,857 - INFO - Skipping NC_H08_20200625_0800_L2ARP030_FLDK.02401_02401.nc (already exists and appears cropped)
2025-12-28 22:51:20,470 - INFO - Skipping NC_H08_20200625_0900_L2ARP030_FLDK.02401_02401.nc (already exists and appears cropped)
2025-12-28 22:51:21,119 - INFO - Skipping NC_H08_20200626_0000_L2ARP030_FLDK.02401_02401.nc (already exists and appears cropped)
2025-12-28 22:51:21,728 - INFO - Skipping NC_H08_20200626_0100_L2ARP030_FLDK.02401_02401.nc (already exists and appears cropped)
2025-12-28 22:51:22,335 - INFO - Skipping NC_H08_20200626_0200_L2ARP030_FLDK.02401_02401.nc (already exists and appears cropped)
2025-12-28 22:51:22,933 - INFO - Skipping NC_H08_20200626_0300_L2ARP030_FLDK.02401_02401.nc (already exists and appears cropped)
2025-12-28 22:51:23,585 - INFO - Skipping NC_H08_20200626_0400_L2ARP030_FLDK.02401_02401.nc (already exists and appears cropped)
2025-12-28 22:51:24,205 - INFO - Skipping NC_H08_20200626_0500_L2ARP030_FLDK.02401_02401.nc (already exists and appears cropped)
2025-12-28 22:51:24,843 - INFO - Skipping NC_H08_20200626_0600_L2ARP030_FLDK.02401_02401.nc (already exists and appears cropped)
2025-12-28 22:51:25,449 - INFO - Skipping NC_H08_20200626_0700_L2ARP030_FLDK.02401_02401.nc (already exists and appears cropped)
2025-12-28 22:51:26,060 - INFO - Skipping NC_H08_20200626_0800_L2ARP030_FLDK.02401_02401.nc (already exists and appears cropped)
2025-12-28 22:51:26,664 - INFO - Skipping NC_H08_20200626_0900_L2ARP030_FLDK.02401_02401.nc (already exists and appears cropped)
2025-12-28 22:51:27,295 - INFO - Skipping NC_H08_20200627_0000_L2ARP030_FLDK.02401_02401.nc (already exists and appears cropped)
2025-12-28 22:51:27,920 - INFO - Skipping NC_H08_20200627_0100_L2ARP030_FLDK.02401_02401.nc (already exists and appears cropped)
2025-12-28 22:51:28,552 - INFO - Skipping NC_H08_20200627_0200_L2ARP030_FLDK.02401_02401.nc (already exists and appears cropped)
2025-12-28 22:51:29,149 - INFO - Skipping NC_H08_20200627_0300_L2ARP030_FLDK.02401_02401.nc (already exists and appears cropped)
2025-12-28 22:51:29,797 - INFO - Skipping NC_H08_20200627_0400_L2ARP030_FLDK.02401_02401.nc (already exists and appears cropped)
2025-12-28 22:51:30,405 - INFO - Skipping NC_H08_20200627_0500_L2ARP030_FLDK.02401_02401.nc (already exists and appears cropped)
2025-12-28 22:51:31,015 - INFO - Skipping NC_H08_20200627_0600_L2ARP030_FLDK.02401_02401.nc (already exists and appears cropped)
2025-12-28 22:51:31,640 - INFO - Skipping NC_H08_20200627_0700_L2ARP030_FLDK.02401_02401.nc (already exists and appears cropped)
2025-12-28 22:51:32,250 - INFO - Skipping NC_H08_20200627_0800_L2ARP030_FLDK.02401_02401.nc (already exists and appears cropped)
2025-12-28 22:51:32,864 - INFO - Skipping NC_H08_20200627_0900_L2ARP030_FLDK.02401_02401.nc (already exists and appears cropped)
2025-12-28 22:51:33,473 - INFO - Skipping NC_H08_20200628_0000_L2ARP030_FLDK.02401_02401.nc (already exists and appears cropped)
2025-12-28 22:51:34,097 - INFO - Skipping NC_H08_20200628_0100_L2ARP030_FLDK.02401_02401.nc (already exists and appears cropped)
2025-12-28 22:51:34,714 - INFO - Skipping NC_H08_20200628_0200_L2ARP030_FLDK.02401_02401.nc (already exists and appears cropped)
2025-12-28 22:51:35,329 - INFO - Skipping NC_H08_20200628_0300_L2ARP030_FLDK.02401_02401.nc (already exists and appears cropped)
2025-12-28 22:51:35,931 - INFO - Skipping NC_H08_20200628_0400_L2ARP030_FLDK.02401_02401.nc (already exists and appears cropped)
2025-12-28 22:51:36,538 - INFO - Skipping NC_H08_20200628_0500_L2ARP030_FLDK.02401_02401.nc (already exists and appears cropped)
2025-12-28 22:51:37,171 - INFO - Skipping NC_H08_20200628_0600_L2ARP030_FLDK.02401_02401.nc (already exists and appears cropped)
2025-12-28 22:51:37,782 - INFO - Skipping NC_H08_20200628_0700_L2ARP030_FLDK.02401_02401.nc (already exists and appears cropped)
2025-12-28 22:51:38,384 - INFO - Skipping NC_H08_20200628_0800_L2ARP030_FLDK.02401_02401.nc (already exists and appears cropped)
2025-12-28 22:51:38,985 - INFO - Skipping NC_H08_20200628_0900_L2ARP030_FLDK.02401_02401.nc (already exists and appears cropped)
2025-12-28 22:51:39,600 - INFO - Skipping NC_H08_20200629_0000_L2ARP030_FLDK.02401_02401.nc (already exists and appears cropped)
2025-12-28 22:51:40,216 - INFO - Skipping NC_H08_20200629_0100_L2ARP030_FLDK.02401_02401.nc (already exists and appears cropped)
2025-12-28 22:51:40,821 - INFO - Skipping NC_H08_20200629_0200_L2ARP030_FLDK.02401_02401.nc (already exists and appears cropped)
2025-12-28 22:51:41,436 - INFO - Skipping NC_H08_20200629_0300_L2ARP030_FLDK.02401_02401.nc (already exists and appears cropped)
2025-12-28 22:51:42,065 - INFO - Skipping NC_H08_20200629_0400_L2ARP030_FLDK.02401_02401.nc (already exists and appears cropped)
2025-12-28 22:51:42,682 - INFO - Skipping NC_H08_20200629_0500_L2ARP030_FLDK.02401_02401.nc (already exists and appears cropped)
2025-12-28 22:51:43,286 - INFO - Skipping NC_H08_20200629_0600_L2ARP030_FLDK.02401_02401.nc (already exists and appears cropped)
2025-12-28 22:51:43,895 - INFO - Skipping NC_H08_20200629_0700_L2ARP030_FLDK.02401_02401.nc (already exists and appears cropped)
2025-12-28 22:51:44,491 - INFO - Skipping NC_H08_20200629_0800_L2ARP030_FLDK.02401_02401.nc (already exists and appears cropped)
2025-12-28 22:51:45,101 - INFO - Skipping NC_H08_20200629_0900_L2ARP030_FLDK.02401_02401.nc (already exists and appears cropped)
2025-12-28 22:51:45,711 - INFO - Skipping NC_H08_20200630_0000_L2ARP030_FLDK.02401_02401.nc (already exists and appears cropped)
2025-12-28 22:51:46,317 - INFO - Skipping NC_H08_20200630_0100_L2ARP030_FLDK.02401_02401.nc (already exists and appears cropped)
2025-12-28 22:51:46,923 - INFO - Skipping NC_H08_20200630_0200_L2ARP030_FLDK.02401_02401.nc (already exists and appears cropped)
2025-12-28 22:51:47,516 - INFO - Skipping NC_H08_20200630_0300_L2ARP030_FLDK.02401_02401.nc (already exists and appears cropped)
2025-12-28 22:51:48,120 - INFO - Skipping NC_H08_20200630_0400_L2ARP030_FLDK.02401_02401.nc (already exists and appears cropped)
2025-12-28 22:51:48,721 - INFO - Skipping NC_H08_20200630_0500_L2ARP030_FLDK.02401_02401.nc (already exists and appears cropped)
2025-12-28 22:51:49,318 - INFO - Skipping NC_H08_20200630_0600_L2ARP030_FLDK.02401_02401.nc (already exists and appears cropped)
2025-12-28 22:51:49,922 - INFO - Skipping NC_H08_20200630_0700_L2ARP030_FLDK.02401_02401.nc (already exists and appears cropped)
2025-12-28 22:51:50,519 - INFO - Skipping NC_H08_20200630_0800_L2ARP030_FLDK.02401_02401.nc (already exists and appears cropped)
2025-12-28 22:51:51,119 - INFO - Skipping NC_H08_20200630_0900_L2ARP030_FLDK.02401_02401.nc (already exists and appears cropped)
2025-12-28 22:51:51,739 - INFO - Skipping NC_H08_20200701_0000_L2ARP030_FLDK.02401_02401.nc (already exists and appears cropped)
2025-12-28 22:51:52,360 - INFO - Skipping NC_H08_20200701_0100_L2ARP030_FLDK.02401_02401.nc (already exists and appears cropped)
2025-12-28 22:51:52,971 - INFO - Skipping NC_H08_20200701_0200_L2ARP030_FLDK.02401_02401.nc (already exists and appears cropped)
2025-12-28 22:51:53,582 - INFO - Skipping NC_H08_20200701_0300_L2ARP030_FLDK.02401_02401.nc (already exists and appears cropped)
2025-12-28 22:51:54,213 - INFO - Skipping NC_H08_20200701_0400_L2ARP030_FLDK.02401_02401.nc (already exists and appears cropped)
2025-12-28 22:51:54,816 - INFO - Skipping NC_H08_20200701_0500_L2ARP030_FLDK.02401_02401.nc (already exists and appears cropped)
2025-12-28 22:51:55,426 - INFO - Skipping NC_H08_20200701_0600_L2ARP030_FLDK.02401_02401.nc (already exists and appears cropped)
2025-12-28 22:51:56,016 - INFO - Skipping NC_H08_20200701_0700_L2ARP030_FLDK.02401_02401.nc (already exists and appears cropped)
2025-12-28 22:51:56,615 - INFO - Skipping NC_H08_20200701_0800_L2ARP030_FLDK.02401_02401.nc (already exists and appears cropped)
2025-12-28 22:51:57,232 - INFO - Skipping NC_H08_20200701_0900_L2ARP030_FLDK.02401_02401.nc (already exists and appears cropped)
2025-12-28 22:51:57,838 - INFO - Skipping NC_H08_20200702_0000_L2ARP030_FLDK.02401_02401.nc (already exists and appears cropped)
2025-12-28 22:51:58,437 - INFO - Skipping NC_H08_20200702_0100_L2ARP030_FLDK.02401_02401.nc (already exists and appears cropped)
2025-12-28 22:51:59,052 - INFO - Skipping NC_H08_20200702_0200_L2ARP030_FLDK.02401_02401.nc (already exists and appears cropped)
2025-12-28 22:51:59,662 - INFO - Skipping NC_H08_20200702_0300_L2ARP030_FLDK.02401_02401.nc (already exists and appears cropped)
2025-12-28 22:52:00,271 - INFO - Skipping NC_H08_20200702_0400_L2ARP030_FLDK.02401_02401.nc (already exists and appears cropped)
2025-12-28 22:52:00,877 - INFO - Skipping NC_H08_20200702_0500_L2ARP030_FLDK.02401_02401.nc (already exists and appears cropped)
2025-12-28 22:52:01,486 - INFO - Skipping NC_H08_20200702_0600_L2ARP030_FLDK.02401_02401.nc (already exists and appears cropped)
2025-12-28 22:52:02,085 - INFO - Skipping NC_H08_20200702_0700_L2ARP030_FLDK.02401_02401.nc (already exists and appears cropped)
2025-12-28 22:52:02,690 - INFO - Skipping NC_H08_20200702_0800_L2ARP030_FLDK.02401_02401.nc (already exists and appears cropped)
2025-12-28 22:52:03,336 - INFO - Skipping NC_H08_20200702_0900_L2ARP030_FLDK.02401_02401.nc (already exists and appears cropped)
2025-12-28 22:52:03,967 - INFO - Skipping NC_H08_20200703_0000_L2ARP030_FLDK.02401_02401.nc (already exists and appears cropped)
2025-12-28 22:52:04,579 - INFO - Skipping NC_H08_20200703_0100_L2ARP030_FLDK.02401_02401.nc (already exists and appears cropped)
2025-12-28 22:52:05,193 - INFO - Skipping NC_H08_20200703_0200_L2ARP030_FLDK.02401_02401.nc (already exists and appears cropped)
2025-12-28 22:52:05,804 - INFO - Skipping NC_H08_20200703_0300_L2ARP030_FLDK.02401_02401.nc (already exists and appears cropped)
2025-12-28 22:52:06,401 - INFO - Skipping NC_H08_20200703_0400_L2ARP030_FLDK.02401_02401.nc (already exists and appears cropped)
2025-12-28 22:52:07,005 - INFO - Skipping NC_H08_20200703_0500_L2ARP030_FLDK.02401_02401.nc (already exists and appears cropped)
2025-12-28 22:52:07,611 - INFO - Skipping NC_H08_20200703_0600_L2ARP030_FLDK.02401_02401.nc (already exists and appears cropped)
2025-12-28 22:52:08,219 - INFO - Skipping NC_H08_20200703_0700_L2ARP030_FLDK.02401_02401.nc (already exists and appears cropped)
2025-12-28 22:52:08,817 - INFO - Skipping NC_H08_20200703_0800_L2ARP030_FLDK.02401_02401.nc (already exists and appears cropped)
2025-12-28 22:52:09,433 - INFO - Skipping NC_H08_20200703_0900_L2ARP030_FLDK.02401_02401.nc (already exists and appears cropped)
2025-12-28 22:52:10,113 - INFO - Skipping NC_H08_20200704_0000_L2ARP030_FLDK.02401_02401.nc (already exists and appears cropped)
2025-12-28 22:52:10,722 - INFO - Skipping NC_H08_20200704_0100_L2ARP030_FLDK.02401_02401.nc (already exists and appears cropped)
2025-12-28 22:52:11,322 - INFO - Skipping NC_H08_20200704_0200_L2ARP030_FLDK.02401_02401.nc (already exists and appears cropped)
2025-12-28 22:52:11,944 - INFO - Skipping NC_H08_20200704_0300_L2ARP030_FLDK.02401_02401.nc (already exists and appears cropped)
2025-12-28 22:52:12,554 - INFO - Skipping NC_H08_20200704_0400_L2ARP030_FLDK.02401_02401.nc (already exists and appears cropped)
2025-12-28 22:52:13,173 - INFO - Skipping NC_H08_20200704_0500_L2ARP030_FLDK.02401_02401.nc (already exists and appears cropped)
2025-12-28 22:52:13,769 - INFO - Skipping NC_H08_20200704_0600_L2ARP030_FLDK.02401_02401.nc (already exists and appears cropped)
2025-12-28 22:52:14,382 - INFO - Skipping NC_H08_20200704_0700_L2ARP030_FLDK.02401_02401.nc (already exists and appears cropped)
2025-12-28 22:52:14,983 - INFO - Skipping NC_H08_20200704_0800_L2ARP030_FLDK.02401_02401.nc (already exists and appears cropped)
2025-12-28 22:52:15,589 - INFO - Skipping NC_H08_20200704_0900_L2ARP030_FLDK.02401_02401.nc (already exists and appears cropped)
2025-12-28 22:52:16,213 - INFO - Skipping NC_H08_20200705_0000_L2ARP030_FLDK.02401_02401.nc (already exists and appears cropped)
2025-12-28 22:52:16,841 - INFO - Skipping NC_H08_20200705_0100_L2ARP030_FLDK.02401_02401.nc (already exists and appears cropped)
2025-12-28 22:52:17,457 - INFO - Skipping NC_H08_20200705_0200_L2ARP030_FLDK.02401_02401.nc (already exists and appears cropped)
2025-12-28 22:52:18,066 - INFO - Skipping NC_H08_20200705_0300_L2ARP030_FLDK.02401_02401.nc (already exists and appears cropped)
2025-12-28 22:52:18,694 - INFO - Skipping NC_H08_20200705_0400_L2ARP030_FLDK.02401_02401.nc (already exists and appears cropped)
2025-12-28 22:52:19,298 - INFO - Skipping NC_H08_20200705_0500_L2ARP030_FLDK.02401_02401.nc (already exists and appears cropped)
2025-12-28 22:52:19,910 - INFO - Skipping NC_H08_20200705_0600_L2ARP030_FLDK.02401_02401.nc (already exists and appears cropped)
2025-12-28 22:52:20,543 - INFO - Skipping NC_H08_20200705_0700_L2ARP030_FLDK.02401_02401.nc (already exists and appears cropped)
2025-12-28 22:52:21,145 - INFO - Skipping NC_H08_20200705_0800_L2ARP030_FLDK.02401_02401.nc (already exists and appears cropped)
2025-12-28 22:52:21,757 - INFO - Skipping NC_H08_20200705_0900_L2ARP030_FLDK.02401_02401.nc (already exists and appears cropped)
2025-12-28 22:52:22,361 - INFO - Skipping NC_H08_20200706_0000_L2ARP030_FLDK.02401_02401.nc (already exists and appears cropped)
2025-12-28 22:52:22,966 - INFO - Skipping NC_H08_20200706_0100_L2ARP030_FLDK.02401_02401.nc (already exists and appears cropped)
2025-12-28 22:52:23,578 - INFO - Skipping NC_H08_20200706_0200_L2ARP030_FLDK.02401_02401.nc (already exists and appears cropped)
2025-12-28 22:52:24,185 - INFO - Skipping NC_H08_20200706_0300_L2ARP030_FLDK.02401_02401.nc (already exists and appears cropped)
2025-12-28 22:52:24,800 - INFO - Skipping NC_H08_20200706_0400_L2ARP030_FLDK.02401_02401.nc (already exists and appears cropped)
2025-12-28 22:52:25,406 - INFO - Skipping NC_H08_20200706_0500_L2ARP030_FLDK.02401_02401.nc (already exists and appears cropped)
2025-12-28 22:52:26,005 - INFO - Skipping NC_H08_20200706_0600_L2ARP030_FLDK.02401_02401.nc (already exists and appears cropped)
2025-12-28 22:52:26,608 - INFO - Skipping NC_H08_20200706_0700_L2ARP030_FLDK.02401_02401.nc (already exists and appears cropped)
2025-12-28 22:52:27,211 - INFO - Skipping NC_H08_20200706_0800_L2ARP030_FLDK.02401_02401.nc (already exists and appears cropped)
2025-12-28 22:52:27,818 - INFO - Skipping NC_H08_20200706_0900_L2ARP030_FLDK.02401_02401.nc (already exists and appears cropped)
2025-12-28 22:52:28,434 - INFO - Skipping NC_H08_20200707_0000_L2ARP030_FLDK.02401_02401.nc (already exists and appears cropped)
2025-12-28 22:52:29,058 - INFO - Skipping NC_H08_20200707_0100_L2ARP030_FLDK.02401_02401.nc (already exists and appears cropped)
2025-12-28 22:52:29,668 - INFO - Skipping NC_H08_20200707_0200_L2ARP030_FLDK.02401_02401.nc (already exists and appears cropped)
2025-12-28 22:52:30,273 - INFO - Skipping NC_H08_20200707_0300_L2ARP030_FLDK.02401_02401.nc (already exists and appears cropped)
2025-12-28 22:52:30,940 - INFO - Skipping NC_H08_20200707_0400_L2ARP030_FLDK.02401_02401.nc (already exists and appears cropped)
2025-12-28 22:52:31,541 - INFO - Skipping NC_H08_20200707_0500_L2ARP030_FLDK.02401_02401.nc (already exists and appears cropped)
2025-12-28 22:52:32,150 - INFO - Skipping NC_H08_20200707_0600_L2ARP030_FLDK.02401_02401.nc (already exists and appears cropped)
2025-12-28 22:52:32,773 - INFO - Skipping NC_H08_20200707_0700_L2ARP030_FLDK.02401_02401.nc (already exists and appears cropped)
2025-12-28 22:52:33,381 - INFO - Skipping NC_H08_20200707_0800_L2ARP030_FLDK.02401_02401.nc (already exists and appears cropped)
2025-12-28 22:52:34,007 - INFO - Skipping NC_H08_20200707_0900_L2ARP030_FLDK.02401_02401.nc (already exists and appears cropped)
2025-12-28 22:52:34,627 - INFO - Skipping NC_H08_20200708_0000_L2ARP030_FLDK.02401_02401.nc (already exists and appears cropped)
2025-12-28 22:52:35,235 - INFO - Skipping NC_H08_20200708_0100_L2ARP030_FLDK.02401_02401.nc (already exists and appears cropped)
2025-12-28 22:52:35,839 - INFO - Skipping NC_H08_20200708_0200_L2ARP030_FLDK.02401_02401.nc (already exists and appears cropped)
2025-12-28 22:52:36,481 - INFO - Skipping NC_H08_20200708_0300_L2ARP030_FLDK.02401_02401.nc (already exists and appears cropped)
2025-12-28 22:52:37,085 - INFO - Skipping NC_H08_20200708_0400_L2ARP030_FLDK.02401_02401.nc (already exists and appears cropped)
2025-12-28 22:52:37,687 - INFO - Skipping NC_H08_20200708_0500_L2ARP030_FLDK.02401_02401.nc (already exists and appears cropped)
2025-12-28 22:52:38,325 - INFO - Skipping NC_H08_20200708_0600_L2ARP030_FLDK.02401_02401.nc (already exists and appears cropped)
2025-12-28 22:52:38,935 - INFO - Skipping NC_H08_20200708_0700_L2ARP030_FLDK.02401_02401.nc (already exists and appears cropped)
2025-12-28 22:52:39,550 - INFO - Skipping NC_H08_20200708_0800_L2ARP030_FLDK.02401_02401.nc (already exists and appears cropped)
2025-12-28 22:52:40,152 - INFO - Skipping NC_H08_20200708_0900_L2ARP030_FLDK.02401_02401.nc (already exists and appears cropped)
2025-12-28 22:52:40,756 - INFO - Skipping NC_H08_20200709_0000_L2ARP030_FLDK.02401_02401.nc (already exists and appears cropped)
2025-12-28 22:52:41,352 - INFO - Skipping NC_H08_20200709_0100_L2ARP030_FLDK.02401_02401.nc (already exists and appears cropped)
2025-12-28 22:52:41,956 - INFO - Skipping NC_H08_20200709_0200_L2ARP030_FLDK.02401_02401.nc (already exists and appears cropped)
2025-12-28 22:52:42,576 - INFO - Skipping NC_H08_20200709_0300_L2ARP030_FLDK.02401_02401.nc (already exists and appears cropped)
2025-12-28 22:52:43,198 - INFO - Skipping NC_H08_20200709_0400_L2ARP030_FLDK.02401_02401.nc (already exists and appears cropped)
2025-12-28 22:52:43,810 - INFO - Skipping NC_H08_20200709_0500_L2ARP030_FLDK.02401_02401.nc (already exists and appears cropped)
2025-12-28 22:52:44,426 - INFO - Skipping NC_H08_20200709_0600_L2ARP030_FLDK.02401_02401.nc (already exists and appears cropped)
2025-12-28 22:52:45,032 - INFO - Skipping NC_H08_20200709_0700_L2ARP030_FLDK.02401_02401.nc (already exists and appears cropped)
2025-12-28 22:52:45,645 - INFO - Skipping NC_H08_20200709_0800_L2ARP030_FLDK.02401_02401.nc (already exists and appears cropped)
2025-12-28 22:52:46,272 - INFO - Skipping NC_H08_20200709_0900_L2ARP030_FLDK.02401_02401.nc (already exists and appears cropped)
2025-12-28 22:52:46,874 - INFO - Skipping NC_H08_20200710_0000_L2ARP030_FLDK.02401_02401.nc (already exists and appears cropped)
2025-12-28 22:52:47,489 - INFO - Skipping NC_H08_20200710_0100_L2ARP030_FLDK.02401_02401.nc (already exists and appears cropped)
2025-12-28 22:52:48,092 - INFO - Skipping NC_H08_20200710_0200_L2ARP030_FLDK.02401_02401.nc (already exists and appears cropped)
2025-12-28 22:52:48,704 - INFO - Skipping NC_H08_20200710_0300_L2ARP030_FLDK.02401_02401.nc (already exists and appears cropped)
2025-12-28 22:52:49,340 - INFO - Skipping NC_H08_20200710_0400_L2ARP030_FLDK.02401_02401.nc (already exists and appears cropped)
2025-12-28 22:52:49,941 - INFO - Skipping NC_H08_20200710_0500_L2ARP030_FLDK.02401_02401.nc (already exists and appears cropped)
2025-12-28 22:52:50,538 - INFO - Skipping NC_H08_20200710_0600_L2ARP030_FLDK.02401_02401.nc (already exists and appears cropped)
2025-12-28 22:52:51,149 - INFO - Skipping NC_H08_20200710_0700_L2ARP030_FLDK.02401_02401.nc (already exists and appears cropped)
2025-12-28 22:52:51,744 - INFO - Skipping NC_H08_20200710_0800_L2ARP030_FLDK.02401_02401.nc (already exists and appears cropped)
2025-12-28 22:52:52,370 - INFO - Skipping NC_H08_20200710_0900_L2ARP030_FLDK.02401_02401.nc (already exists and appears cropped)
2025-12-28 22:52:52,983 - INFO - Skipping NC_H08_20200711_0000_L2ARP030_FLDK.02401_02401.nc (already exists and appears cropped)
2025-12-28 22:52:53,598 - INFO - Skipping NC_H08_20200711_0100_L2ARP030_FLDK.02401_02401.nc (already exists and appears cropped)
2025-12-28 22:52:54,204 - INFO - Skipping NC_H08_20200711_0200_L2ARP030_FLDK.02401_02401.nc (already exists and appears cropped)
2025-12-28 22:52:54,826 - INFO - Skipping NC_H08_20200711_0300_L2ARP030_FLDK.02401_02401.nc (already exists and appears cropped)
2025-12-28 22:52:55,442 - INFO - Skipping NC_H08_20200711_0400_L2ARP030_FLDK.02401_02401.nc (already exists and appears cropped)
2025-12-28 22:52:56,035 - INFO - Skipping NC_H08_20200711_0500_L2ARP030_FLDK.02401_02401.nc (already exists and appears cropped)
2025-12-28 22:52:56,711 - INFO - Skipping NC_H08_20200711_0600_L2ARP030_FLDK.02401_02401.nc (already exists and appears cropped)
2025-12-28 22:52:57,350 - INFO - Skipping NC_H08_20200711_0700_L2ARP030_FLDK.02401_02401.nc (already exists and appears cropped)
2025-12-28 22:52:57,957 - INFO - Skipping NC_H08_20200711_0800_L2ARP030_FLDK.02401_02401.nc (already exists and appears cropped)
2025-12-28 22:52:58,558 - INFO - Skipping NC_H08_20200711_0900_L2ARP030_FLDK.02401_02401.nc (already exists and appears cropped)
2025-12-28 22:52:59,163 - INFO - Skipping NC_H08_20200712_0000_L2ARP030_FLDK.02401_02401.nc (already exists and appears cropped)
2025-12-28 22:52:59,758 - INFO - Skipping NC_H08_20200712_0100_L2ARP030_FLDK.02401_02401.nc (already exists and appears cropped)
2025-12-28 22:53:00,361 - INFO - Skipping NC_H08_20200712_0200_L2ARP030_FLDK.02401_02401.nc (already exists and appears cropped)
2025-12-28 22:53:00,967 - INFO - Skipping NC_H08_20200712_0300_L2ARP030_FLDK.02401_02401.nc (already exists and appears cropped)
2025-12-28 22:53:01,582 - INFO - Skipping NC_H08_20200712_0400_L2ARP030_FLDK.02401_02401.nc (already exists and appears cropped)
2025-12-28 22:53:02,205 - INFO - Skipping NC_H08_20200712_0500_L2ARP030_FLDK.02401_02401.nc (already exists and appears cropped)
2025-12-28 22:53:02,825 - INFO - Skipping NC_H08_20200712_0600_L2ARP030_FLDK.02401_02401.nc (already exists and appears cropped)
2025-12-28 22:53:03,423 - INFO - Skipping NC_H08_20200712_0700_L2ARP030_FLDK.02401_02401.nc (already exists and appears cropped)
2025-12-28 22:53:04,044 - INFO - Skipping NC_H08_20200712_0800_L2ARP030_FLDK.02401_02401.nc (already exists and appears cropped)
2025-12-28 22:53:04,657 - INFO - Skipping NC_H08_20200712_0900_L2ARP030_FLDK.02401_02401.nc (already exists and appears cropped)
2025-12-28 22:53:05,275 - INFO - Skipping NC_H08_20200713_0000_L2ARP030_FLDK.02401_02401.nc (already exists and appears cropped)
2025-12-28 22:53:05,872 - INFO - Skipping NC_H08_20200713_0100_L2ARP030_FLDK.02401_02401.nc (already exists and appears cropped)
2025-12-28 22:53:06,479 - INFO - Skipping NC_H08_20200713_0200_L2ARP030_FLDK.02401_02401.nc (already exists and appears cropped)
2025-12-28 22:53:07,082 - INFO - Skipping NC_H08_20200713_0300_L2ARP030_FLDK.02401_02401.nc (already exists and appears cropped)
2025-12-28 22:53:07,701 - INFO - Skipping NC_H08_20200713_0400_L2ARP030_FLDK.02401_02401.nc (already exists and appears cropped)
2025-12-28 22:53:08,307 - INFO - Skipping NC_H08_20200713_0500_L2ARP030_FLDK.02401_02401.nc (already exists and appears cropped)
2025-12-28 22:53:08,925 - INFO - Skipping NC_H08_20200713_0600_L2ARP030_FLDK.02401_02401.nc (already exists and appears cropped)
2025-12-28 22:53:09,529 - INFO - Skipping NC_H08_20200713_0700_L2ARP030_FLDK.02401_02401.nc (already exists and appears cropped)
2025-12-28 22:53:10,138 - INFO - Skipping NC_H08_20200713_0800_L2ARP030_FLDK.02401_02401.nc (already exists and appears cropped)
2025-12-28 22:53:10,740 - INFO - Skipping NC_H08_20200713_0900_L2ARP030_FLDK.02401_02401.nc (already exists and appears cropped)
2025-12-28 22:53:11,362 - INFO - Skipping NC_H08_20200714_0000_L2ARP030_FLDK.02401_02401.nc (already exists and appears cropped)
2025-12-28 22:53:11,969 - INFO - Skipping NC_H08_20200714_0100_L2ARP030_FLDK.02401_02401.nc (already exists and appears cropped)
2025-12-28 22:53:12,592 - INFO - Skipping NC_H08_20200714_0200_L2ARP030_FLDK.02401_02401.nc (already exists and appears cropped)
2025-12-28 22:53:13,206 - INFO - Skipping NC_H08_20200714_0300_L2ARP030_FLDK.02401_02401.nc (already exists and appears cropped)
2025-12-28 22:53:13,840 - INFO - Skipping NC_H08_20200714_0400_L2ARP030_FLDK.02401_02401.nc (already exists and appears cropped)
2025-12-28 22:53:14,461 - INFO - Skipping NC_H08_20200714_0500_L2ARP030_FLDK.02401_02401.nc (already exists and appears cropped)
2025-12-28 22:53:15,079 - INFO - Skipping NC_H08_20200714_0600_L2ARP030_FLDK.02401_02401.nc (already exists and appears cropped)
2025-12-28 22:53:15,683 - INFO - Skipping NC_H08_20200714_0700_L2ARP030_FLDK.02401_02401.nc (already exists and appears cropped)
2025-12-28 22:53:16,306 - INFO - Skipping NC_H08_20200714_0800_L2ARP030_FLDK.02401_02401.nc (already exists and appears cropped)
2025-12-28 22:53:16,931 - INFO - Skipping NC_H08_20200714_0900_L2ARP030_FLDK.02401_02401.nc (already exists and appears cropped)
2025-12-28 22:53:17,546 - INFO - Skipping NC_H08_20200715_0000_L2ARP030_FLDK.02401_02401.nc (already exists and appears cropped)
2025-12-28 22:53:18,149 - INFO - Skipping NC_H08_20200715_0100_L2ARP030_FLDK.02401_02401.nc (already exists and appears cropped)
2025-12-28 22:53:18,753 - INFO - Skipping NC_H08_20200715_0200_L2ARP030_FLDK.02401_02401.nc (already exists and appears cropped)
2025-12-28 22:53:19,369 - INFO - Skipping NC_H08_20200715_0300_L2ARP030_FLDK.02401_02401.nc (already exists and appears cropped)
2025-12-28 22:53:19,979 - INFO - Skipping NC_H08_20200715_0400_L2ARP030_FLDK.02401_02401.nc (already exists and appears cropped)
2025-12-28 22:53:20,625 - INFO - Skipping NC_H08_20200715_0500_L2ARP030_FLDK.02401_02401.nc (already exists and appears cropped)
2025-12-28 22:53:21,231 - INFO - Skipping NC_H08_20200715_0600_L2ARP030_FLDK.02401_02401.nc (already exists and appears cropped)
2025-12-28 22:53:21,862 - INFO - Skipping NC_H08_20200715_0700_L2ARP030_FLDK.02401_02401.nc (already exists and appears cropped)
2025-12-28 22:53:22,479 - INFO - Skipping NC_H08_20200715_0800_L2ARP030_FLDK.02401_02401.nc (already exists and appears cropped)
2025-12-28 22:53:23,098 - INFO - Skipping NC_H08_20200715_0900_L2ARP030_FLDK.02401_02401.nc (already exists and appears cropped)
2025-12-28 22:53:23,701 - INFO - Skipping NC_H08_20200716_0000_L2ARP030_FLDK.02401_02401.nc (already exists and appears cropped)
2025-12-28 22:53:24,322 - INFO - Skipping NC_H08_20200716_0100_L2ARP030_FLDK.02401_02401.nc (already exists and appears cropped)
2025-12-28 22:53:24,926 - INFO - Skipping NC_H08_20200716_0200_L2ARP030_FLDK.02401_02401.nc (already exists and appears cropped)
2025-12-28 22:53:25,532 - INFO - Skipping NC_H08_20200716_0300_L2ARP030_FLDK.02401_02401.nc (already exists and appears cropped)
2025-12-28 22:53:26,135 - INFO - Skipping NC_H08_20200716_0400_L2ARP030_FLDK.02401_02401.nc (already exists and appears cropped)
2025-12-28 22:53:26,737 - INFO - Skipping NC_H08_20200716_0500_L2ARP030_FLDK.02401_02401.nc (already exists and appears cropped)
2025-12-28 22:53:27,342 - INFO - Skipping NC_H08_20200716_0600_L2ARP030_FLDK.02401_02401.nc (already exists and appears cropped)
2025-12-28 22:53:27,951 - INFO - Skipping NC_H08_20200716_0700_L2ARP030_FLDK.02401_02401.nc (already exists and appears cropped)
2025-12-28 22:53:28,561 - INFO - Skipping NC_H08_20200716_0800_L2ARP030_FLDK.02401_02401.nc (already exists and appears cropped)
2025-12-28 22:53:29,146 - INFO - Skipping NC_H08_20200716_0900_L2ARP030_FLDK.02401_02401.nc (already exists and appears cropped)
2025-12-28 22:53:29,669 - INFO - No minute 00 files found in /pub/himawari/L2/ARP/030/202007/17/00/
2025-12-28 22:53:30,277 - INFO - Skipping NC_H08_20200717_0100_L2ARP030_FLDK.02401_02401.nc (already exists and appears cropped)
2025-12-28 22:53:30,886 - INFO - Skipping NC_H08_20200717_0200_L2ARP030_FLDK.02401_02401.nc (already exists and appears cropped)
2025-12-28 22:53:31,496 - INFO - Skipping NC_H08_20200717_0300_L2ARP030_FLDK.02401_02401.nc (already exists and appears cropped)
2025-12-28 22:53:32,109 - INFO - Skipping NC_H08_20200717_0400_L2ARP030_FLDK.02401_02401.nc (already exists and appears cropped)
2025-12-28 22:53:32,713 - INFO - Skipping NC_H08_20200717_0500_L2ARP030_FLDK.02401_02401.nc (already exists and appears cropped)
2025-12-28 22:53:33,332 - INFO - Skipping NC_H08_20200717_0600_L2ARP030_FLDK.02401_02401.nc (already exists and appears cropped)
2025-12-28 22:53:33,930 - INFO - Skipping NC_H08_20200717_0700_L2ARP030_FLDK.02401_02401.nc (already exists and appears cropped)
2025-12-28 22:53:34,530 - INFO - Skipping NC_H08_20200717_0800_L2ARP030_FLDK.02401_02401.nc (already exists and appears cropped)
2025-12-28 22:53:35,140 - INFO - Skipping NC_H08_20200717_0900_L2ARP030_FLDK.02401_02401.nc (already exists and appears cropped)
2025-12-28 22:53:35,745 - INFO - Skipping NC_H08_20200718_0000_L2ARP030_FLDK.02401_02401.nc (already exists and appears cropped)
2025-12-28 22:53:36,379 - INFO - Skipping NC_H08_20200718_0100_L2ARP030_FLDK.02401_02401.nc (already exists and appears cropped)
2025-12-28 22:53:36,994 - INFO - Skipping NC_H08_20200718_0200_L2ARP030_FLDK.02401_02401.nc (already exists and appears cropped)
2025-12-28 22:53:37,600 - INFO - Skipping NC_H08_20200718_0300_L2ARP030_FLDK.02401_02401.nc (already exists and appears cropped)
2025-12-28 22:53:38,194 - INFO - Skipping NC_H08_20200718_0400_L2ARP030_FLDK.02401_02401.nc (already exists and appears cropped)
2025-12-28 22:53:38,804 - INFO - Skipping NC_H08_20200718_0500_L2ARP030_FLDK.02401_02401.nc (already exists and appears cropped)
2025-12-28 22:53:39,427 - INFO - Skipping NC_H08_20200718_0600_L2ARP030_FLDK.02401_02401.nc (already exists and appears cropped)
2025-12-28 22:53:40,080 - INFO - Skipping NC_H08_20200718_0700_L2ARP030_FLDK.02401_02401.nc (already exists and appears cropped)
2025-12-28 22:53:40,697 - INFO - Skipping NC_H08_20200718_0800_L2ARP030_FLDK.02401_02401.nc (already exists and appears cropped)
2025-12-28 22:53:41,304 - INFO - Skipping NC_H08_20200718_0900_L2ARP030_FLDK.02401_02401.nc (already exists and appears cropped)
2025-12-28 22:53:41,894 - INFO - Skipping NC_H08_20200719_0000_L2ARP030_FLDK.02401_02401.nc (already exists and appears cropped)
2025-12-28 22:53:42,516 - INFO - Skipping NC_H08_20200719_0100_L2ARP030_FLDK.02401_02401.nc (already exists and appears cropped)
2025-12-28 22:53:43,138 - INFO - Skipping NC_H08_20200719_0200_L2ARP030_FLDK.02401_02401.nc (already exists and appears cropped)
2025-12-28 22:53:43,740 - INFO - Skipping NC_H08_20200719_0300_L2ARP030_FLDK.02401_02401.nc (already exists and appears cropped)
2025-12-28 22:53:44,351 - INFO - Skipping NC_H08_20200719_0400_L2ARP030_FLDK.02401_02401.nc (already exists and appears cropped)
2025-12-28 22:53:44,953 - INFO - Skipping NC_H08_20200719_0500_L2ARP030_FLDK.02401_02401.nc (already exists and appears cropped)
2025-12-28 22:53:45,552 - INFO - Skipping NC_H08_20200719_0600_L2ARP030_FLDK.02401_02401.nc (already exists and appears cropped)
2025-12-28 22:53:46,165 - INFO - Skipping NC_H08_20200719_0700_L2ARP030_FLDK.02401_02401.nc (already exists and appears cropped)
2025-12-28 22:53:46,764 - INFO - Skipping NC_H08_20200719_0800_L2ARP030_FLDK.02401_02401.nc (already exists and appears cropped)
2025-12-28 22:53:47,377 - INFO - Skipping NC_H08_20200719_0900_L2ARP030_FLDK.02401_02401.nc (already exists and appears cropped)
2025-12-28 22:53:47,979 - INFO - Skipping NC_H08_20200720_0000_L2ARP030_FLDK.02401_02401.nc (already exists and appears cropped)
2025-12-28 22:53:48,624 - INFO - Skipping NC_H08_20200720_0100_L2ARP030_FLDK.02401_02401.nc (already exists and appears cropped)
2025-12-28 22:53:49,230 - INFO - Skipping NC_H08_20200720_0200_L2ARP030_FLDK.02401_02401.nc (already exists and appears cropped)
2025-12-28 22:53:49,839 - INFO - Skipping NC_H08_20200720_0300_L2ARP030_FLDK.02401_02401.nc (already exists and appears cropped)
2025-12-28 22:53:50,445 - INFO - Skipping NC_H08_20200720_0400_L2ARP030_FLDK.02401_02401.nc (already exists and appears cropped)
2025-12-28 22:53:51,052 - INFO - Skipping NC_H08_20200720_0500_L2ARP030_FLDK.02401_02401.nc (already exists and appears cropped)
2025-12-28 22:53:51,671 - INFO - Skipping NC_H08_20200720_0600_L2ARP030_FLDK.02401_02401.nc (already exists and appears cropped)
2025-12-28 22:53:52,300 - INFO - Skipping NC_H08_20200720_0700_L2ARP030_FLDK.02401_02401.nc (already exists and appears cropped)
2025-12-28 22:53:53,048 - INFO - Skipping NC_H08_20200720_0800_L2ARP030_FLDK.02401_02401.nc (already exists and appears cropped)
2025-12-28 22:53:53,690 - INFO - Skipping NC_H08_20200720_0900_L2ARP030_FLDK.02401_02401.nc (already exists and appears cropped)
2025-12-28 22:53:54,290 - INFO - Skipping NC_H08_20200721_0000_L2ARP030_FLDK.02401_02401.nc (already exists and appears cropped)
2025-12-28 22:53:54,909 - INFO - Skipping NC_H08_20200721_0100_L2ARP030_FLDK.02401_02401.nc (already exists and appears cropped)
2025-12-28 22:53:55,508 - INFO - Skipping NC_H08_20200721_0200_L2ARP030_FLDK.02401_02401.nc (already exists and appears cropped)
2025-12-28 22:53:56,118 - INFO - Skipping NC_H08_20200721_0300_L2ARP030_FLDK.02401_02401.nc (already exists and appears cropped)
2025-12-28 22:53:56,733 - INFO - Skipping NC_H08_20200721_0400_L2ARP030_FLDK.02401_02401.nc (already exists and appears cropped)
2025-12-28 22:53:57,337 - INFO - Skipping NC_H08_20200721_0500_L2ARP030_FLDK.02401_02401.nc (already exists and appears cropped)
2025-12-28 22:53:57,980 - INFO - Skipping NC_H08_20200721_0600_L2ARP030_FLDK.02401_02401.nc (already exists and appears cropped)
2025-12-28 22:53:58,590 - INFO - Skipping NC_H08_20200721_0700_L2ARP030_FLDK.02401_02401.nc (already exists and appears cropped)
2025-12-28 22:53:59,194 - INFO - Skipping NC_H08_20200721_0800_L2ARP030_FLDK.02401_02401.nc (already exists and appears cropped)
2025-12-28 22:53:59,810 - INFO - Skipping NC_H08_20200721_0900_L2ARP030_FLDK.02401_02401.nc (already exists and appears cropped)
2025-12-28 22:54:00,424 - INFO - Skipping NC_H08_20200722_0000_L2ARP030_FLDK.02401_02401.nc (already exists and appears cropped)
2025-12-28 22:54:01,038 - INFO - Skipping NC_H08_20200722_0100_L2ARP030_FLDK.02401_02401.nc (already exists and appears cropped)
2025-12-28 22:54:01,659 - INFO - Skipping NC_H08_20200722_0200_L2ARP030_FLDK.02401_02401.nc (already exists and appears cropped)
2025-12-28 22:54:02,289 - INFO - Skipping NC_H08_20200722_0300_L2ARP030_FLDK.02401_02401.nc (already exists and appears cropped)
2025-12-28 22:54:02,897 - INFO - Skipping NC_H08_20200722_0400_L2ARP030_FLDK.02401_02401.nc (already exists and appears cropped)
2025-12-28 22:54:03,497 - INFO - Skipping NC_H08_20200722_0500_L2ARP030_FLDK.02401_02401.nc (already exists and appears cropped)
2025-12-28 22:54:04,097 - INFO - Skipping NC_H08_20200722_0600_L2ARP030_FLDK.02401_02401.nc (already exists and appears cropped)
2025-12-28 22:54:04,744 - INFO - Skipping NC_H08_20200722_0700_L2ARP030_FLDK.02401_02401.nc (already exists and appears cropped)
2025-12-28 22:54:05,347 - INFO - Skipping NC_H08_20200722_0800_L2ARP030_FLDK.02401_02401.nc (already exists and appears cropped)
2025-12-28 22:54:05,960 - INFO - Skipping NC_H08_20200722_0900_L2ARP030_FLDK.02401_02401.nc (already exists and appears cropped)
2025-12-28 22:54:06,556 - INFO - Skipping NC_H08_20200723_0000_L2ARP030_FLDK.02401_02401.nc (already exists and appears cropped)
2025-12-28 22:54:07,152 - INFO - Skipping NC_H08_20200723_0100_L2ARP030_FLDK.02401_02401.nc (already exists and appears cropped)
2025-12-28 22:54:07,759 - INFO - Skipping NC_H08_20200723_0200_L2ARP030_FLDK.02401_02401.nc (already exists and appears cropped)
2025-12-28 22:54:08,364 - INFO - Skipping NC_H08_20200723_0300_L2ARP030_FLDK.02401_02401.nc (already exists and appears cropped)
2025-12-28 22:54:08,979 - INFO - Skipping NC_H08_20200723_0400_L2ARP030_FLDK.02401_02401.nc (already exists and appears cropped)
2025-12-28 22:54:09,578 - INFO - Skipping NC_H08_20200723_0500_L2ARP030_FLDK.02401_02401.nc (already exists and appears cropped)
2025-12-28 22:54:10,187 - INFO - Skipping NC_H08_20200723_0600_L2ARP030_FLDK.02401_02401.nc (already exists and appears cropped)
2025-12-28 22:54:10,784 - INFO - Skipping NC_H08_20200723_0700_L2ARP030_FLDK.02401_02401.nc (already exists and appears cropped)
2025-12-28 22:54:11,402 - INFO - Skipping NC_H08_20200723_0800_L2ARP030_FLDK.02401_02401.nc (already exists and appears cropped)
2025-12-28 22:54:12,002 - INFO - Skipping NC_H08_20200723_0900_L2ARP030_FLDK.02401_02401.nc (already exists and appears cropped)
2025-12-28 22:54:12,601 - INFO - Skipping NC_H08_20200724_0000_L2ARP030_FLDK.02401_02401.nc (already exists and appears cropped)
2025-12-28 22:54:13,211 - INFO - Skipping NC_H08_20200724_0100_L2ARP030_FLDK.02401_02401.nc (already exists and appears cropped)
2025-12-28 22:54:13,816 - INFO - Skipping NC_H08_20200724_0200_L2ARP030_FLDK.02401_02401.nc (already exists and appears cropped)
2025-12-28 22:54:14,419 - INFO - Skipping NC_H08_20200724_0300_L2ARP030_FLDK.02401_02401.nc (already exists and appears cropped)
2025-12-28 22:54:15,028 - INFO - Skipping NC_H08_20200724_0400_L2ARP030_FLDK.02401_02401.nc (already exists and appears cropped)
2025-12-28 22:54:15,629 - INFO - Skipping NC_H08_20200724_0500_L2ARP030_FLDK.02401_02401.nc (already exists and appears cropped)
2025-12-28 22:54:16,247 - INFO - Skipping NC_H08_20200724_0600_L2ARP030_FLDK.02401_02401.nc (already exists and appears cropped)
2025-12-28 22:54:16,857 - INFO - Skipping NC_H08_20200724_0700_L2ARP030_FLDK.02401_02401.nc (already exists and appears cropped)
2025-12-28 22:54:17,469 - INFO - Skipping NC_H08_20200724_0800_L2ARP030_FLDK.02401_02401.nc (already exists and appears cropped)
2025-12-28 22:54:18,088 - INFO - Skipping NC_H08_20200724_0900_L2ARP030_FLDK.02401_02401.nc (already exists and appears cropped)
2025-12-28 22:54:18,690 - INFO - Skipping NC_H08_20200725_0000_L2ARP030_FLDK.02401_02401.nc (already exists and appears cropped)
2025-12-28 22:54:19,316 - INFO - Skipping NC_H08_20200725_0100_L2ARP030_FLDK.02401_02401.nc (already exists and appears cropped)
2025-12-28 22:54:19,938 - INFO - Skipping NC_H08_20200725_0200_L2ARP030_FLDK.02401_02401.nc (already exists and appears cropped)
2025-12-28 22:54:20,561 - INFO - Skipping NC_H08_20200725_0300_L2ARP030_FLDK.02401_02401.nc (already exists and appears cropped)
2025-12-28 22:54:21,168 - INFO - Skipping NC_H08_20200725_0400_L2ARP030_FLDK.02401_02401.nc (already exists and appears cropped)
2025-12-28 22:54:21,787 - INFO - Skipping NC_H08_20200725_0500_L2ARP030_FLDK.02401_02401.nc (already exists and appears cropped)
2025-12-28 22:54:22,435 - INFO - Skipping NC_H08_20200725_0600_L2ARP030_FLDK.02401_02401.nc (already exists and appears cropped)
2025-12-28 22:54:23,054 - INFO - Skipping NC_H08_20200725_0700_L2ARP030_FLDK.02401_02401.nc (already exists and appears cropped)
2025-12-28 22:54:23,671 - INFO - Skipping NC_H08_20200725_0800_L2ARP030_FLDK.02401_02401.nc (already exists and appears cropped)
2025-12-28 22:54:24,287 - INFO - Skipping NC_H08_20200725_0900_L2ARP030_FLDK.02401_02401.nc (already exists and appears cropped)
2025-12-28 22:54:24,917 - INFO - Skipping NC_H08_20200726_0000_L2ARP030_FLDK.02401_02401.nc (already exists and appears cropped)
2025-12-28 22:54:25,515 - INFO - Skipping NC_H08_20200726_0100_L2ARP030_FLDK.02401_02401.nc (already exists and appears cropped)
2025-12-28 22:54:26,152 - INFO - Skipping NC_H08_20200726_0200_L2ARP030_FLDK.02401_02401.nc (already exists and appears cropped)
2025-12-28 22:54:26,774 - INFO - Skipping NC_H08_20200726_0300_L2ARP030_FLDK.02401_02401.nc (already exists and appears cropped)
2025-12-28 22:54:27,368 - INFO - Skipping NC_H08_20200726_0400_L2ARP030_FLDK.02401_02401.nc (already exists and appears cropped)
2025-12-28 22:54:27,989 - INFO - Skipping NC_H08_20200726_0500_L2ARP030_FLDK.02401_02401.nc (already exists and appears cropped)
2025-12-28 22:54:28,630 - INFO - Skipping NC_H08_20200726_0600_L2ARP030_FLDK.02401_02401.nc (already exists and appears cropped)
2025-12-28 22:54:29,239 - INFO - Skipping NC_H08_20200726_0700_L2ARP030_FLDK.02401_02401.nc (already exists and appears cropped)
2025-12-28 22:54:29,869 - INFO - Skipping NC_H08_20200726_0800_L2ARP030_FLDK.02401_02401.nc (already exists and appears cropped)
2025-12-28 22:54:30,469 - INFO - Skipping NC_H08_20200726_0900_L2ARP030_FLDK.02401_02401.nc (already exists and appears cropped)
2025-12-28 22:54:31,090 - INFO - Skipping NC_H08_20200727_0000_L2ARP030_FLDK.02401_02401.nc (already exists and appears cropped)
2025-12-28 22:54:31,728 - INFO - Skipping NC_H08_20200727_0100_L2ARP030_FLDK.02401_02401.nc (already exists and appears cropped)
2025-12-28 22:54:32,349 - INFO - Skipping NC_H08_20200727_0200_L2ARP030_FLDK.02401_02401.nc (already exists and appears cropped)
2025-12-28 22:54:32,962 - INFO - Skipping NC_H08_20200727_0300_L2ARP030_FLDK.02401_02401.nc (already exists and appears cropped)
2025-12-28 22:54:33,571 - INFO - Skipping NC_H08_20200727_0400_L2ARP030_FLDK.02401_02401.nc (already exists and appears cropped)
2025-12-28 22:54:34,178 - INFO - Skipping NC_H08_20200727_0500_L2ARP030_FLDK.02401_02401.nc (already exists and appears cropped)
2025-12-28 22:54:34,787 - INFO - Skipping NC_H08_20200727_0600_L2ARP030_FLDK.02401_02401.nc (already exists and appears cropped)
2025-12-28 22:54:35,400 - INFO - Skipping NC_H08_20200727_0700_L2ARP030_FLDK.02401_02401.nc (already exists and appears cropped)
2025-12-28 22:54:36,012 - INFO - Skipping NC_H08_20200727_0800_L2ARP030_FLDK.02401_02401.nc (already exists and appears cropped)
2025-12-28 22:54:36,625 - INFO - Skipping NC_H08_20200727_0900_L2ARP030_FLDK.02401_02401.nc (already exists and appears cropped)
2025-12-28 22:54:37,222 - INFO - Skipping NC_H08_20200728_0000_L2ARP030_FLDK.02401_02401.nc (already exists and appears cropped)
2025-12-28 22:54:37,825 - INFO - Skipping NC_H08_20200728_0100_L2ARP030_FLDK.02401_02401.nc (already exists and appears cropped)
2025-12-28 22:54:38,444 - INFO - Skipping NC_H08_20200728_0200_L2ARP030_FLDK.02401_02401.nc (already exists and appears cropped)
2025-12-28 22:54:39,043 - INFO - Skipping NC_H08_20200728_0300_L2ARP030_FLDK.02401_02401.nc (already exists and appears cropped)
2025-12-28 22:54:39,663 - INFO - Skipping NC_H08_20200728_0400_L2ARP030_FLDK.02401_02401.nc (already exists and appears cropped)
2025-12-28 22:54:40,275 - INFO - Skipping NC_H08_20200728_0500_L2ARP030_FLDK.02401_02401.nc (already exists and appears cropped)
2025-12-28 22:54:40,888 - INFO - Skipping NC_H08_20200728_0600_L2ARP030_FLDK.02401_02401.nc (already exists and appears cropped)
2025-12-28 22:54:41,499 - INFO - Skipping NC_H08_20200728_0700_L2ARP030_FLDK.02401_02401.nc (already exists and appears cropped)
2025-12-28 22:54:42,114 - INFO - Skipping NC_H08_20200728_0800_L2ARP030_FLDK.02401_02401.nc (already exists and appears cropped)
2025-12-28 22:54:42,708 - INFO - Skipping NC_H08_20200728_0900_L2ARP030_FLDK.02401_02401.nc (already exists and appears cropped)
2025-12-28 22:54:43,341 - INFO - Skipping NC_H08_20200729_0000_L2ARP030_FLDK.02401_02401.nc (already exists and appears cropped)
2025-12-28 22:54:43,972 - INFO - Skipping NC_H08_20200729_0100_L2ARP030_FLDK.02401_02401.nc (already exists and appears cropped)
2025-12-28 22:54:44,585 - INFO - Skipping NC_H08_20200729_0200_L2ARP030_FLDK.02401_02401.nc (already exists and appears cropped)
2025-12-28 22:54:45,195 - INFO - Skipping NC_H08_20200729_0300_L2ARP030_FLDK.02401_02401.nc (already exists and appears cropped)
2025-12-28 22:54:45,804 - INFO - Skipping NC_H08_20200729_0400_L2ARP030_FLDK.02401_02401.nc (already exists and appears cropped)
2025-12-28 22:54:46,412 - INFO - Skipping NC_H08_20200729_0500_L2ARP030_FLDK.02401_02401.nc (already exists and appears cropped)
2025-12-28 22:54:47,022 - INFO - Skipping NC_H08_20200729_0600_L2ARP030_FLDK.02401_02401.nc (already exists and appears cropped)
2025-12-28 22:54:47,654 - INFO - Skipping NC_H08_20200729_0700_L2ARP030_FLDK.02401_02401.nc (already exists and appears cropped)
2025-12-28 22:54:48,258 - INFO - Skipping NC_H08_20200729_0800_L2ARP030_FLDK.02401_02401.nc (already exists and appears cropped)
2025-12-28 22:54:48,893 - INFO - Skipping NC_H08_20200729_0900_L2ARP030_FLDK.02401_02401.nc (already exists and appears cropped)
2025-12-28 22:54:49,517 - INFO - Skipping NC_H08_20200730_0000_L2ARP030_FLDK.02401_02401.nc (already exists and appears cropped)
2025-12-28 22:54:50,134 - INFO - Skipping NC_H08_20200730_0100_L2ARP030_FLDK.02401_02401.nc (already exists and appears cropped)
2025-12-28 22:54:50,744 - INFO - Skipping NC_H08_20200730_0200_L2ARP030_FLDK.02401_02401.nc (already exists and appears cropped)
2025-12-28 22:54:51,358 - INFO - Skipping NC_H08_20200730_0300_L2ARP030_FLDK.02401_02401.nc (already exists and appears cropped)
2025-12-28 22:54:51,960 - INFO - Skipping NC_H08_20200730_0400_L2ARP030_FLDK.02401_02401.nc (already exists and appears cropped)
2025-12-28 22:54:52,597 - INFO - Skipping NC_H08_20200730_0500_L2ARP030_FLDK.02401_02401.nc (already exists and appears cropped)
2025-12-28 22:54:53,246 - INFO - Skipping NC_H08_20200730_0600_L2ARP030_FLDK.02401_02401.nc (already exists and appears cropped)
2025-12-28 22:54:53,864 - INFO - Skipping NC_H08_20200730_0700_L2ARP030_FLDK.02401_02401.nc (already exists and appears cropped)
2025-12-28 22:54:54,473 - INFO - Skipping NC_H08_20200730_0800_L2ARP030_FLDK.02401_02401.nc (already exists and appears cropped)
2025-12-28 22:54:55,075 - INFO - Skipping NC_H08_20200730_0900_L2ARP030_FLDK.02401_02401.nc (already exists and appears cropped)
2025-12-28 22:54:55,696 - INFO - Skipping NC_H08_20200731_0000_L2ARP030_FLDK.02401_02401.nc (already exists and appears cropped)
2025-12-28 22:54:56,311 - INFO - Skipping NC_H08_20200731_0100_L2ARP030_FLDK.02401_02401.nc (already exists and appears cropped)
2025-12-28 22:54:56,929 - INFO - Skipping NC_H08_20200731_0200_L2ARP030_FLDK.02401_02401.nc (already exists and appears cropped)
2025-12-28 22:54:57,547 - INFO - Skipping NC_H08_20200731_0300_L2ARP030_FLDK.02401_02401.nc (already exists and appears cropped)
2025-12-28 22:54:58,152 - INFO - Skipping NC_H08_20200731_0400_L2ARP030_FLDK.02401_02401.nc (already exists and appears cropped)
2025-12-28 22:54:58,764 - INFO - Skipping NC_H08_20200731_0500_L2ARP030_FLDK.02401_02401.nc (already exists and appears cropped)
2025-12-28 22:54:59,370 - INFO - Skipping NC_H08_20200731_0600_L2ARP030_FLDK.02401_02401.nc (already exists and appears cropped)
2025-12-28 22:55:00,000 - INFO - Skipping NC_H08_20200731_0700_L2ARP030_FLDK.02401_02401.nc (already exists and appears cropped)
2025-12-28 22:55:00,605 - INFO - Skipping NC_H08_20200731_0800_L2ARP030_FLDK.02401_02401.nc (already exists and appears cropped)
2025-12-28 22:55:01,218 - INFO - Skipping NC_H08_20200731_0900_L2ARP030_FLDK.02401_02401.nc (already exists and appears cropped)
2025-12-28 22:55:01,840 - INFO - Skipping NC_H08_20200801_0000_L2ARP030_FLDK.02401_02401.nc (already exists and appears cropped)
2025-12-28 22:55:02,464 - INFO - Skipping NC_H08_20200801_0100_L2ARP030_FLDK.02401_02401.nc (already exists and appears cropped)
2025-12-28 22:55:03,061 - INFO - Skipping NC_H08_20200801_0200_L2ARP030_FLDK.02401_02401.nc (already exists and appears cropped)
2025-12-28 22:55:03,717 - INFO - Skipping NC_H08_20200801_0300_L2ARP030_FLDK.02401_02401.nc (already exists and appears cropped)
2025-12-28 22:55:04,361 - INFO - Skipping NC_H08_20200801_0400_L2ARP030_FLDK.02401_02401.nc (already exists and appears cropped)
2025-12-28 22:55:04,967 - INFO - Skipping NC_H08_20200801_0500_L2ARP030_FLDK.02401_02401.nc (already exists and appears cropped)
2025-12-28 22:55:05,587 - INFO - Skipping NC_H08_20200801_0600_L2ARP030_FLDK.02401_02401.nc (already exists and appears cropped)
2025-12-28 22:55:06,195 - INFO - Skipping NC_H08_20200801_0700_L2ARP030_FLDK.02401_02401.nc (already exists and appears cropped)
2025-12-28 22:55:06,814 - INFO - Skipping NC_H08_20200801_0800_L2ARP030_FLDK.02401_02401.nc (already exists and appears cropped)
2025-12-28 22:55:07,439 - INFO - Skipping NC_H08_20200801_0900_L2ARP030_FLDK.02401_02401.nc (already exists and appears cropped)
2025-12-28 22:55:08,092 - INFO - Skipping NC_H08_20200802_0000_L2ARP030_FLDK.02401_02401.nc (already exists and appears cropped)
2025-12-28 22:55:08,727 - INFO - Skipping NC_H08_20200802_0100_L2ARP030_FLDK.02401_02401.nc (already exists and appears cropped)
2025-12-28 22:55:09,334 - INFO - Skipping NC_H08_20200802_0200_L2ARP030_FLDK.02401_02401.nc (already exists and appears cropped)
2025-12-28 22:55:09,974 - INFO - Skipping NC_H08_20200802_0300_L2ARP030_FLDK.02401_02401.nc (already exists and appears cropped)
2025-12-28 22:55:10,567 - INFO - Skipping NC_H08_20200802_0400_L2ARP030_FLDK.02401_02401.nc (already exists and appears cropped)
2025-12-28 22:55:11,183 - INFO - Skipping NC_H08_20200802_0500_L2ARP030_FLDK.02401_02401.nc (already exists and appears cropped)
2025-12-28 22:55:11,797 - INFO - Skipping NC_H08_20200802_0600_L2ARP030_FLDK.02401_02401.nc (already exists and appears cropped)
2025-12-28 22:55:12,402 - INFO - Skipping NC_H08_20200802_0700_L2ARP030_FLDK.02401_02401.nc (already exists and appears cropped)
2025-12-28 22:55:13,021 - INFO - Skipping NC_H08_20200802_0800_L2ARP030_FLDK.02401_02401.nc (already exists and appears cropped)
2025-12-28 22:55:13,649 - INFO - Skipping NC_H08_20200802_0900_L2ARP030_FLDK.02401_02401.nc (already exists and appears cropped)
2025-12-28 22:55:14,267 - INFO - Skipping NC_H08_20200803_0000_L2ARP030_FLDK.02401_02401.nc (already exists and appears cropped)
2025-12-28 22:55:14,897 - INFO - Skipping NC_H08_20200803_0100_L2ARP030_FLDK.02401_02401.nc (already exists and appears cropped)
2025-12-28 22:55:15,505 - INFO - Skipping NC_H08_20200803_0200_L2ARP030_FLDK.02401_02401.nc (already exists and appears cropped)
2025-12-28 22:55:16,139 - INFO - Skipping NC_H08_20200803_0300_L2ARP030_FLDK.02401_02401.nc (already exists and appears cropped)
2025-12-28 22:55:16,768 - INFO - Skipping NC_H08_20200803_0400_L2ARP030_FLDK.02401_02401.nc (already exists and appears cropped)
2025-12-28 22:55:17,367 - INFO - Skipping NC_H08_20200803_0500_L2ARP030_FLDK.02401_02401.nc (already exists and appears cropped)
2025-12-28 22:55:17,990 - INFO - Skipping NC_H08_20200803_0600_L2ARP030_FLDK.02401_02401.nc (already exists and appears cropped)
2025-12-28 22:55:18,587 - INFO - Skipping NC_H08_20200803_0700_L2ARP030_FLDK.02401_02401.nc (already exists and appears cropped)
2025-12-28 22:55:19,211 - INFO - Skipping NC_H08_20200803_0800_L2ARP030_FLDK.02401_02401.nc (already exists and appears cropped)
2025-12-28 22:55:19,815 - INFO - Skipping NC_H08_20200803_0900_L2ARP030_FLDK.02401_02401.nc (already exists and appears cropped)
2025-12-28 22:55:20,448 - INFO - Skipping NC_H08_20200804_0000_L2ARP030_FLDK.02401_02401.nc (already exists and appears cropped)
2025-12-28 22:55:21,082 - INFO - Skipping NC_H08_20200804_0100_L2ARP030_FLDK.02401_02401.nc (already exists and appears cropped)
2025-12-28 22:55:21,685 - INFO - Skipping NC_H08_20200804_0200_L2ARP030_FLDK.02401_02401.nc (already exists and appears cropped)
2025-12-28 22:55:22,315 - INFO - Skipping NC_H08_20200804_0300_L2ARP030_FLDK.02401_02401.nc (already exists and appears cropped)
2025-12-28 22:55:22,924 - INFO - Skipping NC_H08_20200804_0400_L2ARP030_FLDK.02401_02401.nc (already exists and appears cropped)
2025-12-28 22:55:23,547 - INFO - Skipping NC_H08_20200804_0500_L2ARP030_FLDK.02401_02401.nc (already exists and appears cropped)
2025-12-28 22:55:24,168 - INFO - Skipping NC_H08_20200804_0600_L2ARP030_FLDK.02401_02401.nc (already exists and appears cropped)
2025-12-28 22:55:24,775 - INFO - Skipping NC_H08_20200804_0700_L2ARP030_FLDK.02401_02401.nc (already exists and appears cropped)
2025-12-28 22:55:25,390 - INFO - Skipping NC_H08_20200804_0800_L2ARP030_FLDK.02401_02401.nc (already exists and appears cropped)
2025-12-28 22:55:25,985 - INFO - Skipping NC_H08_20200804_0900_L2ARP030_FLDK.02401_02401.nc (already exists and appears cropped)
2025-12-28 22:55:26,607 - INFO - Skipping NC_H08_20200805_0000_L2ARP030_FLDK.02401_02401.nc (already exists and appears cropped)
2025-12-28 22:55:27,236 - INFO - Skipping NC_H08_20200805_0100_L2ARP030_FLDK.02401_02401.nc (already exists and appears cropped)
2025-12-28 22:55:27,862 - INFO - Skipping NC_H08_20200805_0200_L2ARP030_FLDK.02401_02401.nc (already exists and appears cropped)
2025-12-28 22:55:28,510 - INFO - Skipping NC_H08_20200805_0300_L2ARP030_FLDK.02401_02401.nc (already exists and appears cropped)
2025-12-28 22:55:29,109 - INFO - Skipping NC_H08_20200805_0400_L2ARP030_FLDK.02401_02401.nc (already exists and appears cropped)
2025-12-28 22:55:29,725 - INFO - Skipping NC_H08_20200805_0500_L2ARP030_FLDK.02401_02401.nc (already exists and appears cropped)
2025-12-28 22:55:31,353 - INFO - Skipping NC_H08_20200805_0600_L2ARP030_FLDK.02401_02401.nc (already exists and appears cropped)
2025-12-28 22:55:32,016 - INFO - Skipping NC_H08_20200805_0700_L2ARP030_FLDK.02401_02401.nc (already exists and appears cropped)
2025-12-28 22:55:32,618 - INFO - Skipping NC_H08_20200805_0800_L2ARP030_FLDK.02401_02401.nc (already exists and appears cropped)
2025-12-28 22:55:33,232 - INFO - Skipping NC_H08_20200805_0900_L2ARP030_FLDK.02401_02401.nc (already exists and appears cropped)
2025-12-28 22:55:33,828 - INFO - Skipping NC_H08_20200806_0000_L2ARP030_FLDK.02401_02401.nc (already exists and appears cropped)
2025-12-28 22:55:34,436 - INFO - Skipping NC_H08_20200806_0100_L2ARP030_FLDK.02401_02401.nc (already exists and appears cropped)
2025-12-28 22:55:35,034 - INFO - Skipping NC_H08_20200806_0200_L2ARP030_FLDK.02401_02401.nc (already exists and appears cropped)
2025-12-28 22:55:35,642 - INFO - Skipping NC_H08_20200806_0300_L2ARP030_FLDK.02401_02401.nc (already exists and appears cropped)
2025-12-28 22:55:36,257 - INFO - Skipping NC_H08_20200806_0400_L2ARP030_FLDK.02401_02401.nc (already exists and appears cropped)
2025-12-28 22:55:36,856 - INFO - Skipping NC_H08_20200806_0500_L2ARP030_FLDK.02401_02401.nc (already exists and appears cropped)
2025-12-28 22:55:37,563 - INFO - Skipping NC_H08_20200806_0600_L2ARP030_FLDK.02401_02401.nc (already exists and appears cropped)
2025-12-28 22:55:38,196 - INFO - Skipping NC_H08_20200806_0700_L2ARP030_FLDK.02401_02401.nc (already exists and appears cropped)
2025-12-28 22:55:38,805 - INFO - Skipping NC_H08_20200806_0800_L2ARP030_FLDK.02401_02401.nc (already exists and appears cropped)
2025-12-28 22:55:40,428 - INFO - Skipping NC_H08_20200806_0900_L2ARP030_FLDK.02401_02401.nc (already exists and appears cropped)
2025-12-28 22:55:41,057 - INFO - Skipping NC_H08_20200807_0000_L2ARP030_FLDK.02401_02401.nc (already exists and appears cropped)
2025-12-28 22:55:41,662 - INFO - Skipping NC_H08_20200807_0100_L2ARP030_FLDK.02401_02401.nc (already exists and appears cropped)
2025-12-28 22:55:42,279 - INFO - Skipping NC_H08_20200807_0200_L2ARP030_FLDK.02401_02401.nc (already exists and appears cropped)
2025-12-28 22:55:42,876 - INFO - Skipping NC_H08_20200807_0300_L2ARP030_FLDK.02401_02401.nc (already exists and appears cropped)
2025-12-28 22:55:43,490 - INFO - Skipping NC_H08_20200807_0400_L2ARP030_FLDK.02401_02401.nc (already exists and appears cropped)
2025-12-28 22:55:44,113 - INFO - Skipping NC_H08_20200807_0500_L2ARP030_FLDK.02401_02401.nc (already exists and appears cropped)
2025-12-28 22:55:44,749 - INFO - Skipping NC_H08_20200807_0600_L2ARP030_FLDK.02401_02401.nc (already exists and appears cropped)
2025-12-28 22:55:45,341 - INFO - Skipping NC_H08_20200807_0700_L2ARP030_FLDK.02401_02401.nc (already exists and appears cropped)
2025-12-28 22:55:45,954 - INFO - Skipping NC_H08_20200807_0800_L2ARP030_FLDK.02401_02401.nc (already exists and appears cropped)
2025-12-28 22:55:46,576 - INFO - Skipping NC_H08_20200807_0900_L2ARP030_FLDK.02401_02401.nc (already exists and appears cropped)
2025-12-28 22:55:47,192 - INFO - Skipping NC_H08_20200808_0000_L2ARP030_FLDK.02401_02401.nc (already exists and appears cropped)
2025-12-28 22:55:47,837 - INFO - Skipping NC_H08_20200808_0100_L2ARP030_FLDK.02401_02401.nc (already exists and appears cropped)
2025-12-28 22:55:48,451 - INFO - Skipping NC_H08_20200808_0200_L2ARP030_FLDK.02401_02401.nc (already exists and appears cropped)
2025-12-28 22:55:49,056 - INFO - Skipping NC_H08_20200808_0300_L2ARP030_FLDK.02401_02401.nc (already exists and appears cropped)
2025-12-28 22:55:49,701 - INFO - Skipping NC_H08_20200808_0400_L2ARP030_FLDK.02401_02401.nc (already exists and appears cropped)
2025-12-28 22:55:50,341 - INFO - Skipping NC_H08_20200808_0500_L2ARP030_FLDK.02401_02401.nc (already exists and appears cropped)
2025-12-28 22:55:50,949 - INFO - Skipping NC_H08_20200808_0600_L2ARP030_FLDK.02401_02401.nc (already exists and appears cropped)
2025-12-28 22:55:51,570 - INFO - Skipping NC_H08_20200808_0700_L2ARP030_FLDK.02401_02401.nc (already exists and appears cropped)
2025-12-28 22:55:52,171 - INFO - Skipping NC_H08_20200808_0800_L2ARP030_FLDK.02401_02401.nc (already exists and appears cropped)
2025-12-28 22:55:52,778 - INFO - Skipping NC_H08_20200808_0900_L2ARP030_FLDK.02401_02401.nc (already exists and appears cropped)
2025-12-28 22:55:53,403 - INFO - Skipping NC_H08_20200809_0000_L2ARP030_FLDK.02401_02401.nc (already exists and appears cropped)
2025-12-28 22:55:54,028 - INFO - Skipping NC_H08_20200809_0100_L2ARP030_FLDK.02401_02401.nc (already exists and appears cropped)
2025-12-28 22:55:54,629 - INFO - Skipping NC_H08_20200809_0200_L2ARP030_FLDK.02401_02401.nc (already exists and appears cropped)
2025-12-28 22:55:55,243 - INFO - Skipping NC_H08_20200809_0300_L2ARP030_FLDK.02401_02401.nc (already exists and appears cropped)
2025-12-28 22:55:55,868 - INFO - Skipping NC_H08_20200809_0400_L2ARP030_FLDK.02401_02401.nc (already exists and appears cropped)
2025-12-28 22:55:56,487 - INFO - Skipping NC_H08_20200809_0500_L2ARP030_FLDK.02401_02401.nc (already exists and appears cropped)
2025-12-28 22:55:57,091 - INFO - Skipping NC_H08_20200809_0600_L2ARP030_FLDK.02401_02401.nc (already exists and appears cropped)
2025-12-28 22:55:57,712 - INFO - Skipping NC_H08_20200809_0700_L2ARP030_FLDK.02401_02401.nc (already exists and appears cropped)
2025-12-28 22:55:58,326 - INFO - Skipping NC_H08_20200809_0800_L2ARP030_FLDK.02401_02401.nc (already exists and appears cropped)
2025-12-28 22:55:58,936 - INFO - Skipping NC_H08_20200809_0900_L2ARP030_FLDK.02401_02401.nc (already exists and appears cropped)
2025-12-28 22:55:59,580 - INFO - Skipping NC_H08_20200810_0000_L2ARP030_FLDK.02401_02401.nc (already exists and appears cropped)
2025-12-28 22:56:00,212 - INFO - Skipping NC_H08_20200810_0100_L2ARP030_FLDK.02401_02401.nc (already exists and appears cropped)
2025-12-28 22:56:00,812 - INFO - Skipping NC_H08_20200810_0200_L2ARP030_FLDK.02401_02401.nc (already exists and appears cropped)
2025-12-28 22:56:01,411 - INFO - Skipping NC_H08_20200810_0300_L2ARP030_FLDK.02401_02401.nc (already exists and appears cropped)
2025-12-28 22:56:02,043 - INFO - Skipping NC_H08_20200810_0400_L2ARP030_FLDK.02401_02401.nc (already exists and appears cropped)
2025-12-28 22:56:02,654 - INFO - Skipping NC_H08_20200810_0500_L2ARP030_FLDK.02401_02401.nc (already exists and appears cropped)
2025-12-28 22:56:03,268 - INFO - Skipping NC_H08_20200810_0600_L2ARP030_FLDK.02401_02401.nc (already exists and appears cropped)
2025-12-28 22:56:03,880 - INFO - Skipping NC_H08_20200810_0700_L2ARP030_FLDK.02401_02401.nc (already exists and appears cropped)
2025-12-28 22:56:04,495 - INFO - Skipping NC_H08_20200810_0800_L2ARP030_FLDK.02401_02401.nc (already exists and appears cropped)
2025-12-28 22:56:05,130 - INFO - Skipping NC_H08_20200810_0900_L2ARP030_FLDK.02401_02401.nc (already exists and appears cropped)
2025-12-28 22:56:05,735 - INFO - Skipping NC_H08_20200811_0000_L2ARP030_FLDK.02401_02401.nc (already exists and appears cropped)
2025-12-28 22:56:06,341 - INFO - Skipping NC_H08_20200811_0100_L2ARP030_FLDK.02401_02401.nc (already exists and appears cropped)
2025-12-28 22:56:06,967 - INFO - Skipping NC_H08_20200811_0200_L2ARP030_FLDK.02401_02401.nc (already exists and appears cropped)
2025-12-28 22:56:07,583 - INFO - Skipping NC_H08_20200811_0300_L2ARP030_FLDK.02401_02401.nc (already exists and appears cropped)
2025-12-28 22:56:08,194 - INFO - Skipping NC_H08_20200811_0400_L2ARP030_FLDK.02401_02401.nc (already exists and appears cropped)
2025-12-28 22:56:08,801 - INFO - Skipping NC_H08_20200811_0500_L2ARP030_FLDK.02401_02401.nc (already exists and appears cropped)
2025-12-28 22:56:09,437 - INFO - Skipping NC_H08_20200811_0600_L2ARP030_FLDK.02401_02401.nc (already exists and appears cropped)
2025-12-28 22:56:10,136 - INFO - Skipping NC_H08_20200811_0700_L2ARP030_FLDK.02401_02401.nc (already exists and appears cropped)
2025-12-28 22:56:11,764 - INFO - Skipping NC_H08_20200811_0800_L2ARP030_FLDK.02401_02401.nc (already exists and appears cropped)
2025-12-28 22:56:12,374 - INFO - Skipping NC_H08_20200811_0900_L2ARP030_FLDK.02401_02401.nc (already exists and appears cropped)
2025-12-28 22:56:12,987 - INFO - Skipping NC_H08_20200812_0000_L2ARP030_FLDK.02401_02401.nc (already exists and appears cropped)
2025-12-28 22:56:13,582 - INFO - Skipping NC_H08_20200812_0100_L2ARP030_FLDK.02401_02401.nc (already exists and appears cropped)
2025-12-28 22:56:14,208 - INFO - Skipping NC_H08_20200812_0200_L2ARP030_FLDK.02401_02401.nc (already exists and appears cropped)
2025-12-28 22:56:14,822 - INFO - Skipping NC_H08_20200812_0300_L2ARP030_FLDK.02401_02401.nc (already exists and appears cropped)
2025-12-28 22:56:15,425 - INFO - Skipping NC_H08_20200812_0400_L2ARP030_FLDK.02401_02401.nc (already exists and appears cropped)
2025-12-28 22:56:16,017 - INFO - Skipping NC_H08_20200812_0500_L2ARP030_FLDK.02401_02401.nc (already exists and appears cropped)
2025-12-28 22:56:16,629 - INFO - Skipping NC_H08_20200812_0600_L2ARP030_FLDK.02401_02401.nc (already exists and appears cropped)
2025-12-28 22:56:17,226 - INFO - Skipping NC_H08_20200812_0700_L2ARP030_FLDK.02401_02401.nc (already exists and appears cropped)
2025-12-28 22:56:17,840 - INFO - Skipping NC_H08_20200812_0800_L2ARP030_FLDK.02401_02401.nc (already exists and appears cropped)
2025-12-28 22:56:18,468 - INFO - Skipping NC_H08_20200812_0900_L2ARP030_FLDK.02401_02401.nc (already exists and appears cropped)
2025-12-28 22:56:19,089 - INFO - Skipping NC_H08_20200813_0000_L2ARP030_FLDK.02401_02401.nc (already exists and appears cropped)
2025-12-28 22:56:19,695 - INFO - Skipping NC_H08_20200813_0100_L2ARP030_FLDK.02401_02401.nc (already exists and appears cropped)
2025-12-28 22:56:20,311 - INFO - Skipping NC_H08_20200813_0200_L2ARP030_FLDK.02401_02401.nc (already exists and appears cropped)
2025-12-28 22:56:20,915 - INFO - Skipping NC_H08_20200813_0300_L2ARP030_FLDK.02401_02401.nc (already exists and appears cropped)
2025-12-28 22:56:21,544 - INFO - Skipping NC_H08_20200813_0400_L2ARP030_FLDK.02401_02401.nc (already exists and appears cropped)
2025-12-28 22:56:22,148 - INFO - Skipping NC_H08_20200813_0500_L2ARP030_FLDK.02401_02401.nc (already exists and appears cropped)
2025-12-28 22:56:22,767 - INFO - Skipping NC_H08_20200813_0600_L2ARP030_FLDK.02401_02401.nc (already exists and appears cropped)
2025-12-28 22:56:23,420 - INFO - Skipping NC_H08_20200813_0700_L2ARP030_FLDK.02401_02401.nc (already exists and appears cropped)
2025-12-28 22:56:24,028 - INFO - Skipping NC_H08_20200813_0800_L2ARP030_FLDK.02401_02401.nc (already exists and appears cropped)
2025-12-28 22:56:24,647 - INFO - Skipping NC_H08_20200813_0900_L2ARP030_FLDK.02401_02401.nc (already exists and appears cropped)
2025-12-28 22:56:25,257 - INFO - Skipping NC_H08_20200814_0000_L2ARP030_FLDK.02401_02401.nc (already exists and appears cropped)
2025-12-28 22:56:25,873 - INFO - Skipping NC_H08_20200814_0100_L2ARP030_FLDK.02401_02401.nc (already exists and appears cropped)
2025-12-28 22:56:26,481 - INFO - Skipping NC_H08_20200814_0200_L2ARP030_FLDK.02401_02401.nc (already exists and appears cropped)
2025-12-28 22:56:27,085 - INFO - Skipping NC_H08_20200814_0300_L2ARP030_FLDK.02401_02401.nc (already exists and appears cropped)
2025-12-28 22:56:27,711 - INFO - Skipping NC_H08_20200814_0400_L2ARP030_FLDK.02401_02401.nc (already exists and appears cropped)
2025-12-28 22:56:28,318 - INFO - Skipping NC_H08_20200814_0500_L2ARP030_FLDK.02401_02401.nc (already exists and appears cropped)
2025-12-28 22:56:28,916 - INFO - Skipping NC_H08_20200814_0600_L2ARP030_FLDK.02401_02401.nc (already exists and appears cropped)
2025-12-28 22:56:29,525 - INFO - Skipping NC_H08_20200814_0700_L2ARP030_FLDK.02401_02401.nc (already exists and appears cropped)
2025-12-28 22:56:30,136 - INFO - Skipping NC_H08_20200814_0800_L2ARP030_FLDK.02401_02401.nc (already exists and appears cropped)
2025-12-28 22:56:30,755 - INFO - Skipping NC_H08_20200814_0900_L2ARP030_FLDK.02401_02401.nc (already exists and appears cropped)
2025-12-28 22:56:31,363 - INFO - Skipping NC_H08_20200815_0000_L2ARP030_FLDK.02401_02401.nc (already exists and appears cropped)
2025-12-28 22:56:31,966 - INFO - Skipping NC_H08_20200815_0100_L2ARP030_FLDK.02401_02401.nc (already exists and appears cropped)
2025-12-28 22:56:32,571 - INFO - Skipping NC_H08_20200815_0200_L2ARP030_FLDK.02401_02401.nc (already exists and appears cropped)
2025-12-28 22:56:33,186 - INFO - Skipping NC_H08_20200815_0300_L2ARP030_FLDK.02401_02401.nc (already exists and appears cropped)
2025-12-28 22:56:33,803 - INFO - Skipping NC_H08_20200815_0400_L2ARP030_FLDK.02401_02401.nc (already exists and appears cropped)
2025-12-28 22:56:34,411 - INFO - Skipping NC_H08_20200815_0500_L2ARP030_FLDK.02401_02401.nc (already exists and appears cropped)
2025-12-28 22:56:35,029 - INFO - Skipping NC_H08_20200815_0600_L2ARP030_FLDK.02401_02401.nc (already exists and appears cropped)
2025-12-28 22:56:35,657 - INFO - Skipping NC_H08_20200815_0700_L2ARP030_FLDK.02401_02401.nc (already exists and appears cropped)
2025-12-28 22:56:36,269 - INFO - Skipping NC_H08_20200815_0800_L2ARP030_FLDK.02401_02401.nc (already exists and appears cropped)
2025-12-28 22:56:36,868 - INFO - Skipping NC_H08_20200815_0900_L2ARP030_FLDK.02401_02401.nc (already exists and appears cropped)
2025-12-28 22:56:37,493 - INFO - Skipping NC_H08_20200816_0000_L2ARP030_FLDK.02401_02401.nc (already exists and appears cropped)
2025-12-28 22:56:38,096 - INFO - Skipping NC_H08_20200816_0100_L2ARP030_FLDK.02401_02401.nc (already exists and appears cropped)
2025-12-28 22:56:38,699 - INFO - Skipping NC_H08_20200816_0200_L2ARP030_FLDK.02401_02401.nc (already exists and appears cropped)
2025-12-28 22:56:39,674 - INFO - Skipping NC_H08_20200816_0300_L2ARP030_FLDK.02401_02401.nc (already exists and appears cropped)
2025-12-28 22:56:40,350 - INFO - Skipping NC_H08_20200816_0400_L2ARP030_FLDK.02401_02401.nc (already exists and appears cropped)
2025-12-28 22:56:40,970 - INFO - Skipping NC_H08_20200816_0500_L2ARP030_FLDK.02401_02401.nc (already exists and appears cropped)
2025-12-28 22:56:41,580 - INFO - Skipping NC_H08_20200816_0600_L2ARP030_FLDK.02401_02401.nc (already exists and appears cropped)
2025-12-28 22:56:42,168 - INFO - Skipping NC_H08_20200816_0700_L2ARP030_FLDK.02401_02401.nc (already exists and appears cropped)
2025-12-28 22:56:42,776 - INFO - Skipping NC_H08_20200816_0800_L2ARP030_FLDK.02401_02401.nc (already exists and appears cropped)
2025-12-28 22:56:43,403 - INFO - Skipping NC_H08_20200816_0900_L2ARP030_FLDK.02401_02401.nc (already exists and appears cropped)
2025-12-28 22:56:44,015 - INFO - Skipping NC_H08_20200817_0000_L2ARP030_FLDK.02401_02401.nc (already exists and appears cropped)
2025-12-28 22:56:44,622 - INFO - Skipping NC_H08_20200817_0100_L2ARP030_FLDK.02401_02401.nc (already exists and appears cropped)
2025-12-28 22:56:45,209 - INFO - Skipping NC_H08_20200817_0200_L2ARP030_FLDK.02401_02401.nc (already exists and appears cropped)
2025-12-28 22:56:45,817 - INFO - Skipping NC_H08_20200817_0300_L2ARP030_FLDK.02401_02401.nc (already exists and appears cropped)
2025-12-28 22:56:46,418 - INFO - Skipping NC_H08_20200817_0400_L2ARP030_FLDK.02401_02401.nc (already exists and appears cropped)
2025-12-28 22:56:47,016 - INFO - Skipping NC_H08_20200817_0500_L2ARP030_FLDK.02401_02401.nc (already exists and appears cropped)
2025-12-28 22:56:47,624 - INFO - Skipping NC_H08_20200817_0600_L2ARP030_FLDK.02401_02401.nc (already exists and appears cropped)
2025-12-28 22:56:48,224 - INFO - Skipping NC_H08_20200817_0700_L2ARP030_FLDK.02401_02401.nc (already exists and appears cropped)
2025-12-28 22:56:48,826 - INFO - Skipping NC_H08_20200817_0800_L2ARP030_FLDK.02401_02401.nc (already exists and appears cropped)
2025-12-28 22:56:49,429 - INFO - Skipping NC_H08_20200817_0900_L2ARP030_FLDK.02401_02401.nc (already exists and appears cropped)
2025-12-28 22:56:50,053 - INFO - Skipping NC_H08_20200818_0000_L2ARP030_FLDK.02401_02401.nc (already exists and appears cropped)
2025-12-28 22:56:50,674 - INFO - Skipping NC_H08_20200818_0100_L2ARP030_FLDK.02401_02401.nc (already exists and appears cropped)
2025-12-28 22:56:51,286 - INFO - Skipping NC_H08_20200818_0200_L2ARP030_FLDK.02401_02401.nc (already exists and appears cropped)
2025-12-28 22:56:51,910 - INFO - Skipping NC_H08_20200818_0300_L2ARP030_FLDK.02401_02401.nc (already exists and appears cropped)
2025-12-28 22:56:52,512 - INFO - Skipping NC_H08_20200818_0400_L2ARP030_FLDK.02401_02401.nc (already exists and appears cropped)
2025-12-28 22:56:53,106 - INFO - Skipping NC_H08_20200818_0500_L2ARP030_FLDK.02401_02401.nc (already exists and appears cropped)
2025-12-28 22:56:53,718 - INFO - Skipping NC_H08_20200818_0600_L2ARP030_FLDK.02401_02401.nc (already exists and appears cropped)
2025-12-28 22:56:54,346 - INFO - Skipping NC_H08_20200818_0700_L2ARP030_FLDK.02401_02401.nc (already exists and appears cropped)
2025-12-28 22:56:54,938 - INFO - Skipping NC_H08_20200818_0800_L2ARP030_FLDK.02401_02401.nc (already exists and appears cropped)
2025-12-28 22:56:55,545 - INFO - Skipping NC_H08_20200818_0900_L2ARP030_FLDK.02401_02401.nc (already exists and appears cropped)
2025-12-28 22:56:56,164 - INFO - Skipping NC_H08_20200819_0000_L2ARP030_FLDK.02401_02401.nc (already exists and appears cropped)
2025-12-28 22:56:56,790 - INFO - Skipping NC_H08_20200819_0100_L2ARP030_FLDK.02401_02401.nc (already exists and appears cropped)
2025-12-28 22:56:57,397 - INFO - Skipping NC_H08_20200819_0200_L2ARP030_FLDK.02401_02401.nc (already exists and appears cropped)
2025-12-28 22:56:58,006 - INFO - Skipping NC_H08_20200819_0300_L2ARP030_FLDK.02401_02401.nc (already exists and appears cropped)
2025-12-28 22:56:58,613 - INFO - Skipping NC_H08_20200819_0400_L2ARP030_FLDK.02401_02401.nc (already exists and appears cropped)
2025-12-28 22:56:59,216 - INFO - Skipping NC_H08_20200819_0500_L2ARP030_FLDK.02401_02401.nc (already exists and appears cropped)
2025-12-28 22:56:59,828 - INFO - Skipping NC_H08_20200819_0600_L2ARP030_FLDK.02401_02401.nc (already exists and appears cropped)
2025-12-28 22:57:00,459 - INFO - Skipping NC_H08_20200819_0700_L2ARP030_FLDK.02401_02401.nc (already exists and appears cropped)
2025-12-28 22:57:01,073 - INFO - Skipping NC_H08_20200819_0800_L2ARP030_FLDK.02401_02401.nc (already exists and appears cropped)
2025-12-28 22:57:01,698 - INFO - Skipping NC_H08_20200819_0900_L2ARP030_FLDK.02401_02401.nc (already exists and appears cropped)
2025-12-28 22:57:02,323 - INFO - Skipping NC_H08_20200820_0000_L2ARP030_FLDK.02401_02401.nc (already exists and appears cropped)
2025-12-28 22:57:02,920 - INFO - Skipping NC_H08_20200820_0100_L2ARP030_FLDK.02401_02401.nc (already exists and appears cropped)
2025-12-28 22:57:03,533 - INFO - Skipping NC_H08_20200820_0200_L2ARP030_FLDK.02401_02401.nc (already exists and appears cropped)
2025-12-28 22:57:04,131 - INFO - Skipping NC_H08_20200820_0300_L2ARP030_FLDK.02401_02401.nc (already exists and appears cropped)
2025-12-28 22:57:04,761 - INFO - Skipping NC_H08_20200820_0400_L2ARP030_FLDK.02401_02401.nc (already exists and appears cropped)
2025-12-28 22:57:05,363 - INFO - Skipping NC_H08_20200820_0500_L2ARP030_FLDK.02401_02401.nc (already exists and appears cropped)
2025-12-28 22:57:05,967 - INFO - Skipping NC_H08_20200820_0600_L2ARP030_FLDK.02401_02401.nc (already exists and appears cropped)
2025-12-28 22:57:06,572 - INFO - Skipping NC_H08_20200820_0700_L2ARP030_FLDK.02401_02401.nc (already exists and appears cropped)
2025-12-28 22:57:07,205 - INFO - Skipping NC_H08_20200820_0800_L2ARP030_FLDK.02401_02401.nc (already exists and appears cropped)
2025-12-28 22:57:07,820 - INFO - Skipping NC_H08_20200820_0900_L2ARP030_FLDK.02401_02401.nc (already exists and appears cropped)
2025-12-28 22:57:10,495 - INFO - Skipping NC_H08_20200821_0000_L2ARP030_FLDK.02401_02401.nc (already exists and appears cropped)
2025-12-28 22:57:11,096 - INFO - Skipping NC_H08_20200821_0100_L2ARP030_FLDK.02401_02401.nc (already exists and appears cropped)
2025-12-28 22:57:11,692 - INFO - Skipping NC_H08_20200821_0200_L2ARP030_FLDK.02401_02401.nc (already exists and appears cropped)
2025-12-28 22:57:12,289 - INFO - Skipping NC_H08_20200821_0300_L2ARP030_FLDK.02401_02401.nc (already exists and appears cropped)
2025-12-28 22:57:12,896 - INFO - Skipping NC_H08_20200821_0400_L2ARP030_FLDK.02401_02401.nc (already exists and appears cropped)
2025-12-28 22:57:14,627 - INFO - Skipping NC_H08_20200821_0500_L2ARP030_FLDK.02401_02401.nc (already exists and appears cropped)
2025-12-28 22:57:15,250 - INFO - Skipping NC_H08_20200821_0600_L2ARP030_FLDK.02401_02401.nc (already exists and appears cropped)
2025-12-28 22:57:15,855 - INFO - Skipping NC_H08_20200821_0700_L2ARP030_FLDK.02401_02401.nc (already exists and appears cropped)
2025-12-28 22:57:16,475 - INFO - Skipping NC_H08_20200821_0800_L2ARP030_FLDK.02401_02401.nc (already exists and appears cropped)
2025-12-28 22:57:17,100 - INFO - Skipping NC_H08_20200821_0900_L2ARP030_FLDK.02401_02401.nc (already exists and appears cropped)
2025-12-28 22:57:17,703 - INFO - Skipping NC_H08_20200822_0000_L2ARP030_FLDK.02401_02401.nc (already exists and appears cropped)
2025-12-28 22:57:18,312 - INFO - Skipping NC_H08_20200822_0100_L2ARP030_FLDK.02401_02401.nc (already exists and appears cropped)
2025-12-28 22:57:18,931 - INFO - Skipping NC_H08_20200822_0200_L2ARP030_FLDK.02401_02401.nc (already exists and appears cropped)
2025-12-28 22:57:19,559 - INFO - Skipping NC_H08_20200822_0300_L2ARP030_FLDK.02401_02401.nc (already exists and appears cropped)
2025-12-28 22:57:20,169 - INFO - Skipping NC_H08_20200822_0400_L2ARP030_FLDK.02401_02401.nc (already exists and appears cropped)
2025-12-28 22:57:20,764 - INFO - Skipping NC_H08_20200822_0500_L2ARP030_FLDK.02401_02401.nc (already exists and appears cropped)
2025-12-28 22:57:21,361 - INFO - Skipping NC_H08_20200822_0600_L2ARP030_FLDK.02401_02401.nc (already exists and appears cropped)
2025-12-28 22:57:21,975 - INFO - Skipping NC_H08_20200822_0700_L2ARP030_FLDK.02401_02401.nc (already exists and appears cropped)
2025-12-28 22:57:22,582 - INFO - Skipping NC_H08_20200822_0800_L2ARP030_FLDK.02401_02401.nc (already exists and appears cropped)
2025-12-28 22:57:23,194 - INFO - Skipping NC_H08_20200822_0900_L2ARP030_FLDK.02401_02401.nc (already exists and appears cropped)
2025-12-28 22:57:23,857 - INFO - Skipping NC_H08_20200823_0000_L2ARP030_FLDK.02401_02401.nc (already exists and appears cropped)
2025-12-28 22:57:24,453 - INFO - Skipping NC_H08_20200823_0100_L2ARP030_FLDK.02401_02401.nc (already exists and appears cropped)
2025-12-28 22:57:25,068 - INFO - Skipping NC_H08_20200823_0200_L2ARP030_FLDK.02401_02401.nc (already exists and appears cropped)
2025-12-28 22:57:25,690 - INFO - Skipping NC_H08_20200823_0300_L2ARP030_FLDK.02401_02401.nc (already exists and appears cropped)
2025-12-28 22:57:26,298 - INFO - Skipping NC_H08_20200823_0400_L2ARP030_FLDK.02401_02401.nc (already exists and appears cropped)
2025-12-28 22:57:26,900 - INFO - Skipping NC_H08_20200823_0500_L2ARP030_FLDK.02401_02401.nc (already exists and appears cropped)
2025-12-28 22:57:27,496 - INFO - Skipping NC_H08_20200823_0600_L2ARP030_FLDK.02401_02401.nc (already exists and appears cropped)
2025-12-28 22:57:28,108 - INFO - Skipping NC_H08_20200823_0700_L2ARP030_FLDK.02401_02401.nc (already exists and appears cropped)
2025-12-28 22:57:28,710 - INFO - Skipping NC_H08_20200823_0800_L2ARP030_FLDK.02401_02401.nc (already exists and appears cropped)
2025-12-28 22:57:29,325 - INFO - Skipping NC_H08_20200823_0900_L2ARP030_FLDK.02401_02401.nc (already exists and appears cropped)
2025-12-28 22:57:29,926 - INFO - Skipping NC_H08_20200824_0000_L2ARP030_FLDK.02401_02401.nc (already exists and appears cropped)
2025-12-28 22:57:30,547 - INFO - Skipping NC_H08_20200824_0100_L2ARP030_FLDK.02401_02401.nc (already exists and appears cropped)
2025-12-28 22:57:31,161 - INFO - Skipping NC_H08_20200824_0200_L2ARP030_FLDK.02401_02401.nc (already exists and appears cropped)
2025-12-28 22:57:31,762 - INFO - Skipping NC_H08_20200824_0300_L2ARP030_FLDK.02401_02401.nc (already exists and appears cropped)
2025-12-28 22:57:32,384 - INFO - Skipping NC_H08_20200824_0400_L2ARP030_FLDK.02401_02401.nc (already exists and appears cropped)
2025-12-28 22:57:32,983 - INFO - Skipping NC_H08_20200824_0500_L2ARP030_FLDK.02401_02401.nc (already exists and appears cropped)
2025-12-28 22:57:33,584 - INFO - Skipping NC_H08_20200824_0600_L2ARP030_FLDK.02401_02401.nc (already exists and appears cropped)
2025-12-28 22:57:34,203 - INFO - Skipping NC_H08_20200824_0700_L2ARP030_FLDK.02401_02401.nc (already exists and appears cropped)
2025-12-28 22:57:34,822 - INFO - Skipping NC_H08_20200824_0800_L2ARP030_FLDK.02401_02401.nc (already exists and appears cropped)
2025-12-28 22:57:35,435 - INFO - Skipping NC_H08_20200824_0900_L2ARP030_FLDK.02401_02401.nc (already exists and appears cropped)
2025-12-28 22:57:36,060 - INFO - Skipping NC_H08_20200825_0000_L2ARP030_FLDK.02401_02401.nc (already exists and appears cropped)
2025-12-28 22:57:36,712 - INFO - Skipping NC_H08_20200825_0100_L2ARP030_FLDK.02401_02401.nc (already exists and appears cropped)
2025-12-28 22:57:37,313 - INFO - Skipping NC_H08_20200825_0200_L2ARP030_FLDK.02401_02401.nc (already exists and appears cropped)
2025-12-28 22:57:37,899 - INFO - Skipping NC_H08_20200825_0300_L2ARP030_FLDK.02401_02401.nc (already exists and appears cropped)
2025-12-28 22:57:38,503 - INFO - Skipping NC_H08_20200825_0400_L2ARP030_FLDK.02401_02401.nc (already exists and appears cropped)
2025-12-28 22:57:40,936 - INFO - Downloaded: NC_H08_20200825_0500_L2ARP030_FLDK.02401_02401.nc
2025-12-28 22:57:42,683 - INFO - Cropped NC_H08_20200825_0500_L2ARP030_FLDK.02401_02401.nc to Malaysia Domain.
2025-12-28 22:57:45,178 - INFO - Downloaded: NC_H08_20200825_0600_L2ARP030_FLDK.02401_02401.nc
2025-12-28 22:57:45,259 - INFO - Cropped NC_H08_20200825_0600_L2ARP030_FLDK.02401_02401.nc to Malaysia Domain.
2025-12-28 22:57:47,677 - INFO - Downloaded: NC_H08_20200825_0700_L2ARP030_FLDK.02401_02401.nc
2025-12-28 22:57:47,754 - INFO - Cropped NC_H08_20200825_0700_L2ARP030_FLDK.02401_02401.nc to Malaysia Domain.
2025-12-28 22:57:51,951 - INFO - Downloaded: NC_H08_20200825_0800_L2ARP030_FLDK.02401_02401.nc
2025-12-28 22:57:52,031 - INFO - Cropped NC_H08_20200825_0800_L2ARP030_FLDK.02401_02401.nc to Malaysia Domain.
2025-12-28 22:58:02,737 - INFO - Downloaded: NC_H08_20200825_0900_L2ARP030_FLDK.02401_02401.nc
2025-12-28 22:58:02,814 - INFO - Cropped NC_H08_20200825_0900_L2ARP030_FLDK.02401_02401.nc to Malaysia Domain.
2025-12-28 22:58:13,158 - INFO - Downloaded: NC_H08_20200826_0000_L2ARP030_FLDK.02401_02401.nc
2025-12-28 22:58:13,247 - INFO - Cropped NC_H08_20200826_0000_L2ARP030_FLDK.02401_02401.nc to Malaysia Domain.
2025-12-28 22:58:20,567 - INFO - Downloaded: NC_H08_20200826_0100_L2ARP030_FLDK.02401_02401.nc
2025-12-28 22:58:20,675 - INFO - Cropped NC_H08_20200826_0100_L2ARP030_FLDK.02401_02401.nc to Malaysia Domain.
2025-12-28 22:58:28,369 - INFO - Downloaded: NC_H08_20200826_0200_L2ARP030_FLDK.02401_02401.nc
2025-12-28 22:58:28,474 - INFO - Cropped NC_H08_20200826_0200_L2ARP030_FLDK.02401_02401.nc to Malaysia Domain.
2025-12-28 22:58:39,098 - INFO - Downloaded: NC_H08_20200826_0300_L2ARP030_FLDK.02401_02401.nc
2025-12-28 22:58:39,198 - INFO - Cropped NC_H08_20200826_0300_L2ARP030_FLDK.02401_02401.nc to Malaysia Domain.
2025-12-28 22:58:44,726 - INFO - Downloaded: NC_H08_20200826_0400_L2ARP030_FLDK.02401_02401.nc
2025-12-28 22:58:44,809 - INFO - Cropped NC_H08_20200826_0400_L2ARP030_FLDK.02401_02401.nc to Malaysia Domain.
2025-12-28 22:58:51,475 - INFO - Downloaded: NC_H08_20200826_0500_L2ARP030_FLDK.02401_02401.nc
2025-12-28 22:58:51,555 - INFO - Cropped NC_H08_20200826_0500_L2ARP030_FLDK.02401_02401.nc to Malaysia Domain.
2025-12-28 22:59:16,598 - INFO - Downloaded: NC_H08_20200826_0600_L2ARP030_FLDK.02401_02401.nc
2025-12-28 22:59:16,672 - INFO - Cropped NC_H08_20200826_0600_L2ARP030_FLDK.02401_02401.nc to Malaysia Domain.
2025-12-28 22:59:25,736 - INFO - Downloaded: NC_H08_20200826_0700_L2ARP030_FLDK.02401_02401.nc
2025-12-28 22:59:25,808 - INFO - Cropped NC_H08_20200826_0700_L2ARP030_FLDK.02401_02401.nc to Malaysia Domain.
2025-12-28 22:59:31,869 - INFO - Downloaded: NC_H08_20200826_0800_L2ARP030_FLDK.02401_02401.nc
2025-12-28 22:59:31,946 - INFO - Cropped NC_H08_20200826_0800_L2ARP030_FLDK.02401_02401.nc to Malaysia Domain.
2025-12-28 22:59:37,685 - INFO - Downloaded: NC_H08_20200826_0900_L2ARP030_FLDK.02401_02401.nc
2025-12-28 22:59:37,759 - INFO - Cropped NC_H08_20200826_0900_L2ARP030_FLDK.02401_02401.nc to Malaysia Domain.
2025-12-28 22:59:48,072 - INFO - Downloaded: NC_H08_20200827_0000_L2ARP030_FLDK.02401_02401.nc
2025-12-28 22:59:48,157 - INFO - Cropped NC_H08_20200827_0000_L2ARP030_FLDK.02401_02401.nc to Malaysia Domain.
2025-12-28 22:59:52,161 - INFO - Downloaded: NC_H08_20200827_0100_L2ARP030_FLDK.02401_02401.nc
2025-12-28 22:59:52,262 - INFO - Cropped NC_H08_20200827_0100_L2ARP030_FLDK.02401_02401.nc to Malaysia Domain.
2025-12-28 23:00:25,315 - INFO - Downloaded: NC_H08_20200827_0200_L2ARP030_FLDK.02401_02401.nc
2025-12-28 23:00:25,417 - INFO - Cropped NC_H08_20200827_0200_L2ARP030_FLDK.02401_02401.nc to Malaysia Domain.
2025-12-28 23:00:36,164 - INFO - Downloaded: NC_H08_20200827_0300_L2ARP030_FLDK.02401_02401.nc
2025-12-28 23:00:36,265 - INFO - Cropped NC_H08_20200827_0300_L2ARP030_FLDK.02401_02401.nc to Malaysia Domain.
2025-12-28 23:00:39,950 - INFO - Downloaded: NC_H08_20200827_0400_L2ARP030_FLDK.02401_02401.nc
2025-12-28 23:00:40,038 - INFO - Cropped NC_H08_20200827_0400_L2ARP030_FLDK.02401_02401.nc to Malaysia Domain.
2025-12-28 23:00:43,658 - INFO - Downloaded: NC_H08_20200827_0500_L2ARP030_FLDK.02401_02401.nc
2025-12-28 23:00:43,735 - INFO - Cropped NC_H08_20200827_0500_L2ARP030_FLDK.02401_02401.nc to Malaysia Domain.
2025-12-28 23:00:47,495 - INFO - Downloaded: NC_H08_20200827_0600_L2ARP030_FLDK.02401_02401.nc
2025-12-28 23:00:47,569 - INFO - Cropped NC_H08_20200827_0600_L2ARP030_FLDK.02401_02401.nc to Malaysia Domain.
2025-12-28 23:00:50,258 - INFO - Downloaded: NC_H08_20200827_0700_L2ARP030_FLDK.02401_02401.nc
2025-12-28 23:00:50,332 - INFO - Cropped NC_H08_20200827_0700_L2ARP030_FLDK.02401_02401.nc to Malaysia Domain.
2025-12-28 23:00:52,977 - INFO - Downloaded: NC_H08_20200827_0800_L2ARP030_FLDK.02401_02401.nc
2025-12-28 23:00:53,050 - INFO - Cropped NC_H08_20200827_0800_L2ARP030_FLDK.02401_02401.nc to Malaysia Domain.
2025-12-28 23:00:55,402 - INFO - Downloaded: NC_H08_20200827_0900_L2ARP030_FLDK.02401_02401.nc
2025-12-28 23:00:55,469 - INFO - Cropped NC_H08_20200827_0900_L2ARP030_FLDK.02401_02401.nc to Malaysia Domain.
2025-12-28 23:01:27,105 - INFO - Downloaded: NC_H08_20200828_0000_L2ARP030_FLDK.02401_02401.nc
2025-12-28 23:01:27,186 - INFO - Cropped NC_H08_20200828_0000_L2ARP030_FLDK.02401_02401.nc to Malaysia Domain.
2025-12-28 23:01:38,009 - INFO - Downloaded: NC_H08_20200828_0100_L2ARP030_FLDK.02401_02401.nc
2025-12-28 23:01:38,107 - INFO - Cropped NC_H08_20200828_0100_L2ARP030_FLDK.02401_02401.nc to Malaysia Domain.
2025-12-28 23:02:15,024 - INFO - Downloaded: NC_H08_20200828_0200_L2ARP030_FLDK.02401_02401.nc
2025-12-28 23:02:15,122 - INFO - Cropped NC_H08_20200828_0200_L2ARP030_FLDK.02401_02401.nc to Malaysia Domain.
2025-12-28 23:02:22,033 - INFO - Downloaded: NC_H08_20200828_0300_L2ARP030_FLDK.02401_02401.nc
2025-12-28 23:02:22,132 - INFO - Cropped NC_H08_20200828_0300_L2ARP030_FLDK.02401_02401.nc to Malaysia Domain.
2025-12-28 23:02:26,599 - INFO - Downloaded: NC_H08_20200828_0400_L2ARP030_FLDK.02401_02401.nc
2025-12-28 23:02:26,682 - INFO - Cropped NC_H08_20200828_0400_L2ARP030_FLDK.02401_02401.nc to Malaysia Domain.
2025-12-28 23:02:29,969 - INFO - Downloaded: NC_H08_20200828_0500_L2ARP030_FLDK.02401_02401.nc
2025-12-28 23:02:30,044 - INFO - Cropped NC_H08_20200828_0500_L2ARP030_FLDK.02401_02401.nc to Malaysia Domain.
2025-12-28 23:02:33,476 - INFO - Downloaded: NC_H08_20200828_0600_L2ARP030_FLDK.02401_02401.nc
2025-12-28 23:02:33,548 - INFO - Cropped NC_H08_20200828_0600_L2ARP030_FLDK.02401_02401.nc to Malaysia Domain.
2025-12-28 23:02:44,767 - INFO - Downloaded: NC_H08_20200828_0700_L2ARP030_FLDK.02401_02401.nc
2025-12-28 23:02:44,842 - INFO - Cropped NC_H08_20200828_0700_L2ARP030_FLDK.02401_02401.nc to Malaysia Domain.
2025-12-28 23:02:52,787 - INFO - Downloaded: NC_H08_20200828_0800_L2ARP030_FLDK.02401_02401.nc
2025-12-28 23:02:52,857 - INFO - Cropped NC_H08_20200828_0800_L2ARP030_FLDK.02401_02401.nc to Malaysia Domain.
2025-12-28 23:02:53,385 - INFO - No minute 00 files found in /pub/himawari/L2/ARP/030/202008/28/09/
2025-12-28 23:03:34,405 - INFO - Downloaded: NC_H08_20200829_0000_L2ARP030_FLDK.02401_02401.nc
2025-12-28 23:03:34,490 - INFO - Cropped NC_H08_20200829_0000_L2ARP030_FLDK.02401_02401.nc to Malaysia Domain.
2025-12-28 23:03:46,626 - INFO - Downloaded: NC_H08_20200829_0100_L2ARP030_FLDK.02401_02401.nc
2025-12-28 23:03:46,725 - INFO - Cropped NC_H08_20200829_0100_L2ARP030_FLDK.02401_02401.nc to Malaysia Domain.
2025-12-28 23:03:51,044 - INFO - Downloaded: NC_H08_20200829_0200_L2ARP030_FLDK.02401_02401.nc
2025-12-28 23:03:51,137 - INFO - Cropped NC_H08_20200829_0200_L2ARP030_FLDK.02401_02401.nc to Malaysia Domain.
2025-12-28 23:04:23,424 - INFO - Downloaded: NC_H08_20200829_0300_L2ARP030_FLDK.02401_02401.nc
2025-12-28 23:04:23,513 - INFO - Cropped NC_H08_20200829_0300_L2ARP030_FLDK.02401_02401.nc to Malaysia Domain.
2025-12-28 23:04:59,365 - INFO - Downloaded: NC_H08_20200829_0400_L2ARP030_FLDK.02401_02401.nc
2025-12-28 23:04:59,445 - INFO - Cropped NC_H08_20200829_0400_L2ARP030_FLDK.02401_02401.nc to Malaysia Domain.
2025-12-28 23:05:10,125 - INFO - Downloaded: NC_H08_20200829_0500_L2ARP030_FLDK.02401_02401.nc
2025-12-28 23:05:10,200 - INFO - Cropped NC_H08_20200829_0500_L2ARP030_FLDK.02401_02401.nc to Malaysia Domain.
2025-12-28 23:05:16,522 - INFO - Downloaded: NC_H08_20200829_0600_L2ARP030_FLDK.02401_02401.nc
2025-12-28 23:05:16,594 - INFO - Cropped NC_H08_20200829_0600_L2ARP030_FLDK.02401_02401.nc to Malaysia Domain.
2025-12-28 23:05:20,324 - INFO - Downloaded: NC_H08_20200829_0700_L2ARP030_FLDK.02401_02401.nc
2025-12-28 23:05:20,397 - INFO - Cropped NC_H08_20200829_0700_L2ARP030_FLDK.02401_02401.nc to Malaysia Domain.
2025-12-28 23:05:23,595 - INFO - Downloaded: NC_H08_20200829_0800_L2ARP030_FLDK.02401_02401.nc
2025-12-28 23:05:23,669 - INFO - Cropped NC_H08_20200829_0800_L2ARP030_FLDK.02401_02401.nc to Malaysia Domain.
2025-12-28 23:05:26,639 - INFO - Downloaded: NC_H08_20200829_0900_L2ARP030_FLDK.02401_02401.nc
2025-12-28 23:05:26,710 - INFO - Cropped NC_H08_20200829_0900_L2ARP030_FLDK.02401_02401.nc to Malaysia Domain.
2025-12-28 23:05:31,140 - INFO - Downloaded: NC_H08_20200830_0000_L2ARP030_FLDK.02401_02401.nc
2025-12-28 23:05:31,218 - INFO - Cropped NC_H08_20200830_0000_L2ARP030_FLDK.02401_02401.nc to Malaysia Domain.
2025-12-28 23:05:54,685 - INFO - Downloaded: NC_H08_20200830_0100_L2ARP030_FLDK.02401_02401.nc
2025-12-28 23:05:54,783 - INFO - Cropped NC_H08_20200830_0100_L2ARP030_FLDK.02401_02401.nc to Malaysia Domain.
2025-12-28 23:06:31,412 - INFO - Downloaded: NC_H08_20200830_0200_L2ARP030_FLDK.02401_02401.nc
2025-12-28 23:06:31,518 - INFO - Cropped NC_H08_20200830_0200_L2ARP030_FLDK.02401_02401.nc to Malaysia Domain.
2025-12-28 23:06:42,272 - INFO - Downloaded: NC_H08_20200830_0300_L2ARP030_FLDK.02401_02401.nc
2025-12-28 23:06:42,376 - INFO - Cropped NC_H08_20200830_0300_L2ARP030_FLDK.02401_02401.nc to Malaysia Domain.
2025-12-28 23:06:48,833 - INFO - Downloaded: NC_H08_20200830_0400_L2ARP030_FLDK.02401_02401.nc
2025-12-28 23:06:48,922 - INFO - Cropped NC_H08_20200830_0400_L2ARP030_FLDK.02401_02401.nc to Malaysia Domain.
2025-12-28 23:07:18,141 - INFO - Downloaded: NC_H08_20200830_0500_L2ARP030_FLDK.02401_02401.nc
2025-12-28 23:07:18,220 - INFO - Cropped NC_H08_20200830_0500_L2ARP030_FLDK.02401_02401.nc to Malaysia Domain.
2025-12-28 23:07:39,387 - INFO - Downloaded: NC_H08_20200830_0600_L2ARP030_FLDK.02401_02401.nc
2025-12-28 23:07:39,461 - INFO - Cropped NC_H08_20200830_0600_L2ARP030_FLDK.02401_02401.nc to Malaysia Domain.
2025-12-28 23:07:50,859 - INFO - Downloaded: NC_H08_20200830_0700_L2ARP030_FLDK.02401_02401.nc
2025-12-28 23:07:50,932 - INFO - Cropped NC_H08_20200830_0700_L2ARP030_FLDK.02401_02401.nc to Malaysia Domain.
2025-12-28 23:08:05,985 - INFO - Downloaded: NC_H08_20200830_0800_L2ARP030_FLDK.02401_02401.nc
2025-12-28 23:08:06,060 - INFO - Cropped NC_H08_20200830_0800_L2ARP030_FLDK.02401_02401.nc to Malaysia Domain.
2025-12-28 23:08:11,147 - INFO - Downloaded: NC_H08_20200830_0900_L2ARP030_FLDK.02401_02401.nc
2025-12-28 23:08:11,220 - INFO - Cropped NC_H08_20200830_0900_L2ARP030_FLDK.02401_02401.nc to Malaysia Domain.
2025-12-28 23:08:21,071 - INFO - Downloaded: NC_H08_20200831_0000_L2ARP030_FLDK.02401_02401.nc
2025-12-28 23:08:21,153 - INFO - Cropped NC_H08_20200831_0000_L2ARP030_FLDK.02401_02401.nc to Malaysia Domain.
2025-12-28 23:08:25,354 - INFO - Downloaded: NC_H08_20200831_0100_L2ARP030_FLDK.02401_02401.nc
2025-12-28 23:08:25,450 - INFO - Cropped NC_H08_20200831_0100_L2ARP030_FLDK.02401_02401.nc to Malaysia Domain.
2025-12-28 23:08:29,786 - INFO - Downloaded: NC_H08_20200831_0200_L2ARP030_FLDK.02401_02401.nc
2025-12-28 23:08:29,877 - INFO - Cropped NC_H08_20200831_0200_L2ARP030_FLDK.02401_02401.nc to Malaysia Domain.
2025-12-28 23:08:32,938 - INFO - Downloaded: NC_H08_20200831_0300_L2ARP030_FLDK.02401_02401.nc
2025-12-28 23:08:33,024 - INFO - Cropped NC_H08_20200831_0300_L2ARP030_FLDK.02401_02401.nc to Malaysia Domain.
2025-12-28 23:09:17,326 - INFO - Downloaded: NC_H08_20200831_0400_L2ARP030_FLDK.02401_02401.nc
2025-12-28 23:09:17,407 - INFO - Cropped NC_H08_20200831_0400_L2ARP030_FLDK.02401_02401.nc to Malaysia Domain.
2025-12-28 23:09:27,261 - INFO - Downloaded: NC_H08_20200831_0500_L2ARP030_FLDK.02401_02401.nc
2025-12-28 23:09:27,334 - INFO - Cropped NC_H08_20200831_0500_L2ARP030_FLDK.02401_02401.nc to Malaysia Domain.
2025-12-28 23:09:33,015 - INFO - Downloaded: NC_H08_20200831_0600_L2ARP030_FLDK.02401_02401.nc
2025-12-28 23:09:33,085 - INFO - Cropped NC_H08_20200831_0600_L2ARP030_FLDK.02401_02401.nc to Malaysia Domain.
2025-12-28 23:09:37,775 - INFO - Downloaded: NC_H08_20200831_0700_L2ARP030_FLDK.02401_02401.nc
2025-12-28 23:09:37,844 - INFO - Cropped NC_H08_20200831_0700_L2ARP030_FLDK.02401_02401.nc to Malaysia Domain.
2025-12-28 23:09:40,758 - INFO - Downloaded: NC_H08_20200831_0800_L2ARP030_FLDK.02401_02401.nc
2025-12-28 23:09:40,824 - INFO - Cropped NC_H08_20200831_0800_L2ARP030_FLDK.02401_02401.nc to Malaysia Domain.
2025-12-28 23:09:43,645 - INFO - Downloaded: NC_H08_20200831_0900_L2ARP030_FLDK.02401_02401.nc
2025-12-28 23:09:43,710 - INFO - Cropped NC_H08_20200831_0900_L2ARP030_FLDK.02401_02401.nc to Malaysia Domain.
2025-12-28 23:09:53,212 - INFO - Downloaded: NC_H08_20200901_0000_L2ARP030_FLDK.02401_02401.nc
2025-12-28 23:09:53,297 - INFO - Cropped NC_H08_20200901_0000_L2ARP030_FLDK.02401_02401.nc to Malaysia Domain.
2025-12-28 23:10:29,845 - INFO - Downloaded: NC_H08_20200901_0100_L2ARP030_FLDK.02401_02401.nc
2025-12-28 23:10:29,935 - INFO - Cropped NC_H08_20200901_0100_L2ARP030_FLDK.02401_02401.nc to Malaysia Domain.
2025-12-28 23:10:40,529 - INFO - Downloaded: NC_H08_20200901_0200_L2ARP030_FLDK.02401_02401.nc
2025-12-28 23:10:40,618 - INFO - Cropped NC_H08_20200901_0200_L2ARP030_FLDK.02401_02401.nc to Malaysia Domain.
2025-12-28 23:10:46,804 - INFO - Downloaded: NC_H08_20200901_0300_L2ARP030_FLDK.02401_02401.nc
2025-12-28 23:10:46,885 - INFO - Cropped NC_H08_20200901_0300_L2ARP030_FLDK.02401_02401.nc to Malaysia Domain.
2025-12-28 23:10:52,665 - INFO - Downloaded: NC_H08_20200901_0400_L2ARP030_FLDK.02401_02401.nc
2025-12-28 23:10:52,742 - INFO - Cropped NC_H08_20200901_0400_L2ARP030_FLDK.02401_02401.nc to Malaysia Domain.
2025-12-28 23:10:57,757 - INFO - Downloaded: NC_H08_20200901_0500_L2ARP030_FLDK.02401_02401.nc
2025-12-28 23:10:57,827 - INFO - Cropped NC_H08_20200901_0500_L2ARP030_FLDK.02401_02401.nc to Malaysia Domain.
2025-12-28 23:11:02,067 - INFO - Downloaded: NC_H08_20200901_0600_L2ARP030_FLDK.02401_02401.nc
2025-12-28 23:11:02,135 - INFO - Cropped NC_H08_20200901_0600_L2ARP030_FLDK.02401_02401.nc to Malaysia Domain.
2025-12-28 23:11:52,697 - INFO - Downloaded: NC_H08_20200901_0700_L2ARP030_FLDK.02401_02401.nc
2025-12-28 23:11:52,772 - INFO - Cropped NC_H08_20200901_0700_L2ARP030_FLDK.02401_02401.nc to Malaysia Domain.
2025-12-28 23:12:00,268 - INFO - Downloaded: NC_H08_20200901_0800_L2ARP030_FLDK.02401_02401.nc
2025-12-28 23:12:00,334 - INFO - Cropped NC_H08_20200901_0800_L2ARP030_FLDK.02401_02401.nc to Malaysia Domain.
2025-12-28 23:12:06,187 - INFO - Downloaded: NC_H08_20200901_0900_L2ARP030_FLDK.02401_02401.nc
2025-12-28 23:12:06,258 - INFO - Cropped NC_H08_20200901_0900_L2ARP030_FLDK.02401_02401.nc to Malaysia Domain.
2025-12-28 23:12:16,512 - INFO - Downloaded: NC_H08_20200902_0000_L2ARP030_FLDK.02401_02401.nc
2025-12-28 23:12:16,589 - INFO - Cropped NC_H08_20200902_0000_L2ARP030_FLDK.02401_02401.nc to Malaysia Domain.
2025-12-28 23:12:21,149 - INFO - Downloaded: NC_H08_20200902_0100_L2ARP030_FLDK.02401_02401.nc
2025-12-28 23:12:21,240 - INFO - Cropped NC_H08_20200902_0100_L2ARP030_FLDK.02401_02401.nc to Malaysia Domain.
2025-12-28 23:12:26,779 - INFO - Downloaded: NC_H08_20200902_0200_L2ARP030_FLDK.02401_02401.nc
2025-12-28 23:12:26,875 - INFO - Cropped NC_H08_20200902_0200_L2ARP030_FLDK.02401_02401.nc to Malaysia Domain.
2025-12-28 23:12:32,715 - INFO - Downloaded: NC_H08_20200902_0300_L2ARP030_FLDK.02401_02401.nc
2025-12-28 23:12:32,796 - INFO - Cropped NC_H08_20200902_0300_L2ARP030_FLDK.02401_02401.nc to Malaysia Domain.
2025-12-28 23:12:36,394 - INFO - Downloaded: NC_H08_20200902_0400_L2ARP030_FLDK.02401_02401.nc
2025-12-28 23:12:36,467 - INFO - Cropped NC_H08_20200902_0400_L2ARP030_FLDK.02401_02401.nc to Malaysia Domain.
2025-12-28 23:12:57,693 - INFO - Downloaded: NC_H08_20200902_0500_L2ARP030_FLDK.02401_02401.nc
2025-12-28 23:12:57,763 - INFO - Cropped NC_H08_20200902_0500_L2ARP030_FLDK.02401_02401.nc to Malaysia Domain.
2025-12-28 23:13:03,637 - INFO - Downloaded: NC_H08_20200902_0600_L2ARP030_FLDK.02401_02401.nc
2025-12-28 23:13:03,705 - INFO - Cropped NC_H08_20200902_0600_L2ARP030_FLDK.02401_02401.nc to Malaysia Domain.
2025-12-28 23:13:07,494 - INFO - Downloaded: NC_H08_20200902_0700_L2ARP030_FLDK.02401_02401.nc
2025-12-28 23:13:07,562 - INFO - Cropped NC_H08_20200902_0700_L2ARP030_FLDK.02401_02401.nc to Malaysia Domain.
2025-12-28 23:13:10,726 - INFO - Downloaded: NC_H08_20200902_0800_L2ARP030_FLDK.02401_02401.nc
2025-12-28 23:13:10,793 - INFO - Cropped NC_H08_20200902_0800_L2ARP030_FLDK.02401_02401.nc to Malaysia Domain.
2025-12-28 23:13:13,499 - INFO - Downloaded: NC_H08_20200902_0900_L2ARP030_FLDK.02401_02401.nc
2025-12-28 23:13:13,565 - INFO - Cropped NC_H08_20200902_0900_L2ARP030_FLDK.02401_02401.nc to Malaysia Domain.
2025-12-28 23:13:20,507 - INFO - Downloaded: NC_H08_20200903_0000_L2ARP030_FLDK.02401_02401.nc
2025-12-28 23:13:20,586 - INFO - Cropped NC_H08_20200903_0000_L2ARP030_FLDK.02401_02401.nc to Malaysia Domain.
2025-12-28 23:13:31,973 - INFO - Downloaded: NC_H08_20200903_0100_L2ARP030_FLDK.02401_02401.nc
2025-12-28 23:13:32,059 - INFO - Cropped NC_H08_20200903_0100_L2ARP030_FLDK.02401_02401.nc to Malaysia Domain.
2025-12-28 23:13:42,196 - INFO - Downloaded: NC_H08_20200903_0200_L2ARP030_FLDK.02401_02401.nc
2025-12-28 23:13:42,285 - INFO - Cropped NC_H08_20200903_0200_L2ARP030_FLDK.02401_02401.nc to Malaysia Domain.
2025-12-28 23:13:56,092 - INFO - Downloaded: NC_H08_20200903_0300_L2ARP030_FLDK.02401_02401.nc
2025-12-28 23:13:56,180 - INFO - Cropped NC_H08_20200903_0300_L2ARP030_FLDK.02401_02401.nc to Malaysia Domain.
2025-12-28 23:14:01,490 - INFO - Downloaded: NC_H08_20200903_0400_L2ARP030_FLDK.02401_02401.nc
2025-12-28 23:14:01,569 - INFO - Cropped NC_H08_20200903_0400_L2ARP030_FLDK.02401_02401.nc to Malaysia Domain.
2025-12-28 23:14:06,393 - INFO - Downloaded: NC_H08_20200903_0500_L2ARP030_FLDK.02401_02401.nc
2025-12-28 23:14:06,471 - INFO - Cropped NC_H08_20200903_0500_L2ARP030_FLDK.02401_02401.nc to Malaysia Domain.
2025-12-28 23:14:29,222 - INFO - Downloaded: NC_H08_20200903_0600_L2ARP030_FLDK.02401_02401.nc
2025-12-28 23:14:29,295 - INFO - Cropped NC_H08_20200903_0600_L2ARP030_FLDK.02401_02401.nc to Malaysia Domain.
2025-12-28 23:14:35,327 - INFO - Downloaded: NC_H08_20200903_0700_L2ARP030_FLDK.02401_02401.nc
2025-12-28 23:14:35,398 - INFO - Cropped NC_H08_20200903_0700_L2ARP030_FLDK.02401_02401.nc to Malaysia Domain.
2025-12-28 23:14:47,742 - INFO - Downloaded: NC_H08_20200903_0800_L2ARP030_FLDK.02401_02401.nc
2025-12-28 23:14:47,814 - INFO - Cropped NC_H08_20200903_0800_L2ARP030_FLDK.02401_02401.nc to Malaysia Domain.
2025-12-28 23:14:52,736 - INFO - Downloaded: NC_H08_20200903_0900_L2ARP030_FLDK.02401_02401.nc
2025-12-28 23:14:52,801 - INFO - Cropped NC_H08_20200903_0900_L2ARP030_FLDK.02401_02401.nc to Malaysia Domain.
2025-12-28 23:14:57,231 - INFO - Downloaded: NC_H08_20200904_0000_L2ARP030_FLDK.02401_02401.nc
2025-12-28 23:14:57,307 - INFO - Cropped NC_H08_20200904_0000_L2ARP030_FLDK.02401_02401.nc to Malaysia Domain.
2025-12-28 23:15:37,156 - INFO - Downloaded: NC_H08_20200904_0100_L2ARP030_FLDK.02401_02401.nc
2025-12-28 23:15:37,244 - INFO - Cropped NC_H08_20200904_0100_L2ARP030_FLDK.02401_02401.nc to Malaysia Domain.
2025-12-28 23:15:47,951 - INFO - Downloaded: NC_H08_20200904_0200_L2ARP030_FLDK.02401_02401.nc
2025-12-28 23:15:48,039 - INFO - Cropped NC_H08_20200904_0200_L2ARP030_FLDK.02401_02401.nc to Malaysia Domain.
2025-12-28 23:15:51,809 - INFO - Downloaded: NC_H08_20200904_0300_L2ARP030_FLDK.02401_02401.nc
2025-12-28 23:15:51,903 - INFO - Cropped NC_H08_20200904_0300_L2ARP030_FLDK.02401_02401.nc to Malaysia Domain.
2025-12-28 23:15:54,793 - INFO - Downloaded: NC_H08_20200904_0400_L2ARP030_FLDK.02401_02401.nc
2025-12-28 23:15:54,868 - INFO - Cropped NC_H08_20200904_0400_L2ARP030_FLDK.02401_02401.nc to Malaysia Domain.
2025-12-28 23:15:57,462 - INFO - Downloaded: NC_H08_20200904_0500_L2ARP030_FLDK.02401_02401.nc
2025-12-28 23:15:57,535 - INFO - Cropped NC_H08_20200904_0500_L2ARP030_FLDK.02401_02401.nc to Malaysia Domain.
2025-12-28 23:15:59,940 - INFO - Downloaded: NC_H08_20200904_0600_L2ARP030_FLDK.02401_02401.nc
2025-12-28 23:16:00,013 - INFO - Cropped NC_H08_20200904_0600_L2ARP030_FLDK.02401_02401.nc to Malaysia Domain.
2025-12-28 23:16:02,603 - INFO - Downloaded: NC_H08_20200904_0700_L2ARP030_FLDK.02401_02401.nc
2025-12-28 23:16:02,674 - INFO - Cropped NC_H08_20200904_0700_L2ARP030_FLDK.02401_02401.nc to Malaysia Domain.
2025-12-28 23:16:04,946 - INFO - Downloaded: NC_H08_20200904_0800_L2ARP030_FLDK.02401_02401.nc
2025-12-28 23:16:05,017 - INFO - Cropped NC_H08_20200904_0800_L2ARP030_FLDK.02401_02401.nc to Malaysia Domain.
2025-12-28 23:16:07,001 - INFO - Downloaded: NC_H08_20200904_0900_L2ARP030_FLDK.02401_02401.nc
2025-12-28 23:16:07,069 - INFO - Cropped NC_H08_20200904_0900_L2ARP030_FLDK.02401_02401.nc to Malaysia Domain.
2025-12-28 23:16:27,817 - INFO - Downloaded: NC_H08_20200905_0000_L2ARP030_FLDK.02401_02401.nc
2025-12-28 23:16:27,894 - INFO - Cropped NC_H08_20200905_0000_L2ARP030_FLDK.02401_02401.nc to Malaysia Domain.
2025-12-28 23:16:38,624 - INFO - Downloaded: NC_H08_20200905_0100_L2ARP030_FLDK.02401_02401.nc
2025-12-28 23:16:38,704 - INFO - Cropped NC_H08_20200905_0100_L2ARP030_FLDK.02401_02401.nc to Malaysia Domain.
2025-12-28 23:16:42,530 - INFO - Downloaded: NC_H08_20200905_0200_L2ARP030_FLDK.02401_02401.nc
2025-12-28 23:16:42,611 - INFO - Cropped NC_H08_20200905_0200_L2ARP030_FLDK.02401_02401.nc to Malaysia Domain.
2025-12-28 23:16:45,550 - INFO - Downloaded: NC_H08_20200905_0300_L2ARP030_FLDK.02401_02401.nc
2025-12-28 23:16:45,631 - INFO - Cropped NC_H08_20200905_0300_L2ARP030_FLDK.02401_02401.nc to Malaysia Domain.
2025-12-28 23:16:48,917 - INFO - Downloaded: NC_H08_20200905_0400_L2ARP030_FLDK.02401_02401.nc
2025-12-28 23:16:48,992 - INFO - Cropped NC_H08_20200905_0400_L2ARP030_FLDK.02401_02401.nc to Malaysia Domain.
2025-12-28 23:16:51,506 - INFO - Downloaded: NC_H08_20200905_0500_L2ARP030_FLDK.02401_02401.nc
2025-12-28 23:16:51,579 - INFO - Cropped NC_H08_20200905_0500_L2ARP030_FLDK.02401_02401.nc to Malaysia Domain.
2025-12-28 23:16:54,372 - INFO - Downloaded: NC_H08_20200905_0600_L2ARP030_FLDK.02401_02401.nc
2025-12-28 23:16:54,441 - INFO - Cropped NC_H08_20200905_0600_L2ARP030_FLDK.02401_02401.nc to Malaysia Domain.
2025-12-28 23:16:56,842 - INFO - Downloaded: NC_H08_20200905_0700_L2ARP030_FLDK.02401_02401.nc
2025-12-28 23:16:56,914 - INFO - Cropped NC_H08_20200905_0700_L2ARP030_FLDK.02401_02401.nc to Malaysia Domain.
2025-12-28 23:17:09,753 - INFO - Downloaded: NC_H08_20200905_0800_L2ARP030_FLDK.02401_02401.nc
2025-12-28 23:17:09,823 - INFO - Cropped NC_H08_20200905_0800_L2ARP030_FLDK.02401_02401.nc to Malaysia Domain.
2025-12-28 23:17:16,151 - INFO - Downloaded: NC_H08_20200905_0900_L2ARP030_FLDK.02401_02401.nc
2025-12-28 23:17:16,217 - INFO - Cropped NC_H08_20200905_0900_L2ARP030_FLDK.02401_02401.nc to Malaysia Domain.
2025-12-28 23:17:49,589 - INFO - Downloaded: NC_H08_20200906_0000_L2ARP030_FLDK.02401_02401.nc
2025-12-28 23:17:49,665 - INFO - Cropped NC_H08_20200906_0000_L2ARP030_FLDK.02401_02401.nc to Malaysia Domain.
2025-12-28 23:18:25,606 - INFO - Downloaded: NC_H08_20200906_0100_L2ARP030_FLDK.02401_02401.nc
2025-12-28 23:18:25,688 - INFO - Cropped NC_H08_20200906_0100_L2ARP030_FLDK.02401_02401.nc to Malaysia Domain.
2025-12-28 23:18:36,999 - INFO - Downloaded: NC_H08_20200906_0200_L2ARP030_FLDK.02401_02401.nc
2025-12-28 23:18:37,081 - INFO - Cropped NC_H08_20200906_0200_L2ARP030_FLDK.02401_02401.nc to Malaysia Domain.
2025-12-28 23:19:13,514 - INFO - Downloaded: NC_H08_20200906_0300_L2ARP030_FLDK.02401_02401.nc
2025-12-28 23:19:13,595 - INFO - Cropped NC_H08_20200906_0300_L2ARP030_FLDK.02401_02401.nc to Malaysia Domain.
2025-12-28 23:19:24,234 - INFO - Downloaded: NC_H08_20200906_0400_L2ARP030_FLDK.02401_02401.nc
2025-12-28 23:19:24,309 - INFO - Cropped NC_H08_20200906_0400_L2ARP030_FLDK.02401_02401.nc to Malaysia Domain.
2025-12-28 23:19:27,823 - INFO - Downloaded: NC_H08_20200906_0500_L2ARP030_FLDK.02401_02401.nc
2025-12-28 23:19:27,901 - INFO - Cropped NC_H08_20200906_0500_L2ARP030_FLDK.02401_02401.nc to Malaysia Domain.
2025-12-28 23:19:52,440 - INFO - Downloaded: NC_H08_20200906_0600_L2ARP030_FLDK.02401_02401.nc
2025-12-28 23:19:52,511 - INFO - Cropped NC_H08_20200906_0600_L2ARP030_FLDK.02401_02401.nc to Malaysia Domain.
2025-12-28 23:20:16,947 - INFO - Downloaded: NC_H08_20200906_0700_L2ARP030_FLDK.02401_02401.nc
2025-12-28 23:20:17,022 - INFO - Cropped NC_H08_20200906_0700_L2ARP030_FLDK.02401_02401.nc to Malaysia Domain.
2025-12-28 23:20:24,952 - INFO - Downloaded: NC_H08_20200906_0800_L2ARP030_FLDK.02401_02401.nc
2025-12-28 23:20:25,022 - INFO - Cropped NC_H08_20200906_0800_L2ARP030_FLDK.02401_02401.nc to Malaysia Domain.
2025-12-28 23:20:31,134 - INFO - Downloaded: NC_H08_20200906_0900_L2ARP030_FLDK.02401_02401.nc
2025-12-28 23:20:31,199 - INFO - Cropped NC_H08_20200906_0900_L2ARP030_FLDK.02401_02401.nc to Malaysia Domain.
2025-12-28 23:21:06,283 - INFO - Downloaded: NC_H08_20200907_0000_L2ARP030_FLDK.02401_02401.nc
2025-12-28 23:21:06,366 - INFO - Cropped NC_H08_20200907_0000_L2ARP030_FLDK.02401_02401.nc to Malaysia Domain.
2025-12-28 23:21:47,729 - INFO - Downloaded: NC_H08_20200907_0100_L2ARP030_FLDK.02401_02401.nc
2025-12-28 23:21:47,811 - INFO - Cropped NC_H08_20200907_0100_L2ARP030_FLDK.02401_02401.nc to Malaysia Domain.
2025-12-28 23:21:58,625 - INFO - Downloaded: NC_H08_20200907_0200_L2ARP030_FLDK.02401_02401.nc
2025-12-28 23:21:58,709 - INFO - Cropped NC_H08_20200907_0200_L2ARP030_FLDK.02401_02401.nc to Malaysia Domain.
2025-12-28 23:22:40,881 - INFO - Downloaded: NC_H08_20200907_0300_L2ARP030_FLDK.02401_02401.nc
2025-12-28 23:22:40,965 - INFO - Cropped NC_H08_20200907_0300_L2ARP030_FLDK.02401_02401.nc to Malaysia Domain.
2025-12-28 23:23:21,068 - INFO - Downloaded: NC_H08_20200907_0400_L2ARP030_FLDK.02401_02401.nc
2025-12-28 23:23:21,148 - INFO - Cropped NC_H08_20200907_0400_L2ARP030_FLDK.02401_02401.nc to Malaysia Domain.
2025-12-28 23:23:32,096 - INFO - Downloaded: NC_H08_20200907_0500_L2ARP030_FLDK.02401_02401.nc
2025-12-28 23:23:32,168 - INFO - Cropped NC_H08_20200907_0500_L2ARP030_FLDK.02401_02401.nc to Malaysia Domain.
2025-12-28 23:23:39,979 - INFO - Downloaded: NC_H08_20200907_0600_L2ARP030_FLDK.02401_02401.nc
2025-12-28 23:23:40,050 - INFO - Cropped NC_H08_20200907_0600_L2ARP030_FLDK.02401_02401.nc to Malaysia Domain.
2025-12-28 23:23:46,477 - INFO - Downloaded: NC_H08_20200907_0700_L2ARP030_FLDK.02401_02401.nc
2025-12-28 23:23:46,547 - INFO - Cropped NC_H08_20200907_0700_L2ARP030_FLDK.02401_02401.nc to Malaysia Domain.
2025-12-28 23:23:52,845 - INFO - Downloaded: NC_H08_20200907_0800_L2ARP030_FLDK.02401_02401.nc
2025-12-28 23:23:52,913 - INFO - Cropped NC_H08_20200907_0800_L2ARP030_FLDK.02401_02401.nc to Malaysia Domain.
2025-12-28 23:24:03,291 - INFO - Downloaded: NC_H08_20200907_0900_L2ARP030_FLDK.02401_02401.nc
2025-12-28 23:24:03,355 - INFO - Cropped NC_H08_20200907_0900_L2ARP030_FLDK.02401_02401.nc to Malaysia Domain.
2025-12-28 23:24:14,180 - INFO - Downloaded: NC_H08_20200908_0000_L2ARP030_FLDK.02401_02401.nc
2025-12-28 23:24:14,259 - INFO - Cropped NC_H08_20200908_0000_L2ARP030_FLDK.02401_02401.nc to Malaysia Domain.
2025-12-28 23:24:18,217 - INFO - Downloaded: NC_H08_20200908_0100_L2ARP030_FLDK.02401_02401.nc
2025-12-28 23:24:18,309 - INFO - Cropped NC_H08_20200908_0100_L2ARP030_FLDK.02401_02401.nc to Malaysia Domain.
2025-12-28 23:24:22,575 - INFO - Downloaded: NC_H08_20200908_0200_L2ARP030_FLDK.02401_02401.nc
2025-12-28 23:24:22,665 - INFO - Cropped NC_H08_20200908_0200_L2ARP030_FLDK.02401_02401.nc to Malaysia Domain.
2025-12-28 23:24:26,731 - INFO - Downloaded: NC_H08_20200908_0300_L2ARP030_FLDK.02401_02401.nc
2025-12-28 23:24:26,828 - INFO - Cropped NC_H08_20200908_0300_L2ARP030_FLDK.02401_02401.nc to Malaysia Domain.
2025-12-28 23:24:31,121 - INFO - Downloaded: NC_H08_20200908_0400_L2ARP030_FLDK.02401_02401.nc
2025-12-28 23:24:31,205 - INFO - Cropped NC_H08_20200908_0400_L2ARP030_FLDK.02401_02401.nc to Malaysia Domain.
2025-12-28 23:24:35,724 - INFO - Downloaded: NC_H08_20200908_0500_L2ARP030_FLDK.02401_02401.nc
2025-12-28 23:24:35,803 - INFO - Cropped NC_H08_20200908_0500_L2ARP030_FLDK.02401_02401.nc to Malaysia Domain.
2025-12-28 23:24:39,959 - INFO - Downloaded: NC_H08_20200908_0600_L2ARP030_FLDK.02401_02401.nc
2025-12-28 23:24:40,033 - INFO - Cropped NC_H08_20200908_0600_L2ARP030_FLDK.02401_02401.nc to Malaysia Domain.
2025-12-28 23:24:43,593 - INFO - Downloaded: NC_H08_20200908_0700_L2ARP030_FLDK.02401_02401.nc
2025-12-28 23:24:43,666 - INFO - Cropped NC_H08_20200908_0700_L2ARP030_FLDK.02401_02401.nc to Malaysia Domain.
2025-12-28 23:24:54,216 - INFO - Downloaded: NC_H08_20200908_0800_L2ARP030_FLDK.02401_02401.nc
2025-12-28 23:24:54,287 - INFO - Cropped NC_H08_20200908_0800_L2ARP030_FLDK.02401_02401.nc to Malaysia Domain.
2025-12-28 23:25:00,304 - INFO - Downloaded: NC_H08_20200908_0900_L2ARP030_FLDK.02401_02401.nc
2025-12-28 23:25:00,368 - INFO - Cropped NC_H08_20200908_0900_L2ARP030_FLDK.02401_02401.nc to Malaysia Domain.
2025-12-28 23:25:10,569 - INFO - Downloaded: NC_H08_20200909_0000_L2ARP030_FLDK.02401_02401.nc
2025-12-28 23:25:10,648 - INFO - Cropped NC_H08_20200909_0000_L2ARP030_FLDK.02401_02401.nc to Malaysia Domain.
2025-12-28 23:25:17,269 - INFO - Downloaded: NC_H08_20200909_0100_L2ARP030_FLDK.02401_02401.nc
2025-12-28 23:25:17,354 - INFO - Cropped NC_H08_20200909_0100_L2ARP030_FLDK.02401_02401.nc to Malaysia Domain.
2025-12-28 23:25:21,527 - INFO - Downloaded: NC_H08_20200909_0200_L2ARP030_FLDK.02401_02401.nc
2025-12-28 23:25:21,610 - INFO - Cropped NC_H08_20200909_0200_L2ARP030_FLDK.02401_02401.nc to Malaysia Domain.
2025-12-28 23:25:25,113 - INFO - Downloaded: NC_H08_20200909_0300_L2ARP030_FLDK.02401_02401.nc
2025-12-28 23:25:25,199 - INFO - Cropped NC_H08_20200909_0300_L2ARP030_FLDK.02401_02401.nc to Malaysia Domain.
2025-12-28 23:25:28,926 - INFO - Downloaded: NC_H08_20200909_0400_L2ARP030_FLDK.02401_02401.nc
2025-12-28 23:25:28,997 - INFO - Cropped NC_H08_20200909_0400_L2ARP030_FLDK.02401_02401.nc to Malaysia Domain.
2025-12-28 23:25:32,798 - INFO - Downloaded: NC_H08_20200909_0500_L2ARP030_FLDK.02401_02401.nc
2025-12-28 23:25:32,867 - INFO - Cropped NC_H08_20200909_0500_L2ARP030_FLDK.02401_02401.nc to Malaysia Domain.
2025-12-28 23:25:35,758 - INFO - Downloaded: NC_H08_20200909_0600_L2ARP030_FLDK.02401_02401.nc
2025-12-28 23:25:35,827 - INFO - Cropped NC_H08_20200909_0600_L2ARP030_FLDK.02401_02401.nc to Malaysia Domain.
2025-12-28 23:25:38,332 - INFO - Downloaded: NC_H08_20200909_0700_L2ARP030_FLDK.02401_02401.nc
2025-12-28 23:25:38,404 - INFO - Cropped NC_H08_20200909_0700_L2ARP030_FLDK.02401_02401.nc to Malaysia Domain.
2025-12-28 23:25:52,548 - INFO - Downloaded: NC_H08_20200909_0800_L2ARP030_FLDK.02401_02401.nc
2025-12-28 23:25:52,617 - INFO - Cropped NC_H08_20200909_0800_L2ARP030_FLDK.02401_02401.nc to Malaysia Domain.
2025-12-28 23:25:59,005 - INFO - Downloaded: NC_H08_20200909_0900_L2ARP030_FLDK.02401_02401.nc
2025-12-28 23:25:59,071 - INFO - Cropped NC_H08_20200909_0900_L2ARP030_FLDK.02401_02401.nc to Malaysia Domain.
2025-12-28 23:26:10,007 - INFO - Downloaded: NC_H08_20200910_0000_L2ARP030_FLDK.02401_02401.nc
2025-12-28 23:26:10,085 - INFO - Cropped NC_H08_20200910_0000_L2ARP030_FLDK.02401_02401.nc to Malaysia Domain.
2025-12-28 23:26:14,662 - INFO - Downloaded: NC_H08_20200910_0100_L2ARP030_FLDK.02401_02401.nc
2025-12-28 23:26:14,745 - INFO - Cropped NC_H08_20200910_0100_L2ARP030_FLDK.02401_02401.nc to Malaysia Domain.
2025-12-28 23:26:19,136 - INFO - Downloaded: NC_H08_20200910_0200_L2ARP030_FLDK.02401_02401.nc
2025-12-28 23:26:19,219 - INFO - Cropped NC_H08_20200910_0200_L2ARP030_FLDK.02401_02401.nc to Malaysia Domain.
2025-12-28 23:26:23,416 - INFO - Downloaded: NC_H08_20200910_0300_L2ARP030_FLDK.02401_02401.nc
2025-12-28 23:26:23,497 - INFO - Cropped NC_H08_20200910_0300_L2ARP030_FLDK.02401_02401.nc to Malaysia Domain.
2025-12-28 23:26:28,720 - INFO - Downloaded: NC_H08_20200910_0400_L2ARP030_FLDK.02401_02401.nc
2025-12-28 23:26:28,792 - INFO - Cropped NC_H08_20200910_0400_L2ARP030_FLDK.02401_02401.nc to Malaysia Domain.
2025-12-28 23:26:32,357 - INFO - Downloaded: NC_H08_20200910_0500_L2ARP030_FLDK.02401_02401.nc
2025-12-28 23:26:32,426 - INFO - Cropped NC_H08_20200910_0500_L2ARP030_FLDK.02401_02401.nc to Malaysia Domain.
2025-12-28 23:26:36,020 - INFO - Downloaded: NC_H08_20200910_0600_L2ARP030_FLDK.02401_02401.nc
2025-12-28 23:26:36,090 - INFO - Cropped NC_H08_20200910_0600_L2ARP030_FLDK.02401_02401.nc to Malaysia Domain.
2025-12-28 23:26:38,658 - INFO - Downloaded: NC_H08_20200910_0700_L2ARP030_FLDK.02401_02401.nc
2025-12-28 23:26:38,732 - INFO - Cropped NC_H08_20200910_0700_L2ARP030_FLDK.02401_02401.nc to Malaysia Domain.
2025-12-28 23:26:44,043 - INFO - Downloaded: NC_H08_20200910_0800_L2ARP030_FLDK.02401_02401.nc
2025-12-28 23:26:44,112 - INFO - Cropped NC_H08_20200910_0800_L2ARP030_FLDK.02401_02401.nc to Malaysia Domain.
2025-12-28 23:26:47,638 - INFO - Downloaded: NC_H08_20200910_0900_L2ARP030_FLDK.02401_02401.nc
2025-12-28 23:26:47,701 - INFO - Cropped NC_H08_20200910_0900_L2ARP030_FLDK.02401_02401.nc to Malaysia Domain.
2025-12-28 23:26:57,588 - INFO - Downloaded: NC_H08_20200911_0000_L2ARP030_FLDK.02401_02401.nc
2025-12-28 23:26:57,663 - INFO - Cropped NC_H08_20200911_0000_L2ARP030_FLDK.02401_02401.nc to Malaysia Domain.
2025-12-28 23:27:06,385 - INFO - Downloaded: NC_H08_20200911_0100_L2ARP030_FLDK.02401_02401.nc
2025-12-28 23:27:06,464 - INFO - Cropped NC_H08_20200911_0100_L2ARP030_FLDK.02401_02401.nc to Malaysia Domain.
2025-12-28 23:27:46,894 - INFO - Downloaded: NC_H08_20200911_0200_L2ARP030_FLDK.02401_02401.nc
2025-12-28 23:27:46,972 - INFO - Cropped NC_H08_20200911_0200_L2ARP030_FLDK.02401_02401.nc to Malaysia Domain.
2025-12-28 23:28:26,886 - INFO - Downloaded: NC_H08_20200911_0300_L2ARP030_FLDK.02401_02401.nc
2025-12-28 23:28:26,958 - INFO - Cropped NC_H08_20200911_0300_L2ARP030_FLDK.02401_02401.nc to Malaysia Domain.
2025-12-28 23:28:39,454 - INFO - Downloaded: NC_H08_20200911_0400_L2ARP030_FLDK.02401_02401.nc
2025-12-28 23:28:39,524 - INFO - Cropped NC_H08_20200911_0400_L2ARP030_FLDK.02401_02401.nc to Malaysia Domain.
2025-12-28 23:28:49,959 - INFO - Downloaded: NC_H08_20200911_0500_L2ARP030_FLDK.02401_02401.nc
2025-12-28 23:28:50,029 - INFO - Cropped NC_H08_20200911_0500_L2ARP030_FLDK.02401_02401.nc to Malaysia Domain.
2025-12-28 23:29:14,941 - INFO - Downloaded: NC_H08_20200911_0600_L2ARP030_FLDK.02401_02401.nc
2025-12-28 23:29:15,008 - INFO - Cropped NC_H08_20200911_0600_L2ARP030_FLDK.02401_02401.nc to Malaysia Domain.
2025-12-28 23:29:35,532 - INFO - Downloaded: NC_H08_20200911_0700_L2ARP030_FLDK.02401_02401.nc
2025-12-28 23:29:35,602 - INFO - Cropped NC_H08_20200911_0700_L2ARP030_FLDK.02401_02401.nc to Malaysia Domain.
2025-12-28 23:29:43,939 - INFO - Downloaded: NC_H08_20200911_0800_L2ARP030_FLDK.02401_02401.nc
2025-12-28 23:29:44,004 - INFO - Cropped NC_H08_20200911_0800_L2ARP030_FLDK.02401_02401.nc to Malaysia Domain.
2025-12-28 23:29:49,428 - INFO - Downloaded: NC_H08_20200911_0900_L2ARP030_FLDK.02401_02401.nc
2025-12-28 23:29:49,489 - INFO - Cropped NC_H08_20200911_0900_L2ARP030_FLDK.02401_02401.nc to Malaysia Domain.
2025-12-28 23:30:02,300 - INFO - Downloaded: NC_H08_20200912_0000_L2ARP030_FLDK.02401_02401.nc
2025-12-28 23:30:02,374 - INFO - Cropped NC_H08_20200912_0000_L2ARP030_FLDK.02401_02401.nc to Malaysia Domain.
2025-12-28 23:30:55,015 - INFO - Downloaded: NC_H08_20200912_0100_L2ARP030_FLDK.02401_02401.nc
2025-12-28 23:30:55,098 - INFO - Cropped NC_H08_20200912_0100_L2ARP030_FLDK.02401_02401.nc to Malaysia Domain.
2025-12-28 23:31:31,554 - INFO - Downloaded: NC_H08_20200912_0200_L2ARP030_FLDK.02401_02401.nc
2025-12-28 23:31:31,638 - INFO - Cropped NC_H08_20200912_0200_L2ARP030_FLDK.02401_02401.nc to Malaysia Domain.
2025-12-28 23:31:43,082 - INFO - Downloaded: NC_H08_20200912_0300_L2ARP030_FLDK.02401_02401.nc
2025-12-28 23:31:43,157 - INFO - Cropped NC_H08_20200912_0300_L2ARP030_FLDK.02401_02401.nc to Malaysia Domain.
2025-12-28 23:32:21,995 - INFO - Downloaded: NC_H08_20200912_0400_L2ARP030_FLDK.02401_02401.nc
2025-12-28 23:32:22,067 - INFO - Cropped NC_H08_20200912_0400_L2ARP030_FLDK.02401_02401.nc to Malaysia Domain.
2025-12-28 23:32:37,116 - INFO - Downloaded: NC_H08_20200912_0500_L2ARP030_FLDK.02401_02401.nc
2025-12-28 23:32:37,186 - INFO - Cropped NC_H08_20200912_0500_L2ARP030_FLDK.02401_02401.nc to Malaysia Domain.
2025-12-28 23:32:46,629 - INFO - Downloaded: NC_H08_20200912_0600_L2ARP030_FLDK.02401_02401.nc
2025-12-28 23:32:46,699 - INFO - Cropped NC_H08_20200912_0600_L2ARP030_FLDK.02401_02401.nc to Malaysia Domain.
2025-12-28 23:32:52,303 - INFO - Downloaded: NC_H08_20200912_0700_L2ARP030_FLDK.02401_02401.nc
2025-12-28 23:32:52,372 - INFO - Cropped NC_H08_20200912_0700_L2ARP030_FLDK.02401_02401.nc to Malaysia Domain.
2025-12-28 23:32:57,920 - INFO - Downloaded: NC_H08_20200912_0800_L2ARP030_FLDK.02401_02401.nc
2025-12-28 23:32:57,983 - INFO - Cropped NC_H08_20200912_0800_L2ARP030_FLDK.02401_02401.nc to Malaysia Domain.
2025-12-28 23:33:01,043 - INFO - Downloaded: NC_H08_20200912_0900_L2ARP030_FLDK.02401_02401.nc
2025-12-28 23:33:01,104 - INFO - Cropped NC_H08_20200912_0900_L2ARP030_FLDK.02401_02401.nc to Malaysia Domain.
2025-12-28 23:33:40,113 - INFO - Downloaded: NC_H08_20200913_0000_L2ARP030_FLDK.02401_02401.nc
2025-12-28 23:33:40,198 - INFO - Cropped NC_H08_20200913_0000_L2ARP030_FLDK.02401_02401.nc to Malaysia Domain.
2025-12-28 23:33:50,640 - INFO - Downloaded: NC_H08_20200913_0100_L2ARP030_FLDK.02401_02401.nc
2025-12-28 23:33:50,718 - INFO - Cropped NC_H08_20200913_0100_L2ARP030_FLDK.02401_02401.nc to Malaysia Domain.
2025-12-28 23:33:55,352 - INFO - Downloaded: NC_H08_20200913_0200_L2ARP030_FLDK.02401_02401.nc
2025-12-28 23:33:55,429 - INFO - Cropped NC_H08_20200913_0200_L2ARP030_FLDK.02401_02401.nc to Malaysia Domain.
2025-12-28 23:34:00,386 - INFO - Downloaded: NC_H08_20200913_0300_L2ARP030_FLDK.02401_02401.nc
2025-12-28 23:34:00,462 - INFO - Cropped NC_H08_20200913_0300_L2ARP030_FLDK.02401_02401.nc to Malaysia Domain.
2025-12-28 23:34:05,332 - INFO - Downloaded: NC_H08_20200913_0400_L2ARP030_FLDK.02401_02401.nc
2025-12-28 23:34:05,404 - INFO - Cropped NC_H08_20200913_0400_L2ARP030_FLDK.02401_02401.nc to Malaysia Domain.
2025-12-28 23:34:11,214 - INFO - Downloaded: NC_H08_20200913_0500_L2ARP030_FLDK.02401_02401.nc
2025-12-28 23:34:11,280 - INFO - Cropped NC_H08_20200913_0500_L2ARP030_FLDK.02401_02401.nc to Malaysia Domain.
2025-12-28 23:34:15,001 - INFO - Downloaded: NC_H08_20200913_0600_L2ARP030_FLDK.02401_02401.nc
2025-12-28 23:34:15,071 - INFO - Cropped NC_H08_20200913_0600_L2ARP030_FLDK.02401_02401.nc to Malaysia Domain.
2025-12-28 23:34:17,724 - INFO - Downloaded: NC_H08_20200913_0700_L2ARP030_FLDK.02401_02401.nc
2025-12-28 23:34:17,792 - INFO - Cropped NC_H08_20200913_0700_L2ARP030_FLDK.02401_02401.nc to Malaysia Domain.
2025-12-28 23:34:20,042 - INFO - Downloaded: NC_H08_20200913_0800_L2ARP030_FLDK.02401_02401.nc
2025-12-28 23:34:20,110 - INFO - Cropped NC_H08_20200913_0800_L2ARP030_FLDK.02401_02401.nc to Malaysia Domain.
2025-12-28 23:34:22,093 - INFO - Downloaded: NC_H08_20200913_0900_L2ARP030_FLDK.02401_02401.nc
2025-12-28 23:34:22,155 - INFO - Cropped NC_H08_20200913_0900_L2ARP030_FLDK.02401_02401.nc to Malaysia Domain.
2025-12-28 23:34:27,064 - INFO - Downloaded: NC_H08_20200914_0000_L2ARP030_FLDK.02401_02401.nc
2025-12-28 23:34:27,133 - INFO - Cropped NC_H08_20200914_0000_L2ARP030_FLDK.02401_02401.nc to Malaysia Domain.
2025-12-28 23:34:33,494 - INFO - Downloaded: NC_H08_20200914_0100_L2ARP030_FLDK.02401_02401.nc
2025-12-28 23:34:33,564 - INFO - Cropped NC_H08_20200914_0100_L2ARP030_FLDK.02401_02401.nc to Malaysia Domain.
2025-12-28 23:35:15,004 - INFO - Downloaded: NC_H08_20200914_0200_L2ARP030_FLDK.02401_02401.nc
2025-12-28 23:35:15,075 - INFO - Cropped NC_H08_20200914_0200_L2ARP030_FLDK.02401_02401.nc to Malaysia Domain.
2025-12-28 23:35:25,651 - INFO - Downloaded: NC_H08_20200914_0300_L2ARP030_FLDK.02401_02401.nc
2025-12-28 23:35:25,720 - INFO - Cropped NC_H08_20200914_0300_L2ARP030_FLDK.02401_02401.nc to Malaysia Domain.
2025-12-28 23:35:32,407 - INFO - Downloaded: NC_H08_20200914_0400_L2ARP030_FLDK.02401_02401.nc
2025-12-28 23:35:32,475 - INFO - Cropped NC_H08_20200914_0400_L2ARP030_FLDK.02401_02401.nc to Malaysia Domain.
2025-12-28 23:35:36,402 - INFO - Downloaded: NC_H08_20200914_0500_L2ARP030_FLDK.02401_02401.nc
2025-12-28 23:35:36,468 - INFO - Cropped NC_H08_20200914_0500_L2ARP030_FLDK.02401_02401.nc to Malaysia Domain.
2025-12-28 23:35:39,894 - INFO - Downloaded: NC_H08_20200914_0600_L2ARP030_FLDK.02401_02401.nc
2025-12-28 23:35:39,958 - INFO - Cropped NC_H08_20200914_0600_L2ARP030_FLDK.02401_02401.nc to Malaysia Domain.
2025-12-28 23:35:43,207 - INFO - Downloaded: NC_H08_20200914_0700_L2ARP030_FLDK.02401_02401.nc
2025-12-28 23:35:43,273 - INFO - Cropped NC_H08_20200914_0700_L2ARP030_FLDK.02401_02401.nc to Malaysia Domain.
2025-12-28 23:35:45,971 - INFO - Downloaded: NC_H08_20200914_0800_L2ARP030_FLDK.02401_02401.nc
2025-12-28 23:35:46,036 - INFO - Cropped NC_H08_20200914_0800_L2ARP030_FLDK.02401_02401.nc to Malaysia Domain.
2025-12-28 23:35:54,951 - INFO - Downloaded: NC_H08_20200914_0900_L2ARP030_FLDK.02401_02401.nc
2025-12-28 23:35:55,016 - INFO - Cropped NC_H08_20200914_0900_L2ARP030_FLDK.02401_02401.nc to Malaysia Domain.
2025-12-28 23:36:05,465 - INFO - Downloaded: NC_H08_20200915_0000_L2ARP030_FLDK.02401_02401.nc
2025-12-28 23:36:05,531 - INFO - Cropped NC_H08_20200915_0000_L2ARP030_FLDK.02401_02401.nc to Malaysia Domain.
2025-12-28 23:36:12,640 - INFO - Downloaded: NC_H08_20200915_0100_L2ARP030_FLDK.02401_02401.nc
2025-12-28 23:36:12,710 - INFO - Cropped NC_H08_20200915_0100_L2ARP030_FLDK.02401_02401.nc to Malaysia Domain.
2025-12-28 23:36:19,348 - INFO - Downloaded: NC_H08_20200915_0200_L2ARP030_FLDK.02401_02401.nc
2025-12-28 23:36:19,419 - INFO - Cropped NC_H08_20200915_0200_L2ARP030_FLDK.02401_02401.nc to Malaysia Domain.
2025-12-28 23:36:27,724 - INFO - Downloaded: NC_H08_20200915_0300_L2ARP030_FLDK.02401_02401.nc
2025-12-28 23:36:27,792 - INFO - Cropped NC_H08_20200915_0300_L2ARP030_FLDK.02401_02401.nc to Malaysia Domain.
2025-12-28 23:36:40,148 - INFO - Downloaded: NC_H08_20200915_0400_L2ARP030_FLDK.02401_02401.nc
2025-12-28 23:36:40,217 - INFO - Cropped NC_H08_20200915_0400_L2ARP030_FLDK.02401_02401.nc to Malaysia Domain.
2025-12-28 23:36:50,991 - INFO - Downloaded: NC_H08_20200915_0500_L2ARP030_FLDK.02401_02401.nc
2025-12-28 23:36:51,059 - INFO - Cropped NC_H08_20200915_0500_L2ARP030_FLDK.02401_02401.nc to Malaysia Domain.
2025-12-28 23:36:59,638 - INFO - Downloaded: NC_H08_20200915_0600_L2ARP030_FLDK.02401_02401.nc
2025-12-28 23:36:59,709 - INFO - Cropped NC_H08_20200915_0600_L2ARP030_FLDK.02401_02401.nc to Malaysia Domain.
2025-12-28 23:37:07,026 - INFO - Downloaded: NC_H08_20200915_0700_L2ARP030_FLDK.02401_02401.nc
2025-12-28 23:37:07,094 - INFO - Cropped NC_H08_20200915_0700_L2ARP030_FLDK.02401_02401.nc to Malaysia Domain.
2025-12-28 23:37:14,873 - INFO - Downloaded: NC_H08_20200915_0800_L2ARP030_FLDK.02401_02401.nc
2025-12-28 23:37:14,938 - INFO - Cropped NC_H08_20200915_0800_L2ARP030_FLDK.02401_02401.nc to Malaysia Domain.
2025-12-28 23:37:18,477 - INFO - Downloaded: NC_H08_20200915_0900_L2ARP030_FLDK.02401_02401.nc
2025-12-28 23:37:18,539 - INFO - Cropped NC_H08_20200915_0900_L2ARP030_FLDK.02401_02401.nc to Malaysia Domain.
2025-12-28 23:37:29,041 - INFO - Downloaded: NC_H08_20200916_0000_L2ARP030_FLDK.02401_02401.nc
2025-12-28 23:37:29,110 - INFO - Cropped NC_H08_20200916_0000_L2ARP030_FLDK.02401_02401.nc to Malaysia Domain.
2025-12-28 23:37:39,306 - INFO - Downloaded: NC_H08_20200916_0100_L2ARP030_FLDK.02401_02401.nc
2025-12-28 23:37:39,377 - INFO - Cropped NC_H08_20200916_0100_L2ARP030_FLDK.02401_02401.nc to Malaysia Domain.
2025-12-28 23:37:46,633 - INFO - Downloaded: NC_H08_20200916_0200_L2ARP030_FLDK.02401_02401.nc
2025-12-28 23:37:46,704 - INFO - Cropped NC_H08_20200916_0200_L2ARP030_FLDK.02401_02401.nc to Malaysia Domain.
2025-12-28 23:37:54,043 - INFO - Downloaded: NC_H08_20200916_0300_L2ARP030_FLDK.02401_02401.nc
2025-12-28 23:37:54,115 - INFO - Cropped NC_H08_20200916_0300_L2ARP030_FLDK.02401_02401.nc to Malaysia Domain.
2025-12-28 23:37:58,958 - INFO - Downloaded: NC_H08_20200916_0400_L2ARP030_FLDK.02401_02401.nc
2025-12-28 23:37:59,027 - INFO - Cropped NC_H08_20200916_0400_L2ARP030_FLDK.02401_02401.nc to Malaysia Domain.
2025-12-28 23:38:01,599 - INFO - Downloaded: NC_H08_20200916_0500_L2ARP030_FLDK.02401_02401.nc
2025-12-28 23:38:01,666 - INFO - Cropped NC_H08_20200916_0500_L2ARP030_FLDK.02401_02401.nc to Malaysia Domain.
2025-12-28 23:38:17,288 - INFO - Downloaded: NC_H08_20200916_0600_L2ARP030_FLDK.02401_02401.nc
2025-12-28 23:38:17,355 - INFO - Cropped NC_H08_20200916_0600_L2ARP030_FLDK.02401_02401.nc to Malaysia Domain.
2025-12-28 23:38:22,319 - INFO - Downloaded: NC_H08_20200916_0700_L2ARP030_FLDK.02401_02401.nc
2025-12-28 23:38:22,385 - INFO - Cropped NC_H08_20200916_0700_L2ARP030_FLDK.02401_02401.nc to Malaysia Domain.
2025-12-28 23:38:26,127 - INFO - Downloaded: NC_H08_20200916_0800_L2ARP030_FLDK.02401_02401.nc
2025-12-28 23:38:26,190 - INFO - Cropped NC_H08_20200916_0800_L2ARP030_FLDK.02401_02401.nc to Malaysia Domain.
2025-12-28 23:38:29,155 - INFO - Downloaded: NC_H08_20200916_0900_L2ARP030_FLDK.02401_02401.nc
2025-12-28 23:38:29,216 - INFO - Cropped NC_H08_20200916_0900_L2ARP030_FLDK.02401_02401.nc to Malaysia Domain.
2025-12-28 23:38:35,835 - INFO - Downloaded: NC_H08_20200917_0000_L2ARP030_FLDK.02401_02401.nc
2025-12-28 23:38:35,903 - INFO - Cropped NC_H08_20200917_0000_L2ARP030_FLDK.02401_02401.nc to Malaysia Domain.
2025-12-28 23:38:39,754 - INFO - Downloaded: NC_H08_20200917_0100_L2ARP030_FLDK.02401_02401.nc
2025-12-28 23:38:39,830 - INFO - Cropped NC_H08_20200917_0100_L2ARP030_FLDK.02401_02401.nc to Malaysia Domain.
2025-12-28 23:38:43,961 - INFO - Downloaded: NC_H08_20200917_0200_L2ARP030_FLDK.02401_02401.nc
2025-12-28 23:38:44,039 - INFO - Cropped NC_H08_20200917_0200_L2ARP030_FLDK.02401_02401.nc to Malaysia Domain.
2025-12-28 23:38:47,845 - INFO - Downloaded: NC_H08_20200917_0300_L2ARP030_FLDK.02401_02401.nc
2025-12-28 23:38:47,920 - INFO - Cropped NC_H08_20200917_0300_L2ARP030_FLDK.02401_02401.nc to Malaysia Domain.
2025-12-28 23:38:51,929 - INFO - Downloaded: NC_H08_20200917_0400_L2ARP030_FLDK.02401_02401.nc
2025-12-28 23:38:52,001 - INFO - Cropped NC_H08_20200917_0400_L2ARP030_FLDK.02401_02401.nc to Malaysia Domain.
2025-12-28 23:38:56,298 - INFO - Downloaded: NC_H08_20200917_0500_L2ARP030_FLDK.02401_02401.nc
2025-12-28 23:38:56,369 - INFO - Cropped NC_H08_20200917_0500_L2ARP030_FLDK.02401_02401.nc to Malaysia Domain.
2025-12-28 23:39:01,049 - INFO - Downloaded: NC_H08_20200917_0600_L2ARP030_FLDK.02401_02401.nc
2025-12-28 23:39:01,120 - INFO - Cropped NC_H08_20200917_0600_L2ARP030_FLDK.02401_02401.nc to Malaysia Domain.
2025-12-28 23:39:05,733 - INFO - Downloaded: NC_H08_20200917_0700_L2ARP030_FLDK.02401_02401.nc
2025-12-28 23:39:05,801 - INFO - Cropped NC_H08_20200917_0700_L2ARP030_FLDK.02401_02401.nc to Malaysia Domain.
2025-12-28 23:39:10,748 - INFO - Downloaded: NC_H08_20200917_0800_L2ARP030_FLDK.02401_02401.nc
2025-12-28 23:39:10,815 - INFO - Cropped NC_H08_20200917_0800_L2ARP030_FLDK.02401_02401.nc to Malaysia Domain.
2025-12-28 23:39:13,626 - INFO - Downloaded: NC_H08_20200917_0900_L2ARP030_FLDK.02401_02401.nc
2025-12-28 23:39:13,690 - INFO - Cropped NC_H08_20200917_0900_L2ARP030_FLDK.02401_02401.nc to Malaysia Domain.
2025-12-28 23:39:18,299 - INFO - Downloaded: NC_H08_20200918_0000_L2ARP030_FLDK.02401_02401.nc
2025-12-28 23:39:18,374 - INFO - Cropped NC_H08_20200918_0000_L2ARP030_FLDK.02401_02401.nc to Malaysia Domain.
2025-12-28 23:39:21,827 - INFO - Downloaded: NC_H08_20200918_0100_L2ARP030_FLDK.02401_02401.nc
2025-12-28 23:39:21,914 - INFO - Cropped NC_H08_20200918_0100_L2ARP030_FLDK.02401_02401.nc to Malaysia Domain.
2025-12-28 23:39:48,429 - INFO - Downloaded: NC_H08_20200918_0200_L2ARP030_FLDK.02401_02401.nc
2025-12-28 23:39:48,515 - INFO - Cropped NC_H08_20200918_0200_L2ARP030_FLDK.02401_02401.nc to Malaysia Domain.
2025-12-28 23:39:54,412 - INFO - Downloaded: NC_H08_20200918_0300_L2ARP030_FLDK.02401_02401.nc
2025-12-28 23:39:54,496 - INFO - Cropped NC_H08_20200918_0300_L2ARP030_FLDK.02401_02401.nc to Malaysia Domain.
2025-12-28 23:39:58,789 - INFO - Downloaded: NC_H08_20200918_0400_L2ARP030_FLDK.02401_02401.nc
2025-12-28 23:39:58,868 - INFO - Cropped NC_H08_20200918_0400_L2ARP030_FLDK.02401_02401.nc to Malaysia Domain.
2025-12-28 23:40:01,780 - INFO - Downloaded: NC_H08_20200918_0500_L2ARP030_FLDK.02401_02401.nc
2025-12-28 23:40:01,857 - INFO - Cropped NC_H08_20200918_0500_L2ARP030_FLDK.02401_02401.nc to Malaysia Domain.
2025-12-28 23:40:21,689 - INFO - Downloaded: NC_H08_20200918_0600_L2ARP030_FLDK.02401_02401.nc
2025-12-28 23:40:21,763 - INFO - Cropped NC_H08_20200918_0600_L2ARP030_FLDK.02401_02401.nc to Malaysia Domain.
2025-12-28 23:40:27,234 - INFO - Downloaded: NC_H08_20200918_0700_L2ARP030_FLDK.02401_02401.nc
2025-12-28 23:40:27,309 - INFO - Cropped NC_H08_20200918_0700_L2ARP030_FLDK.02401_02401.nc to Malaysia Domain.
2025-12-28 23:40:31,515 - INFO - Downloaded: NC_H08_20200918_0800_L2ARP030_FLDK.02401_02401.nc
2025-12-28 23:40:31,588 - INFO - Cropped NC_H08_20200918_0800_L2ARP030_FLDK.02401_02401.nc to Malaysia Domain.
2025-12-28 23:40:35,206 - INFO - Downloaded: NC_H08_20200918_0900_L2ARP030_FLDK.02401_02401.nc
2025-12-28 23:40:35,271 - INFO - Cropped NC_H08_20200918_0900_L2ARP030_FLDK.02401_02401.nc to Malaysia Domain.
2025-12-28 23:40:44,889 - INFO - Downloaded: NC_H08_20200919_0000_L2ARP030_FLDK.02401_02401.nc
2025-12-28 23:40:44,968 - INFO - Cropped NC_H08_20200919_0000_L2ARP030_FLDK.02401_02401.nc to Malaysia Domain.
2025-12-28 23:41:26,530 - INFO - Downloaded: NC_H08_20200919_0100_L2ARP030_FLDK.02401_02401.nc
2025-12-28 23:41:26,612 - INFO - Cropped NC_H08_20200919_0100_L2ARP030_FLDK.02401_02401.nc to Malaysia Domain.
2025-12-28 23:41:33,293 - INFO - Downloaded: NC_H08_20200919_0200_L2ARP030_FLDK.02401_02401.nc
2025-12-28 23:41:33,377 - INFO - Cropped NC_H08_20200919_0200_L2ARP030_FLDK.02401_02401.nc to Malaysia Domain.
2025-12-28 23:41:37,441 - INFO - Downloaded: NC_H08_20200919_0300_L2ARP030_FLDK.02401_02401.nc
2025-12-28 23:41:37,525 - INFO - Cropped NC_H08_20200919_0300_L2ARP030_FLDK.02401_02401.nc to Malaysia Domain.
2025-12-28 23:42:07,785 - INFO - Downloaded: NC_H08_20200919_0400_L2ARP030_FLDK.02401_02401.nc
2025-12-28 23:42:07,864 - INFO - Cropped NC_H08_20200919_0400_L2ARP030_FLDK.02401_02401.nc to Malaysia Domain.
2025-12-28 23:42:37,726 - INFO - Downloaded: NC_H08_20200919_0500_L2ARP030_FLDK.02401_02401.nc
2025-12-28 23:42:37,803 - INFO - Cropped NC_H08_20200919_0500_L2ARP030_FLDK.02401_02401.nc to Malaysia Domain.
2025-12-28 23:42:45,906 - INFO - Downloaded: NC_H08_20200919_0600_L2ARP030_FLDK.02401_02401.nc
2025-12-28 23:42:45,980 - INFO - Cropped NC_H08_20200919_0600_L2ARP030_FLDK.02401_02401.nc to Malaysia Domain.
2025-12-28 23:42:49,733 - INFO - Downloaded: NC_H08_20200919_0700_L2ARP030_FLDK.02401_02401.nc
2025-12-28 23:42:49,807 - INFO - Cropped NC_H08_20200919_0700_L2ARP030_FLDK.02401_02401.nc to Malaysia Domain.
2025-12-28 23:42:53,072 - INFO - Downloaded: NC_H08_20200919_0800_L2ARP030_FLDK.02401_02401.nc
2025-12-28 23:42:53,143 - INFO - Cropped NC_H08_20200919_0800_L2ARP030_FLDK.02401_02401.nc to Malaysia Domain.
2025-12-28 23:43:00,404 - INFO - Downloaded: NC_H08_20200919_0900_L2ARP030_FLDK.02401_02401.nc
2025-12-28 23:43:00,468 - INFO - Cropped NC_H08_20200919_0900_L2ARP030_FLDK.02401_02401.nc to Malaysia Domain.
2025-12-28 23:43:12,842 - INFO - Downloaded: NC_H08_20200920_0000_L2ARP030_FLDK.02401_02401.nc
2025-12-28 23:43:12,926 - INFO - Cropped NC_H08_20200920_0000_L2ARP030_FLDK.02401_02401.nc to Malaysia Domain.
2025-12-28 23:43:43,605 - INFO - Downloaded: NC_H08_20200920_0100_L2ARP030_FLDK.02401_02401.nc
2025-12-28 23:43:43,694 - INFO - Cropped NC_H08_20200920_0100_L2ARP030_FLDK.02401_02401.nc to Malaysia Domain.
2025-12-28 23:43:54,127 - INFO - Downloaded: NC_H08_20200920_0200_L2ARP030_FLDK.02401_02401.nc
2025-12-28 23:43:54,228 - INFO - Cropped NC_H08_20200920_0200_L2ARP030_FLDK.02401_02401.nc to Malaysia Domain.
2025-12-28 23:44:00,879 - INFO - Downloaded: NC_H08_20200920_0300_L2ARP030_FLDK.02401_02401.nc
2025-12-28 23:44:00,971 - INFO - Cropped NC_H08_20200920_0300_L2ARP030_FLDK.02401_02401.nc to Malaysia Domain.
2025-12-28 23:44:04,644 - INFO - Downloaded: NC_H08_20200920_0400_L2ARP030_FLDK.02401_02401.nc
2025-12-28 23:44:04,738 - INFO - Cropped NC_H08_20200920_0400_L2ARP030_FLDK.02401_02401.nc to Malaysia Domain.
2025-12-28 23:44:07,520 - INFO - Downloaded: NC_H08_20200920_0500_L2ARP030_FLDK.02401_02401.nc
2025-12-28 23:44:07,598 - INFO - Cropped NC_H08_20200920_0500_L2ARP030_FLDK.02401_02401.nc to Malaysia Domain.
2025-12-28 23:44:10,134 - INFO - Downloaded: NC_H08_20200920_0600_L2ARP030_FLDK.02401_02401.nc
2025-12-28 23:44:10,208 - INFO - Cropped NC_H08_20200920_0600_L2ARP030_FLDK.02401_02401.nc to Malaysia Domain.
2025-12-28 23:44:26,634 - INFO - Downloaded: NC_H08_20200920_0700_L2ARP030_FLDK.02401_02401.nc
2025-12-28 23:44:26,711 - INFO - Cropped NC_H08_20200920_0700_L2ARP030_FLDK.02401_02401.nc to Malaysia Domain.
2025-12-28 23:44:40,954 - INFO - Downloaded: NC_H08_20200920_0800_L2ARP030_FLDK.02401_02401.nc
2025-12-28 23:44:41,029 - INFO - Cropped NC_H08_20200920_0800_L2ARP030_FLDK.02401_02401.nc to Malaysia Domain.
2025-12-28 23:44:48,057 - INFO - Downloaded: NC_H08_20200920_0900_L2ARP030_FLDK.02401_02401.nc
2025-12-28 23:44:48,127 - INFO - Cropped NC_H08_20200920_0900_L2ARP030_FLDK.02401_02401.nc to Malaysia Domain.
2025-12-28 23:45:24,605 - INFO - Downloaded: NC_H08_20200921_0000_L2ARP030_FLDK.02401_02401.nc
2025-12-28 23:45:24,691 - INFO - Cropped NC_H08_20200921_0000_L2ARP030_FLDK.02401_02401.nc to Malaysia Domain.
2025-12-28 23:45:37,809 - INFO - Downloaded: NC_H08_20200921_0100_L2ARP030_FLDK.02401_02401.nc
2025-12-28 23:45:37,902 - INFO - Cropped NC_H08_20200921_0100_L2ARP030_FLDK.02401_02401.nc to Malaysia Domain.
2025-12-28 23:45:42,458 - INFO - Downloaded: NC_H08_20200921_0200_L2ARP030_FLDK.02401_02401.nc
2025-12-28 23:45:42,550 - INFO - Cropped NC_H08_20200921_0200_L2ARP030_FLDK.02401_02401.nc to Malaysia Domain.
2025-12-28 23:45:45,548 - INFO - Downloaded: NC_H08_20200921_0300_L2ARP030_FLDK.02401_02401.nc
2025-12-28 23:45:45,636 - INFO - Cropped NC_H08_20200921_0300_L2ARP030_FLDK.02401_02401.nc to Malaysia Domain.
2025-12-28 23:45:49,028 - INFO - Downloaded: NC_H08_20200921_0400_L2ARP030_FLDK.02401_02401.nc
2025-12-28 23:45:49,110 - INFO - Cropped NC_H08_20200921_0400_L2ARP030_FLDK.02401_02401.nc to Malaysia Domain.
2025-12-28 23:45:52,128 - INFO - Downloaded: NC_H08_20200921_0500_L2ARP030_FLDK.02401_02401.nc
2025-12-28 23:45:52,203 - INFO - Cropped NC_H08_20200921_0500_L2ARP030_FLDK.02401_02401.nc to Malaysia Domain.
2025-12-28 23:45:55,036 - INFO - Downloaded: NC_H08_20200921_0600_L2ARP030_FLDK.02401_02401.nc
2025-12-28 23:45:55,110 - INFO - Cropped NC_H08_20200921_0600_L2ARP030_FLDK.02401_02401.nc to Malaysia Domain.
2025-12-28 23:45:57,402 - INFO - Downloaded: NC_H08_20200921_0700_L2ARP030_FLDK.02401_02401.nc
2025-12-28 23:45:57,476 - INFO - Cropped NC_H08_20200921_0700_L2ARP030_FLDK.02401_02401.nc to Malaysia Domain.
2025-12-28 23:46:05,187 - INFO - Downloaded: NC_H08_20200921_0800_L2ARP030_FLDK.02401_02401.nc
2025-12-28 23:46:05,257 - INFO - Cropped NC_H08_20200921_0800_L2ARP030_FLDK.02401_02401.nc to Malaysia Domain.
2025-12-28 23:46:05,786 - INFO - No minute 00 files found in /pub/himawari/L2/ARP/030/202009/21/09/
2025-12-28 23:46:44,025 - INFO - Downloaded: NC_H08_20200922_0000_L2ARP030_FLDK.02401_02401.nc
2025-12-28 23:46:44,099 - INFO - Cropped NC_H08_20200922_0000_L2ARP030_FLDK.02401_02401.nc to Malaysia Domain.
2025-12-28 23:47:21,454 - INFO - Downloaded: NC_H08_20200922_0100_L2ARP030_FLDK.02401_02401.nc
2025-12-28 23:47:21,534 - INFO - Cropped NC_H08_20200922_0100_L2ARP030_FLDK.02401_02401.nc to Malaysia Domain.
2025-12-28 23:48:08,684 - INFO - Downloaded: NC_H08_20200922_0200_L2ARP030_FLDK.02401_02401.nc
2025-12-28 23:48:08,764 - INFO - Cropped NC_H08_20200922_0200_L2ARP030_FLDK.02401_02401.nc to Malaysia Domain.
2025-12-28 23:48:15,578 - INFO - Downloaded: NC_H08_20200922_0300_L2ARP030_FLDK.02401_02401.nc
2025-12-28 23:48:15,659 - INFO - Cropped NC_H08_20200922_0300_L2ARP030_FLDK.02401_02401.nc to Malaysia Domain.
2025-12-28 23:48:20,574 - INFO - Downloaded: NC_H08_20200922_0400_L2ARP030_FLDK.02401_02401.nc
2025-12-28 23:48:20,650 - INFO - Cropped NC_H08_20200922_0400_L2ARP030_FLDK.02401_02401.nc to Malaysia Domain.
2025-12-28 23:48:23,934 - INFO - Downloaded: NC_H08_20200922_0500_L2ARP030_FLDK.02401_02401.nc
2025-12-28 23:48:24,006 - INFO - Cropped NC_H08_20200922_0500_L2ARP030_FLDK.02401_02401.nc to Malaysia Domain.
2025-12-28 23:48:26,761 - INFO - Downloaded: NC_H08_20200922_0600_L2ARP030_FLDK.02401_02401.nc
2025-12-28 23:48:26,831 - INFO - Cropped NC_H08_20200922_0600_L2ARP030_FLDK.02401_02401.nc to Malaysia Domain.
2025-12-28 23:48:45,809 - INFO - Downloaded: NC_H08_20200922_0700_L2ARP030_FLDK.02401_02401.nc
2025-12-28 23:48:45,886 - INFO - Cropped NC_H08_20200922_0700_L2ARP030_FLDK.02401_02401.nc to Malaysia Domain.
2025-12-28 23:48:53,666 - INFO - Downloaded: NC_H08_20200922_0800_L2ARP030_FLDK.02401_02401.nc
2025-12-28 23:48:53,733 - INFO - Cropped NC_H08_20200922_0800_L2ARP030_FLDK.02401_02401.nc to Malaysia Domain.
2025-12-28 23:48:59,328 - INFO - Downloaded: NC_H08_20200922_0900_L2ARP030_FLDK.02401_02401.nc
2025-12-28 23:48:59,392 - INFO - Cropped NC_H08_20200922_0900_L2ARP030_FLDK.02401_02401.nc to Malaysia Domain.
2025-12-28 23:49:09,716 - INFO - Downloaded: NC_H08_20200923_0000_L2ARP030_FLDK.02401_02401.nc
2025-12-28 23:49:09,788 - INFO - Cropped NC_H08_20200923_0000_L2ARP030_FLDK.02401_02401.nc to Malaysia Domain.
2025-12-28 23:49:52,081 - INFO - Downloaded: NC_H08_20200923_0100_L2ARP030_FLDK.02401_02401.nc
2025-12-28 23:49:52,159 - INFO - Cropped NC_H08_20200923_0100_L2ARP030_FLDK.02401_02401.nc to Malaysia Domain.
2025-12-28 23:50:05,680 - INFO - Downloaded: NC_H08_20200923_0200_L2ARP030_FLDK.02401_02401.nc
2025-12-28 23:50:05,759 - INFO - Cropped NC_H08_20200923_0200_L2ARP030_FLDK.02401_02401.nc to Malaysia Domain.
2025-12-28 23:50:10,539 - INFO - Downloaded: NC_H08_20200923_0300_L2ARP030_FLDK.02401_02401.nc
2025-12-28 23:50:10,620 - INFO - Cropped NC_H08_20200923_0300_L2ARP030_FLDK.02401_02401.nc to Malaysia Domain.
2025-12-28 23:50:15,130 - INFO - Downloaded: NC_H08_20200923_0400_L2ARP030_FLDK.02401_02401.nc
2025-12-28 23:50:15,209 - INFO - Cropped NC_H08_20200923_0400_L2ARP030_FLDK.02401_02401.nc to Malaysia Domain.
2025-12-28 23:50:19,819 - INFO - Downloaded: NC_H08_20200923_0500_L2ARP030_FLDK.02401_02401.nc
2025-12-28 23:50:19,893 - INFO - Cropped NC_H08_20200923_0500_L2ARP030_FLDK.02401_02401.nc to Malaysia Domain.
2025-12-28 23:50:24,028 - INFO - Downloaded: NC_H08_20200923_0600_L2ARP030_FLDK.02401_02401.nc
2025-12-28 23:50:24,099 - INFO - Cropped NC_H08_20200923_0600_L2ARP030_FLDK.02401_02401.nc to Malaysia Domain.
2025-12-28 23:50:27,707 - INFO - Downloaded: NC_H08_20200923_0700_L2ARP030_FLDK.02401_02401.nc
2025-12-28 23:50:27,778 - INFO - Cropped NC_H08_20200923_0700_L2ARP030_FLDK.02401_02401.nc to Malaysia Domain.
2025-12-28 23:50:44,424 - INFO - Downloaded: NC_H08_20200923_0800_L2ARP030_FLDK.02401_02401.nc
2025-12-28 23:50:44,490 - INFO - Cropped NC_H08_20200923_0800_L2ARP030_FLDK.02401_02401.nc to Malaysia Domain.
2025-12-28 23:50:51,837 - INFO - Downloaded: NC_H08_20200923_0900_L2ARP030_FLDK.02401_02401.nc
2025-12-28 23:50:51,900 - INFO - Cropped NC_H08_20200923_0900_L2ARP030_FLDK.02401_02401.nc to Malaysia Domain.
2025-12-28 23:50:57,739 - INFO - Downloaded: NC_H08_20200924_0000_L2ARP030_FLDK.02401_02401.nc
2025-12-28 23:50:57,818 - INFO - Cropped NC_H08_20200924_0000_L2ARP030_FLDK.02401_02401.nc to Malaysia Domain.
2025-12-28 23:51:02,715 - INFO - Downloaded: NC_H08_20200924_0100_L2ARP030_FLDK.02401_02401.nc
2025-12-28 23:51:02,801 - INFO - Cropped NC_H08_20200924_0100_L2ARP030_FLDK.02401_02401.nc to Malaysia Domain.
2025-12-28 23:51:51,596 - INFO - Downloaded: NC_H08_20200924_0200_L2ARP030_FLDK.02401_02401.nc
2025-12-28 23:51:51,679 - INFO - Cropped NC_H08_20200924_0200_L2ARP030_FLDK.02401_02401.nc to Malaysia Domain.
2025-12-28 23:52:34,134 - INFO - Downloaded: NC_H08_20200924_0300_L2ARP030_FLDK.02401_02401.nc
2025-12-28 23:52:34,219 - INFO - Cropped NC_H08_20200924_0300_L2ARP030_FLDK.02401_02401.nc to Malaysia Domain.
2025-12-28 23:52:45,745 - INFO - Downloaded: NC_H08_20200924_0400_L2ARP030_FLDK.02401_02401.nc
2025-12-28 23:52:45,825 - INFO - Cropped NC_H08_20200924_0400_L2ARP030_FLDK.02401_02401.nc to Malaysia Domain.
2025-12-28 23:52:50,419 - INFO - Downloaded: NC_H08_20200924_0500_L2ARP030_FLDK.02401_02401.nc
2025-12-28 23:52:50,495 - INFO - Cropped NC_H08_20200924_0500_L2ARP030_FLDK.02401_02401.nc to Malaysia Domain.
2025-12-28 23:52:54,643 - INFO - Downloaded: NC_H08_20200924_0600_L2ARP030_FLDK.02401_02401.nc
2025-12-28 23:52:54,724 - INFO - Cropped NC_H08_20200924_0600_L2ARP030_FLDK.02401_02401.nc to Malaysia Domain.
2025-12-28 23:52:57,350 - INFO - Downloaded: NC_H08_20200924_0700_L2ARP030_FLDK.02401_02401.nc
2025-12-28 23:52:57,418 - INFO - Cropped NC_H08_20200924_0700_L2ARP030_FLDK.02401_02401.nc to Malaysia Domain.
2025-12-28 23:53:00,157 - INFO - Downloaded: NC_H08_20200924_0800_L2ARP030_FLDK.02401_02401.nc
2025-12-28 23:53:00,223 - INFO - Cropped NC_H08_20200924_0800_L2ARP030_FLDK.02401_02401.nc to Malaysia Domain.
2025-12-28 23:53:02,536 - INFO - Downloaded: NC_H08_20200924_0900_L2ARP030_FLDK.02401_02401.nc
2025-12-28 23:53:02,603 - INFO - Cropped NC_H08_20200924_0900_L2ARP030_FLDK.02401_02401.nc to Malaysia Domain.
2025-12-28 23:53:36,883 - INFO - Downloaded: NC_H08_20200925_0000_L2ARP030_FLDK.02401_02401.nc
2025-12-28 23:53:36,959 - INFO - Cropped NC_H08_20200925_0000_L2ARP030_FLDK.02401_02401.nc to Malaysia Domain.
2025-12-28 23:53:43,567 - INFO - Downloaded: NC_H08_20200925_0100_L2ARP030_FLDK.02401_02401.nc
2025-12-28 23:53:43,649 - INFO - Cropped NC_H08_20200925_0100_L2ARP030_FLDK.02401_02401.nc to Malaysia Domain.
2025-12-28 23:53:47,500 - INFO - Downloaded: NC_H08_20200925_0200_L2ARP030_FLDK.02401_02401.nc
2025-12-28 23:53:47,580 - INFO - Cropped NC_H08_20200925_0200_L2ARP030_FLDK.02401_02401.nc to Malaysia Domain.
2025-12-28 23:53:51,979 - INFO - Downloaded: NC_H08_20200925_0300_L2ARP030_FLDK.02401_02401.nc
2025-12-28 23:53:52,057 - INFO - Cropped NC_H08_20200925_0300_L2ARP030_FLDK.02401_02401.nc to Malaysia Domain.
2025-12-28 23:53:57,487 - INFO - Downloaded: NC_H08_20200925_0400_L2ARP030_FLDK.02401_02401.nc
2025-12-28 23:53:57,559 - INFO - Cropped NC_H08_20200925_0400_L2ARP030_FLDK.02401_02401.nc to Malaysia Domain.
2025-12-28 23:54:01,589 - INFO - Downloaded: NC_H08_20200925_0500_L2ARP030_FLDK.02401_02401.nc
2025-12-28 23:54:01,655 - INFO - Cropped NC_H08_20200925_0500_L2ARP030_FLDK.02401_02401.nc to Malaysia Domain.
2025-12-28 23:54:04,736 - INFO - Downloaded: NC_H08_20200925_0600_L2ARP030_FLDK.02401_02401.nc
2025-12-28 23:54:04,803 - INFO - Cropped NC_H08_20200925_0600_L2ARP030_FLDK.02401_02401.nc to Malaysia Domain.
2025-12-28 23:54:07,172 - INFO - Downloaded: NC_H08_20200925_0700_L2ARP030_FLDK.02401_02401.nc
2025-12-28 23:54:07,241 - INFO - Cropped NC_H08_20200925_0700_L2ARP030_FLDK.02401_02401.nc to Malaysia Domain.
2025-12-28 23:54:20,171 - INFO - Downloaded: NC_H08_20200925_0800_L2ARP030_FLDK.02401_02401.nc
2025-12-28 23:54:20,237 - INFO - Cropped NC_H08_20200925_0800_L2ARP030_FLDK.02401_02401.nc to Malaysia Domain.
2025-12-28 23:54:33,920 - INFO - Downloaded: NC_H08_20200925_0900_L2ARP030_FLDK.02401_02401.nc
2025-12-28 23:54:33,982 - INFO - Cropped NC_H08_20200925_0900_L2ARP030_FLDK.02401_02401.nc to Malaysia Domain.
2025-12-28 23:55:14,757 - INFO - Downloaded: NC_H08_20200926_0000_L2ARP030_FLDK.02401_02401.nc
2025-12-28 23:55:14,835 - INFO - Cropped NC_H08_20200926_0000_L2ARP030_FLDK.02401_02401.nc to Malaysia Domain.
2025-12-28 23:55:28,398 - INFO - Downloaded: NC_H08_20200926_0100_L2ARP030_FLDK.02401_02401.nc
2025-12-28 23:55:28,479 - INFO - Cropped NC_H08_20200926_0100_L2ARP030_FLDK.02401_02401.nc to Malaysia Domain.
2025-12-28 23:55:33,344 - INFO - Downloaded: NC_H08_20200926_0200_L2ARP030_FLDK.02401_02401.nc
2025-12-28 23:55:33,455 - INFO - Cropped NC_H08_20200926_0200_L2ARP030_FLDK.02401_02401.nc to Malaysia Domain.
2025-12-28 23:56:15,110 - INFO - Downloaded: NC_H08_20200926_0300_L2ARP030_FLDK.02401_02401.nc
2025-12-28 23:56:15,186 - INFO - Cropped NC_H08_20200926_0300_L2ARP030_FLDK.02401_02401.nc to Malaysia Domain.
2025-12-28 23:56:25,704 - INFO - Downloaded: NC_H08_20200926_0400_L2ARP030_FLDK.02401_02401.nc
2025-12-28 23:56:25,777 - INFO - Cropped NC_H08_20200926_0400_L2ARP030_FLDK.02401_02401.nc to Malaysia Domain.
2025-12-28 23:56:32,904 - INFO - Downloaded: NC_H08_20200926_0500_L2ARP030_FLDK.02401_02401.nc
2025-12-28 23:56:32,976 - INFO - Cropped NC_H08_20200926_0500_L2ARP030_FLDK.02401_02401.nc to Malaysia Domain.
2025-12-28 23:56:38,126 - INFO - Downloaded: NC_H08_20200926_0600_L2ARP030_FLDK.02401_02401.nc
2025-12-28 23:56:38,197 - INFO - Cropped NC_H08_20200926_0600_L2ARP030_FLDK.02401_02401.nc to Malaysia Domain.
2025-12-28 23:56:42,621 - INFO - Downloaded: NC_H08_20200926_0700_L2ARP030_FLDK.02401_02401.nc
2025-12-28 23:56:42,693 - INFO - Cropped NC_H08_20200926_0700_L2ARP030_FLDK.02401_02401.nc to Malaysia Domain.
2025-12-28 23:56:55,108 - INFO - Downloaded: NC_H08_20200926_0800_L2ARP030_FLDK.02401_02401.nc
2025-12-28 23:56:55,173 - INFO - Cropped NC_H08_20200926_0800_L2ARP030_FLDK.02401_02401.nc to Malaysia Domain.
2025-12-28 23:56:59,838 - INFO - Downloaded: NC_H08_20200926_0900_L2ARP030_FLDK.02401_02401.nc
2025-12-28 23:56:59,899 - INFO - Cropped NC_H08_20200926_0900_L2ARP030_FLDK.02401_02401.nc to Malaysia Domain.
2025-12-28 23:57:07,373 - INFO - Downloaded: NC_H08_20200927_0000_L2ARP030_FLDK.02401_02401.nc
2025-12-28 23:57:07,448 - INFO - Cropped NC_H08_20200927_0000_L2ARP030_FLDK.02401_02401.nc to Malaysia Domain.
2025-12-28 23:57:17,826 - INFO - Downloaded: NC_H08_20200927_0100_L2ARP030_FLDK.02401_02401.nc
2025-12-28 23:57:17,903 - INFO - Cropped NC_H08_20200927_0100_L2ARP030_FLDK.02401_02401.nc to Malaysia Domain.
2025-12-28 23:57:27,790 - INFO - Downloaded: NC_H08_20200927_0200_L2ARP030_FLDK.02401_02401.nc
2025-12-28 23:57:27,865 - INFO - Cropped NC_H08_20200927_0200_L2ARP030_FLDK.02401_02401.nc to Malaysia Domain.
2025-12-28 23:58:18,405 - INFO - Downloaded: NC_H08_20200927_0300_L2ARP030_FLDK.02401_02401.nc
2025-12-28 23:58:18,481 - INFO - Cropped NC_H08_20200927_0300_L2ARP030_FLDK.02401_02401.nc to Malaysia Domain.
2025-12-28 23:58:30,544 - INFO - Downloaded: NC_H08_20200927_0400_L2ARP030_FLDK.02401_02401.nc
2025-12-28 23:58:30,617 - INFO - Cropped NC_H08_20200927_0400_L2ARP030_FLDK.02401_02401.nc to Malaysia Domain.
2025-12-28 23:58:37,518 - INFO - Downloaded: NC_H08_20200927_0500_L2ARP030_FLDK.02401_02401.nc
2025-12-28 23:58:37,591 - INFO - Cropped NC_H08_20200927_0500_L2ARP030_FLDK.02401_02401.nc to Malaysia Domain.
2025-12-28 23:59:10,476 - INFO - Downloaded: NC_H08_20200927_0600_L2ARP030_FLDK.02401_02401.nc
2025-12-28 23:59:10,547 - INFO - Cropped NC_H08_20200927_0600_L2ARP030_FLDK.02401_02401.nc to Malaysia Domain.
2025-12-28 23:59:19,087 - INFO - Downloaded: NC_H08_20200927_0700_L2ARP030_FLDK.02401_02401.nc
2025-12-28 23:59:19,157 - INFO - Cropped NC_H08_20200927_0700_L2ARP030_FLDK.02401_02401.nc to Malaysia Domain.
2025-12-28 23:59:24,715 - INFO - Downloaded: NC_H08_20200927_0800_L2ARP030_FLDK.02401_02401.nc
2025-12-28 23:59:24,778 - INFO - Cropped NC_H08_20200927_0800_L2ARP030_FLDK.02401_02401.nc to Malaysia Domain.
2025-12-28 23:59:28,846 - INFO - Downloaded: NC_H08_20200927_0900_L2ARP030_FLDK.02401_02401.nc
2025-12-28 23:59:28,906 - INFO - Cropped NC_H08_20200927_0900_L2ARP030_FLDK.02401_02401.nc to Malaysia Domain.
2025-12-29 00:00:03,212 - INFO - Downloaded: NC_H08_20200928_0000_L2ARP030_FLDK.02401_02401.nc
2025-12-29 00:00:03,288 - INFO - Cropped NC_H08_20200928_0000_L2ARP030_FLDK.02401_02401.nc to Malaysia Domain.
2025-12-29 00:00:47,794 - INFO - Downloaded: NC_H08_20200928_0100_L2ARP030_FLDK.02401_02401.nc
2025-12-29 00:00:47,865 - INFO - Cropped NC_H08_20200928_0100_L2ARP030_FLDK.02401_02401.nc to Malaysia Domain.
2025-12-29 00:00:58,787 - INFO - Downloaded: NC_H08_20200928_0200_L2ARP030_FLDK.02401_02401.nc
2025-12-29 00:00:58,856 - INFO - Cropped NC_H08_20200928_0200_L2ARP030_FLDK.02401_02401.nc to Malaysia Domain.
2025-12-29 00:01:05,992 - INFO - Downloaded: NC_H08_20200928_0300_L2ARP030_FLDK.02401_02401.nc
2025-12-29 00:01:06,065 - INFO - Cropped NC_H08_20200928_0300_L2ARP030_FLDK.02401_02401.nc to Malaysia Domain.
2025-12-29 00:01:14,233 - INFO - Downloaded: NC_H08_20200928_0400_L2ARP030_FLDK.02401_02401.nc
2025-12-29 00:01:14,303 - INFO - Cropped NC_H08_20200928_0400_L2ARP030_FLDK.02401_02401.nc to Malaysia Domain.
2025-12-29 00:01:21,243 - INFO - Downloaded: NC_H08_20200928_0500_L2ARP030_FLDK.02401_02401.nc
2025-12-29 00:01:21,319 - INFO - Cropped NC_H08_20200928_0500_L2ARP030_FLDK.02401_02401.nc to Malaysia Domain.
2025-12-29 00:01:24,992 - INFO - Downloaded: NC_H08_20200928_0600_L2ARP030_FLDK.02401_02401.nc
2025-12-29 00:01:25,058 - INFO - Cropped NC_H08_20200928_0600_L2ARP030_FLDK.02401_02401.nc to Malaysia Domain.
2025-12-29 00:01:28,287 - INFO - Downloaded: NC_H08_20200928_0700_L2ARP030_FLDK.02401_02401.nc
2025-12-29 00:01:28,355 - INFO - Cropped NC_H08_20200928_0700_L2ARP030_FLDK.02401_02401.nc to Malaysia Domain.
2025-12-29 00:01:31,085 - INFO - Downloaded: NC_H08_20200928_0800_L2ARP030_FLDK.02401_02401.nc
2025-12-29 00:01:31,149 - INFO - Cropped NC_H08_20200928_0800_L2ARP030_FLDK.02401_02401.nc to Malaysia Domain.
2025-12-29 00:01:33,542 - INFO - Downloaded: NC_H08_20200928_0900_L2ARP030_FLDK.02401_02401.nc
2025-12-29 00:01:33,602 - INFO - Cropped NC_H08_20200928_0900_L2ARP030_FLDK.02401_02401.nc to Malaysia Domain.
2025-12-29 00:01:59,602 - INFO - Downloaded: NC_H08_20200929_0000_L2ARP030_FLDK.02401_02401.nc
2025-12-29 00:01:59,675 - INFO - Cropped NC_H08_20200929_0000_L2ARP030_FLDK.02401_02401.nc to Malaysia Domain.
2025-12-29 00:02:09,832 - INFO - Downloaded: NC_H08_20200929_0100_L2ARP030_FLDK.02401_02401.nc
2025-12-29 00:02:09,911 - INFO - Cropped NC_H08_20200929_0100_L2ARP030_FLDK.02401_02401.nc to Malaysia Domain.
2025-12-29 00:02:13,619 - INFO - Downloaded: NC_H08_20200929_0200_L2ARP030_FLDK.02401_02401.nc
2025-12-29 00:02:13,699 - INFO - Cropped NC_H08_20200929_0200_L2ARP030_FLDK.02401_02401.nc to Malaysia Domain.
2025-12-29 00:02:17,514 - INFO - Downloaded: NC_H08_20200929_0300_L2ARP030_FLDK.02401_02401.nc
2025-12-29 00:02:17,596 - INFO - Cropped NC_H08_20200929_0300_L2ARP030_FLDK.02401_02401.nc to Malaysia Domain.
2025-12-29 00:02:20,359 - INFO - Downloaded: NC_H08_20200929_0400_L2ARP030_FLDK.02401_02401.nc
2025-12-29 00:02:20,435 - INFO - Cropped NC_H08_20200929_0400_L2ARP030_FLDK.02401_02401.nc to Malaysia Domain.
2025-12-29 00:02:23,510 - INFO - Downloaded: NC_H08_20200929_0500_L2ARP030_FLDK.02401_02401.nc
2025-12-29 00:02:23,589 - INFO - Cropped NC_H08_20200929_0500_L2ARP030_FLDK.02401_02401.nc to Malaysia Domain.
2025-12-29 00:02:26,608 - INFO - Downloaded: NC_H08_20200929_0600_L2ARP030_FLDK.02401_02401.nc
2025-12-29 00:02:26,679 - INFO - Cropped NC_H08_20200929_0600_L2ARP030_FLDK.02401_02401.nc to Malaysia Domain.
2025-12-29 00:02:29,890 - INFO - Downloaded: NC_H08_20200929_0700_L2ARP030_FLDK.02401_02401.nc
2025-12-29 00:02:29,962 - INFO - Cropped NC_H08_20200929_0700_L2ARP030_FLDK.02401_02401.nc to Malaysia Domain.
2025-12-29 00:02:32,255 - INFO - Downloaded: NC_H08_20200929_0800_L2ARP030_FLDK.02401_02401.nc
2025-12-29 00:02:32,321 - INFO - Cropped NC_H08_20200929_0800_L2ARP030_FLDK.02401_02401.nc to Malaysia Domain.
2025-12-29 00:02:34,555 - INFO - Downloaded: NC_H08_20200929_0900_L2ARP030_FLDK.02401_02401.nc
2025-12-29 00:02:34,621 - INFO - Cropped NC_H08_20200929_0900_L2ARP030_FLDK.02401_02401.nc to Malaysia Domain.
2025-12-29 00:02:58,587 - INFO - Downloaded: NC_H08_20200930_0000_L2ARP030_FLDK.02401_02401.nc
2025-12-29 00:02:58,678 - INFO - Cropped NC_H08_20200930_0000_L2ARP030_FLDK.02401_02401.nc to Malaysia Domain.
2025-12-29 00:03:05,573 - INFO - Downloaded: NC_H08_20200930_0100_L2ARP030_FLDK.02401_02401.nc
2025-12-29 00:03:05,677 - INFO - Cropped NC_H08_20200930_0100_L2ARP030_FLDK.02401_02401.nc to Malaysia Domain.
2025-12-29 00:03:12,109 - INFO - Downloaded: NC_H08_20200930_0200_L2ARP030_FLDK.02401_02401.nc
2025-12-29 00:03:12,215 - INFO - Cropped NC_H08_20200930_0200_L2ARP030_FLDK.02401_02401.nc to Malaysia Domain.
2025-12-29 00:03:16,365 - INFO - Downloaded: NC_H08_20200930_0300_L2ARP030_FLDK.02401_02401.nc
2025-12-29 00:03:16,469 - INFO - Cropped NC_H08_20200930_0300_L2ARP030_FLDK.02401_02401.nc to Malaysia Domain.
2025-12-29 00:03:20,617 - INFO - Downloaded: NC_H08_20200930_0400_L2ARP030_FLDK.02401_02401.nc
2025-12-29 00:03:20,712 - INFO - Cropped NC_H08_20200930_0400_L2ARP030_FLDK.02401_02401.nc to Malaysia Domain.
2025-12-29 00:03:24,418 - INFO - Downloaded: NC_H08_20200930_0500_L2ARP030_FLDK.02401_02401.nc
2025-12-29 00:03:24,497 - INFO - Cropped NC_H08_20200930_0500_L2ARP030_FLDK.02401_02401.nc to Malaysia Domain.
2025-12-29 00:03:27,158 - INFO - Downloaded: NC_H08_20200930_0600_L2ARP030_FLDK.02401_02401.nc
2025-12-29 00:03:27,236 - INFO - Cropped NC_H08_20200930_0600_L2ARP030_FLDK.02401_02401.nc to Malaysia Domain.
2025-12-29 00:03:50,298 - INFO - Downloaded: NC_H08_20200930_0700_L2ARP030_FLDK.02401_02401.nc
2025-12-29 00:03:50,376 - INFO - Cropped NC_H08_20200930_0700_L2ARP030_FLDK.02401_02401.nc to Malaysia Domain.
2025-12-29 00:03:58,383 - INFO - Downloaded: NC_H08_20200930_0800_L2ARP030_FLDK.02401_02401.nc
2025-12-29 00:03:58,455 - INFO - Cropped NC_H08_20200930_0800_L2ARP030_FLDK.02401_02401.nc to Malaysia Domain.
2025-12-29 00:04:04,011 - INFO - Downloaded: NC_H08_20200930_0900_L2ARP030_FLDK.02401_02401.nc
2025-12-29 00:04:04,082 - INFO - Cropped NC_H08_20200930_0900_L2ARP030_FLDK.02401_02401.nc to Malaysia Domain.
2025-12-29 00:04:14,632 - INFO - Downloaded: NC_H08_20201001_0000_L2ARP030_FLDK.02401_02401.nc
2025-12-29 00:04:14,716 - INFO - Cropped NC_H08_20201001_0000_L2ARP030_FLDK.02401_02401.nc to Malaysia Domain.
2025-12-29 00:04:23,003 - INFO - Downloaded: NC_H08_20201001_0100_L2ARP030_FLDK.02401_02401.nc
2025-12-29 00:04:23,097 - INFO - Cropped NC_H08_20201001_0100_L2ARP030_FLDK.02401_02401.nc to Malaysia Domain.
2025-12-29 00:05:01,445 - INFO - Downloaded: NC_H08_20201001_0200_L2ARP030_FLDK.02401_02401.nc
2025-12-29 00:05:01,540 - INFO - Cropped NC_H08_20201001_0200_L2ARP030_FLDK.02401_02401.nc to Malaysia Domain.
2025-12-29 00:05:08,409 - INFO - Downloaded: NC_H08_20201001_0300_L2ARP030_FLDK.02401_02401.nc
2025-12-29 00:05:08,506 - INFO - Cropped NC_H08_20201001_0300_L2ARP030_FLDK.02401_02401.nc to Malaysia Domain.
2025-12-29 00:05:12,846 - INFO - Downloaded: NC_H08_20201001_0400_L2ARP030_FLDK.02401_02401.nc
2025-12-29 00:05:12,932 - INFO - Cropped NC_H08_20201001_0400_L2ARP030_FLDK.02401_02401.nc to Malaysia Domain.
2025-12-29 00:05:16,310 - INFO - Downloaded: NC_H08_20201001_0500_L2ARP030_FLDK.02401_02401.nc
2025-12-29 00:05:16,389 - INFO - Cropped NC_H08_20201001_0500_L2ARP030_FLDK.02401_02401.nc to Malaysia Domain.
2025-12-29 00:05:19,997 - INFO - Downloaded: NC_H08_20201001_0600_L2ARP030_FLDK.02401_02401.nc
2025-12-29 00:05:20,071 - INFO - Cropped NC_H08_20201001_0600_L2ARP030_FLDK.02401_02401.nc to Malaysia Domain.
2025-12-29 00:05:45,544 - INFO - Downloaded: NC_H08_20201001_0700_L2ARP030_FLDK.02401_02401.nc
2025-12-29 00:05:45,622 - INFO - Cropped NC_H08_20201001_0700_L2ARP030_FLDK.02401_02401.nc to Malaysia Domain.
2025-12-29 00:06:03,231 - INFO - Downloaded: NC_H08_20201001_0800_L2ARP030_FLDK.02401_02401.nc
2025-12-29 00:06:03,300 - INFO - Cropped NC_H08_20201001_0800_L2ARP030_FLDK.02401_02401.nc to Malaysia Domain.
2025-12-29 00:06:07,846 - INFO - Downloaded: NC_H08_20201001_0900_L2ARP030_FLDK.02401_02401.nc
2025-12-29 00:06:07,916 - INFO - Cropped NC_H08_20201001_0900_L2ARP030_FLDK.02401_02401.nc to Malaysia Domain.
2025-12-29 00:06:12,730 - INFO - Downloaded: NC_H08_20201002_0000_L2ARP030_FLDK.02401_02401.nc
2025-12-29 00:06:12,805 - INFO - Cropped NC_H08_20201002_0000_L2ARP030_FLDK.02401_02401.nc to Malaysia Domain.
2025-12-29 00:06:15,978 - INFO - Downloaded: NC_H08_20201002_0100_L2ARP030_FLDK.02401_02401.nc
2025-12-29 00:06:16,053 - INFO - Cropped NC_H08_20201002_0100_L2ARP030_FLDK.02401_02401.nc to Malaysia Domain.
2025-12-29 00:06:55,390 - INFO - Downloaded: NC_H08_20201002_0200_L2ARP030_FLDK.02401_02401.nc
2025-12-29 00:06:55,463 - INFO - Cropped NC_H08_20201002_0200_L2ARP030_FLDK.02401_02401.nc to Malaysia Domain.
2025-12-29 00:07:41,838 - INFO - Downloaded: NC_H08_20201002_0300_L2ARP030_FLDK.02401_02401.nc
2025-12-29 00:07:41,910 - INFO - Cropped NC_H08_20201002_0300_L2ARP030_FLDK.02401_02401.nc to Malaysia Domain.
2025-12-29 00:07:54,924 - INFO - Downloaded: NC_H08_20201002_0400_L2ARP030_FLDK.02401_02401.nc
2025-12-29 00:07:54,997 - INFO - Cropped NC_H08_20201002_0400_L2ARP030_FLDK.02401_02401.nc to Malaysia Domain.
2025-12-29 00:08:32,602 - INFO - Downloaded: NC_H08_20201002_0500_L2ARP030_FLDK.02401_02401.nc
2025-12-29 00:08:32,672 - INFO - Cropped NC_H08_20201002_0500_L2ARP030_FLDK.02401_02401.nc to Malaysia Domain.
2025-12-29 00:08:42,031 - INFO - Downloaded: NC_H08_20201002_0600_L2ARP030_FLDK.02401_02401.nc
2025-12-29 00:08:42,103 - INFO - Cropped NC_H08_20201002_0600_L2ARP030_FLDK.02401_02401.nc to Malaysia Domain.
2025-12-29 00:08:45,380 - INFO - Downloaded: NC_H08_20201002_0700_L2ARP030_FLDK.02401_02401.nc
2025-12-29 00:08:45,450 - INFO - Cropped NC_H08_20201002_0700_L2ARP030_FLDK.02401_02401.nc to Malaysia Domain.
2025-12-29 00:08:48,544 - INFO - Downloaded: NC_H08_20201002_0800_L2ARP030_FLDK.02401_02401.nc
2025-12-29 00:08:48,611 - INFO - Cropped NC_H08_20201002_0800_L2ARP030_FLDK.02401_02401.nc to Malaysia Domain.
2025-12-29 00:08:50,756 - INFO - Downloaded: NC_H08_20201002_0900_L2ARP030_FLDK.02401_02401.nc
2025-12-29 00:08:50,820 - INFO - Cropped NC_H08_20201002_0900_L2ARP030_FLDK.02401_02401.nc to Malaysia Domain.
2025-12-29 00:09:36,859 - INFO - Downloaded: NC_H08_20201003_0000_L2ARP030_FLDK.02401_02401.nc
2025-12-29 00:09:36,932 - INFO - Cropped NC_H08_20201003_0000_L2ARP030_FLDK.02401_02401.nc to Malaysia Domain.
2025-12-29 00:09:47,283 - INFO - Downloaded: NC_H08_20201003_0100_L2ARP030_FLDK.02401_02401.nc
2025-12-29 00:09:47,356 - INFO - Cropped NC_H08_20201003_0100_L2ARP030_FLDK.02401_02401.nc to Malaysia Domain.
2025-12-29 00:10:35,742 - INFO - Downloaded: NC_H08_20201003_0200_L2ARP030_FLDK.02401_02401.nc
2025-12-29 00:10:35,816 - INFO - Cropped NC_H08_20201003_0200_L2ARP030_FLDK.02401_02401.nc to Malaysia Domain.
2025-12-29 00:10:46,048 - INFO - Downloaded: NC_H08_20201003_0300_L2ARP030_FLDK.02401_02401.nc
2025-12-29 00:10:46,124 - INFO - Cropped NC_H08_20201003_0300_L2ARP030_FLDK.02401_02401.nc to Malaysia Domain.
2025-12-29 00:10:52,343 - INFO - Downloaded: NC_H08_20201003_0400_L2ARP030_FLDK.02401_02401.nc
2025-12-29 00:10:52,415 - INFO - Cropped NC_H08_20201003_0400_L2ARP030_FLDK.02401_02401.nc to Malaysia Domain.
2025-12-29 00:10:55,800 - INFO - Downloaded: NC_H08_20201003_0500_L2ARP030_FLDK.02401_02401.nc
2025-12-29 00:10:55,868 - INFO - Cropped NC_H08_20201003_0500_L2ARP030_FLDK.02401_02401.nc to Malaysia Domain.
2025-12-29 00:10:59,494 - INFO - Downloaded: NC_H08_20201003_0600_L2ARP030_FLDK.02401_02401.nc
2025-12-29 00:10:59,565 - INFO - Cropped NC_H08_20201003_0600_L2ARP030_FLDK.02401_02401.nc to Malaysia Domain.
2025-12-29 00:11:03,194 - INFO - Downloaded: NC_H08_20201003_0700_L2ARP030_FLDK.02401_02401.nc
2025-12-29 00:11:03,263 - INFO - Cropped NC_H08_20201003_0700_L2ARP030_FLDK.02401_02401.nc to Malaysia Domain.
2025-12-29 00:11:06,393 - INFO - Downloaded: NC_H08_20201003_0800_L2ARP030_FLDK.02401_02401.nc
2025-12-29 00:11:06,457 - INFO - Cropped NC_H08_20201003_0800_L2ARP030_FLDK.02401_02401.nc to Malaysia Domain.
2025-12-29 00:11:09,335 - INFO - Downloaded: NC_H08_20201003_0900_L2ARP030_FLDK.02401_02401.nc
2025-12-29 00:11:09,396 - INFO - Cropped NC_H08_20201003_0900_L2ARP030_FLDK.02401_02401.nc to Malaysia Domain.
2025-12-29 00:11:49,440 - INFO - Downloaded: NC_H08_20201004_0000_L2ARP030_FLDK.02401_02401.nc
2025-12-29 00:11:49,512 - INFO - Cropped NC_H08_20201004_0000_L2ARP030_FLDK.02401_02401.nc to Malaysia Domain.
2025-12-29 00:11:56,091 - INFO - Downloaded: NC_H08_20201004_0100_L2ARP030_FLDK.02401_02401.nc
2025-12-29 00:11:56,166 - INFO - Cropped NC_H08_20201004_0100_L2ARP030_FLDK.02401_02401.nc to Malaysia Domain.
2025-12-29 00:12:36,328 - INFO - Downloaded: NC_H08_20201004_0200_L2ARP030_FLDK.02401_02401.nc
2025-12-29 00:12:36,403 - INFO - Cropped NC_H08_20201004_0200_L2ARP030_FLDK.02401_02401.nc to Malaysia Domain.
2025-12-29 00:12:46,768 - INFO - Downloaded: NC_H08_20201004_0300_L2ARP030_FLDK.02401_02401.nc
2025-12-29 00:12:46,840 - INFO - Cropped NC_H08_20201004_0300_L2ARP030_FLDK.02401_02401.nc to Malaysia Domain.
2025-12-29 00:12:51,428 - INFO - Downloaded: NC_H08_20201004_0400_L2ARP030_FLDK.02401_02401.nc
2025-12-29 00:12:51,498 - INFO - Cropped NC_H08_20201004_0400_L2ARP030_FLDK.02401_02401.nc to Malaysia Domain.
2025-12-29 00:13:21,236 - INFO - Downloaded: NC_H08_20201004_0500_L2ARP030_FLDK.02401_02401.nc
2025-12-29 00:13:21,312 - INFO - Cropped NC_H08_20201004_0500_L2ARP030_FLDK.02401_02401.nc to Malaysia Domain.
2025-12-29 00:13:27,103 - INFO - Downloaded: NC_H08_20201004_0600_L2ARP030_FLDK.02401_02401.nc
2025-12-29 00:13:27,171 - INFO - Cropped NC_H08_20201004_0600_L2ARP030_FLDK.02401_02401.nc to Malaysia Domain.
2025-12-29 00:13:31,004 - INFO - Downloaded: NC_H08_20201004_0700_L2ARP030_FLDK.02401_02401.nc
2025-12-29 00:13:31,074 - INFO - Cropped NC_H08_20201004_0700_L2ARP030_FLDK.02401_02401.nc to Malaysia Domain.
2025-12-29 00:13:34,471 - INFO - Downloaded: NC_H08_20201004_0800_L2ARP030_FLDK.02401_02401.nc
2025-12-29 00:13:34,534 - INFO - Cropped NC_H08_20201004_0800_L2ARP030_FLDK.02401_02401.nc to Malaysia Domain.
2025-12-29 00:13:37,721 - INFO - Downloaded: NC_H08_20201004_0900_L2ARP030_FLDK.02401_02401.nc
2025-12-29 00:13:37,782 - INFO - Cropped NC_H08_20201004_0900_L2ARP030_FLDK.02401_02401.nc to Malaysia Domain.
2025-12-29 00:13:41,655 - INFO - Downloaded: NC_H08_20201005_0000_L2ARP030_FLDK.02401_02401.nc
2025-12-29 00:13:41,723 - INFO - Cropped NC_H08_20201005_0000_L2ARP030_FLDK.02401_02401.nc to Malaysia Domain.
2025-12-29 00:13:46,010 - INFO - Downloaded: NC_H08_20201005_0100_L2ARP030_FLDK.02401_02401.nc
2025-12-29 00:13:46,087 - INFO - Cropped NC_H08_20201005_0100_L2ARP030_FLDK.02401_02401.nc to Malaysia Domain.
2025-12-29 00:14:12,084 - INFO - Downloaded: NC_H08_20201005_0200_L2ARP030_FLDK.02401_02401.nc
2025-12-29 00:14:12,159 - INFO - Cropped NC_H08_20201005_0200_L2ARP030_FLDK.02401_02401.nc to Malaysia Domain.
2025-12-29 00:14:22,435 - INFO - Downloaded: NC_H08_20201005_0300_L2ARP030_FLDK.02401_02401.nc
2025-12-29 00:14:22,513 - INFO - Cropped NC_H08_20201005_0300_L2ARP030_FLDK.02401_02401.nc to Malaysia Domain.
2025-12-29 00:14:55,363 - INFO - Downloaded: NC_H08_20201005_0400_L2ARP030_FLDK.02401_02401.nc
2025-12-29 00:14:55,443 - INFO - Cropped NC_H08_20201005_0400_L2ARP030_FLDK.02401_02401.nc to Malaysia Domain.
2025-12-29 00:15:01,713 - INFO - Downloaded: NC_H08_20201005_0500_L2ARP030_FLDK.02401_02401.nc
2025-12-29 00:15:01,788 - INFO - Cropped NC_H08_20201005_0500_L2ARP030_FLDK.02401_02401.nc to Malaysia Domain.
2025-12-29 00:15:04,838 - INFO - Downloaded: NC_H08_20201005_0600_L2ARP030_FLDK.02401_02401.nc
2025-12-29 00:15:04,910 - INFO - Cropped NC_H08_20201005_0600_L2ARP030_FLDK.02401_02401.nc to Malaysia Domain.
2025-12-29 00:15:07,235 - INFO - Downloaded: NC_H08_20201005_0700_L2ARP030_FLDK.02401_02401.nc
2025-12-29 00:15:07,305 - INFO - Cropped NC_H08_20201005_0700_L2ARP030_FLDK.02401_02401.nc to Malaysia Domain.
2025-12-29 00:15:26,843 - INFO - Downloaded: NC_H08_20201005_0800_L2ARP030_FLDK.02401_02401.nc
2025-12-29 00:15:26,908 - INFO - Cropped NC_H08_20201005_0800_L2ARP030_FLDK.02401_02401.nc to Malaysia Domain.
2025-12-29 00:15:40,039 - INFO - Downloaded: NC_H08_20201005_0900_L2ARP030_FLDK.02401_02401.nc
2025-12-29 00:15:40,102 - INFO - Cropped NC_H08_20201005_0900_L2ARP030_FLDK.02401_02401.nc to Malaysia Domain.
2025-12-29 00:15:46,416 - INFO - Downloaded: NC_H08_20201006_0000_L2ARP030_FLDK.02401_02401.nc
2025-12-29 00:15:46,482 - INFO - Cropped NC_H08_20201006_0000_L2ARP030_FLDK.02401_02401.nc to Malaysia Domain.
2025-12-29 00:15:50,119 - INFO - Downloaded: NC_H08_20201006_0100_L2ARP030_FLDK.02401_02401.nc
2025-12-29 00:15:50,192 - INFO - Cropped NC_H08_20201006_0100_L2ARP030_FLDK.02401_02401.nc to Malaysia Domain.
2025-12-29 00:15:54,771 - INFO - Downloaded: NC_H08_20201006_0200_L2ARP030_FLDK.02401_02401.nc
2025-12-29 00:15:54,847 - INFO - Cropped NC_H08_20201006_0200_L2ARP030_FLDK.02401_02401.nc to Malaysia Domain.
2025-12-29 00:15:58,810 - INFO - Downloaded: NC_H08_20201006_0300_L2ARP030_FLDK.02401_02401.nc
2025-12-29 00:15:58,888 - INFO - Cropped NC_H08_20201006_0300_L2ARP030_FLDK.02401_02401.nc to Malaysia Domain.
2025-12-29 00:16:03,677 - INFO - Downloaded: NC_H08_20201006_0400_L2ARP030_FLDK.02401_02401.nc
2025-12-29 00:16:03,752 - INFO - Cropped NC_H08_20201006_0400_L2ARP030_FLDK.02401_02401.nc to Malaysia Domain.
2025-12-29 00:16:06,957 - INFO - Downloaded: NC_H08_20201006_0500_L2ARP030_FLDK.02401_02401.nc
2025-12-29 00:16:07,029 - INFO - Cropped NC_H08_20201006_0500_L2ARP030_FLDK.02401_02401.nc to Malaysia Domain.
2025-12-29 00:16:10,742 - INFO - Downloaded: NC_H08_20201006_0600_L2ARP030_FLDK.02401_02401.nc
2025-12-29 00:16:10,813 - INFO - Cropped NC_H08_20201006_0600_L2ARP030_FLDK.02401_02401.nc to Malaysia Domain.
2025-12-29 00:16:13,564 - INFO - Downloaded: NC_H08_20201006_0700_L2ARP030_FLDK.02401_02401.nc
2025-12-29 00:16:13,633 - INFO - Cropped NC_H08_20201006_0700_L2ARP030_FLDK.02401_02401.nc to Malaysia Domain.
2025-12-29 00:16:16,457 - INFO - Downloaded: NC_H08_20201006_0800_L2ARP030_FLDK.02401_02401.nc
2025-12-29 00:16:16,520 - INFO - Cropped NC_H08_20201006_0800_L2ARP030_FLDK.02401_02401.nc to Malaysia Domain.
2025-12-29 00:16:23,405 - INFO - Downloaded: NC_H08_20201006_0900_L2ARP030_FLDK.02401_02401.nc
2025-12-29 00:16:23,466 - INFO - Cropped NC_H08_20201006_0900_L2ARP030_FLDK.02401_02401.nc to Malaysia Domain.
2025-12-29 00:16:33,312 - INFO - Downloaded: NC_H08_20201007_0000_L2ARP030_FLDK.02401_02401.nc
2025-12-29 00:16:33,381 - INFO - Cropped NC_H08_20201007_0000_L2ARP030_FLDK.02401_02401.nc to Malaysia Domain.
2025-12-29 00:17:08,449 - INFO - Downloaded: NC_H08_20201007_0100_L2ARP030_FLDK.02401_02401.nc
2025-12-29 00:17:08,523 - INFO - Cropped NC_H08_20201007_0100_L2ARP030_FLDK.02401_02401.nc to Malaysia Domain.
2025-12-29 00:17:15,027 - INFO - Downloaded: NC_H08_20201007_0200_L2ARP030_FLDK.02401_02401.nc
2025-12-29 00:17:15,108 - INFO - Cropped NC_H08_20201007_0200_L2ARP030_FLDK.02401_02401.nc to Malaysia Domain.
2025-12-29 00:17:48,551 - INFO - Downloaded: NC_H08_20201007_0300_L2ARP030_FLDK.02401_02401.nc
2025-12-29 00:17:48,628 - INFO - Cropped NC_H08_20201007_0300_L2ARP030_FLDK.02401_02401.nc to Malaysia Domain.
2025-12-29 00:17:58,630 - INFO - Downloaded: NC_H08_20201007_0400_L2ARP030_FLDK.02401_02401.nc
2025-12-29 00:17:58,703 - INFO - Cropped NC_H08_20201007_0400_L2ARP030_FLDK.02401_02401.nc to Malaysia Domain.
2025-12-29 00:18:04,610 - INFO - Downloaded: NC_H08_20201007_0500_L2ARP030_FLDK.02401_02401.nc
2025-12-29 00:18:04,681 - INFO - Cropped NC_H08_20201007_0500_L2ARP030_FLDK.02401_02401.nc to Malaysia Domain.
2025-12-29 00:18:07,911 - INFO - Downloaded: NC_H08_20201007_0600_L2ARP030_FLDK.02401_02401.nc
2025-12-29 00:18:07,981 - INFO - Cropped NC_H08_20201007_0600_L2ARP030_FLDK.02401_02401.nc to Malaysia Domain.
2025-12-29 00:18:11,130 - INFO - Downloaded: NC_H08_20201007_0700_L2ARP030_FLDK.02401_02401.nc
2025-12-29 00:18:11,198 - INFO - Cropped NC_H08_20201007_0700_L2ARP030_FLDK.02401_02401.nc to Malaysia Domain.
2025-12-29 00:18:13,893 - INFO - Downloaded: NC_H08_20201007_0800_L2ARP030_FLDK.02401_02401.nc
2025-12-29 00:18:13,957 - INFO - Cropped NC_H08_20201007_0800_L2ARP030_FLDK.02401_02401.nc to Malaysia Domain.
2025-12-29 00:18:16,314 - INFO - Downloaded: NC_H08_20201007_0900_L2ARP030_FLDK.02401_02401.nc
2025-12-29 00:18:16,376 - INFO - Cropped NC_H08_20201007_0900_L2ARP030_FLDK.02401_02401.nc to Malaysia Domain.
2025-12-29 00:18:19,600 - INFO - Downloaded: NC_H08_20201008_0000_L2ARP030_FLDK.02401_02401.nc
2025-12-29 00:18:19,667 - INFO - Cropped NC_H08_20201008_0000_L2ARP030_FLDK.02401_02401.nc to Malaysia Domain.
2025-12-29 00:18:24,564 - INFO - Downloaded: NC_H08_20201008_0100_L2ARP030_FLDK.02401_02401.nc
2025-12-29 00:18:24,635 - INFO - Cropped NC_H08_20201008_0100_L2ARP030_FLDK.02401_02401.nc to Malaysia Domain.
2025-12-29 00:18:29,028 - INFO - Downloaded: NC_H08_20201008_0200_L2ARP030_FLDK.02401_02401.nc
2025-12-29 00:18:29,101 - INFO - Cropped NC_H08_20201008_0200_L2ARP030_FLDK.02401_02401.nc to Malaysia Domain.
2025-12-29 00:18:34,311 - INFO - Downloaded: NC_H08_20201008_0300_L2ARP030_FLDK.02401_02401.nc
2025-12-29 00:18:34,385 - INFO - Cropped NC_H08_20201008_0300_L2ARP030_FLDK.02401_02401.nc to Malaysia Domain.
2025-12-29 00:19:21,385 - INFO - Downloaded: NC_H08_20201008_0400_L2ARP030_FLDK.02401_02401.nc
2025-12-29 00:19:21,456 - INFO - Cropped NC_H08_20201008_0400_L2ARP030_FLDK.02401_02401.nc to Malaysia Domain.
2025-12-29 00:19:31,347 - INFO - Downloaded: NC_H08_20201008_0500_L2ARP030_FLDK.02401_02401.nc
2025-12-29 00:19:31,418 - INFO - Cropped NC_H08_20201008_0500_L2ARP030_FLDK.02401_02401.nc to Malaysia Domain.
2025-12-29 00:20:09,439 - INFO - Downloaded: NC_H08_20201008_0600_L2ARP030_FLDK.02401_02401.nc
2025-12-29 00:20:09,508 - INFO - Cropped NC_H08_20201008_0600_L2ARP030_FLDK.02401_02401.nc to Malaysia Domain.
2025-12-29 00:20:15,059 - INFO - Downloaded: NC_H08_20201008_0700_L2ARP030_FLDK.02401_02401.nc
2025-12-29 00:20:15,125 - INFO - Cropped NC_H08_20201008_0700_L2ARP030_FLDK.02401_02401.nc to Malaysia Domain.
2025-12-29 00:20:18,906 - INFO - Downloaded: NC_H08_20201008_0800_L2ARP030_FLDK.02401_02401.nc
2025-12-29 00:20:18,972 - INFO - Cropped NC_H08_20201008_0800_L2ARP030_FLDK.02401_02401.nc to Malaysia Domain.
2025-12-29 00:20:28,565 - INFO - Downloaded: NC_H08_20201008_0900_L2ARP030_FLDK.02401_02401.nc
2025-12-29 00:20:28,630 - INFO - Cropped NC_H08_20201008_0900_L2ARP030_FLDK.02401_02401.nc to Malaysia Domain.
2025-12-29 00:20:38,570 - INFO - Downloaded: NC_H08_20201009_0000_L2ARP030_FLDK.02401_02401.nc
2025-12-29 00:20:38,638 - INFO - Cropped NC_H08_20201009_0000_L2ARP030_FLDK.02401_02401.nc to Malaysia Domain.
2025-12-29 00:21:16,354 - INFO - Downloaded: NC_H08_20201009_0100_L2ARP030_FLDK.02401_02401.nc
2025-12-29 00:21:16,425 - INFO - Cropped NC_H08_20201009_0100_L2ARP030_FLDK.02401_02401.nc to Malaysia Domain.
2025-12-29 00:21:23,279 - INFO - Downloaded: NC_H08_20201009_0200_L2ARP030_FLDK.02401_02401.nc
2025-12-29 00:21:23,350 - INFO - Cropped NC_H08_20201009_0200_L2ARP030_FLDK.02401_02401.nc to Malaysia Domain.
2025-12-29 00:22:04,228 - INFO - Downloaded: NC_H08_20201009_0300_L2ARP030_FLDK.02401_02401.nc
2025-12-29 00:22:04,301 - INFO - Cropped NC_H08_20201009_0300_L2ARP030_FLDK.02401_02401.nc to Malaysia Domain.
2025-12-29 00:22:44,154 - INFO - Downloaded: NC_H08_20201009_0400_L2ARP030_FLDK.02401_02401.nc
2025-12-29 00:22:44,228 - INFO - Cropped NC_H08_20201009_0400_L2ARP030_FLDK.02401_02401.nc to Malaysia Domain.
2025-12-29 00:22:44,762 - INFO - No minute 00 files found in /pub/himawari/L2/ARP/030/202010/09/05/
2025-12-29 00:22:53,773 - INFO - Downloaded: NC_H08_20201009_0600_L2ARP030_FLDK.02401_02401.nc
2025-12-29 00:22:53,843 - INFO - Cropped NC_H08_20201009_0600_L2ARP030_FLDK.02401_02401.nc to Malaysia Domain.
2025-12-29 00:23:01,820 - INFO - Downloaded: NC_H08_20201009_0700_L2ARP030_FLDK.02401_02401.nc
2025-12-29 00:23:01,890 - INFO - Cropped NC_H08_20201009_0700_L2ARP030_FLDK.02401_02401.nc to Malaysia Domain.
2025-12-29 00:23:08,638 - INFO - Downloaded: NC_H08_20201009_0800_L2ARP030_FLDK.02401_02401.nc
2025-12-29 00:23:08,703 - INFO - Cropped NC_H08_20201009_0800_L2ARP030_FLDK.02401_02401.nc to Malaysia Domain.
2025-12-29 00:23:14,715 - INFO - Downloaded: NC_H08_20201009_0900_L2ARP030_FLDK.02401_02401.nc
2025-12-29 00:23:14,778 - INFO - Cropped NC_H08_20201009_0900_L2ARP030_FLDK.02401_02401.nc to Malaysia Domain.
2025-12-29 00:23:45,588 - INFO - Downloaded: NC_H08_20201010_0000_L2ARP030_FLDK.02401_02401.nc
2025-12-29 00:23:45,666 - INFO - Cropped NC_H08_20201010_0000_L2ARP030_FLDK.02401_02401.nc to Malaysia Domain.
2025-12-29 00:23:51,958 - INFO - Downloaded: NC_H08_20201010_0100_L2ARP030_FLDK.02401_02401.nc
2025-12-29 00:23:52,033 - INFO - Cropped NC_H08_20201010_0100_L2ARP030_FLDK.02401_02401.nc to Malaysia Domain.
2025-12-29 00:24:02,585 - INFO - Downloaded: NC_H08_20201010_0200_L2ARP030_FLDK.02401_02401.nc
2025-12-29 00:24:02,661 - INFO - Cropped NC_H08_20201010_0200_L2ARP030_FLDK.02401_02401.nc to Malaysia Domain.
2025-12-29 00:24:09,358 - INFO - Downloaded: NC_H08_20201010_0300_L2ARP030_FLDK.02401_02401.nc
2025-12-29 00:24:09,435 - INFO - Cropped NC_H08_20201010_0300_L2ARP030_FLDK.02401_02401.nc to Malaysia Domain.
2025-12-29 00:24:17,951 - INFO - Downloaded: NC_H08_20201010_0400_L2ARP030_FLDK.02401_02401.nc
2025-12-29 00:24:18,026 - INFO - Cropped NC_H08_20201010_0400_L2ARP030_FLDK.02401_02401.nc to Malaysia Domain.
2025-12-29 00:24:21,980 - INFO - Downloaded: NC_H08_20201010_0500_L2ARP030_FLDK.02401_02401.nc
2025-12-29 00:24:22,049 - INFO - Cropped NC_H08_20201010_0500_L2ARP030_FLDK.02401_02401.nc to Malaysia Domain.
2025-12-29 00:24:24,970 - INFO - Downloaded: NC_H08_20201010_0600_L2ARP030_FLDK.02401_02401.nc
2025-12-29 00:24:25,040 - INFO - Cropped NC_H08_20201010_0600_L2ARP030_FLDK.02401_02401.nc to Malaysia Domain.
2025-12-29 00:24:27,380 - INFO - Downloaded: NC_H08_20201010_0700_L2ARP030_FLDK.02401_02401.nc
2025-12-29 00:24:27,450 - INFO - Cropped NC_H08_20201010_0700_L2ARP030_FLDK.02401_02401.nc to Malaysia Domain.
2025-12-29 00:24:29,674 - INFO - Downloaded: NC_H08_20201010_0800_L2ARP030_FLDK.02401_02401.nc
2025-12-29 00:24:29,739 - INFO - Cropped NC_H08_20201010_0800_L2ARP030_FLDK.02401_02401.nc to Malaysia Domain.
2025-12-29 00:24:31,558 - INFO - Downloaded: NC_H08_20201010_0900_L2ARP030_FLDK.02401_02401.nc
2025-12-29 00:24:31,622 - INFO - Cropped NC_H08_20201010_0900_L2ARP030_FLDK.02401_02401.nc to Malaysia Domain.
2025-12-29 00:24:34,279 - INFO - Downloaded: NC_H08_20201011_0000_L2ARP030_FLDK.02401_02401.nc
2025-12-29 00:24:34,355 - INFO - Cropped NC_H08_20201011_0000_L2ARP030_FLDK.02401_02401.nc to Malaysia Domain.
2025-12-29 00:25:01,087 - INFO - Downloaded: NC_H08_20201011_0100_L2ARP030_FLDK.02401_02401.nc
2025-12-29 00:25:01,167 - INFO - Cropped NC_H08_20201011_0100_L2ARP030_FLDK.02401_02401.nc to Malaysia Domain.
2025-12-29 00:25:35,695 - INFO - Downloaded: NC_H08_20201011_0200_L2ARP030_FLDK.02401_02401.nc
2025-12-29 00:25:35,774 - INFO - Cropped NC_H08_20201011_0200_L2ARP030_FLDK.02401_02401.nc to Malaysia Domain.
2025-12-29 00:25:42,048 - INFO - Downloaded: NC_H08_20201011_0300_L2ARP030_FLDK.02401_02401.nc
2025-12-29 00:25:42,130 - INFO - Cropped NC_H08_20201011_0300_L2ARP030_FLDK.02401_02401.nc to Malaysia Domain.
2025-12-29 00:25:45,259 - INFO - Downloaded: NC_H08_20201011_0400_L2ARP030_FLDK.02401_02401.nc
2025-12-29 00:25:45,339 - INFO - Cropped NC_H08_20201011_0400_L2ARP030_FLDK.02401_02401.nc to Malaysia Domain.
2025-12-29 00:25:47,970 - INFO - Downloaded: NC_H08_20201011_0500_L2ARP030_FLDK.02401_02401.nc
2025-12-29 00:25:48,049 - INFO - Cropped NC_H08_20201011_0500_L2ARP030_FLDK.02401_02401.nc to Malaysia Domain.
2025-12-29 00:25:50,541 - INFO - Downloaded: NC_H08_20201011_0600_L2ARP030_FLDK.02401_02401.nc
2025-12-29 00:25:50,615 - INFO - Cropped NC_H08_20201011_0600_L2ARP030_FLDK.02401_02401.nc to Malaysia Domain.
2025-12-29 00:25:53,271 - INFO - Downloaded: NC_H08_20201011_0700_L2ARP030_FLDK.02401_02401.nc
2025-12-29 00:25:53,346 - INFO - Cropped NC_H08_20201011_0700_L2ARP030_FLDK.02401_02401.nc to Malaysia Domain.
2025-12-29 00:25:55,432 - INFO - Downloaded: NC_H08_20201011_0800_L2ARP030_FLDK.02401_02401.nc
2025-12-29 00:25:55,503 - INFO - Cropped NC_H08_20201011_0800_L2ARP030_FLDK.02401_02401.nc to Malaysia Domain.
2025-12-29 00:25:58,119 - INFO - Downloaded: NC_H08_20201011_0900_L2ARP030_FLDK.02401_02401.nc
2025-12-29 00:25:58,186 - INFO - Cropped NC_H08_20201011_0900_L2ARP030_FLDK.02401_02401.nc to Malaysia Domain.
2025-12-29 00:26:07,949 - INFO - Downloaded: NC_H08_20201012_0000_L2ARP030_FLDK.02401_02401.nc
2025-12-29 00:26:08,018 - INFO - Cropped NC_H08_20201012_0000_L2ARP030_FLDK.02401_02401.nc to Malaysia Domain.
2025-12-29 00:26:17,995 - INFO - Downloaded: NC_H08_20201012_0100_L2ARP030_FLDK.02401_02401.nc
2025-12-29 00:26:18,078 - INFO - Cropped NC_H08_20201012_0100_L2ARP030_FLDK.02401_02401.nc to Malaysia Domain.
2025-12-29 00:26:46,285 - INFO - Downloaded: NC_H08_20201012_0200_L2ARP030_FLDK.02401_02401.nc
2025-12-29 00:26:46,358 - INFO - Cropped NC_H08_20201012_0200_L2ARP030_FLDK.02401_02401.nc to Malaysia Domain.
2025-12-29 00:26:53,004 - INFO - Downloaded: NC_H08_20201012_0300_L2ARP030_FLDK.02401_02401.nc
2025-12-29 00:26:53,078 - INFO - Cropped NC_H08_20201012_0300_L2ARP030_FLDK.02401_02401.nc to Malaysia Domain.
2025-12-29 00:26:57,380 - INFO - Downloaded: NC_H08_20201012_0400_L2ARP030_FLDK.02401_02401.nc
2025-12-29 00:26:57,452 - INFO - Cropped NC_H08_20201012_0400_L2ARP030_FLDK.02401_02401.nc to Malaysia Domain.
2025-12-29 00:27:01,318 - INFO - Downloaded: NC_H08_20201012_0500_L2ARP030_FLDK.02401_02401.nc
2025-12-29 00:27:01,388 - INFO - Cropped NC_H08_20201012_0500_L2ARP030_FLDK.02401_02401.nc to Malaysia Domain.
2025-12-29 00:27:05,065 - INFO - Downloaded: NC_H08_20201012_0600_L2ARP030_FLDK.02401_02401.nc
2025-12-29 00:27:05,136 - INFO - Cropped NC_H08_20201012_0600_L2ARP030_FLDK.02401_02401.nc to Malaysia Domain.
2025-12-29 00:27:08,006 - INFO - Downloaded: NC_H08_20201012_0700_L2ARP030_FLDK.02401_02401.nc
2025-12-29 00:27:08,077 - INFO - Cropped NC_H08_20201012_0700_L2ARP030_FLDK.02401_02401.nc to Malaysia Domain.
2025-12-29 00:27:18,084 - INFO - Downloaded: NC_H08_20201012_0800_L2ARP030_FLDK.02401_02401.nc
2025-12-29 00:27:18,152 - INFO - Cropped NC_H08_20201012_0800_L2ARP030_FLDK.02401_02401.nc to Malaysia Domain.
2025-12-29 00:27:24,625 - INFO - Downloaded: NC_H08_20201012_0900_L2ARP030_FLDK.02401_02401.nc
2025-12-29 00:27:24,694 - INFO - Cropped NC_H08_20201012_0900_L2ARP030_FLDK.02401_02401.nc to Malaysia Domain.
2025-12-29 00:27:34,782 - INFO - Downloaded: NC_H08_20201013_0000_L2ARP030_FLDK.02401_02401.nc
2025-12-29 00:27:34,852 - INFO - Cropped NC_H08_20201013_0000_L2ARP030_FLDK.02401_02401.nc to Malaysia Domain.
2025-12-29 00:27:42,033 - INFO - Downloaded: NC_H08_20201013_0100_L2ARP030_FLDK.02401_02401.nc
2025-12-29 00:27:42,106 - INFO - Cropped NC_H08_20201013_0100_L2ARP030_FLDK.02401_02401.nc to Malaysia Domain.
2025-12-29 00:27:50,460 - INFO - Downloaded: NC_H08_20201013_0200_L2ARP030_FLDK.02401_02401.nc
2025-12-29 00:27:50,531 - INFO - Cropped NC_H08_20201013_0200_L2ARP030_FLDK.02401_02401.nc to Malaysia Domain.
2025-12-29 00:28:00,256 - INFO - Downloaded: NC_H08_20201013_0300_L2ARP030_FLDK.02401_02401.nc
2025-12-29 00:28:00,331 - INFO - Cropped NC_H08_20201013_0300_L2ARP030_FLDK.02401_02401.nc to Malaysia Domain.
2025-12-29 00:28:08,022 - INFO - Downloaded: NC_H08_20201013_0400_L2ARP030_FLDK.02401_02401.nc
2025-12-29 00:28:08,095 - INFO - Cropped NC_H08_20201013_0400_L2ARP030_FLDK.02401_02401.nc to Malaysia Domain.
2025-12-29 00:28:11,922 - INFO - Downloaded: NC_H08_20201013_0500_L2ARP030_FLDK.02401_02401.nc
2025-12-29 00:28:11,995 - INFO - Cropped NC_H08_20201013_0500_L2ARP030_FLDK.02401_02401.nc to Malaysia Domain.
2025-12-29 00:28:15,675 - INFO - Downloaded: NC_H08_20201013_0600_L2ARP030_FLDK.02401_02401.nc
2025-12-29 00:28:15,745 - INFO - Cropped NC_H08_20201013_0600_L2ARP030_FLDK.02401_02401.nc to Malaysia Domain.
2025-12-29 00:28:18,909 - INFO - Downloaded: NC_H08_20201013_0700_L2ARP030_FLDK.02401_02401.nc
2025-12-29 00:28:18,977 - INFO - Cropped NC_H08_20201013_0700_L2ARP030_FLDK.02401_02401.nc to Malaysia Domain.
2025-12-29 00:28:21,616 - INFO - Downloaded: NC_H08_20201013_0800_L2ARP030_FLDK.02401_02401.nc
2025-12-29 00:28:21,680 - INFO - Cropped NC_H08_20201013_0800_L2ARP030_FLDK.02401_02401.nc to Malaysia Domain.
2025-12-29 00:28:32,027 - INFO - Downloaded: NC_H08_20201013_0900_L2ARP030_FLDK.02401_02401.nc
2025-12-29 00:28:32,090 - INFO - Cropped NC_H08_20201013_0900_L2ARP030_FLDK.02401_02401.nc to Malaysia Domain.
2025-12-29 00:28:42,099 - INFO - Downloaded: NC_H08_20201014_0000_L2ARP030_FLDK.02401_02401.nc
2025-12-29 00:28:42,168 - INFO - Cropped NC_H08_20201014_0000_L2ARP030_FLDK.02401_02401.nc to Malaysia Domain.
2025-12-29 00:28:52,343 - INFO - Downloaded: NC_H08_20201014_0100_L2ARP030_FLDK.02401_02401.nc
2025-12-29 00:28:52,413 - INFO - Cropped NC_H08_20201014_0100_L2ARP030_FLDK.02401_02401.nc to Malaysia Domain.
2025-12-29 00:28:59,335 - INFO - Downloaded: NC_H08_20201014_0200_L2ARP030_FLDK.02401_02401.nc
2025-12-29 00:28:59,409 - INFO - Cropped NC_H08_20201014_0200_L2ARP030_FLDK.02401_02401.nc to Malaysia Domain.
2025-12-29 00:29:06,196 - INFO - Downloaded: NC_H08_20201014_0300_L2ARP030_FLDK.02401_02401.nc
2025-12-29 00:29:06,267 - INFO - Cropped NC_H08_20201014_0300_L2ARP030_FLDK.02401_02401.nc to Malaysia Domain.
2025-12-29 00:29:36,478 - INFO - Downloaded: NC_H08_20201014_0400_L2ARP030_FLDK.02401_02401.nc
2025-12-29 00:29:36,551 - INFO - Cropped NC_H08_20201014_0400_L2ARP030_FLDK.02401_02401.nc to Malaysia Domain.
2025-12-29 00:29:42,815 - INFO - Downloaded: NC_H08_20201014_0500_L2ARP030_FLDK.02401_02401.nc
2025-12-29 00:29:42,886 - INFO - Cropped NC_H08_20201014_0500_L2ARP030_FLDK.02401_02401.nc to Malaysia Domain.
2025-12-29 00:29:54,025 - INFO - Downloaded: NC_H08_20201014_0600_L2ARP030_FLDK.02401_02401.nc
2025-12-29 00:29:54,104 - INFO - Cropped NC_H08_20201014_0600_L2ARP030_FLDK.02401_02401.nc to Malaysia Domain.
2025-12-29 00:30:18,459 - INFO - Downloaded: NC_H08_20201014_0700_L2ARP030_FLDK.02401_02401.nc
2025-12-29 00:30:18,528 - INFO - Cropped NC_H08_20201014_0700_L2ARP030_FLDK.02401_02401.nc to Malaysia Domain.
2025-12-29 00:30:23,107 - INFO - Downloaded: NC_H08_20201014_0800_L2ARP030_FLDK.02401_02401.nc
2025-12-29 00:30:23,174 - INFO - Cropped NC_H08_20201014_0800_L2ARP030_FLDK.02401_02401.nc to Malaysia Domain.
2025-12-29 00:30:26,381 - INFO - Downloaded: NC_H08_20201014_0900_L2ARP030_FLDK.02401_02401.nc
2025-12-29 00:30:26,444 - INFO - Cropped NC_H08_20201014_0900_L2ARP030_FLDK.02401_02401.nc to Malaysia Domain.
2025-12-29 00:30:57,596 - INFO - Downloaded: NC_H08_20201015_0000_L2ARP030_FLDK.02401_02401.nc
2025-12-29 00:30:57,662 - INFO - Cropped NC_H08_20201015_0000_L2ARP030_FLDK.02401_02401.nc to Malaysia Domain.
2025-12-29 00:31:07,523 - INFO - Downloaded: NC_H08_20201015_0100_L2ARP030_FLDK.02401_02401.nc
2025-12-29 00:31:07,592 - INFO - Cropped NC_H08_20201015_0100_L2ARP030_FLDK.02401_02401.nc to Malaysia Domain.
2025-12-29 00:31:11,412 - INFO - Downloaded: NC_H08_20201015_0200_L2ARP030_FLDK.02401_02401.nc
2025-12-29 00:31:11,483 - INFO - Cropped NC_H08_20201015_0200_L2ARP030_FLDK.02401_02401.nc to Malaysia Domain.
2025-12-29 00:31:15,490 - INFO - Downloaded: NC_H08_20201015_0300_L2ARP030_FLDK.02401_02401.nc
2025-12-29 00:31:15,565 - INFO - Cropped NC_H08_20201015_0300_L2ARP030_FLDK.02401_02401.nc to Malaysia Domain.
2025-12-29 00:31:19,324 - INFO - Downloaded: NC_H08_20201015_0400_L2ARP030_FLDK.02401_02401.nc
2025-12-29 00:31:19,397 - INFO - Cropped NC_H08_20201015_0400_L2ARP030_FLDK.02401_02401.nc to Malaysia Domain.
2025-12-29 00:31:23,197 - INFO - Downloaded: NC_H08_20201015_0500_L2ARP030_FLDK.02401_02401.nc
2025-12-29 00:31:23,270 - INFO - Cropped NC_H08_20201015_0500_L2ARP030_FLDK.02401_02401.nc to Malaysia Domain.
2025-12-29 00:31:27,263 - INFO - Downloaded: NC_H08_20201015_0600_L2ARP030_FLDK.02401_02401.nc
2025-12-29 00:31:27,334 - INFO - Cropped NC_H08_20201015_0600_L2ARP030_FLDK.02401_02401.nc to Malaysia Domain.
2025-12-29 00:31:30,825 - INFO - Downloaded: NC_H08_20201015_0700_L2ARP030_FLDK.02401_02401.nc
2025-12-29 00:31:30,895 - INFO - Cropped NC_H08_20201015_0700_L2ARP030_FLDK.02401_02401.nc to Malaysia Domain.
2025-12-29 00:31:41,750 - INFO - Downloaded: NC_H08_20201015_0800_L2ARP030_FLDK.02401_02401.nc
2025-12-29 00:31:41,816 - INFO - Cropped NC_H08_20201015_0800_L2ARP030_FLDK.02401_02401.nc to Malaysia Domain.
2025-12-29 00:31:47,530 - INFO - Downloaded: NC_H08_20201015_0900_L2ARP030_FLDK.02401_02401.nc
2025-12-29 00:31:47,593 - INFO - Cropped NC_H08_20201015_0900_L2ARP030_FLDK.02401_02401.nc to Malaysia Domain.
2025-12-29 00:31:53,403 - INFO - Downloaded: NC_H08_20201016_0000_L2ARP030_FLDK.02401_02401.nc
2025-12-29 00:31:53,470 - INFO - Cropped NC_H08_20201016_0000_L2ARP030_FLDK.02401_02401.nc to Malaysia Domain.
2025-12-29 00:32:27,129 - INFO - Downloaded: NC_H08_20201016_0100_L2ARP030_FLDK.02401_02401.nc
2025-12-29 00:32:27,199 - INFO - Cropped NC_H08_20201016_0100_L2ARP030_FLDK.02401_02401.nc to Malaysia Domain.
2025-12-29 00:33:00,008 - INFO - Downloaded: NC_H08_20201016_0200_L2ARP030_FLDK.02401_02401.nc
2025-12-29 00:33:00,085 - INFO - Cropped NC_H08_20201016_0200_L2ARP030_FLDK.02401_02401.nc to Malaysia Domain.
2025-12-29 00:33:35,179 - INFO - Downloaded: NC_H08_20201016_0300_L2ARP030_FLDK.02401_02401.nc
2025-12-29 00:33:35,252 - INFO - Cropped NC_H08_20201016_0300_L2ARP030_FLDK.02401_02401.nc to Malaysia Domain.
2025-12-29 00:33:47,424 - INFO - Downloaded: NC_H08_20201016_0400_L2ARP030_FLDK.02401_02401.nc
2025-12-29 00:33:47,498 - INFO - Cropped NC_H08_20201016_0400_L2ARP030_FLDK.02401_02401.nc to Malaysia Domain.
2025-12-29 00:34:08,555 - INFO - Downloaded: NC_H08_20201016_0500_L2ARP030_FLDK.02401_02401.nc
2025-12-29 00:34:08,627 - INFO - Cropped NC_H08_20201016_0500_L2ARP030_FLDK.02401_02401.nc to Malaysia Domain.
2025-12-29 00:34:26,970 - INFO - Downloaded: NC_H08_20201016_0600_L2ARP030_FLDK.02401_02401.nc
2025-12-29 00:34:27,042 - INFO - Cropped NC_H08_20201016_0600_L2ARP030_FLDK.02401_02401.nc to Malaysia Domain.
2025-12-29 00:34:45,195 - INFO - Downloaded: NC_H08_20201016_0700_L2ARP030_FLDK.02401_02401.nc
2025-12-29 00:34:45,266 - INFO - Cropped NC_H08_20201016_0700_L2ARP030_FLDK.02401_02401.nc to Malaysia Domain.
2025-12-29 00:34:52,692 - INFO - Downloaded: NC_H08_20201016_0800_L2ARP030_FLDK.02401_02401.nc
2025-12-29 00:34:52,759 - INFO - Cropped NC_H08_20201016_0800_L2ARP030_FLDK.02401_02401.nc to Malaysia Domain.
2025-12-29 00:34:58,563 - INFO - Downloaded: NC_H08_20201016_0900_L2ARP030_FLDK.02401_02401.nc
2025-12-29 00:34:58,626 - INFO - Cropped NC_H08_20201016_0900_L2ARP030_FLDK.02401_02401.nc to Malaysia Domain.
2025-12-29 00:35:08,590 - INFO - Downloaded: NC_H08_20201017_0000_L2ARP030_FLDK.02401_02401.nc
2025-12-29 00:35:08,670 - INFO - Cropped NC_H08_20201017_0000_L2ARP030_FLDK.02401_02401.nc to Malaysia Domain.
2025-12-29 00:35:16,517 - INFO - Downloaded: NC_H08_20201017_0100_L2ARP030_FLDK.02401_02401.nc
2025-12-29 00:35:16,597 - INFO - Cropped NC_H08_20201017_0100_L2ARP030_FLDK.02401_02401.nc to Malaysia Domain.
2025-12-29 00:35:25,151 - INFO - Downloaded: NC_H08_20201017_0200_L2ARP030_FLDK.02401_02401.nc
2025-12-29 00:35:25,235 - INFO - Cropped NC_H08_20201017_0200_L2ARP030_FLDK.02401_02401.nc to Malaysia Domain.
2025-12-29 00:35:29,308 - INFO - Downloaded: NC_H08_20201017_0300_L2ARP030_FLDK.02401_02401.nc
2025-12-29 00:35:29,391 - INFO - Cropped NC_H08_20201017_0300_L2ARP030_FLDK.02401_02401.nc to Malaysia Domain.
2025-12-29 00:35:33,280 - INFO - Downloaded: NC_H08_20201017_0400_L2ARP030_FLDK.02401_02401.nc
2025-12-29 00:35:33,365 - INFO - Cropped NC_H08_20201017_0400_L2ARP030_FLDK.02401_02401.nc to Malaysia Domain.
2025-12-29 00:35:36,851 - INFO - Downloaded: NC_H08_20201017_0500_L2ARP030_FLDK.02401_02401.nc
2025-12-29 00:35:36,925 - INFO - Cropped NC_H08_20201017_0500_L2ARP030_FLDK.02401_02401.nc to Malaysia Domain.
2025-12-29 00:35:39,484 - INFO - Downloaded: NC_H08_20201017_0600_L2ARP030_FLDK.02401_02401.nc
2025-12-29 00:35:39,558 - INFO - Cropped NC_H08_20201017_0600_L2ARP030_FLDK.02401_02401.nc to Malaysia Domain.
2025-12-29 00:35:52,970 - INFO - Downloaded: NC_H08_20201017_0700_L2ARP030_FLDK.02401_02401.nc
2025-12-29 00:35:53,042 - INFO - Cropped NC_H08_20201017_0700_L2ARP030_FLDK.02401_02401.nc to Malaysia Domain.
2025-12-29 00:35:57,729 - INFO - Downloaded: NC_H08_20201017_0800_L2ARP030_FLDK.02401_02401.nc
2025-12-29 00:35:57,798 - INFO - Cropped NC_H08_20201017_0800_L2ARP030_FLDK.02401_02401.nc to Malaysia Domain.
2025-12-29 00:36:00,368 - INFO - Downloaded: NC_H08_20201017_0900_L2ARP030_FLDK.02401_02401.nc
2025-12-29 00:36:00,434 - INFO - Cropped NC_H08_20201017_0900_L2ARP030_FLDK.02401_02401.nc to Malaysia Domain.
2025-12-29 00:36:08,190 - INFO - Downloaded: NC_H08_20201018_0000_L2ARP030_FLDK.02401_02401.nc
2025-12-29 00:36:08,261 - INFO - Cropped NC_H08_20201018_0000_L2ARP030_FLDK.02401_02401.nc to Malaysia Domain.
2025-12-29 00:36:12,837 - INFO - Downloaded: NC_H08_20201018_0100_L2ARP030_FLDK.02401_02401.nc
2025-12-29 00:36:12,919 - INFO - Cropped NC_H08_20201018_0100_L2ARP030_FLDK.02401_02401.nc to Malaysia Domain.
2025-12-29 00:36:18,186 - INFO - Downloaded: NC_H08_20201018_0200_L2ARP030_FLDK.02401_02401.nc
2025-12-29 00:36:18,273 - INFO - Cropped NC_H08_20201018_0200_L2ARP030_FLDK.02401_02401.nc to Malaysia Domain.
2025-12-29 00:36:54,077 - INFO - Downloaded: NC_H08_20201018_0300_L2ARP030_FLDK.02401_02401.nc
2025-12-29 00:36:54,167 - INFO - Cropped NC_H08_20201018_0300_L2ARP030_FLDK.02401_02401.nc to Malaysia Domain.
2025-12-29 00:37:00,842 - INFO - Downloaded: NC_H08_20201018_0400_L2ARP030_FLDK.02401_02401.nc
2025-12-29 00:37:00,929 - INFO - Cropped NC_H08_20201018_0400_L2ARP030_FLDK.02401_02401.nc to Malaysia Domain.
2025-12-29 00:37:22,737 - INFO - Downloaded: NC_H08_20201018_0500_L2ARP030_FLDK.02401_02401.nc
2025-12-29 00:37:22,817 - INFO - Cropped NC_H08_20201018_0500_L2ARP030_FLDK.02401_02401.nc to Malaysia Domain.
2025-12-29 00:37:28,858 - INFO - Downloaded: NC_H08_20201018_0600_L2ARP030_FLDK.02401_02401.nc
2025-12-29 00:37:28,933 - INFO - Cropped NC_H08_20201018_0600_L2ARP030_FLDK.02401_02401.nc to Malaysia Domain.
2025-12-29 00:37:46,690 - INFO - Downloaded: NC_H08_20201018_0700_L2ARP030_FLDK.02401_02401.nc
2025-12-29 00:37:46,763 - INFO - Cropped NC_H08_20201018_0700_L2ARP030_FLDK.02401_02401.nc to Malaysia Domain.
2025-12-29 00:37:53,071 - INFO - Downloaded: NC_H08_20201018_0800_L2ARP030_FLDK.02401_02401.nc
2025-12-29 00:37:53,140 - INFO - Cropped NC_H08_20201018_0800_L2ARP030_FLDK.02401_02401.nc to Malaysia Domain.
2025-12-29 00:37:56,422 - INFO - Downloaded: NC_H08_20201018_0900_L2ARP030_FLDK.02401_02401.nc
2025-12-29 00:37:56,487 - INFO - Cropped NC_H08_20201018_0900_L2ARP030_FLDK.02401_02401.nc to Malaysia Domain.
2025-12-29 00:38:25,681 - INFO - Downloaded: NC_H08_20201019_0000_L2ARP030_FLDK.02401_02401.nc
2025-12-29 00:38:25,749 - INFO - Cropped NC_H08_20201019_0000_L2ARP030_FLDK.02401_02401.nc to Malaysia Domain.
2025-12-29 00:38:59,330 - INFO - Downloaded: NC_H08_20201019_0100_L2ARP030_FLDK.02401_02401.nc
2025-12-29 00:38:59,403 - INFO - Cropped NC_H08_20201019_0100_L2ARP030_FLDK.02401_02401.nc to Malaysia Domain.
2025-12-29 00:39:09,850 - INFO - Downloaded: NC_H08_20201019_0200_L2ARP030_FLDK.02401_02401.nc
2025-12-29 00:39:09,933 - INFO - Cropped NC_H08_20201019_0200_L2ARP030_FLDK.02401_02401.nc to Malaysia Domain.
2025-12-29 00:39:16,284 - INFO - Downloaded: NC_H08_20201019_0300_L2ARP030_FLDK.02401_02401.nc
2025-12-29 00:39:16,367 - INFO - Cropped NC_H08_20201019_0300_L2ARP030_FLDK.02401_02401.nc to Malaysia Domain.
2025-12-29 00:39:22,298 - INFO - Downloaded: NC_H08_20201019_0400_L2ARP030_FLDK.02401_02401.nc
2025-12-29 00:39:22,378 - INFO - Cropped NC_H08_20201019_0400_L2ARP030_FLDK.02401_02401.nc to Malaysia Domain.
2025-12-29 00:39:29,368 - INFO - Downloaded: NC_H08_20201019_0500_L2ARP030_FLDK.02401_02401.nc
2025-12-29 00:39:29,448 - INFO - Cropped NC_H08_20201019_0500_L2ARP030_FLDK.02401_02401.nc to Malaysia Domain.
2025-12-29 00:39:33,051 - INFO - Downloaded: NC_H08_20201019_0600_L2ARP030_FLDK.02401_02401.nc
2025-12-29 00:39:33,124 - INFO - Cropped NC_H08_20201019_0600_L2ARP030_FLDK.02401_02401.nc to Malaysia Domain.
2025-12-29 00:39:33,649 - INFO - No minute 00 files found in /pub/himawari/L2/ARP/030/202010/19/07/
2025-12-29 00:39:44,334 - INFO - Downloaded: NC_H08_20201019_0800_L2ARP030_FLDK.02401_02401.nc
2025-12-29 00:39:44,401 - INFO - Cropped NC_H08_20201019_0800_L2ARP030_FLDK.02401_02401.nc to Malaysia Domain.
2025-12-29 00:39:48,907 - INFO - Downloaded: NC_H08_20201019_0900_L2ARP030_FLDK.02401_02401.nc
2025-12-29 00:39:48,976 - INFO - Cropped NC_H08_20201019_0900_L2ARP030_FLDK.02401_02401.nc to Malaysia Domain.
2025-12-29 00:40:21,808 - INFO - Downloaded: NC_H08_20201020_0000_L2ARP030_FLDK.02401_02401.nc
2025-12-29 00:40:21,878 - INFO - Cropped NC_H08_20201020_0000_L2ARP030_FLDK.02401_02401.nc to Malaysia Domain.
2025-12-29 00:40:28,501 - INFO - Downloaded: NC_H08_20201020_0100_L2ARP030_FLDK.02401_02401.nc
2025-12-29 00:40:28,580 - INFO - Cropped NC_H08_20201020_0100_L2ARP030_FLDK.02401_02401.nc to Malaysia Domain.
2025-12-29 00:40:33,716 - INFO - Downloaded: NC_H08_20201020_0200_L2ARP030_FLDK.02401_02401.nc
2025-12-29 00:40:33,795 - INFO - Cropped NC_H08_20201020_0200_L2ARP030_FLDK.02401_02401.nc to Malaysia Domain.
2025-12-29 00:40:39,571 - INFO - Downloaded: NC_H08_20201020_0300_L2ARP030_FLDK.02401_02401.nc
2025-12-29 00:40:39,649 - INFO - Cropped NC_H08_20201020_0300_L2ARP030_FLDK.02401_02401.nc to Malaysia Domain.
2025-12-29 00:40:43,446 - INFO - Downloaded: NC_H08_20201020_0400_L2ARP030_FLDK.02401_02401.nc
2025-12-29 00:40:43,523 - INFO - Cropped NC_H08_20201020_0400_L2ARP030_FLDK.02401_02401.nc to Malaysia Domain.
2025-12-29 00:41:15,147 - INFO - Downloaded: NC_H08_20201020_0500_L2ARP030_FLDK.02401_02401.nc
2025-12-29 00:41:15,220 - INFO - Cropped NC_H08_20201020_0500_L2ARP030_FLDK.02401_02401.nc to Malaysia Domain.
2025-12-29 00:41:24,481 - INFO - Downloaded: NC_H08_20201020_0600_L2ARP030_FLDK.02401_02401.nc
2025-12-29 00:41:24,553 - INFO - Cropped NC_H08_20201020_0600_L2ARP030_FLDK.02401_02401.nc to Malaysia Domain.
2025-12-29 00:41:39,316 - INFO - Downloaded: NC_H08_20201020_0700_L2ARP030_FLDK.02401_02401.nc
2025-12-29 00:41:39,389 - INFO - Cropped NC_H08_20201020_0700_L2ARP030_FLDK.02401_02401.nc to Malaysia Domain.
2025-12-29 00:41:46,802 - INFO - Downloaded: NC_H08_20201020_0800_L2ARP030_FLDK.02401_02401.nc
2025-12-29 00:41:46,868 - INFO - Cropped NC_H08_20201020_0800_L2ARP030_FLDK.02401_02401.nc to Malaysia Domain.
2025-12-29 00:42:00,729 - INFO - Downloaded: NC_H08_20201020_0900_L2ARP030_FLDK.02401_02401.nc
2025-12-29 00:42:00,795 - INFO - Cropped NC_H08_20201020_0900_L2ARP030_FLDK.02401_02401.nc to Malaysia Domain.
2025-12-29 00:42:12,797 - INFO - Downloaded: NC_H08_20201021_0000_L2ARP030_FLDK.02401_02401.nc
2025-12-29 00:42:12,870 - INFO - Cropped NC_H08_20201021_0000_L2ARP030_FLDK.02401_02401.nc to Malaysia Domain.
2025-12-29 00:42:51,670 - INFO - Downloaded: NC_H08_20201021_0100_L2ARP030_FLDK.02401_02401.nc
2025-12-29 00:42:51,751 - INFO - Cropped NC_H08_20201021_0100_L2ARP030_FLDK.02401_02401.nc to Malaysia Domain.
2025-12-29 00:43:02,089 - INFO - Downloaded: NC_H08_20201021_0200_L2ARP030_FLDK.02401_02401.nc
2025-12-29 00:43:02,175 - INFO - Cropped NC_H08_20201021_0200_L2ARP030_FLDK.02401_02401.nc to Malaysia Domain.
2025-12-29 00:43:08,818 - INFO - Downloaded: NC_H08_20201021_0300_L2ARP030_FLDK.02401_02401.nc
2025-12-29 00:43:08,899 - INFO - Cropped NC_H08_20201021_0300_L2ARP030_FLDK.02401_02401.nc to Malaysia Domain.
2025-12-29 00:43:15,485 - INFO - Downloaded: NC_H08_20201021_0400_L2ARP030_FLDK.02401_02401.nc
2025-12-29 00:43:15,558 - INFO - Cropped NC_H08_20201021_0400_L2ARP030_FLDK.02401_02401.nc to Malaysia Domain.
2025-12-29 00:43:44,471 - INFO - Downloaded: NC_H08_20201021_0500_L2ARP030_FLDK.02401_02401.nc
2025-12-29 00:43:44,541 - INFO - Cropped NC_H08_20201021_0500_L2ARP030_FLDK.02401_02401.nc to Malaysia Domain.
2025-12-29 00:43:50,030 - INFO - Downloaded: NC_H08_20201021_0600_L2ARP030_FLDK.02401_02401.nc
2025-12-29 00:43:50,101 - INFO - Cropped NC_H08_20201021_0600_L2ARP030_FLDK.02401_02401.nc to Malaysia Domain.
2025-12-29 00:43:52,952 - INFO - Downloaded: NC_H08_20201021_0700_L2ARP030_FLDK.02401_02401.nc
2025-12-29 00:43:53,022 - INFO - Cropped NC_H08_20201021_0700_L2ARP030_FLDK.02401_02401.nc to Malaysia Domain.
2025-12-29 00:43:55,795 - INFO - Downloaded: NC_H08_20201021_0800_L2ARP030_FLDK.02401_02401.nc
2025-12-29 00:43:55,861 - INFO - Cropped NC_H08_20201021_0800_L2ARP030_FLDK.02401_02401.nc to Malaysia Domain.
2025-12-29 00:43:58,152 - INFO - Downloaded: NC_H08_20201021_0900_L2ARP030_FLDK.02401_02401.nc
2025-12-29 00:43:58,216 - INFO - Cropped NC_H08_20201021_0900_L2ARP030_FLDK.02401_02401.nc to Malaysia Domain.
2025-12-29 00:44:28,763 - INFO - Downloaded: NC_H08_20201022_0000_L2ARP030_FLDK.02401_02401.nc
2025-12-29 00:44:28,838 - INFO - Cropped NC_H08_20201022_0000_L2ARP030_FLDK.02401_02401.nc to Malaysia Domain.
2025-12-29 00:44:39,699 - INFO - Downloaded: NC_H08_20201022_0100_L2ARP030_FLDK.02401_02401.nc
2025-12-29 00:44:39,779 - INFO - Cropped NC_H08_20201022_0100_L2ARP030_FLDK.02401_02401.nc to Malaysia Domain.
2025-12-29 00:44:48,425 - INFO - Downloaded: NC_H08_20201022_0200_L2ARP030_FLDK.02401_02401.nc
2025-12-29 00:44:48,504 - INFO - Cropped NC_H08_20201022_0200_L2ARP030_FLDK.02401_02401.nc to Malaysia Domain.
2025-12-29 00:44:52,686 - INFO - Downloaded: NC_H08_20201022_0300_L2ARP030_FLDK.02401_02401.nc
2025-12-29 00:44:52,763 - INFO - Cropped NC_H08_20201022_0300_L2ARP030_FLDK.02401_02401.nc to Malaysia Domain.
2025-12-29 00:44:57,328 - INFO - Downloaded: NC_H08_20201022_0400_L2ARP030_FLDK.02401_02401.nc
2025-12-29 00:44:57,403 - INFO - Cropped NC_H08_20201022_0400_L2ARP030_FLDK.02401_02401.nc to Malaysia Domain.
2025-12-29 00:45:03,510 - INFO - Downloaded: NC_H08_20201022_0500_L2ARP030_FLDK.02401_02401.nc
2025-12-29 00:45:03,586 - INFO - Cropped NC_H08_20201022_0500_L2ARP030_FLDK.02401_02401.nc to Malaysia Domain.
2025-12-29 00:45:08,990 - INFO - Downloaded: NC_H08_20201022_0600_L2ARP030_FLDK.02401_02401.nc
2025-12-29 00:45:09,064 - INFO - Cropped NC_H08_20201022_0600_L2ARP030_FLDK.02401_02401.nc to Malaysia Domain.
2025-12-29 00:45:13,558 - INFO - Downloaded: NC_H08_20201022_0700_L2ARP030_FLDK.02401_02401.nc
2025-12-29 00:45:13,630 - INFO - Cropped NC_H08_20201022_0700_L2ARP030_FLDK.02401_02401.nc to Malaysia Domain.
2025-12-29 00:45:17,382 - INFO - Downloaded: NC_H08_20201022_0800_L2ARP030_FLDK.02401_02401.nc
2025-12-29 00:45:17,451 - INFO - Cropped NC_H08_20201022_0800_L2ARP030_FLDK.02401_02401.nc to Malaysia Domain.
2025-12-29 00:45:20,279 - INFO - Downloaded: NC_H08_20201022_0900_L2ARP030_FLDK.02401_02401.nc
2025-12-29 00:45:20,344 - INFO - Cropped NC_H08_20201022_0900_L2ARP030_FLDK.02401_02401.nc to Malaysia Domain.
2025-12-29 00:45:27,093 - INFO - Downloaded: NC_H08_20201023_0000_L2ARP030_FLDK.02401_02401.nc
2025-12-29 00:45:27,163 - INFO - Cropped NC_H08_20201023_0000_L2ARP030_FLDK.02401_02401.nc to Malaysia Domain.
2025-12-29 00:46:02,876 - INFO - Downloaded: NC_H08_20201023_0100_L2ARP030_FLDK.02401_02401.nc
2025-12-29 00:46:02,949 - INFO - Cropped NC_H08_20201023_0100_L2ARP030_FLDK.02401_02401.nc to Malaysia Domain.
2025-12-29 00:46:49,672 - INFO - Downloaded: NC_H08_20201023_0200_L2ARP030_FLDK.02401_02401.nc
2025-12-29 00:46:49,749 - INFO - Cropped NC_H08_20201023_0200_L2ARP030_FLDK.02401_02401.nc to Malaysia Domain.
2025-12-29 00:46:56,464 - INFO - Downloaded: NC_H08_20201023_0300_L2ARP030_FLDK.02401_02401.nc
2025-12-29 00:46:56,541 - INFO - Cropped NC_H08_20201023_0300_L2ARP030_FLDK.02401_02401.nc to Malaysia Domain.
2025-12-29 00:47:00,881 - INFO - Downloaded: NC_H08_20201023_0400_L2ARP030_FLDK.02401_02401.nc
2025-12-29 00:47:00,956 - INFO - Cropped NC_H08_20201023_0400_L2ARP030_FLDK.02401_02401.nc to Malaysia Domain.
2025-12-29 00:47:07,441 - INFO - Downloaded: NC_H08_20201023_0500_L2ARP030_FLDK.02401_02401.nc
2025-12-29 00:47:07,515 - INFO - Cropped NC_H08_20201023_0500_L2ARP030_FLDK.02401_02401.nc to Malaysia Domain.
2025-12-29 00:47:35,596 - INFO - Downloaded: NC_H08_20201023_0600_L2ARP030_FLDK.02401_02401.nc
2025-12-29 00:47:35,692 - INFO - Cropped NC_H08_20201023_0600_L2ARP030_FLDK.02401_02401.nc to Malaysia Domain.
2025-12-29 00:47:41,493 - INFO - Downloaded: NC_H08_20201023_0700_L2ARP030_FLDK.02401_02401.nc
2025-12-29 00:47:41,563 - INFO - Cropped NC_H08_20201023_0700_L2ARP030_FLDK.02401_02401.nc to Malaysia Domain.
2025-12-29 00:47:44,310 - INFO - Downloaded: NC_H08_20201023_0800_L2ARP030_FLDK.02401_02401.nc
2025-12-29 00:47:44,377 - INFO - Cropped NC_H08_20201023_0800_L2ARP030_FLDK.02401_02401.nc to Malaysia Domain.
2025-12-29 00:47:44,901 - INFO - No minute 00 files found in /pub/himawari/L2/ARP/030/202010/23/09/
2025-12-29 00:47:50,694 - INFO - Downloaded: NC_H08_20201024_0000_L2ARP030_FLDK.02401_02401.nc
2025-12-29 00:47:50,768 - INFO - Cropped NC_H08_20201024_0000_L2ARP030_FLDK.02401_02401.nc to Malaysia Domain.
2025-12-29 00:47:58,799 - INFO - Downloaded: NC_H08_20201024_0100_L2ARP030_FLDK.02401_02401.nc
2025-12-29 00:47:58,870 - INFO - Cropped NC_H08_20201024_0100_L2ARP030_FLDK.02401_02401.nc to Malaysia Domain.
2025-12-29 00:48:41,183 - INFO - Downloaded: NC_H08_20201024_0200_L2ARP030_FLDK.02401_02401.nc
2025-12-29 00:48:41,262 - INFO - Cropped NC_H08_20201024_0200_L2ARP030_FLDK.02401_02401.nc to Malaysia Domain.
2025-12-29 00:48:51,610 - INFO - Downloaded: NC_H08_20201024_0300_L2ARP030_FLDK.02401_02401.nc
2025-12-29 00:48:51,686 - INFO - Cropped NC_H08_20201024_0300_L2ARP030_FLDK.02401_02401.nc to Malaysia Domain.
2025-12-29 00:48:57,834 - INFO - Downloaded: NC_H08_20201024_0400_L2ARP030_FLDK.02401_02401.nc
2025-12-29 00:48:57,909 - INFO - Cropped NC_H08_20201024_0400_L2ARP030_FLDK.02401_02401.nc to Malaysia Domain.
2025-12-29 00:49:03,547 - INFO - Downloaded: NC_H08_20201024_0500_L2ARP030_FLDK.02401_02401.nc
2025-12-29 00:49:03,621 - INFO - Cropped NC_H08_20201024_0500_L2ARP030_FLDK.02401_02401.nc to Malaysia Domain.
2025-12-29 00:49:38,792 - INFO - Downloaded: NC_H08_20201024_0600_L2ARP030_FLDK.02401_02401.nc
2025-12-29 00:49:38,863 - INFO - Cropped NC_H08_20201024_0600_L2ARP030_FLDK.02401_02401.nc to Malaysia Domain.
2025-12-29 00:49:48,517 - INFO - Downloaded: NC_H08_20201024_0700_L2ARP030_FLDK.02401_02401.nc
2025-12-29 00:49:48,586 - INFO - Cropped NC_H08_20201024_0700_L2ARP030_FLDK.02401_02401.nc to Malaysia Domain.
2025-12-29 00:49:52,619 - INFO - Downloaded: NC_H08_20201024_0800_L2ARP030_FLDK.02401_02401.nc
2025-12-29 00:49:52,685 - INFO - Cropped NC_H08_20201024_0800_L2ARP030_FLDK.02401_02401.nc to Malaysia Domain.
2025-12-29 00:49:55,702 - INFO - Downloaded: NC_H08_20201024_0900_L2ARP030_FLDK.02401_02401.nc
2025-12-29 00:49:55,767 - INFO - Cropped NC_H08_20201024_0900_L2ARP030_FLDK.02401_02401.nc to Malaysia Domain.
2025-12-29 00:50:02,937 - INFO - Downloaded: NC_H08_20201025_0000_L2ARP030_FLDK.02401_02401.nc
2025-12-29 00:50:03,008 - INFO - Cropped NC_H08_20201025_0000_L2ARP030_FLDK.02401_02401.nc to Malaysia Domain.
2025-12-29 00:50:11,231 - INFO - Downloaded: NC_H08_20201025_0100_L2ARP030_FLDK.02401_02401.nc
2025-12-29 00:50:11,309 - INFO - Cropped NC_H08_20201025_0100_L2ARP030_FLDK.02401_02401.nc to Malaysia Domain.
2025-12-29 00:50:21,854 - INFO - Downloaded: NC_H08_20201025_0200_L2ARP030_FLDK.02401_02401.nc
2025-12-29 00:50:21,937 - INFO - Cropped NC_H08_20201025_0200_L2ARP030_FLDK.02401_02401.nc to Malaysia Domain.
2025-12-29 00:50:28,446 - INFO - Downloaded: NC_H08_20201025_0300_L2ARP030_FLDK.02401_02401.nc
2025-12-29 00:50:28,530 - INFO - Cropped NC_H08_20201025_0300_L2ARP030_FLDK.02401_02401.nc to Malaysia Domain.
2025-12-29 00:51:29,566 - INFO - Downloaded: NC_H08_20201025_0400_L2ARP030_FLDK.02401_02401.nc
2025-12-29 00:51:29,648 - INFO - Cropped NC_H08_20201025_0400_L2ARP030_FLDK.02401_02401.nc to Malaysia Domain.
2025-12-29 00:52:23,885 - INFO - Downloaded: NC_H08_20201025_0500_L2ARP030_FLDK.02401_02401.nc
2025-12-29 00:52:23,963 - INFO - Cropped NC_H08_20201025_0500_L2ARP030_FLDK.02401_02401.nc to Malaysia Domain.
2025-12-29 00:52:30,186 - INFO - Downloaded: NC_H08_20201025_0600_L2ARP030_FLDK.02401_02401.nc
2025-12-29 00:52:30,259 - INFO - Cropped NC_H08_20201025_0600_L2ARP030_FLDK.02401_02401.nc to Malaysia Domain.
2025-12-29 00:52:34,128 - INFO - Downloaded: NC_H08_20201025_0700_L2ARP030_FLDK.02401_02401.nc
2025-12-29 00:52:34,204 - INFO - Cropped NC_H08_20201025_0700_L2ARP030_FLDK.02401_02401.nc to Malaysia Domain.
2025-12-29 00:52:37,214 - INFO - Downloaded: NC_H08_20201025_0800_L2ARP030_FLDK.02401_02401.nc
2025-12-29 00:52:37,280 - INFO - Cropped NC_H08_20201025_0800_L2ARP030_FLDK.02401_02401.nc to Malaysia Domain.
2025-12-29 00:52:46,332 - INFO - Downloaded: NC_H08_20201025_0900_L2ARP030_FLDK.02401_02401.nc
2025-12-29 00:52:46,397 - INFO - Cropped NC_H08_20201025_0900_L2ARP030_FLDK.02401_02401.nc to Malaysia Domain.
2025-12-29 00:52:56,367 - INFO - Downloaded: NC_H08_20201026_0000_L2ARP030_FLDK.02401_02401.nc
2025-12-29 00:52:56,436 - INFO - Cropped NC_H08_20201026_0000_L2ARP030_FLDK.02401_02401.nc to Malaysia Domain.
2025-12-29 00:53:47,629 - INFO - Downloaded: NC_H08_20201026_0100_L2ARP030_FLDK.02401_02401.nc
2025-12-29 00:53:47,702 - INFO - Cropped NC_H08_20201026_0100_L2ARP030_FLDK.02401_02401.nc to Malaysia Domain.
2025-12-29 00:54:45,978 - INFO - Downloaded: NC_H08_20201026_0200_L2ARP030_FLDK.02401_02401.nc
2025-12-29 00:54:46,054 - INFO - Cropped NC_H08_20201026_0200_L2ARP030_FLDK.02401_02401.nc to Malaysia Domain.
2025-12-29 00:55:33,941 - INFO - Downloaded: NC_H08_20201026_0300_L2ARP030_FLDK.02401_02401.nc
2025-12-29 00:55:34,015 - INFO - Cropped NC_H08_20201026_0300_L2ARP030_FLDK.02401_02401.nc to Malaysia Domain.
2025-12-29 00:55:40,729 - INFO - Downloaded: NC_H08_20201026_0400_L2ARP030_FLDK.02401_02401.nc
2025-12-29 00:55:40,805 - INFO - Cropped NC_H08_20201026_0400_L2ARP030_FLDK.02401_02401.nc to Malaysia Domain.
2025-12-29 00:56:11,069 - INFO - Downloaded: NC_H08_20201026_0500_L2ARP030_FLDK.02401_02401.nc
2025-12-29 00:56:11,144 - INFO - Cropped NC_H08_20201026_0500_L2ARP030_FLDK.02401_02401.nc to Malaysia Domain.
2025-12-29 00:56:22,081 - INFO - Downloaded: NC_H08_20201026_0600_L2ARP030_FLDK.02401_02401.nc
2025-12-29 00:56:22,153 - INFO - Cropped NC_H08_20201026_0600_L2ARP030_FLDK.02401_02401.nc to Malaysia Domain.
2025-12-29 00:56:31,027 - INFO - Downloaded: NC_H08_20201026_0700_L2ARP030_FLDK.02401_02401.nc
2025-12-29 00:56:31,096 - INFO - Cropped NC_H08_20201026_0700_L2ARP030_FLDK.02401_02401.nc to Malaysia Domain.
2025-12-29 00:56:52,946 - INFO - Downloaded: NC_H08_20201026_0800_L2ARP030_FLDK.02401_02401.nc
2025-12-29 00:56:53,010 - INFO - Cropped NC_H08_20201026_0800_L2ARP030_FLDK.02401_02401.nc to Malaysia Domain.
2025-12-29 00:56:59,431 - INFO - Downloaded: NC_H08_20201026_0900_L2ARP030_FLDK.02401_02401.nc
2025-12-29 00:56:59,494 - INFO - Cropped NC_H08_20201026_0900_L2ARP030_FLDK.02401_02401.nc to Malaysia Domain.
2025-12-29 00:57:09,378 - INFO - Downloaded: NC_H08_20201027_0000_L2ARP030_FLDK.02401_02401.nc
2025-12-29 00:57:09,449 - INFO - Cropped NC_H08_20201027_0000_L2ARP030_FLDK.02401_02401.nc to Malaysia Domain.
2025-12-29 00:57:16,897 - INFO - Downloaded: NC_H08_20201027_0100_L2ARP030_FLDK.02401_02401.nc
2025-12-29 00:57:16,974 - INFO - Cropped NC_H08_20201027_0100_L2ARP030_FLDK.02401_02401.nc to Malaysia Domain.
2025-12-29 00:57:21,842 - INFO - Downloaded: NC_H08_20201027_0200_L2ARP030_FLDK.02401_02401.nc
2025-12-29 00:57:21,928 - INFO - Cropped NC_H08_20201027_0200_L2ARP030_FLDK.02401_02401.nc to Malaysia Domain.
2025-12-29 00:57:27,205 - INFO - Downloaded: NC_H08_20201027_0300_L2ARP030_FLDK.02401_02401.nc
2025-12-29 00:57:27,290 - INFO - Cropped NC_H08_20201027_0300_L2ARP030_FLDK.02401_02401.nc to Malaysia Domain.
2025-12-29 00:57:33,606 - INFO - Downloaded: NC_H08_20201027_0400_L2ARP030_FLDK.02401_02401.nc
2025-12-29 00:57:33,688 - INFO - Cropped NC_H08_20201027_0400_L2ARP030_FLDK.02401_02401.nc to Malaysia Domain.
2025-12-29 00:57:39,276 - INFO - Downloaded: NC_H08_20201027_0500_L2ARP030_FLDK.02401_02401.nc
2025-12-29 00:57:39,354 - INFO - Cropped NC_H08_20201027_0500_L2ARP030_FLDK.02401_02401.nc to Malaysia Domain.
2025-12-29 00:57:44,553 - INFO - Downloaded: NC_H08_20201027_0600_L2ARP030_FLDK.02401_02401.nc
2025-12-29 00:57:44,628 - INFO - Cropped NC_H08_20201027_0600_L2ARP030_FLDK.02401_02401.nc to Malaysia Domain.
2025-12-29 00:58:13,718 - INFO - Downloaded: NC_H08_20201027_0700_L2ARP030_FLDK.02401_02401.nc
2025-12-29 00:58:13,789 - INFO - Cropped NC_H08_20201027_0700_L2ARP030_FLDK.02401_02401.nc to Malaysia Domain.
2025-12-29 00:58:21,197 - INFO - Downloaded: NC_H08_20201027_0800_L2ARP030_FLDK.02401_02401.nc
2025-12-29 00:58:21,262 - INFO - Cropped NC_H08_20201027_0800_L2ARP030_FLDK.02401_02401.nc to Malaysia Domain.
2025-12-29 00:58:27,171 - INFO - Downloaded: NC_H08_20201027_0900_L2ARP030_FLDK.02401_02401.nc
2025-12-29 00:58:27,312 - INFO - Cropped NC_H08_20201027_0900_L2ARP030_FLDK.02401_02401.nc to Malaysia Domain.
2025-12-29 00:58:33,412 - INFO - Downloaded: NC_H08_20201028_0000_L2ARP030_FLDK.02401_02401.nc
2025-12-29 00:58:33,491 - INFO - Cropped NC_H08_20201028_0000_L2ARP030_FLDK.02401_02401.nc to Malaysia Domain.
2025-12-29 00:59:11,480 - INFO - Downloaded: NC_H08_20201028_0100_L2ARP030_FLDK.02401_02401.nc
2025-12-29 00:59:11,567 - INFO - Cropped NC_H08_20201028_0100_L2ARP030_FLDK.02401_02401.nc to Malaysia Domain.
2025-12-29 00:59:18,439 - INFO - Downloaded: NC_H08_20201028_0200_L2ARP030_FLDK.02401_02401.nc
2025-12-29 00:59:18,530 - INFO - Cropped NC_H08_20201028_0200_L2ARP030_FLDK.02401_02401.nc to Malaysia Domain.
2025-12-29 00:59:21,802 - INFO - Downloaded: NC_H08_20201028_0300_L2ARP030_FLDK.02401_02401.nc
2025-12-29 00:59:21,892 - INFO - Cropped NC_H08_20201028_0300_L2ARP030_FLDK.02401_02401.nc to Malaysia Domain.
2025-12-29 00:59:25,394 - INFO - Downloaded: NC_H08_20201028_0400_L2ARP030_FLDK.02401_02401.nc
2025-12-29 00:59:25,479 - INFO - Cropped NC_H08_20201028_0400_L2ARP030_FLDK.02401_02401.nc to Malaysia Domain.
2025-12-29 00:59:28,312 - INFO - Downloaded: NC_H08_20201028_0500_L2ARP030_FLDK.02401_02401.nc
2025-12-29 00:59:28,390 - INFO - Cropped NC_H08_20201028_0500_L2ARP030_FLDK.02401_02401.nc to Malaysia Domain.
2025-12-29 01:00:13,279 - INFO - Downloaded: NC_H08_20201028_0600_L2ARP030_FLDK.02401_02401.nc
2025-12-29 01:00:13,355 - INFO - Cropped NC_H08_20201028_0600_L2ARP030_FLDK.02401_02401.nc to Malaysia Domain.
2025-12-29 01:00:22,335 - INFO - Downloaded: NC_H08_20201028_0700_L2ARP030_FLDK.02401_02401.nc
2025-12-29 01:00:22,408 - INFO - Cropped NC_H08_20201028_0700_L2ARP030_FLDK.02401_02401.nc to Malaysia Domain.
2025-12-29 01:00:27,879 - INFO - Downloaded: NC_H08_20201028_0800_L2ARP030_FLDK.02401_02401.nc
2025-12-29 01:00:27,950 - INFO - Cropped NC_H08_20201028_0800_L2ARP030_FLDK.02401_02401.nc to Malaysia Domain.
2025-12-29 01:00:31,919 - INFO - Downloaded: NC_H08_20201028_0900_L2ARP030_FLDK.02401_02401.nc
2025-12-29 01:00:31,984 - INFO - Cropped NC_H08_20201028_0900_L2ARP030_FLDK.02401_02401.nc to Malaysia Domain.
2025-12-29 01:00:36,144 - INFO - Downloaded: NC_H08_20201029_0000_L2ARP030_FLDK.02401_02401.nc
2025-12-29 01:00:36,223 - INFO - Cropped NC_H08_20201029_0000_L2ARP030_FLDK.02401_02401.nc to Malaysia Domain.
2025-12-29 01:00:39,703 - INFO - Downloaded: NC_H08_20201029_0100_L2ARP030_FLDK.02401_02401.nc
2025-12-29 01:00:39,793 - INFO - Cropped NC_H08_20201029_0100_L2ARP030_FLDK.02401_02401.nc to Malaysia Domain.
2025-12-29 01:00:42,765 - INFO - Downloaded: NC_H08_20201029_0200_L2ARP030_FLDK.02401_02401.nc
2025-12-29 01:00:42,859 - INFO - Cropped NC_H08_20201029_0200_L2ARP030_FLDK.02401_02401.nc to Malaysia Domain.
2025-12-29 01:00:46,472 - INFO - Downloaded: NC_H08_20201029_0300_L2ARP030_FLDK.02401_02401.nc
2025-12-29 01:00:46,566 - INFO - Cropped NC_H08_20201029_0300_L2ARP030_FLDK.02401_02401.nc to Malaysia Domain.
2025-12-29 01:00:51,609 - INFO - Downloaded: NC_H08_20201029_0400_L2ARP030_FLDK.02401_02401.nc
2025-12-29 01:00:51,695 - INFO - Cropped NC_H08_20201029_0400_L2ARP030_FLDK.02401_02401.nc to Malaysia Domain.
2025-12-29 01:00:58,257 - INFO - Downloaded: NC_H08_20201029_0500_L2ARP030_FLDK.02401_02401.nc
2025-12-29 01:00:58,340 - INFO - Cropped NC_H08_20201029_0500_L2ARP030_FLDK.02401_02401.nc to Malaysia Domain.
2025-12-29 01:01:05,361 - INFO - Downloaded: NC_H08_20201029_0600_L2ARP030_FLDK.02401_02401.nc
2025-12-29 01:01:05,436 - INFO - Cropped NC_H08_20201029_0600_L2ARP030_FLDK.02401_02401.nc to Malaysia Domain.
2025-12-29 01:01:08,943 - INFO - Downloaded: NC_H08_20201029_0700_L2ARP030_FLDK.02401_02401.nc
2025-12-29 01:01:09,014 - INFO - Cropped NC_H08_20201029_0700_L2ARP030_FLDK.02401_02401.nc to Malaysia Domain.
2025-12-29 01:01:23,550 - INFO - Downloaded: NC_H08_20201029_0800_L2ARP030_FLDK.02401_02401.nc
2025-12-29 01:01:23,619 - INFO - Cropped NC_H08_20201029_0800_L2ARP030_FLDK.02401_02401.nc to Malaysia Domain.
2025-12-29 01:01:38,254 - INFO - Downloaded: NC_H08_20201029_0900_L2ARP030_FLDK.02401_02401.nc
2025-12-29 01:01:38,320 - INFO - Cropped NC_H08_20201029_0900_L2ARP030_FLDK.02401_02401.nc to Malaysia Domain.
2025-12-29 01:01:48,141 - INFO - Downloaded: NC_H08_20201030_0000_L2ARP030_FLDK.02401_02401.nc
2025-12-29 01:01:48,231 - INFO - Cropped NC_H08_20201030_0000_L2ARP030_FLDK.02401_02401.nc to Malaysia Domain.
2025-12-29 01:02:43,968 - INFO - Downloaded: NC_H08_20201030_0100_L2ARP030_FLDK.02401_02401.nc
2025-12-29 01:02:44,072 - INFO - Cropped NC_H08_20201030_0100_L2ARP030_FLDK.02401_02401.nc to Malaysia Domain.
2025-12-29 01:02:55,087 - INFO - Downloaded: NC_H08_20201030_0200_L2ARP030_FLDK.02401_02401.nc
2025-12-29 01:02:55,201 - INFO - Cropped NC_H08_20201030_0200_L2ARP030_FLDK.02401_02401.nc to Malaysia Domain.
2025-12-29 01:03:03,016 - INFO - Downloaded: NC_H08_20201030_0300_L2ARP030_FLDK.02401_02401.nc
2025-12-29 01:03:03,144 - INFO - Cropped NC_H08_20201030_0300_L2ARP030_FLDK.02401_02401.nc to Malaysia Domain.
2025-12-29 01:03:06,981 - INFO - Downloaded: NC_H08_20201030_0400_L2ARP030_FLDK.02401_02401.nc
2025-12-29 01:03:07,091 - INFO - Cropped NC_H08_20201030_0400_L2ARP030_FLDK.02401_02401.nc to Malaysia Domain.
2025-12-29 01:03:56,864 - INFO - Downloaded: NC_H08_20201030_0500_L2ARP030_FLDK.02401_02401.nc
2025-12-29 01:03:56,960 - INFO - Cropped NC_H08_20201030_0500_L2ARP030_FLDK.02401_02401.nc to Malaysia Domain.
2025-12-29 01:04:27,938 - INFO - Downloaded: NC_H08_20201030_0600_L2ARP030_FLDK.02401_02401.nc
2025-12-29 01:04:28,024 - INFO - Cropped NC_H08_20201030_0600_L2ARP030_FLDK.02401_02401.nc to Malaysia Domain.
2025-12-29 01:04:36,494 - INFO - Downloaded: NC_H08_20201030_0700_L2ARP030_FLDK.02401_02401.nc
2025-12-29 01:04:36,575 - INFO - Cropped NC_H08_20201030_0700_L2ARP030_FLDK.02401_02401.nc to Malaysia Domain.
2025-12-29 01:04:57,242 - INFO - Downloaded: NC_H08_20201030_0800_L2ARP030_FLDK.02401_02401.nc
2025-12-29 01:04:57,327 - INFO - Cropped NC_H08_20201030_0800_L2ARP030_FLDK.02401_02401.nc to Malaysia Domain.
2025-12-29 01:05:01,948 - INFO - Downloaded: NC_H08_20201030_0900_L2ARP030_FLDK.02401_02401.nc
2025-12-29 01:05:02,024 - INFO - Cropped NC_H08_20201030_0900_L2ARP030_FLDK.02401_02401.nc to Malaysia Domain.
2025-12-29 01:05:39,059 - INFO - Downloaded: NC_H08_20201031_0000_L2ARP030_FLDK.02401_02401.nc
2025-12-29 01:05:39,132 - INFO - Cropped NC_H08_20201031_0000_L2ARP030_FLDK.02401_02401.nc to Malaysia Domain.
2025-12-29 01:05:45,531 - INFO - Downloaded: NC_H08_20201031_0100_L2ARP030_FLDK.02401_02401.nc
2025-12-29 01:05:45,615 - INFO - Cropped NC_H08_20201031_0100_L2ARP030_FLDK.02401_02401.nc to Malaysia Domain.
2025-12-29 01:06:32,348 - INFO - Downloaded: NC_H08_20201031_0200_L2ARP030_FLDK.02401_02401.nc
2025-12-29 01:06:32,436 - INFO - Cropped NC_H08_20201031_0200_L2ARP030_FLDK.02401_02401.nc to Malaysia Domain.
2025-12-29 01:07:21,611 - INFO - Downloaded: NC_H08_20201031_0300_L2ARP030_FLDK.02401_02401.nc
2025-12-29 01:07:21,698 - INFO - Cropped NC_H08_20201031_0300_L2ARP030_FLDK.02401_02401.nc to Malaysia Domain.
2025-12-29 01:07:28,378 - INFO - Downloaded: NC_H08_20201031_0400_L2ARP030_FLDK.02401_02401.nc
2025-12-29 01:07:28,459 - INFO - Cropped NC_H08_20201031_0400_L2ARP030_FLDK.02401_02401.nc to Malaysia Domain.
2025-12-29 01:07:32,551 - INFO - Downloaded: NC_H08_20201031_0500_L2ARP030_FLDK.02401_02401.nc
2025-12-29 01:07:32,628 - INFO - Cropped NC_H08_20201031_0500_L2ARP030_FLDK.02401_02401.nc to Malaysia Domain.
2025-12-29 01:07:36,136 - INFO - Downloaded: NC_H08_20201031_0600_L2ARP030_FLDK.02401_02401.nc
2025-12-29 01:07:36,211 - INFO - Cropped NC_H08_20201031_0600_L2ARP030_FLDK.02401_02401.nc to Malaysia Domain.
2025-12-29 01:07:39,254 - INFO - Downloaded: NC_H08_20201031_0700_L2ARP030_FLDK.02401_02401.nc
2025-12-29 01:07:39,324 - INFO - Cropped NC_H08_20201031_0700_L2ARP030_FLDK.02401_02401.nc to Malaysia Domain.
2025-12-29 01:07:41,821 - INFO - Downloaded: NC_H08_20201031_0800_L2ARP030_FLDK.02401_02401.nc
2025-12-29 01:07:41,889 - INFO - Cropped NC_H08_20201031_0800_L2ARP030_FLDK.02401_02401.nc to Malaysia Domain.
2025-12-29 01:07:43,868 - INFO - Downloaded: NC_H08_20201031_0900_L2ARP030_FLDK.02401_02401.nc
2025-12-29 01:07:43,935 - INFO - Cropped NC_H08_20201031_0900_L2ARP030_FLDK.02401_02401.nc to Malaysia Domain.
2025-12-29 01:07:47,002 - INFO - Downloaded: NC_H08_20201101_0000_L2ARP030_FLDK.02401_02401.nc
2025-12-29 01:07:47,076 - INFO - Cropped NC_H08_20201101_0000_L2ARP030_FLDK.02401_02401.nc to Malaysia Domain.
2025-12-29 01:08:32,323 - INFO - Downloaded: NC_H08_20201101_0100_L2ARP030_FLDK.02401_02401.nc
2025-12-29 01:08:32,399 - INFO - Cropped NC_H08_20201101_0100_L2ARP030_FLDK.02401_02401.nc to Malaysia Domain.
2025-12-29 01:08:39,248 - INFO - Downloaded: NC_H08_20201101_0200_L2ARP030_FLDK.02401_02401.nc
2025-12-29 01:08:39,328 - INFO - Cropped NC_H08_20201101_0200_L2ARP030_FLDK.02401_02401.nc to Malaysia Domain.
2025-12-29 01:09:30,181 - INFO - Downloaded: NC_H08_20201101_0300_L2ARP030_FLDK.02401_02401.nc
2025-12-29 01:09:30,254 - INFO - Cropped NC_H08_20201101_0300_L2ARP030_FLDK.02401_02401.nc to Malaysia Domain.
2025-12-29 01:10:17,775 - INFO - Downloaded: NC_H08_20201101_0400_L2ARP030_FLDK.02401_02401.nc
2025-12-29 01:10:17,847 - INFO - Cropped NC_H08_20201101_0400_L2ARP030_FLDK.02401_02401.nc to Malaysia Domain.
2025-12-29 01:10:29,442 - INFO - Downloaded: NC_H08_20201101_0500_L2ARP030_FLDK.02401_02401.nc
2025-12-29 01:10:29,514 - INFO - Cropped NC_H08_20201101_0500_L2ARP030_FLDK.02401_02401.nc to Malaysia Domain.
2025-12-29 01:10:33,640 - INFO - Downloaded: NC_H08_20201101_0600_L2ARP030_FLDK.02401_02401.nc
2025-12-29 01:10:33,710 - INFO - Cropped NC_H08_20201101_0600_L2ARP030_FLDK.02401_02401.nc to Malaysia Domain.
2025-12-29 01:10:37,123 - INFO - Downloaded: NC_H08_20201101_0700_L2ARP030_FLDK.02401_02401.nc
2025-12-29 01:10:37,192 - INFO - Cropped NC_H08_20201101_0700_L2ARP030_FLDK.02401_02401.nc to Malaysia Domain.
2025-12-29 01:10:39,520 - INFO - Downloaded: NC_H08_20201101_0800_L2ARP030_FLDK.02401_02401.nc
2025-12-29 01:10:39,587 - INFO - Cropped NC_H08_20201101_0800_L2ARP030_FLDK.02401_02401.nc to Malaysia Domain.
2025-12-29 01:10:41,715 - INFO - Downloaded: NC_H08_20201101_0900_L2ARP030_FLDK.02401_02401.nc
2025-12-29 01:10:41,777 - INFO - Cropped NC_H08_20201101_0900_L2ARP030_FLDK.02401_02401.nc to Malaysia Domain.
2025-12-29 01:10:46,763 - INFO - Downloaded: NC_H08_20201102_0000_L2ARP030_FLDK.02401_02401.nc
2025-12-29 01:10:46,831 - INFO - Cropped NC_H08_20201102_0000_L2ARP030_FLDK.02401_02401.nc to Malaysia Domain.
2025-12-29 01:10:50,216 - INFO - Downloaded: NC_H08_20201102_0100_L2ARP030_FLDK.02401_02401.nc
2025-12-29 01:10:50,290 - INFO - Cropped NC_H08_20201102_0100_L2ARP030_FLDK.02401_02401.nc to Malaysia Domain.
2025-12-29 01:11:37,160 - INFO - Downloaded: NC_H08_20201102_0200_L2ARP030_FLDK.02401_02401.nc
2025-12-29 01:11:37,240 - INFO - Cropped NC_H08_20201102_0200_L2ARP030_FLDK.02401_02401.nc to Malaysia Domain.
2025-12-29 01:11:47,772 - INFO - Downloaded: NC_H08_20201102_0300_L2ARP030_FLDK.02401_02401.nc
2025-12-29 01:11:47,848 - INFO - Cropped NC_H08_20201102_0300_L2ARP030_FLDK.02401_02401.nc to Malaysia Domain.
2025-12-29 01:11:52,815 - INFO - Downloaded: NC_H08_20201102_0400_L2ARP030_FLDK.02401_02401.nc
2025-12-29 01:11:52,891 - INFO - Cropped NC_H08_20201102_0400_L2ARP030_FLDK.02401_02401.nc to Malaysia Domain.
2025-12-29 01:12:39,286 - INFO - Downloaded: NC_H08_20201102_0500_L2ARP030_FLDK.02401_02401.nc
2025-12-29 01:12:39,358 - INFO - Cropped NC_H08_20201102_0500_L2ARP030_FLDK.02401_02401.nc to Malaysia Domain.
2025-12-29 01:12:39,883 - INFO - No minute 00 files found in /pub/himawari/L2/ARP/030/202011/02/06/
2025-12-29 01:12:49,480 - INFO - Downloaded: NC_H08_20201102_0700_L2ARP030_FLDK.02401_02401.nc
2025-12-29 01:12:49,549 - INFO - Cropped NC_H08_20201102_0700_L2ARP030_FLDK.02401_02401.nc to Malaysia Domain.
2025-12-29 01:12:55,328 - INFO - Downloaded: NC_H08_20201102_0800_L2ARP030_FLDK.02401_02401.nc
2025-12-29 01:12:55,395 - INFO - Cropped NC_H08_20201102_0800_L2ARP030_FLDK.02401_02401.nc to Malaysia Domain.
2025-12-29 01:13:00,829 - INFO - Downloaded: NC_H08_20201102_0900_L2ARP030_FLDK.02401_02401.nc
2025-12-29 01:13:00,892 - INFO - Cropped NC_H08_20201102_0900_L2ARP030_FLDK.02401_02401.nc to Malaysia Domain.
2025-12-29 01:13:44,762 - INFO - Downloaded: NC_H08_20201103_0000_L2ARP030_FLDK.02401_02401.nc
2025-12-29 01:13:44,832 - INFO - Cropped NC_H08_20201103_0000_L2ARP030_FLDK.02401_02401.nc to Malaysia Domain.
2025-12-29 01:13:51,791 - INFO - Downloaded: NC_H08_20201103_0100_L2ARP030_FLDK.02401_02401.nc
2025-12-29 01:13:51,870 - INFO - Cropped NC_H08_20201103_0100_L2ARP030_FLDK.02401_02401.nc to Malaysia Domain.
2025-12-29 01:13:57,923 - INFO - Downloaded: NC_H08_20201103_0200_L2ARP030_FLDK.02401_02401.nc
2025-12-29 01:13:58,002 - INFO - Cropped NC_H08_20201103_0200_L2ARP030_FLDK.02401_02401.nc to Malaysia Domain.
2025-12-29 01:14:05,835 - INFO - Downloaded: NC_H08_20201103_0300_L2ARP030_FLDK.02401_02401.nc
2025-12-29 01:14:05,913 - INFO - Cropped NC_H08_20201103_0300_L2ARP030_FLDK.02401_02401.nc to Malaysia Domain.
2025-12-29 01:14:15,614 - INFO - Downloaded: NC_H08_20201103_0400_L2ARP030_FLDK.02401_02401.nc
2025-12-29 01:14:15,690 - INFO - Cropped NC_H08_20201103_0400_L2ARP030_FLDK.02401_02401.nc to Malaysia Domain.
2025-12-29 01:14:27,950 - INFO - Downloaded: NC_H08_20201103_0500_L2ARP030_FLDK.02401_02401.nc
2025-12-29 01:14:28,022 - INFO - Cropped NC_H08_20201103_0500_L2ARP030_FLDK.02401_02401.nc to Malaysia Domain.
2025-12-29 01:14:36,252 - INFO - Downloaded: NC_H08_20201103_0600_L2ARP030_FLDK.02401_02401.nc
2025-12-29 01:14:36,323 - INFO - Cropped NC_H08_20201103_0600_L2ARP030_FLDK.02401_02401.nc to Malaysia Domain.
2025-12-29 01:14:43,112 - INFO - Downloaded: NC_H08_20201103_0700_L2ARP030_FLDK.02401_02401.nc
2025-12-29 01:14:43,181 - INFO - Cropped NC_H08_20201103_0700_L2ARP030_FLDK.02401_02401.nc to Malaysia Domain.
2025-12-29 01:14:58,644 - INFO - Downloaded: NC_H08_20201103_0800_L2ARP030_FLDK.02401_02401.nc
2025-12-29 01:14:58,711 - INFO - Cropped NC_H08_20201103_0800_L2ARP030_FLDK.02401_02401.nc to Malaysia Domain.
2025-12-29 01:15:04,805 - INFO - Downloaded: NC_H08_20201103_0900_L2ARP030_FLDK.02401_02401.nc
2025-12-29 01:15:04,868 - INFO - Cropped NC_H08_20201103_0900_L2ARP030_FLDK.02401_02401.nc to Malaysia Domain.
2025-12-29 01:15:14,604 - INFO - Downloaded: NC_H08_20201104_0000_L2ARP030_FLDK.02401_02401.nc
2025-12-29 01:15:14,677 - INFO - Cropped NC_H08_20201104_0000_L2ARP030_FLDK.02401_02401.nc to Malaysia Domain.
2025-12-29 01:15:48,643 - INFO - Downloaded: NC_H08_20201104_0100_L2ARP030_FLDK.02401_02401.nc
2025-12-29 01:15:48,716 - INFO - Cropped NC_H08_20201104_0100_L2ARP030_FLDK.02401_02401.nc to Malaysia Domain.
2025-12-29 01:15:59,191 - INFO - Downloaded: NC_H08_20201104_0200_L2ARP030_FLDK.02401_02401.nc
2025-12-29 01:15:59,267 - INFO - Cropped NC_H08_20201104_0200_L2ARP030_FLDK.02401_02401.nc to Malaysia Domain.
2025-12-29 01:16:05,718 - INFO - Downloaded: NC_H08_20201104_0300_L2ARP030_FLDK.02401_02401.nc
2025-12-29 01:16:05,794 - INFO - Cropped NC_H08_20201104_0300_L2ARP030_FLDK.02401_02401.nc to Malaysia Domain.
2025-12-29 01:16:11,793 - INFO - Downloaded: NC_H08_20201104_0400_L2ARP030_FLDK.02401_02401.nc
2025-12-29 01:16:11,872 - INFO - Cropped NC_H08_20201104_0400_L2ARP030_FLDK.02401_02401.nc to Malaysia Domain.
2025-12-29 01:16:15,270 - INFO - Downloaded: NC_H08_20201104_0500_L2ARP030_FLDK.02401_02401.nc
2025-12-29 01:16:15,341 - INFO - Cropped NC_H08_20201104_0500_L2ARP030_FLDK.02401_02401.nc to Malaysia Domain.
2025-12-29 01:16:18,734 - INFO - Downloaded: NC_H08_20201104_0600_L2ARP030_FLDK.02401_02401.nc
2025-12-29 01:16:18,806 - INFO - Cropped NC_H08_20201104_0600_L2ARP030_FLDK.02401_02401.nc to Malaysia Domain.
2025-12-29 01:16:21,680 - INFO - Downloaded: NC_H08_20201104_0700_L2ARP030_FLDK.02401_02401.nc
2025-12-29 01:16:21,748 - INFO - Cropped NC_H08_20201104_0700_L2ARP030_FLDK.02401_02401.nc to Malaysia Domain.
2025-12-29 01:16:23,916 - INFO - Downloaded: NC_H08_20201104_0800_L2ARP030_FLDK.02401_02401.nc
2025-12-29 01:16:23,983 - INFO - Cropped NC_H08_20201104_0800_L2ARP030_FLDK.02401_02401.nc to Malaysia Domain.
2025-12-29 01:16:25,912 - INFO - Downloaded: NC_H08_20201104_0900_L2ARP030_FLDK.02401_02401.nc
2025-12-29 01:16:25,976 - INFO - Cropped NC_H08_20201104_0900_L2ARP030_FLDK.02401_02401.nc to Malaysia Domain.
2025-12-29 01:16:29,818 - INFO - Downloaded: NC_H08_20201105_0000_L2ARP030_FLDK.02401_02401.nc
2025-12-29 01:16:29,891 - INFO - Cropped NC_H08_20201105_0000_L2ARP030_FLDK.02401_02401.nc to Malaysia Domain.
2025-12-29 01:16:33,861 - INFO - Downloaded: NC_H08_20201105_0100_L2ARP030_FLDK.02401_02401.nc
2025-12-29 01:16:33,942 - INFO - Cropped NC_H08_20201105_0100_L2ARP030_FLDK.02401_02401.nc to Malaysia Domain.
2025-12-29 01:16:38,222 - INFO - Downloaded: NC_H08_20201105_0200_L2ARP030_FLDK.02401_02401.nc
2025-12-29 01:16:38,306 - INFO - Cropped NC_H08_20201105_0200_L2ARP030_FLDK.02401_02401.nc to Malaysia Domain.
2025-12-29 01:17:21,254 - INFO - Downloaded: NC_H08_20201105_0300_L2ARP030_FLDK.02401_02401.nc
2025-12-29 01:17:21,337 - INFO - Cropped NC_H08_20201105_0300_L2ARP030_FLDK.02401_02401.nc to Malaysia Domain.
2025-12-29 01:18:03,514 - INFO - Downloaded: NC_H08_20201105_0400_L2ARP030_FLDK.02401_02401.nc
2025-12-29 01:18:03,595 - INFO - Cropped NC_H08_20201105_0400_L2ARP030_FLDK.02401_02401.nc to Malaysia Domain.
2025-12-29 01:18:15,585 - INFO - Downloaded: NC_H08_20201105_0500_L2ARP030_FLDK.02401_02401.nc
2025-12-29 01:18:15,660 - INFO - Cropped NC_H08_20201105_0500_L2ARP030_FLDK.02401_02401.nc to Malaysia Domain.
2025-12-29 01:18:45,310 - INFO - Downloaded: NC_H08_20201105_0600_L2ARP030_FLDK.02401_02401.nc
2025-12-29 01:18:45,384 - INFO - Cropped NC_H08_20201105_0600_L2ARP030_FLDK.02401_02401.nc to Malaysia Domain.
2025-12-29 01:18:54,827 - INFO - Downloaded: NC_H08_20201105_0700_L2ARP030_FLDK.02401_02401.nc
2025-12-29 01:18:54,900 - INFO - Cropped NC_H08_20201105_0700_L2ARP030_FLDK.02401_02401.nc to Malaysia Domain.
2025-12-29 01:19:01,690 - INFO - Downloaded: NC_H08_20201105_0800_L2ARP030_FLDK.02401_02401.nc
2025-12-29 01:19:01,771 - INFO - Cropped NC_H08_20201105_0800_L2ARP030_FLDK.02401_02401.nc to Malaysia Domain.
2025-12-29 01:19:05,582 - INFO - Downloaded: NC_H08_20201105_0900_L2ARP030_FLDK.02401_02401.nc
2025-12-29 01:19:05,651 - INFO - Cropped NC_H08_20201105_0900_L2ARP030_FLDK.02401_02401.nc to Malaysia Domain.
2025-12-29 01:19:38,747 - INFO - Downloaded: NC_H08_20201106_0000_L2ARP030_FLDK.02401_02401.nc
2025-12-29 01:19:38,829 - INFO - Cropped NC_H08_20201106_0000_L2ARP030_FLDK.02401_02401.nc to Malaysia Domain.
2025-12-29 01:19:50,583 - INFO - Downloaded: NC_H08_20201106_0100_L2ARP030_FLDK.02401_02401.nc
2025-12-29 01:19:50,682 - INFO - Cropped NC_H08_20201106_0100_L2ARP030_FLDK.02401_02401.nc to Malaysia Domain.
2025-12-29 01:19:58,685 - INFO - Downloaded: NC_H08_20201106_0200_L2ARP030_FLDK.02401_02401.nc
2025-12-29 01:19:58,790 - INFO - Cropped NC_H08_20201106_0200_L2ARP030_FLDK.02401_02401.nc to Malaysia Domain.
2025-12-29 01:20:09,554 - INFO - Downloaded: NC_H08_20201106_0300_L2ARP030_FLDK.02401_02401.nc
2025-12-29 01:20:09,663 - INFO - Cropped NC_H08_20201106_0300_L2ARP030_FLDK.02401_02401.nc to Malaysia Domain.
2025-12-29 01:20:58,647 - INFO - Downloaded: NC_H08_20201106_0400_L2ARP030_FLDK.02401_02401.nc
2025-12-29 01:20:58,749 - INFO - Cropped NC_H08_20201106_0400_L2ARP030_FLDK.02401_02401.nc to Malaysia Domain.
2025-12-29 01:21:05,331 - INFO - Downloaded: NC_H08_20201106_0500_L2ARP030_FLDK.02401_02401.nc
2025-12-29 01:21:05,430 - INFO - Cropped NC_H08_20201106_0500_L2ARP030_FLDK.02401_02401.nc to Malaysia Domain.
2025-12-29 01:21:09,482 - INFO - Downloaded: NC_H08_20201106_0600_L2ARP030_FLDK.02401_02401.nc
2025-12-29 01:21:09,580 - INFO - Cropped NC_H08_20201106_0600_L2ARP030_FLDK.02401_02401.nc to Malaysia Domain.
2025-12-29 01:21:18,616 - INFO - Downloaded: NC_H08_20201106_0700_L2ARP030_FLDK.02401_02401.nc
2025-12-29 01:21:18,709 - INFO - Cropped NC_H08_20201106_0700_L2ARP030_FLDK.02401_02401.nc to Malaysia Domain.
2025-12-29 01:21:22,015 - INFO - Downloaded: NC_H08_20201106_0800_L2ARP030_FLDK.02401_02401.nc
2025-12-29 01:21:22,105 - INFO - Cropped NC_H08_20201106_0800_L2ARP030_FLDK.02401_02401.nc to Malaysia Domain.
2025-12-29 01:21:25,366 - INFO - Downloaded: NC_H08_20201106_0900_L2ARP030_FLDK.02401_02401.nc
2025-12-29 01:21:25,440 - INFO - Cropped NC_H08_20201106_0900_L2ARP030_FLDK.02401_02401.nc to Malaysia Domain.
2025-12-29 01:21:28,977 - INFO - Downloaded: NC_H08_20201107_0000_L2ARP030_FLDK.02401_02401.nc
2025-12-29 01:21:29,055 - INFO - Cropped NC_H08_20201107_0000_L2ARP030_FLDK.02401_02401.nc to Malaysia Domain.
2025-12-29 01:21:33,306 - INFO - Downloaded: NC_H08_20201107_0100_L2ARP030_FLDK.02401_02401.nc
2025-12-29 01:21:33,394 - INFO - Cropped NC_H08_20201107_0100_L2ARP030_FLDK.02401_02401.nc to Malaysia Domain.
2025-12-29 01:22:22,543 - INFO - Downloaded: NC_H08_20201107_0200_L2ARP030_FLDK.02401_02401.nc
2025-12-29 01:22:22,637 - INFO - Cropped NC_H08_20201107_0200_L2ARP030_FLDK.02401_02401.nc to Malaysia Domain.
2025-12-29 01:22:34,605 - INFO - Downloaded: NC_H08_20201107_0300_L2ARP030_FLDK.02401_02401.nc
2025-12-29 01:22:34,701 - INFO - Cropped NC_H08_20201107_0300_L2ARP030_FLDK.02401_02401.nc to Malaysia Domain.
2025-12-29 01:23:25,449 - INFO - Downloaded: NC_H08_20201107_0400_L2ARP030_FLDK.02401_02401.nc
2025-12-29 01:23:25,539 - INFO - Cropped NC_H08_20201107_0400_L2ARP030_FLDK.02401_02401.nc to Malaysia Domain.
2025-12-29 01:23:58,358 - INFO - Downloaded: NC_H08_20201107_0500_L2ARP030_FLDK.02401_02401.nc
2025-12-29 01:23:58,449 - INFO - Cropped NC_H08_20201107_0500_L2ARP030_FLDK.02401_02401.nc to Malaysia Domain.
2025-12-29 01:24:08,144 - INFO - Downloaded: NC_H08_20201107_0600_L2ARP030_FLDK.02401_02401.nc
2025-12-29 01:24:08,227 - INFO - Cropped NC_H08_20201107_0600_L2ARP030_FLDK.02401_02401.nc to Malaysia Domain.
2025-12-29 01:24:30,422 - INFO - Downloaded: NC_H08_20201107_0700_L2ARP030_FLDK.02401_02401.nc
2025-12-29 01:24:30,507 - INFO - Cropped NC_H08_20201107_0700_L2ARP030_FLDK.02401_02401.nc to Malaysia Domain.
2025-12-29 01:24:37,727 - INFO - Downloaded: NC_H08_20201107_0800_L2ARP030_FLDK.02401_02401.nc
2025-12-29 01:24:37,802 - INFO - Cropped NC_H08_20201107_0800_L2ARP030_FLDK.02401_02401.nc to Malaysia Domain.
2025-12-29 01:24:42,154 - INFO - Downloaded: NC_H08_20201107_0900_L2ARP030_FLDK.02401_02401.nc
2025-12-29 01:24:42,225 - INFO - Cropped NC_H08_20201107_0900_L2ARP030_FLDK.02401_02401.nc to Malaysia Domain.
2025-12-29 01:24:52,935 - INFO - Downloaded: NC_H08_20201108_0000_L2ARP030_FLDK.02401_02401.nc
2025-12-29 01:24:53,008 - INFO - Cropped NC_H08_20201108_0000_L2ARP030_FLDK.02401_02401.nc to Malaysia Domain.
2025-12-29 01:25:28,962 - INFO - Downloaded: NC_H08_20201108_0100_L2ARP030_FLDK.02401_02401.nc
2025-12-29 01:25:29,040 - INFO - Cropped NC_H08_20201108_0100_L2ARP030_FLDK.02401_02401.nc to Malaysia Domain.
2025-12-29 01:26:05,648 - INFO - Downloaded: NC_H08_20201108_0200_L2ARP030_FLDK.02401_02401.nc
2025-12-29 01:26:05,730 - INFO - Cropped NC_H08_20201108_0200_L2ARP030_FLDK.02401_02401.nc to Malaysia Domain.
2025-12-29 01:26:12,457 - INFO - Downloaded: NC_H08_20201108_0300_L2ARP030_FLDK.02401_02401.nc
2025-12-29 01:26:12,543 - INFO - Cropped NC_H08_20201108_0300_L2ARP030_FLDK.02401_02401.nc to Malaysia Domain.
2025-12-29 01:26:50,772 - INFO - Downloaded: NC_H08_20201108_0400_L2ARP030_FLDK.02401_02401.nc
2025-12-29 01:26:50,853 - INFO - Cropped NC_H08_20201108_0400_L2ARP030_FLDK.02401_02401.nc to Malaysia Domain.
2025-12-29 01:27:00,771 - INFO - Downloaded: NC_H08_20201108_0500_L2ARP030_FLDK.02401_02401.nc
2025-12-29 01:27:00,849 - INFO - Cropped NC_H08_20201108_0500_L2ARP030_FLDK.02401_02401.nc to Malaysia Domain.
2025-12-29 01:27:07,192 - INFO - Downloaded: NC_H08_20201108_0600_L2ARP030_FLDK.02401_02401.nc
2025-12-29 01:27:07,269 - INFO - Cropped NC_H08_20201108_0600_L2ARP030_FLDK.02401_02401.nc to Malaysia Domain.
2025-12-29 01:27:15,590 - INFO - Downloaded: NC_H08_20201108_0700_L2ARP030_FLDK.02401_02401.nc
2025-12-29 01:27:15,665 - INFO - Cropped NC_H08_20201108_0700_L2ARP030_FLDK.02401_02401.nc to Malaysia Domain.
2025-12-29 01:27:24,167 - INFO - Downloaded: NC_H08_20201108_0800_L2ARP030_FLDK.02401_02401.nc
2025-12-29 01:27:24,237 - INFO - Cropped NC_H08_20201108_0800_L2ARP030_FLDK.02401_02401.nc to Malaysia Domain.
2025-12-29 01:27:35,449 - INFO - Downloaded: NC_H08_20201108_0900_L2ARP030_FLDK.02401_02401.nc
2025-12-29 01:27:35,515 - INFO - Cropped NC_H08_20201108_0900_L2ARP030_FLDK.02401_02401.nc to Malaysia Domain.
2025-12-29 01:27:46,430 - INFO - Downloaded: NC_H08_20201109_0000_L2ARP030_FLDK.02401_02401.nc
2025-12-29 01:27:46,500 - INFO - Cropped NC_H08_20201109_0000_L2ARP030_FLDK.02401_02401.nc to Malaysia Domain.
2025-12-29 01:28:20,769 - INFO - Downloaded: NC_H08_20201109_0100_L2ARP030_FLDK.02401_02401.nc
2025-12-29 01:28:20,846 - INFO - Cropped NC_H08_20201109_0100_L2ARP030_FLDK.02401_02401.nc to Malaysia Domain.
2025-12-29 01:28:33,701 - INFO - Downloaded: NC_H08_20201109_0200_L2ARP030_FLDK.02401_02401.nc
2025-12-29 01:28:33,782 - INFO - Cropped NC_H08_20201109_0200_L2ARP030_FLDK.02401_02401.nc to Malaysia Domain.
2025-12-29 01:28:47,512 - INFO - Downloaded: NC_H08_20201109_0300_L2ARP030_FLDK.02401_02401.nc
2025-12-29 01:28:47,596 - INFO - Cropped NC_H08_20201109_0300_L2ARP030_FLDK.02401_02401.nc to Malaysia Domain.
2025-12-29 01:28:57,599 - INFO - Downloaded: NC_H08_20201109_0400_L2ARP030_FLDK.02401_02401.nc
2025-12-29 01:28:57,679 - INFO - Cropped NC_H08_20201109_0400_L2ARP030_FLDK.02401_02401.nc to Malaysia Domain.
2025-12-29 01:29:03,643 - INFO - Downloaded: NC_H08_20201109_0500_L2ARP030_FLDK.02401_02401.nc
2025-12-29 01:29:03,722 - INFO - Cropped NC_H08_20201109_0500_L2ARP030_FLDK.02401_02401.nc to Malaysia Domain.
2025-12-29 01:29:38,505 - INFO - Downloaded: NC_H08_20201109_0600_L2ARP030_FLDK.02401_02401.nc
2025-12-29 01:29:38,585 - INFO - Cropped NC_H08_20201109_0600_L2ARP030_FLDK.02401_02401.nc to Malaysia Domain.
2025-12-29 01:29:45,625 - INFO - Downloaded: NC_H08_20201109_0700_L2ARP030_FLDK.02401_02401.nc
2025-12-29 01:29:45,700 - INFO - Cropped NC_H08_20201109_0700_L2ARP030_FLDK.02401_02401.nc to Malaysia Domain.
2025-12-29 01:29:48,899 - INFO - Downloaded: NC_H08_20201109_0800_L2ARP030_FLDK.02401_02401.nc
2025-12-29 01:29:48,973 - INFO - Cropped NC_H08_20201109_0800_L2ARP030_FLDK.02401_02401.nc to Malaysia Domain.
2025-12-29 01:29:51,842 - INFO - Downloaded: NC_H08_20201109_0900_L2ARP030_FLDK.02401_02401.nc
2025-12-29 01:29:51,910 - INFO - Cropped NC_H08_20201109_0900_L2ARP030_FLDK.02401_02401.nc to Malaysia Domain.
2025-12-29 01:29:56,276 - INFO - Downloaded: NC_H08_20201110_0000_L2ARP030_FLDK.02401_02401.nc
2025-12-29 01:29:56,350 - INFO - Cropped NC_H08_20201110_0000_L2ARP030_FLDK.02401_02401.nc to Malaysia Domain.
2025-12-29 01:30:00,156 - INFO - Downloaded: NC_H08_20201110_0100_L2ARP030_FLDK.02401_02401.nc
2025-12-29 01:30:00,238 - INFO - Cropped NC_H08_20201110_0100_L2ARP030_FLDK.02401_02401.nc to Malaysia Domain.
2025-12-29 01:30:08,448 - INFO - Downloaded: NC_H08_20201110_0200_L2ARP030_FLDK.02401_02401.nc
2025-12-29 01:30:08,542 - INFO - Cropped NC_H08_20201110_0200_L2ARP030_FLDK.02401_02401.nc to Malaysia Domain.
2025-12-29 01:30:53,594 - INFO - Downloaded: NC_H08_20201110_0300_L2ARP030_FLDK.02401_02401.nc
2025-12-29 01:30:53,689 - INFO - Cropped NC_H08_20201110_0300_L2ARP030_FLDK.02401_02401.nc to Malaysia Domain.
2025-12-29 01:31:46,888 - INFO - Downloaded: NC_H08_20201110_0400_L2ARP030_FLDK.02401_02401.nc
2025-12-29 01:31:46,976 - INFO - Cropped NC_H08_20201110_0400_L2ARP030_FLDK.02401_02401.nc to Malaysia Domain.
2025-12-29 01:31:58,765 - INFO - Downloaded: NC_H08_20201110_0500_L2ARP030_FLDK.02401_02401.nc
2025-12-29 01:31:58,849 - INFO - Cropped NC_H08_20201110_0500_L2ARP030_FLDK.02401_02401.nc to Malaysia Domain.
2025-12-29 01:32:09,141 - INFO - Downloaded: NC_H08_20201110_0600_L2ARP030_FLDK.02401_02401.nc
2025-12-29 01:32:09,224 - INFO - Cropped NC_H08_20201110_0600_L2ARP030_FLDK.02401_02401.nc to Malaysia Domain.
2025-12-29 01:32:18,181 - INFO - Downloaded: NC_H08_20201110_0700_L2ARP030_FLDK.02401_02401.nc
2025-12-29 01:32:18,259 - INFO - Cropped NC_H08_20201110_0700_L2ARP030_FLDK.02401_02401.nc to Malaysia Domain.
2025-12-29 01:32:22,187 - INFO - Downloaded: NC_H08_20201110_0800_L2ARP030_FLDK.02401_02401.nc
2025-12-29 01:32:22,261 - INFO - Cropped NC_H08_20201110_0800_L2ARP030_FLDK.02401_02401.nc to Malaysia Domain.
2025-12-29 01:32:35,006 - INFO - Downloaded: NC_H08_20201110_0900_L2ARP030_FLDK.02401_02401.nc
2025-12-29 01:32:35,080 - INFO - Cropped NC_H08_20201110_0900_L2ARP030_FLDK.02401_02401.nc to Malaysia Domain.
2025-12-29 01:33:28,894 - INFO - Downloaded: NC_H08_20201111_0000_L2ARP030_FLDK.02401_02401.nc
2025-12-29 01:33:28,976 - INFO - Cropped NC_H08_20201111_0000_L2ARP030_FLDK.02401_02401.nc to Malaysia Domain.
2025-12-29 01:33:39,306 - INFO - Downloaded: NC_H08_20201111_0100_L2ARP030_FLDK.02401_02401.nc
2025-12-29 01:33:39,405 - INFO - Cropped NC_H08_20201111_0100_L2ARP030_FLDK.02401_02401.nc to Malaysia Domain.
2025-12-29 01:34:29,127 - INFO - Downloaded: NC_H08_20201111_0200_L2ARP030_FLDK.02401_02401.nc
2025-12-29 01:34:29,242 - INFO - Cropped NC_H08_20201111_0200_L2ARP030_FLDK.02401_02401.nc to Malaysia Domain.
2025-12-29 01:35:22,866 - INFO - Downloaded: NC_H08_20201111_0300_L2ARP030_FLDK.02401_02401.nc
2025-12-29 01:35:22,978 - INFO - Cropped NC_H08_20201111_0300_L2ARP030_FLDK.02401_02401.nc to Malaysia Domain.
2025-12-29 01:35:35,855 - INFO - Downloaded: NC_H08_20201111_0400_L2ARP030_FLDK.02401_02401.nc
2025-12-29 01:35:35,959 - INFO - Cropped NC_H08_20201111_0400_L2ARP030_FLDK.02401_02401.nc to Malaysia Domain.
2025-12-29 01:35:45,935 - INFO - Downloaded: NC_H08_20201111_0500_L2ARP030_FLDK.02401_02401.nc
2025-12-29 01:35:46,038 - INFO - Cropped NC_H08_20201111_0500_L2ARP030_FLDK.02401_02401.nc to Malaysia Domain.
2025-12-29 01:36:21,674 - INFO - Downloaded: NC_H08_20201111_0600_L2ARP030_FLDK.02401_02401.nc
2025-12-29 01:36:21,772 - INFO - Cropped NC_H08_20201111_0600_L2ARP030_FLDK.02401_02401.nc to Malaysia Domain.
2025-12-29 01:36:31,074 - INFO - Downloaded: NC_H08_20201111_0700_L2ARP030_FLDK.02401_02401.nc
2025-12-29 01:36:31,173 - INFO - Cropped NC_H08_20201111_0700_L2ARP030_FLDK.02401_02401.nc to Malaysia Domain.
2025-12-29 01:36:52,920 - INFO - Downloaded: NC_H08_20201111_0800_L2ARP030_FLDK.02401_02401.nc
2025-12-29 01:36:53,018 - INFO - Cropped NC_H08_20201111_0800_L2ARP030_FLDK.02401_02401.nc to Malaysia Domain.
2025-12-29 01:37:06,559 - INFO - Downloaded: NC_H08_20201111_0900_L2ARP030_FLDK.02401_02401.nc
2025-12-29 01:37:06,640 - INFO - Cropped NC_H08_20201111_0900_L2ARP030_FLDK.02401_02401.nc to Malaysia Domain.
2025-12-29 01:37:13,567 - INFO - Downloaded: NC_H08_20201112_0000_L2ARP030_FLDK.02401_02401.nc
2025-12-29 01:37:13,655 - INFO - Cropped NC_H08_20201112_0000_L2ARP030_FLDK.02401_02401.nc to Malaysia Domain.
2025-12-29 01:37:18,853 - INFO - Downloaded: NC_H08_20201112_0100_L2ARP030_FLDK.02401_02401.nc
2025-12-29 01:37:18,956 - INFO - Cropped NC_H08_20201112_0100_L2ARP030_FLDK.02401_02401.nc to Malaysia Domain.
2025-12-29 01:37:25,371 - INFO - Downloaded: NC_H08_20201112_0200_L2ARP030_FLDK.02401_02401.nc
2025-12-29 01:37:25,484 - INFO - Cropped NC_H08_20201112_0200_L2ARP030_FLDK.02401_02401.nc to Malaysia Domain.
2025-12-29 01:38:22,130 - INFO - Downloaded: NC_H08_20201112_0300_L2ARP030_FLDK.02401_02401.nc
2025-12-29 01:38:22,238 - INFO - Cropped NC_H08_20201112_0300_L2ARP030_FLDK.02401_02401.nc to Malaysia Domain.
2025-12-29 01:38:33,232 - INFO - Downloaded: NC_H08_20201112_0400_L2ARP030_FLDK.02401_02401.nc
2025-12-29 01:38:33,331 - INFO - Cropped NC_H08_20201112_0400_L2ARP030_FLDK.02401_02401.nc to Malaysia Domain.
2025-12-29 01:38:40,142 - INFO - Downloaded: NC_H08_20201112_0500_L2ARP030_FLDK.02401_02401.nc
2025-12-29 01:38:40,238 - INFO - Cropped NC_H08_20201112_0500_L2ARP030_FLDK.02401_02401.nc to Malaysia Domain.
2025-12-29 01:38:44,307 - INFO - Downloaded: NC_H08_20201112_0600_L2ARP030_FLDK.02401_02401.nc
2025-12-29 01:38:44,396 - INFO - Cropped NC_H08_20201112_0600_L2ARP030_FLDK.02401_02401.nc to Malaysia Domain.
2025-12-29 01:38:47,562 - INFO - Downloaded: NC_H08_20201112_0700_L2ARP030_FLDK.02401_02401.nc
2025-12-29 01:38:47,652 - INFO - Cropped NC_H08_20201112_0700_L2ARP030_FLDK.02401_02401.nc to Malaysia Domain.
2025-12-29 01:38:50,313 - INFO - Downloaded: NC_H08_20201112_0800_L2ARP030_FLDK.02401_02401.nc
2025-12-29 01:38:50,396 - INFO - Cropped NC_H08_20201112_0800_L2ARP030_FLDK.02401_02401.nc to Malaysia Domain.
2025-12-29 01:38:52,727 - INFO - Downloaded: NC_H08_20201112_0900_L2ARP030_FLDK.02401_02401.nc
2025-12-29 01:38:52,800 - INFO - Cropped NC_H08_20201112_0900_L2ARP030_FLDK.02401_02401.nc to Malaysia Domain.
2025-12-29 01:38:56,102 - INFO - Downloaded: NC_H08_20201113_0000_L2ARP030_FLDK.02401_02401.nc
2025-12-29 01:38:56,197 - INFO - Cropped NC_H08_20201113_0000_L2ARP030_FLDK.02401_02401.nc to Malaysia Domain.
2025-12-29 01:39:00,568 - INFO - Downloaded: NC_H08_20201113_0100_L2ARP030_FLDK.02401_02401.nc
2025-12-29 01:39:00,674 - INFO - Cropped NC_H08_20201113_0100_L2ARP030_FLDK.02401_02401.nc to Malaysia Domain.
2025-12-29 01:39:06,325 - INFO - Downloaded: NC_H08_20201113_0200_L2ARP030_FLDK.02401_02401.nc
2025-12-29 01:39:06,433 - INFO - Cropped NC_H08_20201113_0200_L2ARP030_FLDK.02401_02401.nc to Malaysia Domain.
2025-12-29 01:39:09,942 - INFO - Downloaded: NC_H08_20201113_0300_L2ARP030_FLDK.02401_02401.nc
2025-12-29 01:39:10,052 - INFO - Cropped NC_H08_20201113_0300_L2ARP030_FLDK.02401_02401.nc to Malaysia Domain.
2025-12-29 01:39:13,693 - INFO - Downloaded: NC_H08_20201113_0400_L2ARP030_FLDK.02401_02401.nc
2025-12-29 01:39:13,795 - INFO - Cropped NC_H08_20201113_0400_L2ARP030_FLDK.02401_02401.nc to Malaysia Domain.
2025-12-29 01:39:17,675 - INFO - Downloaded: NC_H08_20201113_0500_L2ARP030_FLDK.02401_02401.nc
2025-12-29 01:39:17,776 - INFO - Cropped NC_H08_20201113_0500_L2ARP030_FLDK.02401_02401.nc to Malaysia Domain.
2025-12-29 01:39:21,548 - INFO - Downloaded: NC_H08_20201113_0600_L2ARP030_FLDK.02401_02401.nc
2025-12-29 01:39:21,640 - INFO - Cropped NC_H08_20201113_0600_L2ARP030_FLDK.02401_02401.nc to Malaysia Domain.
2025-12-29 01:39:24,811 - INFO - Downloaded: NC_H08_20201113_0700_L2ARP030_FLDK.02401_02401.nc
2025-12-29 01:39:24,899 - INFO - Cropped NC_H08_20201113_0700_L2ARP030_FLDK.02401_02401.nc to Malaysia Domain.
2025-12-29 01:39:27,160 - INFO - Downloaded: NC_H08_20201113_0800_L2ARP030_FLDK.02401_02401.nc
2025-12-29 01:39:27,242 - INFO - Cropped NC_H08_20201113_0800_L2ARP030_FLDK.02401_02401.nc to Malaysia Domain.
2025-12-29 01:39:29,396 - INFO - Downloaded: NC_H08_20201113_0900_L2ARP030_FLDK.02401_02401.nc
2025-12-29 01:39:29,471 - INFO - Cropped NC_H08_20201113_0900_L2ARP030_FLDK.02401_02401.nc to Malaysia Domain.
2025-12-29 01:39:33,503 - INFO - Downloaded: NC_H08_20201114_0000_L2ARP030_FLDK.02401_02401.nc
2025-12-29 01:39:33,589 - INFO - Cropped NC_H08_20201114_0000_L2ARP030_FLDK.02401_02401.nc to Malaysia Domain.
2025-12-29 01:39:36,663 - INFO - Downloaded: NC_H08_20201114_0100_L2ARP030_FLDK.02401_02401.nc
2025-12-29 01:39:36,762 - INFO - Cropped NC_H08_20201114_0100_L2ARP030_FLDK.02401_02401.nc to Malaysia Domain.
2025-12-29 01:40:54,107 - INFO - Downloaded: NC_H08_20201114_0200_L2ARP030_FLDK.02401_02401.nc
2025-12-29 01:40:54,212 - INFO - Cropped NC_H08_20201114_0200_L2ARP030_FLDK.02401_02401.nc to Malaysia Domain.
2025-12-29 01:41:06,706 - INFO - Downloaded: NC_H08_20201114_0300_L2ARP030_FLDK.02401_02401.nc
2025-12-29 01:41:06,812 - INFO - Cropped NC_H08_20201114_0300_L2ARP030_FLDK.02401_02401.nc to Malaysia Domain.
2025-12-29 01:41:11,605 - INFO - Downloaded: NC_H08_20201114_0400_L2ARP030_FLDK.02401_02401.nc
2025-12-29 01:41:11,703 - INFO - Cropped NC_H08_20201114_0400_L2ARP030_FLDK.02401_02401.nc to Malaysia Domain.
2025-12-29 01:41:55,548 - INFO - Downloaded: NC_H08_20201114_0500_L2ARP030_FLDK.02401_02401.nc
2025-12-29 01:41:55,643 - INFO - Cropped NC_H08_20201114_0500_L2ARP030_FLDK.02401_02401.nc to Malaysia Domain.
2025-12-29 01:42:02,063 - INFO - Downloaded: NC_H08_20201114_0600_L2ARP030_FLDK.02401_02401.nc
2025-12-29 01:42:02,156 - INFO - Cropped NC_H08_20201114_0600_L2ARP030_FLDK.02401_02401.nc to Malaysia Domain.
2025-12-29 01:42:06,280 - INFO - Downloaded: NC_H08_20201114_0700_L2ARP030_FLDK.02401_02401.nc
2025-12-29 01:42:06,368 - INFO - Cropped NC_H08_20201114_0700_L2ARP030_FLDK.02401_02401.nc to Malaysia Domain.
2025-12-29 01:42:31,475 - INFO - Downloaded: NC_H08_20201114_0800_L2ARP030_FLDK.02401_02401.nc
2025-12-29 01:42:31,560 - INFO - Cropped NC_H08_20201114_0800_L2ARP030_FLDK.02401_02401.nc to Malaysia Domain.
2025-12-29 01:42:38,130 - INFO - Downloaded: NC_H08_20201114_0900_L2ARP030_FLDK.02401_02401.nc
2025-12-29 01:42:38,204 - INFO - Cropped NC_H08_20201114_0900_L2ARP030_FLDK.02401_02401.nc to Malaysia Domain.
2025-12-29 01:42:48,850 - INFO - Downloaded: NC_H08_20201115_0000_L2ARP030_FLDK.02401_02401.nc
2025-12-29 01:42:48,933 - INFO - Cropped NC_H08_20201115_0000_L2ARP030_FLDK.02401_02401.nc to Malaysia Domain.
2025-12-29 01:42:54,125 - INFO - Downloaded: NC_H08_20201115_0100_L2ARP030_FLDK.02401_02401.nc
2025-12-29 01:42:54,225 - INFO - Cropped NC_H08_20201115_0100_L2ARP030_FLDK.02401_02401.nc to Malaysia Domain.
2025-12-29 01:42:57,735 - INFO - Downloaded: NC_H08_20201115_0200_L2ARP030_FLDK.02401_02401.nc
2025-12-29 01:42:57,837 - INFO - Cropped NC_H08_20201115_0200_L2ARP030_FLDK.02401_02401.nc to Malaysia Domain.
2025-12-29 01:43:01,785 - INFO - Downloaded: NC_H08_20201115_0300_L2ARP030_FLDK.02401_02401.nc
2025-12-29 01:43:01,886 - INFO - Cropped NC_H08_20201115_0300_L2ARP030_FLDK.02401_02401.nc to Malaysia Domain.
2025-12-29 01:43:05,511 - INFO - Downloaded: NC_H08_20201115_0400_L2ARP030_FLDK.02401_02401.nc
2025-12-29 01:43:05,606 - INFO - Cropped NC_H08_20201115_0400_L2ARP030_FLDK.02401_02401.nc to Malaysia Domain.
2025-12-29 01:43:09,628 - INFO - Downloaded: NC_H08_20201115_0500_L2ARP030_FLDK.02401_02401.nc
2025-12-29 01:43:09,733 - INFO - Cropped NC_H08_20201115_0500_L2ARP030_FLDK.02401_02401.nc to Malaysia Domain.
2025-12-29 01:43:13,817 - INFO - Downloaded: NC_H08_20201115_0600_L2ARP030_FLDK.02401_02401.nc
2025-12-29 01:43:13,922 - INFO - Cropped NC_H08_20201115_0600_L2ARP030_FLDK.02401_02401.nc to Malaysia Domain.
2025-12-29 01:43:17,641 - INFO - Downloaded: NC_H08_20201115_0700_L2ARP030_FLDK.02401_02401.nc
2025-12-29 01:43:17,726 - INFO - Cropped NC_H08_20201115_0700_L2ARP030_FLDK.02401_02401.nc to Malaysia Domain.
2025-12-29 01:43:20,402 - INFO - Downloaded: NC_H08_20201115_0800_L2ARP030_FLDK.02401_02401.nc
2025-12-29 01:43:20,486 - INFO - Cropped NC_H08_20201115_0800_L2ARP030_FLDK.02401_02401.nc to Malaysia Domain.
2025-12-29 01:43:48,021 - INFO - Downloaded: NC_H08_20201115_0900_L2ARP030_FLDK.02401_02401.nc
2025-12-29 01:43:48,100 - INFO - Cropped NC_H08_20201115_0900_L2ARP030_FLDK.02401_02401.nc to Malaysia Domain.
2025-12-29 01:44:01,643 - INFO - Downloaded: NC_H08_20201116_0000_L2ARP030_FLDK.02401_02401.nc
2025-12-29 01:44:01,722 - INFO - Cropped NC_H08_20201116_0000_L2ARP030_FLDK.02401_02401.nc to Malaysia Domain.
2025-12-29 01:44:14,232 - INFO - Downloaded: NC_H08_20201116_0100_L2ARP030_FLDK.02401_02401.nc
2025-12-29 01:44:14,324 - INFO - Cropped NC_H08_20201116_0100_L2ARP030_FLDK.02401_02401.nc to Malaysia Domain.
2025-12-29 01:44:19,308 - INFO - Downloaded: NC_H08_20201116_0200_L2ARP030_FLDK.02401_02401.nc
2025-12-29 01:44:19,401 - INFO - Cropped NC_H08_20201116_0200_L2ARP030_FLDK.02401_02401.nc to Malaysia Domain.
2025-12-29 01:44:23,141 - INFO - Downloaded: NC_H08_20201116_0300_L2ARP030_FLDK.02401_02401.nc
2025-12-29 01:44:23,234 - INFO - Cropped NC_H08_20201116_0300_L2ARP030_FLDK.02401_02401.nc to Malaysia Domain.
2025-12-29 01:45:39,095 - INFO - Downloaded: NC_H08_20201116_0400_L2ARP030_FLDK.02401_02401.nc
2025-12-29 01:45:39,184 - INFO - Cropped NC_H08_20201116_0400_L2ARP030_FLDK.02401_02401.nc to Malaysia Domain.
2025-12-29 01:45:52,207 - INFO - Downloaded: NC_H08_20201116_0500_L2ARP030_FLDK.02401_02401.nc
2025-12-29 01:45:52,293 - INFO - Cropped NC_H08_20201116_0500_L2ARP030_FLDK.02401_02401.nc to Malaysia Domain.
2025-12-29 01:45:57,257 - INFO - Downloaded: NC_H08_20201116_0600_L2ARP030_FLDK.02401_02401.nc
2025-12-29 01:45:57,340 - INFO - Cropped NC_H08_20201116_0600_L2ARP030_FLDK.02401_02401.nc to Malaysia Domain.
2025-12-29 01:46:01,310 - INFO - Downloaded: NC_H08_20201116_0700_L2ARP030_FLDK.02401_02401.nc
2025-12-29 01:46:01,389 - INFO - Cropped NC_H08_20201116_0700_L2ARP030_FLDK.02401_02401.nc to Malaysia Domain.
2025-12-29 01:46:05,144 - INFO - Downloaded: NC_H08_20201116_0800_L2ARP030_FLDK.02401_02401.nc
2025-12-29 01:46:05,219 - INFO - Cropped NC_H08_20201116_0800_L2ARP030_FLDK.02401_02401.nc to Malaysia Domain.
2025-12-29 01:46:08,378 - INFO - Downloaded: NC_H08_20201116_0900_L2ARP030_FLDK.02401_02401.nc
2025-12-29 01:46:08,450 - INFO - Cropped NC_H08_20201116_0900_L2ARP030_FLDK.02401_02401.nc to Malaysia Domain.
2025-12-29 01:47:02,079 - INFO - Downloaded: NC_H08_20201117_0000_L2ARP030_FLDK.02401_02401.nc
2025-12-29 01:47:02,154 - INFO - Cropped NC_H08_20201117_0000_L2ARP030_FLDK.02401_02401.nc to Malaysia Domain.
2025-12-29 01:47:54,757 - INFO - Downloaded: NC_H08_20201117_0100_L2ARP030_FLDK.02401_02401.nc
2025-12-29 01:47:54,835 - INFO - Cropped NC_H08_20201117_0100_L2ARP030_FLDK.02401_02401.nc to Malaysia Domain.
2025-12-29 01:48:47,477 - INFO - Downloaded: NC_H08_20201117_0200_L2ARP030_FLDK.02401_02401.nc
2025-12-29 01:48:47,556 - INFO - Cropped NC_H08_20201117_0200_L2ARP030_FLDK.02401_02401.nc to Malaysia Domain.
2025-12-29 01:48:58,047 - INFO - Downloaded: NC_H08_20201117_0300_L2ARP030_FLDK.02401_02401.nc
2025-12-29 01:48:58,128 - INFO - Cropped NC_H08_20201117_0300_L2ARP030_FLDK.02401_02401.nc to Malaysia Domain.
2025-12-29 01:49:41,562 - INFO - Downloaded: NC_H08_20201117_0400_L2ARP030_FLDK.02401_02401.nc
2025-12-29 01:49:41,638 - INFO - Cropped NC_H08_20201117_0400_L2ARP030_FLDK.02401_02401.nc to Malaysia Domain.
2025-12-29 01:49:48,158 - INFO - Downloaded: NC_H08_20201117_0500_L2ARP030_FLDK.02401_02401.nc
2025-12-29 01:49:48,238 - INFO - Cropped NC_H08_20201117_0500_L2ARP030_FLDK.02401_02401.nc to Malaysia Domain.
2025-12-29 01:50:19,842 - INFO - Downloaded: NC_H08_20201117_0600_L2ARP030_FLDK.02401_02401.nc
2025-12-29 01:50:19,916 - INFO - Cropped NC_H08_20201117_0600_L2ARP030_FLDK.02401_02401.nc to Malaysia Domain.
2025-12-29 01:50:26,269 - INFO - Downloaded: NC_H08_20201117_0700_L2ARP030_FLDK.02401_02401.nc
2025-12-29 01:50:26,341 - INFO - Cropped NC_H08_20201117_0700_L2ARP030_FLDK.02401_02401.nc to Malaysia Domain.
2025-12-29 01:50:30,741 - INFO - Downloaded: NC_H08_20201117_0800_L2ARP030_FLDK.02401_02401.nc
2025-12-29 01:50:30,811 - INFO - Cropped NC_H08_20201117_0800_L2ARP030_FLDK.02401_02401.nc to Malaysia Domain.
2025-12-29 01:50:49,999 - INFO - Downloaded: NC_H08_20201117_0900_L2ARP030_FLDK.02401_02401.nc
2025-12-29 01:50:50,066 - INFO - Cropped NC_H08_20201117_0900_L2ARP030_FLDK.02401_02401.nc to Malaysia Domain.
2025-12-29 01:51:02,543 - INFO - Downloaded: NC_H08_20201118_0000_L2ARP030_FLDK.02401_02401.nc
2025-12-29 01:51:02,625 - INFO - Cropped NC_H08_20201118_0000_L2ARP030_FLDK.02401_02401.nc to Malaysia Domain.
2025-12-29 01:51:10,476 - INFO - Downloaded: NC_H08_20201118_0100_L2ARP030_FLDK.02401_02401.nc
2025-12-29 01:51:10,566 - INFO - Cropped NC_H08_20201118_0100_L2ARP030_FLDK.02401_02401.nc to Malaysia Domain.
2025-12-29 01:51:23,607 - INFO - Downloaded: NC_H08_20201118_0200_L2ARP030_FLDK.02401_02401.nc
2025-12-29 01:51:23,701 - INFO - Cropped NC_H08_20201118_0200_L2ARP030_FLDK.02401_02401.nc to Malaysia Domain.
2025-12-29 01:51:36,789 - INFO - Downloaded: NC_H08_20201118_0300_L2ARP030_FLDK.02401_02401.nc
2025-12-29 01:51:36,889 - INFO - Cropped NC_H08_20201118_0300_L2ARP030_FLDK.02401_02401.nc to Malaysia Domain.
2025-12-29 01:51:48,083 - INFO - Downloaded: NC_H08_20201118_0400_L2ARP030_FLDK.02401_02401.nc
2025-12-29 01:51:48,173 - INFO - Cropped NC_H08_20201118_0400_L2ARP030_FLDK.02401_02401.nc to Malaysia Domain.
2025-12-29 01:51:57,044 - INFO - Downloaded: NC_H08_20201118_0500_L2ARP030_FLDK.02401_02401.nc
2025-12-29 01:51:57,136 - INFO - Cropped NC_H08_20201118_0500_L2ARP030_FLDK.02401_02401.nc to Malaysia Domain.
2025-12-29 01:52:06,101 - INFO - Downloaded: NC_H08_20201118_0600_L2ARP030_FLDK.02401_02401.nc
2025-12-29 01:52:06,191 - INFO - Cropped NC_H08_20201118_0600_L2ARP030_FLDK.02401_02401.nc to Malaysia Domain.
2025-12-29 01:52:10,797 - INFO - Downloaded: NC_H08_20201118_0700_L2ARP030_FLDK.02401_02401.nc
2025-12-29 01:52:10,885 - INFO - Cropped NC_H08_20201118_0700_L2ARP030_FLDK.02401_02401.nc to Malaysia Domain.
2025-12-29 01:52:15,131 - INFO - Downloaded: NC_H08_20201118_0800_L2ARP030_FLDK.02401_02401.nc
2025-12-29 01:52:15,217 - INFO - Cropped NC_H08_20201118_0800_L2ARP030_FLDK.02401_02401.nc to Malaysia Domain.
2025-12-29 01:52:17,934 - INFO - Downloaded: NC_H08_20201118_0900_L2ARP030_FLDK.02401_02401.nc
2025-12-29 01:52:18,008 - INFO - Cropped NC_H08_20201118_0900_L2ARP030_FLDK.02401_02401.nc to Malaysia Domain.
2025-12-29 01:52:25,633 - INFO - Downloaded: NC_H08_20201119_0000_L2ARP030_FLDK.02401_02401.nc
2025-12-29 01:52:25,709 - INFO - Cropped NC_H08_20201119_0000_L2ARP030_FLDK.02401_02401.nc to Malaysia Domain.
2025-12-29 01:52:35,736 - INFO - Downloaded: NC_H08_20201119_0100_L2ARP030_FLDK.02401_02401.nc
2025-12-29 01:52:35,818 - INFO - Cropped NC_H08_20201119_0100_L2ARP030_FLDK.02401_02401.nc to Malaysia Domain.
2025-12-29 01:53:26,671 - INFO - Downloaded: NC_H08_20201119_0200_L2ARP030_FLDK.02401_02401.nc
2025-12-29 01:53:26,755 - INFO - Cropped NC_H08_20201119_0200_L2ARP030_FLDK.02401_02401.nc to Malaysia Domain.
2025-12-29 01:54:19,931 - INFO - Downloaded: NC_H08_20201119_0300_L2ARP030_FLDK.02401_02401.nc
2025-12-29 01:54:20,016 - INFO - Cropped NC_H08_20201119_0300_L2ARP030_FLDK.02401_02401.nc to Malaysia Domain.
2025-12-29 01:55:03,061 - INFO - Downloaded: NC_H08_20201119_0400_L2ARP030_FLDK.02401_02401.nc
2025-12-29 01:55:03,141 - INFO - Cropped NC_H08_20201119_0400_L2ARP030_FLDK.02401_02401.nc to Malaysia Domain.
2025-12-29 01:55:40,615 - INFO - Downloaded: NC_H08_20201119_0500_L2ARP030_FLDK.02401_02401.nc
2025-12-29 01:55:40,694 - INFO - Cropped NC_H08_20201119_0500_L2ARP030_FLDK.02401_02401.nc to Malaysia Domain.
2025-12-29 01:55:46,898 - INFO - Downloaded: NC_H08_20201119_0600_L2ARP030_FLDK.02401_02401.nc
2025-12-29 01:55:46,976 - INFO - Cropped NC_H08_20201119_0600_L2ARP030_FLDK.02401_02401.nc to Malaysia Domain.
2025-12-29 01:56:12,885 - INFO - Downloaded: NC_H08_20201119_0700_L2ARP030_FLDK.02401_02401.nc
2025-12-29 01:56:12,959 - INFO - Cropped NC_H08_20201119_0700_L2ARP030_FLDK.02401_02401.nc to Malaysia Domain.
2025-12-29 01:56:20,850 - INFO - Downloaded: NC_H08_20201119_0800_L2ARP030_FLDK.02401_02401.nc
2025-12-29 01:56:20,927 - INFO - Cropped NC_H08_20201119_0800_L2ARP030_FLDK.02401_02401.nc to Malaysia Domain.
2025-12-29 01:56:24,374 - INFO - Downloaded: NC_H08_20201119_0900_L2ARP030_FLDK.02401_02401.nc
2025-12-29 01:56:24,439 - INFO - Cropped NC_H08_20201119_0900_L2ARP030_FLDK.02401_02401.nc to Malaysia Domain.
2025-12-29 01:57:06,802 - INFO - Downloaded: NC_H08_20201120_0000_L2ARP030_FLDK.02401_02401.nc
2025-12-29 01:57:06,879 - INFO - Cropped NC_H08_20201120_0000_L2ARP030_FLDK.02401_02401.nc to Malaysia Domain.
2025-12-29 01:57:18,036 - INFO - Downloaded: NC_H08_20201120_0100_L2ARP030_FLDK.02401_02401.nc
2025-12-29 01:57:18,122 - INFO - Cropped NC_H08_20201120_0100_L2ARP030_FLDK.02401_02401.nc to Malaysia Domain.
2025-12-29 01:57:26,386 - INFO - Downloaded: NC_H08_20201120_0200_L2ARP030_FLDK.02401_02401.nc
2025-12-29 01:57:26,478 - INFO - Cropped NC_H08_20201120_0200_L2ARP030_FLDK.02401_02401.nc to Malaysia Domain.
2025-12-29 01:57:37,310 - INFO - Downloaded: NC_H08_20201120_0300_L2ARP030_FLDK.02401_02401.nc
2025-12-29 01:57:37,404 - INFO - Cropped NC_H08_20201120_0300_L2ARP030_FLDK.02401_02401.nc to Malaysia Domain.
2025-12-29 01:58:13,721 - INFO - Downloaded: NC_H08_20201120_0400_L2ARP030_FLDK.02401_02401.nc
2025-12-29 01:58:13,806 - INFO - Cropped NC_H08_20201120_0400_L2ARP030_FLDK.02401_02401.nc to Malaysia Domain.
2025-12-29 01:58:27,822 - INFO - Downloaded: NC_H08_20201120_0500_L2ARP030_FLDK.02401_02401.nc
2025-12-29 01:58:27,907 - INFO - Cropped NC_H08_20201120_0500_L2ARP030_FLDK.02401_02401.nc to Malaysia Domain.
2025-12-29 01:58:52,202 - INFO - Downloaded: NC_H08_20201120_0600_L2ARP030_FLDK.02401_02401.nc
2025-12-29 01:58:52,285 - INFO - Cropped NC_H08_20201120_0600_L2ARP030_FLDK.02401_02401.nc to Malaysia Domain.
2025-12-29 01:59:14,435 - INFO - Downloaded: NC_H08_20201120_0700_L2ARP030_FLDK.02401_02401.nc
2025-12-29 01:59:14,523 - INFO - Cropped NC_H08_20201120_0700_L2ARP030_FLDK.02401_02401.nc to Malaysia Domain.
2025-12-29 01:59:22,225 - INFO - Downloaded: NC_H08_20201120_0800_L2ARP030_FLDK.02401_02401.nc
2025-12-29 01:59:22,300 - INFO - Cropped NC_H08_20201120_0800_L2ARP030_FLDK.02401_02401.nc to Malaysia Domain.
2025-12-29 01:59:34,766 - INFO - Downloaded: NC_H08_20201120_0900_L2ARP030_FLDK.02401_02401.nc
2025-12-29 01:59:34,834 - INFO - Cropped NC_H08_20201120_0900_L2ARP030_FLDK.02401_02401.nc to Malaysia Domain.
2025-12-29 02:00:04,963 - INFO - Downloaded: NC_H08_20201121_0000_L2ARP030_FLDK.02401_02401.nc
2025-12-29 02:00:05,044 - INFO - Cropped NC_H08_20201121_0000_L2ARP030_FLDK.02401_02401.nc to Malaysia Domain.
2025-12-29 02:00:22,531 - INFO - Downloaded: NC_H08_20201121_0100_L2ARP030_FLDK.02401_02401.nc
2025-12-29 02:00:22,616 - INFO - Cropped NC_H08_20201121_0100_L2ARP030_FLDK.02401_02401.nc to Malaysia Domain.
2025-12-29 02:00:33,359 - INFO - Downloaded: NC_H08_20201121_0200_L2ARP030_FLDK.02401_02401.nc
2025-12-29 02:00:33,444 - INFO - Cropped NC_H08_20201121_0200_L2ARP030_FLDK.02401_02401.nc to Malaysia Domain.
2025-12-29 02:00:44,872 - INFO - Downloaded: NC_H08_20201121_0300_L2ARP030_FLDK.02401_02401.nc
2025-12-29 02:00:44,957 - INFO - Cropped NC_H08_20201121_0300_L2ARP030_FLDK.02401_02401.nc to Malaysia Domain.
2025-12-29 02:00:54,976 - INFO - Downloaded: NC_H08_20201121_0400_L2ARP030_FLDK.02401_02401.nc
2025-12-29 02:00:55,057 - INFO - Cropped NC_H08_20201121_0400_L2ARP030_FLDK.02401_02401.nc to Malaysia Domain.
2025-12-29 02:01:23,524 - INFO - Downloaded: NC_H08_20201121_0500_L2ARP030_FLDK.02401_02401.nc
2025-12-29 02:01:23,603 - INFO - Cropped NC_H08_20201121_0500_L2ARP030_FLDK.02401_02401.nc to Malaysia Domain.
2025-12-29 02:01:34,564 - INFO - Downloaded: NC_H08_20201121_0600_L2ARP030_FLDK.02401_02401.nc
2025-12-29 02:01:34,641 - INFO - Cropped NC_H08_20201121_0600_L2ARP030_FLDK.02401_02401.nc to Malaysia Domain.
2025-12-29 02:01:52,087 - INFO - Downloaded: NC_H08_20201121_0700_L2ARP030_FLDK.02401_02401.nc
2025-12-29 02:01:52,164 - INFO - Cropped NC_H08_20201121_0700_L2ARP030_FLDK.02401_02401.nc to Malaysia Domain.
2025-12-29 02:01:59,838 - INFO - Downloaded: NC_H08_20201121_0800_L2ARP030_FLDK.02401_02401.nc
2025-12-29 02:01:59,910 - INFO - Cropped NC_H08_20201121_0800_L2ARP030_FLDK.02401_02401.nc to Malaysia Domain.
2025-12-29 02:02:05,622 - INFO - Downloaded: NC_H08_20201121_0900_L2ARP030_FLDK.02401_02401.nc
2025-12-29 02:02:05,688 - INFO - Cropped NC_H08_20201121_0900_L2ARP030_FLDK.02401_02401.nc to Malaysia Domain.
2025-12-29 02:02:15,914 - INFO - Downloaded: NC_H08_20201122_0000_L2ARP030_FLDK.02401_02401.nc
2025-12-29 02:02:15,993 - INFO - Cropped NC_H08_20201122_0000_L2ARP030_FLDK.02401_02401.nc to Malaysia Domain.
2025-12-29 02:02:19,804 - INFO - Downloaded: NC_H08_20201122_0100_L2ARP030_FLDK.02401_02401.nc
2025-12-29 02:02:19,890 - INFO - Cropped NC_H08_20201122_0100_L2ARP030_FLDK.02401_02401.nc to Malaysia Domain.
2025-12-29 02:03:05,799 - INFO - Downloaded: NC_H08_20201122_0200_L2ARP030_FLDK.02401_02401.nc
2025-12-29 02:03:05,889 - INFO - Cropped NC_H08_20201122_0200_L2ARP030_FLDK.02401_02401.nc to Malaysia Domain.
2025-12-29 02:03:18,834 - INFO - Downloaded: NC_H08_20201122_0300_L2ARP030_FLDK.02401_02401.nc
2025-12-29 02:03:18,927 - INFO - Cropped NC_H08_20201122_0300_L2ARP030_FLDK.02401_02401.nc to Malaysia Domain.
2025-12-29 02:03:23,667 - INFO - Downloaded: NC_H08_20201122_0400_L2ARP030_FLDK.02401_02401.nc
2025-12-29 02:03:23,756 - INFO - Cropped NC_H08_20201122_0400_L2ARP030_FLDK.02401_02401.nc to Malaysia Domain.
2025-12-29 02:04:00,447 - INFO - Downloaded: NC_H08_20201122_0500_L2ARP030_FLDK.02401_02401.nc
2025-12-29 02:04:00,533 - INFO - Cropped NC_H08_20201122_0500_L2ARP030_FLDK.02401_02401.nc to Malaysia Domain.
2025-12-29 02:04:08,603 - INFO - Downloaded: NC_H08_20201122_0600_L2ARP030_FLDK.02401_02401.nc
2025-12-29 02:04:08,687 - INFO - Cropped NC_H08_20201122_0600_L2ARP030_FLDK.02401_02401.nc to Malaysia Domain.
2025-12-29 02:04:16,939 - INFO - Downloaded: NC_H08_20201122_0700_L2ARP030_FLDK.02401_02401.nc
2025-12-29 02:04:17,022 - INFO - Cropped NC_H08_20201122_0700_L2ARP030_FLDK.02401_02401.nc to Malaysia Domain.
2025-12-29 02:04:23,137 - INFO - Downloaded: NC_H08_20201122_0800_L2ARP030_FLDK.02401_02401.nc
2025-12-29 02:04:23,216 - INFO - Cropped NC_H08_20201122_0800_L2ARP030_FLDK.02401_02401.nc to Malaysia Domain.
2025-12-29 02:04:26,670 - INFO - Downloaded: NC_H08_20201122_0900_L2ARP030_FLDK.02401_02401.nc
2025-12-29 02:04:26,739 - INFO - Cropped NC_H08_20201122_0900_L2ARP030_FLDK.02401_02401.nc to Malaysia Domain.
2025-12-29 02:04:36,324 - INFO - Downloaded: NC_H08_20201123_0000_L2ARP030_FLDK.02401_02401.nc
2025-12-29 02:04:36,402 - INFO - Cropped NC_H08_20201123_0000_L2ARP030_FLDK.02401_02401.nc to Malaysia Domain.
2025-12-29 02:04:45,449 - INFO - Downloaded: NC_H08_20201123_0100_L2ARP030_FLDK.02401_02401.nc
2025-12-29 02:04:45,523 - INFO - Cropped NC_H08_20201123_0100_L2ARP030_FLDK.02401_02401.nc to Malaysia Domain.
2025-12-29 02:05:31,648 - INFO - Downloaded: NC_H08_20201123_0200_L2ARP030_FLDK.02401_02401.nc
2025-12-29 02:05:31,726 - INFO - Cropped NC_H08_20201123_0200_L2ARP030_FLDK.02401_02401.nc to Malaysia Domain.
2025-12-29 02:05:38,335 - INFO - Downloaded: NC_H08_20201123_0300_L2ARP030_FLDK.02401_02401.nc
2025-12-29 02:05:38,410 - INFO - Cropped NC_H08_20201123_0300_L2ARP030_FLDK.02401_02401.nc to Malaysia Domain.
2025-12-29 02:05:42,687 - INFO - Downloaded: NC_H08_20201123_0400_L2ARP030_FLDK.02401_02401.nc
2025-12-29 02:05:42,760 - INFO - Cropped NC_H08_20201123_0400_L2ARP030_FLDK.02401_02401.nc to Malaysia Domain.
2025-12-29 02:06:13,622 - INFO - Downloaded: NC_H08_20201123_0500_L2ARP030_FLDK.02401_02401.nc
2025-12-29 02:06:13,693 - INFO - Cropped NC_H08_20201123_0500_L2ARP030_FLDK.02401_02401.nc to Malaysia Domain.
2025-12-29 02:06:23,053 - INFO - Downloaded: NC_H08_20201123_0600_L2ARP030_FLDK.02401_02401.nc
2025-12-29 02:06:23,126 - INFO - Cropped NC_H08_20201123_0600_L2ARP030_FLDK.02401_02401.nc to Malaysia Domain.
2025-12-29 02:06:26,576 - INFO - Downloaded: NC_H08_20201123_0700_L2ARP030_FLDK.02401_02401.nc
2025-12-29 02:06:26,646 - INFO - Cropped NC_H08_20201123_0700_L2ARP030_FLDK.02401_02401.nc to Malaysia Domain.
2025-12-29 02:06:29,741 - INFO - Downloaded: NC_H08_20201123_0800_L2ARP030_FLDK.02401_02401.nc
2025-12-29 02:06:29,808 - INFO - Cropped NC_H08_20201123_0800_L2ARP030_FLDK.02401_02401.nc to Malaysia Domain.
2025-12-29 02:06:34,333 - INFO - Downloaded: NC_H08_20201123_0900_L2ARP030_FLDK.02401_02401.nc
2025-12-29 02:06:34,408 - INFO - Cropped NC_H08_20201123_0900_L2ARP030_FLDK.02401_02401.nc to Malaysia Domain.
2025-12-29 02:06:39,628 - INFO - Downloaded: NC_H08_20201124_0000_L2ARP030_FLDK.02401_02401.nc
2025-12-29 02:06:39,699 - INFO - Cropped NC_H08_20201124_0000_L2ARP030_FLDK.02401_02401.nc to Malaysia Domain.
2025-12-29 02:07:09,005 - INFO - Downloaded: NC_H08_20201124_0100_L2ARP030_FLDK.02401_02401.nc
2025-12-29 02:07:09,083 - INFO - Cropped NC_H08_20201124_0100_L2ARP030_FLDK.02401_02401.nc to Malaysia Domain.
2025-12-29 02:07:15,964 - INFO - Downloaded: NC_H08_20201124_0200_L2ARP030_FLDK.02401_02401.nc
2025-12-29 02:07:16,042 - INFO - Cropped NC_H08_20201124_0200_L2ARP030_FLDK.02401_02401.nc to Malaysia Domain.
2025-12-29 02:07:20,486 - INFO - Downloaded: NC_H08_20201124_0300_L2ARP030_FLDK.02401_02401.nc
2025-12-29 02:07:20,564 - INFO - Cropped NC_H08_20201124_0300_L2ARP030_FLDK.02401_02401.nc to Malaysia Domain.
2025-12-29 02:07:23,838 - INFO - Downloaded: NC_H08_20201124_0400_L2ARP030_FLDK.02401_02401.nc
2025-12-29 02:07:23,913 - INFO - Cropped NC_H08_20201124_0400_L2ARP030_FLDK.02401_02401.nc to Malaysia Domain.
2025-12-29 02:07:49,333 - INFO - Downloaded: NC_H08_20201124_0500_L2ARP030_FLDK.02401_02401.nc
2025-12-29 02:07:49,404 - INFO - Cropped NC_H08_20201124_0500_L2ARP030_FLDK.02401_02401.nc to Malaysia Domain.
2025-12-29 02:07:58,519 - INFO - Downloaded: NC_H08_20201124_0600_L2ARP030_FLDK.02401_02401.nc
2025-12-29 02:07:58,590 - INFO - Cropped NC_H08_20201124_0600_L2ARP030_FLDK.02401_02401.nc to Malaysia Domain.
2025-12-29 02:08:05,843 - INFO - Downloaded: NC_H08_20201124_0700_L2ARP030_FLDK.02401_02401.nc
2025-12-29 02:08:05,911 - INFO - Cropped NC_H08_20201124_0700_L2ARP030_FLDK.02401_02401.nc to Malaysia Domain.
2025-12-29 02:08:22,563 - INFO - Downloaded: NC_H08_20201124_0800_L2ARP030_FLDK.02401_02401.nc
2025-12-29 02:08:22,630 - INFO - Cropped NC_H08_20201124_0800_L2ARP030_FLDK.02401_02401.nc to Malaysia Domain.
2025-12-29 02:08:28,882 - INFO - Downloaded: NC_H08_20201124_0900_L2ARP030_FLDK.02401_02401.nc
2025-12-29 02:08:28,945 - INFO - Cropped NC_H08_20201124_0900_L2ARP030_FLDK.02401_02401.nc to Malaysia Domain.
2025-12-29 02:08:42,059 - INFO - Downloaded: NC_H08_20201125_0000_L2ARP030_FLDK.02401_02401.nc
2025-12-29 02:08:42,129 - INFO - Cropped NC_H08_20201125_0000_L2ARP030_FLDK.02401_02401.nc to Malaysia Domain.
2025-12-29 02:08:52,097 - INFO - Downloaded: NC_H08_20201125_0100_L2ARP030_FLDK.02401_02401.nc
2025-12-29 02:08:52,171 - INFO - Cropped NC_H08_20201125_0100_L2ARP030_FLDK.02401_02401.nc to Malaysia Domain.
2025-12-29 02:09:29,445 - INFO - Downloaded: NC_H08_20201125_0200_L2ARP030_FLDK.02401_02401.nc
2025-12-29 02:09:29,519 - INFO - Cropped NC_H08_20201125_0200_L2ARP030_FLDK.02401_02401.nc to Malaysia Domain.
2025-12-29 02:09:46,840 - INFO - Downloaded: NC_H08_20201125_0300_L2ARP030_FLDK.02401_02401.nc
2025-12-29 02:09:46,914 - INFO - Cropped NC_H08_20201125_0300_L2ARP030_FLDK.02401_02401.nc to Malaysia Domain.
2025-12-29 02:09:56,959 - INFO - Downloaded: NC_H08_20201125_0400_L2ARP030_FLDK.02401_02401.nc
2025-12-29 02:09:57,033 - INFO - Cropped NC_H08_20201125_0400_L2ARP030_FLDK.02401_02401.nc to Malaysia Domain.
2025-12-29 02:10:03,150 - INFO - Downloaded: NC_H08_20201125_0500_L2ARP030_FLDK.02401_02401.nc
2025-12-29 02:10:03,221 - INFO - Cropped NC_H08_20201125_0500_L2ARP030_FLDK.02401_02401.nc to Malaysia Domain.
2025-12-29 02:10:06,588 - INFO - Downloaded: NC_H08_20201125_0600_L2ARP030_FLDK.02401_02401.nc
2025-12-29 02:10:06,659 - INFO - Cropped NC_H08_20201125_0600_L2ARP030_FLDK.02401_02401.nc to Malaysia Domain.
2025-12-29 02:10:09,473 - INFO - Downloaded: NC_H08_20201125_0700_L2ARP030_FLDK.02401_02401.nc
2025-12-29 02:10:09,543 - INFO - Cropped NC_H08_20201125_0700_L2ARP030_FLDK.02401_02401.nc to Malaysia Domain.
2025-12-29 02:10:17,604 - INFO - Downloaded: NC_H08_20201125_0800_L2ARP030_FLDK.02401_02401.nc
2025-12-29 02:10:17,678 - INFO - Cropped NC_H08_20201125_0800_L2ARP030_FLDK.02401_02401.nc to Malaysia Domain.
2025-12-29 02:10:24,967 - INFO - Downloaded: NC_H08_20201125_0900_L2ARP030_FLDK.02401_02401.nc
2025-12-29 02:10:25,030 - INFO - Cropped NC_H08_20201125_0900_L2ARP030_FLDK.02401_02401.nc to Malaysia Domain.
2025-12-29 02:11:07,247 - INFO - Downloaded: NC_H08_20201126_0000_L2ARP030_FLDK.02401_02401.nc
2025-12-29 02:11:07,315 - INFO - Cropped NC_H08_20201126_0000_L2ARP030_FLDK.02401_02401.nc to Malaysia Domain.
2025-12-29 02:11:18,513 - INFO - Downloaded: NC_H08_20201126_0100_L2ARP030_FLDK.02401_02401.nc
2025-12-29 02:11:18,584 - INFO - Cropped NC_H08_20201126_0100_L2ARP030_FLDK.02401_02401.nc to Malaysia Domain.
2025-12-29 02:11:22,579 - INFO - Downloaded: NC_H08_20201126_0200_L2ARP030_FLDK.02401_02401.nc
2025-12-29 02:11:22,649 - INFO - Cropped NC_H08_20201126_0200_L2ARP030_FLDK.02401_02401.nc to Malaysia Domain.
2025-12-29 02:11:27,190 - INFO - Downloaded: NC_H08_20201126_0300_L2ARP030_FLDK.02401_02401.nc
2025-12-29 02:11:27,266 - INFO - Cropped NC_H08_20201126_0300_L2ARP030_FLDK.02401_02401.nc to Malaysia Domain.
2025-12-29 02:11:30,187 - INFO - Downloaded: NC_H08_20201126_0400_L2ARP030_FLDK.02401_02401.nc
2025-12-29 02:11:30,261 - INFO - Cropped NC_H08_20201126_0400_L2ARP030_FLDK.02401_02401.nc to Malaysia Domain.
2025-12-29 02:12:03,011 - INFO - Downloaded: NC_H08_20201126_0500_L2ARP030_FLDK.02401_02401.nc
2025-12-29 02:12:03,084 - INFO - Cropped NC_H08_20201126_0500_L2ARP030_FLDK.02401_02401.nc to Malaysia Domain.
2025-12-29 02:12:46,030 - INFO - Downloaded: NC_H08_20201126_0600_L2ARP030_FLDK.02401_02401.nc
2025-12-29 02:12:46,102 - INFO - Cropped NC_H08_20201126_0600_L2ARP030_FLDK.02401_02401.nc to Malaysia Domain.
2025-12-29 02:12:54,675 - INFO - Downloaded: NC_H08_20201126_0700_L2ARP030_FLDK.02401_02401.nc
2025-12-29 02:12:54,745 - INFO - Cropped NC_H08_20201126_0700_L2ARP030_FLDK.02401_02401.nc to Malaysia Domain.
2025-12-29 02:12:59,909 - INFO - Downloaded: NC_H08_20201126_0800_L2ARP030_FLDK.02401_02401.nc
2025-12-29 02:12:59,975 - INFO - Cropped NC_H08_20201126_0800_L2ARP030_FLDK.02401_02401.nc to Malaysia Domain.
2025-12-29 02:13:03,981 - INFO - Downloaded: NC_H08_20201126_0900_L2ARP030_FLDK.02401_02401.nc
2025-12-29 02:13:04,044 - INFO - Cropped NC_H08_20201126_0900_L2ARP030_FLDK.02401_02401.nc to Malaysia Domain.
2025-12-29 02:13:13,097 - INFO - Downloaded: NC_H08_20201127_0000_L2ARP030_FLDK.02401_02401.nc
2025-12-29 02:13:13,165 - INFO - Cropped NC_H08_20201127_0000_L2ARP030_FLDK.02401_02401.nc to Malaysia Domain.
2025-12-29 02:13:17,794 - INFO - Downloaded: NC_H08_20201127_0100_L2ARP030_FLDK.02401_02401.nc
2025-12-29 02:13:17,871 - INFO - Cropped NC_H08_20201127_0100_L2ARP030_FLDK.02401_02401.nc to Malaysia Domain.
2025-12-29 02:13:22,568 - INFO - Downloaded: NC_H08_20201127_0200_L2ARP030_FLDK.02401_02401.nc
2025-12-29 02:13:22,641 - INFO - Cropped NC_H08_20201127_0200_L2ARP030_FLDK.02401_02401.nc to Malaysia Domain.
2025-12-29 02:13:27,616 - INFO - Downloaded: NC_H08_20201127_0300_L2ARP030_FLDK.02401_02401.nc
2025-12-29 02:13:27,691 - INFO - Cropped NC_H08_20201127_0300_L2ARP030_FLDK.02401_02401.nc to Malaysia Domain.
2025-12-29 02:13:31,500 - INFO - Downloaded: NC_H08_20201127_0400_L2ARP030_FLDK.02401_02401.nc
2025-12-29 02:13:31,574 - INFO - Cropped NC_H08_20201127_0400_L2ARP030_FLDK.02401_02401.nc to Malaysia Domain.
2025-12-29 02:13:35,140 - INFO - Downloaded: NC_H08_20201127_0500_L2ARP030_FLDK.02401_02401.nc
2025-12-29 02:13:35,213 - INFO - Cropped NC_H08_20201127_0500_L2ARP030_FLDK.02401_02401.nc to Malaysia Domain.
2025-12-29 02:14:18,495 - INFO - Downloaded: NC_H08_20201127_0600_L2ARP030_FLDK.02401_02401.nc
2025-12-29 02:14:18,563 - INFO - Cropped NC_H08_20201127_0600_L2ARP030_FLDK.02401_02401.nc to Malaysia Domain.
2025-12-29 02:14:25,812 - INFO - Downloaded: NC_H08_20201127_0700_L2ARP030_FLDK.02401_02401.nc
2025-12-29 02:14:25,879 - INFO - Cropped NC_H08_20201127_0700_L2ARP030_FLDK.02401_02401.nc to Malaysia Domain.
2025-12-29 02:14:28,611 - INFO - Downloaded: NC_H08_20201127_0800_L2ARP030_FLDK.02401_02401.nc
2025-12-29 02:14:28,680 - INFO - Cropped NC_H08_20201127_0800_L2ARP030_FLDK.02401_02401.nc to Malaysia Domain.
2025-12-29 02:14:31,418 - INFO - Downloaded: NC_H08_20201127_0900_L2ARP030_FLDK.02401_02401.nc
2025-12-29 02:14:31,480 - INFO - Cropped NC_H08_20201127_0900_L2ARP030_FLDK.02401_02401.nc to Malaysia Domain.
2025-12-29 02:15:23,694 - INFO - Downloaded: NC_H08_20201128_0000_L2ARP030_FLDK.02401_02401.nc
2025-12-29 02:15:23,765 - INFO - Cropped NC_H08_20201128_0000_L2ARP030_FLDK.02401_02401.nc to Malaysia Domain.
2025-12-29 02:15:36,548 - INFO - Downloaded: NC_H08_20201128_0100_L2ARP030_FLDK.02401_02401.nc
2025-12-29 02:15:36,622 - INFO - Cropped NC_H08_20201128_0100_L2ARP030_FLDK.02401_02401.nc to Malaysia Domain.
2025-12-29 02:15:48,554 - INFO - Downloaded: NC_H08_20201128_0200_L2ARP030_FLDK.02401_02401.nc
2025-12-29 02:15:48,632 - INFO - Cropped NC_H08_20201128_0200_L2ARP030_FLDK.02401_02401.nc to Malaysia Domain.
2025-12-29 02:16:30,134 - INFO - Downloaded: NC_H08_20201128_0300_L2ARP030_FLDK.02401_02401.nc
2025-12-29 02:16:30,214 - INFO - Cropped NC_H08_20201128_0300_L2ARP030_FLDK.02401_02401.nc to Malaysia Domain.
2025-12-29 02:16:40,937 - INFO - Downloaded: NC_H08_20201128_0400_L2ARP030_FLDK.02401_02401.nc
2025-12-29 02:16:41,016 - INFO - Cropped NC_H08_20201128_0400_L2ARP030_FLDK.02401_02401.nc to Malaysia Domain.
2025-12-29 02:16:51,978 - INFO - Downloaded: NC_H08_20201128_0500_L2ARP030_FLDK.02401_02401.nc
2025-12-29 02:16:52,054 - INFO - Cropped NC_H08_20201128_0500_L2ARP030_FLDK.02401_02401.nc to Malaysia Domain.
2025-12-29 02:16:57,401 - INFO - Downloaded: NC_H08_20201128_0600_L2ARP030_FLDK.02401_02401.nc
2025-12-29 02:16:57,472 - INFO - Cropped NC_H08_20201128_0600_L2ARP030_FLDK.02401_02401.nc to Malaysia Domain.
2025-12-29 02:17:02,206 - INFO - Downloaded: NC_H08_20201128_0700_L2ARP030_FLDK.02401_02401.nc
2025-12-29 02:17:02,278 - INFO - Cropped NC_H08_20201128_0700_L2ARP030_FLDK.02401_02401.nc to Malaysia Domain.
2025-12-29 02:17:07,178 - INFO - Downloaded: NC_H08_20201128_0800_L2ARP030_FLDK.02401_02401.nc
2025-12-29 02:17:07,248 - INFO - Cropped NC_H08_20201128_0800_L2ARP030_FLDK.02401_02401.nc to Malaysia Domain.
2025-12-29 02:17:12,298 - INFO - Downloaded: NC_H08_20201128_0900_L2ARP030_FLDK.02401_02401.nc
2025-12-29 02:17:12,365 - INFO - Cropped NC_H08_20201128_0900_L2ARP030_FLDK.02401_02401.nc to Malaysia Domain.
2025-12-29 02:17:22,033 - INFO - Downloaded: NC_H08_20201129_0000_L2ARP030_FLDK.02401_02401.nc
2025-12-29 02:17:22,100 - INFO - Cropped NC_H08_20201129_0000_L2ARP030_FLDK.02401_02401.nc to Malaysia Domain.
2025-12-29 02:18:02,033 - INFO - Downloaded: NC_H08_20201129_0100_L2ARP030_FLDK.02401_02401.nc
2025-12-29 02:18:02,102 - INFO - Cropped NC_H08_20201129_0100_L2ARP030_FLDK.02401_02401.nc to Malaysia Domain.
2025-12-29 02:18:09,133 - INFO - Downloaded: NC_H08_20201129_0200_L2ARP030_FLDK.02401_02401.nc
2025-12-29 02:18:09,208 - INFO - Cropped NC_H08_20201129_0200_L2ARP030_FLDK.02401_02401.nc to Malaysia Domain.
2025-12-29 02:18:21,590 - INFO - Downloaded: NC_H08_20201129_0300_L2ARP030_FLDK.02401_02401.nc
2025-12-29 02:18:21,669 - INFO - Cropped NC_H08_20201129_0300_L2ARP030_FLDK.02401_02401.nc to Malaysia Domain.
2025-12-29 02:18:32,884 - INFO - Downloaded: NC_H08_20201129_0400_L2ARP030_FLDK.02401_02401.nc
2025-12-29 02:18:32,965 - INFO - Cropped NC_H08_20201129_0400_L2ARP030_FLDK.02401_02401.nc to Malaysia Domain.
2025-12-29 02:19:10,467 - INFO - Downloaded: NC_H08_20201129_0500_L2ARP030_FLDK.02401_02401.nc
2025-12-29 02:19:10,543 - INFO - Cropped NC_H08_20201129_0500_L2ARP030_FLDK.02401_02401.nc to Malaysia Domain.
2025-12-29 02:19:38,122 - INFO - Downloaded: NC_H08_20201129_0600_L2ARP030_FLDK.02401_02401.nc
2025-12-29 02:19:38,198 - INFO - Cropped NC_H08_20201129_0600_L2ARP030_FLDK.02401_02401.nc to Malaysia Domain.
2025-12-29 02:19:49,990 - INFO - Downloaded: NC_H08_20201129_0700_L2ARP030_FLDK.02401_02401.nc
2025-12-29 02:19:50,065 - INFO - Cropped NC_H08_20201129_0700_L2ARP030_FLDK.02401_02401.nc to Malaysia Domain.
2025-12-29 02:20:08,449 - INFO - Downloaded: NC_H08_20201129_0800_L2ARP030_FLDK.02401_02401.nc
2025-12-29 02:20:08,521 - INFO - Cropped NC_H08_20201129_0800_L2ARP030_FLDK.02401_02401.nc to Malaysia Domain.
2025-12-29 02:20:14,869 - INFO - Downloaded: NC_H08_20201129_0900_L2ARP030_FLDK.02401_02401.nc
2025-12-29 02:20:14,939 - INFO - Cropped NC_H08_20201129_0900_L2ARP030_FLDK.02401_02401.nc to Malaysia Domain.
2025-12-29 02:20:26,526 - INFO - Downloaded: NC_H08_20201130_0000_L2ARP030_FLDK.02401_02401.nc
2025-12-29 02:20:26,594 - INFO - Cropped NC_H08_20201130_0000_L2ARP030_FLDK.02401_02401.nc to Malaysia Domain.
2025-12-29 02:21:03,306 - INFO - Downloaded: NC_H08_20201130_0100_L2ARP030_FLDK.02401_02401.nc
2025-12-29 02:21:03,380 - INFO - Cropped NC_H08_20201130_0100_L2ARP030_FLDK.02401_02401.nc to Malaysia Domain.
2025-12-29 02:21:13,947 - INFO - Downloaded: NC_H08_20201130_0200_L2ARP030_FLDK.02401_02401.nc
2025-12-29 02:21:14,024 - INFO - Cropped NC_H08_20201130_0200_L2ARP030_FLDK.02401_02401.nc to Malaysia Domain.
2025-12-29 02:21:17,621 - INFO - Downloaded: NC_H08_20201130_0300_L2ARP030_FLDK.02401_02401.nc
2025-12-29 02:21:17,698 - INFO - Cropped NC_H08_20201130_0300_L2ARP030_FLDK.02401_02401.nc to Malaysia Domain.
2025-12-29 02:21:20,635 - INFO - Downloaded: NC_H08_20201130_0400_L2ARP030_FLDK.02401_02401.nc
2025-12-29 02:21:20,717 - INFO - Cropped NC_H08_20201130_0400_L2ARP030_FLDK.02401_02401.nc to Malaysia Domain.
2025-12-29 02:21:40,218 - INFO - Downloaded: NC_H08_20201130_0500_L2ARP030_FLDK.02401_02401.nc
2025-12-29 02:21:40,291 - INFO - Cropped NC_H08_20201130_0500_L2ARP030_FLDK.02401_02401.nc to Malaysia Domain.
2025-12-29 02:21:51,367 - INFO - Downloaded: NC_H08_20201130_0600_L2ARP030_FLDK.02401_02401.nc
2025-12-29 02:21:51,439 - INFO - Cropped NC_H08_20201130_0600_L2ARP030_FLDK.02401_02401.nc to Malaysia Domain.
2025-12-29 02:22:14,269 - INFO - Downloaded: NC_H08_20201130_0700_L2ARP030_FLDK.02401_02401.nc
2025-12-29 02:22:14,345 - INFO - Cropped NC_H08_20201130_0700_L2ARP030_FLDK.02401_02401.nc to Malaysia Domain.
2025-12-29 02:22:22,311 - INFO - Downloaded: NC_H08_20201130_0800_L2ARP030_FLDK.02401_02401.nc
2025-12-29 02:22:22,380 - INFO - Cropped NC_H08_20201130_0800_L2ARP030_FLDK.02401_02401.nc to Malaysia Domain.
2025-12-29 02:22:28,336 - INFO - Downloaded: NC_H08_20201130_0900_L2ARP030_FLDK.02401_02401.nc
2025-12-29 02:22:28,401 - INFO - Cropped NC_H08_20201130_0900_L2ARP030_FLDK.02401_02401.nc to Malaysia Domain.
2025-12-29 02:22:38,057 - INFO - Downloaded: NC_H08_20201201_0000_L2ARP030_FLDK.02401_02401.nc
2025-12-29 02:22:38,130 - INFO - Cropped NC_H08_20201201_0000_L2ARP030_FLDK.02401_02401.nc to Malaysia Domain.
2025-12-29 02:22:45,607 - INFO - Downloaded: NC_H08_20201201_0100_L2ARP030_FLDK.02401_02401.nc
2025-12-29 02:22:45,689 - INFO - Cropped NC_H08_20201201_0100_L2ARP030_FLDK.02401_02401.nc to Malaysia Domain.
2025-12-29 02:22:50,178 - INFO - Downloaded: NC_H08_20201201_0200_L2ARP030_FLDK.02401_02401.nc
2025-12-29 02:22:50,267 - INFO - Cropped NC_H08_20201201_0200_L2ARP030_FLDK.02401_02401.nc to Malaysia Domain.
2025-12-29 02:23:41,464 - INFO - Downloaded: NC_H08_20201201_0300_L2ARP030_FLDK.02401_02401.nc
2025-12-29 02:23:41,553 - INFO - Cropped NC_H08_20201201_0300_L2ARP030_FLDK.02401_02401.nc to Malaysia Domain.
2025-12-29 02:23:47,956 - INFO - Downloaded: NC_H08_20201201_0400_L2ARP030_FLDK.02401_02401.nc
2025-12-29 02:23:48,037 - INFO - Cropped NC_H08_20201201_0400_L2ARP030_FLDK.02401_02401.nc to Malaysia Domain.
2025-12-29 02:24:26,642 - INFO - Downloaded: NC_H08_20201201_0500_L2ARP030_FLDK.02401_02401.nc
2025-12-29 02:24:26,721 - INFO - Cropped NC_H08_20201201_0500_L2ARP030_FLDK.02401_02401.nc to Malaysia Domain.
2025-12-29 02:24:32,648 - INFO - Downloaded: NC_H08_20201201_0600_L2ARP030_FLDK.02401_02401.nc
2025-12-29 02:24:32,727 - INFO - Cropped NC_H08_20201201_0600_L2ARP030_FLDK.02401_02401.nc to Malaysia Domain.
2025-12-29 02:24:36,540 - INFO - Downloaded: NC_H08_20201201_0700_L2ARP030_FLDK.02401_02401.nc
2025-12-29 02:24:36,617 - INFO - Cropped NC_H08_20201201_0700_L2ARP030_FLDK.02401_02401.nc to Malaysia Domain.
2025-12-29 02:24:39,274 - INFO - Downloaded: NC_H08_20201201_0800_L2ARP030_FLDK.02401_02401.nc
2025-12-29 02:24:39,348 - INFO - Cropped NC_H08_20201201_0800_L2ARP030_FLDK.02401_02401.nc to Malaysia Domain.
2025-12-29 02:24:41,979 - INFO - Downloaded: NC_H08_20201201_0900_L2ARP030_FLDK.02401_02401.nc
2025-12-29 02:24:42,047 - INFO - Cropped NC_H08_20201201_0900_L2ARP030_FLDK.02401_02401.nc to Malaysia Domain.
2025-12-29 02:24:46,555 - INFO - Downloaded: NC_H08_20201202_0000_L2ARP030_FLDK.02401_02401.nc
2025-12-29 02:24:46,623 - INFO - Cropped NC_H08_20201202_0000_L2ARP030_FLDK.02401_02401.nc to Malaysia Domain.
2025-12-29 02:25:32,292 - INFO - Downloaded: NC_H08_20201202_0100_L2ARP030_FLDK.02401_02401.nc
2025-12-29 02:25:32,364 - INFO - Cropped NC_H08_20201202_0100_L2ARP030_FLDK.02401_02401.nc to Malaysia Domain.
2025-12-29 02:26:32,605 - INFO - Downloaded: NC_H08_20201202_0200_L2ARP030_FLDK.02401_02401.nc
2025-12-29 02:26:32,678 - INFO - Cropped NC_H08_20201202_0200_L2ARP030_FLDK.02401_02401.nc to Malaysia Domain.
2025-12-29 02:26:44,584 - INFO - Downloaded: NC_H08_20201202_0300_L2ARP030_FLDK.02401_02401.nc
2025-12-29 02:26:44,661 - INFO - Cropped NC_H08_20201202_0300_L2ARP030_FLDK.02401_02401.nc to Malaysia Domain.
2025-12-29 02:27:30,429 - INFO - Downloaded: NC_H08_20201202_0400_L2ARP030_FLDK.02401_02401.nc
2025-12-29 02:27:30,504 - INFO - Cropped NC_H08_20201202_0400_L2ARP030_FLDK.02401_02401.nc to Malaysia Domain.
2025-12-29 02:27:41,201 - INFO - Downloaded: NC_H08_20201202_0500_L2ARP030_FLDK.02401_02401.nc
2025-12-29 02:27:41,274 - INFO - Cropped NC_H08_20201202_0500_L2ARP030_FLDK.02401_02401.nc to Malaysia Domain.
2025-12-29 02:27:50,569 - INFO - Downloaded: NC_H08_20201202_0600_L2ARP030_FLDK.02401_02401.nc
2025-12-29 02:27:50,642 - INFO - Cropped NC_H08_20201202_0600_L2ARP030_FLDK.02401_02401.nc to Malaysia Domain.
2025-12-29 02:28:16,915 - INFO - Downloaded: NC_H08_20201202_0700_L2ARP030_FLDK.02401_02401.nc
2025-12-29 02:28:16,987 - INFO - Cropped NC_H08_20201202_0700_L2ARP030_FLDK.02401_02401.nc to Malaysia Domain.
2025-12-29 02:28:28,173 - INFO - Downloaded: NC_H08_20201202_0800_L2ARP030_FLDK.02401_02401.nc
2025-12-29 02:28:28,243 - INFO - Cropped NC_H08_20201202_0800_L2ARP030_FLDK.02401_02401.nc to Malaysia Domain.
2025-12-29 02:28:43,414 - INFO - Downloaded: NC_H08_20201202_0900_L2ARP030_FLDK.02401_02401.nc
2025-12-29 02:28:43,478 - INFO - Cropped NC_H08_20201202_0900_L2ARP030_FLDK.02401_02401.nc to Malaysia Domain.
2025-12-29 02:29:24,163 - INFO - Downloaded: NC_H08_20201203_0000_L2ARP030_FLDK.02401_02401.nc
2025-12-29 02:29:24,238 - INFO - Cropped NC_H08_20201203_0000_L2ARP030_FLDK.02401_02401.nc to Malaysia Domain.
2025-12-29 02:29:34,125 - INFO - Downloaded: NC_H08_20201203_0100_L2ARP030_FLDK.02401_02401.nc
2025-12-29 02:29:34,215 - INFO - Cropped NC_H08_20201203_0100_L2ARP030_FLDK.02401_02401.nc to Malaysia Domain.
2025-12-29 02:29:41,438 - INFO - Downloaded: NC_H08_20201203_0200_L2ARP030_FLDK.02401_02401.nc
2025-12-29 02:29:41,526 - INFO - Cropped NC_H08_20201203_0200_L2ARP030_FLDK.02401_02401.nc to Malaysia Domain.
2025-12-29 02:29:48,981 - INFO - Downloaded: NC_H08_20201203_0300_L2ARP030_FLDK.02401_02401.nc
2025-12-29 02:29:49,071 - INFO - Cropped NC_H08_20201203_0300_L2ARP030_FLDK.02401_02401.nc to Malaysia Domain.
2025-12-29 02:29:52,845 - INFO - Downloaded: NC_H08_20201203_0400_L2ARP030_FLDK.02401_02401.nc
2025-12-29 02:29:52,930 - INFO - Cropped NC_H08_20201203_0400_L2ARP030_FLDK.02401_02401.nc to Malaysia Domain.
2025-12-29 02:29:55,726 - INFO - Downloaded: NC_H08_20201203_0500_L2ARP030_FLDK.02401_02401.nc
2025-12-29 02:29:55,813 - INFO - Cropped NC_H08_20201203_0500_L2ARP030_FLDK.02401_02401.nc to Malaysia Domain.
2025-12-29 02:30:17,420 - INFO - Downloaded: NC_H08_20201203_0600_L2ARP030_FLDK.02401_02401.nc
2025-12-29 02:30:17,500 - INFO - Cropped NC_H08_20201203_0600_L2ARP030_FLDK.02401_02401.nc to Malaysia Domain.
2025-12-29 02:30:23,256 - INFO - Downloaded: NC_H08_20201203_0700_L2ARP030_FLDK.02401_02401.nc
2025-12-29 02:30:23,332 - INFO - Cropped NC_H08_20201203_0700_L2ARP030_FLDK.02401_02401.nc to Malaysia Domain.
2025-12-29 02:30:26,891 - INFO - Downloaded: NC_H08_20201203_0800_L2ARP030_FLDK.02401_02401.nc
2025-12-29 02:30:26,966 - INFO - Cropped NC_H08_20201203_0800_L2ARP030_FLDK.02401_02401.nc to Malaysia Domain.
2025-12-29 02:30:29,602 - INFO - Downloaded: NC_H08_20201203_0900_L2ARP030_FLDK.02401_02401.nc
2025-12-29 02:30:29,668 - INFO - Cropped NC_H08_20201203_0900_L2ARP030_FLDK.02401_02401.nc to Malaysia Domain.
2025-12-29 02:31:01,358 - INFO - Downloaded: NC_H08_20201204_0000_L2ARP030_FLDK.02401_02401.nc
2025-12-29 02:31:01,431 - INFO - Cropped NC_H08_20201204_0000_L2ARP030_FLDK.02401_02401.nc to Malaysia Domain.
2025-12-29 02:31:07,968 - INFO - Downloaded: NC_H08_20201204_0100_L2ARP030_FLDK.02401_02401.nc
2025-12-29 02:31:08,047 - INFO - Cropped NC_H08_20201204_0100_L2ARP030_FLDK.02401_02401.nc to Malaysia Domain.
2025-12-29 02:31:13,318 - INFO - Downloaded: NC_H08_20201204_0200_L2ARP030_FLDK.02401_02401.nc
2025-12-29 02:31:13,397 - INFO - Cropped NC_H08_20201204_0200_L2ARP030_FLDK.02401_02401.nc to Malaysia Domain.
2025-12-29 02:31:18,464 - INFO - Downloaded: NC_H08_20201204_0300_L2ARP030_FLDK.02401_02401.nc
2025-12-29 02:31:18,547 - INFO - Cropped NC_H08_20201204_0300_L2ARP030_FLDK.02401_02401.nc to Malaysia Domain.
2025-12-29 02:31:24,254 - INFO - Downloaded: NC_H08_20201204_0400_L2ARP030_FLDK.02401_02401.nc
2025-12-29 02:31:24,334 - INFO - Cropped NC_H08_20201204_0400_L2ARP030_FLDK.02401_02401.nc to Malaysia Domain.
2025-12-29 02:31:52,578 - INFO - Downloaded: NC_H08_20201204_0500_L2ARP030_FLDK.02401_02401.nc
2025-12-29 02:31:52,654 - INFO - Cropped NC_H08_20201204_0500_L2ARP030_FLDK.02401_02401.nc to Malaysia Domain.
2025-12-29 02:32:03,433 - INFO - Downloaded: NC_H08_20201204_0600_L2ARP030_FLDK.02401_02401.nc
2025-12-29 02:32:03,509 - INFO - Cropped NC_H08_20201204_0600_L2ARP030_FLDK.02401_02401.nc to Malaysia Domain.
2025-12-29 02:32:08,080 - INFO - Downloaded: NC_H08_20201204_0700_L2ARP030_FLDK.02401_02401.nc
2025-12-29 02:32:08,152 - INFO - Cropped NC_H08_20201204_0700_L2ARP030_FLDK.02401_02401.nc to Malaysia Domain.
2025-12-29 02:32:12,237 - INFO - Downloaded: NC_H08_20201204_0800_L2ARP030_FLDK.02401_02401.nc
2025-12-29 02:32:12,307 - INFO - Cropped NC_H08_20201204_0800_L2ARP030_FLDK.02401_02401.nc to Malaysia Domain.
2025-12-29 02:32:15,436 - INFO - Downloaded: NC_H08_20201204_0900_L2ARP030_FLDK.02401_02401.nc
2025-12-29 02:32:15,501 - INFO - Cropped NC_H08_20201204_0900_L2ARP030_FLDK.02401_02401.nc to Malaysia Domain.
2025-12-29 02:32:19,403 - INFO - Downloaded: NC_H08_20201205_0000_L2ARP030_FLDK.02401_02401.nc
2025-12-29 02:32:19,483 - INFO - Cropped NC_H08_20201205_0000_L2ARP030_FLDK.02401_02401.nc to Malaysia Domain.
2025-12-29 02:32:23,059 - INFO - Downloaded: NC_H08_20201205_0100_L2ARP030_FLDK.02401_02401.nc
2025-12-29 02:32:23,137 - INFO - Cropped NC_H08_20201205_0100_L2ARP030_FLDK.02401_02401.nc to Malaysia Domain.
2025-12-29 02:33:10,285 - INFO - Downloaded: NC_H08_20201205_0200_L2ARP030_FLDK.02401_02401.nc
2025-12-29 02:33:10,362 - INFO - Cropped NC_H08_20201205_0200_L2ARP030_FLDK.02401_02401.nc to Malaysia Domain.
2025-12-29 02:33:51,066 - INFO - Downloaded: NC_H08_20201205_0300_L2ARP030_FLDK.02401_02401.nc
2025-12-29 02:33:51,146 - INFO - Cropped NC_H08_20201205_0300_L2ARP030_FLDK.02401_02401.nc to Malaysia Domain.
2025-12-29 02:34:26,795 - INFO - Downloaded: NC_H08_20201205_0400_L2ARP030_FLDK.02401_02401.nc
2025-12-29 02:34:26,872 - INFO - Cropped NC_H08_20201205_0400_L2ARP030_FLDK.02401_02401.nc to Malaysia Domain.
2025-12-29 02:34:33,116 - INFO - Downloaded: NC_H08_20201205_0500_L2ARP030_FLDK.02401_02401.nc
2025-12-29 02:34:33,192 - INFO - Cropped NC_H08_20201205_0500_L2ARP030_FLDK.02401_02401.nc to Malaysia Domain.
2025-12-29 02:35:07,715 - INFO - Downloaded: NC_H08_20201205_0600_L2ARP030_FLDK.02401_02401.nc
2025-12-29 02:35:07,791 - INFO - Cropped NC_H08_20201205_0600_L2ARP030_FLDK.02401_02401.nc to Malaysia Domain.
2025-12-29 02:35:16,112 - INFO - Downloaded: NC_H08_20201205_0700_L2ARP030_FLDK.02401_02401.nc
2025-12-29 02:35:16,186 - INFO - Cropped NC_H08_20201205_0700_L2ARP030_FLDK.02401_02401.nc to Malaysia Domain.
2025-12-29 02:35:22,380 - INFO - Downloaded: NC_H08_20201205_0800_L2ARP030_FLDK.02401_02401.nc
2025-12-29 02:35:22,450 - INFO - Cropped NC_H08_20201205_0800_L2ARP030_FLDK.02401_02401.nc to Malaysia Domain.
2025-12-29 02:35:27,081 - INFO - Downloaded: NC_H08_20201205_0900_L2ARP030_FLDK.02401_02401.nc
2025-12-29 02:35:27,147 - INFO - Cropped NC_H08_20201205_0900_L2ARP030_FLDK.02401_02401.nc to Malaysia Domain.
2025-12-29 02:35:36,255 - INFO - Downloaded: NC_H08_20201206_0000_L2ARP030_FLDK.02401_02401.nc
2025-12-29 02:35:36,325 - INFO - Cropped NC_H08_20201206_0000_L2ARP030_FLDK.02401_02401.nc to Malaysia Domain.
2025-12-29 02:35:40,379 - INFO - Downloaded: NC_H08_20201206_0100_L2ARP030_FLDK.02401_02401.nc
2025-12-29 02:35:40,456 - INFO - Cropped NC_H08_20201206_0100_L2ARP030_FLDK.02401_02401.nc to Malaysia Domain.
2025-12-29 02:35:44,811 - INFO - Downloaded: NC_H08_20201206_0200_L2ARP030_FLDK.02401_02401.nc
2025-12-29 02:35:44,891 - INFO - Cropped NC_H08_20201206_0200_L2ARP030_FLDK.02401_02401.nc to Malaysia Domain.
2025-12-29 02:35:49,332 - INFO - Downloaded: NC_H08_20201206_0300_L2ARP030_FLDK.02401_02401.nc
2025-12-29 02:35:49,411 - INFO - Cropped NC_H08_20201206_0300_L2ARP030_FLDK.02401_02401.nc to Malaysia Domain.
2025-12-29 02:35:53,563 - INFO - Downloaded: NC_H08_20201206_0400_L2ARP030_FLDK.02401_02401.nc
2025-12-29 02:35:53,643 - INFO - Cropped NC_H08_20201206_0400_L2ARP030_FLDK.02401_02401.nc to Malaysia Domain.
2025-12-29 02:35:57,480 - INFO - Downloaded: NC_H08_20201206_0500_L2ARP030_FLDK.02401_02401.nc
2025-12-29 02:35:57,557 - INFO - Cropped NC_H08_20201206_0500_L2ARP030_FLDK.02401_02401.nc to Malaysia Domain.
2025-12-29 02:36:27,108 - INFO - Downloaded: NC_H08_20201206_0600_L2ARP030_FLDK.02401_02401.nc
2025-12-29 02:36:27,184 - INFO - Cropped NC_H08_20201206_0600_L2ARP030_FLDK.02401_02401.nc to Malaysia Domain.
2025-12-29 02:36:36,574 - INFO - Downloaded: NC_H08_20201206_0700_L2ARP030_FLDK.02401_02401.nc
2025-12-29 02:36:36,647 - INFO - Cropped NC_H08_20201206_0700_L2ARP030_FLDK.02401_02401.nc to Malaysia Domain.
2025-12-29 02:36:44,094 - INFO - Downloaded: NC_H08_20201206_0800_L2ARP030_FLDK.02401_02401.nc
2025-12-29 02:36:44,163 - INFO - Cropped NC_H08_20201206_0800_L2ARP030_FLDK.02401_02401.nc to Malaysia Domain.
2025-12-29 02:36:50,919 - INFO - Downloaded: NC_H08_20201206_0900_L2ARP030_FLDK.02401_02401.nc
2025-12-29 02:36:50,986 - INFO - Cropped NC_H08_20201206_0900_L2ARP030_FLDK.02401_02401.nc to Malaysia Domain.
2025-12-29 02:37:02,238 - INFO - Downloaded: NC_H08_20201207_0000_L2ARP030_FLDK.02401_02401.nc
2025-12-29 02:37:02,309 - INFO - Cropped NC_H08_20201207_0000_L2ARP030_FLDK.02401_02401.nc to Malaysia Domain.
2025-12-29 02:37:06,156 - INFO - Downloaded: NC_H08_20201207_0100_L2ARP030_FLDK.02401_02401.nc
2025-12-29 02:37:06,231 - INFO - Cropped NC_H08_20201207_0100_L2ARP030_FLDK.02401_02401.nc to Malaysia Domain.
2025-12-29 02:37:12,433 - INFO - Downloaded: NC_H08_20201207_0200_L2ARP030_FLDK.02401_02401.nc
2025-12-29 02:37:12,511 - INFO - Cropped NC_H08_20201207_0200_L2ARP030_FLDK.02401_02401.nc to Malaysia Domain.
2025-12-29 02:37:20,793 - INFO - Downloaded: NC_H08_20201207_0300_L2ARP030_FLDK.02401_02401.nc
2025-12-29 02:37:20,875 - INFO - Cropped NC_H08_20201207_0300_L2ARP030_FLDK.02401_02401.nc to Malaysia Domain.
2025-12-29 02:38:18,760 - INFO - Downloaded: NC_H08_20201207_0400_L2ARP030_FLDK.02401_02401.nc
2025-12-29 02:38:18,838 - INFO - Cropped NC_H08_20201207_0400_L2ARP030_FLDK.02401_02401.nc to Malaysia Domain.
2025-12-29 02:38:29,718 - INFO - Downloaded: NC_H08_20201207_0500_L2ARP030_FLDK.02401_02401.nc
2025-12-29 02:38:29,795 - INFO - Cropped NC_H08_20201207_0500_L2ARP030_FLDK.02401_02401.nc to Malaysia Domain.
2025-12-29 02:39:10,529 - INFO - Downloaded: NC_H08_20201207_0600_L2ARP030_FLDK.02401_02401.nc
2025-12-29 02:39:10,606 - INFO - Cropped NC_H08_20201207_0600_L2ARP030_FLDK.02401_02401.nc to Malaysia Domain.
2025-12-29 02:39:20,515 - INFO - Downloaded: NC_H08_20201207_0700_L2ARP030_FLDK.02401_02401.nc
2025-12-29 02:39:20,590 - INFO - Cropped NC_H08_20201207_0700_L2ARP030_FLDK.02401_02401.nc to Malaysia Domain.
2025-12-29 02:39:27,477 - INFO - Downloaded: NC_H08_20201207_0800_L2ARP030_FLDK.02401_02401.nc
2025-12-29 02:39:27,550 - INFO - Cropped NC_H08_20201207_0800_L2ARP030_FLDK.02401_02401.nc to Malaysia Domain.
2025-12-29 02:39:34,295 - INFO - Downloaded: NC_H08_20201207_0900_L2ARP030_FLDK.02401_02401.nc
2025-12-29 02:39:34,364 - INFO - Cropped NC_H08_20201207_0900_L2ARP030_FLDK.02401_02401.nc to Malaysia Domain.
2025-12-29 02:39:39,319 - INFO - Downloaded: NC_H08_20201208_0000_L2ARP030_FLDK.02401_02401.nc
2025-12-29 02:39:39,386 - INFO - Cropped NC_H08_20201208_0000_L2ARP030_FLDK.02401_02401.nc to Malaysia Domain.
2025-12-29 02:39:42,542 - INFO - Downloaded: NC_H08_20201208_0100_L2ARP030_FLDK.02401_02401.nc
2025-12-29 02:39:42,614 - INFO - Cropped NC_H08_20201208_0100_L2ARP030_FLDK.02401_02401.nc to Malaysia Domain.
2025-12-29 02:40:29,733 - INFO - Downloaded: NC_H08_20201208_0200_L2ARP030_FLDK.02401_02401.nc
2025-12-29 02:40:29,808 - INFO - Cropped NC_H08_20201208_0200_L2ARP030_FLDK.02401_02401.nc to Malaysia Domain.
2025-12-29 02:40:40,419 - INFO - Downloaded: NC_H08_20201208_0300_L2ARP030_FLDK.02401_02401.nc
2025-12-29 02:40:40,495 - INFO - Cropped NC_H08_20201208_0300_L2ARP030_FLDK.02401_02401.nc to Malaysia Domain.
2025-12-29 02:41:22,450 - INFO - Downloaded: NC_H08_20201208_0400_L2ARP030_FLDK.02401_02401.nc
2025-12-29 02:41:22,529 - INFO - Cropped NC_H08_20201208_0400_L2ARP030_FLDK.02401_02401.nc to Malaysia Domain.
2025-12-29 02:41:32,541 - INFO - Downloaded: NC_H08_20201208_0500_L2ARP030_FLDK.02401_02401.nc
2025-12-29 02:41:32,616 - INFO - Cropped NC_H08_20201208_0500_L2ARP030_FLDK.02401_02401.nc to Malaysia Domain.
2025-12-29 02:41:38,589 - INFO - Downloaded: NC_H08_20201208_0600_L2ARP030_FLDK.02401_02401.nc
2025-12-29 02:41:38,663 - INFO - Cropped NC_H08_20201208_0600_L2ARP030_FLDK.02401_02401.nc to Malaysia Domain.
2025-12-29 02:41:43,521 - INFO - Downloaded: NC_H08_20201208_0700_L2ARP030_FLDK.02401_02401.nc
2025-12-29 02:41:43,593 - INFO - Cropped NC_H08_20201208_0700_L2ARP030_FLDK.02401_02401.nc to Malaysia Domain.
2025-12-29 02:41:47,545 - INFO - Downloaded: NC_H08_20201208_0800_L2ARP030_FLDK.02401_02401.nc
2025-12-29 02:41:47,617 - INFO - Cropped NC_H08_20201208_0800_L2ARP030_FLDK.02401_02401.nc to Malaysia Domain.
2025-12-29 02:41:50,219 - INFO - Downloaded: NC_H08_20201208_0900_L2ARP030_FLDK.02401_02401.nc
2025-12-29 02:41:50,292 - INFO - Cropped NC_H08_20201208_0900_L2ARP030_FLDK.02401_02401.nc to Malaysia Domain.
2025-12-29 02:41:56,538 - INFO - Downloaded: NC_H08_20201209_0000_L2ARP030_FLDK.02401_02401.nc
2025-12-29 02:41:56,609 - INFO - Cropped NC_H08_20201209_0000_L2ARP030_FLDK.02401_02401.nc to Malaysia Domain.
2025-12-29 02:42:03,526 - INFO - Downloaded: NC_H08_20201209_0100_L2ARP030_FLDK.02401_02401.nc
2025-12-29 02:42:03,605 - INFO - Cropped NC_H08_20201209_0100_L2ARP030_FLDK.02401_02401.nc to Malaysia Domain.
2025-12-29 02:42:07,929 - INFO - Downloaded: NC_H08_20201209_0200_L2ARP030_FLDK.02401_02401.nc
2025-12-29 02:42:08,011 - INFO - Cropped NC_H08_20201209_0200_L2ARP030_FLDK.02401_02401.nc to Malaysia Domain.
2025-12-29 02:42:12,662 - INFO - Downloaded: NC_H08_20201209_0300_L2ARP030_FLDK.02401_02401.nc
2025-12-29 02:42:12,747 - INFO - Cropped NC_H08_20201209_0300_L2ARP030_FLDK.02401_02401.nc to Malaysia Domain.
2025-12-29 02:42:16,100 - INFO - Downloaded: NC_H08_20201209_0400_L2ARP030_FLDK.02401_02401.nc
2025-12-29 02:42:16,182 - INFO - Cropped NC_H08_20201209_0400_L2ARP030_FLDK.02401_02401.nc to Malaysia Domain.
2025-12-29 02:42:19,716 - INFO - Downloaded: NC_H08_20201209_0500_L2ARP030_FLDK.02401_02401.nc
2025-12-29 02:42:19,797 - INFO - Cropped NC_H08_20201209_0500_L2ARP030_FLDK.02401_02401.nc to Malaysia Domain.
2025-12-29 02:42:22,431 - INFO - Downloaded: NC_H08_20201209_0600_L2ARP030_FLDK.02401_02401.nc
2025-12-29 02:42:22,523 - INFO - Cropped NC_H08_20201209_0600_L2ARP030_FLDK.02401_02401.nc to Malaysia Domain.
2025-12-29 02:42:25,315 - INFO - Downloaded: NC_H08_20201209_0700_L2ARP030_FLDK.02401_02401.nc
2025-12-29 02:42:25,393 - INFO - Cropped NC_H08_20201209_0700_L2ARP030_FLDK.02401_02401.nc to Malaysia Domain.
2025-12-29 02:42:27,850 - INFO - Downloaded: NC_H08_20201209_0800_L2ARP030_FLDK.02401_02401.nc
2025-12-29 02:42:27,925 - INFO - Cropped NC_H08_20201209_0800_L2ARP030_FLDK.02401_02401.nc to Malaysia Domain.
2025-12-29 02:42:30,065 - INFO - Downloaded: NC_H08_20201209_0900_L2ARP030_FLDK.02401_02401.nc
2025-12-29 02:42:30,136 - INFO - Cropped NC_H08_20201209_0900_L2ARP030_FLDK.02401_02401.nc to Malaysia Domain.
2025-12-29 02:42:34,257 - INFO - Downloaded: NC_H08_20201210_0000_L2ARP030_FLDK.02401_02401.nc
2025-12-29 02:42:34,331 - INFO - Cropped NC_H08_20201210_0000_L2ARP030_FLDK.02401_02401.nc to Malaysia Domain.
2025-12-29 02:42:38,861 - INFO - Downloaded: NC_H08_20201210_0100_L2ARP030_FLDK.02401_02401.nc
2025-12-29 02:42:38,940 - INFO - Cropped NC_H08_20201210_0100_L2ARP030_FLDK.02401_02401.nc to Malaysia Domain.
2025-12-29 02:42:42,933 - INFO - Downloaded: NC_H08_20201210_0200_L2ARP030_FLDK.02401_02401.nc
2025-12-29 02:42:43,015 - INFO - Cropped NC_H08_20201210_0200_L2ARP030_FLDK.02401_02401.nc to Malaysia Domain.
2025-12-29 02:42:47,611 - INFO - Downloaded: NC_H08_20201210_0300_L2ARP030_FLDK.02401_02401.nc
2025-12-29 02:42:47,694 - INFO - Cropped NC_H08_20201210_0300_L2ARP030_FLDK.02401_02401.nc to Malaysia Domain.
2025-12-29 02:42:52,189 - INFO - Downloaded: NC_H08_20201210_0400_L2ARP030_FLDK.02401_02401.nc
2025-12-29 02:42:52,270 - INFO - Cropped NC_H08_20201210_0400_L2ARP030_FLDK.02401_02401.nc to Malaysia Domain.
2025-12-29 02:43:21,752 - INFO - Downloaded: NC_H08_20201210_0500_L2ARP030_FLDK.02401_02401.nc
2025-12-29 02:43:21,834 - INFO - Cropped NC_H08_20201210_0500_L2ARP030_FLDK.02401_02401.nc to Malaysia Domain.
2025-12-29 02:43:31,074 - INFO - Downloaded: NC_H08_20201210_0600_L2ARP030_FLDK.02401_02401.nc
2025-12-29 02:43:31,159 - INFO - Cropped NC_H08_20201210_0600_L2ARP030_FLDK.02401_02401.nc to Malaysia Domain.
2025-12-29 02:43:36,630 - INFO - Downloaded: NC_H08_20201210_0700_L2ARP030_FLDK.02401_02401.nc
2025-12-29 02:43:36,704 - INFO - Cropped NC_H08_20201210_0700_L2ARP030_FLDK.02401_02401.nc to Malaysia Domain.
2025-12-29 02:43:42,308 - INFO - Downloaded: NC_H08_20201210_0800_L2ARP030_FLDK.02401_02401.nc
2025-12-29 02:43:42,380 - INFO - Cropped NC_H08_20201210_0800_L2ARP030_FLDK.02401_02401.nc to Malaysia Domain.
2025-12-29 02:43:48,819 - INFO - Downloaded: NC_H08_20201210_0900_L2ARP030_FLDK.02401_02401.nc
2025-12-29 02:43:48,889 - INFO - Cropped NC_H08_20201210_0900_L2ARP030_FLDK.02401_02401.nc to Malaysia Domain.
2025-12-29 02:43:57,549 - INFO - Downloaded: NC_H08_20201211_0000_L2ARP030_FLDK.02401_02401.nc
2025-12-29 02:43:57,625 - INFO - Cropped NC_H08_20201211_0000_L2ARP030_FLDK.02401_02401.nc to Malaysia Domain.
2025-12-29 02:44:03,037 - INFO - Downloaded: NC_H08_20201211_0100_L2ARP030_FLDK.02401_02401.nc
2025-12-29 02:44:03,124 - INFO - Cropped NC_H08_20201211_0100_L2ARP030_FLDK.02401_02401.nc to Malaysia Domain.
2025-12-29 02:44:08,996 - INFO - Downloaded: NC_H08_20201211_0200_L2ARP030_FLDK.02401_02401.nc
2025-12-29 02:44:09,084 - INFO - Cropped NC_H08_20201211_0200_L2ARP030_FLDK.02401_02401.nc to Malaysia Domain.
2025-12-29 02:44:36,317 - INFO - Downloaded: NC_H08_20201211_0300_L2ARP030_FLDK.02401_02401.nc
2025-12-29 02:44:36,405 - INFO - Cropped NC_H08_20201211_0300_L2ARP030_FLDK.02401_02401.nc to Malaysia Domain.
2025-12-29 02:44:43,160 - INFO - Downloaded: NC_H08_20201211_0400_L2ARP030_FLDK.02401_02401.nc
2025-12-29 02:44:43,248 - INFO - Cropped NC_H08_20201211_0400_L2ARP030_FLDK.02401_02401.nc to Malaysia Domain.
2025-12-29 02:44:47,918 - INFO - Downloaded: NC_H08_20201211_0500_L2ARP030_FLDK.02401_02401.nc
2025-12-29 02:44:48,002 - INFO - Cropped NC_H08_20201211_0500_L2ARP030_FLDK.02401_02401.nc to Malaysia Domain.
2025-12-29 02:44:53,153 - INFO - Downloaded: NC_H08_20201211_0600_L2ARP030_FLDK.02401_02401.nc
2025-12-29 02:44:53,236 - INFO - Cropped NC_H08_20201211_0600_L2ARP030_FLDK.02401_02401.nc to Malaysia Domain.
2025-12-29 02:45:02,036 - INFO - Downloaded: NC_H08_20201211_0700_L2ARP030_FLDK.02401_02401.nc
2025-12-29 02:45:02,118 - INFO - Cropped NC_H08_20201211_0700_L2ARP030_FLDK.02401_02401.nc to Malaysia Domain.
2025-12-29 02:45:18,880 - INFO - Downloaded: NC_H08_20201211_0800_L2ARP030_FLDK.02401_02401.nc
2025-12-29 02:45:18,959 - INFO - Cropped NC_H08_20201211_0800_L2ARP030_FLDK.02401_02401.nc to Malaysia Domain.
2025-12-29 02:45:27,298 - INFO - Downloaded: NC_H08_20201211_0900_L2ARP030_FLDK.02401_02401.nc
2025-12-29 02:45:27,368 - INFO - Cropped NC_H08_20201211_0900_L2ARP030_FLDK.02401_02401.nc to Malaysia Domain.
2025-12-29 02:45:40,604 - INFO - Downloaded: NC_H08_20201212_0000_L2ARP030_FLDK.02401_02401.nc
2025-12-29 02:45:40,676 - INFO - Cropped NC_H08_20201212_0000_L2ARP030_FLDK.02401_02401.nc to Malaysia Domain.
2025-12-29 02:45:50,346 - INFO - Downloaded: NC_H08_20201212_0100_L2ARP030_FLDK.02401_02401.nc
2025-12-29 02:45:50,423 - INFO - Cropped NC_H08_20201212_0100_L2ARP030_FLDK.02401_02401.nc to Malaysia Domain.
2025-12-29 02:46:24,716 - INFO - Downloaded: NC_H08_20201212_0200_L2ARP030_FLDK.02401_02401.nc
2025-12-29 02:46:24,800 - INFO - Cropped NC_H08_20201212_0200_L2ARP030_FLDK.02401_02401.nc to Malaysia Domain.
2025-12-29 02:46:34,753 - INFO - Downloaded: NC_H08_20201212_0300_L2ARP030_FLDK.02401_02401.nc
2025-12-29 02:46:34,836 - INFO - Cropped NC_H08_20201212_0300_L2ARP030_FLDK.02401_02401.nc to Malaysia Domain.
2025-12-29 02:47:08,927 - INFO - Downloaded: NC_H08_20201212_0400_L2ARP030_FLDK.02401_02401.nc
2025-12-29 02:47:09,012 - INFO - Cropped NC_H08_20201212_0400_L2ARP030_FLDK.02401_02401.nc to Malaysia Domain.
2025-12-29 02:47:15,245 - INFO - Downloaded: NC_H08_20201212_0500_L2ARP030_FLDK.02401_02401.nc
2025-12-29 02:47:15,329 - INFO - Cropped NC_H08_20201212_0500_L2ARP030_FLDK.02401_02401.nc to Malaysia Domain.
2025-12-29 02:47:18,345 - INFO - Downloaded: NC_H08_20201212_0600_L2ARP030_FLDK.02401_02401.nc
2025-12-29 02:47:18,426 - INFO - Cropped NC_H08_20201212_0600_L2ARP030_FLDK.02401_02401.nc to Malaysia Domain.
2025-12-29 02:47:21,438 - INFO - Downloaded: NC_H08_20201212_0700_L2ARP030_FLDK.02401_02401.nc
2025-12-29 02:47:21,522 - INFO - Cropped NC_H08_20201212_0700_L2ARP030_FLDK.02401_02401.nc to Malaysia Domain.
2025-12-29 02:47:23,695 - INFO - Downloaded: NC_H08_20201212_0800_L2ARP030_FLDK.02401_02401.nc
2025-12-29 02:47:23,773 - INFO - Cropped NC_H08_20201212_0800_L2ARP030_FLDK.02401_02401.nc to Malaysia Domain.
2025-12-29 02:47:35,943 - INFO - Downloaded: NC_H08_20201212_0900_L2ARP030_FLDK.02401_02401.nc
2025-12-29 02:47:36,010 - INFO - Cropped NC_H08_20201212_0900_L2ARP030_FLDK.02401_02401.nc to Malaysia Domain.
2025-12-29 02:47:45,513 - INFO - Downloaded: NC_H08_20201213_0000_L2ARP030_FLDK.02401_02401.nc
2025-12-29 02:47:45,589 - INFO - Cropped NC_H08_20201213_0000_L2ARP030_FLDK.02401_02401.nc to Malaysia Domain.
2025-12-29 02:47:49,877 - INFO - Downloaded: NC_H08_20201213_0100_L2ARP030_FLDK.02401_02401.nc
2025-12-29 02:47:49,958 - INFO - Cropped NC_H08_20201213_0100_L2ARP030_FLDK.02401_02401.nc to Malaysia Domain.
2025-12-29 02:48:25,665 - INFO - Downloaded: NC_H08_20201213_0200_L2ARP030_FLDK.02401_02401.nc
2025-12-29 02:48:25,750 - INFO - Cropped NC_H08_20201213_0200_L2ARP030_FLDK.02401_02401.nc to Malaysia Domain.
2025-12-29 02:48:34,938 - INFO - Downloaded: NC_H08_20201213_0300_L2ARP030_FLDK.02401_02401.nc
2025-12-29 02:48:35,024 - INFO - Cropped NC_H08_20201213_0300_L2ARP030_FLDK.02401_02401.nc to Malaysia Domain.
2025-12-29 02:49:13,883 - INFO - Downloaded: NC_H08_20201213_0400_L2ARP030_FLDK.02401_02401.nc
2025-12-29 02:49:13,967 - INFO - Cropped NC_H08_20201213_0400_L2ARP030_FLDK.02401_02401.nc to Malaysia Domain.
2025-12-29 02:49:20,110 - INFO - Downloaded: NC_H08_20201213_0500_L2ARP030_FLDK.02401_02401.nc
2025-12-29 02:49:20,194 - INFO - Cropped NC_H08_20201213_0500_L2ARP030_FLDK.02401_02401.nc to Malaysia Domain.
2025-12-29 02:49:23,085 - INFO - Downloaded: NC_H08_20201213_0600_L2ARP030_FLDK.02401_02401.nc
2025-12-29 02:49:23,169 - INFO - Cropped NC_H08_20201213_0600_L2ARP030_FLDK.02401_02401.nc to Malaysia Domain.
2025-12-29 02:49:27,403 - INFO - Downloaded: NC_H08_20201213_0700_L2ARP030_FLDK.02401_02401.nc
2025-12-29 02:49:27,485 - INFO - Cropped NC_H08_20201213_0700_L2ARP030_FLDK.02401_02401.nc to Malaysia Domain.
2025-12-29 02:49:48,190 - INFO - Downloaded: NC_H08_20201213_0800_L2ARP030_FLDK.02401_02401.nc
2025-12-29 02:49:48,268 - INFO - Cropped NC_H08_20201213_0800_L2ARP030_FLDK.02401_02401.nc to Malaysia Domain.
2025-12-29 02:49:54,670 - INFO - Downloaded: NC_H08_20201213_0900_L2ARP030_FLDK.02401_02401.nc
2025-12-29 02:49:54,736 - INFO - Cropped NC_H08_20201213_0900_L2ARP030_FLDK.02401_02401.nc to Malaysia Domain.
2025-12-29 02:50:34,805 - INFO - Downloaded: NC_H08_20201214_0000_L2ARP030_FLDK.02401_02401.nc
2025-12-29 02:50:34,872 - INFO - Cropped NC_H08_20201214_0000_L2ARP030_FLDK.02401_02401.nc to Malaysia Domain.
2025-12-29 02:50:46,269 - INFO - Downloaded: NC_H08_20201214_0100_L2ARP030_FLDK.02401_02401.nc
2025-12-29 02:50:46,340 - INFO - Cropped NC_H08_20201214_0100_L2ARP030_FLDK.02401_02401.nc to Malaysia Domain.
2025-12-29 02:50:58,113 - INFO - Downloaded: NC_H08_20201214_0200_L2ARP030_FLDK.02401_02401.nc
2025-12-29 02:50:58,186 - INFO - Cropped NC_H08_20201214_0200_L2ARP030_FLDK.02401_02401.nc to Malaysia Domain.
2025-12-29 02:51:03,158 - INFO - Downloaded: NC_H08_20201214_0300_L2ARP030_FLDK.02401_02401.nc
2025-12-29 02:51:03,233 - INFO - Cropped NC_H08_20201214_0300_L2ARP030_FLDK.02401_02401.nc to Malaysia Domain.
2025-12-29 02:51:09,545 - INFO - Downloaded: NC_H08_20201214_0400_L2ARP030_FLDK.02401_02401.nc
2025-12-29 02:51:09,621 - INFO - Cropped NC_H08_20201214_0400_L2ARP030_FLDK.02401_02401.nc to Malaysia Domain.
2025-12-29 02:51:55,475 - INFO - Downloaded: NC_H08_20201214_0500_L2ARP030_FLDK.02401_02401.nc
2025-12-29 02:51:55,559 - INFO - Cropped NC_H08_20201214_0500_L2ARP030_FLDK.02401_02401.nc to Malaysia Domain.
2025-12-29 02:52:01,696 - INFO - Downloaded: NC_H08_20201214_0600_L2ARP030_FLDK.02401_02401.nc
2025-12-29 02:52:01,770 - INFO - Cropped NC_H08_20201214_0600_L2ARP030_FLDK.02401_02401.nc to Malaysia Domain.
2025-12-29 02:52:04,989 - INFO - Downloaded: NC_H08_20201214_0700_L2ARP030_FLDK.02401_02401.nc
2025-12-29 02:52:05,061 - INFO - Cropped NC_H08_20201214_0700_L2ARP030_FLDK.02401_02401.nc to Malaysia Domain.
2025-12-29 02:52:07,401 - INFO - Downloaded: NC_H08_20201214_0800_L2ARP030_FLDK.02401_02401.nc
2025-12-29 02:52:07,472 - INFO - Cropped NC_H08_20201214_0800_L2ARP030_FLDK.02401_02401.nc to Malaysia Domain.
2025-12-29 02:52:09,562 - INFO - Downloaded: NC_H08_20201214_0900_L2ARP030_FLDK.02401_02401.nc
2025-12-29 02:52:09,626 - INFO - Cropped NC_H08_20201214_0900_L2ARP030_FLDK.02401_02401.nc to Malaysia Domain.
2025-12-29 02:52:13,478 - INFO - Downloaded: NC_H08_20201215_0000_L2ARP030_FLDK.02401_02401.nc
2025-12-29 02:52:13,545 - INFO - Cropped NC_H08_20201215_0000_L2ARP030_FLDK.02401_02401.nc to Malaysia Domain.
2025-12-29 02:52:17,750 - INFO - Downloaded: NC_H08_20201215_0100_L2ARP030_FLDK.02401_02401.nc
2025-12-29 02:52:17,822 - INFO - Cropped NC_H08_20201215_0100_L2ARP030_FLDK.02401_02401.nc to Malaysia Domain.
2025-12-29 02:52:21,332 - INFO - Downloaded: NC_H08_20201215_0200_L2ARP030_FLDK.02401_02401.nc
2025-12-29 02:52:21,409 - INFO - Cropped NC_H08_20201215_0200_L2ARP030_FLDK.02401_02401.nc to Malaysia Domain.
2025-12-29 02:53:00,893 - INFO - Downloaded: NC_H08_20201215_0300_L2ARP030_FLDK.02401_02401.nc
2025-12-29 02:53:00,973 - INFO - Cropped NC_H08_20201215_0300_L2ARP030_FLDK.02401_02401.nc to Malaysia Domain.
2025-12-29 02:53:10,896 - INFO - Downloaded: NC_H08_20201215_0400_L2ARP030_FLDK.02401_02401.nc
2025-12-29 02:53:10,973 - INFO - Cropped NC_H08_20201215_0400_L2ARP030_FLDK.02401_02401.nc to Malaysia Domain.
2025-12-29 02:53:38,606 - INFO - Downloaded: NC_H08_20201215_0500_L2ARP030_FLDK.02401_02401.nc
2025-12-29 02:53:38,680 - INFO - Cropped NC_H08_20201215_0500_L2ARP030_FLDK.02401_02401.nc to Malaysia Domain.
2025-12-29 02:53:49,184 - INFO - Downloaded: NC_H08_20201215_0600_L2ARP030_FLDK.02401_02401.nc
2025-12-29 02:53:49,265 - INFO - Cropped NC_H08_20201215_0600_L2ARP030_FLDK.02401_02401.nc to Malaysia Domain.
2025-12-29 02:53:57,176 - INFO - Downloaded: NC_H08_20201215_0700_L2ARP030_FLDK.02401_02401.nc
2025-12-29 02:53:57,249 - INFO - Cropped NC_H08_20201215_0700_L2ARP030_FLDK.02401_02401.nc to Malaysia Domain.
2025-12-29 02:54:01,463 - INFO - Downloaded: NC_H08_20201215_0800_L2ARP030_FLDK.02401_02401.nc
2025-12-29 02:54:01,532 - INFO - Cropped NC_H08_20201215_0800_L2ARP030_FLDK.02401_02401.nc to Malaysia Domain.
2025-12-29 02:54:13,563 - INFO - Downloaded: NC_H08_20201215_0900_L2ARP030_FLDK.02401_02401.nc
2025-12-29 02:54:13,628 - INFO - Cropped NC_H08_20201215_0900_L2ARP030_FLDK.02401_02401.nc to Malaysia Domain.
2025-12-29 02:54:23,090 - INFO - Downloaded: NC_H08_20201216_0000_L2ARP030_FLDK.02401_02401.nc
2025-12-29 02:54:23,157 - INFO - Cropped NC_H08_20201216_0000_L2ARP030_FLDK.02401_02401.nc to Malaysia Domain.
2025-12-29 02:54:30,857 - INFO - Downloaded: NC_H08_20201216_0100_L2ARP030_FLDK.02401_02401.nc
2025-12-29 02:54:30,926 - INFO - Cropped NC_H08_20201216_0100_L2ARP030_FLDK.02401_02401.nc to Malaysia Domain.
2025-12-29 02:54:40,581 - INFO - Downloaded: NC_H08_20201216_0200_L2ARP030_FLDK.02401_02401.nc
2025-12-29 02:54:40,654 - INFO - Cropped NC_H08_20201216_0200_L2ARP030_FLDK.02401_02401.nc to Malaysia Domain.
2025-12-29 02:54:48,282 - INFO - Downloaded: NC_H08_20201216_0300_L2ARP030_FLDK.02401_02401.nc
2025-12-29 02:54:48,355 - INFO - Cropped NC_H08_20201216_0300_L2ARP030_FLDK.02401_02401.nc to Malaysia Domain.
2025-12-29 02:54:55,763 - INFO - Downloaded: NC_H08_20201216_0400_L2ARP030_FLDK.02401_02401.nc
2025-12-29 02:54:55,840 - INFO - Cropped NC_H08_20201216_0400_L2ARP030_FLDK.02401_02401.nc to Malaysia Domain.
2025-12-29 02:55:04,332 - INFO - Downloaded: NC_H08_20201216_0500_L2ARP030_FLDK.02401_02401.nc
2025-12-29 02:55:04,414 - INFO - Cropped NC_H08_20201216_0500_L2ARP030_FLDK.02401_02401.nc to Malaysia Domain.
2025-12-29 02:55:28,273 - INFO - Downloaded: NC_H08_20201216_0600_L2ARP030_FLDK.02401_02401.nc
2025-12-29 02:55:28,345 - INFO - Cropped NC_H08_20201216_0600_L2ARP030_FLDK.02401_02401.nc to Malaysia Domain.
2025-12-29 02:55:38,003 - INFO - Downloaded: NC_H08_20201216_0700_L2ARP030_FLDK.02401_02401.nc
2025-12-29 02:55:38,076 - INFO - Cropped NC_H08_20201216_0700_L2ARP030_FLDK.02401_02401.nc to Malaysia Domain.
2025-12-29 02:55:45,726 - INFO - Downloaded: NC_H08_20201216_0800_L2ARP030_FLDK.02401_02401.nc
2025-12-29 02:55:45,793 - INFO - Cropped NC_H08_20201216_0800_L2ARP030_FLDK.02401_02401.nc to Malaysia Domain.
2025-12-29 02:55:49,454 - INFO - Downloaded: NC_H08_20201216_0900_L2ARP030_FLDK.02401_02401.nc
2025-12-29 02:55:49,521 - INFO - Cropped NC_H08_20201216_0900_L2ARP030_FLDK.02401_02401.nc to Malaysia Domain.
2025-12-29 02:55:57,659 - INFO - Downloaded: NC_H08_20201217_0000_L2ARP030_FLDK.02401_02401.nc
2025-12-29 02:55:57,724 - INFO - Cropped NC_H08_20201217_0000_L2ARP030_FLDK.02401_02401.nc to Malaysia Domain.
2025-12-29 02:56:01,779 - INFO - Downloaded: NC_H08_20201217_0100_L2ARP030_FLDK.02401_02401.nc
2025-12-29 02:56:01,847 - INFO - Cropped NC_H08_20201217_0100_L2ARP030_FLDK.02401_02401.nc to Malaysia Domain.
2025-12-29 02:56:12,000 - INFO - Downloaded: NC_H08_20201217_0200_L2ARP030_FLDK.02401_02401.nc
2025-12-29 02:56:12,071 - INFO - Cropped NC_H08_20201217_0200_L2ARP030_FLDK.02401_02401.nc to Malaysia Domain.
2025-12-29 02:56:18,201 - INFO - Downloaded: NC_H08_20201217_0300_L2ARP030_FLDK.02401_02401.nc
2025-12-29 02:56:18,274 - INFO - Cropped NC_H08_20201217_0300_L2ARP030_FLDK.02401_02401.nc to Malaysia Domain.
2025-12-29 02:56:25,218 - INFO - Downloaded: NC_H08_20201217_0400_L2ARP030_FLDK.02401_02401.nc
2025-12-29 02:56:25,291 - INFO - Cropped NC_H08_20201217_0400_L2ARP030_FLDK.02401_02401.nc to Malaysia Domain.
2025-12-29 02:56:32,063 - INFO - Downloaded: NC_H08_20201217_0500_L2ARP030_FLDK.02401_02401.nc
2025-12-29 02:56:32,134 - INFO - Cropped NC_H08_20201217_0500_L2ARP030_FLDK.02401_02401.nc to Malaysia Domain.
2025-12-29 02:56:40,457 - INFO - Downloaded: NC_H08_20201217_0600_L2ARP030_FLDK.02401_02401.nc
2025-12-29 02:56:40,528 - INFO - Cropped NC_H08_20201217_0600_L2ARP030_FLDK.02401_02401.nc to Malaysia Domain.
2025-12-29 02:56:44,153 - INFO - Downloaded: NC_H08_20201217_0700_L2ARP030_FLDK.02401_02401.nc
2025-12-29 02:56:44,222 - INFO - Cropped NC_H08_20201217_0700_L2ARP030_FLDK.02401_02401.nc to Malaysia Domain.
2025-12-29 02:56:55,678 - INFO - Downloaded: NC_H08_20201217_0800_L2ARP030_FLDK.02401_02401.nc
2025-12-29 02:56:55,749 - INFO - Cropped NC_H08_20201217_0800_L2ARP030_FLDK.02401_02401.nc to Malaysia Domain.
2025-12-29 02:57:01,936 - INFO - Downloaded: NC_H08_20201217_0900_L2ARP030_FLDK.02401_02401.nc
2025-12-29 02:57:02,001 - INFO - Cropped NC_H08_20201217_0900_L2ARP030_FLDK.02401_02401.nc to Malaysia Domain.
2025-12-29 02:57:11,579 - INFO - Downloaded: NC_H08_20201218_0000_L2ARP030_FLDK.02401_02401.nc
2025-12-29 02:57:11,646 - INFO - Cropped NC_H08_20201218_0000_L2ARP030_FLDK.02401_02401.nc to Malaysia Domain.
2025-12-29 02:57:40,483 - INFO - Downloaded: NC_H08_20201218_0100_L2ARP030_FLDK.02401_02401.nc
2025-12-29 02:57:40,550 - INFO - Cropped NC_H08_20201218_0100_L2ARP030_FLDK.02401_02401.nc to Malaysia Domain.
2025-12-29 02:58:12,444 - INFO - Downloaded: NC_H08_20201218_0200_L2ARP030_FLDK.02401_02401.nc
2025-12-29 02:58:12,514 - INFO - Cropped NC_H08_20201218_0200_L2ARP030_FLDK.02401_02401.nc to Malaysia Domain.
2025-12-29 02:58:25,054 - INFO - Downloaded: NC_H08_20201218_0300_L2ARP030_FLDK.02401_02401.nc
2025-12-29 02:58:25,128 - INFO - Cropped NC_H08_20201218_0300_L2ARP030_FLDK.02401_02401.nc to Malaysia Domain.
2025-12-29 02:58:55,289 - INFO - Downloaded: NC_H08_20201218_0400_L2ARP030_FLDK.02401_02401.nc
2025-12-29 02:58:55,358 - INFO - Cropped NC_H08_20201218_0400_L2ARP030_FLDK.02401_02401.nc to Malaysia Domain.
2025-12-29 02:59:02,676 - INFO - Downloaded: NC_H08_20201218_0500_L2ARP030_FLDK.02401_02401.nc
2025-12-29 02:59:02,746 - INFO - Cropped NC_H08_20201218_0500_L2ARP030_FLDK.02401_02401.nc to Malaysia Domain.
2025-12-29 02:59:09,651 - INFO - Downloaded: NC_H08_20201218_0600_L2ARP030_FLDK.02401_02401.nc
2025-12-29 02:59:09,720 - INFO - Cropped NC_H08_20201218_0600_L2ARP030_FLDK.02401_02401.nc to Malaysia Domain.
2025-12-29 02:59:18,151 - INFO - Downloaded: NC_H08_20201218_0700_L2ARP030_FLDK.02401_02401.nc
2025-12-29 02:59:18,219 - INFO - Cropped NC_H08_20201218_0700_L2ARP030_FLDK.02401_02401.nc to Malaysia Domain.
2025-12-29 02:59:30,282 - INFO - Downloaded: NC_H08_20201218_0800_L2ARP030_FLDK.02401_02401.nc
2025-12-29 02:59:30,349 - INFO - Cropped NC_H08_20201218_0800_L2ARP030_FLDK.02401_02401.nc to Malaysia Domain.
2025-12-29 02:59:37,318 - INFO - Downloaded: NC_H08_20201218_0900_L2ARP030_FLDK.02401_02401.nc
2025-12-29 02:59:37,381 - INFO - Cropped NC_H08_20201218_0900_L2ARP030_FLDK.02401_02401.nc to Malaysia Domain.
2025-12-29 03:00:07,894 - INFO - Downloaded: NC_H08_20201219_0000_L2ARP030_FLDK.02401_02401.nc
2025-12-29 03:00:07,957 - INFO - Cropped NC_H08_20201219_0000_L2ARP030_FLDK.02401_02401.nc to Malaysia Domain.
2025-12-29 03:00:16,979 - INFO - Downloaded: NC_H08_20201219_0100_L2ARP030_FLDK.02401_02401.nc
2025-12-29 03:00:17,045 - INFO - Cropped NC_H08_20201219_0100_L2ARP030_FLDK.02401_02401.nc to Malaysia Domain.
2025-12-29 03:00:26,477 - INFO - Downloaded: NC_H08_20201219_0200_L2ARP030_FLDK.02401_02401.nc
2025-12-29 03:00:26,546 - INFO - Cropped NC_H08_20201219_0200_L2ARP030_FLDK.02401_02401.nc to Malaysia Domain.
2025-12-29 03:00:35,044 - INFO - Downloaded: NC_H08_20201219_0300_L2ARP030_FLDK.02401_02401.nc
2025-12-29 03:00:35,114 - INFO - Cropped NC_H08_20201219_0300_L2ARP030_FLDK.02401_02401.nc to Malaysia Domain.
2025-12-29 03:00:43,045 - INFO - Downloaded: NC_H08_20201219_0400_L2ARP030_FLDK.02401_02401.nc
2025-12-29 03:00:43,120 - INFO - Cropped NC_H08_20201219_0400_L2ARP030_FLDK.02401_02401.nc to Malaysia Domain.
2025-12-29 03:00:47,077 - INFO - Downloaded: NC_H08_20201219_0500_L2ARP030_FLDK.02401_02401.nc
2025-12-29 03:00:47,148 - INFO - Cropped NC_H08_20201219_0500_L2ARP030_FLDK.02401_02401.nc to Malaysia Domain.
2025-12-29 03:00:50,489 - INFO - Downloaded: NC_H08_20201219_0600_L2ARP030_FLDK.02401_02401.nc
2025-12-29 03:00:50,561 - INFO - Cropped NC_H08_20201219_0600_L2ARP030_FLDK.02401_02401.nc to Malaysia Domain.
2025-12-29 03:00:53,377 - INFO - Downloaded: NC_H08_20201219_0700_L2ARP030_FLDK.02401_02401.nc
2025-12-29 03:00:53,446 - INFO - Cropped NC_H08_20201219_0700_L2ARP030_FLDK.02401_02401.nc to Malaysia Domain.
2025-12-29 03:00:55,847 - INFO - Downloaded: NC_H08_20201219_0800_L2ARP030_FLDK.02401_02401.nc
2025-12-29 03:00:55,913 - INFO - Cropped NC_H08_20201219_0800_L2ARP030_FLDK.02401_02401.nc to Malaysia Domain.
2025-12-29 03:00:58,088 - INFO - Downloaded: NC_H08_20201219_0900_L2ARP030_FLDK.02401_02401.nc
2025-12-29 03:00:58,151 - INFO - Cropped NC_H08_20201219_0900_L2ARP030_FLDK.02401_02401.nc to Malaysia Domain.
2025-12-29 03:01:01,473 - INFO - Downloaded: NC_H08_20201220_0000_L2ARP030_FLDK.02401_02401.nc
2025-12-29 03:01:01,543 - INFO - Cropped NC_H08_20201220_0000_L2ARP030_FLDK.02401_02401.nc to Malaysia Domain.
2025-12-29 03:01:04,265 - INFO - Downloaded: NC_H08_20201220_0100_L2ARP030_FLDK.02401_02401.nc
2025-12-29 03:01:04,333 - INFO - Cropped NC_H08_20201220_0100_L2ARP030_FLDK.02401_02401.nc to Malaysia Domain.
2025-12-29 03:01:07,131 - INFO - Downloaded: NC_H08_20201220_0200_L2ARP030_FLDK.02401_02401.nc
2025-12-29 03:01:07,204 - INFO - Cropped NC_H08_20201220_0200_L2ARP030_FLDK.02401_02401.nc to Malaysia Domain.
2025-12-29 03:01:10,025 - INFO - Downloaded: NC_H08_20201220_0300_L2ARP030_FLDK.02401_02401.nc
2025-12-29 03:01:10,100 - INFO - Cropped NC_H08_20201220_0300_L2ARP030_FLDK.02401_02401.nc to Malaysia Domain.
2025-12-29 03:01:39,560 - INFO - Downloaded: NC_H08_20201220_0400_L2ARP030_FLDK.02401_02401.nc
2025-12-29 03:01:39,636 - INFO - Cropped NC_H08_20201220_0400_L2ARP030_FLDK.02401_02401.nc to Malaysia Domain.
2025-12-29 03:01:45,972 - INFO - Downloaded: NC_H08_20201220_0500_L2ARP030_FLDK.02401_02401.nc
2025-12-29 03:01:46,047 - INFO - Cropped NC_H08_20201220_0500_L2ARP030_FLDK.02401_02401.nc to Malaysia Domain.
2025-12-29 03:01:50,841 - INFO - Downloaded: NC_H08_20201220_0600_L2ARP030_FLDK.02401_02401.nc
2025-12-29 03:01:50,914 - INFO - Cropped NC_H08_20201220_0600_L2ARP030_FLDK.02401_02401.nc to Malaysia Domain.
2025-12-29 03:02:04,356 - INFO - Downloaded: NC_H08_20201220_0700_L2ARP030_FLDK.02401_02401.nc
2025-12-29 03:02:04,426 - INFO - Cropped NC_H08_20201220_0700_L2ARP030_FLDK.02401_02401.nc to Malaysia Domain.
2025-12-29 03:02:09,322 - INFO - Downloaded: NC_H08_20201220_0800_L2ARP030_FLDK.02401_02401.nc
2025-12-29 03:02:09,394 - INFO - Cropped NC_H08_20201220_0800_L2ARP030_FLDK.02401_02401.nc to Malaysia Domain.
2025-12-29 03:02:12,948 - INFO - Downloaded: NC_H08_20201220_0900_L2ARP030_FLDK.02401_02401.nc
2025-12-29 03:02:13,011 - INFO - Cropped NC_H08_20201220_0900_L2ARP030_FLDK.02401_02401.nc to Malaysia Domain.
2025-12-29 03:02:39,869 - INFO - Downloaded: NC_H08_20201221_0000_L2ARP030_FLDK.02401_02401.nc
2025-12-29 03:02:39,938 - INFO - Cropped NC_H08_20201221_0000_L2ARP030_FLDK.02401_02401.nc to Malaysia Domain.
2025-12-29 03:02:49,483 - INFO - Downloaded: NC_H08_20201221_0100_L2ARP030_FLDK.02401_02401.nc
2025-12-29 03:02:49,558 - INFO - Cropped NC_H08_20201221_0100_L2ARP030_FLDK.02401_02401.nc to Malaysia Domain.
2025-12-29 03:02:57,547 - INFO - Downloaded: NC_H08_20201221_0200_L2ARP030_FLDK.02401_02401.nc
2025-12-29 03:02:57,624 - INFO - Cropped NC_H08_20201221_0200_L2ARP030_FLDK.02401_02401.nc to Malaysia Domain.
2025-12-29 03:03:08,175 - INFO - Downloaded: NC_H08_20201221_0300_L2ARP030_FLDK.02401_02401.nc
2025-12-29 03:03:08,255 - INFO - Cropped NC_H08_20201221_0300_L2ARP030_FLDK.02401_02401.nc to Malaysia Domain.
2025-12-29 03:03:17,626 - INFO - Downloaded: NC_H08_20201221_0400_L2ARP030_FLDK.02401_02401.nc
2025-12-29 03:03:17,706 - INFO - Cropped NC_H08_20201221_0400_L2ARP030_FLDK.02401_02401.nc to Malaysia Domain.
2025-12-29 03:03:25,813 - INFO - Downloaded: NC_H08_20201221_0500_L2ARP030_FLDK.02401_02401.nc
2025-12-29 03:03:25,891 - INFO - Cropped NC_H08_20201221_0500_L2ARP030_FLDK.02401_02401.nc to Malaysia Domain.
2025-12-29 03:03:50,194 - INFO - Downloaded: NC_H08_20201221_0600_L2ARP030_FLDK.02401_02401.nc
2025-12-29 03:03:50,283 - INFO - Cropped NC_H08_20201221_0600_L2ARP030_FLDK.02401_02401.nc to Malaysia Domain.
2025-12-29 03:03:58,724 - INFO - Downloaded: NC_H08_20201221_0700_L2ARP030_FLDK.02401_02401.nc
2025-12-29 03:03:58,797 - INFO - Cropped NC_H08_20201221_0700_L2ARP030_FLDK.02401_02401.nc to Malaysia Domain.
2025-12-29 03:04:06,253 - INFO - Downloaded: NC_H08_20201221_0800_L2ARP030_FLDK.02401_02401.nc
2025-12-29 03:04:06,322 - INFO - Cropped NC_H08_20201221_0800_L2ARP030_FLDK.02401_02401.nc to Malaysia Domain.
2025-12-29 03:04:12,947 - INFO - Downloaded: NC_H08_20201221_0900_L2ARP030_FLDK.02401_02401.nc
2025-12-29 03:04:13,015 - INFO - Cropped NC_H08_20201221_0900_L2ARP030_FLDK.02401_02401.nc to Malaysia Domain.
2025-12-29 03:04:21,980 - INFO - Downloaded: NC_H08_20201222_0000_L2ARP030_FLDK.02401_02401.nc
2025-12-29 03:04:22,048 - INFO - Cropped NC_H08_20201222_0000_L2ARP030_FLDK.02401_02401.nc to Malaysia Domain.
2025-12-29 03:04:26,371 - INFO - Downloaded: NC_H08_20201222_0100_L2ARP030_FLDK.02401_02401.nc
2025-12-29 03:04:26,443 - INFO - Cropped NC_H08_20201222_0100_L2ARP030_FLDK.02401_02401.nc to Malaysia Domain.
2025-12-29 03:04:29,604 - INFO - Downloaded: NC_H08_20201222_0200_L2ARP030_FLDK.02401_02401.nc
2025-12-29 03:04:29,680 - INFO - Cropped NC_H08_20201222_0200_L2ARP030_FLDK.02401_02401.nc to Malaysia Domain.
2025-12-29 03:05:05,677 - INFO - Downloaded: NC_H08_20201222_0300_L2ARP030_FLDK.02401_02401.nc
2025-12-29 03:05:05,756 - INFO - Cropped NC_H08_20201222_0300_L2ARP030_FLDK.02401_02401.nc to Malaysia Domain.
2025-12-29 03:05:15,606 - INFO - Downloaded: NC_H08_20201222_0400_L2ARP030_FLDK.02401_02401.nc
2025-12-29 03:05:15,684 - INFO - Cropped NC_H08_20201222_0400_L2ARP030_FLDK.02401_02401.nc to Malaysia Domain.
2025-12-29 03:05:21,999 - INFO - Downloaded: NC_H08_20201222_0500_L2ARP030_FLDK.02401_02401.nc
2025-12-29 03:05:22,076 - INFO - Cropped NC_H08_20201222_0500_L2ARP030_FLDK.02401_02401.nc to Malaysia Domain.
2025-12-29 03:05:30,540 - INFO - Downloaded: NC_H08_20201222_0600_L2ARP030_FLDK.02401_02401.nc
2025-12-29 03:05:30,617 - INFO - Cropped NC_H08_20201222_0600_L2ARP030_FLDK.02401_02401.nc to Malaysia Domain.
2025-12-29 03:05:35,441 - INFO - Downloaded: NC_H08_20201222_0700_L2ARP030_FLDK.02401_02401.nc
2025-12-29 03:05:35,516 - INFO - Cropped NC_H08_20201222_0700_L2ARP030_FLDK.02401_02401.nc to Malaysia Domain.
2025-12-29 03:05:38,022 - INFO - Downloaded: NC_H08_20201222_0800_L2ARP030_FLDK.02401_02401.nc
2025-12-29 03:05:38,093 - INFO - Cropped NC_H08_20201222_0800_L2ARP030_FLDK.02401_02401.nc to Malaysia Domain.
2025-12-29 03:05:40,439 - INFO - Downloaded: NC_H08_20201222_0900_L2ARP030_FLDK.02401_02401.nc
2025-12-29 03:05:40,510 - INFO - Cropped NC_H08_20201222_0900_L2ARP030_FLDK.02401_02401.nc to Malaysia Domain.
2025-12-29 03:05:44,889 - INFO - Downloaded: NC_H08_20201223_0000_L2ARP030_FLDK.02401_02401.nc
2025-12-29 03:05:44,954 - INFO - Cropped NC_H08_20201223_0000_L2ARP030_FLDK.02401_02401.nc to Malaysia Domain.
2025-12-29 03:05:48,087 - INFO - Downloaded: NC_H08_20201223_0100_L2ARP030_FLDK.02401_02401.nc
2025-12-29 03:05:48,157 - INFO - Cropped NC_H08_20201223_0100_L2ARP030_FLDK.02401_02401.nc to Malaysia Domain.
2025-12-29 03:05:52,166 - INFO - Downloaded: NC_H08_20201223_0200_L2ARP030_FLDK.02401_02401.nc
2025-12-29 03:05:52,239 - INFO - Cropped NC_H08_20201223_0200_L2ARP030_FLDK.02401_02401.nc to Malaysia Domain.
2025-12-29 03:05:55,363 - INFO - Downloaded: NC_H08_20201223_0300_L2ARP030_FLDK.02401_02401.nc
2025-12-29 03:05:55,442 - INFO - Cropped NC_H08_20201223_0300_L2ARP030_FLDK.02401_02401.nc to Malaysia Domain.
2025-12-29 03:05:58,556 - INFO - Downloaded: NC_H08_20201223_0400_L2ARP030_FLDK.02401_02401.nc
2025-12-29 03:05:58,633 - INFO - Cropped NC_H08_20201223_0400_L2ARP030_FLDK.02401_02401.nc to Malaysia Domain.
2025-12-29 03:06:14,914 - INFO - Downloaded: NC_H08_20201223_0500_L2ARP030_FLDK.02401_02401.nc
2025-12-29 03:06:14,992 - INFO - Cropped NC_H08_20201223_0500_L2ARP030_FLDK.02401_02401.nc to Malaysia Domain.
2025-12-29 03:06:24,352 - INFO - Downloaded: NC_H08_20201223_0600_L2ARP030_FLDK.02401_02401.nc
2025-12-29 03:06:24,428 - INFO - Cropped NC_H08_20201223_0600_L2ARP030_FLDK.02401_02401.nc to Malaysia Domain.
2025-12-29 03:06:34,969 - INFO - Downloaded: NC_H08_20201223_0700_L2ARP030_FLDK.02401_02401.nc
2025-12-29 03:06:35,043 - INFO - Cropped NC_H08_20201223_0700_L2ARP030_FLDK.02401_02401.nc to Malaysia Domain.
2025-12-29 03:06:49,657 - INFO - Downloaded: NC_H08_20201223_0800_L2ARP030_FLDK.02401_02401.nc
2025-12-29 03:06:49,728 - INFO - Cropped NC_H08_20201223_0800_L2ARP030_FLDK.02401_02401.nc to Malaysia Domain.
2025-12-29 03:06:56,337 - INFO - Downloaded: NC_H08_20201223_0900_L2ARP030_FLDK.02401_02401.nc
2025-12-29 03:06:56,407 - INFO - Cropped NC_H08_20201223_0900_L2ARP030_FLDK.02401_02401.nc to Malaysia Domain.
2025-12-29 03:07:25,225 - INFO - Downloaded: NC_H08_20201224_0000_L2ARP030_FLDK.02401_02401.nc
2025-12-29 03:07:25,297 - INFO - Cropped NC_H08_20201224_0000_L2ARP030_FLDK.02401_02401.nc to Malaysia Domain.
2025-12-29 03:07:34,959 - INFO - Downloaded: NC_H08_20201224_0100_L2ARP030_FLDK.02401_02401.nc
2025-12-29 03:07:35,041 - INFO - Cropped NC_H08_20201224_0100_L2ARP030_FLDK.02401_02401.nc to Malaysia Domain.
2025-12-29 03:07:42,419 - INFO - Downloaded: NC_H08_20201224_0200_L2ARP030_FLDK.02401_02401.nc
2025-12-29 03:07:42,510 - INFO - Cropped NC_H08_20201224_0200_L2ARP030_FLDK.02401_02401.nc to Malaysia Domain.
2025-12-29 03:07:46,648 - INFO - Downloaded: NC_H08_20201224_0300_L2ARP030_FLDK.02401_02401.nc
2025-12-29 03:07:46,741 - INFO - Cropped NC_H08_20201224_0300_L2ARP030_FLDK.02401_02401.nc to Malaysia Domain.
2025-12-29 03:07:50,642 - INFO - Downloaded: NC_H08_20201224_0400_L2ARP030_FLDK.02401_02401.nc
2025-12-29 03:07:50,742 - INFO - Cropped NC_H08_20201224_0400_L2ARP030_FLDK.02401_02401.nc to Malaysia Domain.
2025-12-29 03:07:53,828 - INFO - Downloaded: NC_H08_20201224_0500_L2ARP030_FLDK.02401_02401.nc
2025-12-29 03:07:53,922 - INFO - Cropped NC_H08_20201224_0500_L2ARP030_FLDK.02401_02401.nc to Malaysia Domain.
2025-12-29 03:08:14,646 - INFO - Downloaded: NC_H08_20201224_0600_L2ARP030_FLDK.02401_02401.nc
2025-12-29 03:08:14,739 - INFO - Cropped NC_H08_20201224_0600_L2ARP030_FLDK.02401_02401.nc to Malaysia Domain.
2025-12-29 03:08:23,562 - INFO - Downloaded: NC_H08_20201224_0700_L2ARP030_FLDK.02401_02401.nc
2025-12-29 03:08:23,649 - INFO - Cropped NC_H08_20201224_0700_L2ARP030_FLDK.02401_02401.nc to Malaysia Domain.
2025-12-29 03:08:27,072 - INFO - Downloaded: NC_H08_20201224_0800_L2ARP030_FLDK.02401_02401.nc
2025-12-29 03:08:27,159 - INFO - Cropped NC_H08_20201224_0800_L2ARP030_FLDK.02401_02401.nc to Malaysia Domain.
2025-12-29 03:08:38,465 - INFO - Downloaded: NC_H08_20201224_0900_L2ARP030_FLDK.02401_02401.nc
2025-12-29 03:08:38,538 - INFO - Cropped NC_H08_20201224_0900_L2ARP030_FLDK.02401_02401.nc to Malaysia Domain.
2025-12-29 03:08:48,229 - INFO - Downloaded: NC_H08_20201225_0000_L2ARP030_FLDK.02401_02401.nc
2025-12-29 03:08:48,300 - INFO - Cropped NC_H08_20201225_0000_L2ARP030_FLDK.02401_02401.nc to Malaysia Domain.
2025-12-29 03:08:55,010 - INFO - Downloaded: NC_H08_20201225_0100_L2ARP030_FLDK.02401_02401.nc
2025-12-29 03:08:55,096 - INFO - Cropped NC_H08_20201225_0100_L2ARP030_FLDK.02401_02401.nc to Malaysia Domain.
2025-12-29 03:09:20,832 - INFO - Downloaded: NC_H08_20201225_0200_L2ARP030_FLDK.02401_02401.nc
2025-12-29 03:09:20,926 - INFO - Cropped NC_H08_20201225_0200_L2ARP030_FLDK.02401_02401.nc to Malaysia Domain.
2025-12-29 03:09:56,064 - INFO - Downloaded: NC_H08_20201225_0300_L2ARP030_FLDK.02401_02401.nc
2025-12-29 03:09:56,153 - INFO - Cropped NC_H08_20201225_0300_L2ARP030_FLDK.02401_02401.nc to Malaysia Domain.
2025-12-29 03:10:33,757 - INFO - Downloaded: NC_H08_20201225_0400_L2ARP030_FLDK.02401_02401.nc
2025-12-29 03:10:33,845 - INFO - Cropped NC_H08_20201225_0400_L2ARP030_FLDK.02401_02401.nc to Malaysia Domain.
2025-12-29 03:10:44,998 - INFO - Downloaded: NC_H08_20201225_0500_L2ARP030_FLDK.02401_02401.nc
2025-12-29 03:10:45,085 - INFO - Cropped NC_H08_20201225_0500_L2ARP030_FLDK.02401_02401.nc to Malaysia Domain.
2025-12-29 03:10:54,773 - INFO - Downloaded: NC_H08_20201225_0600_L2ARP030_FLDK.02401_02401.nc
2025-12-29 03:10:54,859 - INFO - Cropped NC_H08_20201225_0600_L2ARP030_FLDK.02401_02401.nc to Malaysia Domain.
2025-12-29 03:11:17,108 - INFO - Downloaded: NC_H08_20201225_0700_L2ARP030_FLDK.02401_02401.nc
2025-12-29 03:11:17,188 - INFO - Cropped NC_H08_20201225_0700_L2ARP030_FLDK.02401_02401.nc to Malaysia Domain.
2025-12-29 03:11:22,506 - INFO - Downloaded: NC_H08_20201225_0800_L2ARP030_FLDK.02401_02401.nc
2025-12-29 03:11:22,580 - INFO - Cropped NC_H08_20201225_0800_L2ARP030_FLDK.02401_02401.nc to Malaysia Domain.
2025-12-29 03:11:25,858 - INFO - Downloaded: NC_H08_20201225_0900_L2ARP030_FLDK.02401_02401.nc
2025-12-29 03:11:25,927 - INFO - Cropped NC_H08_20201225_0900_L2ARP030_FLDK.02401_02401.nc to Malaysia Domain.
2025-12-29 03:11:58,304 - INFO - Downloaded: NC_H08_20201226_0000_L2ARP030_FLDK.02401_02401.nc
2025-12-29 03:11:58,370 - INFO - Cropped NC_H08_20201226_0000_L2ARP030_FLDK.02401_02401.nc to Malaysia Domain.
2025-12-29 03:12:37,459 - INFO - Downloaded: NC_H08_20201226_0100_L2ARP030_FLDK.02401_02401.nc
2025-12-29 03:12:37,532 - INFO - Cropped NC_H08_20201226_0100_L2ARP030_FLDK.02401_02401.nc to Malaysia Domain.
2025-12-29 03:12:47,680 - INFO - Downloaded: NC_H08_20201226_0200_L2ARP030_FLDK.02401_02401.nc
2025-12-29 03:12:47,757 - INFO - Cropped NC_H08_20201226_0200_L2ARP030_FLDK.02401_02401.nc to Malaysia Domain.
2025-12-29 03:12:53,957 - INFO - Downloaded: NC_H08_20201226_0300_L2ARP030_FLDK.02401_02401.nc
2025-12-29 03:12:54,037 - INFO - Cropped NC_H08_20201226_0300_L2ARP030_FLDK.02401_02401.nc to Malaysia Domain.
2025-12-29 03:13:27,148 - INFO - Downloaded: NC_H08_20201226_0400_L2ARP030_FLDK.02401_02401.nc
2025-12-29 03:13:27,226 - INFO - Cropped NC_H08_20201226_0400_L2ARP030_FLDK.02401_02401.nc to Malaysia Domain.
2025-12-29 03:13:35,906 - INFO - Downloaded: NC_H08_20201226_0500_L2ARP030_FLDK.02401_02401.nc
2025-12-29 03:13:35,983 - INFO - Cropped NC_H08_20201226_0500_L2ARP030_FLDK.02401_02401.nc to Malaysia Domain.
2025-12-29 03:14:02,545 - INFO - Downloaded: NC_H08_20201226_0600_L2ARP030_FLDK.02401_02401.nc
2025-12-29 03:14:02,624 - INFO - Cropped NC_H08_20201226_0600_L2ARP030_FLDK.02401_02401.nc to Malaysia Domain.
2025-12-29 03:14:12,445 - INFO - Downloaded: NC_H08_20201226_0700_L2ARP030_FLDK.02401_02401.nc
2025-12-29 03:14:12,520 - INFO - Cropped NC_H08_20201226_0700_L2ARP030_FLDK.02401_02401.nc to Malaysia Domain.
2025-12-29 03:14:21,022 - INFO - Downloaded: NC_H08_20201226_0800_L2ARP030_FLDK.02401_02401.nc
2025-12-29 03:14:21,095 - INFO - Cropped NC_H08_20201226_0800_L2ARP030_FLDK.02401_02401.nc to Malaysia Domain.
2025-12-29 03:14:27,727 - INFO - Downloaded: NC_H08_20201226_0900_L2ARP030_FLDK.02401_02401.nc
2025-12-29 03:14:27,796 - INFO - Cropped NC_H08_20201226_0900_L2ARP030_FLDK.02401_02401.nc to Malaysia Domain.
2025-12-29 03:14:51,387 - INFO - Downloaded: NC_H08_20201227_0000_L2ARP030_FLDK.02401_02401.nc
2025-12-29 03:14:51,456 - INFO - Cropped NC_H08_20201227_0000_L2ARP030_FLDK.02401_02401.nc to Malaysia Domain.
2025-12-29 03:15:03,278 - INFO - Downloaded: NC_H08_20201227_0100_L2ARP030_FLDK.02401_02401.nc
2025-12-29 03:15:03,359 - INFO - Cropped NC_H08_20201227_0100_L2ARP030_FLDK.02401_02401.nc to Malaysia Domain.
2025-12-29 03:15:13,243 - INFO - Downloaded: NC_H08_20201227_0200_L2ARP030_FLDK.02401_02401.nc
2025-12-29 03:15:13,327 - INFO - Cropped NC_H08_20201227_0200_L2ARP030_FLDK.02401_02401.nc to Malaysia Domain.
2025-12-29 03:15:20,591 - INFO - Downloaded: NC_H08_20201227_0300_L2ARP030_FLDK.02401_02401.nc
2025-12-29 03:15:20,675 - INFO - Cropped NC_H08_20201227_0300_L2ARP030_FLDK.02401_02401.nc to Malaysia Domain.
2025-12-29 03:15:49,561 - INFO - Downloaded: NC_H08_20201227_0400_L2ARP030_FLDK.02401_02401.nc
2025-12-29 03:15:49,654 - INFO - Cropped NC_H08_20201227_0400_L2ARP030_FLDK.02401_02401.nc to Malaysia Domain.
2025-12-29 03:16:01,439 - INFO - Downloaded: NC_H08_20201227_0500_L2ARP030_FLDK.02401_02401.nc
2025-12-29 03:16:01,519 - INFO - Cropped NC_H08_20201227_0500_L2ARP030_FLDK.02401_02401.nc to Malaysia Domain.
2025-12-29 03:16:11,273 - INFO - Downloaded: NC_H08_20201227_0600_L2ARP030_FLDK.02401_02401.nc
2025-12-29 03:16:11,352 - INFO - Cropped NC_H08_20201227_0600_L2ARP030_FLDK.02401_02401.nc to Malaysia Domain.
2025-12-29 03:16:16,992 - INFO - Downloaded: NC_H08_20201227_0700_L2ARP030_FLDK.02401_02401.nc
2025-12-29 03:16:17,068 - INFO - Cropped NC_H08_20201227_0700_L2ARP030_FLDK.02401_02401.nc to Malaysia Domain.
2025-12-29 03:16:21,754 - INFO - Downloaded: NC_H08_20201227_0800_L2ARP030_FLDK.02401_02401.nc
2025-12-29 03:16:21,830 - INFO - Cropped NC_H08_20201227_0800_L2ARP030_FLDK.02401_02401.nc to Malaysia Domain.
2025-12-29 03:16:24,691 - INFO - Downloaded: NC_H08_20201227_0900_L2ARP030_FLDK.02401_02401.nc
2025-12-29 03:16:24,762 - INFO - Cropped NC_H08_20201227_0900_L2ARP030_FLDK.02401_02401.nc to Malaysia Domain.
2025-12-29 03:16:53,946 - INFO - Downloaded: NC_H08_20201228_0000_L2ARP030_FLDK.02401_02401.nc
2025-12-29 03:16:54,016 - INFO - Cropped NC_H08_20201228_0000_L2ARP030_FLDK.02401_02401.nc to Malaysia Domain.
2025-12-29 03:17:03,715 - INFO - Downloaded: NC_H08_20201228_0100_L2ARP030_FLDK.02401_02401.nc
2025-12-29 03:17:03,792 - INFO - Cropped NC_H08_20201228_0100_L2ARP030_FLDK.02401_02401.nc to Malaysia Domain.
2025-12-29 03:17:30,473 - INFO - Downloaded: NC_H08_20201228_0200_L2ARP030_FLDK.02401_02401.nc
2025-12-29 03:17:30,558 - INFO - Cropped NC_H08_20201228_0200_L2ARP030_FLDK.02401_02401.nc to Malaysia Domain.
2025-12-29 03:17:39,109 - INFO - Downloaded: NC_H08_20201228_0300_L2ARP030_FLDK.02401_02401.nc
2025-12-29 03:17:39,202 - INFO - Cropped NC_H08_20201228_0300_L2ARP030_FLDK.02401_02401.nc to Malaysia Domain.
2025-12-29 03:18:08,229 - INFO - Downloaded: NC_H08_20201228_0400_L2ARP030_FLDK.02401_02401.nc
2025-12-29 03:18:08,316 - INFO - Cropped NC_H08_20201228_0400_L2ARP030_FLDK.02401_02401.nc to Malaysia Domain.
2025-12-29 03:18:14,760 - INFO - Downloaded: NC_H08_20201228_0500_L2ARP030_FLDK.02401_02401.nc
2025-12-29 03:18:14,846 - INFO - Cropped NC_H08_20201228_0500_L2ARP030_FLDK.02401_02401.nc to Malaysia Domain.
2025-12-29 03:18:34,298 - INFO - Downloaded: NC_H08_20201228_0600_L2ARP030_FLDK.02401_02401.nc
2025-12-29 03:18:34,382 - INFO - Cropped NC_H08_20201228_0600_L2ARP030_FLDK.02401_02401.nc to Malaysia Domain.
2025-12-29 03:18:51,255 - INFO - Downloaded: NC_H08_20201228_0700_L2ARP030_FLDK.02401_02401.nc
2025-12-29 03:18:51,336 - INFO - Cropped NC_H08_20201228_0700_L2ARP030_FLDK.02401_02401.nc to Malaysia Domain.
2025-12-29 03:19:03,212 - INFO - Downloaded: NC_H08_20201228_0800_L2ARP030_FLDK.02401_02401.nc
2025-12-29 03:19:03,292 - INFO - Cropped NC_H08_20201228_0800_L2ARP030_FLDK.02401_02401.nc to Malaysia Domain.
2025-12-29 03:19:10,081 - INFO - Downloaded: NC_H08_20201228_0900_L2ARP030_FLDK.02401_02401.nc
2025-12-29 03:19:10,154 - INFO - Cropped NC_H08_20201228_0900_L2ARP030_FLDK.02401_02401.nc to Malaysia Domain.
2025-12-29 03:19:15,400 - INFO - Downloaded: NC_H08_20201229_0000_L2ARP030_FLDK.02401_02401.nc
2025-12-29 03:19:15,470 - INFO - Cropped NC_H08_20201229_0000_L2ARP030_FLDK.02401_02401.nc to Malaysia Domain.
2025-12-29 03:19:25,134 - INFO - Downloaded: NC_H08_20201229_0100_L2ARP030_FLDK.02401_02401.nc
2025-12-29 03:19:25,211 - INFO - Cropped NC_H08_20201229_0100_L2ARP030_FLDK.02401_02401.nc to Malaysia Domain.
2025-12-29 03:19:37,217 - INFO - Downloaded: NC_H08_20201229_0200_L2ARP030_FLDK.02401_02401.nc
2025-12-29 03:19:37,300 - INFO - Cropped NC_H08_20201229_0200_L2ARP030_FLDK.02401_02401.nc to Malaysia Domain.
2025-12-29 03:19:47,524 - INFO - Downloaded: NC_H08_20201229_0300_L2ARP030_FLDK.02401_02401.nc
2025-12-29 03:19:47,612 - INFO - Cropped NC_H08_20201229_0300_L2ARP030_FLDK.02401_02401.nc to Malaysia Domain.
2025-12-29 03:20:20,739 - INFO - Downloaded: NC_H08_20201229_0400_L2ARP030_FLDK.02401_02401.nc
2025-12-29 03:20:20,823 - INFO - Cropped NC_H08_20201229_0400_L2ARP030_FLDK.02401_02401.nc to Malaysia Domain.
2025-12-29 03:20:35,421 - INFO - Downloaded: NC_H08_20201229_0500_L2ARP030_FLDK.02401_02401.nc
2025-12-29 03:20:35,506 - INFO - Cropped NC_H08_20201229_0500_L2ARP030_FLDK.02401_02401.nc to Malaysia Domain.
2025-12-29 03:20:47,003 - INFO - Downloaded: NC_H08_20201229_0600_L2ARP030_FLDK.02401_02401.nc
2025-12-29 03:20:47,089 - INFO - Cropped NC_H08_20201229_0600_L2ARP030_FLDK.02401_02401.nc to Malaysia Domain.
2025-12-29 03:21:08,004 - INFO - Downloaded: NC_H08_20201229_0700_L2ARP030_FLDK.02401_02401.nc
2025-12-29 03:21:08,085 - INFO - Cropped NC_H08_20201229_0700_L2ARP030_FLDK.02401_02401.nc to Malaysia Domain.
2025-12-29 03:21:25,434 - INFO - Downloaded: NC_H08_20201229_0800_L2ARP030_FLDK.02401_02401.nc
2025-12-29 03:21:25,510 - INFO - Cropped NC_H08_20201229_0800_L2ARP030_FLDK.02401_02401.nc to Malaysia Domain.
2025-12-29 03:21:41,625 - INFO - Downloaded: NC_H08_20201229_0900_L2ARP030_FLDK.02401_02401.nc
2025-12-29 03:21:41,701 - INFO - Cropped NC_H08_20201229_0900_L2ARP030_FLDK.02401_02401.nc to Malaysia Domain.
2025-12-29 03:21:54,127 - INFO - Downloaded: NC_H08_20201230_0000_L2ARP030_FLDK.02401_02401.nc
2025-12-29 03:21:54,204 - INFO - Cropped NC_H08_20201230_0000_L2ARP030_FLDK.02401_02401.nc to Malaysia Domain.
2025-12-29 03:22:05,129 - INFO - Downloaded: NC_H08_20201230_0100_L2ARP030_FLDK.02401_02401.nc
2025-12-29 03:22:05,204 - INFO - Cropped NC_H08_20201230_0100_L2ARP030_FLDK.02401_02401.nc to Malaysia Domain.
2025-12-29 03:22:17,098 - INFO - Downloaded: NC_H08_20201230_0200_L2ARP030_FLDK.02401_02401.nc
2025-12-29 03:22:17,178 - INFO - Cropped NC_H08_20201230_0200_L2ARP030_FLDK.02401_02401.nc to Malaysia Domain.
2025-12-29 03:22:34,001 - INFO - Downloaded: NC_H08_20201230_0300_L2ARP030_FLDK.02401_02401.nc
2025-12-29 03:22:34,082 - INFO - Cropped NC_H08_20201230_0300_L2ARP030_FLDK.02401_02401.nc to Malaysia Domain.
2025-12-29 03:23:23,092 - INFO - Downloaded: NC_H08_20201230_0400_L2ARP030_FLDK.02401_02401.nc
2025-12-29 03:23:23,175 - INFO - Cropped NC_H08_20201230_0400_L2ARP030_FLDK.02401_02401.nc to Malaysia Domain.
2025-12-29 03:23:35,989 - INFO - Downloaded: NC_H08_20201230_0500_L2ARP030_FLDK.02401_02401.nc
2025-12-29 03:23:36,075 - INFO - Cropped NC_H08_20201230_0500_L2ARP030_FLDK.02401_02401.nc to Malaysia Domain.
2025-12-29 03:23:45,109 - INFO - Downloaded: NC_H08_20201230_0600_L2ARP030_FLDK.02401_02401.nc
2025-12-29 03:23:45,192 - INFO - Cropped NC_H08_20201230_0600_L2ARP030_FLDK.02401_02401.nc to Malaysia Domain.
2025-12-29 03:23:53,448 - INFO - Downloaded: NC_H08_20201230_0700_L2ARP030_FLDK.02401_02401.nc
2025-12-29 03:23:53,526 - INFO - Cropped NC_H08_20201230_0700_L2ARP030_FLDK.02401_02401.nc to Malaysia Domain.
2025-12-29 03:24:12,608 - INFO - Downloaded: NC_H08_20201230_0800_L2ARP030_FLDK.02401_02401.nc
2025-12-29 03:24:12,682 - INFO - Cropped NC_H08_20201230_0800_L2ARP030_FLDK.02401_02401.nc to Malaysia Domain.
2025-12-29 03:24:19,788 - INFO - Downloaded: NC_H08_20201230_0900_L2ARP030_FLDK.02401_02401.nc
2025-12-29 03:24:19,859 - INFO - Cropped NC_H08_20201230_0900_L2ARP030_FLDK.02401_02401.nc to Malaysia Domain.
2025-12-29 03:24:30,352 - INFO - Downloaded: NC_H08_20201231_0000_L2ARP030_FLDK.02401_02401.nc
2025-12-29 03:24:30,421 - INFO - Cropped NC_H08_20201231_0000_L2ARP030_FLDK.02401_02401.nc to Malaysia Domain.
2025-12-29 03:24:39,791 - INFO - Downloaded: NC_H08_20201231_0100_L2ARP030_FLDK.02401_02401.nc
2025-12-29 03:24:39,866 - INFO - Cropped NC_H08_20201231_0100_L2ARP030_FLDK.02401_02401.nc to Malaysia Domain.
2025-12-29 03:24:43,930 - INFO - Downloaded: NC_H08_20201231_0200_L2ARP030_FLDK.02401_02401.nc
2025-12-29 03:24:44,008 - INFO - Cropped NC_H08_20201231_0200_L2ARP030_FLDK.02401_02401.nc to Malaysia Domain.
2025-12-29 03:25:28,795 - INFO - Downloaded: NC_H08_20201231_0300_L2ARP030_FLDK.02401_02401.nc
2025-12-29 03:25:28,873 - INFO - Cropped NC_H08_20201231_0300_L2ARP030_FLDK.02401_02401.nc to Malaysia Domain.
2025-12-29 03:25:38,979 - INFO - Downloaded: NC_H08_20201231_0400_L2ARP030_FLDK.02401_02401.nc
2025-12-29 03:25:39,060 - INFO - Cropped NC_H08_20201231_0400_L2ARP030_FLDK.02401_02401.nc to Malaysia Domain.
2025-12-29 03:25:45,072 - INFO - Downloaded: NC_H08_20201231_0500_L2ARP030_FLDK.02401_02401.nc
2025-12-29 03:25:45,152 - INFO - Cropped NC_H08_20201231_0500_L2ARP030_FLDK.02401_02401.nc to Malaysia Domain.
2025-12-29 03:26:08,824 - INFO - Downloaded: NC_H08_20201231_0600_L2ARP030_FLDK.02401_02401.nc
2025-12-29 03:26:08,902 - INFO - Cropped NC_H08_20201231_0600_L2ARP030_FLDK.02401_02401.nc to Malaysia Domain.
2025-12-29 03:26:35,471 - INFO - Downloaded: NC_H08_20201231_0700_L2ARP030_FLDK.02401_02401.nc
2025-12-29 03:26:35,548 - INFO - Cropped NC_H08_20201231_0700_L2ARP030_FLDK.02401_02401.nc to Malaysia Domain.
2025-12-29 03:27:00,151 - INFO - Downloaded: NC_H08_20201231_0800_L2ARP030_FLDK.02401_02401.nc
2025-12-29 03:27:00,223 - INFO - Cropped NC_H08_20201231_0800_L2ARP030_FLDK.02401_02401.nc to Malaysia Domain.
2025-12-29 03:27:19,446 - INFO - Downloaded: NC_H08_20201231_0900_L2ARP030_FLDK.02401_02401.nc
2025-12-29 03:27:19,521 - INFO - Cropped NC_H08_20201231_0900_L2ARP030_FLDK.02401_02401.nc to Malaysia Domain.
2025-12-29 03:27:29,058 - INFO - Downloaded: NC_H08_20210101_0000_L2ARP030_FLDK.02401_02401.nc
2025-12-29 03:27:29,125 - INFO - Cropped NC_H08_20210101_0000_L2ARP030_FLDK.02401_02401.nc to Malaysia Domain.
2025-12-29 03:27:36,232 - INFO - Downloaded: NC_H08_20210101_0100_L2ARP030_FLDK.02401_02401.nc
2025-12-29 03:27:36,298 - INFO - Cropped NC_H08_20210101_0100_L2ARP030_FLDK.02401_02401.nc to Malaysia Domain.
2025-12-29 03:27:44,207 - INFO - Downloaded: NC_H08_20210101_0200_L2ARP030_FLDK.02401_02401.nc
2025-12-29 03:27:44,277 - INFO - Cropped NC_H08_20210101_0200_L2ARP030_FLDK.02401_02401.nc to Malaysia Domain.
2025-12-29 03:27:52,484 - INFO - Downloaded: NC_H08_20210101_0300_L2ARP030_FLDK.02401_02401.nc
2025-12-29 03:27:52,559 - INFO - Cropped NC_H08_20210101_0300_L2ARP030_FLDK.02401_02401.nc to Malaysia Domain.
2025-12-29 03:28:00,000 - INFO - Downloaded: NC_H08_20210101_0400_L2ARP030_FLDK.02401_02401.nc
2025-12-29 03:28:00,076 - INFO - Cropped NC_H08_20210101_0400_L2ARP030_FLDK.02401_02401.nc to Malaysia Domain.
2025-12-29 03:28:09,427 - INFO - Downloaded: NC_H08_20210101_0500_L2ARP030_FLDK.02401_02401.nc
2025-12-29 03:28:09,502 - INFO - Cropped NC_H08_20210101_0500_L2ARP030_FLDK.02401_02401.nc to Malaysia Domain.
2025-12-29 03:28:18,938 - INFO - Downloaded: NC_H08_20210101_0600_L2ARP030_FLDK.02401_02401.nc
2025-12-29 03:28:19,012 - INFO - Cropped NC_H08_20210101_0600_L2ARP030_FLDK.02401_02401.nc to Malaysia Domain.
2025-12-29 03:28:26,650 - INFO - Downloaded: NC_H08_20210101_0700_L2ARP030_FLDK.02401_02401.nc
2025-12-29 03:28:26,720 - INFO - Cropped NC_H08_20210101_0700_L2ARP030_FLDK.02401_02401.nc to Malaysia Domain.
2025-12-29 03:28:33,655 - INFO - Downloaded: NC_H08_20210101_0800_L2ARP030_FLDK.02401_02401.nc
2025-12-29 03:28:33,724 - INFO - Cropped NC_H08_20210101_0800_L2ARP030_FLDK.02401_02401.nc to Malaysia Domain.
2025-12-29 03:28:39,285 - INFO - Downloaded: NC_H08_20210101_0900_L2ARP030_FLDK.02401_02401.nc
2025-12-29 03:28:39,351 - INFO - Cropped NC_H08_20210101_0900_L2ARP030_FLDK.02401_02401.nc to Malaysia Domain.
2025-12-29 03:28:49,737 - INFO - Downloaded: NC_H08_20210102_0000_L2ARP030_FLDK.02401_02401.nc
2025-12-29 03:28:49,802 - INFO - Cropped NC_H08_20210102_0000_L2ARP030_FLDK.02401_02401.nc to Malaysia Domain.
2025-12-29 03:28:54,478 - INFO - Downloaded: NC_H08_20210102_0100_L2ARP030_FLDK.02401_02401.nc
2025-12-29 03:28:54,547 - INFO - Cropped NC_H08_20210102_0100_L2ARP030_FLDK.02401_02401.nc to Malaysia Domain.
2025-12-29 03:28:59,197 - INFO - Downloaded: NC_H08_20210102_0200_L2ARP030_FLDK.02401_02401.nc
2025-12-29 03:28:59,270 - INFO - Cropped NC_H08_20210102_0200_L2ARP030_FLDK.02401_02401.nc to Malaysia Domain.
2025-12-29 03:29:05,163 - INFO - Downloaded: NC_H08_20210102_0300_L2ARP030_FLDK.02401_02401.nc
2025-12-29 03:29:05,234 - INFO - Cropped NC_H08_20210102_0300_L2ARP030_FLDK.02401_02401.nc to Malaysia Domain.
2025-12-29 03:29:11,571 - INFO - Downloaded: NC_H08_20210102_0400_L2ARP030_FLDK.02401_02401.nc
2025-12-29 03:29:11,648 - INFO - Cropped NC_H08_20210102_0400_L2ARP030_FLDK.02401_02401.nc to Malaysia Domain.
2025-12-29 03:29:38,063 - INFO - Downloaded: NC_H08_20210102_0500_L2ARP030_FLDK.02401_02401.nc
2025-12-29 03:29:38,165 - INFO - Cropped NC_H08_20210102_0500_L2ARP030_FLDK.02401_02401.nc to Malaysia Domain.
2025-12-29 03:29:44,109 - INFO - Downloaded: NC_H08_20210102_0600_L2ARP030_FLDK.02401_02401.nc
2025-12-29 03:29:44,180 - INFO - Cropped NC_H08_20210102_0600_L2ARP030_FLDK.02401_02401.nc to Malaysia Domain.
2025-12-29 03:29:48,009 - INFO - Downloaded: NC_H08_20210102_0700_L2ARP030_FLDK.02401_02401.nc
2025-12-29 03:29:48,076 - INFO - Cropped NC_H08_20210102_0700_L2ARP030_FLDK.02401_02401.nc to Malaysia Domain.
2025-12-29 03:29:51,463 - INFO - Downloaded: NC_H08_20210102_0800_L2ARP030_FLDK.02401_02401.nc
2025-12-29 03:29:51,531 - INFO - Cropped NC_H08_20210102_0800_L2ARP030_FLDK.02401_02401.nc to Malaysia Domain.
2025-12-29 03:29:53,960 - INFO - Downloaded: NC_H08_20210102_0900_L2ARP030_FLDK.02401_02401.nc
2025-12-29 03:29:54,026 - INFO - Cropped NC_H08_20210102_0900_L2ARP030_FLDK.02401_02401.nc to Malaysia Domain.
2025-12-29 03:30:17,180 - INFO - Downloaded: NC_H08_20210103_0000_L2ARP030_FLDK.02401_02401.nc
2025-12-29 03:30:17,245 - INFO - Cropped NC_H08_20210103_0000_L2ARP030_FLDK.02401_02401.nc to Malaysia Domain.
2025-12-29 03:30:23,636 - INFO - Downloaded: NC_H08_20210103_0100_L2ARP030_FLDK.02401_02401.nc
2025-12-29 03:30:23,703 - INFO - Cropped NC_H08_20210103_0100_L2ARP030_FLDK.02401_02401.nc to Malaysia Domain.
2025-12-29 03:30:48,878 - INFO - Downloaded: NC_H08_20210103_0200_L2ARP030_FLDK.02401_02401.nc
2025-12-29 03:30:48,947 - INFO - Cropped NC_H08_20210103_0200_L2ARP030_FLDK.02401_02401.nc to Malaysia Domain.
2025-12-29 03:31:25,410 - INFO - Downloaded: NC_H08_20210103_0300_L2ARP030_FLDK.02401_02401.nc
2025-12-29 03:31:25,483 - INFO - Cropped NC_H08_20210103_0300_L2ARP030_FLDK.02401_02401.nc to Malaysia Domain.
2025-12-29 03:31:31,891 - INFO - Downloaded: NC_H08_20210103_0400_L2ARP030_FLDK.02401_02401.nc
2025-12-29 03:31:31,971 - INFO - Cropped NC_H08_20210103_0400_L2ARP030_FLDK.02401_02401.nc to Malaysia Domain.
2025-12-29 03:32:03,579 - INFO - Downloaded: NC_H08_20210103_0500_L2ARP030_FLDK.02401_02401.nc
2025-12-29 03:32:03,652 - INFO - Cropped NC_H08_20210103_0500_L2ARP030_FLDK.02401_02401.nc to Malaysia Domain.
2025-12-29 03:32:12,951 - INFO - Downloaded: NC_H08_20210103_0600_L2ARP030_FLDK.02401_02401.nc
2025-12-29 03:32:13,022 - INFO - Cropped NC_H08_20210103_0600_L2ARP030_FLDK.02401_02401.nc to Malaysia Domain.
2025-12-29 03:32:19,796 - INFO - Downloaded: NC_H08_20210103_0700_L2ARP030_FLDK.02401_02401.nc
2025-12-29 03:32:19,865 - INFO - Cropped NC_H08_20210103_0700_L2ARP030_FLDK.02401_02401.nc to Malaysia Domain.
2025-12-29 03:32:26,101 - INFO - Downloaded: NC_H08_20210103_0800_L2ARP030_FLDK.02401_02401.nc
2025-12-29 03:32:26,170 - INFO - Cropped NC_H08_20210103_0800_L2ARP030_FLDK.02401_02401.nc to Malaysia Domain.
2025-12-29 03:32:31,089 - INFO - Downloaded: NC_H08_20210103_0900_L2ARP030_FLDK.02401_02401.nc
2025-12-29 03:32:31,156 - INFO - Cropped NC_H08_20210103_0900_L2ARP030_FLDK.02401_02401.nc to Malaysia Domain.
2025-12-29 03:32:40,624 - INFO - Downloaded: NC_H08_20210104_0000_L2ARP030_FLDK.02401_02401.nc
2025-12-29 03:32:40,690 - INFO - Cropped NC_H08_20210104_0000_L2ARP030_FLDK.02401_02401.nc to Malaysia Domain.
2025-12-29 03:32:50,429 - INFO - Downloaded: NC_H08_20210104_0100_L2ARP030_FLDK.02401_02401.nc
2025-12-29 03:32:50,497 - INFO - Cropped NC_H08_20210104_0100_L2ARP030_FLDK.02401_02401.nc to Malaysia Domain.
2025-12-29 03:32:55,384 - INFO - Downloaded: NC_H08_20210104_0200_L2ARP030_FLDK.02401_02401.nc
2025-12-29 03:32:55,455 - INFO - Cropped NC_H08_20210104_0200_L2ARP030_FLDK.02401_02401.nc to Malaysia Domain.
2025-12-29 03:33:28,672 - INFO - Downloaded: NC_H08_20210104_0300_L2ARP030_FLDK.02401_02401.nc
2025-12-29 03:33:28,743 - INFO - Cropped NC_H08_20210104_0300_L2ARP030_FLDK.02401_02401.nc to Malaysia Domain.
2025-12-29 03:33:41,820 - INFO - Downloaded: NC_H08_20210104_0400_L2ARP030_FLDK.02401_02401.nc
2025-12-29 03:33:41,895 - INFO - Cropped NC_H08_20210104_0400_L2ARP030_FLDK.02401_02401.nc to Malaysia Domain.
2025-12-29 03:33:51,307 - INFO - Downloaded: NC_H08_20210104_0500_L2ARP030_FLDK.02401_02401.nc
2025-12-29 03:33:51,380 - INFO - Cropped NC_H08_20210104_0500_L2ARP030_FLDK.02401_02401.nc to Malaysia Domain.
2025-12-29 03:33:54,984 - INFO - Downloaded: NC_H08_20210104_0600_L2ARP030_FLDK.02401_02401.nc
2025-12-29 03:33:55,061 - INFO - Cropped NC_H08_20210104_0600_L2ARP030_FLDK.02401_02401.nc to Malaysia Domain.
2025-12-29 03:34:13,468 - INFO - Downloaded: NC_H08_20210104_0700_L2ARP030_FLDK.02401_02401.nc
2025-12-29 03:34:13,543 - INFO - Cropped NC_H08_20210104_0700_L2ARP030_FLDK.02401_02401.nc to Malaysia Domain.
2025-12-29 03:34:21,197 - INFO - Downloaded: NC_H08_20210104_0800_L2ARP030_FLDK.02401_02401.nc
2025-12-29 03:34:21,267 - INFO - Cropped NC_H08_20210104_0800_L2ARP030_FLDK.02401_02401.nc to Malaysia Domain.
2025-12-29 03:34:27,656 - INFO - Downloaded: NC_H08_20210104_0900_L2ARP030_FLDK.02401_02401.nc
2025-12-29 03:34:27,722 - INFO - Cropped NC_H08_20210104_0900_L2ARP030_FLDK.02401_02401.nc to Malaysia Domain.
2025-12-29 03:35:00,288 - INFO - Downloaded: NC_H08_20210105_0000_L2ARP030_FLDK.02401_02401.nc
2025-12-29 03:35:00,352 - INFO - Cropped NC_H08_20210105_0000_L2ARP030_FLDK.02401_02401.nc to Malaysia Domain.
2025-12-29 03:35:11,117 - INFO - Downloaded: NC_H08_20210105_0100_L2ARP030_FLDK.02401_02401.nc
2025-12-29 03:35:11,189 - INFO - Cropped NC_H08_20210105_0100_L2ARP030_FLDK.02401_02401.nc to Malaysia Domain.
2025-12-29 03:35:19,362 - INFO - Downloaded: NC_H08_20210105_0200_L2ARP030_FLDK.02401_02401.nc
2025-12-29 03:35:19,433 - INFO - Cropped NC_H08_20210105_0200_L2ARP030_FLDK.02401_02401.nc to Malaysia Domain.
2025-12-29 03:35:52,359 - INFO - Downloaded: NC_H08_20210105_0300_L2ARP030_FLDK.02401_02401.nc
2025-12-29 03:35:52,432 - INFO - Cropped NC_H08_20210105_0300_L2ARP030_FLDK.02401_02401.nc to Malaysia Domain.
2025-12-29 03:36:05,399 - INFO - Downloaded: NC_H08_20210105_0400_L2ARP030_FLDK.02401_02401.nc
2025-12-29 03:36:05,474 - INFO - Cropped NC_H08_20210105_0400_L2ARP030_FLDK.02401_02401.nc to Malaysia Domain.
2025-12-29 03:36:09,868 - INFO - Downloaded: NC_H08_20210105_0500_L2ARP030_FLDK.02401_02401.nc
2025-12-29 03:36:09,944 - INFO - Cropped NC_H08_20210105_0500_L2ARP030_FLDK.02401_02401.nc to Malaysia Domain.
2025-12-29 03:36:34,037 - INFO - Downloaded: NC_H08_20210105_0600_L2ARP030_FLDK.02401_02401.nc
2025-12-29 03:36:34,114 - INFO - Cropped NC_H08_20210105_0600_L2ARP030_FLDK.02401_02401.nc to Malaysia Domain.
2025-12-29 03:36:42,884 - INFO - Downloaded: NC_H08_20210105_0700_L2ARP030_FLDK.02401_02401.nc
2025-12-29 03:36:42,956 - INFO - Cropped NC_H08_20210105_0700_L2ARP030_FLDK.02401_02401.nc to Malaysia Domain.
