2025-12-25 20:57:32,153 - INFO - Starting download from 2020-01-01 to 2024-12-31
2025-12-25 20:57:33,208 - INFO - Connected to ftp.ptree.jaxa.jp
2025-12-25 20:57:34,758 - INFO - Skipping NC_H08_20200101_0000_L2ARP030_FLDK.02401_02401.nc (already exists and appears cropped)
2025-12-25 20:57:35,522 - INFO - Skipping NC_H08_20200101_0100_L2ARP030_FLDK.02401_02401.nc (already exists and appears cropped)
2025-12-25 20:57:36,236 - INFO - Skipping NC_H08_20200101_0200_L2ARP030_FLDK.02401_02401.nc (already exists and appears cropped)
2025-12-25 20:57:36,974 - INFO - Skipping NC_H08_20200101_0300_L2ARP030_FLDK.02401_02401.nc (already exists and appears cropped)
2025-12-25 20:57:37,750 - INFO - Skipping NC_H08_20200101_0400_L2ARP030_FLDK.02401_02401.nc (already exists and appears cropped)
2025-12-25 20:57:38,478 - INFO - Skipping NC_H08_20200101_0500_L2ARP030_FLDK.02401_02401.nc (already exists and appears cropped)
2025-12-25 20:57:39,189 - INFO - Skipping NC_H08_20200101_0600_L2ARP030_FLDK.02401_02401.nc (already exists and appears cropped)
2025-12-25 20:57:39,922 - INFO - Skipping NC_H08_20200101_0700_L2ARP030_FLDK.02401_02401.nc (already exists and appears cropped)
2025-12-25 20:57:40,749 - INFO - Skipping NC_H08_20200101_0800_L2ARP030_FLDK.02401_02401.nc (already exists and appears cropped)
2025-12-25 20:57:41,514 - INFO - Skipping NC_H08_20200101_0900_L2ARP030_FLDK.02401_02401.nc (already exists and appears cropped)
2025-12-25 20:57:42,313 - INFO - Skipping NC_H08_20200102_0000_L2ARP030_FLDK.02401_02401.nc (already exists and appears cropped)
2025-12-25 20:57:43,023 - INFO - Skipping NC_H08_20200102_0100_L2ARP030_FLDK.02401_02401.nc (already exists and appears cropped)
2025-12-25 20:57:43,748 - INFO - Skipping NC_H08_20200102_0200_L2ARP030_FLDK.02401_02401.nc (already exists and appears cropped)
2025-12-25 20:57:44,468 - INFO - Skipping NC_H08_20200102_0300_L2ARP030_FLDK.02401_02401.nc (already exists and appears cropped)
2025-12-25 20:57:45,189 - INFO - Skipping NC_H08_20200102_0400_L2ARP030_FLDK.02401_02401.nc (already exists and appears cropped)
2025-12-25 20:57:45,932 - INFO - Skipping NC_H08_20200102_0500_L2ARP030_FLDK.02401_02401.nc (already exists and appears cropped)
2025-12-25 20:57:46,712 - INFO - Skipping NC_H08_20200102_0600_L2ARP030_FLDK.02401_02401.nc (already exists and appears cropped)
2025-12-25 20:57:47,434 - INFO - Skipping NC_H08_20200102_0700_L2ARP030_FLDK.02401_02401.nc (already exists and appears cropped)
2025-12-25 20:57:48,166 - INFO - Skipping NC_H08_20200102_0800_L2ARP030_FLDK.02401_02401.nc (already exists and appears cropped)
2025-12-25 20:57:48,942 - INFO - Skipping NC_H08_20200102_0900_L2ARP030_FLDK.02401_02401.nc (already exists and appears cropped)
2025-12-25 20:57:49,789 - INFO - Skipping NC_H08_20200103_0000_L2ARP030_FLDK.02401_02401.nc (already exists and appears cropped)
2025-12-25 20:57:50,548 - INFO - Skipping NC_H08_20200103_0100_L2ARP030_FLDK.02401_02401.nc (already exists and appears cropped)
2025-12-25 20:57:51,285 - INFO - Skipping NC_H08_20200103_0200_L2ARP030_FLDK.02401_02401.nc (already exists and appears cropped)
2025-12-25 20:57:52,027 - INFO - Skipping NC_H08_20200103_0300_L2ARP030_FLDK.02401_02401.nc (already exists and appears cropped)
2025-12-25 20:57:52,809 - INFO - Skipping NC_H08_20200103_0400_L2ARP030_FLDK.02401_02401.nc (already exists and appears cropped)
2025-12-25 20:57:53,607 - INFO - Skipping NC_H08_20200103_0500_L2ARP030_FLDK.02401_02401.nc (already exists and appears cropped)
2025-12-25 20:57:54,378 - INFO - Skipping NC_H08_20200103_0600_L2ARP030_FLDK.02401_02401.nc (already exists and appears cropped)
2025-12-25 20:57:55,115 - INFO - Skipping NC_H08_20200103_0700_L2ARP030_FLDK.02401_02401.nc (already exists and appears cropped)
2025-12-25 20:57:55,853 - INFO - Skipping NC_H08_20200103_0800_L2ARP030_FLDK.02401_02401.nc (already exists and appears cropped)
2025-12-25 20:57:56,628 - INFO - Skipping NC_H08_20200103_0900_L2ARP030_FLDK.02401_02401.nc (already exists and appears cropped)
2025-12-25 20:57:57,475 - INFO - Skipping NC_H08_20200104_0000_L2ARP030_FLDK.02401_02401.nc (already exists and appears cropped)
2025-12-25 20:57:58,250 - INFO - Skipping NC_H08_20200104_0100_L2ARP030_FLDK.02401_02401.nc (already exists and appears cropped)
2025-12-25 20:57:59,050 - INFO - Skipping NC_H08_20200104_0200_L2ARP030_FLDK.02401_02401.nc (already exists and appears cropped)
2025-12-25 20:57:59,832 - INFO - Skipping NC_H08_20200104_0300_L2ARP030_FLDK.02401_02401.nc (already exists and appears cropped)
2025-12-25 20:58:00,566 - INFO - Skipping NC_H08_20200104_0400_L2ARP030_FLDK.02401_02401.nc (already exists and appears cropped)
2025-12-25 20:58:01,344 - INFO - Skipping NC_H08_20200104_0500_L2ARP030_FLDK.02401_02401.nc (already exists and appears cropped)
2025-12-25 20:58:02,093 - INFO - Skipping NC_H08_20200104_0600_L2ARP030_FLDK.02401_02401.nc (already exists and appears cropped)
2025-12-25 20:58:02,883 - INFO - Skipping NC_H08_20200104_0700_L2ARP030_FLDK.02401_02401.nc (already exists and appears cropped)
2025-12-25 20:58:03,708 - INFO - Skipping NC_H08_20200104_0800_L2ARP030_FLDK.02401_02401.nc (already exists and appears cropped)
2025-12-25 20:58:04,477 - INFO - Skipping NC_H08_20200104_0900_L2ARP030_FLDK.02401_02401.nc (already exists and appears cropped)
2025-12-25 20:58:05,276 - INFO - Skipping NC_H08_20200105_0000_L2ARP030_FLDK.02401_02401.nc (already exists and appears cropped)
2025-12-25 20:58:06,012 - INFO - Skipping NC_H08_20200105_0100_L2ARP030_FLDK.02401_02401.nc (already exists and appears cropped)
2025-12-25 20:58:06,802 - INFO - Skipping NC_H08_20200105_0200_L2ARP030_FLDK.02401_02401.nc (already exists and appears cropped)
2025-12-25 20:58:07,523 - INFO - Skipping NC_H08_20200105_0300_L2ARP030_FLDK.02401_02401.nc (already exists and appears cropped)
2025-12-25 20:58:08,267 - INFO - Skipping NC_H08_20200105_0400_L2ARP030_FLDK.02401_02401.nc (already exists and appears cropped)
2025-12-25 20:58:09,033 - INFO - Skipping NC_H08_20200105_0500_L2ARP030_FLDK.02401_02401.nc (already exists and appears cropped)
2025-12-25 20:58:09,768 - INFO - Skipping NC_H08_20200105_0600_L2ARP030_FLDK.02401_02401.nc (already exists and appears cropped)
2025-12-25 20:58:10,576 - INFO - Skipping NC_H08_20200105_0700_L2ARP030_FLDK.02401_02401.nc (already exists and appears cropped)
2025-12-25 20:58:11,378 - INFO - Skipping NC_H08_20200105_0800_L2ARP030_FLDK.02401_02401.nc (already exists and appears cropped)
2025-12-25 20:58:12,199 - INFO - Skipping NC_H08_20200105_0900_L2ARP030_FLDK.02401_02401.nc (already exists and appears cropped)
2025-12-25 20:58:13,049 - INFO - Skipping NC_H08_20200106_0000_L2ARP030_FLDK.02401_02401.nc (already exists and appears cropped)
2025-12-25 20:58:13,829 - INFO - Skipping NC_H08_20200106_0100_L2ARP030_FLDK.02401_02401.nc (already exists and appears cropped)
2025-12-25 20:58:14,554 - INFO - Skipping NC_H08_20200106_0200_L2ARP030_FLDK.02401_02401.nc (already exists and appears cropped)
2025-12-25 20:58:15,302 - INFO - Skipping NC_H08_20200106_0300_L2ARP030_FLDK.02401_02401.nc (already exists and appears cropped)
2025-12-25 20:58:16,078 - INFO - Skipping NC_H08_20200106_0400_L2ARP030_FLDK.02401_02401.nc (already exists and appears cropped)
2025-12-25 20:58:16,792 - INFO - Skipping NC_H08_20200106_0500_L2ARP030_FLDK.02401_02401.nc (already exists and appears cropped)
2025-12-25 20:58:17,520 - INFO - Skipping NC_H08_20200106_0600_L2ARP030_FLDK.02401_02401.nc (already exists and appears cropped)
2025-12-25 20:58:18,354 - INFO - Skipping NC_H08_20200106_0700_L2ARP030_FLDK.02401_02401.nc (already exists and appears cropped)
2025-12-25 20:58:19,140 - INFO - Skipping NC_H08_20200106_0800_L2ARP030_FLDK.02401_02401.nc (already exists and appears cropped)
2025-12-25 20:58:19,942 - INFO - Skipping NC_H08_20200106_0900_L2ARP030_FLDK.02401_02401.nc (already exists and appears cropped)
2025-12-25 20:58:20,817 - INFO - Skipping NC_H08_20200107_0000_L2ARP030_FLDK.02401_02401.nc (already exists and appears cropped)
2025-12-25 20:58:21,612 - INFO - Skipping NC_H08_20200107_0100_L2ARP030_FLDK.02401_02401.nc (already exists and appears cropped)
2025-12-25 20:58:22,319 - INFO - Skipping NC_H08_20200107_0200_L2ARP030_FLDK.02401_02401.nc (already exists and appears cropped)
2025-12-25 20:58:23,047 - INFO - Skipping NC_H08_20200107_0300_L2ARP030_FLDK.02401_02401.nc (already exists and appears cropped)
2025-12-25 20:58:23,758 - INFO - Skipping NC_H08_20200107_0400_L2ARP030_FLDK.02401_02401.nc (already exists and appears cropped)
2025-12-25 20:58:24,487 - INFO - Skipping NC_H08_20200107_0500_L2ARP030_FLDK.02401_02401.nc (already exists and appears cropped)
2025-12-25 20:58:25,212 - INFO - Skipping NC_H08_20200107_0600_L2ARP030_FLDK.02401_02401.nc (already exists and appears cropped)
2025-12-25 20:58:25,998 - INFO - Skipping NC_H08_20200107_0700_L2ARP030_FLDK.02401_02401.nc (already exists and appears cropped)
2025-12-25 20:58:27,116 - INFO - Skipping NC_H08_20200107_0800_L2ARP030_FLDK.02401_02401.nc (already exists and appears cropped)
2025-12-25 20:58:27,858 - INFO - Skipping NC_H08_20200107_0900_L2ARP030_FLDK.02401_02401.nc (already exists and appears cropped)
2025-12-25 20:58:28,750 - INFO - Skipping NC_H08_20200108_0000_L2ARP030_FLDK.02401_02401.nc (already exists and appears cropped)
2025-12-25 20:58:29,524 - INFO - Skipping NC_H08_20200108_0100_L2ARP030_FLDK.02401_02401.nc (already exists and appears cropped)
2025-12-25 20:58:30,221 - INFO - Skipping NC_H08_20200108_0200_L2ARP030_FLDK.02401_02401.nc (already exists and appears cropped)
2025-12-25 20:58:30,957 - INFO - Skipping NC_H08_20200108_0300_L2ARP030_FLDK.02401_02401.nc (already exists and appears cropped)
2025-12-25 20:58:31,698 - INFO - Skipping NC_H08_20200108_0400_L2ARP030_FLDK.02401_02401.nc (already exists and appears cropped)
2025-12-25 20:58:32,482 - INFO - Skipping NC_H08_20200108_0500_L2ARP030_FLDK.02401_02401.nc (already exists and appears cropped)
2025-12-25 20:58:34,194 - INFO - Skipping NC_H08_20200108_0600_L2ARP030_FLDK.02401_02401.nc (already exists and appears cropped)
2025-12-25 20:58:34,972 - INFO - Skipping NC_H08_20200108_0700_L2ARP030_FLDK.02401_02401.nc (already exists and appears cropped)
2025-12-25 20:58:35,746 - INFO - Skipping NC_H08_20200108_0800_L2ARP030_FLDK.02401_02401.nc (already exists and appears cropped)
2025-12-25 20:58:36,488 - INFO - Skipping NC_H08_20200108_0900_L2ARP030_FLDK.02401_02401.nc (already exists and appears cropped)
2025-12-25 20:58:37,323 - INFO - Skipping NC_H08_20200109_0000_L2ARP030_FLDK.02401_02401.nc (already exists and appears cropped)
2025-12-25 20:58:38,084 - INFO - Skipping NC_H08_20200109_0100_L2ARP030_FLDK.02401_02401.nc (already exists and appears cropped)
2025-12-25 20:58:38,807 - INFO - Skipping NC_H08_20200109_0200_L2ARP030_FLDK.02401_02401.nc (already exists and appears cropped)
2025-12-25 20:58:39,517 - INFO - Skipping NC_H08_20200109_0300_L2ARP030_FLDK.02401_02401.nc (already exists and appears cropped)
2025-12-25 20:58:40,240 - INFO - Skipping NC_H08_20200109_0400_L2ARP030_FLDK.02401_02401.nc (already exists and appears cropped)
2025-12-25 20:58:40,959 - INFO - Skipping NC_H08_20200109_0500_L2ARP030_FLDK.02401_02401.nc (already exists and appears cropped)
2025-12-25 20:58:41,680 - INFO - Skipping NC_H08_20200109_0600_L2ARP030_FLDK.02401_02401.nc (already exists and appears cropped)
2025-12-25 20:58:42,394 - INFO - Skipping NC_H08_20200109_0700_L2ARP030_FLDK.02401_02401.nc (already exists and appears cropped)
2025-12-25 20:58:43,128 - INFO - Skipping NC_H08_20200109_0800_L2ARP030_FLDK.02401_02401.nc (already exists and appears cropped)
2025-12-25 20:58:43,828 - INFO - Skipping NC_H08_20200109_0900_L2ARP030_FLDK.02401_02401.nc (already exists and appears cropped)
2025-12-25 20:58:44,656 - INFO - Skipping NC_H08_20200110_0000_L2ARP030_FLDK.02401_02401.nc (already exists and appears cropped)
2025-12-25 20:58:45,458 - INFO - Skipping NC_H08_20200110_0100_L2ARP030_FLDK.02401_02401.nc (already exists and appears cropped)
2025-12-25 20:58:46,246 - INFO - Skipping NC_H08_20200110_0200_L2ARP030_FLDK.02401_02401.nc (already exists and appears cropped)
2025-12-25 20:58:46,964 - INFO - Skipping NC_H08_20200110_0300_L2ARP030_FLDK.02401_02401.nc (already exists and appears cropped)
2025-12-25 20:58:47,701 - INFO - Skipping NC_H08_20200110_0400_L2ARP030_FLDK.02401_02401.nc (already exists and appears cropped)
2025-12-25 20:58:48,480 - INFO - Skipping NC_H08_20200110_0500_L2ARP030_FLDK.02401_02401.nc (already exists and appears cropped)
2025-12-25 20:58:49,208 - INFO - Skipping NC_H08_20200110_0600_L2ARP030_FLDK.02401_02401.nc (already exists and appears cropped)
2025-12-25 20:58:49,925 - INFO - Skipping NC_H08_20200110_0700_L2ARP030_FLDK.02401_02401.nc (already exists and appears cropped)
2025-12-25 20:58:50,633 - INFO - Skipping NC_H08_20200110_0800_L2ARP030_FLDK.02401_02401.nc (already exists and appears cropped)
2025-12-25 20:58:51,361 - INFO - Skipping NC_H08_20200110_0900_L2ARP030_FLDK.02401_02401.nc (already exists and appears cropped)
2025-12-25 20:58:52,179 - INFO - Skipping NC_H08_20200111_0000_L2ARP030_FLDK.02401_02401.nc (already exists and appears cropped)
2025-12-25 20:58:52,958 - INFO - Skipping NC_H08_20200111_0100_L2ARP030_FLDK.02401_02401.nc (already exists and appears cropped)
2025-12-25 20:58:53,683 - INFO - Skipping NC_H08_20200111_0200_L2ARP030_FLDK.02401_02401.nc (already exists and appears cropped)
2025-12-25 20:58:54,408 - INFO - Skipping NC_H08_20200111_0300_L2ARP030_FLDK.02401_02401.nc (already exists and appears cropped)
2025-12-25 20:58:55,131 - INFO - Skipping NC_H08_20200111_0400_L2ARP030_FLDK.02401_02401.nc (already exists and appears cropped)
2025-12-25 20:58:55,829 - INFO - Skipping NC_H08_20200111_0500_L2ARP030_FLDK.02401_02401.nc (already exists and appears cropped)
2025-12-25 20:58:56,546 - INFO - Skipping NC_H08_20200111_0600_L2ARP030_FLDK.02401_02401.nc (already exists and appears cropped)
2025-12-25 20:58:57,309 - INFO - Skipping NC_H08_20200111_0700_L2ARP030_FLDK.02401_02401.nc (already exists and appears cropped)
2025-12-25 20:58:58,081 - INFO - Skipping NC_H08_20200111_0800_L2ARP030_FLDK.02401_02401.nc (already exists and appears cropped)
2025-12-25 20:58:58,803 - INFO - Skipping NC_H08_20200111_0900_L2ARP030_FLDK.02401_02401.nc (already exists and appears cropped)
2025-12-25 20:58:59,630 - INFO - Skipping NC_H08_20200112_0000_L2ARP030_FLDK.02401_02401.nc (already exists and appears cropped)
2025-12-25 20:59:00,405 - INFO - Skipping NC_H08_20200112_0100_L2ARP030_FLDK.02401_02401.nc (already exists and appears cropped)
2025-12-25 20:59:01,125 - INFO - Skipping NC_H08_20200112_0200_L2ARP030_FLDK.02401_02401.nc (already exists and appears cropped)
2025-12-25 20:59:01,850 - INFO - Skipping NC_H08_20200112_0300_L2ARP030_FLDK.02401_02401.nc (already exists and appears cropped)
2025-12-25 20:59:02,582 - INFO - Skipping NC_H08_20200112_0400_L2ARP030_FLDK.02401_02401.nc (already exists and appears cropped)
2025-12-25 20:59:03,359 - INFO - Skipping NC_H08_20200112_0500_L2ARP030_FLDK.02401_02401.nc (already exists and appears cropped)
2025-12-25 20:59:04,081 - INFO - Skipping NC_H08_20200112_0600_L2ARP030_FLDK.02401_02401.nc (already exists and appears cropped)
2025-12-25 20:59:04,829 - INFO - Skipping NC_H08_20200112_0700_L2ARP030_FLDK.02401_02401.nc (already exists and appears cropped)
2025-12-25 20:59:05,596 - INFO - Skipping NC_H08_20200112_0800_L2ARP030_FLDK.02401_02401.nc (already exists and appears cropped)
2025-12-25 20:59:06,331 - INFO - Skipping NC_H08_20200112_0900_L2ARP030_FLDK.02401_02401.nc (already exists and appears cropped)
2025-12-25 20:59:07,156 - INFO - Skipping NC_H08_20200113_0000_L2ARP030_FLDK.02401_02401.nc (already exists and appears cropped)
2025-12-25 20:59:07,934 - INFO - Skipping NC_H08_20200113_0100_L2ARP030_FLDK.02401_02401.nc (already exists and appears cropped)
2025-12-25 20:59:08,565 - INFO - No minute 00 files found in /pub/himawari/L2/ARP/030/202001/13/02/
2025-12-25 20:59:09,317 - INFO - Skipping NC_H08_20200113_0300_L2ARP030_FLDK.02401_02401.nc (already exists and appears cropped)
2025-12-25 20:59:10,091 - INFO - Skipping NC_H08_20200113_0400_L2ARP030_FLDK.02401_02401.nc (already exists and appears cropped)
2025-12-25 20:59:10,802 - INFO - Skipping NC_H08_20200113_0500_L2ARP030_FLDK.02401_02401.nc (already exists and appears cropped)
2025-12-25 20:59:11,530 - INFO - Skipping NC_H08_20200113_0600_L2ARP030_FLDK.02401_02401.nc (already exists and appears cropped)
2025-12-25 20:59:12,270 - INFO - Skipping NC_H08_20200113_0700_L2ARP030_FLDK.02401_02401.nc (already exists and appears cropped)
2025-12-25 20:59:13,032 - INFO - Skipping NC_H08_20200113_0800_L2ARP030_FLDK.02401_02401.nc (already exists and appears cropped)
2025-12-25 20:59:13,766 - INFO - Skipping NC_H08_20200113_0900_L2ARP030_FLDK.02401_02401.nc (already exists and appears cropped)
2025-12-25 20:59:14,582 - INFO - Skipping NC_H08_20200114_0000_L2ARP030_FLDK.02401_02401.nc (already exists and appears cropped)
2025-12-25 20:59:15,374 - INFO - Skipping NC_H08_20200114_0100_L2ARP030_FLDK.02401_02401.nc (already exists and appears cropped)
2025-12-25 20:59:16,086 - INFO - Skipping NC_H08_20200114_0200_L2ARP030_FLDK.02401_02401.nc (already exists and appears cropped)
2025-12-25 20:59:16,813 - INFO - Skipping NC_H08_20200114_0300_L2ARP030_FLDK.02401_02401.nc (already exists and appears cropped)
2025-12-25 20:59:17,511 - INFO - Skipping NC_H08_20200114_0400_L2ARP030_FLDK.02401_02401.nc (already exists and appears cropped)
2025-12-25 20:59:18,239 - INFO - Skipping NC_H08_20200114_0500_L2ARP030_FLDK.02401_02401.nc (already exists and appears cropped)
2025-12-25 20:59:19,053 - INFO - Skipping NC_H08_20200114_0600_L2ARP030_FLDK.02401_02401.nc (already exists and appears cropped)
2025-12-25 20:59:19,755 - INFO - Skipping NC_H08_20200114_0700_L2ARP030_FLDK.02401_02401.nc (already exists and appears cropped)
2025-12-25 20:59:20,488 - INFO - Skipping NC_H08_20200114_0800_L2ARP030_FLDK.02401_02401.nc (already exists and appears cropped)
2025-12-25 20:59:21,307 - INFO - Skipping NC_H08_20200114_0900_L2ARP030_FLDK.02401_02401.nc (already exists and appears cropped)
2025-12-25 20:59:22,201 - INFO - Skipping NC_H08_20200115_0000_L2ARP030_FLDK.02401_02401.nc (already exists and appears cropped)
2025-12-25 20:59:22,964 - INFO - Skipping NC_H08_20200115_0100_L2ARP030_FLDK.02401_02401.nc (already exists and appears cropped)
2025-12-25 20:59:23,677 - INFO - Skipping NC_H08_20200115_0200_L2ARP030_FLDK.02401_02401.nc (already exists and appears cropped)
2025-12-25 20:59:24,418 - INFO - Skipping NC_H08_20200115_0300_L2ARP030_FLDK.02401_02401.nc (already exists and appears cropped)
2025-12-25 20:59:25,111 - INFO - Skipping NC_H08_20200115_0400_L2ARP030_FLDK.02401_02401.nc (already exists and appears cropped)
2025-12-25 20:59:25,872 - INFO - Skipping NC_H08_20200115_0500_L2ARP030_FLDK.02401_02401.nc (already exists and appears cropped)
2025-12-25 20:59:26,665 - INFO - Skipping NC_H08_20200115_0600_L2ARP030_FLDK.02401_02401.nc (already exists and appears cropped)
2025-12-25 20:59:27,458 - INFO - Skipping NC_H08_20200115_0700_L2ARP030_FLDK.02401_02401.nc (already exists and appears cropped)
2025-12-25 20:59:28,201 - INFO - Skipping NC_H08_20200115_0800_L2ARP030_FLDK.02401_02401.nc (already exists and appears cropped)
2025-12-25 20:59:29,284 - INFO - Skipping NC_H08_20200115_0900_L2ARP030_FLDK.02401_02401.nc (already exists and appears cropped)
2025-12-25 20:59:30,107 - INFO - Skipping NC_H08_20200116_0000_L2ARP030_FLDK.02401_02401.nc (already exists and appears cropped)
2025-12-25 20:59:30,899 - INFO - Skipping NC_H08_20200116_0100_L2ARP030_FLDK.02401_02401.nc (already exists and appears cropped)
2025-12-25 20:59:31,619 - INFO - Skipping NC_H08_20200116_0200_L2ARP030_FLDK.02401_02401.nc (already exists and appears cropped)
2025-12-25 20:59:32,417 - INFO - Skipping NC_H08_20200116_0300_L2ARP030_FLDK.02401_02401.nc (already exists and appears cropped)
2025-12-25 20:59:33,138 - INFO - Skipping NC_H08_20200116_0400_L2ARP030_FLDK.02401_02401.nc (already exists and appears cropped)
2025-12-25 20:59:33,942 - INFO - Skipping NC_H08_20200116_0500_L2ARP030_FLDK.02401_02401.nc (already exists and appears cropped)
2025-12-25 20:59:34,754 - INFO - Skipping NC_H08_20200116_0600_L2ARP030_FLDK.02401_02401.nc (already exists and appears cropped)
2025-12-25 20:59:35,517 - INFO - Skipping NC_H08_20200116_0700_L2ARP030_FLDK.02401_02401.nc (already exists and appears cropped)
2025-12-25 20:59:36,245 - INFO - Skipping NC_H08_20200116_0800_L2ARP030_FLDK.02401_02401.nc (already exists and appears cropped)
2025-12-25 20:59:36,996 - INFO - Skipping NC_H08_20200116_0900_L2ARP030_FLDK.02401_02401.nc (already exists and appears cropped)
2025-12-25 20:59:37,889 - INFO - Skipping NC_H08_20200117_0000_L2ARP030_FLDK.02401_02401.nc (already exists and appears cropped)
2025-12-25 20:59:38,652 - INFO - Skipping NC_H08_20200117_0100_L2ARP030_FLDK.02401_02401.nc (already exists and appears cropped)
2025-12-25 20:59:39,366 - INFO - Skipping NC_H08_20200117_0200_L2ARP030_FLDK.02401_02401.nc (already exists and appears cropped)
2025-12-25 20:59:40,092 - INFO - Skipping NC_H08_20200117_0300_L2ARP030_FLDK.02401_02401.nc (already exists and appears cropped)
2025-12-25 20:59:40,810 - INFO - Skipping NC_H08_20200117_0400_L2ARP030_FLDK.02401_02401.nc (already exists and appears cropped)
2025-12-25 20:59:41,548 - INFO - Skipping NC_H08_20200117_0500_L2ARP030_FLDK.02401_02401.nc (already exists and appears cropped)
2025-12-25 20:59:42,396 - INFO - Skipping NC_H08_20200117_0600_L2ARP030_FLDK.02401_02401.nc (already exists and appears cropped)
2025-12-25 20:59:43,134 - INFO - Skipping NC_H08_20200117_0700_L2ARP030_FLDK.02401_02401.nc (already exists and appears cropped)
2025-12-25 20:59:43,842 - INFO - Skipping NC_H08_20200117_0800_L2ARP030_FLDK.02401_02401.nc (already exists and appears cropped)
2025-12-25 20:59:44,575 - INFO - Skipping NC_H08_20200117_0900_L2ARP030_FLDK.02401_02401.nc (already exists and appears cropped)
2025-12-25 20:59:45,511 - INFO - Skipping NC_H08_20200118_0000_L2ARP030_FLDK.02401_02401.nc (already exists and appears cropped)
2025-12-25 20:59:46,299 - INFO - Skipping NC_H08_20200118_0100_L2ARP030_FLDK.02401_02401.nc (already exists and appears cropped)
2025-12-25 20:59:47,048 - INFO - Skipping NC_H08_20200118_0200_L2ARP030_FLDK.02401_02401.nc (already exists and appears cropped)
2025-12-25 20:59:47,784 - INFO - Skipping NC_H08_20200118_0300_L2ARP030_FLDK.02401_02401.nc (already exists and appears cropped)
2025-12-25 20:59:48,576 - INFO - Skipping NC_H08_20200118_0400_L2ARP030_FLDK.02401_02401.nc (already exists and appears cropped)
2025-12-25 20:59:49,300 - INFO - Skipping NC_H08_20200118_0500_L2ARP030_FLDK.02401_02401.nc (already exists and appears cropped)
2025-12-25 20:59:50,108 - INFO - Skipping NC_H08_20200118_0600_L2ARP030_FLDK.02401_02401.nc (already exists and appears cropped)
2025-12-25 20:59:50,924 - INFO - Skipping NC_H08_20200118_0700_L2ARP030_FLDK.02401_02401.nc (already exists and appears cropped)
2025-12-25 20:59:51,691 - INFO - Skipping NC_H08_20200118_0800_L2ARP030_FLDK.02401_02401.nc (already exists and appears cropped)
2025-12-25 20:59:52,431 - INFO - Skipping NC_H08_20200118_0900_L2ARP030_FLDK.02401_02401.nc (already exists and appears cropped)
2025-12-25 20:59:53,349 - INFO - Skipping NC_H08_20200119_0000_L2ARP030_FLDK.02401_02401.nc (already exists and appears cropped)
2025-12-25 20:59:54,090 - INFO - Skipping NC_H08_20200119_0100_L2ARP030_FLDK.02401_02401.nc (already exists and appears cropped)
2025-12-25 20:59:54,824 - INFO - Skipping NC_H08_20200119_0200_L2ARP030_FLDK.02401_02401.nc (already exists and appears cropped)
2025-12-25 20:59:55,535 - INFO - Skipping NC_H08_20200119_0300_L2ARP030_FLDK.02401_02401.nc (already exists and appears cropped)
2025-12-25 20:59:56,247 - INFO - Skipping NC_H08_20200119_0400_L2ARP030_FLDK.02401_02401.nc (already exists and appears cropped)
2025-12-25 20:59:56,975 - INFO - Skipping NC_H08_20200119_0500_L2ARP030_FLDK.02401_02401.nc (already exists and appears cropped)
2025-12-25 20:59:57,703 - INFO - Skipping NC_H08_20200119_0600_L2ARP030_FLDK.02401_02401.nc (already exists and appears cropped)
2025-12-25 20:59:58,415 - INFO - Skipping NC_H08_20200119_0700_L2ARP030_FLDK.02401_02401.nc (already exists and appears cropped)
2025-12-25 20:59:59,155 - INFO - Skipping NC_H08_20200119_0800_L2ARP030_FLDK.02401_02401.nc (already exists and appears cropped)
2025-12-25 20:59:59,935 - INFO - Skipping NC_H08_20200119_0900_L2ARP030_FLDK.02401_02401.nc (already exists and appears cropped)
2025-12-25 21:00:00,859 - INFO - Skipping NC_H08_20200120_0000_L2ARP030_FLDK.02401_02401.nc (already exists and appears cropped)
2025-12-25 21:00:01,652 - INFO - Skipping NC_H08_20200120_0100_L2ARP030_FLDK.02401_02401.nc (already exists and appears cropped)
2025-12-25 21:00:02,454 - INFO - Skipping NC_H08_20200120_0200_L2ARP030_FLDK.02401_02401.nc (already exists and appears cropped)
2025-12-25 21:00:03,220 - INFO - Skipping NC_H08_20200120_0300_L2ARP030_FLDK.02401_02401.nc (already exists and appears cropped)
2025-12-25 21:00:04,022 - INFO - Skipping NC_H08_20200120_0400_L2ARP030_FLDK.02401_02401.nc (already exists and appears cropped)
2025-12-25 21:00:04,750 - INFO - Skipping NC_H08_20200120_0500_L2ARP030_FLDK.02401_02401.nc (already exists and appears cropped)
2025-12-25 21:00:05,562 - INFO - Skipping NC_H08_20200120_0600_L2ARP030_FLDK.02401_02401.nc (already exists and appears cropped)
2025-12-25 21:00:06,340 - INFO - Skipping NC_H08_20200120_0700_L2ARP030_FLDK.02401_02401.nc (already exists and appears cropped)
2025-12-25 21:00:07,144 - INFO - Skipping NC_H08_20200120_0800_L2ARP030_FLDK.02401_02401.nc (already exists and appears cropped)
2025-12-25 21:00:07,933 - INFO - Skipping NC_H08_20200120_0900_L2ARP030_FLDK.02401_02401.nc (already exists and appears cropped)
2025-12-25 21:00:08,766 - INFO - Skipping NC_H08_20200121_0000_L2ARP030_FLDK.02401_02401.nc (already exists and appears cropped)
2025-12-25 21:00:09,541 - INFO - Skipping NC_H08_20200121_0100_L2ARP030_FLDK.02401_02401.nc (already exists and appears cropped)
2025-12-25 21:00:10,251 - INFO - Skipping NC_H08_20200121_0200_L2ARP030_FLDK.02401_02401.nc (already exists and appears cropped)
2025-12-25 21:00:10,977 - INFO - Skipping NC_H08_20200121_0300_L2ARP030_FLDK.02401_02401.nc (already exists and appears cropped)
2025-12-25 21:00:11,693 - INFO - Skipping NC_H08_20200121_0400_L2ARP030_FLDK.02401_02401.nc (already exists and appears cropped)
2025-12-25 21:00:12,411 - INFO - Skipping NC_H08_20200121_0500_L2ARP030_FLDK.02401_02401.nc (already exists and appears cropped)
2025-12-25 21:00:13,149 - INFO - Skipping NC_H08_20200121_0600_L2ARP030_FLDK.02401_02401.nc (already exists and appears cropped)
2025-12-25 21:00:13,856 - INFO - Skipping NC_H08_20200121_0700_L2ARP030_FLDK.02401_02401.nc (already exists and appears cropped)
2025-12-25 21:00:14,572 - INFO - Skipping NC_H08_20200121_0800_L2ARP030_FLDK.02401_02401.nc (already exists and appears cropped)
2025-12-25 21:00:15,282 - INFO - Skipping NC_H08_20200121_0900_L2ARP030_FLDK.02401_02401.nc (already exists and appears cropped)
2025-12-25 21:00:16,148 - INFO - Skipping NC_H08_20200122_0000_L2ARP030_FLDK.02401_02401.nc (already exists and appears cropped)
2025-12-25 21:00:16,891 - INFO - Skipping NC_H08_20200122_0100_L2ARP030_FLDK.02401_02401.nc (already exists and appears cropped)
2025-12-25 21:00:17,623 - INFO - Skipping NC_H08_20200122_0200_L2ARP030_FLDK.02401_02401.nc (already exists and appears cropped)
2025-12-25 21:00:18,351 - INFO - Skipping NC_H08_20200122_0300_L2ARP030_FLDK.02401_02401.nc (already exists and appears cropped)
2025-12-25 21:00:19,137 - INFO - Skipping NC_H08_20200122_0400_L2ARP030_FLDK.02401_02401.nc (already exists and appears cropped)
2025-12-25 21:00:19,868 - INFO - Skipping NC_H08_20200122_0500_L2ARP030_FLDK.02401_02401.nc (already exists and appears cropped)
2025-12-25 21:00:20,667 - INFO - Skipping NC_H08_20200122_0600_L2ARP030_FLDK.02401_02401.nc (already exists and appears cropped)
2025-12-25 21:00:21,458 - INFO - Skipping NC_H08_20200122_0700_L2ARP030_FLDK.02401_02401.nc (already exists and appears cropped)
2025-12-25 21:00:22,171 - INFO - Skipping NC_H08_20200122_0800_L2ARP030_FLDK.02401_02401.nc (already exists and appears cropped)
2025-12-25 21:00:22,898 - INFO - Skipping NC_H08_20200122_0900_L2ARP030_FLDK.02401_02401.nc (already exists and appears cropped)
2025-12-25 21:00:23,735 - INFO - Skipping NC_H08_20200123_0000_L2ARP030_FLDK.02401_02401.nc (already exists and appears cropped)
2025-12-25 21:00:24,494 - INFO - Skipping NC_H08_20200123_0100_L2ARP030_FLDK.02401_02401.nc (already exists and appears cropped)
2025-12-25 21:00:25,222 - INFO - Skipping NC_H08_20200123_0200_L2ARP030_FLDK.02401_02401.nc (already exists and appears cropped)
2025-12-25 21:00:25,938 - INFO - Skipping NC_H08_20200123_0300_L2ARP030_FLDK.02401_02401.nc (already exists and appears cropped)
2025-12-25 21:00:26,677 - INFO - Skipping NC_H08_20200123_0400_L2ARP030_FLDK.02401_02401.nc (already exists and appears cropped)
2025-12-25 21:00:27,463 - INFO - Skipping NC_H08_20200123_0500_L2ARP030_FLDK.02401_02401.nc (already exists and appears cropped)
2025-12-25 21:00:28,165 - INFO - Skipping NC_H08_20200123_0600_L2ARP030_FLDK.02401_02401.nc (already exists and appears cropped)
2025-12-25 21:00:28,898 - INFO - Skipping NC_H08_20200123_0700_L2ARP030_FLDK.02401_02401.nc (already exists and appears cropped)
2025-12-25 21:00:29,617 - INFO - Skipping NC_H08_20200123_0800_L2ARP030_FLDK.02401_02401.nc (already exists and appears cropped)
2025-12-25 21:00:30,349 - INFO - Skipping NC_H08_20200123_0900_L2ARP030_FLDK.02401_02401.nc (already exists and appears cropped)
2025-12-25 21:00:31,518 - INFO - Skipping NC_H08_20200124_0000_L2ARP030_FLDK.02401_02401.nc (already exists and appears cropped)
2025-12-25 21:00:32,255 - INFO - Skipping NC_H08_20200124_0100_L2ARP030_FLDK.02401_02401.nc (already exists and appears cropped)
2025-12-25 21:00:32,985 - INFO - Skipping NC_H08_20200124_0200_L2ARP030_FLDK.02401_02401.nc (already exists and appears cropped)
2025-12-25 21:00:33,688 - INFO - Skipping NC_H08_20200124_0300_L2ARP030_FLDK.02401_02401.nc (already exists and appears cropped)
2025-12-25 21:00:34,443 - INFO - Skipping NC_H08_20200124_0400_L2ARP030_FLDK.02401_02401.nc (already exists and appears cropped)
2025-12-25 21:00:35,224 - INFO - Skipping NC_H08_20200124_0500_L2ARP030_FLDK.02401_02401.nc (already exists and appears cropped)
2025-12-25 21:00:35,950 - INFO - Skipping NC_H08_20200124_0600_L2ARP030_FLDK.02401_02401.nc (already exists and appears cropped)
2025-12-25 21:00:36,740 - INFO - Skipping NC_H08_20200124_0700_L2ARP030_FLDK.02401_02401.nc (already exists and appears cropped)
2025-12-25 21:00:37,462 - INFO - Skipping NC_H08_20200124_0800_L2ARP030_FLDK.02401_02401.nc (already exists and appears cropped)
2025-12-25 21:00:38,185 - INFO - Skipping NC_H08_20200124_0900_L2ARP030_FLDK.02401_02401.nc (already exists and appears cropped)
2025-12-25 21:00:39,025 - INFO - Skipping NC_H08_20200125_0000_L2ARP030_FLDK.02401_02401.nc (already exists and appears cropped)
2025-12-25 21:00:39,784 - INFO - Skipping NC_H08_20200125_0100_L2ARP030_FLDK.02401_02401.nc (already exists and appears cropped)
2025-12-25 21:00:40,531 - INFO - Skipping NC_H08_20200125_0200_L2ARP030_FLDK.02401_02401.nc (already exists and appears cropped)
2025-12-25 21:00:41,305 - INFO - Skipping NC_H08_20200125_0300_L2ARP030_FLDK.02401_02401.nc (already exists and appears cropped)
2025-12-25 21:00:42,022 - INFO - Skipping NC_H08_20200125_0400_L2ARP030_FLDK.02401_02401.nc (already exists and appears cropped)
2025-12-25 21:00:42,770 - INFO - Skipping NC_H08_20200125_0500_L2ARP030_FLDK.02401_02401.nc (already exists and appears cropped)
2025-12-25 21:00:43,545 - INFO - Skipping NC_H08_20200125_0600_L2ARP030_FLDK.02401_02401.nc (already exists and appears cropped)
2025-12-25 21:00:44,259 - INFO - Skipping NC_H08_20200125_0700_L2ARP030_FLDK.02401_02401.nc (already exists and appears cropped)
2025-12-25 21:00:44,993 - INFO - Skipping NC_H08_20200125_0800_L2ARP030_FLDK.02401_02401.nc (already exists and appears cropped)
2025-12-25 21:00:45,720 - INFO - Skipping NC_H08_20200125_0900_L2ARP030_FLDK.02401_02401.nc (already exists and appears cropped)
2025-12-25 21:00:46,622 - INFO - Skipping NC_H08_20200126_0000_L2ARP030_FLDK.02401_02401.nc (already exists and appears cropped)
2025-12-25 21:00:47,383 - INFO - Skipping NC_H08_20200126_0100_L2ARP030_FLDK.02401_02401.nc (already exists and appears cropped)
2025-12-25 21:00:48,103 - INFO - Skipping NC_H08_20200126_0200_L2ARP030_FLDK.02401_02401.nc (already exists and appears cropped)
2025-12-25 21:00:48,839 - INFO - Skipping NC_H08_20200126_0300_L2ARP030_FLDK.02401_02401.nc (already exists and appears cropped)
2025-12-25 21:00:49,634 - INFO - Skipping NC_H08_20200126_0400_L2ARP030_FLDK.02401_02401.nc (already exists and appears cropped)
2025-12-25 21:00:50,367 - INFO - Skipping NC_H08_20200126_0500_L2ARP030_FLDK.02401_02401.nc (already exists and appears cropped)
2025-12-25 21:00:51,129 - INFO - Skipping NC_H08_20200126_0600_L2ARP030_FLDK.02401_02401.nc (already exists and appears cropped)
2025-12-25 21:00:51,866 - INFO - Skipping NC_H08_20200126_0700_L2ARP030_FLDK.02401_02401.nc (already exists and appears cropped)
2025-12-25 21:00:52,599 - INFO - Skipping NC_H08_20200126_0800_L2ARP030_FLDK.02401_02401.nc (already exists and appears cropped)
2025-12-25 21:00:53,321 - INFO - Skipping NC_H08_20200126_0900_L2ARP030_FLDK.02401_02401.nc (already exists and appears cropped)
2025-12-25 21:00:54,133 - INFO - Skipping NC_H08_20200127_0000_L2ARP030_FLDK.02401_02401.nc (already exists and appears cropped)
2025-12-25 21:00:54,818 - INFO - No minute 00 files found in /pub/himawari/L2/ARP/030/202001/27/01/
2025-12-25 21:00:55,572 - INFO - Skipping NC_H08_20200127_0200_L2ARP030_FLDK.02401_02401.nc (already exists and appears cropped)
2025-12-25 21:00:56,344 - INFO - Skipping NC_H08_20200127_0300_L2ARP030_FLDK.02401_02401.nc (already exists and appears cropped)
2025-12-25 21:00:57,076 - INFO - Skipping NC_H08_20200127_0400_L2ARP030_FLDK.02401_02401.nc (already exists and appears cropped)
2025-12-25 21:00:57,773 - INFO - Skipping NC_H08_20200127_0500_L2ARP030_FLDK.02401_02401.nc (already exists and appears cropped)
2025-12-25 21:00:58,510 - INFO - Skipping NC_H08_20200127_0600_L2ARP030_FLDK.02401_02401.nc (already exists and appears cropped)
2025-12-25 21:00:59,232 - INFO - Skipping NC_H08_20200127_0700_L2ARP030_FLDK.02401_02401.nc (already exists and appears cropped)
2025-12-25 21:00:59,948 - INFO - Skipping NC_H08_20200127_0800_L2ARP030_FLDK.02401_02401.nc (already exists and appears cropped)
2025-12-25 21:01:00,669 - INFO - Skipping NC_H08_20200127_0900_L2ARP030_FLDK.02401_02401.nc (already exists and appears cropped)
2025-12-25 21:01:01,544 - INFO - Skipping NC_H08_20200128_0000_L2ARP030_FLDK.02401_02401.nc (already exists and appears cropped)
2025-12-25 21:01:02,269 - INFO - Skipping NC_H08_20200128_0100_L2ARP030_FLDK.02401_02401.nc (already exists and appears cropped)
2025-12-25 21:01:02,989 - INFO - Skipping NC_H08_20200128_0200_L2ARP030_FLDK.02401_02401.nc (already exists and appears cropped)
2025-12-25 21:01:03,702 - INFO - Skipping NC_H08_20200128_0300_L2ARP030_FLDK.02401_02401.nc (already exists and appears cropped)
2025-12-25 21:01:04,432 - INFO - Skipping NC_H08_20200128_0400_L2ARP030_FLDK.02401_02401.nc (already exists and appears cropped)
2025-12-25 21:01:05,132 - INFO - Skipping NC_H08_20200128_0500_L2ARP030_FLDK.02401_02401.nc (already exists and appears cropped)
2025-12-25 21:01:05,880 - INFO - Skipping NC_H08_20200128_0600_L2ARP030_FLDK.02401_02401.nc (already exists and appears cropped)
2025-12-25 21:01:06,677 - INFO - Skipping NC_H08_20200128_0700_L2ARP030_FLDK.02401_02401.nc (already exists and appears cropped)
2025-12-25 21:01:07,467 - INFO - Skipping NC_H08_20200128_0800_L2ARP030_FLDK.02401_02401.nc (already exists and appears cropped)
2025-12-25 21:01:08,193 - INFO - Skipping NC_H08_20200128_0900_L2ARP030_FLDK.02401_02401.nc (already exists and appears cropped)
2025-12-25 21:01:09,029 - INFO - Skipping NC_H08_20200129_0000_L2ARP030_FLDK.02401_02401.nc (already exists and appears cropped)
2025-12-25 21:01:09,821 - INFO - Skipping NC_H08_20200129_0100_L2ARP030_FLDK.02401_02401.nc (already exists and appears cropped)
2025-12-25 21:01:10,599 - INFO - Skipping NC_H08_20200129_0200_L2ARP030_FLDK.02401_02401.nc (already exists and appears cropped)
2025-12-25 21:01:11,307 - INFO - Skipping NC_H08_20200129_0300_L2ARP030_FLDK.02401_02401.nc (already exists and appears cropped)
2025-12-25 21:01:12,034 - INFO - Skipping NC_H08_20200129_0400_L2ARP030_FLDK.02401_02401.nc (already exists and appears cropped)
2025-12-25 21:01:12,744 - INFO - Skipping NC_H08_20200129_0500_L2ARP030_FLDK.02401_02401.nc (already exists and appears cropped)
2025-12-25 21:01:13,484 - INFO - Skipping NC_H08_20200129_0600_L2ARP030_FLDK.02401_02401.nc (already exists and appears cropped)
2025-12-25 21:01:14,279 - INFO - Skipping NC_H08_20200129_0700_L2ARP030_FLDK.02401_02401.nc (already exists and appears cropped)
2025-12-25 21:01:14,997 - INFO - Skipping NC_H08_20200129_0800_L2ARP030_FLDK.02401_02401.nc (already exists and appears cropped)
2025-12-25 21:01:15,733 - INFO - Skipping NC_H08_20200129_0900_L2ARP030_FLDK.02401_02401.nc (already exists and appears cropped)
2025-12-25 21:01:16,637 - INFO - Skipping NC_H08_20200130_0000_L2ARP030_FLDK.02401_02401.nc (already exists and appears cropped)
2025-12-25 21:01:17,401 - INFO - Skipping NC_H08_20200130_0100_L2ARP030_FLDK.02401_02401.nc (already exists and appears cropped)
2025-12-25 21:01:18,105 - INFO - Skipping NC_H08_20200130_0200_L2ARP030_FLDK.02401_02401.nc (already exists and appears cropped)
2025-12-25 21:01:18,831 - INFO - Skipping NC_H08_20200130_0300_L2ARP030_FLDK.02401_02401.nc (already exists and appears cropped)
2025-12-25 21:01:19,538 - INFO - Skipping NC_H08_20200130_0400_L2ARP030_FLDK.02401_02401.nc (already exists and appears cropped)
2025-12-25 21:01:20,282 - INFO - Skipping NC_H08_20200130_0500_L2ARP030_FLDK.02401_02401.nc (already exists and appears cropped)
2025-12-25 21:01:21,084 - INFO - Skipping NC_H08_20200130_0600_L2ARP030_FLDK.02401_02401.nc (already exists and appears cropped)
2025-12-25 21:01:21,874 - INFO - Skipping NC_H08_20200130_0700_L2ARP030_FLDK.02401_02401.nc (already exists and appears cropped)
2025-12-25 21:01:22,593 - INFO - Skipping NC_H08_20200130_0800_L2ARP030_FLDK.02401_02401.nc (already exists and appears cropped)
2025-12-25 21:01:23,321 - INFO - Skipping NC_H08_20200130_0900_L2ARP030_FLDK.02401_02401.nc (already exists and appears cropped)
2025-12-25 21:01:24,144 - INFO - Skipping NC_H08_20200131_0000_L2ARP030_FLDK.02401_02401.nc (already exists and appears cropped)
2025-12-25 21:01:24,903 - INFO - Skipping NC_H08_20200131_0100_L2ARP030_FLDK.02401_02401.nc (already exists and appears cropped)
2025-12-25 21:01:25,647 - INFO - Skipping NC_H08_20200131_0200_L2ARP030_FLDK.02401_02401.nc (already exists and appears cropped)
2025-12-25 21:01:26,352 - INFO - Skipping NC_H08_20200131_0300_L2ARP030_FLDK.02401_02401.nc (already exists and appears cropped)
2025-12-25 21:01:27,072 - INFO - Skipping NC_H08_20200131_0400_L2ARP030_FLDK.02401_02401.nc (already exists and appears cropped)
2025-12-25 21:01:27,795 - INFO - Skipping NC_H08_20200131_0500_L2ARP030_FLDK.02401_02401.nc (already exists and appears cropped)
2025-12-25 21:01:28,504 - INFO - Skipping NC_H08_20200131_0600_L2ARP030_FLDK.02401_02401.nc (already exists and appears cropped)
2025-12-25 21:01:29,237 - INFO - Skipping NC_H08_20200131_0700_L2ARP030_FLDK.02401_02401.nc (already exists and appears cropped)
2025-12-25 21:01:29,853 - INFO - No minute 00 files found in /pub/himawari/L2/ARP/030/202001/31/08/
2025-12-25 21:01:30,593 - INFO - Skipping NC_H08_20200131_0900_L2ARP030_FLDK.02401_02401.nc (already exists and appears cropped)
2025-12-25 21:01:31,578 - INFO - Skipping NC_H08_20200201_0000_L2ARP030_FLDK.02401_02401.nc (already exists and appears cropped)
2025-12-25 21:01:32,358 - INFO - Skipping NC_H08_20200201_0100_L2ARP030_FLDK.02401_02401.nc (already exists and appears cropped)
2025-12-25 21:01:33,399 - INFO - Skipping NC_H08_20200201_0200_L2ARP030_FLDK.02401_02401.nc (already exists and appears cropped)
2025-12-25 21:01:34,223 - INFO - Skipping NC_H08_20200201_0300_L2ARP030_FLDK.02401_02401.nc (already exists and appears cropped)
2025-12-25 21:01:34,990 - INFO - Skipping NC_H08_20200201_0400_L2ARP030_FLDK.02401_02401.nc (already exists and appears cropped)
2025-12-25 21:01:35,738 - INFO - Skipping NC_H08_20200201_0500_L2ARP030_FLDK.02401_02401.nc (already exists and appears cropped)
2025-12-25 21:01:36,509 - INFO - Skipping NC_H08_20200201_0600_L2ARP030_FLDK.02401_02401.nc (already exists and appears cropped)
2025-12-25 21:01:37,226 - INFO - Skipping NC_H08_20200201_0700_L2ARP030_FLDK.02401_02401.nc (already exists and appears cropped)
2025-12-25 21:01:37,950 - INFO - Skipping NC_H08_20200201_0800_L2ARP030_FLDK.02401_02401.nc (already exists and appears cropped)
2025-12-25 21:01:38,667 - INFO - Skipping NC_H08_20200201_0900_L2ARP030_FLDK.02401_02401.nc (already exists and appears cropped)
2025-12-25 21:01:39,518 - INFO - Skipping NC_H08_20200202_0000_L2ARP030_FLDK.02401_02401.nc (already exists and appears cropped)
2025-12-25 21:01:40,281 - INFO - Skipping NC_H08_20200202_0100_L2ARP030_FLDK.02401_02401.nc (already exists and appears cropped)
2025-12-25 21:01:40,983 - INFO - Skipping NC_H08_20200202_0200_L2ARP030_FLDK.02401_02401.nc (already exists and appears cropped)
2025-12-25 21:01:41,711 - INFO - Skipping NC_H08_20200202_0300_L2ARP030_FLDK.02401_02401.nc (already exists and appears cropped)
2025-12-25 21:01:42,433 - INFO - Skipping NC_H08_20200202_0400_L2ARP030_FLDK.02401_02401.nc (already exists and appears cropped)
2025-12-25 21:01:43,138 - INFO - Skipping NC_H08_20200202_0500_L2ARP030_FLDK.02401_02401.nc (already exists and appears cropped)
2025-12-25 21:01:43,903 - INFO - Skipping NC_H08_20200202_0600_L2ARP030_FLDK.02401_02401.nc (already exists and appears cropped)
2025-12-25 21:01:44,676 - INFO - Skipping NC_H08_20200202_0700_L2ARP030_FLDK.02401_02401.nc (already exists and appears cropped)
2025-12-25 21:01:45,406 - INFO - Skipping NC_H08_20200202_0800_L2ARP030_FLDK.02401_02401.nc (already exists and appears cropped)
2025-12-25 21:01:46,109 - INFO - Skipping NC_H08_20200202_0900_L2ARP030_FLDK.02401_02401.nc (already exists and appears cropped)
2025-12-25 21:01:46,953 - INFO - Skipping NC_H08_20200203_0000_L2ARP030_FLDK.02401_02401.nc (already exists and appears cropped)
2025-12-25 21:01:47,728 - INFO - Skipping NC_H08_20200203_0100_L2ARP030_FLDK.02401_02401.nc (already exists and appears cropped)
2025-12-25 21:01:48,524 - INFO - Skipping NC_H08_20200203_0200_L2ARP030_FLDK.02401_02401.nc (already exists and appears cropped)
2025-12-25 21:01:49,250 - INFO - Skipping NC_H08_20200203_0300_L2ARP030_FLDK.02401_02401.nc (already exists and appears cropped)
2025-12-25 21:01:50,027 - INFO - Skipping NC_H08_20200203_0400_L2ARP030_FLDK.02401_02401.nc (already exists and appears cropped)
2025-12-25 21:01:50,772 - INFO - Skipping NC_H08_20200203_0500_L2ARP030_FLDK.02401_02401.nc (already exists and appears cropped)
2025-12-25 21:01:51,646 - INFO - Skipping NC_H08_20200203_0600_L2ARP030_FLDK.02401_02401.nc (already exists and appears cropped)
2025-12-25 21:01:52,366 - INFO - Skipping NC_H08_20200203_0700_L2ARP030_FLDK.02401_02401.nc (already exists and appears cropped)
2025-12-25 21:01:53,158 - INFO - Skipping NC_H08_20200203_0800_L2ARP030_FLDK.02401_02401.nc (already exists and appears cropped)
2025-12-25 21:01:53,870 - INFO - Skipping NC_H08_20200203_0900_L2ARP030_FLDK.02401_02401.nc (already exists and appears cropped)
2025-12-25 21:01:54,747 - INFO - Skipping NC_H08_20200204_0000_L2ARP030_FLDK.02401_02401.nc (already exists and appears cropped)
2025-12-25 21:01:55,480 - INFO - Skipping NC_H08_20200204_0100_L2ARP030_FLDK.02401_02401.nc (already exists and appears cropped)
2025-12-25 21:01:56,214 - INFO - Skipping NC_H08_20200204_0200_L2ARP030_FLDK.02401_02401.nc (already exists and appears cropped)
2025-12-25 21:01:57,001 - INFO - Skipping NC_H08_20200204_0300_L2ARP030_FLDK.02401_02401.nc (already exists and appears cropped)
2025-12-25 21:01:57,725 - INFO - Skipping NC_H08_20200204_0400_L2ARP030_FLDK.02401_02401.nc (already exists and appears cropped)
2025-12-25 21:01:58,451 - INFO - Skipping NC_H08_20200204_0500_L2ARP030_FLDK.02401_02401.nc (already exists and appears cropped)
2025-12-25 21:01:59,181 - INFO - Skipping NC_H08_20200204_0600_L2ARP030_FLDK.02401_02401.nc (already exists and appears cropped)
2025-12-25 21:01:59,958 - INFO - Skipping NC_H08_20200204_0700_L2ARP030_FLDK.02401_02401.nc (already exists and appears cropped)
2025-12-25 21:02:00,678 - INFO - Skipping NC_H08_20200204_0800_L2ARP030_FLDK.02401_02401.nc (already exists and appears cropped)
2025-12-25 21:02:01,391 - INFO - Skipping NC_H08_20200204_0900_L2ARP030_FLDK.02401_02401.nc (already exists and appears cropped)
2025-12-25 21:02:02,212 - INFO - Skipping NC_H08_20200205_0000_L2ARP030_FLDK.02401_02401.nc (already exists and appears cropped)
2025-12-25 21:02:02,909 - INFO - Skipping NC_H08_20200205_0100_L2ARP030_FLDK.02401_02401.nc (already exists and appears cropped)
2025-12-25 21:02:03,637 - INFO - Skipping NC_H08_20200205_0200_L2ARP030_FLDK.02401_02401.nc (already exists and appears cropped)
2025-12-25 21:02:04,353 - INFO - Skipping NC_H08_20200205_0300_L2ARP030_FLDK.02401_02401.nc (already exists and appears cropped)
2025-12-25 21:02:05,083 - INFO - Skipping NC_H08_20200205_0400_L2ARP030_FLDK.02401_02401.nc (already exists and appears cropped)
2025-12-25 21:02:05,806 - INFO - Skipping NC_H08_20200205_0500_L2ARP030_FLDK.02401_02401.nc (already exists and appears cropped)
2025-12-25 21:02:06,437 - INFO - Skipping NC_H08_20200205_0600_L2ARP030_FLDK.02401_02401.nc (already exists and appears cropped)
2025-12-25 21:02:07,047 - INFO - Skipping NC_H08_20200205_0700_L2ARP030_FLDK.02401_02401.nc (already exists and appears cropped)
2025-12-25 21:02:07,660 - INFO - Skipping NC_H08_20200205_0800_L2ARP030_FLDK.02401_02401.nc (already exists and appears cropped)
2025-12-25 21:02:08,264 - INFO - Skipping NC_H08_20200205_0900_L2ARP030_FLDK.02401_02401.nc (already exists and appears cropped)
2025-12-25 21:02:08,985 - INFO - Skipping NC_H08_20200206_0000_L2ARP030_FLDK.02401_02401.nc (already exists and appears cropped)
2025-12-25 21:02:09,603 - INFO - Skipping NC_H08_20200206_0100_L2ARP030_FLDK.02401_02401.nc (already exists and appears cropped)
2025-12-25 21:02:10,210 - INFO - Skipping NC_H08_20200206_0200_L2ARP030_FLDK.02401_02401.nc (already exists and appears cropped)
2025-12-25 21:02:10,806 - INFO - Skipping NC_H08_20200206_0300_L2ARP030_FLDK.02401_02401.nc (already exists and appears cropped)
2025-12-25 21:02:11,413 - INFO - Skipping NC_H08_20200206_0400_L2ARP030_FLDK.02401_02401.nc (already exists and appears cropped)
2025-12-25 21:02:12,035 - INFO - Skipping NC_H08_20200206_0500_L2ARP030_FLDK.02401_02401.nc (already exists and appears cropped)
2025-12-25 21:02:12,646 - INFO - Skipping NC_H08_20200206_0600_L2ARP030_FLDK.02401_02401.nc (already exists and appears cropped)
2025-12-25 21:02:13,259 - INFO - Skipping NC_H08_20200206_0700_L2ARP030_FLDK.02401_02401.nc (already exists and appears cropped)
2025-12-25 21:02:13,853 - INFO - Skipping NC_H08_20200206_0800_L2ARP030_FLDK.02401_02401.nc (already exists and appears cropped)
2025-12-25 21:02:14,454 - INFO - Skipping NC_H08_20200206_0900_L2ARP030_FLDK.02401_02401.nc (already exists and appears cropped)
2025-12-25 21:02:15,171 - INFO - Skipping NC_H08_20200207_0000_L2ARP030_FLDK.02401_02401.nc (already exists and appears cropped)
2025-12-25 21:02:15,799 - INFO - Skipping NC_H08_20200207_0100_L2ARP030_FLDK.02401_02401.nc (already exists and appears cropped)
2025-12-25 21:02:16,422 - INFO - Skipping NC_H08_20200207_0200_L2ARP030_FLDK.02401_02401.nc (already exists and appears cropped)
2025-12-25 21:02:17,031 - INFO - Skipping NC_H08_20200207_0300_L2ARP030_FLDK.02401_02401.nc (already exists and appears cropped)
2025-12-25 21:02:17,633 - INFO - Skipping NC_H08_20200207_0400_L2ARP030_FLDK.02401_02401.nc (already exists and appears cropped)
2025-12-25 21:02:18,272 - INFO - Skipping NC_H08_20200207_0500_L2ARP030_FLDK.02401_02401.nc (already exists and appears cropped)
2025-12-25 21:02:18,894 - INFO - Skipping NC_H08_20200207_0600_L2ARP030_FLDK.02401_02401.nc (already exists and appears cropped)
2025-12-25 21:02:19,514 - INFO - Skipping NC_H08_20200207_0700_L2ARP030_FLDK.02401_02401.nc (already exists and appears cropped)
2025-12-25 21:02:20,122 - INFO - Skipping NC_H08_20200207_0800_L2ARP030_FLDK.02401_02401.nc (already exists and appears cropped)
2025-12-25 21:02:20,758 - INFO - Skipping NC_H08_20200207_0900_L2ARP030_FLDK.02401_02401.nc (already exists and appears cropped)
2025-12-25 21:02:21,490 - INFO - Skipping NC_H08_20200208_0000_L2ARP030_FLDK.02401_02401.nc (already exists and appears cropped)
2025-12-25 21:02:22,092 - INFO - Skipping NC_H08_20200208_0100_L2ARP030_FLDK.02401_02401.nc (already exists and appears cropped)
2025-12-25 21:02:22,705 - INFO - Skipping NC_H08_20200208_0200_L2ARP030_FLDK.02401_02401.nc (already exists and appears cropped)
2025-12-25 21:02:23,346 - INFO - Skipping NC_H08_20200208_0300_L2ARP030_FLDK.02401_02401.nc (already exists and appears cropped)
2025-12-25 21:02:23,954 - INFO - Skipping NC_H08_20200208_0400_L2ARP030_FLDK.02401_02401.nc (already exists and appears cropped)
2025-12-25 21:02:24,570 - INFO - Skipping NC_H08_20200208_0500_L2ARP030_FLDK.02401_02401.nc (already exists and appears cropped)
2025-12-25 21:02:25,183 - INFO - Skipping NC_H08_20200208_0600_L2ARP030_FLDK.02401_02401.nc (already exists and appears cropped)
2025-12-25 21:02:25,805 - INFO - Skipping NC_H08_20200208_0700_L2ARP030_FLDK.02401_02401.nc (already exists and appears cropped)
2025-12-25 21:02:26,402 - INFO - Skipping NC_H08_20200208_0800_L2ARP030_FLDK.02401_02401.nc (already exists and appears cropped)
2025-12-25 21:02:27,018 - INFO - Skipping NC_H08_20200208_0900_L2ARP030_FLDK.02401_02401.nc (already exists and appears cropped)
2025-12-25 21:02:27,720 - INFO - Skipping NC_H08_20200209_0000_L2ARP030_FLDK.02401_02401.nc (already exists and appears cropped)
2025-12-25 21:02:28,334 - INFO - Skipping NC_H08_20200209_0100_L2ARP030_FLDK.02401_02401.nc (already exists and appears cropped)
2025-12-25 21:02:28,950 - INFO - Skipping NC_H08_20200209_0200_L2ARP030_FLDK.02401_02401.nc (already exists and appears cropped)
2025-12-25 21:02:29,541 - INFO - Skipping NC_H08_20200209_0300_L2ARP030_FLDK.02401_02401.nc (already exists and appears cropped)
2025-12-25 21:02:30,160 - INFO - Skipping NC_H08_20200209_0400_L2ARP030_FLDK.02401_02401.nc (already exists and appears cropped)
2025-12-25 21:02:30,775 - INFO - Skipping NC_H08_20200209_0500_L2ARP030_FLDK.02401_02401.nc (already exists and appears cropped)
2025-12-25 21:02:31,399 - INFO - Skipping NC_H08_20200209_0600_L2ARP030_FLDK.02401_02401.nc (already exists and appears cropped)
2025-12-25 21:02:32,046 - INFO - Skipping NC_H08_20200209_0700_L2ARP030_FLDK.02401_02401.nc (already exists and appears cropped)
2025-12-25 21:02:32,671 - INFO - Skipping NC_H08_20200209_0800_L2ARP030_FLDK.02401_02401.nc (already exists and appears cropped)
2025-12-25 21:02:33,271 - INFO - Skipping NC_H08_20200209_0900_L2ARP030_FLDK.02401_02401.nc (already exists and appears cropped)
2025-12-25 21:02:33,978 - INFO - Skipping NC_H08_20200210_0000_L2ARP030_FLDK.02401_02401.nc (already exists and appears cropped)
2025-12-25 21:02:34,593 - INFO - Skipping NC_H08_20200210_0100_L2ARP030_FLDK.02401_02401.nc (already exists and appears cropped)
2025-12-25 21:02:35,601 - INFO - Skipping NC_H08_20200210_0200_L2ARP030_FLDK.02401_02401.nc (already exists and appears cropped)
2025-12-25 21:02:36,225 - INFO - Skipping NC_H08_20200210_0300_L2ARP030_FLDK.02401_02401.nc (already exists and appears cropped)
2025-12-25 21:02:36,846 - INFO - Skipping NC_H08_20200210_0400_L2ARP030_FLDK.02401_02401.nc (already exists and appears cropped)
2025-12-25 21:02:37,469 - INFO - Skipping NC_H08_20200210_0500_L2ARP030_FLDK.02401_02401.nc (already exists and appears cropped)
2025-12-25 21:02:38,080 - INFO - Skipping NC_H08_20200210_0600_L2ARP030_FLDK.02401_02401.nc (already exists and appears cropped)
2025-12-25 21:02:38,733 - INFO - Skipping NC_H08_20200210_0700_L2ARP030_FLDK.02401_02401.nc (already exists and appears cropped)
2025-12-25 21:02:39,344 - INFO - Skipping NC_H08_20200210_0800_L2ARP030_FLDK.02401_02401.nc (already exists and appears cropped)
2025-12-25 21:02:39,945 - INFO - Skipping NC_H08_20200210_0900_L2ARP030_FLDK.02401_02401.nc (already exists and appears cropped)
2025-12-25 21:02:40,669 - INFO - Skipping NC_H08_20200211_0000_L2ARP030_FLDK.02401_02401.nc (already exists and appears cropped)
2025-12-25 21:02:41,283 - INFO - Skipping NC_H08_20200211_0100_L2ARP030_FLDK.02401_02401.nc (already exists and appears cropped)
2025-12-25 21:02:41,889 - INFO - Skipping NC_H08_20200211_0200_L2ARP030_FLDK.02401_02401.nc (already exists and appears cropped)
2025-12-25 21:02:42,495 - INFO - Skipping NC_H08_20200211_0300_L2ARP030_FLDK.02401_02401.nc (already exists and appears cropped)
2025-12-25 21:02:43,129 - INFO - Skipping NC_H08_20200211_0400_L2ARP030_FLDK.02401_02401.nc (already exists and appears cropped)
2025-12-25 21:02:43,743 - INFO - Skipping NC_H08_20200211_0500_L2ARP030_FLDK.02401_02401.nc (already exists and appears cropped)
2025-12-25 21:02:44,367 - INFO - Skipping NC_H08_20200211_0600_L2ARP030_FLDK.02401_02401.nc (already exists and appears cropped)
2025-12-25 21:02:44,980 - INFO - Skipping NC_H08_20200211_0700_L2ARP030_FLDK.02401_02401.nc (already exists and appears cropped)
2025-12-25 21:02:45,587 - INFO - Skipping NC_H08_20200211_0800_L2ARP030_FLDK.02401_02401.nc (already exists and appears cropped)
2025-12-25 21:02:46,195 - INFO - Skipping NC_H08_20200211_0900_L2ARP030_FLDK.02401_02401.nc (already exists and appears cropped)
2025-12-25 21:02:46,954 - INFO - Skipping NC_H08_20200212_0000_L2ARP030_FLDK.02401_02401.nc (already exists and appears cropped)
2025-12-25 21:02:47,552 - INFO - Skipping NC_H08_20200212_0100_L2ARP030_FLDK.02401_02401.nc (already exists and appears cropped)
2025-12-25 21:02:48,152 - INFO - Skipping NC_H08_20200212_0200_L2ARP030_FLDK.02401_02401.nc (already exists and appears cropped)
2025-12-25 21:02:48,803 - INFO - Skipping NC_H08_20200212_0300_L2ARP030_FLDK.02401_02401.nc (already exists and appears cropped)
2025-12-25 21:02:49,405 - INFO - Skipping NC_H08_20200212_0400_L2ARP030_FLDK.02401_02401.nc (already exists and appears cropped)
2025-12-25 21:02:50,037 - INFO - Skipping NC_H08_20200212_0500_L2ARP030_FLDK.02401_02401.nc (already exists and appears cropped)
2025-12-25 21:02:50,652 - INFO - Skipping NC_H08_20200212_0600_L2ARP030_FLDK.02401_02401.nc (already exists and appears cropped)
2025-12-25 21:02:51,259 - INFO - Skipping NC_H08_20200212_0700_L2ARP030_FLDK.02401_02401.nc (already exists and appears cropped)
2025-12-25 21:02:51,889 - INFO - Skipping NC_H08_20200212_0800_L2ARP030_FLDK.02401_02401.nc (already exists and appears cropped)
2025-12-25 21:02:52,519 - INFO - Skipping NC_H08_20200212_0900_L2ARP030_FLDK.02401_02401.nc (already exists and appears cropped)
2025-12-25 21:02:53,234 - INFO - Skipping NC_H08_20200213_0000_L2ARP030_FLDK.02401_02401.nc (already exists and appears cropped)
2025-12-25 21:02:53,847 - INFO - Skipping NC_H08_20200213_0100_L2ARP030_FLDK.02401_02401.nc (already exists and appears cropped)
2025-12-25 21:02:54,473 - INFO - Skipping NC_H08_20200213_0200_L2ARP030_FLDK.02401_02401.nc (already exists and appears cropped)
2025-12-25 21:02:55,084 - INFO - Skipping NC_H08_20200213_0300_L2ARP030_FLDK.02401_02401.nc (already exists and appears cropped)
2025-12-25 21:02:55,700 - INFO - Skipping NC_H08_20200213_0400_L2ARP030_FLDK.02401_02401.nc (already exists and appears cropped)
2025-12-25 21:02:56,312 - INFO - Skipping NC_H08_20200213_0500_L2ARP030_FLDK.02401_02401.nc (already exists and appears cropped)
2025-12-25 21:02:56,921 - INFO - Skipping NC_H08_20200213_0600_L2ARP030_FLDK.02401_02401.nc (already exists and appears cropped)
2025-12-25 21:02:57,539 - INFO - Skipping NC_H08_20200213_0700_L2ARP030_FLDK.02401_02401.nc (already exists and appears cropped)
2025-12-25 21:02:58,149 - INFO - Skipping NC_H08_20200213_0800_L2ARP030_FLDK.02401_02401.nc (already exists and appears cropped)
2025-12-25 21:02:58,798 - INFO - Skipping NC_H08_20200213_0900_L2ARP030_FLDK.02401_02401.nc (already exists and appears cropped)
2025-12-25 21:02:59,542 - INFO - Skipping NC_H08_20200214_0000_L2ARP030_FLDK.02401_02401.nc (already exists and appears cropped)
2025-12-25 21:03:00,147 - INFO - Skipping NC_H08_20200214_0100_L2ARP030_FLDK.02401_02401.nc (already exists and appears cropped)
2025-12-25 21:03:00,786 - INFO - Skipping NC_H08_20200214_0200_L2ARP030_FLDK.02401_02401.nc (already exists and appears cropped)
2025-12-25 21:03:01,420 - INFO - Skipping NC_H08_20200214_0300_L2ARP030_FLDK.02401_02401.nc (already exists and appears cropped)
2025-12-25 21:03:02,030 - INFO - Skipping NC_H08_20200214_0400_L2ARP030_FLDK.02401_02401.nc (already exists and appears cropped)
2025-12-25 21:03:02,647 - INFO - Skipping NC_H08_20200214_0500_L2ARP030_FLDK.02401_02401.nc (already exists and appears cropped)
2025-12-25 21:03:03,238 - INFO - Skipping NC_H08_20200214_0600_L2ARP030_FLDK.02401_02401.nc (already exists and appears cropped)
2025-12-25 21:03:03,848 - INFO - Skipping NC_H08_20200214_0700_L2ARP030_FLDK.02401_02401.nc (already exists and appears cropped)
2025-12-25 21:03:04,458 - INFO - Skipping NC_H08_20200214_0800_L2ARP030_FLDK.02401_02401.nc (already exists and appears cropped)
2025-12-25 21:03:05,079 - INFO - Skipping NC_H08_20200214_0900_L2ARP030_FLDK.02401_02401.nc (already exists and appears cropped)
2025-12-25 21:03:05,827 - INFO - Skipping NC_H08_20200215_0000_L2ARP030_FLDK.02401_02401.nc (already exists and appears cropped)
2025-12-25 21:03:06,477 - INFO - Skipping NC_H08_20200215_0100_L2ARP030_FLDK.02401_02401.nc (already exists and appears cropped)
2025-12-25 21:03:07,079 - INFO - Skipping NC_H08_20200215_0200_L2ARP030_FLDK.02401_02401.nc (already exists and appears cropped)
2025-12-25 21:03:07,701 - INFO - Skipping NC_H08_20200215_0300_L2ARP030_FLDK.02401_02401.nc (already exists and appears cropped)
2025-12-25 21:03:08,329 - INFO - Skipping NC_H08_20200215_0400_L2ARP030_FLDK.02401_02401.nc (already exists and appears cropped)
2025-12-25 21:03:08,928 - INFO - Skipping NC_H08_20200215_0500_L2ARP030_FLDK.02401_02401.nc (already exists and appears cropped)
2025-12-25 21:03:09,530 - INFO - Skipping NC_H08_20200215_0600_L2ARP030_FLDK.02401_02401.nc (already exists and appears cropped)
2025-12-25 21:03:10,133 - INFO - Skipping NC_H08_20200215_0700_L2ARP030_FLDK.02401_02401.nc (already exists and appears cropped)
2025-12-25 21:03:10,749 - INFO - Skipping NC_H08_20200215_0800_L2ARP030_FLDK.02401_02401.nc (already exists and appears cropped)
2025-12-25 21:03:11,340 - INFO - Skipping NC_H08_20200215_0900_L2ARP030_FLDK.02401_02401.nc (already exists and appears cropped)
2025-12-25 21:03:12,050 - INFO - Skipping NC_H08_20200216_0000_L2ARP030_FLDK.02401_02401.nc (already exists and appears cropped)
2025-12-25 21:03:12,664 - INFO - Skipping NC_H08_20200216_0100_L2ARP030_FLDK.02401_02401.nc (already exists and appears cropped)
2025-12-25 21:03:13,270 - INFO - Skipping NC_H08_20200216_0200_L2ARP030_FLDK.02401_02401.nc (already exists and appears cropped)
2025-12-25 21:03:13,894 - INFO - Skipping NC_H08_20200216_0300_L2ARP030_FLDK.02401_02401.nc (already exists and appears cropped)
2025-12-25 21:03:14,502 - INFO - Skipping NC_H08_20200216_0400_L2ARP030_FLDK.02401_02401.nc (already exists and appears cropped)
2025-12-25 21:03:15,117 - INFO - Skipping NC_H08_20200216_0500_L2ARP030_FLDK.02401_02401.nc (already exists and appears cropped)
2025-12-25 21:03:15,739 - INFO - Skipping NC_H08_20200216_0600_L2ARP030_FLDK.02401_02401.nc (already exists and appears cropped)
2025-12-25 21:03:16,342 - INFO - Skipping NC_H08_20200216_0700_L2ARP030_FLDK.02401_02401.nc (already exists and appears cropped)
2025-12-25 21:03:16,959 - INFO - Skipping NC_H08_20200216_0800_L2ARP030_FLDK.02401_02401.nc (already exists and appears cropped)
2025-12-25 21:03:17,558 - INFO - Skipping NC_H08_20200216_0900_L2ARP030_FLDK.02401_02401.nc (already exists and appears cropped)
2025-12-25 21:03:18,291 - INFO - Skipping NC_H08_20200217_0000_L2ARP030_FLDK.02401_02401.nc (already exists and appears cropped)
2025-12-25 21:03:18,908 - INFO - Skipping NC_H08_20200217_0100_L2ARP030_FLDK.02401_02401.nc (already exists and appears cropped)
2025-12-25 21:03:19,535 - INFO - Skipping NC_H08_20200217_0200_L2ARP030_FLDK.02401_02401.nc (already exists and appears cropped)
2025-12-25 21:03:20,153 - INFO - Skipping NC_H08_20200217_0300_L2ARP030_FLDK.02401_02401.nc (already exists and appears cropped)
2025-12-25 21:03:20,769 - INFO - Skipping NC_H08_20200217_0400_L2ARP030_FLDK.02401_02401.nc (already exists and appears cropped)
2025-12-25 21:03:21,377 - INFO - Skipping NC_H08_20200217_0500_L2ARP030_FLDK.02401_02401.nc (already exists and appears cropped)
2025-12-25 21:03:21,996 - INFO - Skipping NC_H08_20200217_0600_L2ARP030_FLDK.02401_02401.nc (already exists and appears cropped)
2025-12-25 21:03:22,596 - INFO - Skipping NC_H08_20200217_0700_L2ARP030_FLDK.02401_02401.nc (already exists and appears cropped)
2025-12-25 21:03:23,213 - INFO - Skipping NC_H08_20200217_0800_L2ARP030_FLDK.02401_02401.nc (already exists and appears cropped)
2025-12-25 21:03:23,826 - INFO - Skipping NC_H08_20200217_0900_L2ARP030_FLDK.02401_02401.nc (already exists and appears cropped)
2025-12-25 21:03:24,559 - INFO - Skipping NC_H08_20200218_0000_L2ARP030_FLDK.02401_02401.nc (already exists and appears cropped)
2025-12-25 21:03:25,200 - INFO - Skipping NC_H08_20200218_0100_L2ARP030_FLDK.02401_02401.nc (already exists and appears cropped)
2025-12-25 21:03:25,807 - INFO - Skipping NC_H08_20200218_0200_L2ARP030_FLDK.02401_02401.nc (already exists and appears cropped)
2025-12-25 21:03:26,427 - INFO - Skipping NC_H08_20200218_0300_L2ARP030_FLDK.02401_02401.nc (already exists and appears cropped)
2025-12-25 21:03:27,030 - INFO - Skipping NC_H08_20200218_0400_L2ARP030_FLDK.02401_02401.nc (already exists and appears cropped)
2025-12-25 21:03:27,638 - INFO - Skipping NC_H08_20200218_0500_L2ARP030_FLDK.02401_02401.nc (already exists and appears cropped)
2025-12-25 21:03:28,316 - INFO - Skipping NC_H08_20200218_0600_L2ARP030_FLDK.02401_02401.nc (already exists and appears cropped)
2025-12-25 21:03:28,921 - INFO - Skipping NC_H08_20200218_0700_L2ARP030_FLDK.02401_02401.nc (already exists and appears cropped)
2025-12-25 21:03:29,529 - INFO - Skipping NC_H08_20200218_0800_L2ARP030_FLDK.02401_02401.nc (already exists and appears cropped)
2025-12-25 21:03:30,137 - INFO - Skipping NC_H08_20200218_0900_L2ARP030_FLDK.02401_02401.nc (already exists and appears cropped)
2025-12-25 21:03:30,865 - INFO - Skipping NC_H08_20200219_0000_L2ARP030_FLDK.02401_02401.nc (already exists and appears cropped)
2025-12-25 21:03:31,476 - INFO - Skipping NC_H08_20200219_0100_L2ARP030_FLDK.02401_02401.nc (already exists and appears cropped)
2025-12-25 21:03:32,065 - INFO - Skipping NC_H08_20200219_0200_L2ARP030_FLDK.02401_02401.nc (already exists and appears cropped)
2025-12-25 21:03:32,696 - INFO - Skipping NC_H08_20200219_0300_L2ARP030_FLDK.02401_02401.nc (already exists and appears cropped)
2025-12-25 21:03:33,318 - INFO - Skipping NC_H08_20200219_0400_L2ARP030_FLDK.02401_02401.nc (already exists and appears cropped)
2025-12-25 21:03:33,912 - INFO - Skipping NC_H08_20200219_0500_L2ARP030_FLDK.02401_02401.nc (already exists and appears cropped)
2025-12-25 21:03:34,529 - INFO - Skipping NC_H08_20200219_0600_L2ARP030_FLDK.02401_02401.nc (already exists and appears cropped)
2025-12-25 21:03:35,144 - INFO - Skipping NC_H08_20200219_0700_L2ARP030_FLDK.02401_02401.nc (already exists and appears cropped)
2025-12-25 21:03:35,778 - INFO - Skipping NC_H08_20200219_0800_L2ARP030_FLDK.02401_02401.nc (already exists and appears cropped)
2025-12-25 21:03:36,391 - INFO - Skipping NC_H08_20200219_0900_L2ARP030_FLDK.02401_02401.nc (already exists and appears cropped)
2025-12-25 21:03:37,142 - INFO - Skipping NC_H08_20200220_0000_L2ARP030_FLDK.02401_02401.nc (already exists and appears cropped)
2025-12-25 21:03:38,109 - INFO - Skipping NC_H08_20200220_0100_L2ARP030_FLDK.02401_02401.nc (already exists and appears cropped)
2025-12-25 21:03:38,733 - INFO - Skipping NC_H08_20200220_0200_L2ARP030_FLDK.02401_02401.nc (already exists and appears cropped)
2025-12-25 21:03:39,342 - INFO - Skipping NC_H08_20200220_0300_L2ARP030_FLDK.02401_02401.nc (already exists and appears cropped)
2025-12-25 21:03:39,953 - INFO - Skipping NC_H08_20200220_0400_L2ARP030_FLDK.02401_02401.nc (already exists and appears cropped)
2025-12-25 21:03:40,566 - INFO - Skipping NC_H08_20200220_0500_L2ARP030_FLDK.02401_02401.nc (already exists and appears cropped)
2025-12-25 21:03:41,171 - INFO - Skipping NC_H08_20200220_0600_L2ARP030_FLDK.02401_02401.nc (already exists and appears cropped)
2025-12-25 21:03:41,778 - INFO - Skipping NC_H08_20200220_0700_L2ARP030_FLDK.02401_02401.nc (already exists and appears cropped)
2025-12-25 21:03:42,418 - INFO - Skipping NC_H08_20200220_0800_L2ARP030_FLDK.02401_02401.nc (already exists and appears cropped)
2025-12-25 21:03:43,025 - INFO - Skipping NC_H08_20200220_0900_L2ARP030_FLDK.02401_02401.nc (already exists and appears cropped)
2025-12-25 21:03:43,751 - INFO - Skipping NC_H08_20200221_0000_L2ARP030_FLDK.02401_02401.nc (already exists and appears cropped)
2025-12-25 21:03:44,359 - INFO - Skipping NC_H08_20200221_0100_L2ARP030_FLDK.02401_02401.nc (already exists and appears cropped)
2025-12-25 21:03:44,952 - INFO - Skipping NC_H08_20200221_0200_L2ARP030_FLDK.02401_02401.nc (already exists and appears cropped)
2025-12-25 21:03:45,559 - INFO - Skipping NC_H08_20200221_0300_L2ARP030_FLDK.02401_02401.nc (already exists and appears cropped)
2025-12-25 21:03:46,169 - INFO - Skipping NC_H08_20200221_0400_L2ARP030_FLDK.02401_02401.nc (already exists and appears cropped)
2025-12-25 21:03:46,779 - INFO - Skipping NC_H08_20200221_0500_L2ARP030_FLDK.02401_02401.nc (already exists and appears cropped)
2025-12-25 21:03:47,387 - INFO - Skipping NC_H08_20200221_0600_L2ARP030_FLDK.02401_02401.nc (already exists and appears cropped)
2025-12-25 21:03:47,994 - INFO - Skipping NC_H08_20200221_0700_L2ARP030_FLDK.02401_02401.nc (already exists and appears cropped)
2025-12-25 21:03:48,615 - INFO - Skipping NC_H08_20200221_0800_L2ARP030_FLDK.02401_02401.nc (already exists and appears cropped)
2025-12-25 21:03:49,223 - INFO - Skipping NC_H08_20200221_0900_L2ARP030_FLDK.02401_02401.nc (already exists and appears cropped)
2025-12-25 21:03:49,954 - INFO - Skipping NC_H08_20200222_0000_L2ARP030_FLDK.02401_02401.nc (already exists and appears cropped)
2025-12-25 21:03:50,571 - INFO - Skipping NC_H08_20200222_0100_L2ARP030_FLDK.02401_02401.nc (already exists and appears cropped)
2025-12-25 21:03:51,176 - INFO - Skipping NC_H08_20200222_0200_L2ARP030_FLDK.02401_02401.nc (already exists and appears cropped)
2025-12-25 21:03:51,769 - INFO - Skipping NC_H08_20200222_0300_L2ARP030_FLDK.02401_02401.nc (already exists and appears cropped)
2025-12-25 21:03:52,391 - INFO - Skipping NC_H08_20200222_0400_L2ARP030_FLDK.02401_02401.nc (already exists and appears cropped)
2025-12-25 21:03:52,991 - INFO - Skipping NC_H08_20200222_0500_L2ARP030_FLDK.02401_02401.nc (already exists and appears cropped)
2025-12-25 21:03:53,601 - INFO - Skipping NC_H08_20200222_0600_L2ARP030_FLDK.02401_02401.nc (already exists and appears cropped)
2025-12-25 21:03:54,208 - INFO - Skipping NC_H08_20200222_0700_L2ARP030_FLDK.02401_02401.nc (already exists and appears cropped)
2025-12-25 21:03:54,804 - INFO - Skipping NC_H08_20200222_0800_L2ARP030_FLDK.02401_02401.nc (already exists and appears cropped)
2025-12-25 21:03:55,413 - INFO - Skipping NC_H08_20200222_0900_L2ARP030_FLDK.02401_02401.nc (already exists and appears cropped)
2025-12-25 21:03:56,122 - INFO - Skipping NC_H08_20200223_0000_L2ARP030_FLDK.02401_02401.nc (already exists and appears cropped)
2025-12-25 21:03:56,745 - INFO - Skipping NC_H08_20200223_0100_L2ARP030_FLDK.02401_02401.nc (already exists and appears cropped)
2025-12-25 21:03:57,363 - INFO - Skipping NC_H08_20200223_0200_L2ARP030_FLDK.02401_02401.nc (already exists and appears cropped)
2025-12-25 21:03:57,971 - INFO - Skipping NC_H08_20200223_0300_L2ARP030_FLDK.02401_02401.nc (already exists and appears cropped)
2025-12-25 21:03:58,577 - INFO - Skipping NC_H08_20200223_0400_L2ARP030_FLDK.02401_02401.nc (already exists and appears cropped)
2025-12-25 21:03:59,201 - INFO - Skipping NC_H08_20200223_0500_L2ARP030_FLDK.02401_02401.nc (already exists and appears cropped)
2025-12-25 21:03:59,811 - INFO - Skipping NC_H08_20200223_0600_L2ARP030_FLDK.02401_02401.nc (already exists and appears cropped)
2025-12-25 21:04:00,418 - INFO - Skipping NC_H08_20200223_0700_L2ARP030_FLDK.02401_02401.nc (already exists and appears cropped)
2025-12-25 21:04:01,031 - INFO - Skipping NC_H08_20200223_0800_L2ARP030_FLDK.02401_02401.nc (already exists and appears cropped)
2025-12-25 21:04:01,653 - INFO - Skipping NC_H08_20200223_0900_L2ARP030_FLDK.02401_02401.nc (already exists and appears cropped)
2025-12-25 21:04:02,374 - INFO - Skipping NC_H08_20200224_0000_L2ARP030_FLDK.02401_02401.nc (already exists and appears cropped)
2025-12-25 21:04:02,965 - INFO - Skipping NC_H08_20200224_0100_L2ARP030_FLDK.02401_02401.nc (already exists and appears cropped)
2025-12-25 21:04:03,571 - INFO - Skipping NC_H08_20200224_0200_L2ARP030_FLDK.02401_02401.nc (already exists and appears cropped)
2025-12-25 21:04:04,181 - INFO - Skipping NC_H08_20200224_0300_L2ARP030_FLDK.02401_02401.nc (already exists and appears cropped)
2025-12-25 21:04:04,792 - INFO - Skipping NC_H08_20200224_0400_L2ARP030_FLDK.02401_02401.nc (already exists and appears cropped)
2025-12-25 21:04:05,434 - INFO - Skipping NC_H08_20200224_0500_L2ARP030_FLDK.02401_02401.nc (already exists and appears cropped)
2025-12-25 21:04:06,045 - INFO - Skipping NC_H08_20200224_0600_L2ARP030_FLDK.02401_02401.nc (already exists and appears cropped)
2025-12-25 21:04:06,687 - INFO - Skipping NC_H08_20200224_0700_L2ARP030_FLDK.02401_02401.nc (already exists and appears cropped)
2025-12-25 21:04:07,304 - INFO - Skipping NC_H08_20200224_0800_L2ARP030_FLDK.02401_02401.nc (already exists and appears cropped)
2025-12-25 21:04:07,905 - INFO - Skipping NC_H08_20200224_0900_L2ARP030_FLDK.02401_02401.nc (already exists and appears cropped)
2025-12-25 21:04:08,639 - INFO - Skipping NC_H08_20200225_0000_L2ARP030_FLDK.02401_02401.nc (already exists and appears cropped)
2025-12-25 21:04:09,279 - INFO - Skipping NC_H08_20200225_0100_L2ARP030_FLDK.02401_02401.nc (already exists and appears cropped)
2025-12-25 21:04:09,892 - INFO - Skipping NC_H08_20200225_0200_L2ARP030_FLDK.02401_02401.nc (already exists and appears cropped)
2025-12-25 21:04:10,511 - INFO - Skipping NC_H08_20200225_0300_L2ARP030_FLDK.02401_02401.nc (already exists and appears cropped)
2025-12-25 21:04:11,121 - INFO - Skipping NC_H08_20200225_0400_L2ARP030_FLDK.02401_02401.nc (already exists and appears cropped)
2025-12-25 21:04:11,748 - INFO - Skipping NC_H08_20200225_0500_L2ARP030_FLDK.02401_02401.nc (already exists and appears cropped)
2025-12-25 21:04:12,370 - INFO - Skipping NC_H08_20200225_0600_L2ARP030_FLDK.02401_02401.nc (already exists and appears cropped)
2025-12-25 21:04:12,967 - INFO - Skipping NC_H08_20200225_0700_L2ARP030_FLDK.02401_02401.nc (already exists and appears cropped)
2025-12-25 21:04:13,596 - INFO - Skipping NC_H08_20200225_0800_L2ARP030_FLDK.02401_02401.nc (already exists and appears cropped)
2025-12-25 21:04:14,206 - INFO - Skipping NC_H08_20200225_0900_L2ARP030_FLDK.02401_02401.nc (already exists and appears cropped)
2025-12-25 21:04:14,929 - INFO - Skipping NC_H08_20200226_0000_L2ARP030_FLDK.02401_02401.nc (already exists and appears cropped)
2025-12-25 21:04:15,539 - INFO - Skipping NC_H08_20200226_0100_L2ARP030_FLDK.02401_02401.nc (already exists and appears cropped)
2025-12-25 21:04:16,146 - INFO - Skipping NC_H08_20200226_0200_L2ARP030_FLDK.02401_02401.nc (already exists and appears cropped)
2025-12-25 21:04:16,749 - INFO - Skipping NC_H08_20200226_0300_L2ARP030_FLDK.02401_02401.nc (already exists and appears cropped)
2025-12-25 21:04:17,354 - INFO - Skipping NC_H08_20200226_0400_L2ARP030_FLDK.02401_02401.nc (already exists and appears cropped)
2025-12-25 21:04:17,960 - INFO - Skipping NC_H08_20200226_0500_L2ARP030_FLDK.02401_02401.nc (already exists and appears cropped)
2025-12-25 21:04:18,556 - INFO - Skipping NC_H08_20200226_0600_L2ARP030_FLDK.02401_02401.nc (already exists and appears cropped)
2025-12-25 21:04:19,155 - INFO - Skipping NC_H08_20200226_0700_L2ARP030_FLDK.02401_02401.nc (already exists and appears cropped)
2025-12-25 21:04:19,776 - INFO - Skipping NC_H08_20200226_0800_L2ARP030_FLDK.02401_02401.nc (already exists and appears cropped)
2025-12-25 21:04:20,381 - INFO - Skipping NC_H08_20200226_0900_L2ARP030_FLDK.02401_02401.nc (already exists and appears cropped)
2025-12-25 21:04:21,106 - INFO - Skipping NC_H08_20200227_0000_L2ARP030_FLDK.02401_02401.nc (already exists and appears cropped)
2025-12-25 21:04:21,714 - INFO - Skipping NC_H08_20200227_0100_L2ARP030_FLDK.02401_02401.nc (already exists and appears cropped)
2025-12-25 21:04:22,346 - INFO - Skipping NC_H08_20200227_0200_L2ARP030_FLDK.02401_02401.nc (already exists and appears cropped)
2025-12-25 21:04:22,964 - INFO - Skipping NC_H08_20200227_0300_L2ARP030_FLDK.02401_02401.nc (already exists and appears cropped)
2025-12-25 21:04:23,573 - INFO - Skipping NC_H08_20200227_0400_L2ARP030_FLDK.02401_02401.nc (already exists and appears cropped)
2025-12-25 21:04:24,161 - INFO - Skipping NC_H08_20200227_0500_L2ARP030_FLDK.02401_02401.nc (already exists and appears cropped)
2025-12-25 21:04:24,766 - INFO - Skipping NC_H08_20200227_0600_L2ARP030_FLDK.02401_02401.nc (already exists and appears cropped)
2025-12-25 21:04:25,383 - INFO - Skipping NC_H08_20200227_0700_L2ARP030_FLDK.02401_02401.nc (already exists and appears cropped)
2025-12-25 21:04:25,997 - INFO - Skipping NC_H08_20200227_0800_L2ARP030_FLDK.02401_02401.nc (already exists and appears cropped)
2025-12-25 21:04:26,616 - INFO - Skipping NC_H08_20200227_0900_L2ARP030_FLDK.02401_02401.nc (already exists and appears cropped)
2025-12-25 21:04:27,339 - INFO - Skipping NC_H08_20200228_0000_L2ARP030_FLDK.02401_02401.nc (already exists and appears cropped)
2025-12-25 21:04:27,948 - INFO - Skipping NC_H08_20200228_0100_L2ARP030_FLDK.02401_02401.nc (already exists and appears cropped)
2025-12-25 21:04:28,540 - INFO - Skipping NC_H08_20200228_0200_L2ARP030_FLDK.02401_02401.nc (already exists and appears cropped)
2025-12-25 21:04:29,144 - INFO - Skipping NC_H08_20200228_0300_L2ARP030_FLDK.02401_02401.nc (already exists and appears cropped)
2025-12-25 21:04:29,758 - INFO - Skipping NC_H08_20200228_0400_L2ARP030_FLDK.02401_02401.nc (already exists and appears cropped)
2025-12-25 21:04:30,369 - INFO - Skipping NC_H08_20200228_0500_L2ARP030_FLDK.02401_02401.nc (already exists and appears cropped)
2025-12-25 21:04:30,993 - INFO - Skipping NC_H08_20200228_0600_L2ARP030_FLDK.02401_02401.nc (already exists and appears cropped)
2025-12-25 21:04:31,521 - INFO - No minute 00 files found in /pub/himawari/L2/ARP/030/202002/28/07/
2025-12-25 21:04:32,132 - INFO - Skipping NC_H08_20200228_0800_L2ARP030_FLDK.02401_02401.nc (already exists and appears cropped)
2025-12-25 21:04:32,735 - INFO - Skipping NC_H08_20200228_0900_L2ARP030_FLDK.02401_02401.nc (already exists and appears cropped)
2025-12-25 21:04:33,441 - INFO - Skipping NC_H08_20200229_0000_L2ARP030_FLDK.02401_02401.nc (already exists and appears cropped)
2025-12-25 21:04:34,045 - INFO - Skipping NC_H08_20200229_0100_L2ARP030_FLDK.02401_02401.nc (already exists and appears cropped)
2025-12-25 21:04:34,654 - INFO - Skipping NC_H08_20200229_0200_L2ARP030_FLDK.02401_02401.nc (already exists and appears cropped)
2025-12-25 21:04:35,262 - INFO - Skipping NC_H08_20200229_0300_L2ARP030_FLDK.02401_02401.nc (already exists and appears cropped)
2025-12-25 21:04:35,863 - INFO - Skipping NC_H08_20200229_0400_L2ARP030_FLDK.02401_02401.nc (already exists and appears cropped)
2025-12-25 21:04:36,471 - INFO - Skipping NC_H08_20200229_0500_L2ARP030_FLDK.02401_02401.nc (already exists and appears cropped)
2025-12-25 21:04:37,097 - INFO - Skipping NC_H08_20200229_0600_L2ARP030_FLDK.02401_02401.nc (already exists and appears cropped)
2025-12-25 21:04:37,710 - INFO - Skipping NC_H08_20200229_0700_L2ARP030_FLDK.02401_02401.nc (already exists and appears cropped)
2025-12-25 21:04:38,313 - INFO - Skipping NC_H08_20200229_0800_L2ARP030_FLDK.02401_02401.nc (already exists and appears cropped)
2025-12-25 21:04:38,926 - INFO - Skipping NC_H08_20200229_0900_L2ARP030_FLDK.02401_02401.nc (already exists and appears cropped)
2025-12-25 21:04:39,713 - INFO - Skipping NC_H08_20200301_0000_L2ARP030_FLDK.02401_02401.nc (already exists and appears cropped)
2025-12-25 21:04:40,656 - INFO - Skipping NC_H08_20200301_0100_L2ARP030_FLDK.02401_02401.nc (already exists and appears cropped)
2025-12-25 21:04:41,276 - INFO - Skipping NC_H08_20200301_0200_L2ARP030_FLDK.02401_02401.nc (already exists and appears cropped)
2025-12-25 21:04:41,892 - INFO - Skipping NC_H08_20200301_0300_L2ARP030_FLDK.02401_02401.nc (already exists and appears cropped)
2025-12-25 21:04:42,510 - INFO - Skipping NC_H08_20200301_0400_L2ARP030_FLDK.02401_02401.nc (already exists and appears cropped)
2025-12-25 21:04:43,117 - INFO - Skipping NC_H08_20200301_0500_L2ARP030_FLDK.02401_02401.nc (already exists and appears cropped)
2025-12-25 21:04:43,727 - INFO - Skipping NC_H08_20200301_0600_L2ARP030_FLDK.02401_02401.nc (already exists and appears cropped)
2025-12-25 21:04:44,360 - INFO - Skipping NC_H08_20200301_0700_L2ARP030_FLDK.02401_02401.nc (already exists and appears cropped)
2025-12-25 21:04:44,978 - INFO - Skipping NC_H08_20200301_0800_L2ARP030_FLDK.02401_02401.nc (already exists and appears cropped)
2025-12-25 21:04:45,589 - INFO - Skipping NC_H08_20200301_0900_L2ARP030_FLDK.02401_02401.nc (already exists and appears cropped)
2025-12-25 21:04:46,335 - INFO - Skipping NC_H08_20200302_0000_L2ARP030_FLDK.02401_02401.nc (already exists and appears cropped)
2025-12-25 21:04:46,954 - INFO - Skipping NC_H08_20200302_0100_L2ARP030_FLDK.02401_02401.nc (already exists and appears cropped)
2025-12-25 21:04:47,570 - INFO - Skipping NC_H08_20200302_0200_L2ARP030_FLDK.02401_02401.nc (already exists and appears cropped)
2025-12-25 21:04:48,184 - INFO - Skipping NC_H08_20200302_0300_L2ARP030_FLDK.02401_02401.nc (already exists and appears cropped)
2025-12-25 21:04:48,795 - INFO - Skipping NC_H08_20200302_0400_L2ARP030_FLDK.02401_02401.nc (already exists and appears cropped)
2025-12-25 21:04:49,420 - INFO - Skipping NC_H08_20200302_0500_L2ARP030_FLDK.02401_02401.nc (already exists and appears cropped)
2025-12-25 21:04:50,041 - INFO - Skipping NC_H08_20200302_0600_L2ARP030_FLDK.02401_02401.nc (already exists and appears cropped)
2025-12-25 21:04:50,638 - INFO - Skipping NC_H08_20200302_0700_L2ARP030_FLDK.02401_02401.nc (already exists and appears cropped)
2025-12-25 21:04:51,248 - INFO - Skipping NC_H08_20200302_0800_L2ARP030_FLDK.02401_02401.nc (already exists and appears cropped)
2025-12-25 21:04:51,862 - INFO - Skipping NC_H08_20200302_0900_L2ARP030_FLDK.02401_02401.nc (already exists and appears cropped)
2025-12-25 21:04:52,581 - INFO - Skipping NC_H08_20200303_0000_L2ARP030_FLDK.02401_02401.nc (already exists and appears cropped)
2025-12-25 21:04:53,183 - INFO - Skipping NC_H08_20200303_0100_L2ARP030_FLDK.02401_02401.nc (already exists and appears cropped)
2025-12-25 21:04:53,786 - INFO - Skipping NC_H08_20200303_0200_L2ARP030_FLDK.02401_02401.nc (already exists and appears cropped)
2025-12-25 21:04:54,393 - INFO - Skipping NC_H08_20200303_0300_L2ARP030_FLDK.02401_02401.nc (already exists and appears cropped)
2025-12-25 21:04:55,015 - INFO - Skipping NC_H08_20200303_0400_L2ARP030_FLDK.02401_02401.nc (already exists and appears cropped)
2025-12-25 21:04:55,630 - INFO - Skipping NC_H08_20200303_0500_L2ARP030_FLDK.02401_02401.nc (already exists and appears cropped)
2025-12-25 21:04:56,243 - INFO - Skipping NC_H08_20200303_0600_L2ARP030_FLDK.02401_02401.nc (already exists and appears cropped)
2025-12-25 21:04:56,874 - INFO - Skipping NC_H08_20200303_0700_L2ARP030_FLDK.02401_02401.nc (already exists and appears cropped)
2025-12-25 21:04:57,480 - INFO - Skipping NC_H08_20200303_0800_L2ARP030_FLDK.02401_02401.nc (already exists and appears cropped)
2025-12-25 21:04:58,184 - INFO - Skipping NC_H08_20200303_0900_L2ARP030_FLDK.02401_02401.nc (already exists and appears cropped)
2025-12-25 21:04:58,905 - INFO - Skipping NC_H08_20200304_0000_L2ARP030_FLDK.02401_02401.nc (already exists and appears cropped)
2025-12-25 21:04:59,521 - INFO - Skipping NC_H08_20200304_0100_L2ARP030_FLDK.02401_02401.nc (already exists and appears cropped)
2025-12-25 21:05:00,158 - INFO - Skipping NC_H08_20200304_0200_L2ARP030_FLDK.02401_02401.nc (already exists and appears cropped)
2025-12-25 21:05:00,779 - INFO - Skipping NC_H08_20200304_0300_L2ARP030_FLDK.02401_02401.nc (already exists and appears cropped)
2025-12-25 21:05:01,396 - INFO - Skipping NC_H08_20200304_0400_L2ARP030_FLDK.02401_02401.nc (already exists and appears cropped)
2025-12-25 21:05:02,005 - INFO - Skipping NC_H08_20200304_0500_L2ARP030_FLDK.02401_02401.nc (already exists and appears cropped)
2025-12-25 21:05:02,620 - INFO - Skipping NC_H08_20200304_0600_L2ARP030_FLDK.02401_02401.nc (already exists and appears cropped)
2025-12-25 21:05:03,224 - INFO - Skipping NC_H08_20200304_0700_L2ARP030_FLDK.02401_02401.nc (already exists and appears cropped)
2025-12-25 21:05:03,867 - INFO - Skipping NC_H08_20200304_0800_L2ARP030_FLDK.02401_02401.nc (already exists and appears cropped)
2025-12-25 21:05:04,470 - INFO - Skipping NC_H08_20200304_0900_L2ARP030_FLDK.02401_02401.nc (already exists and appears cropped)
2025-12-25 21:05:05,199 - INFO - Skipping NC_H08_20200305_0000_L2ARP030_FLDK.02401_02401.nc (already exists and appears cropped)
2025-12-25 21:05:05,832 - INFO - Skipping NC_H08_20200305_0100_L2ARP030_FLDK.02401_02401.nc (already exists and appears cropped)
2025-12-25 21:05:06,449 - INFO - Skipping NC_H08_20200305_0200_L2ARP030_FLDK.02401_02401.nc (already exists and appears cropped)
2025-12-25 21:05:07,059 - INFO - Skipping NC_H08_20200305_0300_L2ARP030_FLDK.02401_02401.nc (already exists and appears cropped)
2025-12-25 21:05:07,670 - INFO - Skipping NC_H08_20200305_0400_L2ARP030_FLDK.02401_02401.nc (already exists and appears cropped)
2025-12-25 21:05:08,310 - INFO - Skipping NC_H08_20200305_0500_L2ARP030_FLDK.02401_02401.nc (already exists and appears cropped)
2025-12-25 21:05:08,924 - INFO - Skipping NC_H08_20200305_0600_L2ARP030_FLDK.02401_02401.nc (already exists and appears cropped)
2025-12-25 21:05:09,538 - INFO - Skipping NC_H08_20200305_0700_L2ARP030_FLDK.02401_02401.nc (already exists and appears cropped)
2025-12-25 21:05:10,163 - INFO - Skipping NC_H08_20200305_0800_L2ARP030_FLDK.02401_02401.nc (already exists and appears cropped)
2025-12-25 21:05:10,764 - INFO - Skipping NC_H08_20200305_0900_L2ARP030_FLDK.02401_02401.nc (already exists and appears cropped)
2025-12-25 21:05:11,525 - INFO - Skipping NC_H08_20200306_0000_L2ARP030_FLDK.02401_02401.nc (already exists and appears cropped)
2025-12-25 21:05:12,150 - INFO - Skipping NC_H08_20200306_0100_L2ARP030_FLDK.02401_02401.nc (already exists and appears cropped)
2025-12-25 21:05:12,748 - INFO - Skipping NC_H08_20200306_0200_L2ARP030_FLDK.02401_02401.nc (already exists and appears cropped)
2025-12-25 21:05:13,368 - INFO - Skipping NC_H08_20200306_0300_L2ARP030_FLDK.02401_02401.nc (already exists and appears cropped)
2025-12-25 21:05:13,980 - INFO - Skipping NC_H08_20200306_0400_L2ARP030_FLDK.02401_02401.nc (already exists and appears cropped)
2025-12-25 21:05:14,598 - INFO - Skipping NC_H08_20200306_0500_L2ARP030_FLDK.02401_02401.nc (already exists and appears cropped)
2025-12-25 21:05:15,205 - INFO - Skipping NC_H08_20200306_0600_L2ARP030_FLDK.02401_02401.nc (already exists and appears cropped)
2025-12-25 21:05:15,829 - INFO - Skipping NC_H08_20200306_0700_L2ARP030_FLDK.02401_02401.nc (already exists and appears cropped)
2025-12-25 21:05:16,450 - INFO - Skipping NC_H08_20200306_0800_L2ARP030_FLDK.02401_02401.nc (already exists and appears cropped)
2025-12-25 21:05:17,058 - INFO - Skipping NC_H08_20200306_0900_L2ARP030_FLDK.02401_02401.nc (already exists and appears cropped)
2025-12-25 21:05:17,775 - INFO - Skipping NC_H08_20200307_0000_L2ARP030_FLDK.02401_02401.nc (already exists and appears cropped)
2025-12-25 21:05:18,381 - INFO - Skipping NC_H08_20200307_0100_L2ARP030_FLDK.02401_02401.nc (already exists and appears cropped)
2025-12-25 21:05:18,996 - INFO - Skipping NC_H08_20200307_0200_L2ARP030_FLDK.02401_02401.nc (already exists and appears cropped)
2025-12-25 21:05:19,611 - INFO - Skipping NC_H08_20200307_0300_L2ARP030_FLDK.02401_02401.nc (already exists and appears cropped)
2025-12-25 21:05:20,228 - INFO - Skipping NC_H08_20200307_0400_L2ARP030_FLDK.02401_02401.nc (already exists and appears cropped)
2025-12-25 21:05:20,847 - INFO - Skipping NC_H08_20200307_0500_L2ARP030_FLDK.02401_02401.nc (already exists and appears cropped)
2025-12-25 21:05:21,468 - INFO - Skipping NC_H08_20200307_0600_L2ARP030_FLDK.02401_02401.nc (already exists and appears cropped)
2025-12-25 21:05:22,105 - INFO - Skipping NC_H08_20200307_0700_L2ARP030_FLDK.02401_02401.nc (already exists and appears cropped)
2025-12-25 21:05:22,732 - INFO - Skipping NC_H08_20200307_0800_L2ARP030_FLDK.02401_02401.nc (already exists and appears cropped)
2025-12-25 21:05:23,349 - INFO - Skipping NC_H08_20200307_0900_L2ARP030_FLDK.02401_02401.nc (already exists and appears cropped)
2025-12-25 21:05:24,066 - INFO - Skipping NC_H08_20200308_0000_L2ARP030_FLDK.02401_02401.nc (already exists and appears cropped)
2025-12-25 21:05:24,677 - INFO - Skipping NC_H08_20200308_0100_L2ARP030_FLDK.02401_02401.nc (already exists and appears cropped)
2025-12-25 21:05:25,292 - INFO - Skipping NC_H08_20200308_0200_L2ARP030_FLDK.02401_02401.nc (already exists and appears cropped)
2025-12-25 21:05:25,913 - INFO - Skipping NC_H08_20200308_0300_L2ARP030_FLDK.02401_02401.nc (already exists and appears cropped)
2025-12-25 21:05:26,529 - INFO - Skipping NC_H08_20200308_0400_L2ARP030_FLDK.02401_02401.nc (already exists and appears cropped)
2025-12-25 21:05:27,156 - INFO - Skipping NC_H08_20200308_0500_L2ARP030_FLDK.02401_02401.nc (already exists and appears cropped)
2025-12-25 21:05:27,768 - INFO - Skipping NC_H08_20200308_0600_L2ARP030_FLDK.02401_02401.nc (already exists and appears cropped)
2025-12-25 21:05:28,387 - INFO - Skipping NC_H08_20200308_0700_L2ARP030_FLDK.02401_02401.nc (already exists and appears cropped)
2025-12-25 21:05:29,004 - INFO - Skipping NC_H08_20200308_0800_L2ARP030_FLDK.02401_02401.nc (already exists and appears cropped)
2025-12-25 21:05:29,641 - INFO - Skipping NC_H08_20200308_0900_L2ARP030_FLDK.02401_02401.nc (already exists and appears cropped)
2025-12-25 21:05:30,357 - INFO - Skipping NC_H08_20200309_0000_L2ARP030_FLDK.02401_02401.nc (already exists and appears cropped)
2025-12-25 21:05:30,972 - INFO - Skipping NC_H08_20200309_0100_L2ARP030_FLDK.02401_02401.nc (already exists and appears cropped)
2025-12-25 21:05:31,614 - INFO - Skipping NC_H08_20200309_0200_L2ARP030_FLDK.02401_02401.nc (already exists and appears cropped)
2025-12-25 21:05:32,241 - INFO - Skipping NC_H08_20200309_0300_L2ARP030_FLDK.02401_02401.nc (already exists and appears cropped)
2025-12-25 21:05:32,873 - INFO - Skipping NC_H08_20200309_0400_L2ARP030_FLDK.02401_02401.nc (already exists and appears cropped)
2025-12-25 21:05:33,490 - INFO - Skipping NC_H08_20200309_0500_L2ARP030_FLDK.02401_02401.nc (already exists and appears cropped)
2025-12-25 21:05:34,107 - INFO - Skipping NC_H08_20200309_0600_L2ARP030_FLDK.02401_02401.nc (already exists and appears cropped)
2025-12-25 21:05:34,733 - INFO - Skipping NC_H08_20200309_0700_L2ARP030_FLDK.02401_02401.nc (already exists and appears cropped)
2025-12-25 21:05:35,347 - INFO - Skipping NC_H08_20200309_0800_L2ARP030_FLDK.02401_02401.nc (already exists and appears cropped)
2025-12-25 21:05:35,952 - INFO - Skipping NC_H08_20200309_0900_L2ARP030_FLDK.02401_02401.nc (already exists and appears cropped)
2025-12-25 21:05:36,677 - INFO - Skipping NC_H08_20200310_0000_L2ARP030_FLDK.02401_02401.nc (already exists and appears cropped)
2025-12-25 21:05:37,308 - INFO - Skipping NC_H08_20200310_0100_L2ARP030_FLDK.02401_02401.nc (already exists and appears cropped)
2025-12-25 21:05:37,912 - INFO - Skipping NC_H08_20200310_0200_L2ARP030_FLDK.02401_02401.nc (already exists and appears cropped)
2025-12-25 21:05:38,540 - INFO - Skipping NC_H08_20200310_0300_L2ARP030_FLDK.02401_02401.nc (already exists and appears cropped)
2025-12-25 21:05:39,156 - INFO - Skipping NC_H08_20200310_0400_L2ARP030_FLDK.02401_02401.nc (already exists and appears cropped)
2025-12-25 21:05:39,761 - INFO - Skipping NC_H08_20200310_0500_L2ARP030_FLDK.02401_02401.nc (already exists and appears cropped)
2025-12-25 21:05:40,392 - INFO - Skipping NC_H08_20200310_0600_L2ARP030_FLDK.02401_02401.nc (already exists and appears cropped)
2025-12-25 21:05:41,007 - INFO - Skipping NC_H08_20200310_0700_L2ARP030_FLDK.02401_02401.nc (already exists and appears cropped)
2025-12-25 21:05:41,613 - INFO - Skipping NC_H08_20200310_0800_L2ARP030_FLDK.02401_02401.nc (already exists and appears cropped)
2025-12-25 21:05:42,586 - INFO - Skipping NC_H08_20200310_0900_L2ARP030_FLDK.02401_02401.nc (already exists and appears cropped)
2025-12-25 21:05:43,304 - INFO - Skipping NC_H08_20200311_0000_L2ARP030_FLDK.02401_02401.nc (already exists and appears cropped)
2025-12-25 21:05:43,934 - INFO - Skipping NC_H08_20200311_0100_L2ARP030_FLDK.02401_02401.nc (already exists and appears cropped)
2025-12-25 21:05:44,597 - INFO - Skipping NC_H08_20200311_0200_L2ARP030_FLDK.02401_02401.nc (already exists and appears cropped)
2025-12-25 21:05:45,210 - INFO - Skipping NC_H08_20200311_0300_L2ARP030_FLDK.02401_02401.nc (already exists and appears cropped)
2025-12-25 21:05:45,843 - INFO - Skipping NC_H08_20200311_0400_L2ARP030_FLDK.02401_02401.nc (already exists and appears cropped)
2025-12-25 21:05:46,444 - INFO - Skipping NC_H08_20200311_0500_L2ARP030_FLDK.02401_02401.nc (already exists and appears cropped)
2025-12-25 21:05:47,095 - INFO - Skipping NC_H08_20200311_0600_L2ARP030_FLDK.02401_02401.nc (already exists and appears cropped)
2025-12-25 21:05:47,739 - INFO - Skipping NC_H08_20200311_0700_L2ARP030_FLDK.02401_02401.nc (already exists and appears cropped)
2025-12-25 21:05:48,351 - INFO - Skipping NC_H08_20200311_0800_L2ARP030_FLDK.02401_02401.nc (already exists and appears cropped)
2025-12-25 21:05:48,962 - INFO - Skipping NC_H08_20200311_0900_L2ARP030_FLDK.02401_02401.nc (already exists and appears cropped)
2025-12-25 21:05:49,703 - INFO - Skipping NC_H08_20200312_0000_L2ARP030_FLDK.02401_02401.nc (already exists and appears cropped)
2025-12-25 21:05:50,324 - INFO - Skipping NC_H08_20200312_0100_L2ARP030_FLDK.02401_02401.nc (already exists and appears cropped)
2025-12-25 21:05:50,936 - INFO - Skipping NC_H08_20200312_0200_L2ARP030_FLDK.02401_02401.nc (already exists and appears cropped)
2025-12-25 21:05:51,551 - INFO - Skipping NC_H08_20200312_0300_L2ARP030_FLDK.02401_02401.nc (already exists and appears cropped)
2025-12-25 21:05:52,200 - INFO - Skipping NC_H08_20200312_0400_L2ARP030_FLDK.02401_02401.nc (already exists and appears cropped)
2025-12-25 21:05:52,807 - INFO - Skipping NC_H08_20200312_0500_L2ARP030_FLDK.02401_02401.nc (already exists and appears cropped)
2025-12-25 21:05:53,431 - INFO - Skipping NC_H08_20200312_0600_L2ARP030_FLDK.02401_02401.nc (already exists and appears cropped)
2025-12-25 21:05:54,366 - INFO - Skipping NC_H08_20200312_0700_L2ARP030_FLDK.02401_02401.nc (already exists and appears cropped)
2025-12-25 21:05:54,965 - INFO - Skipping NC_H08_20200312_0800_L2ARP030_FLDK.02401_02401.nc (already exists and appears cropped)
2025-12-25 21:05:55,585 - INFO - Skipping NC_H08_20200312_0900_L2ARP030_FLDK.02401_02401.nc (already exists and appears cropped)
2025-12-25 21:05:56,335 - INFO - Skipping NC_H08_20200313_0000_L2ARP030_FLDK.02401_02401.nc (already exists and appears cropped)
2025-12-25 21:05:56,961 - INFO - Skipping NC_H08_20200313_0100_L2ARP030_FLDK.02401_02401.nc (already exists and appears cropped)
2025-12-25 21:05:57,589 - INFO - Skipping NC_H08_20200313_0200_L2ARP030_FLDK.02401_02401.nc (already exists and appears cropped)
2025-12-25 21:05:58,196 - INFO - Skipping NC_H08_20200313_0300_L2ARP030_FLDK.02401_02401.nc (already exists and appears cropped)
2025-12-25 21:05:58,804 - INFO - Skipping NC_H08_20200313_0400_L2ARP030_FLDK.02401_02401.nc (already exists and appears cropped)
2025-12-25 21:05:59,423 - INFO - Skipping NC_H08_20200313_0500_L2ARP030_FLDK.02401_02401.nc (already exists and appears cropped)
2025-12-25 21:06:00,050 - INFO - Skipping NC_H08_20200313_0600_L2ARP030_FLDK.02401_02401.nc (already exists and appears cropped)
2025-12-25 21:06:00,658 - INFO - Skipping NC_H08_20200313_0700_L2ARP030_FLDK.02401_02401.nc (already exists and appears cropped)
2025-12-25 21:06:01,272 - INFO - Skipping NC_H08_20200313_0800_L2ARP030_FLDK.02401_02401.nc (already exists and appears cropped)
2025-12-25 21:06:01,903 - INFO - Skipping NC_H08_20200313_0900_L2ARP030_FLDK.02401_02401.nc (already exists and appears cropped)
2025-12-25 21:06:02,629 - INFO - Skipping NC_H08_20200314_0000_L2ARP030_FLDK.02401_02401.nc (already exists and appears cropped)
2025-12-25 21:06:03,245 - INFO - Skipping NC_H08_20200314_0100_L2ARP030_FLDK.02401_02401.nc (already exists and appears cropped)
2025-12-25 21:06:03,897 - INFO - Skipping NC_H08_20200314_0200_L2ARP030_FLDK.02401_02401.nc (already exists and appears cropped)
2025-12-25 21:06:04,536 - INFO - Skipping NC_H08_20200314_0300_L2ARP030_FLDK.02401_02401.nc (already exists and appears cropped)
2025-12-25 21:06:05,161 - INFO - Skipping NC_H08_20200314_0400_L2ARP030_FLDK.02401_02401.nc (already exists and appears cropped)
2025-12-25 21:06:05,765 - INFO - Skipping NC_H08_20200314_0500_L2ARP030_FLDK.02401_02401.nc (already exists and appears cropped)
2025-12-25 21:06:06,402 - INFO - Skipping NC_H08_20200314_0600_L2ARP030_FLDK.02401_02401.nc (already exists and appears cropped)
2025-12-25 21:06:07,003 - INFO - Skipping NC_H08_20200314_0700_L2ARP030_FLDK.02401_02401.nc (already exists and appears cropped)
2025-12-25 21:06:07,613 - INFO - Skipping NC_H08_20200314_0800_L2ARP030_FLDK.02401_02401.nc (already exists and appears cropped)
2025-12-25 21:06:08,227 - INFO - Skipping NC_H08_20200314_0900_L2ARP030_FLDK.02401_02401.nc (already exists and appears cropped)
2025-12-25 21:06:08,952 - INFO - Skipping NC_H08_20200315_0000_L2ARP030_FLDK.02401_02401.nc (already exists and appears cropped)
2025-12-25 21:06:09,581 - INFO - Skipping NC_H08_20200315_0100_L2ARP030_FLDK.02401_02401.nc (already exists and appears cropped)
2025-12-25 21:06:10,196 - INFO - Skipping NC_H08_20200315_0200_L2ARP030_FLDK.02401_02401.nc (already exists and appears cropped)
2025-12-25 21:06:10,807 - INFO - Skipping NC_H08_20200315_0300_L2ARP030_FLDK.02401_02401.nc (already exists and appears cropped)
2025-12-25 21:06:11,415 - INFO - Skipping NC_H08_20200315_0400_L2ARP030_FLDK.02401_02401.nc (already exists and appears cropped)
2025-12-25 21:06:12,020 - INFO - Skipping NC_H08_20200315_0500_L2ARP030_FLDK.02401_02401.nc (already exists and appears cropped)
2025-12-25 21:06:12,637 - INFO - Skipping NC_H08_20200315_0600_L2ARP030_FLDK.02401_02401.nc (already exists and appears cropped)
2025-12-25 21:06:13,265 - INFO - Skipping NC_H08_20200315_0700_L2ARP030_FLDK.02401_02401.nc (already exists and appears cropped)
2025-12-25 21:06:13,889 - INFO - Skipping NC_H08_20200315_0800_L2ARP030_FLDK.02401_02401.nc (already exists and appears cropped)
2025-12-25 21:06:14,491 - INFO - Skipping NC_H08_20200315_0900_L2ARP030_FLDK.02401_02401.nc (already exists and appears cropped)
2025-12-25 21:06:15,236 - INFO - Skipping NC_H08_20200316_0000_L2ARP030_FLDK.02401_02401.nc (already exists and appears cropped)
2025-12-25 21:06:15,849 - INFO - Skipping NC_H08_20200316_0100_L2ARP030_FLDK.02401_02401.nc (already exists and appears cropped)
2025-12-25 21:06:16,458 - INFO - Skipping NC_H08_20200316_0200_L2ARP030_FLDK.02401_02401.nc (already exists and appears cropped)
2025-12-25 21:06:17,064 - INFO - Skipping NC_H08_20200316_0300_L2ARP030_FLDK.02401_02401.nc (already exists and appears cropped)
2025-12-25 21:06:17,685 - INFO - Skipping NC_H08_20200316_0400_L2ARP030_FLDK.02401_02401.nc (already exists and appears cropped)
2025-12-25 21:06:18,305 - INFO - Skipping NC_H08_20200316_0500_L2ARP030_FLDK.02401_02401.nc (already exists and appears cropped)
2025-12-25 21:06:18,926 - INFO - Skipping NC_H08_20200316_0600_L2ARP030_FLDK.02401_02401.nc (already exists and appears cropped)
2025-12-25 21:06:19,563 - INFO - Skipping NC_H08_20200316_0700_L2ARP030_FLDK.02401_02401.nc (already exists and appears cropped)
2025-12-25 21:06:20,179 - INFO - Skipping NC_H08_20200316_0800_L2ARP030_FLDK.02401_02401.nc (already exists and appears cropped)
2025-12-25 21:06:20,825 - INFO - Skipping NC_H08_20200316_0900_L2ARP030_FLDK.02401_02401.nc (already exists and appears cropped)
2025-12-25 21:06:21,577 - INFO - Skipping NC_H08_20200317_0000_L2ARP030_FLDK.02401_02401.nc (already exists and appears cropped)
2025-12-25 21:06:22,222 - INFO - Skipping NC_H08_20200317_0100_L2ARP030_FLDK.02401_02401.nc (already exists and appears cropped)
2025-12-25 21:06:22,825 - INFO - Skipping NC_H08_20200317_0200_L2ARP030_FLDK.02401_02401.nc (already exists and appears cropped)
2025-12-25 21:06:23,437 - INFO - Skipping NC_H08_20200317_0300_L2ARP030_FLDK.02401_02401.nc (already exists and appears cropped)
2025-12-25 21:06:24,051 - INFO - Skipping NC_H08_20200317_0400_L2ARP030_FLDK.02401_02401.nc (already exists and appears cropped)
2025-12-25 21:06:24,668 - INFO - Skipping NC_H08_20200317_0500_L2ARP030_FLDK.02401_02401.nc (already exists and appears cropped)
2025-12-25 21:06:25,302 - INFO - Skipping NC_H08_20200317_0600_L2ARP030_FLDK.02401_02401.nc (already exists and appears cropped)
2025-12-25 21:06:25,928 - INFO - Skipping NC_H08_20200317_0700_L2ARP030_FLDK.02401_02401.nc (already exists and appears cropped)
2025-12-25 21:06:26,530 - INFO - Skipping NC_H08_20200317_0800_L2ARP030_FLDK.02401_02401.nc (already exists and appears cropped)
2025-12-25 21:06:27,143 - INFO - Skipping NC_H08_20200317_0900_L2ARP030_FLDK.02401_02401.nc (already exists and appears cropped)
2025-12-25 21:06:27,865 - INFO - Skipping NC_H08_20200318_0000_L2ARP030_FLDK.02401_02401.nc (already exists and appears cropped)
2025-12-25 21:06:28,511 - INFO - Skipping NC_H08_20200318_0100_L2ARP030_FLDK.02401_02401.nc (already exists and appears cropped)
2025-12-25 21:06:29,128 - INFO - Skipping NC_H08_20200318_0200_L2ARP030_FLDK.02401_02401.nc (already exists and appears cropped)
2025-12-25 21:06:29,742 - INFO - Skipping NC_H08_20200318_0300_L2ARP030_FLDK.02401_02401.nc (already exists and appears cropped)
2025-12-25 21:06:30,372 - INFO - Skipping NC_H08_20200318_0400_L2ARP030_FLDK.02401_02401.nc (already exists and appears cropped)
2025-12-25 21:06:30,982 - INFO - Skipping NC_H08_20200318_0500_L2ARP030_FLDK.02401_02401.nc (already exists and appears cropped)
2025-12-25 21:06:31,609 - INFO - Skipping NC_H08_20200318_0600_L2ARP030_FLDK.02401_02401.nc (already exists and appears cropped)
2025-12-25 21:06:32,243 - INFO - Skipping NC_H08_20200318_0700_L2ARP030_FLDK.02401_02401.nc (already exists and appears cropped)
2025-12-25 21:06:32,874 - INFO - Skipping NC_H08_20200318_0800_L2ARP030_FLDK.02401_02401.nc (already exists and appears cropped)
2025-12-25 21:06:33,499 - INFO - Skipping NC_H08_20200318_0900_L2ARP030_FLDK.02401_02401.nc (already exists and appears cropped)
2025-12-25 21:06:34,241 - INFO - Skipping NC_H08_20200319_0000_L2ARP030_FLDK.02401_02401.nc (already exists and appears cropped)
2025-12-25 21:06:34,853 - INFO - Skipping NC_H08_20200319_0100_L2ARP030_FLDK.02401_02401.nc (already exists and appears cropped)
2025-12-25 21:06:35,461 - INFO - Skipping NC_H08_20200319_0200_L2ARP030_FLDK.02401_02401.nc (already exists and appears cropped)
2025-12-25 21:06:36,091 - INFO - Skipping NC_H08_20200319_0300_L2ARP030_FLDK.02401_02401.nc (already exists and appears cropped)
2025-12-25 21:06:36,746 - INFO - Skipping NC_H08_20200319_0400_L2ARP030_FLDK.02401_02401.nc (already exists and appears cropped)
2025-12-25 21:06:37,373 - INFO - Skipping NC_H08_20200319_0500_L2ARP030_FLDK.02401_02401.nc (already exists and appears cropped)
2025-12-25 21:06:37,981 - INFO - Skipping NC_H08_20200319_0600_L2ARP030_FLDK.02401_02401.nc (already exists and appears cropped)
2025-12-25 21:06:38,613 - INFO - Skipping NC_H08_20200319_0700_L2ARP030_FLDK.02401_02401.nc (already exists and appears cropped)
2025-12-25 21:06:39,234 - INFO - Skipping NC_H08_20200319_0800_L2ARP030_FLDK.02401_02401.nc (already exists and appears cropped)
2025-12-25 21:06:39,861 - INFO - Skipping NC_H08_20200319_0900_L2ARP030_FLDK.02401_02401.nc (already exists and appears cropped)
2025-12-25 21:06:40,609 - INFO - Skipping NC_H08_20200320_0000_L2ARP030_FLDK.02401_02401.nc (already exists and appears cropped)
2025-12-25 21:06:41,234 - INFO - Skipping NC_H08_20200320_0100_L2ARP030_FLDK.02401_02401.nc (already exists and appears cropped)
2025-12-25 21:06:41,853 - INFO - Skipping NC_H08_20200320_0200_L2ARP030_FLDK.02401_02401.nc (already exists and appears cropped)
2025-12-25 21:06:42,456 - INFO - Skipping NC_H08_20200320_0300_L2ARP030_FLDK.02401_02401.nc (already exists and appears cropped)
2025-12-25 21:06:43,065 - INFO - Skipping NC_H08_20200320_0400_L2ARP030_FLDK.02401_02401.nc (already exists and appears cropped)
2025-12-25 21:06:43,701 - INFO - Skipping NC_H08_20200320_0500_L2ARP030_FLDK.02401_02401.nc (already exists and appears cropped)
2025-12-25 21:06:44,642 - INFO - Skipping NC_H08_20200320_0600_L2ARP030_FLDK.02401_02401.nc (already exists and appears cropped)
2025-12-25 21:06:45,297 - INFO - Skipping NC_H08_20200320_0700_L2ARP030_FLDK.02401_02401.nc (already exists and appears cropped)
2025-12-25 21:06:45,914 - INFO - Skipping NC_H08_20200320_0800_L2ARP030_FLDK.02401_02401.nc (already exists and appears cropped)
2025-12-25 21:06:46,524 - INFO - Skipping NC_H08_20200320_0900_L2ARP030_FLDK.02401_02401.nc (already exists and appears cropped)
2025-12-25 21:06:47,262 - INFO - Skipping NC_H08_20200321_0000_L2ARP030_FLDK.02401_02401.nc (already exists and appears cropped)
2025-12-25 21:06:47,902 - INFO - Skipping NC_H08_20200321_0100_L2ARP030_FLDK.02401_02401.nc (already exists and appears cropped)
2025-12-25 21:06:48,505 - INFO - Skipping NC_H08_20200321_0200_L2ARP030_FLDK.02401_02401.nc (already exists and appears cropped)
2025-12-25 21:06:49,113 - INFO - Skipping NC_H08_20200321_0300_L2ARP030_FLDK.02401_02401.nc (already exists and appears cropped)
2025-12-25 21:06:49,723 - INFO - Skipping NC_H08_20200321_0400_L2ARP030_FLDK.02401_02401.nc (already exists and appears cropped)
2025-12-25 21:06:50,323 - INFO - Skipping NC_H08_20200321_0500_L2ARP030_FLDK.02401_02401.nc (already exists and appears cropped)
2025-12-25 21:06:50,947 - INFO - Skipping NC_H08_20200321_0600_L2ARP030_FLDK.02401_02401.nc (already exists and appears cropped)
2025-12-25 21:06:51,561 - INFO - Skipping NC_H08_20200321_0700_L2ARP030_FLDK.02401_02401.nc (already exists and appears cropped)
2025-12-25 21:06:52,180 - INFO - Skipping NC_H08_20200321_0800_L2ARP030_FLDK.02401_02401.nc (already exists and appears cropped)
2025-12-25 21:06:52,815 - INFO - Skipping NC_H08_20200321_0900_L2ARP030_FLDK.02401_02401.nc (already exists and appears cropped)
2025-12-25 21:06:53,545 - INFO - Skipping NC_H08_20200322_0000_L2ARP030_FLDK.02401_02401.nc (already exists and appears cropped)
2025-12-25 21:06:54,162 - INFO - Skipping NC_H08_20200322_0100_L2ARP030_FLDK.02401_02401.nc (already exists and appears cropped)
2025-12-25 21:06:54,769 - INFO - Skipping NC_H08_20200322_0200_L2ARP030_FLDK.02401_02401.nc (already exists and appears cropped)
2025-12-25 21:06:55,380 - INFO - Skipping NC_H08_20200322_0300_L2ARP030_FLDK.02401_02401.nc (already exists and appears cropped)
2025-12-25 21:06:56,024 - INFO - Skipping NC_H08_20200322_0400_L2ARP030_FLDK.02401_02401.nc (already exists and appears cropped)
2025-12-25 21:06:56,641 - INFO - Skipping NC_H08_20200322_0500_L2ARP030_FLDK.02401_02401.nc (already exists and appears cropped)
2025-12-25 21:06:57,260 - INFO - Skipping NC_H08_20200322_0600_L2ARP030_FLDK.02401_02401.nc (already exists and appears cropped)
2025-12-25 21:06:57,880 - INFO - Skipping NC_H08_20200322_0700_L2ARP030_FLDK.02401_02401.nc (already exists and appears cropped)
2025-12-25 21:06:58,483 - INFO - Skipping NC_H08_20200322_0800_L2ARP030_FLDK.02401_02401.nc (already exists and appears cropped)
2025-12-25 21:06:59,104 - INFO - Skipping NC_H08_20200322_0900_L2ARP030_FLDK.02401_02401.nc (already exists and appears cropped)
2025-12-25 21:06:59,822 - INFO - Skipping NC_H08_20200323_0000_L2ARP030_FLDK.02401_02401.nc (already exists and appears cropped)
2025-12-25 21:07:00,459 - INFO - Skipping NC_H08_20200323_0100_L2ARP030_FLDK.02401_02401.nc (already exists and appears cropped)
2025-12-25 21:07:01,065 - INFO - Skipping NC_H08_20200323_0200_L2ARP030_FLDK.02401_02401.nc (already exists and appears cropped)
2025-12-25 21:07:01,659 - INFO - Skipping NC_H08_20200323_0300_L2ARP030_FLDK.02401_02401.nc (already exists and appears cropped)
2025-12-25 21:07:02,281 - INFO - Skipping NC_H08_20200323_0400_L2ARP030_FLDK.02401_02401.nc (already exists and appears cropped)
2025-12-25 21:07:02,902 - INFO - Skipping NC_H08_20200323_0500_L2ARP030_FLDK.02401_02401.nc (already exists and appears cropped)
2025-12-25 21:07:03,524 - INFO - Skipping NC_H08_20200323_0600_L2ARP030_FLDK.02401_02401.nc (already exists and appears cropped)
2025-12-25 21:07:04,139 - INFO - Skipping NC_H08_20200323_0700_L2ARP030_FLDK.02401_02401.nc (already exists and appears cropped)
2025-12-25 21:07:04,749 - INFO - Skipping NC_H08_20200323_0800_L2ARP030_FLDK.02401_02401.nc (already exists and appears cropped)
2025-12-25 21:07:05,373 - INFO - Skipping NC_H08_20200323_0900_L2ARP030_FLDK.02401_02401.nc (already exists and appears cropped)
2025-12-25 21:07:06,120 - INFO - Skipping NC_H08_20200324_0000_L2ARP030_FLDK.02401_02401.nc (already exists and appears cropped)
2025-12-25 21:07:06,731 - INFO - Skipping NC_H08_20200324_0100_L2ARP030_FLDK.02401_02401.nc (already exists and appears cropped)
2025-12-25 21:07:07,337 - INFO - Skipping NC_H08_20200324_0200_L2ARP030_FLDK.02401_02401.nc (already exists and appears cropped)
2025-12-25 21:07:07,963 - INFO - Skipping NC_H08_20200324_0300_L2ARP030_FLDK.02401_02401.nc (already exists and appears cropped)
2025-12-25 21:07:08,593 - INFO - Skipping NC_H08_20200324_0400_L2ARP030_FLDK.02401_02401.nc (already exists and appears cropped)
2025-12-25 21:07:09,207 - INFO - Skipping NC_H08_20200324_0500_L2ARP030_FLDK.02401_02401.nc (already exists and appears cropped)
2025-12-25 21:07:09,800 - INFO - Skipping NC_H08_20200324_0600_L2ARP030_FLDK.02401_02401.nc (already exists and appears cropped)
2025-12-25 21:07:10,420 - INFO - Skipping NC_H08_20200324_0700_L2ARP030_FLDK.02401_02401.nc (already exists and appears cropped)
2025-12-25 21:07:11,030 - INFO - Skipping NC_H08_20200324_0800_L2ARP030_FLDK.02401_02401.nc (already exists and appears cropped)
2025-12-25 21:07:11,640 - INFO - Skipping NC_H08_20200324_0900_L2ARP030_FLDK.02401_02401.nc (already exists and appears cropped)
2025-12-25 21:07:12,364 - INFO - Skipping NC_H08_20200325_0000_L2ARP030_FLDK.02401_02401.nc (already exists and appears cropped)
2025-12-25 21:07:12,990 - INFO - Skipping NC_H08_20200325_0100_L2ARP030_FLDK.02401_02401.nc (already exists and appears cropped)
2025-12-25 21:07:13,600 - INFO - Skipping NC_H08_20200325_0200_L2ARP030_FLDK.02401_02401.nc (already exists and appears cropped)
2025-12-25 21:07:14,247 - INFO - Skipping NC_H08_20200325_0300_L2ARP030_FLDK.02401_02401.nc (already exists and appears cropped)
2025-12-25 21:07:14,865 - INFO - Skipping NC_H08_20200325_0400_L2ARP030_FLDK.02401_02401.nc (already exists and appears cropped)
2025-12-25 21:07:15,477 - INFO - Skipping NC_H08_20200325_0500_L2ARP030_FLDK.02401_02401.nc (already exists and appears cropped)
2025-12-25 21:07:16,101 - INFO - Skipping NC_H08_20200325_0600_L2ARP030_FLDK.02401_02401.nc (already exists and appears cropped)
2025-12-25 21:07:16,724 - INFO - Skipping NC_H08_20200325_0700_L2ARP030_FLDK.02401_02401.nc (already exists and appears cropped)
2025-12-25 21:07:17,340 - INFO - Skipping NC_H08_20200325_0800_L2ARP030_FLDK.02401_02401.nc (already exists and appears cropped)
2025-12-25 21:07:17,952 - INFO - Skipping NC_H08_20200325_0900_L2ARP030_FLDK.02401_02401.nc (already exists and appears cropped)
2025-12-25 21:07:18,680 - INFO - Skipping NC_H08_20200326_0000_L2ARP030_FLDK.02401_02401.nc (already exists and appears cropped)
2025-12-25 21:07:19,272 - INFO - Skipping NC_H08_20200326_0100_L2ARP030_FLDK.02401_02401.nc (already exists and appears cropped)
2025-12-25 21:07:19,885 - INFO - Skipping NC_H08_20200326_0200_L2ARP030_FLDK.02401_02401.nc (already exists and appears cropped)
2025-12-25 21:07:20,515 - INFO - Skipping NC_H08_20200326_0300_L2ARP030_FLDK.02401_02401.nc (already exists and appears cropped)
2025-12-25 21:07:21,121 - INFO - Skipping NC_H08_20200326_0400_L2ARP030_FLDK.02401_02401.nc (already exists and appears cropped)
2025-12-25 21:07:21,713 - INFO - Skipping NC_H08_20200326_0500_L2ARP030_FLDK.02401_02401.nc (already exists and appears cropped)
2025-12-25 21:07:22,330 - INFO - Skipping NC_H08_20200326_0600_L2ARP030_FLDK.02401_02401.nc (already exists and appears cropped)
2025-12-25 21:07:22,947 - INFO - Skipping NC_H08_20200326_0700_L2ARP030_FLDK.02401_02401.nc (already exists and appears cropped)
2025-12-25 21:07:23,580 - INFO - Skipping NC_H08_20200326_0800_L2ARP030_FLDK.02401_02401.nc (already exists and appears cropped)
2025-12-25 21:07:24,183 - INFO - Skipping NC_H08_20200326_0900_L2ARP030_FLDK.02401_02401.nc (already exists and appears cropped)
2025-12-25 21:07:24,914 - INFO - Skipping NC_H08_20200327_0000_L2ARP030_FLDK.02401_02401.nc (already exists and appears cropped)
2025-12-25 21:07:25,509 - INFO - Skipping NC_H08_20200327_0100_L2ARP030_FLDK.02401_02401.nc (already exists and appears cropped)
2025-12-25 21:07:26,114 - INFO - Skipping NC_H08_20200327_0200_L2ARP030_FLDK.02401_02401.nc (already exists and appears cropped)
2025-12-25 21:07:26,733 - INFO - Skipping NC_H08_20200327_0300_L2ARP030_FLDK.02401_02401.nc (already exists and appears cropped)
2025-12-25 21:07:27,342 - INFO - Skipping NC_H08_20200327_0400_L2ARP030_FLDK.02401_02401.nc (already exists and appears cropped)
2025-12-25 21:07:27,982 - INFO - Skipping NC_H08_20200327_0500_L2ARP030_FLDK.02401_02401.nc (already exists and appears cropped)
2025-12-25 21:07:28,602 - INFO - Skipping NC_H08_20200327_0600_L2ARP030_FLDK.02401_02401.nc (already exists and appears cropped)
2025-12-25 21:07:29,234 - INFO - Skipping NC_H08_20200327_0700_L2ARP030_FLDK.02401_02401.nc (already exists and appears cropped)
2025-12-25 21:07:29,848 - INFO - Skipping NC_H08_20200327_0800_L2ARP030_FLDK.02401_02401.nc (already exists and appears cropped)
2025-12-25 21:07:30,462 - INFO - Skipping NC_H08_20200327_0900_L2ARP030_FLDK.02401_02401.nc (already exists and appears cropped)
2025-12-25 21:07:31,186 - INFO - Skipping NC_H08_20200328_0000_L2ARP030_FLDK.02401_02401.nc (already exists and appears cropped)
2025-12-25 21:07:31,800 - INFO - Skipping NC_H08_20200328_0100_L2ARP030_FLDK.02401_02401.nc (already exists and appears cropped)
2025-12-25 21:07:32,410 - INFO - Skipping NC_H08_20200328_0200_L2ARP030_FLDK.02401_02401.nc (already exists and appears cropped)
2025-12-25 21:07:33,038 - INFO - Skipping NC_H08_20200328_0300_L2ARP030_FLDK.02401_02401.nc (already exists and appears cropped)
2025-12-25 21:07:33,648 - INFO - Skipping NC_H08_20200328_0400_L2ARP030_FLDK.02401_02401.nc (already exists and appears cropped)
2025-12-25 21:07:34,266 - INFO - Skipping NC_H08_20200328_0500_L2ARP030_FLDK.02401_02401.nc (already exists and appears cropped)
2025-12-25 21:07:34,870 - INFO - Skipping NC_H08_20200328_0600_L2ARP030_FLDK.02401_02401.nc (already exists and appears cropped)
2025-12-25 21:07:35,475 - INFO - Skipping NC_H08_20200328_0700_L2ARP030_FLDK.02401_02401.nc (already exists and appears cropped)
2025-12-25 21:07:36,095 - INFO - Skipping NC_H08_20200328_0800_L2ARP030_FLDK.02401_02401.nc (already exists and appears cropped)
2025-12-25 21:07:36,705 - INFO - Skipping NC_H08_20200328_0900_L2ARP030_FLDK.02401_02401.nc (already exists and appears cropped)
2025-12-25 21:07:37,402 - INFO - Skipping NC_H08_20200329_0000_L2ARP030_FLDK.02401_02401.nc (already exists and appears cropped)
2025-12-25 21:07:38,002 - INFO - Skipping NC_H08_20200329_0100_L2ARP030_FLDK.02401_02401.nc (already exists and appears cropped)
2025-12-25 21:07:38,607 - INFO - Skipping NC_H08_20200329_0200_L2ARP030_FLDK.02401_02401.nc (already exists and appears cropped)
2025-12-25 21:07:39,208 - INFO - Skipping NC_H08_20200329_0300_L2ARP030_FLDK.02401_02401.nc (already exists and appears cropped)
2025-12-25 21:07:39,810 - INFO - Skipping NC_H08_20200329_0400_L2ARP030_FLDK.02401_02401.nc (already exists and appears cropped)
2025-12-25 21:07:40,427 - INFO - Skipping NC_H08_20200329_0500_L2ARP030_FLDK.02401_02401.nc (already exists and appears cropped)
2025-12-25 21:07:41,041 - INFO - Skipping NC_H08_20200329_0600_L2ARP030_FLDK.02401_02401.nc (already exists and appears cropped)
2025-12-25 21:07:41,653 - INFO - Skipping NC_H08_20200329_0700_L2ARP030_FLDK.02401_02401.nc (already exists and appears cropped)
2025-12-25 21:07:42,275 - INFO - Skipping NC_H08_20200329_0800_L2ARP030_FLDK.02401_02401.nc (already exists and appears cropped)
2025-12-25 21:07:42,891 - INFO - Skipping NC_H08_20200329_0900_L2ARP030_FLDK.02401_02401.nc (already exists and appears cropped)
2025-12-25 21:07:43,608 - INFO - Skipping NC_H08_20200330_0000_L2ARP030_FLDK.02401_02401.nc (already exists and appears cropped)
2025-12-25 21:07:44,223 - INFO - Skipping NC_H08_20200330_0100_L2ARP030_FLDK.02401_02401.nc (already exists and appears cropped)
2025-12-25 21:07:44,866 - INFO - Skipping NC_H08_20200330_0200_L2ARP030_FLDK.02401_02401.nc (already exists and appears cropped)
2025-12-25 21:07:45,479 - INFO - Skipping NC_H08_20200330_0300_L2ARP030_FLDK.02401_02401.nc (already exists and appears cropped)
2025-12-25 21:07:46,091 - INFO - Skipping NC_H08_20200330_0400_L2ARP030_FLDK.02401_02401.nc (already exists and appears cropped)
2025-12-25 21:07:47,054 - INFO - Skipping NC_H08_20200330_0500_L2ARP030_FLDK.02401_02401.nc (already exists and appears cropped)
2025-12-25 21:07:47,669 - INFO - Skipping NC_H08_20200330_0600_L2ARP030_FLDK.02401_02401.nc (already exists and appears cropped)
2025-12-25 21:07:48,285 - INFO - Skipping NC_H08_20200330_0700_L2ARP030_FLDK.02401_02401.nc (already exists and appears cropped)
2025-12-25 21:07:48,930 - INFO - Skipping NC_H08_20200330_0800_L2ARP030_FLDK.02401_02401.nc (already exists and appears cropped)
2025-12-25 21:07:49,547 - INFO - Skipping NC_H08_20200330_0900_L2ARP030_FLDK.02401_02401.nc (already exists and appears cropped)
2025-12-25 21:07:50,291 - INFO - Skipping NC_H08_20200331_0000_L2ARP030_FLDK.02401_02401.nc (already exists and appears cropped)
2025-12-25 21:07:50,930 - INFO - Skipping NC_H08_20200331_0100_L2ARP030_FLDK.02401_02401.nc (already exists and appears cropped)
2025-12-25 21:07:51,534 - INFO - Skipping NC_H08_20200331_0200_L2ARP030_FLDK.02401_02401.nc (already exists and appears cropped)
2025-12-25 21:07:52,137 - INFO - Skipping NC_H08_20200331_0300_L2ARP030_FLDK.02401_02401.nc (already exists and appears cropped)
2025-12-25 21:07:52,760 - INFO - Skipping NC_H08_20200331_0400_L2ARP030_FLDK.02401_02401.nc (already exists and appears cropped)
2025-12-25 21:07:53,401 - INFO - Skipping NC_H08_20200331_0500_L2ARP030_FLDK.02401_02401.nc (already exists and appears cropped)
2025-12-25 21:07:53,999 - INFO - Skipping NC_H08_20200331_0600_L2ARP030_FLDK.02401_02401.nc (already exists and appears cropped)
2025-12-25 21:07:54,629 - INFO - Skipping NC_H08_20200331_0700_L2ARP030_FLDK.02401_02401.nc (already exists and appears cropped)
2025-12-25 21:07:55,244 - INFO - Skipping NC_H08_20200331_0800_L2ARP030_FLDK.02401_02401.nc (already exists and appears cropped)
2025-12-25 21:07:55,855 - INFO - Skipping NC_H08_20200331_0900_L2ARP030_FLDK.02401_02401.nc (already exists and appears cropped)
2025-12-25 21:07:56,675 - INFO - Skipping NC_H08_20200401_0000_L2ARP030_FLDK.02401_02401.nc (already exists and appears cropped)
2025-12-25 21:07:57,291 - INFO - Skipping NC_H08_20200401_0100_L2ARP030_FLDK.02401_02401.nc (already exists and appears cropped)
2025-12-25 21:07:57,895 - INFO - Skipping NC_H08_20200401_0200_L2ARP030_FLDK.02401_02401.nc (already exists and appears cropped)
2025-12-25 21:07:58,510 - INFO - Skipping NC_H08_20200401_0300_L2ARP030_FLDK.02401_02401.nc (already exists and appears cropped)
2025-12-25 21:07:59,129 - INFO - Skipping NC_H08_20200401_0400_L2ARP030_FLDK.02401_02401.nc (already exists and appears cropped)
2025-12-25 21:07:59,760 - INFO - Skipping NC_H08_20200401_0500_L2ARP030_FLDK.02401_02401.nc (already exists and appears cropped)
2025-12-25 21:08:00,419 - INFO - Skipping NC_H08_20200401_0600_L2ARP030_FLDK.02401_02401.nc (already exists and appears cropped)
2025-12-25 21:08:01,035 - INFO - Skipping NC_H08_20200401_0700_L2ARP030_FLDK.02401_02401.nc (already exists and appears cropped)
2025-12-25 21:08:01,657 - INFO - Skipping NC_H08_20200401_0800_L2ARP030_FLDK.02401_02401.nc (already exists and appears cropped)
2025-12-25 21:08:02,254 - INFO - Skipping NC_H08_20200401_0900_L2ARP030_FLDK.02401_02401.nc (already exists and appears cropped)
2025-12-25 21:08:02,969 - INFO - Skipping NC_H08_20200402_0000_L2ARP030_FLDK.02401_02401.nc (already exists and appears cropped)
2025-12-25 21:08:03,593 - INFO - Skipping NC_H08_20200402_0100_L2ARP030_FLDK.02401_02401.nc (already exists and appears cropped)
2025-12-25 21:08:04,208 - INFO - Skipping NC_H08_20200402_0200_L2ARP030_FLDK.02401_02401.nc (already exists and appears cropped)
2025-12-25 21:08:04,831 - INFO - Skipping NC_H08_20200402_0300_L2ARP030_FLDK.02401_02401.nc (already exists and appears cropped)
2025-12-25 21:08:05,449 - INFO - Skipping NC_H08_20200402_0400_L2ARP030_FLDK.02401_02401.nc (already exists and appears cropped)
2025-12-25 21:08:06,077 - INFO - Skipping NC_H08_20200402_0500_L2ARP030_FLDK.02401_02401.nc (already exists and appears cropped)
2025-12-25 21:08:06,699 - INFO - Skipping NC_H08_20200402_0600_L2ARP030_FLDK.02401_02401.nc (already exists and appears cropped)
2025-12-25 21:08:07,325 - INFO - Skipping NC_H08_20200402_0700_L2ARP030_FLDK.02401_02401.nc (already exists and appears cropped)
2025-12-25 21:08:07,976 - INFO - Skipping NC_H08_20200402_0800_L2ARP030_FLDK.02401_02401.nc (already exists and appears cropped)
2025-12-25 21:08:08,580 - INFO - Skipping NC_H08_20200402_0900_L2ARP030_FLDK.02401_02401.nc (already exists and appears cropped)
2025-12-25 21:08:09,286 - INFO - Skipping NC_H08_20200403_0000_L2ARP030_FLDK.02401_02401.nc (already exists and appears cropped)
2025-12-25 21:08:09,919 - INFO - Skipping NC_H08_20200403_0100_L2ARP030_FLDK.02401_02401.nc (already exists and appears cropped)
2025-12-25 21:08:10,520 - INFO - Skipping NC_H08_20200403_0200_L2ARP030_FLDK.02401_02401.nc (already exists and appears cropped)
2025-12-25 21:08:11,145 - INFO - Skipping NC_H08_20200403_0300_L2ARP030_FLDK.02401_02401.nc (already exists and appears cropped)
2025-12-25 21:08:11,761 - INFO - Skipping NC_H08_20200403_0400_L2ARP030_FLDK.02401_02401.nc (already exists and appears cropped)
2025-12-25 21:08:12,380 - INFO - Skipping NC_H08_20200403_0500_L2ARP030_FLDK.02401_02401.nc (already exists and appears cropped)
2025-12-25 21:08:12,998 - INFO - Skipping NC_H08_20200403_0600_L2ARP030_FLDK.02401_02401.nc (already exists and appears cropped)
2025-12-25 21:08:13,616 - INFO - Skipping NC_H08_20200403_0700_L2ARP030_FLDK.02401_02401.nc (already exists and appears cropped)
2025-12-25 21:08:14,220 - INFO - Skipping NC_H08_20200403_0800_L2ARP030_FLDK.02401_02401.nc (already exists and appears cropped)
2025-12-25 21:08:14,837 - INFO - Skipping NC_H08_20200403_0900_L2ARP030_FLDK.02401_02401.nc (already exists and appears cropped)
2025-12-25 21:08:15,541 - INFO - Skipping NC_H08_20200404_0000_L2ARP030_FLDK.02401_02401.nc (already exists and appears cropped)
2025-12-25 21:08:16,183 - INFO - Skipping NC_H08_20200404_0100_L2ARP030_FLDK.02401_02401.nc (already exists and appears cropped)
2025-12-25 21:08:16,794 - INFO - Skipping NC_H08_20200404_0200_L2ARP030_FLDK.02401_02401.nc (already exists and appears cropped)
2025-12-25 21:08:17,405 - INFO - Skipping NC_H08_20200404_0300_L2ARP030_FLDK.02401_02401.nc (already exists and appears cropped)
2025-12-25 21:08:18,019 - INFO - Skipping NC_H08_20200404_0400_L2ARP030_FLDK.02401_02401.nc (already exists and appears cropped)
2025-12-25 21:08:18,628 - INFO - Skipping NC_H08_20200404_0500_L2ARP030_FLDK.02401_02401.nc (already exists and appears cropped)
2025-12-25 21:08:19,234 - INFO - Skipping NC_H08_20200404_0600_L2ARP030_FLDK.02401_02401.nc (already exists and appears cropped)
2025-12-25 21:08:19,850 - INFO - Skipping NC_H08_20200404_0700_L2ARP030_FLDK.02401_02401.nc (already exists and appears cropped)
2025-12-25 21:08:20,452 - INFO - Skipping NC_H08_20200404_0800_L2ARP030_FLDK.02401_02401.nc (already exists and appears cropped)
2025-12-25 21:08:21,101 - INFO - Skipping NC_H08_20200404_0900_L2ARP030_FLDK.02401_02401.nc (already exists and appears cropped)
2025-12-25 21:08:21,823 - INFO - Skipping NC_H08_20200405_0000_L2ARP030_FLDK.02401_02401.nc (already exists and appears cropped)
2025-12-25 21:08:22,456 - INFO - Skipping NC_H08_20200405_0100_L2ARP030_FLDK.02401_02401.nc (already exists and appears cropped)
2025-12-25 21:08:23,128 - INFO - Skipping NC_H08_20200405_0200_L2ARP030_FLDK.02401_02401.nc (already exists and appears cropped)
2025-12-25 21:08:23,763 - INFO - Skipping NC_H08_20200405_0300_L2ARP030_FLDK.02401_02401.nc (already exists and appears cropped)
2025-12-25 21:08:24,374 - INFO - Skipping NC_H08_20200405_0400_L2ARP030_FLDK.02401_02401.nc (already exists and appears cropped)
2025-12-25 21:08:24,984 - INFO - Skipping NC_H08_20200405_0500_L2ARP030_FLDK.02401_02401.nc (already exists and appears cropped)
2025-12-25 21:08:25,613 - INFO - Skipping NC_H08_20200405_0600_L2ARP030_FLDK.02401_02401.nc (already exists and appears cropped)
2025-12-25 21:08:26,231 - INFO - Skipping NC_H08_20200405_0700_L2ARP030_FLDK.02401_02401.nc (already exists and appears cropped)
2025-12-25 21:08:26,840 - INFO - Skipping NC_H08_20200405_0800_L2ARP030_FLDK.02401_02401.nc (already exists and appears cropped)
2025-12-25 21:08:27,475 - INFO - Skipping NC_H08_20200405_0900_L2ARP030_FLDK.02401_02401.nc (already exists and appears cropped)
2025-12-25 21:08:28,189 - INFO - Skipping NC_H08_20200406_0000_L2ARP030_FLDK.02401_02401.nc (already exists and appears cropped)
2025-12-25 21:08:28,804 - INFO - Skipping NC_H08_20200406_0100_L2ARP030_FLDK.02401_02401.nc (already exists and appears cropped)
2025-12-25 21:08:29,432 - INFO - Skipping NC_H08_20200406_0200_L2ARP030_FLDK.02401_02401.nc (already exists and appears cropped)
2025-12-25 21:08:30,046 - INFO - Skipping NC_H08_20200406_0300_L2ARP030_FLDK.02401_02401.nc (already exists and appears cropped)
2025-12-25 21:08:30,658 - INFO - Skipping NC_H08_20200406_0400_L2ARP030_FLDK.02401_02401.nc (already exists and appears cropped)
2025-12-25 21:08:31,267 - INFO - Skipping NC_H08_20200406_0500_L2ARP030_FLDK.02401_02401.nc (already exists and appears cropped)
2025-12-25 21:08:31,874 - INFO - Skipping NC_H08_20200406_0600_L2ARP030_FLDK.02401_02401.nc (already exists and appears cropped)
2025-12-25 21:08:32,474 - INFO - Skipping NC_H08_20200406_0700_L2ARP030_FLDK.02401_02401.nc (already exists and appears cropped)
2025-12-25 21:08:33,088 - INFO - Skipping NC_H08_20200406_0800_L2ARP030_FLDK.02401_02401.nc (already exists and appears cropped)
2025-12-25 21:08:33,708 - INFO - Skipping NC_H08_20200406_0900_L2ARP030_FLDK.02401_02401.nc (already exists and appears cropped)
2025-12-25 21:08:34,416 - INFO - Skipping NC_H08_20200407_0000_L2ARP030_FLDK.02401_02401.nc (already exists and appears cropped)
2025-12-25 21:08:35,018 - INFO - Skipping NC_H08_20200407_0100_L2ARP030_FLDK.02401_02401.nc (already exists and appears cropped)
2025-12-25 21:08:35,612 - INFO - Skipping NC_H08_20200407_0200_L2ARP030_FLDK.02401_02401.nc (already exists and appears cropped)
2025-12-25 21:08:36,219 - INFO - Skipping NC_H08_20200407_0300_L2ARP030_FLDK.02401_02401.nc (already exists and appears cropped)
2025-12-25 21:08:36,841 - INFO - Skipping NC_H08_20200407_0400_L2ARP030_FLDK.02401_02401.nc (already exists and appears cropped)
2025-12-25 21:08:37,459 - INFO - Skipping NC_H08_20200407_0500_L2ARP030_FLDK.02401_02401.nc (already exists and appears cropped)
2025-12-25 21:08:38,067 - INFO - Skipping NC_H08_20200407_0600_L2ARP030_FLDK.02401_02401.nc (already exists and appears cropped)
2025-12-25 21:08:38,688 - INFO - Skipping NC_H08_20200407_0700_L2ARP030_FLDK.02401_02401.nc (already exists and appears cropped)
2025-12-25 21:08:39,300 - INFO - Skipping NC_H08_20200407_0800_L2ARP030_FLDK.02401_02401.nc (already exists and appears cropped)
2025-12-25 21:08:39,897 - INFO - Skipping NC_H08_20200407_0900_L2ARP030_FLDK.02401_02401.nc (already exists and appears cropped)
2025-12-25 21:08:40,614 - INFO - Skipping NC_H08_20200408_0000_L2ARP030_FLDK.02401_02401.nc (already exists and appears cropped)
2025-12-25 21:08:41,231 - INFO - Skipping NC_H08_20200408_0100_L2ARP030_FLDK.02401_02401.nc (already exists and appears cropped)
2025-12-25 21:08:41,851 - INFO - Skipping NC_H08_20200408_0200_L2ARP030_FLDK.02401_02401.nc (already exists and appears cropped)
2025-12-25 21:08:42,469 - INFO - Skipping NC_H08_20200408_0300_L2ARP030_FLDK.02401_02401.nc (already exists and appears cropped)
2025-12-25 21:08:43,077 - INFO - Skipping NC_H08_20200408_0400_L2ARP030_FLDK.02401_02401.nc (already exists and appears cropped)
2025-12-25 21:08:43,674 - INFO - Skipping NC_H08_20200408_0500_L2ARP030_FLDK.02401_02401.nc (already exists and appears cropped)
2025-12-25 21:08:44,288 - INFO - Skipping NC_H08_20200408_0600_L2ARP030_FLDK.02401_02401.nc (already exists and appears cropped)
2025-12-25 21:08:44,881 - INFO - Skipping NC_H08_20200408_0700_L2ARP030_FLDK.02401_02401.nc (already exists and appears cropped)
2025-12-25 21:08:45,503 - INFO - Skipping NC_H08_20200408_0800_L2ARP030_FLDK.02401_02401.nc (already exists and appears cropped)
2025-12-25 21:08:46,118 - INFO - Skipping NC_H08_20200408_0900_L2ARP030_FLDK.02401_02401.nc (already exists and appears cropped)
2025-12-25 21:08:46,855 - INFO - Skipping NC_H08_20200409_0000_L2ARP030_FLDK.02401_02401.nc (already exists and appears cropped)
2025-12-25 21:08:47,468 - INFO - Skipping NC_H08_20200409_0100_L2ARP030_FLDK.02401_02401.nc (already exists and appears cropped)
2025-12-25 21:08:48,067 - INFO - Skipping NC_H08_20200409_0200_L2ARP030_FLDK.02401_02401.nc (already exists and appears cropped)
2025-12-25 21:08:48,686 - INFO - Skipping NC_H08_20200409_0300_L2ARP030_FLDK.02401_02401.nc (already exists and appears cropped)
2025-12-25 21:08:49,699 - INFO - Skipping NC_H08_20200409_0400_L2ARP030_FLDK.02401_02401.nc (already exists and appears cropped)
2025-12-25 21:08:50,300 - INFO - Skipping NC_H08_20200409_0500_L2ARP030_FLDK.02401_02401.nc (already exists and appears cropped)
2025-12-25 21:08:50,903 - INFO - Skipping NC_H08_20200409_0600_L2ARP030_FLDK.02401_02401.nc (already exists and appears cropped)
2025-12-25 21:08:51,501 - INFO - Skipping NC_H08_20200409_0700_L2ARP030_FLDK.02401_02401.nc (already exists and appears cropped)
2025-12-25 21:08:52,123 - INFO - Skipping NC_H08_20200409_0800_L2ARP030_FLDK.02401_02401.nc (already exists and appears cropped)
2025-12-25 21:08:52,739 - INFO - Skipping NC_H08_20200409_0900_L2ARP030_FLDK.02401_02401.nc (already exists and appears cropped)
2025-12-25 21:08:53,486 - INFO - Skipping NC_H08_20200410_0000_L2ARP030_FLDK.02401_02401.nc (already exists and appears cropped)
2025-12-25 21:08:54,088 - INFO - Skipping NC_H08_20200410_0100_L2ARP030_FLDK.02401_02401.nc (already exists and appears cropped)
2025-12-25 21:08:54,696 - INFO - Skipping NC_H08_20200410_0200_L2ARP030_FLDK.02401_02401.nc (already exists and appears cropped)
2025-12-25 21:08:55,309 - INFO - Skipping NC_H08_20200410_0300_L2ARP030_FLDK.02401_02401.nc (already exists and appears cropped)
2025-12-25 21:08:55,927 - INFO - Skipping NC_H08_20200410_0400_L2ARP030_FLDK.02401_02401.nc (already exists and appears cropped)
2025-12-25 21:08:56,539 - INFO - Skipping NC_H08_20200410_0500_L2ARP030_FLDK.02401_02401.nc (already exists and appears cropped)
2025-12-25 21:08:57,144 - INFO - Skipping NC_H08_20200410_0600_L2ARP030_FLDK.02401_02401.nc (already exists and appears cropped)
2025-12-25 21:08:57,759 - INFO - Skipping NC_H08_20200410_0700_L2ARP030_FLDK.02401_02401.nc (already exists and appears cropped)
2025-12-25 21:08:58,375 - INFO - Skipping NC_H08_20200410_0800_L2ARP030_FLDK.02401_02401.nc (already exists and appears cropped)
2025-12-25 21:08:59,032 - INFO - Skipping NC_H08_20200410_0900_L2ARP030_FLDK.02401_02401.nc (already exists and appears cropped)
2025-12-25 21:08:59,797 - INFO - Skipping NC_H08_20200411_0000_L2ARP030_FLDK.02401_02401.nc (already exists and appears cropped)
2025-12-25 21:09:00,424 - INFO - Skipping NC_H08_20200411_0100_L2ARP030_FLDK.02401_02401.nc (already exists and appears cropped)
2025-12-25 21:09:01,025 - INFO - Skipping NC_H08_20200411_0200_L2ARP030_FLDK.02401_02401.nc (already exists and appears cropped)
2025-12-25 21:09:01,638 - INFO - Skipping NC_H08_20200411_0300_L2ARP030_FLDK.02401_02401.nc (already exists and appears cropped)
2025-12-25 21:09:02,244 - INFO - Skipping NC_H08_20200411_0400_L2ARP030_FLDK.02401_02401.nc (already exists and appears cropped)
2025-12-25 21:09:02,857 - INFO - Skipping NC_H08_20200411_0500_L2ARP030_FLDK.02401_02401.nc (already exists and appears cropped)
2025-12-25 21:09:03,467 - INFO - Skipping NC_H08_20200411_0600_L2ARP030_FLDK.02401_02401.nc (already exists and appears cropped)
2025-12-25 21:09:04,117 - INFO - Skipping NC_H08_20200411_0700_L2ARP030_FLDK.02401_02401.nc (already exists and appears cropped)
2025-12-25 21:09:04,722 - INFO - Skipping NC_H08_20200411_0800_L2ARP030_FLDK.02401_02401.nc (already exists and appears cropped)
2025-12-25 21:09:05,345 - INFO - Skipping NC_H08_20200411_0900_L2ARP030_FLDK.02401_02401.nc (already exists and appears cropped)
2025-12-25 21:09:06,072 - INFO - Skipping NC_H08_20200412_0000_L2ARP030_FLDK.02401_02401.nc (already exists and appears cropped)
2025-12-25 21:09:06,752 - INFO - Skipping NC_H08_20200412_0100_L2ARP030_FLDK.02401_02401.nc (already exists and appears cropped)
2025-12-25 21:09:07,365 - INFO - Skipping NC_H08_20200412_0200_L2ARP030_FLDK.02401_02401.nc (already exists and appears cropped)
2025-12-25 21:09:08,002 - INFO - Skipping NC_H08_20200412_0300_L2ARP030_FLDK.02401_02401.nc (already exists and appears cropped)
2025-12-25 21:09:08,613 - INFO - Skipping NC_H08_20200412_0400_L2ARP030_FLDK.02401_02401.nc (already exists and appears cropped)
2025-12-25 21:09:09,232 - INFO - Skipping NC_H08_20200412_0500_L2ARP030_FLDK.02401_02401.nc (already exists and appears cropped)
2025-12-25 21:09:09,852 - INFO - Skipping NC_H08_20200412_0600_L2ARP030_FLDK.02401_02401.nc (already exists and appears cropped)
2025-12-25 21:09:10,489 - INFO - Skipping NC_H08_20200412_0700_L2ARP030_FLDK.02401_02401.nc (already exists and appears cropped)
2025-12-25 21:09:11,111 - INFO - Skipping NC_H08_20200412_0800_L2ARP030_FLDK.02401_02401.nc (already exists and appears cropped)
2025-12-25 21:09:11,739 - INFO - Skipping NC_H08_20200412_0900_L2ARP030_FLDK.02401_02401.nc (already exists and appears cropped)
2025-12-25 21:09:12,474 - INFO - Skipping NC_H08_20200413_0000_L2ARP030_FLDK.02401_02401.nc (already exists and appears cropped)
2025-12-25 21:09:13,087 - INFO - Skipping NC_H08_20200413_0100_L2ARP030_FLDK.02401_02401.nc (already exists and appears cropped)
2025-12-25 21:09:13,714 - INFO - Skipping NC_H08_20200413_0200_L2ARP030_FLDK.02401_02401.nc (already exists and appears cropped)
2025-12-25 21:09:14,333 - INFO - Skipping NC_H08_20200413_0300_L2ARP030_FLDK.02401_02401.nc (already exists and appears cropped)
2025-12-25 21:09:14,955 - INFO - Skipping NC_H08_20200413_0400_L2ARP030_FLDK.02401_02401.nc (already exists and appears cropped)
2025-12-25 21:09:15,557 - INFO - Skipping NC_H08_20200413_0500_L2ARP030_FLDK.02401_02401.nc (already exists and appears cropped)
2025-12-25 21:09:16,179 - INFO - Skipping NC_H08_20200413_0600_L2ARP030_FLDK.02401_02401.nc (already exists and appears cropped)
2025-12-25 21:09:16,795 - INFO - Skipping NC_H08_20200413_0700_L2ARP030_FLDK.02401_02401.nc (already exists and appears cropped)
2025-12-25 21:09:17,403 - INFO - Skipping NC_H08_20200413_0800_L2ARP030_FLDK.02401_02401.nc (already exists and appears cropped)
2025-12-25 21:09:18,052 - INFO - Skipping NC_H08_20200413_0900_L2ARP030_FLDK.02401_02401.nc (already exists and appears cropped)
2025-12-25 21:09:18,772 - INFO - Skipping NC_H08_20200414_0000_L2ARP030_FLDK.02401_02401.nc (already exists and appears cropped)
2025-12-25 21:09:19,391 - INFO - Skipping NC_H08_20200414_0100_L2ARP030_FLDK.02401_02401.nc (already exists and appears cropped)
2025-12-25 21:09:20,019 - INFO - Skipping NC_H08_20200414_0200_L2ARP030_FLDK.02401_02401.nc (already exists and appears cropped)
2025-12-25 21:09:20,621 - INFO - Skipping NC_H08_20200414_0300_L2ARP030_FLDK.02401_02401.nc (already exists and appears cropped)
2025-12-25 21:09:21,242 - INFO - Skipping NC_H08_20200414_0400_L2ARP030_FLDK.02401_02401.nc (already exists and appears cropped)
2025-12-25 21:09:21,860 - INFO - Skipping NC_H08_20200414_0500_L2ARP030_FLDK.02401_02401.nc (already exists and appears cropped)
2025-12-25 21:09:22,473 - INFO - Skipping NC_H08_20200414_0600_L2ARP030_FLDK.02401_02401.nc (already exists and appears cropped)
2025-12-25 21:09:23,074 - INFO - Skipping NC_H08_20200414_0700_L2ARP030_FLDK.02401_02401.nc (already exists and appears cropped)
2025-12-25 21:09:23,682 - INFO - Skipping NC_H08_20200414_0800_L2ARP030_FLDK.02401_02401.nc (already exists and appears cropped)
2025-12-25 21:09:24,315 - INFO - Skipping NC_H08_20200414_0900_L2ARP030_FLDK.02401_02401.nc (already exists and appears cropped)
2025-12-25 21:09:25,033 - INFO - Skipping NC_H08_20200415_0000_L2ARP030_FLDK.02401_02401.nc (already exists and appears cropped)
2025-12-25 21:09:25,655 - INFO - Skipping NC_H08_20200415_0100_L2ARP030_FLDK.02401_02401.nc (already exists and appears cropped)
2025-12-25 21:09:26,270 - INFO - Skipping NC_H08_20200415_0200_L2ARP030_FLDK.02401_02401.nc (already exists and appears cropped)
2025-12-25 21:09:26,888 - INFO - Skipping NC_H08_20200415_0300_L2ARP030_FLDK.02401_02401.nc (already exists and appears cropped)
2025-12-25 21:09:27,493 - INFO - Skipping NC_H08_20200415_0400_L2ARP030_FLDK.02401_02401.nc (already exists and appears cropped)
2025-12-25 21:09:28,104 - INFO - Skipping NC_H08_20200415_0500_L2ARP030_FLDK.02401_02401.nc (already exists and appears cropped)
2025-12-25 21:09:28,705 - INFO - Skipping NC_H08_20200415_0600_L2ARP030_FLDK.02401_02401.nc (already exists and appears cropped)
2025-12-25 21:09:29,364 - INFO - Skipping NC_H08_20200415_0700_L2ARP030_FLDK.02401_02401.nc (already exists and appears cropped)
2025-12-25 21:09:29,978 - INFO - Skipping NC_H08_20200415_0800_L2ARP030_FLDK.02401_02401.nc (already exists and appears cropped)
2025-12-25 21:09:30,585 - INFO - Skipping NC_H08_20200415_0900_L2ARP030_FLDK.02401_02401.nc (already exists and appears cropped)
2025-12-25 21:09:31,302 - INFO - Skipping NC_H08_20200416_0000_L2ARP030_FLDK.02401_02401.nc (already exists and appears cropped)
2025-12-25 21:09:31,918 - INFO - Skipping NC_H08_20200416_0100_L2ARP030_FLDK.02401_02401.nc (already exists and appears cropped)
2025-12-25 21:09:32,525 - INFO - Skipping NC_H08_20200416_0200_L2ARP030_FLDK.02401_02401.nc (already exists and appears cropped)
2025-12-25 21:09:33,158 - INFO - Skipping NC_H08_20200416_0300_L2ARP030_FLDK.02401_02401.nc (already exists and appears cropped)
2025-12-25 21:09:33,781 - INFO - Skipping NC_H08_20200416_0400_L2ARP030_FLDK.02401_02401.nc (already exists and appears cropped)
2025-12-25 21:09:34,409 - INFO - Skipping NC_H08_20200416_0500_L2ARP030_FLDK.02401_02401.nc (already exists and appears cropped)
2025-12-25 21:09:35,045 - INFO - Skipping NC_H08_20200416_0600_L2ARP030_FLDK.02401_02401.nc (already exists and appears cropped)
2025-12-25 21:09:35,664 - INFO - Skipping NC_H08_20200416_0700_L2ARP030_FLDK.02401_02401.nc (already exists and appears cropped)
2025-12-25 21:09:36,278 - INFO - Skipping NC_H08_20200416_0800_L2ARP030_FLDK.02401_02401.nc (already exists and appears cropped)
2025-12-25 21:09:36,891 - INFO - Skipping NC_H08_20200416_0900_L2ARP030_FLDK.02401_02401.nc (already exists and appears cropped)
2025-12-25 21:09:37,635 - INFO - Skipping NC_H08_20200417_0000_L2ARP030_FLDK.02401_02401.nc (already exists and appears cropped)
2025-12-25 21:09:38,254 - INFO - Skipping NC_H08_20200417_0100_L2ARP030_FLDK.02401_02401.nc (already exists and appears cropped)
2025-12-25 21:09:38,863 - INFO - Skipping NC_H08_20200417_0200_L2ARP030_FLDK.02401_02401.nc (already exists and appears cropped)
2025-12-25 21:09:39,472 - INFO - Skipping NC_H08_20200417_0300_L2ARP030_FLDK.02401_02401.nc (already exists and appears cropped)
2025-12-25 21:09:40,085 - INFO - Skipping NC_H08_20200417_0400_L2ARP030_FLDK.02401_02401.nc (already exists and appears cropped)
2025-12-25 21:09:40,719 - INFO - Skipping NC_H08_20200417_0500_L2ARP030_FLDK.02401_02401.nc (already exists and appears cropped)
2025-12-25 21:09:41,338 - INFO - Skipping NC_H08_20200417_0600_L2ARP030_FLDK.02401_02401.nc (already exists and appears cropped)
2025-12-25 21:09:41,959 - INFO - Skipping NC_H08_20200417_0700_L2ARP030_FLDK.02401_02401.nc (already exists and appears cropped)
2025-12-25 21:09:42,573 - INFO - Skipping NC_H08_20200417_0800_L2ARP030_FLDK.02401_02401.nc (already exists and appears cropped)
2025-12-25 21:09:43,186 - INFO - Skipping NC_H08_20200417_0900_L2ARP030_FLDK.02401_02401.nc (already exists and appears cropped)
2025-12-25 21:09:43,913 - INFO - Skipping NC_H08_20200418_0000_L2ARP030_FLDK.02401_02401.nc (already exists and appears cropped)
2025-12-25 21:09:44,537 - INFO - Skipping NC_H08_20200418_0100_L2ARP030_FLDK.02401_02401.nc (already exists and appears cropped)
2025-12-25 21:09:45,172 - INFO - Skipping NC_H08_20200418_0200_L2ARP030_FLDK.02401_02401.nc (already exists and appears cropped)
2025-12-25 21:09:45,795 - INFO - Skipping NC_H08_20200418_0300_L2ARP030_FLDK.02401_02401.nc (already exists and appears cropped)
2025-12-25 21:09:46,408 - INFO - Skipping NC_H08_20200418_0400_L2ARP030_FLDK.02401_02401.nc (already exists and appears cropped)
2025-12-25 21:09:47,023 - INFO - Skipping NC_H08_20200418_0500_L2ARP030_FLDK.02401_02401.nc (already exists and appears cropped)
2025-12-25 21:09:47,650 - INFO - Skipping NC_H08_20200418_0600_L2ARP030_FLDK.02401_02401.nc (already exists and appears cropped)
2025-12-25 21:09:48,265 - INFO - Skipping NC_H08_20200418_0700_L2ARP030_FLDK.02401_02401.nc (already exists and appears cropped)
2025-12-25 21:09:48,896 - INFO - Skipping NC_H08_20200418_0800_L2ARP030_FLDK.02401_02401.nc (already exists and appears cropped)
2025-12-25 21:09:49,515 - INFO - Skipping NC_H08_20200418_0900_L2ARP030_FLDK.02401_02401.nc (already exists and appears cropped)
2025-12-25 21:09:50,232 - INFO - Skipping NC_H08_20200419_0000_L2ARP030_FLDK.02401_02401.nc (already exists and appears cropped)
2025-12-25 21:09:50,833 - INFO - Skipping NC_H08_20200419_0100_L2ARP030_FLDK.02401_02401.nc (already exists and appears cropped)
2025-12-25 21:09:51,807 - INFO - Skipping NC_H08_20200419_0200_L2ARP030_FLDK.02401_02401.nc (already exists and appears cropped)
2025-12-25 21:09:52,409 - INFO - Skipping NC_H08_20200419_0300_L2ARP030_FLDK.02401_02401.nc (already exists and appears cropped)
2025-12-25 21:09:53,039 - INFO - Skipping NC_H08_20200419_0400_L2ARP030_FLDK.02401_02401.nc (already exists and appears cropped)
2025-12-25 21:09:53,672 - INFO - Skipping NC_H08_20200419_0500_L2ARP030_FLDK.02401_02401.nc (already exists and appears cropped)
2025-12-25 21:09:54,301 - INFO - Skipping NC_H08_20200419_0600_L2ARP030_FLDK.02401_02401.nc (already exists and appears cropped)
2025-12-25 21:09:54,929 - INFO - Skipping NC_H08_20200419_0700_L2ARP030_FLDK.02401_02401.nc (already exists and appears cropped)
2025-12-25 21:09:55,541 - INFO - Skipping NC_H08_20200419_0800_L2ARP030_FLDK.02401_02401.nc (already exists and appears cropped)
2025-12-25 21:09:56,195 - INFO - Skipping NC_H08_20200419_0900_L2ARP030_FLDK.02401_02401.nc (already exists and appears cropped)
2025-12-25 21:09:56,908 - INFO - Skipping NC_H08_20200420_0000_L2ARP030_FLDK.02401_02401.nc (already exists and appears cropped)
2025-12-25 21:09:57,527 - INFO - Skipping NC_H08_20200420_0100_L2ARP030_FLDK.02401_02401.nc (already exists and appears cropped)
2025-12-25 21:09:58,153 - INFO - Skipping NC_H08_20200420_0200_L2ARP030_FLDK.02401_02401.nc (already exists and appears cropped)
2025-12-25 21:09:58,769 - INFO - Skipping NC_H08_20200420_0300_L2ARP030_FLDK.02401_02401.nc (already exists and appears cropped)
2025-12-25 21:09:59,386 - INFO - Skipping NC_H08_20200420_0400_L2ARP030_FLDK.02401_02401.nc (already exists and appears cropped)
2025-12-25 21:10:00,001 - INFO - Skipping NC_H08_20200420_0500_L2ARP030_FLDK.02401_02401.nc (already exists and appears cropped)
2025-12-25 21:10:00,616 - INFO - Skipping NC_H08_20200420_0600_L2ARP030_FLDK.02401_02401.nc (already exists and appears cropped)
2025-12-25 21:10:01,221 - INFO - Skipping NC_H08_20200420_0700_L2ARP030_FLDK.02401_02401.nc (already exists and appears cropped)
2025-12-25 21:10:01,848 - INFO - Skipping NC_H08_20200420_0800_L2ARP030_FLDK.02401_02401.nc (already exists and appears cropped)
2025-12-25 21:10:02,451 - INFO - Skipping NC_H08_20200420_0900_L2ARP030_FLDK.02401_02401.nc (already exists and appears cropped)
2025-12-25 21:10:03,187 - INFO - Skipping NC_H08_20200421_0000_L2ARP030_FLDK.02401_02401.nc (already exists and appears cropped)
2025-12-25 21:10:03,810 - INFO - Skipping NC_H08_20200421_0100_L2ARP030_FLDK.02401_02401.nc (already exists and appears cropped)
2025-12-25 21:10:04,433 - INFO - Skipping NC_H08_20200421_0200_L2ARP030_FLDK.02401_02401.nc (already exists and appears cropped)
2025-12-25 21:10:05,045 - INFO - Skipping NC_H08_20200421_0300_L2ARP030_FLDK.02401_02401.nc (already exists and appears cropped)
2025-12-25 21:10:05,645 - INFO - Skipping NC_H08_20200421_0400_L2ARP030_FLDK.02401_02401.nc (already exists and appears cropped)
2025-12-25 21:10:06,258 - INFO - Skipping NC_H08_20200421_0500_L2ARP030_FLDK.02401_02401.nc (already exists and appears cropped)
2025-12-25 21:10:06,880 - INFO - Skipping NC_H08_20200421_0600_L2ARP030_FLDK.02401_02401.nc (already exists and appears cropped)
2025-12-25 21:10:07,505 - INFO - Skipping NC_H08_20200421_0700_L2ARP030_FLDK.02401_02401.nc (already exists and appears cropped)
2025-12-25 21:10:08,143 - INFO - Skipping NC_H08_20200421_0800_L2ARP030_FLDK.02401_02401.nc (already exists and appears cropped)
2025-12-25 21:10:08,780 - INFO - Skipping NC_H08_20200421_0900_L2ARP030_FLDK.02401_02401.nc (already exists and appears cropped)
2025-12-25 21:10:09,498 - INFO - Skipping NC_H08_20200422_0000_L2ARP030_FLDK.02401_02401.nc (already exists and appears cropped)
2025-12-25 21:10:10,107 - INFO - Skipping NC_H08_20200422_0100_L2ARP030_FLDK.02401_02401.nc (already exists and appears cropped)
2025-12-25 21:10:10,715 - INFO - Skipping NC_H08_20200422_0200_L2ARP030_FLDK.02401_02401.nc (already exists and appears cropped)
2025-12-25 21:10:11,334 - INFO - Skipping NC_H08_20200422_0300_L2ARP030_FLDK.02401_02401.nc (already exists and appears cropped)
2025-12-25 21:10:11,937 - INFO - Skipping NC_H08_20200422_0400_L2ARP030_FLDK.02401_02401.nc (already exists and appears cropped)
2025-12-25 21:10:12,538 - INFO - Skipping NC_H08_20200422_0500_L2ARP030_FLDK.02401_02401.nc (already exists and appears cropped)
2025-12-25 21:10:13,142 - INFO - Skipping NC_H08_20200422_0600_L2ARP030_FLDK.02401_02401.nc (already exists and appears cropped)
2025-12-25 21:10:13,767 - INFO - Skipping NC_H08_20200422_0700_L2ARP030_FLDK.02401_02401.nc (already exists and appears cropped)
2025-12-25 21:10:14,396 - INFO - Skipping NC_H08_20200422_0800_L2ARP030_FLDK.02401_02401.nc (already exists and appears cropped)
2025-12-25 21:10:15,030 - INFO - Skipping NC_H08_20200422_0900_L2ARP030_FLDK.02401_02401.nc (already exists and appears cropped)
2025-12-25 21:10:15,752 - INFO - Skipping NC_H08_20200423_0000_L2ARP030_FLDK.02401_02401.nc (already exists and appears cropped)
2025-12-25 21:10:16,369 - INFO - Skipping NC_H08_20200423_0100_L2ARP030_FLDK.02401_02401.nc (already exists and appears cropped)
2025-12-25 21:10:16,968 - INFO - Skipping NC_H08_20200423_0200_L2ARP030_FLDK.02401_02401.nc (already exists and appears cropped)
2025-12-25 21:10:17,572 - INFO - Skipping NC_H08_20200423_0300_L2ARP030_FLDK.02401_02401.nc (already exists and appears cropped)
2025-12-25 21:10:18,206 - INFO - Skipping NC_H08_20200423_0400_L2ARP030_FLDK.02401_02401.nc (already exists and appears cropped)
2025-12-25 21:10:18,825 - INFO - Skipping NC_H08_20200423_0500_L2ARP030_FLDK.02401_02401.nc (already exists and appears cropped)
2025-12-25 21:10:19,459 - INFO - Skipping NC_H08_20200423_0600_L2ARP030_FLDK.02401_02401.nc (already exists and appears cropped)
2025-12-25 21:10:20,067 - INFO - Skipping NC_H08_20200423_0700_L2ARP030_FLDK.02401_02401.nc (already exists and appears cropped)
2025-12-25 21:10:20,691 - INFO - Skipping NC_H08_20200423_0800_L2ARP030_FLDK.02401_02401.nc (already exists and appears cropped)
2025-12-25 21:10:21,316 - INFO - Skipping NC_H08_20200423_0900_L2ARP030_FLDK.02401_02401.nc (already exists and appears cropped)
2025-12-25 21:10:22,048 - INFO - Skipping NC_H08_20200424_0000_L2ARP030_FLDK.02401_02401.nc (already exists and appears cropped)
2025-12-25 21:10:22,670 - INFO - Skipping NC_H08_20200424_0100_L2ARP030_FLDK.02401_02401.nc (already exists and appears cropped)
2025-12-25 21:10:23,294 - INFO - Skipping NC_H08_20200424_0200_L2ARP030_FLDK.02401_02401.nc (already exists and appears cropped)
2025-12-25 21:10:23,911 - INFO - Skipping NC_H08_20200424_0300_L2ARP030_FLDK.02401_02401.nc (already exists and appears cropped)
2025-12-25 21:10:24,537 - INFO - Skipping NC_H08_20200424_0400_L2ARP030_FLDK.02401_02401.nc (already exists and appears cropped)
2025-12-25 21:10:25,146 - INFO - Skipping NC_H08_20200424_0500_L2ARP030_FLDK.02401_02401.nc (already exists and appears cropped)
2025-12-25 21:10:25,780 - INFO - Skipping NC_H08_20200424_0600_L2ARP030_FLDK.02401_02401.nc (already exists and appears cropped)
2025-12-25 21:10:26,399 - INFO - Skipping NC_H08_20200424_0700_L2ARP030_FLDK.02401_02401.nc (already exists and appears cropped)
2025-12-25 21:10:27,019 - INFO - Skipping NC_H08_20200424_0800_L2ARP030_FLDK.02401_02401.nc (already exists and appears cropped)
2025-12-25 21:10:27,637 - INFO - Skipping NC_H08_20200424_0900_L2ARP030_FLDK.02401_02401.nc (already exists and appears cropped)
2025-12-25 21:10:28,345 - INFO - Skipping NC_H08_20200425_0000_L2ARP030_FLDK.02401_02401.nc (already exists and appears cropped)
2025-12-25 21:10:28,970 - INFO - Skipping NC_H08_20200425_0100_L2ARP030_FLDK.02401_02401.nc (already exists and appears cropped)
2025-12-25 21:10:29,590 - INFO - Skipping NC_H08_20200425_0200_L2ARP030_FLDK.02401_02401.nc (already exists and appears cropped)
2025-12-25 21:10:30,214 - INFO - Skipping NC_H08_20200425_0300_L2ARP030_FLDK.02401_02401.nc (already exists and appears cropped)
2025-12-25 21:10:30,846 - INFO - Skipping NC_H08_20200425_0400_L2ARP030_FLDK.02401_02401.nc (already exists and appears cropped)
2025-12-25 21:10:31,460 - INFO - Skipping NC_H08_20200425_0500_L2ARP030_FLDK.02401_02401.nc (already exists and appears cropped)
2025-12-25 21:10:32,081 - INFO - Skipping NC_H08_20200425_0600_L2ARP030_FLDK.02401_02401.nc (already exists and appears cropped)
2025-12-25 21:10:32,695 - INFO - Skipping NC_H08_20200425_0700_L2ARP030_FLDK.02401_02401.nc (already exists and appears cropped)
2025-12-25 21:10:33,298 - INFO - Skipping NC_H08_20200425_0800_L2ARP030_FLDK.02401_02401.nc (already exists and appears cropped)
2025-12-25 21:10:33,915 - INFO - Skipping NC_H08_20200425_0900_L2ARP030_FLDK.02401_02401.nc (already exists and appears cropped)
2025-12-25 21:10:34,649 - INFO - Skipping NC_H08_20200426_0000_L2ARP030_FLDK.02401_02401.nc (already exists and appears cropped)
2025-12-25 21:10:35,270 - INFO - Skipping NC_H08_20200426_0100_L2ARP030_FLDK.02401_02401.nc (already exists and appears cropped)
2025-12-25 21:10:35,884 - INFO - Skipping NC_H08_20200426_0200_L2ARP030_FLDK.02401_02401.nc (already exists and appears cropped)
2025-12-25 21:10:36,538 - INFO - Skipping NC_H08_20200426_0300_L2ARP030_FLDK.02401_02401.nc (already exists and appears cropped)
2025-12-25 21:10:37,141 - INFO - Skipping NC_H08_20200426_0400_L2ARP030_FLDK.02401_02401.nc (already exists and appears cropped)
2025-12-25 21:10:37,749 - INFO - Skipping NC_H08_20200426_0500_L2ARP030_FLDK.02401_02401.nc (already exists and appears cropped)
2025-12-25 21:10:38,381 - INFO - Skipping NC_H08_20200426_0600_L2ARP030_FLDK.02401_02401.nc (already exists and appears cropped)
2025-12-25 21:10:39,031 - INFO - Skipping NC_H08_20200426_0700_L2ARP030_FLDK.02401_02401.nc (already exists and appears cropped)
2025-12-25 21:10:39,635 - INFO - Skipping NC_H08_20200426_0800_L2ARP030_FLDK.02401_02401.nc (already exists and appears cropped)
2025-12-25 21:10:40,253 - INFO - Skipping NC_H08_20200426_0900_L2ARP030_FLDK.02401_02401.nc (already exists and appears cropped)
2025-12-25 21:10:40,975 - INFO - Skipping NC_H08_20200427_0000_L2ARP030_FLDK.02401_02401.nc (already exists and appears cropped)
2025-12-25 21:10:41,589 - INFO - Skipping NC_H08_20200427_0100_L2ARP030_FLDK.02401_02401.nc (already exists and appears cropped)
2025-12-25 21:10:42,211 - INFO - Skipping NC_H08_20200427_0200_L2ARP030_FLDK.02401_02401.nc (already exists and appears cropped)
2025-12-25 21:10:42,849 - INFO - Skipping NC_H08_20200427_0300_L2ARP030_FLDK.02401_02401.nc (already exists and appears cropped)
2025-12-25 21:10:43,463 - INFO - Skipping NC_H08_20200427_0400_L2ARP030_FLDK.02401_02401.nc (already exists and appears cropped)
2025-12-25 21:10:44,068 - INFO - Skipping NC_H08_20200427_0500_L2ARP030_FLDK.02401_02401.nc (already exists and appears cropped)
2025-12-25 21:10:44,685 - INFO - Skipping NC_H08_20200427_0600_L2ARP030_FLDK.02401_02401.nc (already exists and appears cropped)
2025-12-25 21:10:45,306 - INFO - Skipping NC_H08_20200427_0700_L2ARP030_FLDK.02401_02401.nc (already exists and appears cropped)
2025-12-25 21:10:45,916 - INFO - Skipping NC_H08_20200427_0800_L2ARP030_FLDK.02401_02401.nc (already exists and appears cropped)
2025-12-25 21:10:46,528 - INFO - Skipping NC_H08_20200427_0900_L2ARP030_FLDK.02401_02401.nc (already exists and appears cropped)
2025-12-25 21:10:47,241 - INFO - Skipping NC_H08_20200428_0000_L2ARP030_FLDK.02401_02401.nc (already exists and appears cropped)
2025-12-25 21:10:47,871 - INFO - Skipping NC_H08_20200428_0100_L2ARP030_FLDK.02401_02401.nc (already exists and appears cropped)
2025-12-25 21:10:48,485 - INFO - Skipping NC_H08_20200428_0200_L2ARP030_FLDK.02401_02401.nc (already exists and appears cropped)
2025-12-25 21:10:49,104 - INFO - Skipping NC_H08_20200428_0300_L2ARP030_FLDK.02401_02401.nc (already exists and appears cropped)
2025-12-25 21:10:49,717 - INFO - Skipping NC_H08_20200428_0400_L2ARP030_FLDK.02401_02401.nc (already exists and appears cropped)
2025-12-25 21:10:50,333 - INFO - Skipping NC_H08_20200428_0500_L2ARP030_FLDK.02401_02401.nc (already exists and appears cropped)
2025-12-25 21:10:50,970 - INFO - Skipping NC_H08_20200428_0600_L2ARP030_FLDK.02401_02401.nc (already exists and appears cropped)
2025-12-25 21:10:51,591 - INFO - Skipping NC_H08_20200428_0700_L2ARP030_FLDK.02401_02401.nc (already exists and appears cropped)
2025-12-25 21:10:52,223 - INFO - Skipping NC_H08_20200428_0800_L2ARP030_FLDK.02401_02401.nc (already exists and appears cropped)
2025-12-25 21:10:52,871 - INFO - Skipping NC_H08_20200428_0900_L2ARP030_FLDK.02401_02401.nc (already exists and appears cropped)
2025-12-25 21:10:54,019 - INFO - Skipping NC_H08_20200429_0000_L2ARP030_FLDK.02401_02401.nc (already exists and appears cropped)
2025-12-25 21:10:54,646 - INFO - Skipping NC_H08_20200429_0100_L2ARP030_FLDK.02401_02401.nc (already exists and appears cropped)
2025-12-25 21:10:55,260 - INFO - Skipping NC_H08_20200429_0200_L2ARP030_FLDK.02401_02401.nc (already exists and appears cropped)
2025-12-25 21:10:55,883 - INFO - Skipping NC_H08_20200429_0300_L2ARP030_FLDK.02401_02401.nc (already exists and appears cropped)
2025-12-25 21:10:56,495 - INFO - Skipping NC_H08_20200429_0400_L2ARP030_FLDK.02401_02401.nc (already exists and appears cropped)
2025-12-25 21:10:57,107 - INFO - Skipping NC_H08_20200429_0500_L2ARP030_FLDK.02401_02401.nc (already exists and appears cropped)
2025-12-25 21:10:57,718 - INFO - Skipping NC_H08_20200429_0600_L2ARP030_FLDK.02401_02401.nc (already exists and appears cropped)
2025-12-25 21:10:58,329 - INFO - Skipping NC_H08_20200429_0700_L2ARP030_FLDK.02401_02401.nc (already exists and appears cropped)
2025-12-25 21:10:58,946 - INFO - Skipping NC_H08_20200429_0800_L2ARP030_FLDK.02401_02401.nc (already exists and appears cropped)
2025-12-25 21:10:59,568 - INFO - Skipping NC_H08_20200429_0900_L2ARP030_FLDK.02401_02401.nc (already exists and appears cropped)
2025-12-25 21:11:00,309 - INFO - Skipping NC_H08_20200430_0000_L2ARP030_FLDK.02401_02401.nc (already exists and appears cropped)
2025-12-25 21:11:00,917 - INFO - Skipping NC_H08_20200430_0100_L2ARP030_FLDK.02401_02401.nc (already exists and appears cropped)
2025-12-25 21:11:01,536 - INFO - Skipping NC_H08_20200430_0200_L2ARP030_FLDK.02401_02401.nc (already exists and appears cropped)
2025-12-25 21:11:02,149 - INFO - Skipping NC_H08_20200430_0300_L2ARP030_FLDK.02401_02401.nc (already exists and appears cropped)
2025-12-25 21:11:02,799 - INFO - Skipping NC_H08_20200430_0400_L2ARP030_FLDK.02401_02401.nc (already exists and appears cropped)
2025-12-25 21:11:03,422 - INFO - Skipping NC_H08_20200430_0500_L2ARP030_FLDK.02401_02401.nc (already exists and appears cropped)
2025-12-25 21:11:04,028 - INFO - Skipping NC_H08_20200430_0600_L2ARP030_FLDK.02401_02401.nc (already exists and appears cropped)
2025-12-25 21:11:04,638 - INFO - Skipping NC_H08_20200430_0700_L2ARP030_FLDK.02401_02401.nc (already exists and appears cropped)
2025-12-25 21:11:05,243 - INFO - Skipping NC_H08_20200430_0800_L2ARP030_FLDK.02401_02401.nc (already exists and appears cropped)
2025-12-25 21:11:05,844 - INFO - Skipping NC_H08_20200430_0900_L2ARP030_FLDK.02401_02401.nc (already exists and appears cropped)
2025-12-25 21:11:06,625 - INFO - Skipping NC_H08_20200501_0000_L2ARP030_FLDK.02401_02401.nc (already exists and appears cropped)
2025-12-25 21:11:07,247 - INFO - Skipping NC_H08_20200501_0100_L2ARP030_FLDK.02401_02401.nc (already exists and appears cropped)
2025-12-25 21:11:07,846 - INFO - Skipping NC_H08_20200501_0200_L2ARP030_FLDK.02401_02401.nc (already exists and appears cropped)
2025-12-25 21:11:08,444 - INFO - Skipping NC_H08_20200501_0300_L2ARP030_FLDK.02401_02401.nc (already exists and appears cropped)
2025-12-25 21:11:09,042 - INFO - Skipping NC_H08_20200501_0400_L2ARP030_FLDK.02401_02401.nc (already exists and appears cropped)
2025-12-25 21:11:09,664 - INFO - Skipping NC_H08_20200501_0500_L2ARP030_FLDK.02401_02401.nc (already exists and appears cropped)
2025-12-25 21:11:10,273 - INFO - Skipping NC_H08_20200501_0600_L2ARP030_FLDK.02401_02401.nc (already exists and appears cropped)
2025-12-25 21:11:10,868 - INFO - Skipping NC_H08_20200501_0700_L2ARP030_FLDK.02401_02401.nc (already exists and appears cropped)
2025-12-25 21:11:11,481 - INFO - Skipping NC_H08_20200501_0800_L2ARP030_FLDK.02401_02401.nc (already exists and appears cropped)
2025-12-25 21:11:12,105 - INFO - Skipping NC_H08_20200501_0900_L2ARP030_FLDK.02401_02401.nc (already exists and appears cropped)
2025-12-25 21:11:12,856 - INFO - Skipping NC_H08_20200502_0000_L2ARP030_FLDK.02401_02401.nc (already exists and appears cropped)
2025-12-25 21:11:13,498 - INFO - Skipping NC_H08_20200502_0100_L2ARP030_FLDK.02401_02401.nc (already exists and appears cropped)
2025-12-25 21:11:14,136 - INFO - Skipping NC_H08_20200502_0200_L2ARP030_FLDK.02401_02401.nc (already exists and appears cropped)
2025-12-25 21:11:14,747 - INFO - Skipping NC_H08_20200502_0300_L2ARP030_FLDK.02401_02401.nc (already exists and appears cropped)
2025-12-25 21:11:15,363 - INFO - Skipping NC_H08_20200502_0400_L2ARP030_FLDK.02401_02401.nc (already exists and appears cropped)
2025-12-25 21:11:15,965 - INFO - Skipping NC_H08_20200502_0500_L2ARP030_FLDK.02401_02401.nc (already exists and appears cropped)
2025-12-25 21:11:16,566 - INFO - Skipping NC_H08_20200502_0600_L2ARP030_FLDK.02401_02401.nc (already exists and appears cropped)
2025-12-25 21:11:17,175 - INFO - Skipping NC_H08_20200502_0700_L2ARP030_FLDK.02401_02401.nc (already exists and appears cropped)
2025-12-25 21:11:17,815 - INFO - Skipping NC_H08_20200502_0800_L2ARP030_FLDK.02401_02401.nc (already exists and appears cropped)
2025-12-25 21:11:18,437 - INFO - Skipping NC_H08_20200502_0900_L2ARP030_FLDK.02401_02401.nc (already exists and appears cropped)
2025-12-25 21:11:19,169 - INFO - Skipping NC_H08_20200503_0000_L2ARP030_FLDK.02401_02401.nc (already exists and appears cropped)
2025-12-25 21:11:19,782 - INFO - Skipping NC_H08_20200503_0100_L2ARP030_FLDK.02401_02401.nc (already exists and appears cropped)
2025-12-25 21:11:20,421 - INFO - Skipping NC_H08_20200503_0200_L2ARP030_FLDK.02401_02401.nc (already exists and appears cropped)
2025-12-25 21:11:21,053 - INFO - Skipping NC_H08_20200503_0300_L2ARP030_FLDK.02401_02401.nc (already exists and appears cropped)
2025-12-25 21:11:21,663 - INFO - Skipping NC_H08_20200503_0400_L2ARP030_FLDK.02401_02401.nc (already exists and appears cropped)
2025-12-25 21:11:22,565 - INFO - Skipping NC_H08_20200503_0500_L2ARP030_FLDK.02401_02401.nc (already exists and appears cropped)
2025-12-25 21:11:23,170 - INFO - Skipping NC_H08_20200503_0600_L2ARP030_FLDK.02401_02401.nc (already exists and appears cropped)
2025-12-25 21:11:23,788 - INFO - Skipping NC_H08_20200503_0700_L2ARP030_FLDK.02401_02401.nc (already exists and appears cropped)
2025-12-25 21:11:24,448 - INFO - Skipping NC_H08_20200503_0800_L2ARP030_FLDK.02401_02401.nc (already exists and appears cropped)
2025-12-25 21:11:25,073 - INFO - Skipping NC_H08_20200503_0900_L2ARP030_FLDK.02401_02401.nc (already exists and appears cropped)
2025-12-25 21:11:25,798 - INFO - Skipping NC_H08_20200504_0000_L2ARP030_FLDK.02401_02401.nc (already exists and appears cropped)
2025-12-25 21:11:26,412 - INFO - Skipping NC_H08_20200504_0100_L2ARP030_FLDK.02401_02401.nc (already exists and appears cropped)
2025-12-25 21:11:27,040 - INFO - Skipping NC_H08_20200504_0200_L2ARP030_FLDK.02401_02401.nc (already exists and appears cropped)
2025-12-25 21:11:27,650 - INFO - Skipping NC_H08_20200504_0300_L2ARP030_FLDK.02401_02401.nc (already exists and appears cropped)
2025-12-25 21:11:29,553 - INFO - Skipping NC_H08_20200504_0400_L2ARP030_FLDK.02401_02401.nc (already exists and appears cropped)
2025-12-25 21:11:30,163 - INFO - Skipping NC_H08_20200504_0500_L2ARP030_FLDK.02401_02401.nc (already exists and appears cropped)
2025-12-25 21:11:30,812 - INFO - Skipping NC_H08_20200504_0600_L2ARP030_FLDK.02401_02401.nc (already exists and appears cropped)
2025-12-25 21:11:31,434 - INFO - Skipping NC_H08_20200504_0700_L2ARP030_FLDK.02401_02401.nc (already exists and appears cropped)
2025-12-25 21:11:32,052 - INFO - Skipping NC_H08_20200504_0800_L2ARP030_FLDK.02401_02401.nc (already exists and appears cropped)
2025-12-25 21:11:32,675 - INFO - Skipping NC_H08_20200504_0900_L2ARP030_FLDK.02401_02401.nc (already exists and appears cropped)
2025-12-25 21:11:33,409 - INFO - Skipping NC_H08_20200505_0000_L2ARP030_FLDK.02401_02401.nc (already exists and appears cropped)
2025-12-25 21:11:34,023 - INFO - Skipping NC_H08_20200505_0100_L2ARP030_FLDK.02401_02401.nc (already exists and appears cropped)
2025-12-25 21:11:34,663 - INFO - Skipping NC_H08_20200505_0200_L2ARP030_FLDK.02401_02401.nc (already exists and appears cropped)
2025-12-25 21:11:35,267 - INFO - Skipping NC_H08_20200505_0300_L2ARP030_FLDK.02401_02401.nc (already exists and appears cropped)
2025-12-25 21:11:35,870 - INFO - Skipping NC_H08_20200505_0400_L2ARP030_FLDK.02401_02401.nc (already exists and appears cropped)
2025-12-25 21:11:36,485 - INFO - Skipping NC_H08_20200505_0500_L2ARP030_FLDK.02401_02401.nc (already exists and appears cropped)
2025-12-25 21:11:37,083 - INFO - Skipping NC_H08_20200505_0600_L2ARP030_FLDK.02401_02401.nc (already exists and appears cropped)
2025-12-25 21:11:37,696 - INFO - Skipping NC_H08_20200505_0700_L2ARP030_FLDK.02401_02401.nc (already exists and appears cropped)
2025-12-25 21:11:38,295 - INFO - Skipping NC_H08_20200505_0800_L2ARP030_FLDK.02401_02401.nc (already exists and appears cropped)
2025-12-25 21:11:38,907 - INFO - Skipping NC_H08_20200505_0900_L2ARP030_FLDK.02401_02401.nc (already exists and appears cropped)
2025-12-25 21:11:40,642 - INFO - Skipping NC_H08_20200506_0000_L2ARP030_FLDK.02401_02401.nc (already exists and appears cropped)
2025-12-25 21:11:41,251 - INFO - Skipping NC_H08_20200506_0100_L2ARP030_FLDK.02401_02401.nc (already exists and appears cropped)
2025-12-25 21:11:41,848 - INFO - Skipping NC_H08_20200506_0200_L2ARP030_FLDK.02401_02401.nc (already exists and appears cropped)
2025-12-25 21:11:42,465 - INFO - Skipping NC_H08_20200506_0300_L2ARP030_FLDK.02401_02401.nc (already exists and appears cropped)
2025-12-25 21:11:43,100 - INFO - Skipping NC_H08_20200506_0400_L2ARP030_FLDK.02401_02401.nc (already exists and appears cropped)
2025-12-25 21:11:43,725 - INFO - Skipping NC_H08_20200506_0500_L2ARP030_FLDK.02401_02401.nc (already exists and appears cropped)
2025-12-25 21:11:44,345 - INFO - Skipping NC_H08_20200506_0600_L2ARP030_FLDK.02401_02401.nc (already exists and appears cropped)
2025-12-25 21:11:44,961 - INFO - Skipping NC_H08_20200506_0700_L2ARP030_FLDK.02401_02401.nc (already exists and appears cropped)
2025-12-25 21:11:45,570 - INFO - Skipping NC_H08_20200506_0800_L2ARP030_FLDK.02401_02401.nc (already exists and appears cropped)
2025-12-25 21:11:46,181 - INFO - Skipping NC_H08_20200506_0900_L2ARP030_FLDK.02401_02401.nc (already exists and appears cropped)
2025-12-25 21:11:46,904 - INFO - Skipping NC_H08_20200507_0000_L2ARP030_FLDK.02401_02401.nc (already exists and appears cropped)
2025-12-25 21:11:47,505 - INFO - Skipping NC_H08_20200507_0100_L2ARP030_FLDK.02401_02401.nc (already exists and appears cropped)
2025-12-25 21:11:48,134 - INFO - Skipping NC_H08_20200507_0200_L2ARP030_FLDK.02401_02401.nc (already exists and appears cropped)
2025-12-25 21:11:48,738 - INFO - Skipping NC_H08_20200507_0300_L2ARP030_FLDK.02401_02401.nc (already exists and appears cropped)
2025-12-25 21:11:49,374 - INFO - Skipping NC_H08_20200507_0400_L2ARP030_FLDK.02401_02401.nc (already exists and appears cropped)
2025-12-25 21:11:50,001 - INFO - Skipping NC_H08_20200507_0500_L2ARP030_FLDK.02401_02401.nc (already exists and appears cropped)
2025-12-25 21:11:50,652 - INFO - Skipping NC_H08_20200507_0600_L2ARP030_FLDK.02401_02401.nc (already exists and appears cropped)
2025-12-25 21:11:51,274 - INFO - Skipping NC_H08_20200507_0700_L2ARP030_FLDK.02401_02401.nc (already exists and appears cropped)
2025-12-25 21:11:51,899 - INFO - Skipping NC_H08_20200507_0800_L2ARP030_FLDK.02401_02401.nc (already exists and appears cropped)
2025-12-25 21:11:52,548 - INFO - Skipping NC_H08_20200507_0900_L2ARP030_FLDK.02401_02401.nc (already exists and appears cropped)
2025-12-25 21:11:53,285 - INFO - Skipping NC_H08_20200508_0000_L2ARP030_FLDK.02401_02401.nc (already exists and appears cropped)
2025-12-25 21:11:53,896 - INFO - Skipping NC_H08_20200508_0100_L2ARP030_FLDK.02401_02401.nc (already exists and appears cropped)
2025-12-25 21:11:54,548 - INFO - Skipping NC_H08_20200508_0200_L2ARP030_FLDK.02401_02401.nc (already exists and appears cropped)
2025-12-25 21:11:55,150 - INFO - Skipping NC_H08_20200508_0300_L2ARP030_FLDK.02401_02401.nc (already exists and appears cropped)
2025-12-25 21:11:56,065 - INFO - Skipping NC_H08_20200508_0400_L2ARP030_FLDK.02401_02401.nc (already exists and appears cropped)
2025-12-25 21:11:56,739 - INFO - Skipping NC_H08_20200508_0500_L2ARP030_FLDK.02401_02401.nc (already exists and appears cropped)
2025-12-25 21:11:57,364 - INFO - Skipping NC_H08_20200508_0600_L2ARP030_FLDK.02401_02401.nc (already exists and appears cropped)
2025-12-25 21:11:57,969 - INFO - Skipping NC_H08_20200508_0700_L2ARP030_FLDK.02401_02401.nc (already exists and appears cropped)
2025-12-25 21:11:58,564 - INFO - Skipping NC_H08_20200508_0800_L2ARP030_FLDK.02401_02401.nc (already exists and appears cropped)
2025-12-25 21:11:59,181 - INFO - Skipping NC_H08_20200508_0900_L2ARP030_FLDK.02401_02401.nc (already exists and appears cropped)
2025-12-25 21:11:59,891 - INFO - Skipping NC_H08_20200509_0000_L2ARP030_FLDK.02401_02401.nc (already exists and appears cropped)
2025-12-25 21:12:00,518 - INFO - Skipping NC_H08_20200509_0100_L2ARP030_FLDK.02401_02401.nc (already exists and appears cropped)
2025-12-25 21:12:01,138 - INFO - Skipping NC_H08_20200509_0200_L2ARP030_FLDK.02401_02401.nc (already exists and appears cropped)
2025-12-25 21:12:01,769 - INFO - Skipping NC_H08_20200509_0300_L2ARP030_FLDK.02401_02401.nc (already exists and appears cropped)
2025-12-25 21:12:02,376 - INFO - Skipping NC_H08_20200509_0400_L2ARP030_FLDK.02401_02401.nc (already exists and appears cropped)
2025-12-25 21:12:03,004 - INFO - Skipping NC_H08_20200509_0500_L2ARP030_FLDK.02401_02401.nc (already exists and appears cropped)
2025-12-25 21:12:03,619 - INFO - Skipping NC_H08_20200509_0600_L2ARP030_FLDK.02401_02401.nc (already exists and appears cropped)
2025-12-25 21:12:04,228 - INFO - Skipping NC_H08_20200509_0700_L2ARP030_FLDK.02401_02401.nc (already exists and appears cropped)
2025-12-25 21:12:04,832 - INFO - Skipping NC_H08_20200509_0800_L2ARP030_FLDK.02401_02401.nc (already exists and appears cropped)
2025-12-25 21:12:05,446 - INFO - Skipping NC_H08_20200509_0900_L2ARP030_FLDK.02401_02401.nc (already exists and appears cropped)
2025-12-25 21:12:06,163 - INFO - Skipping NC_H08_20200510_0000_L2ARP030_FLDK.02401_02401.nc (already exists and appears cropped)
2025-12-25 21:12:06,774 - INFO - Skipping NC_H08_20200510_0100_L2ARP030_FLDK.02401_02401.nc (already exists and appears cropped)
2025-12-25 21:12:07,405 - INFO - Skipping NC_H08_20200510_0200_L2ARP030_FLDK.02401_02401.nc (already exists and appears cropped)
2025-12-25 21:12:08,022 - INFO - Skipping NC_H08_20200510_0300_L2ARP030_FLDK.02401_02401.nc (already exists and appears cropped)
2025-12-25 21:12:08,644 - INFO - Skipping NC_H08_20200510_0400_L2ARP030_FLDK.02401_02401.nc (already exists and appears cropped)
2025-12-25 21:12:09,271 - INFO - Skipping NC_H08_20200510_0500_L2ARP030_FLDK.02401_02401.nc (already exists and appears cropped)
2025-12-25 21:12:09,871 - INFO - Skipping NC_H08_20200510_0600_L2ARP030_FLDK.02401_02401.nc (already exists and appears cropped)
2025-12-25 21:12:10,512 - INFO - Skipping NC_H08_20200510_0700_L2ARP030_FLDK.02401_02401.nc (already exists and appears cropped)
2025-12-25 21:12:11,114 - INFO - Skipping NC_H08_20200510_0800_L2ARP030_FLDK.02401_02401.nc (already exists and appears cropped)
2025-12-25 21:12:11,721 - INFO - Skipping NC_H08_20200510_0900_L2ARP030_FLDK.02401_02401.nc (already exists and appears cropped)
2025-12-25 21:12:12,480 - INFO - Skipping NC_H08_20200511_0000_L2ARP030_FLDK.02401_02401.nc (already exists and appears cropped)
2025-12-25 21:12:13,074 - INFO - Skipping NC_H08_20200511_0100_L2ARP030_FLDK.02401_02401.nc (already exists and appears cropped)
2025-12-25 21:12:13,678 - INFO - Skipping NC_H08_20200511_0200_L2ARP030_FLDK.02401_02401.nc (already exists and appears cropped)
2025-12-25 21:12:14,279 - INFO - Skipping NC_H08_20200511_0300_L2ARP030_FLDK.02401_02401.nc (already exists and appears cropped)
2025-12-25 21:12:14,894 - INFO - Skipping NC_H08_20200511_0400_L2ARP030_FLDK.02401_02401.nc (already exists and appears cropped)
2025-12-25 21:12:15,503 - INFO - Skipping NC_H08_20200511_0500_L2ARP030_FLDK.02401_02401.nc (already exists and appears cropped)
2025-12-25 21:12:16,121 - INFO - Skipping NC_H08_20200511_0600_L2ARP030_FLDK.02401_02401.nc (already exists and appears cropped)
2025-12-25 21:12:16,741 - INFO - Skipping NC_H08_20200511_0700_L2ARP030_FLDK.02401_02401.nc (already exists and appears cropped)
2025-12-25 21:12:17,354 - INFO - Skipping NC_H08_20200511_0800_L2ARP030_FLDK.02401_02401.nc (already exists and appears cropped)
2025-12-25 21:12:17,963 - INFO - Skipping NC_H08_20200511_0900_L2ARP030_FLDK.02401_02401.nc (already exists and appears cropped)
2025-12-25 21:12:18,680 - INFO - Skipping NC_H08_20200512_0000_L2ARP030_FLDK.02401_02401.nc (already exists and appears cropped)
2025-12-25 21:12:19,285 - INFO - Skipping NC_H08_20200512_0100_L2ARP030_FLDK.02401_02401.nc (already exists and appears cropped)
2025-12-25 21:12:19,903 - INFO - Skipping NC_H08_20200512_0200_L2ARP030_FLDK.02401_02401.nc (already exists and appears cropped)
2025-12-25 21:12:20,512 - INFO - Skipping NC_H08_20200512_0300_L2ARP030_FLDK.02401_02401.nc (already exists and appears cropped)
2025-12-25 21:12:21,109 - INFO - Skipping NC_H08_20200512_0400_L2ARP030_FLDK.02401_02401.nc (already exists and appears cropped)
2025-12-25 21:12:21,702 - INFO - Skipping NC_H08_20200512_0500_L2ARP030_FLDK.02401_02401.nc (already exists and appears cropped)
2025-12-25 21:12:22,307 - INFO - Skipping NC_H08_20200512_0600_L2ARP030_FLDK.02401_02401.nc (already exists and appears cropped)
2025-12-25 21:12:22,940 - INFO - Skipping NC_H08_20200512_0700_L2ARP030_FLDK.02401_02401.nc (already exists and appears cropped)
2025-12-25 21:12:23,557 - INFO - Skipping NC_H08_20200512_0800_L2ARP030_FLDK.02401_02401.nc (already exists and appears cropped)
2025-12-25 21:12:24,168 - INFO - Skipping NC_H08_20200512_0900_L2ARP030_FLDK.02401_02401.nc (already exists and appears cropped)
2025-12-25 21:12:24,920 - INFO - Skipping NC_H08_20200513_0000_L2ARP030_FLDK.02401_02401.nc (already exists and appears cropped)
2025-12-25 21:12:25,562 - INFO - Skipping NC_H08_20200513_0100_L2ARP030_FLDK.02401_02401.nc (already exists and appears cropped)
2025-12-25 21:12:26,176 - INFO - Skipping NC_H08_20200513_0200_L2ARP030_FLDK.02401_02401.nc (already exists and appears cropped)
2025-12-25 21:12:26,789 - INFO - Skipping NC_H08_20200513_0300_L2ARP030_FLDK.02401_02401.nc (already exists and appears cropped)
2025-12-25 21:12:27,389 - INFO - Skipping NC_H08_20200513_0400_L2ARP030_FLDK.02401_02401.nc (already exists and appears cropped)
2025-12-25 21:12:28,011 - INFO - Skipping NC_H08_20200513_0500_L2ARP030_FLDK.02401_02401.nc (already exists and appears cropped)
2025-12-25 21:12:28,609 - INFO - Skipping NC_H08_20200513_0600_L2ARP030_FLDK.02401_02401.nc (already exists and appears cropped)
2025-12-25 21:12:29,217 - INFO - Skipping NC_H08_20200513_0700_L2ARP030_FLDK.02401_02401.nc (already exists and appears cropped)
2025-12-25 21:12:29,827 - INFO - Skipping NC_H08_20200513_0800_L2ARP030_FLDK.02401_02401.nc (already exists and appears cropped)
2025-12-25 21:12:30,451 - INFO - Skipping NC_H08_20200513_0900_L2ARP030_FLDK.02401_02401.nc (already exists and appears cropped)
2025-12-25 21:12:31,187 - INFO - Skipping NC_H08_20200514_0000_L2ARP030_FLDK.02401_02401.nc (already exists and appears cropped)
2025-12-25 21:12:31,804 - INFO - Skipping NC_H08_20200514_0100_L2ARP030_FLDK.02401_02401.nc (already exists and appears cropped)
2025-12-25 21:12:32,421 - INFO - Skipping NC_H08_20200514_0200_L2ARP030_FLDK.02401_02401.nc (already exists and appears cropped)
2025-12-25 21:12:33,029 - INFO - Skipping NC_H08_20200514_0300_L2ARP030_FLDK.02401_02401.nc (already exists and appears cropped)
2025-12-25 21:12:33,638 - INFO - Skipping NC_H08_20200514_0400_L2ARP030_FLDK.02401_02401.nc (already exists and appears cropped)
2025-12-25 21:12:34,253 - INFO - Skipping NC_H08_20200514_0500_L2ARP030_FLDK.02401_02401.nc (already exists and appears cropped)
2025-12-25 21:12:34,853 - INFO - Skipping NC_H08_20200514_0600_L2ARP030_FLDK.02401_02401.nc (already exists and appears cropped)
2025-12-25 21:12:35,463 - INFO - Skipping NC_H08_20200514_0700_L2ARP030_FLDK.02401_02401.nc (already exists and appears cropped)
2025-12-25 21:12:36,077 - INFO - Skipping NC_H08_20200514_0800_L2ARP030_FLDK.02401_02401.nc (already exists and appears cropped)
2025-12-25 21:12:36,685 - INFO - Skipping NC_H08_20200514_0900_L2ARP030_FLDK.02401_02401.nc (already exists and appears cropped)
2025-12-25 21:12:37,425 - INFO - Skipping NC_H08_20200515_0000_L2ARP030_FLDK.02401_02401.nc (already exists and appears cropped)
2025-12-25 21:12:38,035 - INFO - Skipping NC_H08_20200515_0100_L2ARP030_FLDK.02401_02401.nc (already exists and appears cropped)
2025-12-25 21:12:38,650 - INFO - Skipping NC_H08_20200515_0200_L2ARP030_FLDK.02401_02401.nc (already exists and appears cropped)
2025-12-25 21:12:39,257 - INFO - Skipping NC_H08_20200515_0300_L2ARP030_FLDK.02401_02401.nc (already exists and appears cropped)
2025-12-25 21:12:39,859 - INFO - Skipping NC_H08_20200515_0400_L2ARP030_FLDK.02401_02401.nc (already exists and appears cropped)
2025-12-25 21:12:40,529 - INFO - Skipping NC_H08_20200515_0500_L2ARP030_FLDK.02401_02401.nc (already exists and appears cropped)
2025-12-25 21:12:41,127 - INFO - Skipping NC_H08_20200515_0600_L2ARP030_FLDK.02401_02401.nc (already exists and appears cropped)
2025-12-25 21:12:41,726 - INFO - Skipping NC_H08_20200515_0700_L2ARP030_FLDK.02401_02401.nc (already exists and appears cropped)
2025-12-25 21:12:42,327 - INFO - Skipping NC_H08_20200515_0800_L2ARP030_FLDK.02401_02401.nc (already exists and appears cropped)
2025-12-25 21:12:42,940 - INFO - Skipping NC_H08_20200515_0900_L2ARP030_FLDK.02401_02401.nc (already exists and appears cropped)
2025-12-25 21:12:43,677 - INFO - Skipping NC_H08_20200516_0000_L2ARP030_FLDK.02401_02401.nc (already exists and appears cropped)
2025-12-25 21:12:44,303 - INFO - Skipping NC_H08_20200516_0100_L2ARP030_FLDK.02401_02401.nc (already exists and appears cropped)
2025-12-25 21:12:44,954 - INFO - Skipping NC_H08_20200516_0200_L2ARP030_FLDK.02401_02401.nc (already exists and appears cropped)
2025-12-25 21:12:45,560 - INFO - Skipping NC_H08_20200516_0300_L2ARP030_FLDK.02401_02401.nc (already exists and appears cropped)
2025-12-25 21:12:46,193 - INFO - Skipping NC_H08_20200516_0400_L2ARP030_FLDK.02401_02401.nc (already exists and appears cropped)
2025-12-25 21:12:46,812 - INFO - Skipping NC_H08_20200516_0500_L2ARP030_FLDK.02401_02401.nc (already exists and appears cropped)
2025-12-25 21:12:47,432 - INFO - Skipping NC_H08_20200516_0600_L2ARP030_FLDK.02401_02401.nc (already exists and appears cropped)
2025-12-25 21:12:48,051 - INFO - Skipping NC_H08_20200516_0700_L2ARP030_FLDK.02401_02401.nc (already exists and appears cropped)
2025-12-25 21:12:48,654 - INFO - Skipping NC_H08_20200516_0800_L2ARP030_FLDK.02401_02401.nc (already exists and appears cropped)
2025-12-25 21:12:49,269 - INFO - Skipping NC_H08_20200516_0900_L2ARP030_FLDK.02401_02401.nc (already exists and appears cropped)
2025-12-25 21:12:49,995 - INFO - Skipping NC_H08_20200517_0000_L2ARP030_FLDK.02401_02401.nc (already exists and appears cropped)
2025-12-25 21:12:50,612 - INFO - Skipping NC_H08_20200517_0100_L2ARP030_FLDK.02401_02401.nc (already exists and appears cropped)
2025-12-25 21:12:51,221 - INFO - Skipping NC_H08_20200517_0200_L2ARP030_FLDK.02401_02401.nc (already exists and appears cropped)
2025-12-25 21:12:51,820 - INFO - Skipping NC_H08_20200517_0300_L2ARP030_FLDK.02401_02401.nc (already exists and appears cropped)
2025-12-25 21:12:52,422 - INFO - Skipping NC_H08_20200517_0400_L2ARP030_FLDK.02401_02401.nc (already exists and appears cropped)
2025-12-25 21:12:53,028 - INFO - Skipping NC_H08_20200517_0500_L2ARP030_FLDK.02401_02401.nc (already exists and appears cropped)
2025-12-25 21:12:53,643 - INFO - Skipping NC_H08_20200517_0600_L2ARP030_FLDK.02401_02401.nc (already exists and appears cropped)
2025-12-25 21:12:54,275 - INFO - Skipping NC_H08_20200517_0700_L2ARP030_FLDK.02401_02401.nc (already exists and appears cropped)
2025-12-25 21:12:54,886 - INFO - Skipping NC_H08_20200517_0800_L2ARP030_FLDK.02401_02401.nc (already exists and appears cropped)
2025-12-25 21:12:55,508 - INFO - Skipping NC_H08_20200517_0900_L2ARP030_FLDK.02401_02401.nc (already exists and appears cropped)
2025-12-25 21:12:56,229 - INFO - Skipping NC_H08_20200518_0000_L2ARP030_FLDK.02401_02401.nc (already exists and appears cropped)
2025-12-25 21:12:56,836 - INFO - Skipping NC_H08_20200518_0100_L2ARP030_FLDK.02401_02401.nc (already exists and appears cropped)
2025-12-25 21:12:57,443 - INFO - Skipping NC_H08_20200518_0200_L2ARP030_FLDK.02401_02401.nc (already exists and appears cropped)
2025-12-25 21:12:58,484 - INFO - Skipping NC_H08_20200518_0300_L2ARP030_FLDK.02401_02401.nc (already exists and appears cropped)
2025-12-25 21:12:59,108 - INFO - Skipping NC_H08_20200518_0400_L2ARP030_FLDK.02401_02401.nc (already exists and appears cropped)
2025-12-25 21:12:59,726 - INFO - Skipping NC_H08_20200518_0500_L2ARP030_FLDK.02401_02401.nc (already exists and appears cropped)
2025-12-25 21:13:00,340 - INFO - Skipping NC_H08_20200518_0600_L2ARP030_FLDK.02401_02401.nc (already exists and appears cropped)
2025-12-25 21:13:00,953 - INFO - Skipping NC_H08_20200518_0700_L2ARP030_FLDK.02401_02401.nc (already exists and appears cropped)
2025-12-25 21:13:01,594 - INFO - Skipping NC_H08_20200518_0800_L2ARP030_FLDK.02401_02401.nc (already exists and appears cropped)
2025-12-25 21:13:02,202 - INFO - Skipping NC_H08_20200518_0900_L2ARP030_FLDK.02401_02401.nc (already exists and appears cropped)
2025-12-25 21:13:02,931 - INFO - Skipping NC_H08_20200519_0000_L2ARP030_FLDK.02401_02401.nc (already exists and appears cropped)
2025-12-25 21:13:03,585 - INFO - Skipping NC_H08_20200519_0100_L2ARP030_FLDK.02401_02401.nc (already exists and appears cropped)
2025-12-25 21:13:04,194 - INFO - Skipping NC_H08_20200519_0200_L2ARP030_FLDK.02401_02401.nc (already exists and appears cropped)
2025-12-25 21:13:04,810 - INFO - Skipping NC_H08_20200519_0300_L2ARP030_FLDK.02401_02401.nc (already exists and appears cropped)
2025-12-25 21:13:05,447 - INFO - Skipping NC_H08_20200519_0400_L2ARP030_FLDK.02401_02401.nc (already exists and appears cropped)
2025-12-25 21:13:06,090 - INFO - Skipping NC_H08_20200519_0500_L2ARP030_FLDK.02401_02401.nc (already exists and appears cropped)
2025-12-25 21:13:06,721 - INFO - Skipping NC_H08_20200519_0600_L2ARP030_FLDK.02401_02401.nc (already exists and appears cropped)
2025-12-25 21:13:07,345 - INFO - Skipping NC_H08_20200519_0700_L2ARP030_FLDK.02401_02401.nc (already exists and appears cropped)
2025-12-25 21:13:07,969 - INFO - Skipping NC_H08_20200519_0800_L2ARP030_FLDK.02401_02401.nc (already exists and appears cropped)
2025-12-25 21:13:08,617 - INFO - Skipping NC_H08_20200519_0900_L2ARP030_FLDK.02401_02401.nc (already exists and appears cropped)
2025-12-25 21:13:09,378 - INFO - Skipping NC_H08_20200520_0000_L2ARP030_FLDK.02401_02401.nc (already exists and appears cropped)
2025-12-25 21:13:10,010 - INFO - Skipping NC_H08_20200520_0100_L2ARP030_FLDK.02401_02401.nc (already exists and appears cropped)
2025-12-25 21:13:10,613 - INFO - Skipping NC_H08_20200520_0200_L2ARP030_FLDK.02401_02401.nc (already exists and appears cropped)
2025-12-25 21:13:11,216 - INFO - Skipping NC_H08_20200520_0300_L2ARP030_FLDK.02401_02401.nc (already exists and appears cropped)
2025-12-25 21:13:11,836 - INFO - Skipping NC_H08_20200520_0400_L2ARP030_FLDK.02401_02401.nc (already exists and appears cropped)
2025-12-25 21:13:12,464 - INFO - Skipping NC_H08_20200520_0500_L2ARP030_FLDK.02401_02401.nc (already exists and appears cropped)
2025-12-25 21:13:13,075 - INFO - Skipping NC_H08_20200520_0600_L2ARP030_FLDK.02401_02401.nc (already exists and appears cropped)
2025-12-25 21:13:13,693 - INFO - Skipping NC_H08_20200520_0700_L2ARP030_FLDK.02401_02401.nc (already exists and appears cropped)
2025-12-25 21:13:14,298 - INFO - Skipping NC_H08_20200520_0800_L2ARP030_FLDK.02401_02401.nc (already exists and appears cropped)
2025-12-25 21:13:14,911 - INFO - Skipping NC_H08_20200520_0900_L2ARP030_FLDK.02401_02401.nc (already exists and appears cropped)
2025-12-25 21:13:15,634 - INFO - Skipping NC_H08_20200521_0000_L2ARP030_FLDK.02401_02401.nc (already exists and appears cropped)
2025-12-25 21:13:16,249 - INFO - Skipping NC_H08_20200521_0100_L2ARP030_FLDK.02401_02401.nc (already exists and appears cropped)
2025-12-25 21:13:16,791 - INFO - No minute 00 files found in /pub/himawari/L2/ARP/030/202005/21/02/
2025-12-25 21:13:17,433 - INFO - Skipping NC_H08_20200521_0300_L2ARP030_FLDK.02401_02401.nc (already exists and appears cropped)
2025-12-25 21:13:18,041 - INFO - Skipping NC_H08_20200521_0400_L2ARP030_FLDK.02401_02401.nc (already exists and appears cropped)
2025-12-25 21:13:18,661 - INFO - Skipping NC_H08_20200521_0500_L2ARP030_FLDK.02401_02401.nc (already exists and appears cropped)
2025-12-25 21:13:19,286 - INFO - Skipping NC_H08_20200521_0600_L2ARP030_FLDK.02401_02401.nc (already exists and appears cropped)
2025-12-25 21:13:19,940 - INFO - Skipping NC_H08_20200521_0700_L2ARP030_FLDK.02401_02401.nc (already exists and appears cropped)
2025-12-25 21:13:20,553 - INFO - Skipping NC_H08_20200521_0800_L2ARP030_FLDK.02401_02401.nc (already exists and appears cropped)
2025-12-25 21:13:21,182 - INFO - Skipping NC_H08_20200521_0900_L2ARP030_FLDK.02401_02401.nc (already exists and appears cropped)
2025-12-25 21:13:21,907 - INFO - Skipping NC_H08_20200522_0000_L2ARP030_FLDK.02401_02401.nc (already exists and appears cropped)
2025-12-25 21:13:22,543 - INFO - Skipping NC_H08_20200522_0100_L2ARP030_FLDK.02401_02401.nc (already exists and appears cropped)
2025-12-25 21:13:23,153 - INFO - Skipping NC_H08_20200522_0200_L2ARP030_FLDK.02401_02401.nc (already exists and appears cropped)
2025-12-25 21:13:23,772 - INFO - Skipping NC_H08_20200522_0300_L2ARP030_FLDK.02401_02401.nc (already exists and appears cropped)
2025-12-25 21:13:24,406 - INFO - Skipping NC_H08_20200522_0400_L2ARP030_FLDK.02401_02401.nc (already exists and appears cropped)
2025-12-25 21:13:25,054 - INFO - Skipping NC_H08_20200522_0500_L2ARP030_FLDK.02401_02401.nc (already exists and appears cropped)
2025-12-25 21:13:25,681 - INFO - Skipping NC_H08_20200522_0600_L2ARP030_FLDK.02401_02401.nc (already exists and appears cropped)
2025-12-25 21:13:26,311 - INFO - Skipping NC_H08_20200522_0700_L2ARP030_FLDK.02401_02401.nc (already exists and appears cropped)
2025-12-25 21:13:26,947 - INFO - Skipping NC_H08_20200522_0800_L2ARP030_FLDK.02401_02401.nc (already exists and appears cropped)
2025-12-25 21:13:27,560 - INFO - Skipping NC_H08_20200522_0900_L2ARP030_FLDK.02401_02401.nc (already exists and appears cropped)
2025-12-25 21:13:28,284 - INFO - Skipping NC_H08_20200523_0000_L2ARP030_FLDK.02401_02401.nc (already exists and appears cropped)
2025-12-25 21:13:28,919 - INFO - Skipping NC_H08_20200523_0100_L2ARP030_FLDK.02401_02401.nc (already exists and appears cropped)
2025-12-25 21:13:29,530 - INFO - Skipping NC_H08_20200523_0200_L2ARP030_FLDK.02401_02401.nc (already exists and appears cropped)
2025-12-25 21:13:30,144 - INFO - Skipping NC_H08_20200523_0300_L2ARP030_FLDK.02401_02401.nc (already exists and appears cropped)
2025-12-25 21:13:30,753 - INFO - Skipping NC_H08_20200523_0400_L2ARP030_FLDK.02401_02401.nc (already exists and appears cropped)
2025-12-25 21:13:31,369 - INFO - Skipping NC_H08_20200523_0500_L2ARP030_FLDK.02401_02401.nc (already exists and appears cropped)
2025-12-25 21:13:31,981 - INFO - Skipping NC_H08_20200523_0600_L2ARP030_FLDK.02401_02401.nc (already exists and appears cropped)
2025-12-25 21:13:32,613 - INFO - Skipping NC_H08_20200523_0700_L2ARP030_FLDK.02401_02401.nc (already exists and appears cropped)
2025-12-25 21:13:33,224 - INFO - Skipping NC_H08_20200523_0800_L2ARP030_FLDK.02401_02401.nc (already exists and appears cropped)
2025-12-25 21:13:33,837 - INFO - Skipping NC_H08_20200523_0900_L2ARP030_FLDK.02401_02401.nc (already exists and appears cropped)
2025-12-25 21:13:34,559 - INFO - Skipping NC_H08_20200524_0000_L2ARP030_FLDK.02401_02401.nc (already exists and appears cropped)
2025-12-25 21:13:35,160 - INFO - Skipping NC_H08_20200524_0100_L2ARP030_FLDK.02401_02401.nc (already exists and appears cropped)
2025-12-25 21:13:35,763 - INFO - Skipping NC_H08_20200524_0200_L2ARP030_FLDK.02401_02401.nc (already exists and appears cropped)
2025-12-25 21:13:36,380 - INFO - Skipping NC_H08_20200524_0300_L2ARP030_FLDK.02401_02401.nc (already exists and appears cropped)
2025-12-25 21:13:37,023 - INFO - Skipping NC_H08_20200524_0400_L2ARP030_FLDK.02401_02401.nc (already exists and appears cropped)
2025-12-25 21:13:37,636 - INFO - Skipping NC_H08_20200524_0500_L2ARP030_FLDK.02401_02401.nc (already exists and appears cropped)
2025-12-25 21:13:38,250 - INFO - Skipping NC_H08_20200524_0600_L2ARP030_FLDK.02401_02401.nc (already exists and appears cropped)
2025-12-25 21:13:38,856 - INFO - Skipping NC_H08_20200524_0700_L2ARP030_FLDK.02401_02401.nc (already exists and appears cropped)
2025-12-25 21:13:39,473 - INFO - Skipping NC_H08_20200524_0800_L2ARP030_FLDK.02401_02401.nc (already exists and appears cropped)
2025-12-25 21:13:40,071 - INFO - Skipping NC_H08_20200524_0900_L2ARP030_FLDK.02401_02401.nc (already exists and appears cropped)
2025-12-25 21:13:40,814 - INFO - Skipping NC_H08_20200525_0000_L2ARP030_FLDK.02401_02401.nc (already exists and appears cropped)
2025-12-25 21:13:41,438 - INFO - Skipping NC_H08_20200525_0100_L2ARP030_FLDK.02401_02401.nc (already exists and appears cropped)
2025-12-25 21:13:42,059 - INFO - Skipping NC_H08_20200525_0200_L2ARP030_FLDK.02401_02401.nc (already exists and appears cropped)
2025-12-25 21:13:42,677 - INFO - Skipping NC_H08_20200525_0300_L2ARP030_FLDK.02401_02401.nc (already exists and appears cropped)
2025-12-25 21:13:43,308 - INFO - Skipping NC_H08_20200525_0400_L2ARP030_FLDK.02401_02401.nc (already exists and appears cropped)
2025-12-25 21:13:43,927 - INFO - Skipping NC_H08_20200525_0500_L2ARP030_FLDK.02401_02401.nc (already exists and appears cropped)
2025-12-25 21:13:44,570 - INFO - Skipping NC_H08_20200525_0600_L2ARP030_FLDK.02401_02401.nc (already exists and appears cropped)
2025-12-25 21:13:45,208 - INFO - Skipping NC_H08_20200525_0700_L2ARP030_FLDK.02401_02401.nc (already exists and appears cropped)
2025-12-25 21:13:45,826 - INFO - Skipping NC_H08_20200525_0800_L2ARP030_FLDK.02401_02401.nc (already exists and appears cropped)
2025-12-25 21:13:46,451 - INFO - Skipping NC_H08_20200525_0900_L2ARP030_FLDK.02401_02401.nc (already exists and appears cropped)
2025-12-25 21:13:47,218 - INFO - Skipping NC_H08_20200526_0000_L2ARP030_FLDK.02401_02401.nc (already exists and appears cropped)
2025-12-25 21:13:47,838 - INFO - Skipping NC_H08_20200526_0100_L2ARP030_FLDK.02401_02401.nc (already exists and appears cropped)
2025-12-25 21:13:48,465 - INFO - Skipping NC_H08_20200526_0200_L2ARP030_FLDK.02401_02401.nc (already exists and appears cropped)
2025-12-25 21:13:49,076 - INFO - Skipping NC_H08_20200526_0300_L2ARP030_FLDK.02401_02401.nc (already exists and appears cropped)
2025-12-25 21:13:49,681 - INFO - Skipping NC_H08_20200526_0400_L2ARP030_FLDK.02401_02401.nc (already exists and appears cropped)
2025-12-25 21:13:50,292 - INFO - Skipping NC_H08_20200526_0500_L2ARP030_FLDK.02401_02401.nc (already exists and appears cropped)
2025-12-25 21:13:50,919 - INFO - Skipping NC_H08_20200526_0600_L2ARP030_FLDK.02401_02401.nc (already exists and appears cropped)
2025-12-25 21:13:51,536 - INFO - Skipping NC_H08_20200526_0700_L2ARP030_FLDK.02401_02401.nc (already exists and appears cropped)
2025-12-25 21:13:52,153 - INFO - Skipping NC_H08_20200526_0800_L2ARP030_FLDK.02401_02401.nc (already exists and appears cropped)
2025-12-25 21:13:52,757 - INFO - Skipping NC_H08_20200526_0900_L2ARP030_FLDK.02401_02401.nc (already exists and appears cropped)
2025-12-25 21:13:53,478 - INFO - Skipping NC_H08_20200527_0000_L2ARP030_FLDK.02401_02401.nc (already exists and appears cropped)
2025-12-25 21:13:54,106 - INFO - Skipping NC_H08_20200527_0100_L2ARP030_FLDK.02401_02401.nc (already exists and appears cropped)
2025-12-25 21:13:54,749 - INFO - Skipping NC_H08_20200527_0200_L2ARP030_FLDK.02401_02401.nc (already exists and appears cropped)
2025-12-25 21:13:55,360 - INFO - Skipping NC_H08_20200527_0300_L2ARP030_FLDK.02401_02401.nc (already exists and appears cropped)
2025-12-25 21:13:55,972 - INFO - Skipping NC_H08_20200527_0400_L2ARP030_FLDK.02401_02401.nc (already exists and appears cropped)
2025-12-25 21:13:56,588 - INFO - Skipping NC_H08_20200527_0500_L2ARP030_FLDK.02401_02401.nc (already exists and appears cropped)
2025-12-25 21:13:57,193 - INFO - Skipping NC_H08_20200527_0600_L2ARP030_FLDK.02401_02401.nc (already exists and appears cropped)
2025-12-25 21:13:57,805 - INFO - Skipping NC_H08_20200527_0700_L2ARP030_FLDK.02401_02401.nc (already exists and appears cropped)
2025-12-25 21:13:58,414 - INFO - Skipping NC_H08_20200527_0800_L2ARP030_FLDK.02401_02401.nc (already exists and appears cropped)
2025-12-25 21:13:59,027 - INFO - Skipping NC_H08_20200527_0900_L2ARP030_FLDK.02401_02401.nc (already exists and appears cropped)
2025-12-25 21:13:59,773 - INFO - Skipping NC_H08_20200528_0000_L2ARP030_FLDK.02401_02401.nc (already exists and appears cropped)
2025-12-25 21:14:00,783 - INFO - Skipping NC_H08_20200528_0100_L2ARP030_FLDK.02401_02401.nc (already exists and appears cropped)
2025-12-25 21:14:01,392 - INFO - Skipping NC_H08_20200528_0200_L2ARP030_FLDK.02401_02401.nc (already exists and appears cropped)
2025-12-25 21:14:02,008 - INFO - Skipping NC_H08_20200528_0300_L2ARP030_FLDK.02401_02401.nc (already exists and appears cropped)
2025-12-25 21:14:02,628 - INFO - Skipping NC_H08_20200528_0400_L2ARP030_FLDK.02401_02401.nc (already exists and appears cropped)
2025-12-25 21:14:03,244 - INFO - Skipping NC_H08_20200528_0500_L2ARP030_FLDK.02401_02401.nc (already exists and appears cropped)
2025-12-25 21:14:03,859 - INFO - Skipping NC_H08_20200528_0600_L2ARP030_FLDK.02401_02401.nc (already exists and appears cropped)
2025-12-25 21:14:04,469 - INFO - Skipping NC_H08_20200528_0700_L2ARP030_FLDK.02401_02401.nc (already exists and appears cropped)
2025-12-25 21:14:05,080 - INFO - Skipping NC_H08_20200528_0800_L2ARP030_FLDK.02401_02401.nc (already exists and appears cropped)
2025-12-25 21:14:05,705 - INFO - Skipping NC_H08_20200528_0900_L2ARP030_FLDK.02401_02401.nc (already exists and appears cropped)
2025-12-25 21:14:06,457 - INFO - Skipping NC_H08_20200529_0000_L2ARP030_FLDK.02401_02401.nc (already exists and appears cropped)
2025-12-25 21:14:07,078 - INFO - Skipping NC_H08_20200529_0100_L2ARP030_FLDK.02401_02401.nc (already exists and appears cropped)
2025-12-25 21:14:07,688 - INFO - Skipping NC_H08_20200529_0200_L2ARP030_FLDK.02401_02401.nc (already exists and appears cropped)
2025-12-25 21:14:08,332 - INFO - Skipping NC_H08_20200529_0300_L2ARP030_FLDK.02401_02401.nc (already exists and appears cropped)
2025-12-25 21:14:08,962 - INFO - Skipping NC_H08_20200529_0400_L2ARP030_FLDK.02401_02401.nc (already exists and appears cropped)
2025-12-25 21:14:09,579 - INFO - Skipping NC_H08_20200529_0500_L2ARP030_FLDK.02401_02401.nc (already exists and appears cropped)
2025-12-25 21:14:10,194 - INFO - Skipping NC_H08_20200529_0600_L2ARP030_FLDK.02401_02401.nc (already exists and appears cropped)
2025-12-25 21:14:10,808 - INFO - Skipping NC_H08_20200529_0700_L2ARP030_FLDK.02401_02401.nc (already exists and appears cropped)
2025-12-25 21:14:11,438 - INFO - Skipping NC_H08_20200529_0800_L2ARP030_FLDK.02401_02401.nc (already exists and appears cropped)
2025-12-25 21:14:12,054 - INFO - Skipping NC_H08_20200529_0900_L2ARP030_FLDK.02401_02401.nc (already exists and appears cropped)
2025-12-25 21:14:12,796 - INFO - Skipping NC_H08_20200530_0000_L2ARP030_FLDK.02401_02401.nc (already exists and appears cropped)
2025-12-25 21:14:13,418 - INFO - Skipping NC_H08_20200530_0100_L2ARP030_FLDK.02401_02401.nc (already exists and appears cropped)
2025-12-25 21:14:14,027 - INFO - Skipping NC_H08_20200530_0200_L2ARP030_FLDK.02401_02401.nc (already exists and appears cropped)
2025-12-25 21:14:14,639 - INFO - Skipping NC_H08_20200530_0300_L2ARP030_FLDK.02401_02401.nc (already exists and appears cropped)
2025-12-25 21:14:15,251 - INFO - Skipping NC_H08_20200530_0400_L2ARP030_FLDK.02401_02401.nc (already exists and appears cropped)
2025-12-25 21:14:15,866 - INFO - Skipping NC_H08_20200530_0500_L2ARP030_FLDK.02401_02401.nc (already exists and appears cropped)
2025-12-25 21:14:16,473 - INFO - Skipping NC_H08_20200530_0600_L2ARP030_FLDK.02401_02401.nc (already exists and appears cropped)
2025-12-25 21:14:17,094 - INFO - Skipping NC_H08_20200530_0700_L2ARP030_FLDK.02401_02401.nc (already exists and appears cropped)
2025-12-25 21:14:17,727 - INFO - Skipping NC_H08_20200530_0800_L2ARP030_FLDK.02401_02401.nc (already exists and appears cropped)
2025-12-25 21:14:18,336 - INFO - Skipping NC_H08_20200530_0900_L2ARP030_FLDK.02401_02401.nc (already exists and appears cropped)
2025-12-25 21:14:19,089 - INFO - Skipping NC_H08_20200531_0000_L2ARP030_FLDK.02401_02401.nc (already exists and appears cropped)
2025-12-25 21:14:19,730 - INFO - Skipping NC_H08_20200531_0100_L2ARP030_FLDK.02401_02401.nc (already exists and appears cropped)
2025-12-25 21:14:20,351 - INFO - Skipping NC_H08_20200531_0200_L2ARP030_FLDK.02401_02401.nc (already exists and appears cropped)
2025-12-25 21:14:20,963 - INFO - Skipping NC_H08_20200531_0300_L2ARP030_FLDK.02401_02401.nc (already exists and appears cropped)
2025-12-25 21:14:21,633 - INFO - Skipping NC_H08_20200531_0400_L2ARP030_FLDK.02401_02401.nc (already exists and appears cropped)
2025-12-25 21:14:22,245 - INFO - Skipping NC_H08_20200531_0500_L2ARP030_FLDK.02401_02401.nc (already exists and appears cropped)
2025-12-25 21:14:22,877 - INFO - Skipping NC_H08_20200531_0600_L2ARP030_FLDK.02401_02401.nc (already exists and appears cropped)
2025-12-25 21:14:23,515 - INFO - Skipping NC_H08_20200531_0700_L2ARP030_FLDK.02401_02401.nc (already exists and appears cropped)
2025-12-25 21:14:24,132 - INFO - Skipping NC_H08_20200531_0800_L2ARP030_FLDK.02401_02401.nc (already exists and appears cropped)
2025-12-25 21:14:24,768 - INFO - Skipping NC_H08_20200531_0900_L2ARP030_FLDK.02401_02401.nc (already exists and appears cropped)
2025-12-25 21:14:25,531 - INFO - Skipping NC_H08_20200601_0000_L2ARP030_FLDK.02401_02401.nc (already exists and appears cropped)
2025-12-25 21:14:26,149 - INFO - Skipping NC_H08_20200601_0100_L2ARP030_FLDK.02401_02401.nc (already exists and appears cropped)
2025-12-25 21:14:26,761 - INFO - Skipping NC_H08_20200601_0200_L2ARP030_FLDK.02401_02401.nc (already exists and appears cropped)
2025-12-25 21:14:27,371 - INFO - Skipping NC_H08_20200601_0300_L2ARP030_FLDK.02401_02401.nc (already exists and appears cropped)
2025-12-25 21:14:27,980 - INFO - Skipping NC_H08_20200601_0400_L2ARP030_FLDK.02401_02401.nc (already exists and appears cropped)
2025-12-25 21:14:28,643 - INFO - Skipping NC_H08_20200601_0500_L2ARP030_FLDK.02401_02401.nc (already exists and appears cropped)
2025-12-25 21:14:29,251 - INFO - Skipping NC_H08_20200601_0600_L2ARP030_FLDK.02401_02401.nc (already exists and appears cropped)
2025-12-25 21:14:29,851 - INFO - Skipping NC_H08_20200601_0700_L2ARP030_FLDK.02401_02401.nc (already exists and appears cropped)
2025-12-25 21:14:30,469 - INFO - Skipping NC_H08_20200601_0800_L2ARP030_FLDK.02401_02401.nc (already exists and appears cropped)
2025-12-25 21:14:31,082 - INFO - Skipping NC_H08_20200601_0900_L2ARP030_FLDK.02401_02401.nc (already exists and appears cropped)
2025-12-25 21:14:31,826 - INFO - Skipping NC_H08_20200602_0000_L2ARP030_FLDK.02401_02401.nc (already exists and appears cropped)
2025-12-25 21:14:32,458 - INFO - Skipping NC_H08_20200602_0100_L2ARP030_FLDK.02401_02401.nc (already exists and appears cropped)
2025-12-25 21:14:33,074 - INFO - Skipping NC_H08_20200602_0200_L2ARP030_FLDK.02401_02401.nc (already exists and appears cropped)
2025-12-25 21:14:33,701 - INFO - Skipping NC_H08_20200602_0300_L2ARP030_FLDK.02401_02401.nc (already exists and appears cropped)
2025-12-25 21:14:34,312 - INFO - Skipping NC_H08_20200602_0400_L2ARP030_FLDK.02401_02401.nc (already exists and appears cropped)
2025-12-25 21:14:34,930 - INFO - Skipping NC_H08_20200602_0500_L2ARP030_FLDK.02401_02401.nc (already exists and appears cropped)
2025-12-25 21:14:35,550 - INFO - Skipping NC_H08_20200602_0600_L2ARP030_FLDK.02401_02401.nc (already exists and appears cropped)
2025-12-25 21:14:36,168 - INFO - Skipping NC_H08_20200602_0700_L2ARP030_FLDK.02401_02401.nc (already exists and appears cropped)
2025-12-25 21:14:36,790 - INFO - Skipping NC_H08_20200602_0800_L2ARP030_FLDK.02401_02401.nc (already exists and appears cropped)
2025-12-25 21:14:37,406 - INFO - Skipping NC_H08_20200602_0900_L2ARP030_FLDK.02401_02401.nc (already exists and appears cropped)
2025-12-25 21:14:38,182 - INFO - Skipping NC_H08_20200603_0000_L2ARP030_FLDK.02401_02401.nc (already exists and appears cropped)
2025-12-25 21:14:38,792 - INFO - Skipping NC_H08_20200603_0100_L2ARP030_FLDK.02401_02401.nc (already exists and appears cropped)
2025-12-25 21:14:39,413 - INFO - Skipping NC_H08_20200603_0200_L2ARP030_FLDK.02401_02401.nc (already exists and appears cropped)
2025-12-25 21:14:40,043 - INFO - Skipping NC_H08_20200603_0300_L2ARP030_FLDK.02401_02401.nc (already exists and appears cropped)
2025-12-25 21:14:40,668 - INFO - Skipping NC_H08_20200603_0400_L2ARP030_FLDK.02401_02401.nc (already exists and appears cropped)
2025-12-25 21:14:41,299 - INFO - Skipping NC_H08_20200603_0500_L2ARP030_FLDK.02401_02401.nc (already exists and appears cropped)
2025-12-25 21:14:41,934 - INFO - Skipping NC_H08_20200603_0600_L2ARP030_FLDK.02401_02401.nc (already exists and appears cropped)
2025-12-25 21:14:42,548 - INFO - Skipping NC_H08_20200603_0700_L2ARP030_FLDK.02401_02401.nc (already exists and appears cropped)
2025-12-25 21:14:43,169 - INFO - Skipping NC_H08_20200603_0800_L2ARP030_FLDK.02401_02401.nc (already exists and appears cropped)
2025-12-25 21:14:43,782 - INFO - Skipping NC_H08_20200603_0900_L2ARP030_FLDK.02401_02401.nc (already exists and appears cropped)
2025-12-25 21:14:44,531 - INFO - Skipping NC_H08_20200604_0000_L2ARP030_FLDK.02401_02401.nc (already exists and appears cropped)
2025-12-25 21:14:45,150 - INFO - Skipping NC_H08_20200604_0100_L2ARP030_FLDK.02401_02401.nc (already exists and appears cropped)
2025-12-25 21:14:45,760 - INFO - Skipping NC_H08_20200604_0200_L2ARP030_FLDK.02401_02401.nc (already exists and appears cropped)
2025-12-25 21:14:46,377 - INFO - Skipping NC_H08_20200604_0300_L2ARP030_FLDK.02401_02401.nc (already exists and appears cropped)
2025-12-25 21:14:46,986 - INFO - Skipping NC_H08_20200604_0400_L2ARP030_FLDK.02401_02401.nc (already exists and appears cropped)
2025-12-25 21:14:47,624 - INFO - Skipping NC_H08_20200604_0500_L2ARP030_FLDK.02401_02401.nc (already exists and appears cropped)
2025-12-25 21:14:48,233 - INFO - Skipping NC_H08_20200604_0600_L2ARP030_FLDK.02401_02401.nc (already exists and appears cropped)
2025-12-25 21:14:48,894 - INFO - Skipping NC_H08_20200604_0700_L2ARP030_FLDK.02401_02401.nc (already exists and appears cropped)
2025-12-25 21:14:49,519 - INFO - Skipping NC_H08_20200604_0800_L2ARP030_FLDK.02401_02401.nc (already exists and appears cropped)
2025-12-25 21:14:50,121 - INFO - Skipping NC_H08_20200604_0900_L2ARP030_FLDK.02401_02401.nc (already exists and appears cropped)
2025-12-25 21:14:50,851 - INFO - Skipping NC_H08_20200605_0000_L2ARP030_FLDK.02401_02401.nc (already exists and appears cropped)
2025-12-25 21:14:51,455 - INFO - Skipping NC_H08_20200605_0100_L2ARP030_FLDK.02401_02401.nc (already exists and appears cropped)
2025-12-25 21:14:52,076 - INFO - Skipping NC_H08_20200605_0200_L2ARP030_FLDK.02401_02401.nc (already exists and appears cropped)
2025-12-25 21:14:52,693 - INFO - Skipping NC_H08_20200605_0300_L2ARP030_FLDK.02401_02401.nc (already exists and appears cropped)
2025-12-25 21:14:53,310 - INFO - Skipping NC_H08_20200605_0400_L2ARP030_FLDK.02401_02401.nc (already exists and appears cropped)
2025-12-25 21:14:53,927 - INFO - Skipping NC_H08_20200605_0500_L2ARP030_FLDK.02401_02401.nc (already exists and appears cropped)
2025-12-25 21:14:54,534 - INFO - Skipping NC_H08_20200605_0600_L2ARP030_FLDK.02401_02401.nc (already exists and appears cropped)
2025-12-25 21:14:55,187 - INFO - Skipping NC_H08_20200605_0700_L2ARP030_FLDK.02401_02401.nc (already exists and appears cropped)
2025-12-25 21:14:55,810 - INFO - Skipping NC_H08_20200605_0800_L2ARP030_FLDK.02401_02401.nc (already exists and appears cropped)
2025-12-25 21:14:56,437 - INFO - Skipping NC_H08_20200605_0900_L2ARP030_FLDK.02401_02401.nc (already exists and appears cropped)
2025-12-25 21:14:57,153 - INFO - Skipping NC_H08_20200606_0000_L2ARP030_FLDK.02401_02401.nc (already exists and appears cropped)
2025-12-25 21:14:57,770 - INFO - Skipping NC_H08_20200606_0100_L2ARP030_FLDK.02401_02401.nc (already exists and appears cropped)
2025-12-25 21:14:58,385 - INFO - Skipping NC_H08_20200606_0200_L2ARP030_FLDK.02401_02401.nc (already exists and appears cropped)
2025-12-25 21:14:59,010 - INFO - Skipping NC_H08_20200606_0300_L2ARP030_FLDK.02401_02401.nc (already exists and appears cropped)
2025-12-25 21:14:59,625 - INFO - Skipping NC_H08_20200606_0400_L2ARP030_FLDK.02401_02401.nc (already exists and appears cropped)
2025-12-25 21:15:00,238 - INFO - Skipping NC_H08_20200606_0500_L2ARP030_FLDK.02401_02401.nc (already exists and appears cropped)
2025-12-25 21:15:00,849 - INFO - Skipping NC_H08_20200606_0600_L2ARP030_FLDK.02401_02401.nc (already exists and appears cropped)
2025-12-25 21:15:01,469 - INFO - Skipping NC_H08_20200606_0700_L2ARP030_FLDK.02401_02401.nc (already exists and appears cropped)
2025-12-25 21:15:02,087 - INFO - Skipping NC_H08_20200606_0800_L2ARP030_FLDK.02401_02401.nc (already exists and appears cropped)
2025-12-25 21:15:03,056 - INFO - Skipping NC_H08_20200606_0900_L2ARP030_FLDK.02401_02401.nc (already exists and appears cropped)
2025-12-25 21:15:03,783 - INFO - Skipping NC_H08_20200607_0000_L2ARP030_FLDK.02401_02401.nc (already exists and appears cropped)
2025-12-25 21:15:04,407 - INFO - Skipping NC_H08_20200607_0100_L2ARP030_FLDK.02401_02401.nc (already exists and appears cropped)
2025-12-25 21:15:05,033 - INFO - Skipping NC_H08_20200607_0200_L2ARP030_FLDK.02401_02401.nc (already exists and appears cropped)
2025-12-25 21:15:05,670 - INFO - Skipping NC_H08_20200607_0300_L2ARP030_FLDK.02401_02401.nc (already exists and appears cropped)
2025-12-25 21:15:06,286 - INFO - Skipping NC_H08_20200607_0400_L2ARP030_FLDK.02401_02401.nc (already exists and appears cropped)
2025-12-25 21:15:06,911 - INFO - Skipping NC_H08_20200607_0500_L2ARP030_FLDK.02401_02401.nc (already exists and appears cropped)
2025-12-25 21:15:07,529 - INFO - Skipping NC_H08_20200607_0600_L2ARP030_FLDK.02401_02401.nc (already exists and appears cropped)
2025-12-25 21:15:08,138 - INFO - Skipping NC_H08_20200607_0700_L2ARP030_FLDK.02401_02401.nc (already exists and appears cropped)
2025-12-25 21:15:08,751 - INFO - Skipping NC_H08_20200607_0800_L2ARP030_FLDK.02401_02401.nc (already exists and appears cropped)
2025-12-25 21:15:09,380 - INFO - Skipping NC_H08_20200607_0900_L2ARP030_FLDK.02401_02401.nc (already exists and appears cropped)
2025-12-25 21:15:10,110 - INFO - Skipping NC_H08_20200608_0000_L2ARP030_FLDK.02401_02401.nc (already exists and appears cropped)
2025-12-25 21:15:10,722 - INFO - Skipping NC_H08_20200608_0100_L2ARP030_FLDK.02401_02401.nc (already exists and appears cropped)
2025-12-25 21:15:11,331 - INFO - Skipping NC_H08_20200608_0200_L2ARP030_FLDK.02401_02401.nc (already exists and appears cropped)
2025-12-25 21:15:11,940 - INFO - Skipping NC_H08_20200608_0300_L2ARP030_FLDK.02401_02401.nc (already exists and appears cropped)
2025-12-25 21:15:12,565 - INFO - Skipping NC_H08_20200608_0400_L2ARP030_FLDK.02401_02401.nc (already exists and appears cropped)
2025-12-25 21:15:13,188 - INFO - Skipping NC_H08_20200608_0500_L2ARP030_FLDK.02401_02401.nc (already exists and appears cropped)
2025-12-25 21:15:13,813 - INFO - Skipping NC_H08_20200608_0600_L2ARP030_FLDK.02401_02401.nc (already exists and appears cropped)
2025-12-25 21:15:14,415 - INFO - Skipping NC_H08_20200608_0700_L2ARP030_FLDK.02401_02401.nc (already exists and appears cropped)
2025-12-25 21:15:15,026 - INFO - Skipping NC_H08_20200608_0800_L2ARP030_FLDK.02401_02401.nc (already exists and appears cropped)
2025-12-25 21:15:15,641 - INFO - Skipping NC_H08_20200608_0900_L2ARP030_FLDK.02401_02401.nc (already exists and appears cropped)
2025-12-25 21:15:16,390 - INFO - Skipping NC_H08_20200609_0000_L2ARP030_FLDK.02401_02401.nc (already exists and appears cropped)
2025-12-25 21:15:17,012 - INFO - Skipping NC_H08_20200609_0100_L2ARP030_FLDK.02401_02401.nc (already exists and appears cropped)
2025-12-25 21:15:17,630 - INFO - Skipping NC_H08_20200609_0200_L2ARP030_FLDK.02401_02401.nc (already exists and appears cropped)
2025-12-25 21:15:18,257 - INFO - Skipping NC_H08_20200609_0300_L2ARP030_FLDK.02401_02401.nc (already exists and appears cropped)
2025-12-25 21:15:18,873 - INFO - Skipping NC_H08_20200609_0400_L2ARP030_FLDK.02401_02401.nc (already exists and appears cropped)
2025-12-25 21:15:19,490 - INFO - Skipping NC_H08_20200609_0500_L2ARP030_FLDK.02401_02401.nc (already exists and appears cropped)
2025-12-25 21:15:20,101 - INFO - Skipping NC_H08_20200609_0600_L2ARP030_FLDK.02401_02401.nc (already exists and appears cropped)
2025-12-25 21:15:20,710 - INFO - Skipping NC_H08_20200609_0700_L2ARP030_FLDK.02401_02401.nc (already exists and appears cropped)
2025-12-25 21:15:21,308 - INFO - Skipping NC_H08_20200609_0800_L2ARP030_FLDK.02401_02401.nc (already exists and appears cropped)
2025-12-25 21:15:21,916 - INFO - Skipping NC_H08_20200609_0900_L2ARP030_FLDK.02401_02401.nc (already exists and appears cropped)
2025-12-25 21:15:22,648 - INFO - Skipping NC_H08_20200610_0000_L2ARP030_FLDK.02401_02401.nc (already exists and appears cropped)
2025-12-25 21:15:23,251 - INFO - Skipping NC_H08_20200610_0100_L2ARP030_FLDK.02401_02401.nc (already exists and appears cropped)
2025-12-25 21:15:23,870 - INFO - Skipping NC_H08_20200610_0200_L2ARP030_FLDK.02401_02401.nc (already exists and appears cropped)
2025-12-25 21:15:24,479 - INFO - Skipping NC_H08_20200610_0300_L2ARP030_FLDK.02401_02401.nc (already exists and appears cropped)
2025-12-25 21:15:25,081 - INFO - Skipping NC_H08_20200610_0400_L2ARP030_FLDK.02401_02401.nc (already exists and appears cropped)
2025-12-25 21:15:25,714 - INFO - Skipping NC_H08_20200610_0500_L2ARP030_FLDK.02401_02401.nc (already exists and appears cropped)
2025-12-25 21:15:26,326 - INFO - Skipping NC_H08_20200610_0600_L2ARP030_FLDK.02401_02401.nc (already exists and appears cropped)
2025-12-25 21:15:26,947 - INFO - Skipping NC_H08_20200610_0700_L2ARP030_FLDK.02401_02401.nc (already exists and appears cropped)
2025-12-25 21:15:27,561 - INFO - Skipping NC_H08_20200610_0800_L2ARP030_FLDK.02401_02401.nc (already exists and appears cropped)
2025-12-25 21:15:28,182 - INFO - Skipping NC_H08_20200610_0900_L2ARP030_FLDK.02401_02401.nc (already exists and appears cropped)
2025-12-25 21:15:28,911 - INFO - Skipping NC_H08_20200611_0000_L2ARP030_FLDK.02401_02401.nc (already exists and appears cropped)
2025-12-25 21:15:29,529 - INFO - Skipping NC_H08_20200611_0100_L2ARP030_FLDK.02401_02401.nc (already exists and appears cropped)
2025-12-25 21:15:30,137 - INFO - Skipping NC_H08_20200611_0200_L2ARP030_FLDK.02401_02401.nc (already exists and appears cropped)
2025-12-25 21:15:30,775 - INFO - Skipping NC_H08_20200611_0300_L2ARP030_FLDK.02401_02401.nc (already exists and appears cropped)
2025-12-25 21:15:31,401 - INFO - Skipping NC_H08_20200611_0400_L2ARP030_FLDK.02401_02401.nc (already exists and appears cropped)
2025-12-25 21:15:32,014 - INFO - Skipping NC_H08_20200611_0500_L2ARP030_FLDK.02401_02401.nc (already exists and appears cropped)
2025-12-25 21:15:32,644 - INFO - Skipping NC_H08_20200611_0600_L2ARP030_FLDK.02401_02401.nc (already exists and appears cropped)
2025-12-25 21:15:33,263 - INFO - Skipping NC_H08_20200611_0700_L2ARP030_FLDK.02401_02401.nc (already exists and appears cropped)
2025-12-25 21:15:33,885 - INFO - Skipping NC_H08_20200611_0800_L2ARP030_FLDK.02401_02401.nc (already exists and appears cropped)
2025-12-25 21:15:34,497 - INFO - Skipping NC_H08_20200611_0900_L2ARP030_FLDK.02401_02401.nc (already exists and appears cropped)
2025-12-25 21:15:35,232 - INFO - Skipping NC_H08_20200612_0000_L2ARP030_FLDK.02401_02401.nc (already exists and appears cropped)
2025-12-25 21:15:35,870 - INFO - Skipping NC_H08_20200612_0100_L2ARP030_FLDK.02401_02401.nc (already exists and appears cropped)
2025-12-25 21:15:36,482 - INFO - Skipping NC_H08_20200612_0200_L2ARP030_FLDK.02401_02401.nc (already exists and appears cropped)
2025-12-25 21:15:37,083 - INFO - Skipping NC_H08_20200612_0300_L2ARP030_FLDK.02401_02401.nc (already exists and appears cropped)
2025-12-25 21:15:37,698 - INFO - Skipping NC_H08_20200612_0400_L2ARP030_FLDK.02401_02401.nc (already exists and appears cropped)
2025-12-25 21:15:38,295 - INFO - Skipping NC_H08_20200612_0500_L2ARP030_FLDK.02401_02401.nc (already exists and appears cropped)
2025-12-25 21:15:38,905 - INFO - Skipping NC_H08_20200612_0600_L2ARP030_FLDK.02401_02401.nc (already exists and appears cropped)
2025-12-25 21:15:39,526 - INFO - Skipping NC_H08_20200612_0700_L2ARP030_FLDK.02401_02401.nc (already exists and appears cropped)
2025-12-25 21:15:40,160 - INFO - Skipping NC_H08_20200612_0800_L2ARP030_FLDK.02401_02401.nc (already exists and appears cropped)
2025-12-25 21:15:40,779 - INFO - Skipping NC_H08_20200612_0900_L2ARP030_FLDK.02401_02401.nc (already exists and appears cropped)
2025-12-25 21:15:41,500 - INFO - Skipping NC_H08_20200613_0000_L2ARP030_FLDK.02401_02401.nc (already exists and appears cropped)
2025-12-25 21:15:42,108 - INFO - Skipping NC_H08_20200613_0100_L2ARP030_FLDK.02401_02401.nc (already exists and appears cropped)
2025-12-25 21:15:42,740 - INFO - Skipping NC_H08_20200613_0200_L2ARP030_FLDK.02401_02401.nc (already exists and appears cropped)
2025-12-25 21:15:43,355 - INFO - Skipping NC_H08_20200613_0300_L2ARP030_FLDK.02401_02401.nc (already exists and appears cropped)
2025-12-25 21:15:43,969 - INFO - Skipping NC_H08_20200613_0400_L2ARP030_FLDK.02401_02401.nc (already exists and appears cropped)
2025-12-25 21:15:44,590 - INFO - Skipping NC_H08_20200613_0500_L2ARP030_FLDK.02401_02401.nc (already exists and appears cropped)
2025-12-25 21:15:45,222 - INFO - Skipping NC_H08_20200613_0600_L2ARP030_FLDK.02401_02401.nc (already exists and appears cropped)
2025-12-25 21:15:45,836 - INFO - Skipping NC_H08_20200613_0700_L2ARP030_FLDK.02401_02401.nc (already exists and appears cropped)
2025-12-25 21:15:46,454 - INFO - Skipping NC_H08_20200613_0800_L2ARP030_FLDK.02401_02401.nc (already exists and appears cropped)
2025-12-25 21:15:47,079 - INFO - Skipping NC_H08_20200613_0900_L2ARP030_FLDK.02401_02401.nc (already exists and appears cropped)
2025-12-25 21:15:47,797 - INFO - Skipping NC_H08_20200614_0000_L2ARP030_FLDK.02401_02401.nc (already exists and appears cropped)
2025-12-25 21:15:48,421 - INFO - Skipping NC_H08_20200614_0100_L2ARP030_FLDK.02401_02401.nc (already exists and appears cropped)
2025-12-25 21:15:49,024 - INFO - Skipping NC_H08_20200614_0200_L2ARP030_FLDK.02401_02401.nc (already exists and appears cropped)
2025-12-25 21:15:49,637 - INFO - Skipping NC_H08_20200614_0300_L2ARP030_FLDK.02401_02401.nc (already exists and appears cropped)
2025-12-25 21:15:50,249 - INFO - Skipping NC_H08_20200614_0400_L2ARP030_FLDK.02401_02401.nc (already exists and appears cropped)
2025-12-25 21:15:50,859 - INFO - Skipping NC_H08_20200614_0500_L2ARP030_FLDK.02401_02401.nc (already exists and appears cropped)
2025-12-25 21:15:51,480 - INFO - Skipping NC_H08_20200614_0600_L2ARP030_FLDK.02401_02401.nc (already exists and appears cropped)
2025-12-25 21:15:52,112 - INFO - Skipping NC_H08_20200614_0700_L2ARP030_FLDK.02401_02401.nc (already exists and appears cropped)
2025-12-25 21:15:52,721 - INFO - Skipping NC_H08_20200614_0800_L2ARP030_FLDK.02401_02401.nc (already exists and appears cropped)
2025-12-25 21:15:53,318 - INFO - Skipping NC_H08_20200614_0900_L2ARP030_FLDK.02401_02401.nc (already exists and appears cropped)
2025-12-25 21:15:54,078 - INFO - Skipping NC_H08_20200615_0000_L2ARP030_FLDK.02401_02401.nc (already exists and appears cropped)
2025-12-25 21:15:54,724 - INFO - Skipping NC_H08_20200615_0100_L2ARP030_FLDK.02401_02401.nc (already exists and appears cropped)
2025-12-25 21:15:55,352 - INFO - Skipping NC_H08_20200615_0200_L2ARP030_FLDK.02401_02401.nc (already exists and appears cropped)
2025-12-25 21:15:55,963 - INFO - Skipping NC_H08_20200615_0300_L2ARP030_FLDK.02401_02401.nc (already exists and appears cropped)
2025-12-25 21:15:56,573 - INFO - Skipping NC_H08_20200615_0400_L2ARP030_FLDK.02401_02401.nc (already exists and appears cropped)
2025-12-25 21:15:57,193 - INFO - Skipping NC_H08_20200615_0500_L2ARP030_FLDK.02401_02401.nc (already exists and appears cropped)
2025-12-25 21:15:57,814 - INFO - Skipping NC_H08_20200615_0600_L2ARP030_FLDK.02401_02401.nc (already exists and appears cropped)
2025-12-25 21:15:58,430 - INFO - Skipping NC_H08_20200615_0700_L2ARP030_FLDK.02401_02401.nc (already exists and appears cropped)
2025-12-25 21:15:59,056 - INFO - Skipping NC_H08_20200615_0800_L2ARP030_FLDK.02401_02401.nc (already exists and appears cropped)
2025-12-25 21:15:59,682 - INFO - Skipping NC_H08_20200615_0900_L2ARP030_FLDK.02401_02401.nc (already exists and appears cropped)
2025-12-25 21:16:00,414 - INFO - Skipping NC_H08_20200616_0000_L2ARP030_FLDK.02401_02401.nc (already exists and appears cropped)
2025-12-25 21:16:01,061 - INFO - Skipping NC_H08_20200616_0100_L2ARP030_FLDK.02401_02401.nc (already exists and appears cropped)
2025-12-25 21:16:01,665 - INFO - Skipping NC_H08_20200616_0200_L2ARP030_FLDK.02401_02401.nc (already exists and appears cropped)
2025-12-25 21:16:02,276 - INFO - Skipping NC_H08_20200616_0300_L2ARP030_FLDK.02401_02401.nc (already exists and appears cropped)
2025-12-25 21:16:02,884 - INFO - Skipping NC_H08_20200616_0400_L2ARP030_FLDK.02401_02401.nc (already exists and appears cropped)
2025-12-25 21:16:03,496 - INFO - Skipping NC_H08_20200616_0500_L2ARP030_FLDK.02401_02401.nc (already exists and appears cropped)
2025-12-25 21:16:04,107 - INFO - Skipping NC_H08_20200616_0600_L2ARP030_FLDK.02401_02401.nc (already exists and appears cropped)
2025-12-25 21:16:04,724 - INFO - Skipping NC_H08_20200616_0700_L2ARP030_FLDK.02401_02401.nc (already exists and appears cropped)
2025-12-25 21:16:05,715 - INFO - Skipping NC_H08_20200616_0800_L2ARP030_FLDK.02401_02401.nc (already exists and appears cropped)
2025-12-25 21:16:06,326 - INFO - Skipping NC_H08_20200616_0900_L2ARP030_FLDK.02401_02401.nc (already exists and appears cropped)
2025-12-25 21:16:07,051 - INFO - Skipping NC_H08_20200617_0000_L2ARP030_FLDK.02401_02401.nc (already exists and appears cropped)
2025-12-25 21:16:07,653 - INFO - Skipping NC_H08_20200617_0100_L2ARP030_FLDK.02401_02401.nc (already exists and appears cropped)
2025-12-25 21:16:08,259 - INFO - Skipping NC_H08_20200617_0200_L2ARP030_FLDK.02401_02401.nc (already exists and appears cropped)
2025-12-25 21:16:08,896 - INFO - Skipping NC_H08_20200617_0300_L2ARP030_FLDK.02401_02401.nc (already exists and appears cropped)
2025-12-25 21:16:09,506 - INFO - Skipping NC_H08_20200617_0400_L2ARP030_FLDK.02401_02401.nc (already exists and appears cropped)
2025-12-25 21:16:10,102 - INFO - Skipping NC_H08_20200617_0500_L2ARP030_FLDK.02401_02401.nc (already exists and appears cropped)
2025-12-25 21:16:10,714 - INFO - Skipping NC_H08_20200617_0600_L2ARP030_FLDK.02401_02401.nc (already exists and appears cropped)
2025-12-25 21:16:11,330 - INFO - Skipping NC_H08_20200617_0700_L2ARP030_FLDK.02401_02401.nc (already exists and appears cropped)
2025-12-25 21:16:11,957 - INFO - Skipping NC_H08_20200617_0800_L2ARP030_FLDK.02401_02401.nc (already exists and appears cropped)
2025-12-25 21:16:12,576 - INFO - Skipping NC_H08_20200617_0900_L2ARP030_FLDK.02401_02401.nc (already exists and appears cropped)
2025-12-25 21:16:13,284 - INFO - Skipping NC_H08_20200618_0000_L2ARP030_FLDK.02401_02401.nc (already exists and appears cropped)
2025-12-25 21:16:13,914 - INFO - Skipping NC_H08_20200618_0100_L2ARP030_FLDK.02401_02401.nc (already exists and appears cropped)
2025-12-25 21:16:14,530 - INFO - Skipping NC_H08_20200618_0200_L2ARP030_FLDK.02401_02401.nc (already exists and appears cropped)
2025-12-25 21:16:15,160 - INFO - Skipping NC_H08_20200618_0300_L2ARP030_FLDK.02401_02401.nc (already exists and appears cropped)
2025-12-25 21:16:15,759 - INFO - Skipping NC_H08_20200618_0400_L2ARP030_FLDK.02401_02401.nc (already exists and appears cropped)
2025-12-25 21:16:16,368 - INFO - Skipping NC_H08_20200618_0500_L2ARP030_FLDK.02401_02401.nc (already exists and appears cropped)
2025-12-25 21:16:16,980 - INFO - Skipping NC_H08_20200618_0600_L2ARP030_FLDK.02401_02401.nc (already exists and appears cropped)
2025-12-25 21:16:17,575 - INFO - Skipping NC_H08_20200618_0700_L2ARP030_FLDK.02401_02401.nc (already exists and appears cropped)
2025-12-25 21:16:18,180 - INFO - Skipping NC_H08_20200618_0800_L2ARP030_FLDK.02401_02401.nc (already exists and appears cropped)
2025-12-25 21:16:18,792 - INFO - Skipping NC_H08_20200618_0900_L2ARP030_FLDK.02401_02401.nc (already exists and appears cropped)
2025-12-25 21:16:19,509 - INFO - Skipping NC_H08_20200619_0000_L2ARP030_FLDK.02401_02401.nc (already exists and appears cropped)
2025-12-25 21:16:20,113 - INFO - Skipping NC_H08_20200619_0100_L2ARP030_FLDK.02401_02401.nc (already exists and appears cropped)
2025-12-25 21:16:20,721 - INFO - Skipping NC_H08_20200619_0200_L2ARP030_FLDK.02401_02401.nc (already exists and appears cropped)
2025-12-25 21:16:21,346 - INFO - Skipping NC_H08_20200619_0300_L2ARP030_FLDK.02401_02401.nc (already exists and appears cropped)
2025-12-25 21:16:21,956 - INFO - Skipping NC_H08_20200619_0400_L2ARP030_FLDK.02401_02401.nc (already exists and appears cropped)
2025-12-25 21:16:22,582 - INFO - Skipping NC_H08_20200619_0500_L2ARP030_FLDK.02401_02401.nc (already exists and appears cropped)
2025-12-25 21:16:23,183 - INFO - Skipping NC_H08_20200619_0600_L2ARP030_FLDK.02401_02401.nc (already exists and appears cropped)
2025-12-25 21:16:23,804 - INFO - Skipping NC_H08_20200619_0700_L2ARP030_FLDK.02401_02401.nc (already exists and appears cropped)
2025-12-25 21:16:24,425 - INFO - Skipping NC_H08_20200619_0800_L2ARP030_FLDK.02401_02401.nc (already exists and appears cropped)
2025-12-25 21:16:25,024 - INFO - Skipping NC_H08_20200619_0900_L2ARP030_FLDK.02401_02401.nc (already exists and appears cropped)
2025-12-25 21:16:25,750 - INFO - Skipping NC_H08_20200620_0000_L2ARP030_FLDK.02401_02401.nc (already exists and appears cropped)
2025-12-25 21:16:26,372 - INFO - Skipping NC_H08_20200620_0100_L2ARP030_FLDK.02401_02401.nc (already exists and appears cropped)
2025-12-25 21:16:26,965 - INFO - Skipping NC_H08_20200620_0200_L2ARP030_FLDK.02401_02401.nc (already exists and appears cropped)
2025-12-25 21:16:27,628 - INFO - Skipping NC_H08_20200620_0300_L2ARP030_FLDK.02401_02401.nc (already exists and appears cropped)
2025-12-25 21:16:28,228 - INFO - Skipping NC_H08_20200620_0400_L2ARP030_FLDK.02401_02401.nc (already exists and appears cropped)
2025-12-25 21:16:28,847 - INFO - Skipping NC_H08_20200620_0500_L2ARP030_FLDK.02401_02401.nc (already exists and appears cropped)
2025-12-25 21:16:29,465 - INFO - Skipping NC_H08_20200620_0600_L2ARP030_FLDK.02401_02401.nc (already exists and appears cropped)
2025-12-25 21:16:30,079 - INFO - Skipping NC_H08_20200620_0700_L2ARP030_FLDK.02401_02401.nc (already exists and appears cropped)
2025-12-25 21:16:30,712 - INFO - Skipping NC_H08_20200620_0800_L2ARP030_FLDK.02401_02401.nc (already exists and appears cropped)
2025-12-25 21:16:31,329 - INFO - Skipping NC_H08_20200620_0900_L2ARP030_FLDK.02401_02401.nc (already exists and appears cropped)
2025-12-25 21:16:32,043 - INFO - Skipping NC_H08_20200621_0000_L2ARP030_FLDK.02401_02401.nc (already exists and appears cropped)
2025-12-25 21:16:32,641 - INFO - Skipping NC_H08_20200621_0100_L2ARP030_FLDK.02401_02401.nc (already exists and appears cropped)
2025-12-25 21:16:33,262 - INFO - Skipping NC_H08_20200621_0200_L2ARP030_FLDK.02401_02401.nc (already exists and appears cropped)
2025-12-25 21:16:33,885 - INFO - Skipping NC_H08_20200621_0300_L2ARP030_FLDK.02401_02401.nc (already exists and appears cropped)
2025-12-25 21:16:34,493 - INFO - Skipping NC_H08_20200621_0400_L2ARP030_FLDK.02401_02401.nc (already exists and appears cropped)
2025-12-25 21:16:35,096 - INFO - Skipping NC_H08_20200621_0500_L2ARP030_FLDK.02401_02401.nc (already exists and appears cropped)
2025-12-25 21:16:35,696 - INFO - Skipping NC_H08_20200621_0600_L2ARP030_FLDK.02401_02401.nc (already exists and appears cropped)
2025-12-25 21:16:36,301 - INFO - Skipping NC_H08_20200621_0700_L2ARP030_FLDK.02401_02401.nc (already exists and appears cropped)
2025-12-25 21:16:36,916 - INFO - Skipping NC_H08_20200621_0800_L2ARP030_FLDK.02401_02401.nc (already exists and appears cropped)
2025-12-25 21:16:37,524 - INFO - Skipping NC_H08_20200621_0900_L2ARP030_FLDK.02401_02401.nc (already exists and appears cropped)
2025-12-25 21:16:38,243 - INFO - Skipping NC_H08_20200622_0000_L2ARP030_FLDK.02401_02401.nc (already exists and appears cropped)
2025-12-25 21:16:38,855 - INFO - Skipping NC_H08_20200622_0100_L2ARP030_FLDK.02401_02401.nc (already exists and appears cropped)
2025-12-25 21:16:39,500 - INFO - Skipping NC_H08_20200622_0200_L2ARP030_FLDK.02401_02401.nc (already exists and appears cropped)
2025-12-25 21:16:40,114 - INFO - Skipping NC_H08_20200622_0300_L2ARP030_FLDK.02401_02401.nc (already exists and appears cropped)
2025-12-25 21:16:40,726 - INFO - Skipping NC_H08_20200622_0400_L2ARP030_FLDK.02401_02401.nc (already exists and appears cropped)
2025-12-25 21:16:41,343 - INFO - Skipping NC_H08_20200622_0500_L2ARP030_FLDK.02401_02401.nc (already exists and appears cropped)
2025-12-25 21:16:41,954 - INFO - Skipping NC_H08_20200622_0600_L2ARP030_FLDK.02401_02401.nc (already exists and appears cropped)
2025-12-25 21:16:42,582 - INFO - Skipping NC_H08_20200622_0700_L2ARP030_FLDK.02401_02401.nc (already exists and appears cropped)
2025-12-25 21:16:43,198 - INFO - Skipping NC_H08_20200622_0800_L2ARP030_FLDK.02401_02401.nc (already exists and appears cropped)
2025-12-25 21:16:43,803 - INFO - Skipping NC_H08_20200622_0900_L2ARP030_FLDK.02401_02401.nc (already exists and appears cropped)
2025-12-25 21:16:44,539 - INFO - Skipping NC_H08_20200623_0000_L2ARP030_FLDK.02401_02401.nc (already exists and appears cropped)
2025-12-25 21:16:45,153 - INFO - Skipping NC_H08_20200623_0100_L2ARP030_FLDK.02401_02401.nc (already exists and appears cropped)
2025-12-25 21:16:45,764 - INFO - Skipping NC_H08_20200623_0200_L2ARP030_FLDK.02401_02401.nc (already exists and appears cropped)
2025-12-25 21:16:46,380 - INFO - Skipping NC_H08_20200623_0300_L2ARP030_FLDK.02401_02401.nc (already exists and appears cropped)
2025-12-25 21:16:47,007 - INFO - Skipping NC_H08_20200623_0400_L2ARP030_FLDK.02401_02401.nc (already exists and appears cropped)
2025-12-25 21:16:47,625 - INFO - Skipping NC_H08_20200623_0500_L2ARP030_FLDK.02401_02401.nc (already exists and appears cropped)
2025-12-25 21:16:48,230 - INFO - Skipping NC_H08_20200623_0600_L2ARP030_FLDK.02401_02401.nc (already exists and appears cropped)
2025-12-25 21:16:48,846 - INFO - Skipping NC_H08_20200623_0700_L2ARP030_FLDK.02401_02401.nc (already exists and appears cropped)
2025-12-25 21:16:49,463 - INFO - Skipping NC_H08_20200623_0800_L2ARP030_FLDK.02401_02401.nc (already exists and appears cropped)
2025-12-25 21:16:50,075 - INFO - Skipping NC_H08_20200623_0900_L2ARP030_FLDK.02401_02401.nc (already exists and appears cropped)
2025-12-25 21:16:50,804 - INFO - Skipping NC_H08_20200624_0000_L2ARP030_FLDK.02401_02401.nc (already exists and appears cropped)
2025-12-25 21:16:51,412 - INFO - Skipping NC_H08_20200624_0100_L2ARP030_FLDK.02401_02401.nc (already exists and appears cropped)
2025-12-25 21:16:52,054 - INFO - Skipping NC_H08_20200624_0200_L2ARP030_FLDK.02401_02401.nc (already exists and appears cropped)
2025-12-25 21:16:52,669 - INFO - Skipping NC_H08_20200624_0300_L2ARP030_FLDK.02401_02401.nc (already exists and appears cropped)
2025-12-25 21:16:53,284 - INFO - Skipping NC_H08_20200624_0400_L2ARP030_FLDK.02401_02401.nc (already exists and appears cropped)
2025-12-25 21:16:53,900 - INFO - Skipping NC_H08_20200624_0500_L2ARP030_FLDK.02401_02401.nc (already exists and appears cropped)
2025-12-25 21:16:54,525 - INFO - Skipping NC_H08_20200624_0600_L2ARP030_FLDK.02401_02401.nc (already exists and appears cropped)
2025-12-25 21:16:55,146 - INFO - Skipping NC_H08_20200624_0700_L2ARP030_FLDK.02401_02401.nc (already exists and appears cropped)
2025-12-25 21:16:55,742 - INFO - Skipping NC_H08_20200624_0800_L2ARP030_FLDK.02401_02401.nc (already exists and appears cropped)
2025-12-25 21:16:56,369 - INFO - Skipping NC_H08_20200624_0900_L2ARP030_FLDK.02401_02401.nc (already exists and appears cropped)
2025-12-25 21:16:57,081 - INFO - Skipping NC_H08_20200625_0000_L2ARP030_FLDK.02401_02401.nc (already exists and appears cropped)
2025-12-25 21:16:57,683 - INFO - Skipping NC_H08_20200625_0100_L2ARP030_FLDK.02401_02401.nc (already exists and appears cropped)
2025-12-25 21:16:58,297 - INFO - Skipping NC_H08_20200625_0200_L2ARP030_FLDK.02401_02401.nc (already exists and appears cropped)
2025-12-25 21:16:58,910 - INFO - Skipping NC_H08_20200625_0300_L2ARP030_FLDK.02401_02401.nc (already exists and appears cropped)
2025-12-25 21:16:59,550 - INFO - Skipping NC_H08_20200625_0400_L2ARP030_FLDK.02401_02401.nc (already exists and appears cropped)
2025-12-25 21:17:00,160 - INFO - Skipping NC_H08_20200625_0500_L2ARP030_FLDK.02401_02401.nc (already exists and appears cropped)
2025-12-25 21:17:00,807 - INFO - Skipping NC_H08_20200625_0600_L2ARP030_FLDK.02401_02401.nc (already exists and appears cropped)
2025-12-25 21:17:01,425 - INFO - Skipping NC_H08_20200625_0700_L2ARP030_FLDK.02401_02401.nc (already exists and appears cropped)
2025-12-25 21:17:02,050 - INFO - Skipping NC_H08_20200625_0800_L2ARP030_FLDK.02401_02401.nc (already exists and appears cropped)
2025-12-25 21:17:02,670 - INFO - Skipping NC_H08_20200625_0900_L2ARP030_FLDK.02401_02401.nc (already exists and appears cropped)
2025-12-25 21:17:03,393 - INFO - Skipping NC_H08_20200626_0000_L2ARP030_FLDK.02401_02401.nc (already exists and appears cropped)
2025-12-25 21:17:03,998 - INFO - Skipping NC_H08_20200626_0100_L2ARP030_FLDK.02401_02401.nc (already exists and appears cropped)
2025-12-25 21:17:04,622 - INFO - Skipping NC_H08_20200626_0200_L2ARP030_FLDK.02401_02401.nc (already exists and appears cropped)
2025-12-25 21:17:05,247 - INFO - Skipping NC_H08_20200626_0300_L2ARP030_FLDK.02401_02401.nc (already exists and appears cropped)
2025-12-25 21:17:05,886 - INFO - Skipping NC_H08_20200626_0400_L2ARP030_FLDK.02401_02401.nc (already exists and appears cropped)
2025-12-25 21:17:06,495 - INFO - Skipping NC_H08_20200626_0500_L2ARP030_FLDK.02401_02401.nc (already exists and appears cropped)
2025-12-25 21:17:07,129 - INFO - Skipping NC_H08_20200626_0600_L2ARP030_FLDK.02401_02401.nc (already exists and appears cropped)
2025-12-25 21:17:08,073 - INFO - Skipping NC_H08_20200626_0700_L2ARP030_FLDK.02401_02401.nc (already exists and appears cropped)
2025-12-25 21:17:08,687 - INFO - Skipping NC_H08_20200626_0800_L2ARP030_FLDK.02401_02401.nc (already exists and appears cropped)
2025-12-25 21:17:09,311 - INFO - Skipping NC_H08_20200626_0900_L2ARP030_FLDK.02401_02401.nc (already exists and appears cropped)
2025-12-25 21:17:10,031 - INFO - Skipping NC_H08_20200627_0000_L2ARP030_FLDK.02401_02401.nc (already exists and appears cropped)
2025-12-25 21:17:10,652 - INFO - Skipping NC_H08_20200627_0100_L2ARP030_FLDK.02401_02401.nc (already exists and appears cropped)
2025-12-25 21:17:11,273 - INFO - Skipping NC_H08_20200627_0200_L2ARP030_FLDK.02401_02401.nc (already exists and appears cropped)
2025-12-25 21:17:11,877 - INFO - Skipping NC_H08_20200627_0300_L2ARP030_FLDK.02401_02401.nc (already exists and appears cropped)
2025-12-25 21:17:12,488 - INFO - Skipping NC_H08_20200627_0400_L2ARP030_FLDK.02401_02401.nc (already exists and appears cropped)
2025-12-25 21:17:13,117 - INFO - Skipping NC_H08_20200627_0500_L2ARP030_FLDK.02401_02401.nc (already exists and appears cropped)
2025-12-25 21:17:13,728 - INFO - Skipping NC_H08_20200627_0600_L2ARP030_FLDK.02401_02401.nc (already exists and appears cropped)
2025-12-25 21:17:14,355 - INFO - Skipping NC_H08_20200627_0700_L2ARP030_FLDK.02401_02401.nc (already exists and appears cropped)
2025-12-25 21:17:14,969 - INFO - Skipping NC_H08_20200627_0800_L2ARP030_FLDK.02401_02401.nc (already exists and appears cropped)
2025-12-25 21:17:15,587 - INFO - Skipping NC_H08_20200627_0900_L2ARP030_FLDK.02401_02401.nc (already exists and appears cropped)
2025-12-25 21:17:16,312 - INFO - Skipping NC_H08_20200628_0000_L2ARP030_FLDK.02401_02401.nc (already exists and appears cropped)
2025-12-25 21:17:16,937 - INFO - Skipping NC_H08_20200628_0100_L2ARP030_FLDK.02401_02401.nc (already exists and appears cropped)
2025-12-25 21:17:17,552 - INFO - Skipping NC_H08_20200628_0200_L2ARP030_FLDK.02401_02401.nc (already exists and appears cropped)
2025-12-25 21:17:18,181 - INFO - Skipping NC_H08_20200628_0300_L2ARP030_FLDK.02401_02401.nc (already exists and appears cropped)
2025-12-25 21:17:18,796 - INFO - Skipping NC_H08_20200628_0400_L2ARP030_FLDK.02401_02401.nc (already exists and appears cropped)
2025-12-25 21:17:19,403 - INFO - Skipping NC_H08_20200628_0500_L2ARP030_FLDK.02401_02401.nc (already exists and appears cropped)
2025-12-25 21:17:20,024 - INFO - Skipping NC_H08_20200628_0600_L2ARP030_FLDK.02401_02401.nc (already exists and appears cropped)
2025-12-25 21:17:20,652 - INFO - Skipping NC_H08_20200628_0700_L2ARP030_FLDK.02401_02401.nc (already exists and appears cropped)
2025-12-25 21:17:21,268 - INFO - Skipping NC_H08_20200628_0800_L2ARP030_FLDK.02401_02401.nc (already exists and appears cropped)
2025-12-25 21:17:21,880 - INFO - Skipping NC_H08_20200628_0900_L2ARP030_FLDK.02401_02401.nc (already exists and appears cropped)
2025-12-25 21:17:22,638 - INFO - Skipping NC_H08_20200629_0000_L2ARP030_FLDK.02401_02401.nc (already exists and appears cropped)
2025-12-25 21:17:23,267 - INFO - Skipping NC_H08_20200629_0100_L2ARP030_FLDK.02401_02401.nc (already exists and appears cropped)
2025-12-25 21:17:23,898 - INFO - Skipping NC_H08_20200629_0200_L2ARP030_FLDK.02401_02401.nc (already exists and appears cropped)
2025-12-25 21:17:24,515 - INFO - Skipping NC_H08_20200629_0300_L2ARP030_FLDK.02401_02401.nc (already exists and appears cropped)
2025-12-25 21:17:25,136 - INFO - Skipping NC_H08_20200629_0400_L2ARP030_FLDK.02401_02401.nc (already exists and appears cropped)
2025-12-25 21:17:25,778 - INFO - Skipping NC_H08_20200629_0500_L2ARP030_FLDK.02401_02401.nc (already exists and appears cropped)
2025-12-25 21:17:26,393 - INFO - Skipping NC_H08_20200629_0600_L2ARP030_FLDK.02401_02401.nc (already exists and appears cropped)
2025-12-25 21:17:27,046 - INFO - Skipping NC_H08_20200629_0700_L2ARP030_FLDK.02401_02401.nc (already exists and appears cropped)
2025-12-25 21:17:27,666 - INFO - Skipping NC_H08_20200629_0800_L2ARP030_FLDK.02401_02401.nc (already exists and appears cropped)
2025-12-25 21:17:28,267 - INFO - Skipping NC_H08_20200629_0900_L2ARP030_FLDK.02401_02401.nc (already exists and appears cropped)
2025-12-25 21:17:29,005 - INFO - Skipping NC_H08_20200630_0000_L2ARP030_FLDK.02401_02401.nc (already exists and appears cropped)
2025-12-25 21:17:29,642 - INFO - Skipping NC_H08_20200630_0100_L2ARP030_FLDK.02401_02401.nc (already exists and appears cropped)
2025-12-25 21:17:30,273 - INFO - Skipping NC_H08_20200630_0200_L2ARP030_FLDK.02401_02401.nc (already exists and appears cropped)
2025-12-25 21:17:30,884 - INFO - Skipping NC_H08_20200630_0300_L2ARP030_FLDK.02401_02401.nc (already exists and appears cropped)
2025-12-25 21:17:31,507 - INFO - Skipping NC_H08_20200630_0400_L2ARP030_FLDK.02401_02401.nc (already exists and appears cropped)
2025-12-25 21:17:32,115 - INFO - Skipping NC_H08_20200630_0500_L2ARP030_FLDK.02401_02401.nc (already exists and appears cropped)
2025-12-25 21:17:32,726 - INFO - Skipping NC_H08_20200630_0600_L2ARP030_FLDK.02401_02401.nc (already exists and appears cropped)
2025-12-25 21:17:33,344 - INFO - Skipping NC_H08_20200630_0700_L2ARP030_FLDK.02401_02401.nc (already exists and appears cropped)
2025-12-25 21:17:33,960 - INFO - Skipping NC_H08_20200630_0800_L2ARP030_FLDK.02401_02401.nc (already exists and appears cropped)
2025-12-25 21:17:34,569 - INFO - Skipping NC_H08_20200630_0900_L2ARP030_FLDK.02401_02401.nc (already exists and appears cropped)
2025-12-25 21:17:35,377 - INFO - Skipping NC_H08_20200701_0000_L2ARP030_FLDK.02401_02401.nc (already exists and appears cropped)
2025-12-25 21:17:36,008 - INFO - Skipping NC_H08_20200701_0100_L2ARP030_FLDK.02401_02401.nc (already exists and appears cropped)
2025-12-25 21:17:36,617 - INFO - Skipping NC_H08_20200701_0200_L2ARP030_FLDK.02401_02401.nc (already exists and appears cropped)
2025-12-25 21:17:37,238 - INFO - Skipping NC_H08_20200701_0300_L2ARP030_FLDK.02401_02401.nc (already exists and appears cropped)
2025-12-25 21:17:37,839 - INFO - Skipping NC_H08_20200701_0400_L2ARP030_FLDK.02401_02401.nc (already exists and appears cropped)
2025-12-25 21:17:38,457 - INFO - Skipping NC_H08_20200701_0500_L2ARP030_FLDK.02401_02401.nc (already exists and appears cropped)
2025-12-25 21:17:39,084 - INFO - Skipping NC_H08_20200701_0600_L2ARP030_FLDK.02401_02401.nc (already exists and appears cropped)
2025-12-25 21:17:39,701 - INFO - Skipping NC_H08_20200701_0700_L2ARP030_FLDK.02401_02401.nc (already exists and appears cropped)
2025-12-25 21:17:40,313 - INFO - Skipping NC_H08_20200701_0800_L2ARP030_FLDK.02401_02401.nc (already exists and appears cropped)
2025-12-25 21:17:40,933 - INFO - Skipping NC_H08_20200701_0900_L2ARP030_FLDK.02401_02401.nc (already exists and appears cropped)
2025-12-25 21:17:41,658 - INFO - Skipping NC_H08_20200702_0000_L2ARP030_FLDK.02401_02401.nc (already exists and appears cropped)
2025-12-25 21:17:42,278 - INFO - Skipping NC_H08_20200702_0100_L2ARP030_FLDK.02401_02401.nc (already exists and appears cropped)
2025-12-25 21:17:42,886 - INFO - Skipping NC_H08_20200702_0200_L2ARP030_FLDK.02401_02401.nc (already exists and appears cropped)
2025-12-25 21:17:43,501 - INFO - Skipping NC_H08_20200702_0300_L2ARP030_FLDK.02401_02401.nc (already exists and appears cropped)
2025-12-25 21:17:44,112 - INFO - Skipping NC_H08_20200702_0400_L2ARP030_FLDK.02401_02401.nc (already exists and appears cropped)
2025-12-25 21:17:44,739 - INFO - Skipping NC_H08_20200702_0500_L2ARP030_FLDK.02401_02401.nc (already exists and appears cropped)
2025-12-25 21:17:45,351 - INFO - Skipping NC_H08_20200702_0600_L2ARP030_FLDK.02401_02401.nc (already exists and appears cropped)
2025-12-25 21:17:45,974 - INFO - Skipping NC_H08_20200702_0700_L2ARP030_FLDK.02401_02401.nc (already exists and appears cropped)
2025-12-25 21:17:46,601 - INFO - Skipping NC_H08_20200702_0800_L2ARP030_FLDK.02401_02401.nc (already exists and appears cropped)
2025-12-25 21:17:47,231 - INFO - Skipping NC_H08_20200702_0900_L2ARP030_FLDK.02401_02401.nc (already exists and appears cropped)
2025-12-25 21:17:48,015 - INFO - Skipping NC_H08_20200703_0000_L2ARP030_FLDK.02401_02401.nc (already exists and appears cropped)
2025-12-25 21:17:48,629 - INFO - Skipping NC_H08_20200703_0100_L2ARP030_FLDK.02401_02401.nc (already exists and appears cropped)
2025-12-25 21:17:49,247 - INFO - Skipping NC_H08_20200703_0200_L2ARP030_FLDK.02401_02401.nc (already exists and appears cropped)
2025-12-25 21:17:49,867 - INFO - Skipping NC_H08_20200703_0300_L2ARP030_FLDK.02401_02401.nc (already exists and appears cropped)
2025-12-25 21:17:50,476 - INFO - Skipping NC_H08_20200703_0400_L2ARP030_FLDK.02401_02401.nc (already exists and appears cropped)
2025-12-25 21:17:51,102 - INFO - Skipping NC_H08_20200703_0500_L2ARP030_FLDK.02401_02401.nc (already exists and appears cropped)
2025-12-25 21:17:51,724 - INFO - Skipping NC_H08_20200703_0600_L2ARP030_FLDK.02401_02401.nc (already exists and appears cropped)
2025-12-25 21:17:52,336 - INFO - Skipping NC_H08_20200703_0700_L2ARP030_FLDK.02401_02401.nc (already exists and appears cropped)
2025-12-25 21:17:52,955 - INFO - Skipping NC_H08_20200703_0800_L2ARP030_FLDK.02401_02401.nc (already exists and appears cropped)
2025-12-25 21:17:53,585 - INFO - Skipping NC_H08_20200703_0900_L2ARP030_FLDK.02401_02401.nc (already exists and appears cropped)
2025-12-25 21:17:54,284 - INFO - Skipping NC_H08_20200704_0000_L2ARP030_FLDK.02401_02401.nc (already exists and appears cropped)
2025-12-25 21:17:54,910 - INFO - Skipping NC_H08_20200704_0100_L2ARP030_FLDK.02401_02401.nc (already exists and appears cropped)
2025-12-25 21:17:55,519 - INFO - Skipping NC_H08_20200704_0200_L2ARP030_FLDK.02401_02401.nc (already exists and appears cropped)
2025-12-25 21:17:56,126 - INFO - Skipping NC_H08_20200704_0300_L2ARP030_FLDK.02401_02401.nc (already exists and appears cropped)
2025-12-25 21:17:56,737 - INFO - Skipping NC_H08_20200704_0400_L2ARP030_FLDK.02401_02401.nc (already exists and appears cropped)
2025-12-25 21:17:57,362 - INFO - Skipping NC_H08_20200704_0500_L2ARP030_FLDK.02401_02401.nc (already exists and appears cropped)
2025-12-25 21:17:57,977 - INFO - Skipping NC_H08_20200704_0600_L2ARP030_FLDK.02401_02401.nc (already exists and appears cropped)
2025-12-25 21:17:58,617 - INFO - Skipping NC_H08_20200704_0700_L2ARP030_FLDK.02401_02401.nc (already exists and appears cropped)
2025-12-25 21:17:59,214 - INFO - Skipping NC_H08_20200704_0800_L2ARP030_FLDK.02401_02401.nc (already exists and appears cropped)
2025-12-25 21:17:59,839 - INFO - Skipping NC_H08_20200704_0900_L2ARP030_FLDK.02401_02401.nc (already exists and appears cropped)
2025-12-25 21:18:00,575 - INFO - Skipping NC_H08_20200705_0000_L2ARP030_FLDK.02401_02401.nc (already exists and appears cropped)
2025-12-25 21:18:01,202 - INFO - Skipping NC_H08_20200705_0100_L2ARP030_FLDK.02401_02401.nc (already exists and appears cropped)
2025-12-25 21:18:01,824 - INFO - Skipping NC_H08_20200705_0200_L2ARP030_FLDK.02401_02401.nc (already exists and appears cropped)
2025-12-25 21:18:02,437 - INFO - Skipping NC_H08_20200705_0300_L2ARP030_FLDK.02401_02401.nc (already exists and appears cropped)
2025-12-25 21:18:03,090 - INFO - Skipping NC_H08_20200705_0400_L2ARP030_FLDK.02401_02401.nc (already exists and appears cropped)
2025-12-25 21:18:03,708 - INFO - Skipping NC_H08_20200705_0500_L2ARP030_FLDK.02401_02401.nc (already exists and appears cropped)
2025-12-25 21:18:04,324 - INFO - Skipping NC_H08_20200705_0600_L2ARP030_FLDK.02401_02401.nc (already exists and appears cropped)
2025-12-25 21:18:04,962 - INFO - Skipping NC_H08_20200705_0700_L2ARP030_FLDK.02401_02401.nc (already exists and appears cropped)
2025-12-25 21:18:05,592 - INFO - Skipping NC_H08_20200705_0800_L2ARP030_FLDK.02401_02401.nc (already exists and appears cropped)
2025-12-25 21:18:06,195 - INFO - Skipping NC_H08_20200705_0900_L2ARP030_FLDK.02401_02401.nc (already exists and appears cropped)
2025-12-25 21:18:06,926 - INFO - Skipping NC_H08_20200706_0000_L2ARP030_FLDK.02401_02401.nc (already exists and appears cropped)
2025-12-25 21:18:07,536 - INFO - Skipping NC_H08_20200706_0100_L2ARP030_FLDK.02401_02401.nc (already exists and appears cropped)
2025-12-25 21:18:08,146 - INFO - Skipping NC_H08_20200706_0200_L2ARP030_FLDK.02401_02401.nc (already exists and appears cropped)
2025-12-25 21:18:08,753 - INFO - Skipping NC_H08_20200706_0300_L2ARP030_FLDK.02401_02401.nc (already exists and appears cropped)
2025-12-25 21:18:09,414 - INFO - Skipping NC_H08_20200706_0400_L2ARP030_FLDK.02401_02401.nc (already exists and appears cropped)
2025-12-25 21:18:10,362 - INFO - Skipping NC_H08_20200706_0500_L2ARP030_FLDK.02401_02401.nc (already exists and appears cropped)
2025-12-25 21:18:10,975 - INFO - Skipping NC_H08_20200706_0600_L2ARP030_FLDK.02401_02401.nc (already exists and appears cropped)
2025-12-25 21:18:11,589 - INFO - Skipping NC_H08_20200706_0700_L2ARP030_FLDK.02401_02401.nc (already exists and appears cropped)
2025-12-25 21:18:12,194 - INFO - Skipping NC_H08_20200706_0800_L2ARP030_FLDK.02401_02401.nc (already exists and appears cropped)
2025-12-25 21:18:12,793 - INFO - Skipping NC_H08_20200706_0900_L2ARP030_FLDK.02401_02401.nc (already exists and appears cropped)
2025-12-25 21:18:13,544 - INFO - Skipping NC_H08_20200707_0000_L2ARP030_FLDK.02401_02401.nc (already exists and appears cropped)
2025-12-25 21:18:14,169 - INFO - Skipping NC_H08_20200707_0100_L2ARP030_FLDK.02401_02401.nc (already exists and appears cropped)
2025-12-25 21:18:14,769 - INFO - Skipping NC_H08_20200707_0200_L2ARP030_FLDK.02401_02401.nc (already exists and appears cropped)
2025-12-25 21:18:15,378 - INFO - Skipping NC_H08_20200707_0300_L2ARP030_FLDK.02401_02401.nc (already exists and appears cropped)
2025-12-25 21:18:15,993 - INFO - Skipping NC_H08_20200707_0400_L2ARP030_FLDK.02401_02401.nc (already exists and appears cropped)
2025-12-25 21:18:16,597 - INFO - Skipping NC_H08_20200707_0500_L2ARP030_FLDK.02401_02401.nc (already exists and appears cropped)
2025-12-25 21:18:17,207 - INFO - Skipping NC_H08_20200707_0600_L2ARP030_FLDK.02401_02401.nc (already exists and appears cropped)
2025-12-25 21:18:17,819 - INFO - Skipping NC_H08_20200707_0700_L2ARP030_FLDK.02401_02401.nc (already exists and appears cropped)
2025-12-25 21:18:18,429 - INFO - Skipping NC_H08_20200707_0800_L2ARP030_FLDK.02401_02401.nc (already exists and appears cropped)
2025-12-25 21:18:19,040 - INFO - Skipping NC_H08_20200707_0900_L2ARP030_FLDK.02401_02401.nc (already exists and appears cropped)
2025-12-25 21:18:19,753 - INFO - Skipping NC_H08_20200708_0000_L2ARP030_FLDK.02401_02401.nc (already exists and appears cropped)
2025-12-25 21:18:20,365 - INFO - Skipping NC_H08_20200708_0100_L2ARP030_FLDK.02401_02401.nc (already exists and appears cropped)
2025-12-25 21:18:20,955 - INFO - Skipping NC_H08_20200708_0200_L2ARP030_FLDK.02401_02401.nc (already exists and appears cropped)
2025-12-25 21:18:21,578 - INFO - Skipping NC_H08_20200708_0300_L2ARP030_FLDK.02401_02401.nc (already exists and appears cropped)
2025-12-25 21:18:22,187 - INFO - Skipping NC_H08_20200708_0400_L2ARP030_FLDK.02401_02401.nc (already exists and appears cropped)
2025-12-25 21:18:22,826 - INFO - Skipping NC_H08_20200708_0500_L2ARP030_FLDK.02401_02401.nc (already exists and appears cropped)
2025-12-25 21:18:23,431 - INFO - Skipping NC_H08_20200708_0600_L2ARP030_FLDK.02401_02401.nc (already exists and appears cropped)
2025-12-25 21:18:24,022 - INFO - Skipping NC_H08_20200708_0700_L2ARP030_FLDK.02401_02401.nc (already exists and appears cropped)
2025-12-25 21:18:24,659 - INFO - Skipping NC_H08_20200708_0800_L2ARP030_FLDK.02401_02401.nc (already exists and appears cropped)
2025-12-25 21:18:25,274 - INFO - Skipping NC_H08_20200708_0900_L2ARP030_FLDK.02401_02401.nc (already exists and appears cropped)
2025-12-25 21:18:26,011 - INFO - Skipping NC_H08_20200709_0000_L2ARP030_FLDK.02401_02401.nc (already exists and appears cropped)
2025-12-25 21:18:26,624 - INFO - Skipping NC_H08_20200709_0100_L2ARP030_FLDK.02401_02401.nc (already exists and appears cropped)
2025-12-25 21:18:27,258 - INFO - Skipping NC_H08_20200709_0200_L2ARP030_FLDK.02401_02401.nc (already exists and appears cropped)
2025-12-25 21:18:27,860 - INFO - Skipping NC_H08_20200709_0300_L2ARP030_FLDK.02401_02401.nc (already exists and appears cropped)
2025-12-25 21:18:28,493 - INFO - Skipping NC_H08_20200709_0400_L2ARP030_FLDK.02401_02401.nc (already exists and appears cropped)
2025-12-25 21:18:29,104 - INFO - Skipping NC_H08_20200709_0500_L2ARP030_FLDK.02401_02401.nc (already exists and appears cropped)
2025-12-25 21:18:29,721 - INFO - Skipping NC_H08_20200709_0600_L2ARP030_FLDK.02401_02401.nc (already exists and appears cropped)
2025-12-25 21:18:30,356 - INFO - Skipping NC_H08_20200709_0700_L2ARP030_FLDK.02401_02401.nc (already exists and appears cropped)
2025-12-25 21:18:30,967 - INFO - Skipping NC_H08_20200709_0800_L2ARP030_FLDK.02401_02401.nc (already exists and appears cropped)
2025-12-25 21:18:31,586 - INFO - Skipping NC_H08_20200709_0900_L2ARP030_FLDK.02401_02401.nc (already exists and appears cropped)
2025-12-25 21:18:32,300 - INFO - Skipping NC_H08_20200710_0000_L2ARP030_FLDK.02401_02401.nc (already exists and appears cropped)
2025-12-25 21:18:32,911 - INFO - Skipping NC_H08_20200710_0100_L2ARP030_FLDK.02401_02401.nc (already exists and appears cropped)
2025-12-25 21:18:33,524 - INFO - Skipping NC_H08_20200710_0200_L2ARP030_FLDK.02401_02401.nc (already exists and appears cropped)
2025-12-25 21:18:34,130 - INFO - Skipping NC_H08_20200710_0300_L2ARP030_FLDK.02401_02401.nc (already exists and appears cropped)
2025-12-25 21:18:34,729 - INFO - Skipping NC_H08_20200710_0400_L2ARP030_FLDK.02401_02401.nc (already exists and appears cropped)
2025-12-25 21:18:35,335 - INFO - Skipping NC_H08_20200710_0500_L2ARP030_FLDK.02401_02401.nc (already exists and appears cropped)
2025-12-25 21:18:35,944 - INFO - Skipping NC_H08_20200710_0600_L2ARP030_FLDK.02401_02401.nc (already exists and appears cropped)
2025-12-25 21:18:36,587 - INFO - Skipping NC_H08_20200710_0700_L2ARP030_FLDK.02401_02401.nc (already exists and appears cropped)
2025-12-25 21:18:37,184 - INFO - Skipping NC_H08_20200710_0800_L2ARP030_FLDK.02401_02401.nc (already exists and appears cropped)
2025-12-25 21:18:37,793 - INFO - Skipping NC_H08_20200710_0900_L2ARP030_FLDK.02401_02401.nc (already exists and appears cropped)
2025-12-25 21:18:38,493 - INFO - Skipping NC_H08_20200711_0000_L2ARP030_FLDK.02401_02401.nc (already exists and appears cropped)
2025-12-25 21:18:39,099 - INFO - Skipping NC_H08_20200711_0100_L2ARP030_FLDK.02401_02401.nc (already exists and appears cropped)
2025-12-25 21:18:39,719 - INFO - Skipping NC_H08_20200711_0200_L2ARP030_FLDK.02401_02401.nc (already exists and appears cropped)
2025-12-25 21:18:40,341 - INFO - Skipping NC_H08_20200711_0300_L2ARP030_FLDK.02401_02401.nc (already exists and appears cropped)
2025-12-25 21:18:40,977 - INFO - Skipping NC_H08_20200711_0400_L2ARP030_FLDK.02401_02401.nc (already exists and appears cropped)
2025-12-25 21:18:41,588 - INFO - Skipping NC_H08_20200711_0500_L2ARP030_FLDK.02401_02401.nc (already exists and appears cropped)
2025-12-25 21:18:42,201 - INFO - Skipping NC_H08_20200711_0600_L2ARP030_FLDK.02401_02401.nc (already exists and appears cropped)
2025-12-25 21:18:42,803 - INFO - Skipping NC_H08_20200711_0700_L2ARP030_FLDK.02401_02401.nc (already exists and appears cropped)
2025-12-25 21:18:43,413 - INFO - Skipping NC_H08_20200711_0800_L2ARP030_FLDK.02401_02401.nc (already exists and appears cropped)
2025-12-25 21:18:44,038 - INFO - Skipping NC_H08_20200711_0900_L2ARP030_FLDK.02401_02401.nc (already exists and appears cropped)
2025-12-25 21:18:44,766 - INFO - Skipping NC_H08_20200712_0000_L2ARP030_FLDK.02401_02401.nc (already exists and appears cropped)
2025-12-25 21:18:45,380 - INFO - Skipping NC_H08_20200712_0100_L2ARP030_FLDK.02401_02401.nc (already exists and appears cropped)
2025-12-25 21:18:46,023 - INFO - Skipping NC_H08_20200712_0200_L2ARP030_FLDK.02401_02401.nc (already exists and appears cropped)
2025-12-25 21:18:46,629 - INFO - Skipping NC_H08_20200712_0300_L2ARP030_FLDK.02401_02401.nc (already exists and appears cropped)
2025-12-25 21:18:47,252 - INFO - Skipping NC_H08_20200712_0400_L2ARP030_FLDK.02401_02401.nc (already exists and appears cropped)
2025-12-25 21:18:47,880 - INFO - Skipping NC_H08_20200712_0500_L2ARP030_FLDK.02401_02401.nc (already exists and appears cropped)
2025-12-25 21:18:48,506 - INFO - Skipping NC_H08_20200712_0600_L2ARP030_FLDK.02401_02401.nc (already exists and appears cropped)
2025-12-25 21:18:49,110 - INFO - Skipping NC_H08_20200712_0700_L2ARP030_FLDK.02401_02401.nc (already exists and appears cropped)
2025-12-25 21:18:49,712 - INFO - Skipping NC_H08_20200712_0800_L2ARP030_FLDK.02401_02401.nc (already exists and appears cropped)
2025-12-25 21:18:50,320 - INFO - Skipping NC_H08_20200712_0900_L2ARP030_FLDK.02401_02401.nc (already exists and appears cropped)
2025-12-25 21:18:51,028 - INFO - Skipping NC_H08_20200713_0000_L2ARP030_FLDK.02401_02401.nc (already exists and appears cropped)
2025-12-25 21:18:51,646 - INFO - Skipping NC_H08_20200713_0100_L2ARP030_FLDK.02401_02401.nc (already exists and appears cropped)
2025-12-25 21:18:52,293 - INFO - Skipping NC_H08_20200713_0200_L2ARP030_FLDK.02401_02401.nc (already exists and appears cropped)
2025-12-25 21:18:52,891 - INFO - Skipping NC_H08_20200713_0300_L2ARP030_FLDK.02401_02401.nc (already exists and appears cropped)
2025-12-25 21:18:53,500 - INFO - Skipping NC_H08_20200713_0400_L2ARP030_FLDK.02401_02401.nc (already exists and appears cropped)
2025-12-25 21:18:54,098 - INFO - Skipping NC_H08_20200713_0500_L2ARP030_FLDK.02401_02401.nc (already exists and appears cropped)
2025-12-25 21:18:54,715 - INFO - Skipping NC_H08_20200713_0600_L2ARP030_FLDK.02401_02401.nc (already exists and appears cropped)
2025-12-25 21:18:55,315 - INFO - Skipping NC_H08_20200713_0700_L2ARP030_FLDK.02401_02401.nc (already exists and appears cropped)
2025-12-25 21:18:55,930 - INFO - Skipping NC_H08_20200713_0800_L2ARP030_FLDK.02401_02401.nc (already exists and appears cropped)
2025-12-25 21:18:56,532 - INFO - Skipping NC_H08_20200713_0900_L2ARP030_FLDK.02401_02401.nc (already exists and appears cropped)
2025-12-25 21:18:57,287 - INFO - Skipping NC_H08_20200714_0000_L2ARP030_FLDK.02401_02401.nc (already exists and appears cropped)
2025-12-25 21:18:57,911 - INFO - Skipping NC_H08_20200714_0100_L2ARP030_FLDK.02401_02401.nc (already exists and appears cropped)
2025-12-25 21:18:58,529 - INFO - Skipping NC_H08_20200714_0200_L2ARP030_FLDK.02401_02401.nc (already exists and appears cropped)
2025-12-25 21:18:59,144 - INFO - Skipping NC_H08_20200714_0300_L2ARP030_FLDK.02401_02401.nc (already exists and appears cropped)
2025-12-25 21:18:59,756 - INFO - Skipping NC_H08_20200714_0400_L2ARP030_FLDK.02401_02401.nc (already exists and appears cropped)
2025-12-25 21:19:00,391 - INFO - Skipping NC_H08_20200714_0500_L2ARP030_FLDK.02401_02401.nc (already exists and appears cropped)
2025-12-25 21:19:01,013 - INFO - Skipping NC_H08_20200714_0600_L2ARP030_FLDK.02401_02401.nc (already exists and appears cropped)
2025-12-25 21:19:01,620 - INFO - Skipping NC_H08_20200714_0700_L2ARP030_FLDK.02401_02401.nc (already exists and appears cropped)
2025-12-25 21:19:02,224 - INFO - Skipping NC_H08_20200714_0800_L2ARP030_FLDK.02401_02401.nc (already exists and appears cropped)
2025-12-25 21:19:02,847 - INFO - Skipping NC_H08_20200714_0900_L2ARP030_FLDK.02401_02401.nc (already exists and appears cropped)
2025-12-25 21:19:03,589 - INFO - Skipping NC_H08_20200715_0000_L2ARP030_FLDK.02401_02401.nc (already exists and appears cropped)
2025-12-25 21:19:04,208 - INFO - Skipping NC_H08_20200715_0100_L2ARP030_FLDK.02401_02401.nc (already exists and appears cropped)
2025-12-25 21:19:04,813 - INFO - Skipping NC_H08_20200715_0200_L2ARP030_FLDK.02401_02401.nc (already exists and appears cropped)
2025-12-25 21:19:05,417 - INFO - Skipping NC_H08_20200715_0300_L2ARP030_FLDK.02401_02401.nc (already exists and appears cropped)
2025-12-25 21:19:06,074 - INFO - Skipping NC_H08_20200715_0400_L2ARP030_FLDK.02401_02401.nc (already exists and appears cropped)
2025-12-25 21:19:06,688 - INFO - Skipping NC_H08_20200715_0500_L2ARP030_FLDK.02401_02401.nc (already exists and appears cropped)
2025-12-25 21:19:07,292 - INFO - Skipping NC_H08_20200715_0600_L2ARP030_FLDK.02401_02401.nc (already exists and appears cropped)
2025-12-25 21:19:07,901 - INFO - Skipping NC_H08_20200715_0700_L2ARP030_FLDK.02401_02401.nc (already exists and appears cropped)
2025-12-25 21:19:08,506 - INFO - Skipping NC_H08_20200715_0800_L2ARP030_FLDK.02401_02401.nc (already exists and appears cropped)
2025-12-25 21:19:09,122 - INFO - Skipping NC_H08_20200715_0900_L2ARP030_FLDK.02401_02401.nc (already exists and appears cropped)
2025-12-25 21:19:09,858 - INFO - Skipping NC_H08_20200716_0000_L2ARP030_FLDK.02401_02401.nc (already exists and appears cropped)
2025-12-25 21:19:10,476 - INFO - Skipping NC_H08_20200716_0100_L2ARP030_FLDK.02401_02401.nc (already exists and appears cropped)
2025-12-25 21:19:11,087 - INFO - Skipping NC_H08_20200716_0200_L2ARP030_FLDK.02401_02401.nc (already exists and appears cropped)
2025-12-25 21:19:12,066 - INFO - Skipping NC_H08_20200716_0300_L2ARP030_FLDK.02401_02401.nc (already exists and appears cropped)
2025-12-25 21:19:12,679 - INFO - Skipping NC_H08_20200716_0400_L2ARP030_FLDK.02401_02401.nc (already exists and appears cropped)
2025-12-25 21:19:13,292 - INFO - Skipping NC_H08_20200716_0500_L2ARP030_FLDK.02401_02401.nc (already exists and appears cropped)
2025-12-25 21:19:13,914 - INFO - Skipping NC_H08_20200716_0600_L2ARP030_FLDK.02401_02401.nc (already exists and appears cropped)
2025-12-25 21:19:14,525 - INFO - Skipping NC_H08_20200716_0700_L2ARP030_FLDK.02401_02401.nc (already exists and appears cropped)
2025-12-25 21:19:15,139 - INFO - Skipping NC_H08_20200716_0800_L2ARP030_FLDK.02401_02401.nc (already exists and appears cropped)
2025-12-25 21:19:15,742 - INFO - Skipping NC_H08_20200716_0900_L2ARP030_FLDK.02401_02401.nc (already exists and appears cropped)
2025-12-25 21:19:16,256 - INFO - No minute 00 files found in /pub/himawari/L2/ARP/030/202007/17/00/
2025-12-25 21:19:16,969 - INFO - Skipping NC_H08_20200717_0100_L2ARP030_FLDK.02401_02401.nc (already exists and appears cropped)
2025-12-25 21:19:17,608 - INFO - Skipping NC_H08_20200717_0200_L2ARP030_FLDK.02401_02401.nc (already exists and appears cropped)
2025-12-25 21:19:18,240 - INFO - Skipping NC_H08_20200717_0300_L2ARP030_FLDK.02401_02401.nc (already exists and appears cropped)
2025-12-25 21:19:18,902 - INFO - Skipping NC_H08_20200717_0400_L2ARP030_FLDK.02401_02401.nc (already exists and appears cropped)
2025-12-25 21:19:19,521 - INFO - Skipping NC_H08_20200717_0500_L2ARP030_FLDK.02401_02401.nc (already exists and appears cropped)
2025-12-25 21:19:20,124 - INFO - Skipping NC_H08_20200717_0600_L2ARP030_FLDK.02401_02401.nc (already exists and appears cropped)
2025-12-25 21:19:20,737 - INFO - Skipping NC_H08_20200717_0700_L2ARP030_FLDK.02401_02401.nc (already exists and appears cropped)
2025-12-25 21:19:21,364 - INFO - Skipping NC_H08_20200717_0800_L2ARP030_FLDK.02401_02401.nc (already exists and appears cropped)
2025-12-25 21:19:22,005 - INFO - Skipping NC_H08_20200717_0900_L2ARP030_FLDK.02401_02401.nc (already exists and appears cropped)
2025-12-25 21:19:22,774 - INFO - Skipping NC_H08_20200718_0000_L2ARP030_FLDK.02401_02401.nc (already exists and appears cropped)
2025-12-25 21:19:23,429 - INFO - Skipping NC_H08_20200718_0100_L2ARP030_FLDK.02401_02401.nc (already exists and appears cropped)
2025-12-25 21:19:24,055 - INFO - Skipping NC_H08_20200718_0200_L2ARP030_FLDK.02401_02401.nc (already exists and appears cropped)
2025-12-25 21:19:24,671 - INFO - Skipping NC_H08_20200718_0300_L2ARP030_FLDK.02401_02401.nc (already exists and appears cropped)
2025-12-25 21:19:25,295 - INFO - Skipping NC_H08_20200718_0400_L2ARP030_FLDK.02401_02401.nc (already exists and appears cropped)
2025-12-25 21:19:25,913 - INFO - Skipping NC_H08_20200718_0500_L2ARP030_FLDK.02401_02401.nc (already exists and appears cropped)
2025-12-25 21:19:26,539 - INFO - Skipping NC_H08_20200718_0600_L2ARP030_FLDK.02401_02401.nc (already exists and appears cropped)
2025-12-25 21:19:27,153 - INFO - Skipping NC_H08_20200718_0700_L2ARP030_FLDK.02401_02401.nc (already exists and appears cropped)
2025-12-25 21:19:27,781 - INFO - Skipping NC_H08_20200718_0800_L2ARP030_FLDK.02401_02401.nc (already exists and appears cropped)
2025-12-25 21:19:28,395 - INFO - Skipping NC_H08_20200718_0900_L2ARP030_FLDK.02401_02401.nc (already exists and appears cropped)
2025-12-25 21:19:29,134 - INFO - Skipping NC_H08_20200719_0000_L2ARP030_FLDK.02401_02401.nc (already exists and appears cropped)
2025-12-25 21:19:29,757 - INFO - Skipping NC_H08_20200719_0100_L2ARP030_FLDK.02401_02401.nc (already exists and appears cropped)
2025-12-25 21:19:30,381 - INFO - Skipping NC_H08_20200719_0200_L2ARP030_FLDK.02401_02401.nc (already exists and appears cropped)
2025-12-25 21:19:30,994 - INFO - Skipping NC_H08_20200719_0300_L2ARP030_FLDK.02401_02401.nc (already exists and appears cropped)
2025-12-25 21:19:31,618 - INFO - Skipping NC_H08_20200719_0400_L2ARP030_FLDK.02401_02401.nc (already exists and appears cropped)
2025-12-25 21:19:32,245 - INFO - Skipping NC_H08_20200719_0500_L2ARP030_FLDK.02401_02401.nc (already exists and appears cropped)
2025-12-25 21:19:32,873 - INFO - Skipping NC_H08_20200719_0600_L2ARP030_FLDK.02401_02401.nc (already exists and appears cropped)
2025-12-25 21:19:33,482 - INFO - Skipping NC_H08_20200719_0700_L2ARP030_FLDK.02401_02401.nc (already exists and appears cropped)
2025-12-25 21:19:34,100 - INFO - Skipping NC_H08_20200719_0800_L2ARP030_FLDK.02401_02401.nc (already exists and appears cropped)
2025-12-25 21:19:34,730 - INFO - Skipping NC_H08_20200719_0900_L2ARP030_FLDK.02401_02401.nc (already exists and appears cropped)
2025-12-25 21:19:35,478 - INFO - Skipping NC_H08_20200720_0000_L2ARP030_FLDK.02401_02401.nc (already exists and appears cropped)
2025-12-25 21:19:36,097 - INFO - Skipping NC_H08_20200720_0100_L2ARP030_FLDK.02401_02401.nc (already exists and appears cropped)
2025-12-25 21:19:36,710 - INFO - Skipping NC_H08_20200720_0200_L2ARP030_FLDK.02401_02401.nc (already exists and appears cropped)
2025-12-25 21:19:37,333 - INFO - Skipping NC_H08_20200720_0300_L2ARP030_FLDK.02401_02401.nc (already exists and appears cropped)
2025-12-25 21:19:37,946 - INFO - Skipping NC_H08_20200720_0400_L2ARP030_FLDK.02401_02401.nc (already exists and appears cropped)
2025-12-25 21:19:38,576 - INFO - Skipping NC_H08_20200720_0500_L2ARP030_FLDK.02401_02401.nc (already exists and appears cropped)
2025-12-25 21:19:39,178 - INFO - Skipping NC_H08_20200720_0600_L2ARP030_FLDK.02401_02401.nc (already exists and appears cropped)
2025-12-25 21:19:39,793 - INFO - Skipping NC_H08_20200720_0700_L2ARP030_FLDK.02401_02401.nc (already exists and appears cropped)
2025-12-25 21:19:40,392 - INFO - Skipping NC_H08_20200720_0800_L2ARP030_FLDK.02401_02401.nc (already exists and appears cropped)
2025-12-25 21:19:41,002 - INFO - Skipping NC_H08_20200720_0900_L2ARP030_FLDK.02401_02401.nc (already exists and appears cropped)
2025-12-25 21:19:41,751 - INFO - Skipping NC_H08_20200721_0000_L2ARP030_FLDK.02401_02401.nc (already exists and appears cropped)
2025-12-25 21:19:42,362 - INFO - Skipping NC_H08_20200721_0100_L2ARP030_FLDK.02401_02401.nc (already exists and appears cropped)
2025-12-25 21:19:42,977 - INFO - Skipping NC_H08_20200721_0200_L2ARP030_FLDK.02401_02401.nc (already exists and appears cropped)
2025-12-25 21:19:43,588 - INFO - Skipping NC_H08_20200721_0300_L2ARP030_FLDK.02401_02401.nc (already exists and appears cropped)
2025-12-25 21:19:44,202 - INFO - Skipping NC_H08_20200721_0400_L2ARP030_FLDK.02401_02401.nc (already exists and appears cropped)
2025-12-25 21:19:44,824 - INFO - Skipping NC_H08_20200721_0500_L2ARP030_FLDK.02401_02401.nc (already exists and appears cropped)
2025-12-25 21:19:45,463 - INFO - Skipping NC_H08_20200721_0600_L2ARP030_FLDK.02401_02401.nc (already exists and appears cropped)
2025-12-25 21:19:46,070 - INFO - Skipping NC_H08_20200721_0700_L2ARP030_FLDK.02401_02401.nc (already exists and appears cropped)
2025-12-25 21:19:46,674 - INFO - Skipping NC_H08_20200721_0800_L2ARP030_FLDK.02401_02401.nc (already exists and appears cropped)
2025-12-25 21:19:47,290 - INFO - Skipping NC_H08_20200721_0900_L2ARP030_FLDK.02401_02401.nc (already exists and appears cropped)
2025-12-25 21:19:48,005 - INFO - Skipping NC_H08_20200722_0000_L2ARP030_FLDK.02401_02401.nc (already exists and appears cropped)
2025-12-25 21:19:48,639 - INFO - Skipping NC_H08_20200722_0100_L2ARP030_FLDK.02401_02401.nc (already exists and appears cropped)
2025-12-25 21:19:49,276 - INFO - Skipping NC_H08_20200722_0200_L2ARP030_FLDK.02401_02401.nc (already exists and appears cropped)
2025-12-25 21:19:49,899 - INFO - Skipping NC_H08_20200722_0300_L2ARP030_FLDK.02401_02401.nc (already exists and appears cropped)
2025-12-25 21:19:50,512 - INFO - Skipping NC_H08_20200722_0400_L2ARP030_FLDK.02401_02401.nc (already exists and appears cropped)
2025-12-25 21:19:51,155 - INFO - Skipping NC_H08_20200722_0500_L2ARP030_FLDK.02401_02401.nc (already exists and appears cropped)
2025-12-25 21:19:51,776 - INFO - Skipping NC_H08_20200722_0600_L2ARP030_FLDK.02401_02401.nc (already exists and appears cropped)
2025-12-25 21:19:52,432 - INFO - Skipping NC_H08_20200722_0700_L2ARP030_FLDK.02401_02401.nc (already exists and appears cropped)
2025-12-25 21:19:53,032 - INFO - Skipping NC_H08_20200722_0800_L2ARP030_FLDK.02401_02401.nc (already exists and appears cropped)
2025-12-25 21:19:53,642 - INFO - Skipping NC_H08_20200722_0900_L2ARP030_FLDK.02401_02401.nc (already exists and appears cropped)
2025-12-25 21:19:54,367 - INFO - Skipping NC_H08_20200723_0000_L2ARP030_FLDK.02401_02401.nc (already exists and appears cropped)
2025-12-25 21:19:54,980 - INFO - Skipping NC_H08_20200723_0100_L2ARP030_FLDK.02401_02401.nc (already exists and appears cropped)
2025-12-25 21:19:55,615 - INFO - Skipping NC_H08_20200723_0200_L2ARP030_FLDK.02401_02401.nc (already exists and appears cropped)
2025-12-25 21:19:56,249 - INFO - Skipping NC_H08_20200723_0300_L2ARP030_FLDK.02401_02401.nc (already exists and appears cropped)
2025-12-25 21:19:56,863 - INFO - Skipping NC_H08_20200723_0400_L2ARP030_FLDK.02401_02401.nc (already exists and appears cropped)
2025-12-25 21:19:57,488 - INFO - Skipping NC_H08_20200723_0500_L2ARP030_FLDK.02401_02401.nc (already exists and appears cropped)
2025-12-25 21:19:58,117 - INFO - Skipping NC_H08_20200723_0600_L2ARP030_FLDK.02401_02401.nc (already exists and appears cropped)
2025-12-25 21:19:58,728 - INFO - Skipping NC_H08_20200723_0700_L2ARP030_FLDK.02401_02401.nc (already exists and appears cropped)
2025-12-25 21:19:59,336 - INFO - Skipping NC_H08_20200723_0800_L2ARP030_FLDK.02401_02401.nc (already exists and appears cropped)
2025-12-25 21:19:59,938 - INFO - Skipping NC_H08_20200723_0900_L2ARP030_FLDK.02401_02401.nc (already exists and appears cropped)
2025-12-25 21:20:00,650 - INFO - Skipping NC_H08_20200724_0000_L2ARP030_FLDK.02401_02401.nc (already exists and appears cropped)
2025-12-25 21:20:01,267 - INFO - Skipping NC_H08_20200724_0100_L2ARP030_FLDK.02401_02401.nc (already exists and appears cropped)
2025-12-25 21:20:02,031 - INFO - Skipping NC_H08_20200724_0200_L2ARP030_FLDK.02401_02401.nc (already exists and appears cropped)
2025-12-25 21:20:02,647 - INFO - Skipping NC_H08_20200724_0300_L2ARP030_FLDK.02401_02401.nc (already exists and appears cropped)
2025-12-25 21:20:03,248 - INFO - Skipping NC_H08_20200724_0400_L2ARP030_FLDK.02401_02401.nc (already exists and appears cropped)
2025-12-25 21:20:03,856 - INFO - Skipping NC_H08_20200724_0500_L2ARP030_FLDK.02401_02401.nc (already exists and appears cropped)
2025-12-25 21:20:04,478 - INFO - Skipping NC_H08_20200724_0600_L2ARP030_FLDK.02401_02401.nc (already exists and appears cropped)
2025-12-25 21:20:05,106 - INFO - Skipping NC_H08_20200724_0700_L2ARP030_FLDK.02401_02401.nc (already exists and appears cropped)
2025-12-25 21:20:05,730 - INFO - Skipping NC_H08_20200724_0800_L2ARP030_FLDK.02401_02401.nc (already exists and appears cropped)
2025-12-25 21:20:06,347 - INFO - Skipping NC_H08_20200724_0900_L2ARP030_FLDK.02401_02401.nc (already exists and appears cropped)
2025-12-25 21:20:07,093 - INFO - Skipping NC_H08_20200725_0000_L2ARP030_FLDK.02401_02401.nc (already exists and appears cropped)
2025-12-25 21:20:07,712 - INFO - Skipping NC_H08_20200725_0100_L2ARP030_FLDK.02401_02401.nc (already exists and appears cropped)
2025-12-25 21:20:08,330 - INFO - Skipping NC_H08_20200725_0200_L2ARP030_FLDK.02401_02401.nc (already exists and appears cropped)
2025-12-25 21:20:08,952 - INFO - Skipping NC_H08_20200725_0300_L2ARP030_FLDK.02401_02401.nc (already exists and appears cropped)
2025-12-25 21:20:09,563 - INFO - Skipping NC_H08_20200725_0400_L2ARP030_FLDK.02401_02401.nc (already exists and appears cropped)
2025-12-25 21:20:10,165 - INFO - Skipping NC_H08_20200725_0500_L2ARP030_FLDK.02401_02401.nc (already exists and appears cropped)
2025-12-25 21:20:10,807 - INFO - Skipping NC_H08_20200725_0600_L2ARP030_FLDK.02401_02401.nc (already exists and appears cropped)
2025-12-25 21:20:11,421 - INFO - Skipping NC_H08_20200725_0700_L2ARP030_FLDK.02401_02401.nc (already exists and appears cropped)
2025-12-25 21:20:12,072 - INFO - Skipping NC_H08_20200725_0800_L2ARP030_FLDK.02401_02401.nc (already exists and appears cropped)
2025-12-25 21:20:12,688 - INFO - Skipping NC_H08_20200725_0900_L2ARP030_FLDK.02401_02401.nc (already exists and appears cropped)
2025-12-25 21:20:13,425 - INFO - Skipping NC_H08_20200726_0000_L2ARP030_FLDK.02401_02401.nc (already exists and appears cropped)
2025-12-25 21:20:14,417 - INFO - Skipping NC_H08_20200726_0100_L2ARP030_FLDK.02401_02401.nc (already exists and appears cropped)
2025-12-25 21:20:15,019 - INFO - Skipping NC_H08_20200726_0200_L2ARP030_FLDK.02401_02401.nc (already exists and appears cropped)
2025-12-25 21:20:15,631 - INFO - Skipping NC_H08_20200726_0300_L2ARP030_FLDK.02401_02401.nc (already exists and appears cropped)
2025-12-25 21:20:16,239 - INFO - Skipping NC_H08_20200726_0400_L2ARP030_FLDK.02401_02401.nc (already exists and appears cropped)
2025-12-25 21:20:16,843 - INFO - Skipping NC_H08_20200726_0500_L2ARP030_FLDK.02401_02401.nc (already exists and appears cropped)
2025-12-25 21:20:17,451 - INFO - Skipping NC_H08_20200726_0600_L2ARP030_FLDK.02401_02401.nc (already exists and appears cropped)
2025-12-25 21:20:18,063 - INFO - Skipping NC_H08_20200726_0700_L2ARP030_FLDK.02401_02401.nc (already exists and appears cropped)
2025-12-25 21:20:18,696 - INFO - Skipping NC_H08_20200726_0800_L2ARP030_FLDK.02401_02401.nc (already exists and appears cropped)
2025-12-25 21:20:19,309 - INFO - Skipping NC_H08_20200726_0900_L2ARP030_FLDK.02401_02401.nc (already exists and appears cropped)
2025-12-25 21:20:20,039 - INFO - Skipping NC_H08_20200727_0000_L2ARP030_FLDK.02401_02401.nc (already exists and appears cropped)
2025-12-25 21:20:20,661 - INFO - Skipping NC_H08_20200727_0100_L2ARP030_FLDK.02401_02401.nc (already exists and appears cropped)
2025-12-25 21:20:21,290 - INFO - Skipping NC_H08_20200727_0200_L2ARP030_FLDK.02401_02401.nc (already exists and appears cropped)
2025-12-25 21:20:21,884 - INFO - Skipping NC_H08_20200727_0300_L2ARP030_FLDK.02401_02401.nc (already exists and appears cropped)
2025-12-25 21:20:22,514 - INFO - Skipping NC_H08_20200727_0400_L2ARP030_FLDK.02401_02401.nc (already exists and appears cropped)
2025-12-25 21:20:23,132 - INFO - Skipping NC_H08_20200727_0500_L2ARP030_FLDK.02401_02401.nc (already exists and appears cropped)
2025-12-25 21:20:23,782 - INFO - Skipping NC_H08_20200727_0600_L2ARP030_FLDK.02401_02401.nc (already exists and appears cropped)
2025-12-25 21:20:24,404 - INFO - Skipping NC_H08_20200727_0700_L2ARP030_FLDK.02401_02401.nc (already exists and appears cropped)
2025-12-25 21:20:25,013 - INFO - Skipping NC_H08_20200727_0800_L2ARP030_FLDK.02401_02401.nc (already exists and appears cropped)
2025-12-25 21:20:25,635 - INFO - Skipping NC_H08_20200727_0900_L2ARP030_FLDK.02401_02401.nc (already exists and appears cropped)
2025-12-25 21:20:26,358 - INFO - Skipping NC_H08_20200728_0000_L2ARP030_FLDK.02401_02401.nc (already exists and appears cropped)
2025-12-25 21:20:26,987 - INFO - Skipping NC_H08_20200728_0100_L2ARP030_FLDK.02401_02401.nc (already exists and appears cropped)
2025-12-25 21:20:27,611 - INFO - Skipping NC_H08_20200728_0200_L2ARP030_FLDK.02401_02401.nc (already exists and appears cropped)
2025-12-25 21:20:28,228 - INFO - Skipping NC_H08_20200728_0300_L2ARP030_FLDK.02401_02401.nc (already exists and appears cropped)
2025-12-25 21:20:28,839 - INFO - Skipping NC_H08_20200728_0400_L2ARP030_FLDK.02401_02401.nc (already exists and appears cropped)
2025-12-25 21:20:29,460 - INFO - Skipping NC_H08_20200728_0500_L2ARP030_FLDK.02401_02401.nc (already exists and appears cropped)
2025-12-25 21:20:30,070 - INFO - Skipping NC_H08_20200728_0600_L2ARP030_FLDK.02401_02401.nc (already exists and appears cropped)
2025-12-25 21:20:30,679 - INFO - Skipping NC_H08_20200728_0700_L2ARP030_FLDK.02401_02401.nc (already exists and appears cropped)
2025-12-25 21:20:31,294 - INFO - Skipping NC_H08_20200728_0800_L2ARP030_FLDK.02401_02401.nc (already exists and appears cropped)
2025-12-25 21:20:31,887 - INFO - Skipping NC_H08_20200728_0900_L2ARP030_FLDK.02401_02401.nc (already exists and appears cropped)
2025-12-25 21:20:32,647 - INFO - Skipping NC_H08_20200729_0000_L2ARP030_FLDK.02401_02401.nc (already exists and appears cropped)
2025-12-25 21:20:33,251 - INFO - Skipping NC_H08_20200729_0100_L2ARP030_FLDK.02401_02401.nc (already exists and appears cropped)
2025-12-25 21:20:33,876 - INFO - Skipping NC_H08_20200729_0200_L2ARP030_FLDK.02401_02401.nc (already exists and appears cropped)
2025-12-25 21:20:34,488 - INFO - Skipping NC_H08_20200729_0300_L2ARP030_FLDK.02401_02401.nc (already exists and appears cropped)
2025-12-25 21:20:35,089 - INFO - Skipping NC_H08_20200729_0400_L2ARP030_FLDK.02401_02401.nc (already exists and appears cropped)
2025-12-25 21:20:35,709 - INFO - Skipping NC_H08_20200729_0500_L2ARP030_FLDK.02401_02401.nc (already exists and appears cropped)
2025-12-25 21:20:36,299 - INFO - Skipping NC_H08_20200729_0600_L2ARP030_FLDK.02401_02401.nc (already exists and appears cropped)
2025-12-25 21:20:36,907 - INFO - Skipping NC_H08_20200729_0700_L2ARP030_FLDK.02401_02401.nc (already exists and appears cropped)
2025-12-25 21:20:37,521 - INFO - Skipping NC_H08_20200729_0800_L2ARP030_FLDK.02401_02401.nc (already exists and appears cropped)
2025-12-25 21:20:38,126 - INFO - Skipping NC_H08_20200729_0900_L2ARP030_FLDK.02401_02401.nc (already exists and appears cropped)
2025-12-25 21:20:38,859 - INFO - Skipping NC_H08_20200730_0000_L2ARP030_FLDK.02401_02401.nc (already exists and appears cropped)
2025-12-25 21:20:39,507 - INFO - Skipping NC_H08_20200730_0100_L2ARP030_FLDK.02401_02401.nc (already exists and appears cropped)
2025-12-25 21:20:40,113 - INFO - Skipping NC_H08_20200730_0200_L2ARP030_FLDK.02401_02401.nc (already exists and appears cropped)
2025-12-25 21:20:40,726 - INFO - Skipping NC_H08_20200730_0300_L2ARP030_FLDK.02401_02401.nc (already exists and appears cropped)
2025-12-25 21:20:41,332 - INFO - Skipping NC_H08_20200730_0400_L2ARP030_FLDK.02401_02401.nc (already exists and appears cropped)
2025-12-25 21:20:41,942 - INFO - Skipping NC_H08_20200730_0500_L2ARP030_FLDK.02401_02401.nc (already exists and appears cropped)
2025-12-25 21:20:42,547 - INFO - Skipping NC_H08_20200730_0600_L2ARP030_FLDK.02401_02401.nc (already exists and appears cropped)
2025-12-25 21:20:43,157 - INFO - Skipping NC_H08_20200730_0700_L2ARP030_FLDK.02401_02401.nc (already exists and appears cropped)
2025-12-25 21:20:43,763 - INFO - Skipping NC_H08_20200730_0800_L2ARP030_FLDK.02401_02401.nc (already exists and appears cropped)
2025-12-25 21:20:44,359 - INFO - Skipping NC_H08_20200730_0900_L2ARP030_FLDK.02401_02401.nc (already exists and appears cropped)
2025-12-25 21:20:45,090 - INFO - Skipping NC_H08_20200731_0000_L2ARP030_FLDK.02401_02401.nc (already exists and appears cropped)
2025-12-25 21:20:45,684 - INFO - Skipping NC_H08_20200731_0100_L2ARP030_FLDK.02401_02401.nc (already exists and appears cropped)
2025-12-25 21:20:46,287 - INFO - Skipping NC_H08_20200731_0200_L2ARP030_FLDK.02401_02401.nc (already exists and appears cropped)
2025-12-25 21:20:46,894 - INFO - Skipping NC_H08_20200731_0300_L2ARP030_FLDK.02401_02401.nc (already exists and appears cropped)
2025-12-25 21:20:47,506 - INFO - Skipping NC_H08_20200731_0400_L2ARP030_FLDK.02401_02401.nc (already exists and appears cropped)
2025-12-25 21:20:48,106 - INFO - Skipping NC_H08_20200731_0500_L2ARP030_FLDK.02401_02401.nc (already exists and appears cropped)
2025-12-25 21:20:48,697 - INFO - Skipping NC_H08_20200731_0600_L2ARP030_FLDK.02401_02401.nc (already exists and appears cropped)
2025-12-25 21:20:49,318 - INFO - Skipping NC_H08_20200731_0700_L2ARP030_FLDK.02401_02401.nc (already exists and appears cropped)
2025-12-25 21:20:49,958 - INFO - Skipping NC_H08_20200731_0800_L2ARP030_FLDK.02401_02401.nc (already exists and appears cropped)
2025-12-25 21:20:50,584 - INFO - Skipping NC_H08_20200731_0900_L2ARP030_FLDK.02401_02401.nc (already exists and appears cropped)
2025-12-25 21:20:51,402 - INFO - Skipping NC_H08_20200801_0000_L2ARP030_FLDK.02401_02401.nc (already exists and appears cropped)
2025-12-25 21:20:52,011 - INFO - Skipping NC_H08_20200801_0100_L2ARP030_FLDK.02401_02401.nc (already exists and appears cropped)
2025-12-25 21:20:52,625 - INFO - Skipping NC_H08_20200801_0200_L2ARP030_FLDK.02401_02401.nc (already exists and appears cropped)
2025-12-25 21:20:53,237 - INFO - Skipping NC_H08_20200801_0300_L2ARP030_FLDK.02401_02401.nc (already exists and appears cropped)
2025-12-25 21:20:53,842 - INFO - Skipping NC_H08_20200801_0400_L2ARP030_FLDK.02401_02401.nc (already exists and appears cropped)
2025-12-25 21:20:54,461 - INFO - Skipping NC_H08_20200801_0500_L2ARP030_FLDK.02401_02401.nc (already exists and appears cropped)
2025-12-25 21:20:55,084 - INFO - Skipping NC_H08_20200801_0600_L2ARP030_FLDK.02401_02401.nc (already exists and appears cropped)
2025-12-25 21:20:55,698 - INFO - Skipping NC_H08_20200801_0700_L2ARP030_FLDK.02401_02401.nc (already exists and appears cropped)
2025-12-25 21:20:56,333 - INFO - Skipping NC_H08_20200801_0800_L2ARP030_FLDK.02401_02401.nc (already exists and appears cropped)
2025-12-25 21:20:56,967 - INFO - Skipping NC_H08_20200801_0900_L2ARP030_FLDK.02401_02401.nc (already exists and appears cropped)
2025-12-25 21:20:57,721 - INFO - Skipping NC_H08_20200802_0000_L2ARP030_FLDK.02401_02401.nc (already exists and appears cropped)
2025-12-25 21:20:58,327 - INFO - Skipping NC_H08_20200802_0100_L2ARP030_FLDK.02401_02401.nc (already exists and appears cropped)
2025-12-25 21:20:58,932 - INFO - Skipping NC_H08_20200802_0200_L2ARP030_FLDK.02401_02401.nc (already exists and appears cropped)
2025-12-25 21:20:59,562 - INFO - Skipping NC_H08_20200802_0300_L2ARP030_FLDK.02401_02401.nc (already exists and appears cropped)
2025-12-25 21:21:00,161 - INFO - Skipping NC_H08_20200802_0400_L2ARP030_FLDK.02401_02401.nc (already exists and appears cropped)
2025-12-25 21:21:00,779 - INFO - Skipping NC_H08_20200802_0500_L2ARP030_FLDK.02401_02401.nc (already exists and appears cropped)
2025-12-25 21:21:01,393 - INFO - Skipping NC_H08_20200802_0600_L2ARP030_FLDK.02401_02401.nc (already exists and appears cropped)
2025-12-25 21:21:02,011 - INFO - Skipping NC_H08_20200802_0700_L2ARP030_FLDK.02401_02401.nc (already exists and appears cropped)
2025-12-25 21:21:02,628 - INFO - Skipping NC_H08_20200802_0800_L2ARP030_FLDK.02401_02401.nc (already exists and appears cropped)
2025-12-25 21:21:03,241 - INFO - Skipping NC_H08_20200802_0900_L2ARP030_FLDK.02401_02401.nc (already exists and appears cropped)
2025-12-25 21:21:03,988 - INFO - Skipping NC_H08_20200803_0000_L2ARP030_FLDK.02401_02401.nc (already exists and appears cropped)
2025-12-25 21:21:04,621 - INFO - Skipping NC_H08_20200803_0100_L2ARP030_FLDK.02401_02401.nc (already exists and appears cropped)
2025-12-25 21:21:05,231 - INFO - Skipping NC_H08_20200803_0200_L2ARP030_FLDK.02401_02401.nc (already exists and appears cropped)
2025-12-25 21:21:05,862 - INFO - Skipping NC_H08_20200803_0300_L2ARP030_FLDK.02401_02401.nc (already exists and appears cropped)
2025-12-25 21:21:06,472 - INFO - Skipping NC_H08_20200803_0400_L2ARP030_FLDK.02401_02401.nc (already exists and appears cropped)
2025-12-25 21:21:07,095 - INFO - Skipping NC_H08_20200803_0500_L2ARP030_FLDK.02401_02401.nc (already exists and appears cropped)
2025-12-25 21:21:07,706 - INFO - Skipping NC_H08_20200803_0600_L2ARP030_FLDK.02401_02401.nc (already exists and appears cropped)
2025-12-25 21:21:08,325 - INFO - Skipping NC_H08_20200803_0700_L2ARP030_FLDK.02401_02401.nc (already exists and appears cropped)
2025-12-25 21:21:08,928 - INFO - Skipping NC_H08_20200803_0800_L2ARP030_FLDK.02401_02401.nc (already exists and appears cropped)
2025-12-25 21:21:09,537 - INFO - Skipping NC_H08_20200803_0900_L2ARP030_FLDK.02401_02401.nc (already exists and appears cropped)
2025-12-25 21:21:10,253 - INFO - Skipping NC_H08_20200804_0000_L2ARP030_FLDK.02401_02401.nc (already exists and appears cropped)
2025-12-25 21:21:10,880 - INFO - Skipping NC_H08_20200804_0100_L2ARP030_FLDK.02401_02401.nc (already exists and appears cropped)
2025-12-25 21:21:11,504 - INFO - Skipping NC_H08_20200804_0200_L2ARP030_FLDK.02401_02401.nc (already exists and appears cropped)
2025-12-25 21:21:12,108 - INFO - Skipping NC_H08_20200804_0300_L2ARP030_FLDK.02401_02401.nc (already exists and appears cropped)
2025-12-25 21:21:12,741 - INFO - Skipping NC_H08_20200804_0400_L2ARP030_FLDK.02401_02401.nc (already exists and appears cropped)
2025-12-25 21:21:13,384 - INFO - Skipping NC_H08_20200804_0500_L2ARP030_FLDK.02401_02401.nc (already exists and appears cropped)
2025-12-25 21:21:13,983 - INFO - Skipping NC_H08_20200804_0600_L2ARP030_FLDK.02401_02401.nc (already exists and appears cropped)
2025-12-25 21:21:14,628 - INFO - Skipping NC_H08_20200804_0700_L2ARP030_FLDK.02401_02401.nc (already exists and appears cropped)
2025-12-25 21:21:15,231 - INFO - Skipping NC_H08_20200804_0800_L2ARP030_FLDK.02401_02401.nc (already exists and appears cropped)
2025-12-25 21:21:15,836 - INFO - Skipping NC_H08_20200804_0900_L2ARP030_FLDK.02401_02401.nc (already exists and appears cropped)
2025-12-25 21:21:16,892 - INFO - Skipping NC_H08_20200805_0000_L2ARP030_FLDK.02401_02401.nc (already exists and appears cropped)
2025-12-25 21:21:17,530 - INFO - Skipping NC_H08_20200805_0100_L2ARP030_FLDK.02401_02401.nc (already exists and appears cropped)
2025-12-25 21:21:18,147 - INFO - Skipping NC_H08_20200805_0200_L2ARP030_FLDK.02401_02401.nc (already exists and appears cropped)
2025-12-25 21:21:18,750 - INFO - Skipping NC_H08_20200805_0300_L2ARP030_FLDK.02401_02401.nc (already exists and appears cropped)
2025-12-25 21:21:19,345 - INFO - Skipping NC_H08_20200805_0400_L2ARP030_FLDK.02401_02401.nc (already exists and appears cropped)
2025-12-25 21:21:19,958 - INFO - Skipping NC_H08_20200805_0500_L2ARP030_FLDK.02401_02401.nc (already exists and appears cropped)
2025-12-25 21:21:20,551 - INFO - Skipping NC_H08_20200805_0600_L2ARP030_FLDK.02401_02401.nc (already exists and appears cropped)
2025-12-25 21:21:21,177 - INFO - Skipping NC_H08_20200805_0700_L2ARP030_FLDK.02401_02401.nc (already exists and appears cropped)
2025-12-25 21:21:21,801 - INFO - Skipping NC_H08_20200805_0800_L2ARP030_FLDK.02401_02401.nc (already exists and appears cropped)
2025-12-25 21:21:22,419 - INFO - Skipping NC_H08_20200805_0900_L2ARP030_FLDK.02401_02401.nc (already exists and appears cropped)
2025-12-25 21:21:23,152 - INFO - Skipping NC_H08_20200806_0000_L2ARP030_FLDK.02401_02401.nc (already exists and appears cropped)
2025-12-25 21:21:23,755 - INFO - Skipping NC_H08_20200806_0100_L2ARP030_FLDK.02401_02401.nc (already exists and appears cropped)
2025-12-25 21:21:24,362 - INFO - Skipping NC_H08_20200806_0200_L2ARP030_FLDK.02401_02401.nc (already exists and appears cropped)
2025-12-25 21:21:24,967 - INFO - Skipping NC_H08_20200806_0300_L2ARP030_FLDK.02401_02401.nc (already exists and appears cropped)
2025-12-25 21:21:25,606 - INFO - Skipping NC_H08_20200806_0400_L2ARP030_FLDK.02401_02401.nc (already exists and appears cropped)
2025-12-25 21:21:26,216 - INFO - Skipping NC_H08_20200806_0500_L2ARP030_FLDK.02401_02401.nc (already exists and appears cropped)
2025-12-25 21:21:26,825 - INFO - Skipping NC_H08_20200806_0600_L2ARP030_FLDK.02401_02401.nc (already exists and appears cropped)
2025-12-25 21:21:27,464 - INFO - Skipping NC_H08_20200806_0700_L2ARP030_FLDK.02401_02401.nc (already exists and appears cropped)
2025-12-25 21:21:28,099 - INFO - Skipping NC_H08_20200806_0800_L2ARP030_FLDK.02401_02401.nc (already exists and appears cropped)
2025-12-25 21:21:28,702 - INFO - Skipping NC_H08_20200806_0900_L2ARP030_FLDK.02401_02401.nc (already exists and appears cropped)
2025-12-25 21:21:29,420 - INFO - Skipping NC_H08_20200807_0000_L2ARP030_FLDK.02401_02401.nc (already exists and appears cropped)
2025-12-25 21:21:30,062 - INFO - Skipping NC_H08_20200807_0100_L2ARP030_FLDK.02401_02401.nc (already exists and appears cropped)
2025-12-25 21:21:30,675 - INFO - Skipping NC_H08_20200807_0200_L2ARP030_FLDK.02401_02401.nc (already exists and appears cropped)
2025-12-25 21:21:31,295 - INFO - Skipping NC_H08_20200807_0300_L2ARP030_FLDK.02401_02401.nc (already exists and appears cropped)
2025-12-25 21:21:31,914 - INFO - Skipping NC_H08_20200807_0400_L2ARP030_FLDK.02401_02401.nc (already exists and appears cropped)
2025-12-25 21:21:32,506 - INFO - Skipping NC_H08_20200807_0500_L2ARP030_FLDK.02401_02401.nc (already exists and appears cropped)
2025-12-25 21:21:33,124 - INFO - Skipping NC_H08_20200807_0600_L2ARP030_FLDK.02401_02401.nc (already exists and appears cropped)
2025-12-25 21:21:33,739 - INFO - Skipping NC_H08_20200807_0700_L2ARP030_FLDK.02401_02401.nc (already exists and appears cropped)
2025-12-25 21:21:34,357 - INFO - Skipping NC_H08_20200807_0800_L2ARP030_FLDK.02401_02401.nc (already exists and appears cropped)
2025-12-25 21:21:34,969 - INFO - Skipping NC_H08_20200807_0900_L2ARP030_FLDK.02401_02401.nc (already exists and appears cropped)
2025-12-25 21:21:35,681 - INFO - Skipping NC_H08_20200808_0000_L2ARP030_FLDK.02401_02401.nc (already exists and appears cropped)
2025-12-25 21:21:36,288 - INFO - Skipping NC_H08_20200808_0100_L2ARP030_FLDK.02401_02401.nc (already exists and appears cropped)
2025-12-25 21:21:36,895 - INFO - Skipping NC_H08_20200808_0200_L2ARP030_FLDK.02401_02401.nc (already exists and appears cropped)
2025-12-25 21:21:37,516 - INFO - Skipping NC_H08_20200808_0300_L2ARP030_FLDK.02401_02401.nc (already exists and appears cropped)
2025-12-25 21:21:38,137 - INFO - Skipping NC_H08_20200808_0400_L2ARP030_FLDK.02401_02401.nc (already exists and appears cropped)
2025-12-25 21:21:38,748 - INFO - Skipping NC_H08_20200808_0500_L2ARP030_FLDK.02401_02401.nc (already exists and appears cropped)
2025-12-25 21:21:39,356 - INFO - Skipping NC_H08_20200808_0600_L2ARP030_FLDK.02401_02401.nc (already exists and appears cropped)
2025-12-25 21:21:39,965 - INFO - Skipping NC_H08_20200808_0700_L2ARP030_FLDK.02401_02401.nc (already exists and appears cropped)
2025-12-25 21:21:40,581 - INFO - Skipping NC_H08_20200808_0800_L2ARP030_FLDK.02401_02401.nc (already exists and appears cropped)
2025-12-25 21:21:41,189 - INFO - Skipping NC_H08_20200808_0900_L2ARP030_FLDK.02401_02401.nc (already exists and appears cropped)
2025-12-25 21:21:41,912 - INFO - Skipping NC_H08_20200809_0000_L2ARP030_FLDK.02401_02401.nc (already exists and appears cropped)
2025-12-25 21:21:42,532 - INFO - Skipping NC_H08_20200809_0100_L2ARP030_FLDK.02401_02401.nc (already exists and appears cropped)
2025-12-25 21:21:43,157 - INFO - Skipping NC_H08_20200809_0200_L2ARP030_FLDK.02401_02401.nc (already exists and appears cropped)
2025-12-25 21:21:43,764 - INFO - Skipping NC_H08_20200809_0300_L2ARP030_FLDK.02401_02401.nc (already exists and appears cropped)
2025-12-25 21:21:44,356 - INFO - Skipping NC_H08_20200809_0400_L2ARP030_FLDK.02401_02401.nc (already exists and appears cropped)
2025-12-25 21:21:44,961 - INFO - Skipping NC_H08_20200809_0500_L2ARP030_FLDK.02401_02401.nc (already exists and appears cropped)
2025-12-25 21:21:45,578 - INFO - Skipping NC_H08_20200809_0600_L2ARP030_FLDK.02401_02401.nc (already exists and appears cropped)
2025-12-25 21:21:46,184 - INFO - Skipping NC_H08_20200809_0700_L2ARP030_FLDK.02401_02401.nc (already exists and appears cropped)
2025-12-25 21:21:46,791 - INFO - Skipping NC_H08_20200809_0800_L2ARP030_FLDK.02401_02401.nc (already exists and appears cropped)
2025-12-25 21:21:47,404 - INFO - Skipping NC_H08_20200809_0900_L2ARP030_FLDK.02401_02401.nc (already exists and appears cropped)
2025-12-25 21:21:48,147 - INFO - Skipping NC_H08_20200810_0000_L2ARP030_FLDK.02401_02401.nc (already exists and appears cropped)
2025-12-25 21:21:48,768 - INFO - Skipping NC_H08_20200810_0100_L2ARP030_FLDK.02401_02401.nc (already exists and appears cropped)
2025-12-25 21:21:49,389 - INFO - Skipping NC_H08_20200810_0200_L2ARP030_FLDK.02401_02401.nc (already exists and appears cropped)
2025-12-25 21:21:49,997 - INFO - Skipping NC_H08_20200810_0300_L2ARP030_FLDK.02401_02401.nc (already exists and appears cropped)
2025-12-25 21:21:50,608 - INFO - Skipping NC_H08_20200810_0400_L2ARP030_FLDK.02401_02401.nc (already exists and appears cropped)
2025-12-25 21:21:51,208 - INFO - Skipping NC_H08_20200810_0500_L2ARP030_FLDK.02401_02401.nc (already exists and appears cropped)
2025-12-25 21:21:51,828 - INFO - Skipping NC_H08_20200810_0600_L2ARP030_FLDK.02401_02401.nc (already exists and appears cropped)
2025-12-25 21:21:52,433 - INFO - Skipping NC_H08_20200810_0700_L2ARP030_FLDK.02401_02401.nc (already exists and appears cropped)
2025-12-25 21:21:53,041 - INFO - Skipping NC_H08_20200810_0800_L2ARP030_FLDK.02401_02401.nc (already exists and appears cropped)
2025-12-25 21:21:53,661 - INFO - Skipping NC_H08_20200810_0900_L2ARP030_FLDK.02401_02401.nc (already exists and appears cropped)
2025-12-25 21:21:54,414 - INFO - Skipping NC_H08_20200811_0000_L2ARP030_FLDK.02401_02401.nc (already exists and appears cropped)
2025-12-25 21:21:55,022 - INFO - Skipping NC_H08_20200811_0100_L2ARP030_FLDK.02401_02401.nc (already exists and appears cropped)
2025-12-25 21:21:55,636 - INFO - Skipping NC_H08_20200811_0200_L2ARP030_FLDK.02401_02401.nc (already exists and appears cropped)
2025-12-25 21:21:56,258 - INFO - Skipping NC_H08_20200811_0300_L2ARP030_FLDK.02401_02401.nc (already exists and appears cropped)
2025-12-25 21:21:56,867 - INFO - Skipping NC_H08_20200811_0400_L2ARP030_FLDK.02401_02401.nc (already exists and appears cropped)
2025-12-25 21:21:57,477 - INFO - Skipping NC_H08_20200811_0500_L2ARP030_FLDK.02401_02401.nc (already exists and appears cropped)
2025-12-25 21:21:58,089 - INFO - Skipping NC_H08_20200811_0600_L2ARP030_FLDK.02401_02401.nc (already exists and appears cropped)
2025-12-25 21:21:58,694 - INFO - Skipping NC_H08_20200811_0700_L2ARP030_FLDK.02401_02401.nc (already exists and appears cropped)
2025-12-25 21:21:59,310 - INFO - Skipping NC_H08_20200811_0800_L2ARP030_FLDK.02401_02401.nc (already exists and appears cropped)
2025-12-25 21:21:59,907 - INFO - Skipping NC_H08_20200811_0900_L2ARP030_FLDK.02401_02401.nc (already exists and appears cropped)
2025-12-25 21:22:00,653 - INFO - Skipping NC_H08_20200812_0000_L2ARP030_FLDK.02401_02401.nc (already exists and appears cropped)
2025-12-25 21:22:01,292 - INFO - Skipping NC_H08_20200812_0100_L2ARP030_FLDK.02401_02401.nc (already exists and appears cropped)
2025-12-25 21:22:01,903 - INFO - Skipping NC_H08_20200812_0200_L2ARP030_FLDK.02401_02401.nc (already exists and appears cropped)
2025-12-25 21:22:02,513 - INFO - Skipping NC_H08_20200812_0300_L2ARP030_FLDK.02401_02401.nc (already exists and appears cropped)
2025-12-25 21:22:03,129 - INFO - Skipping NC_H08_20200812_0400_L2ARP030_FLDK.02401_02401.nc (already exists and appears cropped)
2025-12-25 21:22:03,744 - INFO - Skipping NC_H08_20200812_0500_L2ARP030_FLDK.02401_02401.nc (already exists and appears cropped)
2025-12-25 21:22:04,353 - INFO - Skipping NC_H08_20200812_0600_L2ARP030_FLDK.02401_02401.nc (already exists and appears cropped)
2025-12-25 21:22:04,960 - INFO - Skipping NC_H08_20200812_0700_L2ARP030_FLDK.02401_02401.nc (already exists and appears cropped)
2025-12-25 21:22:05,572 - INFO - Skipping NC_H08_20200812_0800_L2ARP030_FLDK.02401_02401.nc (already exists and appears cropped)
2025-12-25 21:22:06,177 - INFO - Skipping NC_H08_20200812_0900_L2ARP030_FLDK.02401_02401.nc (already exists and appears cropped)
2025-12-25 21:22:06,936 - INFO - Skipping NC_H08_20200813_0000_L2ARP030_FLDK.02401_02401.nc (already exists and appears cropped)
2025-12-25 21:22:07,551 - INFO - Skipping NC_H08_20200813_0100_L2ARP030_FLDK.02401_02401.nc (already exists and appears cropped)
2025-12-25 21:22:08,160 - INFO - Skipping NC_H08_20200813_0200_L2ARP030_FLDK.02401_02401.nc (already exists and appears cropped)
2025-12-25 21:22:08,840 - INFO - Skipping NC_H08_20200813_0300_L2ARP030_FLDK.02401_02401.nc (already exists and appears cropped)
2025-12-25 21:22:09,463 - INFO - Skipping NC_H08_20200813_0400_L2ARP030_FLDK.02401_02401.nc (already exists and appears cropped)
2025-12-25 21:22:10,070 - INFO - Skipping NC_H08_20200813_0500_L2ARP030_FLDK.02401_02401.nc (already exists and appears cropped)
2025-12-25 21:22:10,683 - INFO - Skipping NC_H08_20200813_0600_L2ARP030_FLDK.02401_02401.nc (already exists and appears cropped)
2025-12-25 21:22:11,336 - INFO - Skipping NC_H08_20200813_0700_L2ARP030_FLDK.02401_02401.nc (already exists and appears cropped)
2025-12-25 21:22:11,950 - INFO - Skipping NC_H08_20200813_0800_L2ARP030_FLDK.02401_02401.nc (already exists and appears cropped)
2025-12-25 21:22:12,686 - INFO - Skipping NC_H08_20200813_0900_L2ARP030_FLDK.02401_02401.nc (already exists and appears cropped)
2025-12-25 21:22:13,433 - INFO - Skipping NC_H08_20200814_0000_L2ARP030_FLDK.02401_02401.nc (already exists and appears cropped)
2025-12-25 21:22:14,042 - INFO - Skipping NC_H08_20200814_0100_L2ARP030_FLDK.02401_02401.nc (already exists and appears cropped)
2025-12-25 21:22:14,691 - INFO - Skipping NC_H08_20200814_0200_L2ARP030_FLDK.02401_02401.nc (already exists and appears cropped)
2025-12-25 21:22:15,294 - INFO - Skipping NC_H08_20200814_0300_L2ARP030_FLDK.02401_02401.nc (already exists and appears cropped)
2025-12-25 21:22:17,764 - INFO - Downloaded: NC_H08_20200814_0400_L2ARP030_FLDK.02401_02401.nc
2025-12-25 21:22:20,117 - INFO - Cropped NC_H08_20200814_0400_L2ARP030_FLDK.02401_02401.nc to Malaysia Domain.
2025-12-25 21:22:58,933 - INFO - Downloaded: NC_H08_20200814_0500_L2ARP030_FLDK.02401_02401.nc
2025-12-25 21:22:59,008 - INFO - Cropped NC_H08_20200814_0500_L2ARP030_FLDK.02401_02401.nc to Malaysia Domain.
2025-12-25 21:23:08,008 - INFO - Downloaded: NC_H08_20200814_0600_L2ARP030_FLDK.02401_02401.nc
2025-12-25 21:23:08,084 - INFO - Cropped NC_H08_20200814_0600_L2ARP030_FLDK.02401_02401.nc to Malaysia Domain.
2025-12-25 21:23:36,148 - INFO - Downloaded: NC_H08_20200814_0700_L2ARP030_FLDK.02401_02401.nc
2025-12-25 21:23:36,222 - INFO - Cropped NC_H08_20200814_0700_L2ARP030_FLDK.02401_02401.nc to Malaysia Domain.
2025-12-25 21:23:55,657 - INFO - Downloaded: NC_H08_20200814_0800_L2ARP030_FLDK.02401_02401.nc
2025-12-25 21:23:55,731 - INFO - Cropped NC_H08_20200814_0800_L2ARP030_FLDK.02401_02401.nc to Malaysia Domain.
2025-12-25 21:24:02,127 - INFO - Downloaded: NC_H08_20200814_0900_L2ARP030_FLDK.02401_02401.nc
2025-12-25 21:24:02,191 - INFO - Cropped NC_H08_20200814_0900_L2ARP030_FLDK.02401_02401.nc to Malaysia Domain.
2025-12-25 21:24:14,695 - INFO - Downloaded: NC_H08_20200815_0000_L2ARP030_FLDK.02401_02401.nc
2025-12-25 21:24:14,781 - INFO - Cropped NC_H08_20200815_0000_L2ARP030_FLDK.02401_02401.nc to Malaysia Domain.
2025-12-25 21:24:27,108 - INFO - Downloaded: NC_H08_20200815_0100_L2ARP030_FLDK.02401_02401.nc
2025-12-25 21:24:27,207 - INFO - Cropped NC_H08_20200815_0100_L2ARP030_FLDK.02401_02401.nc to Malaysia Domain.
2025-12-25 21:24:37,009 - INFO - Downloaded: NC_H08_20200815_0200_L2ARP030_FLDK.02401_02401.nc
2025-12-25 21:24:37,109 - INFO - Cropped NC_H08_20200815_0200_L2ARP030_FLDK.02401_02401.nc to Malaysia Domain.
2025-12-25 21:24:47,523 - INFO - Downloaded: NC_H08_20200815_0300_L2ARP030_FLDK.02401_02401.nc
2025-12-25 21:24:47,620 - INFO - Cropped NC_H08_20200815_0300_L2ARP030_FLDK.02401_02401.nc to Malaysia Domain.
2025-12-25 21:24:57,559 - INFO - Downloaded: NC_H08_20200815_0400_L2ARP030_FLDK.02401_02401.nc
2025-12-25 21:24:57,648 - INFO - Cropped NC_H08_20200815_0400_L2ARP030_FLDK.02401_02401.nc to Malaysia Domain.
2025-12-25 21:25:04,369 - INFO - Downloaded: NC_H08_20200815_0500_L2ARP030_FLDK.02401_02401.nc
2025-12-25 21:25:04,445 - INFO - Cropped NC_H08_20200815_0500_L2ARP030_FLDK.02401_02401.nc to Malaysia Domain.
2025-12-25 21:25:12,440 - INFO - Downloaded: NC_H08_20200815_0600_L2ARP030_FLDK.02401_02401.nc
2025-12-25 21:25:12,516 - INFO - Cropped NC_H08_20200815_0600_L2ARP030_FLDK.02401_02401.nc to Malaysia Domain.
2025-12-25 21:25:19,301 - INFO - Downloaded: NC_H08_20200815_0700_L2ARP030_FLDK.02401_02401.nc
2025-12-25 21:25:19,376 - INFO - Cropped NC_H08_20200815_0700_L2ARP030_FLDK.02401_02401.nc to Malaysia Domain.
2025-12-25 21:25:39,383 - INFO - Downloaded: NC_H08_20200815_0800_L2ARP030_FLDK.02401_02401.nc
2025-12-25 21:25:39,455 - INFO - Cropped NC_H08_20200815_0800_L2ARP030_FLDK.02401_02401.nc to Malaysia Domain.
2025-12-25 21:25:50,076 - INFO - Downloaded: NC_H08_20200815_0900_L2ARP030_FLDK.02401_02401.nc
2025-12-25 21:25:50,145 - INFO - Cropped NC_H08_20200815_0900_L2ARP030_FLDK.02401_02401.nc to Malaysia Domain.
2025-12-25 21:26:00,659 - INFO - Downloaded: NC_H08_20200816_0000_L2ARP030_FLDK.02401_02401.nc
2025-12-25 21:26:00,750 - INFO - Cropped NC_H08_20200816_0000_L2ARP030_FLDK.02401_02401.nc to Malaysia Domain.
2025-12-25 21:26:44,102 - INFO - Downloaded: NC_H08_20200816_0100_L2ARP030_FLDK.02401_02401.nc
2025-12-25 21:26:44,205 - INFO - Cropped NC_H08_20200816_0100_L2ARP030_FLDK.02401_02401.nc to Malaysia Domain.
2025-12-25 21:26:57,436 - INFO - Downloaded: NC_H08_20200816_0200_L2ARP030_FLDK.02401_02401.nc
2025-12-25 21:26:57,537 - INFO - Cropped NC_H08_20200816_0200_L2ARP030_FLDK.02401_02401.nc to Malaysia Domain.
2025-12-25 21:27:03,803 - INFO - Downloaded: NC_H08_20200816_0300_L2ARP030_FLDK.02401_02401.nc
2025-12-25 21:27:03,899 - INFO - Cropped NC_H08_20200816_0300_L2ARP030_FLDK.02401_02401.nc to Malaysia Domain.
2025-12-25 21:27:07,585 - INFO - Downloaded: NC_H08_20200816_0400_L2ARP030_FLDK.02401_02401.nc
2025-12-25 21:27:07,670 - INFO - Cropped NC_H08_20200816_0400_L2ARP030_FLDK.02401_02401.nc to Malaysia Domain.
2025-12-25 21:27:42,414 - INFO - Downloaded: NC_H08_20200816_0500_L2ARP030_FLDK.02401_02401.nc
2025-12-25 21:27:42,492 - INFO - Cropped NC_H08_20200816_0500_L2ARP030_FLDK.02401_02401.nc to Malaysia Domain.
2025-12-25 21:28:22,585 - INFO - Downloaded: NC_H08_20200816_0600_L2ARP030_FLDK.02401_02401.nc
2025-12-25 21:28:22,659 - INFO - Cropped NC_H08_20200816_0600_L2ARP030_FLDK.02401_02401.nc to Malaysia Domain.
2025-12-25 21:28:31,408 - INFO - Downloaded: NC_H08_20200816_0700_L2ARP030_FLDK.02401_02401.nc
2025-12-25 21:28:31,483 - INFO - Cropped NC_H08_20200816_0700_L2ARP030_FLDK.02401_02401.nc to Malaysia Domain.
2025-12-25 21:28:37,232 - INFO - Downloaded: NC_H08_20200816_0800_L2ARP030_FLDK.02401_02401.nc
2025-12-25 21:28:37,303 - INFO - Cropped NC_H08_20200816_0800_L2ARP030_FLDK.02401_02401.nc to Malaysia Domain.
2025-12-25 21:28:41,334 - INFO - Downloaded: NC_H08_20200816_0900_L2ARP030_FLDK.02401_02401.nc
2025-12-25 21:28:41,402 - INFO - Cropped NC_H08_20200816_0900_L2ARP030_FLDK.02401_02401.nc to Malaysia Domain.
2025-12-25 21:29:27,834 - INFO - Downloaded: NC_H08_20200817_0000_L2ARP030_FLDK.02401_02401.nc
2025-12-25 21:29:27,915 - INFO - Cropped NC_H08_20200817_0000_L2ARP030_FLDK.02401_02401.nc to Malaysia Domain.
2025-12-25 21:29:40,818 - INFO - Downloaded: NC_H08_20200817_0100_L2ARP030_FLDK.02401_02401.nc
2025-12-25 21:29:40,918 - INFO - Cropped NC_H08_20200817_0100_L2ARP030_FLDK.02401_02401.nc to Malaysia Domain.
2025-12-25 21:29:45,093 - INFO - Downloaded: NC_H08_20200817_0200_L2ARP030_FLDK.02401_02401.nc
2025-12-25 21:29:45,199 - INFO - Cropped NC_H08_20200817_0200_L2ARP030_FLDK.02401_02401.nc to Malaysia Domain.
2025-12-25 21:29:48,223 - INFO - Downloaded: NC_H08_20200817_0300_L2ARP030_FLDK.02401_02401.nc
2025-12-25 21:29:48,326 - INFO - Cropped NC_H08_20200817_0300_L2ARP030_FLDK.02401_02401.nc to Malaysia Domain.
2025-12-25 21:29:51,857 - INFO - Downloaded: NC_H08_20200817_0400_L2ARP030_FLDK.02401_02401.nc
2025-12-25 21:29:51,952 - INFO - Cropped NC_H08_20200817_0400_L2ARP030_FLDK.02401_02401.nc to Malaysia Domain.
2025-12-25 21:29:55,285 - INFO - Downloaded: NC_H08_20200817_0500_L2ARP030_FLDK.02401_02401.nc
2025-12-25 21:29:55,367 - INFO - Cropped NC_H08_20200817_0500_L2ARP030_FLDK.02401_02401.nc to Malaysia Domain.
2025-12-25 21:30:32,198 - INFO - Downloaded: NC_H08_20200817_0600_L2ARP030_FLDK.02401_02401.nc
2025-12-25 21:30:32,275 - INFO - Cropped NC_H08_20200817_0600_L2ARP030_FLDK.02401_02401.nc to Malaysia Domain.
2025-12-25 21:30:41,590 - INFO - Downloaded: NC_H08_20200817_0700_L2ARP030_FLDK.02401_02401.nc
2025-12-25 21:30:41,667 - INFO - Cropped NC_H08_20200817_0700_L2ARP030_FLDK.02401_02401.nc to Malaysia Domain.
2025-12-25 21:30:59,886 - INFO - Downloaded: NC_H08_20200817_0800_L2ARP030_FLDK.02401_02401.nc
2025-12-25 21:30:59,959 - INFO - Cropped NC_H08_20200817_0800_L2ARP030_FLDK.02401_02401.nc to Malaysia Domain.
2025-12-25 21:31:06,644 - INFO - Downloaded: NC_H08_20200817_0900_L2ARP030_FLDK.02401_02401.nc
2025-12-25 21:31:06,712 - INFO - Cropped NC_H08_20200817_0900_L2ARP030_FLDK.02401_02401.nc to Malaysia Domain.
2025-12-25 21:31:20,651 - INFO - Downloaded: NC_H08_20200818_0000_L2ARP030_FLDK.02401_02401.nc
2025-12-25 21:31:20,723 - INFO - Cropped NC_H08_20200818_0000_L2ARP030_FLDK.02401_02401.nc to Malaysia Domain.
2025-12-25 21:31:26,263 - INFO - Downloaded: NC_H08_20200818_0100_L2ARP030_FLDK.02401_02401.nc
2025-12-25 21:31:26,349 - INFO - Cropped NC_H08_20200818_0100_L2ARP030_FLDK.02401_02401.nc to Malaysia Domain.
2025-12-25 21:31:30,348 - INFO - Downloaded: NC_H08_20200818_0200_L2ARP030_FLDK.02401_02401.nc
2025-12-25 21:31:30,436 - INFO - Cropped NC_H08_20200818_0200_L2ARP030_FLDK.02401_02401.nc to Malaysia Domain.
2025-12-25 21:31:58,579 - INFO - Downloaded: NC_H08_20200818_0300_L2ARP030_FLDK.02401_02401.nc
2025-12-25 21:31:58,662 - INFO - Cropped NC_H08_20200818_0300_L2ARP030_FLDK.02401_02401.nc to Malaysia Domain.
2025-12-25 21:32:46,143 - INFO - Downloaded: NC_H08_20200818_0400_L2ARP030_FLDK.02401_02401.nc
2025-12-25 21:32:46,221 - INFO - Cropped NC_H08_20200818_0400_L2ARP030_FLDK.02401_02401.nc to Malaysia Domain.
2025-12-25 21:33:00,009 - INFO - Downloaded: NC_H08_20200818_0500_L2ARP030_FLDK.02401_02401.nc
2025-12-25 21:33:00,084 - INFO - Cropped NC_H08_20200818_0500_L2ARP030_FLDK.02401_02401.nc to Malaysia Domain.
2025-12-25 21:33:36,617 - INFO - Downloaded: NC_H08_20200818_0600_L2ARP030_FLDK.02401_02401.nc
2025-12-25 21:33:36,686 - INFO - Cropped NC_H08_20200818_0600_L2ARP030_FLDK.02401_02401.nc to Malaysia Domain.
2025-12-25 21:33:42,778 - INFO - Downloaded: NC_H08_20200818_0700_L2ARP030_FLDK.02401_02401.nc
2025-12-25 21:33:42,848 - INFO - Cropped NC_H08_20200818_0700_L2ARP030_FLDK.02401_02401.nc to Malaysia Domain.
2025-12-25 21:34:01,297 - INFO - Downloaded: NC_H08_20200818_0800_L2ARP030_FLDK.02401_02401.nc
2025-12-25 21:34:01,365 - INFO - Cropped NC_H08_20200818_0800_L2ARP030_FLDK.02401_02401.nc to Malaysia Domain.
2025-12-25 21:34:16,061 - INFO - Downloaded: NC_H08_20200818_0900_L2ARP030_FLDK.02401_02401.nc
2025-12-25 21:34:16,124 - INFO - Cropped NC_H08_20200818_0900_L2ARP030_FLDK.02401_02401.nc to Malaysia Domain.
2025-12-25 21:34:26,507 - INFO - Downloaded: NC_H08_20200819_0000_L2ARP030_FLDK.02401_02401.nc
2025-12-25 21:34:26,579 - INFO - Cropped NC_H08_20200819_0000_L2ARP030_FLDK.02401_02401.nc to Malaysia Domain.
2025-12-25 21:34:34,413 - INFO - Downloaded: NC_H08_20200819_0100_L2ARP030_FLDK.02401_02401.nc
2025-12-25 21:34:34,494 - INFO - Cropped NC_H08_20200819_0100_L2ARP030_FLDK.02401_02401.nc to Malaysia Domain.
2025-12-25 21:34:45,314 - INFO - Downloaded: NC_H08_20200819_0200_L2ARP030_FLDK.02401_02401.nc
2025-12-25 21:34:45,399 - INFO - Cropped NC_H08_20200819_0200_L2ARP030_FLDK.02401_02401.nc to Malaysia Domain.
2025-12-25 21:34:53,909 - INFO - Downloaded: NC_H08_20200819_0300_L2ARP030_FLDK.02401_02401.nc
2025-12-25 21:34:53,992 - INFO - Cropped NC_H08_20200819_0300_L2ARP030_FLDK.02401_02401.nc to Malaysia Domain.
2025-12-25 21:35:03,996 - INFO - Downloaded: NC_H08_20200819_0400_L2ARP030_FLDK.02401_02401.nc
2025-12-25 21:35:04,077 - INFO - Cropped NC_H08_20200819_0400_L2ARP030_FLDK.02401_02401.nc to Malaysia Domain.
2025-12-25 21:35:10,994 - INFO - Downloaded: NC_H08_20200819_0500_L2ARP030_FLDK.02401_02401.nc
2025-12-25 21:35:11,070 - INFO - Cropped NC_H08_20200819_0500_L2ARP030_FLDK.02401_02401.nc to Malaysia Domain.
2025-12-25 21:35:45,497 - INFO - Downloaded: NC_H08_20200819_0600_L2ARP030_FLDK.02401_02401.nc
2025-12-25 21:35:45,570 - INFO - Cropped NC_H08_20200819_0600_L2ARP030_FLDK.02401_02401.nc to Malaysia Domain.
2025-12-25 21:35:55,133 - INFO - Downloaded: NC_H08_20200819_0700_L2ARP030_FLDK.02401_02401.nc
2025-12-25 21:35:55,203 - INFO - Cropped NC_H08_20200819_0700_L2ARP030_FLDK.02401_02401.nc to Malaysia Domain.
2025-12-25 21:36:00,253 - INFO - Downloaded: NC_H08_20200819_0800_L2ARP030_FLDK.02401_02401.nc
2025-12-25 21:36:00,323 - INFO - Cropped NC_H08_20200819_0800_L2ARP030_FLDK.02401_02401.nc to Malaysia Domain.
2025-12-25 21:36:04,008 - INFO - Downloaded: NC_H08_20200819_0900_L2ARP030_FLDK.02401_02401.nc
2025-12-25 21:36:04,096 - INFO - Cropped NC_H08_20200819_0900_L2ARP030_FLDK.02401_02401.nc to Malaysia Domain.
2025-12-25 21:36:14,031 - INFO - Downloaded: NC_H08_20200820_0000_L2ARP030_FLDK.02401_02401.nc
2025-12-25 21:36:14,110 - INFO - Cropped NC_H08_20200820_0000_L2ARP030_FLDK.02401_02401.nc to Malaysia Domain.
2025-12-25 21:36:24,062 - INFO - Downloaded: NC_H08_20200820_0100_L2ARP030_FLDK.02401_02401.nc
2025-12-25 21:36:24,150 - INFO - Cropped NC_H08_20200820_0100_L2ARP030_FLDK.02401_02401.nc to Malaysia Domain.
2025-12-25 21:36:35,173 - INFO - Downloaded: NC_H08_20200820_0200_L2ARP030_FLDK.02401_02401.nc
2025-12-25 21:36:35,265 - INFO - Cropped NC_H08_20200820_0200_L2ARP030_FLDK.02401_02401.nc to Malaysia Domain.
2025-12-25 21:36:41,901 - INFO - Downloaded: NC_H08_20200820_0300_L2ARP030_FLDK.02401_02401.nc
2025-12-25 21:36:41,991 - INFO - Cropped NC_H08_20200820_0300_L2ARP030_FLDK.02401_02401.nc to Malaysia Domain.
2025-12-25 21:37:29,197 - INFO - Downloaded: NC_H08_20200820_0400_L2ARP030_FLDK.02401_02401.nc
2025-12-25 21:37:29,283 - INFO - Cropped NC_H08_20200820_0400_L2ARP030_FLDK.02401_02401.nc to Malaysia Domain.
2025-12-25 21:38:19,632 - INFO - Downloaded: NC_H08_20200820_0500_L2ARP030_FLDK.02401_02401.nc
2025-12-25 21:38:19,711 - INFO - Cropped NC_H08_20200820_0500_L2ARP030_FLDK.02401_02401.nc to Malaysia Domain.
2025-12-25 21:38:29,694 - INFO - Downloaded: NC_H08_20200820_0600_L2ARP030_FLDK.02401_02401.nc
2025-12-25 21:38:29,767 - INFO - Cropped NC_H08_20200820_0600_L2ARP030_FLDK.02401_02401.nc to Malaysia Domain.
2025-12-25 21:39:04,159 - INFO - Downloaded: NC_H08_20200820_0700_L2ARP030_FLDK.02401_02401.nc
2025-12-25 21:39:04,230 - INFO - Cropped NC_H08_20200820_0700_L2ARP030_FLDK.02401_02401.nc to Malaysia Domain.
2025-12-25 21:39:09,701 - INFO - Downloaded: NC_H08_20200820_0800_L2ARP030_FLDK.02401_02401.nc
2025-12-25 21:39:09,769 - INFO - Cropped NC_H08_20200820_0800_L2ARP030_FLDK.02401_02401.nc to Malaysia Domain.
2025-12-25 21:39:12,763 - INFO - Downloaded: NC_H08_20200820_0900_L2ARP030_FLDK.02401_02401.nc
2025-12-25 21:39:12,827 - INFO - Cropped NC_H08_20200820_0900_L2ARP030_FLDK.02401_02401.nc to Malaysia Domain.
2025-12-25 21:40:12,775 - INFO - Downloaded: NC_H08_20200821_0000_L2ARP030_FLDK.02401_02401.nc
2025-12-25 21:40:12,865 - INFO - Cropped NC_H08_20200821_0000_L2ARP030_FLDK.02401_02401.nc to Malaysia Domain.
2025-12-25 21:40:23,702 - INFO - Downloaded: NC_H08_20200821_0100_L2ARP030_FLDK.02401_02401.nc
2025-12-25 21:40:23,809 - INFO - Cropped NC_H08_20200821_0100_L2ARP030_FLDK.02401_02401.nc to Malaysia Domain.
2025-12-25 21:41:19,041 - INFO - Downloaded: NC_H08_20200821_0200_L2ARP030_FLDK.02401_02401.nc
2025-12-25 21:41:19,156 - INFO - Cropped NC_H08_20200821_0200_L2ARP030_FLDK.02401_02401.nc to Malaysia Domain.
2025-12-25 21:42:11,892 - INFO - Downloaded: NC_H08_20200821_0300_L2ARP030_FLDK.02401_02401.nc
2025-12-25 21:42:12,009 - INFO - Cropped NC_H08_20200821_0300_L2ARP030_FLDK.02401_02401.nc to Malaysia Domain.
2025-12-25 21:42:20,423 - INFO - Downloaded: NC_H08_20200821_0400_L2ARP030_FLDK.02401_02401.nc
2025-12-25 21:42:20,528 - INFO - Cropped NC_H08_20200821_0400_L2ARP030_FLDK.02401_02401.nc to Malaysia Domain.
2025-12-25 21:43:02,304 - INFO - Downloaded: NC_H08_20200821_0500_L2ARP030_FLDK.02401_02401.nc
2025-12-25 21:43:02,391 - INFO - Cropped NC_H08_20200821_0500_L2ARP030_FLDK.02401_02401.nc to Malaysia Domain.
2025-12-25 21:43:13,712 - INFO - Downloaded: NC_H08_20200821_0600_L2ARP030_FLDK.02401_02401.nc
2025-12-25 21:43:13,792 - INFO - Cropped NC_H08_20200821_0600_L2ARP030_FLDK.02401_02401.nc to Malaysia Domain.
2025-12-25 21:43:22,432 - INFO - Downloaded: NC_H08_20200821_0700_L2ARP030_FLDK.02401_02401.nc
2025-12-25 21:43:22,510 - INFO - Cropped NC_H08_20200821_0700_L2ARP030_FLDK.02401_02401.nc to Malaysia Domain.
2025-12-25 21:43:26,308 - INFO - Downloaded: NC_H08_20200821_0800_L2ARP030_FLDK.02401_02401.nc
2025-12-25 21:43:26,385 - INFO - Cropped NC_H08_20200821_0800_L2ARP030_FLDK.02401_02401.nc to Malaysia Domain.
2025-12-25 21:43:40,585 - INFO - Downloaded: NC_H08_20200821_0900_L2ARP030_FLDK.02401_02401.nc
2025-12-25 21:43:40,659 - INFO - Cropped NC_H08_20200821_0900_L2ARP030_FLDK.02401_02401.nc to Malaysia Domain.
2025-12-25 21:43:55,231 - INFO - Downloaded: NC_H08_20200822_0000_L2ARP030_FLDK.02401_02401.nc
2025-12-25 21:43:55,326 - INFO - Cropped NC_H08_20200822_0000_L2ARP030_FLDK.02401_02401.nc to Malaysia Domain.
2025-12-25 21:44:03,432 - INFO - Downloaded: NC_H08_20200822_0100_L2ARP030_FLDK.02401_02401.nc
2025-12-25 21:44:03,536 - INFO - Cropped NC_H08_20200822_0100_L2ARP030_FLDK.02401_02401.nc to Malaysia Domain.
2025-12-25 21:44:13,773 - INFO - Downloaded: NC_H08_20200822_0200_L2ARP030_FLDK.02401_02401.nc
2025-12-25 21:44:13,874 - INFO - Cropped NC_H08_20200822_0200_L2ARP030_FLDK.02401_02401.nc to Malaysia Domain.
2025-12-25 21:44:25,826 - INFO - Downloaded: NC_H08_20200822_0300_L2ARP030_FLDK.02401_02401.nc
2025-12-25 21:44:25,924 - INFO - Cropped NC_H08_20200822_0300_L2ARP030_FLDK.02401_02401.nc to Malaysia Domain.
2025-12-25 21:44:30,953 - INFO - Downloaded: NC_H08_20200822_0400_L2ARP030_FLDK.02401_02401.nc
2025-12-25 21:44:31,040 - INFO - Cropped NC_H08_20200822_0400_L2ARP030_FLDK.02401_02401.nc to Malaysia Domain.
2025-12-25 21:45:09,558 - INFO - Downloaded: NC_H08_20200822_0500_L2ARP030_FLDK.02401_02401.nc
2025-12-25 21:45:09,632 - INFO - Cropped NC_H08_20200822_0500_L2ARP030_FLDK.02401_02401.nc to Malaysia Domain.
2025-12-25 21:45:22,601 - INFO - Downloaded: NC_H08_20200822_0600_L2ARP030_FLDK.02401_02401.nc
2025-12-25 21:45:22,680 - INFO - Cropped NC_H08_20200822_0600_L2ARP030_FLDK.02401_02401.nc to Malaysia Domain.
2025-12-25 21:45:49,911 - INFO - Downloaded: NC_H08_20200822_0700_L2ARP030_FLDK.02401_02401.nc
2025-12-25 21:45:49,985 - INFO - Cropped NC_H08_20200822_0700_L2ARP030_FLDK.02401_02401.nc to Malaysia Domain.
2025-12-25 21:45:55,495 - INFO - Downloaded: NC_H08_20200822_0800_L2ARP030_FLDK.02401_02401.nc
2025-12-25 21:45:55,567 - INFO - Cropped NC_H08_20200822_0800_L2ARP030_FLDK.02401_02401.nc to Malaysia Domain.
2025-12-25 21:46:04,003 - INFO - Downloaded: NC_H08_20200822_0900_L2ARP030_FLDK.02401_02401.nc
2025-12-25 21:46:04,071 - INFO - Cropped NC_H08_20200822_0900_L2ARP030_FLDK.02401_02401.nc to Malaysia Domain.
2025-12-25 21:47:00,506 - INFO - Downloaded: NC_H08_20200823_0000_L2ARP030_FLDK.02401_02401.nc
2025-12-25 21:47:00,588 - INFO - Cropped NC_H08_20200823_0000_L2ARP030_FLDK.02401_02401.nc to Malaysia Domain.
2025-12-25 21:48:03,330 - INFO - Downloaded: NC_H08_20200823_0100_L2ARP030_FLDK.02401_02401.nc
2025-12-25 21:48:03,422 - INFO - Cropped NC_H08_20200823_0100_L2ARP030_FLDK.02401_02401.nc to Malaysia Domain.
2025-12-25 21:49:16,684 - INFO - Downloaded: NC_H08_20200823_0200_L2ARP030_FLDK.02401_02401.nc
2025-12-25 21:49:16,774 - INFO - Cropped NC_H08_20200823_0200_L2ARP030_FLDK.02401_02401.nc to Malaysia Domain.
2025-12-25 21:49:24,087 - INFO - Downloaded: NC_H08_20200823_0300_L2ARP030_FLDK.02401_02401.nc
2025-12-25 21:49:24,174 - INFO - Cropped NC_H08_20200823_0300_L2ARP030_FLDK.02401_02401.nc to Malaysia Domain.
2025-12-25 21:49:29,783 - INFO - Downloaded: NC_H08_20200823_0400_L2ARP030_FLDK.02401_02401.nc
2025-12-25 21:49:29,860 - INFO - Cropped NC_H08_20200823_0400_L2ARP030_FLDK.02401_02401.nc to Malaysia Domain.
2025-12-25 21:49:35,767 - INFO - Downloaded: NC_H08_20200823_0500_L2ARP030_FLDK.02401_02401.nc
2025-12-25 21:49:35,840 - INFO - Cropped NC_H08_20200823_0500_L2ARP030_FLDK.02401_02401.nc to Malaysia Domain.
2025-12-25 21:49:39,276 - INFO - Downloaded: NC_H08_20200823_0600_L2ARP030_FLDK.02401_02401.nc
2025-12-25 21:49:39,347 - INFO - Cropped NC_H08_20200823_0600_L2ARP030_FLDK.02401_02401.nc to Malaysia Domain.
2025-12-25 21:50:09,291 - INFO - Downloaded: NC_H08_20200823_0700_L2ARP030_FLDK.02401_02401.nc
2025-12-25 21:50:09,364 - INFO - Cropped NC_H08_20200823_0700_L2ARP030_FLDK.02401_02401.nc to Malaysia Domain.
2025-12-25 21:50:32,377 - INFO - Downloaded: NC_H08_20200823_0800_L2ARP030_FLDK.02401_02401.nc
2025-12-25 21:50:32,457 - INFO - Cropped NC_H08_20200823_0800_L2ARP030_FLDK.02401_02401.nc to Malaysia Domain.
2025-12-25 21:50:37,363 - INFO - Downloaded: NC_H08_20200823_0900_L2ARP030_FLDK.02401_02401.nc
2025-12-25 21:50:37,430 - INFO - Cropped NC_H08_20200823_0900_L2ARP030_FLDK.02401_02401.nc to Malaysia Domain.
2025-12-25 21:50:50,331 - INFO - Downloaded: NC_H08_20200824_0000_L2ARP030_FLDK.02401_02401.nc
2025-12-25 21:50:50,416 - INFO - Cropped NC_H08_20200824_0000_L2ARP030_FLDK.02401_02401.nc to Malaysia Domain.
2025-12-25 21:51:01,152 - INFO - Downloaded: NC_H08_20200824_0100_L2ARP030_FLDK.02401_02401.nc
2025-12-25 21:51:01,251 - INFO - Cropped NC_H08_20200824_0100_L2ARP030_FLDK.02401_02401.nc to Malaysia Domain.
2025-12-25 21:51:05,228 - INFO - Downloaded: NC_H08_20200824_0200_L2ARP030_FLDK.02401_02401.nc
2025-12-25 21:51:05,332 - INFO - Cropped NC_H08_20200824_0200_L2ARP030_FLDK.02401_02401.nc to Malaysia Domain.
2025-12-25 21:51:54,292 - INFO - Downloaded: NC_H08_20200824_0300_L2ARP030_FLDK.02401_02401.nc
2025-12-25 21:51:54,395 - INFO - Cropped NC_H08_20200824_0300_L2ARP030_FLDK.02401_02401.nc to Malaysia Domain.
2025-12-25 21:52:05,220 - INFO - Downloaded: NC_H08_20200824_0400_L2ARP030_FLDK.02401_02401.nc
2025-12-25 21:52:05,313 - INFO - Cropped NC_H08_20200824_0400_L2ARP030_FLDK.02401_02401.nc to Malaysia Domain.
2025-12-25 21:52:47,118 - INFO - Downloaded: NC_H08_20200824_0500_L2ARP030_FLDK.02401_02401.nc
2025-12-25 21:52:47,199 - INFO - Cropped NC_H08_20200824_0500_L2ARP030_FLDK.02401_02401.nc to Malaysia Domain.
2025-12-25 21:53:31,228 - INFO - Downloaded: NC_H08_20200824_0600_L2ARP030_FLDK.02401_02401.nc
2025-12-25 21:53:31,303 - INFO - Cropped NC_H08_20200824_0600_L2ARP030_FLDK.02401_02401.nc to Malaysia Domain.
2025-12-25 21:53:40,560 - INFO - Downloaded: NC_H08_20200824_0700_L2ARP030_FLDK.02401_02401.nc
2025-12-25 21:53:40,636 - INFO - Cropped NC_H08_20200824_0700_L2ARP030_FLDK.02401_02401.nc to Malaysia Domain.
2025-12-25 21:53:44,021 - INFO - Downloaded: NC_H08_20200824_0800_L2ARP030_FLDK.02401_02401.nc
2025-12-25 21:53:44,096 - INFO - Cropped NC_H08_20200824_0800_L2ARP030_FLDK.02401_02401.nc to Malaysia Domain.
2025-12-25 21:53:46,995 - INFO - Downloaded: NC_H08_20200824_0900_L2ARP030_FLDK.02401_02401.nc
2025-12-25 21:53:47,069 - INFO - Cropped NC_H08_20200824_0900_L2ARP030_FLDK.02401_02401.nc to Malaysia Domain.
2025-12-25 21:54:48,776 - INFO - Downloaded: NC_H08_20200825_0000_L2ARP030_FLDK.02401_02401.nc
2025-12-25 21:54:48,874 - INFO - Cropped NC_H08_20200825_0000_L2ARP030_FLDK.02401_02401.nc to Malaysia Domain.
2025-12-25 21:55:52,138 - INFO - Downloaded: NC_H08_20200825_0100_L2ARP030_FLDK.02401_02401.nc
2025-12-25 21:55:52,258 - INFO - Cropped NC_H08_20200825_0100_L2ARP030_FLDK.02401_02401.nc to Malaysia Domain.
2025-12-25 21:57:02,893 - INFO - Downloaded: NC_H08_20200825_0200_L2ARP030_FLDK.02401_02401.nc
2025-12-25 21:57:03,012 - INFO - Cropped NC_H08_20200825_0200_L2ARP030_FLDK.02401_02401.nc to Malaysia Domain.
2025-12-25 21:57:13,828 - INFO - Downloaded: NC_H08_20200825_0300_L2ARP030_FLDK.02401_02401.nc
2025-12-25 21:57:13,942 - INFO - Cropped NC_H08_20200825_0300_L2ARP030_FLDK.02401_02401.nc to Malaysia Domain.
2025-12-25 21:57:21,882 - INFO - Downloaded: NC_H08_20200825_0400_L2ARP030_FLDK.02401_02401.nc
2025-12-25 21:57:21,983 - INFO - Cropped NC_H08_20200825_0400_L2ARP030_FLDK.02401_02401.nc to Malaysia Domain.
