filename,status,reason,local_size,integrity_check
BROWSE.MYD11A1.A2020001.h29v08.061.2021003113956.1.jpg,VERIFIED_NO_HASH,"Valid Header, No Remote Checksum Available",10041,PASS (Structure Only)
MYD11A1.A2020001.h27v08.061.2021003114146.hdf,VERIFIED_NO_HASH,"Valid Header, No Remote Checksum Available",1014773,PASS (Structure Only)
MYD11A1.A2020007.h27v08.061.2021003174531.hdf,VERIFIED_NO_HASH,"Valid Header, No Remote Checksum Available",670026,PASS (Structure Only)
MYD11A1.A2020002.h27v08.061.2021003114324.hdf,VERIFIED_NO_HASH,"Valid Header, No Remote Checksum Available",505110,PASS (Structure Only)
MYD11A1.A2020002.h28v08.061.2021003114348.hdf,VERIFIED_NO_HASH,"Valid Header, No Remote Checksum Available",464478,PASS (Structure Only)
BROWSE.MYD11A1.A2020006.h27v08.061.2021003160718.1.jpg,VERIFIED_NO_HASH,"Valid Header, No Remote Checksum Available",13123,PASS (Structure Only)
MYD11A1.A2020005.h28v08.061.2021003155809.hdf,VERIFIED_NO_HASH,"Valid Header, No Remote Checksum Available",1737957,PASS (Structure Only)
BROWSE.MYD11A1.A2020005.h27v08.061.2021003155714.1.jpg,VERIFIED_NO_HASH,"Valid Header, No Remote Checksum Available",12815,PASS (Structure Only)
MYD11A1.A2020003.h27v08.061.2021003133943.hdf,VERIFIED_NO_HASH,"Valid Header, No Remote Checksum Available",1022551,PASS (Structure Only)
BROWSE.MYD11A1.A2020002.h29v08.061.2021003114415.1.jpg,VERIFIED_NO_HASH,"Valid Header, No Remote Checksum Available",7278,PASS (Structure Only)
MYD11A1.A2020001.h28v08.061.2021003113934.hdf,VERIFIED_NO_HASH,"Valid Header, No Remote Checksum Available",816417,PASS (Structure Only)
BROWSE.MYD11A1.A2020003.h28v08.061.2021003133731.2.jpg,VERIFIED_NO_HASH,"Valid Header, No Remote Checksum Available",10479,PASS (Structure Only)
MYD11A1.A2020005.h29v08.061.2021003155554.hdf,VERIFIED_NO_HASH,"Valid Header, No Remote Checksum Available",370403,PASS (Structure Only)
MYD11A1.A2020007.h28v08.061.2021003174547.hdf,VERIFIED_NO_HASH,"Valid Header, No Remote Checksum Available",457311,PASS (Structure Only)
MYD11A1.A2020010.h27v08.061.2021003204710.hdf,VERIFIED_NO_HASH,"Valid Header, No Remote Checksum Available",297099,PASS (Structure Only)
BROWSE.MYD11A1.A2020011.h27v08.061.2021003214858.1.jpg,VERIFIED_NO_HASH,"Valid Header, No Remote Checksum Available",4481,PASS (Structure Only)
MYD11A1.A2020009.h27v08.061.2021003201208.hdf,VERIFIED_NO_HASH,"Valid Header, No Remote Checksum Available",373139,PASS (Structure Only)
MYD11A1.A2020010.h29v08.061.2021003205035.hdf,VERIFIED_NO_HASH,"Valid Header, No Remote Checksum Available",267336,PASS (Structure Only)
MYD11A1.A2020010.h28v08.061.2021003205121.hdf,VERIFIED_NO_HASH,"Valid Header, No Remote Checksum Available",243900,PASS (Structure Only)
BROWSE.MYD11A1.A2020011.h28v08.061.2021003215252.1.jpg,VERIFIED_NO_HASH,"Valid Header, No Remote Checksum Available",4365,PASS (Structure Only)
MYD11A1.A2020009.h29v08.061.2021003201228.hdf,VERIFIED_NO_HASH,"Valid Header, No Remote Checksum Available",822826,PASS (Structure Only)
BROWSE.MYD11A1.A2020013.h27v08.061.2021004003844.1.jpg,VERIFIED_NO_HASH,"Valid Header, No Remote Checksum Available",11190,PASS (Structure Only)
BROWSE.MYD11A1.A2020013.h28v08.061.2021004003742.1.jpg,VERIFIED_NO_HASH,"Valid Header, No Remote Checksum Available",6383,PASS (Structure Only)
MYD11A1.A2020004.h27v08.061.2021003135355.hdf,VERIFIED_NO_HASH,"Valid Header, No Remote Checksum Available",549918,PASS (Structure Only)
MYD11A1.A2020006.h28v08.061.2021003160700.hdf,VERIFIED_NO_HASH,"Valid Header, No Remote Checksum Available",431643,PASS (Structure Only)
MYD11A1.A2020006.h29v08.061.2021003160030.hdf,VERIFIED_NO_HASH,"Valid Header, No Remote Checksum Available",1054050,PASS (Structure Only)
MYD11A1.A2020009.h28v08.061.2021003201049.hdf,VERIFIED_NO_HASH,"Valid Header, No Remote Checksum Available",495218,PASS (Structure Only)
MYD11A1.A2020015.h27v08.061.2021004031427.hdf,VERIFIED_NO_HASH,"Valid Header, No Remote Checksum Available",1141915,PASS (Structure Only)
MYD11A1.A2020004.h29v08.061.2021003134017.hdf,VERIFIED_NO_HASH,"Valid Header, No Remote Checksum Available",964739,PASS (Structure Only)
MYD11A1.A2020004.h28v08.061.2021003134041.hdf,VERIFIED_NO_HASH,"Valid Header, No Remote Checksum Available",907557,PASS (Structure Only)
BROWSE.MYD11A1.A2020014.h29v08.061.2021004020038.1.jpg,VERIFIED_NO_HASH,"Valid Header, No Remote Checksum Available",5426,PASS (Structure Only)
BROWSE.MYD11A1.A2020014.h28v08.061.2021004020721.1.jpg,VERIFIED_NO_HASH,"Valid Header, No Remote Checksum Available",10846,PASS (Structure Only)
BROWSE.MYD11A1.A2020014.h27v08.061.2021004020312.1.jpg,VERIFIED_NO_HASH,"Valid Header, No Remote Checksum Available",9677,PASS (Structure Only)
BROWSE.MYD11A1.A2020013.h29v08.061.2021004003930.1.jpg,VERIFIED_NO_HASH,"Valid Header, No Remote Checksum Available",8779,PASS (Structure Only)
MYD11A1.A2020012.h28v08.061.2021003233541.hdf,VERIFIED_NO_HASH,"Valid Header, No Remote Checksum Available",714636,PASS (Structure Only)
MYD11A1.A2020008.h28v08.061.2021003182901.hdf,VERIFIED_NO_HASH,"Valid Header, No Remote Checksum Available",607691,PASS (Structure Only)
BROWSE.MYD11A1.A2020017.h27v08.061.2021004052842.1.jpg,VERIFIED_NO_HASH,"Valid Header, No Remote Checksum Available",12231,PASS (Structure Only)
BROWSE.MYD11A1.A2020012.h29v08.061.2021003232636.1.jpg,VERIFIED_NO_HASH,"Valid Header, No Remote Checksum Available",4036,PASS (Structure Only)
BROWSE.MYD11A1.A2020012.h27v08.061.2021003233417.1.jpg,VERIFIED_NO_HASH,"Valid Header, No Remote Checksum Available",10470,PASS (Structure Only)
BROWSE.MYD11A1.A2020016.h27v08.061.2021004044014.1.jpg,VERIFIED_NO_HASH,"Valid Header, No Remote Checksum Available",9021,PASS (Structure Only)
MYD11A1.A2020007.h29v08.061.2021003174535.hdf,VERIFIED_NO_HASH,"Valid Header, No Remote Checksum Available",384187,PASS (Structure Only)
BROWSE.MYD11A1.A2020018.h28v08.061.2021004064203.1.jpg,VERIFIED_NO_HASH,"Valid Header, No Remote Checksum Available",11735,PASS (Structure Only)
MYD11A1.A2020008.h29v08.061.2021003182946.hdf,VERIFIED_NO_HASH,"Valid Header, No Remote Checksum Available",743515,PASS (Structure Only)
MYD11A1.A2020008.h27v08.061.2021003183408.hdf,VERIFIED_NO_HASH,"Valid Header, No Remote Checksum Available",1132195,PASS (Structure Only)
MYD11A1.A2020018.h27v08.061.2021004064205.hdf,VERIFIED_NO_HASH,"Valid Header, No Remote Checksum Available",275102,PASS (Structure Only)
BROWSE.MYD11A1.A2020020.h28v08.061.2021004084825.1.jpg,VERIFIED_NO_HASH,"Valid Header, No Remote Checksum Available",5109,PASS (Structure Only)
BROWSE.MYD11A1.A2020021.h28v08.061.2021004100222.1.jpg,VERIFIED_NO_HASH,"Valid Header, No Remote Checksum Available",10884,PASS (Structure Only)
MYD11A1.A2020021.h27v08.061.2021004100218.cmr.xml,VERIFIED_NO_HASH,"Valid Header, No Remote Checksum Available",15904,PASS (Structure Only)
BROWSE.MYD11A1.A2020020.h27v08.061.2021004084745.1.jpg,VERIFIED_NO_HASH,"Valid Header, No Remote Checksum Available",8695,PASS (Structure Only)
BROWSE.MYD11A1.A2020019.h27v08.061.2021004074316.1.jpg,VERIFIED_NO_HASH,"Valid Header, No Remote Checksum Available",13169,PASS (Structure Only)
BROWSE.MYD11A1.A2020021.h29v08.061.2021004100228.1.jpg,VERIFIED_NO_HASH,"Valid Header, No Remote Checksum Available",11987,PASS (Structure Only)
BROWSE.MYD11A1.A2020022.h27v08.061.2021004105816.1.jpg,VERIFIED_NO_HASH,"Valid Header, No Remote Checksum Available",13097,PASS (Structure Only)
BROWSE.MYD11A1.A2020017.h28v08.061.2021004052847.1.jpg,VERIFIED_NO_HASH,"Valid Header, No Remote Checksum Available",11058,PASS (Structure Only)
BROWSE.MYD11A1.A2020017.h29v08.061.2021004052836.1.jpg,VERIFIED_NO_HASH,"Valid Header, No Remote Checksum Available",15618,PASS (Structure Only)
BROWSE.MYD11A1.A2020022.h29v08.061.2021004105825.1.jpg,VERIFIED_NO_HASH,"Valid Header, No Remote Checksum Available",17306,PASS (Structure Only)
BROWSE.MYD11A1.A2020022.h28v08.061.2021004105832.1.jpg,VERIFIED_NO_HASH,"Valid Header, No Remote Checksum Available",11539,PASS (Structure Only)
BROWSE.MYD11A1.A2020024.h27v08.061.2021004162505.1.jpg,VERIFIED_NO_HASH,"Valid Header, No Remote Checksum Available",12979,PASS (Structure Only)
BROWSE.MYD11A1.A2020019.h29v08.061.2021004073719.1.jpg,VERIFIED_NO_HASH,"Valid Header, No Remote Checksum Available",13998,PASS (Structure Only)
BROWSE.MYD11A1.A2020023.h28v08.061.2021004123216.1.jpg,VERIFIED_NO_HASH,"Valid Header, No Remote Checksum Available",15103,PASS (Structure Only)
BROWSE.MYD11A1.A2020024.h28v08.061.2021004162119.1.jpg,VERIFIED_NO_HASH,"Valid Header, No Remote Checksum Available",12796,PASS (Structure Only)
BROWSE.MYD11A1.A2020025.h27v08.061.2021004170643.1.jpg,VERIFIED_NO_HASH,"Valid Header, No Remote Checksum Available",7976,PASS (Structure Only)
BROWSE.MYD11A1.A2020011.h29v08.061.2021003214953.1.jpg,VERIFIED_NO_HASH,"Valid Header, No Remote Checksum Available",5029,PASS (Structure Only)
BROWSE.MYD11A1.A2020027.h27v08.061.2021005010132.1.jpg,VERIFIED_NO_HASH,"Valid Header, No Remote Checksum Available",6061,PASS (Structure Only)
BROWSE.MYD11A1.A2020025.h28v08.061.2021004170038.1.jpg,VERIFIED_NO_HASH,"Valid Header, No Remote Checksum Available",13559,PASS (Structure Only)
BROWSE.MYD11A1.A2020026.h29v08.061.2021005010317.2.jpg,VERIFIED_NO_HASH,"Valid Header, No Remote Checksum Available",14483,PASS (Structure Only)
BROWSE.MYD11A1.A2020026.h28v08.061.2021005004105.1.jpg,VERIFIED_NO_HASH,"Valid Header, No Remote Checksum Available",14373,PASS (Structure Only)
BROWSE.MYD11A1.A2020016.h28v08.061.2021004043739.1.jpg,VERIFIED_NO_HASH,"Valid Header, No Remote Checksum Available",10265,PASS (Structure Only)
MYD11A1.A2020028.h28v08.061.2021005032725.cmr.xml,VERIFIED_NO_HASH,"Valid Header, No Remote Checksum Available",15497,PASS (Structure Only)
BROWSE.MYD11A1.A2020027.h28v08.061.2021005010320.1.jpg,VERIFIED_NO_HASH,"Valid Header, No Remote Checksum Available",8359,PASS (Structure Only)
BROWSE.MYD11A1.A2020028.h27v08.061.2021005032723.1.jpg,VERIFIED_NO_HASH,"Valid Header, No Remote Checksum Available",9467,PASS (Structure Only)
BROWSE.MYD11A1.A2020015.h28v08.061.2021004031951.1.jpg,VERIFIED_NO_HASH,"Valid Header, No Remote Checksum Available",10540,PASS (Structure Only)
BROWSE.MYD11A1.A2020016.h29v08.061.2021004043754.1.jpg,VERIFIED_NO_HASH,"Valid Header, No Remote Checksum Available",12639,PASS (Structure Only)
BROWSE.MYD11A1.A2020028.h29v08.061.2021005032920.1.jpg,VERIFIED_NO_HASH,"Valid Header, No Remote Checksum Available",12585,PASS (Structure Only)
BROWSE.MYD11A1.A2020024.h29v08.061.2021004162039.1.jpg,VERIFIED_NO_HASH,"Valid Header, No Remote Checksum Available",13596,PASS (Structure Only)
BROWSE.MYD11A1.A2020018.h29v08.061.2021004064200.1.jpg,VERIFIED_NO_HASH,"Valid Header, No Remote Checksum Available",15974,PASS (Structure Only)
BROWSE.MYD11A1.A2020019.h28v08.061.2021004073842.1.jpg,VERIFIED_NO_HASH,"Valid Header, No Remote Checksum Available",12000,PASS (Structure Only)
BROWSE.MYD11A1.A2020030.h29v08.061.2021005051218.1.jpg,VERIFIED_NO_HASH,"Valid Header, No Remote Checksum Available",5380,PASS (Structure Only)
BROWSE.MYD11A1.A2020030.h28v08.061.2021005051216.1.jpg,VERIFIED_NO_HASH,"Valid Header, No Remote Checksum Available",10909,PASS (Structure Only)
BROWSE.MYD11A1.A2020032.h28v08.061.2021005071254.1.jpg,VERIFIED_NO_HASH,"Valid Header, No Remote Checksum Available",9490,PASS (Structure Only)
BROWSE.MYD11A1.A2020031.h29v08.061.2021005051749.1.jpg,VERIFIED_NO_HASH,"Valid Header, No Remote Checksum Available",11310,PASS (Structure Only)
BROWSE.MYD11A1.A2020029.h29v08.061.2021005033740.2.jpg,VERIFIED_NO_HASH,"Valid Header, No Remote Checksum Available",12686,PASS (Structure Only)
BROWSE.MYD11A1.A2020027.h29v08.061.2021005011251.1.jpg,VERIFIED_NO_HASH,"Valid Header, No Remote Checksum Available",17536,PASS (Structure Only)
MYD11A1.A2020029.h28v08.061.2021005033021.hdf,VERIFIED_NO_HASH,"Valid Header, No Remote Checksum Available",352356,PASS (Structure Only)
BROWSE.MYD11A1.A2020031.h27v08.061.2021005051752.1.jpg,VERIFIED_NO_HASH,"Valid Header, No Remote Checksum Available",7514,PASS (Structure Only)
BROWSE.MYD11A1.A2020034.h28v08.061.2021005085800.1.jpg,VERIFIED_NO_HASH,"Valid Header, No Remote Checksum Available",10713,PASS (Structure Only)
MYD11A1.A2020029.h27v08.061.2021005032956.hdf,VERIFIED_NO_HASH,"Valid Header, No Remote Checksum Available",318243,PASS (Structure Only)
BROWSE.MYD11A1.A2020035.h29v08.061.2021005093047.1.jpg,VERIFIED_NO_HASH,"Valid Header, No Remote Checksum Available",9781,PASS (Structure Only)
BROWSE.MYD11A1.A2020032.h29v08.061.2021005071310.1.jpg,VERIFIED_NO_HASH,"Valid Header, No Remote Checksum Available",11784,PASS (Structure Only)
BROWSE.MYD11A1.A2020023.h29v08.061.2021004123636.1.jpg,VERIFIED_NO_HASH,"Valid Header, No Remote Checksum Available",15428,PASS (Structure Only)
BROWSE.MYD11A1.A2020026.h27v08.061.2021005004221.1.jpg,VERIFIED_NO_HASH,"Valid Header, No Remote Checksum Available",11096,PASS (Structure Only)
BROWSE.MYD11A1.A2020023.h27v08.061.2021004123224.1.jpg,VERIFIED_NO_HASH,"Valid Header, No Remote Checksum Available",11663,PASS (Structure Only)
BROWSE.MYD11A1.A2020030.h27v08.061.2021005051228.1.jpg,VERIFIED_NO_HASH,"Valid Header, No Remote Checksum Available",7364,PASS (Structure Only)
MYD11A1.A2020036.h28v08.061.2021005104612.cmr.xml,VERIFIED_NO_HASH,"Valid Header, No Remote Checksum Available",16228,PASS (Structure Only)
BROWSE.MYD11A1.A2020035.h27v08.061.2021005093203.1.jpg,VERIFIED_NO_HASH,"Valid Header, No Remote Checksum Available",9436,PASS (Structure Only)
BROWSE.MYD11A1.A2020037.h28v08.061.2021005110931.1.jpg,VERIFIED_NO_HASH,"Valid Header, No Remote Checksum Available",12351,PASS (Structure Only)
MYD11A1.A2020036.h27v08.061.2021005104607.hdf,VERIFIED_NO_HASH,"Valid Header, No Remote Checksum Available",317461,PASS (Structure Only)
BROWSE.MYD11A1.A2020033.h28v08.061.2021005071853.1.jpg,VERIFIED_NO_HASH,"Valid Header, No Remote Checksum Available",6334,PASS (Structure Only)
BROWSE.MYD11A1.A2020033.h29v08.061.2021005071854.2.jpg,VERIFIED_NO_HASH,"Valid Header, No Remote Checksum Available",9549,PASS (Structure Only)
MYD11A1.A2020032.h27v08.061.2021005071229.cmr.xml,VERIFIED_NO_HASH,"Valid Header, No Remote Checksum Available",16553,PASS (Structure Only)
BROWSE.MYD11A1.A2020038.h28v08.061.2021005121918.1.jpg,VERIFIED_NO_HASH,"Valid Header, No Remote Checksum Available",6534,PASS (Structure Only)
BROWSE.MYD11A1.A2020039.h27v08.061.2021005124930.1.jpg,VERIFIED_NO_HASH,"Valid Header, No Remote Checksum Available",7024,PASS (Structure Only)
MYD11A1.A2020036.h29v08.061.2021005104602.hdf,VERIFIED_NO_HASH,"Valid Header, No Remote Checksum Available",593786,PASS (Structure Only)
BROWSE.MYD11A1.A2020038.h27v08.061.2021005121807.2.jpg,VERIFIED_NO_HASH,"Valid Header, No Remote Checksum Available",4423,PASS (Structure Only)
BROWSE.MYD11A1.A2020037.h29v08.061.2021005110938.2.jpg,VERIFIED_NO_HASH,"Valid Header, No Remote Checksum Available",10968,PASS (Structure Only)
BROWSE.MYD11A1.A2020037.h27v08.061.2021005111001.1.jpg,VERIFIED_NO_HASH,"Valid Header, No Remote Checksum Available",8079,PASS (Structure Only)
BROWSE.MYD11A1.A2020038.h29v08.061.2021005121828.2.jpg,VERIFIED_NO_HASH,"Valid Header, No Remote Checksum Available",9664,PASS (Structure Only)
BROWSE.MYD11A1.A2020034.h29v08.061.2021005085751.1.jpg,VERIFIED_NO_HASH,"Valid Header, No Remote Checksum Available",8888,PASS (Structure Only)
BROWSE.MYD11A1.A2020035.h28v08.061.2021005092754.1.jpg,VERIFIED_NO_HASH,"Valid Header, No Remote Checksum Available",11656,PASS (Structure Only)
BROWSE.MYD11A1.A2020042.h27v08.061.2021005165233.1.jpg,VERIFIED_NO_HASH,"Valid Header, No Remote Checksum Available",11521,PASS (Structure Only)
BROWSE.MYD11A1.A2020033.h27v08.061.2021005071834.1.jpg,VERIFIED_NO_HASH,"Valid Header, No Remote Checksum Available",9125,PASS (Structure Only)
MYD11A1.A2020039.h29v08.061.2021005124952.hdf,VERIFIED_NO_HASH,"Valid Header, No Remote Checksum Available",295698,PASS (Structure Only)
BROWSE.MYD11A1.A2020040.h27v08.061.2021005140234.1.jpg,VERIFIED_NO_HASH,"Valid Header, No Remote Checksum Available",10674,PASS (Structure Only)
BROWSE.MYD11A1.A2020041.h27v08.061.2021005143220.1.jpg,VERIFIED_NO_HASH,"Valid Header, No Remote Checksum Available",5120,PASS (Structure Only)
BROWSE.MYD11A1.A2020044.h28v08.061.2021005192600.1.jpg,VERIFIED_NO_HASH,"Valid Header, No Remote Checksum Available",13333,PASS (Structure Only)
BROWSE.MYD11A1.A2020043.h29v08.061.2021005165839.1.jpg,VERIFIED_NO_HASH,"Valid Header, No Remote Checksum Available",16785,PASS (Structure Only)
MYD11A1.A2020043.h27v08.061.2021005165955.hdf,VERIFIED_NO_HASH,"Valid Header, No Remote Checksum Available",306428,PASS (Structure Only)
BROWSE.MYD11A1.A2020043.h28v08.061.2021005165927.2.jpg,VERIFIED_NO_HASH,"Valid Header, No Remote Checksum Available",7613,PASS (Structure Only)
BROWSE.MYD11A1.A2020025.h29v08.061.2021004170248.1.jpg,VERIFIED_NO_HASH,"Valid Header, No Remote Checksum Available",18294,PASS (Structure Only)
BROWSE.MYD11A1.A2020044.h27v08.061.2021005192358.1.jpg,VERIFIED_NO_HASH,"Valid Header, No Remote Checksum Available",11441,PASS (Structure Only)
BROWSE.MYD11A1.A2020042.h29v08.061.2021005165151.1.jpg,VERIFIED_NO_HASH,"Valid Header, No Remote Checksum Available",7930,PASS (Structure Only)
BROWSE.MYD11A1.A2020040.h28v08.061.2021005140225.1.jpg,VERIFIED_NO_HASH,"Valid Header, No Remote Checksum Available",5760,PASS (Structure Only)
MYD11A1.A2020034.h27v08.061.2021005085945.cmr.xml,VERIFIED_NO_HASH,"Valid Header, No Remote Checksum Available",16146,PASS (Structure Only)
MYD11A1.A2020044.h29v08.061.2021005192437.hdf,VERIFIED_NO_HASH,"Valid Header, No Remote Checksum Available",742515,PASS (Structure Only)
MYD11A1.A2020045.h27v08.061.2021005193551.cmr.xml,VERIFIED_NO_HASH,"Valid Header, No Remote Checksum Available",15415,PASS (Structure Only)
BROWSE.MYD11A1.A2020047.h27v08.061.2021005220255.1.jpg,VERIFIED_NO_HASH,"Valid Header, No Remote Checksum Available",12977,PASS (Structure Only)
BROWSE.MYD11A1.A2020046.h29v08.061.2021005215329.1.jpg,VERIFIED_NO_HASH,"Valid Header, No Remote Checksum Available",6483,PASS (Structure Only)
BROWSE.MYD11A1.A2020048.h29v08.061.2021005234251.1.jpg,VERIFIED_NO_HASH,"Valid Header, No Remote Checksum Available",11522,PASS (Structure Only)
MYD11A1.A2020047.h29v08.061.2021005220253.hdf,VERIFIED_NO_HASH,"Valid Header, No Remote Checksum Available",1415469,PASS (Structure Only)
MYD11A1.A2020047.h28v08.061.2021005220252.hdf,VERIFIED_NO_HASH,"Valid Header, No Remote Checksum Available",628509,PASS (Structure Only)
MYD11A1.A2020048.h27v08.061.2021005234354.cmr.xml,VERIFIED_NO_HASH,"Valid Header, No Remote Checksum Available",16551,PASS (Structure Only)
BROWSE.MYD11A1.A2020048.h28v08.061.2021005234530.2.jpg,VERIFIED_NO_HASH,"Valid Header, No Remote Checksum Available",6951,PASS (Structure Only)
BROWSE.MYD11A1.A2020049.h28v08.061.2021006000409.1.jpg,VERIFIED_NO_HASH,"Valid Header, No Remote Checksum Available",8984,PASS (Structure Only)
BROWSE.MYD11A1.A2020045.h28v08.061.2021005193440.1.jpg,VERIFIED_NO_HASH,"Valid Header, No Remote Checksum Available",7033,PASS (Structure Only)
BROWSE.MYD11A1.A2020045.h29v08.061.2021005193431.2.jpg,VERIFIED_NO_HASH,"Valid Header, No Remote Checksum Available",6193,PASS (Structure Only)
BROWSE.MYD11A1.A2020041.h29v08.061.2021005143217.1.jpg,VERIFIED_NO_HASH,"Valid Header, No Remote Checksum Available",12356,PASS (Structure Only)
BROWSE.MYD11A1.A2020039.h28v08.061.2021005124950.1.jpg,VERIFIED_NO_HASH,"Valid Header, No Remote Checksum Available",9356,PASS (Structure Only)
BROWSE.MYD11A1.A2020046.h28v08.061.2021005215332.1.jpg,VERIFIED_NO_HASH,"Valid Header, No Remote Checksum Available",12854,PASS (Structure Only)
MYD11A1.A2020051.h28v08.061.2021006020355.cmr.xml,VERIFIED_NO_HASH,"Valid Header, No Remote Checksum Available",15823,PASS (Structure Only)
BROWSE.MYD11A1.A2020050.h28v08.061.2021006013304.1.jpg,VERIFIED_NO_HASH,"Valid Header, No Remote Checksum Available",12328,PASS (Structure Only)
MYD11A1.A2020003.h29v08.061.2021003133550.hdf,VERIFIED_NO_HASH,"Valid Header, No Remote Checksum Available",246325,PASS (Structure Only)
BROWSE.MYD11A1.A2020053.h28v08.061.2021006113717.1.jpg,VERIFIED_NO_HASH,"Valid Header, No Remote Checksum Available",13643,PASS (Structure Only)
MYD11A1.A2020051.h29v08.061.2021006015928.hdf,VERIFIED_NO_HASH,"Valid Header, No Remote Checksum Available",1130351,PASS (Structure Only)
MYD11A1.A2020052.h27v08.061.2021006084023.hdf,VERIFIED_NO_HASH,"Valid Header, No Remote Checksum Available",625165,PASS (Structure Only)
BROWSE.MYD11A1.A2020049.h27v08.061.2021006000411.1.jpg,VERIFIED_NO_HASH,"Valid Header, No Remote Checksum Available",8496,PASS (Structure Only)
BROWSE.MYD11A1.A2020052.h28v08.061.2021006074619.1.jpg,VERIFIED_NO_HASH,"Valid Header, No Remote Checksum Available",6463,PASS (Structure Only)
BROWSE.MYD11A1.A2020054.h28v08.061.2021006142647.1.jpg,VERIFIED_NO_HASH,"Valid Header, No Remote Checksum Available",10186,PASS (Structure Only)
BROWSE.MYD11A1.A2020041.h28v08.061.2021005143225.1.jpg,VERIFIED_NO_HASH,"Valid Header, No Remote Checksum Available",6362,PASS (Structure Only)
BROWSE.MYD11A1.A2020031.h28v08.061.2021005051747.1.jpg,VERIFIED_NO_HASH,"Valid Header, No Remote Checksum Available",6883,PASS (Structure Only)
BROWSE.MYD11A1.A2020053.h27v08.061.2021006120528.1.jpg,VERIFIED_NO_HASH,"Valid Header, No Remote Checksum Available",12344,PASS (Structure Only)
BROWSE.MYD11A1.A2020056.h27v08.061.2021006162152.2.jpg,VERIFIED_NO_HASH,"Valid Header, No Remote Checksum Available",11247,PASS (Structure Only)
BROWSE.MYD11A1.A2020055.h29v08.061.2021006143813.1.jpg,VERIFIED_NO_HASH,"Valid Header, No Remote Checksum Available",12287,PASS (Structure Only)
BROWSE.MYD11A1.A2020056.h28v08.061.2021006162204.1.jpg,VERIFIED_NO_HASH,"Valid Header, No Remote Checksum Available",11770,PASS (Structure Only)
BROWSE.MYD11A1.A2020040.h29v08.061.2021005140233.1.jpg,VERIFIED_NO_HASH,"Valid Header, No Remote Checksum Available",9726,PASS (Structure Only)
BROWSE.MYD11A1.A2020056.h29v08.061.2021006162241.1.jpg,VERIFIED_NO_HASH,"Valid Header, No Remote Checksum Available",15669,PASS (Structure Only)
BROWSE.MYD11A1.A2020057.h28v08.061.2021006162537.1.jpg,VERIFIED_NO_HASH,"Valid Header, No Remote Checksum Available",12807,PASS (Structure Only)
MYD11A1.A2020057.h27v08.061.2021006162531.hdf,VERIFIED_NO_HASH,"Valid Header, No Remote Checksum Available",622868,PASS (Structure Only)
BROWSE.MYD11A1.A2020058.h28v08.061.2021006181148.1.jpg,VERIFIED_NO_HASH,"Valid Header, No Remote Checksum Available",13665,PASS (Structure Only)
BROWSE.MYD11A1.A2020053.h29v08.061.2021006114516.1.jpg,VERIFIED_NO_HASH,"Valid Header, No Remote Checksum Available",11428,PASS (Structure Only)
BROWSE.MYD11A1.A2020054.h29v08.061.2021006142349.1.jpg,VERIFIED_NO_HASH,"Valid Header, No Remote Checksum Available",17558,PASS (Structure Only)
MYD11A1.A2020055.h28v08.061.2021006143808.cmr.xml,VERIFIED_NO_HASH,"Valid Header, No Remote Checksum Available",15823,PASS (Structure Only)
BROWSE.MYD11A1.A2020042.h28v08.061.2021005165257.1.jpg,VERIFIED_NO_HASH,"Valid Header, No Remote Checksum Available",10177,PASS (Structure Only)
BROWSE.MYD11A1.A2020020.h29v08.061.2021004084803.1.jpg,VERIFIED_NO_HASH,"Valid Header, No Remote Checksum Available",15102,PASS (Structure Only)
MYD11A1.A2020054.h27v08.061.2021006142058.hdf,VERIFIED_NO_HASH,"Valid Header, No Remote Checksum Available",1046646,PASS (Structure Only)
MYD11A1.A2020060.h29v08.061.2021006200658.hdf,VERIFIED_NO_HASH,"Valid Header, No Remote Checksum Available",381924,PASS (Structure Only)
BROWSE.MYD11A1.A2020050.h27v08.061.2021006013342.1.jpg,VERIFIED_NO_HASH,"Valid Header, No Remote Checksum Available",6173,PASS (Structure Only)
BROWSE.MYD11A1.A2020058.h29v08.061.2021006181242.1.jpg,VERIFIED_NO_HASH,"Valid Header, No Remote Checksum Available",11135,PASS (Structure Only)
BROWSE.MYD11A1.A2020060.h28v08.061.2021006200648.1.jpg,VERIFIED_NO_HASH,"Valid Header, No Remote Checksum Available",11610,PASS (Structure Only)
MYD11A1.A2020058.h27v08.061.2021006181149.hdf,VERIFIED_NO_HASH,"Valid Header, No Remote Checksum Available",1280468,PASS (Structure Only)
BROWSE.MYD11A1.A2020062.h27v08.061.2021006214347.1.jpg,VERIFIED_NO_HASH,"Valid Header, No Remote Checksum Available",7680,PASS (Structure Only)
BROWSE.MYD11A1.A2020063.h29v08.061.2021006214745.2.jpg,VERIFIED_NO_HASH,"Valid Header, No Remote Checksum Available",5699,PASS (Structure Only)
BROWSE.MYD11A1.A2020055.h27v08.061.2021006143755.2.jpg,VERIFIED_NO_HASH,"Valid Header, No Remote Checksum Available",11628,PASS (Structure Only)
BROWSE.MYD11A1.A2020063.h28v08.061.2021006214746.1.jpg,VERIFIED_NO_HASH,"Valid Header, No Remote Checksum Available",8667,PASS (Structure Only)
BROWSE.MYD11A1.A2020059.h27v08.061.2021006181635.1.jpg,VERIFIED_NO_HASH,"Valid Header, No Remote Checksum Available",6856,PASS (Structure Only)
BROWSE.MYD11A1.A2020061.h27v08.061.2021006201051.1.jpg,VERIFIED_NO_HASH,"Valid Header, No Remote Checksum Available",9301,PASS (Structure Only)
BROWSE.MYD11A1.A2020059.h28v08.061.2021006181640.2.jpg,VERIFIED_NO_HASH,"Valid Header, No Remote Checksum Available",10974,PASS (Structure Only)
BROWSE.MYD11A1.A2020057.h29v08.061.2021006162551.1.jpg,VERIFIED_NO_HASH,"Valid Header, No Remote Checksum Available",9866,PASS (Structure Only)
BROWSE.MYD11A1.A2020059.h29v08.061.2021006181633.1.jpg,VERIFIED_NO_HASH,"Valid Header, No Remote Checksum Available",10476,PASS (Structure Only)
BROWSE.MYD11A1.A2020065.h29v08.061.2021006233550.1.jpg,VERIFIED_NO_HASH,"Valid Header, No Remote Checksum Available",11186,PASS (Structure Only)
BROWSE.MYD11A1.A2020062.h28v08.061.2021006214406.1.jpg,VERIFIED_NO_HASH,"Valid Header, No Remote Checksum Available",12775,PASS (Structure Only)
BROWSE.MYD11A1.A2020064.h28v08.061.2021006233241.2.jpg,VERIFIED_NO_HASH,"Valid Header, No Remote Checksum Available",6823,PASS (Structure Only)
BROWSE.MYD11A1.A2020065.h27v08.061.2021006233537.1.jpg,VERIFIED_NO_HASH,"Valid Header, No Remote Checksum Available",7010,PASS (Structure Only)
BROWSE.MYD11A1.A2020064.h27v08.061.2021006233236.1.jpg,VERIFIED_NO_HASH,"Valid Header, No Remote Checksum Available",8712,PASS (Structure Only)
BROWSE.MYD11A1.A2020062.h29v08.061.2021006214507.1.jpg,VERIFIED_NO_HASH,"Valid Header, No Remote Checksum Available",5746,PASS (Structure Only)
BROWSE.MYD11A1.A2020063.h27v08.061.2021006214731.1.jpg,VERIFIED_NO_HASH,"Valid Header, No Remote Checksum Available",12252,PASS (Structure Only)
BROWSE.MYD11A1.A2020067.h29v08.061.2021007011510.1.jpg,VERIFIED_NO_HASH,"Valid Header, No Remote Checksum Available",6239,PASS (Structure Only)
BROWSE.MYD11A1.A2020066.h27v08.061.2021007011222.1.jpg,VERIFIED_NO_HASH,"Valid Header, No Remote Checksum Available",4262,PASS (Structure Only)
BROWSE.MYD11A1.A2020061.h29v08.061.2021006201101.1.jpg,VERIFIED_NO_HASH,"Valid Header, No Remote Checksum Available",6742,PASS (Structure Only)
MYD11A1.A2020061.h28v08.061.2021006201045.hdf,VERIFIED_NO_HASH,"Valid Header, No Remote Checksum Available",237676,PASS (Structure Only)
MYD11A1.A2020068.h27v08.061.2021007025039.cmr.xml,VERIFIED_NO_HASH,"Valid Header, No Remote Checksum Available",16145,PASS (Structure Only)
BROWSE.MYD11A1.A2020069.h29v08.061.2021007025520.1.jpg,VERIFIED_NO_HASH,"Valid Header, No Remote Checksum Available",8622,PASS (Structure Only)
BROWSE.MYD11A1.A2020051.h27v08.061.2021006015726.1.jpg,VERIFIED_NO_HASH,"Valid Header, No Remote Checksum Available",12892,PASS (Structure Only)
BROWSE.MYD11A1.A2020066.h28v08.061.2021007011128.1.jpg,VERIFIED_NO_HASH,"Valid Header, No Remote Checksum Available",5042,PASS (Structure Only)
BROWSE.MYD11A1.A2020068.h29v08.061.2021007025145.1.jpg,VERIFIED_NO_HASH,"Valid Header, No Remote Checksum Available",15727,PASS (Structure Only)
BROWSE.MYD11A1.A2020050.h29v08.061.2021006013244.1.jpg,VERIFIED_NO_HASH,"Valid Header, No Remote Checksum Available",16298,PASS (Structure Only)
BROWSE.MYD11A1.A2020064.h29v08.061.2021006233204.1.jpg,VERIFIED_NO_HASH,"Valid Header, No Remote Checksum Available",7406,PASS (Structure Only)
BROWSE.MYD11A1.A2020069.h27v08.061.2021007025440.1.jpg,VERIFIED_NO_HASH,"Valid Header, No Remote Checksum Available",10194,PASS (Structure Only)
MYD11A1.A2020060.h27v08.061.2021006200718.hdf,VERIFIED_NO_HASH,"Valid Header, No Remote Checksum Available",965772,PASS (Structure Only)
BROWSE.MYD11A1.A2020068.h28v08.061.2021007025048.1.jpg,VERIFIED_NO_HASH,"Valid Header, No Remote Checksum Available",6337,PASS (Structure Only)
MYD11A1.A2020067.h27v08.061.2021007011505.hdf,VERIFIED_NO_HASH,"Valid Header, No Remote Checksum Available",657723,PASS (Structure Only)
MYD11A1.A2020069.h28v08.061.2021007025501.cmr.xml,VERIFIED_NO_HASH,"Valid Header, No Remote Checksum Available",15495,PASS (Structure Only)
BROWSE.MYD11A1.A2020070.h29v08.061.2021007043344.2.jpg,VERIFIED_NO_HASH,"Valid Header, No Remote Checksum Available",15125,PASS (Structure Only)
BROWSE.MYD11A1.A2020073.h29v08.061.2021007061405.1.jpg,VERIFIED_NO_HASH,"Valid Header, No Remote Checksum Available",18428,PASS (Structure Only)
BROWSE.MYD11A1.A2020072.h27v08.061.2021007060811.1.jpg,VERIFIED_NO_HASH,"Valid Header, No Remote Checksum Available",13384,PASS (Structure Only)
BROWSE.MYD11A1.A2020072.h28v08.061.2021007060830.1.jpg,VERIFIED_NO_HASH,"Valid Header, No Remote Checksum Available",12456,PASS (Structure Only)
BROWSE.MYD11A1.A2020073.h27v08.061.2021007061356.1.jpg,VERIFIED_NO_HASH,"Valid Header, No Remote Checksum Available",6790,PASS (Structure Only)
BROWSE.MYD11A1.A2020074.h28v08.061.2021007074557.1.jpg,VERIFIED_NO_HASH,"Valid Header, No Remote Checksum Available",12225,PASS (Structure Only)
BROWSE.MYD11A1.A2020075.h27v08.061.2021007075717.1.jpg,VERIFIED_NO_HASH,"Valid Header, No Remote Checksum Available",6542,PASS (Structure Only)
BROWSE.MYD11A1.A2020071.h28v08.061.2021007044350.1.jpg,VERIFIED_NO_HASH,"Valid Header, No Remote Checksum Available",14588,PASS (Structure Only)
BROWSE.MYD11A1.A2020071.h29v08.061.2021007044338.1.jpg,VERIFIED_NO_HASH,"Valid Header, No Remote Checksum Available",13792,PASS (Structure Only)
MYD11A1.A2020070.h27v08.061.2021007043350.cmr.xml,VERIFIED_NO_HASH,"Valid Header, No Remote Checksum Available",15415,PASS (Structure Only)
BROWSE.MYD11A1.A2020076.h27v08.061.2021007091447.1.jpg,VERIFIED_NO_HASH,"Valid Header, No Remote Checksum Available",10692,PASS (Structure Only)
BROWSE.MYD11A1.A2020073.h28v08.061.2021007061331.1.jpg,VERIFIED_NO_HASH,"Valid Header, No Remote Checksum Available",13385,PASS (Structure Only)
BROWSE.MYD11A1.A2020072.h29v08.061.2021007060848.1.jpg,VERIFIED_NO_HASH,"Valid Header, No Remote Checksum Available",17878,PASS (Structure Only)
BROWSE.MYD11A1.A2020074.h29v08.061.2021007074608.1.jpg,VERIFIED_NO_HASH,"Valid Header, No Remote Checksum Available",15428,PASS (Structure Only)
MYD11A1.A2020075.h29v08.061.2021007075723.cmr.xml,VERIFIED_NO_HASH,"Valid Header, No Remote Checksum Available",15824,PASS (Structure Only)
BROWSE.MYD11A1.A2020075.h28v08.061.2021007075712.2.jpg,VERIFIED_NO_HASH,"Valid Header, No Remote Checksum Available",9330,PASS (Structure Only)
BROWSE.MYD11A1.A2020078.h27v08.061.2021007104045.1.jpg,VERIFIED_NO_HASH,"Valid Header, No Remote Checksum Available",11306,PASS (Structure Only)
BROWSE.MYD11A1.A2020071.h27v08.061.2021007044331.1.jpg,VERIFIED_NO_HASH,"Valid Header, No Remote Checksum Available",9858,PASS (Structure Only)
MYD11A1.A2020077.h27v08.061.2021007093513.hdf,VERIFIED_NO_HASH,"Valid Header, No Remote Checksum Available",383195,PASS (Structure Only)
BROWSE.MYD11A1.A2020079.h29v08.061.2021007110959.1.jpg,VERIFIED_NO_HASH,"Valid Header, No Remote Checksum Available",16981,PASS (Structure Only)
BROWSE.MYD11A1.A2020079.h28v08.061.2021007111007.1.jpg,VERIFIED_NO_HASH,"Valid Header, No Remote Checksum Available",8567,PASS (Structure Only)
BROWSE.MYD11A1.A2020076.h28v08.061.2021007091523.2.jpg,VERIFIED_NO_HASH,"Valid Header, No Remote Checksum Available",12429,PASS (Structure Only)
BROWSE.MYD11A1.A2020076.h29v08.061.2021007091538.1.jpg,VERIFIED_NO_HASH,"Valid Header, No Remote Checksum Available",11414,PASS (Structure Only)
BROWSE.MYD11A1.A2020080.h29v08.061.2021007120906.1.jpg,VERIFIED_NO_HASH,"Valid Header, No Remote Checksum Available",9628,PASS (Structure Only)
BROWSE.MYD11A1.A2020080.h28v08.061.2021007120918.1.jpg,VERIFIED_NO_HASH,"Valid Header, No Remote Checksum Available",9979,PASS (Structure Only)
MYD11A1.A2020079.h27v08.061.2021007110946.hdf,VERIFIED_NO_HASH,"Valid Header, No Remote Checksum Available",839161,PASS (Structure Only)
BROWSE.MYD11A1.A2020077.h28v08.061.2021007093520.1.jpg,VERIFIED_NO_HASH,"Valid Header, No Remote Checksum Available",8197,PASS (Structure Only)
BROWSE.MYD11A1.A2020081.h28v08.061.2021007124507.1.jpg,VERIFIED_NO_HASH,"Valid Header, No Remote Checksum Available",9771,PASS (Structure Only)
MYD11A1.A2020080.h27v08.061.2021007120930.hdf,VERIFIED_NO_HASH,"Valid Header, No Remote Checksum Available",780635,PASS (Structure Only)
MYD11A1.A2020082.h28v08.061.2021007135034.cmr.xml,VERIFIED_NO_HASH,"Valid Header, No Remote Checksum Available",15089,PASS (Structure Only)
BROWSE.MYD11A1.A2020074.h27v08.061.2021007074555.1.jpg,VERIFIED_NO_HASH,"Valid Header, No Remote Checksum Available",12573,PASS (Structure Only)
MYD11A1.A2020081.h29v08.061.2021007124457.hdf,VERIFIED_NO_HASH,"Valid Header, No Remote Checksum Available",1214455,PASS (Structure Only)
BROWSE.MYD11A1.A2020078.h28v08.061.2021007104046.1.jpg,VERIFIED_NO_HASH,"Valid Header, No Remote Checksum Available",13467,PASS (Structure Only)
BROWSE.MYD11A1.A2020081.h27v08.061.2021007124459.1.jpg,VERIFIED_NO_HASH,"Valid Header, No Remote Checksum Available",12055,PASS (Structure Only)
MYD11A1.A2020084.h28v08.061.2021007152419.cmr.xml,VERIFIED_NO_HASH,"Valid Header, No Remote Checksum Available",16229,PASS (Structure Only)
MYD11A1.A2020084.h27v08.061.2021007152413.hdf,VERIFIED_NO_HASH,"Valid Header, No Remote Checksum Available",517724,PASS (Structure Only)
BROWSE.MYD11A1.A2020084.h29v08.061.2021007152433.1.jpg,VERIFIED_NO_HASH,"Valid Header, No Remote Checksum Available",10578,PASS (Structure Only)
BROWSE.MYD11A1.A2020083.h29v08.061.2021007142527.1.jpg,VERIFIED_NO_HASH,"Valid Header, No Remote Checksum Available",13668,PASS (Structure Only)
BROWSE.MYD11A1.A2020085.h29v08.061.2021007160258.1.jpg,VERIFIED_NO_HASH,"Valid Header, No Remote Checksum Available",12104,PASS (Structure Only)
BROWSE.MYD11A1.A2020085.h27v08.061.2021007160252.1.jpg,VERIFIED_NO_HASH,"Valid Header, No Remote Checksum Available",12338,PASS (Structure Only)
BROWSE.MYD11A1.A2020085.h28v08.061.2021007160245.1.jpg,VERIFIED_NO_HASH,"Valid Header, No Remote Checksum Available",14549,PASS (Structure Only)
BROWSE.MYD11A1.A2020086.h27v08.061.2021007165948.1.jpg,VERIFIED_NO_HASH,"Valid Header, No Remote Checksum Available",7636,PASS (Structure Only)
BROWSE.MYD11A1.A2020086.h29v08.061.2021007165958.1.jpg,VERIFIED_NO_HASH,"Valid Header, No Remote Checksum Available",15763,PASS (Structure Only)
BROWSE.MYD11A1.A2020087.h29v08.061.2021007174229.2.jpg,VERIFIED_NO_HASH,"Valid Header, No Remote Checksum Available",6518,PASS (Structure Only)
BROWSE.MYD11A1.A2020082.h27v08.061.2021007135024.1.jpg,VERIFIED_NO_HASH,"Valid Header, No Remote Checksum Available",7059,PASS (Structure Only)
BROWSE.MYD11A1.A2020082.h29v08.061.2021007135040.1.jpg,VERIFIED_NO_HASH,"Valid Header, No Remote Checksum Available",18155,PASS (Structure Only)
BROWSE.MYD11A1.A2020083.h27v08.061.2021007142519.1.jpg,VERIFIED_NO_HASH,"Valid Header, No Remote Checksum Available",11725,PASS (Structure Only)
BROWSE.MYD11A1.A2020088.h28v08.061.2021007184401.1.jpg,VERIFIED_NO_HASH,"Valid Header, No Remote Checksum Available",10074,PASS (Structure Only)
BROWSE.MYD11A1.A2020089.h27v08.061.2021007192720.1.jpg,VERIFIED_NO_HASH,"Valid Header, No Remote Checksum Available",7457,PASS (Structure Only)
BROWSE.MYD11A1.A2020089.h29v08.061.2021007192722.1.jpg,VERIFIED_NO_HASH,"Valid Header, No Remote Checksum Available",15571,PASS (Structure Only)
BROWSE.MYD11A1.A2020046.h27v08.061.2021005215314.1.jpg,VERIFIED_NO_HASH,"Valid Header, No Remote Checksum Available",7028,PASS (Structure Only)
BROWSE.MYD11A1.A2020066.h29v08.061.2021007011112.1.jpg,VERIFIED_NO_HASH,"Valid Header, No Remote Checksum Available",5978,PASS (Structure Only)
BROWSE.MYD11A1.A2020015.h29v08.061.2021004030745.1.jpg,VERIFIED_NO_HASH,"Valid Header, No Remote Checksum Available",12655,PASS (Structure Only)
BROWSE.MYD11A1.A2020090.h28v08.061.2021007201841.1.jpg,VERIFIED_NO_HASH,"Valid Header, No Remote Checksum Available",12932,PASS (Structure Only)
BROWSE.MYD11A1.A2020087.h28v08.061.2021007174217.1.jpg,VERIFIED_NO_HASH,"Valid Header, No Remote Checksum Available",13672,PASS (Structure Only)
BROWSE.MYD11A1.A2020088.h27v08.061.2021007184352.1.jpg,VERIFIED_NO_HASH,"Valid Header, No Remote Checksum Available",10955,PASS (Structure Only)
MYD11A1.A2020091.h27v08.061.2021007210322.hdf,VERIFIED_NO_HASH,"Valid Header, No Remote Checksum Available",338639,PASS (Structure Only)
BROWSE.MYD11A1.A2020091.h28v08.061.2021007210505.1.jpg,VERIFIED_NO_HASH,"Valid Header, No Remote Checksum Available",7825,PASS (Structure Only)
BROWSE.MYD11A1.A2020088.h29v08.061.2021007184346.1.jpg,VERIFIED_NO_HASH,"Valid Header, No Remote Checksum Available",9590,PASS (Structure Only)
BROWSE.MYD11A1.A2020090.h27v08.061.2021007201843.1.jpg,VERIFIED_NO_HASH,"Valid Header, No Remote Checksum Available",9719,PASS (Structure Only)
BROWSE.MYD11A1.A2020091.h29v08.061.2021007210340.1.jpg,VERIFIED_NO_HASH,"Valid Header, No Remote Checksum Available",14236,PASS (Structure Only)
BROWSE.MYD11A1.A2020092.h29v08.061.2021007220605.1.jpg,VERIFIED_NO_HASH,"Valid Header, No Remote Checksum Available",10194,PASS (Structure Only)
MYD11A1.A2020086.h28v08.061.2021007165929.hdf,VERIFIED_NO_HASH,"Valid Header, No Remote Checksum Available",365512,PASS (Structure Only)
BROWSE.MYD11A1.A2020087.h27v08.061.2021007174215.1.jpg,VERIFIED_NO_HASH,"Valid Header, No Remote Checksum Available",7094,PASS (Structure Only)
BROWSE.MYD11A1.A2020093.h29v08.061.2021007224439.1.jpg,VERIFIED_NO_HASH,"Valid Header, No Remote Checksum Available",17003,PASS (Structure Only)
BROWSE.MYD11A1.A2020083.h28v08.061.2021007142528.1.jpg,VERIFIED_NO_HASH,"Valid Header, No Remote Checksum Available",10422,PASS (Structure Only)
BROWSE.MYD11A1.A2020094.h29v08.061.2021007233424.1.jpg,VERIFIED_NO_HASH,"Valid Header, No Remote Checksum Available",10789,PASS (Structure Only)
MYD11A1.A2020094.h28v08.061.2021007233405.hdf,VERIFIED_NO_HASH,"Valid Header, No Remote Checksum Available",1208584,PASS (Structure Only)
BROWSE.MYD11A1.A2020095.h27v08.061.2021008001848.1.jpg,VERIFIED_NO_HASH,"Valid Header, No Remote Checksum Available",11748,PASS (Structure Only)
BROWSE.MYD11A1.A2020096.h29v08.061.2021008010759.1.jpg,VERIFIED_NO_HASH,"Valid Header, No Remote Checksum Available",15910,PASS (Structure Only)
MYD11A1.A2020095.h28v08.061.2021008001852.hdf,VERIFIED_NO_HASH,"Valid Header, No Remote Checksum Available",529641,PASS (Structure Only)
BROWSE.MYD11A1.A2020078.h29v08.061.2021007104022.1.jpg,VERIFIED_NO_HASH,"Valid Header, No Remote Checksum Available",13160,PASS (Structure Only)
BROWSE.MYD11A1.A2020092.h28v08.061.2021007220604.1.jpg,VERIFIED_NO_HASH,"Valid Header, No Remote Checksum Available",13947,PASS (Structure Only)
MYD11A1.A2020096.h28v08.061.2021008010755.hdf,VERIFIED_NO_HASH,"Valid Header, No Remote Checksum Available",516501,PASS (Structure Only)
BROWSE.MYD11A1.A2020097.h28v08.061.2021008020625.1.jpg,VERIFIED_NO_HASH,"Valid Header, No Remote Checksum Available",9813,PASS (Structure Only)
BROWSE.MYD11A1.A2020090.h29v08.061.2021007201909.2.jpg,VERIFIED_NO_HASH,"Valid Header, No Remote Checksum Available",5946,PASS (Structure Only)
BROWSE.MYD11A1.A2020092.h27v08.061.2021007220558.2.jpg,VERIFIED_NO_HASH,"Valid Header, No Remote Checksum Available",7673,PASS (Structure Only)
BROWSE.MYD11A1.A2020098.h29v08.061.2021008024755.1.jpg,VERIFIED_NO_HASH,"Valid Header, No Remote Checksum Available",17558,PASS (Structure Only)
BROWSE.MYD11A1.A2020098.h28v08.061.2021008024751.1.jpg,VERIFIED_NO_HASH,"Valid Header, No Remote Checksum Available",8410,PASS (Structure Only)
BROWSE.MYD11A1.A2020094.h27v08.061.2021007233441.1.jpg,VERIFIED_NO_HASH,"Valid Header, No Remote Checksum Available",7840,PASS (Structure Only)
BROWSE.MYD11A1.A2020089.h28v08.061.2021007192713.1.jpg,VERIFIED_NO_HASH,"Valid Header, No Remote Checksum Available",14171,PASS (Structure Only)
BROWSE.MYD11A1.A2020098.h27v08.061.2021008024802.1.jpg,VERIFIED_NO_HASH,"Valid Header, No Remote Checksum Available",6138,PASS (Structure Only)
BROWSE.MYD11A1.A2020100.h29v08.061.2021008041702.1.jpg,VERIFIED_NO_HASH,"Valid Header, No Remote Checksum Available",17202,PASS (Structure Only)
MYD11A1.A2020099.h29v08.061.2021008035140.cmr.xml,VERIFIED_NO_HASH,"Valid Header, No Remote Checksum Available",16230,PASS (Structure Only)
BROWSE.MYD11A1.A2020093.h27v08.061.2021007224412.1.jpg,VERIFIED_NO_HASH,"Valid Header, No Remote Checksum Available",7834,PASS (Structure Only)
BROWSE.MYD11A1.A2020101.h28v08.061.2021008054117.1.jpg,VERIFIED_NO_HASH,"Valid Header, No Remote Checksum Available",11413,PASS (Structure Only)
BROWSE.MYD11A1.A2020101.h29v08.061.2021008054114.1.jpg,VERIFIED_NO_HASH,"Valid Header, No Remote Checksum Available",9499,PASS (Structure Only)
BROWSE.MYD11A1.A2020100.h27v08.061.2021008041635.1.jpg,VERIFIED_NO_HASH,"Valid Header, No Remote Checksum Available",8347,PASS (Structure Only)
BROWSE.MYD11A1.A2020102.h27v08.061.2021008054618.2.jpg,VERIFIED_NO_HASH,"Valid Header, No Remote Checksum Available",8127,PASS (Structure Only)
BROWSE.MYD11A1.A2020101.h27v08.061.2021008054110.1.jpg,VERIFIED_NO_HASH,"Valid Header, No Remote Checksum Available",10440,PASS (Structure Only)
MYD11A1.A2020102.h28v08.061.2021008054606.hdf,VERIFIED_NO_HASH,"Valid Header, No Remote Checksum Available",436767,PASS (Structure Only)
BROWSE.MYD11A1.A2020102.h29v08.061.2021008054602.1.jpg,VERIFIED_NO_HASH,"Valid Header, No Remote Checksum Available",16258,PASS (Structure Only)
MYD11A1.A2020096.h27v08.061.2021008010800.cmr.xml,VERIFIED_NO_HASH,"Valid Header, No Remote Checksum Available",16960,PASS (Structure Only)
BROWSE.MYD11A1.A2020077.h29v08.061.2021007093533.1.jpg,VERIFIED_NO_HASH,"Valid Header, No Remote Checksum Available",18518,PASS (Structure Only)
BROWSE.MYD11A1.A2020104.h27v08.061.2021008073149.1.jpg,VERIFIED_NO_HASH,"Valid Header, No Remote Checksum Available",11579,PASS (Structure Only)
BROWSE.MYD11A1.A2020100.h28v08.061.2021008041720.1.jpg,VERIFIED_NO_HASH,"Valid Header, No Remote Checksum Available",6279,PASS (Structure Only)
BROWSE.MYD11A1.A2020099.h27v08.061.2021008035055.2.jpg,VERIFIED_NO_HASH,"Valid Header, No Remote Checksum Available",6965,PASS (Structure Only)
BROWSE.MYD11A1.A2020105.h28v08.061.2021008091436.1.jpg,VERIFIED_NO_HASH,"Valid Header, No Remote Checksum Available",11684,PASS (Structure Only)
BROWSE.MYD11A1.A2020097.h27v08.061.2021008020702.1.jpg,VERIFIED_NO_HASH,"Valid Header, No Remote Checksum Available",8320,PASS (Structure Only)
BROWSE.MYD11A1.A2020103.h28v08.061.2021008072511.1.jpg,VERIFIED_NO_HASH,"Valid Header, No Remote Checksum Available",14863,PASS (Structure Only)
BROWSE.MYD11A1.A2020105.h27v08.061.2021008091439.1.jpg,VERIFIED_NO_HASH,"Valid Header, No Remote Checksum Available",4262,PASS (Structure Only)
BROWSE.MYD11A1.A2020104.h28v08.061.2021008073215.1.jpg,VERIFIED_NO_HASH,"Valid Header, No Remote Checksum Available",11308,PASS (Structure Only)
BROWSE.MYD11A1.A2020099.h28v08.061.2021008035102.2.jpg,VERIFIED_NO_HASH,"Valid Header, No Remote Checksum Available",8049,PASS (Structure Only)
BROWSE.MYD11A1.A2020106.h28v08.061.2021008091851.1.jpg,VERIFIED_NO_HASH,"Valid Header, No Remote Checksum Available",14576,PASS (Structure Only)
MYD11A1.A2020107.h28v08.061.2021008105026.cmr.xml,VERIFIED_NO_HASH,"Valid Header, No Remote Checksum Available",15414,PASS (Structure Only)
BROWSE.MYD11A1.A2020107.h27v08.061.2021008105046.1.jpg,VERIFIED_NO_HASH,"Valid Header, No Remote Checksum Available",4509,PASS (Structure Only)
BROWSE.MYD11A1.A2020108.h29v08.061.2021008105454.1.jpg,VERIFIED_NO_HASH,"Valid Header, No Remote Checksum Available",13269,PASS (Structure Only)
BROWSE.MYD11A1.A2020108.h28v08.061.2021008105502.1.jpg,VERIFIED_NO_HASH,"Valid Header, No Remote Checksum Available",11016,PASS (Structure Only)
BROWSE.MYD11A1.A2020105.h29v08.061.2021008091347.1.jpg,VERIFIED_NO_HASH,"Valid Header, No Remote Checksum Available",17016,PASS (Structure Only)
BROWSE.MYD11A1.A2020097.h29v08.061.2021008020711.1.jpg,VERIFIED_NO_HASH,"Valid Header, No Remote Checksum Available",16589,PASS (Structure Only)
BROWSE.MYD11A1.A2020108.h27v08.061.2021008105440.1.jpg,VERIFIED_NO_HASH,"Valid Header, No Remote Checksum Available",5311,PASS (Structure Only)
BROWSE.MYD11A1.A2020103.h29v08.061.2021008072505.1.jpg,VERIFIED_NO_HASH,"Valid Header, No Remote Checksum Available",15971,PASS (Structure Only)
BROWSE.MYD11A1.A2020106.h29v08.061.2021008091819.2.jpg,VERIFIED_NO_HASH,"Valid Header, No Remote Checksum Available",16259,PASS (Structure Only)
BROWSE.MYD11A1.A2020104.h29v08.061.2021008073204.1.jpg,VERIFIED_NO_HASH,"Valid Header, No Remote Checksum Available",15506,PASS (Structure Only)
BROWSE.MYD11A1.A2020106.h27v08.061.2021008091809.2.jpg,VERIFIED_NO_HASH,"Valid Header, No Remote Checksum Available",7242,PASS (Structure Only)
BROWSE.MYD11A1.A2020103.h27v08.061.2021008072438.1.jpg,VERIFIED_NO_HASH,"Valid Header, No Remote Checksum Available",7715,PASS (Structure Only)
BROWSE.MYD11A1.A2020093.h28v08.061.2021007224441.1.jpg,VERIFIED_NO_HASH,"Valid Header, No Remote Checksum Available",7343,PASS (Structure Only)
BROWSE.MYD11A1.A2020052.h29v08.061.2021006082305.1.jpg,VERIFIED_NO_HASH,"Valid Header, No Remote Checksum Available",17219,PASS (Structure Only)
BROWSE.MYD11A1.A2020070.h28v08.061.2021007043400.2.jpg,VERIFIED_NO_HASH,"Valid Header, No Remote Checksum Available",9154,PASS (Structure Only)
BROWSE.MYD11A1.A2020067.h28v08.061.2021007011521.1.jpg,VERIFIED_NO_HASH,"Valid Header, No Remote Checksum Available",10640,PASS (Structure Only)
MYD11A1.A2020065.h28v08.061.2021006233555.hdf,VERIFIED_NO_HASH,"Valid Header, No Remote Checksum Available",231190,PASS (Structure Only)
BROWSE.MYD11A1.A2020049.h29v08.061.2021006000352.1.jpg,VERIFIED_NO_HASH,"Valid Header, No Remote Checksum Available",10987,PASS (Structure Only)
MYD11A1.A2020107.h29v08.061.2021008105025.hdf,VERIFIED_NO_HASH,"Valid Header, No Remote Checksum Available",1763145,PASS (Structure Only)
MYD11A1.A2020095.h29v08.061.2021008001915.hdf,VERIFIED_NO_HASH,"Valid Header, No Remote Checksum Available",1808769,PASS (Structure Only)
BROWSE.MYD11A1.A2020114.h28v08.061.2021008155232.1.jpg,VERIFIED_NO_HASH,"Valid Header, No Remote Checksum Available",5058,PASS (Structure Only)
BROWSE.MYD11A1.A2020113.h29v08.061.2021008153446.1.jpg,VERIFIED_NO_HASH,"Valid Header, No Remote Checksum Available",17550,PASS (Structure Only)
MYD11A1.A2020113.h27v08.061.2021008153430.hdf,VERIFIED_NO_HASH,"Valid Header, No Remote Checksum Available",693355,PASS (Structure Only)
BROWSE.MYD11A1.A2020115.h28v08.061.2021008170653.1.jpg,VERIFIED_NO_HASH,"Valid Header, No Remote Checksum Available",11067,PASS (Structure Only)
BROWSE.MYD11A1.A2020110.h29v08.061.2021008123205.1.jpg,VERIFIED_NO_HASH,"Valid Header, No Remote Checksum Available",9721,PASS (Structure Only)
BROWSE.MYD11A1.A2020113.h28v08.061.2021008153510.1.jpg,VERIFIED_NO_HASH,"Valid Header, No Remote Checksum Available",8224,PASS (Structure Only)
BROWSE.MYD11A1.A2020112.h29v08.061.2021008141431.1.jpg,VERIFIED_NO_HASH,"Valid Header, No Remote Checksum Available",16186,PASS (Structure Only)
BROWSE.MYD11A1.A2020114.h29v08.061.2021008155230.1.jpg,VERIFIED_NO_HASH,"Valid Header, No Remote Checksum Available",14853,PASS (Structure Only)
BROWSE.MYD11A1.A2020116.h28v08.061.2021008173808.1.jpg,VERIFIED_NO_HASH,"Valid Header, No Remote Checksum Available",4662,PASS (Structure Only)
BROWSE.MYD11A1.A2020114.h27v08.061.2021008155226.1.jpg,VERIFIED_NO_HASH,"Valid Header, No Remote Checksum Available",4050,PASS (Structure Only)
BROWSE.MYD11A1.A2020115.h29v08.061.2021008170705.2.jpg,VERIFIED_NO_HASH,"Valid Header, No Remote Checksum Available",7800,PASS (Structure Only)
BROWSE.MYD11A1.A2020111.h27v08.061.2021008140038.1.jpg,VERIFIED_NO_HASH,"Valid Header, No Remote Checksum Available",13469,PASS (Structure Only)
BROWSE.MYD11A1.A2020111.h29v08.061.2021008140046.1.jpg,VERIFIED_NO_HASH,"Valid Header, No Remote Checksum Available",15909,PASS (Structure Only)
BROWSE.MYD11A1.A2020110.h28v08.061.2021008123156.1.jpg,VERIFIED_NO_HASH,"Valid Header, No Remote Checksum Available",15131,PASS (Structure Only)
MYD11A1.A2020115.h27v08.061.2021008170618.cmr.xml,VERIFIED_NO_HASH,"Valid Header, No Remote Checksum Available",15822,PASS (Structure Only)
BROWSE.MYD11A1.A2020117.h27v08.061.2021008184244.1.jpg,VERIFIED_NO_HASH,"Valid Header, No Remote Checksum Available",5258,PASS (Structure Only)
BROWSE.MYD11A1.A2020116.h29v08.061.2021008173815.1.jpg,VERIFIED_NO_HASH,"Valid Header, No Remote Checksum Available",14524,PASS (Structure Only)
BROWSE.MYD11A1.A2020111.h28v08.061.2021008140124.1.jpg,VERIFIED_NO_HASH,"Valid Header, No Remote Checksum Available",12528,PASS (Structure Only)
BROWSE.MYD11A1.A2020118.h27v08.061.2021008191212.1.jpg,VERIFIED_NO_HASH,"Valid Header, No Remote Checksum Available",5895,PASS (Structure Only)
BROWSE.MYD11A1.A2020112.h27v08.061.2021008141401.2.jpg,VERIFIED_NO_HASH,"Valid Header, No Remote Checksum Available",4816,PASS (Structure Only)
BROWSE.MYD11A1.A2020119.h28v08.061.2021008201958.1.jpg,VERIFIED_NO_HASH,"Valid Header, No Remote Checksum Available",5107,PASS (Structure Only)
BROWSE.MYD11A1.A2020118.h29v08.061.2021008191301.1.jpg,VERIFIED_NO_HASH,"Valid Header, No Remote Checksum Available",16347,PASS (Structure Only)
MYD11A1.A2020119.h27v08.061.2021008201824.hdf,VERIFIED_NO_HASH,"Valid Header, No Remote Checksum Available",242647,PASS (Structure Only)
BROWSE.MYD11A1.A2020120.h28v08.061.2021008205507.1.jpg,VERIFIED_NO_HASH,"Valid Header, No Remote Checksum Available",8232,PASS (Structure Only)
MYD11A1.A2020118.h28v08.061.2021008191305.hdf,VERIFIED_NO_HASH,"Valid Header, No Remote Checksum Available",235215,PASS (Structure Only)
BROWSE.MYD11A1.A2020119.h29v08.061.2021008201846.1.jpg,VERIFIED_NO_HASH,"Valid Header, No Remote Checksum Available",6876,PASS (Structure Only)
BROWSE.MYD11A1.A2020120.h29v08.061.2021008205427.1.jpg,VERIFIED_NO_HASH,"Valid Header, No Remote Checksum Available",17190,PASS (Structure Only)
BROWSE.MYD11A1.A2020121.h28v08.061.2021008220004.1.jpg,VERIFIED_NO_HASH,"Valid Header, No Remote Checksum Available",6406,PASS (Structure Only)
BROWSE.MYD11A1.A2020117.h29v08.061.2021008184216.1.jpg,VERIFIED_NO_HASH,"Valid Header, No Remote Checksum Available",8525,PASS (Structure Only)
BROWSE.MYD11A1.A2020124.h27v08.061.2021009002032.1.jpg,VERIFIED_NO_HASH,"Valid Header, No Remote Checksum Available",8703,PASS (Structure Only)
BROWSE.MYD11A1.A2020123.h27v08.061.2021008233011.1.jpg,VERIFIED_NO_HASH,"Valid Header, No Remote Checksum Available",4346,PASS (Structure Only)
BROWSE.MYD11A1.A2020110.h27v08.061.2021008123144.1.jpg,VERIFIED_NO_HASH,"Valid Header, No Remote Checksum Available",11216,PASS (Structure Only)
BROWSE.MYD11A1.A2020109.h29v08.061.2021008122752.1.jpg,VERIFIED_NO_HASH,"Valid Header, No Remote Checksum Available",12484,PASS (Structure Only)
MYD11A1.A2020109.h28v08.061.2021008122641.hdf,VERIFIED_NO_HASH,"Valid Header, No Remote Checksum Available",298770,PASS (Structure Only)
BROWSE.MYD11A1.A2020125.h28v08.061.2021009005815.1.jpg,VERIFIED_NO_HASH,"Valid Header, No Remote Checksum Available",6479,PASS (Structure Only)
BROWSE.MYD11A1.A2020125.h29v08.061.2021009005909.1.jpg,VERIFIED_NO_HASH,"Valid Header, No Remote Checksum Available",14135,PASS (Structure Only)
BROWSE.MYD11A1.A2020122.h29v08.061.2021008224808.1.jpg,VERIFIED_NO_HASH,"Valid Header, No Remote Checksum Available",12721,PASS (Structure Only)
BROWSE.MYD11A1.A2020125.h27v08.061.2021009005845.2.jpg,VERIFIED_NO_HASH,"Valid Header, No Remote Checksum Available",4708,PASS (Structure Only)
BROWSE.MYD11A1.A2020126.h28v08.061.2021009014931.1.jpg,VERIFIED_NO_HASH,"Valid Header, No Remote Checksum Available",14785,PASS (Structure Only)
BROWSE.MYD11A1.A2020126.h27v08.061.2021009014930.1.jpg,VERIFIED_NO_HASH,"Valid Header, No Remote Checksum Available",10791,PASS (Structure Only)
BROWSE.MYD11A1.A2020123.h29v08.061.2021008233110.1.jpg,VERIFIED_NO_HASH,"Valid Header, No Remote Checksum Available",15315,PASS (Structure Only)
BROWSE.MYD11A1.A2020124.h29v08.061.2021009002026.1.jpg,VERIFIED_NO_HASH,"Valid Header, No Remote Checksum Available",5125,PASS (Structure Only)
MYD11A1.A2020128.h28v08.061.2021009034259.hdf,VERIFIED_NO_HASH,"Valid Header, No Remote Checksum Available",684784,PASS (Structure Only)
BROWSE.MYD11A1.A2020127.h29v08.061.2021009022218.1.jpg,VERIFIED_NO_HASH,"Valid Header, No Remote Checksum Available",16396,PASS (Structure Only)
BROWSE.MYD11A1.A2020121.h27v08.061.2021008220045.1.jpg,VERIFIED_NO_HASH,"Valid Header, No Remote Checksum Available",4313,PASS (Structure Only)
BROWSE.MYD11A1.A2020122.h27v08.061.2021008224757.1.jpg,VERIFIED_NO_HASH,"Valid Header, No Remote Checksum Available",4480,PASS (Structure Only)
BROWSE.MYD11A1.A2020116.h27v08.061.2021008173755.1.jpg,VERIFIED_NO_HASH,"Valid Header, No Remote Checksum Available",6919,PASS (Structure Only)
MYD11A1.A2020129.h28v08.061.2021009035228.hdf,VERIFIED_NO_HASH,"Valid Header, No Remote Checksum Available",392998,PASS (Structure Only)
BROWSE.MYD11A1.A2020130.h28v08.061.2021009051332.1.jpg,VERIFIED_NO_HASH,"Valid Header, No Remote Checksum Available",6428,PASS (Structure Only)
BROWSE.MYD11A1.A2020130.h29v08.061.2021009051322.1.jpg,VERIFIED_NO_HASH,"Valid Header, No Remote Checksum Available",14949,PASS (Structure Only)
MYD11A1.A2020127.h28v08.061.2021009022220.cmr.xml,VERIFIED_NO_HASH,"Valid Header, No Remote Checksum Available",16878,PASS (Structure Only)
BROWSE.MYD11A1.A2020128.h27v08.061.2021009034319.2.jpg,VERIFIED_NO_HASH,"Valid Header, No Remote Checksum Available",4051,PASS (Structure Only)
BROWSE.MYD11A1.A2020131.h27v08.061.2021009053642.1.jpg,VERIFIED_NO_HASH,"Valid Header, No Remote Checksum Available",6817,PASS (Structure Only)
BROWSE.MYD11A1.A2020123.h28v08.061.2021008233027.1.jpg,VERIFIED_NO_HASH,"Valid Header, No Remote Checksum Available",4657,PASS (Structure Only)
BROWSE.MYD11A1.A2020129.h27v08.061.2021009035233.1.jpg,VERIFIED_NO_HASH,"Valid Header, No Remote Checksum Available",6087,PASS (Structure Only)
BROWSE.MYD11A1.A2020127.h27v08.061.2021009022226.1.jpg,VERIFIED_NO_HASH,"Valid Header, No Remote Checksum Available",9124,PASS (Structure Only)
MYD11A1.A2020130.h27v08.061.2021009051317.hdf,VERIFIED_NO_HASH,"Valid Header, No Remote Checksum Available",217271,PASS (Structure Only)
MYD11A1.A2020132.h28v08.061.2021009073208.hdf,VERIFIED_NO_HASH,"Valid Header, No Remote Checksum Available",319351,PASS (Structure Only)
BROWSE.MYD11A1.A2020132.h29v08.061.2021009073221.1.jpg,VERIFIED_NO_HASH,"Valid Header, No Remote Checksum Available",16576,PASS (Structure Only)
BROWSE.MYD11A1.A2020133.h27v08.061.2021009074701.1.jpg,VERIFIED_NO_HASH,"Valid Header, No Remote Checksum Available",7340,PASS (Structure Only)
BROWSE.MYD11A1.A2020124.h28v08.061.2021009002027.1.jpg,VERIFIED_NO_HASH,"Valid Header, No Remote Checksum Available",10986,PASS (Structure Only)
BROWSE.MYD11A1.A2020131.h29v08.061.2021009053659.1.jpg,VERIFIED_NO_HASH,"Valid Header, No Remote Checksum Available",12737,PASS (Structure Only)
BROWSE.MYD11A1.A2020132.h27v08.061.2021009073224.1.jpg,VERIFIED_NO_HASH,"Valid Header, No Remote Checksum Available",5264,PASS (Structure Only)
BROWSE.MYD11A1.A2020122.h28v08.061.2021008224817.1.jpg,VERIFIED_NO_HASH,"Valid Header, No Remote Checksum Available",6447,PASS (Structure Only)
BROWSE.MYD11A1.A2020121.h29v08.061.2021008220009.1.jpg,VERIFIED_NO_HASH,"Valid Header, No Remote Checksum Available",13510,PASS (Structure Only)
MYD11A1.A2020128.h29v08.061.2021009034247.hdf,VERIFIED_NO_HASH,"Valid Header, No Remote Checksum Available",1219268,PASS (Structure Only)
MYD11A1.A2020135.h29v08.061.2021009093026.hdf,VERIFIED_NO_HASH,"Valid Header, No Remote Checksum Available",584270,PASS (Structure Only)
BROWSE.MYD11A1.A2020136.h28v08.061.2021009103230.2.jpg,VERIFIED_NO_HASH,"Valid Header, No Remote Checksum Available",4891,PASS (Structure Only)
BROWSE.MYD11A1.A2020134.h29v08.061.2021009090100.1.jpg,VERIFIED_NO_HASH,"Valid Header, No Remote Checksum Available",18070,PASS (Structure Only)
MYD11A1.A2020126.h29v08.061.2021009014932.hdf,VERIFIED_NO_HASH,"Valid Header, No Remote Checksum Available",614804,PASS (Structure Only)
BROWSE.MYD11A1.A2020137.h27v08.061.2021009110335.1.jpg,VERIFIED_NO_HASH,"Valid Header, No Remote Checksum Available",4059,PASS (Structure Only)
BROWSE.MYD11A1.A2020136.h29v08.061.2021009103223.1.jpg,VERIFIED_NO_HASH,"Valid Header, No Remote Checksum Available",16272,PASS (Structure Only)
BROWSE.MYD11A1.A2020137.h28v08.061.2021009110301.1.jpg,VERIFIED_NO_HASH,"Valid Header, No Remote Checksum Available",9144,PASS (Structure Only)
BROWSE.MYD11A1.A2020137.h29v08.061.2021009110320.1.jpg,VERIFIED_NO_HASH,"Valid Header, No Remote Checksum Available",15467,PASS (Structure Only)
MYD11A1.A2020134.h27v08.061.2021009090035.cmr.xml,VERIFIED_NO_HASH,"Valid Header, No Remote Checksum Available",15415,PASS (Structure Only)
BROWSE.MYD11A1.A2020134.h28v08.061.2021009090031.1.jpg,VERIFIED_NO_HASH,"Valid Header, No Remote Checksum Available",6965,PASS (Structure Only)
BROWSE.MYD11A1.A2020133.h29v08.061.2021009074654.2.jpg,VERIFIED_NO_HASH,"Valid Header, No Remote Checksum Available",7901,PASS (Structure Only)
BROWSE.MYD11A1.A2020139.h27v08.061.2021009124231.1.jpg,VERIFIED_NO_HASH,"Valid Header, No Remote Checksum Available",3961,PASS (Structure Only)
BROWSE.MYD11A1.A2020138.h29v08.061.2021009121412.2.jpg,VERIFIED_NO_HASH,"Valid Header, No Remote Checksum Available",7153,PASS (Structure Only)
MYD11A1.A2020140.h28v08.061.2021009135231.hdf,VERIFIED_NO_HASH,"Valid Header, No Remote Checksum Available",470988,PASS (Structure Only)
BROWSE.MYD11A1.A2020141.h27v08.061.2021009141404.1.jpg,VERIFIED_NO_HASH,"Valid Header, No Remote Checksum Available",4045,PASS (Structure Only)
BROWSE.MYD11A1.A2020136.h27v08.061.2021009103212.1.jpg,VERIFIED_NO_HASH,"Valid Header, No Remote Checksum Available",13546,PASS (Structure Only)
MYD11A1.A2020140.h27v08.061.2021009135234.hdf,VERIFIED_NO_HASH,"Valid Header, No Remote Checksum Available",243494,PASS (Structure Only)
BROWSE.MYD11A1.A2020138.h28v08.061.2021009121252.2.jpg,VERIFIED_NO_HASH,"Valid Header, No Remote Checksum Available",3961,PASS (Structure Only)
BROWSE.MYD11A1.A2020138.h27v08.061.2021009121303.1.jpg,VERIFIED_NO_HASH,"Valid Header, No Remote Checksum Available",4391,PASS (Structure Only)
MYD11A1.A2020139.h29v08.061.2021009124240.hdf,VERIFIED_NO_HASH,"Valid Header, No Remote Checksum Available",590766,PASS (Structure Only)
BROWSE.MYD11A1.A2020133.h28v08.061.2021009074719.1.jpg,VERIFIED_NO_HASH,"Valid Header, No Remote Checksum Available",11492,PASS (Structure Only)
BROWSE.MYD11A1.A2020143.h28v08.061.2021009154143.1.jpg,VERIFIED_NO_HASH,"Valid Header, No Remote Checksum Available",5273,PASS (Structure Only)
BROWSE.MYD11A1.A2020141.h28v08.061.2021009141436.1.jpg,VERIFIED_NO_HASH,"Valid Header, No Remote Checksum Available",5291,PASS (Structure Only)
BROWSE.MYD11A1.A2020135.h27v08.061.2021009093009.1.jpg,VERIFIED_NO_HASH,"Valid Header, No Remote Checksum Available",6153,PASS (Structure Only)
BROWSE.MYD11A1.A2020139.h28v08.061.2021009124302.1.jpg,VERIFIED_NO_HASH,"Valid Header, No Remote Checksum Available",4051,PASS (Structure Only)
BROWSE.MYD11A1.A2020144.h28v08.061.2021010220631.1.jpg,VERIFIED_NO_HASH,"Valid Header, No Remote Checksum Available",4986,PASS (Structure Only)
BROWSE.MYD11A1.A2020142.h28v08.061.2021009153357.1.jpg,VERIFIED_NO_HASH,"Valid Header, No Remote Checksum Available",13748,PASS (Structure Only)
BROWSE.MYD11A1.A2020142.h27v08.061.2021009153341.1.jpg,VERIFIED_NO_HASH,"Valid Header, No Remote Checksum Available",6389,PASS (Structure Only)
BROWSE.MYD11A1.A2020144.h29v08.061.2021010220611.1.jpg,VERIFIED_NO_HASH,"Valid Header, No Remote Checksum Available",12961,PASS (Structure Only)
BROWSE.MYD11A1.A2020143.h29v08.061.2021009154144.1.jpg,VERIFIED_NO_HASH,"Valid Header, No Remote Checksum Available",4567,PASS (Structure Only)
BROWSE.MYD11A1.A2020120.h27v08.061.2021008205345.1.jpg,VERIFIED_NO_HASH,"Valid Header, No Remote Checksum Available",9893,PASS (Structure Only)
BROWSE.MYD11A1.A2020141.h29v08.061.2021009141414.1.jpg,VERIFIED_NO_HASH,"Valid Header, No Remote Checksum Available",15375,PASS (Structure Only)
BROWSE.MYD11A1.A2020140.h29v08.061.2021009135241.2.jpg,VERIFIED_NO_HASH,"Valid Header, No Remote Checksum Available",5934,PASS (Structure Only)
BROWSE.MYD11A1.A2020143.h27v08.061.2021009154151.1.jpg,VERIFIED_NO_HASH,"Valid Header, No Remote Checksum Available",7680,PASS (Structure Only)
BROWSE.MYD11A1.A2020147.h29v08.061.2021010235841.2.jpg,VERIFIED_NO_HASH,"Valid Header, No Remote Checksum Available",14308,PASS (Structure Only)
MYD11A1.A2020147.h28v08.061.2021010235918.cmr.xml,VERIFIED_NO_HASH,"Valid Header, No Remote Checksum Available",15822,PASS (Structure Only)
BROWSE.MYD11A1.A2020148.h29v08.061.2021011014345.1.jpg,VERIFIED_NO_HASH,"Valid Header, No Remote Checksum Available",17365,PASS (Structure Only)
BROWSE.MYD11A1.A2020146.h28v08.061.2021010235434.1.jpg,VERIFIED_NO_HASH,"Valid Header, No Remote Checksum Available",12872,PASS (Structure Only)
BROWSE.MYD11A1.A2020146.h27v08.061.2021010235436.1.jpg,VERIFIED_NO_HASH,"Valid Header, No Remote Checksum Available",5384,PASS (Structure Only)
BROWSE.MYD11A1.A2020145.h27v08.061.2021010221546.1.jpg,VERIFIED_NO_HASH,"Valid Header, No Remote Checksum Available",5830,PASS (Structure Only)
BROWSE.MYD11A1.A2020117.h28v08.061.2021008184218.1.jpg,VERIFIED_NO_HASH,"Valid Header, No Remote Checksum Available",6257,PASS (Structure Only)
MYD11A1.A2020112.h28v08.061.2021008141429.cmr.xml,VERIFIED_NO_HASH,"Valid Header, No Remote Checksum Available",15822,PASS (Structure Only)
BROWSE.MYD11A1.A2020149.h29v08.061.2021011014733.1.jpg,VERIFIED_NO_HASH,"Valid Header, No Remote Checksum Available",4477,PASS (Structure Only)
BROWSE.MYD11A1.A2020150.h27v08.061.2021011032844.1.jpg,VERIFIED_NO_HASH,"Valid Header, No Remote Checksum Available",5546,PASS (Structure Only)
BROWSE.MYD11A1.A2020149.h28v08.061.2021011014729.1.jpg,VERIFIED_NO_HASH,"Valid Header, No Remote Checksum Available",12291,PASS (Structure Only)
MYD11A1.A2020147.h27v08.061.2021010235839.hdf,VERIFIED_NO_HASH,"Valid Header, No Remote Checksum Available",314895,PASS (Structure Only)
BROWSE.MYD11A1.A2020151.h27v08.061.2021011033800.1.jpg,VERIFIED_NO_HASH,"Valid Header, No Remote Checksum Available",7470,PASS (Structure Only)
BROWSE.MYD11A1.A2020145.h28v08.061.2021010221531.1.jpg,VERIFIED_NO_HASH,"Valid Header, No Remote Checksum Available",6800,PASS (Structure Only)
BROWSE.MYD11A1.A2020150.h29v08.061.2021011032857.1.jpg,VERIFIED_NO_HASH,"Valid Header, No Remote Checksum Available",12038,PASS (Structure Only)
BROWSE.MYD11A1.A2020152.h29v08.061.2021011051052.1.jpg,VERIFIED_NO_HASH,"Valid Header, No Remote Checksum Available",16765,PASS (Structure Only)
BROWSE.MYD11A1.A2020151.h28v08.061.2021011033814.1.jpg,VERIFIED_NO_HASH,"Valid Header, No Remote Checksum Available",11385,PASS (Structure Only)
BROWSE.MYD11A1.A2020152.h28v08.061.2021011051022.1.jpg,VERIFIED_NO_HASH,"Valid Header, No Remote Checksum Available",11815,PASS (Structure Only)
MYD11A1.A2020145.h29v08.061.2021010221544.hdf,VERIFIED_NO_HASH,"Valid Header, No Remote Checksum Available",1004510,PASS (Structure Only)
MYD11A1.A2020152.h27v08.061.2021011050956.hdf,VERIFIED_NO_HASH,"Valid Header, No Remote Checksum Available",296199,PASS (Structure Only)
BROWSE.MYD11A1.A2020151.h29v08.061.2021011033811.1.jpg,VERIFIED_NO_HASH,"Valid Header, No Remote Checksum Available",10538,PASS (Structure Only)
BROWSE.MYD11A1.A2020142.h29v08.061.2021009153351.1.jpg,VERIFIED_NO_HASH,"Valid Header, No Remote Checksum Available",5963,PASS (Structure Only)
BROWSE.MYD11A1.A2020150.h28v08.061.2021011032915.1.jpg,VERIFIED_NO_HASH,"Valid Header, No Remote Checksum Available",4901,PASS (Structure Only)
BROWSE.MYD11A1.A2020153.h29v08.061.2021011051536.1.jpg,VERIFIED_NO_HASH,"Valid Header, No Remote Checksum Available",10402,PASS (Structure Only)
BROWSE.MYD11A1.A2020109.h27v08.061.2021008122644.2.jpg,VERIFIED_NO_HASH,"Valid Header, No Remote Checksum Available",4658,PASS (Structure Only)
BROWSE.MYD11A1.A2020146.h29v08.061.2021010235449.1.jpg,VERIFIED_NO_HASH,"Valid Header, No Remote Checksum Available",12213,PASS (Structure Only)
BROWSE.MYD11A1.A2020155.h27v08.061.2021011072554.1.jpg,VERIFIED_NO_HASH,"Valid Header, No Remote Checksum Available",6719,PASS (Structure Only)
BROWSE.MYD11A1.A2020156.h29v08.061.2021011090923.1.jpg,VERIFIED_NO_HASH,"Valid Header, No Remote Checksum Available",12544,PASS (Structure Only)
BROWSE.MYD11A1.A2020154.h27v08.061.2021011072202.1.jpg,VERIFIED_NO_HASH,"Valid Header, No Remote Checksum Available",7827,PASS (Structure Only)
BROWSE.MYD11A1.A2020157.h28v08.061.2021011091421.1.jpg,VERIFIED_NO_HASH,"Valid Header, No Remote Checksum Available",4112,PASS (Structure Only)
MYD11A1.A2020156.h28v08.061.2021011091025.hdf,VERIFIED_NO_HASH,"Valid Header, No Remote Checksum Available",243877,PASS (Structure Only)
BROWSE.MYD11A1.A2020157.h29v08.061.2021011091415.1.jpg,VERIFIED_NO_HASH,"Valid Header, No Remote Checksum Available",12726,PASS (Structure Only)
MYD11A1.A2020155.h28v08.061.2021011072557.hdf,VERIFIED_NO_HASH,"Valid Header, No Remote Checksum Available",391399,PASS (Structure Only)
BROWSE.MYD11A1.A2020158.h29v08.061.2021011104522.1.jpg,VERIFIED_NO_HASH,"Valid Header, No Remote Checksum Available",5747,PASS (Structure Only)
BROWSE.MYD11A1.A2020156.h27v08.061.2021011090906.1.jpg,VERIFIED_NO_HASH,"Valid Header, No Remote Checksum Available",4616,PASS (Structure Only)
MYD11A1.A2020157.h27v08.061.2021011091403.hdf,VERIFIED_NO_HASH,"Valid Header, No Remote Checksum Available",213489,PASS (Structure Only)
BROWSE.MYD11A1.A2020159.h28v08.061.2021011105934.1.jpg,VERIFIED_NO_HASH,"Valid Header, No Remote Checksum Available",9211,PASS (Structure Only)
BROWSE.MYD11A1.A2020159.h27v08.061.2021011105922.1.jpg,VERIFIED_NO_HASH,"Valid Header, No Remote Checksum Available",7533,PASS (Structure Only)
BROWSE.MYD11A1.A2020153.h27v08.061.2021011051530.1.jpg,VERIFIED_NO_HASH,"Valid Header, No Remote Checksum Available",6101,PASS (Structure Only)
BROWSE.MYD11A1.A2020160.h27v08.061.2021011123509.1.jpg,VERIFIED_NO_HASH,"Valid Header, No Remote Checksum Available",7384,PASS (Structure Only)
BROWSE.MYD11A1.A2020154.h28v08.061.2021011072234.1.jpg,VERIFIED_NO_HASH,"Valid Header, No Remote Checksum Available",11676,PASS (Structure Only)
BROWSE.MYD11A1.A2020154.h29v08.061.2021011072232.1.jpg,VERIFIED_NO_HASH,"Valid Header, No Remote Checksum Available",14200,PASS (Structure Only)
BROWSE.MYD11A1.A2020148.h28v08.061.2021011014428.1.jpg,VERIFIED_NO_HASH,"Valid Header, No Remote Checksum Available",3961,PASS (Structure Only)
MYD11A1.A2020159.h29v08.061.2021011105927.hdf,VERIFIED_NO_HASH,"Valid Header, No Remote Checksum Available",962194,PASS (Structure Only)
BROWSE.MYD11A1.A2020161.h27v08.061.2021011124340.2.jpg,VERIFIED_NO_HASH,"Valid Header, No Remote Checksum Available",4811,PASS (Structure Only)
BROWSE.MYD11A1.A2020162.h28v08.061.2021011141155.1.jpg,VERIFIED_NO_HASH,"Valid Header, No Remote Checksum Available",7022,PASS (Structure Only)
BROWSE.MYD11A1.A2020161.h28v08.061.2021011124406.1.jpg,VERIFIED_NO_HASH,"Valid Header, No Remote Checksum Available",10932,PASS (Structure Only)
MYD11A1.A2020162.h29v08.061.2021011141145.hdf,VERIFIED_NO_HASH,"Valid Header, No Remote Checksum Available",1032254,PASS (Structure Only)
BROWSE.MYD11A1.A2020162.h27v08.061.2021011141302.1.jpg,VERIFIED_NO_HASH,"Valid Header, No Remote Checksum Available",4032,PASS (Structure Only)
BROWSE.MYD11A1.A2020163.h29v08.061.2021011143230.1.jpg,VERIFIED_NO_HASH,"Valid Header, No Remote Checksum Available",9001,PASS (Structure Only)
BROWSE.MYD11A1.A2020164.h27v08.061.2021011154920.1.jpg,VERIFIED_NO_HASH,"Valid Header, No Remote Checksum Available",4879,PASS (Structure Only)
BROWSE.MYD11A1.A2020164.h28v08.061.2021011154950.1.jpg,VERIFIED_NO_HASH,"Valid Header, No Remote Checksum Available",5686,PASS (Structure Only)
BROWSE.MYD11A1.A2020163.h28v08.061.2021011143242.2.jpg,VERIFIED_NO_HASH,"Valid Header, No Remote Checksum Available",9040,PASS (Structure Only)
BROWSE.MYD11A1.A2020149.h27v08.061.2021011014720.1.jpg,VERIFIED_NO_HASH,"Valid Header, No Remote Checksum Available",8963,PASS (Structure Only)
BROWSE.MYD11A1.A2020164.h29v08.061.2021011155010.1.jpg,VERIFIED_NO_HASH,"Valid Header, No Remote Checksum Available",13082,PASS (Structure Only)
BROWSE.MYD11A1.A2020163.h27v08.061.2021011143226.1.jpg,VERIFIED_NO_HASH,"Valid Header, No Remote Checksum Available",10130,PASS (Structure Only)
BROWSE.MYD11A1.A2020165.h29v08.061.2021011162319.1.jpg,VERIFIED_NO_HASH,"Valid Header, No Remote Checksum Available",7026,PASS (Structure Only)
BROWSE.MYD11A1.A2020166.h28v08.061.2021011173529.2.jpg,VERIFIED_NO_HASH,"Valid Header, No Remote Checksum Available",4554,PASS (Structure Only)
BROWSE.MYD11A1.A2020158.h28v08.061.2021011104529.1.jpg,VERIFIED_NO_HASH,"Valid Header, No Remote Checksum Available",6038,PASS (Structure Only)
BROWSE.MYD11A1.A2020165.h27v08.061.2021011162235.1.jpg,VERIFIED_NO_HASH,"Valid Header, No Remote Checksum Available",9479,PASS (Structure Only)
BROWSE.MYD11A1.A2020167.h28v08.061.2021011181837.1.jpg,VERIFIED_NO_HASH,"Valid Header, No Remote Checksum Available",13302,PASS (Structure Only)
BROWSE.MYD11A1.A2020166.h27v08.061.2021011173511.2.jpg,VERIFIED_NO_HASH,"Valid Header, No Remote Checksum Available",4961,PASS (Structure Only)
BROWSE.MYD11A1.A2020158.h27v08.061.2021011104502.1.jpg,VERIFIED_NO_HASH,"Valid Header, No Remote Checksum Available",6044,PASS (Structure Only)
MYD11A1.A2020167.h27v08.061.2021011181828.cmr.xml,VERIFIED_NO_HASH,"Valid Header, No Remote Checksum Available",15821,PASS (Structure Only)
MYD11A1.A2020168.h29v08.061.2021011191901.hdf,VERIFIED_NO_HASH,"Valid Header, No Remote Checksum Available",1839840,PASS (Structure Only)
BROWSE.MYD11A1.A2020165.h28v08.061.2021011162220.1.jpg,VERIFIED_NO_HASH,"Valid Header, No Remote Checksum Available",5295,PASS (Structure Only)
BROWSE.MYD11A1.A2020160.h29v08.061.2021011123512.1.jpg,VERIFIED_NO_HASH,"Valid Header, No Remote Checksum Available",12511,PASS (Structure Only)
BROWSE.MYD11A1.A2020167.h29v08.061.2021011181832.1.jpg,VERIFIED_NO_HASH,"Valid Header, No Remote Checksum Available",10977,PASS (Structure Only)
BROWSE.MYD11A1.A2020161.h29v08.061.2021011124405.2.jpg,VERIFIED_NO_HASH,"Valid Header, No Remote Checksum Available",4560,PASS (Structure Only)
BROWSE.MYD11A1.A2020170.h29v08.061.2021011212416.2.jpg,VERIFIED_NO_HASH,"Valid Header, No Remote Checksum Available",4080,PASS (Structure Only)
MYD11A1.A2020170.h27v08.061.2021011212356.hdf,VERIFIED_NO_HASH,"Valid Header, No Remote Checksum Available",327463,PASS (Structure Only)
BROWSE.MYD11A1.A2020169.h29v08.061.2021011202744.1.jpg,VERIFIED_NO_HASH,"Valid Header, No Remote Checksum Available",18074,PASS (Structure Only)
BROWSE.MYD11A1.A2020171.h27v08.061.2021011221555.1.jpg,VERIFIED_NO_HASH,"Valid Header, No Remote Checksum Available",5885,PASS (Structure Only)
BROWSE.MYD11A1.A2020171.h28v08.061.2021011221621.1.jpg,VERIFIED_NO_HASH,"Valid Header, No Remote Checksum Available",5237,PASS (Structure Only)
BROWSE.MYD11A1.A2020168.h28v08.061.2021011191852.1.jpg,VERIFIED_NO_HASH,"Valid Header, No Remote Checksum Available",6317,PASS (Structure Only)
BROWSE.MYD11A1.A2020173.h29v08.061.2021012002137.1.jpg,VERIFIED_NO_HASH,"Valid Header, No Remote Checksum Available",15360,PASS (Structure Only)
MYD11A1.A2020172.h28v08.061.2021011232150.cmr.xml,VERIFIED_NO_HASH,"Valid Header, No Remote Checksum Available",15496,PASS (Structure Only)
BROWSE.MYD11A1.A2020173.h28v08.061.2021012002112.1.jpg,VERIFIED_NO_HASH,"Valid Header, No Remote Checksum Available",6629,PASS (Structure Only)
BROWSE.MYD11A1.A2020172.h29v08.061.2021011232244.2.jpg,VERIFIED_NO_HASH,"Valid Header, No Remote Checksum Available",5786,PASS (Structure Only)
BROWSE.MYD11A1.A2020173.h27v08.061.2021012002214.1.jpg,VERIFIED_NO_HASH,"Valid Header, No Remote Checksum Available",5452,PASS (Structure Only)
MYD11A1.A2020171.h29v08.061.2021011221632.hdf,VERIFIED_NO_HASH,"Valid Header, No Remote Checksum Available",475318,PASS (Structure Only)
BROWSE.MYD11A1.A2020172.h27v08.061.2021011232130.1.jpg,VERIFIED_NO_HASH,"Valid Header, No Remote Checksum Available",6204,PASS (Structure Only)
BROWSE.MYD11A1.A2020160.h28v08.061.2021011123526.1.jpg,VERIFIED_NO_HASH,"Valid Header, No Remote Checksum Available",13093,PASS (Structure Only)
MYD11A1.A2020169.h27v08.061.2021011202747.hdf,VERIFIED_NO_HASH,"Valid Header, No Remote Checksum Available",225360,PASS (Structure Only)
BROWSE.MYD11A1.A2020169.h28v08.061.2021011202810.2.jpg,VERIFIED_NO_HASH,"Valid Header, No Remote Checksum Available",4289,PASS (Structure Only)
BROWSE.MYD11A1.A2020168.h27v08.061.2021011191924.2.jpg,VERIFIED_NO_HASH,"Valid Header, No Remote Checksum Available",3961,PASS (Structure Only)
BROWSE.MYD11A1.A2020176.h27v08.061.2021012034616.1.jpg,VERIFIED_NO_HASH,"Valid Header, No Remote Checksum Available",7268,PASS (Structure Only)
BROWSE.MYD11A1.A2020176.h29v08.061.2021012034703.1.jpg,VERIFIED_NO_HASH,"Valid Header, No Remote Checksum Available",12244,PASS (Structure Only)
BROWSE.MYD11A1.A2020175.h28v08.061.2021012021540.1.jpg,VERIFIED_NO_HASH,"Valid Header, No Remote Checksum Available",4589,PASS (Structure Only)
BROWSE.MYD11A1.A2020176.h28v08.061.2021012040108.1.jpg,VERIFIED_NO_HASH,"Valid Header, No Remote Checksum Available",6234,PASS (Structure Only)
BROWSE.MYD11A1.A2020166.h29v08.061.2021011173517.1.jpg,VERIFIED_NO_HASH,"Valid Header, No Remote Checksum Available",9894,PASS (Structure Only)
BROWSE.MYD11A1.A2020174.h29v08.061.2021012011917.1.jpg,VERIFIED_NO_HASH,"Valid Header, No Remote Checksum Available",7512,PASS (Structure Only)
BROWSE.MYD11A1.A2020178.h27v08.061.2021012054016.1.jpg,VERIFIED_NO_HASH,"Valid Header, No Remote Checksum Available",4530,PASS (Structure Only)
MYD11A1.A2020177.h28v08.061.2021012043208.hdf,VERIFIED_NO_HASH,"Valid Header, No Remote Checksum Available",478572,PASS (Structure Only)
MYD11A1.A2020175.h29v08.061.2021012021522.hdf,VERIFIED_NO_HASH,"Valid Header, No Remote Checksum Available",1006333,PASS (Structure Only)
BROWSE.MYD11A1.A2020175.h27v08.061.2021012021513.1.jpg,VERIFIED_NO_HASH,"Valid Header, No Remote Checksum Available",5906,PASS (Structure Only)
BROWSE.MYD11A1.A2020174.h27v08.061.2021012011843.1.jpg,VERIFIED_NO_HASH,"Valid Header, No Remote Checksum Available",4778,PASS (Structure Only)
BROWSE.MYD11A1.A2020178.h29v08.061.2021012053942.1.jpg,VERIFIED_NO_HASH,"Valid Header, No Remote Checksum Available",7913,PASS (Structure Only)
BROWSE.MYD11A1.A2020179.h27v08.061.2021012063641.1.jpg,VERIFIED_NO_HASH,"Valid Header, No Remote Checksum Available",10580,PASS (Structure Only)
MYD11A1.A2020181.h27v08.061.2021012085840.cmr.xml,VERIFIED_NO_HASH,"Valid Header, No Remote Checksum Available",15903,PASS (Structure Only)
MYD11A1.A2020180.h27v08.061.2021012082347.hdf,VERIFIED_NO_HASH,"Valid Header, No Remote Checksum Available",449658,PASS (Structure Only)
MYD11A1.A2020180.h28v08.061.2021012082421.hdf,VERIFIED_NO_HASH,"Valid Header, No Remote Checksum Available",383948,PASS (Structure Only)
BROWSE.MYD11A1.A2020180.h29v08.061.2021012082446.1.jpg,VERIFIED_NO_HASH,"Valid Header, No Remote Checksum Available",9161,PASS (Structure Only)
BROWSE.MYD11A1.A2020181.h29v08.061.2021012085933.1.jpg,VERIFIED_NO_HASH,"Valid Header, No Remote Checksum Available",7828,PASS (Structure Only)
BROWSE.MYD11A1.A2020174.h28v08.061.2021012012000.1.jpg,VERIFIED_NO_HASH,"Valid Header, No Remote Checksum Available",6408,PASS (Structure Only)
BROWSE.MYD11A1.A2020177.h27v08.061.2021012043153.1.jpg,VERIFIED_NO_HASH,"Valid Header, No Remote Checksum Available",10292,PASS (Structure Only)
BROWSE.MYD11A1.A2020182.h29v08.061.2021012102229.2.jpg,VERIFIED_NO_HASH,"Valid Header, No Remote Checksum Available",8784,PASS (Structure Only)
BROWSE.MYD11A1.A2020183.h27v08.061.2021012105244.1.jpg,VERIFIED_NO_HASH,"Valid Header, No Remote Checksum Available",7249,PASS (Structure Only)
BROWSE.MYD11A1.A2020183.h29v08.061.2021012105150.1.jpg,VERIFIED_NO_HASH,"Valid Header, No Remote Checksum Available",15500,PASS (Structure Only)
MYD11A1.A2020178.h28v08.061.2021012053940.hdf,VERIFIED_NO_HASH,"Valid Header, No Remote Checksum Available",232393,PASS (Structure Only)
BROWSE.MYD11A1.A2020182.h28v08.061.2021012102237.2.jpg,VERIFIED_NO_HASH,"Valid Header, No Remote Checksum Available",5084,PASS (Structure Only)
BROWSE.MYD11A1.A2020181.h28v08.061.2021012085938.1.jpg,VERIFIED_NO_HASH,"Valid Header, No Remote Checksum Available",8885,PASS (Structure Only)
BROWSE.MYD11A1.A2020183.h28v08.061.2021012105424.2.jpg,VERIFIED_NO_HASH,"Valid Header, No Remote Checksum Available",5564,PASS (Structure Only)
BROWSE.MYD11A1.A2020184.h28v08.061.2021012123907.1.jpg,VERIFIED_NO_HASH,"Valid Header, No Remote Checksum Available",9333,PASS (Structure Only)
BROWSE.MYD11A1.A2020184.h29v08.061.2021012123909.2.jpg,VERIFIED_NO_HASH,"Valid Header, No Remote Checksum Available",5793,PASS (Structure Only)
BROWSE.MYD11A1.A2020185.h27v08.061.2021012130003.1.jpg,VERIFIED_NO_HASH,"Valid Header, No Remote Checksum Available",4645,PASS (Structure Only)
BROWSE.MYD11A1.A2020185.h29v08.061.2021012125938.1.jpg,VERIFIED_NO_HASH,"Valid Header, No Remote Checksum Available",14403,PASS (Structure Only)
BROWSE.MYD11A1.A2020186.h28v08.061.2021012142746.2.jpg,VERIFIED_NO_HASH,"Valid Header, No Remote Checksum Available",7333,PASS (Structure Only)
BROWSE.MYD11A1.A2020184.h27v08.061.2021012123913.2.jpg,VERIFIED_NO_HASH,"Valid Header, No Remote Checksum Available",4862,PASS (Structure Only)
BROWSE.MYD11A1.A2020155.h29v08.061.2021011072559.1.jpg,VERIFIED_NO_HASH,"Valid Header, No Remote Checksum Available",16205,PASS (Structure Only)
BROWSE.MYD11A1.A2020186.h27v08.061.2021012142729.1.jpg,VERIFIED_NO_HASH,"Valid Header, No Remote Checksum Available",9780,PASS (Structure Only)
BROWSE.MYD11A1.A2020187.h29v08.061.2021012143654.1.jpg,VERIFIED_NO_HASH,"Valid Header, No Remote Checksum Available",17683,PASS (Structure Only)
BROWSE.MYD11A1.A2020185.h28v08.061.2021012125943.2.jpg,VERIFIED_NO_HASH,"Valid Header, No Remote Checksum Available",6385,PASS (Structure Only)
MYD11A1.A2020187.h28v08.061.2021012143700.hdf,VERIFIED_NO_HASH,"Valid Header, No Remote Checksum Available",489677,PASS (Structure Only)
BROWSE.MYD11A1.A2020189.h28v08.061.2021012162203.1.jpg,VERIFIED_NO_HASH,"Valid Header, No Remote Checksum Available",5027,PASS (Structure Only)
BROWSE.MYD11A1.A2020186.h29v08.061.2021012142812.1.jpg,VERIFIED_NO_HASH,"Valid Header, No Remote Checksum Available",13481,PASS (Structure Only)
BROWSE.MYD11A1.A2020188.h29v08.061.2021012161806.1.jpg,VERIFIED_NO_HASH,"Valid Header, No Remote Checksum Available",10984,PASS (Structure Only)
MYD11A1.A2020188.h28v08.061.2021012161703.cmr.xml,VERIFIED_NO_HASH,"Valid Header, No Remote Checksum Available",15497,PASS (Structure Only)
BROWSE.MYD11A1.A2020170.h28v08.061.2021011212443.1.jpg,VERIFIED_NO_HASH,"Valid Header, No Remote Checksum Available",6499,PASS (Structure Only)
BROWSE.MYD11A1.A2020189.h29v08.061.2021012162159.2.jpg,VERIFIED_NO_HASH,"Valid Header, No Remote Checksum Available",6432,PASS (Structure Only)
BROWSE.MYD11A1.A2020190.h27v08.061.2021012174918.1.jpg,VERIFIED_NO_HASH,"Valid Header, No Remote Checksum Available",6959,PASS (Structure Only)
BROWSE.MYD11A1.A2020188.h27v08.061.2021012161702.1.jpg,VERIFIED_NO_HASH,"Valid Header, No Remote Checksum Available",6838,PASS (Structure Only)
MYD11A1.A2020187.h27v08.061.2021012143651.cmr.xml,VERIFIED_NO_HASH,"Valid Header, No Remote Checksum Available",16553,PASS (Structure Only)
MYD11A1.A2020182.h27v08.061.2021012102318.cmr.xml,VERIFIED_NO_HASH,"Valid Header, No Remote Checksum Available",15414,PASS (Structure Only)
BROWSE.MYD11A1.A2020177.h29v08.061.2021012043218.1.jpg,VERIFIED_NO_HASH,"Valid Header, No Remote Checksum Available",6215,PASS (Structure Only)
BROWSE.MYD11A1.A2020129.h29v08.061.2021009035229.1.jpg,VERIFIED_NO_HASH,"Valid Header, No Remote Checksum Available",16797,PASS (Structure Only)
MYD11A1.A2020179.h29v08.061.2021012063612.hdf,VERIFIED_NO_HASH,"Valid Header, No Remote Checksum Available",219894,PASS (Structure Only)
BROWSE.MYD11A1.A2020179.h28v08.061.2021012064321.1.jpg,VERIFIED_NO_HASH,"Valid Header, No Remote Checksum Available",6251,PASS (Structure Only)
BROWSE.MYD11A1.A2020153.h28v08.061.2021011051611.1.jpg,VERIFIED_NO_HASH,"Valid Header, No Remote Checksum Available",8985,PASS (Structure Only)
BROWSE.MYD11A1.A2020189.h27v08.061.2021012162206.2.jpg,VERIFIED_NO_HASH,"Valid Header, No Remote Checksum Available",3961,PASS (Structure Only)
BROWSE.MYD11A1.A2020135.h28v08.061.2021009093031.1.jpg,VERIFIED_NO_HASH,"Valid Header, No Remote Checksum Available",11884,PASS (Structure Only)
MYD11A1.A2020148.h27v08.061.2021011014332.cmr.xml,VERIFIED_NO_HASH,"Valid Header, No Remote Checksum Available",16146,PASS (Structure Only)
BROWSE.MYD11A1.A2020144.h27v08.061.2021010220628.1.jpg,VERIFIED_NO_HASH,"Valid Header, No Remote Checksum Available",4299,PASS (Structure Only)
MYD11A1.A2020131.h28v08.061.2021009053657.hdf,VERIFIED_NO_HASH,"Valid Header, No Remote Checksum Available",457129,PASS (Structure Only)
BROWSE.MYD11A1.A2020190.h28v08.061.2021012174917.1.jpg,VERIFIED_NO_HASH,"Valid Header, No Remote Checksum Available",8778,PASS (Structure Only)
BROWSE.MYD11A1.A2020192.h27v08.061.2021012191431.1.jpg,VERIFIED_NO_HASH,"Valid Header, No Remote Checksum Available",4131,PASS (Structure Only)
BROWSE.MYD11A1.A2020191.h29v08.061.2021012180258.1.jpg,VERIFIED_NO_HASH,"Valid Header, No Remote Checksum Available",10671,PASS (Structure Only)
BROWSE.MYD11A1.A2020191.h27v08.061.2021012180305.1.jpg,VERIFIED_NO_HASH,"Valid Header, No Remote Checksum Available",6120,PASS (Structure Only)
BROWSE.MYD11A1.A2020193.h27v08.061.2021012194340.1.jpg,VERIFIED_NO_HASH,"Valid Header, No Remote Checksum Available",9203,PASS (Structure Only)
BROWSE.MYD11A1.A2020193.h29v08.061.2021012194338.1.jpg,VERIFIED_NO_HASH,"Valid Header, No Remote Checksum Available",10493,PASS (Structure Only)
BROWSE.MYD11A1.A2020194.h29v08.061.2021012204315.1.jpg,VERIFIED_NO_HASH,"Valid Header, No Remote Checksum Available",10135,PASS (Structure Only)
BROWSE.MYD11A1.A2020196.h27v08.061.2021012222408.2.jpg,VERIFIED_NO_HASH,"Valid Header, No Remote Checksum Available",4526,PASS (Structure Only)
BROWSE.MYD11A1.A2020196.h29v08.061.2021012222457.1.jpg,VERIFIED_NO_HASH,"Valid Header, No Remote Checksum Available",12601,PASS (Structure Only)
BROWSE.MYD11A1.A2020197.h27v08.061.2021012231712.2.jpg,VERIFIED_NO_HASH,"Valid Header, No Remote Checksum Available",5707,PASS (Structure Only)
BROWSE.MYD11A1.A2020197.h29v08.061.2021012231718.1.jpg,VERIFIED_NO_HASH,"Valid Header, No Remote Checksum Available",9218,PASS (Structure Only)
BROWSE.MYD11A1.A2020197.h28v08.061.2021012231707.1.jpg,VERIFIED_NO_HASH,"Valid Header, No Remote Checksum Available",12134,PASS (Structure Only)
BROWSE.MYD11A1.A2020198.h28v08.061.2021012235214.1.jpg,VERIFIED_NO_HASH,"Valid Header, No Remote Checksum Available",8176,PASS (Structure Only)
MYD11A1.A2020200.h29v08.061.2021013011904.hdf,VERIFIED_NO_HASH,"Valid Header, No Remote Checksum Available",1991387,PASS (Structure Only)
MYD11A1.A2020199.h29v08.061.2021013005931.hdf,VERIFIED_NO_HASH,"Valid Header, No Remote Checksum Available",1209104,PASS (Structure Only)
BROWSE.MYD11A1.A2020200.h27v08.061.2021013011850.2.jpg,VERIFIED_NO_HASH,"Valid Header, No Remote Checksum Available",6866,PASS (Structure Only)
BROWSE.MYD11A1.A2020199.h28v08.061.2021013005914.2.jpg,VERIFIED_NO_HASH,"Valid Header, No Remote Checksum Available",8312,PASS (Structure Only)
BROWSE.MYD11A1.A2020192.h29v08.061.2021012191425.1.jpg,VERIFIED_NO_HASH,"Valid Header, No Remote Checksum Available",8776,PASS (Structure Only)
BROWSE.MYD11A1.A2020192.h28v08.061.2021012191427.1.jpg,VERIFIED_NO_HASH,"Valid Header, No Remote Checksum Available",4776,PASS (Structure Only)
BROWSE.MYD11A1.A2020194.h28v08.061.2021012204259.1.jpg,VERIFIED_NO_HASH,"Valid Header, No Remote Checksum Available",11127,PASS (Structure Only)
BROWSE.MYD11A1.A2020191.h28v08.061.2021012180301.2.jpg,VERIFIED_NO_HASH,"Valid Header, No Remote Checksum Available",3961,PASS (Structure Only)
BROWSE.MYD11A1.A2020195.h28v08.061.2021012213523.2.jpg,VERIFIED_NO_HASH,"Valid Header, No Remote Checksum Available",4091,PASS (Structure Only)
BROWSE.MYD11A1.A2020199.h27v08.061.2021013005936.1.jpg,VERIFIED_NO_HASH,"Valid Header, No Remote Checksum Available",9589,PASS (Structure Only)
BROWSE.MYD11A1.A2020194.h27v08.061.2021012204303.1.jpg,VERIFIED_NO_HASH,"Valid Header, No Remote Checksum Available",3961,PASS (Structure Only)
BROWSE.MYD11A1.A2020198.h29v08.061.2021012235227.1.jpg,VERIFIED_NO_HASH,"Valid Header, No Remote Checksum Available",10398,PASS (Structure Only)
BROWSE.MYD11A1.A2020203.h28v08.061.2021013035630.1.jpg,VERIFIED_NO_HASH,"Valid Header, No Remote Checksum Available",8557,PASS (Structure Only)
BROWSE.MYD11A1.A2020203.h29v08.061.2021013035653.1.jpg,VERIFIED_NO_HASH,"Valid Header, No Remote Checksum Available",17453,PASS (Structure Only)
BROWSE.MYD11A1.A2020202.h28v08.061.2021013025329.1.jpg,VERIFIED_NO_HASH,"Valid Header, No Remote Checksum Available",12706,PASS (Structure Only)
BROWSE.MYD11A1.A2020202.h29v08.061.2021013025331.1.jpg,VERIFIED_NO_HASH,"Valid Header, No Remote Checksum Available",13005,PASS (Structure Only)
MYD11A1.A2020200.h28v08.061.2021013011853.cmr.xml,VERIFIED_NO_HASH,"Valid Header, No Remote Checksum Available",16552,PASS (Structure Only)
BROWSE.MYD11A1.A2020201.h27v08.061.2021013023143.1.jpg,VERIFIED_NO_HASH,"Valid Header, No Remote Checksum Available",7131,PASS (Structure Only)
MYD11A1.A2020196.h28v08.061.2021012222411.cmr.xml,VERIFIED_NO_HASH,"Valid Header, No Remote Checksum Available",16228,PASS (Structure Only)
BROWSE.MYD11A1.A2020190.h29v08.061.2021012174938.1.jpg,VERIFIED_NO_HASH,"Valid Header, No Remote Checksum Available",9696,PASS (Structure Only)
BROWSE.MYD11A1.A2020204.h29v08.061.2021013041855.1.jpg,VERIFIED_NO_HASH,"Valid Header, No Remote Checksum Available",9515,PASS (Structure Only)
BROWSE.MYD11A1.A2020203.h27v08.061.2021013035614.1.jpg,VERIFIED_NO_HASH,"Valid Header, No Remote Checksum Available",4053,PASS (Structure Only)
BROWSE.MYD11A1.A2020204.h27v08.061.2021013041843.1.jpg,VERIFIED_NO_HASH,"Valid Header, No Remote Checksum Available",6054,PASS (Structure Only)
MYD11A1.A2020206.h28v08.061.2021013055906.hdf,VERIFIED_NO_HASH,"Valid Header, No Remote Checksum Available",463500,PASS (Structure Only)
BROWSE.MYD11A1.A2020206.h27v08.061.2021013055855.1.jpg,VERIFIED_NO_HASH,"Valid Header, No Remote Checksum Available",7634,PASS (Structure Only)
BROWSE.MYD11A1.A2020204.h28v08.061.2021013041843.1.jpg,VERIFIED_NO_HASH,"Valid Header, No Remote Checksum Available",9994,PASS (Structure Only)
BROWSE.MYD11A1.A2020207.h29v08.061.2021013072537.1.jpg,VERIFIED_NO_HASH,"Valid Header, No Remote Checksum Available",18101,PASS (Structure Only)
BROWSE.MYD11A1.A2020209.h27v08.061.2021013090235.1.jpg,VERIFIED_NO_HASH,"Valid Header, No Remote Checksum Available",7501,PASS (Structure Only)
BROWSE.MYD11A1.A2020206.h29v08.061.2021013055911.1.jpg,VERIFIED_NO_HASH,"Valid Header, No Remote Checksum Available",8249,PASS (Structure Only)
MYD11A1.A2020207.h28v08.061.2021013072532.hdf,VERIFIED_NO_HASH,"Valid Header, No Remote Checksum Available",434077,PASS (Structure Only)
BROWSE.MYD11A1.A2020202.h27v08.061.2021013025323.2.jpg,VERIFIED_NO_HASH,"Valid Header, No Remote Checksum Available",5387,PASS (Structure Only)
BROWSE.MYD11A1.A2020201.h28v08.061.2021013023144.2.jpg,VERIFIED_NO_HASH,"Valid Header, No Remote Checksum Available",10681,PASS (Structure Only)
BROWSE.MYD11A1.A2020205.h28v08.061.2021013052407.1.jpg,VERIFIED_NO_HASH,"Valid Header, No Remote Checksum Available",4503,PASS (Structure Only)
BROWSE.MYD11A1.A2020205.h29v08.061.2021013052351.2.jpg,VERIFIED_NO_HASH,"Valid Header, No Remote Checksum Available",4270,PASS (Structure Only)
BROWSE.MYD11A1.A2020209.h28v08.061.2021013090251.1.jpg,VERIFIED_NO_HASH,"Valid Header, No Remote Checksum Available",7785,PASS (Structure Only)
BROWSE.MYD11A1.A2020209.h29v08.061.2021013090242.1.jpg,VERIFIED_NO_HASH,"Valid Header, No Remote Checksum Available",13708,PASS (Structure Only)
BROWSE.MYD11A1.A2020210.h28v08.061.2021013093951.2.jpg,VERIFIED_NO_HASH,"Valid Header, No Remote Checksum Available",4129,PASS (Structure Only)
BROWSE.MYD11A1.A2020210.h29v08.061.2021013093955.1.jpg,VERIFIED_NO_HASH,"Valid Header, No Remote Checksum Available",16171,PASS (Structure Only)
BROWSE.MYD11A1.A2020195.h29v08.061.2021012213533.1.jpg,VERIFIED_NO_HASH,"Valid Header, No Remote Checksum Available",13077,PASS (Structure Only)
MYD11A1.A2020193.h28v08.061.2021012194353.cmr.xml,VERIFIED_NO_HASH,"Valid Header, No Remote Checksum Available",15821,PASS (Structure Only)
BROWSE.MYD11A1.A2020207.h27v08.061.2021013072519.1.jpg,VERIFIED_NO_HASH,"Valid Header, No Remote Checksum Available",7749,PASS (Structure Only)
MYD11A1.A2020208.h29v08.061.2021013080240.hdf,VERIFIED_NO_HASH,"Valid Header, No Remote Checksum Available",932764,PASS (Structure Only)
BROWSE.MYD11A1.A2020212.h27v08.061.2021013111750.1.jpg,VERIFIED_NO_HASH,"Valid Header, No Remote Checksum Available",6706,PASS (Structure Only)
BROWSE.MYD11A1.A2020212.h29v08.061.2021013111820.1.jpg,VERIFIED_NO_HASH,"Valid Header, No Remote Checksum Available",7840,PASS (Structure Only)
BROWSE.MYD11A1.A2020213.h29v08.061.2021013120917.1.jpg,VERIFIED_NO_HASH,"Valid Header, No Remote Checksum Available",6266,PASS (Structure Only)
BROWSE.MYD11A1.A2020214.h28v08.061.2021013124913.1.jpg,VERIFIED_NO_HASH,"Valid Header, No Remote Checksum Available",5263,PASS (Structure Only)
BROWSE.MYD11A1.A2020195.h27v08.061.2021012213520.1.jpg,VERIFIED_NO_HASH,"Valid Header, No Remote Checksum Available",5222,PASS (Structure Only)
BROWSE.MYD11A1.A2020211.h27v08.061.2021013102756.1.jpg,VERIFIED_NO_HASH,"Valid Header, No Remote Checksum Available",6806,PASS (Structure Only)
BROWSE.MYD11A1.A2020210.h27v08.061.2021013094012.1.jpg,VERIFIED_NO_HASH,"Valid Header, No Remote Checksum Available",3961,PASS (Structure Only)
MYD11A1.A2020215.h27v08.061.2021013134807.hdf,VERIFIED_NO_HASH,"Valid Header, No Remote Checksum Available",260736,PASS (Structure Only)
BROWSE.MYD11A1.A2020216.h27v08.061.2021013142718.1.jpg,VERIFIED_NO_HASH,"Valid Header, No Remote Checksum Available",6953,PASS (Structure Only)
BROWSE.MYD11A1.A2020211.h29v08.061.2021013102801.1.jpg,VERIFIED_NO_HASH,"Valid Header, No Remote Checksum Available",9066,PASS (Structure Only)
MYD11A1.A2020211.h28v08.061.2021013102759.cmr.xml,VERIFIED_NO_HASH,"Valid Header, No Remote Checksum Available",15821,PASS (Structure Only)
BROWSE.MYD11A1.A2020217.h28v08.061.2021013153724.1.jpg,VERIFIED_NO_HASH,"Valid Header, No Remote Checksum Available",7083,PASS (Structure Only)
BROWSE.MYD11A1.A2020214.h27v08.061.2021013124902.1.jpg,VERIFIED_NO_HASH,"Valid Header, No Remote Checksum Available",6473,PASS (Structure Only)
BROWSE.MYD11A1.A2020216.h28v08.061.2021013142728.1.jpg,VERIFIED_NO_HASH,"Valid Header, No Remote Checksum Available",6191,PASS (Structure Only)
BROWSE.MYD11A1.A2020217.h29v08.061.2021013153752.1.jpg,VERIFIED_NO_HASH,"Valid Header, No Remote Checksum Available",8283,PASS (Structure Only)
BROWSE.MYD11A1.A2020215.h28v08.061.2021013134759.1.jpg,VERIFIED_NO_HASH,"Valid Header, No Remote Checksum Available",8307,PASS (Structure Only)
BROWSE.MYD11A1.A2020218.h27v08.061.2021013163356.1.jpg,VERIFIED_NO_HASH,"Valid Header, No Remote Checksum Available",6208,PASS (Structure Only)
BROWSE.MYD11A1.A2020218.h28v08.061.2021013163343.1.jpg,VERIFIED_NO_HASH,"Valid Header, No Remote Checksum Available",6890,PASS (Structure Only)
BROWSE.MYD11A1.A2020219.h28v08.061.2021013175918.1.jpg,VERIFIED_NO_HASH,"Valid Header, No Remote Checksum Available",4250,PASS (Structure Only)
MYD11A1.A2020218.h29v08.061.2021013163401.hdf,VERIFIED_NO_HASH,"Valid Header, No Remote Checksum Available",344928,PASS (Structure Only)
BROWSE.MYD11A1.A2020216.h29v08.061.2021013142725.1.jpg,VERIFIED_NO_HASH,"Valid Header, No Remote Checksum Available",13989,PASS (Structure Only)
BROWSE.MYD11A1.A2020217.h27v08.061.2021013153736.1.jpg,VERIFIED_NO_HASH,"Valid Header, No Remote Checksum Available",4228,PASS (Structure Only)
BROWSE.MYD11A1.A2020220.h29v08.061.2021013195435.1.jpg,VERIFIED_NO_HASH,"Valid Header, No Remote Checksum Available",6609,PASS (Structure Only)
MYD11A1.A2020208.h27v08.061.2021013080206.hdf,VERIFIED_NO_HASH,"Valid Header, No Remote Checksum Available",278523,PASS (Structure Only)
BROWSE.MYD11A1.A2020208.h28v08.061.2021013080209.1.jpg,VERIFIED_NO_HASH,"Valid Header, No Remote Checksum Available",12203,PASS (Structure Only)
BROWSE.MYD11A1.A2020198.h27v08.061.2021012235212.1.jpg,VERIFIED_NO_HASH,"Valid Header, No Remote Checksum Available",7352,PASS (Structure Only)
BROWSE.MYD11A1.A2020219.h27v08.061.2021013175842.2.jpg,VERIFIED_NO_HASH,"Valid Header, No Remote Checksum Available",5305,PASS (Structure Only)
BROWSE.MYD11A1.A2020219.h29v08.061.2021013175912.1.jpg,VERIFIED_NO_HASH,"Valid Header, No Remote Checksum Available",10556,PASS (Structure Only)
MYD11A1.A2020221.h28v08.061.2021013204347.cmr.xml,VERIFIED_NO_HASH,"Valid Header, No Remote Checksum Available",15903,PASS (Structure Only)
BROWSE.MYD11A1.A2020222.h29v08.061.2021013213902.1.jpg,VERIFIED_NO_HASH,"Valid Header, No Remote Checksum Available",6990,PASS (Structure Only)
MYD11A1.A2020221.h27v08.061.2021013204259.cmr.xml,VERIFIED_NO_HASH,"Valid Header, No Remote Checksum Available",15414,PASS (Structure Only)
BROWSE.MYD11A1.A2020212.h28v08.061.2021013111821.1.jpg,VERIFIED_NO_HASH,"Valid Header, No Remote Checksum Available",4926,PASS (Structure Only)
BROWSE.MYD11A1.A2020213.h28v08.061.2021013120900.1.jpg,VERIFIED_NO_HASH,"Valid Header, No Remote Checksum Available",6679,PASS (Structure Only)
BROWSE.MYD11A1.A2020213.h27v08.061.2021013120915.1.jpg,VERIFIED_NO_HASH,"Valid Header, No Remote Checksum Available",5334,PASS (Structure Only)
BROWSE.MYD11A1.A2020225.h29v08.061.2021014002229.1.jpg,VERIFIED_NO_HASH,"Valid Header, No Remote Checksum Available",8095,PASS (Structure Only)
BROWSE.MYD11A1.A2020223.h28v08.061.2021013223814.1.jpg,VERIFIED_NO_HASH,"Valid Header, No Remote Checksum Available",10444,PASS (Structure Only)
BROWSE.MYD11A1.A2020220.h27v08.061.2021013201119.1.jpg,VERIFIED_NO_HASH,"Valid Header, No Remote Checksum Available",10411,PASS (Structure Only)
BROWSE.MYD11A1.A2020225.h28v08.061.2021014002227.1.jpg,VERIFIED_NO_HASH,"Valid Header, No Remote Checksum Available",5929,PASS (Structure Only)
BROWSE.MYD11A1.A2020224.h27v08.061.2021013232729.1.jpg,VERIFIED_NO_HASH,"Valid Header, No Remote Checksum Available",6689,PASS (Structure Only)
BROWSE.MYD11A1.A2020225.h27v08.061.2021014002228.2.jpg,VERIFIED_NO_HASH,"Valid Header, No Remote Checksum Available",4187,PASS (Structure Only)
MYD11A1.A2020227.h29v08.061.2021014021303.hdf,VERIFIED_NO_HASH,"Valid Header, No Remote Checksum Available",1387863,PASS (Structure Only)
BROWSE.MYD11A1.A2020227.h27v08.061.2021014021234.1.jpg,VERIFIED_NO_HASH,"Valid Header, No Remote Checksum Available",9230,PASS (Structure Only)
BROWSE.MYD11A1.A2020224.h28v08.061.2021013232719.1.jpg,VERIFIED_NO_HASH,"Valid Header, No Remote Checksum Available",8919,PASS (Structure Only)
BROWSE.MYD11A1.A2020226.h29v08.061.2021014012430.2.jpg,VERIFIED_NO_HASH,"Valid Header, No Remote Checksum Available",10052,PASS (Structure Only)
MYD11A1.A2020227.h28v08.061.2021014021405.hdf,VERIFIED_NO_HASH,"Valid Header, No Remote Checksum Available",289674,PASS (Structure Only)
BROWSE.MYD11A1.A2020221.h29v08.061.2021013204246.1.jpg,VERIFIED_NO_HASH,"Valid Header, No Remote Checksum Available",16071,PASS (Structure Only)
MYD11A1.A2020228.h29v08.061.2021014031315.hdf,VERIFIED_NO_HASH,"Valid Header, No Remote Checksum Available",1531032,PASS (Structure Only)
BROWSE.MYD11A1.A2020222.h28v08.061.2021013213859.1.jpg,VERIFIED_NO_HASH,"Valid Header, No Remote Checksum Available",13637,PASS (Structure Only)
BROWSE.MYD11A1.A2020220.h28v08.061.2021013195959.1.jpg,VERIFIED_NO_HASH,"Valid Header, No Remote Checksum Available",13141,PASS (Structure Only)
BROWSE.MYD11A1.A2020229.h28v08.061.2021014032659.1.jpg,VERIFIED_NO_HASH,"Valid Header, No Remote Checksum Available",12034,PASS (Structure Only)
BROWSE.MYD11A1.A2020229.h29v08.061.2021014032656.1.jpg,VERIFIED_NO_HASH,"Valid Header, No Remote Checksum Available",10137,PASS (Structure Only)
BROWSE.MYD11A1.A2020230.h28v08.061.2021014043516.1.jpg,VERIFIED_NO_HASH,"Valid Header, No Remote Checksum Available",3961,PASS (Structure Only)
BROWSE.MYD11A1.A2020231.h29v08.061.2021014045442.1.jpg,VERIFIED_NO_HASH,"Valid Header, No Remote Checksum Available",3961,PASS (Structure Only)
BROWSE.MYD11A1.A2020229.h27v08.061.2021014032633.1.jpg,VERIFIED_NO_HASH,"Valid Header, No Remote Checksum Available",12418,PASS (Structure Only)
BROWSE.MYD11A1.A2020201.h29v08.061.2021013023159.1.jpg,VERIFIED_NO_HASH,"Valid Header, No Remote Checksum Available",16117,PASS (Structure Only)
BROWSE.MYD11A1.A2020235.h27v08.061.2021014073806.2.jpg,VERIFIED_NO_HASH,"Valid Header, No Remote Checksum Available",3961,PASS (Structure Only)
BROWSE.MYD11A1.A2020228.h27v08.061.2021014031311.1.jpg,VERIFIED_NO_HASH,"Valid Header, No Remote Checksum Available",8967,PASS (Structure Only)
BROWSE.MYD11A1.A2020244.h27v08.061.2021014141202.1.jpg,VERIFIED_NO_HASH,"Valid Header, No Remote Checksum Available",3961,PASS (Structure Only)
BROWSE.MYD11A1.A2020224.h29v08.061.2021013232724.2.jpg,VERIFIED_NO_HASH,"Valid Header, No Remote Checksum Available",3961,PASS (Structure Only)
BROWSE.MYD11A1.A2020223.h29v08.061.2021013223758.2.jpg,VERIFIED_NO_HASH,"Valid Header, No Remote Checksum Available",13394,PASS (Structure Only)
MYD11A1.A2020228.h28v08.061.2021014031308.hdf,VERIFIED_NO_HASH,"Valid Header, No Remote Checksum Available",291760,PASS (Structure Only)
BROWSE.MYD11A1.A2020240.h27v08.061.2021014113158.1.jpg,VERIFIED_NO_HASH,"Valid Header, No Remote Checksum Available",3961,PASS (Structure Only)
MYD11A1.A2020237.h27v08.061.2021014092019.hdf,VERIFIED_NO_HASH,"Valid Header, No Remote Checksum Available",218606,PASS (Structure Only)
MYD11A1.A2020242.h27v08.061.2021014124626.hdf,VERIFIED_NO_HASH,"Valid Header, No Remote Checksum Available",210996,PASS (Structure Only)
BROWSE.MYD11A1.A2020230.h29v08.061.2021014043547.1.jpg,VERIFIED_NO_HASH,"Valid Header, No Remote Checksum Available",3961,PASS (Structure Only)
BROWSE.MYD11A1.A2020226.h28v08.061.2021014012423.1.jpg,VERIFIED_NO_HASH,"Valid Header, No Remote Checksum Available",7311,PASS (Structure Only)
BROWSE.MYD11A1.A2020226.h27v08.061.2021014012423.1.jpg,VERIFIED_NO_HASH,"Valid Header, No Remote Checksum Available",4032,PASS (Structure Only)
MYD11A1.A2020205.h27v08.061.2021013052340.cmr.xml,VERIFIED_NO_HASH,"Valid Header, No Remote Checksum Available",15410,PASS (Structure Only)
MYD11A1.A2020249.h27v08.061.2021014175008.hdf,VERIFIED_NO_HASH,"Valid Header, No Remote Checksum Available",219603,PASS (Structure Only)
BROWSE.MYD11A1.A2020249.h29v08.061.2021014175008.1.jpg,VERIFIED_NO_HASH,"Valid Header, No Remote Checksum Available",15015,PASS (Structure Only)
BROWSE.MYD11A1.A2020248.h27v08.061.2021014171646.2.jpg,VERIFIED_NO_HASH,"Valid Header, No Remote Checksum Available",4666,PASS (Structure Only)
BROWSE.MYD11A1.A2020247.h28v08.061.2021014160457.1.jpg,VERIFIED_NO_HASH,"Valid Header, No Remote Checksum Available",9688,PASS (Structure Only)
BROWSE.MYD11A1.A2020247.h29v08.061.2021014160517.2.jpg,VERIFIED_NO_HASH,"Valid Header, No Remote Checksum Available",3961,PASS (Structure Only)
MYD11A1.A2020249.h28v08.061.2021014175007.cmr.xml,VERIFIED_NO_HASH,"Valid Header, No Remote Checksum Available",15496,PASS (Structure Only)
BROWSE.MYD11A1.A2020215.h29v08.061.2021013134816.1.jpg,VERIFIED_NO_HASH,"Valid Header, No Remote Checksum Available",7424,PASS (Structure Only)
BROWSE.MYD11A1.A2020248.h29v08.061.2021014171648.2.jpg,VERIFIED_NO_HASH,"Valid Header, No Remote Checksum Available",11074,PASS (Structure Only)
BROWSE.MYD11A1.A2020253.h28v08.061.2021014213905.1.jpg,VERIFIED_NO_HASH,"Valid Header, No Remote Checksum Available",5179,PASS (Structure Only)
MYD11A1.A2020252.h28v08.061.2021014210806.hdf,VERIFIED_NO_HASH,"Valid Header, No Remote Checksum Available",926375,PASS (Structure Only)
MYD11A1.A2020252.h27v08.061.2021014210208.hdf,VERIFIED_NO_HASH,"Valid Header, No Remote Checksum Available",540759,PASS (Structure Only)
BROWSE.MYD11A1.A2020254.h28v08.061.2021014225104.1.jpg,VERIFIED_NO_HASH,"Valid Header, No Remote Checksum Available",8371,PASS (Structure Only)
BROWSE.MYD11A1.A2020253.h27v08.061.2021014214006.1.jpg,VERIFIED_NO_HASH,"Valid Header, No Remote Checksum Available",5867,PASS (Structure Only)
BROWSE.MYD11A1.A2020254.h29v08.061.2021014225112.1.jpg,VERIFIED_NO_HASH,"Valid Header, No Remote Checksum Available",10101,PASS (Structure Only)
BROWSE.MYD11A1.A2020255.h28v08.061.2021014232052.1.jpg,VERIFIED_NO_HASH,"Valid Header, No Remote Checksum Available",3961,PASS (Structure Only)
BROWSE.MYD11A1.A2020222.h27v08.061.2021013213905.1.jpg,VERIFIED_NO_HASH,"Valid Header, No Remote Checksum Available",10254,PASS (Structure Only)
BROWSE.MYD11A1.A2020223.h27v08.061.2021013223816.1.jpg,VERIFIED_NO_HASH,"Valid Header, No Remote Checksum Available",8680,PASS (Structure Only)
BROWSE.MYD11A1.A2020255.h29v08.061.2021014232051.1.jpg,VERIFIED_NO_HASH,"Valid Header, No Remote Checksum Available",10910,PASS (Structure Only)
BROWSE.MYD11A1.A2020256.h28v08.061.2021015003051.2.jpg,VERIFIED_NO_HASH,"Valid Header, No Remote Checksum Available",4248,PASS (Structure Only)
BROWSE.MYD11A1.A2020231.h27v08.061.2021014045437.1.jpg,VERIFIED_NO_HASH,"Valid Header, No Remote Checksum Available",3961,PASS (Structure Only)
BROWSE.MYD11A1.A2020247.h27v08.061.2021014160554.1.jpg,VERIFIED_NO_HASH,"Valid Header, No Remote Checksum Available",7292,PASS (Structure Only)
BROWSE.MYD11A1.A2020256.h29v08.061.2021015003058.1.jpg,VERIFIED_NO_HASH,"Valid Header, No Remote Checksum Available",11358,PASS (Structure Only)
BROWSE.MYD11A1.A2020257.h28v08.061.2021015005723.1.jpg,VERIFIED_NO_HASH,"Valid Header, No Remote Checksum Available",4795,PASS (Structure Only)
BROWSE.MYD11A1.A2020251.h27v08.061.2021014194445.1.jpg,VERIFIED_NO_HASH,"Valid Header, No Remote Checksum Available",5842,PASS (Structure Only)
MYD11A1.A2020250.h29v08.061.2021014190354.hdf,VERIFIED_NO_HASH,"Valid Header, No Remote Checksum Available",476017,PASS (Structure Only)
BROWSE.MYD11A1.A2020250.h27v08.061.2021014190420.1.jpg,VERIFIED_NO_HASH,"Valid Header, No Remote Checksum Available",6654,PASS (Structure Only)
MYD11A1.A2020259.h28v08.061.2021015023237.cmr.xml,VERIFIED_NO_HASH,"Valid Header, No Remote Checksum Available",15822,PASS (Structure Only)
BROWSE.MYD11A1.A2020258.h28v08.061.2021015020322.1.jpg,VERIFIED_NO_HASH,"Valid Header, No Remote Checksum Available",4059,PASS (Structure Only)
BROWSE.MYD11A1.A2020258.h27v08.061.2021015020301.1.jpg,VERIFIED_NO_HASH,"Valid Header, No Remote Checksum Available",5113,PASS (Structure Only)
MYD11A1.A2020259.h27v08.061.2021015023300.cmr.xml,VERIFIED_NO_HASH,"Valid Header, No Remote Checksum Available",15821,PASS (Structure Only)
BROWSE.MYD11A1.A2020259.h29v08.061.2021015023247.1.jpg,VERIFIED_NO_HASH,"Valid Header, No Remote Checksum Available",4090,PASS (Structure Only)
MYD11A1.A2020257.h29v08.061.2021015005722.cmr.xml,VERIFIED_NO_HASH,"Valid Header, No Remote Checksum Available",15497,PASS (Structure Only)
BROWSE.MYD11A1.A2020257.h27v08.061.2021015005740.1.jpg,VERIFIED_NO_HASH,"Valid Header, No Remote Checksum Available",6062,PASS (Structure Only)
BROWSE.MYD11A1.A2020261.h27v08.061.2021015040442.2.jpg,VERIFIED_NO_HASH,"Valid Header, No Remote Checksum Available",4745,PASS (Structure Only)
BROWSE.MYD11A1.A2020260.h27v08.061.2021015034119.1.jpg,VERIFIED_NO_HASH,"Valid Header, No Remote Checksum Available",7233,PASS (Structure Only)
BROWSE.MYD11A1.A2020261.h28v08.061.2021015040445.1.jpg,VERIFIED_NO_HASH,"Valid Header, No Remote Checksum Available",7223,PASS (Structure Only)
BROWSE.MYD11A1.A2020261.h29v08.061.2021015040446.1.jpg,VERIFIED_NO_HASH,"Valid Header, No Remote Checksum Available",4695,PASS (Structure Only)
MYD11A1.A2020262.h29v08.061.2021015051842.cmr.xml,VERIFIED_NO_HASH,"Valid Header, No Remote Checksum Available",15086,PASS (Structure Only)
BROWSE.MYD11A1.A2020262.h28v08.061.2021015051836.1.jpg,VERIFIED_NO_HASH,"Valid Header, No Remote Checksum Available",5447,PASS (Structure Only)
MYD11A1.A2020263.h27v08.061.2021015054745.hdf,VERIFIED_NO_HASH,"Valid Header, No Remote Checksum Available",246952,PASS (Structure Only)
MYD11A1.A2020260.h28v08.061.2021015034111.cmr.xml,VERIFIED_NO_HASH,"Valid Header, No Remote Checksum Available",16228,PASS (Structure Only)
BROWSE.MYD11A1.A2020263.h28v08.061.2021015054744.1.jpg,VERIFIED_NO_HASH,"Valid Header, No Remote Checksum Available",10368,PASS (Structure Only)
BROWSE.MYD11A1.A2020264.h28v08.061.2021015065602.1.jpg,VERIFIED_NO_HASH,"Valid Header, No Remote Checksum Available",4588,PASS (Structure Only)
BROWSE.MYD11A1.A2020264.h27v08.061.2021015065559.1.jpg,VERIFIED_NO_HASH,"Valid Header, No Remote Checksum Available",6781,PASS (Structure Only)
BROWSE.MYD11A1.A2020252.h29v08.061.2021014210221.2.jpg,VERIFIED_NO_HASH,"Valid Header, No Remote Checksum Available",8969,PASS (Structure Only)
BROWSE.MYD11A1.A2020253.h29v08.061.2021014213915.1.jpg,VERIFIED_NO_HASH,"Valid Header, No Remote Checksum Available",14808,PASS (Structure Only)
BROWSE.MYD11A1.A2020254.h27v08.061.2021014225117.1.jpg,VERIFIED_NO_HASH,"Valid Header, No Remote Checksum Available",5878,PASS (Structure Only)
MYD11A1.A2020264.h29v08.061.2021015065612.hdf,VERIFIED_NO_HASH,"Valid Header, No Remote Checksum Available",2159895,PASS (Structure Only)
MYD11A1.A2020265.h29v08.061.2021015071936.hdf,VERIFIED_NO_HASH,"Valid Header, No Remote Checksum Available",1254328,PASS (Structure Only)
BROWSE.MYD11A1.A2020266.h28v08.061.2021015084030.1.jpg,VERIFIED_NO_HASH,"Valid Header, No Remote Checksum Available",12342,PASS (Structure Only)
BROWSE.MYD11A1.A2020260.h29v08.061.2021015034141.1.jpg,VERIFIED_NO_HASH,"Valid Header, No Remote Checksum Available",7633,PASS (Structure Only)
MYD11A1.A2020267.h29v08.061.2021015084438.cmr.xml,VERIFIED_NO_HASH,"Valid Header, No Remote Checksum Available",15821,PASS (Structure Only)
BROWSE.MYD11A1.A2020266.h29v08.061.2021015084055.1.jpg,VERIFIED_NO_HASH,"Valid Header, No Remote Checksum Available",8000,PASS (Structure Only)
BROWSE.MYD11A1.A2020267.h27v08.061.2021015084444.1.jpg,VERIFIED_NO_HASH,"Valid Header, No Remote Checksum Available",4749,PASS (Structure Only)
BROWSE.MYD11A1.A2020268.h28v08.061.2021015102954.2.jpg,VERIFIED_NO_HASH,"Valid Header, No Remote Checksum Available",4791,PASS (Structure Only)
BROWSE.MYD11A1.A2020268.h27v08.061.2021015103018.2.jpg,VERIFIED_NO_HASH,"Valid Header, No Remote Checksum Available",5165,PASS (Structure Only)
BROWSE.MYD11A1.A2020248.h28v08.061.2021014171647.1.jpg,VERIFIED_NO_HASH,"Valid Header, No Remote Checksum Available",8054,PASS (Structure Only)
BROWSE.MYD11A1.A2020251.h29v08.061.2021014194417.1.jpg,VERIFIED_NO_HASH,"Valid Header, No Remote Checksum Available",13309,PASS (Structure Only)
MYD11A1.A2020265.h27v08.061.2021015071929.cmr.xml,VERIFIED_NO_HASH,"Valid Header, No Remote Checksum Available",16553,PASS (Structure Only)
BROWSE.MYD11A1.A2020265.h28v08.061.2021015071941.1.jpg,VERIFIED_NO_HASH,"Valid Header, No Remote Checksum Available",6099,PASS (Structure Only)
BROWSE.MYD11A1.A2020250.h28v08.061.2021014190357.2.jpg,VERIFIED_NO_HASH,"Valid Header, No Remote Checksum Available",4058,PASS (Structure Only)
BROWSE.MYD11A1.A2020251.h28v08.061.2021014194422.1.jpg,VERIFIED_NO_HASH,"Valid Header, No Remote Checksum Available",5548,PASS (Structure Only)
BROWSE.MYD11A1.A2020271.h29v08.061.2021015122119.1.jpg,VERIFIED_NO_HASH,"Valid Header, No Remote Checksum Available",13839,PASS (Structure Only)
BROWSE.MYD11A1.A2020270.h29v08.061.2021015121528.1.jpg,VERIFIED_NO_HASH,"Valid Header, No Remote Checksum Available",8108,PASS (Structure Only)
BROWSE.MYD11A1.A2020266.h27v08.061.2021015084043.1.jpg,VERIFIED_NO_HASH,"Valid Header, No Remote Checksum Available",11205,PASS (Structure Only)
BROWSE.MYD11A1.A2020268.h29v08.061.2021015103422.1.jpg,VERIFIED_NO_HASH,"Valid Header, No Remote Checksum Available",7213,PASS (Structure Only)
BROWSE.MYD11A1.A2020272.h29v08.061.2021015135601.1.jpg,VERIFIED_NO_HASH,"Valid Header, No Remote Checksum Available",5252,PASS (Structure Only)
MYD11A1.A2020272.h27v08.061.2021015135605.hdf,VERIFIED_NO_HASH,"Valid Header, No Remote Checksum Available",320632,PASS (Structure Only)
BROWSE.MYD11A1.A2020270.h28v08.061.2021015122147.1.jpg,VERIFIED_NO_HASH,"Valid Header, No Remote Checksum Available",4870,PASS (Structure Only)
BROWSE.MYD11A1.A2020269.h28v08.061.2021015103415.2.jpg,VERIFIED_NO_HASH,"Valid Header, No Remote Checksum Available",4285,PASS (Structure Only)
BROWSE.MYD11A1.A2020274.h28v08.061.2021017030056.2.jpg,VERIFIED_NO_HASH,"Valid Header, No Remote Checksum Available",7846,PASS (Structure Only)
BROWSE.MYD11A1.A2020263.h29v08.061.2021015054747.1.jpg,VERIFIED_NO_HASH,"Valid Header, No Remote Checksum Available",8009,PASS (Structure Only)
BROWSE.MYD11A1.A2020273.h29v08.061.2021015141055.1.jpg,VERIFIED_NO_HASH,"Valid Header, No Remote Checksum Available",8655,PASS (Structure Only)
BROWSE.MYD11A1.A2020271.h28v08.061.2021015122605.1.jpg,VERIFIED_NO_HASH,"Valid Header, No Remote Checksum Available",4111,PASS (Structure Only)
BROWSE.MYD11A1.A2020271.h27v08.061.2021015122117.1.jpg,VERIFIED_NO_HASH,"Valid Header, No Remote Checksum Available",5711,PASS (Structure Only)
MYD11A1.A2020275.h28v08.061.2021017030407.cmr.xml,VERIFIED_NO_HASH,"Valid Header, No Remote Checksum Available",15822,PASS (Structure Only)
BROWSE.MYD11A1.A2020269.h29v08.061.2021015103844.1.jpg,VERIFIED_NO_HASH,"Valid Header, No Remote Checksum Available",12825,PASS (Structure Only)
BROWSE.MYD11A1.A2020269.h27v08.061.2021015103413.1.jpg,VERIFIED_NO_HASH,"Valid Header, No Remote Checksum Available",5627,PASS (Structure Only)
BROWSE.MYD11A1.A2020275.h29v08.061.2021017030540.1.jpg,VERIFIED_NO_HASH,"Valid Header, No Remote Checksum Available",12868,PASS (Structure Only)
BROWSE.MYD11A1.A2020276.h27v08.061.2021017043246.1.jpg,VERIFIED_NO_HASH,"Valid Header, No Remote Checksum Available",4312,PASS (Structure Only)
BROWSE.MYD11A1.A2020276.h28v08.061.2021017043242.1.jpg,VERIFIED_NO_HASH,"Valid Header, No Remote Checksum Available",4838,PASS (Structure Only)
BROWSE.MYD11A1.A2020276.h29v08.061.2021017043257.1.jpg,VERIFIED_NO_HASH,"Valid Header, No Remote Checksum Available",16968,PASS (Structure Only)
BROWSE.MYD11A1.A2020277.h28v08.061.2021017044147.1.jpg,VERIFIED_NO_HASH,"Valid Header, No Remote Checksum Available",7232,PASS (Structure Only)
MYD11A1.A2020277.h27v08.061.2021017044233.cmr.xml,VERIFIED_NO_HASH,"Valid Header, No Remote Checksum Available",15903,PASS (Structure Only)
BROWSE.MYD11A1.A2020275.h27v08.061.2021017030405.1.jpg,VERIFIED_NO_HASH,"Valid Header, No Remote Checksum Available",6588,PASS (Structure Only)
BROWSE.MYD11A1.A2020274.h27v08.061.2021017030035.1.jpg,VERIFIED_NO_HASH,"Valid Header, No Remote Checksum Available",5675,PASS (Structure Only)
BROWSE.MYD11A1.A2020278.h29v08.061.2021017061153.1.jpg,VERIFIED_NO_HASH,"Valid Header, No Remote Checksum Available",9719,PASS (Structure Only)
BROWSE.MYD11A1.A2020274.h29v08.061.2021017030108.1.jpg,VERIFIED_NO_HASH,"Valid Header, No Remote Checksum Available",18018,PASS (Structure Only)
BROWSE.MYD11A1.A2020279.h29v08.061.2021017062529.1.jpg,VERIFIED_NO_HASH,"Valid Header, No Remote Checksum Available",3961,PASS (Structure Only)
MYD11A1.A2020273.h27v08.061.2021015141047.cmr.xml,VERIFIED_NO_HASH,"Valid Header, No Remote Checksum Available",15087,PASS (Structure Only)
BROWSE.MYD11A1.A2020273.h28v08.061.2021015141058.1.jpg,VERIFIED_NO_HASH,"Valid Header, No Remote Checksum Available",8104,PASS (Structure Only)
BROWSE.MYD11A1.A2020278.h28v08.061.2021017061156.1.jpg,VERIFIED_NO_HASH,"Valid Header, No Remote Checksum Available",5197,PASS (Structure Only)
BROWSE.MYD11A1.A2020279.h27v08.061.2021017062525.1.jpg,VERIFIED_NO_HASH,"Valid Header, No Remote Checksum Available",7140,PASS (Structure Only)
BROWSE.MYD11A1.A2020277.h29v08.061.2021017044150.1.jpg,VERIFIED_NO_HASH,"Valid Header, No Remote Checksum Available",7394,PASS (Structure Only)
BROWSE.MYD11A1.A2020281.h28v08.061.2021017075747.1.jpg,VERIFIED_NO_HASH,"Valid Header, No Remote Checksum Available",4885,PASS (Structure Only)
BROWSE.MYD11A1.A2020282.h27v08.061.2021017092328.1.jpg,VERIFIED_NO_HASH,"Valid Header, No Remote Checksum Available",4262,PASS (Structure Only)
BROWSE.MYD11A1.A2020279.h28v08.061.2021017062550.1.jpg,VERIFIED_NO_HASH,"Valid Header, No Remote Checksum Available",11697,PASS (Structure Only)
BROWSE.MYD11A1.A2020281.h29v08.061.2021017075753.1.jpg,VERIFIED_NO_HASH,"Valid Header, No Remote Checksum Available",8241,PASS (Structure Only)
BROWSE.MYD11A1.A2020282.h28v08.061.2021017092330.1.jpg,VERIFIED_NO_HASH,"Valid Header, No Remote Checksum Available",5219,PASS (Structure Only)
BROWSE.MYD11A1.A2020280.h27v08.061.2021017075148.1.jpg,VERIFIED_NO_HASH,"Valid Header, No Remote Checksum Available",5959,PASS (Structure Only)
BROWSE.MYD11A1.A2020280.h29v08.061.2021017075137.1.jpg,VERIFIED_NO_HASH,"Valid Header, No Remote Checksum Available",5356,PASS (Structure Only)
BROWSE.MYD11A1.A2020281.h27v08.061.2021017075733.1.jpg,VERIFIED_NO_HASH,"Valid Header, No Remote Checksum Available",3961,PASS (Structure Only)
BROWSE.MYD11A1.A2020284.h27v08.061.2021017110031.1.jpg,VERIFIED_NO_HASH,"Valid Header, No Remote Checksum Available",4046,PASS (Structure Only)
BROWSE.MYD11A1.A2020284.h29v08.061.2021017110102.1.jpg,VERIFIED_NO_HASH,"Valid Header, No Remote Checksum Available",6085,PASS (Structure Only)
BROWSE.MYD11A1.A2020283.h28v08.061.2021017093756.2.jpg,VERIFIED_NO_HASH,"Valid Header, No Remote Checksum Available",3961,PASS (Structure Only)
BROWSE.MYD11A1.A2020284.h28v08.061.2021017110047.2.jpg,VERIFIED_NO_HASH,"Valid Header, No Remote Checksum Available",3961,PASS (Structure Only)
BROWSE.MYD11A1.A2020285.h28v08.061.2021017110928.1.jpg,VERIFIED_NO_HASH,"Valid Header, No Remote Checksum Available",5162,PASS (Structure Only)
BROWSE.MYD11A1.A2020285.h27v08.061.2021017110937.1.jpg,VERIFIED_NO_HASH,"Valid Header, No Remote Checksum Available",4092,PASS (Structure Only)
BROWSE.MYD11A1.A2020285.h29v08.061.2021017110930.2.jpg,VERIFIED_NO_HASH,"Valid Header, No Remote Checksum Available",4597,PASS (Structure Only)
BROWSE.MYD11A1.A2020278.h27v08.061.2021017061148.2.jpg,VERIFIED_NO_HASH,"Valid Header, No Remote Checksum Available",3961,PASS (Structure Only)
BROWSE.MYD11A1.A2020287.h29v08.061.2021017125200.1.jpg,VERIFIED_NO_HASH,"Valid Header, No Remote Checksum Available",8969,PASS (Structure Only)
BROWSE.MYD11A1.A2020287.h27v08.061.2021017125157.2.jpg,VERIFIED_NO_HASH,"Valid Header, No Remote Checksum Available",3961,PASS (Structure Only)
BROWSE.MYD11A1.A2020280.h28v08.061.2021017075141.2.jpg,VERIFIED_NO_HASH,"Valid Header, No Remote Checksum Available",3961,PASS (Structure Only)
MYD11A1.A2020286.h28v08.061.2021017123537.hdf,VERIFIED_NO_HASH,"Valid Header, No Remote Checksum Available",218470,PASS (Structure Only)
BROWSE.MYD11A1.A2020282.h29v08.061.2021017092341.1.jpg,VERIFIED_NO_HASH,"Valid Header, No Remote Checksum Available",4873,PASS (Structure Only)
BROWSE.MYD11A1.A2020283.h27v08.061.2021017093748.1.jpg,VERIFIED_NO_HASH,"Valid Header, No Remote Checksum Available",4025,PASS (Structure Only)
BROWSE.MYD11A1.A2020283.h29v08.061.2021017093807.1.jpg,VERIFIED_NO_HASH,"Valid Header, No Remote Checksum Available",6706,PASS (Structure Only)
BROWSE.MYD11A1.A2020286.h27v08.061.2021017123502.1.jpg,VERIFIED_NO_HASH,"Valid Header, No Remote Checksum Available",3961,PASS (Structure Only)
BROWSE.MYD11A1.A2020290.h27v08.061.2021017154440.1.jpg,VERIFIED_NO_HASH,"Valid Header, No Remote Checksum Available",4764,PASS (Structure Only)
BROWSE.MYD11A1.A2020289.h28v08.061.2021017142758.1.jpg,VERIFIED_NO_HASH,"Valid Header, No Remote Checksum Available",5123,PASS (Structure Only)
BROWSE.MYD11A1.A2020289.h29v08.061.2021017142751.1.jpg,VERIFIED_NO_HASH,"Valid Header, No Remote Checksum Available",4194,PASS (Structure Only)
MYD11A1.A2020288.h27v08.061.2021017140613.hdf,VERIFIED_NO_HASH,"Valid Header, No Remote Checksum Available",230100,PASS (Structure Only)
BROWSE.MYD11A1.A2020288.h29v08.061.2021017140626.1.jpg,VERIFIED_NO_HASH,"Valid Header, No Remote Checksum Available",9863,PASS (Structure Only)
MYD11A1.A2020291.h28v08.061.2021017155620.hdf,VERIFIED_NO_HASH,"Valid Header, No Remote Checksum Available",603148,PASS (Structure Only)
BROWSE.MYD11A1.A2020286.h29v08.061.2021017123505.2.jpg,VERIFIED_NO_HASH,"Valid Header, No Remote Checksum Available",3961,PASS (Structure Only)
BROWSE.MYD11A1.A2020272.h28v08.061.2021015135438.1.jpg,VERIFIED_NO_HASH,"Valid Header, No Remote Checksum Available",9371,PASS (Structure Only)
MYD11A1.A2020267.h28v08.061.2021015084436.cmr.xml,VERIFIED_NO_HASH,"Valid Header, No Remote Checksum Available",15414,PASS (Structure Only)
BROWSE.MYD11A1.A2020290.h29v08.061.2021017154446.1.jpg,VERIFIED_NO_HASH,"Valid Header, No Remote Checksum Available",7518,PASS (Structure Only)
BROWSE.MYD11A1.A2020292.h27v08.061.2021017172357.1.jpg,VERIFIED_NO_HASH,"Valid Header, No Remote Checksum Available",4372,PASS (Structure Only)
BROWSE.MYD11A1.A2020293.h27v08.061.2021017172720.1.jpg,VERIFIED_NO_HASH,"Valid Header, No Remote Checksum Available",7616,PASS (Structure Only)
BROWSE.MYD11A1.A2020293.h28v08.061.2021017172719.1.jpg,VERIFIED_NO_HASH,"Valid Header, No Remote Checksum Available",12776,PASS (Structure Only)
MYD11A1.A2020292.h28v08.061.2021017172313.cmr.xml,VERIFIED_NO_HASH,"Valid Header, No Remote Checksum Available",16228,PASS (Structure Only)
BROWSE.MYD11A1.A2020294.h28v08.061.2021017190844.1.jpg,VERIFIED_NO_HASH,"Valid Header, No Remote Checksum Available",7545,PASS (Structure Only)
BROWSE.MYD11A1.A2020294.h27v08.061.2021017190851.1.jpg,VERIFIED_NO_HASH,"Valid Header, No Remote Checksum Available",9709,PASS (Structure Only)
BROWSE.MYD11A1.A2020292.h29v08.061.2021017172317.2.jpg,VERIFIED_NO_HASH,"Valid Header, No Remote Checksum Available",8882,PASS (Structure Only)
BROWSE.MYD11A1.A2020295.h29v08.061.2021017191301.1.jpg,VERIFIED_NO_HASH,"Valid Header, No Remote Checksum Available",8191,PASS (Structure Only)
BROWSE.MYD11A1.A2020294.h29v08.061.2021017190859.1.jpg,VERIFIED_NO_HASH,"Valid Header, No Remote Checksum Available",11156,PASS (Structure Only)
BROWSE.MYD11A1.A2020293.h29v08.061.2021017172724.1.jpg,VERIFIED_NO_HASH,"Valid Header, No Remote Checksum Available",4462,PASS (Structure Only)
BROWSE.MYD11A1.A2020295.h28v08.061.2021017191309.1.jpg,VERIFIED_NO_HASH,"Valid Header, No Remote Checksum Available",7645,PASS (Structure Only)
BROWSE.MYD11A1.A2020296.h29v08.061.2021017205723.2.jpg,VERIFIED_NO_HASH,"Valid Header, No Remote Checksum Available",8778,PASS (Structure Only)
BROWSE.MYD11A1.A2020296.h28v08.061.2021017205731.1.jpg,VERIFIED_NO_HASH,"Valid Header, No Remote Checksum Available",3961,PASS (Structure Only)
BROWSE.MYD11A1.A2020297.h27v08.061.2021017210119.1.jpg,VERIFIED_NO_HASH,"Valid Header, No Remote Checksum Available",4163,PASS (Structure Only)
BROWSE.MYD11A1.A2020296.h27v08.061.2021017205721.1.jpg,VERIFIED_NO_HASH,"Valid Header, No Remote Checksum Available",4701,PASS (Structure Only)
BROWSE.MYD11A1.A2020297.h28v08.061.2021017210114.1.jpg,VERIFIED_NO_HASH,"Valid Header, No Remote Checksum Available",4580,PASS (Structure Only)
BROWSE.MYD11A1.A2020291.h29v08.061.2021017155550.1.jpg,VERIFIED_NO_HASH,"Valid Header, No Remote Checksum Available",4680,PASS (Structure Only)
BROWSE.MYD11A1.A2020298.h29v08.061.2021017223250.1.jpg,VERIFIED_NO_HASH,"Valid Header, No Remote Checksum Available",5263,PASS (Structure Only)
BROWSE.MYD11A1.A2020288.h28v08.061.2021017140621.1.jpg,VERIFIED_NO_HASH,"Valid Header, No Remote Checksum Available",4150,PASS (Structure Only)
MYD11A1.A2020298.h28v08.061.2021017223306.cmr.xml,VERIFIED_NO_HASH,"Valid Header, No Remote Checksum Available",15739,PASS (Structure Only)
BROWSE.MYD11A1.A2020297.h29v08.061.2021017210108.1.jpg,VERIFIED_NO_HASH,"Valid Header, No Remote Checksum Available",9459,PASS (Structure Only)
MYD11A1.A2020299.h28v08.061.2021017223611.hdf,VERIFIED_NO_HASH,"Valid Header, No Remote Checksum Available",272432,PASS (Structure Only)
BROWSE.MYD11A1.A2020289.h27v08.061.2021017142741.1.jpg,VERIFIED_NO_HASH,"Valid Header, No Remote Checksum Available",5527,PASS (Structure Only)
BROWSE.MYD11A1.A2020300.h29v08.061.2021018000434.1.jpg,VERIFIED_NO_HASH,"Valid Header, No Remote Checksum Available",4643,PASS (Structure Only)
BROWSE.MYD11A1.A2020300.h28v08.061.2021018000433.1.jpg,VERIFIED_NO_HASH,"Valid Header, No Remote Checksum Available",4953,PASS (Structure Only)
BROWSE.MYD11A1.A2020290.h28v08.061.2021017154451.1.jpg,VERIFIED_NO_HASH,"Valid Header, No Remote Checksum Available",6231,PASS (Structure Only)
BROWSE.MYD11A1.A2020270.h27v08.061.2021015121531.1.jpg,VERIFIED_NO_HASH,"Valid Header, No Remote Checksum Available",4926,PASS (Structure Only)
BROWSE.MYD11A1.A2020295.h27v08.061.2021017191251.1.jpg,VERIFIED_NO_HASH,"Valid Header, No Remote Checksum Available",5448,PASS (Structure Only)
BROWSE.MYD11A1.A2020291.h27v08.061.2021017155540.1.jpg,VERIFIED_NO_HASH,"Valid Header, No Remote Checksum Available",7392,PASS (Structure Only)
BROWSE.MYD11A1.A2020287.h28v08.061.2021017125205.2.jpg,VERIFIED_NO_HASH,"Valid Header, No Remote Checksum Available",3961,PASS (Structure Only)
BROWSE.MYD11A1.A2020302.h27v08.061.2021018013628.1.jpg,VERIFIED_NO_HASH,"Valid Header, No Remote Checksum Available",6884,PASS (Structure Only)
BROWSE.MYD11A1.A2020301.h29v08.061.2021018000701.1.jpg,VERIFIED_NO_HASH,"Valid Header, No Remote Checksum Available",4462,PASS (Structure Only)
BROWSE.MYD11A1.A2020302.h29v08.061.2021018013633.1.jpg,VERIFIED_NO_HASH,"Valid Header, No Remote Checksum Available",10125,PASS (Structure Only)
BROWSE.MYD11A1.A2020302.h28v08.061.2021018013640.1.jpg,VERIFIED_NO_HASH,"Valid Header, No Remote Checksum Available",8068,PASS (Structure Only)
BROWSE.MYD11A1.A2020303.h27v08.061.2021018014933.1.jpg,VERIFIED_NO_HASH,"Valid Header, No Remote Checksum Available",5427,PASS (Structure Only)
BROWSE.MYD11A1.A2020303.h28v08.061.2021018014954.1.jpg,VERIFIED_NO_HASH,"Valid Header, No Remote Checksum Available",6039,PASS (Structure Only)
BROWSE.MYD11A1.A2020304.h27v08.061.2021018025729.1.jpg,VERIFIED_NO_HASH,"Valid Header, No Remote Checksum Available",8227,PASS (Structure Only)
BROWSE.MYD11A1.A2020305.h27v08.061.2021018031808.1.jpg,VERIFIED_NO_HASH,"Valid Header, No Remote Checksum Available",7711,PASS (Structure Only)
BROWSE.MYD11A1.A2020305.h29v08.061.2021018031823.1.jpg,VERIFIED_NO_HASH,"Valid Header, No Remote Checksum Available",7365,PASS (Structure Only)
BROWSE.MYD11A1.A2020301.h27v08.061.2021018000711.1.jpg,VERIFIED_NO_HASH,"Valid Header, No Remote Checksum Available",8753,PASS (Structure Only)
BROWSE.MYD11A1.A2020306.h27v08.061.2021018042730.1.jpg,VERIFIED_NO_HASH,"Valid Header, No Remote Checksum Available",4203,PASS (Structure Only)
BROWSE.MYD11A1.A2020299.h29v08.061.2021017223612.1.jpg,VERIFIED_NO_HASH,"Valid Header, No Remote Checksum Available",14158,PASS (Structure Only)
BROWSE.MYD11A1.A2020301.h28v08.061.2021018000654.1.jpg,VERIFIED_NO_HASH,"Valid Header, No Remote Checksum Available",5652,PASS (Structure Only)
BROWSE.MYD11A1.A2020298.h27v08.061.2021017223301.1.jpg,VERIFIED_NO_HASH,"Valid Header, No Remote Checksum Available",5324,PASS (Structure Only)
BROWSE.MYD11A1.A2020307.h28v08.061.2021018050908.2.jpg,VERIFIED_NO_HASH,"Valid Header, No Remote Checksum Available",3961,PASS (Structure Only)
BROWSE.MYD11A1.A2020306.h28v08.061.2021018042744.2.jpg,VERIFIED_NO_HASH,"Valid Header, No Remote Checksum Available",4069,PASS (Structure Only)
BROWSE.MYD11A1.A2020309.h29v08.061.2021018070424.1.jpg,VERIFIED_NO_HASH,"Valid Header, No Remote Checksum Available",4886,PASS (Structure Only)
BROWSE.MYD11A1.A2020303.h29v08.061.2021018014947.1.jpg,VERIFIED_NO_HASH,"Valid Header, No Remote Checksum Available",7333,PASS (Structure Only)
BROWSE.MYD11A1.A2020309.h28v08.061.2021018070432.1.jpg,VERIFIED_NO_HASH,"Valid Header, No Remote Checksum Available",4130,PASS (Structure Only)
BROWSE.MYD11A1.A2020305.h28v08.061.2021018031832.1.jpg,VERIFIED_NO_HASH,"Valid Header, No Remote Checksum Available",9263,PASS (Structure Only)
MYD11A1.A2020299.h27v08.061.2021017223607.cmr.xml,VERIFIED_NO_HASH,"Valid Header, No Remote Checksum Available",16553,PASS (Structure Only)
BROWSE.MYD11A1.A2020310.h27v08.061.2021018072751.1.jpg,VERIFIED_NO_HASH,"Valid Header, No Remote Checksum Available",7838,PASS (Structure Only)
MYD11A1.A2020307.h27v08.061.2021018050940.cmr.xml,VERIFIED_NO_HASH,"Valid Header, No Remote Checksum Available",15821,PASS (Structure Only)
BROWSE.MYD11A1.A2020308.h29v08.061.2021018060200.2.jpg,VERIFIED_NO_HASH,"Valid Header, No Remote Checksum Available",4155,PASS (Structure Only)
BROWSE.MYD11A1.A2020307.h29v08.061.2021018051019.1.jpg,VERIFIED_NO_HASH,"Valid Header, No Remote Checksum Available",4602,PASS (Structure Only)
MYD11A1.A2020304.h29v08.061.2021018025721.hdf,VERIFIED_NO_HASH,"Valid Header, No Remote Checksum Available",900652,PASS (Structure Only)
BROWSE.MYD11A1.A2020304.h28v08.061.2021018025723.1.jpg,VERIFIED_NO_HASH,"Valid Header, No Remote Checksum Available",14374,PASS (Structure Only)
BROWSE.MYD11A1.A2020306.h29v08.061.2021018042731.1.jpg,VERIFIED_NO_HASH,"Valid Header, No Remote Checksum Available",9524,PASS (Structure Only)
MYD11A1.A2020300.h27v08.061.2021018000422.hdf,VERIFIED_NO_HASH,"Valid Header, No Remote Checksum Available",377835,PASS (Structure Only)
BROWSE.MYD11A1.A2020262.h27v08.061.2021015051845.1.jpg,VERIFIED_NO_HASH,"Valid Header, No Remote Checksum Available",4073,PASS (Structure Only)
BROWSE.MYD11A1.A2020313.h27v08.061.2021018101820.1.jpg,VERIFIED_NO_HASH,"Valid Header, No Remote Checksum Available",4340,PASS (Structure Only)
BROWSE.MYD11A1.A2020314.h28v08.061.2021018104654.1.jpg,VERIFIED_NO_HASH,"Valid Header, No Remote Checksum Available",5115,PASS (Structure Only)
BROWSE.MYD11A1.A2020314.h27v08.061.2021018104635.1.jpg,VERIFIED_NO_HASH,"Valid Header, No Remote Checksum Available",4707,PASS (Structure Only)
BROWSE.MYD11A1.A2020255.h27v08.061.2021014232055.1.jpg,VERIFIED_NO_HASH,"Valid Header, No Remote Checksum Available",4291,PASS (Structure Only)
BROWSE.MYD11A1.A2020315.h29v08.061.2021018115033.2.jpg,VERIFIED_NO_HASH,"Valid Header, No Remote Checksum Available",6306,PASS (Structure Only)
BROWSE.MYD11A1.A2020256.h27v08.061.2021015003051.2.jpg,VERIFIED_NO_HASH,"Valid Header, No Remote Checksum Available",3961,PASS (Structure Only)
BROWSE.MYD11A1.A2020315.h27v08.061.2021018115020.1.jpg,VERIFIED_NO_HASH,"Valid Header, No Remote Checksum Available",4291,PASS (Structure Only)
MYD11A1.A2020258.h29v08.061.2021015020300.hdf,VERIFIED_NO_HASH,"Valid Header, No Remote Checksum Available",457652,PASS (Structure Only)
MYD11A1.A2020214.h29v08.061.2021013124849.cmr.xml,VERIFIED_NO_HASH,"Valid Header, No Remote Checksum Available",15087,PASS (Structure Only)
BROWSE.MYD11A1.A2020311.h27v08.061.2021018084118.1.jpg,VERIFIED_NO_HASH,"Valid Header, No Remote Checksum Available",7101,PASS (Structure Only)
BROWSE.MYD11A1.A2020309.h27v08.061.2021018070459.1.jpg,VERIFIED_NO_HASH,"Valid Header, No Remote Checksum Available",4677,PASS (Structure Only)
MYD11A1.A2020308.h27v08.061.2021018060157.cmr.xml,VERIFIED_NO_HASH,"Valid Header, No Remote Checksum Available",16146,PASS (Structure Only)
BROWSE.MYD11A1.A2020315.h28v08.061.2021018115047.1.jpg,VERIFIED_NO_HASH,"Valid Header, No Remote Checksum Available",5387,PASS (Structure Only)
BROWSE.MYD11A1.A2020311.h29v08.061.2021018084124.1.jpg,VERIFIED_NO_HASH,"Valid Header, No Remote Checksum Available",7818,PASS (Structure Only)
BROWSE.MYD11A1.A2020310.h28v08.061.2021018072741.1.jpg,VERIFIED_NO_HASH,"Valid Header, No Remote Checksum Available",5090,PASS (Structure Only)
BROWSE.MYD11A1.A2020312.h28v08.061.2021018090211.2.jpg,VERIFIED_NO_HASH,"Valid Header, No Remote Checksum Available",3961,PASS (Structure Only)
BROWSE.MYD11A1.A2020312.h27v08.061.2021018090157.1.jpg,VERIFIED_NO_HASH,"Valid Header, No Remote Checksum Available",6598,PASS (Structure Only)
BROWSE.MYD11A1.A2020313.h28v08.061.2021018101822.1.jpg,VERIFIED_NO_HASH,"Valid Header, No Remote Checksum Available",4713,PASS (Structure Only)
BROWSE.MYD11A1.A2020310.h29v08.061.2021018072744.1.jpg,VERIFIED_NO_HASH,"Valid Header, No Remote Checksum Available",11978,PASS (Structure Only)
BROWSE.MYD11A1.A2020319.h28v08.061.2021018144214.1.jpg,VERIFIED_NO_HASH,"Valid Header, No Remote Checksum Available",8272,PASS (Structure Only)
MYD11A1.A2020319.h27v08.061.2021018144158.hdf,VERIFIED_NO_HASH,"Valid Header, No Remote Checksum Available",496080,PASS (Structure Only)
BROWSE.MYD11A1.A2020319.h29v08.061.2021018144211.1.jpg,VERIFIED_NO_HASH,"Valid Header, No Remote Checksum Available",16533,PASS (Structure Only)
MYD11A1.A2020320.h28v08.061.2021018152742.cmr.xml,VERIFIED_NO_HASH,"Valid Header, No Remote Checksum Available",15822,PASS (Structure Only)
BROWSE.MYD11A1.A2020320.h29v08.061.2021018152726.1.jpg,VERIFIED_NO_HASH,"Valid Header, No Remote Checksum Available",14784,PASS (Structure Only)
BROWSE.MYD11A1.A2020318.h27v08.061.2021018135256.1.jpg,VERIFIED_NO_HASH,"Valid Header, No Remote Checksum Available",5341,PASS (Structure Only)
MYD11A1.A2020314.h29v08.061.2021018104651.cmr.xml,VERIFIED_NO_HASH,"Valid Header, No Remote Checksum Available",15497,PASS (Structure Only)
BROWSE.MYD11A1.A2020316.h28v08.061.2021018122408.1.jpg,VERIFIED_NO_HASH,"Valid Header, No Remote Checksum Available",9711,PASS (Structure Only)
BROWSE.MYD11A1.A2020320.h27v08.061.2021018152715.2.jpg,VERIFIED_NO_HASH,"Valid Header, No Remote Checksum Available",5403,PASS (Structure Only)
BROWSE.MYD11A1.A2020321.h29v08.061.2021018161730.1.jpg,VERIFIED_NO_HASH,"Valid Header, No Remote Checksum Available",15475,PASS (Structure Only)
BROWSE.MYD11A1.A2020321.h27v08.061.2021018161714.2.jpg,VERIFIED_NO_HASH,"Valid Header, No Remote Checksum Available",6921,PASS (Structure Only)
BROWSE.MYD11A1.A2020316.h29v08.061.2021018122402.1.jpg,VERIFIED_NO_HASH,"Valid Header, No Remote Checksum Available",9279,PASS (Structure Only)
MYD11A1.A2020317.h27v08.061.2021018131204.cmr.xml,VERIFIED_NO_HASH,"Valid Header, No Remote Checksum Available",15414,PASS (Structure Only)
BROWSE.MYD11A1.A2020316.h27v08.061.2021018122352.1.jpg,VERIFIED_NO_HASH,"Valid Header, No Remote Checksum Available",10481,PASS (Structure Only)
BROWSE.MYD11A1.A2020318.h28v08.061.2021018135304.1.jpg,VERIFIED_NO_HASH,"Valid Header, No Remote Checksum Available",11292,PASS (Structure Only)
BROWSE.MYD11A1.A2020317.h28v08.061.2021018131213.1.jpg,VERIFIED_NO_HASH,"Valid Header, No Remote Checksum Available",6220,PASS (Structure Only)
BROWSE.MYD11A1.A2020321.h28v08.061.2021018161725.1.jpg,VERIFIED_NO_HASH,"Valid Header, No Remote Checksum Available",12065,PASS (Structure Only)
BROWSE.MYD11A1.A2020322.h29v08.061.2021018165324.1.jpg,VERIFIED_NO_HASH,"Valid Header, No Remote Checksum Available",14246,PASS (Structure Only)
BROWSE.MYD11A1.A2020323.h28v08.061.2021018175515.1.jpg,VERIFIED_NO_HASH,"Valid Header, No Remote Checksum Available",11330,PASS (Structure Only)
BROWSE.MYD11A1.A2020322.h27v08.061.2021018165321.1.jpg,VERIFIED_NO_HASH,"Valid Header, No Remote Checksum Available",4619,PASS (Structure Only)
BROWSE.MYD11A1.A2020324.h27v08.061.2021018181606.1.jpg,VERIFIED_NO_HASH,"Valid Header, No Remote Checksum Available",5532,PASS (Structure Only)
MYD11A1.A2020325.h29v08.061.2021018192825.hdf,VERIFIED_NO_HASH,"Valid Header, No Remote Checksum Available",637484,PASS (Structure Only)
BROWSE.MYD11A1.A2020326.h29v08.061.2021018194546.1.jpg,VERIFIED_NO_HASH,"Valid Header, No Remote Checksum Available",14012,PASS (Structure Only)
BROWSE.MYD11A1.A2020326.h28v08.061.2021018194547.1.jpg,VERIFIED_NO_HASH,"Valid Header, No Remote Checksum Available",4305,PASS (Structure Only)
BROWSE.MYD11A1.A2020326.h27v08.061.2021018194540.1.jpg,VERIFIED_NO_HASH,"Valid Header, No Remote Checksum Available",4461,PASS (Structure Only)
BROWSE.MYD11A1.A2020327.h28v08.061.2021018205826.1.jpg,VERIFIED_NO_HASH,"Valid Header, No Remote Checksum Available",7994,PASS (Structure Only)
MYD11A1.A2020325.h27v08.061.2021018192826.cmr.xml,VERIFIED_NO_HASH,"Valid Header, No Remote Checksum Available",15903,PASS (Structure Only)
MYD11A1.A2020328.h27v08.061.2021018211057.hdf,VERIFIED_NO_HASH,"Valid Header, No Remote Checksum Available",352402,PASS (Structure Only)
BROWSE.MYD11A1.A2020327.h29v08.061.2021018205816.1.jpg,VERIFIED_NO_HASH,"Valid Header, No Remote Checksum Available",10776,PASS (Structure Only)
BROWSE.MYD11A1.A2020328.h29v08.061.2021018211132.1.jpg,VERIFIED_NO_HASH,"Valid Header, No Remote Checksum Available",9745,PASS (Structure Only)
MYD11A1.A2020329.h27v08.061.2021018223353.cmr.xml,VERIFIED_NO_HASH,"Valid Header, No Remote Checksum Available",16553,PASS (Structure Only)
BROWSE.MYD11A1.A2020329.h28v08.061.2021018223356.1.jpg,VERIFIED_NO_HASH,"Valid Header, No Remote Checksum Available",4996,PASS (Structure Only)
BROWSE.MYD11A1.A2020322.h28v08.061.2021018165318.1.jpg,VERIFIED_NO_HASH,"Valid Header, No Remote Checksum Available",5968,PASS (Structure Only)
BROWSE.MYD11A1.A2020329.h29v08.061.2021018223345.2.jpg,VERIFIED_NO_HASH,"Valid Header, No Remote Checksum Available",4039,PASS (Structure Only)
BROWSE.MYD11A1.A2020330.h27v08.061.2021018223938.1.jpg,VERIFIED_NO_HASH,"Valid Header, No Remote Checksum Available",7444,PASS (Structure Only)
BROWSE.MYD11A1.A2020331.h29v08.061.2021019001513.1.jpg,VERIFIED_NO_HASH,"Valid Header, No Remote Checksum Available",7407,PASS (Structure Only)
MYD11A1.A2020331.h28v08.061.2021019001519.hdf,VERIFIED_NO_HASH,"Valid Header, No Remote Checksum Available",216397,PASS (Structure Only)
BROWSE.MYD11A1.A2020330.h29v08.061.2021018223939.2.jpg,VERIFIED_NO_HASH,"Valid Header, No Remote Checksum Available",4805,PASS (Structure Only)
BROWSE.MYD11A1.A2020331.h27v08.061.2021019001525.1.jpg,VERIFIED_NO_HASH,"Valid Header, No Remote Checksum Available",3961,PASS (Structure Only)
BROWSE.MYD11A1.A2020317.h29v08.061.2021018131209.1.jpg,VERIFIED_NO_HASH,"Valid Header, No Remote Checksum Available",17764,PASS (Structure Only)
BROWSE.MYD11A1.A2020328.h28v08.061.2021018211138.1.jpg,VERIFIED_NO_HASH,"Valid Header, No Remote Checksum Available",4407,PASS (Structure Only)
MYD11A1.A2020323.h27v08.061.2021018175506.hdf,VERIFIED_NO_HASH,"Valid Header, No Remote Checksum Available",428037,PASS (Structure Only)
BROWSE.MYD11A1.A2020308.h28v08.061.2021018060210.1.jpg,VERIFIED_NO_HASH,"Valid Header, No Remote Checksum Available",4520,PASS (Structure Only)
BROWSE.MYD11A1.A2020318.h29v08.061.2021018135328.1.jpg,VERIFIED_NO_HASH,"Valid Header, No Remote Checksum Available",10838,PASS (Structure Only)
MYD11A1.A2020312.h29v08.061.2021018090205.cmr.xml,VERIFIED_NO_HASH,"Valid Header, No Remote Checksum Available",15821,PASS (Structure Only)
MYD11A1.A2020313.h29v08.061.2021018101821.cmr.xml,VERIFIED_NO_HASH,"Valid Header, No Remote Checksum Available",15740,PASS (Structure Only)
MYD11A1.A2020324.h29v08.061.2021018181609.hdf,VERIFIED_NO_HASH,"Valid Header, No Remote Checksum Available",348879,PASS (Structure Only)
BROWSE.MYD11A1.A2020333.h29v08.061.2021019015852.2.jpg,VERIFIED_NO_HASH,"Valid Header, No Remote Checksum Available",4048,PASS (Structure Only)
MYD11A1.A2020332.h29v08.061.2021019001904.cmr.xml,VERIFIED_NO_HASH,"Valid Header, No Remote Checksum Available",16635,PASS (Structure Only)
BROWSE.MYD11A1.A2020332.h27v08.061.2021019001913.1.jpg,VERIFIED_NO_HASH,"Valid Header, No Remote Checksum Available",5515,PASS (Structure Only)
MYD11A1.A2020335.h28v08.061.2021019032632.hdf,VERIFIED_NO_HASH,"Valid Header, No Remote Checksum Available",262526,PASS (Structure Only)
BROWSE.MYD11A1.A2020336.h29v08.061.2021019033650.1.jpg,VERIFIED_NO_HASH,"Valid Header, No Remote Checksum Available",14196,PASS (Structure Only)
BROWSE.MYD11A1.A2020337.h27v08.061.2021019050640.1.jpg,VERIFIED_NO_HASH,"Valid Header, No Remote Checksum Available",8616,PASS (Structure Only)
BROWSE.MYD11A1.A2020323.h29v08.061.2021018175517.2.jpg,VERIFIED_NO_HASH,"Valid Header, No Remote Checksum Available",5541,PASS (Structure Only)
BROWSE.MYD11A1.A2020337.h28v08.061.2021019050653.1.jpg,VERIFIED_NO_HASH,"Valid Header, No Remote Checksum Available",7766,PASS (Structure Only)
BROWSE.MYD11A1.A2020336.h27v08.061.2021019033637.1.jpg,VERIFIED_NO_HASH,"Valid Header, No Remote Checksum Available",4601,PASS (Structure Only)
BROWSE.MYD11A1.A2020338.h29v08.061.2021019051038.2.jpg,VERIFIED_NO_HASH,"Valid Header, No Remote Checksum Available",7742,PASS (Structure Only)
BROWSE.MYD11A1.A2020332.h28v08.061.2021019001914.2.jpg,VERIFIED_NO_HASH,"Valid Header, No Remote Checksum Available",4648,PASS (Structure Only)
BROWSE.MYD11A1.A2020338.h27v08.061.2021019051055.1.jpg,VERIFIED_NO_HASH,"Valid Header, No Remote Checksum Available",5451,PASS (Structure Only)
BROWSE.MYD11A1.A2020324.h28v08.061.2021018181600.1.jpg,VERIFIED_NO_HASH,"Valid Header, No Remote Checksum Available",4804,PASS (Structure Only)
BROWSE.MYD11A1.A2020339.h27v08.061.2021019064344.1.jpg,VERIFIED_NO_HASH,"Valid Header, No Remote Checksum Available",6315,PASS (Structure Only)
BROWSE.MYD11A1.A2020338.h28v08.061.2021019051039.1.jpg,VERIFIED_NO_HASH,"Valid Header, No Remote Checksum Available",9297,PASS (Structure Only)
BROWSE.MYD11A1.A2020339.h28v08.061.2021019064344.1.jpg,VERIFIED_NO_HASH,"Valid Header, No Remote Checksum Available",7178,PASS (Structure Only)
BROWSE.MYD11A1.A2020335.h27v08.061.2021019032636.1.jpg,VERIFIED_NO_HASH,"Valid Header, No Remote Checksum Available",8146,PASS (Structure Only)
BROWSE.MYD11A1.A2020334.h29v08.061.2021019020209.1.jpg,VERIFIED_NO_HASH,"Valid Header, No Remote Checksum Available",5432,PASS (Structure Only)
BROWSE.MYD11A1.A2020311.h28v08.061.2021018084126.1.jpg,VERIFIED_NO_HASH,"Valid Header, No Remote Checksum Available",9662,PASS (Structure Only)
BROWSE.MYD11A1.A2020340.h28v08.061.2021019064828.2.jpg,VERIFIED_NO_HASH,"Valid Header, No Remote Checksum Available",3961,PASS (Structure Only)
BROWSE.MYD11A1.A2020325.h28v08.061.2021018192826.2.jpg,VERIFIED_NO_HASH,"Valid Header, No Remote Checksum Available",4209,PASS (Structure Only)
BROWSE.MYD11A1.A2020341.h29v08.061.2021019081418.1.jpg,VERIFIED_NO_HASH,"Valid Header, No Remote Checksum Available",4475,PASS (Structure Only)
BROWSE.MYD11A1.A2020341.h27v08.061.2021019081426.1.jpg,VERIFIED_NO_HASH,"Valid Header, No Remote Checksum Available",7662,PASS (Structure Only)
BROWSE.MYD11A1.A2020342.h28v08.061.2021019081909.2.jpg,VERIFIED_NO_HASH,"Valid Header, No Remote Checksum Available",4425,PASS (Structure Only)
BROWSE.MYD11A1.A2020342.h29v08.061.2021019081909.1.jpg,VERIFIED_NO_HASH,"Valid Header, No Remote Checksum Available",10800,PASS (Structure Only)
BROWSE.MYD11A1.A2020343.h29v08.061.2021019094029.1.jpg,VERIFIED_NO_HASH,"Valid Header, No Remote Checksum Available",8433,PASS (Structure Only)
BROWSE.MYD11A1.A2020342.h27v08.061.2021019081911.2.jpg,VERIFIED_NO_HASH,"Valid Header, No Remote Checksum Available",5131,PASS (Structure Only)
BROWSE.MYD11A1.A2020341.h28v08.061.2021019081432.2.jpg,VERIFIED_NO_HASH,"Valid Header, No Remote Checksum Available",6126,PASS (Structure Only)
MYD11A1.A2020335.h29v08.061.2021019032727.hdf,VERIFIED_NO_HASH,"Valid Header, No Remote Checksum Available",251919,PASS (Structure Only)
BROWSE.MYD11A1.A2020336.h28v08.061.2021019033640.1.jpg,VERIFIED_NO_HASH,"Valid Header, No Remote Checksum Available",8787,PASS (Structure Only)
BROWSE.MYD11A1.A2020337.h29v08.061.2021019050648.2.jpg,VERIFIED_NO_HASH,"Valid Header, No Remote Checksum Available",13375,PASS (Structure Only)
BROWSE.MYD11A1.A2020333.h28v08.061.2021019015844.2.jpg,VERIFIED_NO_HASH,"Valid Header, No Remote Checksum Available",4357,PASS (Structure Only)
BROWSE.MYD11A1.A2020344.h28v08.061.2021019095218.1.jpg,VERIFIED_NO_HASH,"Valid Header, No Remote Checksum Available",5575,PASS (Structure Only)
BROWSE.MYD11A1.A2020345.h28v08.061.2021019111704.1.jpg,VERIFIED_NO_HASH,"Valid Header, No Remote Checksum Available",7699,PASS (Structure Only)
MYD11A1.A2020345.h27v08.061.2021019111553.hdf,VERIFIED_NO_HASH,"Valid Header, No Remote Checksum Available",357176,PASS (Structure Only)
MYD11A1.A2020346.h27v08.061.2021019112032.cmr.xml,VERIFIED_NO_HASH,"Valid Header, No Remote Checksum Available",15414,PASS (Structure Only)
BROWSE.MYD11A1.A2020346.h29v08.061.2021019112040.1.jpg,VERIFIED_NO_HASH,"Valid Header, No Remote Checksum Available",13319,PASS (Structure Only)
BROWSE.MYD11A1.A2020346.h28v08.061.2021019112041.1.jpg,VERIFIED_NO_HASH,"Valid Header, No Remote Checksum Available",9784,PASS (Structure Only)
BROWSE.MYD11A1.A2020343.h27v08.061.2021019094018.1.jpg,VERIFIED_NO_HASH,"Valid Header, No Remote Checksum Available",7857,PASS (Structure Only)
BROWSE.MYD11A1.A2020334.h27v08.061.2021019020207.1.jpg,VERIFIED_NO_HASH,"Valid Header, No Remote Checksum Available",7048,PASS (Structure Only)
BROWSE.MYD11A1.A2020348.h28v08.061.2021019132044.1.jpg,VERIFIED_NO_HASH,"Valid Header, No Remote Checksum Available",6568,PASS (Structure Only)
BROWSE.MYD11A1.A2020347.h29v08.061.2021019124738.1.jpg,VERIFIED_NO_HASH,"Valid Header, No Remote Checksum Available",14400,PASS (Structure Only)
BROWSE.MYD11A1.A2020344.h27v08.061.2021019095209.1.jpg,VERIFIED_NO_HASH,"Valid Header, No Remote Checksum Available",8815,PASS (Structure Only)
BROWSE.MYD11A1.A2020344.h29v08.061.2021019095214.1.jpg,VERIFIED_NO_HASH,"Valid Header, No Remote Checksum Available",11224,PASS (Structure Only)
BROWSE.MYD11A1.A2020340.h29v08.061.2021019064826.1.jpg,VERIFIED_NO_HASH,"Valid Header, No Remote Checksum Available",16295,PASS (Structure Only)
BROWSE.MYD11A1.A2020340.h27v08.061.2021019064827.1.jpg,VERIFIED_NO_HASH,"Valid Header, No Remote Checksum Available",5294,PASS (Structure Only)
BROWSE.MYD11A1.A2020330.h28v08.061.2021018223923.1.jpg,VERIFIED_NO_HASH,"Valid Header, No Remote Checksum Available",4359,PASS (Structure Only)
BROWSE.MYD11A1.A2020351.h27v08.061.2021019203528.2.jpg,VERIFIED_NO_HASH,"Valid Header, No Remote Checksum Available",3961,PASS (Structure Only)
BROWSE.MYD11A1.A2020343.h28v08.061.2021019094027.2.jpg,VERIFIED_NO_HASH,"Valid Header, No Remote Checksum Available",4649,PASS (Structure Only)
BROWSE.MYD11A1.A2020349.h29v08.061.2021019165621.1.jpg,VERIFIED_NO_HASH,"Valid Header, No Remote Checksum Available",11219,PASS (Structure Only)
MYD11A1.A2020350.h28v08.061.2021019171621.hdf,VERIFIED_NO_HASH,"Valid Header, No Remote Checksum Available",440414,PASS (Structure Only)
BROWSE.MYD11A1.A2020327.h27v08.061.2021018205840.1.jpg,VERIFIED_NO_HASH,"Valid Header, No Remote Checksum Available",4079,PASS (Structure Only)
BROWSE.MYD11A1.A2020352.h28v08.061.2021019205732.1.jpg,VERIFIED_NO_HASH,"Valid Header, No Remote Checksum Available",7480,PASS (Structure Only)
BROWSE.MYD11A1.A2020351.h29v08.061.2021019204408.1.jpg,VERIFIED_NO_HASH,"Valid Header, No Remote Checksum Available",10410,PASS (Structure Only)
BROWSE.MYD11A1.A2020350.h27v08.061.2021019172544.2.jpg,VERIFIED_NO_HASH,"Valid Header, No Remote Checksum Available",4345,PASS (Structure Only)
BROWSE.MYD11A1.A2020353.h28v08.061.2021019232812.2.jpg,VERIFIED_NO_HASH,"Valid Header, No Remote Checksum Available",3961,PASS (Structure Only)
BROWSE.MYD11A1.A2020354.h29v08.061.2021019233749.1.jpg,VERIFIED_NO_HASH,"Valid Header, No Remote Checksum Available",6676,PASS (Structure Only)
MYD11A1.A2020349.h28v08.061.2021019165101.hdf,VERIFIED_NO_HASH,"Valid Header, No Remote Checksum Available",225628,PASS (Structure Only)
BROWSE.MYD11A1.A2020353.h27v08.061.2021019232655.2.jpg,VERIFIED_NO_HASH,"Valid Header, No Remote Checksum Available",3961,PASS (Structure Only)
MYD11A1.A2020354.h27v08.061.2021019233857.hdf,VERIFIED_NO_HASH,"Valid Header, No Remote Checksum Available",214941,PASS (Structure Only)
MYD11A1.A2020351.h28v08.061.2021019204259.cmr.xml,VERIFIED_NO_HASH,"Valid Header, No Remote Checksum Available",16553,PASS (Structure Only)
BROWSE.MYD11A1.A2020353.h29v08.061.2021019232645.1.jpg,VERIFIED_NO_HASH,"Valid Header, No Remote Checksum Available",5023,PASS (Structure Only)
BROWSE.MYD11A1.A2020355.h28v08.061.2021020014125.1.jpg,VERIFIED_NO_HASH,"Valid Header, No Remote Checksum Available",5161,PASS (Structure Only)
MYD11A1.A2020354.h28v08.061.2021019234137.hdf,VERIFIED_NO_HASH,"Valid Header, No Remote Checksum Available",219466,PASS (Structure Only)
BROWSE.MYD11A1.A2020352.h27v08.061.2021019205313.1.jpg,VERIFIED_NO_HASH,"Valid Header, No Remote Checksum Available",3961,PASS (Structure Only)
BROWSE.MYD11A1.A2020356.h28v08.061.2021020020602.1.jpg,VERIFIED_NO_HASH,"Valid Header, No Remote Checksum Available",4994,PASS (Structure Only)
BROWSE.MYD11A1.A2020355.h27v08.061.2021020014003.1.jpg,VERIFIED_NO_HASH,"Valid Header, No Remote Checksum Available",5131,PASS (Structure Only)
BROWSE.MYD11A1.A2020356.h29v08.061.2021020020600.1.jpg,VERIFIED_NO_HASH,"Valid Header, No Remote Checksum Available",10472,PASS (Structure Only)
MYD11A1.A2020348.h29v08.061.2021019132044.cmr.xml,VERIFIED_NO_HASH,"Valid Header, No Remote Checksum Available",16635,PASS (Structure Only)
BROWSE.MYD11A1.A2020347.h27v08.061.2021019124743.2.jpg,VERIFIED_NO_HASH,"Valid Header, No Remote Checksum Available",4019,PASS (Structure Only)
BROWSE.MYD11A1.A2020334.h28v08.061.2021019020213.1.jpg,VERIFIED_NO_HASH,"Valid Header, No Remote Checksum Available",8846,PASS (Structure Only)
BROWSE.MYD11A1.A2020357.h27v08.061.2021020040336.1.jpg,VERIFIED_NO_HASH,"Valid Header, No Remote Checksum Available",8270,PASS (Structure Only)
BROWSE.MYD11A1.A2020358.h27v08.061.2021020042817.1.jpg,VERIFIED_NO_HASH,"Valid Header, No Remote Checksum Available",8189,PASS (Structure Only)
BROWSE.MYD11A1.A2020358.h28v08.061.2021020042746.1.jpg,VERIFIED_NO_HASH,"Valid Header, No Remote Checksum Available",6744,PASS (Structure Only)
BROWSE.MYD11A1.A2020357.h29v08.061.2021020040349.1.jpg,VERIFIED_NO_HASH,"Valid Header, No Remote Checksum Available",5444,PASS (Structure Only)
BROWSE.MYD11A1.A2020355.h29v08.061.2021020014046.1.jpg,VERIFIED_NO_HASH,"Valid Header, No Remote Checksum Available",4847,PASS (Structure Only)
BROWSE.MYD11A1.A2020360.h28v08.061.2021020061707.1.jpg,VERIFIED_NO_HASH,"Valid Header, No Remote Checksum Available",8482,PASS (Structure Only)
BROWSE.MYD11A1.A2020360.h29v08.061.2021020061739.1.jpg,VERIFIED_NO_HASH,"Valid Header, No Remote Checksum Available",9231,PASS (Structure Only)
BROWSE.MYD11A1.A2020352.h29v08.061.2021019204955.1.jpg,VERIFIED_NO_HASH,"Valid Header, No Remote Checksum Available",10706,PASS (Structure Only)
BROWSE.MYD11A1.A2020359.h29v08.061.2021020055057.1.jpg,VERIFIED_NO_HASH,"Valid Header, No Remote Checksum Available",10736,PASS (Structure Only)
BROWSE.MYD11A1.A2020359.h27v08.061.2021020055100.1.jpg,VERIFIED_NO_HASH,"Valid Header, No Remote Checksum Available",5316,PASS (Structure Only)
BROWSE.MYD11A1.A2020362.h28v08.061.2021020075501.1.jpg,VERIFIED_NO_HASH,"Valid Header, No Remote Checksum Available",12893,PASS (Structure Only)
BROWSE.MYD11A1.A2020361.h27v08.061.2021020074516.1.jpg,VERIFIED_NO_HASH,"Valid Header, No Remote Checksum Available",4898,PASS (Structure Only)
BROWSE.MYD11A1.A2020347.h28v08.061.2021019124750.1.jpg,VERIFIED_NO_HASH,"Valid Header, No Remote Checksum Available",4718,PASS (Structure Only)
BROWSE.MYD11A1.A2020363.h29v08.061.2021020095922.1.jpg,VERIFIED_NO_HASH,"Valid Header, No Remote Checksum Available",10528,PASS (Structure Only)
MYD11A1.A2020350.h29v08.061.2021019171648.cmr.xml,VERIFIED_NO_HASH,"Valid Header, No Remote Checksum Available",16553,PASS (Structure Only)
BROWSE.MYD11A1.A2020357.h28v08.061.2021020040427.1.jpg,VERIFIED_NO_HASH,"Valid Header, No Remote Checksum Available",10644,PASS (Structure Only)
BROWSE.MYD11A1.A2020362.h27v08.061.2021020075519.1.jpg,VERIFIED_NO_HASH,"Valid Header, No Remote Checksum Available",11809,PASS (Structure Only)
BROWSE.MYD11A1.A2020364.h29v08.061.2021020101048.1.jpg,VERIFIED_NO_HASH,"Valid Header, No Remote Checksum Available",7579,PASS (Structure Only)
BROWSE.MYD11A1.A2020360.h27v08.061.2021020061707.1.jpg,VERIFIED_NO_HASH,"Valid Header, No Remote Checksum Available",7891,PASS (Structure Only)
BROWSE.MYD11A1.A2020364.h28v08.061.2021020101048.1.jpg,VERIFIED_NO_HASH,"Valid Header, No Remote Checksum Available",9370,PASS (Structure Only)
BROWSE.MYD11A1.A2020365.h29v08.061.2021020115501.1.jpg,VERIFIED_NO_HASH,"Valid Header, No Remote Checksum Available",4588,PASS (Structure Only)
MYD11A1.A2020359.h28v08.061.2021020055057.cmr.xml,VERIFIED_NO_HASH,"Valid Header, No Remote Checksum Available",15821,PASS (Structure Only)
BROWSE.MYD11A1.A2020362.h29v08.061.2021020075520.1.jpg,VERIFIED_NO_HASH,"Valid Header, No Remote Checksum Available",8871,PASS (Structure Only)
MYD11A1.A2020365.h27v08.061.2021020115444.hdf,VERIFIED_NO_HASH,"Valid Header, No Remote Checksum Available",417672,PASS (Structure Only)
BROWSE.MYD11A1.A2020366.h28v08.061.2021020120717.1.jpg,VERIFIED_NO_HASH,"Valid Header, No Remote Checksum Available",7585,PASS (Structure Only)
BROWSE.MYD11A1.A2020358.h29v08.061.2021020042847.1.jpg,VERIFIED_NO_HASH,"Valid Header, No Remote Checksum Available",4203,PASS (Structure Only)
BROWSE.MYD11A1.A2020363.h28v08.061.2021020095918.2.jpg,VERIFIED_NO_HASH,"Valid Header, No Remote Checksum Available",7933,PASS (Structure Only)
BROWSE.MYD11A1.A2021001.h29v08.061.2021040151257.1.jpg,VERIFIED_NO_HASH,"Valid Header, No Remote Checksum Available",9098,PASS (Structure Only)
BROWSE.MYD11A1.A2020339.h29v08.061.2021019064415.1.jpg,VERIFIED_NO_HASH,"Valid Header, No Remote Checksum Available",8874,PASS (Structure Only)
BROWSE.MYD11A1.A2020356.h27v08.061.2021020020541.1.jpg,VERIFIED_NO_HASH,"Valid Header, No Remote Checksum Available",8141,PASS (Structure Only)
BROWSE.MYD11A1.A2020345.h29v08.061.2021019111708.1.jpg,VERIFIED_NO_HASH,"Valid Header, No Remote Checksum Available",13366,PASS (Structure Only)
BROWSE.MYD11A1.A2020361.h28v08.061.2021020074511.1.jpg,VERIFIED_NO_HASH,"Valid Header, No Remote Checksum Available",10710,PASS (Structure Only)
BROWSE.MYD11A1.A2021003.h27v08.061.2021040172033.2.jpg,VERIFIED_NO_HASH,"Valid Header, No Remote Checksum Available",4247,PASS (Structure Only)
BROWSE.MYD11A1.A2021002.h27v08.061.2021040153007.1.jpg,VERIFIED_NO_HASH,"Valid Header, No Remote Checksum Available",4071,PASS (Structure Only)
BROWSE.MYD11A1.A2021001.h27v08.061.2021040151147.1.jpg,VERIFIED_NO_HASH,"Valid Header, No Remote Checksum Available",6917,PASS (Structure Only)
BROWSE.MYD11A1.A2020366.h29v08.061.2021020120659.1.jpg,VERIFIED_NO_HASH,"Valid Header, No Remote Checksum Available",6723,PASS (Structure Only)
BROWSE.MYD11A1.A2020366.h27v08.061.2021020120707.1.jpg,VERIFIED_NO_HASH,"Valid Header, No Remote Checksum Available",5090,PASS (Structure Only)
BROWSE.MYD11A1.A2021002.h28v08.061.2021040152940.2.jpg,VERIFIED_NO_HASH,"Valid Header, No Remote Checksum Available",3961,PASS (Structure Only)
BROWSE.MYD11A1.A2021003.h28v08.061.2021040172059.1.jpg,VERIFIED_NO_HASH,"Valid Header, No Remote Checksum Available",4060,PASS (Structure Only)
BROWSE.MYD11A1.A2021001.h28v08.061.2021040151310.2.jpg,VERIFIED_NO_HASH,"Valid Header, No Remote Checksum Available",3961,PASS (Structure Only)
BROWSE.MYD11A1.A2020349.h27v08.061.2021019170643.1.jpg,VERIFIED_NO_HASH,"Valid Header, No Remote Checksum Available",4886,PASS (Structure Only)
BROWSE.MYD11A1.A2021002.h29v08.061.2021040152948.1.jpg,VERIFIED_NO_HASH,"Valid Header, No Remote Checksum Available",4702,PASS (Structure Only)
BROWSE.MYD11A1.A2021003.h29v08.061.2021040172200.1.jpg,VERIFIED_NO_HASH,"Valid Header, No Remote Checksum Available",11040,PASS (Structure Only)
MYD11A1.A2020364.h27v08.061.2021020101053.cmr.xml,VERIFIED_NO_HASH,"Valid Header, No Remote Checksum Available",15496,PASS (Structure Only)
BROWSE.MYD11A1.A2020365.h28v08.061.2021020115441.2.jpg,VERIFIED_NO_HASH,"Valid Header, No Remote Checksum Available",4883,PASS (Structure Only)
BROWSE.MYD11A1.A2020333.h27v08.061.2021019015837.1.jpg,VERIFIED_NO_HASH,"Valid Header, No Remote Checksum Available",4165,PASS (Structure Only)
MYD11A1.A2020361.h29v08.061.2021020074733.hdf,VERIFIED_NO_HASH,"Valid Header, No Remote Checksum Available",517666,PASS (Structure Only)
BROWSE.MYD11A1.A2020348.h27v08.061.2021019132035.1.jpg,VERIFIED_NO_HASH,"Valid Header, No Remote Checksum Available",9975,PASS (Structure Only)
BROWSE.MYD11A1.A2021004.h29v08.061.2021040174217.1.jpg,VERIFIED_NO_HASH,"Valid Header, No Remote Checksum Available",9411,PASS (Structure Only)
BROWSE.MYD11A1.A2021006.h29v08.061.2021040194617.1.jpg,VERIFIED_NO_HASH,"Valid Header, No Remote Checksum Available",6248,PASS (Structure Only)
MYD11A1.A2021005.h28v08.061.2021040193019.hdf,VERIFIED_NO_HASH,"Valid Header, No Remote Checksum Available",685692,PASS (Structure Only)
MYD11A1.A2021007.h29v08.061.2021040210023.cmr.xml,VERIFIED_NO_HASH,"Valid Header, No Remote Checksum Available",16553,PASS (Structure Only)
BROWSE.MYD11A1.A2021008.h28v08.061.2021040211106.1.jpg,VERIFIED_NO_HASH,"Valid Header, No Remote Checksum Available",4675,PASS (Structure Only)
MYD11A1.A2021009.h29v08.061.2021040224433.hdf,VERIFIED_NO_HASH,"Valid Header, No Remote Checksum Available",411706,PASS (Structure Only)
BROWSE.MYD11A1.A2021007.h28v08.061.2021040210046.1.jpg,VERIFIED_NO_HASH,"Valid Header, No Remote Checksum Available",6289,PASS (Structure Only)
BROWSE.MYD11A1.A2021011.h27v08.061.2021041001321.2.jpg,VERIFIED_NO_HASH,"Valid Header, No Remote Checksum Available",4198,PASS (Structure Only)
BROWSE.MYD11A1.A2021011.h28v08.061.2021041001508.1.jpg,VERIFIED_NO_HASH,"Valid Header, No Remote Checksum Available",5121,PASS (Structure Only)
BROWSE.MYD11A1.A2021005.h27v08.061.2021040193037.1.jpg,VERIFIED_NO_HASH,"Valid Header, No Remote Checksum Available",9344,PASS (Structure Only)
MYD11A1.A2020363.h27v08.061.2021020095942.cmr.xml,VERIFIED_NO_HASH,"Valid Header, No Remote Checksum Available",16553,PASS (Structure Only)
BROWSE.MYD11A1.A2021008.h27v08.061.2021040211111.1.jpg,VERIFIED_NO_HASH,"Valid Header, No Remote Checksum Available",6562,PASS (Structure Only)
BROWSE.MYD11A1.A2021005.h29v08.061.2021040193052.1.jpg,VERIFIED_NO_HASH,"Valid Header, No Remote Checksum Available",5874,PASS (Structure Only)
BROWSE.MYD11A1.A2021011.h29v08.061.2021041001425.1.jpg,VERIFIED_NO_HASH,"Valid Header, No Remote Checksum Available",7254,PASS (Structure Only)
BROWSE.MYD11A1.A2021007.h27v08.061.2021040210050.1.jpg,VERIFIED_NO_HASH,"Valid Header, No Remote Checksum Available",9496,PASS (Structure Only)
BROWSE.MYD11A1.A2021012.h28v08.061.2021041002425.1.jpg,VERIFIED_NO_HASH,"Valid Header, No Remote Checksum Available",4939,PASS (Structure Only)
MYD11A1.A2021013.h27v08.061.2021041015653.cmr.xml,VERIFIED_NO_HASH,"Valid Header, No Remote Checksum Available",16551,PASS (Structure Only)
BROWSE.MYD11A1.A2021006.h27v08.061.2021040194558.1.jpg,VERIFIED_NO_HASH,"Valid Header, No Remote Checksum Available",4704,PASS (Structure Only)
BROWSE.MYD11A1.A2021008.h29v08.061.2021040211115.1.jpg,VERIFIED_NO_HASH,"Valid Header, No Remote Checksum Available",7887,PASS (Structure Only)
MYD11A1.A2021004.h27v08.061.2021040174109.cmr.xml,VERIFIED_NO_HASH,"Valid Header, No Remote Checksum Available",15821,PASS (Structure Only)
BROWSE.MYD11A1.A2021012.h27v08.061.2021041002354.1.jpg,VERIFIED_NO_HASH,"Valid Header, No Remote Checksum Available",6782,PASS (Structure Only)
BROWSE.MYD11A1.A2021015.h28v08.061.2021041052344.1.jpg,VERIFIED_NO_HASH,"Valid Header, No Remote Checksum Available",4983,PASS (Structure Only)
BROWSE.MYD11A1.A2021015.h29v08.061.2021041052334.2.jpg,VERIFIED_NO_HASH,"Valid Header, No Remote Checksum Available",4308,PASS (Structure Only)
MYD11A1.A2021013.h28v08.061.2021041015657.cmr.xml,VERIFIED_NO_HASH,"Valid Header, No Remote Checksum Available",15414,PASS (Structure Only)
BROWSE.MYD11A1.A2021010.h29v08.061.2021040224940.1.jpg,VERIFIED_NO_HASH,"Valid Header, No Remote Checksum Available",15642,PASS (Structure Only)
BROWSE.MYD11A1.A2021017.h27v08.061.2021041063315.1.jpg,VERIFIED_NO_HASH,"Valid Header, No Remote Checksum Available",9286,PASS (Structure Only)
BROWSE.MYD11A1.A2021015.h27v08.061.2021041052343.1.jpg,VERIFIED_NO_HASH,"Valid Header, No Remote Checksum Available",9023,PASS (Structure Only)
BROWSE.MYD11A1.A2021013.h29v08.061.2021041015726.1.jpg,VERIFIED_NO_HASH,"Valid Header, No Remote Checksum Available",8183,PASS (Structure Only)
MYD11A1.A2021016.h28v08.061.2021041053440.hdf,VERIFIED_NO_HASH,"Valid Header, No Remote Checksum Available",283535,PASS (Structure Only)
BROWSE.MYD11A1.A2021016.h29v08.061.2021041053424.1.jpg,VERIFIED_NO_HASH,"Valid Header, No Remote Checksum Available",3961,PASS (Structure Only)
BROWSE.MYD11A1.A2021006.h28v08.061.2021040194635.1.jpg,VERIFIED_NO_HASH,"Valid Header, No Remote Checksum Available",5001,PASS (Structure Only)
BROWSE.MYD11A1.A2021018.h27v08.061.2021041064056.1.jpg,VERIFIED_NO_HASH,"Valid Header, No Remote Checksum Available",5207,PASS (Structure Only)
BROWSE.MYD11A1.A2021017.h28v08.061.2021041063526.1.jpg,VERIFIED_NO_HASH,"Valid Header, No Remote Checksum Available",5389,PASS (Structure Only)
BROWSE.MYD11A1.A2021019.h29v08.061.2021041080641.1.jpg,VERIFIED_NO_HASH,"Valid Header, No Remote Checksum Available",4505,PASS (Structure Only)
BROWSE.MYD11A1.A2021018.h28v08.061.2021041064125.1.jpg,VERIFIED_NO_HASH,"Valid Header, No Remote Checksum Available",5623,PASS (Structure Only)
BROWSE.MYD11A1.A2021017.h29v08.061.2021041063609.2.jpg,VERIFIED_NO_HASH,"Valid Header, No Remote Checksum Available",3961,PASS (Structure Only)
BROWSE.MYD11A1.A2021019.h28v08.061.2021041080602.1.jpg,VERIFIED_NO_HASH,"Valid Header, No Remote Checksum Available",6454,PASS (Structure Only)
BROWSE.MYD11A1.A2021021.h27v08.061.2021041092014.1.jpg,VERIFIED_NO_HASH,"Valid Header, No Remote Checksum Available",12154,PASS (Structure Only)
BROWSE.MYD11A1.A2021014.h29v08.061.2021041020237.2.jpg,VERIFIED_NO_HASH,"Valid Header, No Remote Checksum Available",4144,PASS (Structure Only)
BROWSE.MYD11A1.A2021020.h27v08.061.2021041081727.1.jpg,VERIFIED_NO_HASH,"Valid Header, No Remote Checksum Available",5823,PASS (Structure Only)
BROWSE.MYD11A1.A2021014.h27v08.061.2021041020244.1.jpg,VERIFIED_NO_HASH,"Valid Header, No Remote Checksum Available",7600,PASS (Structure Only)
BROWSE.MYD11A1.A2021014.h28v08.061.2021041020222.1.jpg,VERIFIED_NO_HASH,"Valid Header, No Remote Checksum Available",5249,PASS (Structure Only)
MYD11A1.A2021004.h28v08.061.2021040174123.cmr.xml,VERIFIED_NO_HASH,"Valid Header, No Remote Checksum Available",15414,PASS (Structure Only)
BROWSE.MYD11A1.A2021021.h28v08.061.2021041092112.1.jpg,VERIFIED_NO_HASH,"Valid Header, No Remote Checksum Available",12475,PASS (Structure Only)
BROWSE.MYD11A1.A2021022.h29v08.061.2021041092714.1.jpg,VERIFIED_NO_HASH,"Valid Header, No Remote Checksum Available",11992,PASS (Structure Only)
BROWSE.MYD11A1.A2021023.h27v08.061.2021041103211.1.jpg,VERIFIED_NO_HASH,"Valid Header, No Remote Checksum Available",9581,PASS (Structure Only)
BROWSE.MYD11A1.A2021012.h29v08.061.2021041002437.1.jpg,VERIFIED_NO_HASH,"Valid Header, No Remote Checksum Available",4453,PASS (Structure Only)
BROWSE.MYD11A1.A2021020.h29v08.061.2021041081719.1.jpg,VERIFIED_NO_HASH,"Valid Header, No Remote Checksum Available",12472,PASS (Structure Only)
BROWSE.MYD11A1.A2021024.h29v08.061.2021041103929.1.jpg,VERIFIED_NO_HASH,"Valid Header, No Remote Checksum Available",11545,PASS (Structure Only)
MYD11A1.A2021023.h29v08.061.2021041103506.hdf,VERIFIED_NO_HASH,"Valid Header, No Remote Checksum Available",253672,PASS (Structure Only)
BROWSE.MYD11A1.A2021024.h27v08.061.2021041104008.1.jpg,VERIFIED_NO_HASH,"Valid Header, No Remote Checksum Available",12215,PASS (Structure Only)
BROWSE.MYD11A1.A2021025.h28v08.061.2021041114818.1.jpg,VERIFIED_NO_HASH,"Valid Header, No Remote Checksum Available",10923,PASS (Structure Only)
MYD11A1.A2021022.h28v08.061.2021041092710.hdf,VERIFIED_NO_HASH,"Valid Header, No Remote Checksum Available",299800,PASS (Structure Only)
BROWSE.MYD11A1.A2021018.h29v08.061.2021041064221.1.jpg,VERIFIED_NO_HASH,"Valid Header, No Remote Checksum Available",4633,PASS (Structure Only)
BROWSE.MYD11A1.A2021024.h28v08.061.2021041103928.1.jpg,VERIFIED_NO_HASH,"Valid Header, No Remote Checksum Available",8257,PASS (Structure Only)
BROWSE.MYD11A1.A2021027.h27v08.061.2021041125933.1.jpg,VERIFIED_NO_HASH,"Valid Header, No Remote Checksum Available",5420,PASS (Structure Only)
BROWSE.MYD11A1.A2021026.h27v08.061.2021041115622.2.jpg,VERIFIED_NO_HASH,"Valid Header, No Remote Checksum Available",5838,PASS (Structure Only)
BROWSE.MYD11A1.A2021023.h28v08.061.2021041103405.1.jpg,VERIFIED_NO_HASH,"Valid Header, No Remote Checksum Available",8414,PASS (Structure Only)
BROWSE.MYD11A1.A2021025.h27v08.061.2021041114754.1.jpg,VERIFIED_NO_HASH,"Valid Header, No Remote Checksum Available",6989,PASS (Structure Only)
BROWSE.MYD11A1.A2021028.h28v08.061.2021041131035.2.jpg,VERIFIED_NO_HASH,"Valid Header, No Remote Checksum Available",4078,PASS (Structure Only)
BROWSE.MYD11A1.A2021028.h29v08.061.2021041131036.1.jpg,VERIFIED_NO_HASH,"Valid Header, No Remote Checksum Available",7254,PASS (Structure Only)
BROWSE.MYD11A1.A2021028.h27v08.061.2021041130919.1.jpg,VERIFIED_NO_HASH,"Valid Header, No Remote Checksum Available",9150,PASS (Structure Only)
BROWSE.MYD11A1.A2021027.h28v08.061.2021041125857.2.jpg,VERIFIED_NO_HASH,"Valid Header, No Remote Checksum Available",4353,PASS (Structure Only)
BROWSE.MYD11A1.A2021029.h28v08.061.2021041141033.1.jpg,VERIFIED_NO_HASH,"Valid Header, No Remote Checksum Available",4398,PASS (Structure Only)
BROWSE.MYD11A1.A2021026.h29v08.061.2021041115847.1.jpg,VERIFIED_NO_HASH,"Valid Header, No Remote Checksum Available",11517,PASS (Structure Only)
BROWSE.MYD11A1.A2021027.h29v08.061.2021041125918.1.jpg,VERIFIED_NO_HASH,"Valid Header, No Remote Checksum Available",10824,PASS (Structure Only)
BROWSE.MYD11A1.A2021030.h27v08.061.2021041142204.1.jpg,VERIFIED_NO_HASH,"Valid Header, No Remote Checksum Available",10881,PASS (Structure Only)
MYD11A1.A2021026.h28v08.061.2021041115811.hdf,VERIFIED_NO_HASH,"Valid Header, No Remote Checksum Available",585076,PASS (Structure Only)
BROWSE.MYD11A1.A2021025.h29v08.061.2021041114847.1.jpg,VERIFIED_NO_HASH,"Valid Header, No Remote Checksum Available",6386,PASS (Structure Only)
BROWSE.MYD11A1.A2021029.h29v08.061.2021041141100.1.jpg,VERIFIED_NO_HASH,"Valid Header, No Remote Checksum Available",10257,PASS (Structure Only)
BROWSE.MYD11A1.A2021030.h28v08.061.2021041142310.1.jpg,VERIFIED_NO_HASH,"Valid Header, No Remote Checksum Available",11766,PASS (Structure Only)
BROWSE.MYD11A1.A2021020.h28v08.061.2021041081648.1.jpg,VERIFIED_NO_HASH,"Valid Header, No Remote Checksum Available",6701,PASS (Structure Only)
BROWSE.MYD11A1.A2021010.h27v08.061.2021040225030.1.jpg,VERIFIED_NO_HASH,"Valid Header, No Remote Checksum Available",4882,PASS (Structure Only)
BROWSE.MYD11A1.A2021019.h27v08.061.2021041080620.1.jpg,VERIFIED_NO_HASH,"Valid Header, No Remote Checksum Available",6609,PASS (Structure Only)
BROWSE.MYD11A1.A2021032.h29v08.061.2021042222505.2.jpg,VERIFIED_NO_HASH,"Valid Header, No Remote Checksum Available",3961,PASS (Structure Only)
MYD11A1.A2021032.h28v08.061.2021042222458.hdf,VERIFIED_NO_HASH,"Valid Header, No Remote Checksum Available",253152,PASS (Structure Only)
BROWSE.MYD11A1.A2021033.h27v08.061.2021042223313.1.jpg,VERIFIED_NO_HASH,"Valid Header, No Remote Checksum Available",9791,PASS (Structure Only)
BROWSE.MYD11A1.A2021034.h28v08.061.2021042224103.1.jpg,VERIFIED_NO_HASH,"Valid Header, No Remote Checksum Available",7253,PASS (Structure Only)
MYD11A1.A2021034.h27v08.061.2021042224104.cmr.xml,VERIFIED_NO_HASH,"Valid Header, No Remote Checksum Available",16553,PASS (Structure Only)
MYD11A1.A2021034.h29v08.061.2021042224057.cmr.xml,VERIFIED_NO_HASH,"Valid Header, No Remote Checksum Available",16553,PASS (Structure Only)
BROWSE.MYD11A1.A2021035.h28v08.061.2021042224702.1.jpg,VERIFIED_NO_HASH,"Valid Header, No Remote Checksum Available",10213,PASS (Structure Only)
BROWSE.MYD11A1.A2021031.h28v08.061.2021041155021.2.jpg,VERIFIED_NO_HASH,"Valid Header, No Remote Checksum Available",3961,PASS (Structure Only)
BROWSE.MYD11A1.A2021016.h27v08.061.2021041053347.1.jpg,VERIFIED_NO_HASH,"Valid Header, No Remote Checksum Available",6744,PASS (Structure Only)
BROWSE.MYD11A1.A2021036.h27v08.061.2021042225535.1.jpg,VERIFIED_NO_HASH,"Valid Header, No Remote Checksum Available",6259,PASS (Structure Only)
BROWSE.MYD11A1.A2021032.h27v08.061.2021042222434.1.jpg,VERIFIED_NO_HASH,"Valid Header, No Remote Checksum Available",7369,PASS (Structure Only)
BROWSE.MYD11A1.A2021037.h29v08.061.2021042230419.1.jpg,VERIFIED_NO_HASH,"Valid Header, No Remote Checksum Available",5950,PASS (Structure Only)
BROWSE.MYD11A1.A2021035.h27v08.061.2021042224643.1.jpg,VERIFIED_NO_HASH,"Valid Header, No Remote Checksum Available",10171,PASS (Structure Only)
BROWSE.MYD11A1.A2021037.h28v08.061.2021042230351.1.jpg,VERIFIED_NO_HASH,"Valid Header, No Remote Checksum Available",12681,PASS (Structure Only)
BROWSE.MYD11A1.A2021033.h29v08.061.2021042223328.1.jpg,VERIFIED_NO_HASH,"Valid Header, No Remote Checksum Available",4200,PASS (Structure Only)
BROWSE.MYD11A1.A2021038.h29v08.061.2021042231209.2.jpg,VERIFIED_NO_HASH,"Valid Header, No Remote Checksum Available",3961,PASS (Structure Only)
BROWSE.MYD11A1.A2021038.h28v08.061.2021042231213.2.jpg,VERIFIED_NO_HASH,"Valid Header, No Remote Checksum Available",4474,PASS (Structure Only)
BROWSE.MYD11A1.A2021035.h29v08.061.2021042224719.1.jpg,VERIFIED_NO_HASH,"Valid Header, No Remote Checksum Available",10790,PASS (Structure Only)
BROWSE.MYD11A1.A2021036.h29v08.061.2021042225600.1.jpg,VERIFIED_NO_HASH,"Valid Header, No Remote Checksum Available",6021,PASS (Structure Only)
MYD11A1.A2021037.h27v08.061.2021042230406.hdf,VERIFIED_NO_HASH,"Valid Header, No Remote Checksum Available",973977,PASS (Structure Only)
BROWSE.MYD11A1.A2021033.h28v08.061.2021042223300.2.jpg,VERIFIED_NO_HASH,"Valid Header, No Remote Checksum Available",4559,PASS (Structure Only)
BROWSE.MYD11A1.A2021039.h27v08.061.2021042232131.2.jpg,VERIFIED_NO_HASH,"Valid Header, No Remote Checksum Available",6554,PASS (Structure Only)
BROWSE.MYD11A1.A2021040.h27v08.061.2021042222840.1.jpg,VERIFIED_NO_HASH,"Valid Header, No Remote Checksum Available",11144,PASS (Structure Only)
BROWSE.MYD11A1.A2021040.h28v08.061.2021042222840.1.jpg,VERIFIED_NO_HASH,"Valid Header, No Remote Checksum Available",7503,PASS (Structure Only)
BROWSE.MYD11A1.A2021041.h29v08.061.2021042223629.1.jpg,VERIFIED_NO_HASH,"Valid Header, No Remote Checksum Available",7157,PASS (Structure Only)
BROWSE.MYD11A1.A2021036.h28v08.061.2021042225550.1.jpg,VERIFIED_NO_HASH,"Valid Header, No Remote Checksum Available",7544,PASS (Structure Only)
BROWSE.MYD11A1.A2021039.h28v08.061.2021042232107.1.jpg,VERIFIED_NO_HASH,"Valid Header, No Remote Checksum Available",11125,PASS (Structure Only)
BROWSE.MYD11A1.A2021030.h29v08.061.2021041142347.1.jpg,VERIFIED_NO_HASH,"Valid Header, No Remote Checksum Available",4028,PASS (Structure Only)
BROWSE.MYD11A1.A2021031.h29v08.061.2021041155007.2.jpg,VERIFIED_NO_HASH,"Valid Header, No Remote Checksum Available",4133,PASS (Structure Only)
BROWSE.MYD11A1.A2021021.h29v08.061.2021041092224.1.jpg,VERIFIED_NO_HASH,"Valid Header, No Remote Checksum Available",4602,PASS (Structure Only)
BROWSE.MYD11A1.A2021009.h28v08.061.2021040224424.1.jpg,VERIFIED_NO_HASH,"Valid Header, No Remote Checksum Available",5608,PASS (Structure Only)
BROWSE.MYD11A1.A2021010.h28v08.061.2021040224955.2.jpg,VERIFIED_NO_HASH,"Valid Header, No Remote Checksum Available",3961,PASS (Structure Only)
BROWSE.MYD11A1.A2021029.h27v08.061.2021041140912.1.jpg,VERIFIED_NO_HASH,"Valid Header, No Remote Checksum Available",4603,PASS (Structure Only)
BROWSE.MYD11A1.A2021022.h27v08.061.2021041092638.1.jpg,VERIFIED_NO_HASH,"Valid Header, No Remote Checksum Available",8427,PASS (Structure Only)
BROWSE.MYD11A1.A2021009.h27v08.061.2021040224357.1.jpg,VERIFIED_NO_HASH,"Valid Header, No Remote Checksum Available",4649,PASS (Structure Only)
BROWSE.MYD11A1.A2021042.h28v08.061.2021043174215.1.jpg,VERIFIED_NO_HASH,"Valid Header, No Remote Checksum Available",9195,PASS (Structure Only)
MYD11A1.A2021041.h28v08.061.2021042223701.hdf,VERIFIED_NO_HASH,"Valid Header, No Remote Checksum Available",828101,PASS (Structure Only)
BROWSE.MYD11A1.A2021045.h28v08.061.2021046173747.1.jpg,VERIFIED_NO_HASH,"Valid Header, No Remote Checksum Available",8980,PASS (Structure Only)
BROWSE.MYD11A1.A2021046.h28v08.061.2021047200136.1.jpg,VERIFIED_NO_HASH,"Valid Header, No Remote Checksum Available",13688,PASS (Structure Only)
BROWSE.MYD11A1.A2021045.h29v08.061.2021046173718.1.jpg,VERIFIED_NO_HASH,"Valid Header, No Remote Checksum Available",6598,PASS (Structure Only)
BROWSE.MYD11A1.A2021044.h29v08.061.2021045170731.1.jpg,VERIFIED_NO_HASH,"Valid Header, No Remote Checksum Available",4388,PASS (Structure Only)
BROWSE.MYD11A1.A2021043.h27v08.061.2021044165854.1.jpg,VERIFIED_NO_HASH,"Valid Header, No Remote Checksum Available",8336,PASS (Structure Only)
BROWSE.MYD11A1.A2021044.h27v08.061.2021045170713.1.jpg,VERIFIED_NO_HASH,"Valid Header, No Remote Checksum Available",12812,PASS (Structure Only)
BROWSE.MYD11A1.A2021041.h27v08.061.2021042223629.1.jpg,VERIFIED_NO_HASH,"Valid Header, No Remote Checksum Available",11319,PASS (Structure Only)
BROWSE.MYD11A1.A2021040.h29v08.061.2021042222915.1.jpg,VERIFIED_NO_HASH,"Valid Header, No Remote Checksum Available",13226,PASS (Structure Only)
BROWSE.MYD11A1.A2021042.h27v08.061.2021043174149.1.jpg,VERIFIED_NO_HASH,"Valid Header, No Remote Checksum Available",10423,PASS (Structure Only)
BROWSE.MYD11A1.A2021045.h27v08.061.2021046173837.2.jpg,VERIFIED_NO_HASH,"Valid Header, No Remote Checksum Available",7247,PASS (Structure Only)
MYD11A1.A2021046.h27v08.061.2021047200136.cmr.xml,VERIFIED_NO_HASH,"Valid Header, No Remote Checksum Available",15819,PASS (Structure Only)
MYD11A1.A2021046.h29v08.061.2021047200150.hdf,VERIFIED_NO_HASH,"Valid Header, No Remote Checksum Available",348241,PASS (Structure Only)
BROWSE.MYD11A1.A2021047.h28v08.061.2021048173419.2.jpg,VERIFIED_NO_HASH,"Valid Header, No Remote Checksum Available",11819,PASS (Structure Only)
MYD11A1.A2021047.h29v08.061.2021048173511.hdf,VERIFIED_NO_HASH,"Valid Header, No Remote Checksum Available",1851246,PASS (Structure Only)
BROWSE.MYD11A1.A2021047.h27v08.061.2021048173415.1.jpg,VERIFIED_NO_HASH,"Valid Header, No Remote Checksum Available",11270,PASS (Structure Only)
MYD11A1.A2021050.h29v08.061.2021062000612.hdf,VERIFIED_NO_HASH,"Valid Header, No Remote Checksum Available",779206,PASS (Structure Only)
BROWSE.MYD11A1.A2021044.h28v08.061.2021045170748.1.jpg,VERIFIED_NO_HASH,"Valid Header, No Remote Checksum Available",13748,PASS (Structure Only)
BROWSE.MYD11A1.A2021043.h29v08.061.2021044165848.1.jpg,VERIFIED_NO_HASH,"Valid Header, No Remote Checksum Available",7112,PASS (Structure Only)
BROWSE.MYD11A1.A2021051.h28v08.061.2021062014645.1.jpg,VERIFIED_NO_HASH,"Valid Header, No Remote Checksum Available",10893,PASS (Structure Only)
BROWSE.MYD11A1.A2021049.h27v08.061.2021061210007.1.jpg,VERIFIED_NO_HASH,"Valid Header, No Remote Checksum Available",12563,PASS (Structure Only)
MYD11A1.A2021049.h29v08.061.2021061210018.cmr.xml,VERIFIED_NO_HASH,"Valid Header, No Remote Checksum Available",15414,PASS (Structure Only)
BROWSE.MYD11A1.A2021052.h28v08.061.2021062024624.2.jpg,VERIFIED_NO_HASH,"Valid Header, No Remote Checksum Available",13304,PASS (Structure Only)
BROWSE.MYD11A1.A2021052.h27v08.061.2021062024602.2.jpg,VERIFIED_NO_HASH,"Valid Header, No Remote Checksum Available",10133,PASS (Structure Only)
BROWSE.MYD11A1.A2021051.h27v08.061.2021062014652.1.jpg,VERIFIED_NO_HASH,"Valid Header, No Remote Checksum Available",11945,PASS (Structure Only)
BROWSE.MYD11A1.A2021042.h29v08.061.2021043174147.1.jpg,VERIFIED_NO_HASH,"Valid Header, No Remote Checksum Available",7795,PASS (Structure Only)
BROWSE.MYD11A1.A2021054.h28v08.061.2021062042840.1.jpg,VERIFIED_NO_HASH,"Valid Header, No Remote Checksum Available",6755,PASS (Structure Only)
BROWSE.MYD11A1.A2021053.h29v08.061.2021062034629.1.jpg,VERIFIED_NO_HASH,"Valid Header, No Remote Checksum Available",10245,PASS (Structure Only)
BROWSE.MYD11A1.A2021053.h28v08.061.2021062034622.1.jpg,VERIFIED_NO_HASH,"Valid Header, No Remote Checksum Available",11955,PASS (Structure Only)
MYD11A1.A2021050.h28v08.061.2021062000703.hdf,VERIFIED_NO_HASH,"Valid Header, No Remote Checksum Available",1070793,PASS (Structure Only)
MYD11A1.A2021050.h27v08.061.2021062000545.cmr.xml,VERIFIED_NO_HASH,"Valid Header, No Remote Checksum Available",16554,PASS (Structure Only)
BROWSE.MYD11A1.A2021055.h29v08.061.2021062055636.1.jpg,VERIFIED_NO_HASH,"Valid Header, No Remote Checksum Available",8199,PASS (Structure Only)
BROWSE.MYD11A1.A2021055.h27v08.061.2021062055553.1.jpg,VERIFIED_NO_HASH,"Valid Header, No Remote Checksum Available",11157,PASS (Structure Only)
BROWSE.MYD11A1.A2021053.h27v08.061.2021062034659.1.jpg,VERIFIED_NO_HASH,"Valid Header, No Remote Checksum Available",12492,PASS (Structure Only)
BROWSE.MYD11A1.A2021054.h27v08.061.2021062042903.1.jpg,VERIFIED_NO_HASH,"Valid Header, No Remote Checksum Available",11452,PASS (Structure Only)
BROWSE.MYD11A1.A2021056.h29v08.061.2021062073408.1.jpg,VERIFIED_NO_HASH,"Valid Header, No Remote Checksum Available",15839,PASS (Structure Only)
BROWSE.MYD11A1.A2021048.h29v08.061.2021061165811.2.jpg,VERIFIED_NO_HASH,"Valid Header, No Remote Checksum Available",4831,PASS (Structure Only)
BROWSE.MYD11A1.A2021051.h29v08.061.2021062014700.1.jpg,VERIFIED_NO_HASH,"Valid Header, No Remote Checksum Available",12224,PASS (Structure Only)
MYD11A1.A2021052.h29v08.061.2021062024623.hdf,VERIFIED_NO_HASH,"Valid Header, No Remote Checksum Available",1309624,PASS (Structure Only)
MYD11A1.A2021049.h28v08.061.2021061210007.hdf,VERIFIED_NO_HASH,"Valid Header, No Remote Checksum Available",652114,PASS (Structure Only)
BROWSE.MYD11A1.A2021057.h27v08.061.2021062082947.1.jpg,VERIFIED_NO_HASH,"Valid Header, No Remote Checksum Available",8804,PASS (Structure Only)
BROWSE.MYD11A1.A2021058.h27v08.061.2021062084908.1.jpg,VERIFIED_NO_HASH,"Valid Header, No Remote Checksum Available",12328,PASS (Structure Only)
BROWSE.MYD11A1.A2021058.h29v08.061.2021062084845.1.jpg,VERIFIED_NO_HASH,"Valid Header, No Remote Checksum Available",18744,PASS (Structure Only)
MYD11A1.A2021057.h28v08.061.2021062083035.hdf,VERIFIED_NO_HASH,"Valid Header, No Remote Checksum Available",1855045,PASS (Structure Only)
BROWSE.MYD11A1.A2021057.h29v08.061.2021062083015.1.jpg,VERIFIED_NO_HASH,"Valid Header, No Remote Checksum Available",8981,PASS (Structure Only)
BROWSE.MYD11A1.A2021060.h28v08.061.2021062104755.1.jpg,VERIFIED_NO_HASH,"Valid Header, No Remote Checksum Available",14519,PASS (Structure Only)
BROWSE.MYD11A1.A2021054.h29v08.061.2021062043008.1.jpg,VERIFIED_NO_HASH,"Valid Header, No Remote Checksum Available",11983,PASS (Structure Only)
BROWSE.MYD11A1.A2021055.h28v08.061.2021062055828.1.jpg,VERIFIED_NO_HASH,"Valid Header, No Remote Checksum Available",11719,PASS (Structure Only)
MYD11A1.A2021061.h29v08.061.2021062204429.cmr.xml,VERIFIED_NO_HASH,"Valid Header, No Remote Checksum Available",15822,PASS (Structure Only)
BROWSE.MYD11A1.A2021061.h27v08.061.2021062204314.1.jpg,VERIFIED_NO_HASH,"Valid Header, No Remote Checksum Available",8577,PASS (Structure Only)
BROWSE.MYD11A1.A2021059.h28v08.061.2021062101528.1.jpg,VERIFIED_NO_HASH,"Valid Header, No Remote Checksum Available",14372,PASS (Structure Only)
MYD11A1.A2021058.h28v08.061.2021062085147.hdf,VERIFIED_NO_HASH,"Valid Header, No Remote Checksum Available",1468176,PASS (Structure Only)
BROWSE.MYD11A1.A2021062.h27v08.061.2021065035848.1.jpg,VERIFIED_NO_HASH,"Valid Header, No Remote Checksum Available",9600,PASS (Structure Only)
BROWSE.MYD11A1.A2021031.h27v08.061.2021041155024.1.jpg,VERIFIED_NO_HASH,"Valid Header, No Remote Checksum Available",7462,PASS (Structure Only)
BROWSE.MYD11A1.A2021048.h28v08.061.2021061165912.1.jpg,VERIFIED_NO_HASH,"Valid Header, No Remote Checksum Available",12663,PASS (Structure Only)
BROWSE.MYD11A1.A2021048.h27v08.061.2021061165803.2.jpg,VERIFIED_NO_HASH,"Valid Header, No Remote Checksum Available",10531,PASS (Structure Only)
BROWSE.MYD11A1.A2021062.h28v08.061.2021065035912.2.jpg,VERIFIED_NO_HASH,"Valid Header, No Remote Checksum Available",7215,PASS (Structure Only)
BROWSE.MYD11A1.A2021056.h28v08.061.2021062073459.2.jpg,VERIFIED_NO_HASH,"Valid Header, No Remote Checksum Available",7298,PASS (Structure Only)
BROWSE.MYD11A1.A2021056.h27v08.061.2021062073345.1.jpg,VERIFIED_NO_HASH,"Valid Header, No Remote Checksum Available",8980,PASS (Structure Only)
BROWSE.MYD11A1.A2021063.h27v08.061.2021068003024.1.jpg,VERIFIED_NO_HASH,"Valid Header, No Remote Checksum Available",12684,PASS (Structure Only)
BROWSE.MYD11A1.A2021065.h29v08.061.2021068094102.1.jpg,VERIFIED_NO_HASH,"Valid Header, No Remote Checksum Available",18282,PASS (Structure Only)
BROWSE.MYD11A1.A2021063.h28v08.061.2021068003058.1.jpg,VERIFIED_NO_HASH,"Valid Header, No Remote Checksum Available",6287,PASS (Structure Only)
BROWSE.MYD11A1.A2021063.h29v08.061.2021068003125.1.jpg,VERIFIED_NO_HASH,"Valid Header, No Remote Checksum Available",12983,PASS (Structure Only)
MYD11A1.A2021066.h29v08.061.2021068105028.hdf,VERIFIED_NO_HASH,"Valid Header, No Remote Checksum Available",890449,PASS (Structure Only)
MYD11A1.A2021067.h28v08.061.2021068200221.hdf,VERIFIED_NO_HASH,"Valid Header, No Remote Checksum Available",1234034,PASS (Structure Only)
BROWSE.MYD11A1.A2021062.h29v08.061.2021065040015.1.jpg,VERIFIED_NO_HASH,"Valid Header, No Remote Checksum Available",8607,PASS (Structure Only)
MYD11A1.A2021067.h27v08.061.2021068200137.hdf,VERIFIED_NO_HASH,"Valid Header, No Remote Checksum Available",1172469,PASS (Structure Only)
MYD11A1.A2021067.h29v08.061.2021068200138.hdf,VERIFIED_NO_HASH,"Valid Header, No Remote Checksum Available",646192,PASS (Structure Only)
BROWSE.MYD11A1.A2021064.h29v08.061.2021068043538.1.jpg,VERIFIED_NO_HASH,"Valid Header, No Remote Checksum Available",8182,PASS (Structure Only)
MYD11A1.A2021068.h29v08.061.2021069181802.hdf,VERIFIED_NO_HASH,"Valid Header, No Remote Checksum Available",525165,PASS (Structure Only)
MYD11A1.A2021068.h27v08.061.2021069181821.hdf,VERIFIED_NO_HASH,"Valid Header, No Remote Checksum Available",757332,PASS (Structure Only)
MYD11A1.A2021068.h28v08.061.2021069181830.hdf,VERIFIED_NO_HASH,"Valid Header, No Remote Checksum Available",1177723,PASS (Structure Only)
MYD11A1.A2021069.h27v08.061.2021070190154.hdf,VERIFIED_NO_HASH,"Valid Header, No Remote Checksum Available",1410423,PASS (Structure Only)
MYD11A1.A2021069.h28v08.061.2021070190147.hdf,VERIFIED_NO_HASH,"Valid Header, No Remote Checksum Available",1246855,PASS (Structure Only)
MYD11A1.A2021069.h29v08.061.2021070190254.hdf,VERIFIED_NO_HASH,"Valid Header, No Remote Checksum Available",640904,PASS (Structure Only)
MYD11A1.A2021070.h28v08.061.2021075075847.hdf,VERIFIED_NO_HASH,"Valid Header, No Remote Checksum Available",319019,PASS (Structure Only)
MYD11A1.A2021071.h28v08.061.2021075195715.hdf,VERIFIED_NO_HASH,"Valid Header, No Remote Checksum Available",514536,PASS (Structure Only)
MYD11A1.A2021070.h27v08.061.2021075080844.hdf,VERIFIED_NO_HASH,"Valid Header, No Remote Checksum Available",397567,PASS (Structure Only)
MYD11A1.A2021071.h27v08.061.2021075201356.hdf,VERIFIED_NO_HASH,"Valid Header, No Remote Checksum Available",550237,PASS (Structure Only)
MYD11A1.A2021071.h29v08.061.2021075195802.hdf,VERIFIED_NO_HASH,"Valid Header, No Remote Checksum Available",393730,PASS (Structure Only)
MYD11A1.A2021072.h28v08.061.2021075215422.hdf,VERIFIED_NO_HASH,"Valid Header, No Remote Checksum Available",434585,PASS (Structure Only)
MYD11A1.A2021072.h27v08.061.2021075215532.hdf,VERIFIED_NO_HASH,"Valid Header, No Remote Checksum Available",694400,PASS (Structure Only)
BROWSE.MYD11A1.A2021073.h29v08.061.2021076034622.1.jpg,VERIFIED_NO_HASH,"Valid Header, No Remote Checksum Available",10552,PASS (Structure Only)
BROWSE.MYD11A1.A2021064.h27v08.061.2021068043547.1.jpg,VERIFIED_NO_HASH,"Valid Header, No Remote Checksum Available",10695,PASS (Structure Only)
MYD11A1.A2021070.h29v08.061.2021075081022.hdf,VERIFIED_NO_HASH,"Valid Header, No Remote Checksum Available",411952,PASS (Structure Only)
BROWSE.MYD11A1.A2021074.h28v08.061.2021076054755.1.jpg,VERIFIED_NO_HASH,"Valid Header, No Remote Checksum Available",12674,PASS (Structure Only)
BROWSE.MYD11A1.A2021073.h28v08.061.2021076035406.1.jpg,VERIFIED_NO_HASH,"Valid Header, No Remote Checksum Available",14033,PASS (Structure Only)
BROWSE.MYD11A1.A2021059.h27v08.061.2021062101415.2.jpg,VERIFIED_NO_HASH,"Valid Header, No Remote Checksum Available",9161,PASS (Structure Only)
BROWSE.MYD11A1.A2021066.h28v08.061.2021068105114.1.jpg,VERIFIED_NO_HASH,"Valid Header, No Remote Checksum Available",8787,PASS (Structure Only)
BROWSE.MYD11A1.A2021074.h29v08.061.2021076054819.1.jpg,VERIFIED_NO_HASH,"Valid Header, No Remote Checksum Available",17246,PASS (Structure Only)
BROWSE.MYD11A1.A2021075.h29v08.061.2021076190150.1.jpg,VERIFIED_NO_HASH,"Valid Header, No Remote Checksum Available",13539,PASS (Structure Only)
BROWSE.MYD11A1.A2021075.h27v08.061.2021076190400.1.jpg,VERIFIED_NO_HASH,"Valid Header, No Remote Checksum Available",7158,PASS (Structure Only)
BROWSE.MYD11A1.A2021076.h28v08.061.2021077195533.1.jpg,VERIFIED_NO_HASH,"Valid Header, No Remote Checksum Available",12647,PASS (Structure Only)
BROWSE.MYD11A1.A2021075.h28v08.061.2021076190000.1.jpg,VERIFIED_NO_HASH,"Valid Header, No Remote Checksum Available",11989,PASS (Structure Only)
BROWSE.MYD11A1.A2021076.h29v08.061.2021077195535.1.jpg,VERIFIED_NO_HASH,"Valid Header, No Remote Checksum Available",15943,PASS (Structure Only)
BROWSE.MYD11A1.A2021064.h28v08.061.2021068043553.2.jpg,VERIFIED_NO_HASH,"Valid Header, No Remote Checksum Available",8424,PASS (Structure Only)
MYD11A1.A2021072.h29v08.061.2021075215509.hdf,VERIFIED_NO_HASH,"Valid Header, No Remote Checksum Available",523140,PASS (Structure Only)
BROWSE.MYD11A1.A2021074.h27v08.061.2021076055714.1.jpg,VERIFIED_NO_HASH,"Valid Header, No Remote Checksum Available",9590,PASS (Structure Only)
BROWSE.MYD11A1.A2021078.h29v08.061.2021082144649.1.jpg,VERIFIED_NO_HASH,"Valid Header, No Remote Checksum Available",9949,PASS (Structure Only)
BROWSE.MYD11A1.A2021077.h28v08.061.2021082125712.2.jpg,VERIFIED_NO_HASH,"Valid Header, No Remote Checksum Available",8576,PASS (Structure Only)
BROWSE.MYD11A1.A2021077.h27v08.061.2021082130058.1.jpg,VERIFIED_NO_HASH,"Valid Header, No Remote Checksum Available",7183,PASS (Structure Only)
BROWSE.MYD11A1.A2021077.h29v08.061.2021082125350.1.jpg,VERIFIED_NO_HASH,"Valid Header, No Remote Checksum Available",12431,PASS (Structure Only)
BROWSE.MYD11A1.A2021078.h27v08.061.2021082143707.2.jpg,VERIFIED_NO_HASH,"Valid Header, No Remote Checksum Available",9859,PASS (Structure Only)
BROWSE.MYD11A1.A2021078.h28v08.061.2021082143604.1.jpg,VERIFIED_NO_HASH,"Valid Header, No Remote Checksum Available",13437,PASS (Structure Only)
BROWSE.MYD11A1.A2021061.h28v08.061.2021062204406.2.jpg,VERIFIED_NO_HASH,"Valid Header, No Remote Checksum Available",8524,PASS (Structure Only)
BROWSE.MYD11A1.A2021076.h27v08.061.2021077200429.1.jpg,VERIFIED_NO_HASH,"Valid Header, No Remote Checksum Available",12703,PASS (Structure Only)
BROWSE.MYD11A1.A2021080.h27v08.061.2021082172849.2.jpg,VERIFIED_NO_HASH,"Valid Header, No Remote Checksum Available",7023,PASS (Structure Only)
BROWSE.MYD11A1.A2021060.h29v08.061.2021062104756.1.jpg,VERIFIED_NO_HASH,"Valid Header, No Remote Checksum Available",8186,PASS (Structure Only)
BROWSE.MYD11A1.A2021081.h28v08.061.2021086013303.1.jpg,VERIFIED_NO_HASH,"Valid Header, No Remote Checksum Available",8173,PASS (Structure Only)
BROWSE.MYD11A1.A2021082.h28v08.061.2021086043913.1.jpg,VERIFIED_NO_HASH,"Valid Header, No Remote Checksum Available",7111,PASS (Structure Only)
BROWSE.MYD11A1.A2021081.h29v08.061.2021086014210.1.jpg,VERIFIED_NO_HASH,"Valid Header, No Remote Checksum Available",11115,PASS (Structure Only)
BROWSE.MYD11A1.A2021079.h28v08.061.2021082160454.1.jpg,VERIFIED_NO_HASH,"Valid Header, No Remote Checksum Available",5978,PASS (Structure Only)
BROWSE.MYD11A1.A2021080.h29v08.061.2021082173817.1.jpg,VERIFIED_NO_HASH,"Valid Header, No Remote Checksum Available",11117,PASS (Structure Only)
BROWSE.MYD11A1.A2021083.h29v08.061.2021089013430.2.jpg,VERIFIED_NO_HASH,"Valid Header, No Remote Checksum Available",5913,PASS (Structure Only)
BROWSE.MYD11A1.A2021083.h27v08.061.2021089013259.1.jpg,VERIFIED_NO_HASH,"Valid Header, No Remote Checksum Available",7251,PASS (Structure Only)
BROWSE.MYD11A1.A2021083.h28v08.061.2021089015632.1.jpg,VERIFIED_NO_HASH,"Valid Header, No Remote Checksum Available",4056,PASS (Structure Only)
BROWSE.MYD11A1.A2021073.h27v08.061.2021076033818.1.jpg,VERIFIED_NO_HASH,"Valid Header, No Remote Checksum Available",9865,PASS (Structure Only)
BROWSE.MYD11A1.A2021082.h27v08.061.2021086045427.1.jpg,VERIFIED_NO_HASH,"Valid Header, No Remote Checksum Available",4245,PASS (Structure Only)
BROWSE.MYD11A1.A2021079.h29v08.061.2021082155406.1.jpg,VERIFIED_NO_HASH,"Valid Header, No Remote Checksum Available",17792,PASS (Structure Only)
BROWSE.MYD11A1.A2021059.h29v08.061.2021062101502.1.jpg,VERIFIED_NO_HASH,"Valid Header, No Remote Checksum Available",13541,PASS (Structure Only)
BROWSE.MYD11A1.A2021085.h27v08.061.2021089055304.1.jpg,VERIFIED_NO_HASH,"Valid Header, No Remote Checksum Available",10800,PASS (Structure Only)
BROWSE.MYD11A1.A2021084.h27v08.061.2021089040417.1.jpg,VERIFIED_NO_HASH,"Valid Header, No Remote Checksum Available",4253,PASS (Structure Only)
BROWSE.MYD11A1.A2021086.h28v08.061.2021089083912.1.jpg,VERIFIED_NO_HASH,"Valid Header, No Remote Checksum Available",4372,PASS (Structure Only)
BROWSE.MYD11A1.A2021081.h27v08.061.2021086013124.1.jpg,VERIFIED_NO_HASH,"Valid Header, No Remote Checksum Available",7763,PASS (Structure Only)
BROWSE.MYD11A1.A2021082.h29v08.061.2021086045717.1.jpg,VERIFIED_NO_HASH,"Valid Header, No Remote Checksum Available",7079,PASS (Structure Only)
BROWSE.MYD11A1.A2021087.h27v08.061.2021089091742.1.jpg,VERIFIED_NO_HASH,"Valid Header, No Remote Checksum Available",9435,PASS (Structure Only)
BROWSE.MYD11A1.A2021087.h28v08.061.2021089093246.1.jpg,VERIFIED_NO_HASH,"Valid Header, No Remote Checksum Available",15649,PASS (Structure Only)
BROWSE.MYD11A1.A2021086.h27v08.061.2021089083922.2.jpg,VERIFIED_NO_HASH,"Valid Header, No Remote Checksum Available",3961,PASS (Structure Only)
BROWSE.MYD11A1.A2021085.h29v08.061.2021089055500.1.jpg,VERIFIED_NO_HASH,"Valid Header, No Remote Checksum Available",7714,PASS (Structure Only)
BROWSE.MYD11A1.A2021084.h29v08.061.2021089040040.1.jpg,VERIFIED_NO_HASH,"Valid Header, No Remote Checksum Available",9366,PASS (Structure Only)
BROWSE.MYD11A1.A2021088.h27v08.061.2021089181324.1.jpg,VERIFIED_NO_HASH,"Valid Header, No Remote Checksum Available",6021,PASS (Structure Only)
BROWSE.MYD11A1.A2021085.h28v08.061.2021089055443.1.jpg,VERIFIED_NO_HASH,"Valid Header, No Remote Checksum Available",13029,PASS (Structure Only)
BROWSE.MYD11A1.A2021060.h27v08.061.2021062104807.1.jpg,VERIFIED_NO_HASH,"Valid Header, No Remote Checksum Available",12903,PASS (Structure Only)
BROWSE.MYD11A1.A2021086.h29v08.061.2021089083742.1.jpg,VERIFIED_NO_HASH,"Valid Header, No Remote Checksum Available",12391,PASS (Structure Only)
BROWSE.MYD11A1.A2021087.h29v08.061.2021089092937.1.jpg,VERIFIED_NO_HASH,"Valid Header, No Remote Checksum Available",7112,PASS (Structure Only)
BROWSE.MYD11A1.A2021089.h28v08.061.2021090173311.2.jpg,VERIFIED_NO_HASH,"Valid Header, No Remote Checksum Available",5202,PASS (Structure Only)
BROWSE.MYD11A1.A2021089.h29v08.061.2021090173204.1.jpg,VERIFIED_NO_HASH,"Valid Header, No Remote Checksum Available",7157,PASS (Structure Only)
BROWSE.MYD11A1.A2021090.h29v08.061.2021092203350.1.jpg,VERIFIED_NO_HASH,"Valid Header, No Remote Checksum Available",12238,PASS (Structure Only)
BROWSE.MYD11A1.A2021089.h27v08.061.2021090171936.1.jpg,VERIFIED_NO_HASH,"Valid Header, No Remote Checksum Available",4755,PASS (Structure Only)
BROWSE.MYD11A1.A2021090.h28v08.061.2021092203722.1.jpg,VERIFIED_NO_HASH,"Valid Header, No Remote Checksum Available",8434,PASS (Structure Only)
BROWSE.MYD11A1.A2021090.h27v08.061.2021092203450.1.jpg,VERIFIED_NO_HASH,"Valid Header, No Remote Checksum Available",6595,PASS (Structure Only)
BROWSE.MYD11A1.A2021088.h28v08.061.2021089180923.1.jpg,VERIFIED_NO_HASH,"Valid Header, No Remote Checksum Available",5762,PASS (Structure Only)
BROWSE.MYD11A1.A2021091.h29v08.061.2021092205732.1.jpg,VERIFIED_NO_HASH,"Valid Header, No Remote Checksum Available",11709,PASS (Structure Only)
BROWSE.MYD11A1.A2021092.h27v08.061.2021093171320.1.jpg,VERIFIED_NO_HASH,"Valid Header, No Remote Checksum Available",8352,PASS (Structure Only)
BROWSE.MYD11A1.A2021092.h29v08.061.2021093172334.2.jpg,VERIFIED_NO_HASH,"Valid Header, No Remote Checksum Available",6081,PASS (Structure Only)
BROWSE.MYD11A1.A2021093.h29v08.061.2021094174317.2.jpg,VERIFIED_NO_HASH,"Valid Header, No Remote Checksum Available",6070,PASS (Structure Only)
BROWSE.MYD11A1.A2021091.h27v08.061.2021092205445.1.jpg,VERIFIED_NO_HASH,"Valid Header, No Remote Checksum Available",4611,PASS (Structure Only)
BROWSE.MYD11A1.A2021093.h27v08.061.2021094173654.1.jpg,VERIFIED_NO_HASH,"Valid Header, No Remote Checksum Available",4796,PASS (Structure Only)
BROWSE.MYD11A1.A2021091.h28v08.061.2021092204712.1.jpg,VERIFIED_NO_HASH,"Valid Header, No Remote Checksum Available",7271,PASS (Structure Only)
BROWSE.MYD11A1.A2021095.h27v08.061.2021096200829.1.jpg,VERIFIED_NO_HASH,"Valid Header, No Remote Checksum Available",8066,PASS (Structure Only)
MYD11A1.A2021093.h28v08.061.2021094174154.hdf,VERIFIED_NO_HASH,"Valid Header, No Remote Checksum Available",446884,PASS (Structure Only)
BROWSE.MYD11A1.A2021096.h28v08.061.2021097173210.1.jpg,VERIFIED_NO_HASH,"Valid Header, No Remote Checksum Available",13856,PASS (Structure Only)
BROWSE.MYD11A1.A2021095.h29v08.061.2021096201839.1.jpg,VERIFIED_NO_HASH,"Valid Header, No Remote Checksum Available",9742,PASS (Structure Only)
BROWSE.MYD11A1.A2021096.h27v08.061.2021097173541.1.jpg,VERIFIED_NO_HASH,"Valid Header, No Remote Checksum Available",9316,PASS (Structure Only)
BROWSE.MYD11A1.A2021094.h27v08.061.2021095190216.1.jpg,VERIFIED_NO_HASH,"Valid Header, No Remote Checksum Available",5231,PASS (Structure Only)
BROWSE.MYD11A1.A2021088.h29v08.061.2021089182154.1.jpg,VERIFIED_NO_HASH,"Valid Header, No Remote Checksum Available",11350,PASS (Structure Only)
BROWSE.MYD11A1.A2021097.h27v08.061.2021098173105.1.jpg,VERIFIED_NO_HASH,"Valid Header, No Remote Checksum Available",7750,PASS (Structure Only)
BROWSE.MYD11A1.A2021097.h29v08.061.2021098172227.1.jpg,VERIFIED_NO_HASH,"Valid Header, No Remote Checksum Available",14049,PASS (Structure Only)
MYD11A1.A2021095.h28v08.061.2021096200949.cmr.xml,VERIFIED_NO_HASH,"Valid Header, No Remote Checksum Available",15903,PASS (Structure Only)
BROWSE.MYD11A1.A2021097.h28v08.061.2021098172952.1.jpg,VERIFIED_NO_HASH,"Valid Header, No Remote Checksum Available",9944,PASS (Structure Only)
BROWSE.MYD11A1.A2021084.h28v08.061.2021089035600.1.jpg,VERIFIED_NO_HASH,"Valid Header, No Remote Checksum Available",5142,PASS (Structure Only)
BROWSE.MYD11A1.A2021098.h27v08.061.2021099182450.1.jpg,VERIFIED_NO_HASH,"Valid Header, No Remote Checksum Available",8473,PASS (Structure Only)
BROWSE.MYD11A1.A2021096.h29v08.061.2021097174258.2.jpg,VERIFIED_NO_HASH,"Valid Header, No Remote Checksum Available",5827,PASS (Structure Only)
BROWSE.MYD11A1.A2021092.h28v08.061.2021093172157.1.jpg,VERIFIED_NO_HASH,"Valid Header, No Remote Checksum Available",12872,PASS (Structure Only)
BROWSE.MYD11A1.A2021094.h29v08.061.2021095185927.1.jpg,VERIFIED_NO_HASH,"Valid Header, No Remote Checksum Available",11242,PASS (Structure Only)
MYD11A1.A2021099.h29v08.061.2021100172810.hdf,VERIFIED_NO_HASH,"Valid Header, No Remote Checksum Available",902087,PASS (Structure Only)
MYD11A1.A2021099.h28v08.061.2021100172644.hdf,VERIFIED_NO_HASH,"Valid Header, No Remote Checksum Available",940459,PASS (Structure Only)
BROWSE.MYD11A1.A2021100.h29v08.061.2021101165824.1.jpg,VERIFIED_NO_HASH,"Valid Header, No Remote Checksum Available",13078,PASS (Structure Only)
BROWSE.MYD11A1.A2021100.h28v08.061.2021101165516.1.jpg,VERIFIED_NO_HASH,"Valid Header, No Remote Checksum Available",13903,PASS (Structure Only)
BROWSE.MYD11A1.A2021100.h27v08.061.2021101165447.1.jpg,VERIFIED_NO_HASH,"Valid Header, No Remote Checksum Available",6096,PASS (Structure Only)
MYD11A1.A2021099.h27v08.061.2021100171348.cmr.xml,VERIFIED_NO_HASH,"Valid Header, No Remote Checksum Available",15090,PASS (Structure Only)
BROWSE.MYD11A1.A2021098.h28v08.061.2021099182505.1.jpg,VERIFIED_NO_HASH,"Valid Header, No Remote Checksum Available",12895,PASS (Structure Only)
BROWSE.MYD11A1.A2021102.h28v08.061.2021103192830.1.jpg,VERIFIED_NO_HASH,"Valid Header, No Remote Checksum Available",6720,PASS (Structure Only)
BROWSE.MYD11A1.A2021103.h27v08.061.2021104172219.1.jpg,VERIFIED_NO_HASH,"Valid Header, No Remote Checksum Available",9232,PASS (Structure Only)
BROWSE.MYD11A1.A2021094.h28v08.061.2021095190227.1.jpg,VERIFIED_NO_HASH,"Valid Header, No Remote Checksum Available",8697,PASS (Structure Only)
BROWSE.MYD11A1.A2021104.h27v08.061.2021107071858.1.jpg,VERIFIED_NO_HASH,"Valid Header, No Remote Checksum Available",9176,PASS (Structure Only)
BROWSE.MYD11A1.A2021101.h27v08.061.2021102183813.1.jpg,VERIFIED_NO_HASH,"Valid Header, No Remote Checksum Available",10147,PASS (Structure Only)
BROWSE.MYD11A1.A2021101.h28v08.061.2021102183651.1.jpg,VERIFIED_NO_HASH,"Valid Header, No Remote Checksum Available",12993,PASS (Structure Only)
BROWSE.MYD11A1.A2021103.h28v08.061.2021104173425.1.jpg,VERIFIED_NO_HASH,"Valid Header, No Remote Checksum Available",13655,PASS (Structure Only)
BROWSE.MYD11A1.A2021103.h29v08.061.2021104172439.2.jpg,VERIFIED_NO_HASH,"Valid Header, No Remote Checksum Available",6127,PASS (Structure Only)
BROWSE.MYD11A1.A2021098.h29v08.061.2021099183806.1.jpg,VERIFIED_NO_HASH,"Valid Header, No Remote Checksum Available",9683,PASS (Structure Only)
BROWSE.MYD11A1.A2021102.h27v08.061.2021103191816.1.jpg,VERIFIED_NO_HASH,"Valid Header, No Remote Checksum Available",8713,PASS (Structure Only)
MYD11A1.A2021101.h29v08.061.2021102183648.cmr.xml,VERIFIED_NO_HASH,"Valid Header, No Remote Checksum Available",16228,PASS (Structure Only)
BROWSE.MYD11A1.A2021038.h27v08.061.2021042231159.1.jpg,VERIFIED_NO_HASH,"Valid Header, No Remote Checksum Available",7566,PASS (Structure Only)
BROWSE.MYD11A1.A2021066.h27v08.061.2021068105105.1.jpg,VERIFIED_NO_HASH,"Valid Header, No Remote Checksum Available",6716,PASS (Structure Only)
BROWSE.MYD11A1.A2021079.h27v08.061.2021082155008.1.jpg,VERIFIED_NO_HASH,"Valid Header, No Remote Checksum Available",8374,PASS (Structure Only)
BROWSE.MYD11A1.A2021080.h28v08.061.2021082171050.2.jpg,VERIFIED_NO_HASH,"Valid Header, No Remote Checksum Available",8658,PASS (Structure Only)
BROWSE.MYD11A1.A2021039.h29v08.061.2021042232115.1.jpg,VERIFIED_NO_HASH,"Valid Header, No Remote Checksum Available",4367,PASS (Structure Only)
BROWSE.MYD11A1.A2021043.h28v08.061.2021044165829.1.jpg,VERIFIED_NO_HASH,"Valid Header, No Remote Checksum Available",13553,PASS (Structure Only)
MYD11A1.A2021102.h29v08.061.2021103192828.hdf,VERIFIED_NO_HASH,"Valid Header, No Remote Checksum Available",1333135,PASS (Structure Only)
MYD11A1.A2021065.h27v08.061.2021068094005.hdf,VERIFIED_NO_HASH,"Valid Header, No Remote Checksum Available",559139,PASS (Structure Only)
MYD11A1.A2021065.h28v08.061.2021068094019.hdf,VERIFIED_NO_HASH,"Valid Header, No Remote Checksum Available",370592,PASS (Structure Only)
MYD11A1.A2021108.h28v08.061.2021110165152.cmr.xml,VERIFIED_NO_HASH,"Valid Header, No Remote Checksum Available",15741,PASS (Structure Only)
BROWSE.MYD11A1.A2021108.h29v08.061.2021110165720.1.jpg,VERIFIED_NO_HASH,"Valid Header, No Remote Checksum Available",7729,PASS (Structure Only)
MYD11A1.A2021107.h29v08.061.2021108170218.hdf,VERIFIED_NO_HASH,"Valid Header, No Remote Checksum Available",689135,PASS (Structure Only)
BROWSE.MYD11A1.A2021110.h29v08.061.2021111184228.1.jpg,VERIFIED_NO_HASH,"Valid Header, No Remote Checksum Available",8739,PASS (Structure Only)
BROWSE.MYD11A1.A2021109.h27v08.061.2021111021907.1.jpg,VERIFIED_NO_HASH,"Valid Header, No Remote Checksum Available",5700,PASS (Structure Only)
MYD11A1.A2021109.h28v08.061.2021111022326.cmr.xml,VERIFIED_NO_HASH,"Valid Header, No Remote Checksum Available",15413,PASS (Structure Only)
MYD11A1.A2021110.h27v08.061.2021111184845.cmr.xml,VERIFIED_NO_HASH,"Valid Header, No Remote Checksum Available",15821,PASS (Structure Only)
BROWSE.MYD11A1.A2021111.h28v08.061.2021112191009.1.jpg,VERIFIED_NO_HASH,"Valid Header, No Remote Checksum Available",7969,PASS (Structure Only)
BROWSE.MYD11A1.A2021111.h27v08.061.2021112191635.1.jpg,VERIFIED_NO_HASH,"Valid Header, No Remote Checksum Available",10278,PASS (Structure Only)
BROWSE.MYD11A1.A2021107.h28v08.061.2021108170139.1.jpg,VERIFIED_NO_HASH,"Valid Header, No Remote Checksum Available",7217,PASS (Structure Only)
MYD11A1.A2021106.h28v08.061.2021107172252.hdf,VERIFIED_NO_HASH,"Valid Header, No Remote Checksum Available",420184,PASS (Structure Only)
BROWSE.MYD11A1.A2021105.h27v08.061.2021107130030.1.jpg,VERIFIED_NO_HASH,"Valid Header, No Remote Checksum Available",11352,PASS (Structure Only)
BROWSE.MYD11A1.A2021113.h29v08.061.2021117191814.1.jpg,VERIFIED_NO_HASH,"Valid Header, No Remote Checksum Available",17913,PASS (Structure Only)
BROWSE.MYD11A1.A2021113.h27v08.061.2021117191342.1.jpg,VERIFIED_NO_HASH,"Valid Header, No Remote Checksum Available",9370,PASS (Structure Only)
BROWSE.MYD11A1.A2021113.h28v08.061.2021117191741.2.jpg,VERIFIED_NO_HASH,"Valid Header, No Remote Checksum Available",5046,PASS (Structure Only)
BROWSE.MYD11A1.A2021107.h27v08.061.2021108170128.1.jpg,VERIFIED_NO_HASH,"Valid Header, No Remote Checksum Available",4721,PASS (Structure Only)
BROWSE.MYD11A1.A2021110.h28v08.061.2021111184812.1.jpg,VERIFIED_NO_HASH,"Valid Header, No Remote Checksum Available",14899,PASS (Structure Only)
BROWSE.MYD11A1.A2021104.h28v08.061.2021107072559.1.jpg,VERIFIED_NO_HASH,"Valid Header, No Remote Checksum Available",9032,PASS (Structure Only)
BROWSE.MYD11A1.A2021114.h29v08.061.2021118004002.1.jpg,VERIFIED_NO_HASH,"Valid Header, No Remote Checksum Available",14172,PASS (Structure Only)
BROWSE.MYD11A1.A2021112.h28v08.061.2021113181421.1.jpg,VERIFIED_NO_HASH,"Valid Header, No Remote Checksum Available",8354,PASS (Structure Only)
BROWSE.MYD11A1.A2021106.h27v08.061.2021107172341.1.jpg,VERIFIED_NO_HASH,"Valid Header, No Remote Checksum Available",10091,PASS (Structure Only)
BROWSE.MYD11A1.A2021115.h27v08.061.2021118052539.1.jpg,VERIFIED_NO_HASH,"Valid Header, No Remote Checksum Available",12012,PASS (Structure Only)
BROWSE.MYD11A1.A2021114.h27v08.061.2021118004025.1.jpg,VERIFIED_NO_HASH,"Valid Header, No Remote Checksum Available",6391,PASS (Structure Only)
BROWSE.MYD11A1.A2021115.h28v08.061.2021118052202.1.jpg,VERIFIED_NO_HASH,"Valid Header, No Remote Checksum Available",12566,PASS (Structure Only)
BROWSE.MYD11A1.A2021105.h28v08.061.2021107131207.2.jpg,VERIFIED_NO_HASH,"Valid Header, No Remote Checksum Available",7448,PASS (Structure Only)
BROWSE.MYD11A1.A2021106.h29v08.061.2021107173031.1.jpg,VERIFIED_NO_HASH,"Valid Header, No Remote Checksum Available",16529,PASS (Structure Only)
BROWSE.MYD11A1.A2021112.h27v08.061.2021113180731.1.jpg,VERIFIED_NO_HASH,"Valid Header, No Remote Checksum Available",6227,PASS (Structure Only)
MYD11A1.A2021116.h27v08.061.2021118170537.hdf,VERIFIED_NO_HASH,"Valid Header, No Remote Checksum Available",228178,PASS (Structure Only)
BROWSE.MYD11A1.A2021118.h28v08.061.2021121051938.1.jpg,VERIFIED_NO_HASH,"Valid Header, No Remote Checksum Available",5159,PASS (Structure Only)
BROWSE.MYD11A1.A2021115.h29v08.061.2021118052257.1.jpg,VERIFIED_NO_HASH,"Valid Header, No Remote Checksum Available",10319,PASS (Structure Only)
BROWSE.MYD11A1.A2021119.h27v08.061.2021121112957.1.jpg,VERIFIED_NO_HASH,"Valid Header, No Remote Checksum Available",6839,PASS (Structure Only)
BROWSE.MYD11A1.A2021116.h28v08.061.2021118170525.2.jpg,VERIFIED_NO_HASH,"Valid Header, No Remote Checksum Available",8158,PASS (Structure Only)
BROWSE.MYD11A1.A2021117.h29v08.061.2021120015442.1.jpg,VERIFIED_NO_HASH,"Valid Header, No Remote Checksum Available",12005,PASS (Structure Only)
BROWSE.MYD11A1.A2021117.h27v08.061.2021120014822.1.jpg,VERIFIED_NO_HASH,"Valid Header, No Remote Checksum Available",5504,PASS (Structure Only)
BROWSE.MYD11A1.A2021120.h29v08.061.2021122020344.2.jpg,VERIFIED_NO_HASH,"Valid Header, No Remote Checksum Available",9956,PASS (Structure Only)
MYD11A1.A2021118.h29v08.061.2021121052434.hdf,VERIFIED_NO_HASH,"Valid Header, No Remote Checksum Available",1495193,PASS (Structure Only)
BROWSE.MYD11A1.A2021104.h29v08.061.2021107071958.1.jpg,VERIFIED_NO_HASH,"Valid Header, No Remote Checksum Available",17504,PASS (Structure Only)
BROWSE.MYD11A1.A2021121.h29v08.061.2021123174708.1.jpg,VERIFIED_NO_HASH,"Valid Header, No Remote Checksum Available",11036,PASS (Structure Only)
BROWSE.MYD11A1.A2021119.h28v08.061.2021121113436.1.jpg,VERIFIED_NO_HASH,"Valid Header, No Remote Checksum Available",11116,PASS (Structure Only)
MYD11A1.A2021120.h28v08.061.2021122020025.cmr.xml,VERIFIED_NO_HASH,"Valid Header, No Remote Checksum Available",15902,PASS (Structure Only)
BROWSE.MYD11A1.A2021121.h27v08.061.2021123174650.1.jpg,VERIFIED_NO_HASH,"Valid Header, No Remote Checksum Available",9825,PASS (Structure Only)
BROWSE.MYD11A1.A2021122.h27v08.061.2021125224746.1.jpg,VERIFIED_NO_HASH,"Valid Header, No Remote Checksum Available",9481,PASS (Structure Only)
MYD11A1.A2021121.h28v08.061.2021123174503.cmr.xml,VERIFIED_NO_HASH,"Valid Header, No Remote Checksum Available",15822,PASS (Structure Only)
BROWSE.MYD11A1.A2021123.h29v08.061.2021126002606.1.jpg,VERIFIED_NO_HASH,"Valid Header, No Remote Checksum Available",12976,PASS (Structure Only)
BROWSE.MYD11A1.A2021123.h27v08.061.2021126002612.1.jpg,VERIFIED_NO_HASH,"Valid Header, No Remote Checksum Available",6442,PASS (Structure Only)
BROWSE.MYD11A1.A2021124.h28v08.061.2021126005147.1.jpg,VERIFIED_NO_HASH,"Valid Header, No Remote Checksum Available",6181,PASS (Structure Only)
MYD11A1.A2021122.h28v08.061.2021125224721.cmr.xml,VERIFIED_NO_HASH,"Valid Header, No Remote Checksum Available",16554,PASS (Structure Only)
MYD11A1.A2021125.h28v08.061.2021131225944.cmr.xml,VERIFIED_NO_HASH,"Valid Header, No Remote Checksum Available",15821,PASS (Structure Only)
BROWSE.MYD11A1.A2021124.h29v08.061.2021126004809.1.jpg,VERIFIED_NO_HASH,"Valid Header, No Remote Checksum Available",10091,PASS (Structure Only)
BROWSE.MYD11A1.A2021125.h27v08.061.2021131230228.1.jpg,VERIFIED_NO_HASH,"Valid Header, No Remote Checksum Available",3961,PASS (Structure Only)
BROWSE.MYD11A1.A2021126.h29v08.061.2021131231810.1.jpg,VERIFIED_NO_HASH,"Valid Header, No Remote Checksum Available",5259,PASS (Structure Only)
BROWSE.MYD11A1.A2021118.h27v08.061.2021121052214.1.jpg,VERIFIED_NO_HASH,"Valid Header, No Remote Checksum Available",6425,PASS (Structure Only)
BROWSE.MYD11A1.A2021125.h29v08.061.2021131230047.1.jpg,VERIFIED_NO_HASH,"Valid Header, No Remote Checksum Available",9129,PASS (Structure Only)
BROWSE.MYD11A1.A2021123.h28v08.061.2021126002518.1.jpg,VERIFIED_NO_HASH,"Valid Header, No Remote Checksum Available",10875,PASS (Structure Only)
BROWSE.MYD11A1.A2021111.h29v08.061.2021112191056.1.jpg,VERIFIED_NO_HASH,"Valid Header, No Remote Checksum Available",14206,PASS (Structure Only)
BROWSE.MYD11A1.A2021117.h28v08.061.2021120014926.2.jpg,VERIFIED_NO_HASH,"Valid Header, No Remote Checksum Available",4028,PASS (Structure Only)
BROWSE.MYD11A1.A2021122.h29v08.061.2021125224744.1.jpg,VERIFIED_NO_HASH,"Valid Header, No Remote Checksum Available",17341,PASS (Structure Only)
BROWSE.MYD11A1.A2021124.h27v08.061.2021126004859.1.jpg,VERIFIED_NO_HASH,"Valid Header, No Remote Checksum Available",6853,PASS (Structure Only)
BROWSE.MYD11A1.A2021128.h28v08.061.2021133181407.1.jpg,VERIFIED_NO_HASH,"Valid Header, No Remote Checksum Available",7767,PASS (Structure Only)
BROWSE.MYD11A1.A2021127.h27v08.061.2021132042958.2.jpg,VERIFIED_NO_HASH,"Valid Header, No Remote Checksum Available",3961,PASS (Structure Only)
BROWSE.MYD11A1.A2021108.h27v08.061.2021110165424.2.jpg,VERIFIED_NO_HASH,"Valid Header, No Remote Checksum Available",5647,PASS (Structure Only)
BROWSE.MYD11A1.A2021126.h28v08.061.2021131231756.2.jpg,VERIFIED_NO_HASH,"Valid Header, No Remote Checksum Available",4113,PASS (Structure Only)
BROWSE.MYD11A1.A2021126.h27v08.061.2021131231945.1.jpg,VERIFIED_NO_HASH,"Valid Header, No Remote Checksum Available",5551,PASS (Structure Only)
BROWSE.MYD11A1.A2021129.h28v08.061.2021133183534.1.jpg,VERIFIED_NO_HASH,"Valid Header, No Remote Checksum Available",9002,PASS (Structure Only)
BROWSE.MYD11A1.A2021129.h27v08.061.2021133183530.2.jpg,VERIFIED_NO_HASH,"Valid Header, No Remote Checksum Available",7163,PASS (Structure Only)
MYD11A1.A2021128.h27v08.061.2021133181303.hdf,VERIFIED_NO_HASH,"Valid Header, No Remote Checksum Available",252061,PASS (Structure Only)
BROWSE.MYD11A1.A2021128.h29v08.061.2021133181319.1.jpg,VERIFIED_NO_HASH,"Valid Header, No Remote Checksum Available",8257,PASS (Structure Only)
BROWSE.MYD11A1.A2021131.h28v08.061.2021133205746.1.jpg,VERIFIED_NO_HASH,"Valid Header, No Remote Checksum Available",7999,PASS (Structure Only)
MYD11A1.A2021131.h27v08.061.2021133205710.hdf,VERIFIED_NO_HASH,"Valid Header, No Remote Checksum Available",578903,PASS (Structure Only)
BROWSE.MYD11A1.A2021127.h28v08.061.2021132043006.1.jpg,VERIFIED_NO_HASH,"Valid Header, No Remote Checksum Available",4342,PASS (Structure Only)
BROWSE.MYD11A1.A2021129.h29v08.061.2021133183558.1.jpg,VERIFIED_NO_HASH,"Valid Header, No Remote Checksum Available",9053,PASS (Structure Only)
BROWSE.MYD11A1.A2021133.h27v08.061.2021134181427.1.jpg,VERIFIED_NO_HASH,"Valid Header, No Remote Checksum Available",10952,PASS (Structure Only)
BROWSE.MYD11A1.A2021132.h29v08.061.2021133212157.2.jpg,VERIFIED_NO_HASH,"Valid Header, No Remote Checksum Available",5651,PASS (Structure Only)
BROWSE.MYD11A1.A2021114.h28v08.061.2021118003419.1.jpg,VERIFIED_NO_HASH,"Valid Header, No Remote Checksum Available",9237,PASS (Structure Only)
BROWSE.MYD11A1.A2021133.h29v08.061.2021134181532.2.jpg,VERIFIED_NO_HASH,"Valid Header, No Remote Checksum Available",6764,PASS (Structure Only)
MYD11A1.A2021134.h29v08.061.2021135171551.cmr.xml,VERIFIED_NO_HASH,"Valid Header, No Remote Checksum Available",15822,PASS (Structure Only)
MYD11A1.A2021130.h27v08.061.2021133202825.cmr.xml,VERIFIED_NO_HASH,"Valid Header, No Remote Checksum Available",16553,PASS (Structure Only)
MYD11A1.A2021131.h29v08.061.2021133205643.cmr.xml,VERIFIED_NO_HASH,"Valid Header, No Remote Checksum Available",15498,PASS (Structure Only)
MYD11A1.A2021130.h29v08.061.2021133202804.hdf,VERIFIED_NO_HASH,"Valid Header, No Remote Checksum Available",931630,PASS (Structure Only)
BROWSE.MYD11A1.A2021135.h27v08.061.2021136170345.1.jpg,VERIFIED_NO_HASH,"Valid Header, No Remote Checksum Available",9095,PASS (Structure Only)
BROWSE.MYD11A1.A2021135.h29v08.061.2021136170409.1.jpg,VERIFIED_NO_HASH,"Valid Header, No Remote Checksum Available",6174,PASS (Structure Only)
BROWSE.MYD11A1.A2021134.h27v08.061.2021135171530.1.jpg,VERIFIED_NO_HASH,"Valid Header, No Remote Checksum Available",5248,PASS (Structure Only)
MYD11A1.A2021134.h28v08.061.2021135171617.hdf,VERIFIED_NO_HASH,"Valid Header, No Remote Checksum Available",336596,PASS (Structure Only)
BROWSE.MYD11A1.A2021119.h29v08.061.2021121113222.1.jpg,VERIFIED_NO_HASH,"Valid Header, No Remote Checksum Available",12040,PASS (Structure Only)
BROWSE.MYD11A1.A2021136.h28v08.061.2021139012847.1.jpg,VERIFIED_NO_HASH,"Valid Header, No Remote Checksum Available",4182,PASS (Structure Only)
BROWSE.MYD11A1.A2021137.h27v08.061.2021139133136.1.jpg,VERIFIED_NO_HASH,"Valid Header, No Remote Checksum Available",6301,PASS (Structure Only)
BROWSE.MYD11A1.A2021136.h27v08.061.2021139012842.2.jpg,VERIFIED_NO_HASH,"Valid Header, No Remote Checksum Available",4077,PASS (Structure Only)
BROWSE.MYD11A1.A2021135.h28v08.061.2021136170417.1.jpg,VERIFIED_NO_HASH,"Valid Header, No Remote Checksum Available",10063,PASS (Structure Only)
BROWSE.MYD11A1.A2021136.h29v08.061.2021139012940.1.jpg,VERIFIED_NO_HASH,"Valid Header, No Remote Checksum Available",17005,PASS (Structure Only)
BROWSE.MYD11A1.A2021138.h29v08.061.2021139170942.1.jpg,VERIFIED_NO_HASH,"Valid Header, No Remote Checksum Available",7962,PASS (Structure Only)
BROWSE.MYD11A1.A2021139.h28v08.061.2021140174824.1.jpg,VERIFIED_NO_HASH,"Valid Header, No Remote Checksum Available",4485,PASS (Structure Only)
MYD11A1.A2021137.h28v08.061.2021139133148.cmr.xml,VERIFIED_NO_HASH,"Valid Header, No Remote Checksum Available",15821,PASS (Structure Only)
BROWSE.MYD11A1.A2021137.h29v08.061.2021139133201.1.jpg,VERIFIED_NO_HASH,"Valid Header, No Remote Checksum Available",8871,PASS (Structure Only)
MYD11A1.A2021132.h28v08.061.2021133212127.cmr.xml,VERIFIED_NO_HASH,"Valid Header, No Remote Checksum Available",15414,PASS (Structure Only)
BROWSE.MYD11A1.A2021139.h27v08.061.2021140174850.1.jpg,VERIFIED_NO_HASH,"Valid Header, No Remote Checksum Available",3961,PASS (Structure Only)
MYD11A1.A2021132.h27v08.061.2021133212145.cmr.xml,VERIFIED_NO_HASH,"Valid Header, No Remote Checksum Available",15821,PASS (Structure Only)
BROWSE.MYD11A1.A2021141.h27v08.061.2021142165443.1.jpg,VERIFIED_NO_HASH,"Valid Header, No Remote Checksum Available",4110,PASS (Structure Only)
BROWSE.MYD11A1.A2021141.h29v08.061.2021142165528.1.jpg,VERIFIED_NO_HASH,"Valid Header, No Remote Checksum Available",10951,PASS (Structure Only)
BROWSE.MYD11A1.A2021138.h27v08.061.2021139170940.2.jpg,VERIFIED_NO_HASH,"Valid Header, No Remote Checksum Available",3961,PASS (Structure Only)
MYD11A1.A2021139.h29v08.061.2021140174821.cmr.xml,VERIFIED_NO_HASH,"Valid Header, No Remote Checksum Available",15739,PASS (Structure Only)
BROWSE.MYD11A1.A2021140.h28v08.061.2021141172824.1.jpg,VERIFIED_NO_HASH,"Valid Header, No Remote Checksum Available",8938,PASS (Structure Only)
BROWSE.MYD11A1.A2021141.h28v08.061.2021142165453.1.jpg,VERIFIED_NO_HASH,"Valid Header, No Remote Checksum Available",6148,PASS (Structure Only)
BROWSE.MYD11A1.A2021143.h29v08.061.2021146035914.1.jpg,VERIFIED_NO_HASH,"Valid Header, No Remote Checksum Available",12187,PASS (Structure Only)
BROWSE.MYD11A1.A2021142.h27v08.061.2021146022712.1.jpg,VERIFIED_NO_HASH,"Valid Header, No Remote Checksum Available",9109,PASS (Structure Only)
BROWSE.MYD11A1.A2021143.h27v08.061.2021146035700.1.jpg,VERIFIED_NO_HASH,"Valid Header, No Remote Checksum Available",9385,PASS (Structure Only)
BROWSE.MYD11A1.A2021142.h28v08.061.2021146022727.1.jpg,VERIFIED_NO_HASH,"Valid Header, No Remote Checksum Available",10304,PASS (Structure Only)
BROWSE.MYD11A1.A2021144.h27v08.061.2021146051848.2.jpg,VERIFIED_NO_HASH,"Valid Header, No Remote Checksum Available",5150,PASS (Structure Only)
BROWSE.MYD11A1.A2021144.h29v08.061.2021146051732.1.jpg,VERIFIED_NO_HASH,"Valid Header, No Remote Checksum Available",11937,PASS (Structure Only)
BROWSE.MYD11A1.A2021140.h29v08.061.2021141172757.2.jpg,VERIFIED_NO_HASH,"Valid Header, No Remote Checksum Available",3961,PASS (Structure Only)
BROWSE.MYD11A1.A2021145.h28v08.061.2021146223428.1.jpg,VERIFIED_NO_HASH,"Valid Header, No Remote Checksum Available",10913,PASS (Structure Only)
BROWSE.MYD11A1.A2021133.h28v08.061.2021134181536.1.jpg,VERIFIED_NO_HASH,"Valid Header, No Remote Checksum Available",12728,PASS (Structure Only)
BROWSE.MYD11A1.A2021140.h27v08.061.2021141172819.1.jpg,VERIFIED_NO_HASH,"Valid Header, No Remote Checksum Available",9713,PASS (Structure Only)
BROWSE.MYD11A1.A2021127.h29v08.061.2021132043031.1.jpg,VERIFIED_NO_HASH,"Valid Header, No Remote Checksum Available",5429,PASS (Structure Only)
BROWSE.MYD11A1.A2021116.h29v08.061.2021118170734.1.jpg,VERIFIED_NO_HASH,"Valid Header, No Remote Checksum Available",16674,PASS (Structure Only)
BROWSE.MYD11A1.A2021112.h29v08.061.2021113181459.1.jpg,VERIFIED_NO_HASH,"Valid Header, No Remote Checksum Available",8416,PASS (Structure Only)
MYD11A1.A2021147.h29v08.061.2021152175104.hdf,VERIFIED_NO_HASH,"Valid Header, No Remote Checksum Available",1580536,PASS (Structure Only)
BROWSE.MYD11A1.A2021145.h27v08.061.2021146223449.1.jpg,VERIFIED_NO_HASH,"Valid Header, No Remote Checksum Available",9047,PASS (Structure Only)
BROWSE.MYD11A1.A2021145.h29v08.061.2021146223532.1.jpg,VERIFIED_NO_HASH,"Valid Header, No Remote Checksum Available",16353,PASS (Structure Only)
BROWSE.MYD11A1.A2021148.h27v08.061.2021152181606.2.jpg,VERIFIED_NO_HASH,"Valid Header, No Remote Checksum Available",4151,PASS (Structure Only)
MYD11A1.A2021147.h27v08.061.2021152174924.cmr.xml,VERIFIED_NO_HASH,"Valid Header, No Remote Checksum Available",15088,PASS (Structure Only)
BROWSE.MYD11A1.A2021146.h29v08.061.2021152155857.2.jpg,VERIFIED_NO_HASH,"Valid Header, No Remote Checksum Available",4861,PASS (Structure Only)
BROWSE.MYD11A1.A2021149.h29v08.061.2021152194654.1.jpg,VERIFIED_NO_HASH,"Valid Header, No Remote Checksum Available",12473,PASS (Structure Only)
BROWSE.MYD11A1.A2021143.h28v08.061.2021146035935.2.jpg,VERIFIED_NO_HASH,"Valid Header, No Remote Checksum Available",7201,PASS (Structure Only)
MYD11A1.A2021150.h29v08.061.2021152200615.cmr.xml,VERIFIED_NO_HASH,"Valid Header, No Remote Checksum Available",15822,PASS (Structure Only)
BROWSE.MYD11A1.A2021146.h28v08.061.2021152155817.1.jpg,VERIFIED_NO_HASH,"Valid Header, No Remote Checksum Available",9637,PASS (Structure Only)
BROWSE.MYD11A1.A2021142.h29v08.061.2021146022714.2.jpg,VERIFIED_NO_HASH,"Valid Header, No Remote Checksum Available",4246,PASS (Structure Only)
BROWSE.MYD11A1.A2021148.h29v08.061.2021152181606.1.jpg,VERIFIED_NO_HASH,"Valid Header, No Remote Checksum Available",16335,PASS (Structure Only)
BROWSE.MYD11A1.A2021152.h29v08.061.2021153171546.1.jpg,VERIFIED_NO_HASH,"Valid Header, No Remote Checksum Available",12803,PASS (Structure Only)
BROWSE.MYD11A1.A2021151.h29v08.061.2021152213355.1.jpg,VERIFIED_NO_HASH,"Valid Header, No Remote Checksum Available",8882,PASS (Structure Only)
BROWSE.MYD11A1.A2021146.h27v08.061.2021152155808.2.jpg,VERIFIED_NO_HASH,"Valid Header, No Remote Checksum Available",3961,PASS (Structure Only)
BROWSE.MYD11A1.A2021147.h28v08.061.2021152175043.1.jpg,VERIFIED_NO_HASH,"Valid Header, No Remote Checksum Available",7224,PASS (Structure Only)
BROWSE.MYD11A1.A2021150.h28v08.061.2021152200613.2.jpg,VERIFIED_NO_HASH,"Valid Header, No Remote Checksum Available",9261,PASS (Structure Only)
BROWSE.MYD11A1.A2021149.h28v08.061.2021152194718.1.jpg,VERIFIED_NO_HASH,"Valid Header, No Remote Checksum Available",10508,PASS (Structure Only)
BROWSE.MYD11A1.A2021152.h28v08.061.2021153171454.1.jpg,VERIFIED_NO_HASH,"Valid Header, No Remote Checksum Available",8674,PASS (Structure Only)
BROWSE.MYD11A1.A2021149.h27v08.061.2021152194719.1.jpg,VERIFIED_NO_HASH,"Valid Header, No Remote Checksum Available",10641,PASS (Structure Only)
BROWSE.MYD11A1.A2021152.h27v08.061.2021153171536.1.jpg,VERIFIED_NO_HASH,"Valid Header, No Remote Checksum Available",9871,PASS (Structure Only)
BROWSE.MYD11A1.A2021153.h28v08.061.2021154171334.1.jpg,VERIFIED_NO_HASH,"Valid Header, No Remote Checksum Available",13252,PASS (Structure Only)
BROWSE.MYD11A1.A2021153.h27v08.061.2021154171411.2.jpg,VERIFIED_NO_HASH,"Valid Header, No Remote Checksum Available",5786,PASS (Structure Only)
BROWSE.MYD11A1.A2021155.h27v08.061.2021161044705.2.jpg,VERIFIED_NO_HASH,"Valid Header, No Remote Checksum Available",4023,PASS (Structure Only)
MYD11A1.A2021154.h28v08.061.2021159043507.cmr.xml,VERIFIED_NO_HASH,"Valid Header, No Remote Checksum Available",16554,PASS (Structure Only)
MYD11A1.A2021153.h29v08.061.2021154171414.cmr.xml,VERIFIED_NO_HASH,"Valid Header, No Remote Checksum Available",16879,PASS (Structure Only)
MYD11A1.A2021155.h29v08.061.2021161044727.hdf,VERIFIED_NO_HASH,"Valid Header, No Remote Checksum Available",2216855,PASS (Structure Only)
BROWSE.MYD11A1.A2021156.h27v08.061.2021161050241.2.jpg,VERIFIED_NO_HASH,"Valid Header, No Remote Checksum Available",5748,PASS (Structure Only)
MYD11A1.A2021151.h28v08.061.2021152213303.cmr.xml,VERIFIED_NO_HASH,"Valid Header, No Remote Checksum Available",15090,PASS (Structure Only)
BROWSE.MYD11A1.A2021157.h27v08.061.2021161214917.1.jpg,VERIFIED_NO_HASH,"Valid Header, No Remote Checksum Available",5692,PASS (Structure Only)
BROWSE.MYD11A1.A2021150.h27v08.061.2021152200640.1.jpg,VERIFIED_NO_HASH,"Valid Header, No Remote Checksum Available",4693,PASS (Structure Only)
BROWSE.MYD11A1.A2021156.h29v08.061.2021161050253.1.jpg,VERIFIED_NO_HASH,"Valid Header, No Remote Checksum Available",15298,PASS (Structure Only)
BROWSE.MYD11A1.A2021157.h28v08.061.2021161214938.1.jpg,VERIFIED_NO_HASH,"Valid Header, No Remote Checksum Available",4705,PASS (Structure Only)
MYD11A1.A2021157.h29v08.061.2021161214926.hdf,VERIFIED_NO_HASH,"Valid Header, No Remote Checksum Available",797288,PASS (Structure Only)
MYD11A1.A2021154.h29v08.061.2021159043517.cmr.xml,VERIFIED_NO_HASH,"Valid Header, No Remote Checksum Available",15824,PASS (Structure Only)
MYD11A1.A2021158.h27v08.061.2021161234839.hdf,VERIFIED_NO_HASH,"Valid Header, No Remote Checksum Available",478783,PASS (Structure Only)
BROWSE.MYD11A1.A2021159.h29v08.061.2021162000927.1.jpg,VERIFIED_NO_HASH,"Valid Header, No Remote Checksum Available",13807,PASS (Structure Only)
MYD11A1.A2021158.h29v08.061.2021161235042.hdf,VERIFIED_NO_HASH,"Valid Header, No Remote Checksum Available",446842,PASS (Structure Only)
BROWSE.MYD11A1.A2021159.h27v08.061.2021162000912.1.jpg,VERIFIED_NO_HASH,"Valid Header, No Remote Checksum Available",8841,PASS (Structure Only)
BROWSE.MYD11A1.A2021160.h29v08.061.2021162015025.2.jpg,VERIFIED_NO_HASH,"Valid Header, No Remote Checksum Available",7013,PASS (Structure Only)
BROWSE.MYD11A1.A2021159.h28v08.061.2021162000916.2.jpg,VERIFIED_NO_HASH,"Valid Header, No Remote Checksum Available",6267,PASS (Structure Only)
BROWSE.MYD11A1.A2021156.h28v08.061.2021161050255.1.jpg,VERIFIED_NO_HASH,"Valid Header, No Remote Checksum Available",9513,PASS (Structure Only)
BROWSE.MYD11A1.A2021162.h28v08.061.2021163170420.1.jpg,VERIFIED_NO_HASH,"Valid Header, No Remote Checksum Available",9387,PASS (Structure Only)
BROWSE.MYD11A1.A2021162.h29v08.061.2021163171007.1.jpg,VERIFIED_NO_HASH,"Valid Header, No Remote Checksum Available",9680,PASS (Structure Only)
BROWSE.MYD11A1.A2021160.h27v08.061.2021162021818.1.jpg,VERIFIED_NO_HASH,"Valid Header, No Remote Checksum Available",6070,PASS (Structure Only)
MYD11A1.A2021161.h27v08.061.2021162180600.hdf,VERIFIED_NO_HASH,"Valid Header, No Remote Checksum Available",381440,PASS (Structure Only)
BROWSE.MYD11A1.A2021158.h28v08.061.2021161234843.1.jpg,VERIFIED_NO_HASH,"Valid Header, No Remote Checksum Available",11154,PASS (Structure Only)
BROWSE.MYD11A1.A2021163.h28v08.061.2021164165650.1.jpg,VERIFIED_NO_HASH,"Valid Header, No Remote Checksum Available",7127,PASS (Structure Only)
BROWSE.MYD11A1.A2021155.h28v08.061.2021161044716.1.jpg,VERIFIED_NO_HASH,"Valid Header, No Remote Checksum Available",11710,PASS (Structure Only)
BROWSE.MYD11A1.A2021154.h27v08.061.2021159043419.1.jpg,VERIFIED_NO_HASH,"Valid Header, No Remote Checksum Available",10479,PASS (Structure Only)
BROWSE.MYD11A1.A2021164.h28v08.061.2021165174004.2.jpg,VERIFIED_NO_HASH,"Valid Header, No Remote Checksum Available",10014,PASS (Structure Only)
MYD11A1.A2021163.h27v08.061.2021164170103.hdf,VERIFIED_NO_HASH,"Valid Header, No Remote Checksum Available",330615,PASS (Structure Only)
BROWSE.MYD11A1.A2021164.h27v08.061.2021165173544.1.jpg,VERIFIED_NO_HASH,"Valid Header, No Remote Checksum Available",4751,PASS (Structure Only)
BROWSE.MYD11A1.A2021161.h29v08.061.2021162180612.2.jpg,VERIFIED_NO_HASH,"Valid Header, No Remote Checksum Available",8270,PASS (Structure Only)
BROWSE.MYD11A1.A2021165.h28v08.061.2021166172808.1.jpg,VERIFIED_NO_HASH,"Valid Header, No Remote Checksum Available",13484,PASS (Structure Only)
BROWSE.MYD11A1.A2021165.h27v08.061.2021166173940.2.jpg,VERIFIED_NO_HASH,"Valid Header, No Remote Checksum Available",8425,PASS (Structure Only)
BROWSE.MYD11A1.A2021164.h29v08.061.2021165173632.1.jpg,VERIFIED_NO_HASH,"Valid Header, No Remote Checksum Available",7544,PASS (Structure Only)
BROWSE.MYD11A1.A2021166.h29v08.061.2021167170920.1.jpg,VERIFIED_NO_HASH,"Valid Header, No Remote Checksum Available",14916,PASS (Structure Only)
MYD11A1.A2021165.h29v08.061.2021166172323.cmr.xml,VERIFIED_NO_HASH,"Valid Header, No Remote Checksum Available",16228,PASS (Structure Only)
BROWSE.MYD11A1.A2021167.h28v08.061.2021168183512.1.jpg,VERIFIED_NO_HASH,"Valid Header, No Remote Checksum Available",12018,PASS (Structure Only)
BROWSE.MYD11A1.A2021148.h28v08.061.2021152181705.2.jpg,VERIFIED_NO_HASH,"Valid Header, No Remote Checksum Available",9422,PASS (Structure Only)
MYD11A1.A2021130.h28v08.061.2021133202821.cmr.xml,VERIFIED_NO_HASH,"Valid Header, No Remote Checksum Available",15822,PASS (Structure Only)
MYD11A1.A2021151.h27v08.061.2021152213250.cmr.xml,VERIFIED_NO_HASH,"Valid Header, No Remote Checksum Available",15904,PASS (Structure Only)
BROWSE.MYD11A1.A2021163.h29v08.061.2021164170045.1.jpg,VERIFIED_NO_HASH,"Valid Header, No Remote Checksum Available",12497,PASS (Structure Only)
BROWSE.MYD11A1.A2021169.h29v08.061.2021170170047.1.jpg,VERIFIED_NO_HASH,"Valid Header, No Remote Checksum Available",11077,PASS (Structure Only)
BROWSE.MYD11A1.A2021162.h27v08.061.2021163170300.1.jpg,VERIFIED_NO_HASH,"Valid Header, No Remote Checksum Available",6873,PASS (Structure Only)
BROWSE.MYD11A1.A2021168.h27v08.061.2021169181730.1.jpg,VERIFIED_NO_HASH,"Valid Header, No Remote Checksum Available",10181,PASS (Structure Only)
MYD11A1.A2021166.h27v08.061.2021167170648.cmr.xml,VERIFIED_NO_HASH,"Valid Header, No Remote Checksum Available",16146,PASS (Structure Only)
BROWSE.MYD11A1.A2021168.h28v08.061.2021169181809.1.jpg,VERIFIED_NO_HASH,"Valid Header, No Remote Checksum Available",8417,PASS (Structure Only)
MYD11A1.A2021169.h27v08.061.2021170165332.cmr.xml,VERIFIED_NO_HASH,"Valid Header, No Remote Checksum Available",16228,PASS (Structure Only)
BROWSE.MYD11A1.A2021170.h29v08.061.2021171165336.1.jpg,VERIFIED_NO_HASH,"Valid Header, No Remote Checksum Available",16499,PASS (Structure Only)
BROWSE.MYD11A1.A2021170.h27v08.061.2021171165154.1.jpg,VERIFIED_NO_HASH,"Valid Header, No Remote Checksum Available",10006,PASS (Structure Only)
MYD11A1.A2021167.h29v08.061.2021168182745.cmr.xml,VERIFIED_NO_HASH,"Valid Header, No Remote Checksum Available",16230,PASS (Structure Only)
MYD11A1.A2021168.h29v08.061.2021169181249.cmr.xml,VERIFIED_NO_HASH,"Valid Header, No Remote Checksum Available",15415,PASS (Structure Only)
BROWSE.MYD11A1.A2021144.h28v08.061.2021146051852.1.jpg,VERIFIED_NO_HASH,"Valid Header, No Remote Checksum Available",12492,PASS (Structure Only)
BROWSE.MYD11A1.A2021172.h27v08.061.2021174202252.1.jpg,VERIFIED_NO_HASH,"Valid Header, No Remote Checksum Available",8238,PASS (Structure Only)
BROWSE.MYD11A1.A2021171.h28v08.061.2021174165245.2.jpg,VERIFIED_NO_HASH,"Valid Header, No Remote Checksum Available",4595,PASS (Structure Only)
MYD11A1.A2021169.h28v08.061.2021170165713.cmr.xml,VERIFIED_NO_HASH,"Valid Header, No Remote Checksum Available",15821,PASS (Structure Only)
BROWSE.MYD11A1.A2021174.h28v08.061.2021175184406.1.jpg,VERIFIED_NO_HASH,"Valid Header, No Remote Checksum Available",12486,PASS (Structure Only)
BROWSE.MYD11A1.A2021173.h29v08.061.2021174232714.1.jpg,VERIFIED_NO_HASH,"Valid Header, No Remote Checksum Available",11248,PASS (Structure Only)
MYD11A1.A2021172.h28v08.061.2021174201841.cmr.xml,VERIFIED_NO_HASH,"Valid Header, No Remote Checksum Available",15740,PASS (Structure Only)
BROWSE.MYD11A1.A2021174.h27v08.061.2021175184323.2.jpg,VERIFIED_NO_HASH,"Valid Header, No Remote Checksum Available",5700,PASS (Structure Only)
BROWSE.MYD11A1.A2021173.h27v08.061.2021174233050.2.jpg,VERIFIED_NO_HASH,"Valid Header, No Remote Checksum Available",4080,PASS (Structure Only)
BROWSE.MYD11A1.A2021171.h27v08.061.2021174165044.2.jpg,VERIFIED_NO_HASH,"Valid Header, No Remote Checksum Available",4359,PASS (Structure Only)
BROWSE.MYD11A1.A2021176.h28v08.061.2021177172351.1.jpg,VERIFIED_NO_HASH,"Valid Header, No Remote Checksum Available",13076,PASS (Structure Only)
BROWSE.MYD11A1.A2021167.h27v08.061.2021168182710.2.jpg,VERIFIED_NO_HASH,"Valid Header, No Remote Checksum Available",9227,PASS (Structure Only)
BROWSE.MYD11A1.A2021166.h28v08.061.2021167170242.1.jpg,VERIFIED_NO_HASH,"Valid Header, No Remote Checksum Available",5920,PASS (Structure Only)
MYD11A1.A2021170.h28v08.061.2021171165254.hdf,VERIFIED_NO_HASH,"Valid Header, No Remote Checksum Available",323858,PASS (Structure Only)
BROWSE.MYD11A1.A2021177.h29v08.061.2021178175157.1.jpg,VERIFIED_NO_HASH,"Valid Header, No Remote Checksum Available",18032,PASS (Structure Only)
MYD11A1.A2021176.h27v08.061.2021177173016.cmr.xml,VERIFIED_NO_HASH,"Valid Header, No Remote Checksum Available",15820,PASS (Structure Only)
BROWSE.MYD11A1.A2021177.h27v08.061.2021178175135.1.jpg,VERIFIED_NO_HASH,"Valid Header, No Remote Checksum Available",10194,PASS (Structure Only)
BROWSE.MYD11A1.A2021178.h28v08.061.2021179175039.1.jpg,VERIFIED_NO_HASH,"Valid Header, No Remote Checksum Available",10116,PASS (Structure Only)
BROWSE.MYD11A1.A2021176.h29v08.061.2021177173013.1.jpg,VERIFIED_NO_HASH,"Valid Header, No Remote Checksum Available",9514,PASS (Structure Only)
BROWSE.MYD11A1.A2021175.h29v08.061.2021176204907.1.jpg,VERIFIED_NO_HASH,"Valid Header, No Remote Checksum Available",16668,PASS (Structure Only)
MYD11A1.A2021171.h29v08.061.2021174170331.cmr.xml,VERIFIED_NO_HASH,"Valid Header, No Remote Checksum Available",15739,PASS (Structure Only)
MYD11A1.A2021179.h29v08.061.2021182192043.hdf,VERIFIED_NO_HASH,"Valid Header, No Remote Checksum Available",806680,PASS (Structure Only)
BROWSE.MYD11A1.A2021179.h27v08.061.2021182191836.1.jpg,VERIFIED_NO_HASH,"Valid Header, No Remote Checksum Available",10878,PASS (Structure Only)
BROWSE.MYD11A1.A2021180.h29v08.061.2021182224546.1.jpg,VERIFIED_NO_HASH,"Valid Header, No Remote Checksum Available",17962,PASS (Structure Only)
BROWSE.MYD11A1.A2021180.h28v08.061.2021182224546.1.jpg,VERIFIED_NO_HASH,"Valid Header, No Remote Checksum Available",9339,PASS (Structure Only)
MYD11A1.A2021178.h27v08.061.2021179175919.hdf,VERIFIED_NO_HASH,"Valid Header, No Remote Checksum Available",421855,PASS (Structure Only)
BROWSE.MYD11A1.A2021179.h28v08.061.2021182191918.2.jpg,VERIFIED_NO_HASH,"Valid Header, No Remote Checksum Available",5819,PASS (Structure Only)
BROWSE.MYD11A1.A2021181.h29v08.061.2021183194243.1.jpg,VERIFIED_NO_HASH,"Valid Header, No Remote Checksum Available",12644,PASS (Structure Only)
BROWSE.MYD11A1.A2021181.h28v08.061.2021183193745.2.jpg,VERIFIED_NO_HASH,"Valid Header, No Remote Checksum Available",7568,PASS (Structure Only)
BROWSE.MYD11A1.A2021175.h28v08.061.2021176204949.1.jpg,VERIFIED_NO_HASH,"Valid Header, No Remote Checksum Available",6075,PASS (Structure Only)
MYD11A1.A2021175.h27v08.061.2021176204910.hdf,VERIFIED_NO_HASH,"Valid Header, No Remote Checksum Available",538329,PASS (Structure Only)
BROWSE.MYD11A1.A2021177.h28v08.061.2021178175937.1.jpg,VERIFIED_NO_HASH,"Valid Header, No Remote Checksum Available",11736,PASS (Structure Only)
MYD11A1.A2021182.h29v08.061.2021188054903.cmr.xml,VERIFIED_NO_HASH,"Valid Header, No Remote Checksum Available",15822,PASS (Structure Only)
MYD11A1.A2021183.h29v08.061.2021188110251.hdf,VERIFIED_NO_HASH,"Valid Header, No Remote Checksum Available",301269,PASS (Structure Only)
BROWSE.MYD11A1.A2021173.h28v08.061.2021174232425.1.jpg,VERIFIED_NO_HASH,"Valid Header, No Remote Checksum Available",5530,PASS (Structure Only)
BROWSE.MYD11A1.A2021174.h29v08.061.2021175184452.2.jpg,VERIFIED_NO_HASH,"Valid Header, No Remote Checksum Available",10522,PASS (Structure Only)
BROWSE.MYD11A1.A2021183.h28v08.061.2021188110329.1.jpg,VERIFIED_NO_HASH,"Valid Header, No Remote Checksum Available",13684,PASS (Structure Only)
MYD11A1.A2021182.h27v08.061.2021188053845.cmr.xml,VERIFIED_NO_HASH,"Valid Header, No Remote Checksum Available",16147,PASS (Structure Only)
BROWSE.MYD11A1.A2021185.h28v08.061.2021188140623.2.jpg,VERIFIED_NO_HASH,"Valid Header, No Remote Checksum Available",9671,PASS (Structure Only)
MYD11A1.A2021184.h29v08.061.2021188130304.hdf,VERIFIED_NO_HASH,"Valid Header, No Remote Checksum Available",653745,PASS (Structure Only)
BROWSE.MYD11A1.A2021178.h29v08.061.2021179175140.1.jpg,VERIFIED_NO_HASH,"Valid Header, No Remote Checksum Available",13182,PASS (Structure Only)
BROWSE.MYD11A1.A2021184.h27v08.061.2021188125941.1.jpg,VERIFIED_NO_HASH,"Valid Header, No Remote Checksum Available",11412,PASS (Structure Only)
BROWSE.MYD11A1.A2021185.h27v08.061.2021188141820.1.jpg,VERIFIED_NO_HASH,"Valid Header, No Remote Checksum Available",7795,PASS (Structure Only)
BROWSE.MYD11A1.A2021187.h27v08.061.2021188214808.1.jpg,VERIFIED_NO_HASH,"Valid Header, No Remote Checksum Available",3961,PASS (Structure Only)
BROWSE.MYD11A1.A2021186.h29v08.061.2021188163603.2.jpg,VERIFIED_NO_HASH,"Valid Header, No Remote Checksum Available",5175,PASS (Structure Only)
BROWSE.MYD11A1.A2021187.h29v08.061.2021188214337.1.jpg,VERIFIED_NO_HASH,"Valid Header, No Remote Checksum Available",9445,PASS (Structure Only)
MYD11A1.A2021180.h27v08.061.2021182224603.cmr.xml,VERIFIED_NO_HASH,"Valid Header, No Remote Checksum Available",15820,PASS (Structure Only)
BROWSE.MYD11A1.A2021187.h28v08.061.2021188213423.1.jpg,VERIFIED_NO_HASH,"Valid Header, No Remote Checksum Available",5911,PASS (Structure Only)
BROWSE.MYD11A1.A2021186.h28v08.061.2021188163408.1.jpg,VERIFIED_NO_HASH,"Valid Header, No Remote Checksum Available",6147,PASS (Structure Only)
BROWSE.MYD11A1.A2021188.h27v08.061.2021189211938.2.jpg,VERIFIED_NO_HASH,"Valid Header, No Remote Checksum Available",4000,PASS (Structure Only)
BROWSE.MYD11A1.A2021189.h27v08.061.2021190200212.1.jpg,VERIFIED_NO_HASH,"Valid Header, No Remote Checksum Available",4471,PASS (Structure Only)
BROWSE.MYD11A1.A2021188.h29v08.061.2021189212256.2.jpg,VERIFIED_NO_HASH,"Valid Header, No Remote Checksum Available",4565,PASS (Structure Only)
BROWSE.MYD11A1.A2021189.h28v08.061.2021190200438.1.jpg,VERIFIED_NO_HASH,"Valid Header, No Remote Checksum Available",6025,PASS (Structure Only)
BROWSE.MYD11A1.A2021189.h29v08.061.2021190200715.1.jpg,VERIFIED_NO_HASH,"Valid Header, No Remote Checksum Available",10395,PASS (Structure Only)
BROWSE.MYD11A1.A2021181.h27v08.061.2021183194347.1.jpg,VERIFIED_NO_HASH,"Valid Header, No Remote Checksum Available",12226,PASS (Structure Only)
MYD11A1.A2021190.h27v08.061.2021191172200.cmr.xml,VERIFIED_NO_HASH,"Valid Header, No Remote Checksum Available",15495,PASS (Structure Only)
BROWSE.MYD11A1.A2021138.h28v08.061.2021139171010.1.jpg,VERIFIED_NO_HASH,"Valid Header, No Remote Checksum Available",5135,PASS (Structure Only)
BROWSE.MYD11A1.A2021186.h27v08.061.2021188164201.1.jpg,VERIFIED_NO_HASH,"Valid Header, No Remote Checksum Available",6312,PASS (Structure Only)
MYD11A1.A2021192.h29v08.061.2021193184931.cmr.xml,VERIFIED_NO_HASH,"Valid Header, No Remote Checksum Available",16552,PASS (Structure Only)
BROWSE.MYD11A1.A2021191.h29v08.061.2021192180350.1.jpg,VERIFIED_NO_HASH,"Valid Header, No Remote Checksum Available",16118,PASS (Structure Only)
BROWSE.MYD11A1.A2021191.h27v08.061.2021192180133.1.jpg,VERIFIED_NO_HASH,"Valid Header, No Remote Checksum Available",4399,PASS (Structure Only)
MYD11A1.A2021192.h27v08.061.2021193190340.cmr.xml,VERIFIED_NO_HASH,"Valid Header, No Remote Checksum Available",15821,PASS (Structure Only)
BROWSE.MYD11A1.A2021193.h29v08.061.2021194180413.1.jpg,VERIFIED_NO_HASH,"Valid Header, No Remote Checksum Available",11034,PASS (Structure Only)
BROWSE.MYD11A1.A2021188.h28v08.061.2021189211146.1.jpg,VERIFIED_NO_HASH,"Valid Header, No Remote Checksum Available",7691,PASS (Structure Only)
BROWSE.MYD11A1.A2021193.h27v08.061.2021194174817.1.jpg,VERIFIED_NO_HASH,"Valid Header, No Remote Checksum Available",6925,PASS (Structure Only)
BROWSE.MYD11A1.A2021193.h28v08.061.2021194180146.1.jpg,VERIFIED_NO_HASH,"Valid Header, No Remote Checksum Available",9177,PASS (Structure Only)
BROWSE.MYD11A1.A2021191.h28v08.061.2021192180206.1.jpg,VERIFIED_NO_HASH,"Valid Header, No Remote Checksum Available",5127,PASS (Structure Only)
BROWSE.MYD11A1.A2021190.h28v08.061.2021191172304.1.jpg,VERIFIED_NO_HASH,"Valid Header, No Remote Checksum Available",8691,PASS (Structure Only)
MYD11A1.A2021192.h28v08.061.2021193184844.hdf,VERIFIED_NO_HASH,"Valid Header, No Remote Checksum Available",242487,PASS (Structure Only)
BROWSE.MYD11A1.A2021194.h29v08.061.2021196095902.1.jpg,VERIFIED_NO_HASH,"Valid Header, No Remote Checksum Available",14504,PASS (Structure Only)
BROWSE.MYD11A1.A2021195.h27v08.061.2021196192211.1.jpg,VERIFIED_NO_HASH,"Valid Header, No Remote Checksum Available",6011,PASS (Structure Only)
BROWSE.MYD11A1.A2021194.h28v08.061.2021196095730.1.jpg,VERIFIED_NO_HASH,"Valid Header, No Remote Checksum Available",5452,PASS (Structure Only)
BROWSE.MYD11A1.A2021195.h29v08.061.2021196191345.1.jpg,VERIFIED_NO_HASH,"Valid Header, No Remote Checksum Available",11254,PASS (Structure Only)
BROWSE.MYD11A1.A2021196.h29v08.061.2021197174510.1.jpg,VERIFIED_NO_HASH,"Valid Header, No Remote Checksum Available",5551,PASS (Structure Only)
BROWSE.MYD11A1.A2021197.h29v08.061.2021198174157.1.jpg,VERIFIED_NO_HASH,"Valid Header, No Remote Checksum Available",5205,PASS (Structure Only)
BROWSE.MYD11A1.A2021196.h27v08.061.2021197174333.2.jpg,VERIFIED_NO_HASH,"Valid Header, No Remote Checksum Available",6084,PASS (Structure Only)
BROWSE.MYD11A1.A2021196.h28v08.061.2021197174615.1.jpg,VERIFIED_NO_HASH,"Valid Header, No Remote Checksum Available",8385,PASS (Structure Only)
BROWSE.MYD11A1.A2021185.h29v08.061.2021188140830.2.jpg,VERIFIED_NO_HASH,"Valid Header, No Remote Checksum Available",4003,PASS (Structure Only)
BROWSE.MYD11A1.A2021183.h27v08.061.2021188110233.1.jpg,VERIFIED_NO_HASH,"Valid Header, No Remote Checksum Available",11092,PASS (Structure Only)
BROWSE.MYD11A1.A2021195.h28v08.061.2021196191331.1.jpg,VERIFIED_NO_HASH,"Valid Header, No Remote Checksum Available",4361,PASS (Structure Only)
BROWSE.MYD11A1.A2021194.h27v08.061.2021196095752.2.jpg,VERIFIED_NO_HASH,"Valid Header, No Remote Checksum Available",3961,PASS (Structure Only)
BROWSE.MYD11A1.A2021120.h27v08.061.2021122015715.1.jpg,VERIFIED_NO_HASH,"Valid Header, No Remote Checksum Available",8008,PASS (Structure Only)
MYD11A1.A2021109.h29v08.061.2021111021950.hdf,VERIFIED_NO_HASH,"Valid Header, No Remote Checksum Available",1568898,PASS (Structure Only)
MYD11A1.A2021190.h29v08.061.2021191172335.hdf,VERIFIED_NO_HASH,"Valid Header, No Remote Checksum Available",620221,PASS (Structure Only)
BROWSE.MYD11A1.A2021172.h29v08.061.2021174201919.1.jpg,VERIFIED_NO_HASH,"Valid Header, No Remote Checksum Available",3961,PASS (Structure Only)
BROWSE.MYD11A1.A2021182.h28v08.061.2021188054651.1.jpg,VERIFIED_NO_HASH,"Valid Header, No Remote Checksum Available",5179,PASS (Structure Only)
BROWSE.MYD11A1.A2021201.h29v08.061.2021203012532.1.jpg,VERIFIED_NO_HASH,"Valid Header, No Remote Checksum Available",13079,PASS (Structure Only)
BROWSE.MYD11A1.A2021201.h28v08.061.2021203012730.2.jpg,VERIFIED_NO_HASH,"Valid Header, No Remote Checksum Available",6873,PASS (Structure Only)
BROWSE.MYD11A1.A2021105.h29v08.061.2021107130945.1.jpg,VERIFIED_NO_HASH,"Valid Header, No Remote Checksum Available",11838,PASS (Structure Only)
MYD11A1.A2021200.h28v08.061.2021202235044.cmr.xml,VERIFIED_NO_HASH,"Valid Header, No Remote Checksum Available",15903,PASS (Structure Only)
BROWSE.MYD11A1.A2021201.h27v08.061.2021203012413.1.jpg,VERIFIED_NO_HASH,"Valid Header, No Remote Checksum Available",9621,PASS (Structure Only)
BROWSE.MYD11A1.A2021202.h29v08.061.2021205054131.1.jpg,VERIFIED_NO_HASH,"Valid Header, No Remote Checksum Available",11240,PASS (Structure Only)
MYD11A1.A2021202.h27v08.061.2021205054017.cmr.xml,VERIFIED_NO_HASH,"Valid Header, No Remote Checksum Available",15496,PASS (Structure Only)
BROWSE.MYD11A1.A2021184.h28v08.061.2021188125112.2.jpg,VERIFIED_NO_HASH,"Valid Header, No Remote Checksum Available",4773,PASS (Structure Only)
MYD11A1.A2021198.h27v08.061.2021199181423.hdf,VERIFIED_NO_HASH,"Valid Header, No Remote Checksum Available",712813,PASS (Structure Only)
BROWSE.MYD11A1.A2021198.h29v08.061.2021199181603.1.jpg,VERIFIED_NO_HASH,"Valid Header, No Remote Checksum Available",13964,PASS (Structure Only)
MYD11A1.A2021199.h28v08.061.2021200175507.cmr.xml,VERIFIED_NO_HASH,"Valid Header, No Remote Checksum Available",15089,PASS (Structure Only)
MYD11A1.A2021202.h28v08.061.2021205053512.hdf,VERIFIED_NO_HASH,"Valid Header, No Remote Checksum Available",586361,PASS (Structure Only)
BROWSE.MYD11A1.A2021203.h27v08.061.2021205061103.1.jpg,VERIFIED_NO_HASH,"Valid Header, No Remote Checksum Available",6324,PASS (Structure Only)
BROWSE.MYD11A1.A2021200.h27v08.061.2021202234930.1.jpg,VERIFIED_NO_HASH,"Valid Header, No Remote Checksum Available",8836,PASS (Structure Only)
BROWSE.MYD11A1.A2021203.h28v08.061.2021205061058.1.jpg,VERIFIED_NO_HASH,"Valid Header, No Remote Checksum Available",11552,PASS (Structure Only)
BROWSE.MYD11A1.A2021204.h27v08.061.2021205174149.1.jpg,VERIFIED_NO_HASH,"Valid Header, No Remote Checksum Available",7611,PASS (Structure Only)
BROWSE.MYD11A1.A2021206.h28v08.061.2021207180617.1.jpg,VERIFIED_NO_HASH,"Valid Header, No Remote Checksum Available",15014,PASS (Structure Only)
BROWSE.MYD11A1.A2021206.h29v08.061.2021207180638.1.jpg,VERIFIED_NO_HASH,"Valid Header, No Remote Checksum Available",10779,PASS (Structure Only)
BROWSE.MYD11A1.A2021204.h28v08.061.2021205172943.1.jpg,VERIFIED_NO_HASH,"Valid Header, No Remote Checksum Available",10041,PASS (Structure Only)
BROWSE.MYD11A1.A2021205.h29v08.061.2021206175105.1.jpg,VERIFIED_NO_HASH,"Valid Header, No Remote Checksum Available",15835,PASS (Structure Only)
BROWSE.MYD11A1.A2021204.h29v08.061.2021205174209.1.jpg,VERIFIED_NO_HASH,"Valid Header, No Remote Checksum Available",10103,PASS (Structure Only)
BROWSE.MYD11A1.A2021207.h28v08.061.2021208191627.1.jpg,VERIFIED_NO_HASH,"Valid Header, No Remote Checksum Available",7132,PASS (Structure Only)
BROWSE.MYD11A1.A2021207.h27v08.061.2021208191446.1.jpg,VERIFIED_NO_HASH,"Valid Header, No Remote Checksum Available",8144,PASS (Structure Only)
BROWSE.MYD11A1.A2021206.h27v08.061.2021207180559.2.jpg,VERIFIED_NO_HASH,"Valid Header, No Remote Checksum Available",9965,PASS (Structure Only)
MYD11A1.A2021207.h29v08.061.2021208191634.cmr.xml,VERIFIED_NO_HASH,"Valid Header, No Remote Checksum Available",15496,PASS (Structure Only)
BROWSE.MYD11A1.A2021205.h28v08.061.2021206173703.1.jpg,VERIFIED_NO_HASH,"Valid Header, No Remote Checksum Available",6578,PASS (Structure Only)
BROWSE.MYD11A1.A2021209.h29v08.061.2021212063712.1.jpg,VERIFIED_NO_HASH,"Valid Header, No Remote Checksum Available",18079,PASS (Structure Only)
BROWSE.MYD11A1.A2021203.h29v08.061.2021205061143.1.jpg,VERIFIED_NO_HASH,"Valid Header, No Remote Checksum Available",14837,PASS (Structure Only)
BROWSE.MYD11A1.A2021210.h27v08.061.2021212065901.2.jpg,VERIFIED_NO_HASH,"Valid Header, No Remote Checksum Available",3961,PASS (Structure Only)
BROWSE.MYD11A1.A2021205.h27v08.061.2021206175114.1.jpg,VERIFIED_NO_HASH,"Valid Header, No Remote Checksum Available",5776,PASS (Structure Only)
BROWSE.MYD11A1.A2021199.h29v08.061.2021200175332.1.jpg,VERIFIED_NO_HASH,"Valid Header, No Remote Checksum Available",11096,PASS (Structure Only)
BROWSE.MYD11A1.A2021210.h28v08.061.2021212065915.1.jpg,VERIFIED_NO_HASH,"Valid Header, No Remote Checksum Available",7505,PASS (Structure Only)
BROWSE.MYD11A1.A2021211.h29v08.061.2021212191044.1.jpg,VERIFIED_NO_HASH,"Valid Header, No Remote Checksum Available",14386,PASS (Structure Only)
BROWSE.MYD11A1.A2021210.h29v08.061.2021212065917.1.jpg,VERIFIED_NO_HASH,"Valid Header, No Remote Checksum Available",15552,PASS (Structure Only)
BROWSE.MYD11A1.A2021212.h27v08.061.2021213190859.1.jpg,VERIFIED_NO_HASH,"Valid Header, No Remote Checksum Available",4123,PASS (Structure Only)
BROWSE.MYD11A1.A2021211.h27v08.061.2021212191030.1.jpg,VERIFIED_NO_HASH,"Valid Header, No Remote Checksum Available",5073,PASS (Structure Only)
BROWSE.MYD11A1.A2021208.h28v08.061.2021209184045.2.jpg,VERIFIED_NO_HASH,"Valid Header, No Remote Checksum Available",10852,PASS (Structure Only)
BROWSE.MYD11A1.A2021213.h28v08.061.2021214182535.1.jpg,VERIFIED_NO_HASH,"Valid Header, No Remote Checksum Available",6497,PASS (Structure Only)
BROWSE.MYD11A1.A2021212.h28v08.061.2021213191730.1.jpg,VERIFIED_NO_HASH,"Valid Header, No Remote Checksum Available",9893,PASS (Structure Only)
BROWSE.MYD11A1.A2021213.h29v08.061.2021214182647.1.jpg,VERIFIED_NO_HASH,"Valid Header, No Remote Checksum Available",13116,PASS (Structure Only)
BROWSE.MYD11A1.A2021213.h27v08.061.2021214182949.1.jpg,VERIFIED_NO_HASH,"Valid Header, No Remote Checksum Available",6352,PASS (Structure Only)
BROWSE.MYD11A1.A2021208.h29v08.061.2021209184113.1.jpg,VERIFIED_NO_HASH,"Valid Header, No Remote Checksum Available",12805,PASS (Structure Only)
BROWSE.MYD11A1.A2021214.h28v08.061.2021215185309.1.jpg,VERIFIED_NO_HASH,"Valid Header, No Remote Checksum Available",4948,PASS (Structure Only)
BROWSE.MYD11A1.A2021214.h29v08.061.2021215185422.1.jpg,VERIFIED_NO_HASH,"Valid Header, No Remote Checksum Available",16026,PASS (Structure Only)
BROWSE.MYD11A1.A2021215.h28v08.061.2021216173601.1.jpg,VERIFIED_NO_HASH,"Valid Header, No Remote Checksum Available",13780,PASS (Structure Only)
BROWSE.MYD11A1.A2021211.h28v08.061.2021212191001.2.jpg,VERIFIED_NO_HASH,"Valid Header, No Remote Checksum Available",4910,PASS (Structure Only)
BROWSE.MYD11A1.A2021216.h28v08.061.2021217181746.2.jpg,VERIFIED_NO_HASH,"Valid Header, No Remote Checksum Available",4522,PASS (Structure Only)
BROWSE.MYD11A1.A2021216.h29v08.061.2021217182426.2.jpg,VERIFIED_NO_HASH,"Valid Header, No Remote Checksum Available",11340,PASS (Structure Only)
BROWSE.MYD11A1.A2021214.h27v08.061.2021215185129.1.jpg,VERIFIED_NO_HASH,"Valid Header, No Remote Checksum Available",6061,PASS (Structure Only)
BROWSE.MYD11A1.A2021215.h27v08.061.2021216173550.1.jpg,VERIFIED_NO_HASH,"Valid Header, No Remote Checksum Available",10468,PASS (Structure Only)
BROWSE.MYD11A1.A2021218.h27v08.061.2021219170341.1.jpg,VERIFIED_NO_HASH,"Valid Header, No Remote Checksum Available",9934,PASS (Structure Only)
BROWSE.MYD11A1.A2021217.h29v08.061.2021218185336.1.jpg,VERIFIED_NO_HASH,"Valid Header, No Remote Checksum Available",10742,PASS (Structure Only)
BROWSE.MYD11A1.A2021218.h29v08.061.2021219170505.2.jpg,VERIFIED_NO_HASH,"Valid Header, No Remote Checksum Available",12664,PASS (Structure Only)
BROWSE.MYD11A1.A2021216.h27v08.061.2021217180836.2.jpg,VERIFIED_NO_HASH,"Valid Header, No Remote Checksum Available",4001,PASS (Structure Only)
BROWSE.MYD11A1.A2021219.h28v08.061.2021220172536.1.jpg,VERIFIED_NO_HASH,"Valid Header, No Remote Checksum Available",10774,PASS (Structure Only)
BROWSE.MYD11A1.A2021208.h27v08.061.2021209184037.1.jpg,VERIFIED_NO_HASH,"Valid Header, No Remote Checksum Available",10129,PASS (Structure Only)
MYD11A1.A2021217.h27v08.061.2021218183934.hdf,VERIFIED_NO_HASH,"Valid Header, No Remote Checksum Available",536415,PASS (Structure Only)
BROWSE.MYD11A1.A2021220.h28v08.061.2021221170427.1.jpg,VERIFIED_NO_HASH,"Valid Header, No Remote Checksum Available",8790,PASS (Structure Only)
MYD11A1.A2021218.h28v08.061.2021219171434.hdf,VERIFIED_NO_HASH,"Valid Header, No Remote Checksum Available",497247,PASS (Structure Only)
MYD11A1.A2021219.h27v08.061.2021220172501.cmr.xml,VERIFIED_NO_HASH,"Valid Header, No Remote Checksum Available",16553,PASS (Structure Only)
BROWSE.MYD11A1.A2021220.h27v08.061.2021221172153.1.jpg,VERIFIED_NO_HASH,"Valid Header, No Remote Checksum Available",6066,PASS (Structure Only)
BROWSE.MYD11A1.A2021209.h28v08.061.2021212063229.1.jpg,VERIFIED_NO_HASH,"Valid Header, No Remote Checksum Available",10680,PASS (Structure Only)
BROWSE.MYD11A1.A2021221.h27v08.061.2021222171739.1.jpg,VERIFIED_NO_HASH,"Valid Header, No Remote Checksum Available",5487,PASS (Structure Only)
BROWSE.MYD11A1.A2021222.h29v08.061.2021223183700.1.jpg,VERIFIED_NO_HASH,"Valid Header, No Remote Checksum Available",5911,PASS (Structure Only)
MYD11A1.A2021222.h28v08.061.2021223183633.hdf,VERIFIED_NO_HASH,"Valid Header, No Remote Checksum Available",706518,PASS (Structure Only)
BROWSE.MYD11A1.A2021200.h29v08.061.2021202235956.1.jpg,VERIFIED_NO_HASH,"Valid Header, No Remote Checksum Available",14617,PASS (Structure Only)
MYD11A1.A2021223.h29v08.061.2021224171719.cmr.xml,VERIFIED_NO_HASH,"Valid Header, No Remote Checksum Available",15497,PASS (Structure Only)
BROWSE.MYD11A1.A2021222.h27v08.061.2021223183324.1.jpg,VERIFIED_NO_HASH,"Valid Header, No Remote Checksum Available",6172,PASS (Structure Only)
BROWSE.MYD11A1.A2021212.h29v08.061.2021213191016.1.jpg,VERIFIED_NO_HASH,"Valid Header, No Remote Checksum Available",16101,PASS (Structure Only)
BROWSE.MYD11A1.A2021215.h29v08.061.2021216174903.1.jpg,VERIFIED_NO_HASH,"Valid Header, No Remote Checksum Available",8598,PASS (Structure Only)
BROWSE.MYD11A1.A2021217.h28v08.061.2021218184853.2.jpg,VERIFIED_NO_HASH,"Valid Header, No Remote Checksum Available",9752,PASS (Structure Only)
BROWSE.MYD11A1.A2021223.h28v08.061.2021224171737.2.jpg,VERIFIED_NO_HASH,"Valid Header, No Remote Checksum Available",4976,PASS (Structure Only)
BROWSE.MYD11A1.A2021219.h29v08.061.2021220173939.2.jpg,VERIFIED_NO_HASH,"Valid Header, No Remote Checksum Available",4192,PASS (Structure Only)
BROWSE.MYD11A1.A2021221.h29v08.061.2021222170716.1.jpg,VERIFIED_NO_HASH,"Valid Header, No Remote Checksum Available",13730,PASS (Structure Only)
BROWSE.MYD11A1.A2021223.h27v08.061.2021224172808.1.jpg,VERIFIED_NO_HASH,"Valid Header, No Remote Checksum Available",4660,PASS (Structure Only)
BROWSE.MYD11A1.A2021221.h28v08.061.2021222172013.1.jpg,VERIFIED_NO_HASH,"Valid Header, No Remote Checksum Available",9392,PASS (Structure Only)
BROWSE.MYD11A1.A2021161.h28v08.061.2021162180131.1.jpg,VERIFIED_NO_HASH,"Valid Header, No Remote Checksum Available",7926,PASS (Structure Only)
BROWSE.MYD11A1.A2021160.h28v08.061.2021162015029.1.jpg,VERIFIED_NO_HASH,"Valid Header, No Remote Checksum Available",10029,PASS (Structure Only)
BROWSE.MYD11A1.A2021199.h27v08.061.2021200180707.1.jpg,VERIFIED_NO_HASH,"Valid Header, No Remote Checksum Available",11279,PASS (Structure Only)
BROWSE.MYD11A1.A2021209.h27v08.061.2021212061945.1.jpg,VERIFIED_NO_HASH,"Valid Header, No Remote Checksum Available",11305,PASS (Structure Only)
BROWSE.MYD11A1.A2021198.h28v08.061.2021199181510.1.jpg,VERIFIED_NO_HASH,"Valid Header, No Remote Checksum Available",7156,PASS (Structure Only)
BROWSE.MYD11A1.A2021220.h29v08.061.2021221170609.1.jpg,VERIFIED_NO_HASH,"Valid Header, No Remote Checksum Available",7681,PASS (Structure Only)
MYD11A1.A2021197.h27v08.061.2021198174122.hdf,VERIFIED_NO_HASH,"Valid Header, No Remote Checksum Available",1345843,PASS (Structure Only)
MYD11A1.A2021197.h28v08.061.2021198174143.hdf,VERIFIED_NO_HASH,"Valid Header, No Remote Checksum Available",1429097,PASS (Structure Only)
BROWSE.MYD11A1.A2021224.h27v08.061.2021225180855.1.jpg,VERIFIED_NO_HASH,"Valid Header, No Remote Checksum Available",9056,PASS (Structure Only)
BROWSE.MYD11A1.A2021225.h28v08.061.2021226192041.1.jpg,VERIFIED_NO_HASH,"Valid Header, No Remote Checksum Available",7369,PASS (Structure Only)
BROWSE.MYD11A1.A2021225.h29v08.061.2021226193734.1.jpg,VERIFIED_NO_HASH,"Valid Header, No Remote Checksum Available",7316,PASS (Structure Only)
MYD11A1.A2021229.h27v08.061.2021230203636.hdf,VERIFIED_NO_HASH,"Valid Header, No Remote Checksum Available",437767,PASS (Structure Only)
BROWSE.MYD11A1.A2021229.h29v08.061.2021230204027.1.jpg,VERIFIED_NO_HASH,"Valid Header, No Remote Checksum Available",8837,PASS (Structure Only)
BROWSE.MYD11A1.A2021228.h29v08.061.2021229200044.2.jpg,VERIFIED_NO_HASH,"Valid Header, No Remote Checksum Available",7514,PASS (Structure Only)
BROWSE.MYD11A1.A2021230.h27v08.061.2021231195936.1.jpg,VERIFIED_NO_HASH,"Valid Header, No Remote Checksum Available",4352,PASS (Structure Only)
BROWSE.MYD11A1.A2021224.h28v08.061.2021225180610.1.jpg,VERIFIED_NO_HASH,"Valid Header, No Remote Checksum Available",10167,PASS (Structure Only)
BROWSE.MYD11A1.A2021230.h29v08.061.2021231195549.1.jpg,VERIFIED_NO_HASH,"Valid Header, No Remote Checksum Available",16100,PASS (Structure Only)
BROWSE.MYD11A1.A2021230.h28v08.061.2021231195002.1.jpg,VERIFIED_NO_HASH,"Valid Header, No Remote Checksum Available",4159,PASS (Structure Only)
BROWSE.MYD11A1.A2021231.h29v08.061.2021232211828.1.jpg,VERIFIED_NO_HASH,"Valid Header, No Remote Checksum Available",8004,PASS (Structure Only)
BROWSE.MYD11A1.A2021231.h28v08.061.2021232213617.1.jpg,VERIFIED_NO_HASH,"Valid Header, No Remote Checksum Available",9532,PASS (Structure Only)
BROWSE.MYD11A1.A2021232.h29v08.061.2021233194014.1.jpg,VERIFIED_NO_HASH,"Valid Header, No Remote Checksum Available",13584,PASS (Structure Only)
MYD11A1.A2021227.h28v08.061.2021228195628.cmr.xml,VERIFIED_NO_HASH,"Valid Header, No Remote Checksum Available",15821,PASS (Structure Only)
BROWSE.MYD11A1.A2021225.h27v08.061.2021226191951.1.jpg,VERIFIED_NO_HASH,"Valid Header, No Remote Checksum Available",6730,PASS (Structure Only)
BROWSE.MYD11A1.A2021224.h29v08.061.2021225181201.1.jpg,VERIFIED_NO_HASH,"Valid Header, No Remote Checksum Available",6385,PASS (Structure Only)
BROWSE.MYD11A1.A2021235.h28v08.061.2021236185852.1.jpg,VERIFIED_NO_HASH,"Valid Header, No Remote Checksum Available",6170,PASS (Structure Only)
BROWSE.MYD11A1.A2021232.h27v08.061.2021233192606.1.jpg,VERIFIED_NO_HASH,"Valid Header, No Remote Checksum Available",5519,PASS (Structure Only)
BROWSE.MYD11A1.A2021226.h27v08.061.2021227183105.1.jpg,VERIFIED_NO_HASH,"Valid Header, No Remote Checksum Available",4029,PASS (Structure Only)
BROWSE.MYD11A1.A2021226.h29v08.061.2021227184423.1.jpg,VERIFIED_NO_HASH,"Valid Header, No Remote Checksum Available",14514,PASS (Structure Only)
BROWSE.MYD11A1.A2021228.h27v08.061.2021229201050.1.jpg,VERIFIED_NO_HASH,"Valid Header, No Remote Checksum Available",3961,PASS (Structure Only)
BROWSE.MYD11A1.A2021234.h27v08.061.2021235202628.1.jpg,VERIFIED_NO_HASH,"Valid Header, No Remote Checksum Available",7649,PASS (Structure Only)
BROWSE.MYD11A1.A2021233.h29v08.061.2021234190024.1.jpg,VERIFIED_NO_HASH,"Valid Header, No Remote Checksum Available",10419,PASS (Structure Only)
BROWSE.MYD11A1.A2021235.h29v08.061.2021236191224.1.jpg,VERIFIED_NO_HASH,"Valid Header, No Remote Checksum Available",7314,PASS (Structure Only)
BROWSE.MYD11A1.A2021236.h27v08.061.2021238011030.1.jpg,VERIFIED_NO_HASH,"Valid Header, No Remote Checksum Available",5007,PASS (Structure Only)
MYD11A1.A2021235.h27v08.061.2021236185833.cmr.xml,VERIFIED_NO_HASH,"Valid Header, No Remote Checksum Available",16553,PASS (Structure Only)
BROWSE.MYD11A1.A2021236.h29v08.061.2021238011501.1.jpg,VERIFIED_NO_HASH,"Valid Header, No Remote Checksum Available",9059,PASS (Structure Only)
BROWSE.MYD11A1.A2021238.h29v08.061.2021243080208.1.jpg,VERIFIED_NO_HASH,"Valid Header, No Remote Checksum Available",7375,PASS (Structure Only)
BROWSE.MYD11A1.A2021237.h29v08.061.2021238211844.1.jpg,VERIFIED_NO_HASH,"Valid Header, No Remote Checksum Available",15288,PASS (Structure Only)
BROWSE.MYD11A1.A2021239.h28v08.061.2021243100740.1.jpg,VERIFIED_NO_HASH,"Valid Header, No Remote Checksum Available",6840,PASS (Structure Only)
BROWSE.MYD11A1.A2021237.h27v08.061.2021238210708.1.jpg,VERIFIED_NO_HASH,"Valid Header, No Remote Checksum Available",4983,PASS (Structure Only)
BROWSE.MYD11A1.A2021228.h28v08.061.2021229195955.1.jpg,VERIFIED_NO_HASH,"Valid Header, No Remote Checksum Available",7336,PASS (Structure Only)
BROWSE.MYD11A1.A2021232.h28v08.061.2021233193914.1.jpg,VERIFIED_NO_HASH,"Valid Header, No Remote Checksum Available",3961,PASS (Structure Only)
BROWSE.MYD11A1.A2021239.h29v08.061.2021243101344.2.jpg,VERIFIED_NO_HASH,"Valid Header, No Remote Checksum Available",5202,PASS (Structure Only)
BROWSE.MYD11A1.A2021240.h27v08.061.2021243103616.1.jpg,VERIFIED_NO_HASH,"Valid Header, No Remote Checksum Available",10932,PASS (Structure Only)
BROWSE.MYD11A1.A2021240.h29v08.061.2021243103729.1.jpg,VERIFIED_NO_HASH,"Valid Header, No Remote Checksum Available",6084,PASS (Structure Only)
BROWSE.MYD11A1.A2021238.h27v08.061.2021243081450.2.jpg,VERIFIED_NO_HASH,"Valid Header, No Remote Checksum Available",4990,PASS (Structure Only)
MYD11A1.A2021241.h27v08.061.2021243122754.cmr.xml,VERIFIED_NO_HASH,"Valid Header, No Remote Checksum Available",15821,PASS (Structure Only)
BROWSE.MYD11A1.A2021234.h28v08.061.2021235202026.1.jpg,VERIFIED_NO_HASH,"Valid Header, No Remote Checksum Available",5094,PASS (Structure Only)
BROWSE.MYD11A1.A2021233.h27v08.061.2021234184408.1.jpg,VERIFIED_NO_HASH,"Valid Header, No Remote Checksum Available",7561,PASS (Structure Only)
BROWSE.MYD11A1.A2021241.h28v08.061.2021243123048.1.jpg,VERIFIED_NO_HASH,"Valid Header, No Remote Checksum Available",6237,PASS (Structure Only)
BROWSE.MYD11A1.A2021242.h27v08.061.2021243232533.1.jpg,VERIFIED_NO_HASH,"Valid Header, No Remote Checksum Available",6800,PASS (Structure Only)
BROWSE.MYD11A1.A2021243.h29v08.061.2021244184358.2.jpg,VERIFIED_NO_HASH,"Valid Header, No Remote Checksum Available",5876,PASS (Structure Only)
BROWSE.MYD11A1.A2021238.h28v08.061.2021243081532.1.jpg,VERIFIED_NO_HASH,"Valid Header, No Remote Checksum Available",9560,PASS (Structure Only)
BROWSE.MYD11A1.A2021243.h28v08.061.2021244184413.1.jpg,VERIFIED_NO_HASH,"Valid Header, No Remote Checksum Available",7582,PASS (Structure Only)
BROWSE.MYD11A1.A2021244.h28v08.061.2021245190849.1.jpg,VERIFIED_NO_HASH,"Valid Header, No Remote Checksum Available",6391,PASS (Structure Only)
BROWSE.MYD11A1.A2021244.h29v08.061.2021245190800.1.jpg,VERIFIED_NO_HASH,"Valid Header, No Remote Checksum Available",15576,PASS (Structure Only)
BROWSE.MYD11A1.A2021242.h29v08.061.2021243233815.1.jpg,VERIFIED_NO_HASH,"Valid Header, No Remote Checksum Available",13371,PASS (Structure Only)
BROWSE.MYD11A1.A2021242.h28v08.061.2021243232540.1.jpg,VERIFIED_NO_HASH,"Valid Header, No Remote Checksum Available",8172,PASS (Structure Only)
BROWSE.MYD11A1.A2021244.h27v08.061.2021245190610.1.jpg,VERIFIED_NO_HASH,"Valid Header, No Remote Checksum Available",4071,PASS (Structure Only)
BROWSE.MYD11A1.A2021246.h29v08.061.2021251072159.1.jpg,VERIFIED_NO_HASH,"Valid Header, No Remote Checksum Available",7282,PASS (Structure Only)
BROWSE.MYD11A1.A2021236.h28v08.061.2021238005709.1.jpg,VERIFIED_NO_HASH,"Valid Header, No Remote Checksum Available",4871,PASS (Structure Only)
BROWSE.MYD11A1.A2021245.h29v08.061.2021251034732.2.jpg,VERIFIED_NO_HASH,"Valid Header, No Remote Checksum Available",6148,PASS (Structure Only)
BROWSE.MYD11A1.A2021247.h29v08.061.2021251090048.1.jpg,VERIFIED_NO_HASH,"Valid Header, No Remote Checksum Available",5293,PASS (Structure Only)
BROWSE.MYD11A1.A2021237.h28v08.061.2021238210555.1.jpg,VERIFIED_NO_HASH,"Valid Header, No Remote Checksum Available",5646,PASS (Structure Only)
BROWSE.MYD11A1.A2021231.h27v08.061.2021232210013.1.jpg,VERIFIED_NO_HASH,"Valid Header, No Remote Checksum Available",4922,PASS (Structure Only)
BROWSE.MYD11A1.A2021245.h27v08.061.2021251034525.1.jpg,VERIFIED_NO_HASH,"Valid Header, No Remote Checksum Available",5579,PASS (Structure Only)
MYD11A1.A2021240.h28v08.061.2021243103531.cmr.xml,VERIFIED_NO_HASH,"Valid Header, No Remote Checksum Available",15415,PASS (Structure Only)
BROWSE.MYD11A1.A2021234.h29v08.061.2021235201928.1.jpg,VERIFIED_NO_HASH,"Valid Header, No Remote Checksum Available",7604,PASS (Structure Only)
BROWSE.MYD11A1.A2021249.h28v08.061.2021251120025.1.jpg,VERIFIED_NO_HASH,"Valid Header, No Remote Checksum Available",10841,PASS (Structure Only)
BROWSE.MYD11A1.A2021249.h27v08.061.2021251120557.1.jpg,VERIFIED_NO_HASH,"Valid Header, No Remote Checksum Available",11155,PASS (Structure Only)
MYD11A1.A2021241.h29v08.061.2021243121210.hdf,VERIFIED_NO_HASH,"Valid Header, No Remote Checksum Available",704604,PASS (Structure Only)
BROWSE.MYD11A1.A2021249.h29v08.061.2021251114543.1.jpg,VERIFIED_NO_HASH,"Valid Header, No Remote Checksum Available",9570,PASS (Structure Only)
BROWSE.MYD11A1.A2021243.h27v08.061.2021244184058.1.jpg,VERIFIED_NO_HASH,"Valid Header, No Remote Checksum Available",8125,PASS (Structure Only)
BROWSE.MYD11A1.A2021246.h27v08.061.2021251073752.1.jpg,VERIFIED_NO_HASH,"Valid Header, No Remote Checksum Available",7731,PASS (Structure Only)
MYD11A1.A2021245.h28v08.061.2021251034349.cmr.xml,VERIFIED_NO_HASH,"Valid Header, No Remote Checksum Available",15820,PASS (Structure Only)
BROWSE.MYD11A1.A2021250.h29v08.061.2021252014648.1.jpg,VERIFIED_NO_HASH,"Valid Header, No Remote Checksum Available",14852,PASS (Structure Only)
BROWSE.MYD11A1.A2021251.h27v08.061.2021252212010.2.jpg,VERIFIED_NO_HASH,"Valid Header, No Remote Checksum Available",3961,PASS (Structure Only)
BROWSE.MYD11A1.A2021248.h29v08.061.2021251112131.1.jpg,VERIFIED_NO_HASH,"Valid Header, No Remote Checksum Available",16261,PASS (Structure Only)
BROWSE.MYD11A1.A2021248.h27v08.061.2021251113553.1.jpg,VERIFIED_NO_HASH,"Valid Header, No Remote Checksum Available",12053,PASS (Structure Only)
BROWSE.MYD11A1.A2021250.h28v08.061.2021252013513.1.jpg,VERIFIED_NO_HASH,"Valid Header, No Remote Checksum Available",10148,PASS (Structure Only)
BROWSE.MYD11A1.A2021251.h29v08.061.2021252213659.2.jpg,VERIFIED_NO_HASH,"Valid Header, No Remote Checksum Available",4003,PASS (Structure Only)
BROWSE.MYD11A1.A2021252.h28v08.061.2021253192135.1.jpg,VERIFIED_NO_HASH,"Valid Header, No Remote Checksum Available",10814,PASS (Structure Only)
BROWSE.MYD11A1.A2021247.h28v08.061.2021251085905.1.jpg,VERIFIED_NO_HASH,"Valid Header, No Remote Checksum Available",11722,PASS (Structure Only)
BROWSE.MYD11A1.A2021246.h28v08.061.2021251074145.1.jpg,VERIFIED_NO_HASH,"Valid Header, No Remote Checksum Available",4275,PASS (Structure Only)
BROWSE.MYD11A1.A2021250.h27v08.061.2021252014333.1.jpg,VERIFIED_NO_HASH,"Valid Header, No Remote Checksum Available",7352,PASS (Structure Only)
MYD11A1.A2021252.h27v08.061.2021253192013.hdf,VERIFIED_NO_HASH,"Valid Header, No Remote Checksum Available",327111,PASS (Structure Only)
MYD11A1.A2021253.h27v08.061.2021254181544.cmr.xml,VERIFIED_NO_HASH,"Valid Header, No Remote Checksum Available",16553,PASS (Structure Only)
BROWSE.MYD11A1.A2021233.h28v08.061.2021234185825.1.jpg,VERIFIED_NO_HASH,"Valid Header, No Remote Checksum Available",11308,PASS (Structure Only)
BROWSE.MYD11A1.A2021252.h29v08.061.2021253192400.1.jpg,VERIFIED_NO_HASH,"Valid Header, No Remote Checksum Available",4490,PASS (Structure Only)
BROWSE.MYD11A1.A2021256.h27v08.061.2021257230412.1.jpg,VERIFIED_NO_HASH,"Valid Header, No Remote Checksum Available",4358,PASS (Structure Only)
BROWSE.MYD11A1.A2021251.h28v08.061.2021252212053.2.jpg,VERIFIED_NO_HASH,"Valid Header, No Remote Checksum Available",4809,PASS (Structure Only)
BROWSE.MYD11A1.A2021256.h28v08.061.2021257230633.2.jpg,VERIFIED_NO_HASH,"Valid Header, No Remote Checksum Available",3961,PASS (Structure Only)
BROWSE.MYD11A1.A2021255.h28v08.061.2021256192851.1.jpg,VERIFIED_NO_HASH,"Valid Header, No Remote Checksum Available",5467,PASS (Structure Only)
BROWSE.MYD11A1.A2021255.h29v08.061.2021256192921.1.jpg,VERIFIED_NO_HASH,"Valid Header, No Remote Checksum Available",7532,PASS (Structure Only)
BROWSE.MYD11A1.A2021257.h27v08.061.2021258225628.1.jpg,VERIFIED_NO_HASH,"Valid Header, No Remote Checksum Available",6414,PASS (Structure Only)
MYD11A1.A2021257.h28v08.061.2021258230950.cmr.xml,VERIFIED_NO_HASH,"Valid Header, No Remote Checksum Available",16878,PASS (Structure Only)
MYD11A1.A2021256.h29v08.061.2021257230920.hdf,VERIFIED_NO_HASH,"Valid Header, No Remote Checksum Available",458488,PASS (Structure Only)
BROWSE.MYD11A1.A2021255.h27v08.061.2021256193917.1.jpg,VERIFIED_NO_HASH,"Valid Header, No Remote Checksum Available",6044,PASS (Structure Only)
BROWSE.MYD11A1.A2021258.h29v08.061.2021259180412.1.jpg,VERIFIED_NO_HASH,"Valid Header, No Remote Checksum Available",7288,PASS (Structure Only)
BROWSE.MYD11A1.A2021258.h28v08.061.2021259180348.1.jpg,VERIFIED_NO_HASH,"Valid Header, No Remote Checksum Available",8423,PASS (Structure Only)
BROWSE.MYD11A1.A2021257.h29v08.061.2021258231127.2.jpg,VERIFIED_NO_HASH,"Valid Header, No Remote Checksum Available",7061,PASS (Structure Only)
BROWSE.MYD11A1.A2021259.h27v08.061.2021264020105.1.jpg,VERIFIED_NO_HASH,"Valid Header, No Remote Checksum Available",10268,PASS (Structure Only)
BROWSE.MYD11A1.A2021259.h28v08.061.2021264020548.1.jpg,VERIFIED_NO_HASH,"Valid Header, No Remote Checksum Available",10611,PASS (Structure Only)
BROWSE.MYD11A1.A2021260.h28v08.061.2021264030512.1.jpg,VERIFIED_NO_HASH,"Valid Header, No Remote Checksum Available",12444,PASS (Structure Only)
BROWSE.MYD11A1.A2021259.h29v08.061.2021264021007.1.jpg,VERIFIED_NO_HASH,"Valid Header, No Remote Checksum Available",4817,PASS (Structure Only)
MYD11A1.A2021254.h27v08.061.2021255192418.hdf,VERIFIED_NO_HASH,"Valid Header, No Remote Checksum Available",351768,PASS (Structure Only)
BROWSE.MYD11A1.A2021261.h29v08.061.2021264031754.1.jpg,VERIFIED_NO_HASH,"Valid Header, No Remote Checksum Available",11581,PASS (Structure Only)
BROWSE.MYD11A1.A2021260.h27v08.061.2021264030658.1.jpg,VERIFIED_NO_HASH,"Valid Header, No Remote Checksum Available",5389,PASS (Structure Only)
BROWSE.MYD11A1.A2021254.h29v08.061.2021255192506.2.jpg,VERIFIED_NO_HASH,"Valid Header, No Remote Checksum Available",3961,PASS (Structure Only)
BROWSE.MYD11A1.A2021253.h29v08.061.2021254183239.1.jpg,VERIFIED_NO_HASH,"Valid Header, No Remote Checksum Available",11489,PASS (Structure Only)
BROWSE.MYD11A1.A2021262.h28v08.061.2021264044828.1.jpg,VERIFIED_NO_HASH,"Valid Header, No Remote Checksum Available",5107,PASS (Structure Only)
BROWSE.MYD11A1.A2021254.h28v08.061.2021255192243.1.jpg,VERIFIED_NO_HASH,"Valid Header, No Remote Checksum Available",10040,PASS (Structure Only)
BROWSE.MYD11A1.A2021261.h28v08.061.2021264031723.1.jpg,VERIFIED_NO_HASH,"Valid Header, No Remote Checksum Available",11443,PASS (Structure Only)
BROWSE.MYD11A1.A2021260.h29v08.061.2021264030542.1.jpg,VERIFIED_NO_HASH,"Valid Header, No Remote Checksum Available",15490,PASS (Structure Only)
MYD11A1.A2021262.h27v08.061.2021264044817.cmr.xml,VERIFIED_NO_HASH,"Valid Header, No Remote Checksum Available",16146,PASS (Structure Only)
BROWSE.MYD11A1.A2021263.h29v08.061.2021264172905.1.jpg,VERIFIED_NO_HASH,"Valid Header, No Remote Checksum Available",5781,PASS (Structure Only)
MYD11A1.A2021263.h27v08.061.2021264172053.hdf,VERIFIED_NO_HASH,"Valid Header, No Remote Checksum Available",386126,PASS (Structure Only)
BROWSE.MYD11A1.A2021263.h28v08.061.2021264172036.1.jpg,VERIFIED_NO_HASH,"Valid Header, No Remote Checksum Available",11734,PASS (Structure Only)
BROWSE.MYD11A1.A2021265.h27v08.061.2021266170557.1.jpg,VERIFIED_NO_HASH,"Valid Header, No Remote Checksum Available",7250,PASS (Structure Only)
BROWSE.MYD11A1.A2021265.h28v08.061.2021266171445.1.jpg,VERIFIED_NO_HASH,"Valid Header, No Remote Checksum Available",12012,PASS (Structure Only)
BROWSE.MYD11A1.A2021258.h27v08.061.2021259181740.1.jpg,VERIFIED_NO_HASH,"Valid Header, No Remote Checksum Available",5440,PASS (Structure Only)
BROWSE.MYD11A1.A2021261.h27v08.061.2021264031728.1.jpg,VERIFIED_NO_HASH,"Valid Header, No Remote Checksum Available",7905,PASS (Structure Only)
BROWSE.MYD11A1.A2021265.h29v08.061.2021266170515.1.jpg,VERIFIED_NO_HASH,"Valid Header, No Remote Checksum Available",7957,PASS (Structure Only)
MYD11A1.A2021264.h29v08.061.2021265202112.cmr.xml,VERIFIED_NO_HASH,"Valid Header, No Remote Checksum Available",15414,PASS (Structure Only)
BROWSE.MYD11A1.A2021267.h27v08.061.2021274195829.1.jpg,VERIFIED_NO_HASH,"Valid Header, No Remote Checksum Available",3961,PASS (Structure Only)
BROWSE.MYD11A1.A2021266.h29v08.061.2021277192207.1.jpg,VERIFIED_NO_HASH,"Valid Header, No Remote Checksum Available",12499,PASS (Structure Only)
BROWSE.MYD11A1.A2021264.h28v08.061.2021265203114.1.jpg,VERIFIED_NO_HASH,"Valid Header, No Remote Checksum Available",8503,PASS (Structure Only)
BROWSE.MYD11A1.A2021248.h28v08.061.2021251111824.1.jpg,VERIFIED_NO_HASH,"Valid Header, No Remote Checksum Available",9834,PASS (Structure Only)
BROWSE.MYD11A1.A2021247.h27v08.061.2021251084220.1.jpg,VERIFIED_NO_HASH,"Valid Header, No Remote Checksum Available",8010,PASS (Structure Only)
BROWSE.MYD11A1.A2021269.h27v08.061.2021277200903.1.jpg,VERIFIED_NO_HASH,"Valid Header, No Remote Checksum Available",3961,PASS (Structure Only)
BROWSE.MYD11A1.A2021268.h29v08.061.2021274202958.1.jpg,VERIFIED_NO_HASH,"Valid Header, No Remote Checksum Available",9418,PASS (Structure Only)
BROWSE.MYD11A1.A2021266.h27v08.061.2021277192121.1.jpg,VERIFIED_NO_HASH,"Valid Header, No Remote Checksum Available",12537,PASS (Structure Only)
BROWSE.MYD11A1.A2021262.h29v08.061.2021264044840.2.jpg,VERIFIED_NO_HASH,"Valid Header, No Remote Checksum Available",4904,PASS (Structure Only)
BROWSE.MYD11A1.A2021268.h27v08.061.2021274202837.1.jpg,VERIFIED_NO_HASH,"Valid Header, No Remote Checksum Available",8155,PASS (Structure Only)
BROWSE.MYD11A1.A2021269.h28v08.061.2021277201002.2.jpg,VERIFIED_NO_HASH,"Valid Header, No Remote Checksum Available",4169,PASS (Structure Only)
BROWSE.MYD11A1.A2021270.h29v08.061.2021277204920.1.jpg,VERIFIED_NO_HASH,"Valid Header, No Remote Checksum Available",9599,PASS (Structure Only)
BROWSE.MYD11A1.A2021267.h29v08.061.2021274200349.1.jpg,VERIFIED_NO_HASH,"Valid Header, No Remote Checksum Available",3961,PASS (Structure Only)
BROWSE.MYD11A1.A2021268.h28v08.061.2021274203504.1.jpg,VERIFIED_NO_HASH,"Valid Header, No Remote Checksum Available",10833,PASS (Structure Only)
BROWSE.MYD11A1.A2021269.h29v08.061.2021277200940.1.jpg,VERIFIED_NO_HASH,"Valid Header, No Remote Checksum Available",16310,PASS (Structure Only)
BROWSE.MYD11A1.A2021267.h28v08.061.2021274200219.1.jpg,VERIFIED_NO_HASH,"Valid Header, No Remote Checksum Available",3961,PASS (Structure Only)
BROWSE.MYD11A1.A2021271.h29v08.061.2021277211022.1.jpg,VERIFIED_NO_HASH,"Valid Header, No Remote Checksum Available",15780,PASS (Structure Only)
BROWSE.MYD11A1.A2021266.h28v08.061.2021277192216.1.jpg,VERIFIED_NO_HASH,"Valid Header, No Remote Checksum Available",12217,PASS (Structure Only)
BROWSE.MYD11A1.A2021270.h28v08.061.2021277204210.1.jpg,VERIFIED_NO_HASH,"Valid Header, No Remote Checksum Available",8578,PASS (Structure Only)
BROWSE.MYD11A1.A2021274.h28v08.061.2021277224907.2.jpg,VERIFIED_NO_HASH,"Valid Header, No Remote Checksum Available",3961,PASS (Structure Only)
BROWSE.MYD11A1.A2021272.h28v08.061.2021277215321.1.jpg,VERIFIED_NO_HASH,"Valid Header, No Remote Checksum Available",9258,PASS (Structure Only)
BROWSE.MYD11A1.A2021264.h27v08.061.2021265201811.1.jpg,VERIFIED_NO_HASH,"Valid Header, No Remote Checksum Available",7685,PASS (Structure Only)
BROWSE.MYD11A1.A2021271.h28v08.061.2021277210948.1.jpg,VERIFIED_NO_HASH,"Valid Header, No Remote Checksum Available",5771,PASS (Structure Only)
BROWSE.MYD11A1.A2021272.h29v08.061.2021277214818.1.jpg,VERIFIED_NO_HASH,"Valid Header, No Remote Checksum Available",5529,PASS (Structure Only)
BROWSE.MYD11A1.A2021275.h29v08.061.2021277231908.1.jpg,VERIFIED_NO_HASH,"Valid Header, No Remote Checksum Available",11667,PASS (Structure Only)
BROWSE.MYD11A1.A2021273.h27v08.061.2021277221911.1.jpg,VERIFIED_NO_HASH,"Valid Header, No Remote Checksum Available",5378,PASS (Structure Only)
BROWSE.MYD11A1.A2021271.h27v08.061.2021277211010.2.jpg,VERIFIED_NO_HASH,"Valid Header, No Remote Checksum Available",3961,PASS (Structure Only)
BROWSE.MYD11A1.A2021273.h28v08.061.2021277221914.1.jpg,VERIFIED_NO_HASH,"Valid Header, No Remote Checksum Available",5594,PASS (Structure Only)
BROWSE.MYD11A1.A2021274.h27v08.061.2021277224902.1.jpg,VERIFIED_NO_HASH,"Valid Header, No Remote Checksum Available",4882,PASS (Structure Only)
BROWSE.MYD11A1.A2021277.h29v08.061.2021278181659.2.jpg,VERIFIED_NO_HASH,"Valid Header, No Remote Checksum Available",3961,PASS (Structure Only)
BROWSE.MYD11A1.A2021272.h27v08.061.2021277215423.1.jpg,VERIFIED_NO_HASH,"Valid Header, No Remote Checksum Available",6219,PASS (Structure Only)
BROWSE.MYD11A1.A2021275.h27v08.061.2021277231858.1.jpg,VERIFIED_NO_HASH,"Valid Header, No Remote Checksum Available",9455,PASS (Structure Only)
BROWSE.MYD11A1.A2021274.h29v08.061.2021277224909.2.jpg,VERIFIED_NO_HASH,"Valid Header, No Remote Checksum Available",3961,PASS (Structure Only)
MYD11A1.A2021277.h28v08.061.2021278181121.cmr.xml,VERIFIED_NO_HASH,"Valid Header, No Remote Checksum Available",15821,PASS (Structure Only)
MYD11A1.A2021277.h27v08.061.2021278181126.hdf,VERIFIED_NO_HASH,"Valid Header, No Remote Checksum Available",781171,PASS (Structure Only)
BROWSE.MYD11A1.A2021278.h29v08.061.2021279173338.2.jpg,VERIFIED_NO_HASH,"Valid Header, No Remote Checksum Available",4246,PASS (Structure Only)
BROWSE.MYD11A1.A2021279.h29v08.061.2021280164740.1.jpg,VERIFIED_NO_HASH,"Valid Header, No Remote Checksum Available",5458,PASS (Structure Only)
BROWSE.MYD11A1.A2021276.h27v08.061.2021277234426.1.jpg,VERIFIED_NO_HASH,"Valid Header, No Remote Checksum Available",7643,PASS (Structure Only)
BROWSE.MYD11A1.A2021276.h28v08.061.2021277233953.1.jpg,VERIFIED_NO_HASH,"Valid Header, No Remote Checksum Available",6448,PASS (Structure Only)
BROWSE.MYD11A1.A2021278.h28v08.061.2021279173822.2.jpg,VERIFIED_NO_HASH,"Valid Header, No Remote Checksum Available",4465,PASS (Structure Only)
MYD11A1.A2021278.h27v08.061.2021279173635.hdf,VERIFIED_NO_HASH,"Valid Header, No Remote Checksum Available",284612,PASS (Structure Only)
BROWSE.MYD11A1.A2021276.h29v08.061.2021277234018.1.jpg,VERIFIED_NO_HASH,"Valid Header, No Remote Checksum Available",12741,PASS (Structure Only)
BROWSE.MYD11A1.A2021275.h28v08.061.2021277231852.2.jpg,VERIFIED_NO_HASH,"Valid Header, No Remote Checksum Available",4185,PASS (Structure Only)
BROWSE.MYD11A1.A2021279.h27v08.061.2021280165601.1.jpg,VERIFIED_NO_HASH,"Valid Header, No Remote Checksum Available",6183,PASS (Structure Only)
BROWSE.MYD11A1.A2021273.h29v08.061.2021277222024.1.jpg,VERIFIED_NO_HASH,"Valid Header, No Remote Checksum Available",16039,PASS (Structure Only)
MYD11A1.A2021270.h27v08.061.2021277204421.cmr.xml,VERIFIED_NO_HASH,"Valid Header, No Remote Checksum Available",15821,PASS (Structure Only)
BROWSE.MYD11A1.A2021280.h29v08.061.2021281175719.1.jpg,VERIFIED_NO_HASH,"Valid Header, No Remote Checksum Available",15804,PASS (Structure Only)
BROWSE.MYD11A1.A2021281.h29v08.061.2021282172628.1.jpg,VERIFIED_NO_HASH,"Valid Header, No Remote Checksum Available",11319,PASS (Structure Only)
BROWSE.MYD11A1.A2021282.h29v08.061.2021283164823.1.jpg,VERIFIED_NO_HASH,"Valid Header, No Remote Checksum Available",13637,PASS (Structure Only)
BROWSE.MYD11A1.A2021283.h29v08.061.2021284170046.1.jpg,VERIFIED_NO_HASH,"Valid Header, No Remote Checksum Available",6783,PASS (Structure Only)
BROWSE.MYD11A1.A2021283.h28v08.061.2021284165855.1.jpg,VERIFIED_NO_HASH,"Valid Header, No Remote Checksum Available",9133,PASS (Structure Only)
BROWSE.MYD11A1.A2021282.h27v08.061.2021283164133.1.jpg,VERIFIED_NO_HASH,"Valid Header, No Remote Checksum Available",8942,PASS (Structure Only)
BROWSE.MYD11A1.A2021280.h27v08.061.2021281175702.1.jpg,VERIFIED_NO_HASH,"Valid Header, No Remote Checksum Available",5960,PASS (Structure Only)
BROWSE.MYD11A1.A2021281.h27v08.061.2021282172929.1.jpg,VERIFIED_NO_HASH,"Valid Header, No Remote Checksum Available",5922,PASS (Structure Only)
BROWSE.MYD11A1.A2021285.h27v08.061.2021286164908.2.jpg,VERIFIED_NO_HASH,"Valid Header, No Remote Checksum Available",3961,PASS (Structure Only)
BROWSE.MYD11A1.A2021283.h27v08.061.2021284165712.1.jpg,VERIFIED_NO_HASH,"Valid Header, No Remote Checksum Available",5682,PASS (Structure Only)
BROWSE.MYD11A1.A2021284.h28v08.061.2021285165708.1.jpg,VERIFIED_NO_HASH,"Valid Header, No Remote Checksum Available",11166,PASS (Structure Only)
BROWSE.MYD11A1.A2021284.h27v08.061.2021285165939.1.jpg,VERIFIED_NO_HASH,"Valid Header, No Remote Checksum Available",9203,PASS (Structure Only)
BROWSE.MYD11A1.A2021287.h28v08.061.2021288171051.1.jpg,VERIFIED_NO_HASH,"Valid Header, No Remote Checksum Available",5164,PASS (Structure Only)
BROWSE.MYD11A1.A2021286.h29v08.061.2021288153844.1.jpg,VERIFIED_NO_HASH,"Valid Header, No Remote Checksum Available",6176,PASS (Structure Only)
MYD11A1.A2021286.h28v08.061.2021288153811.hdf,VERIFIED_NO_HASH,"Valid Header, No Remote Checksum Available",982382,PASS (Structure Only)
MYD11A1.A2021285.h29v08.061.2021286165106.hdf,VERIFIED_NO_HASH,"Valid Header, No Remote Checksum Available",588010,PASS (Structure Only)
BROWSE.MYD11A1.A2021287.h27v08.061.2021288171139.1.jpg,VERIFIED_NO_HASH,"Valid Header, No Remote Checksum Available",5953,PASS (Structure Only)
BROWSE.MYD11A1.A2021286.h27v08.061.2021288153900.1.jpg,VERIFIED_NO_HASH,"Valid Header, No Remote Checksum Available",10887,PASS (Structure Only)
BROWSE.MYD11A1.A2021287.h29v08.061.2021288171100.1.jpg,VERIFIED_NO_HASH,"Valid Header, No Remote Checksum Available",16350,PASS (Structure Only)
BROWSE.MYD11A1.A2021288.h27v08.061.2021289164821.1.jpg,VERIFIED_NO_HASH,"Valid Header, No Remote Checksum Available",9665,PASS (Structure Only)
BROWSE.MYD11A1.A2021289.h27v08.061.2021292222156.1.jpg,VERIFIED_NO_HASH,"Valid Header, No Remote Checksum Available",11132,PASS (Structure Only)
MYD11A1.A2021289.h29v08.061.2021292222306.hdf,VERIFIED_NO_HASH,"Valid Header, No Remote Checksum Available",1284889,PASS (Structure Only)
BROWSE.MYD11A1.A2021288.h28v08.061.2021289164759.1.jpg,VERIFIED_NO_HASH,"Valid Header, No Remote Checksum Available",12513,PASS (Structure Only)
BROWSE.MYD11A1.A2021290.h27v08.061.2021293000011.1.jpg,VERIFIED_NO_HASH,"Valid Header, No Remote Checksum Available",4136,PASS (Structure Only)
BROWSE.MYD11A1.A2021288.h29v08.061.2021289164836.1.jpg,VERIFIED_NO_HASH,"Valid Header, No Remote Checksum Available",9375,PASS (Structure Only)
BROWSE.MYD11A1.A2021290.h28v08.061.2021292235901.1.jpg,VERIFIED_NO_HASH,"Valid Header, No Remote Checksum Available",4893,PASS (Structure Only)
BROWSE.MYD11A1.A2021279.h28v08.061.2021280164947.1.jpg,VERIFIED_NO_HASH,"Valid Header, No Remote Checksum Available",10506,PASS (Structure Only)
BROWSE.MYD11A1.A2021290.h29v08.061.2021292235951.1.jpg,VERIFIED_NO_HASH,"Valid Header, No Remote Checksum Available",8511,PASS (Structure Only)
BROWSE.MYD11A1.A2021292.h27v08.061.2021293170052.1.jpg,VERIFIED_NO_HASH,"Valid Header, No Remote Checksum Available",5224,PASS (Structure Only)
BROWSE.MYD11A1.A2021285.h28v08.061.2021286165038.2.jpg,VERIFIED_NO_HASH,"Valid Header, No Remote Checksum Available",5232,PASS (Structure Only)
BROWSE.MYD11A1.A2021291.h29v08.061.2021293003824.1.jpg,VERIFIED_NO_HASH,"Valid Header, No Remote Checksum Available",11847,PASS (Structure Only)
BROWSE.MYD11A1.A2021253.h28v08.061.2021254181627.1.jpg,VERIFIED_NO_HASH,"Valid Header, No Remote Checksum Available",5552,PASS (Structure Only)
BROWSE.MYD11A1.A2021293.h29v08.061.2021294172333.1.jpg,VERIFIED_NO_HASH,"Valid Header, No Remote Checksum Available",9168,PASS (Structure Only)
BROWSE.MYD11A1.A2021282.h28v08.061.2021283164138.1.jpg,VERIFIED_NO_HASH,"Valid Header, No Remote Checksum Available",11116,PASS (Structure Only)
BROWSE.MYD11A1.A2021291.h28v08.061.2021293003949.1.jpg,VERIFIED_NO_HASH,"Valid Header, No Remote Checksum Available",6568,PASS (Structure Only)
BROWSE.MYD11A1.A2021294.h29v08.061.2021298191059.2.jpg,VERIFIED_NO_HASH,"Valid Header, No Remote Checksum Available",5260,PASS (Structure Only)
BROWSE.MYD11A1.A2021292.h28v08.061.2021293170058.1.jpg,VERIFIED_NO_HASH,"Valid Header, No Remote Checksum Available",8610,PASS (Structure Only)
BROWSE.MYD11A1.A2021293.h28v08.061.2021294172408.1.jpg,VERIFIED_NO_HASH,"Valid Header, No Remote Checksum Available",6120,PASS (Structure Only)
BROWSE.MYD11A1.A2021293.h27v08.061.2021294172427.1.jpg,VERIFIED_NO_HASH,"Valid Header, No Remote Checksum Available",5079,PASS (Structure Only)
BROWSE.MYD11A1.A2021294.h27v08.061.2021298191057.1.jpg,VERIFIED_NO_HASH,"Valid Header, No Remote Checksum Available",4481,PASS (Structure Only)
BROWSE.MYD11A1.A2021295.h29v08.061.2021298192059.1.jpg,VERIFIED_NO_HASH,"Valid Header, No Remote Checksum Available",5227,PASS (Structure Only)
BROWSE.MYD11A1.A2021294.h28v08.061.2021298191137.1.jpg,VERIFIED_NO_HASH,"Valid Header, No Remote Checksum Available",5343,PASS (Structure Only)
BROWSE.MYD11A1.A2021295.h28v08.061.2021298192012.1.jpg,VERIFIED_NO_HASH,"Valid Header, No Remote Checksum Available",9267,PASS (Structure Only)
BROWSE.MYD11A1.A2021296.h29v08.061.2021298200535.1.jpg,VERIFIED_NO_HASH,"Valid Header, No Remote Checksum Available",10474,PASS (Structure Only)
BROWSE.MYD11A1.A2021281.h28v08.061.2021282172802.1.jpg,VERIFIED_NO_HASH,"Valid Header, No Remote Checksum Available",11902,PASS (Structure Only)
BROWSE.MYD11A1.A2021280.h28v08.061.2021281175730.1.jpg,VERIFIED_NO_HASH,"Valid Header, No Remote Checksum Available",5039,PASS (Structure Only)
BROWSE.MYD11A1.A2021296.h27v08.061.2021298200515.1.jpg,VERIFIED_NO_HASH,"Valid Header, No Remote Checksum Available",9853,PASS (Structure Only)
BROWSE.MYD11A1.A2021284.h29v08.061.2021285165744.2.jpg,VERIFIED_NO_HASH,"Valid Header, No Remote Checksum Available",6156,PASS (Structure Only)
BROWSE.MYD11A1.A2021289.h28v08.061.2021292222209.1.jpg,VERIFIED_NO_HASH,"Valid Header, No Remote Checksum Available",6240,PASS (Structure Only)
BROWSE.MYD11A1.A2021299.h29v08.061.2021301145837.1.jpg,VERIFIED_NO_HASH,"Valid Header, No Remote Checksum Available",14379,PASS (Structure Only)
BROWSE.MYD11A1.A2021299.h28v08.061.2021301145712.1.jpg,VERIFIED_NO_HASH,"Valid Header, No Remote Checksum Available",9936,PASS (Structure Only)
BROWSE.MYD11A1.A2021229.h28v08.061.2021230205107.1.jpg,VERIFIED_NO_HASH,"Valid Header, No Remote Checksum Available",5869,PASS (Structure Only)
BROWSE.MYD11A1.A2021296.h28v08.061.2021298200517.1.jpg,VERIFIED_NO_HASH,"Valid Header, No Remote Checksum Available",7718,PASS (Structure Only)
BROWSE.MYD11A1.A2021300.h28v08.061.2021303190340.2.jpg,VERIFIED_NO_HASH,"Valid Header, No Remote Checksum Available",6247,PASS (Structure Only)
BROWSE.MYD11A1.A2021300.h27v08.061.2021303190339.1.jpg,VERIFIED_NO_HASH,"Valid Header, No Remote Checksum Available",7593,PASS (Structure Only)
BROWSE.MYD11A1.A2021300.h29v08.061.2021303190436.1.jpg,VERIFIED_NO_HASH,"Valid Header, No Remote Checksum Available",11444,PASS (Structure Only)
BROWSE.MYD11A1.A2021299.h27v08.061.2021301145703.1.jpg,VERIFIED_NO_HASH,"Valid Header, No Remote Checksum Available",4535,PASS (Structure Only)
BROWSE.MYD11A1.A2021226.h28v08.061.2021227184700.1.jpg,VERIFIED_NO_HASH,"Valid Header, No Remote Checksum Available",6067,PASS (Structure Only)
MYD11A1.A2021227.h29v08.061.2021228194524.cmr.xml,VERIFIED_NO_HASH,"Valid Header, No Remote Checksum Available",15498,PASS (Structure Only)
BROWSE.MYD11A1.A2021239.h27v08.061.2021243102849.1.jpg,VERIFIED_NO_HASH,"Valid Header, No Remote Checksum Available",8491,PASS (Structure Only)
BROWSE.MYD11A1.A2021298.h28v08.061.2021301145258.2.jpg,VERIFIED_NO_HASH,"Valid Header, No Remote Checksum Available",4675,PASS (Structure Only)
MYD11A1.A2021227.h27v08.061.2021228194936.cmr.xml,VERIFIED_NO_HASH,"Valid Header, No Remote Checksum Available",15088,PASS (Structure Only)
BROWSE.MYD11A1.A2021297.h29v08.061.2021298202546.1.jpg,VERIFIED_NO_HASH,"Valid Header, No Remote Checksum Available",10944,PASS (Structure Only)
BROWSE.MYD11A1.A2021297.h28v08.061.2021298202455.2.jpg,VERIFIED_NO_HASH,"Valid Header, No Remote Checksum Available",8404,PASS (Structure Only)
BROWSE.MYD11A1.A2021295.h27v08.061.2021298192100.1.jpg,VERIFIED_NO_HASH,"Valid Header, No Remote Checksum Available",5790,PASS (Structure Only)
BROWSE.MYD11A1.A2021291.h27v08.061.2021293003831.1.jpg,VERIFIED_NO_HASH,"Valid Header, No Remote Checksum Available",6467,PASS (Structure Only)
BROWSE.MYD11A1.A2021298.h29v08.061.2021301145301.1.jpg,VERIFIED_NO_HASH,"Valid Header, No Remote Checksum Available",16651,PASS (Structure Only)
BROWSE.MYD11A1.A2021292.h29v08.061.2021293170101.2.jpg,VERIFIED_NO_HASH,"Valid Header, No Remote Checksum Available",5013,PASS (Structure Only)
BROWSE.MYD11A1.A2021297.h27v08.061.2021298202521.1.jpg,VERIFIED_NO_HASH,"Valid Header, No Remote Checksum Available",5362,PASS (Structure Only)
BROWSE.MYD11A1.A2021298.h27v08.061.2021301145222.1.jpg,VERIFIED_NO_HASH,"Valid Header, No Remote Checksum Available",7067,PASS (Structure Only)
BROWSE.MYD11A1.A2021302.h28v08.061.2021303210516.1.jpg,VERIFIED_NO_HASH,"Valid Header, No Remote Checksum Available",10210,PASS (Structure Only)
BROWSE.MYD11A1.A2021302.h27v08.061.2021303210524.1.jpg,VERIFIED_NO_HASH,"Valid Header, No Remote Checksum Available",10301,PASS (Structure Only)
BROWSE.MYD11A1.A2021301.h29v08.061.2021303192538.2.jpg,VERIFIED_NO_HASH,"Valid Header, No Remote Checksum Available",7881,PASS (Structure Only)
BROWSE.MYD11A1.A2021305.h29v08.061.2021306221000.1.jpg,VERIFIED_NO_HASH,"Valid Header, No Remote Checksum Available",15056,PASS (Structure Only)
BROWSE.MYD11A1.A2021304.h27v08.061.2021306213326.1.jpg,VERIFIED_NO_HASH,"Valid Header, No Remote Checksum Available",5851,PASS (Structure Only)
BROWSE.MYD11A1.A2021303.h27v08.061.2021306204145.1.jpg,VERIFIED_NO_HASH,"Valid Header, No Remote Checksum Available",5556,PASS (Structure Only)
BROWSE.MYD11A1.A2021308.h27v08.061.2021309173514.1.jpg,VERIFIED_NO_HASH,"Valid Header, No Remote Checksum Available",3961,PASS (Structure Only)
BROWSE.MYD11A1.A2021306.h28v08.061.2021307171102.1.jpg,VERIFIED_NO_HASH,"Valid Header, No Remote Checksum Available",5488,PASS (Structure Only)
BROWSE.MYD11A1.A2021307.h27v08.061.2021308175539.1.jpg,VERIFIED_NO_HASH,"Valid Header, No Remote Checksum Available",5008,PASS (Structure Only)
BROWSE.MYD11A1.A2021305.h28v08.061.2021306220930.1.jpg,VERIFIED_NO_HASH,"Valid Header, No Remote Checksum Available",5508,PASS (Structure Only)
BROWSE.MYD11A1.A2021307.h28v08.061.2021308175538.1.jpg,VERIFIED_NO_HASH,"Valid Header, No Remote Checksum Available",4564,PASS (Structure Only)
MYD11A1.A2021309.h28v08.061.2021310181040.hdf,VERIFIED_NO_HASH,"Valid Header, No Remote Checksum Available",229536,PASS (Structure Only)
MYD11A1.A2021310.h29v08.061.2021311175349.cmr.xml,VERIFIED_NO_HASH,"Valid Header, No Remote Checksum Available",15822,PASS (Structure Only)
BROWSE.MYD11A1.A2021310.h28v08.061.2021311175439.1.jpg,VERIFIED_NO_HASH,"Valid Header, No Remote Checksum Available",5981,PASS (Structure Only)
BROWSE.MYD11A1.A2021303.h29v08.061.2021306204158.1.jpg,VERIFIED_NO_HASH,"Valid Header, No Remote Checksum Available",15944,PASS (Structure Only)
BROWSE.MYD11A1.A2021306.h27v08.061.2021307171050.1.jpg,VERIFIED_NO_HASH,"Valid Header, No Remote Checksum Available",4727,PASS (Structure Only)
MYD11A1.A2021304.h28v08.061.2021306213611.hdf,VERIFIED_NO_HASH,"Valid Header, No Remote Checksum Available",586052,PASS (Structure Only)
BROWSE.MYD11A1.A2021311.h27v08.061.2021312172844.1.jpg,VERIFIED_NO_HASH,"Valid Header, No Remote Checksum Available",7115,PASS (Structure Only)
BROWSE.MYD11A1.A2021311.h28v08.061.2021312172850.1.jpg,VERIFIED_NO_HASH,"Valid Header, No Remote Checksum Available",9734,PASS (Structure Only)
BROWSE.MYD11A1.A2021308.h28v08.061.2021309173534.2.jpg,VERIFIED_NO_HASH,"Valid Header, No Remote Checksum Available",4245,PASS (Structure Only)
BROWSE.MYD11A1.A2021308.h29v08.061.2021309173534.1.jpg,VERIFIED_NO_HASH,"Valid Header, No Remote Checksum Available",14690,PASS (Structure Only)
BROWSE.MYD11A1.A2021302.h29v08.061.2021303210547.2.jpg,VERIFIED_NO_HASH,"Valid Header, No Remote Checksum Available",5968,PASS (Structure Only)
MYD11A1.A2021301.h27v08.061.2021303192513.cmr.xml,VERIFIED_NO_HASH,"Valid Header, No Remote Checksum Available",16553,PASS (Structure Only)
BROWSE.MYD11A1.A2021305.h27v08.061.2021306220925.1.jpg,VERIFIED_NO_HASH,"Valid Header, No Remote Checksum Available",7572,PASS (Structure Only)
BROWSE.MYD11A1.A2021311.h29v08.061.2021312172822.1.jpg,VERIFIED_NO_HASH,"Valid Header, No Remote Checksum Available",6919,PASS (Structure Only)
BROWSE.MYD11A1.A2021313.h29v08.061.2021315063851.1.jpg,VERIFIED_NO_HASH,"Valid Header, No Remote Checksum Available",6372,PASS (Structure Only)
MYD11A1.A2021314.h28v08.061.2021315170624.hdf,VERIFIED_NO_HASH,"Valid Header, No Remote Checksum Available",220329,PASS (Structure Only)
BROWSE.MYD11A1.A2021314.h29v08.061.2021315170629.1.jpg,VERIFIED_NO_HASH,"Valid Header, No Remote Checksum Available",14505,PASS (Structure Only)
BROWSE.MYD11A1.A2021315.h28v08.061.2021317003223.1.jpg,VERIFIED_NO_HASH,"Valid Header, No Remote Checksum Available",3961,PASS (Structure Only)
BROWSE.MYD11A1.A2021312.h28v08.061.2021313184942.1.jpg,VERIFIED_NO_HASH,"Valid Header, No Remote Checksum Available",5944,PASS (Structure Only)
BROWSE.MYD11A1.A2021314.h27v08.061.2021315170607.2.jpg,VERIFIED_NO_HASH,"Valid Header, No Remote Checksum Available",4080,PASS (Structure Only)
MYD11A1.A2021313.h27v08.061.2021315063914.hdf,VERIFIED_NO_HASH,"Valid Header, No Remote Checksum Available",279540,PASS (Structure Only)
BROWSE.MYD11A1.A2021315.h27v08.061.2021317003430.1.jpg,VERIFIED_NO_HASH,"Valid Header, No Remote Checksum Available",4073,PASS (Structure Only)
MYD11A1.A2021309.h29v08.061.2021310181013.hdf,VERIFIED_NO_HASH,"Valid Header, No Remote Checksum Available",274133,PASS (Structure Only)
BROWSE.MYD11A1.A2021312.h27v08.061.2021313184855.1.jpg,VERIFIED_NO_HASH,"Valid Header, No Remote Checksum Available",5673,PASS (Structure Only)
BROWSE.MYD11A1.A2021313.h28v08.061.2021315063850.1.jpg,VERIFIED_NO_HASH,"Valid Header, No Remote Checksum Available",10680,PASS (Structure Only)
BROWSE.MYD11A1.A2021315.h29v08.061.2021317003152.1.jpg,VERIFIED_NO_HASH,"Valid Header, No Remote Checksum Available",8609,PASS (Structure Only)
BROWSE.MYD11A1.A2021317.h27v08.061.2021318193719.1.jpg,VERIFIED_NO_HASH,"Valid Header, No Remote Checksum Available",5570,PASS (Structure Only)
BROWSE.MYD11A1.A2021316.h28v08.061.2021317185950.1.jpg,VERIFIED_NO_HASH,"Valid Header, No Remote Checksum Available",4713,PASS (Structure Only)
BROWSE.MYD11A1.A2021319.h28v08.061.2021321030102.1.jpg,VERIFIED_NO_HASH,"Valid Header, No Remote Checksum Available",4829,PASS (Structure Only)
BROWSE.MYD11A1.A2021319.h29v08.061.2021321030021.2.jpg,VERIFIED_NO_HASH,"Valid Header, No Remote Checksum Available",4013,PASS (Structure Only)
BROWSE.MYD11A1.A2021317.h29v08.061.2021318193832.1.jpg,VERIFIED_NO_HASH,"Valid Header, No Remote Checksum Available",4123,PASS (Structure Only)
BROWSE.MYD11A1.A2021318.h27v08.061.2021321015450.1.jpg,VERIFIED_NO_HASH,"Valid Header, No Remote Checksum Available",8564,PASS (Structure Only)
BROWSE.MYD11A1.A2021319.h27v08.061.2021321030010.2.jpg,VERIFIED_NO_HASH,"Valid Header, No Remote Checksum Available",4212,PASS (Structure Only)
BROWSE.MYD11A1.A2021320.h29v08.061.2021321183323.1.jpg,VERIFIED_NO_HASH,"Valid Header, No Remote Checksum Available",5414,PASS (Structure Only)
BROWSE.MYD11A1.A2021318.h28v08.061.2021321015533.1.jpg,VERIFIED_NO_HASH,"Valid Header, No Remote Checksum Available",8448,PASS (Structure Only)
BROWSE.MYD11A1.A2021321.h29v08.061.2021322195059.1.jpg,VERIFIED_NO_HASH,"Valid Header, No Remote Checksum Available",5402,PASS (Structure Only)
BROWSE.MYD11A1.A2021306.h29v08.061.2021307171139.1.jpg,VERIFIED_NO_HASH,"Valid Header, No Remote Checksum Available",8359,PASS (Structure Only)
MYD11A1.A2021317.h28v08.061.2021318193827.cmr.xml,VERIFIED_NO_HASH,"Valid Header, No Remote Checksum Available",15413,PASS (Structure Only)
BROWSE.MYD11A1.A2021312.h29v08.061.2021313184955.1.jpg,VERIFIED_NO_HASH,"Valid Header, No Remote Checksum Available",9067,PASS (Structure Only)
BROWSE.MYD11A1.A2021309.h27v08.061.2021310181053.2.jpg,VERIFIED_NO_HASH,"Valid Header, No Remote Checksum Available",3961,PASS (Structure Only)
BROWSE.MYD11A1.A2021322.h27v08.061.2021323185914.2.jpg,VERIFIED_NO_HASH,"Valid Header, No Remote Checksum Available",3961,PASS (Structure Only)
BROWSE.MYD11A1.A2021321.h28v08.061.2021322195025.1.jpg,VERIFIED_NO_HASH,"Valid Header, No Remote Checksum Available",6229,PASS (Structure Only)
BROWSE.MYD11A1.A2021301.h28v08.061.2021303192600.1.jpg,VERIFIED_NO_HASH,"Valid Header, No Remote Checksum Available",5209,PASS (Structure Only)
BROWSE.MYD11A1.A2021303.h28v08.061.2021306204129.1.jpg,VERIFIED_NO_HASH,"Valid Header, No Remote Checksum Available",5965,PASS (Structure Only)
MYD11A1.A2021318.h29v08.061.2021321015511.cmr.xml,VERIFIED_NO_HASH,"Valid Header, No Remote Checksum Available",16635,PASS (Structure Only)
BROWSE.MYD11A1.A2021320.h28v08.061.2021321183319.2.jpg,VERIFIED_NO_HASH,"Valid Header, No Remote Checksum Available",4406,PASS (Structure Only)
BROWSE.MYD11A1.A2021310.h27v08.061.2021311175414.1.jpg,VERIFIED_NO_HASH,"Valid Header, No Remote Checksum Available",4257,PASS (Structure Only)
BROWSE.MYD11A1.A2021325.h29v08.061.2021326195614.2.jpg,VERIFIED_NO_HASH,"Valid Header, No Remote Checksum Available",10448,PASS (Structure Only)
BROWSE.MYD11A1.A2021321.h27v08.061.2021322195110.2.jpg,VERIFIED_NO_HASH,"Valid Header, No Remote Checksum Available",3961,PASS (Structure Only)
BROWSE.MYD11A1.A2021324.h29v08.061.2021325184943.2.jpg,VERIFIED_NO_HASH,"Valid Header, No Remote Checksum Available",4862,PASS (Structure Only)
BROWSE.MYD11A1.A2021323.h28v08.061.2021324193456.1.jpg,VERIFIED_NO_HASH,"Valid Header, No Remote Checksum Available",9328,PASS (Structure Only)
BROWSE.MYD11A1.A2021323.h29v08.061.2021324193526.2.jpg,VERIFIED_NO_HASH,"Valid Header, No Remote Checksum Available",8105,PASS (Structure Only)
BROWSE.MYD11A1.A2021323.h27v08.061.2021324193449.1.jpg,VERIFIED_NO_HASH,"Valid Header, No Remote Checksum Available",9742,PASS (Structure Only)
MYD11A1.A2021322.h28v08.061.2021323185825.cmr.xml,VERIFIED_NO_HASH,"Valid Header, No Remote Checksum Available",15821,PASS (Structure Only)
MYD11A1.A2021324.h28v08.061.2021325184943.hdf,VERIFIED_NO_HASH,"Valid Header, No Remote Checksum Available",435879,PASS (Structure Only)
BROWSE.MYD11A1.A2021325.h28v08.061.2021326195521.1.jpg,VERIFIED_NO_HASH,"Valid Header, No Remote Checksum Available",12187,PASS (Structure Only)
MYD11A1.A2021322.h29v08.061.2021323185916.cmr.xml,VERIFIED_NO_HASH,"Valid Header, No Remote Checksum Available",16879,PASS (Structure Only)
BROWSE.MYD11A1.A2021307.h29v08.061.2021308175517.1.jpg,VERIFIED_NO_HASH,"Valid Header, No Remote Checksum Available",13298,PASS (Structure Only)
BROWSE.MYD11A1.A2021316.h29v08.061.2021317185950.1.jpg,VERIFIED_NO_HASH,"Valid Header, No Remote Checksum Available",4217,PASS (Structure Only)
BROWSE.MYD11A1.A2021320.h27v08.061.2021321183321.1.jpg,VERIFIED_NO_HASH,"Valid Header, No Remote Checksum Available",6649,PASS (Structure Only)
BROWSE.MYD11A1.A2021328.h28v08.061.2021331055516.1.jpg,VERIFIED_NO_HASH,"Valid Header, No Remote Checksum Available",3961,PASS (Structure Only)
BROWSE.MYD11A1.A2021329.h29v08.061.2021331063702.1.jpg,VERIFIED_NO_HASH,"Valid Header, No Remote Checksum Available",4702,PASS (Structure Only)
MYD11A1.A2021329.h28v08.061.2021331063655.cmr.xml,VERIFIED_NO_HASH,"Valid Header, No Remote Checksum Available",15821,PASS (Structure Only)
BROWSE.MYD11A1.A2021325.h27v08.061.2021326195426.1.jpg,VERIFIED_NO_HASH,"Valid Header, No Remote Checksum Available",6943,PASS (Structure Only)
BROWSE.MYD11A1.A2021330.h29v08.061.2021331210721.1.jpg,VERIFIED_NO_HASH,"Valid Header, No Remote Checksum Available",7894,PASS (Structure Only)
BROWSE.MYD11A1.A2021326.h28v08.061.2021327184758.1.jpg,VERIFIED_NO_HASH,"Valid Header, No Remote Checksum Available",5514,PASS (Structure Only)
BROWSE.MYD11A1.A2021330.h28v08.061.2021331210906.1.jpg,VERIFIED_NO_HASH,"Valid Header, No Remote Checksum Available",5872,PASS (Structure Only)
BROWSE.MYD11A1.A2021332.h28v08.061.2021333215503.1.jpg,VERIFIED_NO_HASH,"Valid Header, No Remote Checksum Available",7016,PASS (Structure Only)
BROWSE.MYD11A1.A2021326.h29v08.061.2021327184813.1.jpg,VERIFIED_NO_HASH,"Valid Header, No Remote Checksum Available",17863,PASS (Structure Only)
BROWSE.MYD11A1.A2021324.h27v08.061.2021325184959.1.jpg,VERIFIED_NO_HASH,"Valid Header, No Remote Checksum Available",4828,PASS (Structure Only)
BROWSE.MYD11A1.A2021333.h27v08.061.2021334211727.1.jpg,VERIFIED_NO_HASH,"Valid Header, No Remote Checksum Available",5320,PASS (Structure Only)
MYD11A1.A2021333.h28v08.061.2021334211804.hdf,VERIFIED_NO_HASH,"Valid Header, No Remote Checksum Available",370262,PASS (Structure Only)
BROWSE.MYD11A1.A2021328.h29v08.061.2021331055514.2.jpg,VERIFIED_NO_HASH,"Valid Header, No Remote Checksum Available",4568,PASS (Structure Only)
BROWSE.MYD11A1.A2021331.h27v08.061.2021332193903.1.jpg,VERIFIED_NO_HASH,"Valid Header, No Remote Checksum Available",4665,PASS (Structure Only)
MYD11A1.A2021331.h28v08.061.2021332193858.cmr.xml,VERIFIED_NO_HASH,"Valid Header, No Remote Checksum Available",15496,PASS (Structure Only)
BROWSE.MYD11A1.A2021327.h27v08.061.2021328212240.1.jpg,VERIFIED_NO_HASH,"Valid Header, No Remote Checksum Available",4117,PASS (Structure Only)
MYD11A1.A2021330.h27v08.061.2021331210654.cmr.xml,VERIFIED_NO_HASH,"Valid Header, No Remote Checksum Available",15496,PASS (Structure Only)
BROWSE.MYD11A1.A2021334.h27v08.061.2021335171530.1.jpg,VERIFIED_NO_HASH,"Valid Header, No Remote Checksum Available",8006,PASS (Structure Only)
BROWSE.MYD11A1.A2021335.h28v08.061.2021340200443.1.jpg,VERIFIED_NO_HASH,"Valid Header, No Remote Checksum Available",6259,PASS (Structure Only)
BROWSE.MYD11A1.A2021335.h27v08.061.2021340200626.1.jpg,VERIFIED_NO_HASH,"Valid Header, No Remote Checksum Available",8481,PASS (Structure Only)
BROWSE.MYD11A1.A2021334.h28v08.061.2021335171507.1.jpg,VERIFIED_NO_HASH,"Valid Header, No Remote Checksum Available",12660,PASS (Structure Only)
MYD11A1.A2021336.h27v08.061.2021340212919.hdf,VERIFIED_NO_HASH,"Valid Header, No Remote Checksum Available",219258,PASS (Structure Only)
MYD11A1.A2021336.h28v08.061.2021340213014.cmr.xml,VERIFIED_NO_HASH,"Valid Header, No Remote Checksum Available",15414,PASS (Structure Only)
BROWSE.MYD11A1.A2021337.h29v08.061.2021340215233.2.jpg,VERIFIED_NO_HASH,"Valid Header, No Remote Checksum Available",4298,PASS (Structure Only)
BROWSE.MYD11A1.A2021331.h29v08.061.2021332193919.1.jpg,VERIFIED_NO_HASH,"Valid Header, No Remote Checksum Available",11525,PASS (Structure Only)
BROWSE.MYD11A1.A2021338.h29v08.061.2021340224334.1.jpg,VERIFIED_NO_HASH,"Valid Header, No Remote Checksum Available",5726,PASS (Structure Only)
MYD11A1.A2021334.h29v08.061.2021335171544.cmr.xml,VERIFIED_NO_HASH,"Valid Header, No Remote Checksum Available",16635,PASS (Structure Only)
BROWSE.MYD11A1.A2021329.h27v08.061.2021331063735.2.jpg,VERIFIED_NO_HASH,"Valid Header, No Remote Checksum Available",4037,PASS (Structure Only)
BROWSE.MYD11A1.A2021338.h28v08.061.2021340224343.1.jpg,VERIFIED_NO_HASH,"Valid Header, No Remote Checksum Available",8704,PASS (Structure Only)
BROWSE.MYD11A1.A2021332.h27v08.061.2021333215455.1.jpg,VERIFIED_NO_HASH,"Valid Header, No Remote Checksum Available",6041,PASS (Structure Only)
BROWSE.MYD11A1.A2021326.h27v08.061.2021327184718.1.jpg,VERIFIED_NO_HASH,"Valid Header, No Remote Checksum Available",8214,PASS (Structure Only)
BROWSE.MYD11A1.A2021339.h27v08.061.2021340231910.1.jpg,VERIFIED_NO_HASH,"Valid Header, No Remote Checksum Available",8151,PASS (Structure Only)
BROWSE.MYD11A1.A2021337.h27v08.061.2021340215224.1.jpg,VERIFIED_NO_HASH,"Valid Header, No Remote Checksum Available",8988,PASS (Structure Only)
BROWSE.MYD11A1.A2021336.h29v08.061.2021340213005.1.jpg,VERIFIED_NO_HASH,"Valid Header, No Remote Checksum Available",6515,PASS (Structure Only)
BROWSE.MYD11A1.A2021332.h29v08.061.2021333215517.1.jpg,VERIFIED_NO_HASH,"Valid Header, No Remote Checksum Available",4603,PASS (Structure Only)
MYD11A1.A2021338.h27v08.061.2021340224332.hdf,VERIFIED_NO_HASH,"Valid Header, No Remote Checksum Available",686231,PASS (Structure Only)
MYD11A1.A2021327.h28v08.061.2021328212306.cmr.xml,VERIFIED_NO_HASH,"Valid Header, No Remote Checksum Available",15496,PASS (Structure Only)
BROWSE.MYD11A1.A2021340.h28v08.061.2021341165818.1.jpg,VERIFIED_NO_HASH,"Valid Header, No Remote Checksum Available",6798,PASS (Structure Only)
BROWSE.MYD11A1.A2021341.h27v08.061.2021342193433.1.jpg,VERIFIED_NO_HASH,"Valid Header, No Remote Checksum Available",12454,PASS (Structure Only)
BROWSE.MYD11A1.A2021342.h28v08.061.2021343184046.2.jpg,VERIFIED_NO_HASH,"Valid Header, No Remote Checksum Available",9130,PASS (Structure Only)
BROWSE.MYD11A1.A2021341.h29v08.061.2021342193417.1.jpg,VERIFIED_NO_HASH,"Valid Header, No Remote Checksum Available",6011,PASS (Structure Only)
BROWSE.MYD11A1.A2021342.h27v08.061.2021343184156.2.jpg,VERIFIED_NO_HASH,"Valid Header, No Remote Checksum Available",5746,PASS (Structure Only)
BROWSE.MYD11A1.A2021342.h29v08.061.2021343184218.1.jpg,VERIFIED_NO_HASH,"Valid Header, No Remote Checksum Available",13071,PASS (Structure Only)
BROWSE.MYD11A1.A2021339.h29v08.061.2021340231856.1.jpg,VERIFIED_NO_HASH,"Valid Header, No Remote Checksum Available",10740,PASS (Structure Only)
BROWSE.MYD11A1.A2021343.h28v08.061.2021344190728.1.jpg,VERIFIED_NO_HASH,"Valid Header, No Remote Checksum Available",12139,PASS (Structure Only)
MYD11A1.A2021340.h27v08.061.2021341165841.cmr.xml,VERIFIED_NO_HASH,"Valid Header, No Remote Checksum Available",16553,PASS (Structure Only)
MYD11A1.A2021339.h28v08.061.2021340231825.hdf,VERIFIED_NO_HASH,"Valid Header, No Remote Checksum Available",360167,PASS (Structure Only)
MYD11A1.A2021345.h28v08.061.2021346175339.cmr.xml,VERIFIED_NO_HASH,"Valid Header, No Remote Checksum Available",15414,PASS (Structure Only)
MYD11A1.A2021345.h27v08.061.2021346175317.hdf,VERIFIED_NO_HASH,"Valid Header, No Remote Checksum Available",522958,PASS (Structure Only)
BROWSE.MYD11A1.A2021344.h28v08.061.2021345192303.1.jpg,VERIFIED_NO_HASH,"Valid Header, No Remote Checksum Available",4150,PASS (Structure Only)
BROWSE.MYD11A1.A2021344.h27v08.061.2021345192234.1.jpg,VERIFIED_NO_HASH,"Valid Header, No Remote Checksum Available",6478,PASS (Structure Only)
MYD11A1.A2021337.h28v08.061.2021340215236.cmr.xml,VERIFIED_NO_HASH,"Valid Header, No Remote Checksum Available",16878,PASS (Structure Only)
BROWSE.MYD11A1.A2021327.h29v08.061.2021328212428.1.jpg,VERIFIED_NO_HASH,"Valid Header, No Remote Checksum Available",6162,PASS (Structure Only)
BROWSE.MYD11A1.A2021347.h28v08.061.2021348175103.1.jpg,VERIFIED_NO_HASH,"Valid Header, No Remote Checksum Available",9577,PASS (Structure Only)
BROWSE.MYD11A1.A2021348.h29v08.061.2021350195526.1.jpg,VERIFIED_NO_HASH,"Valid Header, No Remote Checksum Available",7259,PASS (Structure Only)
BROWSE.MYD11A1.A2021343.h27v08.061.2021344190728.1.jpg,VERIFIED_NO_HASH,"Valid Header, No Remote Checksum Available",9785,PASS (Structure Only)
BROWSE.MYD11A1.A2021343.h29v08.061.2021344190747.1.jpg,VERIFIED_NO_HASH,"Valid Header, No Remote Checksum Available",7820,PASS (Structure Only)
MYD11A1.A2021328.h27v08.061.2021331055428.cmr.xml,VERIFIED_NO_HASH,"Valid Header, No Remote Checksum Available",15414,PASS (Structure Only)
BROWSE.MYD11A1.A2021346.h29v08.061.2021347201958.1.jpg,VERIFIED_NO_HASH,"Valid Header, No Remote Checksum Available",5844,PASS (Structure Only)
BROWSE.MYD11A1.A2021346.h27v08.061.2021347201953.1.jpg,VERIFIED_NO_HASH,"Valid Header, No Remote Checksum Available",9861,PASS (Structure Only)
MYD11A1.A2021345.h29v08.061.2021346175436.hdf,VERIFIED_NO_HASH,"Valid Header, No Remote Checksum Available",304363,PASS (Structure Only)
BROWSE.MYD11A1.A2021344.h29v08.061.2021345192229.1.jpg,VERIFIED_NO_HASH,"Valid Header, No Remote Checksum Available",7982,PASS (Structure Only)
BROWSE.MYD11A1.A2021349.h27v08.061.2021350201530.1.jpg,VERIFIED_NO_HASH,"Valid Header, No Remote Checksum Available",5697,PASS (Structure Only)
MYD11A1.A2021340.h29v08.061.2021341165821.hdf,VERIFIED_NO_HASH,"Valid Header, No Remote Checksum Available",267253,PASS (Structure Only)
BROWSE.MYD11A1.A2021341.h28v08.061.2021342193412.2.jpg,VERIFIED_NO_HASH,"Valid Header, No Remote Checksum Available",7727,PASS (Structure Only)
BROWSE.MYD11A1.A2021333.h29v08.061.2021334211753.1.jpg,VERIFIED_NO_HASH,"Valid Header, No Remote Checksum Available",8986,PASS (Structure Only)
BROWSE.MYD11A1.A2021352.h27v08.061.2021355044930.1.jpg,VERIFIED_NO_HASH,"Valid Header, No Remote Checksum Available",4462,PASS (Structure Only)
BROWSE.MYD11A1.A2021348.h28v08.061.2021350195512.1.jpg,VERIFIED_NO_HASH,"Valid Header, No Remote Checksum Available",10768,PASS (Structure Only)
BROWSE.MYD11A1.A2021350.h28v08.061.2021354225143.1.jpg,VERIFIED_NO_HASH,"Valid Header, No Remote Checksum Available",8761,PASS (Structure Only)
MYD11A1.A2021349.h28v08.061.2021350201630.hdf,VERIFIED_NO_HASH,"Valid Header, No Remote Checksum Available",250900,PASS (Structure Only)
BROWSE.MYD11A1.A2021349.h29v08.061.2021350201544.1.jpg,VERIFIED_NO_HASH,"Valid Header, No Remote Checksum Available",14067,PASS (Structure Only)
BROWSE.MYD11A1.A2021353.h28v08.061.2021355053016.1.jpg,VERIFIED_NO_HASH,"Valid Header, No Remote Checksum Available",3961,PASS (Structure Only)
BROWSE.MYD11A1.A2021354.h28v08.061.2021363200248.1.jpg,VERIFIED_NO_HASH,"Valid Header, No Remote Checksum Available",9771,PASS (Structure Only)
BROWSE.MYD11A1.A2021352.h29v08.061.2021355044927.1.jpg,VERIFIED_NO_HASH,"Valid Header, No Remote Checksum Available",4914,PASS (Structure Only)
BROWSE.MYD11A1.A2021352.h28v08.061.2021355044947.1.jpg,VERIFIED_NO_HASH,"Valid Header, No Remote Checksum Available",5000,PASS (Structure Only)
BROWSE.MYD11A1.A2021351.h28v08.061.2021354230537.1.jpg,VERIFIED_NO_HASH,"Valid Header, No Remote Checksum Available",4243,PASS (Structure Only)
MYD11A1.A2021351.h27v08.061.2021354230538.hdf,VERIFIED_NO_HASH,"Valid Header, No Remote Checksum Available",220720,PASS (Structure Only)
MYD11A1.A2021354.h29v08.061.2021363200222.cmr.xml,VERIFIED_NO_HASH,"Valid Header, No Remote Checksum Available",16878,PASS (Structure Only)
BROWSE.MYD11A1.A2021355.h27v08.061.2021363202429.1.jpg,VERIFIED_NO_HASH,"Valid Header, No Remote Checksum Available",9071,PASS (Structure Only)
BROWSE.MYD11A1.A2021356.h27v08.061.2021363224352.1.jpg,VERIFIED_NO_HASH,"Valid Header, No Remote Checksum Available",6048,PASS (Structure Only)
BROWSE.MYD11A1.A2021355.h29v08.061.2021363202454.1.jpg,VERIFIED_NO_HASH,"Valid Header, No Remote Checksum Available",5502,PASS (Structure Only)
BROWSE.MYD11A1.A2021355.h28v08.061.2021363202451.2.jpg,VERIFIED_NO_HASH,"Valid Header, No Remote Checksum Available",3961,PASS (Structure Only)
BROWSE.MYD11A1.A2021353.h29v08.061.2021355053053.1.jpg,VERIFIED_NO_HASH,"Valid Header, No Remote Checksum Available",6880,PASS (Structure Only)
BROWSE.MYD11A1.A2021357.h27v08.061.2021364002336.1.jpg,VERIFIED_NO_HASH,"Valid Header, No Remote Checksum Available",11925,PASS (Structure Only)
BROWSE.MYD11A1.A2021356.h29v08.061.2021363224846.1.jpg,VERIFIED_NO_HASH,"Valid Header, No Remote Checksum Available",12895,PASS (Structure Only)
BROWSE.MYD11A1.A2021356.h28v08.061.2021363224719.1.jpg,VERIFIED_NO_HASH,"Valid Header, No Remote Checksum Available",7037,PASS (Structure Only)
BROWSE.MYD11A1.A2021351.h29v08.061.2021354230521.2.jpg,VERIFIED_NO_HASH,"Valid Header, No Remote Checksum Available",6067,PASS (Structure Only)
BROWSE.MYD11A1.A2021358.h27v08.061.2021364003843.1.jpg,VERIFIED_NO_HASH,"Valid Header, No Remote Checksum Available",11894,PASS (Structure Only)
BROWSE.MYD11A1.A2021350.h29v08.061.2021354225149.1.jpg,VERIFIED_NO_HASH,"Valid Header, No Remote Checksum Available",5879,PASS (Structure Only)
MYD11A1.A2021346.h28v08.061.2021347201935.hdf,VERIFIED_NO_HASH,"Valid Header, No Remote Checksum Available",338825,PASS (Structure Only)
BROWSE.MYD11A1.A2021347.h27v08.061.2021348175038.1.jpg,VERIFIED_NO_HASH,"Valid Header, No Remote Checksum Available",7104,PASS (Structure Only)
BROWSE.MYD11A1.A2021357.h28v08.061.2021364002313.1.jpg,VERIFIED_NO_HASH,"Valid Header, No Remote Checksum Available",8159,PASS (Structure Only)
BROWSE.MYD11A1.A2021358.h28v08.061.2021364003841.1.jpg,VERIFIED_NO_HASH,"Valid Header, No Remote Checksum Available",5639,PASS (Structure Only)
BROWSE.MYD11A1.A2021304.h29v08.061.2021306213621.1.jpg,VERIFIED_NO_HASH,"Valid Header, No Remote Checksum Available",8680,PASS (Structure Only)
MYD11A1.A2021347.h29v08.061.2021348175049.hdf,VERIFIED_NO_HASH,"Valid Header, No Remote Checksum Available",572320,PASS (Structure Only)
BROWSE.MYD11A1.A2021359.h29v08.061.2021364014253.1.jpg,VERIFIED_NO_HASH,"Valid Header, No Remote Checksum Available",7434,PASS (Structure Only)
BROWSE.MYD11A1.A2021360.h28v08.061.2022003214343.1.jpg,VERIFIED_NO_HASH,"Valid Header, No Remote Checksum Available",8816,PASS (Structure Only)
MYD11A1.A2021360.h27v08.061.2022003214209.hdf,VERIFIED_NO_HASH,"Valid Header, No Remote Checksum Available",792844,PASS (Structure Only)
BROWSE.MYD11A1.A2021362.h27v08.061.2022003234035.1.jpg,VERIFIED_NO_HASH,"Valid Header, No Remote Checksum Available",11615,PASS (Structure Only)
BROWSE.MYD11A1.A2021358.h29v08.061.2021364003853.1.jpg,VERIFIED_NO_HASH,"Valid Header, No Remote Checksum Available",11705,PASS (Structure Only)
MYD11A1.A2021354.h27v08.061.2021363200150.hdf,VERIFIED_NO_HASH,"Valid Header, No Remote Checksum Available",242711,PASS (Structure Only)
MYD11A1.A2021360.h29v08.061.2022003214256.hdf,VERIFIED_NO_HASH,"Valid Header, No Remote Checksum Available",1159914,PASS (Structure Only)
BROWSE.MYD11A1.A2021364.h27v08.061.2022004013115.1.jpg,VERIFIED_NO_HASH,"Valid Header, No Remote Checksum Available",8340,PASS (Structure Only)
MYD11A1.A2021348.h27v08.061.2021350195516.hdf,VERIFIED_NO_HASH,"Valid Header, No Remote Checksum Available",800331,PASS (Structure Only)
BROWSE.MYD11A1.A2021362.h29v08.061.2022003234045.1.jpg,VERIFIED_NO_HASH,"Valid Header, No Remote Checksum Available",10981,PASS (Structure Only)
BROWSE.MYD11A1.A2021361.h29v08.061.2022003220605.1.jpg,VERIFIED_NO_HASH,"Valid Header, No Remote Checksum Available",9981,PASS (Structure Only)
BROWSE.MYD11A1.A2021364.h28v08.061.2022004013122.1.jpg,VERIFIED_NO_HASH,"Valid Header, No Remote Checksum Available",5807,PASS (Structure Only)
BROWSE.MYD11A1.A2021365.h28v08.061.2022004015049.1.jpg,VERIFIED_NO_HASH,"Valid Header, No Remote Checksum Available",4827,PASS (Structure Only)
BROWSE.MYD11A1.A2021363.h27v08.061.2022003235048.1.jpg,VERIFIED_NO_HASH,"Valid Header, No Remote Checksum Available",6515,PASS (Structure Only)
BROWSE.MYD11A1.A2022001.h29v08.061.2022004025727.1.jpg,VERIFIED_NO_HASH,"Valid Header, No Remote Checksum Available",5278,PASS (Structure Only)
BROWSE.MYD11A1.A2022001.h27v08.061.2022004025644.1.jpg,VERIFIED_NO_HASH,"Valid Header, No Remote Checksum Available",7269,PASS (Structure Only)
BROWSE.MYD11A1.A2021364.h29v08.061.2022004013135.1.jpg,VERIFIED_NO_HASH,"Valid Header, No Remote Checksum Available",4949,PASS (Structure Only)
MYD11A1.A2022002.h28v08.061.2022004030500.hdf,VERIFIED_NO_HASH,"Valid Header, No Remote Checksum Available",227259,PASS (Structure Only)
BROWSE.MYD11A1.A2022002.h27v08.061.2022004030519.1.jpg,VERIFIED_NO_HASH,"Valid Header, No Remote Checksum Available",4856,PASS (Structure Only)
BROWSE.MYD11A1.A2021362.h28v08.061.2022003234021.1.jpg,VERIFIED_NO_HASH,"Valid Header, No Remote Checksum Available",10056,PASS (Structure Only)
MYD11A1.A2021361.h28v08.061.2022003220557.cmr.xml,VERIFIED_NO_HASH,"Valid Header, No Remote Checksum Available",15415,PASS (Structure Only)
BROWSE.MYD11A1.A2021363.h29v08.061.2022003235211.1.jpg,VERIFIED_NO_HASH,"Valid Header, No Remote Checksum Available",6981,PASS (Structure Only)
BROWSE.MYD11A1.A2021365.h27v08.061.2022004015042.1.jpg,VERIFIED_NO_HASH,"Valid Header, No Remote Checksum Available",4311,PASS (Structure Only)
BROWSE.MYD11A1.A2022004.h29v08.061.2022005181850.1.jpg,VERIFIED_NO_HASH,"Valid Header, No Remote Checksum Available",6033,PASS (Structure Only)
BROWSE.MYD11A1.A2021359.h27v08.061.2021364014201.2.jpg,VERIFIED_NO_HASH,"Valid Header, No Remote Checksum Available",11593,PASS (Structure Only)
BROWSE.MYD11A1.A2022003.h28v08.061.2022004164950.2.jpg,VERIFIED_NO_HASH,"Valid Header, No Remote Checksum Available",5194,PASS (Structure Only)
MYD11A1.A2022004.h28v08.061.2022005181821.hdf,VERIFIED_NO_HASH,"Valid Header, No Remote Checksum Available",342438,PASS (Structure Only)
BROWSE.MYD11A1.A2021359.h28v08.061.2021364014218.1.jpg,VERIFIED_NO_HASH,"Valid Header, No Remote Checksum Available",12415,PASS (Structure Only)
BROWSE.MYD11A1.A2022002.h29v08.061.2022004030440.2.jpg,VERIFIED_NO_HASH,"Valid Header, No Remote Checksum Available",3961,PASS (Structure Only)
BROWSE.MYD11A1.A2021365.h29v08.061.2022004015043.1.jpg,VERIFIED_NO_HASH,"Valid Header, No Remote Checksum Available",5715,PASS (Structure Only)
BROWSE.MYD11A1.A2021363.h28v08.061.2022003235117.1.jpg,VERIFIED_NO_HASH,"Valid Header, No Remote Checksum Available",9169,PASS (Structure Only)
BROWSE.MYD11A1.A2022006.h28v08.061.2022007173006.1.jpg,VERIFIED_NO_HASH,"Valid Header, No Remote Checksum Available",12495,PASS (Structure Only)
BROWSE.MYD11A1.A2022004.h27v08.061.2022005181833.1.jpg,VERIFIED_NO_HASH,"Valid Header, No Remote Checksum Available",10405,PASS (Structure Only)
BROWSE.MYD11A1.A2022005.h29v08.061.2022006181948.2.jpg,VERIFIED_NO_HASH,"Valid Header, No Remote Checksum Available",4360,PASS (Structure Only)
BROWSE.MYD11A1.A2021350.h27v08.061.2021354225219.1.jpg,VERIFIED_NO_HASH,"Valid Header, No Remote Checksum Available",5911,PASS (Structure Only)
BROWSE.MYD11A1.A2022001.h28v08.061.2022004025653.1.jpg,VERIFIED_NO_HASH,"Valid Header, No Remote Checksum Available",5834,PASS (Structure Only)
BROWSE.MYD11A1.A2022003.h29v08.061.2022004164959.1.jpg,VERIFIED_NO_HASH,"Valid Header, No Remote Checksum Available",4765,PASS (Structure Only)
BROWSE.MYD11A1.A2022008.h27v08.061.2022009165449.1.jpg,VERIFIED_NO_HASH,"Valid Header, No Remote Checksum Available",10119,PASS (Structure Only)
BROWSE.MYD11A1.A2022005.h28v08.061.2022006181804.1.jpg,VERIFIED_NO_HASH,"Valid Header, No Remote Checksum Available",11367,PASS (Structure Only)
MYD11A1.A2022009.h27v08.061.2022010174346.hdf,VERIFIED_NO_HASH,"Valid Header, No Remote Checksum Available",269395,PASS (Structure Only)
BROWSE.MYD11A1.A2022008.h29v08.061.2022009165454.2.jpg,VERIFIED_NO_HASH,"Valid Header, No Remote Checksum Available",11070,PASS (Structure Only)
BROWSE.MYD11A1.A2022003.h27v08.061.2022004165008.1.jpg,VERIFIED_NO_HASH,"Valid Header, No Remote Checksum Available",7331,PASS (Structure Only)
BROWSE.MYD11A1.A2022010.h28v08.061.2022011215717.1.jpg,VERIFIED_NO_HASH,"Valid Header, No Remote Checksum Available",10841,PASS (Structure Only)
BROWSE.MYD11A1.A2021353.h27v08.061.2021355053025.1.jpg,VERIFIED_NO_HASH,"Valid Header, No Remote Checksum Available",4508,PASS (Structure Only)
MYD11A1.A2022007.h28v08.061.2022008164618.hdf,VERIFIED_NO_HASH,"Valid Header, No Remote Checksum Available",723251,PASS (Structure Only)
BROWSE.MYD11A1.A2022011.h28v08.061.2022012223740.1.jpg,VERIFIED_NO_HASH,"Valid Header, No Remote Checksum Available",9825,PASS (Structure Only)
BROWSE.MYD11A1.A2022007.h29v08.061.2022008164610.1.jpg,VERIFIED_NO_HASH,"Valid Header, No Remote Checksum Available",14615,PASS (Structure Only)
BROWSE.MYD11A1.A2022011.h27v08.061.2022012223727.1.jpg,VERIFIED_NO_HASH,"Valid Header, No Remote Checksum Available",11888,PASS (Structure Only)
BROWSE.MYD11A1.A2022010.h27v08.061.2022011215718.1.jpg,VERIFIED_NO_HASH,"Valid Header, No Remote Checksum Available",6384,PASS (Structure Only)
BROWSE.MYD11A1.A2022012.h29v08.061.2022015131244.1.jpg,VERIFIED_NO_HASH,"Valid Header, No Remote Checksum Available",5931,PASS (Structure Only)
BROWSE.MYD11A1.A2022009.h28v08.061.2022010175029.1.jpg,VERIFIED_NO_HASH,"Valid Header, No Remote Checksum Available",6588,PASS (Structure Only)
BROWSE.MYD11A1.A2022013.h27v08.061.2022018155800.1.jpg,VERIFIED_NO_HASH,"Valid Header, No Remote Checksum Available",11963,PASS (Structure Only)
BROWSE.MYD11A1.A2022013.h28v08.061.2022018155753.1.jpg,VERIFIED_NO_HASH,"Valid Header, No Remote Checksum Available",11424,PASS (Structure Only)
BROWSE.MYD11A1.A2022014.h28v08.061.2022018160322.1.jpg,VERIFIED_NO_HASH,"Valid Header, No Remote Checksum Available",11856,PASS (Structure Only)
BROWSE.MYD11A1.A2022014.h27v08.061.2022018160352.1.jpg,VERIFIED_NO_HASH,"Valid Header, No Remote Checksum Available",7956,PASS (Structure Only)
BROWSE.MYD11A1.A2022014.h29v08.061.2022018160405.1.jpg,VERIFIED_NO_HASH,"Valid Header, No Remote Checksum Available",6083,PASS (Structure Only)
BROWSE.MYD11A1.A2022015.h28v08.061.2022018174934.1.jpg,VERIFIED_NO_HASH,"Valid Header, No Remote Checksum Available",12000,PASS (Structure Only)
BROWSE.MYD11A1.A2021335.h29v08.061.2021340200903.1.jpg,VERIFIED_NO_HASH,"Valid Header, No Remote Checksum Available",15533,PASS (Structure Only)
BROWSE.MYD11A1.A2021357.h29v08.061.2021364002329.1.jpg,VERIFIED_NO_HASH,"Valid Header, No Remote Checksum Available",9572,PASS (Structure Only)
BROWSE.MYD11A1.A2022016.h29v08.061.2022018183032.1.jpg,VERIFIED_NO_HASH,"Valid Header, No Remote Checksum Available",6504,PASS (Structure Only)
BROWSE.MYD11A1.A2022009.h29v08.061.2022010173821.1.jpg,VERIFIED_NO_HASH,"Valid Header, No Remote Checksum Available",17275,PASS (Structure Only)
BROWSE.MYD11A1.A2022005.h27v08.061.2022006181732.1.jpg,VERIFIED_NO_HASH,"Valid Header, No Remote Checksum Available",7239,PASS (Structure Only)
BROWSE.MYD11A1.A2022016.h27v08.061.2022018183031.1.jpg,VERIFIED_NO_HASH,"Valid Header, No Remote Checksum Available",8317,PASS (Structure Only)
BROWSE.MYD11A1.A2022010.h29v08.061.2022011215738.1.jpg,VERIFIED_NO_HASH,"Valid Header, No Remote Checksum Available",8376,PASS (Structure Only)
BROWSE.MYD11A1.A2022012.h27v08.061.2022015131226.1.jpg,VERIFIED_NO_HASH,"Valid Header, No Remote Checksum Available",11207,PASS (Structure Only)
BROWSE.MYD11A1.A2022012.h28v08.061.2022015131218.1.jpg,VERIFIED_NO_HASH,"Valid Header, No Remote Checksum Available",11754,PASS (Structure Only)
BROWSE.MYD11A1.A2022017.h28v08.061.2022019002716.1.jpg,VERIFIED_NO_HASH,"Valid Header, No Remote Checksum Available",11768,PASS (Structure Only)
BROWSE.MYD11A1.A2022018.h29v08.061.2022020120500.2.jpg,VERIFIED_NO_HASH,"Valid Header, No Remote Checksum Available",4354,PASS (Structure Only)
BROWSE.MYD11A1.A2022017.h29v08.061.2022019002647.1.jpg,VERIFIED_NO_HASH,"Valid Header, No Remote Checksum Available",5079,PASS (Structure Only)
BROWSE.MYD11A1.A2022018.h28v08.061.2022020120534.1.jpg,VERIFIED_NO_HASH,"Valid Header, No Remote Checksum Available",7068,PASS (Structure Only)
MYD11A1.A2022019.h28v08.061.2022021211007.cmr.xml,VERIFIED_NO_HASH,"Valid Header, No Remote Checksum Available",15089,PASS (Structure Only)
BROWSE.MYD11A1.A2022015.h29v08.061.2022018175033.2.jpg,VERIFIED_NO_HASH,"Valid Header, No Remote Checksum Available",5641,PASS (Structure Only)
MYD11A1.A2022011.h29v08.061.2022012223730.cmr.xml,VERIFIED_NO_HASH,"Valid Header, No Remote Checksum Available",15496,PASS (Structure Only)
BROWSE.MYD11A1.A2022020.h27v08.061.2022022143726.1.jpg,VERIFIED_NO_HASH,"Valid Header, No Remote Checksum Available",13105,PASS (Structure Only)
BROWSE.MYD11A1.A2022006.h27v08.061.2022007173012.1.jpg,VERIFIED_NO_HASH,"Valid Header, No Remote Checksum Available",11764,PASS (Structure Only)
BROWSE.MYD11A1.A2022021.h27v08.061.2022024102154.2.jpg,VERIFIED_NO_HASH,"Valid Header, No Remote Checksum Available",9315,PASS (Structure Only)
BROWSE.MYD11A1.A2022007.h27v08.061.2022008164559.1.jpg,VERIFIED_NO_HASH,"Valid Header, No Remote Checksum Available",6872,PASS (Structure Only)
BROWSE.MYD11A1.A2022018.h27v08.061.2022020120430.1.jpg,VERIFIED_NO_HASH,"Valid Header, No Remote Checksum Available",7503,PASS (Structure Only)
MYD11A1.A2022017.h27v08.061.2022019002734.hdf,VERIFIED_NO_HASH,"Valid Header, No Remote Checksum Available",744192,PASS (Structure Only)
MYD11A1.A2022019.h27v08.061.2022021211013.cmr.xml,VERIFIED_NO_HASH,"Valid Header, No Remote Checksum Available",15496,PASS (Structure Only)
BROWSE.MYD11A1.A2022019.h29v08.061.2022021211019.1.jpg,VERIFIED_NO_HASH,"Valid Header, No Remote Checksum Available",6340,PASS (Structure Only)
BROWSE.MYD11A1.A2022008.h28v08.061.2022009165501.1.jpg,VERIFIED_NO_HASH,"Valid Header, No Remote Checksum Available",10115,PASS (Structure Only)
BROWSE.MYD11A1.A2022015.h27v08.061.2022018174938.1.jpg,VERIFIED_NO_HASH,"Valid Header, No Remote Checksum Available",12868,PASS (Structure Only)
BROWSE.MYD11A1.A2022020.h28v08.061.2022022143630.1.jpg,VERIFIED_NO_HASH,"Valid Header, No Remote Checksum Available",11145,PASS (Structure Only)
MYD11A1.A2022021.h28v08.061.2022024101934.cmr.xml,VERIFIED_NO_HASH,"Valid Header, No Remote Checksum Available",15822,PASS (Structure Only)
BROWSE.MYD11A1.A2022016.h28v08.061.2022018183131.1.jpg,VERIFIED_NO_HASH,"Valid Header, No Remote Checksum Available",6894,PASS (Structure Only)
BROWSE.MYD11A1.A2022023.h27v08.061.2022025180957.1.jpg,VERIFIED_NO_HASH,"Valid Header, No Remote Checksum Available",6435,PASS (Structure Only)
BROWSE.MYD11A1.A2022020.h29v08.061.2022022143704.1.jpg,VERIFIED_NO_HASH,"Valid Header, No Remote Checksum Available",7753,PASS (Structure Only)
MYD11A1.A2022025.h27v08.061.2022027000346.cmr.xml,VERIFIED_NO_HASH,"Valid Header, No Remote Checksum Available",16145,PASS (Structure Only)
BROWSE.MYD11A1.A2022022.h28v08.061.2022025174653.1.jpg,VERIFIED_NO_HASH,"Valid Header, No Remote Checksum Available",10784,PASS (Structure Only)
MYD11A1.A2022022.h29v08.061.2022025174709.cmr.xml,VERIFIED_NO_HASH,"Valid Header, No Remote Checksum Available",15822,PASS (Structure Only)
MYD11A1.A2022021.h29v08.061.2022024102137.hdf,VERIFIED_NO_HASH,"Valid Header, No Remote Checksum Available",401955,PASS (Structure Only)
MYD11A1.A2022022.h27v08.061.2022025174549.cmr.xml,VERIFIED_NO_HASH,"Valid Header, No Remote Checksum Available",15498,PASS (Structure Only)
BROWSE.MYD11A1.A2022025.h29v08.061.2022027000501.1.jpg,VERIFIED_NO_HASH,"Valid Header, No Remote Checksum Available",9327,PASS (Structure Only)
BROWSE.MYD11A1.A2022027.h29v08.061.2022031232931.1.jpg,VERIFIED_NO_HASH,"Valid Header, No Remote Checksum Available",13529,PASS (Structure Only)
BROWSE.MYD11A1.A2022013.h29v08.061.2022018155837.1.jpg,VERIFIED_NO_HASH,"Valid Header, No Remote Checksum Available",7017,PASS (Structure Only)
MYD11A1.A2022028.h27v08.061.2022032004453.cmr.xml,VERIFIED_NO_HASH,"Valid Header, No Remote Checksum Available",15821,PASS (Structure Only)
MYD11A1.A2022024.h28v08.061.2022026193425.cmr.xml,VERIFIED_NO_HASH,"Valid Header, No Remote Checksum Available",15821,PASS (Structure Only)
BROWSE.MYD11A1.A2022029.h27v08.061.2022032012946.1.jpg,VERIFIED_NO_HASH,"Valid Header, No Remote Checksum Available",13272,PASS (Structure Only)
BROWSE.MYD11A1.A2022029.h28v08.061.2022032013030.1.jpg,VERIFIED_NO_HASH,"Valid Header, No Remote Checksum Available",12572,PASS (Structure Only)
BROWSE.MYD11A1.A2022026.h27v08.061.2022028033142.1.jpg,VERIFIED_NO_HASH,"Valid Header, No Remote Checksum Available",7676,PASS (Structure Only)
BROWSE.MYD11A1.A2022026.h28v08.061.2022028033118.1.jpg,VERIFIED_NO_HASH,"Valid Header, No Remote Checksum Available",9548,PASS (Structure Only)
BROWSE.MYD11A1.A2022025.h28v08.061.2022027000313.1.jpg,VERIFIED_NO_HASH,"Valid Header, No Remote Checksum Available",4483,PASS (Structure Only)
BROWSE.MYD11A1.A2022026.h29v08.061.2022028033227.1.jpg,VERIFIED_NO_HASH,"Valid Header, No Remote Checksum Available",4340,PASS (Structure Only)
BROWSE.MYD11A1.A2022024.h27v08.061.2022026193414.1.jpg,VERIFIED_NO_HASH,"Valid Header, No Remote Checksum Available",8966,PASS (Structure Only)
BROWSE.MYD11A1.A2022031.h28v08.061.2022032180804.1.jpg,VERIFIED_NO_HASH,"Valid Header, No Remote Checksum Available",12515,PASS (Structure Only)
BROWSE.MYD11A1.A2021361.h27v08.061.2022003220546.1.jpg,VERIFIED_NO_HASH,"Valid Header, No Remote Checksum Available",9659,PASS (Structure Only)
MYD11A1.A2022032.h27v08.061.2022034223406.hdf,VERIFIED_NO_HASH,"Valid Header, No Remote Checksum Available",317774,PASS (Structure Only)
MYD11A1.A2022023.h29v08.061.2022025181345.hdf,VERIFIED_NO_HASH,"Valid Header, No Remote Checksum Available",735134,PASS (Structure Only)
MYD11A1.A2022029.h29v08.061.2022032013210.hdf,VERIFIED_NO_HASH,"Valid Header, No Remote Checksum Available",1231856,PASS (Structure Only)
BROWSE.MYD11A1.A2022033.h27v08.061.2022035024220.1.jpg,VERIFIED_NO_HASH,"Valid Header, No Remote Checksum Available",8236,PASS (Structure Only)
BROWSE.MYD11A1.A2022006.h29v08.061.2022007173030.1.jpg,VERIFIED_NO_HASH,"Valid Header, No Remote Checksum Available",10838,PASS (Structure Only)
MYD11A1.A2022031.h29v08.061.2022032180836.hdf,VERIFIED_NO_HASH,"Valid Header, No Remote Checksum Available",1467384,PASS (Structure Only)
BROWSE.MYD11A1.A2022027.h28v08.061.2022031232842.1.jpg,VERIFIED_NO_HASH,"Valid Header, No Remote Checksum Available",8388,PASS (Structure Only)
BROWSE.MYD11A1.A2022030.h29v08.061.2022032024853.2.jpg,VERIFIED_NO_HASH,"Valid Header, No Remote Checksum Available",6851,PASS (Structure Only)
BROWSE.MYD11A1.A2022031.h27v08.061.2022032180845.1.jpg,VERIFIED_NO_HASH,"Valid Header, No Remote Checksum Available",11385,PASS (Structure Only)
BROWSE.MYD11A1.A2022024.h29v08.061.2022026193439.1.jpg,VERIFIED_NO_HASH,"Valid Header, No Remote Checksum Available",9129,PASS (Structure Only)
BROWSE.MYD11A1.A2022028.h29v08.061.2022032004439.1.jpg,VERIFIED_NO_HASH,"Valid Header, No Remote Checksum Available",4415,PASS (Structure Only)
BROWSE.MYD11A1.A2022023.h28v08.061.2022025180913.1.jpg,VERIFIED_NO_HASH,"Valid Header, No Remote Checksum Available",11894,PASS (Structure Only)
MYD11A1.A2022028.h28v08.061.2022032004501.hdf,VERIFIED_NO_HASH,"Valid Header, No Remote Checksum Available",1219180,PASS (Structure Only)
BROWSE.MYD11A1.A2022036.h29v08.061.2022038193238.2.jpg,VERIFIED_NO_HASH,"Valid Header, No Remote Checksum Available",4461,PASS (Structure Only)
BROWSE.MYD11A1.A2022037.h27v08.061.2022039082121.2.jpg,VERIFIED_NO_HASH,"Valid Header, No Remote Checksum Available",4466,PASS (Structure Only)
BROWSE.MYD11A1.A2022027.h27v08.061.2022031232839.2.jpg,VERIFIED_NO_HASH,"Valid Header, No Remote Checksum Available",7335,PASS (Structure Only)
BROWSE.MYD11A1.A2022038.h29v08.061.2022039170429.2.jpg,VERIFIED_NO_HASH,"Valid Header, No Remote Checksum Available",5228,PASS (Structure Only)
MYD11A1.A2022038.h27v08.061.2022039170417.cmr.xml,VERIFIED_NO_HASH,"Valid Header, No Remote Checksum Available",15496,PASS (Structure Only)
BROWSE.MYD11A1.A2022038.h28v08.061.2022039170356.1.jpg,VERIFIED_NO_HASH,"Valid Header, No Remote Checksum Available",6439,PASS (Structure Only)
BROWSE.MYD11A1.A2021316.h27v08.061.2021317185944.2.jpg,VERIFIED_NO_HASH,"Valid Header, No Remote Checksum Available",4092,PASS (Structure Only)
MYD11A1.A2022035.h29v08.061.2022036184626.cmr.xml,VERIFIED_NO_HASH,"Valid Header, No Remote Checksum Available",16553,PASS (Structure Only)
BROWSE.MYD11A1.A2022037.h28v08.061.2022039082255.1.jpg,VERIFIED_NO_HASH,"Valid Header, No Remote Checksum Available",5111,PASS (Structure Only)
BROWSE.MYD11A1.A2022035.h27v08.061.2022036184614.1.jpg,VERIFIED_NO_HASH,"Valid Header, No Remote Checksum Available",7788,PASS (Structure Only)
BROWSE.MYD11A1.A2022036.h27v08.061.2022038193230.1.jpg,VERIFIED_NO_HASH,"Valid Header, No Remote Checksum Available",8831,PASS (Structure Only)
BROWSE.MYD11A1.A2022040.h27v08.061.2022059230815.1.jpg,VERIFIED_NO_HASH,"Valid Header, No Remote Checksum Available",7159,PASS (Structure Only)
BROWSE.MYD11A1.A2022039.h28v08.061.2022040192538.1.jpg,VERIFIED_NO_HASH,"Valid Header, No Remote Checksum Available",4746,PASS (Structure Only)
MYD11A1.A2022039.h29v08.061.2022040192629.cmr.xml,VERIFIED_NO_HASH,"Valid Header, No Remote Checksum Available",15414,PASS (Structure Only)
BROWSE.MYD11A1.A2022033.h29v08.061.2022035024303.2.jpg,VERIFIED_NO_HASH,"Valid Header, No Remote Checksum Available",7080,PASS (Structure Only)
MYD11A1.A2022037.h29v08.061.2022039082204.cmr.xml,VERIFIED_NO_HASH,"Valid Header, No Remote Checksum Available",16878,PASS (Structure Only)
BROWSE.MYD11A1.A2022032.h29v08.061.2022034223430.2.jpg,VERIFIED_NO_HASH,"Valid Header, No Remote Checksum Available",8417,PASS (Structure Only)
BROWSE.MYD11A1.A2022042.h27v08.061.2022049223818.1.jpg,VERIFIED_NO_HASH,"Valid Header, No Remote Checksum Available",4133,PASS (Structure Only)
BROWSE.MYD11A1.A2022040.h29v08.061.2022059230814.2.jpg,VERIFIED_NO_HASH,"Valid Header, No Remote Checksum Available",4387,PASS (Structure Only)
BROWSE.MYD11A1.A2022040.h28v08.061.2022059230904.1.jpg,VERIFIED_NO_HASH,"Valid Header, No Remote Checksum Available",7729,PASS (Structure Only)
MYD11A1.A2022041.h28v08.061.2022049220422.cmr.xml,VERIFIED_NO_HASH,"Valid Header, No Remote Checksum Available",16228,PASS (Structure Only)
BROWSE.MYD11A1.A2022041.h27v08.061.2022049220530.1.jpg,VERIFIED_NO_HASH,"Valid Header, No Remote Checksum Available",4012,PASS (Structure Only)
MYD11A1.A2022032.h28v08.061.2022034223422.cmr.xml,VERIFIED_NO_HASH,"Valid Header, No Remote Checksum Available",15414,PASS (Structure Only)
MYD11A1.A2022030.h28v08.061.2022032024900.hdf,VERIFIED_NO_HASH,"Valid Header, No Remote Checksum Available",741472,PASS (Structure Only)
BROWSE.MYD11A1.A2022035.h28v08.061.2022036184553.2.jpg,VERIFIED_NO_HASH,"Valid Header, No Remote Checksum Available",4973,PASS (Structure Only)
BROWSE.MYD11A1.A2022034.h27v08.061.2022035211752.1.jpg,VERIFIED_NO_HASH,"Valid Header, No Remote Checksum Available",9384,PASS (Structure Only)
BROWSE.MYD11A1.A2022042.h28v08.061.2022049223905.2.jpg,VERIFIED_NO_HASH,"Valid Header, No Remote Checksum Available",4555,PASS (Structure Only)
BROWSE.MYD11A1.A2022043.h29v08.061.2022050014443.1.jpg,VERIFIED_NO_HASH,"Valid Header, No Remote Checksum Available",9031,PASS (Structure Only)
BROWSE.MYD11A1.A2022045.h27v08.061.2022050071023.1.jpg,VERIFIED_NO_HASH,"Valid Header, No Remote Checksum Available",8732,PASS (Structure Only)
MYD11A1.A2022046.h28v08.061.2022050075010.hdf,VERIFIED_NO_HASH,"Valid Header, No Remote Checksum Available",359855,PASS (Structure Only)
BROWSE.MYD11A1.A2022042.h29v08.061.2022049223850.1.jpg,VERIFIED_NO_HASH,"Valid Header, No Remote Checksum Available",5093,PASS (Structure Only)
MYD11A1.A2022044.h28v08.061.2022050042839.hdf,VERIFIED_NO_HASH,"Valid Header, No Remote Checksum Available",380245,PASS (Structure Only)
BROWSE.MYD11A1.A2022047.h27v08.061.2022050112144.1.jpg,VERIFIED_NO_HASH,"Valid Header, No Remote Checksum Available",8097,PASS (Structure Only)
MYD11A1.A2022046.h27v08.061.2022050075304.hdf,VERIFIED_NO_HASH,"Valid Header, No Remote Checksum Available",221485,PASS (Structure Only)
BROWSE.MYD11A1.A2022044.h27v08.061.2022050042844.1.jpg,VERIFIED_NO_HASH,"Valid Header, No Remote Checksum Available",8088,PASS (Structure Only)
BROWSE.MYD11A1.A2022041.h29v08.061.2022049220421.1.jpg,VERIFIED_NO_HASH,"Valid Header, No Remote Checksum Available",11963,PASS (Structure Only)
BROWSE.MYD11A1.A2022047.h29v08.061.2022050112123.1.jpg,VERIFIED_NO_HASH,"Valid Header, No Remote Checksum Available",9686,PASS (Structure Only)
BROWSE.MYD11A1.A2022048.h29v08.061.2022050114230.2.jpg,VERIFIED_NO_HASH,"Valid Header, No Remote Checksum Available",10561,PASS (Structure Only)
BROWSE.MYD11A1.A2022049.h27v08.061.2022050184017.1.jpg,VERIFIED_NO_HASH,"Valid Header, No Remote Checksum Available",11511,PASS (Structure Only)
BROWSE.MYD11A1.A2022048.h28v08.061.2022050114222.2.jpg,VERIFIED_NO_HASH,"Valid Header, No Remote Checksum Available",8061,PASS (Structure Only)
BROWSE.MYD11A1.A2022045.h29v08.061.2022050070954.1.jpg,VERIFIED_NO_HASH,"Valid Header, No Remote Checksum Available",16996,PASS (Structure Only)
BROWSE.MYD11A1.A2022048.h27v08.061.2022050114210.1.jpg,VERIFIED_NO_HASH,"Valid Header, No Remote Checksum Available",4210,PASS (Structure Only)
BROWSE.MYD11A1.A2022050.h29v08.061.2022051165604.1.jpg,VERIFIED_NO_HASH,"Valid Header, No Remote Checksum Available",7508,PASS (Structure Only)
BROWSE.MYD11A1.A2022050.h28v08.061.2022051165615.1.jpg,VERIFIED_NO_HASH,"Valid Header, No Remote Checksum Available",8339,PASS (Structure Only)
MYD11A1.A2022050.h27v08.061.2022051165619.cmr.xml,VERIFIED_NO_HASH,"Valid Header, No Remote Checksum Available",15415,PASS (Structure Only)
BROWSE.MYD11A1.A2022051.h28v08.061.2022052165607.1.jpg,VERIFIED_NO_HASH,"Valid Header, No Remote Checksum Available",13396,PASS (Structure Only)
BROWSE.MYD11A1.A2022030.h27v08.061.2022032024913.1.jpg,VERIFIED_NO_HASH,"Valid Header, No Remote Checksum Available",7649,PASS (Structure Only)
BROWSE.MYD11A1.A2022049.h29v08.061.2022050184026.2.jpg,VERIFIED_NO_HASH,"Valid Header, No Remote Checksum Available",8138,PASS (Structure Only)
BROWSE.MYD11A1.A2022052.h27v08.061.2022054194323.2.jpg,VERIFIED_NO_HASH,"Valid Header, No Remote Checksum Available",6817,PASS (Structure Only)
BROWSE.MYD11A1.A2022053.h27v08.061.2022054202007.1.jpg,VERIFIED_NO_HASH,"Valid Header, No Remote Checksum Available",8011,PASS (Structure Only)
BROWSE.MYD11A1.A2022053.h28v08.061.2022054201938.2.jpg,VERIFIED_NO_HASH,"Valid Header, No Remote Checksum Available",5468,PASS (Structure Only)
BROWSE.MYD11A1.A2022052.h28v08.061.2022054194312.1.jpg,VERIFIED_NO_HASH,"Valid Header, No Remote Checksum Available",9677,PASS (Structure Only)
BROWSE.MYD11A1.A2022051.h29v08.061.2022052165657.1.jpg,VERIFIED_NO_HASH,"Valid Header, No Remote Checksum Available",4041,PASS (Structure Only)
BROWSE.MYD11A1.A2022049.h28v08.061.2022050184006.1.jpg,VERIFIED_NO_HASH,"Valid Header, No Remote Checksum Available",13240,PASS (Structure Only)
BROWSE.MYD11A1.A2022033.h28v08.061.2022035024350.1.jpg,VERIFIED_NO_HASH,"Valid Header, No Remote Checksum Available",9067,PASS (Structure Only)
BROWSE.MYD11A1.A2022054.h28v08.061.2022056231840.1.jpg,VERIFIED_NO_HASH,"Valid Header, No Remote Checksum Available",7391,PASS (Structure Only)
BROWSE.MYD11A1.A2022053.h29v08.061.2022054201952.2.jpg,VERIFIED_NO_HASH,"Valid Header, No Remote Checksum Available",4298,PASS (Structure Only)
MYD11A1.A2022055.h29v08.061.2022056232346.cmr.xml,VERIFIED_NO_HASH,"Valid Header, No Remote Checksum Available",15415,PASS (Structure Only)
BROWSE.MYD11A1.A2022052.h29v08.061.2022054194336.1.jpg,VERIFIED_NO_HASH,"Valid Header, No Remote Checksum Available",5996,PASS (Structure Only)
BROWSE.MYD11A1.A2022056.h29v08.061.2022057171107.1.jpg,VERIFIED_NO_HASH,"Valid Header, No Remote Checksum Available",5421,PASS (Structure Only)
BROWSE.MYD11A1.A2022046.h29v08.061.2022050075106.1.jpg,VERIFIED_NO_HASH,"Valid Header, No Remote Checksum Available",10958,PASS (Structure Only)
BROWSE.MYD11A1.A2022055.h27v08.061.2022056232338.1.jpg,VERIFIED_NO_HASH,"Valid Header, No Remote Checksum Available",4455,PASS (Structure Only)
MYD11A1.A2022056.h28v08.061.2022057171059.cmr.xml,VERIFIED_NO_HASH,"Valid Header, No Remote Checksum Available",15821,PASS (Structure Only)
BROWSE.MYD11A1.A2022054.h29v08.061.2022056231833.1.jpg,VERIFIED_NO_HASH,"Valid Header, No Remote Checksum Available",12984,PASS (Structure Only)
BROWSE.MYD11A1.A2022043.h28v08.061.2022050014408.1.jpg,VERIFIED_NO_HASH,"Valid Header, No Remote Checksum Available",4859,PASS (Structure Only)
MYD11A1.A2022044.h29v08.061.2022050042851.cmr.xml,VERIFIED_NO_HASH,"Valid Header, No Remote Checksum Available",16553,PASS (Structure Only)
BROWSE.MYD11A1.A2022056.h27v08.061.2022057171040.1.jpg,VERIFIED_NO_HASH,"Valid Header, No Remote Checksum Available",6765,PASS (Structure Only)
MYD11A1.A2022058.h27v08.061.2022059230314.cmr.xml,VERIFIED_NO_HASH,"Valid Header, No Remote Checksum Available",15903,PASS (Structure Only)
BROWSE.MYD11A1.A2022055.h28v08.061.2022056232434.1.jpg,VERIFIED_NO_HASH,"Valid Header, No Remote Checksum Available",4316,PASS (Structure Only)
BROWSE.MYD11A1.A2022059.h28v08.061.2022060172928.1.jpg,VERIFIED_NO_HASH,"Valid Header, No Remote Checksum Available",7217,PASS (Structure Only)
BROWSE.MYD11A1.A2022057.h29v08.061.2022058170455.1.jpg,VERIFIED_NO_HASH,"Valid Header, No Remote Checksum Available",16036,PASS (Structure Only)
MYD11A1.A2022057.h28v08.061.2022058170441.cmr.xml,VERIFIED_NO_HASH,"Valid Header, No Remote Checksum Available",16228,PASS (Structure Only)
BROWSE.MYD11A1.A2022058.h28v08.061.2022059230501.1.jpg,VERIFIED_NO_HASH,"Valid Header, No Remote Checksum Available",8719,PASS (Structure Only)
BROWSE.MYD11A1.A2022060.h29v08.061.2022061173858.1.jpg,VERIFIED_NO_HASH,"Valid Header, No Remote Checksum Available",11265,PASS (Structure Only)
BROWSE.MYD11A1.A2022059.h27v08.061.2022060173006.1.jpg,VERIFIED_NO_HASH,"Valid Header, No Remote Checksum Available",8690,PASS (Structure Only)
BROWSE.MYD11A1.A2022061.h27v08.061.2022062172639.1.jpg,VERIFIED_NO_HASH,"Valid Header, No Remote Checksum Available",12894,PASS (Structure Only)
MYD11A1.A2022059.h29v08.061.2022060173008.cmr.xml,VERIFIED_NO_HASH,"Valid Header, No Remote Checksum Available",15415,PASS (Structure Only)
BROWSE.MYD11A1.A2022060.h27v08.061.2022061174024.1.jpg,VERIFIED_NO_HASH,"Valid Header, No Remote Checksum Available",6558,PASS (Structure Only)
BROWSE.MYD11A1.A2022061.h28v08.061.2022062172642.1.jpg,VERIFIED_NO_HASH,"Valid Header, No Remote Checksum Available",12091,PASS (Structure Only)
BROWSE.MYD11A1.A2022051.h27v08.061.2022052165659.2.jpg,VERIFIED_NO_HASH,"Valid Header, No Remote Checksum Available",8425,PASS (Structure Only)
BROWSE.MYD11A1.A2022062.h27v08.061.2022063210436.1.jpg,VERIFIED_NO_HASH,"Valid Header, No Remote Checksum Available",5879,PASS (Structure Only)
BROWSE.MYD11A1.A2022062.h29v08.061.2022063210526.1.jpg,VERIFIED_NO_HASH,"Valid Header, No Remote Checksum Available",10453,PASS (Structure Only)
MYD11A1.A2022063.h29v08.061.2022064204659.hdf,VERIFIED_NO_HASH,"Valid Header, No Remote Checksum Available",590432,PASS (Structure Only)
BROWSE.MYD11A1.A2022060.h28v08.061.2022061173847.1.jpg,VERIFIED_NO_HASH,"Valid Header, No Remote Checksum Available",11204,PASS (Structure Only)
BROWSE.MYD11A1.A2022058.h29v08.061.2022059230250.1.jpg,VERIFIED_NO_HASH,"Valid Header, No Remote Checksum Available",8004,PASS (Structure Only)
BROWSE.MYD11A1.A2022064.h27v08.061.2022065165435.1.jpg,VERIFIED_NO_HASH,"Valid Header, No Remote Checksum Available",4785,PASS (Structure Only)
BROWSE.MYD11A1.A2022064.h29v08.061.2022065165439.1.jpg,VERIFIED_NO_HASH,"Valid Header, No Remote Checksum Available",7875,PASS (Structure Only)
BROWSE.MYD11A1.A2022063.h28v08.061.2022064204655.1.jpg,VERIFIED_NO_HASH,"Valid Header, No Remote Checksum Available",8379,PASS (Structure Only)
MYD11A1.A2022061.h29v08.061.2022062172644.cmr.xml,VERIFIED_NO_HASH,"Valid Header, No Remote Checksum Available",15821,PASS (Structure Only)
MYD11A1.A2022065.h28v08.061.2022066171446.hdf,VERIFIED_NO_HASH,"Valid Header, No Remote Checksum Available",344003,PASS (Structure Only)
BROWSE.MYD11A1.A2022057.h27v08.061.2022058170527.1.jpg,VERIFIED_NO_HASH,"Valid Header, No Remote Checksum Available",5173,PASS (Structure Only)
BROWSE.MYD11A1.A2022066.h29v08.061.2022067170031.1.jpg,VERIFIED_NO_HASH,"Valid Header, No Remote Checksum Available",7568,PASS (Structure Only)
MYD11A1.A2022066.h27v08.061.2022067170018.hdf,VERIFIED_NO_HASH,"Valid Header, No Remote Checksum Available",316497,PASS (Structure Only)
BROWSE.MYD11A1.A2022067.h27v08.061.2022068173033.1.jpg,VERIFIED_NO_HASH,"Valid Header, No Remote Checksum Available",7556,PASS (Structure Only)
BROWSE.MYD11A1.A2022063.h27v08.061.2022064204736.1.jpg,VERIFIED_NO_HASH,"Valid Header, No Remote Checksum Available",10297,PASS (Structure Only)
MYD11A1.A2022064.h28v08.061.2022065165509.hdf,VERIFIED_NO_HASH,"Valid Header, No Remote Checksum Available",268686,PASS (Structure Only)
BROWSE.MYD11A1.A2022065.h29v08.061.2022066171457.1.jpg,VERIFIED_NO_HASH,"Valid Header, No Remote Checksum Available",9181,PASS (Structure Only)
BROWSE.MYD11A1.A2022054.h27v08.061.2022056231858.1.jpg,VERIFIED_NO_HASH,"Valid Header, No Remote Checksum Available",8455,PASS (Structure Only)
MYD11A1.A2022066.h28v08.061.2022067170025.hdf,VERIFIED_NO_HASH,"Valid Header, No Remote Checksum Available",303143,PASS (Structure Only)
BROWSE.MYD11A1.A2022069.h29v08.061.2022070175254.1.jpg,VERIFIED_NO_HASH,"Valid Header, No Remote Checksum Available",14135,PASS (Structure Only)
MYD11A1.A2022068.h27v08.061.2022070165546.hdf,VERIFIED_NO_HASH,"Valid Header, No Remote Checksum Available",642358,PASS (Structure Only)
MYD11A1.A2022067.h28v08.061.2022068173040.hdf,VERIFIED_NO_HASH,"Valid Header, No Remote Checksum Available",727087,PASS (Structure Only)
BROWSE.MYD11A1.A2022062.h28v08.061.2022063210451.1.jpg,VERIFIED_NO_HASH,"Valid Header, No Remote Checksum Available",12535,PASS (Structure Only)
BROWSE.MYD11A1.A2022071.h27v08.061.2022072164808.1.jpg,VERIFIED_NO_HASH,"Valid Header, No Remote Checksum Available",6313,PASS (Structure Only)
BROWSE.MYD11A1.A2022069.h27v08.061.2022070175136.1.jpg,VERIFIED_NO_HASH,"Valid Header, No Remote Checksum Available",6821,PASS (Structure Only)
BROWSE.MYD11A1.A2022069.h28v08.061.2022070175235.2.jpg,VERIFIED_NO_HASH,"Valid Header, No Remote Checksum Available",10799,PASS (Structure Only)
BROWSE.MYD11A1.A2022068.h29v08.061.2022070165552.1.jpg,VERIFIED_NO_HASH,"Valid Header, No Remote Checksum Available",7577,PASS (Structure Only)
BROWSE.MYD11A1.A2022072.h28v08.061.2022076050727.1.jpg,VERIFIED_NO_HASH,"Valid Header, No Remote Checksum Available",13748,PASS (Structure Only)
BROWSE.MYD11A1.A2022072.h29v08.061.2022076050733.1.jpg,VERIFIED_NO_HASH,"Valid Header, No Remote Checksum Available",7165,PASS (Structure Only)
MYD11A1.A2022065.h27v08.061.2022066171410.hdf,VERIFIED_NO_HASH,"Valid Header, No Remote Checksum Available",392017,PASS (Structure Only)
BROWSE.MYD11A1.A2022047.h28v08.061.2022050112202.1.jpg,VERIFIED_NO_HASH,"Valid Header, No Remote Checksum Available",9039,PASS (Structure Only)
BROWSE.MYD11A1.A2022070.h28v08.061.2022071182915.1.jpg,VERIFIED_NO_HASH,"Valid Header, No Remote Checksum Available",13735,PASS (Structure Only)
BROWSE.MYD11A1.A2022073.h27v08.061.2022096171318.1.jpg,VERIFIED_NO_HASH,"Valid Header, No Remote Checksum Available",5904,PASS (Structure Only)
BROWSE.MYD11A1.A2022074.h29v08.061.2022096173346.1.jpg,VERIFIED_NO_HASH,"Valid Header, No Remote Checksum Available",7014,PASS (Structure Only)
BROWSE.MYD11A1.A2022067.h29v08.061.2022068173044.1.jpg,VERIFIED_NO_HASH,"Valid Header, No Remote Checksum Available",7046,PASS (Structure Only)
BROWSE.MYD11A1.A2022073.h28v08.061.2022096171338.1.jpg,VERIFIED_NO_HASH,"Valid Header, No Remote Checksum Available",6479,PASS (Structure Only)
BROWSE.MYD11A1.A2022074.h28v08.061.2022096173353.2.jpg,VERIFIED_NO_HASH,"Valid Header, No Remote Checksum Available",6870,PASS (Structure Only)
BROWSE.MYD11A1.A2022075.h29v08.061.2022096182425.1.jpg,VERIFIED_NO_HASH,"Valid Header, No Remote Checksum Available",15965,PASS (Structure Only)
MYD11A1.A2022068.h28v08.061.2022070165536.hdf,VERIFIED_NO_HASH,"Valid Header, No Remote Checksum Available",380958,PASS (Structure Only)
BROWSE.MYD11A1.A2022075.h27v08.061.2022096182417.1.jpg,VERIFIED_NO_HASH,"Valid Header, No Remote Checksum Available",10501,PASS (Structure Only)
BROWSE.MYD11A1.A2022076.h29v08.061.2022096191348.1.jpg,VERIFIED_NO_HASH,"Valid Header, No Remote Checksum Available",15769,PASS (Structure Only)
MYD11A1.A2022070.h27v08.061.2022071182920.cmr.xml,VERIFIED_NO_HASH,"Valid Header, No Remote Checksum Available",15413,PASS (Structure Only)
BROWSE.MYD11A1.A2022070.h29v08.061.2022071182953.1.jpg,VERIFIED_NO_HASH,"Valid Header, No Remote Checksum Available",15461,PASS (Structure Only)
BROWSE.MYD11A1.A2022071.h29v08.061.2022072164729.1.jpg,VERIFIED_NO_HASH,"Valid Header, No Remote Checksum Available",11830,PASS (Structure Only)
BROWSE.MYD11A1.A2022073.h29v08.061.2022096171340.1.jpg,VERIFIED_NO_HASH,"Valid Header, No Remote Checksum Available",17787,PASS (Structure Only)
BROWSE.MYD11A1.A2022077.h29v08.061.2022096194626.1.jpg,VERIFIED_NO_HASH,"Valid Header, No Remote Checksum Available",9446,PASS (Structure Only)
MYD11A1.A2022077.h28v08.061.2022096194619.cmr.xml,VERIFIED_NO_HASH,"Valid Header, No Remote Checksum Available",16553,PASS (Structure Only)
BROWSE.MYD11A1.A2022078.h28v08.061.2022096204557.1.jpg,VERIFIED_NO_HASH,"Valid Header, No Remote Checksum Available",10380,PASS (Structure Only)
BROWSE.MYD11A1.A2022078.h29v08.061.2022096204512.1.jpg,VERIFIED_NO_HASH,"Valid Header, No Remote Checksum Available",12099,PASS (Structure Only)
BROWSE.MYD11A1.A2022079.h28v08.061.2022096213102.1.jpg,VERIFIED_NO_HASH,"Valid Header, No Remote Checksum Available",7648,PASS (Structure Only)
BROWSE.MYD11A1.A2022080.h29v08.061.2022096215911.1.jpg,VERIFIED_NO_HASH,"Valid Header, No Remote Checksum Available",13366,PASS (Structure Only)
BROWSE.MYD11A1.A2022078.h27v08.061.2022096204545.1.jpg,VERIFIED_NO_HASH,"Valid Header, No Remote Checksum Available",4553,PASS (Structure Only)
BROWSE.MYD11A1.A2022080.h28v08.061.2022096215909.2.jpg,VERIFIED_NO_HASH,"Valid Header, No Remote Checksum Available",4325,PASS (Structure Only)
BROWSE.MYD11A1.A2022074.h27v08.061.2022096173340.2.jpg,VERIFIED_NO_HASH,"Valid Header, No Remote Checksum Available",6894,PASS (Structure Only)
BROWSE.MYD11A1.A2022079.h27v08.061.2022096213049.1.jpg,VERIFIED_NO_HASH,"Valid Header, No Remote Checksum Available",6786,PASS (Structure Only)
BROWSE.MYD11A1.A2022079.h29v08.061.2022096213052.1.jpg,VERIFIED_NO_HASH,"Valid Header, No Remote Checksum Available",4620,PASS (Structure Only)
BROWSE.MYD11A1.A2022076.h27v08.061.2022096191310.1.jpg,VERIFIED_NO_HASH,"Valid Header, No Remote Checksum Available",4388,PASS (Structure Only)
BROWSE.MYD11A1.A2022082.h27v08.061.2022096230148.1.jpg,VERIFIED_NO_HASH,"Valid Header, No Remote Checksum Available",10550,PASS (Structure Only)
BROWSE.MYD11A1.A2022082.h29v08.061.2022096230210.2.jpg,VERIFIED_NO_HASH,"Valid Header, No Remote Checksum Available",3961,PASS (Structure Only)
MYD11A1.A2022081.h27v08.061.2022096225347.cmr.xml,VERIFIED_NO_HASH,"Valid Header, No Remote Checksum Available",15497,PASS (Structure Only)
BROWSE.MYD11A1.A2022080.h27v08.061.2022096215932.1.jpg,VERIFIED_NO_HASH,"Valid Header, No Remote Checksum Available",5741,PASS (Structure Only)
BROWSE.MYD11A1.A2022075.h28v08.061.2022096182424.1.jpg,VERIFIED_NO_HASH,"Valid Header, No Remote Checksum Available",10765,PASS (Structure Only)
BROWSE.MYD11A1.A2022083.h27v08.061.2022097005909.2.jpg,VERIFIED_NO_HASH,"Valid Header, No Remote Checksum Available",10034,PASS (Structure Only)
MYD11A1.A2022034.h29v08.061.2022035211750.cmr.xml,VERIFIED_NO_HASH,"Valid Header, No Remote Checksum Available",15497,PASS (Structure Only)
BROWSE.MYD11A1.A2022076.h28v08.061.2022096191351.2.jpg,VERIFIED_NO_HASH,"Valid Header, No Remote Checksum Available",5169,PASS (Structure Only)
BROWSE.MYD11A1.A2022081.h28v08.061.2022096225502.2.jpg,VERIFIED_NO_HASH,"Valid Header, No Remote Checksum Available",6660,PASS (Structure Only)
MYD11A1.A2022045.h28v08.061.2022050070945.hdf,VERIFIED_NO_HASH,"Valid Header, No Remote Checksum Available",256355,PASS (Structure Only)
BROWSE.MYD11A1.A2022084.h28v08.061.2022097010754.2.jpg,VERIFIED_NO_HASH,"Valid Header, No Remote Checksum Available",7737,PASS (Structure Only)
BROWSE.MYD11A1.A2022083.h29v08.061.2022097005913.2.jpg,VERIFIED_NO_HASH,"Valid Header, No Remote Checksum Available",6707,PASS (Structure Only)
MYD11A1.A2022084.h29v08.061.2022097010738.cmr.xml,VERIFIED_NO_HASH,"Valid Header, No Remote Checksum Available",15823,PASS (Structure Only)
BROWSE.MYD11A1.A2022083.h28v08.061.2022097005903.1.jpg,VERIFIED_NO_HASH,"Valid Header, No Remote Checksum Available",14606,PASS (Structure Only)
MYD11A1.A2022084.h27v08.061.2022097010734.cmr.xml,VERIFIED_NO_HASH,"Valid Header, No Remote Checksum Available",15495,PASS (Structure Only)
BROWSE.MYD11A1.A2022085.h29v08.061.2022097025101.1.jpg,VERIFIED_NO_HASH,"Valid Header, No Remote Checksum Available",16511,PASS (Structure Only)
MYD11A1.A2022086.h27v08.061.2022097025746.hdf,VERIFIED_NO_HASH,"Valid Header, No Remote Checksum Available",1215864,PASS (Structure Only)
BROWSE.MYD11A1.A2022087.h28v08.061.2022097042910.2.jpg,VERIFIED_NO_HASH,"Valid Header, No Remote Checksum Available",11944,PASS (Structure Only)
BROWSE.MYD11A1.A2022087.h27v08.061.2022097042952.2.jpg,VERIFIED_NO_HASH,"Valid Header, No Remote Checksum Available",6931,PASS (Structure Only)
BROWSE.MYD11A1.A2022088.h27v08.061.2022097045235.1.jpg,VERIFIED_NO_HASH,"Valid Header, No Remote Checksum Available",12784,PASS (Structure Only)
BROWSE.MYD11A1.A2022085.h28v08.061.2022097025122.1.jpg,VERIFIED_NO_HASH,"Valid Header, No Remote Checksum Available",14129,PASS (Structure Only)
BROWSE.MYD11A1.A2022086.h29v08.061.2022097025826.1.jpg,VERIFIED_NO_HASH,"Valid Header, No Remote Checksum Available",7187,PASS (Structure Only)
BROWSE.MYD11A1.A2022085.h27v08.061.2022097025052.1.jpg,VERIFIED_NO_HASH,"Valid Header, No Remote Checksum Available",8691,PASS (Structure Only)
BROWSE.MYD11A1.A2022086.h28v08.061.2022097025802.1.jpg,VERIFIED_NO_HASH,"Valid Header, No Remote Checksum Available",12941,PASS (Structure Only)
BROWSE.MYD11A1.A2022087.h29v08.061.2022097042938.1.jpg,VERIFIED_NO_HASH,"Valid Header, No Remote Checksum Available",15355,PASS (Structure Only)
BROWSE.MYD11A1.A2022036.h28v08.061.2022038193219.2.jpg,VERIFIED_NO_HASH,"Valid Header, No Remote Checksum Available",3961,PASS (Structure Only)
BROWSE.MYD11A1.A2022081.h29v08.061.2022096225340.1.jpg,VERIFIED_NO_HASH,"Valid Header, No Remote Checksum Available",5723,PASS (Structure Only)
BROWSE.MYD11A1.A2022089.h28v08.061.2022097065136.1.jpg,VERIFIED_NO_HASH,"Valid Header, No Remote Checksum Available",7418,PASS (Structure Only)
BROWSE.MYD11A1.A2022089.h27v08.061.2022097065144.2.jpg,VERIFIED_NO_HASH,"Valid Header, No Remote Checksum Available",5658,PASS (Structure Only)
BROWSE.MYD11A1.A2022088.h28v08.061.2022097045244.1.jpg,VERIFIED_NO_HASH,"Valid Header, No Remote Checksum Available",13178,PASS (Structure Only)
MYD11A1.A2022088.h29v08.061.2022097045242.cmr.xml,VERIFIED_NO_HASH,"Valid Header, No Remote Checksum Available",16229,PASS (Structure Only)
BROWSE.MYD11A1.A2022089.h29v08.061.2022097065153.1.jpg,VERIFIED_NO_HASH,"Valid Header, No Remote Checksum Available",13375,PASS (Structure Only)
BROWSE.MYD11A1.A2022109.h27v08.061.2022117141354.1.jpg,VERIFIED_NO_HASH,"Valid Header, No Remote Checksum Available",9560,PASS (Structure Only)
BROWSE.MYD11A1.A2022109.h29v08.061.2022117141409.2.jpg,VERIFIED_NO_HASH,"Valid Header, No Remote Checksum Available",6851,PASS (Structure Only)
BROWSE.MYD11A1.A2022090.h29v08.061.2022097072956.1.jpg,VERIFIED_NO_HASH,"Valid Header, No Remote Checksum Available",10283,PASS (Structure Only)
BROWSE.MYD11A1.A2022107.h27v08.061.2022117135806.1.jpg,VERIFIED_NO_HASH,"Valid Header, No Remote Checksum Available",12442,PASS (Structure Only)
BROWSE.MYD11A1.A2022108.h27v08.061.2022117140533.1.jpg,VERIFIED_NO_HASH,"Valid Header, No Remote Checksum Available",5262,PASS (Structure Only)
BROWSE.MYD11A1.A2022107.h29v08.061.2022117135829.1.jpg,VERIFIED_NO_HASH,"Valid Header, No Remote Checksum Available",18210,PASS (Structure Only)
MYD11A1.A2022111.h29v08.061.2022117143036.hdf,VERIFIED_NO_HASH,"Valid Header, No Remote Checksum Available",980779,PASS (Structure Only)
BROWSE.MYD11A1.A2022110.h27v08.061.2022117142149.1.jpg,VERIFIED_NO_HASH,"Valid Header, No Remote Checksum Available",4051,PASS (Structure Only)
BROWSE.MYD11A1.A2022107.h28v08.061.2022117135806.1.jpg,VERIFIED_NO_HASH,"Valid Header, No Remote Checksum Available",8147,PASS (Structure Only)
BROWSE.MYD11A1.A2022110.h28v08.061.2022117142149.1.jpg,VERIFIED_NO_HASH,"Valid Header, No Remote Checksum Available",6083,PASS (Structure Only)
BROWSE.MYD11A1.A2022111.h27v08.061.2022117144045.2.jpg,VERIFIED_NO_HASH,"Valid Header, No Remote Checksum Available",7499,PASS (Structure Only)
BROWSE.MYD11A1.A2022109.h28v08.061.2022117141410.1.jpg,VERIFIED_NO_HASH,"Valid Header, No Remote Checksum Available",7974,PASS (Structure Only)
BROWSE.MYD11A1.A2022112.h28v08.061.2022117151222.1.jpg,VERIFIED_NO_HASH,"Valid Header, No Remote Checksum Available",5753,PASS (Structure Only)
BROWSE.MYD11A1.A2022112.h27v08.061.2022117151229.1.jpg,VERIFIED_NO_HASH,"Valid Header, No Remote Checksum Available",7382,PASS (Structure Only)
BROWSE.MYD11A1.A2022113.h29v08.061.2022115222014.1.jpg,VERIFIED_NO_HASH,"Valid Header, No Remote Checksum Available",10053,PASS (Structure Only)
BROWSE.MYD11A1.A2022090.h28v08.061.2022097072949.1.jpg,VERIFIED_NO_HASH,"Valid Header, No Remote Checksum Available",10217,PASS (Structure Only)
MYD11A1.A2022112.h29v08.061.2022117151223.hdf,VERIFIED_NO_HASH,"Valid Header, No Remote Checksum Available",1447281,PASS (Structure Only)
BROWSE.MYD11A1.A2022110.h29v08.061.2022117142153.1.jpg,VERIFIED_NO_HASH,"Valid Header, No Remote Checksum Available",11131,PASS (Structure Only)
BROWSE.MYD11A1.A2022111.h28v08.061.2022117143151.1.jpg,VERIFIED_NO_HASH,"Valid Header, No Remote Checksum Available",8010,PASS (Structure Only)
BROWSE.MYD11A1.A2022114.h28v08.061.2022115222721.1.jpg,VERIFIED_NO_HASH,"Valid Header, No Remote Checksum Available",5828,PASS (Structure Only)
BROWSE.MYD11A1.A2022108.h28v08.061.2022117140550.2.jpg,VERIFIED_NO_HASH,"Valid Header, No Remote Checksum Available",5402,PASS (Structure Only)
MYD11A1.A2022113.h28v08.061.2022115222009.hdf,VERIFIED_NO_HASH,"Valid Header, No Remote Checksum Available",1290898,PASS (Structure Only)
BROWSE.MYD11A1.A2022116.h28v08.061.2022118014737.1.jpg,VERIFIED_NO_HASH,"Valid Header, No Remote Checksum Available",8661,PASS (Structure Only)
BROWSE.MYD11A1.A2022115.h29v08.061.2022118005927.1.jpg,VERIFIED_NO_HASH,"Valid Header, No Remote Checksum Available",5892,PASS (Structure Only)
BROWSE.MYD11A1.A2022116.h29v08.061.2022118014741.1.jpg,VERIFIED_NO_HASH,"Valid Header, No Remote Checksum Available",16156,PASS (Structure Only)
BROWSE.MYD11A1.A2022114.h27v08.061.2022115222800.1.jpg,VERIFIED_NO_HASH,"Valid Header, No Remote Checksum Available",11466,PASS (Structure Only)
BROWSE.MYD11A1.A2022117.h29v08.061.2022120120303.1.jpg,VERIFIED_NO_HASH,"Valid Header, No Remote Checksum Available",6204,PASS (Structure Only)
BROWSE.MYD11A1.A2022118.h29v08.061.2022120123839.1.jpg,VERIFIED_NO_HASH,"Valid Header, No Remote Checksum Available",10312,PASS (Structure Only)
BROWSE.MYD11A1.A2022117.h28v08.061.2022120120233.1.jpg,VERIFIED_NO_HASH,"Valid Header, No Remote Checksum Available",11847,PASS (Structure Only)
BROWSE.MYD11A1.A2022090.h27v08.061.2022097072926.1.jpg,VERIFIED_NO_HASH,"Valid Header, No Remote Checksum Available",9022,PASS (Structure Only)
BROWSE.MYD11A1.A2022117.h27v08.061.2022120120352.1.jpg,VERIFIED_NO_HASH,"Valid Header, No Remote Checksum Available",5284,PASS (Structure Only)
BROWSE.MYD11A1.A2022118.h28v08.061.2022120123832.1.jpg,VERIFIED_NO_HASH,"Valid Header, No Remote Checksum Available",11215,PASS (Structure Only)
BROWSE.MYD11A1.A2022118.h27v08.061.2022120123903.1.jpg,VERIFIED_NO_HASH,"Valid Header, No Remote Checksum Available",8306,PASS (Structure Only)
BROWSE.MYD11A1.A2022119.h27v08.061.2022120225228.1.jpg,VERIFIED_NO_HASH,"Valid Header, No Remote Checksum Available",6255,PASS (Structure Only)
BROWSE.MYD11A1.A2022119.h29v08.061.2022120225257.1.jpg,VERIFIED_NO_HASH,"Valid Header, No Remote Checksum Available",12412,PASS (Structure Only)
BROWSE.MYD11A1.A2022119.h28v08.061.2022120225231.1.jpg,VERIFIED_NO_HASH,"Valid Header, No Remote Checksum Available",7327,PASS (Structure Only)
BROWSE.MYD11A1.A2022120.h27v08.061.2022122022521.1.jpg,VERIFIED_NO_HASH,"Valid Header, No Remote Checksum Available",8868,PASS (Structure Only)
BROWSE.MYD11A1.A2022121.h27v08.061.2022129170503.1.jpg,VERIFIED_NO_HASH,"Valid Header, No Remote Checksum Available",4770,PASS (Structure Only)
BROWSE.MYD11A1.A2022115.h28v08.061.2022118005916.1.jpg,VERIFIED_NO_HASH,"Valid Header, No Remote Checksum Available",8420,PASS (Structure Only)
BROWSE.MYD11A1.A2022108.h29v08.061.2022117140549.1.jpg,VERIFIED_NO_HASH,"Valid Header, No Remote Checksum Available",17584,PASS (Structure Only)
BROWSE.MYD11A1.A2022122.h29v08.061.2022129172426.2.jpg,VERIFIED_NO_HASH,"Valid Header, No Remote Checksum Available",4684,PASS (Structure Only)
BROWSE.MYD11A1.A2022120.h29v08.061.2022122022516.1.jpg,VERIFIED_NO_HASH,"Valid Header, No Remote Checksum Available",4481,PASS (Structure Only)
BROWSE.MYD11A1.A2022121.h28v08.061.2022129170510.1.jpg,VERIFIED_NO_HASH,"Valid Header, No Remote Checksum Available",5672,PASS (Structure Only)
MYD11A1.A2022121.h29v08.061.2022129170519.hdf,VERIFIED_NO_HASH,"Valid Header, No Remote Checksum Available",1696709,PASS (Structure Only)
MYD11A1.A2022082.h28v08.061.2022096230155.cmr.xml,VERIFIED_NO_HASH,"Valid Header, No Remote Checksum Available",15578,PASS (Structure Only)
BROWSE.MYD11A1.A2022123.h29v08.061.2022129184018.1.jpg,VERIFIED_NO_HASH,"Valid Header, No Remote Checksum Available",17475,PASS (Structure Only)
BROWSE.MYD11A1.A2022123.h27v08.061.2022129184016.1.jpg,VERIFIED_NO_HASH,"Valid Header, No Remote Checksum Available",4092,PASS (Structure Only)
BROWSE.MYD11A1.A2022124.h27v08.061.2022129185223.1.jpg,VERIFIED_NO_HASH,"Valid Header, No Remote Checksum Available",3961,PASS (Structure Only)
BROWSE.MYD11A1.A2022123.h28v08.061.2022129184020.1.jpg,VERIFIED_NO_HASH,"Valid Header, No Remote Checksum Available",4809,PASS (Structure Only)
BROWSE.MYD11A1.A2022125.h28v08.061.2022134194412.1.jpg,VERIFIED_NO_HASH,"Valid Header, No Remote Checksum Available",6045,PASS (Structure Only)
BROWSE.MYD11A1.A2022124.h29v08.061.2022129185249.1.jpg,VERIFIED_NO_HASH,"Valid Header, No Remote Checksum Available",7928,PASS (Structure Only)
BROWSE.MYD11A1.A2022115.h27v08.061.2022118005915.1.jpg,VERIFIED_NO_HASH,"Valid Header, No Remote Checksum Available",6323,PASS (Structure Only)
BROWSE.MYD11A1.A2022124.h28v08.061.2022129185249.1.jpg,VERIFIED_NO_HASH,"Valid Header, No Remote Checksum Available",4267,PASS (Structure Only)
BROWSE.MYD11A1.A2022126.h28v08.061.2022134200236.2.jpg,VERIFIED_NO_HASH,"Valid Header, No Remote Checksum Available",4723,PASS (Structure Only)
BROWSE.MYD11A1.A2022126.h29v08.061.2022134200239.1.jpg,VERIFIED_NO_HASH,"Valid Header, No Remote Checksum Available",17983,PASS (Structure Only)
BROWSE.MYD11A1.A2022126.h27v08.061.2022134200239.1.jpg,VERIFIED_NO_HASH,"Valid Header, No Remote Checksum Available",3961,PASS (Structure Only)
BROWSE.MYD11A1.A2022120.h28v08.061.2022122022529.1.jpg,VERIFIED_NO_HASH,"Valid Header, No Remote Checksum Available",10520,PASS (Structure Only)
BROWSE.MYD11A1.A2022122.h27v08.061.2022129172403.2.jpg,VERIFIED_NO_HASH,"Valid Header, No Remote Checksum Available",3961,PASS (Structure Only)
BROWSE.MYD11A1.A2022113.h27v08.061.2022115222010.1.jpg,VERIFIED_NO_HASH,"Valid Header, No Remote Checksum Available",8128,PASS (Structure Only)
BROWSE.MYD11A1.A2022127.h27v08.061.2022134200805.1.jpg,VERIFIED_NO_HASH,"Valid Header, No Remote Checksum Available",4450,PASS (Structure Only)
BROWSE.MYD11A1.A2022125.h29v08.061.2022134194413.1.jpg,VERIFIED_NO_HASH,"Valid Header, No Remote Checksum Available",9914,PASS (Structure Only)
BROWSE.MYD11A1.A2022129.h28v08.061.2022134202626.1.jpg,VERIFIED_NO_HASH,"Valid Header, No Remote Checksum Available",6509,PASS (Structure Only)
BROWSE.MYD11A1.A2022129.h29v08.061.2022134202640.1.jpg,VERIFIED_NO_HASH,"Valid Header, No Remote Checksum Available",4156,PASS (Structure Only)
BROWSE.MYD11A1.A2022127.h29v08.061.2022134200822.1.jpg,VERIFIED_NO_HASH,"Valid Header, No Remote Checksum Available",8243,PASS (Structure Only)
BROWSE.MYD11A1.A2022125.h27v08.061.2022134194415.1.jpg,VERIFIED_NO_HASH,"Valid Header, No Remote Checksum Available",4796,PASS (Structure Only)
BROWSE.MYD11A1.A2022130.h28v08.061.2022134203723.1.jpg,VERIFIED_NO_HASH,"Valid Header, No Remote Checksum Available",9104,PASS (Structure Only)
BROWSE.MYD11A1.A2022127.h28v08.061.2022134200815.1.jpg,VERIFIED_NO_HASH,"Valid Header, No Remote Checksum Available",5236,PASS (Structure Only)
BROWSE.MYD11A1.A2022128.h28v08.061.2022134201733.1.jpg,VERIFIED_NO_HASH,"Valid Header, No Remote Checksum Available",4226,PASS (Structure Only)
BROWSE.MYD11A1.A2022128.h27v08.061.2022134201726.1.jpg,VERIFIED_NO_HASH,"Valid Header, No Remote Checksum Available",4037,PASS (Structure Only)
BROWSE.MYD11A1.A2022116.h27v08.061.2022118014742.1.jpg,VERIFIED_NO_HASH,"Valid Header, No Remote Checksum Available",7412,PASS (Structure Only)
MYD11A1.A2022132.h27v08.061.2022139204721.hdf,VERIFIED_NO_HASH,"Valid Header, No Remote Checksum Available",483087,PASS (Structure Only)
MYD11A1.A2022132.h29v08.061.2022139204800.hdf,VERIFIED_NO_HASH,"Valid Header, No Remote Checksum Available",459387,PASS (Structure Only)
BROWSE.MYD11A1.A2022043.h27v08.061.2022050014420.1.jpg,VERIFIED_NO_HASH,"Valid Header, No Remote Checksum Available",7662,PASS (Structure Only)
MYD11A1.A2022114.h29v08.061.2022115222817.hdf,VERIFIED_NO_HASH,"Valid Header, No Remote Checksum Available",1450722,PASS (Structure Only)
BROWSE.MYD11A1.A2022134.h27v08.061.2022139224025.1.jpg,VERIFIED_NO_HASH,"Valid Header, No Remote Checksum Available",12103,PASS (Structure Only)
MYD11A1.A2022122.h28v08.061.2022129172412.hdf,VERIFIED_NO_HASH,"Valid Header, No Remote Checksum Available",249394,PASS (Structure Only)
BROWSE.MYD11A1.A2022134.h29v08.061.2022139224123.1.jpg,VERIFIED_NO_HASH,"Valid Header, No Remote Checksum Available",7315,PASS (Structure Only)
BROWSE.MYD11A1.A2022134.h28v08.061.2022139224112.2.jpg,VERIFIED_NO_HASH,"Valid Header, No Remote Checksum Available",7265,PASS (Structure Only)
BROWSE.MYD11A1.A2022077.h27v08.061.2022096194634.1.jpg,VERIFIED_NO_HASH,"Valid Header, No Remote Checksum Available",7225,PASS (Structure Only)
BROWSE.MYD11A1.A2022135.h27v08.061.2022140000203.1.jpg,VERIFIED_NO_HASH,"Valid Header, No Remote Checksum Available",5676,PASS (Structure Only)
BROWSE.MYD11A1.A2022039.h27v08.061.2022040192442.1.jpg,VERIFIED_NO_HASH,"Valid Header, No Remote Checksum Available",5751,PASS (Structure Only)
BROWSE.MYD11A1.A2022071.h28v08.061.2022072164807.1.jpg,VERIFIED_NO_HASH,"Valid Header, No Remote Checksum Available",11218,PASS (Structure Only)
BROWSE.MYD11A1.A2022072.h27v08.061.2022076050636.1.jpg,VERIFIED_NO_HASH,"Valid Header, No Remote Checksum Available",11936,PASS (Structure Only)
BROWSE.MYD11A1.A2022137.h29v08.061.2022142161659.1.jpg,VERIFIED_NO_HASH,"Valid Header, No Remote Checksum Available",11503,PASS (Structure Only)
BROWSE.MYD11A1.A2022034.h28v08.061.2022035211806.1.jpg,VERIFIED_NO_HASH,"Valid Header, No Remote Checksum Available",6940,PASS (Structure Only)
BROWSE.MYD11A1.A2022136.h27v08.061.2022141160816.1.jpg,VERIFIED_NO_HASH,"Valid Header, No Remote Checksum Available",4059,PASS (Structure Only)
BROWSE.MYD11A1.A2022136.h29v08.061.2022141160820.1.jpg,VERIFIED_NO_HASH,"Valid Header, No Remote Checksum Available",9339,PASS (Structure Only)
MYD11A1.A2022132.h28v08.061.2022139204756.hdf,VERIFIED_NO_HASH,"Valid Header, No Remote Checksum Available",577657,PASS (Structure Only)
BROWSE.MYD11A1.A2022128.h29v08.061.2022134201741.1.jpg,VERIFIED_NO_HASH,"Valid Header, No Remote Checksum Available",13952,PASS (Structure Only)
BROWSE.MYD11A1.A2022135.h28v08.061.2022140000206.1.jpg,VERIFIED_NO_HASH,"Valid Header, No Remote Checksum Available",7228,PASS (Structure Only)
BROWSE.MYD11A1.A2022135.h29v08.061.2022140000309.1.jpg,VERIFIED_NO_HASH,"Valid Header, No Remote Checksum Available",15823,PASS (Structure Only)
MYD11A1.A2022131.h28v08.061.2022139190714.hdf,VERIFIED_NO_HASH,"Valid Header, No Remote Checksum Available",348810,PASS (Structure Only)
BROWSE.MYD11A1.A2022137.h28v08.061.2022142161648.1.jpg,VERIFIED_NO_HASH,"Valid Header, No Remote Checksum Available",5904,PASS (Structure Only)
BROWSE.MYD11A1.A2022137.h27v08.061.2022142161730.1.jpg,VERIFIED_NO_HASH,"Valid Header, No Remote Checksum Available",8269,PASS (Structure Only)
BROWSE.MYD11A1.A2022139.h27v08.061.2022142162407.1.jpg,VERIFIED_NO_HASH,"Valid Header, No Remote Checksum Available",10265,PASS (Structure Only)
MYD11A1.A2022140.h27v08.061.2022142162902.cmr.xml,VERIFIED_NO_HASH,"Valid Header, No Remote Checksum Available",16551,PASS (Structure Only)
BROWSE.MYD11A1.A2022133.h28v08.061.2022139222230.2.jpg,VERIFIED_NO_HASH,"Valid Header, No Remote Checksum Available",10378,PASS (Structure Only)
MYD11A1.A2022131.h29v08.061.2022139190457.hdf,VERIFIED_NO_HASH,"Valid Header, No Remote Checksum Available",803876,PASS (Structure Only)
BROWSE.MYD11A1.A2022130.h29v08.061.2022134203730.1.jpg,VERIFIED_NO_HASH,"Valid Header, No Remote Checksum Available",5901,PASS (Structure Only)
BROWSE.MYD11A1.A2022129.h27v08.061.2022134202633.2.jpg,VERIFIED_NO_HASH,"Valid Header, No Remote Checksum Available",4323,PASS (Structure Only)
MYD11A1.A2022131.h27v08.061.2022139190219.hdf,VERIFIED_NO_HASH,"Valid Header, No Remote Checksum Available",248414,PASS (Structure Only)
MYD11A1.A2022133.h27v08.061.2022139222246.cmr.xml,VERIFIED_NO_HASH,"Valid Header, No Remote Checksum Available",16553,PASS (Structure Only)
BROWSE.MYD11A1.A2022139.h28v08.061.2022142162417.2.jpg,VERIFIED_NO_HASH,"Valid Header, No Remote Checksum Available",3961,PASS (Structure Only)
BROWSE.MYD11A1.A2022140.h29v08.061.2022142162803.1.jpg,VERIFIED_NO_HASH,"Valid Header, No Remote Checksum Available",14730,PASS (Structure Only)
BROWSE.MYD11A1.A2022133.h29v08.061.2022139222305.1.jpg,VERIFIED_NO_HASH,"Valid Header, No Remote Checksum Available",12308,PASS (Structure Only)
MYD11A1.A2022139.h29v08.061.2022142162458.cmr.xml,VERIFIED_NO_HASH,"Valid Header, No Remote Checksum Available",15821,PASS (Structure Only)
BROWSE.MYD11A1.A2022142.h29v08.061.2022143191404.2.jpg,VERIFIED_NO_HASH,"Valid Header, No Remote Checksum Available",4138,PASS (Structure Only)
BROWSE.MYD11A1.A2022143.h29v08.061.2022144175130.1.jpg,VERIFIED_NO_HASH,"Valid Header, No Remote Checksum Available",6138,PASS (Structure Only)
BROWSE.MYD11A1.A2022144.h28v08.061.2022145185253.2.jpg,VERIFIED_NO_HASH,"Valid Header, No Remote Checksum Available",8021,PASS (Structure Only)
BROWSE.MYD11A1.A2022138.h28v08.061.2022142162119.1.jpg,VERIFIED_NO_HASH,"Valid Header, No Remote Checksum Available",13316,PASS (Structure Only)
BROWSE.MYD11A1.A2022141.h27v08.061.2022142174316.1.jpg,VERIFIED_NO_HASH,"Valid Header, No Remote Checksum Available",9141,PASS (Structure Only)
BROWSE.MYD11A1.A2022141.h28v08.061.2022142174301.2.jpg,VERIFIED_NO_HASH,"Valid Header, No Remote Checksum Available",6196,PASS (Structure Only)
BROWSE.MYD11A1.A2022143.h28v08.061.2022144175024.2.jpg,VERIFIED_NO_HASH,"Valid Header, No Remote Checksum Available",7859,PASS (Structure Only)
BROWSE.MYD11A1.A2022143.h27v08.061.2022144175026.2.jpg,VERIFIED_NO_HASH,"Valid Header, No Remote Checksum Available",6378,PASS (Structure Only)
BROWSE.MYD11A1.A2022136.h28v08.061.2022141160817.1.jpg,VERIFIED_NO_HASH,"Valid Header, No Remote Checksum Available",5570,PASS (Structure Only)
BROWSE.MYD11A1.A2022130.h27v08.061.2022134203721.1.jpg,VERIFIED_NO_HASH,"Valid Header, No Remote Checksum Available",9514,PASS (Structure Only)
BROWSE.MYD11A1.A2022142.h27v08.061.2022143191506.1.jpg,VERIFIED_NO_HASH,"Valid Header, No Remote Checksum Available",5295,PASS (Structure Only)
BROWSE.MYD11A1.A2022146.h29v08.061.2022147165451.1.jpg,VERIFIED_NO_HASH,"Valid Header, No Remote Checksum Available",11749,PASS (Structure Only)
BROWSE.MYD11A1.A2022147.h27v08.061.2022148172917.1.jpg,VERIFIED_NO_HASH,"Valid Header, No Remote Checksum Available",5232,PASS (Structure Only)
BROWSE.MYD11A1.A2022146.h27v08.061.2022147165449.2.jpg,VERIFIED_NO_HASH,"Valid Header, No Remote Checksum Available",4656,PASS (Structure Only)
BROWSE.MYD11A1.A2022144.h27v08.061.2022145185354.1.jpg,VERIFIED_NO_HASH,"Valid Header, No Remote Checksum Available",7585,PASS (Structure Only)
BROWSE.MYD11A1.A2022144.h29v08.061.2022145185434.1.jpg,VERIFIED_NO_HASH,"Valid Header, No Remote Checksum Available",16502,PASS (Structure Only)
BROWSE.MYD11A1.A2022148.h27v08.061.2022152100158.1.jpg,VERIFIED_NO_HASH,"Valid Header, No Remote Checksum Available",6383,PASS (Structure Only)
BROWSE.MYD11A1.A2022140.h28v08.061.2022142162818.2.jpg,VERIFIED_NO_HASH,"Valid Header, No Remote Checksum Available",8796,PASS (Structure Only)
BROWSE.MYD11A1.A2022147.h29v08.061.2022148172841.1.jpg,VERIFIED_NO_HASH,"Valid Header, No Remote Checksum Available",7368,PASS (Structure Only)
BROWSE.MYD11A1.A2022138.h27v08.061.2022142162133.1.jpg,VERIFIED_NO_HASH,"Valid Header, No Remote Checksum Available",8104,PASS (Structure Only)
BROWSE.MYD11A1.A2022149.h27v08.061.2022152164054.1.jpg,VERIFIED_NO_HASH,"Valid Header, No Remote Checksum Available",4317,PASS (Structure Only)
BROWSE.MYD11A1.A2022150.h28v08.061.2022152174720.1.jpg,VERIFIED_NO_HASH,"Valid Header, No Remote Checksum Available",11948,PASS (Structure Only)
BROWSE.MYD11A1.A2022150.h29v08.061.2022152174756.1.jpg,VERIFIED_NO_HASH,"Valid Header, No Remote Checksum Available",12185,PASS (Structure Only)
BROWSE.MYD11A1.A2022151.h27v08.061.2022153004531.1.jpg,VERIFIED_NO_HASH,"Valid Header, No Remote Checksum Available",7543,PASS (Structure Only)
BROWSE.MYD11A1.A2022149.h28v08.061.2022152164059.1.jpg,VERIFIED_NO_HASH,"Valid Header, No Remote Checksum Available",7352,PASS (Structure Only)
BROWSE.MYD11A1.A2022151.h29v08.061.2022153004539.1.jpg,VERIFIED_NO_HASH,"Valid Header, No Remote Checksum Available",15513,PASS (Structure Only)
BROWSE.MYD11A1.A2022151.h28v08.061.2022153004532.1.jpg,VERIFIED_NO_HASH,"Valid Header, No Remote Checksum Available",7177,PASS (Structure Only)
BROWSE.MYD11A1.A2022148.h29v08.061.2022152100155.2.jpg,VERIFIED_NO_HASH,"Valid Header, No Remote Checksum Available",6609,PASS (Structure Only)
BROWSE.MYD11A1.A2022149.h29v08.061.2022152164107.1.jpg,VERIFIED_NO_HASH,"Valid Header, No Remote Checksum Available",13812,PASS (Structure Only)
MYD11A1.A2022153.h27v08.061.2022154235951.cmr.xml,VERIFIED_NO_HASH,"Valid Header, No Remote Checksum Available",15496,PASS (Structure Only)
BROWSE.MYD11A1.A2022152.h29v08.061.2022154005627.1.jpg,VERIFIED_NO_HASH,"Valid Header, No Remote Checksum Available",11245,PASS (Structure Only)
MYD11A1.A2022152.h28v08.061.2022154005559.hdf,VERIFIED_NO_HASH,"Valid Header, No Remote Checksum Available",533997,PASS (Structure Only)
BROWSE.MYD11A1.A2022153.h29v08.061.2022155000013.2.jpg,VERIFIED_NO_HASH,"Valid Header, No Remote Checksum Available",8771,PASS (Structure Only)
BROWSE.MYD11A1.A2022154.h27v08.061.2022158014125.1.jpg,VERIFIED_NO_HASH,"Valid Header, No Remote Checksum Available",6234,PASS (Structure Only)
BROWSE.MYD11A1.A2022145.h28v08.061.2022146175848.1.jpg,VERIFIED_NO_HASH,"Valid Header, No Remote Checksum Available",8701,PASS (Structure Only)
BROWSE.MYD11A1.A2022155.h29v08.061.2022158020629.1.jpg,VERIFIED_NO_HASH,"Valid Header, No Remote Checksum Available",12715,PASS (Structure Only)
BROWSE.MYD11A1.A2022154.h28v08.061.2022158014154.2.jpg,VERIFIED_NO_HASH,"Valid Header, No Remote Checksum Available",5616,PASS (Structure Only)
MYD11A1.A2022150.h27v08.061.2022152174703.hdf,VERIFIED_NO_HASH,"Valid Header, No Remote Checksum Available",577927,PASS (Structure Only)
BROWSE.MYD11A1.A2022147.h28v08.061.2022148172644.1.jpg,VERIFIED_NO_HASH,"Valid Header, No Remote Checksum Available",6835,PASS (Structure Only)
BROWSE.MYD11A1.A2022153.h28v08.061.2022154235925.1.jpg,VERIFIED_NO_HASH,"Valid Header, No Remote Checksum Available",5283,PASS (Structure Only)
BROWSE.MYD11A1.A2022157.h29v08.061.2022158165922.1.jpg,VERIFIED_NO_HASH,"Valid Header, No Remote Checksum Available",14813,PASS (Structure Only)
BROWSE.MYD11A1.A2022158.h28v08.061.2022159165822.1.jpg,VERIFIED_NO_HASH,"Valid Header, No Remote Checksum Available",6718,PASS (Structure Only)
BROWSE.MYD11A1.A2022156.h27v08.061.2022158042213.2.jpg,VERIFIED_NO_HASH,"Valid Header, No Remote Checksum Available",4886,PASS (Structure Only)
BROWSE.MYD11A1.A2022146.h28v08.061.2022147165511.1.jpg,VERIFIED_NO_HASH,"Valid Header, No Remote Checksum Available",7920,PASS (Structure Only)
BROWSE.MYD11A1.A2022158.h29v08.061.2022159165714.1.jpg,VERIFIED_NO_HASH,"Valid Header, No Remote Checksum Available",16122,PASS (Structure Only)
MYD11A1.A2022158.h27v08.061.2022159165739.cmr.xml,VERIFIED_NO_HASH,"Valid Header, No Remote Checksum Available",16146,PASS (Structure Only)
BROWSE.MYD11A1.A2022156.h28v08.061.2022158042238.2.jpg,VERIFIED_NO_HASH,"Valid Header, No Remote Checksum Available",6896,PASS (Structure Only)
BROWSE.MYD11A1.A2022157.h27v08.061.2022158165835.1.jpg,VERIFIED_NO_HASH,"Valid Header, No Remote Checksum Available",10164,PASS (Structure Only)
BROWSE.MYD11A1.A2022152.h27v08.061.2022154005612.1.jpg,VERIFIED_NO_HASH,"Valid Header, No Remote Checksum Available",7237,PASS (Structure Only)
BROWSE.MYD11A1.A2022138.h29v08.061.2022142162159.1.jpg,VERIFIED_NO_HASH,"Valid Header, No Remote Checksum Available",11401,PASS (Structure Only)
BROWSE.MYD11A1.A2022154.h29v08.061.2022158014152.1.jpg,VERIFIED_NO_HASH,"Valid Header, No Remote Checksum Available",11389,PASS (Structure Only)
BROWSE.MYD11A1.A2022156.h29v08.061.2022158042247.1.jpg,VERIFIED_NO_HASH,"Valid Header, No Remote Checksum Available",15270,PASS (Structure Only)
MYD11A1.A2022161.h29v08.061.2022165012930.hdf,VERIFIED_NO_HASH,"Valid Header, No Remote Checksum Available",343175,PASS (Structure Only)
MYD11A1.A2022161.h27v08.061.2022165012915.hdf,VERIFIED_NO_HASH,"Valid Header, No Remote Checksum Available",220690,PASS (Structure Only)
MYD11A1.A2022161.h28v08.061.2022165013142.cmr.xml,VERIFIED_NO_HASH,"Valid Header, No Remote Checksum Available",15089,PASS (Structure Only)
BROWSE.MYD11A1.A2022157.h28v08.061.2022158165839.1.jpg,VERIFIED_NO_HASH,"Valid Header, No Remote Checksum Available",12561,PASS (Structure Only)
BROWSE.MYD11A1.A2022162.h29v08.061.2022165084842.2.jpg,VERIFIED_NO_HASH,"Valid Header, No Remote Checksum Available",10944,PASS (Structure Only)
BROWSE.MYD11A1.A2022160.h27v08.061.2022161185512.1.jpg,VERIFIED_NO_HASH,"Valid Header, No Remote Checksum Available",8801,PASS (Structure Only)
BROWSE.MYD11A1.A2022159.h27v08.061.2022160171552.2.jpg,VERIFIED_NO_HASH,"Valid Header, No Remote Checksum Available",4011,PASS (Structure Only)
MYD11A1.A2022148.h28v08.061.2022152095958.cmr.xml,VERIFIED_NO_HASH,"Valid Header, No Remote Checksum Available",16553,PASS (Structure Only)
BROWSE.MYD11A1.A2022160.h28v08.061.2022161185522.1.jpg,VERIFIED_NO_HASH,"Valid Header, No Remote Checksum Available",4918,PASS (Structure Only)
BROWSE.MYD11A1.A2022164.h28v08.061.2022165175919.1.jpg,VERIFIED_NO_HASH,"Valid Header, No Remote Checksum Available",10930,PASS (Structure Only)
BROWSE.MYD11A1.A2022163.h28v08.061.2022165092350.1.jpg,VERIFIED_NO_HASH,"Valid Header, No Remote Checksum Available",5168,PASS (Structure Only)
BROWSE.MYD11A1.A2022163.h27v08.061.2022165092331.1.jpg,VERIFIED_NO_HASH,"Valid Header, No Remote Checksum Available",4337,PASS (Structure Only)
BROWSE.MYD11A1.A2022162.h27v08.061.2022165084749.1.jpg,VERIFIED_NO_HASH,"Valid Header, No Remote Checksum Available",4399,PASS (Structure Only)
BROWSE.MYD11A1.A2022165.h27v08.061.2022166165137.1.jpg,VERIFIED_NO_HASH,"Valid Header, No Remote Checksum Available",4751,PASS (Structure Only)
BROWSE.MYD11A1.A2022164.h29v08.061.2022165175924.1.jpg,VERIFIED_NO_HASH,"Valid Header, No Remote Checksum Available",10125,PASS (Structure Only)
BROWSE.MYD11A1.A2022165.h29v08.061.2022166165243.1.jpg,VERIFIED_NO_HASH,"Valid Header, No Remote Checksum Available",14762,PASS (Structure Only)
BROWSE.MYD11A1.A2022164.h27v08.061.2022165175920.1.jpg,VERIFIED_NO_HASH,"Valid Header, No Remote Checksum Available",13271,PASS (Structure Only)
BROWSE.MYD11A1.A2022162.h28v08.061.2022165084819.1.jpg,VERIFIED_NO_HASH,"Valid Header, No Remote Checksum Available",4124,PASS (Structure Only)
BROWSE.MYD11A1.A2022163.h29v08.061.2022165092417.2.jpg,VERIFIED_NO_HASH,"Valid Header, No Remote Checksum Available",3961,PASS (Structure Only)
BROWSE.MYD11A1.A2022160.h29v08.061.2022161185523.1.jpg,VERIFIED_NO_HASH,"Valid Header, No Remote Checksum Available",14420,PASS (Structure Only)
BROWSE.MYD11A1.A2022168.h28v08.061.2022169173952.1.jpg,VERIFIED_NO_HASH,"Valid Header, No Remote Checksum Available",9586,PASS (Structure Only)
BROWSE.MYD11A1.A2022167.h29v08.061.2022168175006.1.jpg,VERIFIED_NO_HASH,"Valid Header, No Remote Checksum Available",14397,PASS (Structure Only)
BROWSE.MYD11A1.A2022166.h27v08.061.2022167170142.1.jpg,VERIFIED_NO_HASH,"Valid Header, No Remote Checksum Available",7339,PASS (Structure Only)
MYD11A1.A2022166.h28v08.061.2022167170134.cmr.xml,VERIFIED_NO_HASH,"Valid Header, No Remote Checksum Available",15822,PASS (Structure Only)
MYD11A1.A2022167.h28v08.061.2022168175031.cmr.xml,VERIFIED_NO_HASH,"Valid Header, No Remote Checksum Available",16228,PASS (Structure Only)
BROWSE.MYD11A1.A2022168.h29v08.061.2022169173958.1.jpg,VERIFIED_NO_HASH,"Valid Header, No Remote Checksum Available",9410,PASS (Structure Only)
MYD11A1.A2022169.h28v08.061.2022173210628.hdf,VERIFIED_NO_HASH,"Valid Header, No Remote Checksum Available",262101,PASS (Structure Only)
MYD11A1.A2022170.h29v08.061.2022173211229.hdf,VERIFIED_NO_HASH,"Valid Header, No Remote Checksum Available",1084861,PASS (Structure Only)
MYD11A1.A2022170.h27v08.061.2022173211256.hdf,VERIFIED_NO_HASH,"Valid Header, No Remote Checksum Available",439536,PASS (Structure Only)
MYD11A1.A2022155.h27v08.061.2022158020847.hdf,VERIFIED_NO_HASH,"Valid Header, No Remote Checksum Available",377440,PASS (Structure Only)
BROWSE.MYD11A1.A2022165.h28v08.061.2022166165140.1.jpg,VERIFIED_NO_HASH,"Valid Header, No Remote Checksum Available",11275,PASS (Structure Only)
MYD11A1.A2022171.h29v08.061.2022174132003.hdf,VERIFIED_NO_HASH,"Valid Header, No Remote Checksum Available",1040633,PASS (Structure Only)
BROWSE.MYD11A1.A2022168.h27v08.061.2022169173935.1.jpg,VERIFIED_NO_HASH,"Valid Header, No Remote Checksum Available",6085,PASS (Structure Only)
MYD11A1.A2022169.h29v08.061.2022173210654.hdf,VERIFIED_NO_HASH,"Valid Header, No Remote Checksum Available",980063,PASS (Structure Only)
BROWSE.MYD11A1.A2022167.h27v08.061.2022168175006.1.jpg,VERIFIED_NO_HASH,"Valid Header, No Remote Checksum Available",7415,PASS (Structure Only)
MYD11A1.A2022171.h28v08.061.2022174132001.hdf,VERIFIED_NO_HASH,"Valid Header, No Remote Checksum Available",278827,PASS (Structure Only)
BROWSE.MYD11A1.A2022159.h29v08.061.2022160171604.1.jpg,VERIFIED_NO_HASH,"Valid Header, No Remote Checksum Available",13040,PASS (Structure Only)
BROWSE.MYD11A1.A2022141.h29v08.061.2022142174354.1.jpg,VERIFIED_NO_HASH,"Valid Header, No Remote Checksum Available",11869,PASS (Structure Only)
MYD11A1.A2022171.h27v08.061.2022174132051.hdf,VERIFIED_NO_HASH,"Valid Header, No Remote Checksum Available",396180,PASS (Structure Only)
BROWSE.MYD11A1.A2022166.h29v08.061.2022167170229.1.jpg,VERIFIED_NO_HASH,"Valid Header, No Remote Checksum Available",10477,PASS (Structure Only)
MYD11A1.A2022175.h28v08.061.2022176165714.hdf,VERIFIED_NO_HASH,"Valid Header, No Remote Checksum Available",308883,PASS (Structure Only)
MYD11A1.A2022172.h29v08.061.2022174132416.hdf,VERIFIED_NO_HASH,"Valid Header, No Remote Checksum Available",1018125,PASS (Structure Only)
MYD11A1.A2022170.h28v08.061.2022173211222.hdf,VERIFIED_NO_HASH,"Valid Header, No Remote Checksum Available",968185,PASS (Structure Only)
MYD11A1.A2022172.h27v08.061.2022174132308.hdf,VERIFIED_NO_HASH,"Valid Header, No Remote Checksum Available",219329,PASS (Structure Only)
MYD11A1.A2022173.h29v08.061.2022174171841.hdf,VERIFIED_NO_HASH,"Valid Header, No Remote Checksum Available",687566,PASS (Structure Only)
MYD11A1.A2022174.h29v08.061.2022175165948.hdf,VERIFIED_NO_HASH,"Valid Header, No Remote Checksum Available",1615422,PASS (Structure Only)
MYD11A1.A2022175.h27v08.061.2022176165707.hdf,VERIFIED_NO_HASH,"Valid Header, No Remote Checksum Available",261624,PASS (Structure Only)
MYD11A1.A2022176.h28v08.061.2022177165214.hdf,VERIFIED_NO_HASH,"Valid Header, No Remote Checksum Available",284103,PASS (Structure Only)
MYD11A1.A2022173.h28v08.061.2022174171836.hdf,VERIFIED_NO_HASH,"Valid Header, No Remote Checksum Available",415788,PASS (Structure Only)
MYD11A1.A2022177.h29v08.061.2022178170516.hdf,VERIFIED_NO_HASH,"Valid Header, No Remote Checksum Available",704800,PASS (Structure Only)
MYD11A1.A2022178.h28v08.061.2022179171340.hdf,VERIFIED_NO_HASH,"Valid Header, No Remote Checksum Available",744831,PASS (Structure Only)
MYD11A1.A2022169.h27v08.061.2022173210704.hdf,VERIFIED_NO_HASH,"Valid Header, No Remote Checksum Available",405707,PASS (Structure Only)
MYD11A1.A2022177.h28v08.061.2022178170507.hdf,VERIFIED_NO_HASH,"Valid Header, No Remote Checksum Available",681891,PASS (Structure Only)
MYD11A1.A2022179.h27v08.061.2022180190604.hdf,VERIFIED_NO_HASH,"Valid Header, No Remote Checksum Available",262079,PASS (Structure Only)
MYD11A1.A2022178.h27v08.061.2022179171223.hdf,VERIFIED_NO_HASH,"Valid Header, No Remote Checksum Available",479581,PASS (Structure Only)
MYD11A1.A2022176.h27v08.061.2022177165243.hdf,VERIFIED_NO_HASH,"Valid Header, No Remote Checksum Available",463241,PASS (Structure Only)
MYD11A1.A2022179.h28v08.061.2022180190551.hdf,VERIFIED_NO_HASH,"Valid Header, No Remote Checksum Available",594502,PASS (Structure Only)
MYD11A1.A2022177.h27v08.061.2022178170500.hdf,VERIFIED_NO_HASH,"Valid Header, No Remote Checksum Available",300447,PASS (Structure Only)
MYD11A1.A2022176.h29v08.061.2022177165244.hdf,VERIFIED_NO_HASH,"Valid Header, No Remote Checksum Available",1969211,PASS (Structure Only)
MYD11A1.A2022178.h29v08.061.2022179171354.hdf,VERIFIED_NO_HASH,"Valid Header, No Remote Checksum Available",720366,PASS (Structure Only)
MYD11A1.A2022175.h29v08.061.2022176165800.hdf,VERIFIED_NO_HASH,"Valid Header, No Remote Checksum Available",394310,PASS (Structure Only)
BROWSE.MYD11A1.A2022159.h28v08.061.2022160171551.1.jpg,VERIFIED_NO_HASH,"Valid Header, No Remote Checksum Available",13089,PASS (Structure Only)
BROWSE.MYD11A1.A2022145.h27v08.061.2022146175903.1.jpg,VERIFIED_NO_HASH,"Valid Header, No Remote Checksum Available",5464,PASS (Structure Only)
BROWSE.MYD11A1.A2022145.h29v08.061.2022146175853.1.jpg,VERIFIED_NO_HASH,"Valid Header, No Remote Checksum Available",9030,PASS (Structure Only)
MYD11A1.A2022182.h29v08.061.2022183183108.hdf,VERIFIED_NO_HASH,"Valid Header, No Remote Checksum Available",357295,PASS (Structure Only)
MYD11A1.A2022181.h28v08.061.2022182170733.hdf,VERIFIED_NO_HASH,"Valid Header, No Remote Checksum Available",272273,PASS (Structure Only)
MYD11A1.A2022180.h28v08.061.2022181170313.hdf,VERIFIED_NO_HASH,"Valid Header, No Remote Checksum Available",868247,PASS (Structure Only)
MYD11A1.A2022181.h29v08.061.2022182170748.hdf,VERIFIED_NO_HASH,"Valid Header, No Remote Checksum Available",916409,PASS (Structure Only)
MYD11A1.A2022180.h29v08.061.2022181170324.hdf,VERIFIED_NO_HASH,"Valid Header, No Remote Checksum Available",447642,PASS (Structure Only)
MYD11A1.A2022172.h28v08.061.2022174132412.hdf,VERIFIED_NO_HASH,"Valid Header, No Remote Checksum Available",328438,PASS (Structure Only)
MYD11A1.A2022155.h28v08.061.2022158020641.cmr.xml,VERIFIED_NO_HASH,"Valid Header, No Remote Checksum Available",16553,PASS (Structure Only)
MYD11A1.A2022180.h27v08.061.2022181170400.hdf,VERIFIED_NO_HASH,"Valid Header, No Remote Checksum Available",546752,PASS (Structure Only)
MYD11A1.A2022186.h28v08.061.2022188005108.hdf,VERIFIED_NO_HASH,"Valid Header, No Remote Checksum Available",307553,PASS (Structure Only)
MYD11A1.A2022185.h29v08.061.2022187224347.hdf,VERIFIED_NO_HASH,"Valid Header, No Remote Checksum Available",565681,PASS (Structure Only)
MYD11A1.A2022173.h27v08.061.2022174171831.hdf,VERIFIED_NO_HASH,"Valid Header, No Remote Checksum Available",366162,PASS (Structure Only)
MYD11A1.A2022174.h27v08.061.2022175165937.hdf,VERIFIED_NO_HASH,"Valid Header, No Remote Checksum Available",220096,PASS (Structure Only)
MYD11A1.A2022174.h28v08.061.2022175165937.hdf,VERIFIED_NO_HASH,"Valid Header, No Remote Checksum Available",268629,PASS (Structure Only)
MYD11A1.A2022142.h28v08.061.2022143191904.cmr.xml,VERIFIED_NO_HASH,"Valid Header, No Remote Checksum Available",15821,PASS (Structure Only)
MYD11A1.A2022184.h27v08.061.2022185181812.hdf,VERIFIED_NO_HASH,"Valid Header, No Remote Checksum Available",497276,PASS (Structure Only)
MYD11A1.A2022184.h29v08.061.2022185181734.hdf,VERIFIED_NO_HASH,"Valid Header, No Remote Checksum Available",781791,PASS (Structure Only)
MYD11A1.A2022183.h28v08.061.2022184184518.hdf,VERIFIED_NO_HASH,"Valid Header, No Remote Checksum Available",364743,PASS (Structure Only)
MYD11A1.A2022187.h28v08.061.2022188201232.hdf,VERIFIED_NO_HASH,"Valid Header, No Remote Checksum Available",414188,PASS (Structure Only)
MYD11A1.A2022189.h28v08.061.2022190181017.hdf,VERIFIED_NO_HASH,"Valid Header, No Remote Checksum Available",598025,PASS (Structure Only)
MYD11A1.A2022187.h29v08.061.2022188201239.hdf,VERIFIED_NO_HASH,"Valid Header, No Remote Checksum Available",761372,PASS (Structure Only)
MYD11A1.A2022186.h27v08.061.2022188005037.hdf,VERIFIED_NO_HASH,"Valid Header, No Remote Checksum Available",233134,PASS (Structure Only)
MYD11A1.A2022184.h28v08.061.2022185181935.hdf,VERIFIED_NO_HASH,"Valid Header, No Remote Checksum Available",1156623,PASS (Structure Only)
MYD11A1.A2022183.h29v08.061.2022184184503.hdf,VERIFIED_NO_HASH,"Valid Header, No Remote Checksum Available",1738011,PASS (Structure Only)
MYD11A1.A2022190.h27v08.061.2022194130407.hdf,VERIFIED_NO_HASH,"Valid Header, No Remote Checksum Available",301420,PASS (Structure Only)
MYD11A1.A2022190.h28v08.061.2022194130121.hdf,VERIFIED_NO_HASH,"Valid Header, No Remote Checksum Available",294792,PASS (Structure Only)
MYD11A1.A2022189.h27v08.061.2022190181028.hdf,VERIFIED_NO_HASH,"Valid Header, No Remote Checksum Available",529715,PASS (Structure Only)
MYD11A1.A2022183.h27v08.061.2022184184435.hdf,VERIFIED_NO_HASH,"Valid Header, No Remote Checksum Available",263294,PASS (Structure Only)
MYD11A1.A2022185.h27v08.061.2022187224430.hdf,VERIFIED_NO_HASH,"Valid Header, No Remote Checksum Available",336727,PASS (Structure Only)
MYD11A1.A2022182.h28v08.061.2022183183107.hdf,VERIFIED_NO_HASH,"Valid Header, No Remote Checksum Available",776095,PASS (Structure Only)
MYD11A1.A2022182.h27v08.061.2022183183119.hdf,VERIFIED_NO_HASH,"Valid Header, No Remote Checksum Available",543820,PASS (Structure Only)
MYD11A1.A2022179.h29v08.061.2022180190613.hdf,VERIFIED_NO_HASH,"Valid Header, No Remote Checksum Available",690160,PASS (Structure Only)
MYD11A1.A2022181.h27v08.061.2022182170731.hdf,VERIFIED_NO_HASH,"Valid Header, No Remote Checksum Available",223245,PASS (Structure Only)
MYD11A1.A2022193.h29v08.061.2022195040246.hdf,VERIFIED_NO_HASH,"Valid Header, No Remote Checksum Available",388167,PASS (Structure Only)
MYD11A1.A2022187.h27v08.061.2022188201202.hdf,VERIFIED_NO_HASH,"Valid Header, No Remote Checksum Available",510392,PASS (Structure Only)
MYD11A1.A2022186.h29v08.061.2022188005112.hdf,VERIFIED_NO_HASH,"Valid Header, No Remote Checksum Available",608196,PASS (Structure Only)
MYD11A1.A2022189.h29v08.061.2022190181031.hdf,VERIFIED_NO_HASH,"Valid Header, No Remote Checksum Available",234272,PASS (Structure Only)
MYD11A1.A2022188.h29v08.061.2022189181117.hdf,VERIFIED_NO_HASH,"Valid Header, No Remote Checksum Available",1037453,PASS (Structure Only)
MYD11A1.A2022188.h27v08.061.2022189181143.hdf,VERIFIED_NO_HASH,"Valid Header, No Remote Checksum Available",394556,PASS (Structure Only)
MYD11A1.A2022188.h28v08.061.2022189181248.hdf,VERIFIED_NO_HASH,"Valid Header, No Remote Checksum Available",988398,PASS (Structure Only)
MYD11A1.A2022196.h27v08.061.2022199222410.hdf,VERIFIED_NO_HASH,"Valid Header, No Remote Checksum Available",801347,PASS (Structure Only)
MYD11A1.A2022196.h29v08.061.2022199222511.hdf,VERIFIED_NO_HASH,"Valid Header, No Remote Checksum Available",293842,PASS (Structure Only)
MYD11A1.A2022193.h28v08.061.2022195040213.hdf,VERIFIED_NO_HASH,"Valid Header, No Remote Checksum Available",240816,PASS (Structure Only)
MYD11A1.A2022194.h28v08.061.2022195233045.hdf,VERIFIED_NO_HASH,"Valid Header, No Remote Checksum Available",256822,PASS (Structure Only)
MYD11A1.A2022195.h27v08.061.2022196171710.hdf,VERIFIED_NO_HASH,"Valid Header, No Remote Checksum Available",244171,PASS (Structure Only)
MYD11A1.A2022195.h29v08.061.2022196171616.hdf,VERIFIED_NO_HASH,"Valid Header, No Remote Checksum Available",333559,PASS (Structure Only)
MYD11A1.A2022195.h28v08.061.2022196171708.hdf,VERIFIED_NO_HASH,"Valid Header, No Remote Checksum Available",300898,PASS (Structure Only)
MYD11A1.A2022185.h28v08.061.2022187224451.hdf,VERIFIED_NO_HASH,"Valid Header, No Remote Checksum Available",522167,PASS (Structure Only)
MYD11A1.A2022191.h27v08.061.2022194232112.hdf,VERIFIED_NO_HASH,"Valid Header, No Remote Checksum Available",329363,PASS (Structure Only)
MYD11A1.A2022198.h29v08.061.2022200232901.hdf,VERIFIED_NO_HASH,"Valid Header, No Remote Checksum Available",251412,PASS (Structure Only)
MYD11A1.A2022194.h27v08.061.2022195233044.hdf,VERIFIED_NO_HASH,"Valid Header, No Remote Checksum Available",355717,PASS (Structure Only)
MYD11A1.A2022194.h29v08.061.2022195233141.hdf,VERIFIED_NO_HASH,"Valid Header, No Remote Checksum Available",250612,PASS (Structure Only)
MYD11A1.A2022197.h28v08.061.2022199223613.hdf,VERIFIED_NO_HASH,"Valid Header, No Remote Checksum Available",463493,PASS (Structure Only)
MYD11A1.A2022198.h27v08.061.2022200232756.hdf,VERIFIED_NO_HASH,"Valid Header, No Remote Checksum Available",1014951,PASS (Structure Only)
MYD11A1.A2022200.h28v08.061.2022201195240.hdf,VERIFIED_NO_HASH,"Valid Header, No Remote Checksum Available",758914,PASS (Structure Only)
MYD11A1.A2022199.h28v08.061.2022200233655.hdf,VERIFIED_NO_HASH,"Valid Header, No Remote Checksum Available",640076,PASS (Structure Only)
MYD11A1.A2022197.h29v08.061.2022199223614.hdf,VERIFIED_NO_HASH,"Valid Header, No Remote Checksum Available",1683954,PASS (Structure Only)
MYD11A1.A2022197.h27v08.061.2022199223619.hdf,VERIFIED_NO_HASH,"Valid Header, No Remote Checksum Available",452199,PASS (Structure Only)
MYD11A1.A2022198.h28v08.061.2022200232759.hdf,VERIFIED_NO_HASH,"Valid Header, No Remote Checksum Available",1031402,PASS (Structure Only)
MYD11A1.A2022202.h27v08.061.2022203184209.hdf,VERIFIED_NO_HASH,"Valid Header, No Remote Checksum Available",227427,PASS (Structure Only)
MYD11A1.A2022201.h28v08.061.2022202181107.hdf,VERIFIED_NO_HASH,"Valid Header, No Remote Checksum Available",493288,PASS (Structure Only)
MYD11A1.A2022202.h29v08.061.2022203184206.hdf,VERIFIED_NO_HASH,"Valid Header, No Remote Checksum Available",1423301,PASS (Structure Only)
MYD11A1.A2022203.h29v08.061.2022204181606.hdf,VERIFIED_NO_HASH,"Valid Header, No Remote Checksum Available",838158,PASS (Structure Only)
MYD11A1.A2022199.h29v08.061.2022200233608.hdf,VERIFIED_NO_HASH,"Valid Header, No Remote Checksum Available",674530,PASS (Structure Only)
MYD11A1.A2022200.h29v08.061.2022201195255.hdf,VERIFIED_NO_HASH,"Valid Header, No Remote Checksum Available",1433384,PASS (Structure Only)
MYD11A1.A2022204.h27v08.061.2022205172739.hdf,VERIFIED_NO_HASH,"Valid Header, No Remote Checksum Available",235499,PASS (Structure Only)
MYD11A1.A2022204.h29v08.061.2022205172745.hdf,VERIFIED_NO_HASH,"Valid Header, No Remote Checksum Available",2036257,PASS (Structure Only)
MYD11A1.A2022199.h27v08.061.2022200233557.hdf,VERIFIED_NO_HASH,"Valid Header, No Remote Checksum Available",791700,PASS (Structure Only)
MYD11A1.A2022196.h28v08.061.2022199222422.hdf,VERIFIED_NO_HASH,"Valid Header, No Remote Checksum Available",1229623,PASS (Structure Only)
MYD11A1.A2022190.h29v08.061.2022194125459.hdf,VERIFIED_NO_HASH,"Valid Header, No Remote Checksum Available",357478,PASS (Structure Only)
MYD11A1.A2022191.h28v08.061.2022194232329.hdf,VERIFIED_NO_HASH,"Valid Header, No Remote Checksum Available",272708,PASS (Structure Only)
MYD11A1.A2022204.h28v08.061.2022205172636.hdf,VERIFIED_NO_HASH,"Valid Header, No Remote Checksum Available",551188,PASS (Structure Only)
MYD11A1.A2022205.h28v08.061.2022206185007.hdf,VERIFIED_NO_HASH,"Valid Header, No Remote Checksum Available",567770,PASS (Structure Only)
MYD11A1.A2022201.h27v08.061.2022202181032.hdf,VERIFIED_NO_HASH,"Valid Header, No Remote Checksum Available",548261,PASS (Structure Only)
MYD11A1.A2022206.h27v08.061.2022207182240.hdf,VERIFIED_NO_HASH,"Valid Header, No Remote Checksum Available",223837,PASS (Structure Only)
MYD11A1.A2022206.h28v08.061.2022207182223.hdf,VERIFIED_NO_HASH,"Valid Header, No Remote Checksum Available",240489,PASS (Structure Only)
MYD11A1.A2022202.h28v08.061.2022203184130.hdf,VERIFIED_NO_HASH,"Valid Header, No Remote Checksum Available",663380,PASS (Structure Only)
MYD11A1.A2022200.h27v08.061.2022201195304.hdf,VERIFIED_NO_HASH,"Valid Header, No Remote Checksum Available",349531,PASS (Structure Only)
MYD11A1.A2022207.h28v08.061.2022208180620.hdf,VERIFIED_NO_HASH,"Valid Header, No Remote Checksum Available",357168,PASS (Structure Only)
MYD11A1.A2022203.h28v08.061.2022204181617.hdf,VERIFIED_NO_HASH,"Valid Header, No Remote Checksum Available",722808,PASS (Structure Only)
MYD11A1.A2022207.h27v08.061.2022208180617.hdf,VERIFIED_NO_HASH,"Valid Header, No Remote Checksum Available",301427,PASS (Structure Only)
MYD11A1.A2022191.h29v08.061.2022194232622.hdf,VERIFIED_NO_HASH,"Valid Header, No Remote Checksum Available",278681,PASS (Structure Only)
MYD11A1.A2022192.h27v08.061.2022195013053.hdf,VERIFIED_NO_HASH,"Valid Header, No Remote Checksum Available",295429,PASS (Structure Only)
MYD11A1.A2022192.h28v08.061.2022195013048.hdf,VERIFIED_NO_HASH,"Valid Header, No Remote Checksum Available",251775,PASS (Structure Only)
MYD11A1.A2022193.h27v08.061.2022195040219.hdf,VERIFIED_NO_HASH,"Valid Header, No Remote Checksum Available",229317,PASS (Structure Only)
MYD11A1.A2022192.h29v08.061.2022195013125.hdf,VERIFIED_NO_HASH,"Valid Header, No Remote Checksum Available",557328,PASS (Structure Only)
MYD11A1.A2022210.h28v08.061.2022215190030.hdf,VERIFIED_NO_HASH,"Valid Header, No Remote Checksum Available",631404,PASS (Structure Only)
MYD11A1.A2022211.h28v08.061.2022215192824.hdf,VERIFIED_NO_HASH,"Valid Header, No Remote Checksum Available",439178,PASS (Structure Only)
MYD11A1.A2022210.h29v08.061.2022215190012.hdf,VERIFIED_NO_HASH,"Valid Header, No Remote Checksum Available",438815,PASS (Structure Only)
MYD11A1.A2022209.h28v08.061.2022210190659.hdf,VERIFIED_NO_HASH,"Valid Header, No Remote Checksum Available",681479,PASS (Structure Only)
MYD11A1.A2022205.h27v08.061.2022206185034.hdf,VERIFIED_NO_HASH,"Valid Header, No Remote Checksum Available",366697,PASS (Structure Only)
MYD11A1.A2022205.h29v08.061.2022206185002.hdf,VERIFIED_NO_HASH,"Valid Header, No Remote Checksum Available",648096,PASS (Structure Only)
MYD11A1.A2022208.h28v08.061.2022209201200.hdf,VERIFIED_NO_HASH,"Valid Header, No Remote Checksum Available",354871,PASS (Structure Only)
MYD11A1.A2022210.h27v08.061.2022215190034.hdf,VERIFIED_NO_HASH,"Valid Header, No Remote Checksum Available",643828,PASS (Structure Only)
MYD11A1.A2022203.h27v08.061.2022204181545.hdf,VERIFIED_NO_HASH,"Valid Header, No Remote Checksum Available",365651,PASS (Structure Only)
MYD11A1.A2022212.h27v08.061.2022215210722.hdf,VERIFIED_NO_HASH,"Valid Header, No Remote Checksum Available",627243,PASS (Structure Only)
MYD11A1.A2022213.h29v08.061.2022215212222.hdf,VERIFIED_NO_HASH,"Valid Header, No Remote Checksum Available",229298,PASS (Structure Only)
MYD11A1.A2022211.h29v08.061.2022215192820.hdf,VERIFIED_NO_HASH,"Valid Header, No Remote Checksum Available",369625,PASS (Structure Only)
MYD11A1.A2022206.h29v08.061.2022207182203.hdf,VERIFIED_NO_HASH,"Valid Header, No Remote Checksum Available",1104785,PASS (Structure Only)
MYD11A1.A2022214.h28v08.061.2022215222754.hdf,VERIFIED_NO_HASH,"Valid Header, No Remote Checksum Available",220708,PASS (Structure Only)
MYD11A1.A2022215.h29v08.061.2022216172712.hdf,VERIFIED_NO_HASH,"Valid Header, No Remote Checksum Available",969973,PASS (Structure Only)
MYD11A1.A2022212.h28v08.061.2022215210906.hdf,VERIFIED_NO_HASH,"Valid Header, No Remote Checksum Available",517556,PASS (Structure Only)
MYD11A1.A2022215.h28v08.061.2022216172318.hdf,VERIFIED_NO_HASH,"Valid Header, No Remote Checksum Available",224031,PASS (Structure Only)
MYD11A1.A2022216.h28v08.061.2022217174334.hdf,VERIFIED_NO_HASH,"Valid Header, No Remote Checksum Available",215360,PASS (Structure Only)
MYD11A1.A2022213.h28v08.061.2022215212138.hdf,VERIFIED_NO_HASH,"Valid Header, No Remote Checksum Available",218419,PASS (Structure Only)
MYD11A1.A2022208.h29v08.061.2022209201139.hdf,VERIFIED_NO_HASH,"Valid Header, No Remote Checksum Available",593359,PASS (Structure Only)
MYD11A1.A2022208.h27v08.061.2022209201120.hdf,VERIFIED_NO_HASH,"Valid Header, No Remote Checksum Available",376281,PASS (Structure Only)
MYD11A1.A2022209.h29v08.061.2022210190654.hdf,VERIFIED_NO_HASH,"Valid Header, No Remote Checksum Available",591992,PASS (Structure Only)
MYD11A1.A2022209.h27v08.061.2022210190722.hdf,VERIFIED_NO_HASH,"Valid Header, No Remote Checksum Available",262632,PASS (Structure Only)
MYD11A1.A2022207.h29v08.061.2022208180608.hdf,VERIFIED_NO_HASH,"Valid Header, No Remote Checksum Available",462518,PASS (Structure Only)
MYD11A1.A2022211.h27v08.061.2022215192525.hdf,VERIFIED_NO_HASH,"Valid Header, No Remote Checksum Available",234760,PASS (Structure Only)
MYD11A1.A2022201.h29v08.061.2022202181058.hdf,VERIFIED_NO_HASH,"Valid Header, No Remote Checksum Available",1857523,PASS (Structure Only)
MYD11A1.A2022216.h29v08.061.2022217174118.hdf,VERIFIED_NO_HASH,"Valid Header, No Remote Checksum Available",566739,PASS (Structure Only)
MYD11A1.A2022220.h27v08.061.2022221221205.hdf,VERIFIED_NO_HASH,"Valid Header, No Remote Checksum Available",400187,PASS (Structure Only)
MYD11A1.A2022216.h27v08.061.2022217174129.hdf,VERIFIED_NO_HASH,"Valid Header, No Remote Checksum Available",222598,PASS (Structure Only)
MYD11A1.A2022217.h29v08.061.2022218171938.hdf,VERIFIED_NO_HASH,"Valid Header, No Remote Checksum Available",341249,PASS (Structure Only)
MYD11A1.A2022218.h29v08.061.2022219172214.hdf,VERIFIED_NO_HASH,"Valid Header, No Remote Checksum Available",219812,PASS (Structure Only)
MYD11A1.A2022217.h28v08.061.2022218171803.hdf,VERIFIED_NO_HASH,"Valid Header, No Remote Checksum Available",224247,PASS (Structure Only)
MYD11A1.A2022212.h29v08.061.2022215210716.hdf,VERIFIED_NO_HASH,"Valid Header, No Remote Checksum Available",218208,PASS (Structure Only)
MYD11A1.A2022213.h27v08.061.2022215212134.hdf,VERIFIED_NO_HASH,"Valid Header, No Remote Checksum Available",226760,PASS (Structure Only)
MYD11A1.A2022222.h28v08.061.2022228192814.hdf,VERIFIED_NO_HASH,"Valid Header, No Remote Checksum Available",396790,PASS (Structure Only)
MYD11A1.A2022217.h27v08.061.2022218171823.hdf,VERIFIED_NO_HASH,"Valid Header, No Remote Checksum Available",241335,PASS (Structure Only)
MYD11A1.A2022219.h28v08.061.2022221165204.hdf,VERIFIED_NO_HASH,"Valid Header, No Remote Checksum Available",613145,PASS (Structure Only)
MYD11A1.A2022221.h27v08.061.2022228191529.hdf,VERIFIED_NO_HASH,"Valid Header, No Remote Checksum Available",703294,PASS (Structure Only)
MYD11A1.A2022221.h29v08.061.2022228191558.hdf,VERIFIED_NO_HASH,"Valid Header, No Remote Checksum Available",425097,PASS (Structure Only)
MYD11A1.A2022222.h29v08.061.2022228192828.hdf,VERIFIED_NO_HASH,"Valid Header, No Remote Checksum Available",920657,PASS (Structure Only)
MYD11A1.A2022218.h27v08.061.2022219172355.hdf,VERIFIED_NO_HASH,"Valid Header, No Remote Checksum Available",219413,PASS (Structure Only)
MYD11A1.A2022220.h28v08.061.2022221221400.hdf,VERIFIED_NO_HASH,"Valid Header, No Remote Checksum Available",571437,PASS (Structure Only)
MYD11A1.A2022221.h28v08.061.2022228191559.hdf,VERIFIED_NO_HASH,"Valid Header, No Remote Checksum Available",1115489,PASS (Structure Only)
MYD11A1.A2022219.h29v08.061.2022221165234.hdf,VERIFIED_NO_HASH,"Valid Header, No Remote Checksum Available",256191,PASS (Structure Only)
MYD11A1.A2022214.h29v08.061.2022215222800.hdf,VERIFIED_NO_HASH,"Valid Header, No Remote Checksum Available",460054,PASS (Structure Only)
MYD11A1.A2022215.h27v08.061.2022216172351.hdf,VERIFIED_NO_HASH,"Valid Header, No Remote Checksum Available",211406,PASS (Structure Only)
MYD11A1.A2022219.h27v08.061.2022221165031.hdf,VERIFIED_NO_HASH,"Valid Header, No Remote Checksum Available",871639,PASS (Structure Only)
MYD11A1.A2022218.h28v08.061.2022219172137.hdf,VERIFIED_NO_HASH,"Valid Header, No Remote Checksum Available",307504,PASS (Structure Only)
MYD11A1.A2022220.h29v08.061.2022221221402.hdf,VERIFIED_NO_HASH,"Valid Header, No Remote Checksum Available",1063780,PASS (Structure Only)
MYD11A1.A2022228.h29v08.061.2022232040400.hdf,VERIFIED_NO_HASH,"Valid Header, No Remote Checksum Available",369137,PASS (Structure Only)
MYD11A1.A2022223.h28v08.061.2022228204729.hdf,VERIFIED_NO_HASH,"Valid Header, No Remote Checksum Available",1175803,PASS (Structure Only)
MYD11A1.A2022222.h27v08.061.2022228192831.hdf,VERIFIED_NO_HASH,"Valid Header, No Remote Checksum Available",675169,PASS (Structure Only)
MYD11A1.A2022228.h28v08.061.2022232040402.hdf,VERIFIED_NO_HASH,"Valid Header, No Remote Checksum Available",717784,PASS (Structure Only)
MYD11A1.A2022223.h29v08.061.2022228204757.hdf,VERIFIED_NO_HASH,"Valid Header, No Remote Checksum Available",1007877,PASS (Structure Only)
MYD11A1.A2022229.h27v08.061.2022232041936.hdf,VERIFIED_NO_HASH,"Valid Header, No Remote Checksum Available",403793,PASS (Structure Only)
MYD11A1.A2022226.h28v08.061.2022231220420.hdf,VERIFIED_NO_HASH,"Valid Header, No Remote Checksum Available",938343,PASS (Structure Only)
MYD11A1.A2022225.h29v08.061.2022231215053.hdf,VERIFIED_NO_HASH,"Valid Header, No Remote Checksum Available",1005376,PASS (Structure Only)
MYD11A1.A2022224.h28v08.061.2022228210851.hdf,VERIFIED_NO_HASH,"Valid Header, No Remote Checksum Available",491038,PASS (Structure Only)
MYD11A1.A2022223.h27v08.061.2022228204731.hdf,VERIFIED_NO_HASH,"Valid Header, No Remote Checksum Available",586875,PASS (Structure Only)
MYD11A1.A2022224.h29v08.061.2022228210911.hdf,VERIFIED_NO_HASH,"Valid Header, No Remote Checksum Available",2013724,PASS (Structure Only)
MYD11A1.A2022224.h27v08.061.2022228210905.hdf,VERIFIED_NO_HASH,"Valid Header, No Remote Checksum Available",719177,PASS (Structure Only)
MYD11A1.A2022225.h27v08.061.2022231215139.hdf,VERIFIED_NO_HASH,"Valid Header, No Remote Checksum Available",505729,PASS (Structure Only)
MYD11A1.A2022225.h28v08.061.2022231215110.hdf,VERIFIED_NO_HASH,"Valid Header, No Remote Checksum Available",961745,PASS (Structure Only)
MYD11A1.A2022227.h27v08.061.2022232015536.hdf,VERIFIED_NO_HASH,"Valid Header, No Remote Checksum Available",259239,PASS (Structure Only)
MYD11A1.A2022226.h27v08.061.2022231221019.hdf,VERIFIED_NO_HASH,"Valid Header, No Remote Checksum Available",870280,PASS (Structure Only)
MYD11A1.A2022214.h27v08.061.2022215222814.hdf,VERIFIED_NO_HASH,"Valid Header, No Remote Checksum Available",221609,PASS (Structure Only)
MYD11A1.A2022226.h29v08.061.2022231220418.hdf,VERIFIED_NO_HASH,"Valid Header, No Remote Checksum Available",499723,PASS (Structure Only)
MYD11A1.A2022234.h29v08.061.2022236060104.hdf,VERIFIED_NO_HASH,"Valid Header, No Remote Checksum Available",666837,PASS (Structure Only)
MYD11A1.A2022229.h28v08.061.2022232041948.hdf,VERIFIED_NO_HASH,"Valid Header, No Remote Checksum Available",514622,PASS (Structure Only)
MYD11A1.A2022231.h27v08.061.2022234223430.hdf,VERIFIED_NO_HASH,"Valid Header, No Remote Checksum Available",651193,PASS (Structure Only)
MYD11A1.A2022232.h28v08.061.2022234232044.hdf,VERIFIED_NO_HASH,"Valid Header, No Remote Checksum Available",244160,PASS (Structure Only)
MYD11A1.A2022233.h28v08.061.2022235004822.hdf,VERIFIED_NO_HASH,"Valid Header, No Remote Checksum Available",259792,PASS (Structure Only)
MYD11A1.A2022232.h27v08.061.2022234232048.hdf,VERIFIED_NO_HASH,"Valid Header, No Remote Checksum Available",233141,PASS (Structure Only)
MYD11A1.A2022233.h27v08.061.2022235004803.hdf,VERIFIED_NO_HASH,"Valid Header, No Remote Checksum Available",220493,PASS (Structure Only)
MYD11A1.A2022234.h27v08.061.2022236060053.hdf,VERIFIED_NO_HASH,"Valid Header, No Remote Checksum Available",216656,PASS (Structure Only)
MYD11A1.A2022230.h27v08.061.2022232051725.hdf,VERIFIED_NO_HASH,"Valid Header, No Remote Checksum Available",760764,PASS (Structure Only)
MYD11A1.A2022235.h28v08.061.2022236191137.hdf,VERIFIED_NO_HASH,"Valid Header, No Remote Checksum Available",580452,PASS (Structure Only)
MYD11A1.A2022236.h28v08.061.2022238012208.hdf,VERIFIED_NO_HASH,"Valid Header, No Remote Checksum Available",306677,PASS (Structure Only)
MYD11A1.A2022235.h29v08.061.2022236191100.hdf,VERIFIED_NO_HASH,"Valid Header, No Remote Checksum Available",471310,PASS (Structure Only)
MYD11A1.A2022234.h28v08.061.2022236060046.hdf,VERIFIED_NO_HASH,"Valid Header, No Remote Checksum Available",322633,PASS (Structure Only)
MYD11A1.A2022232.h29v08.061.2022234232058.hdf,VERIFIED_NO_HASH,"Valid Header, No Remote Checksum Available",942649,PASS (Structure Only)
MYD11A1.A2022238.h27v08.061.2022239172851.hdf,VERIFIED_NO_HASH,"Valid Header, No Remote Checksum Available",214061,PASS (Structure Only)
MYD11A1.A2022237.h29v08.061.2022239003908.hdf,VERIFIED_NO_HASH,"Valid Header, No Remote Checksum Available",311971,PASS (Structure Only)
MYD11A1.A2022239.h27v08.061.2022240172851.hdf,VERIFIED_NO_HASH,"Valid Header, No Remote Checksum Available",215349,PASS (Structure Only)
MYD11A1.A2022238.h29v08.061.2022239172758.hdf,VERIFIED_NO_HASH,"Valid Header, No Remote Checksum Available",1341978,PASS (Structure Only)
MYD11A1.A2022239.h29v08.061.2022240172833.hdf,VERIFIED_NO_HASH,"Valid Header, No Remote Checksum Available",560125,PASS (Structure Only)
MYD11A1.A2022240.h27v08.061.2022241173859.hdf,VERIFIED_NO_HASH,"Valid Header, No Remote Checksum Available",330280,PASS (Structure Only)
MYD11A1.A2022233.h29v08.061.2022235004823.hdf,VERIFIED_NO_HASH,"Valid Header, No Remote Checksum Available",1118009,PASS (Structure Only)
MYD11A1.A2022240.h29v08.061.2022241173820.hdf,VERIFIED_NO_HASH,"Valid Header, No Remote Checksum Available",1038204,PASS (Structure Only)
MYD11A1.A2022237.h27v08.061.2022239003856.hdf,VERIFIED_NO_HASH,"Valid Header, No Remote Checksum Available",213304,PASS (Structure Only)
MYD11A1.A2022237.h28v08.061.2022239003847.hdf,VERIFIED_NO_HASH,"Valid Header, No Remote Checksum Available",303816,PASS (Structure Only)
MYD11A1.A2022230.h29v08.061.2022232051711.hdf,VERIFIED_NO_HASH,"Valid Header, No Remote Checksum Available",446126,PASS (Structure Only)
MYD11A1.A2022241.h29v08.061.2022244021620.hdf,VERIFIED_NO_HASH,"Valid Header, No Remote Checksum Available",862317,PASS (Structure Only)
MYD11A1.A2022230.h28v08.061.2022232051716.hdf,VERIFIED_NO_HASH,"Valid Header, No Remote Checksum Available",1090717,PASS (Structure Only)
MYD11A1.A2022235.h27v08.061.2022236191014.hdf,VERIFIED_NO_HASH,"Valid Header, No Remote Checksum Available",401377,PASS (Structure Only)
MYD11A1.A2022241.h28v08.061.2022244021731.hdf,VERIFIED_NO_HASH,"Valid Header, No Remote Checksum Available",330424,PASS (Structure Only)
MYD11A1.A2022241.h27v08.061.2022244021553.hdf,VERIFIED_NO_HASH,"Valid Header, No Remote Checksum Available",219203,PASS (Structure Only)
MYD11A1.A2022240.h28v08.061.2022241173802.hdf,VERIFIED_NO_HASH,"Valid Header, No Remote Checksum Available",301355,PASS (Structure Only)
MYD11A1.A2022242.h27v08.061.2022244050421.hdf,VERIFIED_NO_HASH,"Valid Header, No Remote Checksum Available",420660,PASS (Structure Only)
MYD11A1.A2022236.h29v08.061.2022238012209.hdf,VERIFIED_NO_HASH,"Valid Header, No Remote Checksum Available",925733,PASS (Structure Only)
MYD11A1.A2022236.h27v08.061.2022238012159.hdf,VERIFIED_NO_HASH,"Valid Header, No Remote Checksum Available",239051,PASS (Structure Only)
MYD11A1.A2022238.h28v08.061.2022239172905.hdf,VERIFIED_NO_HASH,"Valid Header, No Remote Checksum Available",223174,PASS (Structure Only)
MYD11A1.A2022239.h28v08.061.2022240172812.hdf,VERIFIED_NO_HASH,"Valid Header, No Remote Checksum Available",243171,PASS (Structure Only)
MYD11A1.A2022243.h29v08.061.2022245070256.hdf,VERIFIED_NO_HASH,"Valid Header, No Remote Checksum Available",528009,PASS (Structure Only)
MYD11A1.A2022244.h29v08.061.2022245180325.hdf,VERIFIED_NO_HASH,"Valid Header, No Remote Checksum Available",392474,PASS (Structure Only)
MYD11A1.A2022228.h27v08.061.2022232040401.hdf,VERIFIED_NO_HASH,"Valid Header, No Remote Checksum Available",404972,PASS (Structure Only)
MYD11A1.A2022229.h29v08.061.2022232042020.hdf,VERIFIED_NO_HASH,"Valid Header, No Remote Checksum Available",1136691,PASS (Structure Only)
MYD11A1.A2022246.h27v08.061.2022247183209.hdf,VERIFIED_NO_HASH,"Valid Header, No Remote Checksum Available",246512,PASS (Structure Only)
MYD11A1.A2022244.h28v08.061.2022245180305.hdf,VERIFIED_NO_HASH,"Valid Header, No Remote Checksum Available",859067,PASS (Structure Only)
MYD11A1.A2022231.h28v08.061.2022234223421.hdf,VERIFIED_NO_HASH,"Valid Header, No Remote Checksum Available",447869,PASS (Structure Only)
MYD11A1.A2022231.h29v08.061.2022234223529.hdf,VERIFIED_NO_HASH,"Valid Header, No Remote Checksum Available",1700384,PASS (Structure Only)
MYD11A1.A2022242.h28v08.061.2022244050417.hdf,VERIFIED_NO_HASH,"Valid Header, No Remote Checksum Available",485354,PASS (Structure Only)
MYD11A1.A2022245.h28v08.061.2022247091018.hdf,VERIFIED_NO_HASH,"Valid Header, No Remote Checksum Available",229635,PASS (Structure Only)
MYD11A1.A2022246.h28v08.061.2022247183211.hdf,VERIFIED_NO_HASH,"Valid Header, No Remote Checksum Available",389084,PASS (Structure Only)
MYD11A1.A2022246.h29v08.061.2022247183206.hdf,VERIFIED_NO_HASH,"Valid Header, No Remote Checksum Available",217221,PASS (Structure Only)
MYD11A1.A2022242.h29v08.061.2022244050446.hdf,VERIFIED_NO_HASH,"Valid Header, No Remote Checksum Available",256382,PASS (Structure Only)
MYD11A1.A2022249.h27v08.061.2022250185636.hdf,VERIFIED_NO_HASH,"Valid Header, No Remote Checksum Available",336892,PASS (Structure Only)
MYD11A1.A2022249.h29v08.061.2022250185625.hdf,VERIFIED_NO_HASH,"Valid Header, No Remote Checksum Available",245575,PASS (Structure Only)
MYD11A1.A2022250.h27v08.061.2022251185755.hdf,VERIFIED_NO_HASH,"Valid Header, No Remote Checksum Available",219952,PASS (Structure Only)
MYD11A1.A2022243.h28v08.061.2022245070254.hdf,VERIFIED_NO_HASH,"Valid Header, No Remote Checksum Available",349474,PASS (Structure Only)
MYD11A1.A2022248.h27v08.061.2022249183200.hdf,VERIFIED_NO_HASH,"Valid Header, No Remote Checksum Available",218846,PASS (Structure Only)
MYD11A1.A2022248.h29v08.061.2022249183146.hdf,VERIFIED_NO_HASH,"Valid Header, No Remote Checksum Available",217910,PASS (Structure Only)
MYD11A1.A2022247.h29v08.061.2022248170607.hdf,VERIFIED_NO_HASH,"Valid Header, No Remote Checksum Available",219893,PASS (Structure Only)
MYD11A1.A2022248.h28v08.061.2022249183146.hdf,VERIFIED_NO_HASH,"Valid Header, No Remote Checksum Available",228957,PASS (Structure Only)
MYD11A1.A2022250.h29v08.061.2022251185759.hdf,VERIFIED_NO_HASH,"Valid Header, No Remote Checksum Available",632040,PASS (Structure Only)
MYD11A1.A2022252.h29v08.061.2022253235842.hdf,VERIFIED_NO_HASH,"Valid Header, No Remote Checksum Available",538094,PASS (Structure Only)
MYD11A1.A2022252.h27v08.061.2022253235902.hdf,VERIFIED_NO_HASH,"Valid Header, No Remote Checksum Available",474083,PASS (Structure Only)
MYD11A1.A2022252.h28v08.061.2022253235857.hdf,VERIFIED_NO_HASH,"Valid Header, No Remote Checksum Available",227371,PASS (Structure Only)
MYD11A1.A2022253.h29v08.061.2022256073742.hdf,VERIFIED_NO_HASH,"Valid Header, No Remote Checksum Available",278101,PASS (Structure Only)
MYD11A1.A2022251.h27v08.061.2022252193755.hdf,VERIFIED_NO_HASH,"Valid Header, No Remote Checksum Available",277711,PASS (Structure Only)
MYD11A1.A2022251.h29v08.061.2022252193754.hdf,VERIFIED_NO_HASH,"Valid Header, No Remote Checksum Available",246882,PASS (Structure Only)
MYD11A1.A2022243.h27v08.061.2022245070222.hdf,VERIFIED_NO_HASH,"Valid Header, No Remote Checksum Available",224000,PASS (Structure Only)
MYD11A1.A2022245.h27v08.061.2022247090946.hdf,VERIFIED_NO_HASH,"Valid Header, No Remote Checksum Available",288624,PASS (Structure Only)
MYD11A1.A2022244.h27v08.061.2022245180257.hdf,VERIFIED_NO_HASH,"Valid Header, No Remote Checksum Available",513223,PASS (Structure Only)
MYD11A1.A2022255.h28v08.061.2022257212419.hdf,VERIFIED_NO_HASH,"Valid Header, No Remote Checksum Available",879797,PASS (Structure Only)
MYD11A1.A2022255.h29v08.061.2022257212449.hdf,VERIFIED_NO_HASH,"Valid Header, No Remote Checksum Available",946403,PASS (Structure Only)
MYD11A1.A2022250.h28v08.061.2022251185756.hdf,VERIFIED_NO_HASH,"Valid Header, No Remote Checksum Available",264251,PASS (Structure Only)
MYD11A1.A2022253.h27v08.061.2022256073803.hdf,VERIFIED_NO_HASH,"Valid Header, No Remote Checksum Available",441856,PASS (Structure Only)
MYD11A1.A2022254.h27v08.061.2022256090601.hdf,VERIFIED_NO_HASH,"Valid Header, No Remote Checksum Available",300575,PASS (Structure Only)
MYD11A1.A2022255.h27v08.061.2022257212427.hdf,VERIFIED_NO_HASH,"Valid Header, No Remote Checksum Available",324280,PASS (Structure Only)
MYD11A1.A2022257.h28v08.061.2022259214003.hdf,VERIFIED_NO_HASH,"Valid Header, No Remote Checksum Available",233392,PASS (Structure Only)
MYD11A1.A2022251.h28v08.061.2022252193844.hdf,VERIFIED_NO_HASH,"Valid Header, No Remote Checksum Available",254295,PASS (Structure Only)
MYD11A1.A2022257.h27v08.061.2022259214240.hdf,VERIFIED_NO_HASH,"Valid Header, No Remote Checksum Available",250864,PASS (Structure Only)
MYD11A1.A2022254.h28v08.061.2022256090545.hdf,VERIFIED_NO_HASH,"Valid Header, No Remote Checksum Available",225548,PASS (Structure Only)
MYD11A1.A2022256.h29v08.061.2022258050910.hdf,VERIFIED_NO_HASH,"Valid Header, No Remote Checksum Available",1148620,PASS (Structure Only)
MYD11A1.A2022247.h27v08.061.2022248170546.hdf,VERIFIED_NO_HASH,"Valid Header, No Remote Checksum Available",430841,PASS (Structure Only)
MYD11A1.A2022227.h28v08.061.2022232015558.hdf,VERIFIED_NO_HASH,"Valid Header, No Remote Checksum Available",602278,PASS (Structure Only)
MYD11A1.A2022227.h29v08.061.2022232015639.hdf,VERIFIED_NO_HASH,"Valid Header, No Remote Checksum Available",1161587,PASS (Structure Only)
MYD11A1.A2022258.h29v08.061.2022259214413.hdf,VERIFIED_NO_HASH,"Valid Header, No Remote Checksum Available",280126,PASS (Structure Only)
MYD11A1.A2022258.h28v08.061.2022259214310.hdf,VERIFIED_NO_HASH,"Valid Header, No Remote Checksum Available",595992,PASS (Structure Only)
MYD11A1.A2022253.h28v08.061.2022256073759.hdf,VERIFIED_NO_HASH,"Valid Header, No Remote Checksum Available",506564,PASS (Structure Only)
MYD11A1.A2022254.h29v08.061.2022256090534.hdf,VERIFIED_NO_HASH,"Valid Header, No Remote Checksum Available",575860,PASS (Structure Only)
MYD11A1.A2022245.h29v08.061.2022247091013.hdf,VERIFIED_NO_HASH,"Valid Header, No Remote Checksum Available",544421,PASS (Structure Only)
MYD11A1.A2022247.h28v08.061.2022248170554.hdf,VERIFIED_NO_HASH,"Valid Header, No Remote Checksum Available",295078,PASS (Structure Only)
MYD11A1.A2022256.h27v08.061.2022258050939.hdf,VERIFIED_NO_HASH,"Valid Header, No Remote Checksum Available",415318,PASS (Structure Only)
MYD11A1.A2022256.h28v08.061.2022258050830.hdf,VERIFIED_NO_HASH,"Valid Header, No Remote Checksum Available",461420,PASS (Structure Only)
MYD11A1.A2022257.h29v08.061.2022259214037.hdf,VERIFIED_NO_HASH,"Valid Header, No Remote Checksum Available",658838,PASS (Structure Only)
MYD11A1.A2022249.h28v08.061.2022250185630.hdf,VERIFIED_NO_HASH,"Valid Header, No Remote Checksum Available",405430,PASS (Structure Only)
MYD11A1.A2022262.h28v08.061.2022263233010.hdf,VERIFIED_NO_HASH,"Valid Header, No Remote Checksum Available",298664,PASS (Structure Only)
MYD11A1.A2022262.h27v08.061.2022263233013.hdf,VERIFIED_NO_HASH,"Valid Header, No Remote Checksum Available",248767,PASS (Structure Only)
MYD11A1.A2022264.h29v08.061.2022265183643.hdf,VERIFIED_NO_HASH,"Valid Header, No Remote Checksum Available",310955,PASS (Structure Only)
MYD11A1.A2022264.h28v08.061.2022265183646.hdf,VERIFIED_NO_HASH,"Valid Header, No Remote Checksum Available",405433,PASS (Structure Only)
MYD11A1.A2022258.h27v08.061.2022259215208.hdf,VERIFIED_NO_HASH,"Valid Header, No Remote Checksum Available",536764,PASS (Structure Only)
MYD11A1.A2022259.h28v08.061.2022261160227.hdf,VERIFIED_NO_HASH,"Valid Header, No Remote Checksum Available",282835,PASS (Structure Only)
MYD11A1.A2022260.h29v08.061.2022263213524.hdf,VERIFIED_NO_HASH,"Valid Header, No Remote Checksum Available",321898,PASS (Structure Only)
MYD11A1.A2022260.h28v08.061.2022263213513.hdf,VERIFIED_NO_HASH,"Valid Header, No Remote Checksum Available",348167,PASS (Structure Only)
MYD11A1.A2022261.h28v08.061.2022263214653.hdf,VERIFIED_NO_HASH,"Valid Header, No Remote Checksum Available",222492,PASS (Structure Only)
MYD11A1.A2022264.h27v08.061.2022265183638.hdf,VERIFIED_NO_HASH,"Valid Header, No Remote Checksum Available",223263,PASS (Structure Only)
MYD11A1.A2022263.h28v08.061.2022264225958.hdf,VERIFIED_NO_HASH,"Valid Header, No Remote Checksum Available",249076,PASS (Structure Only)
MYD11A1.A2022266.h27v08.061.2022272193833.hdf,VERIFIED_NO_HASH,"Valid Header, No Remote Checksum Available",252417,PASS (Structure Only)
MYD11A1.A2022260.h27v08.061.2022263213511.hdf,VERIFIED_NO_HASH,"Valid Header, No Remote Checksum Available",472303,PASS (Structure Only)
MYD11A1.A2022261.h27v08.061.2022263214617.hdf,VERIFIED_NO_HASH,"Valid Header, No Remote Checksum Available",265258,PASS (Structure Only)
MYD11A1.A2022261.h29v08.061.2022263214620.hdf,VERIFIED_NO_HASH,"Valid Header, No Remote Checksum Available",1136162,PASS (Structure Only)
MYD11A1.A2022265.h29v08.061.2022272192440.hdf,VERIFIED_NO_HASH,"Valid Header, No Remote Checksum Available",591332,PASS (Structure Only)
MYD11A1.A2022266.h29v08.061.2022272193827.hdf,VERIFIED_NO_HASH,"Valid Header, No Remote Checksum Available",743039,PASS (Structure Only)
MYD11A1.A2022263.h29v08.061.2022264230008.hdf,VERIFIED_NO_HASH,"Valid Header, No Remote Checksum Available",753978,PASS (Structure Only)
MYD11A1.A2022262.h29v08.061.2022263233043.hdf,VERIFIED_NO_HASH,"Valid Header, No Remote Checksum Available",464834,PASS (Structure Only)
MYD11A1.A2022263.h27v08.061.2022264225938.hdf,VERIFIED_NO_HASH,"Valid Header, No Remote Checksum Available",395935,PASS (Structure Only)
MYD11A1.A2022265.h28v08.061.2022272192449.hdf,VERIFIED_NO_HASH,"Valid Header, No Remote Checksum Available",499545,PASS (Structure Only)
MYD11A1.A2022265.h27v08.061.2022272192407.hdf,VERIFIED_NO_HASH,"Valid Header, No Remote Checksum Available",274016,PASS (Structure Only)
MYD11A1.A2022259.h29v08.061.2022261160250.hdf,VERIFIED_NO_HASH,"Valid Header, No Remote Checksum Available",732056,PASS (Structure Only)
MYD11A1.A2022259.h27v08.061.2022261160221.hdf,VERIFIED_NO_HASH,"Valid Header, No Remote Checksum Available",346380,PASS (Structure Only)
MYD11A1.A2022266.h28v08.061.2022272193834.hdf,VERIFIED_NO_HASH,"Valid Header, No Remote Checksum Available",370570,PASS (Structure Only)
MYD11A1.A2022267.h27v08.061.2022272210759.hdf,VERIFIED_NO_HASH,"Valid Header, No Remote Checksum Available",333442,PASS (Structure Only)
MYD11A1.A2022270.h27v08.061.2022272224736.hdf,VERIFIED_NO_HASH,"Valid Header, No Remote Checksum Available",248311,PASS (Structure Only)
MYD11A1.A2022268.h27v08.061.2022272211431.hdf,VERIFIED_NO_HASH,"Valid Header, No Remote Checksum Available",274592,PASS (Structure Only)
MYD11A1.A2022267.h29v08.061.2022272210832.hdf,VERIFIED_NO_HASH,"Valid Header, No Remote Checksum Available",335365,PASS (Structure Only)
MYD11A1.A2022271.h27v08.061.2022272234508.hdf,VERIFIED_NO_HASH,"Valid Header, No Remote Checksum Available",221036,PASS (Structure Only)
MYD11A1.A2022269.h27v08.061.2022272223112.hdf,VERIFIED_NO_HASH,"Valid Header, No Remote Checksum Available",382342,PASS (Structure Only)
MYD11A1.A2022267.h28v08.061.2022272210810.hdf,VERIFIED_NO_HASH,"Valid Header, No Remote Checksum Available",641059,PASS (Structure Only)
MYD11A1.A2022273.h28v08.061.2022274184501.hdf,VERIFIED_NO_HASH,"Valid Header, No Remote Checksum Available",261635,PASS (Structure Only)
MYD11A1.A2022273.h27v08.061.2022274184516.hdf,VERIFIED_NO_HASH,"Valid Header, No Remote Checksum Available",223164,PASS (Structure Only)
MYD11A1.A2022269.h29v08.061.2022272223127.hdf,VERIFIED_NO_HASH,"Valid Header, No Remote Checksum Available",273897,PASS (Structure Only)
MYD11A1.A2022270.h29v08.061.2022272224804.hdf,VERIFIED_NO_HASH,"Valid Header, No Remote Checksum Available",526234,PASS (Structure Only)
MYD11A1.A2022271.h29v08.061.2022272234613.hdf,VERIFIED_NO_HASH,"Valid Header, No Remote Checksum Available",549069,PASS (Structure Only)
MYD11A1.A2022272.h28v08.061.2022273184306.hdf,VERIFIED_NO_HASH,"Valid Header, No Remote Checksum Available",249686,PASS (Structure Only)
MYD11A1.A2022272.h27v08.061.2022273184306.hdf,VERIFIED_NO_HASH,"Valid Header, No Remote Checksum Available",217609,PASS (Structure Only)
MYD11A1.A2022276.h27v08.061.2022277183352.hdf,VERIFIED_NO_HASH,"Valid Header, No Remote Checksum Available",220528,PASS (Structure Only)
MYD11A1.A2022276.h29v08.061.2022277183413.hdf,VERIFIED_NO_HASH,"Valid Header, No Remote Checksum Available",282946,PASS (Structure Only)
MYD11A1.A2022276.h28v08.061.2022277183350.hdf,VERIFIED_NO_HASH,"Valid Header, No Remote Checksum Available",287274,PASS (Structure Only)
MYD11A1.A2022277.h27v08.061.2022278181325.hdf,VERIFIED_NO_HASH,"Valid Header, No Remote Checksum Available",303450,PASS (Structure Only)
MYD11A1.A2022277.h29v08.061.2022278181313.hdf,VERIFIED_NO_HASH,"Valid Header, No Remote Checksum Available",948398,PASS (Structure Only)
MYD11A1.A2022274.h29v08.061.2022275181737.hdf,VERIFIED_NO_HASH,"Valid Header, No Remote Checksum Available",742658,PASS (Structure Only)
MYD11A1.A2022272.h29v08.061.2022273184306.hdf,VERIFIED_NO_HASH,"Valid Header, No Remote Checksum Available",360963,PASS (Structure Only)
MYD11A1.A2022270.h28v08.061.2022272224728.hdf,VERIFIED_NO_HASH,"Valid Header, No Remote Checksum Available",296732,PASS (Structure Only)
MYD11A1.A2022271.h28v08.061.2022272234521.hdf,VERIFIED_NO_HASH,"Valid Header, No Remote Checksum Available",249198,PASS (Structure Only)
MYD11A1.A2022277.h28v08.061.2022278181327.hdf,VERIFIED_NO_HASH,"Valid Header, No Remote Checksum Available",269336,PASS (Structure Only)
MYD11A1.A2022278.h29v08.061.2022279202514.hdf,VERIFIED_NO_HASH,"Valid Header, No Remote Checksum Available",272720,PASS (Structure Only)
MYD11A1.A2022275.h29v08.061.2022276182609.hdf,VERIFIED_NO_HASH,"Valid Header, No Remote Checksum Available",690171,PASS (Structure Only)
MYD11A1.A2022273.h29v08.061.2022274184538.hdf,VERIFIED_NO_HASH,"Valid Header, No Remote Checksum Available",1372196,PASS (Structure Only)
MYD11A1.A2022278.h27v08.061.2022279202512.hdf,VERIFIED_NO_HASH,"Valid Header, No Remote Checksum Available",219487,PASS (Structure Only)
MYD11A1.A2022274.h28v08.061.2022275181721.hdf,VERIFIED_NO_HASH,"Valid Header, No Remote Checksum Available",367201,PASS (Structure Only)
MYD11A1.A2022275.h28v08.061.2022276182612.hdf,VERIFIED_NO_HASH,"Valid Header, No Remote Checksum Available",218995,PASS (Structure Only)
MYD11A1.A2022278.h28v08.061.2022279202515.hdf,VERIFIED_NO_HASH,"Valid Header, No Remote Checksum Available",268721,PASS (Structure Only)
MYD11A1.A2022279.h28v08.061.2022280190717.hdf,VERIFIED_NO_HASH,"Valid Header, No Remote Checksum Available",226657,PASS (Structure Only)
MYD11A1.A2022279.h29v08.061.2022280190748.hdf,VERIFIED_NO_HASH,"Valid Header, No Remote Checksum Available",455043,PASS (Structure Only)
MYD11A1.A2022280.h27v08.061.2022281172230.hdf,VERIFIED_NO_HASH,"Valid Header, No Remote Checksum Available",216656,PASS (Structure Only)
MYD11A1.A2022280.h28v08.061.2022281172213.hdf,VERIFIED_NO_HASH,"Valid Header, No Remote Checksum Available",219436,PASS (Structure Only)
MYD11A1.A2022280.h29v08.061.2022281172244.hdf,VERIFIED_NO_HASH,"Valid Header, No Remote Checksum Available",458919,PASS (Structure Only)
MYD11A1.A2022282.h28v08.061.2022284183143.hdf,VERIFIED_NO_HASH,"Valid Header, No Remote Checksum Available",219459,PASS (Structure Only)
MYD11A1.A2022283.h27v08.061.2022285205734.hdf,VERIFIED_NO_HASH,"Valid Header, No Remote Checksum Available",300653,PASS (Structure Only)
MYD11A1.A2022282.h27v08.061.2022284183119.hdf,VERIFIED_NO_HASH,"Valid Header, No Remote Checksum Available",226048,PASS (Structure Only)
MYD11A1.A2022283.h29v08.061.2022285205815.hdf,VERIFIED_NO_HASH,"Valid Header, No Remote Checksum Available",231892,PASS (Structure Only)
MYD11A1.A2022285.h29v08.061.2022286215844.hdf,VERIFIED_NO_HASH,"Valid Header, No Remote Checksum Available",257068,PASS (Structure Only)
MYD11A1.A2022282.h29v08.061.2022284183155.hdf,VERIFIED_NO_HASH,"Valid Header, No Remote Checksum Available",253546,PASS (Structure Only)
MYD11A1.A2022284.h29v08.061.2022286215221.hdf,VERIFIED_NO_HASH,"Valid Header, No Remote Checksum Available",378638,PASS (Structure Only)
MYD11A1.A2022284.h27v08.061.2022286215158.hdf,VERIFIED_NO_HASH,"Valid Header, No Remote Checksum Available",343696,PASS (Structure Only)
MYD11A1.A2022287.h27v08.061.2022288184216.hdf,VERIFIED_NO_HASH,"Valid Header, No Remote Checksum Available",218846,PASS (Structure Only)
MYD11A1.A2022287.h28v08.061.2022288184251.hdf,VERIFIED_NO_HASH,"Valid Header, No Remote Checksum Available",273555,PASS (Structure Only)
MYD11A1.A2022281.h27v08.061.2022284182416.hdf,VERIFIED_NO_HASH,"Valid Header, No Remote Checksum Available",297995,PASS (Structure Only)
MYD11A1.A2022285.h28v08.061.2022286215815.hdf,VERIFIED_NO_HASH,"Valid Header, No Remote Checksum Available",242507,PASS (Structure Only)
MYD11A1.A2022281.h28v08.061.2022284182449.hdf,VERIFIED_NO_HASH,"Valid Header, No Remote Checksum Available",222245,PASS (Structure Only)
MYD11A1.A2022279.h27v08.061.2022280190719.hdf,VERIFIED_NO_HASH,"Valid Header, No Remote Checksum Available",230882,PASS (Structure Only)
MYD11A1.A2022284.h28v08.061.2022286215230.hdf,VERIFIED_NO_HASH,"Valid Header, No Remote Checksum Available",298033,PASS (Structure Only)
MYD11A1.A2022285.h27v08.061.2022286215817.hdf,VERIFIED_NO_HASH,"Valid Header, No Remote Checksum Available",269944,PASS (Structure Only)
MYD11A1.A2022289.h27v08.061.2022290214853.hdf,VERIFIED_NO_HASH,"Valid Header, No Remote Checksum Available",217208,PASS (Structure Only)
MYD11A1.A2022288.h27v08.061.2022290053453.hdf,VERIFIED_NO_HASH,"Valid Header, No Remote Checksum Available",255184,PASS (Structure Only)
MYD11A1.A2022289.h29v08.061.2022290214922.hdf,VERIFIED_NO_HASH,"Valid Header, No Remote Checksum Available",610968,PASS (Structure Only)
MYD11A1.A2022290.h29v08.061.2022291185628.hdf,VERIFIED_NO_HASH,"Valid Header, No Remote Checksum Available",248186,PASS (Structure Only)
MYD11A1.A2022290.h28v08.061.2022291185635.hdf,VERIFIED_NO_HASH,"Valid Header, No Remote Checksum Available",334950,PASS (Structure Only)
MYD11A1.A2022289.h28v08.061.2022290214856.hdf,VERIFIED_NO_HASH,"Valid Header, No Remote Checksum Available",237548,PASS (Structure Only)
MYD11A1.A2022290.h27v08.061.2022291185628.hdf,VERIFIED_NO_HASH,"Valid Header, No Remote Checksum Available",273935,PASS (Structure Only)
MYD11A1.A2022291.h28v08.061.2022293005702.hdf,VERIFIED_NO_HASH,"Valid Header, No Remote Checksum Available",246741,PASS (Structure Only)
MYD11A1.A2022287.h29v08.061.2022288184254.hdf,VERIFIED_NO_HASH,"Valid Header, No Remote Checksum Available",344193,PASS (Structure Only)
MYD11A1.A2022288.h28v08.061.2022290053452.hdf,VERIFIED_NO_HASH,"Valid Header, No Remote Checksum Available",579859,PASS (Structure Only)
MYD11A1.A2022286.h29v08.061.2022287200753.hdf,VERIFIED_NO_HASH,"Valid Header, No Remote Checksum Available",258570,PASS (Structure Only)
MYD11A1.A2022291.h27v08.061.2022293005705.hdf,VERIFIED_NO_HASH,"Valid Header, No Remote Checksum Available",267786,PASS (Structure Only)
MYD11A1.A2022292.h28v08.061.2022293224836.hdf,VERIFIED_NO_HASH,"Valid Header, No Remote Checksum Available",284092,PASS (Structure Only)
MYD11A1.A2022292.h29v08.061.2022293224841.hdf,VERIFIED_NO_HASH,"Valid Header, No Remote Checksum Available",223461,PASS (Structure Only)
MYD11A1.A2022293.h28v08.061.2022300144617.hdf,VERIFIED_NO_HASH,"Valid Header, No Remote Checksum Available",306559,PASS (Structure Only)
MYD11A1.A2022294.h28v08.061.2022300164824.hdf,VERIFIED_NO_HASH,"Valid Header, No Remote Checksum Available",241341,PASS (Structure Only)
MYD11A1.A2022294.h29v08.061.2022300164828.hdf,VERIFIED_NO_HASH,"Valid Header, No Remote Checksum Available",308776,PASS (Structure Only)
MYD11A1.A2022286.h27v08.061.2022287200716.hdf,VERIFIED_NO_HASH,"Valid Header, No Remote Checksum Available",315335,PASS (Structure Only)
MYD11A1.A2022295.h29v08.061.2022300175308.hdf,VERIFIED_NO_HASH,"Valid Header, No Remote Checksum Available",298408,PASS (Structure Only)
MYD11A1.A2022293.h29v08.061.2022300154547.hdf,VERIFIED_NO_HASH,"Valid Header, No Remote Checksum Available",462456,PASS (Structure Only)
MYD11A1.A2022292.h27v08.061.2022293224804.hdf,VERIFIED_NO_HASH,"Valid Header, No Remote Checksum Available",216492,PASS (Structure Only)
MYD11A1.A2022296.h27v08.061.2022300190353.hdf,VERIFIED_NO_HASH,"Valid Header, No Remote Checksum Available",230354,PASS (Structure Only)
MYD11A1.A2022295.h28v08.061.2022300175317.hdf,VERIFIED_NO_HASH,"Valid Header, No Remote Checksum Available",345843,PASS (Structure Only)
MYD11A1.A2022291.h29v08.061.2022293005747.hdf,VERIFIED_NO_HASH,"Valid Header, No Remote Checksum Available",244776,PASS (Structure Only)
MYD11A1.A2022274.h27v08.061.2022275181723.hdf,VERIFIED_NO_HASH,"Valid Header, No Remote Checksum Available",263581,PASS (Structure Only)
MYD11A1.A2022275.h27v08.061.2022276182555.hdf,VERIFIED_NO_HASH,"Valid Header, No Remote Checksum Available",217038,PASS (Structure Only)
MYD11A1.A2022298.h28v08.061.2022305021037.hdf,VERIFIED_NO_HASH,"Valid Header, No Remote Checksum Available",221259,PASS (Structure Only)
MYD11A1.A2022297.h28v08.061.2022300200529.hdf,VERIFIED_NO_HASH,"Valid Header, No Remote Checksum Available",224861,PASS (Structure Only)
MYD11A1.A2022296.h29v08.061.2022300190450.hdf,VERIFIED_NO_HASH,"Valid Header, No Remote Checksum Available",622619,PASS (Structure Only)
MYD11A1.A2022297.h29v08.061.2022300200506.hdf,VERIFIED_NO_HASH,"Valid Header, No Remote Checksum Available",228069,PASS (Structure Only)
MYD11A1.A2022294.h27v08.061.2022300164827.hdf,VERIFIED_NO_HASH,"Valid Header, No Remote Checksum Available",218844,PASS (Structure Only)
MYD11A1.A2022295.h27v08.061.2022300175228.hdf,VERIFIED_NO_HASH,"Valid Header, No Remote Checksum Available",267438,PASS (Structure Only)
MYD11A1.A2022299.h28v08.061.2022305045107.hdf,VERIFIED_NO_HASH,"Valid Header, No Remote Checksum Available",238827,PASS (Structure Only)
MYD11A1.A2022299.h29v08.061.2022305045103.hdf,VERIFIED_NO_HASH,"Valid Header, No Remote Checksum Available",317583,PASS (Structure Only)
MYD11A1.A2022298.h27v08.061.2022305020956.hdf,VERIFIED_NO_HASH,"Valid Header, No Remote Checksum Available",250915,PASS (Structure Only)
MYD11A1.A2022301.h27v08.061.2022305061054.hdf,VERIFIED_NO_HASH,"Valid Header, No Remote Checksum Available",220240,PASS (Structure Only)
MYD11A1.A2022301.h28v08.061.2022305061054.hdf,VERIFIED_NO_HASH,"Valid Header, No Remote Checksum Available",236642,PASS (Structure Only)
MYD11A1.A2022293.h27v08.061.2022300144537.hdf,VERIFIED_NO_HASH,"Valid Header, No Remote Checksum Available",218881,PASS (Structure Only)
MYD11A1.A2022301.h29v08.061.2022305061125.hdf,VERIFIED_NO_HASH,"Valid Header, No Remote Checksum Available",245651,PASS (Structure Only)
MYD11A1.A2022298.h29v08.061.2022305021028.hdf,VERIFIED_NO_HASH,"Valid Header, No Remote Checksum Available",692878,PASS (Structure Only)
MYD11A1.A2022302.h27v08.061.2022305082002.hdf,VERIFIED_NO_HASH,"Valid Header, No Remote Checksum Available",446345,PASS (Structure Only)
MYD11A1.A2022288.h29v08.061.2022290053522.hdf,VERIFIED_NO_HASH,"Valid Header, No Remote Checksum Available",343029,PASS (Structure Only)
MYD11A1.A2022296.h28v08.061.2022300190440.hdf,VERIFIED_NO_HASH,"Valid Header, No Remote Checksum Available",242660,PASS (Structure Only)
MYD11A1.A2022297.h27v08.061.2022300200524.hdf,VERIFIED_NO_HASH,"Valid Header, No Remote Checksum Available",220946,PASS (Structure Only)
MYD11A1.A2022286.h28v08.061.2022287200715.hdf,VERIFIED_NO_HASH,"Valid Header, No Remote Checksum Available",299894,PASS (Structure Only)
MYD11A1.A2022304.h27v08.061.2022306023051.hdf,VERIFIED_NO_HASH,"Valid Header, No Remote Checksum Available",220074,PASS (Structure Only)
MYD11A1.A2022304.h29v08.061.2022306023124.hdf,VERIFIED_NO_HASH,"Valid Header, No Remote Checksum Available",306613,PASS (Structure Only)
MYD11A1.A2022304.h28v08.061.2022306023128.hdf,VERIFIED_NO_HASH,"Valid Header, No Remote Checksum Available",222356,PASS (Structure Only)
MYD11A1.A2022305.h28v08.061.2022306222728.hdf,VERIFIED_NO_HASH,"Valid Header, No Remote Checksum Available",223973,PASS (Structure Only)
MYD11A1.A2022299.h27v08.061.2022305045027.hdf,VERIFIED_NO_HASH,"Valid Header, No Remote Checksum Available",215979,PASS (Structure Only)
MYD11A1.A2022300.h29v08.061.2022305055805.hdf,VERIFIED_NO_HASH,"Valid Header, No Remote Checksum Available",217298,PASS (Structure Only)
MYD11A1.A2022300.h28v08.061.2022305055724.hdf,VERIFIED_NO_HASH,"Valid Header, No Remote Checksum Available",269778,PASS (Structure Only)
MYD11A1.A2022300.h27v08.061.2022305055719.hdf,VERIFIED_NO_HASH,"Valid Header, No Remote Checksum Available",239924,PASS (Structure Only)
MYD11A1.A2022269.h28v08.061.2022272223150.hdf,VERIFIED_NO_HASH,"Valid Header, No Remote Checksum Available",443716,PASS (Structure Only)
MYD11A1.A2022268.h29v08.061.2022272211412.hdf,VERIFIED_NO_HASH,"Valid Header, No Remote Checksum Available",461761,PASS (Structure Only)
MYD11A1.A2022281.h29v08.061.2022284182442.hdf,VERIFIED_NO_HASH,"Valid Header, No Remote Checksum Available",507066,PASS (Structure Only)
MYD11A1.A2022305.h29v08.061.2022306222730.hdf,VERIFIED_NO_HASH,"Valid Header, No Remote Checksum Available",217913,PASS (Structure Only)
MYD11A1.A2022306.h29v08.061.2022308170336.hdf,VERIFIED_NO_HASH,"Valid Header, No Remote Checksum Available",239136,PASS (Structure Only)
MYD11A1.A2022306.h27v08.061.2022308170318.hdf,VERIFIED_NO_HASH,"Valid Header, No Remote Checksum Available",329899,PASS (Structure Only)
MYD11A1.A2022302.h29v08.061.2022305082041.hdf,VERIFIED_NO_HASH,"Valid Header, No Remote Checksum Available",257543,PASS (Structure Only)
MYD11A1.A2022303.h27v08.061.2022305083720.hdf,VERIFIED_NO_HASH,"Valid Header, No Remote Checksum Available",221306,PASS (Structure Only)
MYD11A1.A2022303.h28v08.061.2022305083719.hdf,VERIFIED_NO_HASH,"Valid Header, No Remote Checksum Available",238519,PASS (Structure Only)
MYD11A1.A2022303.h29v08.061.2022305083757.hdf,VERIFIED_NO_HASH,"Valid Header, No Remote Checksum Available",718895,PASS (Structure Only)
MYD11A1.A2022309.h29v08.061.2022312174244.hdf,VERIFIED_NO_HASH,"Valid Header, No Remote Checksum Available",369779,PASS (Structure Only)
MYD11A1.A2022302.h28v08.061.2022305082039.hdf,VERIFIED_NO_HASH,"Valid Header, No Remote Checksum Available",278331,PASS (Structure Only)
MYD11A1.A2022305.h27v08.061.2022306222704.hdf,VERIFIED_NO_HASH,"Valid Header, No Remote Checksum Available",235700,PASS (Structure Only)
MYD11A1.A2022307.h27v08.061.2022309102306.hdf,VERIFIED_NO_HASH,"Valid Header, No Remote Checksum Available",254290,PASS (Structure Only)
MYD11A1.A2022307.h29v08.061.2022309102348.hdf,VERIFIED_NO_HASH,"Valid Header, No Remote Checksum Available",471589,PASS (Structure Only)
MYD11A1.A2022310.h27v08.061.2022312194516.hdf,VERIFIED_NO_HASH,"Valid Header, No Remote Checksum Available",218844,PASS (Structure Only)
MYD11A1.A2022310.h28v08.061.2022312194547.hdf,VERIFIED_NO_HASH,"Valid Header, No Remote Checksum Available",237909,PASS (Structure Only)
MYD11A1.A2022311.h28v08.061.2022313011142.hdf,VERIFIED_NO_HASH,"Valid Header, No Remote Checksum Available",351656,PASS (Structure Only)
MYD11A1.A2022312.h27v08.061.2022315114035.hdf,VERIFIED_NO_HASH,"Valid Header, No Remote Checksum Available",216487,PASS (Structure Only)
MYD11A1.A2022306.h28v08.061.2022308170344.hdf,VERIFIED_NO_HASH,"Valid Header, No Remote Checksum Available",268828,PASS (Structure Only)
MYD11A1.A2022311.h29v08.061.2022313011213.hdf,VERIFIED_NO_HASH,"Valid Header, No Remote Checksum Available",240575,PASS (Structure Only)
MYD11A1.A2022308.h28v08.061.2022312152344.hdf,VERIFIED_NO_HASH,"Valid Header, No Remote Checksum Available",243121,PASS (Structure Only)
MYD11A1.A2022308.h27v08.061.2022312152340.hdf,VERIFIED_NO_HASH,"Valid Header, No Remote Checksum Available",217883,PASS (Structure Only)
MYD11A1.A2022308.h29v08.061.2022312152407.hdf,VERIFIED_NO_HASH,"Valid Header, No Remote Checksum Available",328833,PASS (Structure Only)
MYD11A1.A2022309.h28v08.061.2022312174245.hdf,VERIFIED_NO_HASH,"Valid Header, No Remote Checksum Available",223440,PASS (Structure Only)
MYD11A1.A2022309.h27v08.061.2022312174208.hdf,VERIFIED_NO_HASH,"Valid Header, No Remote Checksum Available",222143,PASS (Structure Only)
MYD11A1.A2022315.h29v08.061.2022321220337.hdf,VERIFIED_NO_HASH,"Valid Header, No Remote Checksum Available",258901,PASS (Structure Only)
MYD11A1.A2022314.h29v08.061.2022321194925.hdf,VERIFIED_NO_HASH,"Valid Header, No Remote Checksum Available",349423,PASS (Structure Only)
MYD11A1.A2022315.h27v08.061.2022321220310.hdf,VERIFIED_NO_HASH,"Valid Header, No Remote Checksum Available",219280,PASS (Structure Only)
MYD11A1.A2022310.h29v08.061.2022312194545.hdf,VERIFIED_NO_HASH,"Valid Header, No Remote Checksum Available",360409,PASS (Structure Only)
MYD11A1.A2022311.h27v08.061.2022313011139.hdf,VERIFIED_NO_HASH,"Valid Header, No Remote Checksum Available",272114,PASS (Structure Only)
MYD11A1.A2022316.h29v08.061.2022322002212.hdf,VERIFIED_NO_HASH,"Valid Header, No Remote Checksum Available",488967,PASS (Structure Only)
MYD11A1.A2022313.h28v08.061.2022316021102.hdf,VERIFIED_NO_HASH,"Valid Header, No Remote Checksum Available",417191,PASS (Structure Only)
MYD11A1.A2022315.h28v08.061.2022321220336.hdf,VERIFIED_NO_HASH,"Valid Header, No Remote Checksum Available",233658,PASS (Structure Only)
MYD11A1.A2022318.h28v08.061.2022322033611.hdf,VERIFIED_NO_HASH,"Valid Header, No Remote Checksum Available",223316,PASS (Structure Only)
MYD11A1.A2022317.h29v08.061.2022322020040.hdf,VERIFIED_NO_HASH,"Valid Header, No Remote Checksum Available",476448,PASS (Structure Only)
MYD11A1.A2022318.h29v08.061.2022322033611.hdf,VERIFIED_NO_HASH,"Valid Header, No Remote Checksum Available",409984,PASS (Structure Only)
MYD11A1.A2022313.h27v08.061.2022316021032.hdf,VERIFIED_NO_HASH,"Valid Header, No Remote Checksum Available",327131,PASS (Structure Only)
MYD11A1.A2022313.h29v08.061.2022316021103.hdf,VERIFIED_NO_HASH,"Valid Header, No Remote Checksum Available",272480,PASS (Structure Only)
MYD11A1.A2022268.h28v08.061.2022272211440.hdf,VERIFIED_NO_HASH,"Valid Header, No Remote Checksum Available",241605,PASS (Structure Only)
MYD11A1.A2022283.h28v08.061.2022285205732.hdf,VERIFIED_NO_HASH,"Valid Header, No Remote Checksum Available",333901,PASS (Structure Only)
MYD11A1.A2022314.h27v08.061.2022321194809.hdf,VERIFIED_NO_HASH,"Valid Header, No Remote Checksum Available",215942,PASS (Structure Only)
MYD11A1.A2022314.h28v08.061.2022321194844.hdf,VERIFIED_NO_HASH,"Valid Header, No Remote Checksum Available",226211,PASS (Structure Only)
MYD11A1.A2022316.h28v08.061.2022322002219.hdf,VERIFIED_NO_HASH,"Valid Header, No Remote Checksum Available",230379,PASS (Structure Only)
MYD11A1.A2022316.h27v08.061.2022322002133.hdf,VERIFIED_NO_HASH,"Valid Header, No Remote Checksum Available",217180,PASS (Structure Only)
MYD11A1.A2022307.h28v08.061.2022309102306.hdf,VERIFIED_NO_HASH,"Valid Header, No Remote Checksum Available",235649,PASS (Structure Only)
MYD11A1.A2022312.h28v08.061.2022315114036.hdf,VERIFIED_NO_HASH,"Valid Header, No Remote Checksum Available",254583,PASS (Structure Only)
MYD11A1.A2022312.h29v08.061.2022315114115.hdf,VERIFIED_NO_HASH,"Valid Header, No Remote Checksum Available",969454,PASS (Structure Only)
MYD11A1.A2022320.h29v08.061.2022322065804.hdf,VERIFIED_NO_HASH,"Valid Header, No Remote Checksum Available",246716,PASS (Structure Only)
MYD11A1.A2022319.h29v08.061.2022322061804.hdf,VERIFIED_NO_HASH,"Valid Header, No Remote Checksum Available",389994,PASS (Structure Only)
MYD11A1.A2022319.h28v08.061.2022322055232.hdf,VERIFIED_NO_HASH,"Valid Header, No Remote Checksum Available",225041,PASS (Structure Only)
MYD11A1.A2022322.h28v08.061.2022324064835.hdf,VERIFIED_NO_HASH,"Valid Header, No Remote Checksum Available",235322,PASS (Structure Only)
MYD11A1.A2022320.h27v08.061.2022322065745.hdf,VERIFIED_NO_HASH,"Valid Header, No Remote Checksum Available",214839,PASS (Structure Only)
MYD11A1.A2022324.h29v08.061.2022325220118.hdf,VERIFIED_NO_HASH,"Valid Header, No Remote Checksum Available",543966,PASS (Structure Only)
MYD11A1.A2022322.h29v08.061.2022324064859.hdf,VERIFIED_NO_HASH,"Valid Header, No Remote Checksum Available",221030,PASS (Structure Only)
MYD11A1.A2022322.h27v08.061.2022324064912.hdf,VERIFIED_NO_HASH,"Valid Header, No Remote Checksum Available",249045,PASS (Structure Only)
MYD11A1.A2022323.h28v08.061.2022324223756.hdf,VERIFIED_NO_HASH,"Valid Header, No Remote Checksum Available",224136,PASS (Structure Only)
MYD11A1.A2022323.h29v08.061.2022324223932.hdf,VERIFIED_NO_HASH,"Valid Header, No Remote Checksum Available",215957,PASS (Structure Only)
MYD11A1.A2022324.h28v08.061.2022325220008.hdf,VERIFIED_NO_HASH,"Valid Header, No Remote Checksum Available",291867,PASS (Structure Only)
MYD11A1.A2022320.h28v08.061.2022322065747.hdf,VERIFIED_NO_HASH,"Valid Header, No Remote Checksum Available",431682,PASS (Structure Only)
MYD11A1.A2022321.h29v08.061.2022322232011.hdf,VERIFIED_NO_HASH,"Valid Header, No Remote Checksum Available",455455,PASS (Structure Only)
MYD11A1.A2022325.h29v08.061.2022326185755.hdf,VERIFIED_NO_HASH,"Valid Header, No Remote Checksum Available",252507,PASS (Structure Only)
MYD11A1.A2022323.h27v08.061.2022324223847.hdf,VERIFIED_NO_HASH,"Valid Header, No Remote Checksum Available",254300,PASS (Structure Only)
MYD11A1.A2022327.h27v08.061.2022328233056.hdf,VERIFIED_NO_HASH,"Valid Header, No Remote Checksum Available",429154,PASS (Structure Only)
MYD11A1.A2022321.h27v08.061.2022322231942.hdf,VERIFIED_NO_HASH,"Valid Header, No Remote Checksum Available",222429,PASS (Structure Only)
MYD11A1.A2022328.h28v08.061.2022330001224.hdf,VERIFIED_NO_HASH,"Valid Header, No Remote Checksum Available",271421,PASS (Structure Only)
MYD11A1.A2022327.h29v08.061.2022328233122.hdf,VERIFIED_NO_HASH,"Valid Header, No Remote Checksum Available",305428,PASS (Structure Only)
MYD11A1.A2022326.h29v08.061.2022327221534.hdf,VERIFIED_NO_HASH,"Valid Header, No Remote Checksum Available",858427,PASS (Structure Only)
MYD11A1.A2022327.h28v08.061.2022328233122.hdf,VERIFIED_NO_HASH,"Valid Header, No Remote Checksum Available",282381,PASS (Structure Only)
MYD11A1.A2022328.h27v08.061.2022330001232.hdf,VERIFIED_NO_HASH,"Valid Header, No Remote Checksum Available",231361,PASS (Structure Only)
MYD11A1.A2022329.h27v08.061.2022330222655.hdf,VERIFIED_NO_HASH,"Valid Header, No Remote Checksum Available",424683,PASS (Structure Only)
MYD11A1.A2022328.h29v08.061.2022330001310.hdf,VERIFIED_NO_HASH,"Valid Header, No Remote Checksum Available",574608,PASS (Structure Only)
MYD11A1.A2022329.h28v08.061.2022330222730.hdf,VERIFIED_NO_HASH,"Valid Header, No Remote Checksum Available",420361,PASS (Structure Only)
MYD11A1.A2022329.h29v08.061.2022330222726.hdf,VERIFIED_NO_HASH,"Valid Header, No Remote Checksum Available",385691,PASS (Structure Only)
MYD11A1.A2022330.h27v08.061.2022331212233.hdf,VERIFIED_NO_HASH,"Valid Header, No Remote Checksum Available",453402,PASS (Structure Only)
MYD11A1.A2022326.h28v08.061.2022327221533.hdf,VERIFIED_NO_HASH,"Valid Header, No Remote Checksum Available",380275,PASS (Structure Only)
MYD11A1.A2022321.h28v08.061.2022322232035.hdf,VERIFIED_NO_HASH,"Valid Header, No Remote Checksum Available",225497,PASS (Structure Only)
MYD11A1.A2022324.h27v08.061.2022325215956.hdf,VERIFIED_NO_HASH,"Valid Header, No Remote Checksum Available",218622,PASS (Structure Only)
MYD11A1.A2022325.h28v08.061.2022326190603.hdf,VERIFIED_NO_HASH,"Valid Header, No Remote Checksum Available",585671,PASS (Structure Only)
MYD11A1.A2022325.h27v08.061.2022326185753.hdf,VERIFIED_NO_HASH,"Valid Header, No Remote Checksum Available",296987,PASS (Structure Only)
MYD11A1.A2022326.h27v08.061.2022327221506.hdf,VERIFIED_NO_HASH,"Valid Header, No Remote Checksum Available",229453,PASS (Structure Only)
MYD11A1.A2022317.h27v08.061.2022322015943.hdf,VERIFIED_NO_HASH,"Valid Header, No Remote Checksum Available",216654,PASS (Structure Only)
MYD11A1.A2022317.h28v08.061.2022322020009.hdf,VERIFIED_NO_HASH,"Valid Header, No Remote Checksum Available",263846,PASS (Structure Only)
MYD11A1.A2022330.h28v08.061.2022331212253.hdf,VERIFIED_NO_HASH,"Valid Header, No Remote Checksum Available",416989,PASS (Structure Only)
MYD11A1.A2022331.h27v08.061.2022332210401.hdf,VERIFIED_NO_HASH,"Valid Header, No Remote Checksum Available",484597,PASS (Structure Only)
MYD11A1.A2022331.h29v08.061.2022332210434.hdf,VERIFIED_NO_HASH,"Valid Header, No Remote Checksum Available",601439,PASS (Structure Only)
MYD11A1.A2022330.h29v08.061.2022331212258.hdf,VERIFIED_NO_HASH,"Valid Header, No Remote Checksum Available",884114,PASS (Structure Only)
MYD11A1.A2022318.h27v08.061.2022322033540.hdf,VERIFIED_NO_HASH,"Valid Header, No Remote Checksum Available",214749,PASS (Structure Only)
MYD11A1.A2022319.h27v08.061.2022322055353.hdf,VERIFIED_NO_HASH,"Valid Header, No Remote Checksum Available",214464,PASS (Structure Only)
MYD11A1.A2022337.h28v08.061.2022341063525.hdf,VERIFIED_NO_HASH,"Valid Header, No Remote Checksum Available",225294,PASS (Structure Only)
MYD11A1.A2022337.h29v08.061.2022341063614.hdf,VERIFIED_NO_HASH,"Valid Header, No Remote Checksum Available",610122,PASS (Structure Only)
MYD11A1.A2022336.h27v08.061.2022338021049.hdf,VERIFIED_NO_HASH,"Valid Header, No Remote Checksum Available",237714,PASS (Structure Only)
MYD11A1.A2022335.h27v08.061.2022337021721.hdf,VERIFIED_NO_HASH,"Valid Header, No Remote Checksum Available",242232,PASS (Structure Only)
MYD11A1.A2022334.h29v08.061.2022336075112.hdf,VERIFIED_NO_HASH,"Valid Header, No Remote Checksum Available",405832,PASS (Structure Only)
MYD11A1.A2022335.h29v08.061.2022337021825.hdf,VERIFIED_NO_HASH,"Valid Header, No Remote Checksum Available",548214,PASS (Structure Only)
MYD11A1.A2022335.h28v08.061.2022337021751.hdf,VERIFIED_NO_HASH,"Valid Header, No Remote Checksum Available",236167,PASS (Structure Only)
MYD11A1.A2022334.h27v08.061.2022336075009.hdf,VERIFIED_NO_HASH,"Valid Header, No Remote Checksum Available",676098,PASS (Structure Only)
MYD11A1.A2022336.h28v08.061.2022338021122.hdf,VERIFIED_NO_HASH,"Valid Header, No Remote Checksum Available",257911,PASS (Structure Only)
MYD11A1.A2022332.h29v08.061.2022333234200.hdf,VERIFIED_NO_HASH,"Valid Header, No Remote Checksum Available",1538963,PASS (Structure Only)
MYD11A1.A2022334.h28v08.061.2022336075039.hdf,VERIFIED_NO_HASH,"Valid Header, No Remote Checksum Available",581084,PASS (Structure Only)
MYD11A1.A2022338.h29v08.061.2022341064304.hdf,VERIFIED_NO_HASH,"Valid Header, No Remote Checksum Available",316089,PASS (Structure Only)
MYD11A1.A2022338.h27v08.061.2022341064251.hdf,VERIFIED_NO_HASH,"Valid Header, No Remote Checksum Available",218844,PASS (Structure Only)
MYD11A1.A2022338.h28v08.061.2022341064238.hdf,VERIFIED_NO_HASH,"Valid Header, No Remote Checksum Available",262659,PASS (Structure Only)
MYD11A1.A2022340.h29v08.061.2022341204414.hdf,VERIFIED_NO_HASH,"Valid Header, No Remote Checksum Available",652975,PASS (Structure Only)
MYD11A1.A2022333.h29v08.061.2022335051720.hdf,VERIFIED_NO_HASH,"Valid Header, No Remote Checksum Available",1564613,PASS (Structure Only)
MYD11A1.A2022336.h29v08.061.2022338021145.hdf,VERIFIED_NO_HASH,"Valid Header, No Remote Checksum Available",380418,PASS (Structure Only)
MYD11A1.A2022337.h27v08.061.2022341063746.hdf,VERIFIED_NO_HASH,"Valid Header, No Remote Checksum Available",213157,PASS (Structure Only)
MYD11A1.A2022340.h28v08.061.2022341204432.hdf,VERIFIED_NO_HASH,"Valid Header, No Remote Checksum Available",355800,PASS (Structure Only)
MYD11A1.A2022339.h27v08.061.2022341085043.hdf,VERIFIED_NO_HASH,"Valid Header, No Remote Checksum Available",215193,PASS (Structure Only)
MYD11A1.A2022340.h27v08.061.2022341204423.hdf,VERIFIED_NO_HASH,"Valid Header, No Remote Checksum Available",231395,PASS (Structure Only)
MYD11A1.A2022343.h28v08.061.2022345022849.hdf,VERIFIED_NO_HASH,"Valid Header, No Remote Checksum Available",228801,PASS (Structure Only)
MYD11A1.A2022339.h28v08.061.2022341085043.hdf,VERIFIED_NO_HASH,"Valid Header, No Remote Checksum Available",225191,PASS (Structure Only)
MYD11A1.A2022342.h28v08.061.2022344025741.hdf,VERIFIED_NO_HASH,"Valid Header, No Remote Checksum Available",218673,PASS (Structure Only)
MYD11A1.A2022342.h27v08.061.2022344025720.hdf,VERIFIED_NO_HASH,"Valid Header, No Remote Checksum Available",215601,PASS (Structure Only)
MYD11A1.A2022341.h29v08.061.2022342230712.hdf,VERIFIED_NO_HASH,"Valid Header, No Remote Checksum Available",404845,PASS (Structure Only)
MYD11A1.A2022339.h29v08.061.2022341085115.hdf,VERIFIED_NO_HASH,"Valid Header, No Remote Checksum Available",688716,PASS (Structure Only)
MYD11A1.A2022341.h27v08.061.2022342230702.hdf,VERIFIED_NO_HASH,"Valid Header, No Remote Checksum Available",381614,PASS (Structure Only)
MYD11A1.A2022331.h28v08.061.2022332210431.hdf,VERIFIED_NO_HASH,"Valid Header, No Remote Checksum Available",588970,PASS (Structure Only)
MYD11A1.A2022342.h29v08.061.2022344025743.hdf,VERIFIED_NO_HASH,"Valid Header, No Remote Checksum Available",911010,PASS (Structure Only)
MYD11A1.A2022332.h28v08.061.2022333234134.hdf,VERIFIED_NO_HASH,"Valid Header, No Remote Checksum Available",921909,PASS (Structure Only)
MYD11A1.A2022333.h28v08.061.2022335051646.hdf,VERIFIED_NO_HASH,"Valid Header, No Remote Checksum Available",668073,PASS (Structure Only)
MYD11A1.A2022341.h28v08.061.2022342230635.hdf,VERIFIED_NO_HASH,"Valid Header, No Remote Checksum Available",540911,PASS (Structure Only)
MYD11A1.A2022332.h27v08.061.2022333234125.hdf,VERIFIED_NO_HASH,"Valid Header, No Remote Checksum Available",894504,PASS (Structure Only)
MYD11A1.A2022333.h27v08.061.2022335051623.hdf,VERIFIED_NO_HASH,"Valid Header, No Remote Checksum Available",313164,PASS (Structure Only)
MYD11A1.A2022346.h29v08.061.2022348025216.hdf,VERIFIED_NO_HASH,"Valid Header, No Remote Checksum Available",297605,PASS (Structure Only)
MYD11A1.A2022343.h27v08.061.2022345022855.hdf,VERIFIED_NO_HASH,"Valid Header, No Remote Checksum Available",213157,PASS (Structure Only)
MYD11A1.A2022344.h27v08.061.2022346012352.hdf,VERIFIED_NO_HASH,"Valid Header, No Remote Checksum Available",212721,PASS (Structure Only)
MYD11A1.A2022344.h28v08.061.2022346012357.hdf,VERIFIED_NO_HASH,"Valid Header, No Remote Checksum Available",224427,PASS (Structure Only)
MYD11A1.A2022345.h29v08.061.2022347042325.hdf,VERIFIED_NO_HASH,"Valid Header, No Remote Checksum Available",349364,PASS (Structure Only)
MYD11A1.A2022350.h27v08.061.2022356225058.hdf,VERIFIED_NO_HASH,"Valid Header, No Remote Checksum Available",575649,PASS (Structure Only)
MYD11A1.A2022350.h29v08.061.2022356225116.hdf,VERIFIED_NO_HASH,"Valid Header, No Remote Checksum Available",338770,PASS (Structure Only)
MYD11A1.A2022349.h27v08.061.2022356122350.hdf,VERIFIED_NO_HASH,"Valid Header, No Remote Checksum Available",226733,PASS (Structure Only)
MYD11A1.A2022350.h28v08.061.2022356230743.hdf,VERIFIED_NO_HASH,"Valid Header, No Remote Checksum Available",505743,PASS (Structure Only)
MYD11A1.A2022348.h27v08.061.2022356053740.hdf,VERIFIED_NO_HASH,"Valid Header, No Remote Checksum Available",275777,PASS (Structure Only)
MYD11A1.A2022345.h27v08.061.2022347042252.hdf,VERIFIED_NO_HASH,"Valid Header, No Remote Checksum Available",223756,PASS (Structure Only)
MYD11A1.A2022347.h27v08.061.2022349001527.hdf,VERIFIED_NO_HASH,"Valid Header, No Remote Checksum Available",224291,PASS (Structure Only)
MYD11A1.A2022346.h28v08.061.2022348025136.hdf,VERIFIED_NO_HASH,"Valid Header, No Remote Checksum Available",237984,PASS (Structure Only)
MYD11A1.A2022346.h27v08.061.2022348025128.hdf,VERIFIED_NO_HASH,"Valid Header, No Remote Checksum Available",249343,PASS (Structure Only)
MYD11A1.A2022353.h27v08.061.2022357082115.hdf,VERIFIED_NO_HASH,"Valid Header, No Remote Checksum Available",369447,PASS (Structure Only)
MYD11A1.A2022352.h29v08.061.2022357073309.hdf,VERIFIED_NO_HASH,"Valid Header, No Remote Checksum Available",400702,PASS (Structure Only)
MYD11A1.A2022353.h28v08.061.2022357082714.hdf,VERIFIED_NO_HASH,"Valid Header, No Remote Checksum Available",259820,PASS (Structure Only)
MYD11A1.A2022349.h29v08.061.2022356122114.hdf,VERIFIED_NO_HASH,"Valid Header, No Remote Checksum Available",672973,PASS (Structure Only)
MYD11A1.A2022352.h28v08.061.2022357072819.hdf,VERIFIED_NO_HASH,"Valid Header, No Remote Checksum Available",337844,PASS (Structure Only)
MYD11A1.A2022351.h29v08.061.2022356233311.hdf,VERIFIED_NO_HASH,"Valid Header, No Remote Checksum Available",602994,PASS (Structure Only)
MYD11A1.A2022352.h27v08.061.2022357072506.hdf,VERIFIED_NO_HASH,"Valid Header, No Remote Checksum Available",240746,PASS (Structure Only)
MYD11A1.A2022348.h29v08.061.2022356053324.hdf,VERIFIED_NO_HASH,"Valid Header, No Remote Checksum Available",223479,PASS (Structure Only)
MYD11A1.A2022349.h28v08.061.2022356122156.hdf,VERIFIED_NO_HASH,"Valid Header, No Remote Checksum Available",279556,PASS (Structure Only)
MYD11A1.A2022355.h28v08.061.2022357222417.hdf,VERIFIED_NO_HASH,"Valid Header, No Remote Checksum Available",329948,PASS (Structure Only)
MYD11A1.A2022345.h28v08.061.2022347042242.hdf,VERIFIED_NO_HASH,"Valid Header, No Remote Checksum Available",283723,PASS (Structure Only)
MYD11A1.A2022351.h28v08.061.2022356234616.hdf,VERIFIED_NO_HASH,"Valid Header, No Remote Checksum Available",252691,PASS (Structure Only)
MYD11A1.A2022355.h27v08.061.2022357222253.hdf,VERIFIED_NO_HASH,"Valid Header, No Remote Checksum Available",404915,PASS (Structure Only)
MYD11A1.A2022347.h28v08.061.2022349001535.hdf,VERIFIED_NO_HASH,"Valid Header, No Remote Checksum Available",321632,PASS (Structure Only)
MYD11A1.A2022354.h29v08.061.2022357222819.hdf,VERIFIED_NO_HASH,"Valid Header, No Remote Checksum Available",743484,PASS (Structure Only)
MYD11A1.A2022356.h29v08.061.2022358110642.hdf,VERIFIED_NO_HASH,"Valid Header, No Remote Checksum Available",435229,PASS (Structure Only)
MYD11A1.A2022357.h27v08.061.2022359090700.hdf,VERIFIED_NO_HASH,"Valid Header, No Remote Checksum Available",742995,PASS (Structure Only)
MYD11A1.A2022353.h29v08.061.2022357082109.hdf,VERIFIED_NO_HASH,"Valid Header, No Remote Checksum Available",529067,PASS (Structure Only)
MYD11A1.A2022354.h28v08.061.2022357220712.hdf,VERIFIED_NO_HASH,"Valid Header, No Remote Checksum Available",471708,PASS (Structure Only)
MYD11A1.A2022347.h29v08.061.2022349001523.hdf,VERIFIED_NO_HASH,"Valid Header, No Remote Checksum Available",363236,PASS (Structure Only)
MYD11A1.A2022348.h28v08.061.2022356053946.hdf,VERIFIED_NO_HASH,"Valid Header, No Remote Checksum Available",287403,PASS (Structure Only)
MYD11A1.A2022358.h28v08.061.2022359220824.hdf,VERIFIED_NO_HASH,"Valid Header, No Remote Checksum Available",297919,PASS (Structure Only)
MYD11A1.A2022359.h27v08.061.2022363010618.hdf,VERIFIED_NO_HASH,"Valid Header, No Remote Checksum Available",402970,PASS (Structure Only)
MYD11A1.A2022343.h29v08.061.2022345022914.hdf,VERIFIED_NO_HASH,"Valid Header, No Remote Checksum Available",283434,PASS (Structure Only)
MYD11A1.A2022344.h29v08.061.2022346012421.hdf,VERIFIED_NO_HASH,"Valid Header, No Remote Checksum Available",346559,PASS (Structure Only)
MYD11A1.A2022361.h28v08.061.2022363163829.hdf,VERIFIED_NO_HASH,"Valid Header, No Remote Checksum Available",241437,PASS (Structure Only)
MYD11A1.A2022362.h28v08.061.2022364134612.hdf,VERIFIED_NO_HASH,"Valid Header, No Remote Checksum Available",434106,PASS (Structure Only)
MYD11A1.A2022361.h29v08.061.2022363164048.hdf,VERIFIED_NO_HASH,"Valid Header, No Remote Checksum Available",222708,PASS (Structure Only)
MYD11A1.A2022357.h28v08.061.2022359093603.hdf,VERIFIED_NO_HASH,"Valid Header, No Remote Checksum Available",429377,PASS (Structure Only)
MYD11A1.A2022362.h27v08.061.2022364134623.hdf,VERIFIED_NO_HASH,"Valid Header, No Remote Checksum Available",536792,PASS (Structure Only)
MYD11A1.A2022361.h27v08.061.2022363163615.hdf,VERIFIED_NO_HASH,"Valid Header, No Remote Checksum Available",304931,PASS (Structure Only)
MYD11A1.A2022354.h27v08.061.2022357215019.hdf,VERIFIED_NO_HASH,"Valid Header, No Remote Checksum Available",259083,PASS (Structure Only)
MYD11A1.A2022359.h28v08.061.2022363010533.hdf,VERIFIED_NO_HASH,"Valid Header, No Remote Checksum Available",243627,PASS (Structure Only)
MYD11A1.A2022364.h29v08.061.2023001000251.hdf,VERIFIED_NO_HASH,"Valid Header, No Remote Checksum Available",309862,PASS (Structure Only)
MYD11A1.A2022364.h28v08.061.2023001000357.hdf,VERIFIED_NO_HASH,"Valid Header, No Remote Checksum Available",625855,PASS (Structure Only)
MYD11A1.A2022365.h28v08.061.2023001231102.hdf,VERIFIED_NO_HASH,"Valid Header, No Remote Checksum Available",356599,PASS (Structure Only)
MYD11A1.A2022363.h29v08.061.2022365024013.hdf,VERIFIED_NO_HASH,"Valid Header, No Remote Checksum Available",440727,PASS (Structure Only)
MYD11A1.A2022363.h27v08.061.2022365023832.hdf,VERIFIED_NO_HASH,"Valid Header, No Remote Checksum Available",237248,PASS (Structure Only)
MYD11A1.A2022363.h28v08.061.2022365023935.hdf,VERIFIED_NO_HASH,"Valid Header, No Remote Checksum Available",259634,PASS (Structure Only)
MYD11A1.A2022365.h27v08.061.2023001231043.hdf,VERIFIED_NO_HASH,"Valid Header, No Remote Checksum Available",354484,PASS (Structure Only)
MYD11A1.A2022364.h27v08.061.2023001000331.hdf,VERIFIED_NO_HASH,"Valid Header, No Remote Checksum Available",482651,PASS (Structure Only)
MYD11A1.A2023001.h29v08.061.2023006121720.hdf,VERIFIED_NO_HASH,"Valid Header, No Remote Checksum Available",275566,PASS (Structure Only)
MYD11A1.A2022365.h29v08.061.2023001231532.hdf,VERIFIED_NO_HASH,"Valid Header, No Remote Checksum Available",496631,PASS (Structure Only)
MYD11A1.A2023002.h27v08.061.2023006141232.hdf,VERIFIED_NO_HASH,"Valid Header, No Remote Checksum Available",344528,PASS (Structure Only)
MYD11A1.A2022351.h27v08.061.2022356233138.hdf,VERIFIED_NO_HASH,"Valid Header, No Remote Checksum Available",239785,PASS (Structure Only)
MYD11A1.A2023002.h28v08.061.2023006141319.hdf,VERIFIED_NO_HASH,"Valid Header, No Remote Checksum Available",229852,PASS (Structure Only)
MYD11A1.A2023003.h27v08.061.2023006223939.hdf,VERIFIED_NO_HASH,"Valid Header, No Remote Checksum Available",276681,PASS (Structure Only)
MYD11A1.A2023001.h28v08.061.2023006121650.hdf,VERIFIED_NO_HASH,"Valid Header, No Remote Checksum Available",646890,PASS (Structure Only)
MYD11A1.A2023001.h27v08.061.2023006122230.hdf,VERIFIED_NO_HASH,"Valid Header, No Remote Checksum Available",577344,PASS (Structure Only)
MYD11A1.A2023004.h27v08.061.2023007001548.hdf,VERIFIED_NO_HASH,"Valid Header, No Remote Checksum Available",367005,PASS (Structure Only)
MYD11A1.A2023003.h29v08.061.2023006224125.hdf,VERIFIED_NO_HASH,"Valid Header, No Remote Checksum Available",215713,PASS (Structure Only)
MYD11A1.A2023004.h28v08.061.2023007001831.hdf,VERIFIED_NO_HASH,"Valid Header, No Remote Checksum Available",243386,PASS (Structure Only)
MYD11A1.A2022355.h29v08.061.2022357223957.hdf,VERIFIED_NO_HASH,"Valid Header, No Remote Checksum Available",331670,PASS (Structure Only)
MYD11A1.A2022356.h27v08.061.2022358105309.hdf,VERIFIED_NO_HASH,"Valid Header, No Remote Checksum Available",242605,PASS (Structure Only)
MYD11A1.A2022356.h28v08.061.2022358104505.hdf,VERIFIED_NO_HASH,"Valid Header, No Remote Checksum Available",316362,PASS (Structure Only)
MYD11A1.A2022357.h29v08.061.2022359090737.hdf,VERIFIED_NO_HASH,"Valid Header, No Remote Checksum Available",217372,PASS (Structure Only)
MYD11A1.A2023006.h29v08.061.2023010035735.hdf,VERIFIED_NO_HASH,"Valid Header, No Remote Checksum Available",353800,PASS (Structure Only)
MYD11A1.A2023005.h28v08.061.2023007095326.hdf,VERIFIED_NO_HASH,"Valid Header, No Remote Checksum Available",273822,PASS (Structure Only)
MYD11A1.A2023006.h27v08.061.2023010040501.hdf,VERIFIED_NO_HASH,"Valid Header, No Remote Checksum Available",290003,PASS (Structure Only)
MYD11A1.A2023005.h29v08.061.2023007095511.hdf,VERIFIED_NO_HASH,"Valid Header, No Remote Checksum Available",481717,PASS (Structure Only)
MYD11A1.A2023006.h28v08.061.2023010035858.hdf,VERIFIED_NO_HASH,"Valid Header, No Remote Checksum Available",471212,PASS (Structure Only)
MYD11A1.A2023007.h28v08.061.2023010045308.hdf,VERIFIED_NO_HASH,"Valid Header, No Remote Checksum Available",221828,PASS (Structure Only)
MYD11A1.A2023007.h29v08.061.2023010044758.hdf,VERIFIED_NO_HASH,"Valid Header, No Remote Checksum Available",240887,PASS (Structure Only)
MYD11A1.A2023007.h27v08.061.2023010050003.hdf,VERIFIED_NO_HASH,"Valid Header, No Remote Checksum Available",244102,PASS (Structure Only)
MYD11A1.A2022358.h29v08.061.2022359221510.hdf,VERIFIED_NO_HASH,"Valid Header, No Remote Checksum Available",223197,PASS (Structure Only)
MYD11A1.A2022359.h29v08.061.2022363011020.hdf,VERIFIED_NO_HASH,"Valid Header, No Remote Checksum Available",218344,PASS (Structure Only)
MYD11A1.A2022360.h28v08.061.2022363044423.hdf,VERIFIED_NO_HASH,"Valid Header, No Remote Checksum Available",224454,PASS (Structure Only)
MYD11A1.A2023008.h27v08.061.2023010102210.hdf,VERIFIED_NO_HASH,"Valid Header, No Remote Checksum Available",337857,PASS (Structure Only)
MYD11A1.A2023008.h29v08.061.2023010102242.hdf,VERIFIED_NO_HASH,"Valid Header, No Remote Checksum Available",233341,PASS (Structure Only)
MYD11A1.A2023009.h29v08.061.2023014212539.hdf,VERIFIED_NO_HASH,"Valid Header, No Remote Checksum Available",233038,PASS (Structure Only)
MYD11A1.A2022362.h29v08.061.2022364134640.hdf,VERIFIED_NO_HASH,"Valid Header, No Remote Checksum Available",269236,PASS (Structure Only)
MYD11A1.A2023009.h28v08.061.2023014212348.hdf,VERIFIED_NO_HASH,"Valid Header, No Remote Checksum Available",278654,PASS (Structure Only)
MYD11A1.A2023009.h27v08.061.2023014214714.hdf,VERIFIED_NO_HASH,"Valid Header, No Remote Checksum Available",372745,PASS (Structure Only)
MYD11A1.A2023010.h27v08.061.2023019073453.hdf,VERIFIED_NO_HASH,"Valid Header, No Remote Checksum Available",235931,PASS (Structure Only)
MYD11A1.A2023010.h29v08.061.2023019072510.hdf,VERIFIED_NO_HASH,"Valid Header, No Remote Checksum Available",230179,PASS (Structure Only)
MYD11A1.A2023010.h28v08.061.2023019072309.hdf,VERIFIED_NO_HASH,"Valid Header, No Remote Checksum Available",346363,PASS (Structure Only)
MYD11A1.A2023012.h29v08.061.2023019160328.hdf,VERIFIED_NO_HASH,"Valid Header, No Remote Checksum Available",337059,PASS (Structure Only)
MYD11A1.A2023013.h28v08.061.2023019191701.hdf,VERIFIED_NO_HASH,"Valid Header, No Remote Checksum Available",282076,PASS (Structure Only)
MYD11A1.A2023013.h29v08.061.2023019192030.hdf,VERIFIED_NO_HASH,"Valid Header, No Remote Checksum Available",314069,PASS (Structure Only)
MYD11A1.A2023011.h27v08.061.2023019115205.hdf,VERIFIED_NO_HASH,"Valid Header, No Remote Checksum Available",357103,PASS (Structure Only)
MYD11A1.A2023014.h28v08.061.2023019231750.hdf,VERIFIED_NO_HASH,"Valid Header, No Remote Checksum Available",238823,PASS (Structure Only)
MYD11A1.A2023008.h28v08.061.2023010102233.hdf,VERIFIED_NO_HASH,"Valid Header, No Remote Checksum Available",449947,PASS (Structure Only)
MYD11A1.A2023015.h27v08.061.2023019235214.hdf,VERIFIED_NO_HASH,"Valid Header, No Remote Checksum Available",632709,PASS (Structure Only)
MYD11A1.A2023011.h29v08.061.2023019114931.hdf,VERIFIED_NO_HASH,"Valid Header, No Remote Checksum Available",369864,PASS (Structure Only)
MYD11A1.A2023011.h28v08.061.2023019115010.hdf,VERIFIED_NO_HASH,"Valid Header, No Remote Checksum Available",224482,PASS (Structure Only)
MYD11A1.A2023012.h28v08.061.2023019155625.hdf,VERIFIED_NO_HASH,"Valid Header, No Remote Checksum Available",293294,PASS (Structure Only)
MYD11A1.A2023012.h27v08.061.2023019155806.hdf,VERIFIED_NO_HASH,"Valid Header, No Remote Checksum Available",233625,PASS (Structure Only)
MYD11A1.A2023013.h27v08.061.2023019191633.hdf,VERIFIED_NO_HASH,"Valid Header, No Remote Checksum Available",367701,PASS (Structure Only)
MYD11A1.A2023016.h28v08.061.2023020024136.hdf,VERIFIED_NO_HASH,"Valid Header, No Remote Checksum Available",663345,PASS (Structure Only)
MYD11A1.A2023014.h27v08.061.2023019231652.hdf,VERIFIED_NO_HASH,"Valid Header, No Remote Checksum Available",224024,PASS (Structure Only)
MYD11A1.A2023015.h28v08.061.2023019235302.hdf,VERIFIED_NO_HASH,"Valid Header, No Remote Checksum Available",793444,PASS (Structure Only)
MYD11A1.A2023017.h29v08.061.2023020054344.hdf,VERIFIED_NO_HASH,"Valid Header, No Remote Checksum Available",480364,PASS (Structure Only)
MYD11A1.A2023018.h29v08.061.2023020064642.hdf,VERIFIED_NO_HASH,"Valid Header, No Remote Checksum Available",500357,PASS (Structure Only)
MYD11A1.A2023016.h27v08.061.2023020024205.hdf,VERIFIED_NO_HASH,"Valid Header, No Remote Checksum Available",504280,PASS (Structure Only)
MYD11A1.A2023019.h28v08.061.2023020183812.hdf,VERIFIED_NO_HASH,"Valid Header, No Remote Checksum Available",282213,PASS (Structure Only)
MYD11A1.A2023015.h29v08.061.2023019235325.hdf,VERIFIED_NO_HASH,"Valid Header, No Remote Checksum Available",718993,PASS (Structure Only)
MYD11A1.A2023020.h29v08.061.2023021211307.hdf,VERIFIED_NO_HASH,"Valid Header, No Remote Checksum Available",455662,PASS (Structure Only)
MYD11A1.A2023020.h27v08.061.2023021211243.hdf,VERIFIED_NO_HASH,"Valid Header, No Remote Checksum Available",254929,PASS (Structure Only)
MYD11A1.A2023021.h29v08.061.2023022200925.hdf,VERIFIED_NO_HASH,"Valid Header, No Remote Checksum Available",248774,PASS (Structure Only)
MYD11A1.A2023020.h28v08.061.2023021211253.hdf,VERIFIED_NO_HASH,"Valid Header, No Remote Checksum Available",232216,PASS (Structure Only)
MYD11A1.A2023018.h27v08.061.2023020064714.hdf,VERIFIED_NO_HASH,"Valid Header, No Remote Checksum Available",322125,PASS (Structure Only)
MYD11A1.A2023016.h29v08.061.2023020024122.hdf,VERIFIED_NO_HASH,"Valid Header, No Remote Checksum Available",1432367,PASS (Structure Only)
MYD11A1.A2023019.h27v08.061.2023020183636.hdf,VERIFIED_NO_HASH,"Valid Header, No Remote Checksum Available",243355,PASS (Structure Only)
MYD11A1.A2023018.h28v08.061.2023020064658.hdf,VERIFIED_NO_HASH,"Valid Header, No Remote Checksum Available",371513,PASS (Structure Only)
MYD11A1.A2023022.h27v08.061.2023023230322.hdf,VERIFIED_NO_HASH,"Valid Header, No Remote Checksum Available",409530,PASS (Structure Only)
MYD11A1.A2023023.h29v08.061.2023025182904.hdf,VERIFIED_NO_HASH,"Valid Header, No Remote Checksum Available",352802,PASS (Structure Only)
MYD11A1.A2023017.h28v08.061.2023020054436.hdf,VERIFIED_NO_HASH,"Valid Header, No Remote Checksum Available",1057309,PASS (Structure Only)
MYD11A1.A2023024.h27v08.061.2023026120537.hdf,VERIFIED_NO_HASH,"Valid Header, No Remote Checksum Available",235458,PASS (Structure Only)
MYD11A1.A2023021.h27v08.061.2023022200934.hdf,VERIFIED_NO_HASH,"Valid Header, No Remote Checksum Available",217553,PASS (Structure Only)
MYD11A1.A2023022.h29v08.061.2023023230913.hdf,VERIFIED_NO_HASH,"Valid Header, No Remote Checksum Available",245379,PASS (Structure Only)
MYD11A1.A2023022.h28v08.061.2023023230355.hdf,VERIFIED_NO_HASH,"Valid Header, No Remote Checksum Available",281506,PASS (Structure Only)
MYD11A1.A2023023.h28v08.061.2023025182939.hdf,VERIFIED_NO_HASH,"Valid Header, No Remote Checksum Available",228286,PASS (Structure Only)
MYD11A1.A2023023.h27v08.061.2023025182937.hdf,VERIFIED_NO_HASH,"Valid Header, No Remote Checksum Available",245043,PASS (Structure Only)
MYD11A1.A2023024.h29v08.061.2023026120544.hdf,VERIFIED_NO_HASH,"Valid Header, No Remote Checksum Available",220285,PASS (Structure Only)
MYD11A1.A2023021.h28v08.061.2023022201329.hdf,VERIFIED_NO_HASH,"Valid Header, No Remote Checksum Available",245960,PASS (Structure Only)
MYD11A1.A2023026.h29v08.061.2023027201250.hdf,VERIFIED_NO_HASH,"Valid Header, No Remote Checksum Available",217156,PASS (Structure Only)
MYD11A1.A2023026.h28v08.061.2023027201323.hdf,VERIFIED_NO_HASH,"Valid Header, No Remote Checksum Available",217604,PASS (Structure Only)
MYD11A1.A2023026.h27v08.061.2023027201302.hdf,VERIFIED_NO_HASH,"Valid Header, No Remote Checksum Available",233060,PASS (Structure Only)
MYD11A1.A2023024.h28v08.061.2023026120626.hdf,VERIFIED_NO_HASH,"Valid Header, No Remote Checksum Available",238601,PASS (Structure Only)
MYD11A1.A2023025.h29v08.061.2023027063500.hdf,VERIFIED_NO_HASH,"Valid Header, No Remote Checksum Available",234667,PASS (Structure Only)
MYD11A1.A2023025.h27v08.061.2023027063450.hdf,VERIFIED_NO_HASH,"Valid Header, No Remote Checksum Available",244399,PASS (Structure Only)
MYD11A1.A2022360.h29v08.061.2022363043458.hdf,VERIFIED_NO_HASH,"Valid Header, No Remote Checksum Available",210466,PASS (Structure Only)
MYD11A1.A2022360.h27v08.061.2022363042806.hdf,VERIFIED_NO_HASH,"Valid Header, No Remote Checksum Available",496299,PASS (Structure Only)
MYD11A1.A2023027.h27v08.061.2023028194614.hdf,VERIFIED_NO_HASH,"Valid Header, No Remote Checksum Available",235642,PASS (Structure Only)
MYD11A1.A2023025.h28v08.061.2023027063446.hdf,VERIFIED_NO_HASH,"Valid Header, No Remote Checksum Available",222490,PASS (Structure Only)
MYD11A1.A2023028.h29v08.061.2023029183827.hdf,VERIFIED_NO_HASH,"Valid Header, No Remote Checksum Available",631823,PASS (Structure Only)
MYD11A1.A2023004.h29v08.061.2023007001750.hdf,VERIFIED_NO_HASH,"Valid Header, No Remote Checksum Available",361797,PASS (Structure Only)
MYD11A1.A2023005.h27v08.061.2023007095305.hdf,VERIFIED_NO_HASH,"Valid Header, No Remote Checksum Available",289959,PASS (Structure Only)
MYD11A1.A2023028.h27v08.061.2023029183615.hdf,VERIFIED_NO_HASH,"Valid Header, No Remote Checksum Available",217090,PASS (Structure Only)
MYD11A1.A2023028.h28v08.061.2023029183818.hdf,VERIFIED_NO_HASH,"Valid Header, No Remote Checksum Available",216803,PASS (Structure Only)
MYD11A1.A2023029.h27v08.061.2023030182325.hdf,VERIFIED_NO_HASH,"Valid Header, No Remote Checksum Available",238788,PASS (Structure Only)
MYD11A1.A2023027.h28v08.061.2023028194633.hdf,VERIFIED_NO_HASH,"Valid Header, No Remote Checksum Available",254029,PASS (Structure Only)
MYD11A1.A2023027.h29v08.061.2023028194629.hdf,VERIFIED_NO_HASH,"Valid Header, No Remote Checksum Available",243602,PASS (Structure Only)
MYD11A1.A2023032.h27v08.061.2023035001313.hdf,VERIFIED_NO_HASH,"Valid Header, No Remote Checksum Available",457090,PASS (Structure Only)
MYD11A1.A2023029.h28v08.061.2023030182430.hdf,VERIFIED_NO_HASH,"Valid Header, No Remote Checksum Available",220664,PASS (Structure Only)
MYD11A1.A2023033.h29v08.061.2023035015254.hdf,VERIFIED_NO_HASH,"Valid Header, No Remote Checksum Available",484885,PASS (Structure Only)
MYD11A1.A2023031.h29v08.061.2023032231245.hdf,VERIFIED_NO_HASH,"Valid Header, No Remote Checksum Available",227966,PASS (Structure Only)
MYD11A1.A2023029.h29v08.061.2023030182314.hdf,VERIFIED_NO_HASH,"Valid Header, No Remote Checksum Available",266582,PASS (Structure Only)
MYD11A1.A2023034.h28v08.061.2023035202538.hdf,VERIFIED_NO_HASH,"Valid Header, No Remote Checksum Available",288832,PASS (Structure Only)
MYD11A1.A2023033.h28v08.061.2023035015158.hdf,VERIFIED_NO_HASH,"Valid Header, No Remote Checksum Available",330751,PASS (Structure Only)
MYD11A1.A2023034.h29v08.061.2023035202410.hdf,VERIFIED_NO_HASH,"Valid Header, No Remote Checksum Available",288615,PASS (Structure Only)
MYD11A1.A2023035.h28v08.061.2023036184307.hdf,VERIFIED_NO_HASH,"Valid Header, No Remote Checksum Available",331892,PASS (Structure Only)
MYD11A1.A2023002.h29v08.061.2023006141942.hdf,VERIFIED_NO_HASH,"Valid Header, No Remote Checksum Available",580317,PASS (Structure Only)
MYD11A1.A2023003.h28v08.061.2023006224936.hdf,VERIFIED_NO_HASH,"Valid Header, No Remote Checksum Available",290241,PASS (Structure Only)
MYD11A1.A2023035.h29v08.061.2023036184704.hdf,VERIFIED_NO_HASH,"Valid Header, No Remote Checksum Available",707198,PASS (Structure Only)
MYD11A1.A2023036.h28v08.061.2023037182839.hdf,VERIFIED_NO_HASH,"Valid Header, No Remote Checksum Available",493337,PASS (Structure Only)
MYD11A1.A2023036.h29v08.061.2023037182913.hdf,VERIFIED_NO_HASH,"Valid Header, No Remote Checksum Available",389977,PASS (Structure Only)
MYD11A1.A2023036.h27v08.061.2023037182852.hdf,VERIFIED_NO_HASH,"Valid Header, No Remote Checksum Available",615770,PASS (Structure Only)
MYD11A1.A2023034.h27v08.061.2023035202916.hdf,VERIFIED_NO_HASH,"Valid Header, No Remote Checksum Available",343364,PASS (Structure Only)
MYD11A1.A2023038.h29v08.061.2023039201935.hdf,VERIFIED_NO_HASH,"Valid Header, No Remote Checksum Available",249731,PASS (Structure Only)
MYD11A1.A2023037.h27v08.061.2023052053905.hdf,VERIFIED_NO_HASH,"Valid Header, No Remote Checksum Available",258061,PASS (Structure Only)
MYD11A1.A2023038.h27v08.061.2023039201838.hdf,VERIFIED_NO_HASH,"Valid Header, No Remote Checksum Available",632907,PASS (Structure Only)
MYD11A1.A2023035.h27v08.061.2023036184509.hdf,VERIFIED_NO_HASH,"Valid Header, No Remote Checksum Available",295323,PASS (Structure Only)
MYD11A1.A2023039.h29v08.061.2023040190823.hdf,VERIFIED_NO_HASH,"Valid Header, No Remote Checksum Available",559196,PASS (Structure Only)
MYD11A1.A2023030.h29v08.061.2023031183607.hdf,VERIFIED_NO_HASH,"Valid Header, No Remote Checksum Available",347296,PASS (Structure Only)
MYD11A1.A2023030.h28v08.061.2023031183740.hdf,VERIFIED_NO_HASH,"Valid Header, No Remote Checksum Available",221001,PASS (Structure Only)
MYD11A1.A2023030.h27v08.061.2023031183801.hdf,VERIFIED_NO_HASH,"Valid Header, No Remote Checksum Available",233543,PASS (Structure Only)
MYD11A1.A2023031.h28v08.061.2023032230828.hdf,VERIFIED_NO_HASH,"Valid Header, No Remote Checksum Available",290687,PASS (Structure Only)
MYD11A1.A2022358.h27v08.061.2022359220848.hdf,VERIFIED_NO_HASH,"Valid Header, No Remote Checksum Available",512476,PASS (Structure Only)
MYD11A1.A2023040.h29v08.061.2023041225913.hdf,VERIFIED_NO_HASH,"Valid Header, No Remote Checksum Available",547998,PASS (Structure Only)
MYD11A1.A2023040.h28v08.061.2023041225801.hdf,VERIFIED_NO_HASH,"Valid Header, No Remote Checksum Available",549230,PASS (Structure Only)
MYD11A1.A2023041.h28v08.061.2023043062319.hdf,VERIFIED_NO_HASH,"Valid Header, No Remote Checksum Available",597844,PASS (Structure Only)
MYD11A1.A2023042.h29v08.061.2023045153023.hdf,VERIFIED_NO_HASH,"Valid Header, No Remote Checksum Available",427919,PASS (Structure Only)
MYD11A1.A2023041.h29v08.061.2023043062241.hdf,VERIFIED_NO_HASH,"Valid Header, No Remote Checksum Available",375916,PASS (Structure Only)
MYD11A1.A2023041.h27v08.061.2023043062244.hdf,VERIFIED_NO_HASH,"Valid Header, No Remote Checksum Available",565126,PASS (Structure Only)
MYD11A1.A2023042.h28v08.061.2023045152959.hdf,VERIFIED_NO_HASH,"Valid Header, No Remote Checksum Available",335205,PASS (Structure Only)
MYD11A1.A2023040.h27v08.061.2023041225956.hdf,VERIFIED_NO_HASH,"Valid Header, No Remote Checksum Available",299417,PASS (Structure Only)
MYD11A1.A2023043.h29v08.061.2023045170852.hdf,VERIFIED_NO_HASH,"Valid Header, No Remote Checksum Available",327282,PASS (Structure Only)
MYD11A1.A2023044.h28v08.061.2023046180534.hdf,VERIFIED_NO_HASH,"Valid Header, No Remote Checksum Available",243179,PASS (Structure Only)
MYD11A1.A2023043.h28v08.061.2023045173159.hdf,VERIFIED_NO_HASH,"Valid Header, No Remote Checksum Available",410447,PASS (Structure Only)
MYD11A1.A2023043.h27v08.061.2023045170921.hdf,VERIFIED_NO_HASH,"Valid Header, No Remote Checksum Available",515134,PASS (Structure Only)
MYD11A1.A2023038.h28v08.061.2023039201840.hdf,VERIFIED_NO_HASH,"Valid Header, No Remote Checksum Available",510691,PASS (Structure Only)
MYD11A1.A2023045.h29v08.061.2023048110012.hdf,VERIFIED_NO_HASH,"Valid Header, No Remote Checksum Available",229719,PASS (Structure Only)
MYD11A1.A2023044.h29v08.061.2023046191734.hdf,VERIFIED_NO_HASH,"Valid Header, No Remote Checksum Available",309236,PASS (Structure Only)
MYD11A1.A2023031.h27v08.061.2023032231058.hdf,VERIFIED_NO_HASH,"Valid Header, No Remote Checksum Available",225829,PASS (Structure Only)
MYD11A1.A2023046.h29v08.061.2023051214730.hdf,VERIFIED_NO_HASH,"Valid Header, No Remote Checksum Available",452936,PASS (Structure Only)
MYD11A1.A2023045.h27v08.061.2023048105607.hdf,VERIFIED_NO_HASH,"Valid Header, No Remote Checksum Available",787807,PASS (Structure Only)
MYD11A1.A2023037.h28v08.061.2023052045040.hdf,VERIFIED_NO_HASH,"Valid Header, No Remote Checksum Available",265572,PASS (Structure Only)
MYD11A1.A2023047.h28v08.061.2023052000626.hdf,VERIFIED_NO_HASH,"Valid Header, No Remote Checksum Available",1238565,PASS (Structure Only)
MYD11A1.A2023047.h29v08.061.2023051233036.hdf,VERIFIED_NO_HASH,"Valid Header, No Remote Checksum Available",519200,PASS (Structure Only)
MYD11A1.A2023046.h28v08.061.2023051222309.hdf,VERIFIED_NO_HASH,"Valid Header, No Remote Checksum Available",280609,PASS (Structure Only)
MYD11A1.A2023048.h29v08.061.2023052045554.hdf,VERIFIED_NO_HASH,"Valid Header, No Remote Checksum Available",383780,PASS (Structure Only)
MYD11A1.A2023049.h27v08.061.2023053151128.hdf,VERIFIED_NO_HASH,"Valid Header, No Remote Checksum Available",376726,PASS (Structure Only)
MYD11A1.A2023014.h29v08.061.2023019232107.hdf,VERIFIED_NO_HASH,"Valid Header, No Remote Checksum Available",436820,PASS (Structure Only)
MYD11A1.A2023037.h29v08.061.2023052045101.hdf,VERIFIED_NO_HASH,"Valid Header, No Remote Checksum Available",774205,PASS (Structure Only)
MYD11A1.A2023039.h28v08.061.2023040190530.hdf,VERIFIED_NO_HASH,"Valid Header, No Remote Checksum Available",300420,PASS (Structure Only)
MYD11A1.A2023019.h29v08.061.2023020183717.hdf,VERIFIED_NO_HASH,"Valid Header, No Remote Checksum Available",1094573,PASS (Structure Only)
MYD11A1.A2023045.h28v08.061.2023048111930.hdf,VERIFIED_NO_HASH,"Valid Header, No Remote Checksum Available",784232,PASS (Structure Only)
MYD11A1.A2023050.h29v08.061.2023053184929.hdf,VERIFIED_NO_HASH,"Valid Header, No Remote Checksum Available",302601,PASS (Structure Only)
MYD11A1.A2023050.h27v08.061.2023053182722.hdf,VERIFIED_NO_HASH,"Valid Header, No Remote Checksum Available",853442,PASS (Structure Only)
MYD11A1.A2023049.h29v08.061.2023053151319.hdf,VERIFIED_NO_HASH,"Valid Header, No Remote Checksum Available",1055498,PASS (Structure Only)
MYD11A1.A2023044.h27v08.061.2023046175714.hdf,VERIFIED_NO_HASH,"Valid Header, No Remote Checksum Available",313392,PASS (Structure Only)
MYD11A1.A2023042.h27v08.061.2023045152947.hdf,VERIFIED_NO_HASH,"Valid Header, No Remote Checksum Available",385949,PASS (Structure Only)
MYD11A1.A2023047.h27v08.061.2023052001655.hdf,VERIFIED_NO_HASH,"Valid Header, No Remote Checksum Available",737997,PASS (Structure Only)
MYD11A1.A2023052.h29v08.061.2023057093710.hdf,VERIFIED_NO_HASH,"Valid Header, No Remote Checksum Available",476867,PASS (Structure Only)
MYD11A1.A2023053.h27v08.061.2023057210047.hdf,VERIFIED_NO_HASH,"Valid Header, No Remote Checksum Available",394961,PASS (Structure Only)
MYD11A1.A2023050.h28v08.061.2023053185102.hdf,VERIFIED_NO_HASH,"Valid Header, No Remote Checksum Available",656146,PASS (Structure Only)
MYD11A1.A2023017.h27v08.061.2023020054312.hdf,VERIFIED_NO_HASH,"Valid Header, No Remote Checksum Available",634961,PASS (Structure Only)
MYD11A1.A2023052.h27v08.061.2023057093330.hdf,VERIFIED_NO_HASH,"Valid Header, No Remote Checksum Available",687600,PASS (Structure Only)
MYD11A1.A2023051.h29v08.061.2023054232747.hdf,VERIFIED_NO_HASH,"Valid Header, No Remote Checksum Available",719150,PASS (Structure Only)
MYD11A1.A2023048.h27v08.061.2023052041038.hdf,VERIFIED_NO_HASH,"Valid Header, No Remote Checksum Available",827820,PASS (Structure Only)
MYD11A1.A2023048.h28v08.061.2023052043519.hdf,VERIFIED_NO_HASH,"Valid Header, No Remote Checksum Available",657409,PASS (Structure Only)
MYD11A1.A2023051.h28v08.061.2023054232423.hdf,VERIFIED_NO_HASH,"Valid Header, No Remote Checksum Available",447247,PASS (Structure Only)
MYD11A1.A2023053.h28v08.061.2023057210526.hdf,VERIFIED_NO_HASH,"Valid Header, No Remote Checksum Available",309292,PASS (Structure Only)
MYD11A1.A2023052.h28v08.061.2023057094001.hdf,VERIFIED_NO_HASH,"Valid Header, No Remote Checksum Available",789462,PASS (Structure Only)
MYD11A1.A2023054.h29v08.061.2023057233718.hdf,VERIFIED_NO_HASH,"Valid Header, No Remote Checksum Available",540461,PASS (Structure Only)
MYD11A1.A2023056.h29v08.061.2023058182616.hdf,VERIFIED_NO_HASH,"Valid Header, No Remote Checksum Available",452435,PASS (Structure Only)
MYD11A1.A2023055.h27v08.061.2023058055942.hdf,VERIFIED_NO_HASH,"Valid Header, No Remote Checksum Available",857080,PASS (Structure Only)
MYD11A1.A2023054.h28v08.061.2023057231712.hdf,VERIFIED_NO_HASH,"Valid Header, No Remote Checksum Available",730041,PASS (Structure Only)
MYD11A1.A2023054.h27v08.061.2023057231946.hdf,VERIFIED_NO_HASH,"Valid Header, No Remote Checksum Available",632779,PASS (Structure Only)
MYD11A1.A2023055.h28v08.061.2023058055628.hdf,VERIFIED_NO_HASH,"Valid Header, No Remote Checksum Available",399026,PASS (Structure Only)
MYD11A1.A2023057.h29v08.061.2023058184917.hdf,VERIFIED_NO_HASH,"Valid Header, No Remote Checksum Available",284315,PASS (Structure Only)
MYD11A1.A2023039.h27v08.061.2023040190458.hdf,VERIFIED_NO_HASH,"Valid Header, No Remote Checksum Available",497924,PASS (Structure Only)
MYD11A1.A2023053.h29v08.061.2023057210318.hdf,VERIFIED_NO_HASH,"Valid Header, No Remote Checksum Available",784887,PASS (Structure Only)
MYD11A1.A2023058.h27v08.061.2023059181423.hdf,VERIFIED_NO_HASH,"Valid Header, No Remote Checksum Available",272304,PASS (Structure Only)
MYD11A1.A2023059.h28v08.061.2023060192927.hdf,VERIFIED_NO_HASH,"Valid Header, No Remote Checksum Available",238929,PASS (Structure Only)
MYD11A1.A2023059.h29v08.061.2023060192926.hdf,VERIFIED_NO_HASH,"Valid Header, No Remote Checksum Available",395354,PASS (Structure Only)
MYD11A1.A2023060.h28v08.061.2023061215216.hdf,VERIFIED_NO_HASH,"Valid Header, No Remote Checksum Available",223042,PASS (Structure Only)
MYD11A1.A2023032.h28v08.061.2023035001437.hdf,VERIFIED_NO_HASH,"Valid Header, No Remote Checksum Available",244272,PASS (Structure Only)
MYD11A1.A2023032.h29v08.061.2023035001404.hdf,VERIFIED_NO_HASH,"Valid Header, No Remote Checksum Available",473898,PASS (Structure Only)
MYD11A1.A2023060.h27v08.061.2023061214933.hdf,VERIFIED_NO_HASH,"Valid Header, No Remote Checksum Available",331811,PASS (Structure Only)
MYD11A1.A2023061.h28v08.061.2023070145518.hdf,VERIFIED_NO_HASH,"Valid Header, No Remote Checksum Available",386783,PASS (Structure Only)
MYD11A1.A2023055.h29v08.061.2023058055858.hdf,VERIFIED_NO_HASH,"Valid Header, No Remote Checksum Available",396360,PASS (Structure Only)
MYD11A1.A2023056.h28v08.061.2023058182711.hdf,VERIFIED_NO_HASH,"Valid Header, No Remote Checksum Available",378090,PASS (Structure Only)
MYD11A1.A2023062.h29v08.061.2023070154210.hdf,VERIFIED_NO_HASH,"Valid Header, No Remote Checksum Available",396386,PASS (Structure Only)
MYD11A1.A2023059.h27v08.061.2023060192737.hdf,VERIFIED_NO_HASH,"Valid Header, No Remote Checksum Available",405645,PASS (Structure Only)
MYD11A1.A2023057.h27v08.061.2023058185042.hdf,VERIFIED_NO_HASH,"Valid Header, No Remote Checksum Available",840842,PASS (Structure Only)
MYD11A1.A2023061.h27v08.061.2023070145451.hdf,VERIFIED_NO_HASH,"Valid Header, No Remote Checksum Available",487739,PASS (Structure Only)
MYD11A1.A2023061.h29v08.061.2023070145659.hdf,VERIFIED_NO_HASH,"Valid Header, No Remote Checksum Available",233034,PASS (Structure Only)
MYD11A1.A2023062.h28v08.061.2023070154030.hdf,VERIFIED_NO_HASH,"Valid Header, No Remote Checksum Available",231924,PASS (Structure Only)
MYD11A1.A2023060.h29v08.061.2023061215100.hdf,VERIFIED_NO_HASH,"Valid Header, No Remote Checksum Available",396447,PASS (Structure Only)
MYD11A1.A2023056.h27v08.061.2023058182708.hdf,VERIFIED_NO_HASH,"Valid Header, No Remote Checksum Available",380968,PASS (Structure Only)
MYD11A1.A2023033.h27v08.061.2023035015115.hdf,VERIFIED_NO_HASH,"Valid Header, No Remote Checksum Available",246520,PASS (Structure Only)
MYD11A1.A2023065.h29v08.061.2023070204509.hdf,VERIFIED_NO_HASH,"Valid Header, No Remote Checksum Available",940698,PASS (Structure Only)
MYD11A1.A2023046.h27v08.061.2023051214728.hdf,VERIFIED_NO_HASH,"Valid Header, No Remote Checksum Available",690192,PASS (Structure Only)
MYD11A1.A2023065.h27v08.061.2023070204553.hdf,VERIFIED_NO_HASH,"Valid Header, No Remote Checksum Available",511482,PASS (Structure Only)
MYD11A1.A2023064.h27v08.061.2023070183710.hdf,VERIFIED_NO_HASH,"Valid Header, No Remote Checksum Available",1059290,PASS (Structure Only)
MYD11A1.A2023066.h29v08.061.2023070211433.hdf,VERIFIED_NO_HASH,"Valid Header, No Remote Checksum Available",456629,PASS (Structure Only)
MYD11A1.A2023064.h28v08.061.2023070183737.hdf,VERIFIED_NO_HASH,"Valid Header, No Remote Checksum Available",777061,PASS (Structure Only)
MYD11A1.A2023064.h29v08.061.2023070183746.hdf,VERIFIED_NO_HASH,"Valid Header, No Remote Checksum Available",269654,PASS (Structure Only)
MYD11A1.A2023062.h27v08.061.2023070155459.hdf,VERIFIED_NO_HASH,"Valid Header, No Remote Checksum Available",248971,PASS (Structure Only)
MYD11A1.A2023063.h27v08.061.2023070181055.hdf,VERIFIED_NO_HASH,"Valid Header, No Remote Checksum Available",403063,PASS (Structure Only)
MYD11A1.A2023063.h28v08.061.2023070180800.hdf,VERIFIED_NO_HASH,"Valid Header, No Remote Checksum Available",325521,PASS (Structure Only)
MYD11A1.A2023051.h27v08.061.2023054232538.hdf,VERIFIED_NO_HASH,"Valid Header, No Remote Checksum Available",449977,PASS (Structure Only)
MYD11A1.A2023063.h29v08.061.2023070181215.hdf,VERIFIED_NO_HASH,"Valid Header, No Remote Checksum Available",455743,PASS (Structure Only)
MYD11A1.A2023057.h28v08.061.2023058185038.hdf,VERIFIED_NO_HASH,"Valid Header, No Remote Checksum Available",492804,PASS (Structure Only)
MYD11A1.A2023058.h28v08.061.2023059181349.hdf,VERIFIED_NO_HASH,"Valid Header, No Remote Checksum Available",258524,PASS (Structure Only)
MYD11A1.A2023058.h29v08.061.2023059181303.hdf,VERIFIED_NO_HASH,"Valid Header, No Remote Checksum Available",370570,PASS (Structure Only)
MYD11A1.A2023066.h27v08.061.2023070211428.hdf,VERIFIED_NO_HASH,"Valid Header, No Remote Checksum Available",991723,PASS (Structure Only)
MYD11A1.A2023066.h28v08.061.2023070211424.hdf,VERIFIED_NO_HASH,"Valid Header, No Remote Checksum Available",1618602,PASS (Structure Only)
MYD11A1.A2023065.h28v08.061.2023070204631.hdf,VERIFIED_NO_HASH,"Valid Header, No Remote Checksum Available",607334,PASS (Structure Only)
MYD11A1.A2023067.h28v08.061.2023070225006.hdf,VERIFIED_NO_HASH,"Valid Header, No Remote Checksum Available",580594,PASS (Structure Only)
MYD11A1.A2023068.h27v08.061.2023070232120.hdf,VERIFIED_NO_HASH,"Valid Header, No Remote Checksum Available",721140,PASS (Structure Only)
MYD11A1.A2023069.h27v08.061.2023071010052.hdf,VERIFIED_NO_HASH,"Valid Header, No Remote Checksum Available",908494,PASS (Structure Only)
MYD11A1.A2023067.h27v08.061.2023070230306.hdf,VERIFIED_NO_HASH,"Valid Header, No Remote Checksum Available",816912,PASS (Structure Only)
MYD11A1.A2023070.h28v08.061.2023073014636.hdf,VERIFIED_NO_HASH,"Valid Header, No Remote Checksum Available",854263,PASS (Structure Only)
MYD11A1.A2023070.h27v08.061.2023073014432.hdf,VERIFIED_NO_HASH,"Valid Header, No Remote Checksum Available",646457,PASS (Structure Only)
MYD11A1.A2023071.h29v08.061.2023073022714.hdf,VERIFIED_NO_HASH,"Valid Header, No Remote Checksum Available",1042446,PASS (Structure Only)
MYD11A1.A2023071.h27v08.061.2023073022654.hdf,VERIFIED_NO_HASH,"Valid Header, No Remote Checksum Available",990702,PASS (Structure Only)
MYD11A1.A2023072.h27v08.061.2023074102056.hdf,VERIFIED_NO_HASH,"Valid Header, No Remote Checksum Available",274620,PASS (Structure Only)
MYD11A1.A2023072.h29v08.061.2023074102415.hdf,VERIFIED_NO_HASH,"Valid Header, No Remote Checksum Available",1536535,PASS (Structure Only)
MYD11A1.A2023073.h27v08.061.2023074205418.hdf,VERIFIED_NO_HASH,"Valid Header, No Remote Checksum Available",935499,PASS (Structure Only)
MYD11A1.A2023074.h28v08.061.2023075202514.hdf,VERIFIED_NO_HASH,"Valid Header, No Remote Checksum Available",555705,PASS (Structure Only)
MYD11A1.A2023073.h29v08.061.2023074205452.hdf,VERIFIED_NO_HASH,"Valid Header, No Remote Checksum Available",612459,PASS (Structure Only)
MYD11A1.A2023073.h28v08.061.2023074205451.hdf,VERIFIED_NO_HASH,"Valid Header, No Remote Checksum Available",1508423,PASS (Structure Only)
MYD11A1.A2023069.h28v08.061.2023071010111.hdf,VERIFIED_NO_HASH,"Valid Header, No Remote Checksum Available",580990,PASS (Structure Only)
MYD11A1.A2023068.h29v08.061.2023070232033.hdf,VERIFIED_NO_HASH,"Valid Header, No Remote Checksum Available",815240,PASS (Structure Only)
MYD11A1.A2023069.h29v08.061.2023071010119.hdf,VERIFIED_NO_HASH,"Valid Header, No Remote Checksum Available",1866294,PASS (Structure Only)
MYD11A1.A2023071.h28v08.061.2023073023104.hdf,VERIFIED_NO_HASH,"Valid Header, No Remote Checksum Available",1123368,PASS (Structure Only)
MYD11A1.A2023068.h28v08.061.2023070232020.hdf,VERIFIED_NO_HASH,"Valid Header, No Remote Checksum Available",1113949,PASS (Structure Only)
MYD11A1.A2023072.h28v08.061.2023074102216.hdf,VERIFIED_NO_HASH,"Valid Header, No Remote Checksum Available",499238,PASS (Structure Only)
MYD11A1.A2023075.h28v08.061.2023076202221.hdf,VERIFIED_NO_HASH,"Valid Header, No Remote Checksum Available",1493082,PASS (Structure Only)
MYD11A1.A2023077.h29v08.061.2023079053015.hdf,VERIFIED_NO_HASH,"Valid Header, No Remote Checksum Available",480182,PASS (Structure Only)
MYD11A1.A2023049.h28v08.061.2023053151143.hdf,VERIFIED_NO_HASH,"Valid Header, No Remote Checksum Available",767149,PASS (Structure Only)
MYD11A1.A2023075.h29v08.061.2023076202211.hdf,VERIFIED_NO_HASH,"Valid Header, No Remote Checksum Available",437148,PASS (Structure Only)
MYD11A1.A2023067.h29v08.061.2023070224954.hdf,VERIFIED_NO_HASH,"Valid Header, No Remote Checksum Available",1286439,PASS (Structure Only)
MYD11A1.A2023077.h28v08.061.2023079052846.hdf,VERIFIED_NO_HASH,"Valid Header, No Remote Checksum Available",670986,PASS (Structure Only)
MYD11A1.A2023077.h27v08.061.2023079052935.hdf,VERIFIED_NO_HASH,"Valid Header, No Remote Checksum Available",536593,PASS (Structure Only)
MYD11A1.A2023076.h28v08.061.2023077182131.hdf,VERIFIED_NO_HASH,"Valid Header, No Remote Checksum Available",541488,PASS (Structure Only)
MYD11A1.A2023076.h27v08.061.2023077182133.hdf,VERIFIED_NO_HASH,"Valid Header, No Remote Checksum Available",997020,PASS (Structure Only)
MYD11A1.A2023076.h29v08.061.2023077182336.hdf,VERIFIED_NO_HASH,"Valid Header, No Remote Checksum Available",1106322,PASS (Structure Only)
MYD11A1.A2023074.h29v08.061.2023075202607.hdf,VERIFIED_NO_HASH,"Valid Header, No Remote Checksum Available",1091941,PASS (Structure Only)
MYD11A1.A2023079.h28v08.061.2023080193313.hdf,VERIFIED_NO_HASH,"Valid Header, No Remote Checksum Available",283315,PASS (Structure Only)
MYD11A1.A2023074.h27v08.061.2023075202423.hdf,VERIFIED_NO_HASH,"Valid Header, No Remote Checksum Available",575929,PASS (Structure Only)
MYD11A1.A2023078.h27v08.061.2023079181157.hdf,VERIFIED_NO_HASH,"Valid Header, No Remote Checksum Available",885230,PASS (Structure Only)
MYD11A1.A2023078.h28v08.061.2023079181012.hdf,VERIFIED_NO_HASH,"Valid Header, No Remote Checksum Available",773587,PASS (Structure Only)
MYD11A1.A2023078.h29v08.061.2023079181107.hdf,VERIFIED_NO_HASH,"Valid Header, No Remote Checksum Available",1058887,PASS (Structure Only)
MYD11A1.A2023075.h27v08.061.2023076202227.hdf,VERIFIED_NO_HASH,"Valid Header, No Remote Checksum Available",802613,PASS (Structure Only)
MYD11A1.A2023070.h29v08.061.2023073014522.hdf,VERIFIED_NO_HASH,"Valid Header, No Remote Checksum Available",978287,PASS (Structure Only)
MYD11A1.A2023082.h27v08.061.2023083232252.hdf,VERIFIED_NO_HASH,"Valid Header, No Remote Checksum Available",378968,PASS (Structure Only)
MYD11A1.A2023083.h29v08.061.2023084173724.hdf,VERIFIED_NO_HASH,"Valid Header, No Remote Checksum Available",1021404,PASS (Structure Only)
MYD11A1.A2023082.h28v08.061.2023083232359.hdf,VERIFIED_NO_HASH,"Valid Header, No Remote Checksum Available",995044,PASS (Structure Only)
MYD11A1.A2023079.h27v08.061.2023080193457.hdf,VERIFIED_NO_HASH,"Valid Header, No Remote Checksum Available",242402,PASS (Structure Only)
MYD11A1.A2023084.h29v08.061.2023085184751.hdf,VERIFIED_NO_HASH,"Valid Header, No Remote Checksum Available",356002,PASS (Structure Only)
MYD11A1.A2023085.h29v08.061.2023086222835.hdf,VERIFIED_NO_HASH,"Valid Header, No Remote Checksum Available",356198,PASS (Structure Only)
MYD11A1.A2023080.h27v08.061.2023081193728.hdf,VERIFIED_NO_HASH,"Valid Header, No Remote Checksum Available",509678,PASS (Structure Only)
MYD11A1.A2023085.h27v08.061.2023086222745.hdf,VERIFIED_NO_HASH,"Valid Header, No Remote Checksum Available",866528,PASS (Structure Only)
MYD11A1.A2023083.h28v08.061.2023084173638.hdf,VERIFIED_NO_HASH,"Valid Header, No Remote Checksum Available",512052,PASS (Structure Only)
MYD11A1.A2023083.h27v08.061.2023084173637.hdf,VERIFIED_NO_HASH,"Valid Header, No Remote Checksum Available",568821,PASS (Structure Only)
MYD11A1.A2023082.h29v08.061.2023083232357.hdf,VERIFIED_NO_HASH,"Valid Header, No Remote Checksum Available",527589,PASS (Structure Only)
MYD11A1.A2023081.h28v08.061.2023082192052.hdf,VERIFIED_NO_HASH,"Valid Header, No Remote Checksum Available",365212,PASS (Structure Only)
MYD11A1.A2023081.h27v08.061.2023082192104.hdf,VERIFIED_NO_HASH,"Valid Header, No Remote Checksum Available",513168,PASS (Structure Only)
MYD11A1.A2023079.h29v08.061.2023080193447.hdf,VERIFIED_NO_HASH,"Valid Header, No Remote Checksum Available",503016,PASS (Structure Only)
MYD11A1.A2023080.h29v08.061.2023081193656.hdf,VERIFIED_NO_HASH,"Valid Header, No Remote Checksum Available",382465,PASS (Structure Only)
MYD11A1.A2023086.h28v08.061.2023087185548.hdf,VERIFIED_NO_HASH,"Valid Header, No Remote Checksum Available",535649,PASS (Structure Only)
MYD11A1.A2023085.h28v08.061.2023086222757.hdf,VERIFIED_NO_HASH,"Valid Header, No Remote Checksum Available",858094,PASS (Structure Only)
MYD11A1.A2023087.h28v08.061.2023088200459.hdf,VERIFIED_NO_HASH,"Valid Header, No Remote Checksum Available",1696134,PASS (Structure Only)
MYD11A1.A2023084.h28v08.061.2023085184514.hdf,VERIFIED_NO_HASH,"Valid Header, No Remote Checksum Available",548794,PASS (Structure Only)
MYD11A1.A2023086.h27v08.061.2023087185731.hdf,VERIFIED_NO_HASH,"Valid Header, No Remote Checksum Available",296354,PASS (Structure Only)
MYD11A1.A2023086.h29v08.061.2023087185751.hdf,VERIFIED_NO_HASH,"Valid Header, No Remote Checksum Available",757001,PASS (Structure Only)
MYD11A1.A2023088.h27v08.061.2023090071241.hdf,VERIFIED_NO_HASH,"Valid Header, No Remote Checksum Available",732435,PASS (Structure Only)
MYD11A1.A2023088.h29v08.061.2023090071057.hdf,VERIFIED_NO_HASH,"Valid Header, No Remote Checksum Available",771444,PASS (Structure Only)
MYD11A1.A2023089.h27v08.061.2023092184956.hdf,VERIFIED_NO_HASH,"Valid Header, No Remote Checksum Available",712258,PASS (Structure Only)
MYD11A1.A2023089.h29v08.061.2023092184935.hdf,VERIFIED_NO_HASH,"Valid Header, No Remote Checksum Available",239204,PASS (Structure Only)
MYD11A1.A2023090.h28v08.061.2023092185506.hdf,VERIFIED_NO_HASH,"Valid Header, No Remote Checksum Available",471629,PASS (Structure Only)
MYD11A1.A2023090.h27v08.061.2023092185457.hdf,VERIFIED_NO_HASH,"Valid Header, No Remote Checksum Available",743236,PASS (Structure Only)
MYD11A1.A2023087.h29v08.061.2023088200723.hdf,VERIFIED_NO_HASH,"Valid Header, No Remote Checksum Available",261775,PASS (Structure Only)
MYD11A1.A2023090.h29v08.061.2023092185451.hdf,VERIFIED_NO_HASH,"Valid Header, No Remote Checksum Available",411012,PASS (Structure Only)
MYD11A1.A2023094.h27v08.061.2023098034701.hdf,VERIFIED_NO_HASH,"Valid Header, No Remote Checksum Available",953722,PASS (Structure Only)
MYD11A1.A2023084.h27v08.061.2023085184526.hdf,VERIFIED_NO_HASH,"Valid Header, No Remote Checksum Available",498518,PASS (Structure Only)
MYD11A1.A2023093.h29v08.061.2023098012540.hdf,VERIFIED_NO_HASH,"Valid Header, No Remote Checksum Available",818471,PASS (Structure Only)
MYD11A1.A2023091.h27v08.061.2023096164232.hdf,VERIFIED_NO_HASH,"Valid Header, No Remote Checksum Available",456243,PASS (Structure Only)
MYD11A1.A2023091.h28v08.061.2023096154923.hdf,VERIFIED_NO_HASH,"Valid Header, No Remote Checksum Available",653543,PASS (Structure Only)
MYD11A1.A2023081.h29v08.061.2023082192104.hdf,VERIFIED_NO_HASH,"Valid Header, No Remote Checksum Available",1215575,PASS (Structure Only)
MYD11A1.A2023095.h29v08.061.2023098160916.hdf,VERIFIED_NO_HASH,"Valid Header, No Remote Checksum Available",1193438,PASS (Structure Only)
MYD11A1.A2023092.h27v08.061.2023096214236.hdf,VERIFIED_NO_HASH,"Valid Header, No Remote Checksum Available",559572,PASS (Structure Only)
MYD11A1.A2023095.h27v08.061.2023098161729.hdf,VERIFIED_NO_HASH,"Valid Header, No Remote Checksum Available",465071,PASS (Structure Only)
MYD11A1.A2023089.h28v08.061.2023092185005.hdf,VERIFIED_NO_HASH,"Valid Header, No Remote Checksum Available",1106360,PASS (Structure Only)
MYD11A1.A2023092.h28v08.061.2023096214311.hdf,VERIFIED_NO_HASH,"Valid Header, No Remote Checksum Available",371477,PASS (Structure Only)
MYD11A1.A2023094.h28v08.061.2023098034840.hdf,VERIFIED_NO_HASH,"Valid Header, No Remote Checksum Available",1207772,PASS (Structure Only)
MYD11A1.A2023088.h28v08.061.2023090071023.hdf,VERIFIED_NO_HASH,"Valid Header, No Remote Checksum Available",522892,PASS (Structure Only)
MYD11A1.A2023096.h29v08.061.2023098162220.hdf,VERIFIED_NO_HASH,"Valid Header, No Remote Checksum Available",462022,PASS (Structure Only)
MYD11A1.A2023096.h28v08.061.2023098162136.hdf,VERIFIED_NO_HASH,"Valid Header, No Remote Checksum Available",891596,PASS (Structure Only)
MYD11A1.A2023096.h27v08.061.2023098162926.hdf,VERIFIED_NO_HASH,"Valid Header, No Remote Checksum Available",981898,PASS (Structure Only)
MYD11A1.A2023097.h27v08.061.2023098223354.hdf,VERIFIED_NO_HASH,"Valid Header, No Remote Checksum Available",755506,PASS (Structure Only)
MYD11A1.A2023097.h28v08.061.2023098223429.hdf,VERIFIED_NO_HASH,"Valid Header, No Remote Checksum Available",498153,PASS (Structure Only)
MYD11A1.A2023093.h27v08.061.2023098012242.hdf,VERIFIED_NO_HASH,"Valid Header, No Remote Checksum Available",246988,PASS (Structure Only)
MYD11A1.A2023094.h29v08.061.2023098035117.hdf,VERIFIED_NO_HASH,"Valid Header, No Remote Checksum Available",366219,PASS (Structure Only)
MYD11A1.A2023099.h27v08.061.2023101014719.hdf,VERIFIED_NO_HASH,"Valid Header, No Remote Checksum Available",1233628,PASS (Structure Only)
MYD11A1.A2023099.h29v08.061.2023101014800.hdf,VERIFIED_NO_HASH,"Valid Header, No Remote Checksum Available",1286530,PASS (Structure Only)
MYD11A1.A2023098.h28v08.061.2023100091403.hdf,VERIFIED_NO_HASH,"Valid Header, No Remote Checksum Available",1184453,PASS (Structure Only)
MYD11A1.A2023100.h27v08.061.2023101194952.hdf,VERIFIED_NO_HASH,"Valid Header, No Remote Checksum Available",608968,PASS (Structure Only)
MYD11A1.A2023100.h29v08.061.2023101195339.hdf,VERIFIED_NO_HASH,"Valid Header, No Remote Checksum Available",1412181,PASS (Structure Only)
MYD11A1.A2023101.h27v08.061.2023104110549.hdf,VERIFIED_NO_HASH,"Valid Header, No Remote Checksum Available",1370617,PASS (Structure Only)
MYD11A1.A2023100.h28v08.061.2023101195130.hdf,VERIFIED_NO_HASH,"Valid Header, No Remote Checksum Available",1121573,PASS (Structure Only)
MYD11A1.A2023099.h28v08.061.2023101014559.hdf,VERIFIED_NO_HASH,"Valid Header, No Remote Checksum Available",1384608,PASS (Structure Only)
MYD11A1.A2023103.h28v08.061.2023104230750.hdf,VERIFIED_NO_HASH,"Valid Header, No Remote Checksum Available",1681486,PASS (Structure Only)
MYD11A1.A2023098.h27v08.061.2023100091036.hdf,VERIFIED_NO_HASH,"Valid Header, No Remote Checksum Available",613579,PASS (Structure Only)
MYD11A1.A2023102.h28v08.061.2023104123458.hdf,VERIFIED_NO_HASH,"Valid Header, No Remote Checksum Available",765627,PASS (Structure Only)
MYD11A1.A2023103.h29v08.061.2023104230533.hdf,VERIFIED_NO_HASH,"Valid Header, No Remote Checksum Available",933863,PASS (Structure Only)
MYD11A1.A2023102.h29v08.061.2023104123734.hdf,VERIFIED_NO_HASH,"Valid Header, No Remote Checksum Available",2084237,PASS (Structure Only)
MYD11A1.A2023101.h28v08.061.2023104110756.hdf,VERIFIED_NO_HASH,"Valid Header, No Remote Checksum Available",1903229,PASS (Structure Only)
MYD11A1.A2023101.h29v08.061.2023104111700.hdf,VERIFIED_NO_HASH,"Valid Header, No Remote Checksum Available",898141,PASS (Structure Only)
MYD11A1.A2023104.h28v08.061.2023105223639.hdf,VERIFIED_NO_HASH,"Valid Header, No Remote Checksum Available",899828,PASS (Structure Only)
MYD11A1.A2023095.h28v08.061.2023098160833.hdf,VERIFIED_NO_HASH,"Valid Header, No Remote Checksum Available",400520,PASS (Structure Only)
MYD11A1.A2023087.h27v08.061.2023088200512.hdf,VERIFIED_NO_HASH,"Valid Header, No Remote Checksum Available",1004382,PASS (Structure Only)
MYD11A1.A2023080.h28v08.061.2023081193814.hdf,VERIFIED_NO_HASH,"Valid Header, No Remote Checksum Available",386545,PASS (Structure Only)
MYD11A1.A2023105.h27v08.061.2023106175254.hdf,VERIFIED_NO_HASH,"Valid Header, No Remote Checksum Available",604165,PASS (Structure Only)
MYD11A1.A2023104.h29v08.061.2023105224058.hdf,VERIFIED_NO_HASH,"Valid Header, No Remote Checksum Available",1353455,PASS (Structure Only)
MYD11A1.A2023104.h27v08.061.2023105223520.hdf,VERIFIED_NO_HASH,"Valid Header, No Remote Checksum Available",947973,PASS (Structure Only)
MYD11A1.A2023105.h29v08.061.2023106175029.hdf,VERIFIED_NO_HASH,"Valid Header, No Remote Checksum Available",1254822,PASS (Structure Only)
MYD11A1.A2023106.h29v08.061.2023108041250.hdf,VERIFIED_NO_HASH,"Valid Header, No Remote Checksum Available",565861,PASS (Structure Only)
MYD11A1.A2023105.h28v08.061.2023106175205.hdf,VERIFIED_NO_HASH,"Valid Header, No Remote Checksum Available",1147109,PASS (Structure Only)
MYD11A1.A2023103.h27v08.061.2023104231255.hdf,VERIFIED_NO_HASH,"Valid Header, No Remote Checksum Available",1020329,PASS (Structure Only)
MYD11A1.A2023102.h27v08.061.2023104123627.hdf,VERIFIED_NO_HASH,"Valid Header, No Remote Checksum Available",662866,PASS (Structure Only)
MYD11A1.A2023109.h27v08.061.2023110175827.hdf,VERIFIED_NO_HASH,"Valid Header, No Remote Checksum Available",363224,PASS (Structure Only)
MYD11A1.A2023107.h27v08.061.2023108184033.hdf,VERIFIED_NO_HASH,"Valid Header, No Remote Checksum Available",404106,PASS (Structure Only)
MYD11A1.A2023092.h29v08.061.2023096214328.hdf,VERIFIED_NO_HASH,"Valid Header, No Remote Checksum Available",273951,PASS (Structure Only)
MYD11A1.A2023109.h29v08.061.2023110175843.hdf,VERIFIED_NO_HASH,"Valid Header, No Remote Checksum Available",1596871,PASS (Structure Only)
MYD11A1.A2023091.h29v08.061.2023096163516.hdf,VERIFIED_NO_HASH,"Valid Header, No Remote Checksum Available",292153,PASS (Structure Only)
MYD11A1.A2023093.h28v08.061.2023098012433.hdf,VERIFIED_NO_HASH,"Valid Header, No Remote Checksum Available",298245,PASS (Structure Only)
MYD11A1.A2023106.h27v08.061.2023108041348.hdf,VERIFIED_NO_HASH,"Valid Header, No Remote Checksum Available",460032,PASS (Structure Only)
MYD11A1.A2023107.h28v08.061.2023108184208.hdf,VERIFIED_NO_HASH,"Valid Header, No Remote Checksum Available",539932,PASS (Structure Only)
MYD11A1.A2023108.h29v08.061.2023109180836.hdf,VERIFIED_NO_HASH,"Valid Header, No Remote Checksum Available",1064380,PASS (Structure Only)
MYD11A1.A2023110.h28v08.061.2023111180926.hdf,VERIFIED_NO_HASH,"Valid Header, No Remote Checksum Available",702292,PASS (Structure Only)
MYD11A1.A2023098.h29v08.061.2023100091140.hdf,VERIFIED_NO_HASH,"Valid Header, No Remote Checksum Available",973448,PASS (Structure Only)
MYD11A1.A2023111.h27v08.061.2023112181837.hdf,VERIFIED_NO_HASH,"Valid Header, No Remote Checksum Available",717936,PASS (Structure Only)
MYD11A1.A2023108.h27v08.061.2023109180823.hdf,VERIFIED_NO_HASH,"Valid Header, No Remote Checksum Available",658817,PASS (Structure Only)
MYD11A1.A2023110.h29v08.061.2023111181016.hdf,VERIFIED_NO_HASH,"Valid Header, No Remote Checksum Available",435604,PASS (Structure Only)
MYD11A1.A2023109.h28v08.061.2023110175825.hdf,VERIFIED_NO_HASH,"Valid Header, No Remote Checksum Available",378383,PASS (Structure Only)
MYD11A1.A2023112.h27v08.061.2023114000150.hdf,VERIFIED_NO_HASH,"Valid Header, No Remote Checksum Available",308139,PASS (Structure Only)
MYD11A1.A2023112.h28v08.061.2023114000236.hdf,VERIFIED_NO_HASH,"Valid Header, No Remote Checksum Available",661388,PASS (Structure Only)
MYD11A1.A2023112.h29v08.061.2023114000141.hdf,VERIFIED_NO_HASH,"Valid Header, No Remote Checksum Available",1305311,PASS (Structure Only)
MYD11A1.A2023111.h28v08.061.2023112181908.hdf,VERIFIED_NO_HASH,"Valid Header, No Remote Checksum Available",466513,PASS (Structure Only)
MYD11A1.A2023111.h29v08.061.2023112181852.hdf,VERIFIED_NO_HASH,"Valid Header, No Remote Checksum Available",1779962,PASS (Structure Only)
MYD11A1.A2023108.h28v08.061.2023109180903.hdf,VERIFIED_NO_HASH,"Valid Header, No Remote Checksum Available",908399,PASS (Structure Only)
MYD11A1.A2023107.h29v08.061.2023108184138.hdf,VERIFIED_NO_HASH,"Valid Header, No Remote Checksum Available",1316336,PASS (Structure Only)
MYD11A1.A2023110.h27v08.061.2023111181025.hdf,VERIFIED_NO_HASH,"Valid Header, No Remote Checksum Available",546157,PASS (Structure Only)
MYD11A1.A2023097.h29v08.061.2023098223637.hdf,VERIFIED_NO_HASH,"Valid Header, No Remote Checksum Available",1131527,PASS (Structure Only)
MYD11A1.A2023106.h28v08.061.2023108041444.hdf,VERIFIED_NO_HASH,"Valid Header, No Remote Checksum Available",502442,PASS (Structure Only)
MYD11A1.A2023115.h27v08.061.2023117220357.hdf,VERIFIED_NO_HASH,"Valid Header, No Remote Checksum Available",228932,PASS (Structure Only)
MYD11A1.A2023115.h28v08.061.2023117220257.hdf,VERIFIED_NO_HASH,"Valid Header, No Remote Checksum Available",318459,PASS (Structure Only)
MYD11A1.A2023116.h27v08.061.2023117233736.hdf,VERIFIED_NO_HASH,"Valid Header, No Remote Checksum Available",297781,PASS (Structure Only)
MYD11A1.A2023117.h27v08.061.2023118190710.hdf,VERIFIED_NO_HASH,"Valid Header, No Remote Checksum Available",228284,PASS (Structure Only)
MYD11A1.A2023113.h27v08.061.2023114194729.hdf,VERIFIED_NO_HASH,"Valid Header, No Remote Checksum Available",577716,PASS (Structure Only)
MYD11A1.A2023119.h28v08.061.2023120174103.hdf,VERIFIED_NO_HASH,"Valid Header, No Remote Checksum Available",261380,PASS (Structure Only)
MYD11A1.A2023116.h29v08.061.2023117233938.hdf,VERIFIED_NO_HASH,"Valid Header, No Remote Checksum Available",919246,PASS (Structure Only)
MYD11A1.A2023115.h29v08.061.2023117220348.hdf,VERIFIED_NO_HASH,"Valid Header, No Remote Checksum Available",623947,PASS (Structure Only)
MYD11A1.A2023118.h27v08.061.2023119174221.hdf,VERIFIED_NO_HASH,"Valid Header, No Remote Checksum Available",258896,PASS (Structure Only)
MYD11A1.A2023119.h27v08.061.2023120174216.hdf,VERIFIED_NO_HASH,"Valid Header, No Remote Checksum Available",261706,PASS (Structure Only)
MYD11A1.A2023119.h29v08.061.2023120174105.hdf,VERIFIED_NO_HASH,"Valid Header, No Remote Checksum Available",578233,PASS (Structure Only)
MYD11A1.A2023121.h29v08.061.2023123210402.hdf,VERIFIED_NO_HASH,"Valid Header, No Remote Checksum Available",1603121,PASS (Structure Only)
MYD11A1.A2023120.h29v08.061.2023122180958.hdf,VERIFIED_NO_HASH,"Valid Header, No Remote Checksum Available",256743,PASS (Structure Only)
MYD11A1.A2023120.h27v08.061.2023122181100.hdf,VERIFIED_NO_HASH,"Valid Header, No Remote Checksum Available",417203,PASS (Structure Only)
MYD11A1.A2023121.h27v08.061.2023123210346.hdf,VERIFIED_NO_HASH,"Valid Header, No Remote Checksum Available",299071,PASS (Structure Only)
MYD11A1.A2023120.h28v08.061.2023122181057.hdf,VERIFIED_NO_HASH,"Valid Header, No Remote Checksum Available",332899,PASS (Structure Only)
MYD11A1.A2023123.h28v08.061.2023124194255.hdf,VERIFIED_NO_HASH,"Valid Header, No Remote Checksum Available",240470,PASS (Structure Only)
MYD11A1.A2023122.h28v08.061.2023123213530.hdf,VERIFIED_NO_HASH,"Valid Header, No Remote Checksum Available",759099,PASS (Structure Only)
MYD11A1.A2023122.h27v08.061.2023123213322.hdf,VERIFIED_NO_HASH,"Valid Header, No Remote Checksum Available",340795,PASS (Structure Only)
MYD11A1.A2023123.h27v08.061.2023124194320.hdf,VERIFIED_NO_HASH,"Valid Header, No Remote Checksum Available",227393,PASS (Structure Only)
MYD11A1.A2023124.h27v08.061.2023125180147.hdf,VERIFIED_NO_HASH,"Valid Header, No Remote Checksum Available",545575,PASS (Structure Only)
MYD11A1.A2023125.h27v08.061.2023127060533.hdf,VERIFIED_NO_HASH,"Valid Header, No Remote Checksum Available",369091,PASS (Structure Only)
MYD11A1.A2023117.h29v08.061.2023118190733.hdf,VERIFIED_NO_HASH,"Valid Header, No Remote Checksum Available",450622,PASS (Structure Only)
MYD11A1.A2023113.h28v08.061.2023114194858.hdf,VERIFIED_NO_HASH,"Valid Header, No Remote Checksum Available",724178,PASS (Structure Only)
MYD11A1.A2023114.h27v08.061.2023115214834.hdf,VERIFIED_NO_HASH,"Valid Header, No Remote Checksum Available",258083,PASS (Structure Only)
MYD11A1.A2023114.h28v08.061.2023115215116.hdf,VERIFIED_NO_HASH,"Valid Header, No Remote Checksum Available",406332,PASS (Structure Only)
MYD11A1.A2023114.h29v08.061.2023115215034.hdf,VERIFIED_NO_HASH,"Valid Header, No Remote Checksum Available",1426183,PASS (Structure Only)
MYD11A1.A2023125.h29v08.061.2023127060453.hdf,VERIFIED_NO_HASH,"Valid Header, No Remote Checksum Available",373049,PASS (Structure Only)
MYD11A1.A2023125.h28v08.061.2023127060543.hdf,VERIFIED_NO_HASH,"Valid Header, No Remote Checksum Available",266096,PASS (Structure Only)
MYD11A1.A2023128.h27v08.061.2023129201134.hdf,VERIFIED_NO_HASH,"Valid Header, No Remote Checksum Available",217090,PASS (Structure Only)
MYD11A1.A2023126.h27v08.061.2023127181514.hdf,VERIFIED_NO_HASH,"Valid Header, No Remote Checksum Available",232673,PASS (Structure Only)
MYD11A1.A2023127.h27v08.061.2023129042918.hdf,VERIFIED_NO_HASH,"Valid Header, No Remote Checksum Available",237893,PASS (Structure Only)
MYD11A1.A2023127.h28v08.061.2023129043453.hdf,VERIFIED_NO_HASH,"Valid Header, No Remote Checksum Available",252577,PASS (Structure Only)
MYD11A1.A2023127.h29v08.061.2023129043654.hdf,VERIFIED_NO_HASH,"Valid Header, No Remote Checksum Available",386221,PASS (Structure Only)
MYD11A1.A2023129.h28v08.061.2023143190541.hdf,VERIFIED_NO_HASH,"Valid Header, No Remote Checksum Available",465968,PASS (Structure Only)
MYD11A1.A2023129.h29v08.061.2023143190538.hdf,VERIFIED_NO_HASH,"Valid Header, No Remote Checksum Available",316560,PASS (Structure Only)
MYD11A1.A2023124.h29v08.061.2023125180220.hdf,VERIFIED_NO_HASH,"Valid Header, No Remote Checksum Available",398458,PASS (Structure Only)
MYD11A1.A2023130.h29v08.061.2023143191221.hdf,VERIFIED_NO_HASH,"Valid Header, No Remote Checksum Available",1238183,PASS (Structure Only)
MYD11A1.A2023131.h28v08.061.2023143211952.hdf,VERIFIED_NO_HASH,"Valid Header, No Remote Checksum Available",1424730,PASS (Structure Only)
MYD11A1.A2023121.h28v08.061.2023123210439.hdf,VERIFIED_NO_HASH,"Valid Header, No Remote Checksum Available",542636,PASS (Structure Only)
MYD11A1.A2023122.h29v08.061.2023123213209.hdf,VERIFIED_NO_HASH,"Valid Header, No Remote Checksum Available",584640,PASS (Structure Only)
MYD11A1.A2023130.h28v08.061.2023143191332.hdf,VERIFIED_NO_HASH,"Valid Header, No Remote Checksum Available",312085,PASS (Structure Only)
MYD11A1.A2023131.h27v08.061.2023143212014.hdf,VERIFIED_NO_HASH,"Valid Header, No Remote Checksum Available",903173,PASS (Structure Only)
MYD11A1.A2023123.h29v08.061.2023124194352.hdf,VERIFIED_NO_HASH,"Valid Header, No Remote Checksum Available",1513016,PASS (Structure Only)
MYD11A1.A2023113.h29v08.061.2023114194753.hdf,VERIFIED_NO_HASH,"Valid Header, No Remote Checksum Available",1866945,PASS (Structure Only)
MYD11A1.A2023128.h29v08.061.2023129201223.hdf,VERIFIED_NO_HASH,"Valid Header, No Remote Checksum Available",441044,PASS (Structure Only)
MYD11A1.A2023128.h28v08.061.2023129201252.hdf,VERIFIED_NO_HASH,"Valid Header, No Remote Checksum Available",272146,PASS (Structure Only)
MYD11A1.A2023132.h28v08.061.2023143214210.hdf,VERIFIED_NO_HASH,"Valid Header, No Remote Checksum Available",1055166,PASS (Structure Only)
MYD11A1.A2023133.h28v08.061.2023143230835.hdf,VERIFIED_NO_HASH,"Valid Header, No Remote Checksum Available",1407049,PASS (Structure Only)
MYD11A1.A2023132.h29v08.061.2023143214152.hdf,VERIFIED_NO_HASH,"Valid Header, No Remote Checksum Available",2388117,PASS (Structure Only)
MYD11A1.A2023129.h27v08.061.2023143190646.hdf,VERIFIED_NO_HASH,"Valid Header, No Remote Checksum Available",367082,PASS (Structure Only)
MYD11A1.A2023130.h27v08.061.2023143191227.hdf,VERIFIED_NO_HASH,"Valid Header, No Remote Checksum Available",267221,PASS (Structure Only)
MYD11A1.A2023134.h29v08.061.2023143234615.hdf,VERIFIED_NO_HASH,"Valid Header, No Remote Checksum Available",880479,PASS (Structure Only)
MYD11A1.A2023116.h28v08.061.2023117233843.hdf,VERIFIED_NO_HASH,"Valid Header, No Remote Checksum Available",220223,PASS (Structure Only)
MYD11A1.A2023133.h27v08.061.2023143231019.hdf,VERIFIED_NO_HASH,"Valid Header, No Remote Checksum Available",594045,PASS (Structure Only)
MYD11A1.A2023134.h28v08.061.2023143234608.hdf,VERIFIED_NO_HASH,"Valid Header, No Remote Checksum Available",1145654,PASS (Structure Only)
MYD11A1.A2023136.h29v08.061.2023144020644.hdf,VERIFIED_NO_HASH,"Valid Header, No Remote Checksum Available",588175,PASS (Structure Only)
MYD11A1.A2023137.h29v08.061.2023144044747.hdf,VERIFIED_NO_HASH,"Valid Header, No Remote Checksum Available",1281002,PASS (Structure Only)
MYD11A1.A2023132.h27v08.061.2023143214025.hdf,VERIFIED_NO_HASH,"Valid Header, No Remote Checksum Available",1025568,PASS (Structure Only)
MYD11A1.A2023133.h29v08.061.2023143230758.hdf,VERIFIED_NO_HASH,"Valid Header, No Remote Checksum Available",872538,PASS (Structure Only)
MYD11A1.A2023135.h27v08.061.2023144011116.hdf,VERIFIED_NO_HASH,"Valid Header, No Remote Checksum Available",282603,PASS (Structure Only)
MYD11A1.A2023138.h27v08.061.2023144052946.hdf,VERIFIED_NO_HASH,"Valid Header, No Remote Checksum Available",304605,PASS (Structure Only)
MYD11A1.A2023138.h28v08.061.2023144052856.hdf,VERIFIED_NO_HASH,"Valid Header, No Remote Checksum Available",519521,PASS (Structure Only)
MYD11A1.A2023136.h27v08.061.2023144020634.hdf,VERIFIED_NO_HASH,"Valid Header, No Remote Checksum Available",1133478,PASS (Structure Only)
MYD11A1.A2023137.h27v08.061.2023144044807.hdf,VERIFIED_NO_HASH,"Valid Header, No Remote Checksum Available",346390,PASS (Structure Only)
MYD11A1.A2023137.h28v08.061.2023144044846.hdf,VERIFIED_NO_HASH,"Valid Header, No Remote Checksum Available",401993,PASS (Structure Only)
MYD11A1.A2023135.h28v08.061.2023144011156.hdf,VERIFIED_NO_HASH,"Valid Header, No Remote Checksum Available",631289,PASS (Structure Only)
MYD11A1.A2023140.h27v08.061.2023144072829.hdf,VERIFIED_NO_HASH,"Valid Header, No Remote Checksum Available",240591,PASS (Structure Only)
MYD11A1.A2023139.h27v08.061.2023144064908.hdf,VERIFIED_NO_HASH,"Valid Header, No Remote Checksum Available",401034,PASS (Structure Only)
MYD11A1.A2023139.h29v08.061.2023144064816.hdf,VERIFIED_NO_HASH,"Valid Header, No Remote Checksum Available",580540,PASS (Structure Only)
MYD11A1.A2023118.h28v08.061.2023119174133.hdf,VERIFIED_NO_HASH,"Valid Header, No Remote Checksum Available",243824,PASS (Structure Only)
MYD11A1.A2023141.h29v08.061.2023144091935.hdf,VERIFIED_NO_HASH,"Valid Header, No Remote Checksum Available",1033056,PASS (Structure Only)
MYD11A1.A2023124.h28v08.061.2023125180146.hdf,VERIFIED_NO_HASH,"Valid Header, No Remote Checksum Available",892495,PASS (Structure Only)
MYD11A1.A2023131.h29v08.061.2023143212124.hdf,VERIFIED_NO_HASH,"Valid Header, No Remote Checksum Available",1132824,PASS (Structure Only)
MYD11A1.A2023135.h29v08.061.2023144011120.hdf,VERIFIED_NO_HASH,"Valid Header, No Remote Checksum Available",1633869,PASS (Structure Only)
MYD11A1.A2023136.h28v08.061.2023144020705.hdf,VERIFIED_NO_HASH,"Valid Header, No Remote Checksum Available",1471192,PASS (Structure Only)
MYD11A1.A2023140.h28v08.061.2023144072738.hdf,VERIFIED_NO_HASH,"Valid Header, No Remote Checksum Available",455629,PASS (Structure Only)
MYD11A1.A2023139.h28v08.061.2023144065057.hdf,VERIFIED_NO_HASH,"Valid Header, No Remote Checksum Available",333876,PASS (Structure Only)
MYD11A1.A2023138.h29v08.061.2023144052756.hdf,VERIFIED_NO_HASH,"Valid Header, No Remote Checksum Available",631261,PASS (Structure Only)
MYD11A1.A2023126.h28v08.061.2023127181301.hdf,VERIFIED_NO_HASH,"Valid Header, No Remote Checksum Available",437091,PASS (Structure Only)
MYD11A1.A2023142.h27v08.061.2023144094755.hdf,VERIFIED_NO_HASH,"Valid Header, No Remote Checksum Available",263179,PASS (Structure Only)
MYD11A1.A2023141.h27v08.061.2023144092313.hdf,VERIFIED_NO_HASH,"Valid Header, No Remote Checksum Available",580287,PASS (Structure Only)
MYD11A1.A2023117.h28v08.061.2023118190652.hdf,VERIFIED_NO_HASH,"Valid Header, No Remote Checksum Available",342374,PASS (Structure Only)
MYD11A1.A2023118.h29v08.061.2023119174115.hdf,VERIFIED_NO_HASH,"Valid Header, No Remote Checksum Available",1061840,PASS (Structure Only)
MYD11A1.A2023126.h29v08.061.2023127181502.hdf,VERIFIED_NO_HASH,"Valid Header, No Remote Checksum Available",649727,PASS (Structure Only)
MYD11A1.A2023134.h27v08.061.2023143234528.hdf,VERIFIED_NO_HASH,"Valid Header, No Remote Checksum Available",836173,PASS (Structure Only)
MYD11A1.A2023141.h28v08.061.2023144091957.hdf,VERIFIED_NO_HASH,"Valid Header, No Remote Checksum Available",492736,PASS (Structure Only)
MYD11A1.A2023140.h29v08.061.2023144072643.hdf,VERIFIED_NO_HASH,"Valid Header, No Remote Checksum Available",1117032,PASS (Structure Only)
MYD11A1.A2023142.h28v08.061.2023144094818.hdf,VERIFIED_NO_HASH,"Valid Header, No Remote Checksum Available",366876,PASS (Structure Only)
MYD11A1.A2023144.h29v08.061.2023145174633.hdf,VERIFIED_NO_HASH,"Valid Header, No Remote Checksum Available",1441192,PASS (Structure Only)
MYD11A1.A2023146.h27v08.061.2023147183647.hdf,VERIFIED_NO_HASH,"Valid Header, No Remote Checksum Available",347019,PASS (Structure Only)
MYD11A1.A2023147.h28v08.061.2023148175804.hdf,VERIFIED_NO_HASH,"Valid Header, No Remote Checksum Available",410632,PASS (Structure Only)
MYD11A1.A2023144.h27v08.061.2023145174716.hdf,VERIFIED_NO_HASH,"Valid Header, No Remote Checksum Available",545851,PASS (Structure Only)
MYD11A1.A2023146.h28v08.061.2023147183603.hdf,VERIFIED_NO_HASH,"Valid Header, No Remote Checksum Available",254307,PASS (Structure Only)
MYD11A1.A2023148.h28v08.061.2023149183104.hdf,VERIFIED_NO_HASH,"Valid Header, No Remote Checksum Available",826492,PASS (Structure Only)
MYD11A1.A2023143.h27v08.061.2023144175351.hdf,VERIFIED_NO_HASH,"Valid Header, No Remote Checksum Available",911670,PASS (Structure Only)
MYD11A1.A2023148.h27v08.061.2023149183051.hdf,VERIFIED_NO_HASH,"Valid Header, No Remote Checksum Available",692238,PASS (Structure Only)
MYD11A1.A2023149.h28v08.061.2023150191517.hdf,VERIFIED_NO_HASH,"Valid Header, No Remote Checksum Available",688479,PASS (Structure Only)
MYD11A1.A2023150.h27v08.061.2023151185756.hdf,VERIFIED_NO_HASH,"Valid Header, No Remote Checksum Available",644016,PASS (Structure Only)
MYD11A1.A2023151.h27v08.061.2023153211048.hdf,VERIFIED_NO_HASH,"Valid Header, No Remote Checksum Available",400974,PASS (Structure Only)
MYD11A1.A2023142.h29v08.061.2023144094936.hdf,VERIFIED_NO_HASH,"Valid Header, No Remote Checksum Available",627005,PASS (Structure Only)
MYD11A1.A2023143.h28v08.061.2023144175339.hdf,VERIFIED_NO_HASH,"Valid Header, No Remote Checksum Available",1398825,PASS (Structure Only)
MYD11A1.A2023144.h28v08.061.2023145174638.hdf,VERIFIED_NO_HASH,"Valid Header, No Remote Checksum Available",462429,PASS (Structure Only)
MYD11A1.A2023145.h28v08.061.2023146183158.hdf,VERIFIED_NO_HASH,"Valid Header, No Remote Checksum Available",756870,PASS (Structure Only)
MYD11A1.A2023143.h29v08.061.2023144175344.hdf,VERIFIED_NO_HASH,"Valid Header, No Remote Checksum Available",418771,PASS (Structure Only)
MYD11A1.A2023147.h27v08.061.2023148175924.hdf,VERIFIED_NO_HASH,"Valid Header, No Remote Checksum Available",367283,PASS (Structure Only)
MYD11A1.A2023152.h29v08.061.2023153214717.hdf,VERIFIED_NO_HASH,"Valid Header, No Remote Checksum Available",527124,PASS (Structure Only)
MYD11A1.A2023153.h29v08.061.2023154185524.hdf,VERIFIED_NO_HASH,"Valid Header, No Remote Checksum Available",714213,PASS (Structure Only)
MYD11A1.A2023153.h28v08.061.2023154185518.hdf,VERIFIED_NO_HASH,"Valid Header, No Remote Checksum Available",551947,PASS (Structure Only)
MYD11A1.A2023153.h27v08.061.2023154185456.hdf,VERIFIED_NO_HASH,"Valid Header, No Remote Checksum Available",507896,PASS (Structure Only)
MYD11A1.A2023151.h28v08.061.2023153211120.hdf,VERIFIED_NO_HASH,"Valid Header, No Remote Checksum Available",399377,PASS (Structure Only)
MYD11A1.A2023151.h29v08.061.2023153211127.hdf,VERIFIED_NO_HASH,"Valid Header, No Remote Checksum Available",1690866,PASS (Structure Only)
MYD11A1.A2023152.h27v08.061.2023153214725.hdf,VERIFIED_NO_HASH,"Valid Header, No Remote Checksum Available",451170,PASS (Structure Only)
MYD11A1.A2023156.h28v08.061.2023157195939.hdf,VERIFIED_NO_HASH,"Valid Header, No Remote Checksum Available",220566,PASS (Structure Only)
MYD11A1.A2023156.h29v08.061.2023157195937.hdf,VERIFIED_NO_HASH,"Valid Header, No Remote Checksum Available",540474,PASS (Structure Only)
MYD11A1.A2023148.h29v08.061.2023149183141.hdf,VERIFIED_NO_HASH,"Valid Header, No Remote Checksum Available",1229352,PASS (Structure Only)
MYD11A1.A2023149.h27v08.061.2023150191551.hdf,VERIFIED_NO_HASH,"Valid Header, No Remote Checksum Available",351931,PASS (Structure Only)
MYD11A1.A2023154.h28v08.061.2023155182406.hdf,VERIFIED_NO_HASH,"Valid Header, No Remote Checksum Available",501770,PASS (Structure Only)
MYD11A1.A2023154.h27v08.061.2023155182412.hdf,VERIFIED_NO_HASH,"Valid Header, No Remote Checksum Available",233062,PASS (Structure Only)
MYD11A1.A2023150.h29v08.061.2023151185804.hdf,VERIFIED_NO_HASH,"Valid Header, No Remote Checksum Available",391312,PASS (Structure Only)
MYD11A1.A2023150.h28v08.061.2023151185809.hdf,VERIFIED_NO_HASH,"Valid Header, No Remote Checksum Available",1003980,PASS (Structure Only)
MYD11A1.A2023155.h27v08.061.2023156232051.hdf,VERIFIED_NO_HASH,"Valid Header, No Remote Checksum Available",520638,PASS (Structure Only)
MYD11A1.A2023154.h29v08.061.2023155182416.hdf,VERIFIED_NO_HASH,"Valid Header, No Remote Checksum Available",715966,PASS (Structure Only)
MYD11A1.A2023158.h27v08.061.2023159181126.hdf,VERIFIED_NO_HASH,"Valid Header, No Remote Checksum Available",304648,PASS (Structure Only)
MYD11A1.A2023158.h28v08.061.2023159181113.hdf,VERIFIED_NO_HASH,"Valid Header, No Remote Checksum Available",277420,PASS (Structure Only)
MYD11A1.A2023159.h29v08.061.2023163235448.hdf,VERIFIED_NO_HASH,"Valid Header, No Remote Checksum Available",801955,PASS (Structure Only)
MYD11A1.A2023157.h27v08.061.2023158181632.hdf,VERIFIED_NO_HASH,"Valid Header, No Remote Checksum Available",419424,PASS (Structure Only)
MYD11A1.A2023157.h29v08.061.2023158181638.hdf,VERIFIED_NO_HASH,"Valid Header, No Remote Checksum Available",379045,PASS (Structure Only)
MYD11A1.A2023157.h28v08.061.2023158181653.hdf,VERIFIED_NO_HASH,"Valid Header, No Remote Checksum Available",591458,PASS (Structure Only)
MYD11A1.A2023155.h29v08.061.2023156232207.hdf,VERIFIED_NO_HASH,"Valid Header, No Remote Checksum Available",544176,PASS (Structure Only)
MYD11A1.A2023158.h29v08.061.2023159181129.hdf,VERIFIED_NO_HASH,"Valid Header, No Remote Checksum Available",808984,PASS (Structure Only)
MYD11A1.A2023161.h27v08.061.2023164032108.hdf,VERIFIED_NO_HASH,"Valid Header, No Remote Checksum Available",226701,PASS (Structure Only)
MYD11A1.A2023161.h29v08.061.2023164032223.hdf,VERIFIED_NO_HASH,"Valid Header, No Remote Checksum Available",1239262,PASS (Structure Only)
MYD11A1.A2023147.h29v08.061.2023148175816.hdf,VERIFIED_NO_HASH,"Valid Header, No Remote Checksum Available",1237859,PASS (Structure Only)
MYD11A1.A2023145.h27v08.061.2023146183341.hdf,VERIFIED_NO_HASH,"Valid Header, No Remote Checksum Available",457922,PASS (Structure Only)
MYD11A1.A2023145.h29v08.061.2023146183130.hdf,VERIFIED_NO_HASH,"Valid Header, No Remote Checksum Available",693883,PASS (Structure Only)
MYD11A1.A2023146.h29v08.061.2023147183533.hdf,VERIFIED_NO_HASH,"Valid Header, No Remote Checksum Available",1269267,PASS (Structure Only)
MYD11A1.A2023162.h29v08.061.2023164073048.hdf,VERIFIED_NO_HASH,"Valid Header, No Remote Checksum Available",718799,PASS (Structure Only)
MYD11A1.A2023159.h27v08.061.2023163235013.hdf,VERIFIED_NO_HASH,"Valid Header, No Remote Checksum Available",303442,PASS (Structure Only)
MYD11A1.A2023162.h27v08.061.2023164073112.hdf,VERIFIED_NO_HASH,"Valid Header, No Remote Checksum Available",672055,PASS (Structure Only)
MYD11A1.A2023164.h28v08.061.2023166015945.hdf,VERIFIED_NO_HASH,"Valid Header, No Remote Checksum Available",1031164,PASS (Structure Only)
MYD11A1.A2023163.h27v08.061.2023164201943.hdf,VERIFIED_NO_HASH,"Valid Header, No Remote Checksum Available",341849,PASS (Structure Only)
MYD11A1.A2023163.h28v08.061.2023164202651.hdf,VERIFIED_NO_HASH,"Valid Header, No Remote Checksum Available",711776,PASS (Structure Only)
MYD11A1.A2023160.h27v08.061.2023164025106.hdf,VERIFIED_NO_HASH,"Valid Header, No Remote Checksum Available",467045,PASS (Structure Only)
MYD11A1.A2023161.h28v08.061.2023164032038.hdf,VERIFIED_NO_HASH,"Valid Header, No Remote Checksum Available",801637,PASS (Structure Only)
MYD11A1.A2023160.h28v08.061.2023164024757.hdf,VERIFIED_NO_HASH,"Valid Header, No Remote Checksum Available",657862,PASS (Structure Only)
MYD11A1.A2023160.h29v08.061.2023164024927.hdf,VERIFIED_NO_HASH,"Valid Header, No Remote Checksum Available",807215,PASS (Structure Only)
MYD11A1.A2023166.h29v08.061.2023167203501.hdf,VERIFIED_NO_HASH,"Valid Header, No Remote Checksum Available",617331,PASS (Structure Only)
MYD11A1.A2023167.h27v08.061.2023168205326.hdf,VERIFIED_NO_HASH,"Valid Header, No Remote Checksum Available",1041117,PASS (Structure Only)
MYD11A1.A2023164.h27v08.061.2023166020055.hdf,VERIFIED_NO_HASH,"Valid Header, No Remote Checksum Available",922305,PASS (Structure Only)
MYD11A1.A2023166.h27v08.061.2023167203308.hdf,VERIFIED_NO_HASH,"Valid Header, No Remote Checksum Available",602922,PASS (Structure Only)
MYD11A1.A2023165.h27v08.061.2023166225232.hdf,VERIFIED_NO_HASH,"Valid Header, No Remote Checksum Available",505854,PASS (Structure Only)
MYD11A1.A2023167.h28v08.061.2023168205321.hdf,VERIFIED_NO_HASH,"Valid Header, No Remote Checksum Available",1089121,PASS (Structure Only)
MYD11A1.A2023167.h29v08.061.2023168205324.hdf,VERIFIED_NO_HASH,"Valid Header, No Remote Checksum Available",1052147,PASS (Structure Only)
MYD11A1.A2023164.h29v08.061.2023166020232.hdf,VERIFIED_NO_HASH,"Valid Header, No Remote Checksum Available",897272,PASS (Structure Only)
MYD11A1.A2023168.h29v08.061.2023169191401.hdf,VERIFIED_NO_HASH,"Valid Header, No Remote Checksum Available",585048,PASS (Structure Only)
MYD11A1.A2023149.h29v08.061.2023150191552.hdf,VERIFIED_NO_HASH,"Valid Header, No Remote Checksum Available",1356603,PASS (Structure Only)
MYD11A1.A2023170.h27v08.061.2023171210956.hdf,VERIFIED_NO_HASH,"Valid Header, No Remote Checksum Available",591333,PASS (Structure Only)
MYD11A1.A2023170.h28v08.061.2023171210852.hdf,VERIFIED_NO_HASH,"Valid Header, No Remote Checksum Available",496608,PASS (Structure Only)
MYD11A1.A2023170.h29v08.061.2023171211009.hdf,VERIFIED_NO_HASH,"Valid Header, No Remote Checksum Available",814798,PASS (Structure Only)
MYD11A1.A2023171.h27v08.061.2023172214030.hdf,VERIFIED_NO_HASH,"Valid Header, No Remote Checksum Available",1523102,PASS (Structure Only)
MYD11A1.A2023159.h28v08.061.2023163235024.hdf,VERIFIED_NO_HASH,"Valid Header, No Remote Checksum Available",693317,PASS (Structure Only)
MYD11A1.A2023171.h29v08.061.2023172214230.hdf,VERIFIED_NO_HASH,"Valid Header, No Remote Checksum Available",240950,PASS (Structure Only)
MYD11A1.A2023169.h29v08.061.2023170184536.hdf,VERIFIED_NO_HASH,"Valid Header, No Remote Checksum Available",747073,PASS (Structure Only)
MYD11A1.A2023166.h28v08.061.2023167203431.hdf,VERIFIED_NO_HASH,"Valid Header, No Remote Checksum Available",1376196,PASS (Structure Only)
MYD11A1.A2023155.h28v08.061.2023156232210.hdf,VERIFIED_NO_HASH,"Valid Header, No Remote Checksum Available",274013,PASS (Structure Only)
MYD11A1.A2023165.h28v08.061.2023166224849.hdf,VERIFIED_NO_HASH,"Valid Header, No Remote Checksum Available",311005,PASS (Structure Only)
MYD11A1.A2023171.h28v08.061.2023172214102.hdf,VERIFIED_NO_HASH,"Valid Header, No Remote Checksum Available",1746050,PASS (Structure Only)
MYD11A1.A2023173.h28v08.061.2023174205903.hdf,VERIFIED_NO_HASH,"Valid Header, No Remote Checksum Available",1197495,PASS (Structure Only)
MYD11A1.A2023173.h27v08.061.2023174210028.hdf,VERIFIED_NO_HASH,"Valid Header, No Remote Checksum Available",625932,PASS (Structure Only)
MYD11A1.A2023174.h28v08.061.2023175194102.hdf,VERIFIED_NO_HASH,"Valid Header, No Remote Checksum Available",312091,PASS (Structure Only)
MYD11A1.A2023168.h27v08.061.2023169191314.hdf,VERIFIED_NO_HASH,"Valid Header, No Remote Checksum Available",228914,PASS (Structure Only)
MYD11A1.A2023156.h27v08.061.2023157195916.hdf,VERIFIED_NO_HASH,"Valid Header, No Remote Checksum Available",243148,PASS (Structure Only)
MYD11A1.A2023175.h27v08.061.2023176200533.hdf,VERIFIED_NO_HASH,"Valid Header, No Remote Checksum Available",219014,PASS (Structure Only)
MYD11A1.A2023174.h27v08.061.2023175193947.hdf,VERIFIED_NO_HASH,"Valid Header, No Remote Checksum Available",562781,PASS (Structure Only)
MYD11A1.A2023172.h29v08.061.2023173184654.hdf,VERIFIED_NO_HASH,"Valid Header, No Remote Checksum Available",1252334,PASS (Structure Only)
MYD11A1.A2023174.h29v08.061.2023175194002.hdf,VERIFIED_NO_HASH,"Valid Header, No Remote Checksum Available",1596276,PASS (Structure Only)
MYD11A1.A2023173.h29v08.061.2023174205841.hdf,VERIFIED_NO_HASH,"Valid Header, No Remote Checksum Available",1161511,PASS (Structure Only)
MYD11A1.A2023175.h28v08.061.2023176200616.hdf,VERIFIED_NO_HASH,"Valid Header, No Remote Checksum Available",387641,PASS (Structure Only)
MYD11A1.A2023162.h28v08.061.2023164073431.hdf,VERIFIED_NO_HASH,"Valid Header, No Remote Checksum Available",863330,PASS (Structure Only)
MYD11A1.A2023172.h27v08.061.2023173184720.hdf,VERIFIED_NO_HASH,"Valid Header, No Remote Checksum Available",702219,PASS (Structure Only)
MYD11A1.A2023168.h28v08.061.2023169191526.hdf,VERIFIED_NO_HASH,"Valid Header, No Remote Checksum Available",613114,PASS (Structure Only)
MYD11A1.A2023152.h28v08.061.2023153214743.hdf,VERIFIED_NO_HASH,"Valid Header, No Remote Checksum Available",792992,PASS (Structure Only)
MYD11A1.A2023172.h28v08.061.2023173184739.hdf,VERIFIED_NO_HASH,"Valid Header, No Remote Checksum Available",574305,PASS (Structure Only)
MYD11A1.A2023163.h29v08.061.2023164203537.hdf,VERIFIED_NO_HASH,"Valid Header, No Remote Checksum Available",1705591,PASS (Structure Only)
MYD11A1.A2023169.h28v08.061.2023170184619.hdf,VERIFIED_NO_HASH,"Valid Header, No Remote Checksum Available",572760,PASS (Structure Only)
MYD11A1.A2023169.h27v08.061.2023170184525.hdf,VERIFIED_NO_HASH,"Valid Header, No Remote Checksum Available",376546,PASS (Structure Only)
MYD11A1.A2023165.h29v08.061.2023166224953.hdf,VERIFIED_NO_HASH,"Valid Header, No Remote Checksum Available",902241,PASS (Structure Only)
MYD11A1.A2023175.h29v08.061.2023176200602.hdf,VERIFIED_NO_HASH,"Valid Header, No Remote Checksum Available",870320,PASS (Structure Only)
MYD11A1.A2023176.h27v08.061.2023178043047.hdf,VERIFIED_NO_HASH,"Valid Header, No Remote Checksum Available",325344,PASS (Structure Only)
MYD11A1.A2023177.h27v08.061.2023179022250.hdf,VERIFIED_NO_HASH,"Valid Header, No Remote Checksum Available",245295,PASS (Structure Only)
MYD11A1.A2023177.h28v08.061.2023179023433.hdf,VERIFIED_NO_HASH,"Valid Header, No Remote Checksum Available",416966,PASS (Structure Only)
MYD11A1.A2023179.h27v08.061.2023181014624.hdf,VERIFIED_NO_HASH,"Valid Header, No Remote Checksum Available",316378,PASS (Structure Only)
MYD11A1.A2023181.h29v08.061.2023189171221.hdf,VERIFIED_NO_HASH,"Valid Header, No Remote Checksum Available",1262103,PASS (Structure Only)
MYD11A1.A2023181.h27v08.061.2023189173321.hdf,VERIFIED_NO_HASH,"Valid Header, No Remote Checksum Available",249989,PASS (Structure Only)
MYD11A1.A2023178.h29v08.061.2023179222521.hdf,VERIFIED_NO_HASH,"Valid Header, No Remote Checksum Available",633228,PASS (Structure Only)
MYD11A1.A2023178.h28v08.061.2023179222545.hdf,VERIFIED_NO_HASH,"Valid Header, No Remote Checksum Available",831159,PASS (Structure Only)
MYD11A1.A2023179.h29v08.061.2023181014752.hdf,VERIFIED_NO_HASH,"Valid Header, No Remote Checksum Available",1727410,PASS (Structure Only)
MYD11A1.A2023179.h28v08.061.2023181014623.hdf,VERIFIED_NO_HASH,"Valid Header, No Remote Checksum Available",356704,PASS (Structure Only)
MYD11A1.A2023180.h27v08.061.2023188164937.hdf,VERIFIED_NO_HASH,"Valid Header, No Remote Checksum Available",315919,PASS (Structure Only)
MYD11A1.A2023176.h29v08.061.2023178043034.hdf,VERIFIED_NO_HASH,"Valid Header, No Remote Checksum Available",685120,PASS (Structure Only)
MYD11A1.A2023176.h28v08.061.2023178043011.hdf,VERIFIED_NO_HASH,"Valid Header, No Remote Checksum Available",667548,PASS (Structure Only)
MYD11A1.A2023177.h29v08.061.2023179022228.hdf,VERIFIED_NO_HASH,"Valid Header, No Remote Checksum Available",1566601,PASS (Structure Only)
MYD11A1.A2023184.h28v08.061.2023191212457.hdf,VERIFIED_NO_HASH,"Valid Header, No Remote Checksum Available",242378,PASS (Structure Only)
MYD11A1.A2023184.h27v08.061.2023191212433.hdf,VERIFIED_NO_HASH,"Valid Header, No Remote Checksum Available",416586,PASS (Structure Only)
MYD11A1.A2023185.h28v08.061.2023192171808.hdf,VERIFIED_NO_HASH,"Valid Header, No Remote Checksum Available",1132721,PASS (Structure Only)
MYD11A1.A2023184.h29v08.061.2023191212728.hdf,VERIFIED_NO_HASH,"Valid Header, No Remote Checksum Available",221089,PASS (Structure Only)
MYD11A1.A2023185.h29v08.061.2023192170414.hdf,VERIFIED_NO_HASH,"Valid Header, No Remote Checksum Available",419773,PASS (Structure Only)
MYD11A1.A2023185.h27v08.061.2023192171118.hdf,VERIFIED_NO_HASH,"Valid Header, No Remote Checksum Available",729506,PASS (Structure Only)
MYD11A1.A2023178.h27v08.061.2023179222540.hdf,VERIFIED_NO_HASH,"Valid Header, No Remote Checksum Available",385817,PASS (Structure Only)
MYD11A1.A2023180.h29v08.061.2023188165136.hdf,VERIFIED_NO_HASH,"Valid Header, No Remote Checksum Available",756420,PASS (Structure Only)
MYD11A1.A2023180.h28v08.061.2023188180518.hdf,VERIFIED_NO_HASH,"Valid Header, No Remote Checksum Available",922126,PASS (Structure Only)
MYD11A1.A2023181.h28v08.061.2023189172143.hdf,VERIFIED_NO_HASH,"Valid Header, No Remote Checksum Available",275872,PASS (Structure Only)
MYD11A1.A2023183.h28v08.061.2023191043545.hdf,VERIFIED_NO_HASH,"Valid Header, No Remote Checksum Available",363976,PASS (Structure Only)
MYD11A1.A2023182.h29v08.061.2023190050246.hdf,VERIFIED_NO_HASH,"Valid Header, No Remote Checksum Available",662396,PASS (Structure Only)
MYD11A1.A2023183.h29v08.061.2023191044009.hdf,VERIFIED_NO_HASH,"Valid Header, No Remote Checksum Available",691818,PASS (Structure Only)
MYD11A1.A2023187.h27v08.061.2023193214009.hdf,VERIFIED_NO_HASH,"Valid Header, No Remote Checksum Available",508204,PASS (Structure Only)
MYD11A1.A2023189.h29v08.061.2023194102513.hdf,VERIFIED_NO_HASH,"Valid Header, No Remote Checksum Available",632964,PASS (Structure Only)
MYD11A1.A2023191.h27v08.061.2023199233355.hdf,VERIFIED_NO_HASH,"Valid Header, No Remote Checksum Available",234411,PASS (Structure Only)
MYD11A1.A2023190.h28v08.061.2023199121400.hdf,VERIFIED_NO_HASH,"Valid Header, No Remote Checksum Available",709454,PASS (Structure Only)
MYD11A1.A2023190.h29v08.061.2023199124242.hdf,VERIFIED_NO_HASH,"Valid Header, No Remote Checksum Available",978911,PASS (Structure Only)
MYD11A1.A2023188.h27v08.061.2023193234314.hdf,VERIFIED_NO_HASH,"Valid Header, No Remote Checksum Available",514028,PASS (Structure Only)
MYD11A1.A2023187.h29v08.061.2023193220623.hdf,VERIFIED_NO_HASH,"Valid Header, No Remote Checksum Available",814099,PASS (Structure Only)
MYD11A1.A2023186.h27v08.061.2023193001944.hdf,VERIFIED_NO_HASH,"Valid Header, No Remote Checksum Available",596398,PASS (Structure Only)
MYD11A1.A2023186.h29v08.061.2023193002047.hdf,VERIFIED_NO_HASH,"Valid Header, No Remote Checksum Available",1660285,PASS (Structure Only)
MYD11A1.A2023192.h29v08.061.2023200144821.hdf,VERIFIED_NO_HASH,"Valid Header, No Remote Checksum Available",524140,PASS (Structure Only)
MYD11A1.A2023192.h27v08.061.2023200181532.hdf,VERIFIED_NO_HASH,"Valid Header, No Remote Checksum Available",318621,PASS (Structure Only)
MYD11A1.A2023193.h27v08.061.2023201005211.hdf,VERIFIED_NO_HASH,"Valid Header, No Remote Checksum Available",555354,PASS (Structure Only)
MYD11A1.A2023187.h28v08.061.2023193222758.hdf,VERIFIED_NO_HASH,"Valid Header, No Remote Checksum Available",289534,PASS (Structure Only)
MYD11A1.A2023189.h27v08.061.2023194101442.hdf,VERIFIED_NO_HASH,"Valid Header, No Remote Checksum Available",225007,PASS (Structure Only)
MYD11A1.A2023188.h28v08.061.2023193235938.hdf,VERIFIED_NO_HASH,"Valid Header, No Remote Checksum Available",354436,PASS (Structure Only)
MYD11A1.A2023188.h29v08.061.2023194000115.hdf,VERIFIED_NO_HASH,"Valid Header, No Remote Checksum Available",1001169,PASS (Structure Only)
MYD11A1.A2023193.h29v08.061.2023201005411.hdf,VERIFIED_NO_HASH,"Valid Header, No Remote Checksum Available",599714,PASS (Structure Only)
MYD11A1.A2023193.h28v08.061.2023201005606.hdf,VERIFIED_NO_HASH,"Valid Header, No Remote Checksum Available",434472,PASS (Structure Only)
MYD11A1.A2023194.h29v08.061.2023201083601.hdf,VERIFIED_NO_HASH,"Valid Header, No Remote Checksum Available",720727,PASS (Structure Only)
MYD11A1.A2023195.h27v08.061.2023212143221.hdf,VERIFIED_NO_HASH,"Valid Header, No Remote Checksum Available",335811,PASS (Structure Only)
MYD11A1.A2023196.h28v08.061.2023212231507.hdf,VERIFIED_NO_HASH,"Valid Header, No Remote Checksum Available",467539,PASS (Structure Only)
MYD11A1.A2023196.h29v08.061.2023212232336.hdf,VERIFIED_NO_HASH,"Valid Header, No Remote Checksum Available",328243,PASS (Structure Only)
MYD11A1.A2023196.h27v08.061.2023212231753.hdf,VERIFIED_NO_HASH,"Valid Header, No Remote Checksum Available",330945,PASS (Structure Only)
MYD11A1.A2023186.h28v08.061.2023193002057.hdf,VERIFIED_NO_HASH,"Valid Header, No Remote Checksum Available",474210,PASS (Structure Only)
MYD11A1.A2023191.h28v08.061.2023199233257.hdf,VERIFIED_NO_HASH,"Valid Header, No Remote Checksum Available",314435,PASS (Structure Only)
MYD11A1.A2023192.h28v08.061.2023200144726.hdf,VERIFIED_NO_HASH,"Valid Header, No Remote Checksum Available",414020,PASS (Structure Only)
MYD11A1.A2023198.h28v08.061.2023213083845.hdf,VERIFIED_NO_HASH,"Valid Header, No Remote Checksum Available",424263,PASS (Structure Only)
MYD11A1.A2023197.h27v08.061.2023213035433.hdf,VERIFIED_NO_HASH,"Valid Header, No Remote Checksum Available",717539,PASS (Structure Only)
MYD11A1.A2023190.h27v08.061.2023199121322.hdf,VERIFIED_NO_HASH,"Valid Header, No Remote Checksum Available",434356,PASS (Structure Only)
MYD11A1.A2023183.h27v08.061.2023191043452.hdf,VERIFIED_NO_HASH,"Valid Header, No Remote Checksum Available",458125,PASS (Structure Only)
MYD11A1.A2023197.h28v08.061.2023213033814.hdf,VERIFIED_NO_HASH,"Valid Header, No Remote Checksum Available",928136,PASS (Structure Only)
MYD11A1.A2023198.h27v08.061.2023213083645.hdf,VERIFIED_NO_HASH,"Valid Header, No Remote Checksum Available",272553,PASS (Structure Only)
MYD11A1.A2023194.h28v08.061.2023201083201.hdf,VERIFIED_NO_HASH,"Valid Header, No Remote Checksum Available",648616,PASS (Structure Only)
MYD11A1.A2023195.h29v08.061.2023212143413.hdf,VERIFIED_NO_HASH,"Valid Header, No Remote Checksum Available",593802,PASS (Structure Only)
MYD11A1.A2023197.h29v08.061.2023213033909.hdf,VERIFIED_NO_HASH,"Valid Header, No Remote Checksum Available",388851,PASS (Structure Only)
MYD11A1.A2023199.h28v08.061.2023213153326.hdf,VERIFIED_NO_HASH,"Valid Header, No Remote Checksum Available",346082,PASS (Structure Only)
MYD11A1.A2023200.h27v08.061.2023214013654.hdf,VERIFIED_NO_HASH,"Valid Header, No Remote Checksum Available",223009,PASS (Structure Only)
MYD11A1.A2023199.h29v08.061.2023213154512.hdf,VERIFIED_NO_HASH,"Valid Header, No Remote Checksum Available",759263,PASS (Structure Only)
MYD11A1.A2023200.h29v08.061.2023214013916.hdf,VERIFIED_NO_HASH,"Valid Header, No Remote Checksum Available",926808,PASS (Structure Only)
MYD11A1.A2023201.h29v08.061.2023214040328.hdf,VERIFIED_NO_HASH,"Valid Header, No Remote Checksum Available",497168,PASS (Structure Only)
MYD11A1.A2023201.h27v08.061.2023214040421.hdf,VERIFIED_NO_HASH,"Valid Header, No Remote Checksum Available",235550,PASS (Structure Only)
MYD11A1.A2023199.h27v08.061.2023213154826.hdf,VERIFIED_NO_HASH,"Valid Header, No Remote Checksum Available",242081,PASS (Structure Only)
MYD11A1.A2023201.h28v08.061.2023214040344.hdf,VERIFIED_NO_HASH,"Valid Header, No Remote Checksum Available",228144,PASS (Structure Only)
MYD11A1.A2023189.h28v08.061.2023194120230.hdf,VERIFIED_NO_HASH,"Valid Header, No Remote Checksum Available",293909,PASS (Structure Only)
MYD11A1.A2023182.h28v08.061.2023190050113.hdf,VERIFIED_NO_HASH,"Valid Header, No Remote Checksum Available",261104,PASS (Structure Only)
MYD11A1.A2023182.h27v08.061.2023190045919.hdf,VERIFIED_NO_HASH,"Valid Header, No Remote Checksum Available",218844,PASS (Structure Only)
MYD11A1.A2023200.h28v08.061.2023214013809.hdf,VERIFIED_NO_HASH,"Valid Header, No Remote Checksum Available",226237,PASS (Structure Only)
MYD11A1.A2023198.h29v08.061.2023213084019.hdf,VERIFIED_NO_HASH,"Valid Header, No Remote Checksum Available",2208368,PASS (Structure Only)
MYD11A1.A2023194.h27v08.061.2023201083556.hdf,VERIFIED_NO_HASH,"Valid Header, No Remote Checksum Available",304071,PASS (Structure Only)
MYD11A1.A2023195.h28v08.061.2023212143242.hdf,VERIFIED_NO_HASH,"Valid Header, No Remote Checksum Available",239334,PASS (Structure Only)
MYD11A1.A2023204.h28v08.061.2023214223033.hdf,VERIFIED_NO_HASH,"Valid Header, No Remote Checksum Available",786462,PASS (Structure Only)
MYD11A1.A2023205.h28v08.061.2023215024136.hdf,VERIFIED_NO_HASH,"Valid Header, No Remote Checksum Available",430436,PASS (Structure Only)
MYD11A1.A2023205.h27v08.061.2023215030504.hdf,VERIFIED_NO_HASH,"Valid Header, No Remote Checksum Available",517078,PASS (Structure Only)
MYD11A1.A2023203.h29v08.061.2023214215028.hdf,VERIFIED_NO_HASH,"Valid Header, No Remote Checksum Available",1060221,PASS (Structure Only)
MYD11A1.A2023206.h27v08.061.2023215044715.hdf,VERIFIED_NO_HASH,"Valid Header, No Remote Checksum Available",544788,PASS (Structure Only)
MYD11A1.A2023207.h28v08.061.2023215081519.hdf,VERIFIED_NO_HASH,"Valid Header, No Remote Checksum Available",520806,PASS (Structure Only)
MYD11A1.A2023206.h28v08.061.2023215045336.hdf,VERIFIED_NO_HASH,"Valid Header, No Remote Checksum Available",1165146,PASS (Structure Only)
MYD11A1.A2023207.h29v08.061.2023215081745.hdf,VERIFIED_NO_HASH,"Valid Header, No Remote Checksum Available",1890204,PASS (Structure Only)
MYD11A1.A2023204.h29v08.061.2023214221724.hdf,VERIFIED_NO_HASH,"Valid Header, No Remote Checksum Available",728248,PASS (Structure Only)
MYD11A1.A2023208.h27v08.061.2023215082236.hdf,VERIFIED_NO_HASH,"Valid Header, No Remote Checksum Available",467051,PASS (Structure Only)
MYD11A1.A2023207.h27v08.061.2023215081718.hdf,VERIFIED_NO_HASH,"Valid Header, No Remote Checksum Available",606803,PASS (Structure Only)
MYD11A1.A2023209.h28v08.061.2023215121713.hdf,VERIFIED_NO_HASH,"Valid Header, No Remote Checksum Available",415654,PASS (Structure Only)
MYD11A1.A2023209.h29v08.061.2023215122814.hdf,VERIFIED_NO_HASH,"Valid Header, No Remote Checksum Available",1083795,PASS (Structure Only)
MYD11A1.A2023202.h29v08.061.2023214090504.hdf,VERIFIED_NO_HASH,"Valid Header, No Remote Checksum Available",260328,PASS (Structure Only)
MYD11A1.A2023203.h27v08.061.2023214214907.hdf,VERIFIED_NO_HASH,"Valid Header, No Remote Checksum Available",360433,PASS (Structure Only)
MYD11A1.A2023208.h29v08.061.2023215082317.hdf,VERIFIED_NO_HASH,"Valid Header, No Remote Checksum Available",1336288,PASS (Structure Only)
MYD11A1.A2023209.h27v08.061.2023215121616.hdf,VERIFIED_NO_HASH,"Valid Header, No Remote Checksum Available",753792,PASS (Structure Only)
MYD11A1.A2023210.h28v08.061.2023215124930.hdf,VERIFIED_NO_HASH,"Valid Header, No Remote Checksum Available",402231,PASS (Structure Only)
MYD11A1.A2023210.h29v08.061.2023215125657.hdf,VERIFIED_NO_HASH,"Valid Header, No Remote Checksum Available",1510740,PASS (Structure Only)
MYD11A1.A2023212.h28v08.061.2023215172620.hdf,VERIFIED_NO_HASH,"Valid Header, No Remote Checksum Available",534586,PASS (Structure Only)
MYD11A1.A2023213.h28v08.061.2023215185428.hdf,VERIFIED_NO_HASH,"Valid Header, No Remote Checksum Available",603418,PASS (Structure Only)
MYD11A1.A2023214.h27v08.061.2023215214948.hdf,VERIFIED_NO_HASH,"Valid Header, No Remote Checksum Available",410531,PASS (Structure Only)
MYD11A1.A2023208.h28v08.061.2023215082146.hdf,VERIFIED_NO_HASH,"Valid Header, No Remote Checksum Available",867907,PASS (Structure Only)
MYD11A1.A2023206.h29v08.061.2023215045118.hdf,VERIFIED_NO_HASH,"Valid Header, No Remote Checksum Available",796096,PASS (Structure Only)
MYD11A1.A2023204.h27v08.061.2023214221915.hdf,VERIFIED_NO_HASH,"Valid Header, No Remote Checksum Available",481435,PASS (Structure Only)
MYD11A1.A2023205.h29v08.061.2023215032424.hdf,VERIFIED_NO_HASH,"Valid Header, No Remote Checksum Available",1343592,PASS (Structure Only)
MYD11A1.A2023202.h28v08.061.2023214091120.hdf,VERIFIED_NO_HASH,"Valid Header, No Remote Checksum Available",654020,PASS (Structure Only)
MYD11A1.A2023202.h27v08.061.2023214090526.hdf,VERIFIED_NO_HASH,"Valid Header, No Remote Checksum Available",638468,PASS (Structure Only)
MYD11A1.A2023215.h28v08.061.2023216230912.hdf,VERIFIED_NO_HASH,"Valid Header, No Remote Checksum Available",307778,PASS (Structure Only)
MYD11A1.A2023211.h27v08.061.2023215151915.hdf,VERIFIED_NO_HASH,"Valid Header, No Remote Checksum Available",413207,PASS (Structure Only)
MYD11A1.A2023213.h27v08.061.2023215190901.hdf,VERIFIED_NO_HASH,"Valid Header, No Remote Checksum Available",233547,PASS (Structure Only)
MYD11A1.A2023213.h29v08.061.2023215185308.hdf,VERIFIED_NO_HASH,"Valid Header, No Remote Checksum Available",864283,PASS (Structure Only)
MYD11A1.A2023215.h27v08.061.2023216230533.hdf,VERIFIED_NO_HASH,"Valid Header, No Remote Checksum Available",314403,PASS (Structure Only)
MYD11A1.A2023215.h29v08.061.2023216230519.hdf,VERIFIED_NO_HASH,"Valid Header, No Remote Checksum Available",1507852,PASS (Structure Only)
MYD11A1.A2023211.h28v08.061.2023215152702.hdf,VERIFIED_NO_HASH,"Valid Header, No Remote Checksum Available",971786,PASS (Structure Only)
MYD11A1.A2023214.h29v08.061.2023215214940.hdf,VERIFIED_NO_HASH,"Valid Header, No Remote Checksum Available",1678058,PASS (Structure Only)
MYD11A1.A2023216.h27v08.061.2023220010335.hdf,VERIFIED_NO_HASH,"Valid Header, No Remote Checksum Available",736938,PASS (Structure Only)
MYD11A1.A2023217.h27v08.061.2023220195351.hdf,VERIFIED_NO_HASH,"Valid Header, No Remote Checksum Available",292517,PASS (Structure Only)
MYD11A1.A2023218.h27v08.061.2023220201253.hdf,VERIFIED_NO_HASH,"Valid Header, No Remote Checksum Available",604812,PASS (Structure Only)
MYD11A1.A2023218.h29v08.061.2023220201423.hdf,VERIFIED_NO_HASH,"Valid Header, No Remote Checksum Available",1097562,PASS (Structure Only)
MYD11A1.A2023217.h29v08.061.2023220195354.hdf,VERIFIED_NO_HASH,"Valid Header, No Remote Checksum Available",2221831,PASS (Structure Only)
MYD11A1.A2023219.h29v08.061.2023221001626.hdf,VERIFIED_NO_HASH,"Valid Header, No Remote Checksum Available",1721892,PASS (Structure Only)
MYD11A1.A2023220.h28v08.061.2023221181049.hdf,VERIFIED_NO_HASH,"Valid Header, No Remote Checksum Available",1213152,PASS (Structure Only)
MYD11A1.A2023211.h29v08.061.2023215151744.hdf,VERIFIED_NO_HASH,"Valid Header, No Remote Checksum Available",1351774,PASS (Structure Only)
MYD11A1.A2023219.h27v08.061.2023221001306.hdf,VERIFIED_NO_HASH,"Valid Header, No Remote Checksum Available",225232,PASS (Structure Only)
MYD11A1.A2023219.h28v08.061.2023221001003.hdf,VERIFIED_NO_HASH,"Valid Header, No Remote Checksum Available",627644,PASS (Structure Only)
MYD11A1.A2023191.h29v08.061.2023199233537.hdf,VERIFIED_NO_HASH,"Valid Header, No Remote Checksum Available",1726266,PASS (Structure Only)
MYD11A1.A2023203.h28v08.061.2023214215003.hdf,VERIFIED_NO_HASH,"Valid Header, No Remote Checksum Available",632695,PASS (Structure Only)
MYD11A1.A2023218.h28v08.061.2023220201336.hdf,VERIFIED_NO_HASH,"Valid Header, No Remote Checksum Available",1563019,PASS (Structure Only)
MYD11A1.A2023214.h28v08.061.2023215215123.hdf,VERIFIED_NO_HASH,"Valid Header, No Remote Checksum Available",404081,PASS (Structure Only)
MYD11A1.A2023223.h27v08.061.2023226191820.hdf,VERIFIED_NO_HASH,"Valid Header, No Remote Checksum Available",565891,PASS (Structure Only)
MYD11A1.A2023216.h29v08.061.2023220010607.hdf,VERIFIED_NO_HASH,"Valid Header, No Remote Checksum Available",2472677,PASS (Structure Only)
MYD11A1.A2023212.h27v08.061.2023215173653.hdf,VERIFIED_NO_HASH,"Valid Header, No Remote Checksum Available",257966,PASS (Structure Only)
MYD11A1.A2023212.h29v08.061.2023215173756.hdf,VERIFIED_NO_HASH,"Valid Header, No Remote Checksum Available",2802063,PASS (Structure Only)
MYD11A1.A2023210.h27v08.061.2023215124939.hdf,VERIFIED_NO_HASH,"Valid Header, No Remote Checksum Available",253208,PASS (Structure Only)
MYD11A1.A2023223.h29v08.061.2023226191010.hdf,VERIFIED_NO_HASH,"Valid Header, No Remote Checksum Available",348462,PASS (Structure Only)
MYD11A1.A2023223.h28v08.061.2023226191943.hdf,VERIFIED_NO_HASH,"Valid Header, No Remote Checksum Available",1209330,PASS (Structure Only)
MYD11A1.A2023224.h28v08.061.2023226193751.hdf,VERIFIED_NO_HASH,"Valid Header, No Remote Checksum Available",496328,PASS (Structure Only)
MYD11A1.A2023224.h29v08.061.2023226192649.hdf,VERIFIED_NO_HASH,"Valid Header, No Remote Checksum Available",730155,PASS (Structure Only)
MYD11A1.A2023220.h27v08.061.2023221181320.hdf,VERIFIED_NO_HASH,"Valid Header, No Remote Checksum Available",408581,PASS (Structure Only)
MYD11A1.A2023221.h27v08.061.2023222194837.hdf,VERIFIED_NO_HASH,"Valid Header, No Remote Checksum Available",514648,PASS (Structure Only)
MYD11A1.A2023226.h27v08.061.2023227175021.hdf,VERIFIED_NO_HASH,"Valid Header, No Remote Checksum Available",214707,PASS (Structure Only)
MYD11A1.A2023225.h28v08.061.2023226220444.hdf,VERIFIED_NO_HASH,"Valid Header, No Remote Checksum Available",557635,PASS (Structure Only)
MYD11A1.A2023222.h27v08.061.2023223174410.hdf,VERIFIED_NO_HASH,"Valid Header, No Remote Checksum Available",323759,PASS (Structure Only)
MYD11A1.A2023224.h27v08.061.2023226192947.hdf,VERIFIED_NO_HASH,"Valid Header, No Remote Checksum Available",243299,PASS (Structure Only)
MYD11A1.A2023225.h27v08.061.2023226215651.hdf,VERIFIED_NO_HASH,"Valid Header, No Remote Checksum Available",325306,PASS (Structure Only)
MYD11A1.A2023222.h29v08.061.2023223174545.hdf,VERIFIED_NO_HASH,"Valid Header, No Remote Checksum Available",1007059,PASS (Structure Only)
MYD11A1.A2023221.h29v08.061.2023222194429.hdf,VERIFIED_NO_HASH,"Valid Header, No Remote Checksum Available",1324385,PASS (Structure Only)
MYD11A1.A2023216.h28v08.061.2023220011428.hdf,VERIFIED_NO_HASH,"Valid Header, No Remote Checksum Available",1227793,PASS (Structure Only)
MYD11A1.A2023229.h28v08.061.2023234203012.hdf,VERIFIED_NO_HASH,"Valid Header, No Remote Checksum Available",339697,PASS (Structure Only)
MYD11A1.A2023230.h28v08.061.2023234212151.hdf,VERIFIED_NO_HASH,"Valid Header, No Remote Checksum Available",430233,PASS (Structure Only)
MYD11A1.A2023217.h28v08.061.2023220195331.hdf,VERIFIED_NO_HASH,"Valid Header, No Remote Checksum Available",1023916,PASS (Structure Only)
MYD11A1.A2023227.h28v08.061.2023228190332.hdf,VERIFIED_NO_HASH,"Valid Header, No Remote Checksum Available",505806,PASS (Structure Only)
MYD11A1.A2023228.h29v08.061.2023230023633.hdf,VERIFIED_NO_HASH,"Valid Header, No Remote Checksum Available",391253,PASS (Structure Only)
MYD11A1.A2023230.h27v08.061.2023234212241.hdf,VERIFIED_NO_HASH,"Valid Header, No Remote Checksum Available",800395,PASS (Structure Only)
MYD11A1.A2023227.h27v08.061.2023228190841.hdf,VERIFIED_NO_HASH,"Valid Header, No Remote Checksum Available",225833,PASS (Structure Only)
MYD11A1.A2023227.h29v08.061.2023228191351.hdf,VERIFIED_NO_HASH,"Valid Header, No Remote Checksum Available",236405,PASS (Structure Only)
MYD11A1.A2023226.h29v08.061.2023227175137.hdf,VERIFIED_NO_HASH,"Valid Header, No Remote Checksum Available",464524,PASS (Structure Only)
MYD11A1.A2023228.h28v08.061.2023230023236.hdf,VERIFIED_NO_HASH,"Valid Header, No Remote Checksum Available",280272,PASS (Structure Only)
MYD11A1.A2023220.h29v08.061.2023221181029.hdf,VERIFIED_NO_HASH,"Valid Header, No Remote Checksum Available",1161798,PASS (Structure Only)
MYD11A1.A2023221.h28v08.061.2023222195100.hdf,VERIFIED_NO_HASH,"Valid Header, No Remote Checksum Available",613628,PASS (Structure Only)
MYD11A1.A2023222.h28v08.061.2023223174717.hdf,VERIFIED_NO_HASH,"Valid Header, No Remote Checksum Available",881712,PASS (Structure Only)
MYD11A1.A2023234.h27v08.061.2023235190727.hdf,VERIFIED_NO_HASH,"Valid Header, No Remote Checksum Available",511597,PASS (Structure Only)
MYD11A1.A2023233.h27v08.061.2023235061244.hdf,VERIFIED_NO_HASH,"Valid Header, No Remote Checksum Available",376793,PASS (Structure Only)
MYD11A1.A2023233.h29v08.061.2023235055641.hdf,VERIFIED_NO_HASH,"Valid Header, No Remote Checksum Available",947616,PASS (Structure Only)
MYD11A1.A2023235.h29v08.061.2023236175716.hdf,VERIFIED_NO_HASH,"Valid Header, No Remote Checksum Available",684929,PASS (Structure Only)
MYD11A1.A2023233.h28v08.061.2023235055817.hdf,VERIFIED_NO_HASH,"Valid Header, No Remote Checksum Available",297225,PASS (Structure Only)
MYD11A1.A2023231.h28v08.061.2023235021051.hdf,VERIFIED_NO_HASH,"Valid Header, No Remote Checksum Available",283897,PASS (Structure Only)
MYD11A1.A2023235.h27v08.061.2023236175447.hdf,VERIFIED_NO_HASH,"Valid Header, No Remote Checksum Available",767425,PASS (Structure Only)
MYD11A1.A2023236.h28v08.061.2023237222204.hdf,VERIFIED_NO_HASH,"Valid Header, No Remote Checksum Available",1057711,PASS (Structure Only)
MYD11A1.A2023236.h29v08.061.2023237222218.hdf,VERIFIED_NO_HASH,"Valid Header, No Remote Checksum Available",1558520,PASS (Structure Only)
MYD11A1.A2023232.h27v08.061.2023235025502.hdf,VERIFIED_NO_HASH,"Valid Header, No Remote Checksum Available",474541,PASS (Structure Only)
MYD11A1.A2023235.h28v08.061.2023236175551.hdf,VERIFIED_NO_HASH,"Valid Header, No Remote Checksum Available",678922,PASS (Structure Only)
MYD11A1.A2023236.h27v08.061.2023237222747.hdf,VERIFIED_NO_HASH,"Valid Header, No Remote Checksum Available",396797,PASS (Structure Only)
MYD11A1.A2023232.h28v08.061.2023235025758.hdf,VERIFIED_NO_HASH,"Valid Header, No Remote Checksum Available",682438,PASS (Structure Only)
MYD11A1.A2023238.h28v08.061.2023239185637.hdf,VERIFIED_NO_HASH,"Valid Header, No Remote Checksum Available",512956,PASS (Structure Only)
MYD11A1.A2023237.h28v08.061.2023238174704.hdf,VERIFIED_NO_HASH,"Valid Header, No Remote Checksum Available",871610,PASS (Structure Only)
MYD11A1.A2023239.h28v08.061.2023240174456.hdf,VERIFIED_NO_HASH,"Valid Header, No Remote Checksum Available",1242959,PASS (Structure Only)
MYD11A1.A2023238.h29v08.061.2023239185630.hdf,VERIFIED_NO_HASH,"Valid Header, No Remote Checksum Available",1491415,PASS (Structure Only)
MYD11A1.A2023225.h29v08.061.2023226215454.hdf,VERIFIED_NO_HASH,"Valid Header, No Remote Checksum Available",426646,PASS (Structure Only)
MYD11A1.A2023228.h27v08.061.2023230024312.hdf,VERIFIED_NO_HASH,"Valid Header, No Remote Checksum Available",325766,PASS (Structure Only)
MYD11A1.A2023229.h27v08.061.2023234202955.hdf,VERIFIED_NO_HASH,"Valid Header, No Remote Checksum Available",245341,PASS (Structure Only)
MYD11A1.A2023226.h28v08.061.2023227175020.hdf,VERIFIED_NO_HASH,"Valid Header, No Remote Checksum Available",276615,PASS (Structure Only)
MYD11A1.A2023239.h29v08.061.2023240174228.hdf,VERIFIED_NO_HASH,"Valid Header, No Remote Checksum Available",285997,PASS (Structure Only)
MYD11A1.A2023240.h28v08.061.2023241224002.hdf,VERIFIED_NO_HASH,"Valid Header, No Remote Checksum Available",428241,PASS (Structure Only)
MYD11A1.A2023240.h29v08.061.2023241225202.hdf,VERIFIED_NO_HASH,"Valid Header, No Remote Checksum Available",1154044,PASS (Structure Only)
MYD11A1.A2023237.h27v08.061.2023238174637.hdf,VERIFIED_NO_HASH,"Valid Header, No Remote Checksum Available",876494,PASS (Structure Only)
MYD11A1.A2023241.h27v08.061.2023243000254.hdf,VERIFIED_NO_HASH,"Valid Header, No Remote Checksum Available",293094,PASS (Structure Only)
MYD11A1.A2023241.h28v08.061.2023243000116.hdf,VERIFIED_NO_HASH,"Valid Header, No Remote Checksum Available",605187,PASS (Structure Only)
MYD11A1.A2023242.h28v08.061.2023243181003.hdf,VERIFIED_NO_HASH,"Valid Header, No Remote Checksum Available",467994,PASS (Structure Only)
MYD11A1.A2023241.h29v08.061.2023242235833.hdf,VERIFIED_NO_HASH,"Valid Header, No Remote Checksum Available",647207,PASS (Structure Only)
MYD11A1.A2023234.h28v08.061.2023235190122.hdf,VERIFIED_NO_HASH,"Valid Header, No Remote Checksum Available",1143584,PASS (Structure Only)
MYD11A1.A2023242.h29v08.061.2023243182439.hdf,VERIFIED_NO_HASH,"Valid Header, No Remote Checksum Available",1209371,PASS (Structure Only)
MYD11A1.A2023240.h27v08.061.2023241224140.hdf,VERIFIED_NO_HASH,"Valid Header, No Remote Checksum Available",391995,PASS (Structure Only)
MYD11A1.A2023239.h27v08.061.2023240174230.hdf,VERIFIED_NO_HASH,"Valid Header, No Remote Checksum Available",813244,PASS (Structure Only)
MYD11A1.A2023243.h29v08.061.2023244182732.hdf,VERIFIED_NO_HASH,"Valid Header, No Remote Checksum Available",2076122,PASS (Structure Only)
MYD11A1.A2023242.h27v08.061.2023243181406.hdf,VERIFIED_NO_HASH,"Valid Header, No Remote Checksum Available",501641,PASS (Structure Only)
MYD11A1.A2023229.h29v08.061.2023234203941.hdf,VERIFIED_NO_HASH,"Valid Header, No Remote Checksum Available",731503,PASS (Structure Only)
MYD11A1.A2023231.h27v08.061.2023235020310.hdf,VERIFIED_NO_HASH,"Valid Header, No Remote Checksum Available",304188,PASS (Structure Only)
MYD11A1.A2023231.h29v08.061.2023235021719.hdf,VERIFIED_NO_HASH,"Valid Header, No Remote Checksum Available",503041,PASS (Structure Only)
MYD11A1.A2023230.h29v08.061.2023234212947.hdf,VERIFIED_NO_HASH,"Valid Header, No Remote Checksum Available",282533,PASS (Structure Only)
MYD11A1.A2023237.h29v08.061.2023238174558.hdf,VERIFIED_NO_HASH,"Valid Header, No Remote Checksum Available",794066,PASS (Structure Only)
MYD11A1.A2023234.h29v08.061.2023235190330.hdf,VERIFIED_NO_HASH,"Valid Header, No Remote Checksum Available",486393,PASS (Structure Only)
MYD11A1.A2023232.h29v08.061.2023235030059.hdf,VERIFIED_NO_HASH,"Valid Header, No Remote Checksum Available",578787,PASS (Structure Only)
MYD11A1.A2023238.h27v08.061.2023239185709.hdf,VERIFIED_NO_HASH,"Valid Header, No Remote Checksum Available",284860,PASS (Structure Only)
MYD11A1.A2023243.h28v08.061.2023244183454.hdf,VERIFIED_NO_HASH,"Valid Header, No Remote Checksum Available",598733,PASS (Structure Only)
MYD11A1.A2023246.h28v08.061.2023247180321.hdf,VERIFIED_NO_HASH,"Valid Header, No Remote Checksum Available",441519,PASS (Structure Only)
MYD11A1.A2023246.h29v08.061.2023247180156.hdf,VERIFIED_NO_HASH,"Valid Header, No Remote Checksum Available",491131,PASS (Structure Only)
MYD11A1.A2023245.h28v08.061.2023246175206.hdf,VERIFIED_NO_HASH,"Valid Header, No Remote Checksum Available",389712,PASS (Structure Only)
MYD11A1.A2023245.h29v08.061.2023246174651.hdf,VERIFIED_NO_HASH,"Valid Header, No Remote Checksum Available",1335881,PASS (Structure Only)
MYD11A1.A2023244.h27v08.061.2023245180908.hdf,VERIFIED_NO_HASH,"Valid Header, No Remote Checksum Available",216424,PASS (Structure Only)
MYD11A1.A2023244.h29v08.061.2023245181311.hdf,VERIFIED_NO_HASH,"Valid Header, No Remote Checksum Available",1232323,PASS (Structure Only)
MYD11A1.A2023243.h27v08.061.2023244182410.hdf,VERIFIED_NO_HASH,"Valid Header, No Remote Checksum Available",224534,PASS (Structure Only)
MYD11A1.A2023246.h27v08.061.2023247180332.hdf,VERIFIED_NO_HASH,"Valid Header, No Remote Checksum Available",225738,PASS (Structure Only)
MYD11A1.A2023247.h27v08.061.2023251192959.hdf,VERIFIED_NO_HASH,"Valid Header, No Remote Checksum Available",211403,PASS (Structure Only)
MYD11A1.A2023247.h29v08.061.2023251193053.hdf,VERIFIED_NO_HASH,"Valid Header, No Remote Checksum Available",1738280,PASS (Structure Only)
MYD11A1.A2023248.h27v08.061.2023251200635.hdf,VERIFIED_NO_HASH,"Valid Header, No Remote Checksum Available",218844,PASS (Structure Only)
MYD11A1.A2023249.h29v08.061.2023252002251.hdf,VERIFIED_NO_HASH,"Valid Header, No Remote Checksum Available",807772,PASS (Structure Only)
MYD11A1.A2023251.h29v08.061.2023252181714.hdf,VERIFIED_NO_HASH,"Valid Header, No Remote Checksum Available",597408,PASS (Structure Only)
MYD11A1.A2023251.h28v08.061.2023252181720.hdf,VERIFIED_NO_HASH,"Valid Header, No Remote Checksum Available",641866,PASS (Structure Only)
MYD11A1.A2023253.h27v08.061.2023255000657.hdf,VERIFIED_NO_HASH,"Valid Header, No Remote Checksum Available",264085,PASS (Structure Only)
MYD11A1.A2023252.h28v08.061.2023254235103.hdf,VERIFIED_NO_HASH,"Valid Header, No Remote Checksum Available",464774,PASS (Structure Only)
MYD11A1.A2023253.h29v08.061.2023255000127.hdf,VERIFIED_NO_HASH,"Valid Header, No Remote Checksum Available",577244,PASS (Structure Only)
MYD11A1.A2023248.h29v08.061.2023251202106.hdf,VERIFIED_NO_HASH,"Valid Header, No Remote Checksum Available",369731,PASS (Structure Only)
MYD11A1.A2023248.h28v08.061.2023251200657.hdf,VERIFIED_NO_HASH,"Valid Header, No Remote Checksum Available",232906,PASS (Structure Only)
MYD11A1.A2023249.h27v08.061.2023252001349.hdf,VERIFIED_NO_HASH,"Valid Header, No Remote Checksum Available",225258,PASS (Structure Only)
MYD11A1.A2023249.h28v08.061.2023252001815.hdf,VERIFIED_NO_HASH,"Valid Header, No Remote Checksum Available",249096,PASS (Structure Only)
MYD11A1.A2023247.h28v08.061.2023251192959.hdf,VERIFIED_NO_HASH,"Valid Header, No Remote Checksum Available",309105,PASS (Structure Only)
MYD11A1.A2023256.h27v08.061.2023257205500.hdf,VERIFIED_NO_HASH,"Valid Header, No Remote Checksum Available",814691,PASS (Structure Only)
MYD11A1.A2023250.h28v08.061.2023252005353.hdf,VERIFIED_NO_HASH,"Valid Header, No Remote Checksum Available",228094,PASS (Structure Only)
MYD11A1.A2023250.h27v08.061.2023252005325.hdf,VERIFIED_NO_HASH,"Valid Header, No Remote Checksum Available",247083,PASS (Structure Only)
MYD11A1.A2023250.h29v08.061.2023252004253.hdf,VERIFIED_NO_HASH,"Valid Header, No Remote Checksum Available",232997,PASS (Structure Only)
MYD11A1.A2023256.h28v08.061.2023257205816.hdf,VERIFIED_NO_HASH,"Valid Header, No Remote Checksum Available",1259542,PASS (Structure Only)
MYD11A1.A2023255.h29v08.061.2023256173920.hdf,VERIFIED_NO_HASH,"Valid Header, No Remote Checksum Available",283680,PASS (Structure Only)
MYD11A1.A2023255.h27v08.061.2023256174627.hdf,VERIFIED_NO_HASH,"Valid Header, No Remote Checksum Available",256890,PASS (Structure Only)
MYD11A1.A2023255.h28v08.061.2023256174643.hdf,VERIFIED_NO_HASH,"Valid Header, No Remote Checksum Available",416610,PASS (Structure Only)
MYD11A1.A2023245.h27v08.061.2023246174955.hdf,VERIFIED_NO_HASH,"Valid Header, No Remote Checksum Available",225921,PASS (Structure Only)
MYD11A1.A2023244.h28v08.061.2023245181019.hdf,VERIFIED_NO_HASH,"Valid Header, No Remote Checksum Available",410544,PASS (Structure Only)
MYD11A1.A2023253.h28v08.061.2023255001018.hdf,VERIFIED_NO_HASH,"Valid Header, No Remote Checksum Available",589570,PASS (Structure Only)
MYD11A1.A2023256.h29v08.061.2023257205446.hdf,VERIFIED_NO_HASH,"Valid Header, No Remote Checksum Available",585110,PASS (Structure Only)
MYD11A1.A2023251.h27v08.061.2023252182653.hdf,VERIFIED_NO_HASH,"Valid Header, No Remote Checksum Available",738499,PASS (Structure Only)
MYD11A1.A2023252.h27v08.061.2023255000443.hdf,VERIFIED_NO_HASH,"Valid Header, No Remote Checksum Available",232922,PASS (Structure Only)
MYD11A1.A2023252.h29v08.061.2023254235239.hdf,VERIFIED_NO_HASH,"Valid Header, No Remote Checksum Available",894653,PASS (Structure Only)
MYD11A1.A2023254.h28v08.061.2023255173415.hdf,VERIFIED_NO_HASH,"Valid Header, No Remote Checksum Available",373830,PASS (Structure Only)
MYD11A1.A2023254.h27v08.061.2023255173413.hdf,VERIFIED_NO_HASH,"Valid Header, No Remote Checksum Available",449345,PASS (Structure Only)
MYD11A1.A2023254.h29v08.061.2023255173834.hdf,VERIFIED_NO_HASH,"Valid Header, No Remote Checksum Available",493858,PASS (Structure Only)
MYD11A1.A2023259.h27v08.061.2023260175238.hdf,VERIFIED_NO_HASH,"Valid Header, No Remote Checksum Available",250176,PASS (Structure Only)
MYD11A1.A2023258.h28v08.061.2023259180124.hdf,VERIFIED_NO_HASH,"Valid Header, No Remote Checksum Available",876844,PASS (Structure Only)
MYD11A1.A2023260.h28v08.061.2023261202618.hdf,VERIFIED_NO_HASH,"Valid Header, No Remote Checksum Available",520435,PASS (Structure Only)
MYD11A1.A2023261.h29v08.061.2023262191603.hdf,VERIFIED_NO_HASH,"Valid Header, No Remote Checksum Available",514609,PASS (Structure Only)
MYD11A1.A2023261.h27v08.061.2023262191413.hdf,VERIFIED_NO_HASH,"Valid Header, No Remote Checksum Available",390061,PASS (Structure Only)
MYD11A1.A2023262.h29v08.061.2023263185932.hdf,VERIFIED_NO_HASH,"Valid Header, No Remote Checksum Available",778697,PASS (Structure Only)
MYD11A1.A2023264.h28v08.061.2023265174524.hdf,VERIFIED_NO_HASH,"Valid Header, No Remote Checksum Available",260737,PASS (Structure Only)
MYD11A1.A2023264.h29v08.061.2023265174703.hdf,VERIFIED_NO_HASH,"Valid Header, No Remote Checksum Available",638879,PASS (Structure Only)
MYD11A1.A2023265.h29v08.061.2023266174453.hdf,VERIFIED_NO_HASH,"Valid Header, No Remote Checksum Available",257050,PASS (Structure Only)
MYD11A1.A2023265.h27v08.061.2023266174454.hdf,VERIFIED_NO_HASH,"Valid Header, No Remote Checksum Available",259585,PASS (Structure Only)
MYD11A1.A2023260.h27v08.061.2023261203615.hdf,VERIFIED_NO_HASH,"Valid Header, No Remote Checksum Available",314428,PASS (Structure Only)
MYD11A1.A2023261.h28v08.061.2023262191917.hdf,VERIFIED_NO_HASH,"Valid Header, No Remote Checksum Available",539848,PASS (Structure Only)
MYD11A1.A2023262.h27v08.061.2023263185746.hdf,VERIFIED_NO_HASH,"Valid Header, No Remote Checksum Available",359600,PASS (Structure Only)
MYD11A1.A2023264.h27v08.061.2023265174144.hdf,VERIFIED_NO_HASH,"Valid Header, No Remote Checksum Available",235528,PASS (Structure Only)
MYD11A1.A2023258.h27v08.061.2023259180110.hdf,VERIFIED_NO_HASH,"Valid Header, No Remote Checksum Available",253831,PASS (Structure Only)
MYD11A1.A2023262.h28v08.061.2023263190923.hdf,VERIFIED_NO_HASH,"Valid Header, No Remote Checksum Available",1087140,PASS (Structure Only)
MYD11A1.A2023263.h29v08.061.2023264194917.hdf,VERIFIED_NO_HASH,"Valid Header, No Remote Checksum Available",716833,PASS (Structure Only)
MYD11A1.A2023267.h28v08.061.2023268175654.hdf,VERIFIED_NO_HASH,"Valid Header, No Remote Checksum Available",366339,PASS (Structure Only)
MYD11A1.A2023260.h29v08.061.2023261202901.hdf,VERIFIED_NO_HASH,"Valid Header, No Remote Checksum Available",575519,PASS (Structure Only)
MYD11A1.A2023259.h29v08.061.2023260174215.hdf,VERIFIED_NO_HASH,"Valid Header, No Remote Checksum Available",1459601,PASS (Structure Only)
MYD11A1.A2023266.h27v08.061.2023267175528.hdf,VERIFIED_NO_HASH,"Valid Header, No Remote Checksum Available",264350,PASS (Structure Only)
MYD11A1.A2023266.h28v08.061.2023267180006.hdf,VERIFIED_NO_HASH,"Valid Header, No Remote Checksum Available",273287,PASS (Structure Only)
MYD11A1.A2023258.h29v08.061.2023259180305.hdf,VERIFIED_NO_HASH,"Valid Header, No Remote Checksum Available",432413,PASS (Structure Only)
MYD11A1.A2023257.h29v08.061.2023258190631.hdf,VERIFIED_NO_HASH,"Valid Header, No Remote Checksum Available",840995,PASS (Structure Only)
MYD11A1.A2023266.h29v08.061.2023267175401.hdf,VERIFIED_NO_HASH,"Valid Header, No Remote Checksum Available",1143893,PASS (Structure Only)
MYD11A1.A2023265.h28v08.061.2023266174810.hdf,VERIFIED_NO_HASH,"Valid Header, No Remote Checksum Available",389570,PASS (Structure Only)
MYD11A1.A2023263.h27v08.061.2023264195856.hdf,VERIFIED_NO_HASH,"Valid Header, No Remote Checksum Available",348489,PASS (Structure Only)
MYD11A1.A2023263.h28v08.061.2023264195703.hdf,VERIFIED_NO_HASH,"Valid Header, No Remote Checksum Available",453527,PASS (Structure Only)
MYD11A1.A2023257.h27v08.061.2023258185802.hdf,VERIFIED_NO_HASH,"Valid Header, No Remote Checksum Available",302372,PASS (Structure Only)
MYD11A1.A2023257.h28v08.061.2023258190512.hdf,VERIFIED_NO_HASH,"Valid Header, No Remote Checksum Available",758326,PASS (Structure Only)
MYD11A1.A2023259.h28v08.061.2023260174207.hdf,VERIFIED_NO_HASH,"Valid Header, No Remote Checksum Available",476417,PASS (Structure Only)
MYD11A1.A2023267.h29v08.061.2023268180751.hdf,VERIFIED_NO_HASH,"Valid Header, No Remote Checksum Available",684327,PASS (Structure Only)
MYD11A1.A2023269.h27v08.061.2023271233945.hdf,VERIFIED_NO_HASH,"Valid Header, No Remote Checksum Available",305393,PASS (Structure Only)
MYD11A1.A2023269.h29v08.061.2023271234154.hdf,VERIFIED_NO_HASH,"Valid Header, No Remote Checksum Available",559430,PASS (Structure Only)
MYD11A1.A2023270.h28v08.061.2023272002213.hdf,VERIFIED_NO_HASH,"Valid Header, No Remote Checksum Available",960991,PASS (Structure Only)
MYD11A1.A2023270.h29v08.061.2023272002136.hdf,VERIFIED_NO_HASH,"Valid Header, No Remote Checksum Available",769028,PASS (Structure Only)
MYD11A1.A2023271.h29v08.061.2023272174029.hdf,VERIFIED_NO_HASH,"Valid Header, No Remote Checksum Available",905105,PASS (Structure Only)
MYD11A1.A2023272.h29v08.061.2023273181712.hdf,VERIFIED_NO_HASH,"Valid Header, No Remote Checksum Available",287192,PASS (Structure Only)
MYD11A1.A2023274.h28v08.061.2023275181608.hdf,VERIFIED_NO_HASH,"Valid Header, No Remote Checksum Available",697097,PASS (Structure Only)
MYD11A1.A2023271.h27v08.061.2023272174210.hdf,VERIFIED_NO_HASH,"Valid Header, No Remote Checksum Available",341235,PASS (Structure Only)
MYD11A1.A2023273.h29v08.061.2023274182457.hdf,VERIFIED_NO_HASH,"Valid Header, No Remote Checksum Available",804597,PASS (Structure Only)
MYD11A1.A2023272.h28v08.061.2023273181010.hdf,VERIFIED_NO_HASH,"Valid Header, No Remote Checksum Available",718104,PASS (Structure Only)
MYD11A1.A2023272.h27v08.061.2023273181255.hdf,VERIFIED_NO_HASH,"Valid Header, No Remote Checksum Available",464103,PASS (Structure Only)
MYD11A1.A2023274.h27v08.061.2023275181424.hdf,VERIFIED_NO_HASH,"Valid Header, No Remote Checksum Available",551884,PASS (Structure Only)
MYD11A1.A2023271.h28v08.061.2023272174027.hdf,VERIFIED_NO_HASH,"Valid Header, No Remote Checksum Available",598030,PASS (Structure Only)
MYD11A1.A2023276.h27v08.061.2023278204558.hdf,VERIFIED_NO_HASH,"Valid Header, No Remote Checksum Available",237753,PASS (Structure Only)
MYD11A1.A2023277.h28v08.061.2023278233002.hdf,VERIFIED_NO_HASH,"Valid Header, No Remote Checksum Available",949932,PASS (Structure Only)
MYD11A1.A2023275.h28v08.061.2023276175703.hdf,VERIFIED_NO_HASH,"Valid Header, No Remote Checksum Available",271564,PASS (Structure Only)
MYD11A1.A2023274.h29v08.061.2023275181840.hdf,VERIFIED_NO_HASH,"Valid Header, No Remote Checksum Available",329968,PASS (Structure Only)
MYD11A1.A2023276.h29v08.061.2023278202502.hdf,VERIFIED_NO_HASH,"Valid Header, No Remote Checksum Available",1204825,PASS (Structure Only)
MYD11A1.A2023278.h29v08.061.2023279192505.hdf,VERIFIED_NO_HASH,"Valid Header, No Remote Checksum Available",1877277,PASS (Structure Only)
MYD11A1.A2023277.h27v08.061.2023278233247.hdf,VERIFIED_NO_HASH,"Valid Header, No Remote Checksum Available",495294,PASS (Structure Only)
MYD11A1.A2023277.h29v08.061.2023278234524.hdf,VERIFIED_NO_HASH,"Valid Header, No Remote Checksum Available",1146510,PASS (Structure Only)
MYD11A1.A2023269.h28v08.061.2023271234608.hdf,VERIFIED_NO_HASH,"Valid Header, No Remote Checksum Available",503164,PASS (Structure Only)
MYD11A1.A2023270.h27v08.061.2023272001949.hdf,VERIFIED_NO_HASH,"Valid Header, No Remote Checksum Available",357466,PASS (Structure Only)
MYD11A1.A2023273.h28v08.061.2023274182806.hdf,VERIFIED_NO_HASH,"Valid Header, No Remote Checksum Available",274890,PASS (Structure Only)
MYD11A1.A2023268.h29v08.061.2023269195409.hdf,VERIFIED_NO_HASH,"Valid Header, No Remote Checksum Available",1039515,PASS (Structure Only)
MYD11A1.A2023273.h27v08.061.2023274182508.hdf,VERIFIED_NO_HASH,"Valid Header, No Remote Checksum Available",701595,PASS (Structure Only)
MYD11A1.A2023278.h28v08.061.2023279192506.hdf,VERIFIED_NO_HASH,"Valid Header, No Remote Checksum Available",527216,PASS (Structure Only)
MYD11A1.A2023275.h27v08.061.2023276180515.hdf,VERIFIED_NO_HASH,"Valid Header, No Remote Checksum Available",331855,PASS (Structure Only)
MYD11A1.A2023276.h28v08.061.2023278200910.hdf,VERIFIED_NO_HASH,"Valid Header, No Remote Checksum Available",313338,PASS (Structure Only)
MYD11A1.A2023267.h27v08.061.2023268180148.hdf,VERIFIED_NO_HASH,"Valid Header, No Remote Checksum Available",371167,PASS (Structure Only)
MYD11A1.A2023268.h28v08.061.2023269194919.hdf,VERIFIED_NO_HASH,"Valid Header, No Remote Checksum Available",368132,PASS (Structure Only)
MYD11A1.A2023268.h27v08.061.2023269194744.hdf,VERIFIED_NO_HASH,"Valid Header, No Remote Checksum Available",299640,PASS (Structure Only)
MYD11A1.A2023281.h29v08.061.2023283215505.hdf,VERIFIED_NO_HASH,"Valid Header, No Remote Checksum Available",897489,PASS (Structure Only)
MYD11A1.A2023281.h27v08.061.2023283220250.hdf,VERIFIED_NO_HASH,"Valid Header, No Remote Checksum Available",541074,PASS (Structure Only)
MYD11A1.A2023281.h28v08.061.2023283215512.hdf,VERIFIED_NO_HASH,"Valid Header, No Remote Checksum Available",1114626,PASS (Structure Only)
MYD11A1.A2023283.h29v08.061.2023284210736.hdf,VERIFIED_NO_HASH,"Valid Header, No Remote Checksum Available",695655,PASS (Structure Only)
MYD11A1.A2023283.h27v08.061.2023284211419.hdf,VERIFIED_NO_HASH,"Valid Header, No Remote Checksum Available",227885,PASS (Structure Only)
MYD11A1.A2023284.h28v08.061.2023285182450.hdf,VERIFIED_NO_HASH,"Valid Header, No Remote Checksum Available",1222259,PASS (Structure Only)
MYD11A1.A2023282.h27v08.061.2023283222813.hdf,VERIFIED_NO_HASH,"Valid Header, No Remote Checksum Available",609370,PASS (Structure Only)
MYD11A1.A2023280.h28v08.061.2023283200804.hdf,VERIFIED_NO_HASH,"Valid Header, No Remote Checksum Available",320193,PASS (Structure Only)
MYD11A1.A2023282.h29v08.061.2023283223139.hdf,VERIFIED_NO_HASH,"Valid Header, No Remote Checksum Available",1081814,PASS (Structure Only)
MYD11A1.A2023284.h27v08.061.2023285183000.hdf,VERIFIED_NO_HASH,"Valid Header, No Remote Checksum Available",540394,PASS (Structure Only)
MYD11A1.A2023279.h29v08.061.2023283192031.hdf,VERIFIED_NO_HASH,"Valid Header, No Remote Checksum Available",834195,PASS (Structure Only)
MYD11A1.A2023279.h27v08.061.2023283191722.hdf,VERIFIED_NO_HASH,"Valid Header, No Remote Checksum Available",357816,PASS (Structure Only)
MYD11A1.A2023279.h28v08.061.2023283190904.hdf,VERIFIED_NO_HASH,"Valid Header, No Remote Checksum Available",1024935,PASS (Structure Only)
MYD11A1.A2023280.h27v08.061.2023283194231.hdf,VERIFIED_NO_HASH,"Valid Header, No Remote Checksum Available",340935,PASS (Structure Only)
MYD11A1.A2023280.h29v08.061.2023283194506.hdf,VERIFIED_NO_HASH,"Valid Header, No Remote Checksum Available",1705876,PASS (Structure Only)
MYD11A1.A2023278.h27v08.061.2023279192726.hdf,VERIFIED_NO_HASH,"Valid Header, No Remote Checksum Available",239022,PASS (Structure Only)
MYD11A1.A2023282.h28v08.061.2023283222702.hdf,VERIFIED_NO_HASH,"Valid Header, No Remote Checksum Available",584157,PASS (Structure Only)
MYD11A1.A2023283.h28v08.061.2023284210916.hdf,VERIFIED_NO_HASH,"Valid Header, No Remote Checksum Available",808800,PASS (Structure Only)
MYD11A1.A2023286.h27v08.061.2023287174725.hdf,VERIFIED_NO_HASH,"Valid Header, No Remote Checksum Available",487117,PASS (Structure Only)
MYD11A1.A2023287.h29v08.061.2023288175312.hdf,VERIFIED_NO_HASH,"Valid Header, No Remote Checksum Available",505279,PASS (Structure Only)
MYD11A1.A2023288.h28v08.061.2023290175914.hdf,VERIFIED_NO_HASH,"Valid Header, No Remote Checksum Available",391703,PASS (Structure Only)
MYD11A1.A2023288.h29v08.061.2023290175719.hdf,VERIFIED_NO_HASH,"Valid Header, No Remote Checksum Available",681140,PASS (Structure Only)
MYD11A1.A2023286.h29v08.061.2023287175048.hdf,VERIFIED_NO_HASH,"Valid Header, No Remote Checksum Available",327052,PASS (Structure Only)
MYD11A1.A2023286.h28v08.061.2023287175512.hdf,VERIFIED_NO_HASH,"Valid Header, No Remote Checksum Available",1247441,PASS (Structure Only)
MYD11A1.A2023285.h27v08.061.2023286180154.hdf,VERIFIED_NO_HASH,"Valid Header, No Remote Checksum Available",250619,PASS (Structure Only)
MYD11A1.A2023287.h27v08.061.2023288175012.hdf,VERIFIED_NO_HASH,"Valid Header, No Remote Checksum Available",234341,PASS (Structure Only)
MYD11A1.A2023287.h28v08.061.2023288174455.hdf,VERIFIED_NO_HASH,"Valid Header, No Remote Checksum Available",330901,PASS (Structure Only)
MYD11A1.A2023290.h27v08.061.2023291190252.hdf,VERIFIED_NO_HASH,"Valid Header, No Remote Checksum Available",222607,PASS (Structure Only)
MYD11A1.A2023288.h27v08.061.2023290180102.hdf,VERIFIED_NO_HASH,"Valid Header, No Remote Checksum Available",218044,PASS (Structure Only)
MYD11A1.A2023289.h29v08.061.2023290234940.hdf,VERIFIED_NO_HASH,"Valid Header, No Remote Checksum Available",907197,PASS (Structure Only)
MYD11A1.A2023289.h28v08.061.2023290235953.hdf,VERIFIED_NO_HASH,"Valid Header, No Remote Checksum Available",462948,PASS (Structure Only)
MYD11A1.A2023290.h29v08.061.2023291191948.hdf,VERIFIED_NO_HASH,"Valid Header, No Remote Checksum Available",2148987,PASS (Structure Only)
MYD11A1.A2023292.h27v08.061.2023294092252.hdf,VERIFIED_NO_HASH,"Valid Header, No Remote Checksum Available",265704,PASS (Structure Only)
MYD11A1.A2023290.h28v08.061.2023291190659.hdf,VERIFIED_NO_HASH,"Valid Header, No Remote Checksum Available",355274,PASS (Structure Only)
MYD11A1.A2023291.h29v08.061.2023294090549.hdf,VERIFIED_NO_HASH,"Valid Header, No Remote Checksum Available",566685,PASS (Structure Only)
MYD11A1.A2023291.h27v08.061.2023294083445.hdf,VERIFIED_NO_HASH,"Valid Header, No Remote Checksum Available",368970,PASS (Structure Only)
MYD11A1.A2023291.h28v08.061.2023294083551.hdf,VERIFIED_NO_HASH,"Valid Header, No Remote Checksum Available",451491,PASS (Structure Only)
MYD11A1.A2023284.h29v08.061.2023285182307.hdf,VERIFIED_NO_HASH,"Valid Header, No Remote Checksum Available",467292,PASS (Structure Only)
MYD11A1.A2023275.h29v08.061.2023276175357.hdf,VERIFIED_NO_HASH,"Valid Header, No Remote Checksum Available",562839,PASS (Structure Only)
MYD11A1.A2023292.h29v08.061.2023294093412.hdf,VERIFIED_NO_HASH,"Valid Header, No Remote Checksum Available",962384,PASS (Structure Only)
MYD11A1.A2023293.h27v08.061.2023297135610.hdf,VERIFIED_NO_HASH,"Valid Header, No Remote Checksum Available",279512,PASS (Structure Only)
MYD11A1.A2023289.h27v08.061.2023290233420.hdf,VERIFIED_NO_HASH,"Valid Header, No Remote Checksum Available",284810,PASS (Structure Only)
MYD11A1.A2023285.h28v08.061.2023286175844.hdf,VERIFIED_NO_HASH,"Valid Header, No Remote Checksum Available",476998,PASS (Structure Only)
MYD11A1.A2023292.h28v08.061.2023294091530.hdf,VERIFIED_NO_HASH,"Valid Header, No Remote Checksum Available",312692,PASS (Structure Only)
MYD11A1.A2023285.h29v08.061.2023286180820.hdf,VERIFIED_NO_HASH,"Valid Header, No Remote Checksum Available",1339500,PASS (Structure Only)
MYD11A1.A2023293.h29v08.061.2023297135555.hdf,VERIFIED_NO_HASH,"Valid Header, No Remote Checksum Available",647141,PASS (Structure Only)
MYD11A1.A2023294.h28v08.061.2023298180210.hdf,VERIFIED_NO_HASH,"Valid Header, No Remote Checksum Available",256001,PASS (Structure Only)
MYD11A1.A2023294.h29v08.061.2023298182338.hdf,VERIFIED_NO_HASH,"Valid Header, No Remote Checksum Available",1772360,PASS (Structure Only)
MYD11A1.A2023293.h28v08.061.2023297140055.hdf,VERIFIED_NO_HASH,"Valid Header, No Remote Checksum Available",738321,PASS (Structure Only)
MYD11A1.A2023295.h29v08.061.2023298203654.hdf,VERIFIED_NO_HASH,"Valid Header, No Remote Checksum Available",770270,PASS (Structure Only)
MYD11A1.A2023295.h27v08.061.2023298192954.hdf,VERIFIED_NO_HASH,"Valid Header, No Remote Checksum Available",235279,PASS (Structure Only)
MYD11A1.A2023297.h28v08.061.2023298235007.hdf,VERIFIED_NO_HASH,"Valid Header, No Remote Checksum Available",337134,PASS (Structure Only)
MYD11A1.A2023298.h29v08.061.2023300225346.hdf,VERIFIED_NO_HASH,"Valid Header, No Remote Checksum Available",1100876,PASS (Structure Only)
MYD11A1.A2023298.h27v08.061.2023300224725.hdf,VERIFIED_NO_HASH,"Valid Header, No Remote Checksum Available",575737,PASS (Structure Only)
MYD11A1.A2023298.h28v08.061.2023300225030.hdf,VERIFIED_NO_HASH,"Valid Header, No Remote Checksum Available",908104,PASS (Structure Only)
MYD11A1.A2023299.h29v08.061.2023300230641.hdf,VERIFIED_NO_HASH,"Valid Header, No Remote Checksum Available",1306086,PASS (Structure Only)
MYD11A1.A2023296.h29v08.061.2023298231729.hdf,VERIFIED_NO_HASH,"Valid Header, No Remote Checksum Available",1159311,PASS (Structure Only)
MYD11A1.A2023296.h28v08.061.2023298231958.hdf,VERIFIED_NO_HASH,"Valid Header, No Remote Checksum Available",778206,PASS (Structure Only)
MYD11A1.A2023297.h29v08.061.2023298234613.hdf,VERIFIED_NO_HASH,"Valid Header, No Remote Checksum Available",1628962,PASS (Structure Only)
MYD11A1.A2023297.h27v08.061.2023298234757.hdf,VERIFIED_NO_HASH,"Valid Header, No Remote Checksum Available",239862,PASS (Structure Only)
MYD11A1.A2023295.h28v08.061.2023298195915.hdf,VERIFIED_NO_HASH,"Valid Header, No Remote Checksum Available",636298,PASS (Structure Only)
MYD11A1.A2023294.h27v08.061.2023298181907.hdf,VERIFIED_NO_HASH,"Valid Header, No Remote Checksum Available",264917,PASS (Structure Only)
MYD11A1.A2023299.h28v08.061.2023300230706.hdf,VERIFIED_NO_HASH,"Valid Header, No Remote Checksum Available",291943,PASS (Structure Only)
MYD11A1.A2023300.h29v08.061.2023301184333.hdf,VERIFIED_NO_HASH,"Valid Header, No Remote Checksum Available",1044297,PASS (Structure Only)
MYD11A1.A2023299.h27v08.061.2023300230557.hdf,VERIFIED_NO_HASH,"Valid Header, No Remote Checksum Available",314627,PASS (Structure Only)
MYD11A1.A2023302.h28v08.061.2023303172326.hdf,VERIFIED_NO_HASH,"Valid Header, No Remote Checksum Available",585882,PASS (Structure Only)
MYD11A1.A2023302.h27v08.061.2023303173024.hdf,VERIFIED_NO_HASH,"Valid Header, No Remote Checksum Available",220913,PASS (Structure Only)
MYD11A1.A2023300.h27v08.061.2023301184451.hdf,VERIFIED_NO_HASH,"Valid Header, No Remote Checksum Available",640835,PASS (Structure Only)
MYD11A1.A2023301.h29v08.061.2023302172833.hdf,VERIFIED_NO_HASH,"Valid Header, No Remote Checksum Available",1912900,PASS (Structure Only)
MYD11A1.A2023300.h28v08.061.2023301184437.hdf,VERIFIED_NO_HASH,"Valid Header, No Remote Checksum Available",1104984,PASS (Structure Only)
MYD11A1.A2023303.h29v08.061.2023304173052.hdf,VERIFIED_NO_HASH,"Valid Header, No Remote Checksum Available",1066812,PASS (Structure Only)
MYD11A1.A2023301.h28v08.061.2023302172944.hdf,VERIFIED_NO_HASH,"Valid Header, No Remote Checksum Available",318017,PASS (Structure Only)
MYD11A1.A2023301.h27v08.061.2023302172540.hdf,VERIFIED_NO_HASH,"Valid Header, No Remote Checksum Available",435497,PASS (Structure Only)
MYD11A1.A2023303.h28v08.061.2023304172455.hdf,VERIFIED_NO_HASH,"Valid Header, No Remote Checksum Available",763466,PASS (Structure Only)
MYD11A1.A2023303.h27v08.061.2023304172434.hdf,VERIFIED_NO_HASH,"Valid Header, No Remote Checksum Available",439713,PASS (Structure Only)
MYD11A1.A2023302.h29v08.061.2023303172924.hdf,VERIFIED_NO_HASH,"Valid Header, No Remote Checksum Available",1393127,PASS (Structure Only)
MYD11A1.A2023304.h29v08.061.2023305213850.hdf,VERIFIED_NO_HASH,"Valid Header, No Remote Checksum Available",1859251,PASS (Structure Only)
MYD11A1.A2023304.h28v08.061.2023305214111.hdf,VERIFIED_NO_HASH,"Valid Header, No Remote Checksum Available",267034,PASS (Structure Only)
MYD11A1.A2023296.h27v08.061.2023298232416.hdf,VERIFIED_NO_HASH,"Valid Header, No Remote Checksum Available",584837,PASS (Structure Only)
MYD11A1.A2023307.h27v08.061.2023308172934.hdf,VERIFIED_NO_HASH,"Valid Header, No Remote Checksum Available",633676,PASS (Structure Only)
MYD11A1.A2023308.h27v08.061.2023309172326.hdf,VERIFIED_NO_HASH,"Valid Header, No Remote Checksum Available",444465,PASS (Structure Only)
MYD11A1.A2023308.h29v08.061.2023309172724.hdf,VERIFIED_NO_HASH,"Valid Header, No Remote Checksum Available",1276105,PASS (Structure Only)
MYD11A1.A2023310.h28v08.061.2023311172502.hdf,VERIFIED_NO_HASH,"Valid Header, No Remote Checksum Available",703069,PASS (Structure Only)
MYD11A1.A2023308.h28v08.061.2023309172612.hdf,VERIFIED_NO_HASH,"Valid Header, No Remote Checksum Available",467953,PASS (Structure Only)
MYD11A1.A2023304.h27v08.061.2023305214633.hdf,VERIFIED_NO_HASH,"Valid Header, No Remote Checksum Available",229638,PASS (Structure Only)
MYD11A1.A2023305.h29v08.061.2023307204353.hdf,VERIFIED_NO_HASH,"Valid Header, No Remote Checksum Available",998998,PASS (Structure Only)
MYD11A1.A2023305.h28v08.061.2023307203734.hdf,VERIFIED_NO_HASH,"Valid Header, No Remote Checksum Available",545183,PASS (Structure Only)
MYD11A1.A2023307.h28v08.061.2023308172732.hdf,VERIFIED_NO_HASH,"Valid Header, No Remote Checksum Available",876060,PASS (Structure Only)
MYD11A1.A2023309.h28v08.061.2023310235048.hdf,VERIFIED_NO_HASH,"Valid Header, No Remote Checksum Available",576438,PASS (Structure Only)
MYD11A1.A2023309.h27v08.061.2023310235154.hdf,VERIFIED_NO_HASH,"Valid Header, No Remote Checksum Available",248372,PASS (Structure Only)
MYD11A1.A2023309.h29v08.061.2023310235335.hdf,VERIFIED_NO_HASH,"Valid Header, No Remote Checksum Available",1148627,PASS (Structure Only)
MYD11A1.A2023313.h27v08.061.2023315043820.hdf,VERIFIED_NO_HASH,"Valid Header, No Remote Checksum Available",229418,PASS (Structure Only)
MYD11A1.A2023312.h29v08.061.2023313172951.hdf,VERIFIED_NO_HASH,"Valid Header, No Remote Checksum Available",435265,PASS (Structure Only)
MYD11A1.A2023313.h29v08.061.2023315043822.hdf,VERIFIED_NO_HASH,"Valid Header, No Remote Checksum Available",1351285,PASS (Structure Only)
MYD11A1.A2023312.h27v08.061.2023313172338.hdf,VERIFIED_NO_HASH,"Valid Header, No Remote Checksum Available",562769,PASS (Structure Only)
MYD11A1.A2023312.h28v08.061.2023313172626.hdf,VERIFIED_NO_HASH,"Valid Header, No Remote Checksum Available",568939,PASS (Structure Only)
MYD11A1.A2023314.h29v08.061.2023315171324.hdf,VERIFIED_NO_HASH,"Valid Header, No Remote Checksum Available",671689,PASS (Structure Only)
MYD11A1.A2023314.h27v08.061.2023315171051.hdf,VERIFIED_NO_HASH,"Valid Header, No Remote Checksum Available",243640,PASS (Structure Only)
MYD11A1.A2023315.h27v08.061.2023317211220.hdf,VERIFIED_NO_HASH,"Valid Header, No Remote Checksum Available",381300,PASS (Structure Only)
MYD11A1.A2023315.h28v08.061.2023317211335.hdf,VERIFIED_NO_HASH,"Valid Header, No Remote Checksum Available",538115,PASS (Structure Only)
MYD11A1.A2023315.h29v08.061.2023317211411.hdf,VERIFIED_NO_HASH,"Valid Header, No Remote Checksum Available",843822,PASS (Structure Only)
MYD11A1.A2023310.h27v08.061.2023311172556.hdf,VERIFIED_NO_HASH,"Valid Header, No Remote Checksum Available",467380,PASS (Structure Only)
MYD11A1.A2023311.h29v08.061.2023313011329.hdf,VERIFIED_NO_HASH,"Valid Header, No Remote Checksum Available",1856013,PASS (Structure Only)
MYD11A1.A2023317.h29v08.061.2023318224022.hdf,VERIFIED_NO_HASH,"Valid Header, No Remote Checksum Available",364906,PASS (Structure Only)
MYD11A1.A2023310.h29v08.061.2023311172634.hdf,VERIFIED_NO_HASH,"Valid Header, No Remote Checksum Available",614004,PASS (Structure Only)
MYD11A1.A2023311.h28v08.061.2023313011203.hdf,VERIFIED_NO_HASH,"Valid Header, No Remote Checksum Available",275325,PASS (Structure Only)
MYD11A1.A2023318.h27v08.061.2023319181101.hdf,VERIFIED_NO_HASH,"Valid Header, No Remote Checksum Available",251938,PASS (Structure Only)
MYD11A1.A2023306.h27v08.061.2023307205005.hdf,VERIFIED_NO_HASH,"Valid Header, No Remote Checksum Available",263524,PASS (Structure Only)
MYD11A1.A2023306.h28v08.061.2023307205056.hdf,VERIFIED_NO_HASH,"Valid Header, No Remote Checksum Available",328953,PASS (Structure Only)
MYD11A1.A2023319.h29v08.061.2023320172201.hdf,VERIFIED_NO_HASH,"Valid Header, No Remote Checksum Available",710364,PASS (Structure Only)
MYD11A1.A2023319.h27v08.061.2023320172200.hdf,VERIFIED_NO_HASH,"Valid Header, No Remote Checksum Available",330624,PASS (Structure Only)
MYD11A1.A2023319.h28v08.061.2023320172438.hdf,VERIFIED_NO_HASH,"Valid Header, No Remote Checksum Available",512497,PASS (Structure Only)
MYD11A1.A2023317.h27v08.061.2023318224055.hdf,VERIFIED_NO_HASH,"Valid Header, No Remote Checksum Available",255078,PASS (Structure Only)
MYD11A1.A2023317.h28v08.061.2023318224210.hdf,VERIFIED_NO_HASH,"Valid Header, No Remote Checksum Available",577769,PASS (Structure Only)
MYD11A1.A2023316.h29v08.061.2023317211624.hdf,VERIFIED_NO_HASH,"Valid Header, No Remote Checksum Available",1326902,PASS (Structure Only)
MYD11A1.A2023313.h28v08.061.2023315043731.hdf,VERIFIED_NO_HASH,"Valid Header, No Remote Checksum Available",275066,PASS (Structure Only)
MYD11A1.A2023318.h28v08.061.2023319180914.hdf,VERIFIED_NO_HASH,"Valid Header, No Remote Checksum Available",306280,PASS (Structure Only)
MYD11A1.A2023305.h27v08.061.2023307203100.hdf,VERIFIED_NO_HASH,"Valid Header, No Remote Checksum Available",337091,PASS (Structure Only)
MYD11A1.A2023322.h29v08.061.2023323173609.hdf,VERIFIED_NO_HASH,"Valid Header, No Remote Checksum Available",811579,PASS (Structure Only)
MYD11A1.A2023321.h29v08.061.2023322172608.hdf,VERIFIED_NO_HASH,"Valid Header, No Remote Checksum Available",844602,PASS (Structure Only)
MYD11A1.A2023323.h29v08.061.2023324181220.hdf,VERIFIED_NO_HASH,"Valid Header, No Remote Checksum Available",703642,PASS (Structure Only)
MYD11A1.A2023322.h28v08.061.2023323173608.hdf,VERIFIED_NO_HASH,"Valid Header, No Remote Checksum Available",292049,PASS (Structure Only)
MYD11A1.A2023323.h27v08.061.2023324181222.hdf,VERIFIED_NO_HASH,"Valid Header, No Remote Checksum Available",274554,PASS (Structure Only)
MYD11A1.A2023322.h27v08.061.2023323173638.hdf,VERIFIED_NO_HASH,"Valid Header, No Remote Checksum Available",432256,PASS (Structure Only)
MYD11A1.A2023323.h28v08.061.2023324181235.hdf,VERIFIED_NO_HASH,"Valid Header, No Remote Checksum Available",288843,PASS (Structure Only)
MYD11A1.A2023324.h29v08.061.2023325174213.hdf,VERIFIED_NO_HASH,"Valid Header, No Remote Checksum Available",322258,PASS (Structure Only)
MYD11A1.A2023324.h28v08.061.2023325174343.hdf,VERIFIED_NO_HASH,"Valid Header, No Remote Checksum Available",596419,PASS (Structure Only)
MYD11A1.A2023325.h28v08.061.2023328201637.hdf,VERIFIED_NO_HASH,"Valid Header, No Remote Checksum Available",224265,PASS (Structure Only)
MYD11A1.A2023325.h27v08.061.2023328201532.hdf,VERIFIED_NO_HASH,"Valid Header, No Remote Checksum Available",284085,PASS (Structure Only)
MYD11A1.A2023324.h27v08.061.2023325174256.hdf,VERIFIED_NO_HASH,"Valid Header, No Remote Checksum Available",384665,PASS (Structure Only)
MYD11A1.A2023314.h28v08.061.2023315171020.hdf,VERIFIED_NO_HASH,"Valid Header, No Remote Checksum Available",282414,PASS (Structure Only)
MYD11A1.A2023326.h29v08.061.2023328201926.hdf,VERIFIED_NO_HASH,"Valid Header, No Remote Checksum Available",393320,PASS (Structure Only)
MYD11A1.A2023326.h27v08.061.2023328201910.hdf,VERIFIED_NO_HASH,"Valid Header, No Remote Checksum Available",313688,PASS (Structure Only)
MYD11A1.A2023327.h27v08.061.2023331182957.hdf,VERIFIED_NO_HASH,"Valid Header, No Remote Checksum Available",278639,PASS (Structure Only)
MYD11A1.A2023327.h28v08.061.2023331183011.hdf,VERIFIED_NO_HASH,"Valid Header, No Remote Checksum Available",262329,PASS (Structure Only)
MYD11A1.A2023327.h29v08.061.2023331183134.hdf,VERIFIED_NO_HASH,"Valid Header, No Remote Checksum Available",441414,PASS (Structure Only)
MYD11A1.A2023320.h28v08.061.2023321175257.hdf,VERIFIED_NO_HASH,"Valid Header, No Remote Checksum Available",252136,PASS (Structure Only)
MYD11A1.A2023321.h27v08.061.2023322172637.hdf,VERIFIED_NO_HASH,"Valid Header, No Remote Checksum Available",225840,PASS (Structure Only)
MYD11A1.A2023320.h27v08.061.2023321175439.hdf,VERIFIED_NO_HASH,"Valid Header, No Remote Checksum Available",381233,PASS (Structure Only)
MYD11A1.A2023320.h29v08.061.2023321175325.hdf,VERIFIED_NO_HASH,"Valid Header, No Remote Checksum Available",936382,PASS (Structure Only)
MYD11A1.A2023328.h27v08.061.2023332014820.hdf,VERIFIED_NO_HASH,"Valid Header, No Remote Checksum Available",225034,PASS (Structure Only)
MYD11A1.A2023326.h28v08.061.2023328201932.hdf,VERIFIED_NO_HASH,"Valid Header, No Remote Checksum Available",277970,PASS (Structure Only)
MYD11A1.A2023325.h29v08.061.2023328201547.hdf,VERIFIED_NO_HASH,"Valid Header, No Remote Checksum Available",658166,PASS (Structure Only)
MYD11A1.A2023307.h29v08.061.2023308173004.hdf,VERIFIED_NO_HASH,"Valid Header, No Remote Checksum Available",453195,PASS (Structure Only)
MYD11A1.A2023306.h29v08.061.2023307204910.hdf,VERIFIED_NO_HASH,"Valid Header, No Remote Checksum Available",1431849,PASS (Structure Only)
MYD11A1.A2023321.h28v08.061.2023322172623.hdf,VERIFIED_NO_HASH,"Valid Header, No Remote Checksum Available",472031,PASS (Structure Only)
MYD11A1.A2023328.h29v08.061.2023332014816.hdf,VERIFIED_NO_HASH,"Valid Header, No Remote Checksum Available",577671,PASS (Structure Only)
MYD11A1.A2023311.h27v08.061.2023313011201.hdf,VERIFIED_NO_HASH,"Valid Header, No Remote Checksum Available",230833,PASS (Structure Only)
MYD11A1.A2023329.h29v08.061.2023332020301.hdf,VERIFIED_NO_HASH,"Valid Header, No Remote Checksum Available",542138,PASS (Structure Only)
MYD11A1.A2023328.h28v08.061.2023332014820.hdf,VERIFIED_NO_HASH,"Valid Header, No Remote Checksum Available",238910,PASS (Structure Only)
MYD11A1.A2023316.h28v08.061.2023317211449.hdf,VERIFIED_NO_HASH,"Valid Header, No Remote Checksum Available",428616,PASS (Structure Only)
MYD11A1.A2023316.h27v08.061.2023317211517.hdf,VERIFIED_NO_HASH,"Valid Header, No Remote Checksum Available",254789,PASS (Structure Only)
MYD11A1.A2023329.h27v08.061.2023332020356.hdf,VERIFIED_NO_HASH,"Valid Header, No Remote Checksum Available",232859,PASS (Structure Only)
MYD11A1.A2023318.h29v08.061.2023319181010.hdf,VERIFIED_NO_HASH,"Valid Header, No Remote Checksum Available",2040190,PASS (Structure Only)
MYD11A1.A2023333.h28v08.061.2023334173814.hdf,VERIFIED_NO_HASH,"Valid Header, No Remote Checksum Available",450695,PASS (Structure Only)
MYD11A1.A2023335.h29v08.061.2023339225809.hdf,VERIFIED_NO_HASH,"Valid Header, No Remote Checksum Available",753663,PASS (Structure Only)
MYD11A1.A2023331.h29v08.061.2023332170755.hdf,VERIFIED_NO_HASH,"Valid Header, No Remote Checksum Available",632678,PASS (Structure Only)
MYD11A1.A2023331.h27v08.061.2023332170706.hdf,VERIFIED_NO_HASH,"Valid Header, No Remote Checksum Available",380933,PASS (Structure Only)
MYD11A1.A2023331.h28v08.061.2023332170713.hdf,VERIFIED_NO_HASH,"Valid Header, No Remote Checksum Available",245453,PASS (Structure Only)
MYD11A1.A2023333.h29v08.061.2023334173811.hdf,VERIFIED_NO_HASH,"Valid Header, No Remote Checksum Available",770900,PASS (Structure Only)
MYD11A1.A2023334.h28v08.061.2023335175452.hdf,VERIFIED_NO_HASH,"Valid Header, No Remote Checksum Available",318214,PASS (Structure Only)
MYD11A1.A2023334.h27v08.061.2023335175435.hdf,VERIFIED_NO_HASH,"Valid Header, No Remote Checksum Available",298521,PASS (Structure Only)
MYD11A1.A2023334.h29v08.061.2023335175449.hdf,VERIFIED_NO_HASH,"Valid Header, No Remote Checksum Available",1179479,PASS (Structure Only)
MYD11A1.A2023333.h27v08.061.2023334173804.hdf,VERIFIED_NO_HASH,"Valid Header, No Remote Checksum Available",223753,PASS (Structure Only)
MYD11A1.A2023332.h28v08.061.2023333170507.hdf,VERIFIED_NO_HASH,"Valid Header, No Remote Checksum Available",265899,PASS (Structure Only)
MYD11A1.A2023332.h27v08.061.2023333170450.hdf,VERIFIED_NO_HASH,"Valid Header, No Remote Checksum Available",327181,PASS (Structure Only)
MYD11A1.A2023332.h29v08.061.2023333170506.hdf,VERIFIED_NO_HASH,"Valid Header, No Remote Checksum Available",1163638,PASS (Structure Only)
MYD11A1.A2023335.h27v08.061.2023339225828.hdf,VERIFIED_NO_HASH,"Valid Header, No Remote Checksum Available",217090,PASS (Structure Only)
MYD11A1.A2023329.h28v08.061.2023332020312.hdf,VERIFIED_NO_HASH,"Valid Header, No Remote Checksum Available",238573,PASS (Structure Only)
MYD11A1.A2023330.h29v08.061.2023332045210.hdf,VERIFIED_NO_HASH,"Valid Header, No Remote Checksum Available",419445,PASS (Structure Only)
MYD11A1.A2023330.h28v08.061.2023332045200.hdf,VERIFIED_NO_HASH,"Valid Header, No Remote Checksum Available",221950,PASS (Structure Only)
MYD11A1.A2023330.h27v08.061.2023332045226.hdf,VERIFIED_NO_HASH,"Valid Header, No Remote Checksum Available",215432,PASS (Structure Only)
MYD11A1.A2023336.h27v08.061.2023339230213.hdf,VERIFIED_NO_HASH,"Valid Header, No Remote Checksum Available",296949,PASS (Structure Only)
MYD11A1.A2023336.h28v08.061.2023339230219.hdf,VERIFIED_NO_HASH,"Valid Header, No Remote Checksum Available",274572,PASS (Structure Only)
MYD11A1.A2023337.h27v08.061.2023340001423.hdf,VERIFIED_NO_HASH,"Valid Header, No Remote Checksum Available",224283,PASS (Structure Only)
MYD11A1.A2023337.h28v08.061.2023340001426.hdf,VERIFIED_NO_HASH,"Valid Header, No Remote Checksum Available",229542,PASS (Structure Only)
MYD11A1.A2023336.h29v08.061.2023339230128.hdf,VERIFIED_NO_HASH,"Valid Header, No Remote Checksum Available",579963,PASS (Structure Only)
MYD11A1.A2023335.h28v08.061.2023339225817.hdf,VERIFIED_NO_HASH,"Valid Header, No Remote Checksum Available",227954,PASS (Structure Only)
MYD11A1.A2023338.h29v08.061.2023341192234.hdf,VERIFIED_NO_HASH,"Valid Header, No Remote Checksum Available",294322,PASS (Structure Only)
MYD11A1.A2023340.h28v08.061.2023341205200.hdf,VERIFIED_NO_HASH,"Valid Header, No Remote Checksum Available",454966,PASS (Structure Only)
MYD11A1.A2023339.h29v08.061.2023341192908.hdf,VERIFIED_NO_HASH,"Valid Header, No Remote Checksum Available",1067361,PASS (Structure Only)
MYD11A1.A2023342.h27v08.061.2023343171811.hdf,VERIFIED_NO_HASH,"Valid Header, No Remote Checksum Available",293106,PASS (Structure Only)
MYD11A1.A2023338.h27v08.061.2023341192219.hdf,VERIFIED_NO_HASH,"Valid Header, No Remote Checksum Available",521271,PASS (Structure Only)
MYD11A1.A2023342.h29v08.061.2023343171849.hdf,VERIFIED_NO_HASH,"Valid Header, No Remote Checksum Available",666123,PASS (Structure Only)
MYD11A1.A2023343.h28v08.061.2023344174511.hdf,VERIFIED_NO_HASH,"Valid Header, No Remote Checksum Available",519830,PASS (Structure Only)
MYD11A1.A2023341.h28v08.061.2023342170615.hdf,VERIFIED_NO_HASH,"Valid Header, No Remote Checksum Available",441998,PASS (Structure Only)
MYD11A1.A2023341.h29v08.061.2023342170636.hdf,VERIFIED_NO_HASH,"Valid Header, No Remote Checksum Available",757256,PASS (Structure Only)
MYD11A1.A2023342.h28v08.061.2023343171817.hdf,VERIFIED_NO_HASH,"Valid Header, No Remote Checksum Available",281643,PASS (Structure Only)
MYD11A1.A2023341.h27v08.061.2023342170601.hdf,VERIFIED_NO_HASH,"Valid Header, No Remote Checksum Available",277970,PASS (Structure Only)
MYD11A1.A2023344.h27v08.061.2023345175404.hdf,VERIFIED_NO_HASH,"Valid Header, No Remote Checksum Available",419929,PASS (Structure Only)
MYD11A1.A2023339.h27v08.061.2023341192820.hdf,VERIFIED_NO_HASH,"Valid Header, No Remote Checksum Available",373328,PASS (Structure Only)
MYD11A1.A2023340.h29v08.061.2023341205405.hdf,VERIFIED_NO_HASH,"Valid Header, No Remote Checksum Available",988068,PASS (Structure Only)
MYD11A1.A2023344.h28v08.061.2023345175336.hdf,VERIFIED_NO_HASH,"Valid Header, No Remote Checksum Available",285122,PASS (Structure Only)
MYD11A1.A2023338.h28v08.061.2023341192248.hdf,VERIFIED_NO_HASH,"Valid Header, No Remote Checksum Available",605134,PASS (Structure Only)
MYD11A1.A2023343.h27v08.061.2023344174542.hdf,VERIFIED_NO_HASH,"Valid Header, No Remote Checksum Available",663524,PASS (Structure Only)
MYD11A1.A2023344.h29v08.061.2023345175408.hdf,VERIFIED_NO_HASH,"Valid Header, No Remote Checksum Available",1160410,PASS (Structure Only)
MYD11A1.A2023345.h28v08.061.2023346170633.hdf,VERIFIED_NO_HASH,"Valid Header, No Remote Checksum Available",510580,PASS (Structure Only)
MYD11A1.A2023345.h29v08.061.2023346170744.hdf,VERIFIED_NO_HASH,"Valid Header, No Remote Checksum Available",578536,PASS (Structure Only)
MYD11A1.A2023346.h28v08.061.2023347171918.hdf,VERIFIED_NO_HASH,"Valid Header, No Remote Checksum Available",269890,PASS (Structure Only)
MYD11A1.A2023339.h28v08.061.2023341192858.hdf,VERIFIED_NO_HASH,"Valid Header, No Remote Checksum Available",411717,PASS (Structure Only)
MYD11A1.A2023350.h27v08.061.2023351171508.hdf,VERIFIED_NO_HASH,"Valid Header, No Remote Checksum Available",719920,PASS (Structure Only)
MYD11A1.A2023350.h29v08.061.2023351171537.hdf,VERIFIED_NO_HASH,"Valid Header, No Remote Checksum Available",414453,PASS (Structure Only)
MYD11A1.A2023337.h29v08.061.2023340001443.hdf,VERIFIED_NO_HASH,"Valid Header, No Remote Checksum Available",866143,PASS (Structure Only)
MYD11A1.A2023349.h28v08.061.2023350170239.hdf,VERIFIED_NO_HASH,"Valid Header, No Remote Checksum Available",423301,PASS (Structure Only)
MYD11A1.A2023350.h28v08.061.2023351171448.hdf,VERIFIED_NO_HASH,"Valid Header, No Remote Checksum Available",671054,PASS (Structure Only)
MYD11A1.A2023351.h28v08.061.2023353222541.hdf,VERIFIED_NO_HASH,"Valid Header, No Remote Checksum Available",311834,PASS (Structure Only)
MYD11A1.A2023352.h28v08.061.2023353231753.hdf,VERIFIED_NO_HASH,"Valid Header, No Remote Checksum Available",386312,PASS (Structure Only)
MYD11A1.A2023351.h29v08.061.2023353221531.hdf,VERIFIED_NO_HASH,"Valid Header, No Remote Checksum Available",1220594,PASS (Structure Only)
MYD11A1.A2023347.h29v08.061.2023348171825.hdf,VERIFIED_NO_HASH,"Valid Header, No Remote Checksum Available",1103188,PASS (Structure Only)
MYD11A1.A2023351.h27v08.061.2023353223401.hdf,VERIFIED_NO_HASH,"Valid Header, No Remote Checksum Available",590658,PASS (Structure Only)
MYD11A1.A2023346.h27v08.061.2023347171840.hdf,VERIFIED_NO_HASH,"Valid Header, No Remote Checksum Available",454027,PASS (Structure Only)
MYD11A1.A2023343.h29v08.061.2023344174516.hdf,VERIFIED_NO_HASH,"Valid Header, No Remote Checksum Available",676781,PASS (Structure Only)
MYD11A1.A2023346.h29v08.061.2023347171930.hdf,VERIFIED_NO_HASH,"Valid Header, No Remote Checksum Available",1504562,PASS (Structure Only)
MYD11A1.A2023347.h27v08.061.2023348171852.hdf,VERIFIED_NO_HASH,"Valid Header, No Remote Checksum Available",254757,PASS (Structure Only)
MYD11A1.A2023348.h27v08.061.2023349171440.hdf,VERIFIED_NO_HASH,"Valid Header, No Remote Checksum Available",496615,PASS (Structure Only)
MYD11A1.A2023348.h29v08.061.2023349171443.hdf,VERIFIED_NO_HASH,"Valid Header, No Remote Checksum Available",699415,PASS (Structure Only)
MYD11A1.A2023352.h27v08.061.2023353231024.hdf,VERIFIED_NO_HASH,"Valid Header, No Remote Checksum Available",659283,PASS (Structure Only)
MYD11A1.A2023355.h28v08.061.2023357020643.hdf,VERIFIED_NO_HASH,"Valid Header, No Remote Checksum Available",599861,PASS (Structure Only)
MYD11A1.A2023355.h27v08.061.2023357020809.hdf,VERIFIED_NO_HASH,"Valid Header, No Remote Checksum Available",906474,PASS (Structure Only)
MYD11A1.A2023349.h27v08.061.2023350170149.hdf,VERIFIED_NO_HASH,"Valid Header, No Remote Checksum Available",229894,PASS (Structure Only)
MYD11A1.A2023356.h27v08.061.2023357173337.hdf,VERIFIED_NO_HASH,"Valid Header, No Remote Checksum Available",436284,PASS (Structure Only)
MYD11A1.A2023345.h27v08.061.2023346170710.hdf,VERIFIED_NO_HASH,"Valid Header, No Remote Checksum Available",384950,PASS (Structure Only)
MYD11A1.A2023340.h27v08.061.2023341205402.hdf,VERIFIED_NO_HASH,"Valid Header, No Remote Checksum Available",494092,PASS (Structure Only)
MYD11A1.A2023356.h29v08.061.2023357173424.hdf,VERIFIED_NO_HASH,"Valid Header, No Remote Checksum Available",1194944,PASS (Structure Only)
MYD11A1.A2023354.h28v08.061.2023357011707.hdf,VERIFIED_NO_HASH,"Valid Header, No Remote Checksum Available",680182,PASS (Structure Only)
MYD11A1.A2023358.h28v08.061.2023365065150.hdf,VERIFIED_NO_HASH,"Valid Header, No Remote Checksum Available",244263,PASS (Structure Only)
MYD11A1.A2023358.h27v08.061.2023365070524.hdf,VERIFIED_NO_HASH,"Valid Header, No Remote Checksum Available",215906,PASS (Structure Only)
MYD11A1.A2023353.h27v08.061.2023354191933.hdf,VERIFIED_NO_HASH,"Valid Header, No Remote Checksum Available",975874,PASS (Structure Only)
MYD11A1.A2023354.h27v08.061.2023357011809.hdf,VERIFIED_NO_HASH,"Valid Header, No Remote Checksum Available",386854,PASS (Structure Only)
MYD11A1.A2023355.h29v08.061.2023357020747.hdf,VERIFIED_NO_HASH,"Valid Header, No Remote Checksum Available",451507,PASS (Structure Only)
MYD11A1.A2023357.h28v08.061.2023365055408.hdf,VERIFIED_NO_HASH,"Valid Header, No Remote Checksum Available",237358,PASS (Structure Only)
MYD11A1.A2023357.h27v08.061.2023365055755.hdf,VERIFIED_NO_HASH,"Valid Header, No Remote Checksum Available",304859,PASS (Structure Only)
MYD11A1.A2023360.h27v08.061.2023365110700.hdf,VERIFIED_NO_HASH,"Valid Header, No Remote Checksum Available",479015,PASS (Structure Only)
MYD11A1.A2023361.h27v08.061.2023365131629.hdf,VERIFIED_NO_HASH,"Valid Header, No Remote Checksum Available",346009,PASS (Structure Only)
MYD11A1.A2023360.h28v08.061.2023365105417.hdf,VERIFIED_NO_HASH,"Valid Header, No Remote Checksum Available",323847,PASS (Structure Only)
MYD11A1.A2023353.h28v08.061.2023354192323.hdf,VERIFIED_NO_HASH,"Valid Header, No Remote Checksum Available",495050,PASS (Structure Only)
MYD11A1.A2023354.h29v08.061.2023357012104.hdf,VERIFIED_NO_HASH,"Valid Header, No Remote Checksum Available",1440155,PASS (Structure Only)
MYD11A1.A2023362.h29v08.061.2023365134139.hdf,VERIFIED_NO_HASH,"Valid Header, No Remote Checksum Available",810523,PASS (Structure Only)
MYD11A1.A2023361.h28v08.061.2023365130910.hdf,VERIFIED_NO_HASH,"Valid Header, No Remote Checksum Available",315666,PASS (Structure Only)
MYD11A1.A2023359.h27v08.061.2023365101653.hdf,VERIFIED_NO_HASH,"Valid Header, No Remote Checksum Available",216653,PASS (Structure Only)
MYD11A1.A2023359.h28v08.061.2023365101752.hdf,VERIFIED_NO_HASH,"Valid Header, No Remote Checksum Available",305095,PASS (Structure Only)
MYD11A1.A2023362.h27v08.061.2023365134119.hdf,VERIFIED_NO_HASH,"Valid Header, No Remote Checksum Available",615791,PASS (Structure Only)
MYD11A1.A2023363.h28v08.061.2023365173040.hdf,VERIFIED_NO_HASH,"Valid Header, No Remote Checksum Available",268472,PASS (Structure Only)
MYD11A1.A2023359.h29v08.061.2023365102002.hdf,VERIFIED_NO_HASH,"Valid Header, No Remote Checksum Available",1230178,PASS (Structure Only)
MYD11A1.A2023360.h29v08.061.2023365105400.hdf,VERIFIED_NO_HASH,"Valid Header, No Remote Checksum Available",1507668,PASS (Structure Only)
MYD11A1.A2023352.h29v08.061.2023353232244.hdf,VERIFIED_NO_HASH,"Valid Header, No Remote Checksum Available",411783,PASS (Structure Only)
MYD11A1.A2023353.h29v08.061.2023354191926.hdf,VERIFIED_NO_HASH,"Valid Header, No Remote Checksum Available",478126,PASS (Structure Only)
MYD11A1.A2023364.h29v08.061.2023365183927.hdf,VERIFIED_NO_HASH,"Valid Header, No Remote Checksum Available",626624,PASS (Structure Only)
MYD11A1.A2023364.h28v08.061.2023365183640.hdf,VERIFIED_NO_HASH,"Valid Header, No Remote Checksum Available",496355,PASS (Structure Only)
MYD11A1.A2023358.h29v08.061.2023365070803.hdf,VERIFIED_NO_HASH,"Valid Header, No Remote Checksum Available",1289947,PASS (Structure Only)
MYD11A1.A2024001.h29v08.061.2024005011357.hdf,VERIFIED_NO_HASH,"Valid Header, No Remote Checksum Available",1080344,PASS (Structure Only)
MYD11A1.A2023365.h28v08.061.2024004122516.hdf,VERIFIED_NO_HASH,"Valid Header, No Remote Checksum Available",413841,PASS (Structure Only)
MYD11A1.A2024002.h28v08.061.2024005044748.hdf,VERIFIED_NO_HASH,"Valid Header, No Remote Checksum Available",704911,PASS (Structure Only)
MYD11A1.A2023365.h29v08.061.2024004111230.hdf,VERIFIED_NO_HASH,"Valid Header, No Remote Checksum Available",914099,PASS (Structure Only)
MYD11A1.A2024001.h27v08.061.2024005020813.hdf,VERIFIED_NO_HASH,"Valid Header, No Remote Checksum Available",250468,PASS (Structure Only)
MYD11A1.A2023357.h29v08.061.2023365060026.hdf,VERIFIED_NO_HASH,"Valid Header, No Remote Checksum Available",636101,PASS (Structure Only)
MYD11A1.A2023356.h28v08.061.2023357173442.hdf,VERIFIED_NO_HASH,"Valid Header, No Remote Checksum Available",238330,PASS (Structure Only)
MYD11A1.A2024003.h29v08.061.2024005160930.hdf,VERIFIED_NO_HASH,"Valid Header, No Remote Checksum Available",1434276,PASS (Structure Only)
MYD11A1.A2024003.h27v08.061.2024005163032.hdf,VERIFIED_NO_HASH,"Valid Header, No Remote Checksum Available",241656,PASS (Structure Only)
MYD11A1.A2023364.h27v08.061.2023365183733.hdf,VERIFIED_NO_HASH,"Valid Header, No Remote Checksum Available",298572,PASS (Structure Only)
MYD11A1.A2023349.h29v08.061.2023350170214.hdf,VERIFIED_NO_HASH,"Valid Header, No Remote Checksum Available",1397361,PASS (Structure Only)
MYD11A1.A2023347.h28v08.061.2023348171830.hdf,VERIFIED_NO_HASH,"Valid Header, No Remote Checksum Available",439097,PASS (Structure Only)
MYD11A1.A2023365.h27v08.061.2024004122308.hdf,VERIFIED_NO_HASH,"Valid Header, No Remote Checksum Available",589802,PASS (Structure Only)
MYD11A1.A2024001.h28v08.061.2024005012906.hdf,VERIFIED_NO_HASH,"Valid Header, No Remote Checksum Available",559557,PASS (Structure Only)
MYD11A1.A2024005.h28v08.061.2024009090354.hdf,VERIFIED_NO_HASH,"Valid Header, No Remote Checksum Available",259102,PASS (Structure Only)
MYD11A1.A2024005.h29v08.061.2024009094720.hdf,VERIFIED_NO_HASH,"Valid Header, No Remote Checksum Available",633905,PASS (Structure Only)
MYD11A1.A2024006.h27v08.061.2024009094715.hdf,VERIFIED_NO_HASH,"Valid Header, No Remote Checksum Available",269018,PASS (Structure Only)
MYD11A1.A2024006.h28v08.061.2024009094601.hdf,VERIFIED_NO_HASH,"Valid Header, No Remote Checksum Available",310909,PASS (Structure Only)
MYD11A1.A2024006.h29v08.061.2024009095208.hdf,VERIFIED_NO_HASH,"Valid Header, No Remote Checksum Available",487721,PASS (Structure Only)
MYD11A1.A2024004.h28v08.061.2024006025031.hdf,VERIFIED_NO_HASH,"Valid Header, No Remote Checksum Available",389065,PASS (Structure Only)
MYD11A1.A2024004.h27v08.061.2024006025954.hdf,VERIFIED_NO_HASH,"Valid Header, No Remote Checksum Available",490366,PASS (Structure Only)
MYD11A1.A2024004.h29v08.061.2024006025203.hdf,VERIFIED_NO_HASH,"Valid Header, No Remote Checksum Available",601038,PASS (Structure Only)
MYD11A1.A2024007.h28v08.061.2024009121547.hdf,VERIFIED_NO_HASH,"Valid Header, No Remote Checksum Available",249953,PASS (Structure Only)
MYD11A1.A2024007.h29v08.061.2024009121711.hdf,VERIFIED_NO_HASH,"Valid Header, No Remote Checksum Available",559430,PASS (Structure Only)
MYD11A1.A2024008.h27v08.061.2024010074330.hdf,VERIFIED_NO_HASH,"Valid Header, No Remote Checksum Available",360339,PASS (Structure Only)
MYD11A1.A2024003.h28v08.061.2024005160921.hdf,VERIFIED_NO_HASH,"Valid Header, No Remote Checksum Available",359658,PASS (Structure Only)
MYD11A1.A2024010.h29v08.061.2024012015718.hdf,VERIFIED_NO_HASH,"Valid Header, No Remote Checksum Available",1698859,PASS (Structure Only)
MYD11A1.A2023363.h27v08.061.2023365172933.hdf,VERIFIED_NO_HASH,"Valid Header, No Remote Checksum Available",261915,PASS (Structure Only)
MYD11A1.A2023363.h29v08.061.2023365172754.hdf,VERIFIED_NO_HASH,"Valid Header, No Remote Checksum Available",1473160,PASS (Structure Only)
MYD11A1.A2024007.h27v08.061.2024009121655.hdf,VERIFIED_NO_HASH,"Valid Header, No Remote Checksum Available",484751,PASS (Structure Only)
MYD11A1.A2024002.h29v08.061.2024005044950.hdf,VERIFIED_NO_HASH,"Valid Header, No Remote Checksum Available",609890,PASS (Structure Only)
MYD11A1.A2024011.h28v08.061.2024012232912.hdf,VERIFIED_NO_HASH,"Valid Header, No Remote Checksum Available",634323,PASS (Structure Only)
MYD11A1.A2024009.h29v08.061.2024011211915.hdf,VERIFIED_NO_HASH,"Valid Header, No Remote Checksum Available",713094,PASS (Structure Only)
MYD11A1.A2024010.h27v08.061.2024012020918.hdf,VERIFIED_NO_HASH,"Valid Header, No Remote Checksum Available",318791,PASS (Structure Only)
MYD11A1.A2024008.h29v08.061.2024010055846.hdf,VERIFIED_NO_HASH,"Valid Header, No Remote Checksum Available",627880,PASS (Structure Only)
MYD11A1.A2024009.h28v08.061.2024011201028.hdf,VERIFIED_NO_HASH,"Valid Header, No Remote Checksum Available",348625,PASS (Structure Only)
MYD11A1.A2024009.h27v08.061.2024011201633.hdf,VERIFIED_NO_HASH,"Valid Header, No Remote Checksum Available",400904,PASS (Structure Only)
MYD11A1.A2024010.h28v08.061.2024012021148.hdf,VERIFIED_NO_HASH,"Valid Header, No Remote Checksum Available",294344,PASS (Structure Only)
MYD11A1.A2024002.h27v08.061.2024005044807.hdf,VERIFIED_NO_HASH,"Valid Header, No Remote Checksum Available",790790,PASS (Structure Only)
MYD11A1.A2024011.h27v08.061.2024012235902.hdf,VERIFIED_NO_HASH,"Valid Header, No Remote Checksum Available",607811,PASS (Structure Only)
MYD11A1.A2024005.h27v08.061.2024009090300.hdf,VERIFIED_NO_HASH,"Valid Header, No Remote Checksum Available",309142,PASS (Structure Only)
MYD11A1.A2024008.h28v08.061.2024010054952.hdf,VERIFIED_NO_HASH,"Valid Header, No Remote Checksum Available",259082,PASS (Structure Only)
MYD11A1.A2024011.h29v08.061.2024012235215.hdf,VERIFIED_NO_HASH,"Valid Header, No Remote Checksum Available",263485,PASS (Structure Only)
MYD11A1.A2024012.h28v08.061.2024013195215.hdf,VERIFIED_NO_HASH,"Valid Header, No Remote Checksum Available",301519,PASS (Structure Only)
MYD11A1.A2023362.h28v08.061.2023365133204.hdf,VERIFIED_NO_HASH,"Valid Header, No Remote Checksum Available",398657,PASS (Structure Only)
MYD11A1.A2023361.h29v08.061.2023365131658.hdf,VERIFIED_NO_HASH,"Valid Header, No Remote Checksum Available",1719043,PASS (Structure Only)
MYD11A1.A2023348.h28v08.061.2023349171440.hdf,VERIFIED_NO_HASH,"Valid Header, No Remote Checksum Available",375578,PASS (Structure Only)
MYD11A1.A2024016.h28v08.061.2024025221435.hdf,VERIFIED_NO_HASH,"Valid Header, No Remote Checksum Available",263902,PASS (Structure Only)
MYD11A1.A2024017.h27v08.061.2024026041746.hdf,VERIFIED_NO_HASH,"Valid Header, No Remote Checksum Available",274566,PASS (Structure Only)
MYD11A1.A2024017.h29v08.061.2024026040120.hdf,VERIFIED_NO_HASH,"Valid Header, No Remote Checksum Available",376927,PASS (Structure Only)
MYD11A1.A2024016.h27v08.061.2024025220831.hdf,VERIFIED_NO_HASH,"Valid Header, No Remote Checksum Available",417573,PASS (Structure Only)
MYD11A1.A2024017.h28v08.061.2024026042944.hdf,VERIFIED_NO_HASH,"Valid Header, No Remote Checksum Available",241078,PASS (Structure Only)
MYD11A1.A2024018.h27v08.061.2024026045722.hdf,VERIFIED_NO_HASH,"Valid Header, No Remote Checksum Available",322906,PASS (Structure Only)
MYD11A1.A2024018.h29v08.061.2024026045121.hdf,VERIFIED_NO_HASH,"Valid Header, No Remote Checksum Available",218345,PASS (Structure Only)
MYD11A1.A2024020.h27v08.061.2024026083230.hdf,VERIFIED_NO_HASH,"Valid Header, No Remote Checksum Available",304464,PASS (Structure Only)
MYD11A1.A2024019.h28v08.061.2024026081825.hdf,VERIFIED_NO_HASH,"Valid Header, No Remote Checksum Available",371081,PASS (Structure Only)
MYD11A1.A2024019.h27v08.061.2024026081758.hdf,VERIFIED_NO_HASH,"Valid Header, No Remote Checksum Available",592325,PASS (Structure Only)
MYD11A1.A2024016.h29v08.061.2024025215131.hdf,VERIFIED_NO_HASH,"Valid Header, No Remote Checksum Available",216134,PASS (Structure Only)
MYD11A1.A2024021.h29v08.061.2024027200429.hdf,VERIFIED_NO_HASH,"Valid Header, No Remote Checksum Available",420634,PASS (Structure Only)
MYD11A1.A2024019.h29v08.061.2024026081614.hdf,VERIFIED_NO_HASH,"Valid Header, No Remote Checksum Available",309476,PASS (Structure Only)
MYD11A1.A2024020.h29v08.061.2024026083223.hdf,VERIFIED_NO_HASH,"Valid Header, No Remote Checksum Available",327997,PASS (Structure Only)
MYD11A1.A2024020.h28v08.061.2024026083150.hdf,VERIFIED_NO_HASH,"Valid Header, No Remote Checksum Available",257064,PASS (Structure Only)
MYD11A1.A2024021.h27v08.061.2024027200611.hdf,VERIFIED_NO_HASH,"Valid Header, No Remote Checksum Available",1164344,PASS (Structure Only)
MYD11A1.A2024021.h28v08.061.2024027200656.hdf,VERIFIED_NO_HASH,"Valid Header, No Remote Checksum Available",662084,PASS (Structure Only)
MYD11A1.A2024012.h27v08.061.2024013200320.hdf,VERIFIED_NO_HASH,"Valid Header, No Remote Checksum Available",658922,PASS (Structure Only)
MYD11A1.A2024013.h27v08.061.2024025034346.hdf,VERIFIED_NO_HASH,"Valid Header, No Remote Checksum Available",589557,PASS (Structure Only)
MYD11A1.A2024013.h28v08.061.2024025033116.hdf,VERIFIED_NO_HASH,"Valid Header, No Remote Checksum Available",526833,PASS (Structure Only)
MYD11A1.A2024014.h27v08.061.2024025055015.hdf,VERIFIED_NO_HASH,"Valid Header, No Remote Checksum Available",743010,PASS (Structure Only)
MYD11A1.A2024014.h29v08.061.2024025053537.hdf,VERIFIED_NO_HASH,"Valid Header, No Remote Checksum Available",259323,PASS (Structure Only)
MYD11A1.A2024014.h28v08.061.2024025051206.hdf,VERIFIED_NO_HASH,"Valid Header, No Remote Checksum Available",444293,PASS (Structure Only)
MYD11A1.A2024015.h27v08.061.2024025211224.hdf,VERIFIED_NO_HASH,"Valid Header, No Remote Checksum Available",233879,PASS (Structure Only)
MYD11A1.A2024015.h28v08.061.2024025205653.hdf,VERIFIED_NO_HASH,"Valid Header, No Remote Checksum Available",255354,PASS (Structure Only)
MYD11A1.A2024015.h29v08.061.2024025211419.hdf,VERIFIED_NO_HASH,"Valid Header, No Remote Checksum Available",243352,PASS (Structure Only)
MYD11A1.A2024023.h29v08.061.2024027220301.hdf,VERIFIED_NO_HASH,"Valid Header, No Remote Checksum Available",514395,PASS (Structure Only)
MYD11A1.A2024023.h28v08.061.2024027220202.hdf,VERIFIED_NO_HASH,"Valid Header, No Remote Checksum Available",592366,PASS (Structure Only)
MYD11A1.A2024027.h27v08.061.2024030230355.hdf,VERIFIED_NO_HASH,"Valid Header, No Remote Checksum Available",372169,PASS (Structure Only)
MYD11A1.A2024026.h28v08.061.2024030223157.hdf,VERIFIED_NO_HASH,"Valid Header, No Remote Checksum Available",814541,PASS (Structure Only)
MYD11A1.A2024023.h27v08.061.2024027220228.hdf,VERIFIED_NO_HASH,"Valid Header, No Remote Checksum Available",382204,PASS (Structure Only)
MYD11A1.A2024025.h27v08.061.2024028002134.hdf,VERIFIED_NO_HASH,"Valid Header, No Remote Checksum Available",332464,PASS (Structure Only)
MYD11A1.A2024025.h28v08.061.2024028002239.hdf,VERIFIED_NO_HASH,"Valid Header, No Remote Checksum Available",427791,PASS (Structure Only)
MYD11A1.A2024026.h27v08.061.2024030222939.hdf,VERIFIED_NO_HASH,"Valid Header, No Remote Checksum Available",875760,PASS (Structure Only)
MYD11A1.A2024028.h28v08.061.2024031033302.hdf,VERIFIED_NO_HASH,"Valid Header, No Remote Checksum Available",1606857,PASS (Structure Only)
MYD11A1.A2024026.h29v08.061.2024030224545.hdf,VERIFIED_NO_HASH,"Valid Header, No Remote Checksum Available",1481159,PASS (Structure Only)
MYD11A1.A2024027.h29v08.061.2024030230946.hdf,VERIFIED_NO_HASH,"Valid Header, No Remote Checksum Available",1205568,PASS (Structure Only)
MYD11A1.A2024024.h28v08.061.2024027222800.hdf,VERIFIED_NO_HASH,"Valid Header, No Remote Checksum Available",269274,PASS (Structure Only)
MYD11A1.A2024024.h29v08.061.2024027222939.hdf,VERIFIED_NO_HASH,"Valid Header, No Remote Checksum Available",933424,PASS (Structure Only)
MYD11A1.A2024024.h27v08.061.2024027222858.hdf,VERIFIED_NO_HASH,"Valid Header, No Remote Checksum Available",340067,PASS (Structure Only)
MYD11A1.A2024029.h29v08.061.2024033042044.hdf,VERIFIED_NO_HASH,"Valid Header, No Remote Checksum Available",1507918,PASS (Structure Only)
MYD11A1.A2024030.h29v08.061.2024033071031.hdf,VERIFIED_NO_HASH,"Valid Header, No Remote Checksum Available",567308,PASS (Structure Only)
MYD11A1.A2024028.h29v08.061.2024031033217.hdf,VERIFIED_NO_HASH,"Valid Header, No Remote Checksum Available",772576,PASS (Structure Only)
MYD11A1.A2024030.h27v08.061.2024033070101.hdf,VERIFIED_NO_HASH,"Valid Header, No Remote Checksum Available",1091313,PASS (Structure Only)
MYD11A1.A2024012.h29v08.061.2024013200117.hdf,VERIFIED_NO_HASH,"Valid Header, No Remote Checksum Available",557201,PASS (Structure Only)
MYD11A1.A2024013.h29v08.061.2024025034643.hdf,VERIFIED_NO_HASH,"Valid Header, No Remote Checksum Available",246283,PASS (Structure Only)
MYD11A1.A2024022.h29v08.061.2024027203212.hdf,VERIFIED_NO_HASH,"Valid Header, No Remote Checksum Available",1297445,PASS (Structure Only)
MYD11A1.A2024033.h27v08.061.2024039221818.hdf,VERIFIED_NO_HASH,"Valid Header, No Remote Checksum Available",1048638,PASS (Structure Only)
MYD11A1.A2024029.h28v08.061.2024033050343.hdf,VERIFIED_NO_HASH,"Valid Header, No Remote Checksum Available",857563,PASS (Structure Only)
MYD11A1.A2024022.h28v08.061.2024027203542.hdf,VERIFIED_NO_HASH,"Valid Header, No Remote Checksum Available",403553,PASS (Structure Only)
MYD11A1.A2024022.h27v08.061.2024027203410.hdf,VERIFIED_NO_HASH,"Valid Header, No Remote Checksum Available",433767,PASS (Structure Only)
MYD11A1.A2024029.h27v08.061.2024033031519.hdf,VERIFIED_NO_HASH,"Valid Header, No Remote Checksum Available",581379,PASS (Structure Only)
MYD11A1.A2024028.h27v08.061.2024031034824.hdf,VERIFIED_NO_HASH,"Valid Header, No Remote Checksum Available",1202794,PASS (Structure Only)
MYD11A1.A2024025.h29v08.061.2024028002221.hdf,VERIFIED_NO_HASH,"Valid Header, No Remote Checksum Available",719031,PASS (Structure Only)
MYD11A1.A2024031.h27v08.061.2024034002109.hdf,VERIFIED_NO_HASH,"Valid Header, No Remote Checksum Available",1211327,PASS (Structure Only)
MYD11A1.A2024031.h28v08.061.2024034000502.hdf,VERIFIED_NO_HASH,"Valid Header, No Remote Checksum Available",748760,PASS (Structure Only)
MYD11A1.A2024035.h28v08.061.2024040060408.hdf,VERIFIED_NO_HASH,"Valid Header, No Remote Checksum Available",1423328,PASS (Structure Only)
MYD11A1.A2024033.h29v08.061.2024039220354.hdf,VERIFIED_NO_HASH,"Valid Header, No Remote Checksum Available",410514,PASS (Structure Only)
MYD11A1.A2024031.h29v08.061.2024034001955.hdf,VERIFIED_NO_HASH,"Valid Header, No Remote Checksum Available",948366,PASS (Structure Only)
MYD11A1.A2024036.h27v08.061.2024040064635.hdf,VERIFIED_NO_HASH,"Valid Header, No Remote Checksum Available",854521,PASS (Structure Only)
MYD11A1.A2024032.h29v08.061.2024039045101.hdf,VERIFIED_NO_HASH,"Valid Header, No Remote Checksum Available",382505,PASS (Structure Only)
MYD11A1.A2024035.h27v08.061.2024040054511.hdf,VERIFIED_NO_HASH,"Valid Header, No Remote Checksum Available",1165014,PASS (Structure Only)
MYD11A1.A2024037.h28v08.061.2024040100005.hdf,VERIFIED_NO_HASH,"Valid Header, No Remote Checksum Available",652439,PASS (Structure Only)
MYD11A1.A2024037.h27v08.061.2024040102740.hdf,VERIFIED_NO_HASH,"Valid Header, No Remote Checksum Available",865798,PASS (Structure Only)
MYD11A1.A2024034.h27v08.061.2024040003251.hdf,VERIFIED_NO_HASH,"Valid Header, No Remote Checksum Available",335966,PASS (Structure Only)
MYD11A1.A2024038.h29v08.061.2024040103543.hdf,VERIFIED_NO_HASH,"Valid Header, No Remote Checksum Available",319673,PASS (Structure Only)
MYD11A1.A2024032.h27v08.061.2024039052953.hdf,VERIFIED_NO_HASH,"Valid Header, No Remote Checksum Available",795404,PASS (Structure Only)
MYD11A1.A2024040.h28v08.061.2024041201558.hdf,VERIFIED_NO_HASH,"Valid Header, No Remote Checksum Available",1070800,PASS (Structure Only)
MYD11A1.A2024040.h27v08.061.2024041201351.hdf,VERIFIED_NO_HASH,"Valid Header, No Remote Checksum Available",1022960,PASS (Structure Only)
MYD11A1.A2024036.h29v08.061.2024040064432.hdf,VERIFIED_NO_HASH,"Valid Header, No Remote Checksum Available",410137,PASS (Structure Only)
MYD11A1.A2024036.h28v08.061.2024040070520.hdf,VERIFIED_NO_HASH,"Valid Header, No Remote Checksum Available",543125,PASS (Structure Only)
MYD11A1.A2024037.h29v08.061.2024040100206.hdf,VERIFIED_NO_HASH,"Valid Header, No Remote Checksum Available",277277,PASS (Structure Only)
MYD11A1.A2024038.h28v08.061.2024040103537.hdf,VERIFIED_NO_HASH,"Valid Header, No Remote Checksum Available",495500,PASS (Structure Only)
MYD11A1.A2024041.h28v08.061.2024044043527.hdf,VERIFIED_NO_HASH,"Valid Header, No Remote Checksum Available",523913,PASS (Structure Only)
MYD11A1.A2024041.h27v08.061.2024044042827.hdf,VERIFIED_NO_HASH,"Valid Header, No Remote Checksum Available",557089,PASS (Structure Only)
MYD11A1.A2024041.h29v08.061.2024044043733.hdf,VERIFIED_NO_HASH,"Valid Header, No Remote Checksum Available",623869,PASS (Structure Only)
MYD11A1.A2024034.h28v08.061.2024040002944.hdf,VERIFIED_NO_HASH,"Valid Header, No Remote Checksum Available",726439,PASS (Structure Only)
MYD11A1.A2024043.h27v08.061.2024045025105.hdf,VERIFIED_NO_HASH,"Valid Header, No Remote Checksum Available",1098007,PASS (Structure Only)
MYD11A1.A2024043.h28v08.061.2024045025148.hdf,VERIFIED_NO_HASH,"Valid Header, No Remote Checksum Available",503876,PASS (Structure Only)
MYD11A1.A2024042.h29v08.061.2024044062310.hdf,VERIFIED_NO_HASH,"Valid Header, No Remote Checksum Available",340019,PASS (Structure Only)
MYD11A1.A2024040.h29v08.061.2024041201234.hdf,VERIFIED_NO_HASH,"Valid Header, No Remote Checksum Available",545694,PASS (Structure Only)
MYD11A1.A2024042.h28v08.061.2024044062800.hdf,VERIFIED_NO_HASH,"Valid Header, No Remote Checksum Available",1452058,PASS (Structure Only)
MYD11A1.A2024038.h27v08.061.2024040103629.hdf,VERIFIED_NO_HASH,"Valid Header, No Remote Checksum Available",834324,PASS (Structure Only)
MYD11A1.A2024035.h29v08.061.2024040060510.hdf,VERIFIED_NO_HASH,"Valid Header, No Remote Checksum Available",594449,PASS (Structure Only)
MYD11A1.A2024044.h29v08.061.2024045224717.hdf,VERIFIED_NO_HASH,"Valid Header, No Remote Checksum Available",779442,PASS (Structure Only)
MYD11A1.A2024045.h28v08.061.2024046202538.hdf,VERIFIED_NO_HASH,"Valid Header, No Remote Checksum Available",745231,PASS (Structure Only)
MYD11A1.A2024044.h27v08.061.2024045224433.hdf,VERIFIED_NO_HASH,"Valid Header, No Remote Checksum Available",912223,PASS (Structure Only)
MYD11A1.A2024045.h27v08.061.2024046202522.hdf,VERIFIED_NO_HASH,"Valid Header, No Remote Checksum Available",1002867,PASS (Structure Only)
MYD11A1.A2024044.h28v08.061.2024045224854.hdf,VERIFIED_NO_HASH,"Valid Header, No Remote Checksum Available",765534,PASS (Structure Only)
MYD11A1.A2024039.h27v08.061.2024040202439.hdf,VERIFIED_NO_HASH,"Valid Header, No Remote Checksum Available",460280,PASS (Structure Only)
MYD11A1.A2024033.h28v08.061.2024039221128.hdf,VERIFIED_NO_HASH,"Valid Header, No Remote Checksum Available",1134893,PASS (Structure Only)
MYD11A1.A2024046.h28v08.061.2024047211210.hdf,VERIFIED_NO_HASH,"Valid Header, No Remote Checksum Available",715237,PASS (Structure Only)
MYD11A1.A2024046.h27v08.061.2024047211151.hdf,VERIFIED_NO_HASH,"Valid Header, No Remote Checksum Available",350172,PASS (Structure Only)
MYD11A1.A2024039.h28v08.061.2024040202510.hdf,VERIFIED_NO_HASH,"Valid Header, No Remote Checksum Available",981466,PASS (Structure Only)
MYD11A1.A2024048.h27v08.061.2024051050126.hdf,VERIFIED_NO_HASH,"Valid Header, No Remote Checksum Available",556010,PASS (Structure Only)
MYD11A1.A2024047.h27v08.061.2024048224506.hdf,VERIFIED_NO_HASH,"Valid Header, No Remote Checksum Available",906359,PASS (Structure Only)
MYD11A1.A2024049.h29v08.061.2024051054751.hdf,VERIFIED_NO_HASH,"Valid Header, No Remote Checksum Available",882147,PASS (Structure Only)
MYD11A1.A2024039.h29v08.061.2024040202331.hdf,VERIFIED_NO_HASH,"Valid Header, No Remote Checksum Available",779630,PASS (Structure Only)
MYD11A1.A2024027.h28v08.061.2024030232609.hdf,VERIFIED_NO_HASH,"Valid Header, No Remote Checksum Available",1038993,PASS (Structure Only)
MYD11A1.A2024042.h27v08.061.2024044073928.hdf,VERIFIED_NO_HASH,"Valid Header, No Remote Checksum Available",1317784,PASS (Structure Only)
MYD11A1.A2024032.h28v08.061.2024039044834.hdf,VERIFIED_NO_HASH,"Valid Header, No Remote Checksum Available",826309,PASS (Structure Only)
MYD11A1.A2024048.h28v08.061.2024051050449.hdf,VERIFIED_NO_HASH,"Valid Header, No Remote Checksum Available",360916,PASS (Structure Only)
MYD11A1.A2024046.h29v08.061.2024047211139.hdf,VERIFIED_NO_HASH,"Valid Header, No Remote Checksum Available",1686416,PASS (Structure Only)
MYD11A1.A2024043.h29v08.061.2024045025213.hdf,VERIFIED_NO_HASH,"Valid Header, No Remote Checksum Available",745118,PASS (Structure Only)
MYD11A1.A2024050.h29v08.061.2024055092425.hdf,VERIFIED_NO_HASH,"Valid Header, No Remote Checksum Available",2296075,PASS (Structure Only)
MYD11A1.A2024051.h29v08.061.2024055162703.hdf,VERIFIED_NO_HASH,"Valid Header, No Remote Checksum Available",1677046,PASS (Structure Only)
MYD11A1.A2024050.h27v08.061.2024055000823.hdf,VERIFIED_NO_HASH,"Valid Header, No Remote Checksum Available",444073,PASS (Structure Only)
MYD11A1.A2024049.h28v08.061.2024051054709.hdf,VERIFIED_NO_HASH,"Valid Header, No Remote Checksum Available",922912,PASS (Structure Only)
MYD11A1.A2024051.h28v08.061.2024055154926.hdf,VERIFIED_NO_HASH,"Valid Header, No Remote Checksum Available",944179,PASS (Structure Only)
MYD11A1.A2024053.h29v08.061.2024056142833.hdf,VERIFIED_NO_HASH,"Valid Header, No Remote Checksum Available",1970114,PASS (Structure Only)
MYD11A1.A2024052.h28v08.061.2024055232701.hdf,VERIFIED_NO_HASH,"Valid Header, No Remote Checksum Available",1478241,PASS (Structure Only)
MYD11A1.A2024051.h27v08.061.2024055154738.hdf,VERIFIED_NO_HASH,"Valid Header, No Remote Checksum Available",440786,PASS (Structure Only)
MYD11A1.A2024034.h29v08.061.2024040014042.hdf,VERIFIED_NO_HASH,"Valid Header, No Remote Checksum Available",674726,PASS (Structure Only)
MYD11A1.A2024018.h28v08.061.2024026045110.hdf,VERIFIED_NO_HASH,"Valid Header, No Remote Checksum Available",250974,PASS (Structure Only)
MYD11A1.A2024030.h28v08.061.2024033092117.hdf,VERIFIED_NO_HASH,"Valid Header, No Remote Checksum Available",1360706,PASS (Structure Only)
MYD11A1.A2024047.h29v08.061.2024048224932.hdf,VERIFIED_NO_HASH,"Valid Header, No Remote Checksum Available",1305383,PASS (Structure Only)
MYD11A1.A2024049.h27v08.061.2024051054705.hdf,VERIFIED_NO_HASH,"Valid Header, No Remote Checksum Available",609994,PASS (Structure Only)
MYD11A1.A2024050.h28v08.061.2024055014122.hdf,VERIFIED_NO_HASH,"Valid Header, No Remote Checksum Available",439775,PASS (Structure Only)
MYD11A1.A2024055.h27v08.061.2024061045906.hdf,VERIFIED_NO_HASH,"Valid Header, No Remote Checksum Available",1209862,PASS (Structure Only)
MYD11A1.A2024054.h29v08.061.2024061035151.hdf,VERIFIED_NO_HASH,"Valid Header, No Remote Checksum Available",1077220,PASS (Structure Only)
MYD11A1.A2024054.h28v08.061.2024061035444.hdf,VERIFIED_NO_HASH,"Valid Header, No Remote Checksum Available",1559210,PASS (Structure Only)
MYD11A1.A2024055.h28v08.061.2024061050835.hdf,VERIFIED_NO_HASH,"Valid Header, No Remote Checksum Available",690170,PASS (Structure Only)
MYD11A1.A2024057.h28v08.061.2024061085925.hdf,VERIFIED_NO_HASH,"Valid Header, No Remote Checksum Available",1184128,PASS (Structure Only)
MYD11A1.A2024057.h27v08.061.2024061085933.hdf,VERIFIED_NO_HASH,"Valid Header, No Remote Checksum Available",1265343,PASS (Structure Only)
MYD11A1.A2024057.h29v08.061.2024061090017.hdf,VERIFIED_NO_HASH,"Valid Header, No Remote Checksum Available",1155683,PASS (Structure Only)
MYD11A1.A2024058.h27v08.061.2024061110319.hdf,VERIFIED_NO_HASH,"Valid Header, No Remote Checksum Available",456395,PASS (Structure Only)
MYD11A1.A2024058.h29v08.061.2024061110303.hdf,VERIFIED_NO_HASH,"Valid Header, No Remote Checksum Available",1527341,PASS (Structure Only)
MYD11A1.A2024056.h28v08.061.2024061080051.hdf,VERIFIED_NO_HASH,"Valid Header, No Remote Checksum Available",1391132,PASS (Structure Only)
MYD11A1.A2024055.h29v08.061.2024061050025.hdf,VERIFIED_NO_HASH,"Valid Header, No Remote Checksum Available",2122198,PASS (Structure Only)
MYD11A1.A2024058.h28v08.061.2024061110320.hdf,VERIFIED_NO_HASH,"Valid Header, No Remote Checksum Available",820137,PASS (Structure Only)
MYD11A1.A2024053.h27v08.061.2024056143220.hdf,VERIFIED_NO_HASH,"Valid Header, No Remote Checksum Available",424484,PASS (Structure Only)
MYD11A1.A2024053.h28v08.061.2024056143122.hdf,VERIFIED_NO_HASH,"Valid Header, No Remote Checksum Available",829461,PASS (Structure Only)
MYD11A1.A2024047.h28v08.061.2024048224551.hdf,VERIFIED_NO_HASH,"Valid Header, No Remote Checksum Available",1061770,PASS (Structure Only)
MYD11A1.A2024059.h29v08.061.2024066040113.hdf,VERIFIED_NO_HASH,"Valid Header, No Remote Checksum Available",450714,PASS (Structure Only)
MYD11A1.A2024060.h28v08.061.2024066044947.hdf,VERIFIED_NO_HASH,"Valid Header, No Remote Checksum Available",339680,PASS (Structure Only)
MYD11A1.A2024059.h27v08.061.2024066040819.hdf,VERIFIED_NO_HASH,"Valid Header, No Remote Checksum Available",1040893,PASS (Structure Only)
MYD11A1.A2024061.h28v08.061.2024066080458.hdf,VERIFIED_NO_HASH,"Valid Header, No Remote Checksum Available",545430,PASS (Structure Only)
MYD11A1.A2024062.h28v08.061.2024066082045.hdf,VERIFIED_NO_HASH,"Valid Header, No Remote Checksum Available",236097,PASS (Structure Only)
MYD11A1.A2024062.h29v08.061.2024066081812.hdf,VERIFIED_NO_HASH,"Valid Header, No Remote Checksum Available",418177,PASS (Structure Only)
MYD11A1.A2024061.h29v08.061.2024066080459.hdf,VERIFIED_NO_HASH,"Valid Header, No Remote Checksum Available",308218,PASS (Structure Only)
MYD11A1.A2024060.h29v08.061.2024066045008.hdf,VERIFIED_NO_HASH,"Valid Header, No Remote Checksum Available",730010,PASS (Structure Only)
MYD11A1.A2024045.h29v08.061.2024046202603.hdf,VERIFIED_NO_HASH,"Valid Header, No Remote Checksum Available",1768912,PASS (Structure Only)
MYD11A1.A2024061.h27v08.061.2024066080509.hdf,VERIFIED_NO_HASH,"Valid Header, No Remote Checksum Available",581190,PASS (Structure Only)
MYD11A1.A2024054.h27v08.061.2024061035108.hdf,VERIFIED_NO_HASH,"Valid Header, No Remote Checksum Available",1160202,PASS (Structure Only)
MYD11A1.A2024060.h27v08.061.2024066044923.hdf,VERIFIED_NO_HASH,"Valid Header, No Remote Checksum Available",530902,PASS (Structure Only)
MYD11A1.A2024062.h27v08.061.2024066081810.hdf,VERIFIED_NO_HASH,"Valid Header, No Remote Checksum Available",293309,PASS (Structure Only)
MYD11A1.A2024059.h28v08.061.2024066040206.hdf,VERIFIED_NO_HASH,"Valid Header, No Remote Checksum Available",1341561,PASS (Structure Only)
MYD11A1.A2024067.h27v08.061.2024069004741.hdf,VERIFIED_NO_HASH,"Valid Header, No Remote Checksum Available",334713,PASS (Structure Only)
MYD11A1.A2024066.h27v08.061.2024067212747.hdf,VERIFIED_NO_HASH,"Valid Header, No Remote Checksum Available",616904,PASS (Structure Only)
MYD11A1.A2024066.h29v08.061.2024067212837.hdf,VERIFIED_NO_HASH,"Valid Header, No Remote Checksum Available",442326,PASS (Structure Only)
MYD11A1.A2024056.h27v08.061.2024061080148.hdf,VERIFIED_NO_HASH,"Valid Header, No Remote Checksum Available",869859,PASS (Structure Only)
MYD11A1.A2024065.h28v08.061.2024066214700.hdf,VERIFIED_NO_HASH,"Valid Header, No Remote Checksum Available",412013,PASS (Structure Only)
MYD11A1.A2024068.h27v08.061.2024069192724.hdf,VERIFIED_NO_HASH,"Valid Header, No Remote Checksum Available",214911,PASS (Structure Only)
MYD11A1.A2024065.h27v08.061.2024066214502.hdf,VERIFIED_NO_HASH,"Valid Header, No Remote Checksum Available",242685,PASS (Structure Only)
MYD11A1.A2024052.h27v08.061.2024056004129.hdf,VERIFIED_NO_HASH,"Valid Header, No Remote Checksum Available",1192926,PASS (Structure Only)
MYD11A1.A2024048.h29v08.061.2024051050810.hdf,VERIFIED_NO_HASH,"Valid Header, No Remote Checksum Available",2125780,PASS (Structure Only)
MYD11A1.A2024056.h29v08.061.2024061081422.hdf,VERIFIED_NO_HASH,"Valid Header, No Remote Checksum Available",717056,PASS (Structure Only)
MYD11A1.A2024067.h28v08.061.2024069005442.hdf,VERIFIED_NO_HASH,"Valid Header, No Remote Checksum Available",317507,PASS (Structure Only)
MYD11A1.A2024066.h28v08.061.2024067212539.hdf,VERIFIED_NO_HASH,"Valid Header, No Remote Checksum Available",1013972,PASS (Structure Only)
MYD11A1.A2024067.h29v08.061.2024069005537.hdf,VERIFIED_NO_HASH,"Valid Header, No Remote Checksum Available",1237000,PASS (Structure Only)
MYD11A1.A2024068.h29v08.061.2024069192659.hdf,VERIFIED_NO_HASH,"Valid Header, No Remote Checksum Available",484650,PASS (Structure Only)
MYD11A1.A2024064.h28v08.061.2024066114817.hdf,VERIFIED_NO_HASH,"Valid Header, No Remote Checksum Available",745166,PASS (Structure Only)
MYD11A1.A2024063.h29v08.061.2024066113214.hdf,VERIFIED_NO_HASH,"Valid Header, No Remote Checksum Available",602717,PASS (Structure Only)
MYD11A1.A2024065.h29v08.061.2024066214723.hdf,VERIFIED_NO_HASH,"Valid Header, No Remote Checksum Available",1619398,PASS (Structure Only)
MYD11A1.A2024052.h29v08.061.2024056014218.hdf,VERIFIED_NO_HASH,"Valid Header, No Remote Checksum Available",1602612,PASS (Structure Only)
MYD11A1.A2024064.h29v08.061.2024066115108.hdf,VERIFIED_NO_HASH,"Valid Header, No Remote Checksum Available",768212,PASS (Structure Only)
MYD11A1.A2024063.h27v08.061.2024066113407.hdf,VERIFIED_NO_HASH,"Valid Header, No Remote Checksum Available",384462,PASS (Structure Only)
MYD11A1.A2024064.h27v08.061.2024066114807.hdf,VERIFIED_NO_HASH,"Valid Header, No Remote Checksum Available",593153,PASS (Structure Only)
MYD11A1.A2024063.h28v08.061.2024066113200.hdf,VERIFIED_NO_HASH,"Valid Header, No Remote Checksum Available",501116,PASS (Structure Only)
MYD11A1.A2024068.h28v08.061.2024069192804.hdf,VERIFIED_NO_HASH,"Valid Header, No Remote Checksum Available",352290,PASS (Structure Only)
MYD11A1.A2024069.h29v08.061.2024070174418.hdf,VERIFIED_NO_HASH,"Valid Header, No Remote Checksum Available",1232994,PASS (Structure Only)
MYD11A1.A2024074.h28v08.061.2024075185911.hdf,VERIFIED_NO_HASH,"Valid Header, No Remote Checksum Available",685149,PASS (Structure Only)
MYD11A1.A2024073.h27v08.061.2024074185039.hdf,VERIFIED_NO_HASH,"Valid Header, No Remote Checksum Available",1114288,PASS (Structure Only)
MYD11A1.A2024075.h27v08.061.2024076185317.hdf,VERIFIED_NO_HASH,"Valid Header, No Remote Checksum Available",489560,PASS (Structure Only)
MYD11A1.A2024074.h27v08.061.2024075185824.hdf,VERIFIED_NO_HASH,"Valid Header, No Remote Checksum Available",1078206,PASS (Structure Only)
MYD11A1.A2024073.h29v08.061.2024074185339.hdf,VERIFIED_NO_HASH,"Valid Header, No Remote Checksum Available",333449,PASS (Structure Only)
MYD11A1.A2024072.h29v08.061.2024074000857.hdf,VERIFIED_NO_HASH,"Valid Header, No Remote Checksum Available",1028576,PASS (Structure Only)
MYD11A1.A2024072.h27v08.061.2024074000820.hdf,VERIFIED_NO_HASH,"Valid Header, No Remote Checksum Available",666243,PASS (Structure Only)
MYD11A1.A2024075.h28v08.061.2024076185159.hdf,VERIFIED_NO_HASH,"Valid Header, No Remote Checksum Available",936845,PASS (Structure Only)
MYD11A1.A2024076.h28v08.061.2024078065121.hdf,VERIFIED_NO_HASH,"Valid Header, No Remote Checksum Available",1225353,PASS (Structure Only)
MYD11A1.A2024076.h29v08.061.2024078065225.hdf,VERIFIED_NO_HASH,"Valid Header, No Remote Checksum Available",705329,PASS (Structure Only)
MYD11A1.A2024071.h28v08.061.2024073054102.hdf,VERIFIED_NO_HASH,"Valid Header, No Remote Checksum Available",873846,PASS (Structure Only)
MYD11A1.A2024075.h29v08.061.2024076185428.hdf,VERIFIED_NO_HASH,"Valid Header, No Remote Checksum Available",353120,PASS (Structure Only)
MYD11A1.A2024071.h29v08.061.2024073054026.hdf,VERIFIED_NO_HASH,"Valid Header, No Remote Checksum Available",877554,PASS (Structure Only)
MYD11A1.A2024077.h28v08.061.2024078233624.hdf,VERIFIED_NO_HASH,"Valid Header, No Remote Checksum Available",1100265,PASS (Structure Only)
MYD11A1.A2024074.h29v08.061.2024075190018.hdf,VERIFIED_NO_HASH,"Valid Header, No Remote Checksum Available",428561,PASS (Structure Only)
MYD11A1.A2024072.h28v08.061.2024074001019.hdf,VERIFIED_NO_HASH,"Valid Header, No Remote Checksum Available",432760,PASS (Structure Only)
MYD11A1.A2024070.h27v08.061.2024071212929.hdf,VERIFIED_NO_HASH,"Valid Header, No Remote Checksum Available",416354,PASS (Structure Only)
MYD11A1.A2024078.h29v08.061.2024079183057.hdf,VERIFIED_NO_HASH,"Valid Header, No Remote Checksum Available",703376,PASS (Structure Only)
MYD11A1.A2024076.h27v08.061.2024078065213.hdf,VERIFIED_NO_HASH,"Valid Header, No Remote Checksum Available",1097809,PASS (Structure Only)
MYD11A1.A2024078.h28v08.061.2024079183154.hdf,VERIFIED_NO_HASH,"Valid Header, No Remote Checksum Available",2037531,PASS (Structure Only)
MYD11A1.A2024077.h29v08.061.2024078233659.hdf,VERIFIED_NO_HASH,"Valid Header, No Remote Checksum Available",945885,PASS (Structure Only)
MYD11A1.A2024079.h29v08.061.2024081205822.hdf,VERIFIED_NO_HASH,"Valid Header, No Remote Checksum Available",1094338,PASS (Structure Only)
MYD11A1.A2024069.h28v08.061.2024070174409.hdf,VERIFIED_NO_HASH,"Valid Header, No Remote Checksum Available",409398,PASS (Structure Only)
MYD11A1.A2024079.h28v08.061.2024081205935.hdf,VERIFIED_NO_HASH,"Valid Header, No Remote Checksum Available",609093,PASS (Structure Only)
MYD11A1.A2024079.h30v08.061.2024081210027.hdf,VERIFIED_NO_HASH,"Valid Header, No Remote Checksum Available",569922,PASS (Structure Only)
MYD11A1.A2024079.h27v08.061.2024081205833.hdf,VERIFIED_NO_HASH,"Valid Header, No Remote Checksum Available",755101,PASS (Structure Only)
MYD11A1.A2024080.h27v08.061.2024082214542.hdf,VERIFIED_NO_HASH,"Valid Header, No Remote Checksum Available",784581,PASS (Structure Only)
MYD11A1.A2024078.h27v08.061.2024079183129.hdf,VERIFIED_NO_HASH,"Valid Header, No Remote Checksum Available",1266722,PASS (Structure Only)
MYD11A1.A2024082.h27v08.061.2024085205650.hdf,VERIFIED_NO_HASH,"Valid Header, No Remote Checksum Available",600985,PASS (Structure Only)
MYD11A1.A2024081.h28v08.061.2024082220027.hdf,VERIFIED_NO_HASH,"Valid Header, No Remote Checksum Available",1063667,PASS (Structure Only)
MYD11A1.A2024081.h30v08.061.2024082215803.hdf,VERIFIED_NO_HASH,"Valid Header, No Remote Checksum Available",804106,PASS (Structure Only)
MYD11A1.A2024082.h29v08.061.2024085212144.hdf,VERIFIED_NO_HASH,"Valid Header, No Remote Checksum Available",1663835,PASS (Structure Only)
MYD11A1.A2024083.h27v08.061.2024093210528.hdf,VERIFIED_NO_HASH,"Valid Header, No Remote Checksum Available",760432,PASS (Structure Only)
MYD11A1.A2024083.h30v08.061.2024093210705.hdf,VERIFIED_NO_HASH,"Valid Header, No Remote Checksum Available",897079,PASS (Structure Only)
MYD11A1.A2024083.h29v08.061.2024093210638.hdf,VERIFIED_NO_HASH,"Valid Header, No Remote Checksum Available",642256,PASS (Structure Only)
MYD11A1.A2024082.h28v08.061.2024085205617.hdf,VERIFIED_NO_HASH,"Valid Header, No Remote Checksum Available",1559699,PASS (Structure Only)
MYD11A1.A2024081.h27v08.061.2024082220007.hdf,VERIFIED_NO_HASH,"Valid Header, No Remote Checksum Available",1330079,PASS (Structure Only)
MYD11A1.A2024080.h30v08.061.2024082214622.hdf,VERIFIED_NO_HASH,"Valid Header, No Remote Checksum Available",883330,PASS (Structure Only)
MYD11A1.A2024083.h28v08.061.2024093212545.hdf,VERIFIED_NO_HASH,"Valid Header, No Remote Checksum Available",883462,PASS (Structure Only)
MYD11A1.A2024081.h29v08.061.2024082220019.hdf,VERIFIED_NO_HASH,"Valid Header, No Remote Checksum Available",1132274,PASS (Structure Only)
MYD11A1.A2024080.h28v08.061.2024082214536.hdf,VERIFIED_NO_HASH,"Valid Header, No Remote Checksum Available",1148571,PASS (Structure Only)
MYD11A1.A2024070.h29v08.061.2024071220354.hdf,VERIFIED_NO_HASH,"Valid Header, No Remote Checksum Available",375093,PASS (Structure Only)
MYD11A1.A2024082.h30v08.061.2024085205742.hdf,VERIFIED_NO_HASH,"Valid Header, No Remote Checksum Available",819423,PASS (Structure Only)
MYD11A1.A2024070.h28v08.061.2024071220513.hdf,VERIFIED_NO_HASH,"Valid Header, No Remote Checksum Available",652579,PASS (Structure Only)
MYD11A1.A2024073.h28v08.061.2024074185334.hdf,VERIFIED_NO_HASH,"Valid Header, No Remote Checksum Available",1469130,PASS (Structure Only)
MYD11A1.A2024069.h27v08.061.2024070174459.hdf,VERIFIED_NO_HASH,"Valid Header, No Remote Checksum Available",266612,PASS (Structure Only)
MYD11A1.A2024080.h29v08.061.2024082214814.hdf,VERIFIED_NO_HASH,"Valid Header, No Remote Checksum Available",444849,PASS (Structure Only)
MYD11A1.A2024071.h27v08.061.2024073054124.hdf,VERIFIED_NO_HASH,"Valid Header, No Remote Checksum Available",917536,PASS (Structure Only)
MYD11A1.A2024077.h27v08.061.2024078233731.hdf,VERIFIED_NO_HASH,"Valid Header, No Remote Checksum Available",569972,PASS (Structure Only)
MYD11A1.A2024084.h29v08.061.2024093213918.hdf,VERIFIED_NO_HASH,"Valid Header, No Remote Checksum Available",743236,PASS (Structure Only)
MYD11A1.A2024087.h27v08.061.2024094042019.hdf,VERIFIED_NO_HASH,"Valid Header, No Remote Checksum Available",271410,PASS (Structure Only)
MYD11A1.A2024087.h29v08.061.2024094041845.hdf,VERIFIED_NO_HASH,"Valid Header, No Remote Checksum Available",237132,PASS (Structure Only)
MYD11A1.A2024087.h28v08.061.2024094041949.hdf,VERIFIED_NO_HASH,"Valid Header, No Remote Checksum Available",258882,PASS (Structure Only)
MYD11A1.A2024087.h30v08.061.2024094041849.hdf,VERIFIED_NO_HASH,"Valid Header, No Remote Checksum Available",549095,PASS (Structure Only)
MYD11A1.A2024089.h29v08.061.2024094063048.hdf,VERIFIED_NO_HASH,"Valid Header, No Remote Checksum Available",2080594,PASS (Structure Only)
MYD11A1.A2024086.h29v08.061.2024094020611.hdf,VERIFIED_NO_HASH,"Valid Header, No Remote Checksum Available",1751621,PASS (Structure Only)
MYD11A1.A2024085.h30v08.061.2024094014244.hdf,VERIFIED_NO_HASH,"Valid Header, No Remote Checksum Available",655434,PASS (Structure Only)
MYD11A1.A2024085.h29v08.061.2024094014432.hdf,VERIFIED_NO_HASH,"Valid Header, No Remote Checksum Available",1261678,PASS (Structure Only)
MYD11A1.A2024090.h30v08.061.2024094070734.hdf,VERIFIED_NO_HASH,"Valid Header, No Remote Checksum Available",1230400,PASS (Structure Only)
MYD11A1.A2024084.h30v08.061.2024093213804.hdf,VERIFIED_NO_HASH,"Valid Header, No Remote Checksum Available",375258,PASS (Structure Only)
MYD11A1.A2024086.h28v08.061.2024094015236.hdf,VERIFIED_NO_HASH,"Valid Header, No Remote Checksum Available",386554,PASS (Structure Only)
MYD11A1.A2024086.h30v08.061.2024094020237.hdf,VERIFIED_NO_HASH,"Valid Header, No Remote Checksum Available",460366,PASS (Structure Only)
MYD11A1.A2024085.h28v08.061.2024094014627.hdf,VERIFIED_NO_HASH,"Valid Header, No Remote Checksum Available",1437561,PASS (Structure Only)
MYD11A1.A2024088.h28v08.061.2024094043918.hdf,VERIFIED_NO_HASH,"Valid Header, No Remote Checksum Available",245396,PASS (Structure Only)
MYD11A1.A2024089.h27v08.061.2024094063514.hdf,VERIFIED_NO_HASH,"Valid Header, No Remote Checksum Available",261752,PASS (Structure Only)
MYD11A1.A2024089.h28v08.061.2024094063513.hdf,VERIFIED_NO_HASH,"Valid Header, No Remote Checksum Available",454291,PASS (Structure Only)
MYD11A1.A2024090.h29v08.061.2024094071119.hdf,VERIFIED_NO_HASH,"Valid Header, No Remote Checksum Available",552902,PASS (Structure Only)
MYD11A1.A2024091.h27v08.061.2024094083122.hdf,VERIFIED_NO_HASH,"Valid Header, No Remote Checksum Available",417468,PASS (Structure Only)
MYD11A1.A2024091.h29v08.061.2024094083322.hdf,VERIFIED_NO_HASH,"Valid Header, No Remote Checksum Available",977577,PASS (Structure Only)
MYD11A1.A2024090.h28v08.061.2024094071106.hdf,VERIFIED_NO_HASH,"Valid Header, No Remote Checksum Available",578189,PASS (Structure Only)
MYD11A1.A2024089.h30v08.061.2024094063413.hdf,VERIFIED_NO_HASH,"Valid Header, No Remote Checksum Available",543899,PASS (Structure Only)
MYD11A1.A2024088.h27v08.061.2024094043624.hdf,VERIFIED_NO_HASH,"Valid Header, No Remote Checksum Available",513976,PASS (Structure Only)
MYD11A1.A2024088.h30v08.061.2024094043720.hdf,VERIFIED_NO_HASH,"Valid Header, No Remote Checksum Available",694650,PASS (Structure Only)
MYD11A1.A2024088.h29v08.061.2024094043551.hdf,VERIFIED_NO_HASH,"Valid Header, No Remote Checksum Available",904923,PASS (Structure Only)
MYD11A1.A2024091.h28v08.061.2024094083237.hdf,VERIFIED_NO_HASH,"Valid Header, No Remote Checksum Available",337288,PASS (Structure Only)
MYD11A1.A2024091.h30v08.061.2024094083300.hdf,VERIFIED_NO_HASH,"Valid Header, No Remote Checksum Available",598299,PASS (Structure Only)
MYD11A1.A2024092.h28v08.061.2024094090745.hdf,VERIFIED_NO_HASH,"Valid Header, No Remote Checksum Available",1028642,PASS (Structure Only)
MYD11A1.A2024084.h27v08.061.2024093214140.hdf,VERIFIED_NO_HASH,"Valid Header, No Remote Checksum Available",271503,PASS (Structure Only)
MYD11A1.A2024095.h28v08.061.2024097033153.hdf,VERIFIED_NO_HASH,"Valid Header, No Remote Checksum Available",1245027,PASS (Structure Only)
MYD11A1.A2024086.h27v08.061.2024094020910.hdf,VERIFIED_NO_HASH,"Valid Header, No Remote Checksum Available",544825,PASS (Structure Only)
MYD11A1.A2024085.h27v08.061.2024094014613.hdf,VERIFIED_NO_HASH,"Valid Header, No Remote Checksum Available",931257,PASS (Structure Only)
MYD11A1.A2024094.h30v08.061.2024095210027.hdf,VERIFIED_NO_HASH,"Valid Header, No Remote Checksum Available",655867,PASS (Structure Only)
MYD11A1.A2024096.h30v08.061.2024097182641.hdf,VERIFIED_NO_HASH,"Valid Header, No Remote Checksum Available",258453,PASS (Structure Only)
MYD11A1.A2024092.h29v08.061.2024094090953.hdf,VERIFIED_NO_HASH,"Valid Header, No Remote Checksum Available",576499,PASS (Structure Only)
MYD11A1.A2024093.h27v08.061.2024094210857.hdf,VERIFIED_NO_HASH,"Valid Header, No Remote Checksum Available",782958,PASS (Structure Only)
MYD11A1.A2024093.h29v08.061.2024094211517.hdf,VERIFIED_NO_HASH,"Valid Header, No Remote Checksum Available",1589558,PASS (Structure Only)
MYD11A1.A2024095.h30v08.061.2024097034545.hdf,VERIFIED_NO_HASH,"Valid Header, No Remote Checksum Available",640428,PASS (Structure Only)
MYD11A1.A2024095.h27v08.061.2024097040246.hdf,VERIFIED_NO_HASH,"Valid Header, No Remote Checksum Available",1061438,PASS (Structure Only)
MYD11A1.A2024096.h28v08.061.2024097182736.hdf,VERIFIED_NO_HASH,"Valid Header, No Remote Checksum Available",767260,PASS (Structure Only)
MYD11A1.A2024092.h27v08.061.2024094090744.hdf,VERIFIED_NO_HASH,"Valid Header, No Remote Checksum Available",717717,PASS (Structure Only)
MYD11A1.A2024095.h29v08.061.2024097032835.hdf,VERIFIED_NO_HASH,"Valid Header, No Remote Checksum Available",1290377,PASS (Structure Only)
MYD11A1.A2024097.h29v08.061.2024100035555.hdf,VERIFIED_NO_HASH,"Valid Header, No Remote Checksum Available",326581,PASS (Structure Only)
MYD11A1.A2024096.h29v08.061.2024097182712.hdf,VERIFIED_NO_HASH,"Valid Header, No Remote Checksum Available",1267942,PASS (Structure Only)
MYD11A1.A2024097.h27v08.061.2024100032607.hdf,VERIFIED_NO_HASH,"Valid Header, No Remote Checksum Available",1454421,PASS (Structure Only)
MYD11A1.A2024097.h28v08.061.2024100032726.hdf,VERIFIED_NO_HASH,"Valid Header, No Remote Checksum Available",1634242,PASS (Structure Only)
MYD11A1.A2024098.h30v08.061.2024100035910.hdf,VERIFIED_NO_HASH,"Valid Header, No Remote Checksum Available",614579,PASS (Structure Only)
MYD11A1.A2024094.h27v08.061.2024095210027.hdf,VERIFIED_NO_HASH,"Valid Header, No Remote Checksum Available",377272,PASS (Structure Only)
MYD11A1.A2024098.h29v08.061.2024100040316.hdf,VERIFIED_NO_HASH,"Valid Header, No Remote Checksum Available",363005,PASS (Structure Only)
MYD11A1.A2024093.h30v08.061.2024094211046.hdf,VERIFIED_NO_HASH,"Valid Header, No Remote Checksum Available",929096,PASS (Structure Only)
MYD11A1.A2024099.h29v08.061.2024100184253.hdf,VERIFIED_NO_HASH,"Valid Header, No Remote Checksum Available",870311,PASS (Structure Only)
MYD11A1.A2024097.h30v08.061.2024100032928.hdf,VERIFIED_NO_HASH,"Valid Header, No Remote Checksum Available",687091,PASS (Structure Only)
MYD11A1.A2024096.h27v08.061.2024097182620.hdf,VERIFIED_NO_HASH,"Valid Header, No Remote Checksum Available",460860,PASS (Structure Only)
MYD11A1.A2024098.h28v08.061.2024100040154.hdf,VERIFIED_NO_HASH,"Valid Header, No Remote Checksum Available",547483,PASS (Structure Only)
MYD11A1.A2024098.h27v08.061.2024100035817.hdf,VERIFIED_NO_HASH,"Valid Header, No Remote Checksum Available",938045,PASS (Structure Only)
MYD11A1.A2024090.h27v08.061.2024094070827.hdf,VERIFIED_NO_HASH,"Valid Header, No Remote Checksum Available",312130,PASS (Structure Only)
MYD11A1.A2024101.h27v08.061.2024102180755.hdf,VERIFIED_NO_HASH,"Valid Header, No Remote Checksum Available",225564,PASS (Structure Only)
MYD11A1.A2024099.h28v08.061.2024100184207.hdf,VERIFIED_NO_HASH,"Valid Header, No Remote Checksum Available",735236,PASS (Structure Only)
MYD11A1.A2024099.h30v08.061.2024100184136.hdf,VERIFIED_NO_HASH,"Valid Header, No Remote Checksum Available",778794,PASS (Structure Only)
MYD11A1.A2024102.h27v08.061.2024103233547.hdf,VERIFIED_NO_HASH,"Valid Header, No Remote Checksum Available",959819,PASS (Structure Only)
MYD11A1.A2024101.h28v08.061.2024102180845.hdf,VERIFIED_NO_HASH,"Valid Header, No Remote Checksum Available",547106,PASS (Structure Only)
MYD11A1.A2024100.h29v08.061.2024101183312.hdf,VERIFIED_NO_HASH,"Valid Header, No Remote Checksum Available",1530417,PASS (Structure Only)
MYD11A1.A2024100.h28v08.061.2024101183328.hdf,VERIFIED_NO_HASH,"Valid Header, No Remote Checksum Available",641646,PASS (Structure Only)
MYD11A1.A2024100.h27v08.061.2024101183301.hdf,VERIFIED_NO_HASH,"Valid Header, No Remote Checksum Available",490807,PASS (Structure Only)
MYD11A1.A2024100.h30v08.061.2024101183331.hdf,VERIFIED_NO_HASH,"Valid Header, No Remote Checksum Available",995842,PASS (Structure Only)
MYD11A1.A2024102.h30v08.061.2024103233707.hdf,VERIFIED_NO_HASH,"Valid Header, No Remote Checksum Available",1126602,PASS (Structure Only)
MYD11A1.A2024103.h27v08.061.2024104180718.hdf,VERIFIED_NO_HASH,"Valid Header, No Remote Checksum Available",371883,PASS (Structure Only)
MYD11A1.A2024103.h30v08.061.2024104180743.hdf,VERIFIED_NO_HASH,"Valid Header, No Remote Checksum Available",739644,PASS (Structure Only)
MYD11A1.A2024103.h28v08.061.2024104180736.hdf,VERIFIED_NO_HASH,"Valid Header, No Remote Checksum Available",364421,PASS (Structure Only)
MYD11A1.A2024094.h28v08.061.2024095210050.hdf,VERIFIED_NO_HASH,"Valid Header, No Remote Checksum Available",1048995,PASS (Structure Only)
MYD11A1.A2024103.h29v08.061.2024104180734.hdf,VERIFIED_NO_HASH,"Valid Header, No Remote Checksum Available",2335596,PASS (Structure Only)
MYD11A1.A2024104.h29v08.061.2024105174651.hdf,VERIFIED_NO_HASH,"Valid Header, No Remote Checksum Available",573801,PASS (Structure Only)
MYD11A1.A2024099.h27v08.061.2024100184235.hdf,VERIFIED_NO_HASH,"Valid Header, No Remote Checksum Available",557576,PASS (Structure Only)
MYD11A1.A2024104.h27v08.061.2024105174608.hdf,VERIFIED_NO_HASH,"Valid Header, No Remote Checksum Available",673978,PASS (Structure Only)
MYD11A1.A2024106.h30v08.061.2024110213918.hdf,VERIFIED_NO_HASH,"Valid Header, No Remote Checksum Available",563171,PASS (Structure Only)
MYD11A1.A2024105.h27v08.061.2024106182602.hdf,VERIFIED_NO_HASH,"Valid Header, No Remote Checksum Available",787083,PASS (Structure Only)
MYD11A1.A2024106.h27v08.061.2024110214100.hdf,VERIFIED_NO_HASH,"Valid Header, No Remote Checksum Available",559420,PASS (Structure Only)
MYD11A1.A2024104.h30v08.061.2024105174710.hdf,VERIFIED_NO_HASH,"Valid Header, No Remote Checksum Available",1180714,PASS (Structure Only)
MYD11A1.A2024107.h27v08.061.2024115012102.hdf,VERIFIED_NO_HASH,"Valid Header, No Remote Checksum Available",581528,PASS (Structure Only)
MYD11A1.A2024105.h28v08.061.2024106182636.hdf,VERIFIED_NO_HASH,"Valid Header, No Remote Checksum Available",389934,PASS (Structure Only)
MYD11A1.A2024105.h29v08.061.2024106182604.hdf,VERIFIED_NO_HASH,"Valid Header, No Remote Checksum Available",1999289,PASS (Structure Only)
MYD11A1.A2024107.h29v08.061.2024115012629.hdf,VERIFIED_NO_HASH,"Valid Header, No Remote Checksum Available",1673018,PASS (Structure Only)
MYD11A1.A2024107.h30v08.061.2024115011045.hdf,VERIFIED_NO_HASH,"Valid Header, No Remote Checksum Available",842602,PASS (Structure Only)
MYD11A1.A2024106.h29v08.061.2024110214322.hdf,VERIFIED_NO_HASH,"Valid Header, No Remote Checksum Available",1284145,PASS (Structure Only)
MYD11A1.A2024107.h28v08.061.2024115011027.hdf,VERIFIED_NO_HASH,"Valid Header, No Remote Checksum Available",494088,PASS (Structure Only)
MYD11A1.A2024108.h28v08.061.2024115014138.hdf,VERIFIED_NO_HASH,"Valid Header, No Remote Checksum Available",294573,PASS (Structure Only)
MYD11A1.A2024109.h28v08.061.2024115065257.hdf,VERIFIED_NO_HASH,"Valid Header, No Remote Checksum Available",624980,PASS (Structure Only)
MYD11A1.A2024108.h27v08.061.2024115013633.hdf,VERIFIED_NO_HASH,"Valid Header, No Remote Checksum Available",290209,PASS (Structure Only)
MYD11A1.A2024108.h30v08.061.2024115013627.hdf,VERIFIED_NO_HASH,"Valid Header, No Remote Checksum Available",411200,PASS (Structure Only)
MYD11A1.A2024106.h28v08.061.2024110214151.hdf,VERIFIED_NO_HASH,"Valid Header, No Remote Checksum Available",857009,PASS (Structure Only)
MYD11A1.A2024105.h30v08.061.2024106182638.hdf,VERIFIED_NO_HASH,"Valid Header, No Remote Checksum Available",1044971,PASS (Structure Only)
MYD11A1.A2024109.h30v08.061.2024115065045.hdf,VERIFIED_NO_HASH,"Valid Header, No Remote Checksum Available",1043056,PASS (Structure Only)
MYD11A1.A2024110.h29v08.061.2024115071446.hdf,VERIFIED_NO_HASH,"Valid Header, No Remote Checksum Available",1446158,PASS (Structure Only)
MYD11A1.A2024110.h30v08.061.2024115071653.hdf,VERIFIED_NO_HASH,"Valid Header, No Remote Checksum Available",839797,PASS (Structure Only)
MYD11A1.A2024108.h29v08.061.2024115014323.hdf,VERIFIED_NO_HASH,"Valid Header, No Remote Checksum Available",1600123,PASS (Structure Only)
MYD11A1.A2024109.h29v08.061.2024115065035.hdf,VERIFIED_NO_HASH,"Valid Header, No Remote Checksum Available",374232,PASS (Structure Only)
MYD11A1.A2024112.h28v08.061.2024115152510.hdf,VERIFIED_NO_HASH,"Valid Header, No Remote Checksum Available",834294,PASS (Structure Only)
MYD11A1.A2024109.h27v08.061.2024115071931.hdf,VERIFIED_NO_HASH,"Valid Header, No Remote Checksum Available",720708,PASS (Structure Only)
MYD11A1.A2024111.h29v08.061.2024115142158.hdf,VERIFIED_NO_HASH,"Valid Header, No Remote Checksum Available",578921,PASS (Structure Only)
MYD11A1.A2024110.h28v08.061.2024115071440.hdf,VERIFIED_NO_HASH,"Valid Header, No Remote Checksum Available",301785,PASS (Structure Only)
MYD11A1.A2024101.h29v08.061.2024102180854.hdf,VERIFIED_NO_HASH,"Valid Header, No Remote Checksum Available",1760660,PASS (Structure Only)
MYD11A1.A2024093.h28v08.061.2024094211031.hdf,VERIFIED_NO_HASH,"Valid Header, No Remote Checksum Available",831589,PASS (Structure Only)
MYD11A1.A2024102.h29v08.061.2024103233458.hdf,VERIFIED_NO_HASH,"Valid Header, No Remote Checksum Available",1056922,PASS (Structure Only)
MYD11A1.A2024101.h30v08.061.2024102180900.hdf,VERIFIED_NO_HASH,"Valid Header, No Remote Checksum Available",502393,PASS (Structure Only)
MYD11A1.A2024111.h28v08.061.2024115142238.hdf,VERIFIED_NO_HASH,"Valid Header, No Remote Checksum Available",567764,PASS (Structure Only)
MYD11A1.A2024104.h28v08.061.2024105174805.hdf,VERIFIED_NO_HASH,"Valid Header, No Remote Checksum Available",865478,PASS (Structure Only)
MYD11A1.A2024111.h27v08.061.2024115142259.hdf,VERIFIED_NO_HASH,"Valid Header, No Remote Checksum Available",311095,PASS (Structure Only)
MYD11A1.A2024110.h27v08.061.2024115072641.hdf,VERIFIED_NO_HASH,"Valid Header, No Remote Checksum Available",395229,PASS (Structure Only)
MYD11A1.A2024111.h30v08.061.2024115145006.hdf,VERIFIED_NO_HASH,"Valid Header, No Remote Checksum Available",628718,PASS (Structure Only)
MYD11A1.A2024084.h28v08.061.2024093215457.hdf,VERIFIED_NO_HASH,"Valid Header, No Remote Checksum Available",439483,PASS (Structure Only)
MYD11A1.A2024094.h29v08.061.2024095210105.hdf,VERIFIED_NO_HASH,"Valid Header, No Remote Checksum Available",1675460,PASS (Structure Only)
MYD11A1.A2024092.h30v08.061.2024094090805.hdf,VERIFIED_NO_HASH,"Valid Header, No Remote Checksum Available",1102157,PASS (Structure Only)
MYD11A1.A2024102.h28v08.061.2024103233537.hdf,VERIFIED_NO_HASH,"Valid Header, No Remote Checksum Available",1109806,PASS (Structure Only)
MYD11A1.A2024115.h28v08.061.2024117001726.hdf,VERIFIED_NO_HASH,"Valid Header, No Remote Checksum Available",231441,PASS (Structure Only)
MYD11A1.A2024114.h28v08.061.2024116013416.hdf,VERIFIED_NO_HASH,"Valid Header, No Remote Checksum Available",680799,PASS (Structure Only)
MYD11A1.A2024114.h30v08.061.2024116014148.hdf,VERIFIED_NO_HASH,"Valid Header, No Remote Checksum Available",629409,PASS (Structure Only)
MYD11A1.A2024112.h27v08.061.2024115154204.hdf,VERIFIED_NO_HASH,"Valid Header, No Remote Checksum Available",689379,PASS (Structure Only)
MYD11A1.A2024114.h29v08.061.2024116013515.hdf,VERIFIED_NO_HASH,"Valid Header, No Remote Checksum Available",567289,PASS (Structure Only)
MYD11A1.A2024115.h30v08.061.2024117002442.hdf,VERIFIED_NO_HASH,"Valid Header, No Remote Checksum Available",456801,PASS (Structure Only)
MYD11A1.A2024113.h30v08.061.2024115210429.hdf,VERIFIED_NO_HASH,"Valid Header, No Remote Checksum Available",339538,PASS (Structure Only)
MYD11A1.A2024116.h30v08.061.2024117191721.hdf,VERIFIED_NO_HASH,"Valid Header, No Remote Checksum Available",1067363,PASS (Structure Only)
MYD11A1.A2024117.h30v08.061.2024119003554.hdf,VERIFIED_NO_HASH,"Valid Header, No Remote Checksum Available",691635,PASS (Structure Only)
MYD11A1.A2024118.h30v08.061.2024120044339.hdf,VERIFIED_NO_HASH,"Valid Header, No Remote Checksum Available",280256,PASS (Structure Only)
MYD11A1.A2024116.h28v08.061.2024117191719.hdf,VERIFIED_NO_HASH,"Valid Header, No Remote Checksum Available",645060,PASS (Structure Only)
MYD11A1.A2024116.h27v08.061.2024117191807.hdf,VERIFIED_NO_HASH,"Valid Header, No Remote Checksum Available",385158,PASS (Structure Only)
MYD11A1.A2024119.h29v08.061.2024120174220.hdf,VERIFIED_NO_HASH,"Valid Header, No Remote Checksum Available",345954,PASS (Structure Only)
MYD11A1.A2024118.h27v08.061.2024120044338.hdf,VERIFIED_NO_HASH,"Valid Header, No Remote Checksum Available",310765,PASS (Structure Only)
MYD11A1.A2024118.h28v08.061.2024120044339.hdf,VERIFIED_NO_HASH,"Valid Header, No Remote Checksum Available",516863,PASS (Structure Only)
MYD11A1.A2024117.h27v08.061.2024119003620.hdf,VERIFIED_NO_HASH,"Valid Header, No Remote Checksum Available",638050,PASS (Structure Only)
MYD11A1.A2024116.h29v08.061.2024117191540.hdf,VERIFIED_NO_HASH,"Valid Header, No Remote Checksum Available",797469,PASS (Structure Only)
MYD11A1.A2024120.h27v08.061.2024121205724.hdf,VERIFIED_NO_HASH,"Valid Header, No Remote Checksum Available",237615,PASS (Structure Only)
MYD11A1.A2024117.h28v08.061.2024119003754.hdf,VERIFIED_NO_HASH,"Valid Header, No Remote Checksum Available",344986,PASS (Structure Only)
MYD11A1.A2024118.h29v08.061.2024120044345.hdf,VERIFIED_NO_HASH,"Valid Header, No Remote Checksum Available",862798,PASS (Structure Only)
MYD11A1.A2024112.h29v08.061.2024115152505.hdf,VERIFIED_NO_HASH,"Valid Header, No Remote Checksum Available",793337,PASS (Structure Only)
MYD11A1.A2024113.h27v08.061.2024115210036.hdf,VERIFIED_NO_HASH,"Valid Header, No Remote Checksum Available",251634,PASS (Structure Only)
MYD11A1.A2024121.h27v08.061.2024123040857.hdf,VERIFIED_NO_HASH,"Valid Header, No Remote Checksum Available",492770,PASS (Structure Only)
MYD11A1.A2024121.h30v08.061.2024123041126.hdf,VERIFIED_NO_HASH,"Valid Header, No Remote Checksum Available",274243,PASS (Structure Only)
MYD11A1.A2024117.h29v08.061.2024119003531.hdf,VERIFIED_NO_HASH,"Valid Header, No Remote Checksum Available",1123846,PASS (Structure Only)
MYD11A1.A2024119.h30v08.061.2024120174201.hdf,VERIFIED_NO_HASH,"Valid Header, No Remote Checksum Available",842574,PASS (Structure Only)
MYD11A1.A2024120.h29v08.061.2024121205748.hdf,VERIFIED_NO_HASH,"Valid Header, No Remote Checksum Available",430046,PASS (Structure Only)
MYD11A1.A2024122.h28v08.061.2024124114609.hdf,VERIFIED_NO_HASH,"Valid Header, No Remote Checksum Available",275061,PASS (Structure Only)
MYD11A1.A2024122.h27v08.061.2024124120805.hdf,VERIFIED_NO_HASH,"Valid Header, No Remote Checksum Available",367815,PASS (Structure Only)
MYD11A1.A2024122.h30v08.061.2024124123918.hdf,VERIFIED_NO_HASH,"Valid Header, No Remote Checksum Available",363729,PASS (Structure Only)
MYD11A1.A2024121.h29v08.061.2024123040942.hdf,VERIFIED_NO_HASH,"Valid Header, No Remote Checksum Available",395072,PASS (Structure Only)
MYD11A1.A2024113.h28v08.061.2024115210618.hdf,VERIFIED_NO_HASH,"Valid Header, No Remote Checksum Available",510228,PASS (Structure Only)
MYD11A1.A2024113.h29v08.061.2024115210515.hdf,VERIFIED_NO_HASH,"Valid Header, No Remote Checksum Available",1121413,PASS (Structure Only)
MYD11A1.A2024119.h28v08.061.2024120174232.hdf,VERIFIED_NO_HASH,"Valid Header, No Remote Checksum Available",578888,PASS (Structure Only)
MYD11A1.A2024124.h27v08.061.2024125203034.hdf,VERIFIED_NO_HASH,"Valid Header, No Remote Checksum Available",472751,PASS (Structure Only)
MYD11A1.A2024124.h30v08.061.2024125203013.hdf,VERIFIED_NO_HASH,"Valid Header, No Remote Checksum Available",765303,PASS (Structure Only)
MYD11A1.A2024123.h30v08.061.2024124213721.hdf,VERIFIED_NO_HASH,"Valid Header, No Remote Checksum Available",493126,PASS (Structure Only)
MYD11A1.A2024120.h30v08.061.2024121205605.hdf,VERIFIED_NO_HASH,"Valid Header, No Remote Checksum Available",255529,PASS (Structure Only)
MYD11A1.A2024120.h28v08.061.2024121205530.hdf,VERIFIED_NO_HASH,"Valid Header, No Remote Checksum Available",309182,PASS (Structure Only)
MYD11A1.A2024119.h27v08.061.2024120174155.hdf,VERIFIED_NO_HASH,"Valid Header, No Remote Checksum Available",512527,PASS (Structure Only)
MYD11A1.A2024124.h29v08.061.2024125203043.hdf,VERIFIED_NO_HASH,"Valid Header, No Remote Checksum Available",339680,PASS (Structure Only)
MYD11A1.A2024124.h28v08.061.2024125203034.hdf,VERIFIED_NO_HASH,"Valid Header, No Remote Checksum Available",332477,PASS (Structure Only)
MYD11A1.A2024121.h28v08.061.2024123044743.hdf,VERIFIED_NO_HASH,"Valid Header, No Remote Checksum Available",972147,PASS (Structure Only)
MYD11A1.A2024125.h28v08.061.2024126182538.hdf,VERIFIED_NO_HASH,"Valid Header, No Remote Checksum Available",385626,PASS (Structure Only)
MYD11A1.A2024125.h27v08.061.2024126182631.hdf,VERIFIED_NO_HASH,"Valid Header, No Remote Checksum Available",261080,PASS (Structure Only)
MYD11A1.A2024123.h27v08.061.2024124213737.hdf,VERIFIED_NO_HASH,"Valid Header, No Remote Checksum Available",350602,PASS (Structure Only)
MYD11A1.A2024123.h29v08.061.2024124213852.hdf,VERIFIED_NO_HASH,"Valid Header, No Remote Checksum Available",300225,PASS (Structure Only)
MYD11A1.A2024125.h29v08.061.2024126182649.hdf,VERIFIED_NO_HASH,"Valid Header, No Remote Checksum Available",1113423,PASS (Structure Only)
MYD11A1.A2024125.h30v08.061.2024126182554.hdf,VERIFIED_NO_HASH,"Valid Header, No Remote Checksum Available",390042,PASS (Structure Only)
MYD11A1.A2024123.h28v08.061.2024124213757.hdf,VERIFIED_NO_HASH,"Valid Header, No Remote Checksum Available",662833,PASS (Structure Only)
MYD11A1.A2024126.h27v08.061.2024127190413.hdf,VERIFIED_NO_HASH,"Valid Header, No Remote Checksum Available",1189604,PASS (Structure Only)
MYD11A1.A2024127.h28v08.061.2024131031852.hdf,VERIFIED_NO_HASH,"Valid Header, No Remote Checksum Available",566065,PASS (Structure Only)
MYD11A1.A2024127.h27v08.061.2024131031651.hdf,VERIFIED_NO_HASH,"Valid Header, No Remote Checksum Available",405592,PASS (Structure Only)
MYD11A1.A2024128.h27v08.061.2024131054937.hdf,VERIFIED_NO_HASH,"Valid Header, No Remote Checksum Available",230125,PASS (Structure Only)
MYD11A1.A2024128.h28v08.061.2024131055032.hdf,VERIFIED_NO_HASH,"Valid Header, No Remote Checksum Available",696104,PASS (Structure Only)
MYD11A1.A2024129.h27v08.061.2024131063551.hdf,VERIFIED_NO_HASH,"Valid Header, No Remote Checksum Available",665212,PASS (Structure Only)
MYD11A1.A2024126.h29v08.061.2024127190401.hdf,VERIFIED_NO_HASH,"Valid Header, No Remote Checksum Available",444421,PASS (Structure Only)
MYD11A1.A2024126.h30v08.061.2024127190235.hdf,VERIFIED_NO_HASH,"Valid Header, No Remote Checksum Available",877624,PASS (Structure Only)
MYD11A1.A2024127.h29v08.061.2024131031731.hdf,VERIFIED_NO_HASH,"Valid Header, No Remote Checksum Available",1892399,PASS (Structure Only)
MYD11A1.A2024130.h28v08.061.2024131204553.hdf,VERIFIED_NO_HASH,"Valid Header, No Remote Checksum Available",648638,PASS (Structure Only)
MYD11A1.A2024130.h30v08.061.2024131204658.hdf,VERIFIED_NO_HASH,"Valid Header, No Remote Checksum Available",658924,PASS (Structure Only)
MYD11A1.A2024131.h29v08.061.2024132184927.hdf,VERIFIED_NO_HASH,"Valid Header, No Remote Checksum Available",1144129,PASS (Structure Only)
MYD11A1.A2024128.h29v08.061.2024131054914.hdf,VERIFIED_NO_HASH,"Valid Header, No Remote Checksum Available",535024,PASS (Structure Only)
MYD11A1.A2024122.h29v08.061.2024124114550.hdf,VERIFIED_NO_HASH,"Valid Header, No Remote Checksum Available",1162835,PASS (Structure Only)
MYD11A1.A2024126.h28v08.061.2024127190411.hdf,VERIFIED_NO_HASH,"Valid Header, No Remote Checksum Available",1275029,PASS (Structure Only)
MYD11A1.A2024127.h30v08.061.2024131031947.hdf,VERIFIED_NO_HASH,"Valid Header, No Remote Checksum Available",485453,PASS (Structure Only)
MYD11A1.A2024129.h29v08.061.2024131063528.hdf,VERIFIED_NO_HASH,"Valid Header, No Remote Checksum Available",784400,PASS (Structure Only)
MYD11A1.A2024131.h30v08.061.2024132184939.hdf,VERIFIED_NO_HASH,"Valid Header, No Remote Checksum Available",923218,PASS (Structure Only)
MYD11A1.A2024129.h30v08.061.2024131063602.hdf,VERIFIED_NO_HASH,"Valid Header, No Remote Checksum Available",747116,PASS (Structure Only)
MYD11A1.A2024130.h29v08.061.2024131204034.hdf,VERIFIED_NO_HASH,"Valid Header, No Remote Checksum Available",1115393,PASS (Structure Only)
MYD11A1.A2024133.h30v08.061.2024135012401.hdf,VERIFIED_NO_HASH,"Valid Header, No Remote Checksum Available",713128,PASS (Structure Only)
MYD11A1.A2024133.h29v08.061.2024135012326.hdf,VERIFIED_NO_HASH,"Valid Header, No Remote Checksum Available",927347,PASS (Structure Only)
MYD11A1.A2024133.h28v08.061.2024135012229.hdf,VERIFIED_NO_HASH,"Valid Header, No Remote Checksum Available",1056239,PASS (Structure Only)
MYD11A1.A2024132.h28v08.061.2024133175948.hdf,VERIFIED_NO_HASH,"Valid Header, No Remote Checksum Available",357900,PASS (Structure Only)
MYD11A1.A2024132.h27v08.061.2024133175938.hdf,VERIFIED_NO_HASH,"Valid Header, No Remote Checksum Available",228375,PASS (Structure Only)
MYD11A1.A2024131.h27v08.061.2024132184924.hdf,VERIFIED_NO_HASH,"Valid Header, No Remote Checksum Available",283679,PASS (Structure Only)
MYD11A1.A2024132.h30v08.061.2024133175843.hdf,VERIFIED_NO_HASH,"Valid Header, No Remote Checksum Available",385453,PASS (Structure Only)
MYD11A1.A2024131.h28v08.061.2024132185044.hdf,VERIFIED_NO_HASH,"Valid Header, No Remote Checksum Available",431187,PASS (Structure Only)
MYD11A1.A2024130.h27v08.061.2024131204218.hdf,VERIFIED_NO_HASH,"Valid Header, No Remote Checksum Available",251368,PASS (Structure Only)
MYD11A1.A2024129.h28v08.061.2024131063400.hdf,VERIFIED_NO_HASH,"Valid Header, No Remote Checksum Available",541662,PASS (Structure Only)
MYD11A1.A2024128.h30v08.061.2024131055055.hdf,VERIFIED_NO_HASH,"Valid Header, No Remote Checksum Available",760236,PASS (Structure Only)
MYD11A1.A2024114.h27v08.061.2024116014105.hdf,VERIFIED_NO_HASH,"Valid Header, No Remote Checksum Available",732311,PASS (Structure Only)
MYD11A1.A2024136.h30v08.061.2024137175534.hdf,VERIFIED_NO_HASH,"Valid Header, No Remote Checksum Available",804421,PASS (Structure Only)
MYD11A1.A2024135.h27v08.061.2024137005359.hdf,VERIFIED_NO_HASH,"Valid Header, No Remote Checksum Available",392441,PASS (Structure Only)
MYD11A1.A2024134.h30v08.061.2024136081004.hdf,VERIFIED_NO_HASH,"Valid Header, No Remote Checksum Available",660163,PASS (Structure Only)
MYD11A1.A2024136.h29v08.061.2024137175630.hdf,VERIFIED_NO_HASH,"Valid Header, No Remote Checksum Available",1138978,PASS (Structure Only)
MYD11A1.A2024134.h29v08.061.2024136080925.hdf,VERIFIED_NO_HASH,"Valid Header, No Remote Checksum Available",1737341,PASS (Structure Only)
MYD11A1.A2024132.h29v08.061.2024133175922.hdf,VERIFIED_NO_HASH,"Valid Header, No Remote Checksum Available",1228765,PASS (Structure Only)
MYD11A1.A2024137.h30v08.061.2024139032253.hdf,VERIFIED_NO_HASH,"Valid Header, No Remote Checksum Available",370127,PASS (Structure Only)
MYD11A1.A2024133.h27v08.061.2024135013334.hdf,VERIFIED_NO_HASH,"Valid Header, No Remote Checksum Available",541623,PASS (Structure Only)
MYD11A1.A2024135.h30v08.061.2024137005459.hdf,VERIFIED_NO_HASH,"Valid Header, No Remote Checksum Available",632149,PASS (Structure Only)
MYD11A1.A2024135.h28v08.061.2024137005451.hdf,VERIFIED_NO_HASH,"Valid Header, No Remote Checksum Available",628862,PASS (Structure Only)
MYD11A1.A2024135.h29v08.061.2024137005530.hdf,VERIFIED_NO_HASH,"Valid Header, No Remote Checksum Available",795182,PASS (Structure Only)
MYD11A1.A2024112.h30v08.061.2024115153152.hdf,VERIFIED_NO_HASH,"Valid Header, No Remote Checksum Available",470777,PASS (Structure Only)
MYD11A1.A2024136.h28v08.061.2024137175657.hdf,VERIFIED_NO_HASH,"Valid Header, No Remote Checksum Available",614837,PASS (Structure Only)
MYD11A1.A2024137.h27v08.061.2024139032449.hdf,VERIFIED_NO_HASH,"Valid Header, No Remote Checksum Available",214464,PASS (Structure Only)
MYD11A1.A2024138.h29v08.061.2024139202815.hdf,VERIFIED_NO_HASH,"Valid Header, No Remote Checksum Available",482721,PASS (Structure Only)
MYD11A1.A2024138.h27v08.061.2024139202817.hdf,VERIFIED_NO_HASH,"Valid Header, No Remote Checksum Available",369819,PASS (Structure Only)
MYD11A1.A2024136.h27v08.061.2024137175639.hdf,VERIFIED_NO_HASH,"Valid Header, No Remote Checksum Available",417804,PASS (Structure Only)
MYD11A1.A2024137.h28v08.061.2024139031742.hdf,VERIFIED_NO_HASH,"Valid Header, No Remote Checksum Available",222117,PASS (Structure Only)
MYD11A1.A2024134.h27v08.061.2024136082045.hdf,VERIFIED_NO_HASH,"Valid Header, No Remote Checksum Available",291050,PASS (Structure Only)
MYD11A1.A2024134.h28v08.061.2024136081520.hdf,VERIFIED_NO_HASH,"Valid Header, No Remote Checksum Available",393685,PASS (Structure Only)
MYD11A1.A2024140.h28v08.061.2024143135947.hdf,VERIFIED_NO_HASH,"Valid Header, No Remote Checksum Available",406542,PASS (Structure Only)
MYD11A1.A2024139.h28v08.061.2024142130456.hdf,VERIFIED_NO_HASH,"Valid Header, No Remote Checksum Available",246818,PASS (Structure Only)
MYD11A1.A2024140.h27v08.061.2024143135901.hdf,VERIFIED_NO_HASH,"Valid Header, No Remote Checksum Available",278080,PASS (Structure Only)
MYD11A1.A2024141.h27v08.061.2024143150926.hdf,VERIFIED_NO_HASH,"Valid Header, No Remote Checksum Available",225508,PASS (Structure Only)
MYD11A1.A2024141.h30v08.061.2024143143529.hdf,VERIFIED_NO_HASH,"Valid Header, No Remote Checksum Available",872047,PASS (Structure Only)
MYD11A1.A2024115.h27v08.061.2024117001549.hdf,VERIFIED_NO_HASH,"Valid Header, No Remote Checksum Available",410324,PASS (Structure Only)
MYD11A1.A2024115.h29v08.061.2024117002224.hdf,VERIFIED_NO_HASH,"Valid Header, No Remote Checksum Available",582439,PASS (Structure Only)
MYD11A1.A2024142.h28v08.061.2024144043858.hdf,VERIFIED_NO_HASH,"Valid Header, No Remote Checksum Available",279432,PASS (Structure Only)
MYD11A1.A2024143.h30v08.061.2024144220858.hdf,VERIFIED_NO_HASH,"Valid Header, No Remote Checksum Available",1089889,PASS (Structure Only)
MYD11A1.A2024143.h29v08.061.2024144220826.hdf,VERIFIED_NO_HASH,"Valid Header, No Remote Checksum Available",436304,PASS (Structure Only)
MYD11A1.A2024144.h30v08.061.2024145181952.hdf,VERIFIED_NO_HASH,"Valid Header, No Remote Checksum Available",329215,PASS (Structure Only)
MYD11A1.A2024144.h27v08.061.2024145181932.hdf,VERIFIED_NO_HASH,"Valid Header, No Remote Checksum Available",254126,PASS (Structure Only)
MYD11A1.A2024141.h29v08.061.2024143145025.hdf,VERIFIED_NO_HASH,"Valid Header, No Remote Checksum Available",997667,PASS (Structure Only)
MYD11A1.A2024144.h29v08.061.2024145182019.hdf,VERIFIED_NO_HASH,"Valid Header, No Remote Checksum Available",1295219,PASS (Structure Only)
MYD11A1.A2024145.h27v08.061.2024146175832.hdf,VERIFIED_NO_HASH,"Valid Header, No Remote Checksum Available",214911,PASS (Structure Only)
MYD11A1.A2024145.h29v08.061.2024146175935.hdf,VERIFIED_NO_HASH,"Valid Header, No Remote Checksum Available",323367,PASS (Structure Only)
MYD11A1.A2024145.h30v08.061.2024146175939.hdf,VERIFIED_NO_HASH,"Valid Header, No Remote Checksum Available",317422,PASS (Structure Only)
MYD11A1.A2024144.h28v08.061.2024145181636.hdf,VERIFIED_NO_HASH,"Valid Header, No Remote Checksum Available",225717,PASS (Structure Only)
MYD11A1.A2024145.h28v08.061.2024146175848.hdf,VERIFIED_NO_HASH,"Valid Header, No Remote Checksum Available",276161,PASS (Structure Only)
MYD11A1.A2024146.h27v08.061.2024148115041.hdf,VERIFIED_NO_HASH,"Valid Header, No Remote Checksum Available",221570,PASS (Structure Only)
MYD11A1.A2024146.h28v08.061.2024148115202.hdf,VERIFIED_NO_HASH,"Valid Header, No Remote Checksum Available",231332,PASS (Structure Only)
MYD11A1.A2024146.h30v08.061.2024148115215.hdf,VERIFIED_NO_HASH,"Valid Header, No Remote Checksum Available",353023,PASS (Structure Only)
MYD11A1.A2024140.h29v08.061.2024143141041.hdf,VERIFIED_NO_HASH,"Valid Header, No Remote Checksum Available",594700,PASS (Structure Only)
MYD11A1.A2024141.h28v08.061.2024143152513.hdf,VERIFIED_NO_HASH,"Valid Header, No Remote Checksum Available",226315,PASS (Structure Only)
MYD11A1.A2024147.h30v08.061.2024148183310.hdf,VERIFIED_NO_HASH,"Valid Header, No Remote Checksum Available",281409,PASS (Structure Only)
MYD11A1.A2024146.h29v08.061.2024148115226.hdf,VERIFIED_NO_HASH,"Valid Header, No Remote Checksum Available",709072,PASS (Structure Only)
MYD11A1.A2024140.h30v08.061.2024143140017.hdf,VERIFIED_NO_HASH,"Valid Header, No Remote Checksum Available",923333,PASS (Structure Only)
MYD11A1.A2024147.h29v08.061.2024148183330.hdf,VERIFIED_NO_HASH,"Valid Header, No Remote Checksum Available",481367,PASS (Structure Only)
MYD11A1.A2024148.h29v08.061.2024152025418.hdf,VERIFIED_NO_HASH,"Valid Header, No Remote Checksum Available",219984,PASS (Structure Only)
MYD11A1.A2024148.h28v08.061.2024152025405.hdf,VERIFIED_NO_HASH,"Valid Header, No Remote Checksum Available",492602,PASS (Structure Only)
MYD11A1.A2024147.h28v08.061.2024148183301.hdf,VERIFIED_NO_HASH,"Valid Header, No Remote Checksum Available",338540,PASS (Structure Only)
MYD11A1.A2024148.h27v08.061.2024152024910.hdf,VERIFIED_NO_HASH,"Valid Header, No Remote Checksum Available",530207,PASS (Structure Only)
MYD11A1.A2024139.h29v08.061.2024142114920.hdf,VERIFIED_NO_HASH,"Valid Header, No Remote Checksum Available",837773,PASS (Structure Only)
MYD11A1.A2024137.h29v08.061.2024139030749.hdf,VERIFIED_NO_HASH,"Valid Header, No Remote Checksum Available",1502077,PASS (Structure Only)
MYD11A1.A2024139.h30v08.061.2024142115110.hdf,VERIFIED_NO_HASH,"Valid Header, No Remote Checksum Available",409954,PASS (Structure Only)
MYD11A1.A2024149.h29v08.061.2024152030242.hdf,VERIFIED_NO_HASH,"Valid Header, No Remote Checksum Available",829239,PASS (Structure Only)
MYD11A1.A2024150.h29v08.061.2024156151719.hdf,VERIFIED_NO_HASH,"Valid Header, No Remote Checksum Available",222886,PASS (Structure Only)
MYD11A1.A2024149.h28v08.061.2024152030333.hdf,VERIFIED_NO_HASH,"Valid Header, No Remote Checksum Available",257848,PASS (Structure Only)
MYD11A1.A2024150.h28v08.061.2024156151241.hdf,VERIFIED_NO_HASH,"Valid Header, No Remote Checksum Available",531857,PASS (Structure Only)
MYD11A1.A2024142.h27v08.061.2024144043454.hdf,VERIFIED_NO_HASH,"Valid Header, No Remote Checksum Available",216654,PASS (Structure Only)
MYD11A1.A2024142.h29v08.061.2024144043632.hdf,VERIFIED_NO_HASH,"Valid Header, No Remote Checksum Available",735438,PASS (Structure Only)
MYD11A1.A2024142.h30v08.061.2024144043827.hdf,VERIFIED_NO_HASH,"Valid Header, No Remote Checksum Available",511168,PASS (Structure Only)
MYD11A1.A2024143.h27v08.061.2024144220707.hdf,VERIFIED_NO_HASH,"Valid Header, No Remote Checksum Available",260285,PASS (Structure Only)
MYD11A1.A2024143.h28v08.061.2024144220744.hdf,VERIFIED_NO_HASH,"Valid Header, No Remote Checksum Available",218815,PASS (Structure Only)
MYD11A1.A2024138.h28v08.061.2024139202841.hdf,VERIFIED_NO_HASH,"Valid Header, No Remote Checksum Available",559389,PASS (Structure Only)
MYD11A1.A2024139.h27v08.061.2024142114948.hdf,VERIFIED_NO_HASH,"Valid Header, No Remote Checksum Available",271930,PASS (Structure Only)
MYD11A1.A2024149.h27v08.061.2024152030312.hdf,VERIFIED_NO_HASH,"Valid Header, No Remote Checksum Available",234556,PASS (Structure Only)
MYD11A1.A2024150.h30v08.061.2024156151242.hdf,VERIFIED_NO_HASH,"Valid Header, No Remote Checksum Available",692575,PASS (Structure Only)
MYD11A1.A2024151.h27v08.061.2024156182629.hdf,VERIFIED_NO_HASH,"Valid Header, No Remote Checksum Available",357680,PASS (Structure Only)
MYD11A1.A2024149.h30v08.061.2024152030121.hdf,VERIFIED_NO_HASH,"Valid Header, No Remote Checksum Available",301438,PASS (Structure Only)
MYD11A1.A2024151.h29v08.061.2024156182700.hdf,VERIFIED_NO_HASH,"Valid Header, No Remote Checksum Available",893236,PASS (Structure Only)
MYD11A1.A2024153.h29v08.061.2024157141809.hdf,VERIFIED_NO_HASH,"Valid Header, No Remote Checksum Available",557164,PASS (Structure Only)
MYD11A1.A2024153.h27v08.061.2024157151226.hdf,VERIFIED_NO_HASH,"Valid Header, No Remote Checksum Available",224399,PASS (Structure Only)
MYD11A1.A2024152.h27v08.061.2024157150846.hdf,VERIFIED_NO_HASH,"Valid Header, No Remote Checksum Available",217090,PASS (Structure Only)
MYD11A1.A2024150.h27v08.061.2024156152006.hdf,VERIFIED_NO_HASH,"Valid Header, No Remote Checksum Available",377693,PASS (Structure Only)
MYD11A1.A2024152.h30v08.061.2024157072324.hdf,VERIFIED_NO_HASH,"Valid Header, No Remote Checksum Available",493137,PASS (Structure Only)
MYD11A1.A2024151.h30v08.061.2024156182715.hdf,VERIFIED_NO_HASH,"Valid Header, No Remote Checksum Available",441230,PASS (Structure Only)
MYD11A1.A2024155.h30v08.061.2024157233306.hdf,VERIFIED_NO_HASH,"Valid Header, No Remote Checksum Available",458612,PASS (Structure Only)
MYD11A1.A2024152.h28v08.061.2024157072113.hdf,VERIFIED_NO_HASH,"Valid Header, No Remote Checksum Available",295204,PASS (Structure Only)
MYD11A1.A2024153.h30v08.061.2024157141915.hdf,VERIFIED_NO_HASH,"Valid Header, No Remote Checksum Available",618465,PASS (Structure Only)
MYD11A1.A2024155.h27v08.061.2024157233222.hdf,VERIFIED_NO_HASH,"Valid Header, No Remote Checksum Available",585519,PASS (Structure Only)
MYD11A1.A2024152.h29v08.061.2024157072150.hdf,VERIFIED_NO_HASH,"Valid Header, No Remote Checksum Available",442810,PASS (Structure Only)
MYD11A1.A2024157.h30v08.061.2024160204838.hdf,VERIFIED_NO_HASH,"Valid Header, No Remote Checksum Available",257410,PASS (Structure Only)
MYD11A1.A2024151.h28v08.061.2024156182609.hdf,VERIFIED_NO_HASH,"Valid Header, No Remote Checksum Available",242079,PASS (Structure Only)
MYD11A1.A2024157.h28v08.061.2024160204838.hdf,VERIFIED_NO_HASH,"Valid Header, No Remote Checksum Available",1061252,PASS (Structure Only)
MYD11A1.A2024156.h29v08.061.2024159005111.hdf,VERIFIED_NO_HASH,"Valid Header, No Remote Checksum Available",440399,PASS (Structure Only)
MYD11A1.A2024156.h28v08.061.2024159005027.hdf,VERIFIED_NO_HASH,"Valid Header, No Remote Checksum Available",225189,PASS (Structure Only)
MYD11A1.A2024157.h27v08.061.2024160204343.hdf,VERIFIED_NO_HASH,"Valid Header, No Remote Checksum Available",581777,PASS (Structure Only)
MYD11A1.A2024156.h30v08.061.2024159005245.hdf,VERIFIED_NO_HASH,"Valid Header, No Remote Checksum Available",229600,PASS (Structure Only)
MYD11A1.A2024158.h30v08.061.2024161073232.hdf,VERIFIED_NO_HASH,"Valid Header, No Remote Checksum Available",274965,PASS (Structure Only)
MYD11A1.A2024159.h27v08.061.2024162043203.hdf,VERIFIED_NO_HASH,"Valid Header, No Remote Checksum Available",327232,PASS (Structure Only)
MYD11A1.A2024153.h28v08.061.2024157173537.hdf,VERIFIED_NO_HASH,"Valid Header, No Remote Checksum Available",223228,PASS (Structure Only)
MYD11A1.A2024154.h28v08.061.2024157211614.hdf,VERIFIED_NO_HASH,"Valid Header, No Remote Checksum Available",218125,PASS (Structure Only)
MYD11A1.A2024154.h29v08.061.2024157211643.hdf,VERIFIED_NO_HASH,"Valid Header, No Remote Checksum Available",326164,PASS (Structure Only)
MYD11A1.A2024154.h27v08.061.2024157211756.hdf,VERIFIED_NO_HASH,"Valid Header, No Remote Checksum Available",217103,PASS (Structure Only)
MYD11A1.A2024154.h30v08.061.2024157211832.hdf,VERIFIED_NO_HASH,"Valid Header, No Remote Checksum Available",359123,PASS (Structure Only)
MYD11A1.A2024159.h30v08.061.2024162043631.hdf,VERIFIED_NO_HASH,"Valid Header, No Remote Checksum Available",426340,PASS (Structure Only)
MYD11A1.A2024158.h29v08.061.2024161073225.hdf,VERIFIED_NO_HASH,"Valid Header, No Remote Checksum Available",312371,PASS (Structure Only)
MYD11A1.A2024160.h28v08.061.2024162191833.hdf,VERIFIED_NO_HASH,"Valid Header, No Remote Checksum Available",505014,PASS (Structure Only)
MYD11A1.A2024159.h28v08.061.2024162182828.hdf,VERIFIED_NO_HASH,"Valid Header, No Remote Checksum Available",569918,PASS (Structure Only)
MYD11A1.A2024155.h28v08.061.2024157233250.hdf,VERIFIED_NO_HASH,"Valid Header, No Remote Checksum Available",513790,PASS (Structure Only)
MYD11A1.A2024159.h29v08.061.2024162043147.hdf,VERIFIED_NO_HASH,"Valid Header, No Remote Checksum Available",763414,PASS (Structure Only)
MYD11A1.A2024158.h27v08.061.2024161072844.hdf,VERIFIED_NO_HASH,"Valid Header, No Remote Checksum Available",474052,PASS (Structure Only)
MYD11A1.A2024161.h29v08.061.2024162223151.hdf,VERIFIED_NO_HASH,"Valid Header, No Remote Checksum Available",1267226,PASS (Structure Only)
MYD11A1.A2024160.h30v08.061.2024162191906.hdf,VERIFIED_NO_HASH,"Valid Header, No Remote Checksum Available",409883,PASS (Structure Only)
MYD11A1.A2024161.h27v08.061.2024162223136.hdf,VERIFIED_NO_HASH,"Valid Header, No Remote Checksum Available",290937,PASS (Structure Only)
MYD11A1.A2024155.h29v08.061.2024157233247.hdf,VERIFIED_NO_HASH,"Valid Header, No Remote Checksum Available",276139,PASS (Structure Only)
MYD11A1.A2024156.h27v08.061.2024159005009.hdf,VERIFIED_NO_HASH,"Valid Header, No Remote Checksum Available",411384,PASS (Structure Only)
MYD11A1.A2024160.h29v08.061.2024162191852.hdf,VERIFIED_NO_HASH,"Valid Header, No Remote Checksum Available",478000,PASS (Structure Only)
MYD11A1.A2024163.h28v08.061.2024165202110.hdf,VERIFIED_NO_HASH,"Valid Header, No Remote Checksum Available",520636,PASS (Structure Only)
MYD11A1.A2024163.h29v08.061.2024165201924.hdf,VERIFIED_NO_HASH,"Valid Header, No Remote Checksum Available",1172322,PASS (Structure Only)
MYD11A1.A2024164.h27v08.061.2024165202250.hdf,VERIFIED_NO_HASH,"Valid Header, No Remote Checksum Available",394776,PASS (Structure Only)
MYD11A1.A2024162.h29v08.061.2024163204002.hdf,VERIFIED_NO_HASH,"Valid Header, No Remote Checksum Available",291032,PASS (Structure Only)
MYD11A1.A2024157.h29v08.061.2024160204840.hdf,VERIFIED_NO_HASH,"Valid Header, No Remote Checksum Available",563936,PASS (Structure Only)
MYD11A1.A2024161.h30v08.061.2024162223121.hdf,VERIFIED_NO_HASH,"Valid Header, No Remote Checksum Available",249337,PASS (Structure Only)
MYD11A1.A2024162.h28v08.061.2024163204252.hdf,VERIFIED_NO_HASH,"Valid Header, No Remote Checksum Available",893385,PASS (Structure Only)
MYD11A1.A2024164.h30v08.061.2024165202335.hdf,VERIFIED_NO_HASH,"Valid Header, No Remote Checksum Available",344868,PASS (Structure Only)
MYD11A1.A2024164.h29v08.061.2024165202318.hdf,VERIFIED_NO_HASH,"Valid Header, No Remote Checksum Available",402953,PASS (Structure Only)
MYD11A1.A2024158.h28v08.061.2024161072928.hdf,VERIFIED_NO_HASH,"Valid Header, No Remote Checksum Available",266599,PASS (Structure Only)
MYD11A1.A2024160.h27v08.061.2024162191849.hdf,VERIFIED_NO_HASH,"Valid Header, No Remote Checksum Available",925827,PASS (Structure Only)
MYD11A1.A2024161.h28v08.061.2024162223104.hdf,VERIFIED_NO_HASH,"Valid Header, No Remote Checksum Available",333948,PASS (Structure Only)
MYD11A1.A2024163.h27v08.061.2024165202051.hdf,VERIFIED_NO_HASH,"Valid Header, No Remote Checksum Available",539516,PASS (Structure Only)
MYD11A1.A2024165.h30v08.061.2024166235225.hdf,VERIFIED_NO_HASH,"Valid Header, No Remote Checksum Available",251716,PASS (Structure Only)
MYD11A1.A2024165.h29v08.061.2024166234844.hdf,VERIFIED_NO_HASH,"Valid Header, No Remote Checksum Available",445493,PASS (Structure Only)
MYD11A1.A2024165.h28v08.061.2024166234907.hdf,VERIFIED_NO_HASH,"Valid Header, No Remote Checksum Available",1002603,PASS (Structure Only)
MYD11A1.A2024148.h30v08.061.2024152025155.hdf,VERIFIED_NO_HASH,"Valid Header, No Remote Checksum Available",280058,PASS (Structure Only)
MYD11A1.A2024162.h27v08.061.2024163203824.hdf,VERIFIED_NO_HASH,"Valid Header, No Remote Checksum Available",497157,PASS (Structure Only)
MYD11A1.A2024162.h30v08.061.2024163204100.hdf,VERIFIED_NO_HASH,"Valid Header, No Remote Checksum Available",386159,PASS (Structure Only)
MYD11A1.A2024163.h30v08.061.2024165202009.hdf,VERIFIED_NO_HASH,"Valid Header, No Remote Checksum Available",323922,PASS (Structure Only)
MYD11A1.A2024168.h27v08.061.2024169172426.hdf,VERIFIED_NO_HASH,"Valid Header, No Remote Checksum Available",219536,PASS (Structure Only)
MYD11A1.A2024138.h30v08.061.2024139203144.hdf,VERIFIED_NO_HASH,"Valid Header, No Remote Checksum Available",986717,PASS (Structure Only)
MYD11A1.A2024147.h27v08.061.2024148183246.hdf,VERIFIED_NO_HASH,"Valid Header, No Remote Checksum Available",229986,PASS (Structure Only)
MYD11A1.A2024169.h27v08.061.2024170183320.hdf,VERIFIED_NO_HASH,"Valid Header, No Remote Checksum Available",252985,PASS (Structure Only)
MYD11A1.A2024169.h29v08.061.2024170183224.hdf,VERIFIED_NO_HASH,"Valid Header, No Remote Checksum Available",423834,PASS (Structure Only)
MYD11A1.A2024168.h29v08.061.2024169172448.hdf,VERIFIED_NO_HASH,"Valid Header, No Remote Checksum Available",1536176,PASS (Structure Only)
MYD11A1.A2024166.h28v08.061.2024167181944.hdf,VERIFIED_NO_HASH,"Valid Header, No Remote Checksum Available",356380,PASS (Structure Only)
MYD11A1.A2024166.h30v08.061.2024167181923.hdf,VERIFIED_NO_HASH,"Valid Header, No Remote Checksum Available",310186,PASS (Structure Only)
MYD11A1.A2024166.h27v08.061.2024167181904.hdf,VERIFIED_NO_HASH,"Valid Header, No Remote Checksum Available",335392,PASS (Structure Only)
MYD11A1.A2024164.h28v08.061.2024165202415.hdf,VERIFIED_NO_HASH,"Valid Header, No Remote Checksum Available",1100994,PASS (Structure Only)
MYD11A1.A2024166.h29v08.061.2024167181924.hdf,VERIFIED_NO_HASH,"Valid Header, No Remote Checksum Available",788397,PASS (Structure Only)
MYD11A1.A2024169.h30v08.061.2024170183212.hdf,VERIFIED_NO_HASH,"Valid Header, No Remote Checksum Available",293248,PASS (Structure Only)
MYD11A1.A2024167.h29v08.061.2024168180901.hdf,VERIFIED_NO_HASH,"Valid Header, No Remote Checksum Available",533838,PASS (Structure Only)
MYD11A1.A2024168.h30v08.061.2024169172458.hdf,VERIFIED_NO_HASH,"Valid Header, No Remote Checksum Available",311824,PASS (Structure Only)
MYD11A1.A2024168.h28v08.061.2024169172326.hdf,VERIFIED_NO_HASH,"Valid Header, No Remote Checksum Available",370408,PASS (Structure Only)
MYD11A1.A2024165.h27v08.061.2024166235229.hdf,VERIFIED_NO_HASH,"Valid Header, No Remote Checksum Available",1054717,PASS (Structure Only)
MYD11A1.A2024169.h28v08.061.2024170183245.hdf,VERIFIED_NO_HASH,"Valid Header, No Remote Checksum Available",680809,PASS (Structure Only)
MYD11A1.A2024172.h30v08.061.2024175202150.hdf,VERIFIED_NO_HASH,"Valid Header, No Remote Checksum Available",315979,PASS (Structure Only)
MYD11A1.A2024171.h28v08.061.2024175194432.hdf,VERIFIED_NO_HASH,"Valid Header, No Remote Checksum Available",347221,PASS (Structure Only)
MYD11A1.A2024171.h29v08.061.2024175194446.hdf,VERIFIED_NO_HASH,"Valid Header, No Remote Checksum Available",556684,PASS (Structure Only)
MYD11A1.A2024172.h27v08.061.2024175195915.hdf,VERIFIED_NO_HASH,"Valid Header, No Remote Checksum Available",449733,PASS (Structure Only)
MYD11A1.A2024172.h29v08.061.2024175195809.hdf,VERIFIED_NO_HASH,"Valid Header, No Remote Checksum Available",387012,PASS (Structure Only)
MYD11A1.A2024172.h28v08.061.2024175195920.hdf,VERIFIED_NO_HASH,"Valid Header, No Remote Checksum Available",473439,PASS (Structure Only)
MYD11A1.A2024170.h30v08.061.2024175191644.hdf,VERIFIED_NO_HASH,"Valid Header, No Remote Checksum Available",372580,PASS (Structure Only)
MYD11A1.A2024171.h30v08.061.2024175195021.hdf,VERIFIED_NO_HASH,"Valid Header, No Remote Checksum Available",224642,PASS (Structure Only)
MYD11A1.A2024171.h27v08.061.2024175194520.hdf,VERIFIED_NO_HASH,"Valid Header, No Remote Checksum Available",232738,PASS (Structure Only)
MYD11A1.A2024170.h29v08.061.2024175192252.hdf,VERIFIED_NO_HASH,"Valid Header, No Remote Checksum Available",746534,PASS (Structure Only)
MYD11A1.A2024173.h29v08.061.2024175201232.hdf,VERIFIED_NO_HASH,"Valid Header, No Remote Checksum Available",613332,PASS (Structure Only)
MYD11A1.A2024175.h28v08.061.2024177232330.hdf,VERIFIED_NO_HASH,"Valid Header, No Remote Checksum Available",357584,PASS (Structure Only)
MYD11A1.A2024175.h29v08.061.2024177232301.hdf,VERIFIED_NO_HASH,"Valid Header, No Remote Checksum Available",340401,PASS (Structure Only)
MYD11A1.A2024170.h28v08.061.2024175192011.hdf,VERIFIED_NO_HASH,"Valid Header, No Remote Checksum Available",426923,PASS (Structure Only)
MYD11A1.A2024176.h28v08.061.2024180065525.hdf,VERIFIED_NO_HASH,"Valid Header, No Remote Checksum Available",787249,PASS (Structure Only)
MYD11A1.A2024174.h30v08.061.2024175222154.hdf,VERIFIED_NO_HASH,"Valid Header, No Remote Checksum Available",326651,PASS (Structure Only)
MYD11A1.A2024174.h29v08.061.2024175222133.hdf,VERIFIED_NO_HASH,"Valid Header, No Remote Checksum Available",308141,PASS (Structure Only)
MYD11A1.A2024175.h27v08.061.2024177232300.hdf,VERIFIED_NO_HASH,"Valid Header, No Remote Checksum Available",524976,PASS (Structure Only)
MYD11A1.A2024176.h29v08.061.2024180065532.hdf,VERIFIED_NO_HASH,"Valid Header, No Remote Checksum Available",481823,PASS (Structure Only)
MYD11A1.A2024177.h28v08.061.2024181093228.hdf,VERIFIED_NO_HASH,"Valid Header, No Remote Checksum Available",712727,PASS (Structure Only)
MYD11A1.A2024167.h28v08.061.2024168180812.hdf,VERIFIED_NO_HASH,"Valid Header, No Remote Checksum Available",263707,PASS (Structure Only)
MYD11A1.A2024174.h28v08.061.2024175222058.hdf,VERIFIED_NO_HASH,"Valid Header, No Remote Checksum Available",363215,PASS (Structure Only)
MYD11A1.A2024176.h30v08.061.2024180072251.hdf,VERIFIED_NO_HASH,"Valid Header, No Remote Checksum Available",236897,PASS (Structure Only)
MYD11A1.A2024177.h27v08.061.2024181093047.hdf,VERIFIED_NO_HASH,"Valid Header, No Remote Checksum Available",544482,PASS (Structure Only)
MYD11A1.A2024173.h27v08.061.2024175201054.hdf,VERIFIED_NO_HASH,"Valid Header, No Remote Checksum Available",214464,PASS (Structure Only)
MYD11A1.A2024174.h27v08.061.2024175222057.hdf,VERIFIED_NO_HASH,"Valid Header, No Remote Checksum Available",360223,PASS (Structure Only)
MYD11A1.A2024173.h28v08.061.2024175201053.hdf,VERIFIED_NO_HASH,"Valid Header, No Remote Checksum Available",219289,PASS (Structure Only)
MYD11A1.A2024167.h27v08.061.2024168180819.hdf,VERIFIED_NO_HASH,"Valid Header, No Remote Checksum Available",396514,PASS (Structure Only)
MYD11A1.A2024173.h30v08.061.2024175202816.hdf,VERIFIED_NO_HASH,"Valid Header, No Remote Checksum Available",254659,PASS (Structure Only)
MYD11A1.A2024180.h29v08.061.2024181222807.hdf,VERIFIED_NO_HASH,"Valid Header, No Remote Checksum Available",1907355,PASS (Structure Only)
MYD11A1.A2024180.h30v08.061.2024181223312.hdf,VERIFIED_NO_HASH,"Valid Header, No Remote Checksum Available",407371,PASS (Structure Only)
MYD11A1.A2024170.h27v08.061.2024175191625.hdf,VERIFIED_NO_HASH,"Valid Header, No Remote Checksum Available",695154,PASS (Structure Only)
MYD11A1.A2024180.h28v08.061.2024181222712.hdf,VERIFIED_NO_HASH,"Valid Header, No Remote Checksum Available",302983,PASS (Structure Only)
MYD11A1.A2024178.h27v08.061.2024181125435.hdf,VERIFIED_NO_HASH,"Valid Header, No Remote Checksum Available",376210,PASS (Structure Only)
MYD11A1.A2024178.h29v08.061.2024181124158.hdf,VERIFIED_NO_HASH,"Valid Header, No Remote Checksum Available",970354,PASS (Structure Only)
MYD11A1.A2024181.h28v08.061.2024182183150.hdf,VERIFIED_NO_HASH,"Valid Header, No Remote Checksum Available",561643,PASS (Structure Only)
MYD11A1.A2024178.h30v08.061.2024181125832.hdf,VERIFIED_NO_HASH,"Valid Header, No Remote Checksum Available",227065,PASS (Structure Only)
MYD11A1.A2024181.h30v08.061.2024182183107.hdf,VERIFIED_NO_HASH,"Valid Header, No Remote Checksum Available",478710,PASS (Structure Only)
MYD11A1.A2024177.h29v08.061.2024181093604.hdf,VERIFIED_NO_HASH,"Valid Header, No Remote Checksum Available",685823,PASS (Structure Only)
MYD11A1.A2024178.h28v08.061.2024181121431.hdf,VERIFIED_NO_HASH,"Valid Header, No Remote Checksum Available",341631,PASS (Structure Only)
MYD11A1.A2024177.h30v08.061.2024181093750.hdf,VERIFIED_NO_HASH,"Valid Header, No Remote Checksum Available",658104,PASS (Structure Only)
MYD11A1.A2024182.h28v08.061.2024183231851.hdf,VERIFIED_NO_HASH,"Valid Header, No Remote Checksum Available",254777,PASS (Structure Only)
MYD11A1.A2024180.h27v08.061.2024181222619.hdf,VERIFIED_NO_HASH,"Valid Header, No Remote Checksum Available",445376,PASS (Structure Only)
MYD11A1.A2024179.h29v08.061.2024181174050.hdf,VERIFIED_NO_HASH,"Valid Header, No Remote Checksum Available",774457,PASS (Structure Only)
MYD11A1.A2024179.h30v08.061.2024181174346.hdf,VERIFIED_NO_HASH,"Valid Header, No Remote Checksum Available",769431,PASS (Structure Only)
MYD11A1.A2024183.h27v08.061.2024184173054.hdf,VERIFIED_NO_HASH,"Valid Header, No Remote Checksum Available",277779,PASS (Structure Only)
MYD11A1.A2024181.h27v08.061.2024182182927.hdf,VERIFIED_NO_HASH,"Valid Header, No Remote Checksum Available",281703,PASS (Structure Only)
MYD11A1.A2024179.h27v08.061.2024181174906.hdf,VERIFIED_NO_HASH,"Valid Header, No Remote Checksum Available",626329,PASS (Structure Only)
MYD11A1.A2024179.h28v08.061.2024181174153.hdf,VERIFIED_NO_HASH,"Valid Header, No Remote Checksum Available",951294,PASS (Structure Only)
MYD11A1.A2024182.h29v08.061.2024183231800.hdf,VERIFIED_NO_HASH,"Valid Header, No Remote Checksum Available",391948,PASS (Structure Only)
MYD11A1.A2024181.h29v08.061.2024182183224.hdf,VERIFIED_NO_HASH,"Valid Header, No Remote Checksum Available",723253,PASS (Structure Only)
MYD11A1.A2024184.h30v08.061.2024185193429.hdf,VERIFIED_NO_HASH,"Valid Header, No Remote Checksum Available",738294,PASS (Structure Only)
MYD11A1.A2024185.h30v08.061.2024186171703.hdf,VERIFIED_NO_HASH,"Valid Header, No Remote Checksum Available",292795,PASS (Structure Only)
MYD11A1.A2024183.h29v08.061.2024184173058.hdf,VERIFIED_NO_HASH,"Valid Header, No Remote Checksum Available",292270,PASS (Structure Only)
MYD11A1.A2024185.h27v08.061.2024186171703.hdf,VERIFIED_NO_HASH,"Valid Header, No Remote Checksum Available",483407,PASS (Structure Only)
MYD11A1.A2024184.h27v08.061.2024185193502.hdf,VERIFIED_NO_HASH,"Valid Header, No Remote Checksum Available",864146,PASS (Structure Only)
MYD11A1.A2024184.h28v08.061.2024185193436.hdf,VERIFIED_NO_HASH,"Valid Header, No Remote Checksum Available",1145221,PASS (Structure Only)
MYD11A1.A2024187.h28v08.061.2024188171955.hdf,VERIFIED_NO_HASH,"Valid Header, No Remote Checksum Available",360679,PASS (Structure Only)
MYD11A1.A2024186.h29v08.061.2024187175857.hdf,VERIFIED_NO_HASH,"Valid Header, No Remote Checksum Available",536436,PASS (Structure Only)
MYD11A1.A2024186.h27v08.061.2024187180114.hdf,VERIFIED_NO_HASH,"Valid Header, No Remote Checksum Available",483829,PASS (Structure Only)
MYD11A1.A2024182.h30v08.061.2024183231904.hdf,VERIFIED_NO_HASH,"Valid Header, No Remote Checksum Available",374966,PASS (Structure Only)
MYD11A1.A2024183.h30v08.061.2024184173047.hdf,VERIFIED_NO_HASH,"Valid Header, No Remote Checksum Available",224055,PASS (Structure Only)
MYD11A1.A2024186.h28v08.061.2024187175926.hdf,VERIFIED_NO_HASH,"Valid Header, No Remote Checksum Available",1185490,PASS (Structure Only)
MYD11A1.A2024188.h30v08.061.2024190080206.hdf,VERIFIED_NO_HASH,"Valid Header, No Remote Checksum Available",453953,PASS (Structure Only)
MYD11A1.A2024188.h29v08.061.2024190080424.hdf,VERIFIED_NO_HASH,"Valid Header, No Remote Checksum Available",892187,PASS (Structure Only)
MYD11A1.A2024188.h28v08.061.2024190080847.hdf,VERIFIED_NO_HASH,"Valid Header, No Remote Checksum Available",855230,PASS (Structure Only)
MYD11A1.A2024189.h27v08.061.2024190181615.hdf,VERIFIED_NO_HASH,"Valid Header, No Remote Checksum Available",385188,PASS (Structure Only)
MYD11A1.A2024187.h30v08.061.2024188171936.hdf,VERIFIED_NO_HASH,"Valid Header, No Remote Checksum Available",382182,PASS (Structure Only)
MYD11A1.A2024185.h28v08.061.2024186171726.hdf,VERIFIED_NO_HASH,"Valid Header, No Remote Checksum Available",264544,PASS (Structure Only)
MYD11A1.A2024185.h29v08.061.2024186171849.hdf,VERIFIED_NO_HASH,"Valid Header, No Remote Checksum Available",618444,PASS (Structure Only)
MYD11A1.A2024186.h30v08.061.2024187175917.hdf,VERIFIED_NO_HASH,"Valid Header, No Remote Checksum Available",258720,PASS (Structure Only)
MYD11A1.A2024187.h29v08.061.2024188171845.hdf,VERIFIED_NO_HASH,"Valid Header, No Remote Checksum Available",1058295,PASS (Structure Only)
MYD11A1.A2024188.h27v08.061.2024190080558.hdf,VERIFIED_NO_HASH,"Valid Header, No Remote Checksum Available",295375,PASS (Structure Only)
MYD11A1.A2024187.h27v08.061.2024188172007.hdf,VERIFIED_NO_HASH,"Valid Header, No Remote Checksum Available",339620,PASS (Structure Only)
MYD11A1.A2024190.h30v08.061.2024195002024.hdf,VERIFIED_NO_HASH,"Valid Header, No Remote Checksum Available",229554,PASS (Structure Only)
MYD11A1.A2024190.h28v08.061.2024195005939.hdf,VERIFIED_NO_HASH,"Valid Header, No Remote Checksum Available",336415,PASS (Structure Only)
MYD11A1.A2024191.h27v08.061.2024195013905.hdf,VERIFIED_NO_HASH,"Valid Header, No Remote Checksum Available",340025,PASS (Structure Only)
MYD11A1.A2024184.h29v08.061.2024185193403.hdf,VERIFIED_NO_HASH,"Valid Header, No Remote Checksum Available",248037,PASS (Structure Only)
MYD11A1.A2024192.h27v08.061.2024195053015.hdf,VERIFIED_NO_HASH,"Valid Header, No Remote Checksum Available",271558,PASS (Structure Only)
MYD11A1.A2024191.h30v08.061.2024195014017.hdf,VERIFIED_NO_HASH,"Valid Header, No Remote Checksum Available",251628,PASS (Structure Only)
MYD11A1.A2024191.h29v08.061.2024195013942.hdf,VERIFIED_NO_HASH,"Valid Header, No Remote Checksum Available",275897,PASS (Structure Only)
MYD11A1.A2024183.h28v08.061.2024184173035.hdf,VERIFIED_NO_HASH,"Valid Header, No Remote Checksum Available",310991,PASS (Structure Only)
MYD11A1.A2024192.h30v08.061.2024195053110.hdf,VERIFIED_NO_HASH,"Valid Header, No Remote Checksum Available",264050,PASS (Structure Only)
MYD11A1.A2024175.h30v08.061.2024177232436.hdf,VERIFIED_NO_HASH,"Valid Header, No Remote Checksum Available",286943,PASS (Structure Only)
MYD11A1.A2024189.h30v08.061.2024190181539.hdf,VERIFIED_NO_HASH,"Valid Header, No Remote Checksum Available",601968,PASS (Structure Only)
MYD11A1.A2024194.h28v08.061.2024197191912.hdf,VERIFIED_NO_HASH,"Valid Header, No Remote Checksum Available",253040,PASS (Structure Only)
MYD11A1.A2024182.h27v08.061.2024183231908.hdf,VERIFIED_NO_HASH,"Valid Header, No Remote Checksum Available",308476,PASS (Structure Only)
MYD11A1.A2024176.h27v08.061.2024180065442.hdf,VERIFIED_NO_HASH,"Valid Header, No Remote Checksum Available",336598,PASS (Structure Only)
MYD11A1.A2024167.h30v08.061.2024168180823.hdf,VERIFIED_NO_HASH,"Valid Header, No Remote Checksum Available",364731,PASS (Structure Only)
MYD11A1.A2024190.h29v08.061.2024195001219.hdf,VERIFIED_NO_HASH,"Valid Header, No Remote Checksum Available",678224,PASS (Structure Only)
MYD11A1.A2024191.h28v08.061.2024195013910.hdf,VERIFIED_NO_HASH,"Valid Header, No Remote Checksum Available",358358,PASS (Structure Only)
MYD11A1.A2024193.h30v08.061.2024195055234.hdf,VERIFIED_NO_HASH,"Valid Header, No Remote Checksum Available",248815,PASS (Structure Only)
MYD11A1.A2024193.h27v08.061.2024195055556.hdf,VERIFIED_NO_HASH,"Valid Header, No Remote Checksum Available",330550,PASS (Structure Only)
MYD11A1.A2024196.h30v08.061.2024197222958.hdf,VERIFIED_NO_HASH,"Valid Header, No Remote Checksum Available",305341,PASS (Structure Only)
MYD11A1.A2024197.h28v08.061.2024198175156.hdf,VERIFIED_NO_HASH,"Valid Header, No Remote Checksum Available",361650,PASS (Structure Only)
MYD11A1.A2024196.h28v08.061.2024197223102.hdf,VERIFIED_NO_HASH,"Valid Header, No Remote Checksum Available",482064,PASS (Structure Only)
MYD11A1.A2024197.h29v08.061.2024198175244.hdf,VERIFIED_NO_HASH,"Valid Header, No Remote Checksum Available",682195,PASS (Structure Only)
MYD11A1.A2024195.h29v08.061.2024197200218.hdf,VERIFIED_NO_HASH,"Valid Header, No Remote Checksum Available",463055,PASS (Structure Only)
MYD11A1.A2024195.h28v08.061.2024197193859.hdf,VERIFIED_NO_HASH,"Valid Header, No Remote Checksum Available",434294,PASS (Structure Only)
MYD11A1.A2024194.h30v08.061.2024197193328.hdf,VERIFIED_NO_HASH,"Valid Header, No Remote Checksum Available",251970,PASS (Structure Only)
MYD11A1.A2024195.h27v08.061.2024197193838.hdf,VERIFIED_NO_HASH,"Valid Header, No Remote Checksum Available",341637,PASS (Structure Only)
MYD11A1.A2024195.h30v08.061.2024197194214.hdf,VERIFIED_NO_HASH,"Valid Header, No Remote Checksum Available",225645,PASS (Structure Only)
MYD11A1.A2024196.h29v08.061.2024197222935.hdf,VERIFIED_NO_HASH,"Valid Header, No Remote Checksum Available",736849,PASS (Structure Only)
MYD11A1.A2024198.h27v08.061.2024199214055.hdf,VERIFIED_NO_HASH,"Valid Header, No Remote Checksum Available",418410,PASS (Structure Only)
MYD11A1.A2024189.h29v08.061.2024190181747.hdf,VERIFIED_NO_HASH,"Valid Header, No Remote Checksum Available",686509,PASS (Structure Only)
MYD11A1.A2024190.h27v08.061.2024195002147.hdf,VERIFIED_NO_HASH,"Valid Header, No Remote Checksum Available",238724,PASS (Structure Only)
MYD11A1.A2024193.h28v08.061.2024195055305.hdf,VERIFIED_NO_HASH,"Valid Header, No Remote Checksum Available",732143,PASS (Structure Only)
MYD11A1.A2024192.h29v08.061.2024195053603.hdf,VERIFIED_NO_HASH,"Valid Header, No Remote Checksum Available",655743,PASS (Structure Only)
MYD11A1.A2024194.h27v08.061.2024197190927.hdf,VERIFIED_NO_HASH,"Valid Header, No Remote Checksum Available",455797,PASS (Structure Only)
MYD11A1.A2024193.h29v08.061.2024195055235.hdf,VERIFIED_NO_HASH,"Valid Header, No Remote Checksum Available",302190,PASS (Structure Only)
MYD11A1.A2024200.h30v08.061.2024201190400.hdf,VERIFIED_NO_HASH,"Valid Header, No Remote Checksum Available",266479,PASS (Structure Only)
MYD11A1.A2024200.h27v08.061.2024201190322.hdf,VERIFIED_NO_HASH,"Valid Header, No Remote Checksum Available",374892,PASS (Structure Only)
MYD11A1.A2024198.h29v08.061.2024199214143.hdf,VERIFIED_NO_HASH,"Valid Header, No Remote Checksum Available",602264,PASS (Structure Only)
MYD11A1.A2024198.h28v08.061.2024199214127.hdf,VERIFIED_NO_HASH,"Valid Header, No Remote Checksum Available",454312,PASS (Structure Only)
MYD11A1.A2024199.h27v08.061.2024200213543.hdf,VERIFIED_NO_HASH,"Valid Header, No Remote Checksum Available",419815,PASS (Structure Only)
MYD11A1.A2024199.h28v08.061.2024200213511.hdf,VERIFIED_NO_HASH,"Valid Header, No Remote Checksum Available",383347,PASS (Structure Only)
MYD11A1.A2024199.h29v08.061.2024200213532.hdf,VERIFIED_NO_HASH,"Valid Header, No Remote Checksum Available",1340962,PASS (Structure Only)
MYD11A1.A2024200.h29v08.061.2024201190334.hdf,VERIFIED_NO_HASH,"Valid Header, No Remote Checksum Available",317994,PASS (Structure Only)
MYD11A1.A2024200.h28v08.061.2024201190212.hdf,VERIFIED_NO_HASH,"Valid Header, No Remote Checksum Available",1038259,PASS (Structure Only)
MYD11A1.A2024201.h28v08.061.2024202172451.hdf,VERIFIED_NO_HASH,"Valid Header, No Remote Checksum Available",589363,PASS (Structure Only)
MYD11A1.A2024201.h30v08.061.2024202172453.hdf,VERIFIED_NO_HASH,"Valid Header, No Remote Checksum Available",483761,PASS (Structure Only)
MYD11A1.A2024202.h30v08.061.2024203172730.hdf,VERIFIED_NO_HASH,"Valid Header, No Remote Checksum Available",288996,PASS (Structure Only)
MYD11A1.A2024201.h29v08.061.2024202172611.hdf,VERIFIED_NO_HASH,"Valid Header, No Remote Checksum Available",896359,PASS (Structure Only)
MYD11A1.A2024203.h29v08.061.2024204175638.hdf,VERIFIED_NO_HASH,"Valid Header, No Remote Checksum Available",598297,PASS (Structure Only)
MYD11A1.A2024202.h27v08.061.2024203172642.hdf,VERIFIED_NO_HASH,"Valid Header, No Remote Checksum Available",335793,PASS (Structure Only)
MYD11A1.A2024202.h29v08.061.2024203172745.hdf,VERIFIED_NO_HASH,"Valid Header, No Remote Checksum Available",2107780,PASS (Structure Only)
MYD11A1.A2024196.h27v08.061.2024197222949.hdf,VERIFIED_NO_HASH,"Valid Header, No Remote Checksum Available",510761,PASS (Structure Only)
MYD11A1.A2024204.h30v08.061.2024205174051.hdf,VERIFIED_NO_HASH,"Valid Header, No Remote Checksum Available",359062,PASS (Structure Only)
MYD11A1.A2024201.h27v08.061.2024202172601.hdf,VERIFIED_NO_HASH,"Valid Header, No Remote Checksum Available",529815,PASS (Structure Only)
MYD11A1.A2024203.h28v08.061.2024204175607.hdf,VERIFIED_NO_HASH,"Valid Header, No Remote Checksum Available",446163,PASS (Structure Only)
MYD11A1.A2024205.h30v08.061.2024207001638.hdf,VERIFIED_NO_HASH,"Valid Header, No Remote Checksum Available",230082,PASS (Structure Only)
MYD11A1.A2024205.h29v08.061.2024207001533.hdf,VERIFIED_NO_HASH,"Valid Header, No Remote Checksum Available",260742,PASS (Structure Only)
MYD11A1.A2024198.h30v08.061.2024199214055.hdf,VERIFIED_NO_HASH,"Valid Header, No Remote Checksum Available",344440,PASS (Structure Only)
MYD11A1.A2024197.h27v08.061.2024198175145.hdf,VERIFIED_NO_HASH,"Valid Header, No Remote Checksum Available",510505,PASS (Structure Only)
MYD11A1.A2024204.h29v08.061.2024205174121.hdf,VERIFIED_NO_HASH,"Valid Header, No Remote Checksum Available",440371,PASS (Structure Only)
MYD11A1.A2024203.h27v08.061.2024204175557.hdf,VERIFIED_NO_HASH,"Valid Header, No Remote Checksum Available",401021,PASS (Structure Only)
MYD11A1.A2024197.h30v08.061.2024198175230.hdf,VERIFIED_NO_HASH,"Valid Header, No Remote Checksum Available",303030,PASS (Structure Only)
MYD11A1.A2024202.h28v08.061.2024203172640.hdf,VERIFIED_NO_HASH,"Valid Header, No Remote Checksum Available",362755,PASS (Structure Only)
MYD11A1.A2024203.h30v08.061.2024204175545.hdf,VERIFIED_NO_HASH,"Valid Header, No Remote Checksum Available",331361,PASS (Structure Only)
MYD11A1.A2024194.h29v08.061.2024197190742.hdf,VERIFIED_NO_HASH,"Valid Header, No Remote Checksum Available",268679,PASS (Structure Only)
MYD11A1.A2024205.h28v08.061.2024207001638.hdf,VERIFIED_NO_HASH,"Valid Header, No Remote Checksum Available",1022625,PASS (Structure Only)
MYD11A1.A2024206.h28v08.061.2024209082149.hdf,VERIFIED_NO_HASH,"Valid Header, No Remote Checksum Available",1159044,PASS (Structure Only)
MYD11A1.A2024204.h27v08.061.2024205174101.hdf,VERIFIED_NO_HASH,"Valid Header, No Remote Checksum Available",912023,PASS (Structure Only)
MYD11A1.A2024199.h30v08.061.2024200213625.hdf,VERIFIED_NO_HASH,"Valid Header, No Remote Checksum Available",350982,PASS (Structure Only)
MYD11A1.A2024204.h28v08.061.2024205174109.hdf,VERIFIED_NO_HASH,"Valid Header, No Remote Checksum Available",527807,PASS (Structure Only)
MYD11A1.A2024192.h28v08.061.2024195053008.hdf,VERIFIED_NO_HASH,"Valid Header, No Remote Checksum Available",267854,PASS (Structure Only)
MYD11A1.A2024205.h27v08.061.2024207001534.hdf,VERIFIED_NO_HASH,"Valid Header, No Remote Checksum Available",621316,PASS (Structure Only)
MYD11A1.A2024189.h28v08.061.2024190181735.hdf,VERIFIED_NO_HASH,"Valid Header, No Remote Checksum Available",749724,PASS (Structure Only)
MYD11A1.A2024206.h30v08.061.2024209082422.hdf,VERIFIED_NO_HASH,"Valid Header, No Remote Checksum Available",329462,PASS (Structure Only)
MYD11A1.A2024206.h27v08.061.2024209084457.hdf,VERIFIED_NO_HASH,"Valid Header, No Remote Checksum Available",597893,PASS (Structure Only)
MYD11A1.A2024208.h29v08.061.2024209205424.hdf,VERIFIED_NO_HASH,"Valid Header, No Remote Checksum Available",1077966,PASS (Structure Only)
MYD11A1.A2024210.h30v08.061.2024211172252.hdf,VERIFIED_NO_HASH,"Valid Header, No Remote Checksum Available",571844,PASS (Structure Only)
MYD11A1.A2024209.h29v08.061.2024210172654.hdf,VERIFIED_NO_HASH,"Valid Header, No Remote Checksum Available",2273997,PASS (Structure Only)
MYD11A1.A2024210.h27v08.061.2024211172257.hdf,VERIFIED_NO_HASH,"Valid Header, No Remote Checksum Available",225711,PASS (Structure Only)
MYD11A1.A2024208.h30v08.061.2024209205513.hdf,VERIFIED_NO_HASH,"Valid Header, No Remote Checksum Available",851300,PASS (Structure Only)
MYD11A1.A2024208.h27v08.061.2024209205430.hdf,VERIFIED_NO_HASH,"Valid Header, No Remote Checksum Available",255420,PASS (Structure Only)
MYD11A1.A2024208.h28v08.061.2024209205453.hdf,VERIFIED_NO_HASH,"Valid Header, No Remote Checksum Available",637602,PASS (Structure Only)
MYD11A1.A2024211.h28v08.061.2024212174502.hdf,VERIFIED_NO_HASH,"Valid Header, No Remote Checksum Available",780921,PASS (Structure Only)
MYD11A1.A2024211.h29v08.061.2024212174516.hdf,VERIFIED_NO_HASH,"Valid Header, No Remote Checksum Available",1339755,PASS (Structure Only)
MYD11A1.A2024209.h27v08.061.2024210172805.hdf,VERIFIED_NO_HASH,"Valid Header, No Remote Checksum Available",225273,PASS (Structure Only)
MYD11A1.A2024211.h30v08.061.2024212174509.hdf,VERIFIED_NO_HASH,"Valid Header, No Remote Checksum Available",909294,PASS (Structure Only)
MYD11A1.A2024207.h30v08.061.2024209090134.hdf,VERIFIED_NO_HASH,"Valid Header, No Remote Checksum Available",264448,PASS (Structure Only)
MYD11A1.A2024209.h28v08.061.2024210172752.hdf,VERIFIED_NO_HASH,"Valid Header, No Remote Checksum Available",408148,PASS (Structure Only)
MYD11A1.A2024207.h29v08.061.2024209092636.hdf,VERIFIED_NO_HASH,"Valid Header, No Remote Checksum Available",1770144,PASS (Structure Only)
MYD11A1.A2024213.h27v08.061.2024222022359.hdf,VERIFIED_NO_HASH,"Valid Header, No Remote Checksum Available",257898,PASS (Structure Only)
MYD11A1.A2024214.h29v08.061.2024222022546.hdf,VERIFIED_NO_HASH,"Valid Header, No Remote Checksum Available",1248589,PASS (Structure Only)
MYD11A1.A2024214.h27v08.061.2024222022601.hdf,VERIFIED_NO_HASH,"Valid Header, No Remote Checksum Available",295290,PASS (Structure Only)
MYD11A1.A2024214.h28v08.061.2024222022617.hdf,VERIFIED_NO_HASH,"Valid Header, No Remote Checksum Available",329227,PASS (Structure Only)
MYD11A1.A2024213.h29v08.061.2024222022404.hdf,VERIFIED_NO_HASH,"Valid Header, No Remote Checksum Available",1401742,PASS (Structure Only)
MYD11A1.A2024215.h28v08.061.2024222041737.hdf,VERIFIED_NO_HASH,"Valid Header, No Remote Checksum Available",692489,PASS (Structure Only)
MYD11A1.A2024214.h30v08.061.2024222022541.hdf,VERIFIED_NO_HASH,"Valid Header, No Remote Checksum Available",340486,PASS (Structure Only)
MYD11A1.A2024215.h29v08.061.2024222041806.hdf,VERIFIED_NO_HASH,"Valid Header, No Remote Checksum Available",258795,PASS (Structure Only)
MYD11A1.A2024207.h27v08.061.2024209090124.hdf,VERIFIED_NO_HASH,"Valid Header, No Remote Checksum Available",299819,PASS (Structure Only)
MYD11A1.A2024212.h28v08.061.2024213201312.hdf,VERIFIED_NO_HASH,"Valid Header, No Remote Checksum Available",415457,PASS (Structure Only)
MYD11A1.A2024211.h27v08.061.2024212174518.hdf,VERIFIED_NO_HASH,"Valid Header, No Remote Checksum Available",450572,PASS (Structure Only)
MYD11A1.A2024210.h28v08.061.2024211172245.hdf,VERIFIED_NO_HASH,"Valid Header, No Remote Checksum Available",814032,PASS (Structure Only)
MYD11A1.A2024209.h30v08.061.2024210172740.hdf,VERIFIED_NO_HASH,"Valid Header, No Remote Checksum Available",478467,PASS (Structure Only)
MYD11A1.A2024210.h29v08.061.2024211172303.hdf,VERIFIED_NO_HASH,"Valid Header, No Remote Checksum Available",1191766,PASS (Structure Only)
MYD11A1.A2024215.h27v08.061.2024222041656.hdf,VERIFIED_NO_HASH,"Valid Header, No Remote Checksum Available",252839,PASS (Structure Only)
MYD11A1.A2024216.h28v08.061.2024222042219.hdf,VERIFIED_NO_HASH,"Valid Header, No Remote Checksum Available",494348,PASS (Structure Only)
MYD11A1.A2024217.h30v08.061.2024222061104.hdf,VERIFIED_NO_HASH,"Valid Header, No Remote Checksum Available",333672,PASS (Structure Only)
MYD11A1.A2024217.h27v08.061.2024222061103.hdf,VERIFIED_NO_HASH,"Valid Header, No Remote Checksum Available",221083,PASS (Structure Only)
MYD11A1.A2024216.h29v08.061.2024222042238.hdf,VERIFIED_NO_HASH,"Valid Header, No Remote Checksum Available",1119713,PASS (Structure Only)
MYD11A1.A2024215.h30v08.061.2024222041743.hdf,VERIFIED_NO_HASH,"Valid Header, No Remote Checksum Available",597707,PASS (Structure Only)
MYD11A1.A2024212.h27v08.061.2024213201220.hdf,VERIFIED_NO_HASH,"Valid Header, No Remote Checksum Available",220753,PASS (Structure Only)
MYD11A1.A2024218.h30v08.061.2024222061220.hdf,VERIFIED_NO_HASH,"Valid Header, No Remote Checksum Available",416060,PASS (Structure Only)
MYD11A1.A2024219.h27v08.061.2024222075737.hdf,VERIFIED_NO_HASH,"Valid Header, No Remote Checksum Available",257844,PASS (Structure Only)
MYD11A1.A2024212.h30v08.061.2024213201538.hdf,VERIFIED_NO_HASH,"Valid Header, No Remote Checksum Available",658397,PASS (Structure Only)
MYD11A1.A2024212.h29v08.061.2024213201142.hdf,VERIFIED_NO_HASH,"Valid Header, No Remote Checksum Available",967857,PASS (Structure Only)
MYD11A1.A2024219.h28v08.061.2024222075951.hdf,VERIFIED_NO_HASH,"Valid Header, No Remote Checksum Available",277863,PASS (Structure Only)
MYD11A1.A2024216.h30v08.061.2024222042120.hdf,VERIFIED_NO_HASH,"Valid Header, No Remote Checksum Available",467668,PASS (Structure Only)
MYD11A1.A2024216.h27v08.061.2024222042134.hdf,VERIFIED_NO_HASH,"Valid Header, No Remote Checksum Available",291387,PASS (Structure Only)
MYD11A1.A2024220.h28v08.061.2024227233945.hdf,VERIFIED_NO_HASH,"Valid Header, No Remote Checksum Available",318831,PASS (Structure Only)
MYD11A1.A2024213.h30v08.061.2024222022409.hdf,VERIFIED_NO_HASH,"Valid Header, No Remote Checksum Available",764340,PASS (Structure Only)
MYD11A1.A2024217.h29v08.061.2024222061110.hdf,VERIFIED_NO_HASH,"Valid Header, No Remote Checksum Available",1081539,PASS (Structure Only)
MYD11A1.A2024217.h28v08.061.2024222061122.hdf,VERIFIED_NO_HASH,"Valid Header, No Remote Checksum Available",415942,PASS (Structure Only)
MYD11A1.A2024222.h27v08.061.2024228025807.hdf,VERIFIED_NO_HASH,"Valid Header, No Remote Checksum Available",365775,PASS (Structure Only)
MYD11A1.A2024218.h28v08.061.2024222061224.hdf,VERIFIED_NO_HASH,"Valid Header, No Remote Checksum Available",851167,PASS (Structure Only)
MYD11A1.A2024220.h29v08.061.2024227235509.hdf,VERIFIED_NO_HASH,"Valid Header, No Remote Checksum Available",307230,PASS (Structure Only)
MYD11A1.A2024213.h28v08.061.2024222022357.hdf,VERIFIED_NO_HASH,"Valid Header, No Remote Checksum Available",649284,PASS (Structure Only)
MYD11A1.A2024220.h30v08.061.2024227233933.hdf,VERIFIED_NO_HASH,"Valid Header, No Remote Checksum Available",376890,PASS (Structure Only)
MYD11A1.A2024220.h27v08.061.2024227233910.hdf,VERIFIED_NO_HASH,"Valid Header, No Remote Checksum Available",290729,PASS (Structure Only)
MYD11A1.A2024219.h29v08.061.2024222075809.hdf,VERIFIED_NO_HASH,"Valid Header, No Remote Checksum Available",834148,PASS (Structure Only)
MYD11A1.A2024218.h27v08.061.2024222061354.hdf,VERIFIED_NO_HASH,"Valid Header, No Remote Checksum Available",495393,PASS (Structure Only)
MYD11A1.A2024218.h29v08.061.2024222061254.hdf,VERIFIED_NO_HASH,"Valid Header, No Remote Checksum Available",565917,PASS (Structure Only)
MYD11A1.A2024222.h29v08.061.2024228031313.hdf,VERIFIED_NO_HASH,"Valid Header, No Remote Checksum Available",524600,PASS (Structure Only)
MYD11A1.A2024224.h30v08.061.2024228051957.hdf,VERIFIED_NO_HASH,"Valid Header, No Remote Checksum Available",414978,PASS (Structure Only)
MYD11A1.A2024224.h27v08.061.2024228052000.hdf,VERIFIED_NO_HASH,"Valid Header, No Remote Checksum Available",217681,PASS (Structure Only)
MYD11A1.A2024223.h29v08.061.2024228032620.hdf,VERIFIED_NO_HASH,"Valid Header, No Remote Checksum Available",944264,PASS (Structure Only)
MYD11A1.A2024221.h28v08.061.2024228001417.hdf,VERIFIED_NO_HASH,"Valid Header, No Remote Checksum Available",300062,PASS (Structure Only)
MYD11A1.A2024221.h27v08.061.2024228001323.hdf,VERIFIED_NO_HASH,"Valid Header, No Remote Checksum Available",624857,PASS (Structure Only)
MYD11A1.A2024221.h30v08.061.2024228001445.hdf,VERIFIED_NO_HASH,"Valid Header, No Remote Checksum Available",396451,PASS (Structure Only)
MYD11A1.A2024225.h28v08.061.2024228060758.hdf,VERIFIED_NO_HASH,"Valid Header, No Remote Checksum Available",1192631,PASS (Structure Only)
MYD11A1.A2024224.h29v08.061.2024228051952.hdf,VERIFIED_NO_HASH,"Valid Header, No Remote Checksum Available",1230219,PASS (Structure Only)
MYD11A1.A2024226.h27v08.061.2024228074547.hdf,VERIFIED_NO_HASH,"Valid Header, No Remote Checksum Available",429807,PASS (Structure Only)
MYD11A1.A2024221.h29v08.061.2024228003141.hdf,VERIFIED_NO_HASH,"Valid Header, No Remote Checksum Available",448391,PASS (Structure Only)
MYD11A1.A2024222.h30v08.061.2024228030016.hdf,VERIFIED_NO_HASH,"Valid Header, No Remote Checksum Available",261836,PASS (Structure Only)
MYD11A1.A2024226.h30v08.061.2024228074433.hdf,VERIFIED_NO_HASH,"Valid Header, No Remote Checksum Available",338135,PASS (Structure Only)
MYD11A1.A2024223.h28v08.061.2024228032639.hdf,VERIFIED_NO_HASH,"Valid Header, No Remote Checksum Available",459376,PASS (Structure Only)
MYD11A1.A2024223.h30v08.061.2024228032500.hdf,VERIFIED_NO_HASH,"Valid Header, No Remote Checksum Available",730960,PASS (Structure Only)
MYD11A1.A2024219.h30v08.061.2024222080040.hdf,VERIFIED_NO_HASH,"Valid Header, No Remote Checksum Available",229229,PASS (Structure Only)
MYD11A1.A2024227.h30v08.061.2024229232624.hdf,VERIFIED_NO_HASH,"Valid Header, No Remote Checksum Available",659517,PASS (Structure Only)
MYD11A1.A2024227.h28v08.061.2024229232630.hdf,VERIFIED_NO_HASH,"Valid Header, No Remote Checksum Available",700914,PASS (Structure Only)
MYD11A1.A2024226.h29v08.061.2024228074629.hdf,VERIFIED_NO_HASH,"Valid Header, No Remote Checksum Available",1148366,PASS (Structure Only)
MYD11A1.A2024227.h27v08.061.2024229232529.hdf,VERIFIED_NO_HASH,"Valid Header, No Remote Checksum Available",469378,PASS (Structure Only)
MYD11A1.A2024228.h28v08.061.2024229234733.hdf,VERIFIED_NO_HASH,"Valid Header, No Remote Checksum Available",680542,PASS (Structure Only)
MYD11A1.A2024225.h27v08.061.2024228060732.hdf,VERIFIED_NO_HASH,"Valid Header, No Remote Checksum Available",915082,PASS (Structure Only)
MYD11A1.A2024229.h27v08.061.2024230172842.hdf,VERIFIED_NO_HASH,"Valid Header, No Remote Checksum Available",236124,PASS (Structure Only)
MYD11A1.A2024225.h29v08.061.2024228060635.hdf,VERIFIED_NO_HASH,"Valid Header, No Remote Checksum Available",575942,PASS (Structure Only)
MYD11A1.A2024225.h30v08.061.2024228060629.hdf,VERIFIED_NO_HASH,"Valid Header, No Remote Checksum Available",779604,PASS (Structure Only)
MYD11A1.A2024226.h28v08.061.2024228074523.hdf,VERIFIED_NO_HASH,"Valid Header, No Remote Checksum Available",303736,PASS (Structure Only)
MYD11A1.A2024228.h27v08.061.2024229234715.hdf,VERIFIED_NO_HASH,"Valid Header, No Remote Checksum Available",599325,PASS (Structure Only)
MYD11A1.A2024228.h30v08.061.2024229234745.hdf,VERIFIED_NO_HASH,"Valid Header, No Remote Checksum Available",1075360,PASS (Structure Only)
MYD11A1.A2024229.h29v08.061.2024230172913.hdf,VERIFIED_NO_HASH,"Valid Header, No Remote Checksum Available",1877374,PASS (Structure Only)
MYD11A1.A2024230.h28v08.061.2024234162159.hdf,VERIFIED_NO_HASH,"Valid Header, No Remote Checksum Available",955128,PASS (Structure Only)
MYD11A1.A2024230.h30v08.061.2024234162420.hdf,VERIFIED_NO_HASH,"Valid Header, No Remote Checksum Available",681921,PASS (Structure Only)
MYD11A1.A2024231.h27v08.061.2024234165257.hdf,VERIFIED_NO_HASH,"Valid Header, No Remote Checksum Available",230865,PASS (Structure Only)
MYD11A1.A2024231.h29v08.061.2024234164935.hdf,VERIFIED_NO_HASH,"Valid Header, No Remote Checksum Available",1743673,PASS (Structure Only)
MYD11A1.A2024229.h28v08.061.2024230172850.hdf,VERIFIED_NO_HASH,"Valid Header, No Remote Checksum Available",271869,PASS (Structure Only)
MYD11A1.A2024231.h28v08.061.2024234164834.hdf,VERIFIED_NO_HASH,"Valid Header, No Remote Checksum Available",407357,PASS (Structure Only)
MYD11A1.A2024232.h27v08.061.2024234200443.hdf,VERIFIED_NO_HASH,"Valid Header, No Remote Checksum Available",401048,PASS (Structure Only)
MYD11A1.A2024232.h30v08.061.2024234200439.hdf,VERIFIED_NO_HASH,"Valid Header, No Remote Checksum Available",1024644,PASS (Structure Only)
MYD11A1.A2024227.h29v08.061.2024229232606.hdf,VERIFIED_NO_HASH,"Valid Header, No Remote Checksum Available",702300,PASS (Structure Only)
MYD11A1.A2024228.h29v08.061.2024229234752.hdf,VERIFIED_NO_HASH,"Valid Header, No Remote Checksum Available",961852,PASS (Structure Only)
MYD11A1.A2024222.h28v08.061.2024228025943.hdf,VERIFIED_NO_HASH,"Valid Header, No Remote Checksum Available",604061,PASS (Structure Only)
MYD11A1.A2024223.h27v08.061.2024228032430.hdf,VERIFIED_NO_HASH,"Valid Header, No Remote Checksum Available",719818,PASS (Structure Only)
MYD11A1.A2024224.h28v08.061.2024228051956.hdf,VERIFIED_NO_HASH,"Valid Header, No Remote Checksum Available",319664,PASS (Structure Only)
MYD11A1.A2024229.h30v08.061.2024230172917.hdf,VERIFIED_NO_HASH,"Valid Header, No Remote Checksum Available",718999,PASS (Structure Only)
MYD11A1.A2024235.h29v08.061.2024240010132.hdf,VERIFIED_NO_HASH,"Valid Header, No Remote Checksum Available",251713,PASS (Structure Only)
MYD11A1.A2024235.h28v08.061.2024240010057.hdf,VERIFIED_NO_HASH,"Valid Header, No Remote Checksum Available",592860,PASS (Structure Only)
MYD11A1.A2024235.h27v08.061.2024240010054.hdf,VERIFIED_NO_HASH,"Valid Header, No Remote Checksum Available",608276,PASS (Structure Only)
MYD11A1.A2024236.h27v08.061.2024240011111.hdf,VERIFIED_NO_HASH,"Valid Header, No Remote Checksum Available",216129,PASS (Structure Only)
MYD11A1.A2024236.h30v08.061.2024240011157.hdf,VERIFIED_NO_HASH,"Valid Header, No Remote Checksum Available",232705,PASS (Structure Only)
MYD11A1.A2024207.h28v08.061.2024209090108.hdf,VERIFIED_NO_HASH,"Valid Header, No Remote Checksum Available",385704,PASS (Structure Only)
MYD11A1.A2024236.h29v08.061.2024240011118.hdf,VERIFIED_NO_HASH,"Valid Header, No Remote Checksum Available",539145,PASS (Structure Only)
MYD11A1.A2024206.h29v08.061.2024209082205.hdf,VERIFIED_NO_HASH,"Valid Header, No Remote Checksum Available",928858,PASS (Structure Only)
MYD11A1.A2024234.h30v08.061.2024235202229.hdf,VERIFIED_NO_HASH,"Valid Header, No Remote Checksum Available",346446,PASS (Structure Only)
MYD11A1.A2024233.h27v08.061.2024234211120.hdf,VERIFIED_NO_HASH,"Valid Header, No Remote Checksum Available",216768,PASS (Structure Only)
MYD11A1.A2024234.h27v08.061.2024235204643.hdf,VERIFIED_NO_HASH,"Valid Header, No Remote Checksum Available",219576,PASS (Structure Only)
MYD11A1.A2024234.h28v08.061.2024235204237.hdf,VERIFIED_NO_HASH,"Valid Header, No Remote Checksum Available",448088,PASS (Structure Only)
MYD11A1.A2024237.h30v08.061.2024240042915.hdf,VERIFIED_NO_HASH,"Valid Header, No Remote Checksum Available",264067,PASS (Structure Only)
MYD11A1.A2024233.h29v08.061.2024234211148.hdf,VERIFIED_NO_HASH,"Valid Header, No Remote Checksum Available",1034720,PASS (Structure Only)
MYD11A1.A2024231.h30v08.061.2024234164913.hdf,VERIFIED_NO_HASH,"Valid Header, No Remote Checksum Available",376817,PASS (Structure Only)
MYD11A1.A2024239.h29v08.061.2024241211224.hdf,VERIFIED_NO_HASH,"Valid Header, No Remote Checksum Available",309825,PASS (Structure Only)
MYD11A1.A2024237.h29v08.061.2024240042850.hdf,VERIFIED_NO_HASH,"Valid Header, No Remote Checksum Available",245767,PASS (Structure Only)
MYD11A1.A2024236.h28v08.061.2024240011059.hdf,VERIFIED_NO_HASH,"Valid Header, No Remote Checksum Available",275410,PASS (Structure Only)
MYD11A1.A2024239.h27v08.061.2024241211256.hdf,VERIFIED_NO_HASH,"Valid Header, No Remote Checksum Available",254042,PASS (Structure Only)
MYD11A1.A2024232.h28v08.061.2024234200753.hdf,VERIFIED_NO_HASH,"Valid Header, No Remote Checksum Available",827826,PASS (Structure Only)
MYD11A1.A2024234.h29v08.061.2024235202633.hdf,VERIFIED_NO_HASH,"Valid Header, No Remote Checksum Available",477267,PASS (Structure Only)
MYD11A1.A2024235.h30v08.061.2024240010055.hdf,VERIFIED_NO_HASH,"Valid Header, No Remote Checksum Available",393291,PASS (Structure Only)
MYD11A1.A2024233.h28v08.061.2024234211159.hdf,VERIFIED_NO_HASH,"Valid Header, No Remote Checksum Available",222773,PASS (Structure Only)
MYD11A1.A2024230.h29v08.061.2024234162231.hdf,VERIFIED_NO_HASH,"Valid Header, No Remote Checksum Available",1540037,PASS (Structure Only)
MYD11A1.A2024230.h27v08.061.2024234162409.hdf,VERIFIED_NO_HASH,"Valid Header, No Remote Checksum Available",387446,PASS (Structure Only)
MYD11A1.A2024240.h28v08.061.2024241220852.hdf,VERIFIED_NO_HASH,"Valid Header, No Remote Checksum Available",331713,PASS (Structure Only)
MYD11A1.A2024241.h27v08.061.2024242184749.hdf,VERIFIED_NO_HASH,"Valid Header, No Remote Checksum Available",236574,PASS (Structure Only)
MYD11A1.A2024241.h30v08.061.2024242184813.hdf,VERIFIED_NO_HASH,"Valid Header, No Remote Checksum Available",265767,PASS (Structure Only)
MYD11A1.A2024238.h28v08.061.2024240044811.hdf,VERIFIED_NO_HASH,"Valid Header, No Remote Checksum Available",291142,PASS (Structure Only)
MYD11A1.A2024239.h30v08.061.2024241211526.hdf,VERIFIED_NO_HASH,"Valid Header, No Remote Checksum Available",436900,PASS (Structure Only)
MYD11A1.A2024240.h30v08.061.2024241220851.hdf,VERIFIED_NO_HASH,"Valid Header, No Remote Checksum Available",480747,PASS (Structure Only)
MYD11A1.A2024238.h27v08.061.2024240044720.hdf,VERIFIED_NO_HASH,"Valid Header, No Remote Checksum Available",306985,PASS (Structure Only)
MYD11A1.A2024233.h30v08.061.2024234211148.hdf,VERIFIED_NO_HASH,"Valid Header, No Remote Checksum Available",429459,PASS (Structure Only)
MYD11A1.A2024242.h29v08.061.2024243181209.hdf,VERIFIED_NO_HASH,"Valid Header, No Remote Checksum Available",220877,PASS (Structure Only)
MYD11A1.A2024242.h30v08.061.2024243181150.hdf,VERIFIED_NO_HASH,"Valid Header, No Remote Checksum Available",225085,PASS (Structure Only)
MYD11A1.A2024240.h27v08.061.2024241220935.hdf,VERIFIED_NO_HASH,"Valid Header, No Remote Checksum Available",223202,PASS (Structure Only)
MYD11A1.A2024240.h29v08.061.2024241220909.hdf,VERIFIED_NO_HASH,"Valid Header, No Remote Checksum Available",312682,PASS (Structure Only)
MYD11A1.A2024242.h28v08.061.2024243181137.hdf,VERIFIED_NO_HASH,"Valid Header, No Remote Checksum Available",537446,PASS (Structure Only)
MYD11A1.A2024238.h29v08.061.2024240044752.hdf,VERIFIED_NO_HASH,"Valid Header, No Remote Checksum Available",758936,PASS (Structure Only)
MYD11A1.A2024244.h27v08.061.2024247232906.hdf,VERIFIED_NO_HASH,"Valid Header, No Remote Checksum Available",391550,PASS (Structure Only)
MYD11A1.A2024239.h28v08.061.2024241211508.hdf,VERIFIED_NO_HASH,"Valid Header, No Remote Checksum Available",292677,PASS (Structure Only)
MYD11A1.A2024243.h30v08.061.2024247221507.hdf,VERIFIED_NO_HASH,"Valid Header, No Remote Checksum Available",238461,PASS (Structure Only)
MYD11A1.A2024243.h28v08.061.2024247221158.hdf,VERIFIED_NO_HASH,"Valid Header, No Remote Checksum Available",275715,PASS (Structure Only)
MYD11A1.A2024241.h28v08.061.2024242184551.hdf,VERIFIED_NO_HASH,"Valid Header, No Remote Checksum Available",239243,PASS (Structure Only)
MYD11A1.A2024241.h29v08.061.2024242184653.hdf,VERIFIED_NO_HASH,"Valid Header, No Remote Checksum Available",1054643,PASS (Structure Only)
MYD11A1.A2024243.h29v08.061.2024247221411.hdf,VERIFIED_NO_HASH,"Valid Header, No Remote Checksum Available",618617,PASS (Structure Only)
MYD11A1.A2024243.h27v08.061.2024247221319.hdf,VERIFIED_NO_HASH,"Valid Header, No Remote Checksum Available",416054,PASS (Structure Only)
MYD11A1.A2024238.h30v08.061.2024240044759.hdf,VERIFIED_NO_HASH,"Valid Header, No Remote Checksum Available",341067,PASS (Structure Only)
MYD11A1.A2024245.h28v08.061.2024249234841.hdf,VERIFIED_NO_HASH,"Valid Header, No Remote Checksum Available",491700,PASS (Structure Only)
MYD11A1.A2024245.h29v08.061.2024250000246.hdf,VERIFIED_NO_HASH,"Valid Header, No Remote Checksum Available",338717,PASS (Structure Only)
MYD11A1.A2024246.h29v08.061.2024250002202.hdf,VERIFIED_NO_HASH,"Valid Header, No Remote Checksum Available",1170277,PASS (Structure Only)
MYD11A1.A2024247.h30v08.061.2024250025925.hdf,VERIFIED_NO_HASH,"Valid Header, No Remote Checksum Available",538595,PASS (Structure Only)
MYD11A1.A2024246.h30v08.061.2024250002629.hdf,VERIFIED_NO_HASH,"Valid Header, No Remote Checksum Available",268395,PASS (Structure Only)
MYD11A1.A2024237.h27v08.061.2024240042921.hdf,VERIFIED_NO_HASH,"Valid Header, No Remote Checksum Available",258553,PASS (Structure Only)
MYD11A1.A2024232.h29v08.061.2024234201122.hdf,VERIFIED_NO_HASH,"Valid Header, No Remote Checksum Available",645144,PASS (Structure Only)
MYD11A1.A2024244.h28v08.061.2024247231312.hdf,VERIFIED_NO_HASH,"Valid Header, No Remote Checksum Available",361570,PASS (Structure Only)
MYD11A1.A2024244.h30v08.061.2024247230837.hdf,VERIFIED_NO_HASH,"Valid Header, No Remote Checksum Available",230335,PASS (Structure Only)
MYD11A1.A2024248.h30v08.061.2024250031823.hdf,VERIFIED_NO_HASH,"Valid Header, No Remote Checksum Available",375022,PASS (Structure Only)
MYD11A1.A2024248.h28v08.061.2024250031906.hdf,VERIFIED_NO_HASH,"Valid Header, No Remote Checksum Available",279481,PASS (Structure Only)
MYD11A1.A2024247.h27v08.061.2024250030030.hdf,VERIFIED_NO_HASH,"Valid Header, No Remote Checksum Available",340270,PASS (Structure Only)
MYD11A1.A2024247.h28v08.061.2024250025916.hdf,VERIFIED_NO_HASH,"Valid Header, No Remote Checksum Available",419296,PASS (Structure Only)
MYD11A1.A2024246.h27v08.061.2024250002840.hdf,VERIFIED_NO_HASH,"Valid Header, No Remote Checksum Available",236245,PASS (Structure Only)
MYD11A1.A2024247.h29v08.061.2024250025915.hdf,VERIFIED_NO_HASH,"Valid Header, No Remote Checksum Available",288884,PASS (Structure Only)
MYD11A1.A2024246.h28v08.061.2024250002121.hdf,VERIFIED_NO_HASH,"Valid Header, No Remote Checksum Available",538510,PASS (Structure Only)
MYD11A1.A2024248.h27v08.061.2024250032030.hdf,VERIFIED_NO_HASH,"Valid Header, No Remote Checksum Available",349300,PASS (Structure Only)
MYD11A1.A2024249.h30v08.061.2024250181940.hdf,VERIFIED_NO_HASH,"Valid Header, No Remote Checksum Available",473306,PASS (Structure Only)
MYD11A1.A2024250.h30v08.061.2024251191336.hdf,VERIFIED_NO_HASH,"Valid Header, No Remote Checksum Available",627713,PASS (Structure Only)
MYD11A1.A2024249.h27v08.061.2024250182040.hdf,VERIFIED_NO_HASH,"Valid Header, No Remote Checksum Available",239034,PASS (Structure Only)
MYD11A1.A2024251.h27v08.061.2024252185026.hdf,VERIFIED_NO_HASH,"Valid Header, No Remote Checksum Available",224194,PASS (Structure Only)
MYD11A1.A2024250.h28v08.061.2024251191508.hdf,VERIFIED_NO_HASH,"Valid Header, No Remote Checksum Available",372313,PASS (Structure Only)
MYD11A1.A2024250.h27v08.061.2024251191316.hdf,VERIFIED_NO_HASH,"Valid Header, No Remote Checksum Available",305696,PASS (Structure Only)
MYD11A1.A2024251.h30v08.061.2024252185038.hdf,VERIFIED_NO_HASH,"Valid Header, No Remote Checksum Available",599308,PASS (Structure Only)
MYD11A1.A2024250.h29v08.061.2024251191427.hdf,VERIFIED_NO_HASH,"Valid Header, No Remote Checksum Available",2247358,PASS (Structure Only)
MYD11A1.A2024252.h29v08.061.2024253185101.hdf,VERIFIED_NO_HASH,"Valid Header, No Remote Checksum Available",1050134,PASS (Structure Only)
MYD11A1.A2024249.h29v08.061.2024250181913.hdf,VERIFIED_NO_HASH,"Valid Header, No Remote Checksum Available",456036,PASS (Structure Only)
MYD11A1.A2024249.h28v08.061.2024250181720.hdf,VERIFIED_NO_HASH,"Valid Header, No Remote Checksum Available",387575,PASS (Structure Only)
MYD11A1.A2024248.h29v08.061.2024250032211.hdf,VERIFIED_NO_HASH,"Valid Header, No Remote Checksum Available",1262857,PASS (Structure Only)
MYD11A1.A2024253.h27v08.061.2024254194357.hdf,VERIFIED_NO_HASH,"Valid Header, No Remote Checksum Available",269590,PASS (Structure Only)
MYD11A1.A2024253.h30v08.061.2024254194105.hdf,VERIFIED_NO_HASH,"Valid Header, No Remote Checksum Available",376116,PASS (Structure Only)
MYD11A1.A2024252.h28v08.061.2024253185207.hdf,VERIFIED_NO_HASH,"Valid Header, No Remote Checksum Available",355673,PASS (Structure Only)
MYD11A1.A2024253.h28v08.061.2024254194007.hdf,VERIFIED_NO_HASH,"Valid Header, No Remote Checksum Available",230469,PASS (Structure Only)
MYD11A1.A2024252.h30v08.061.2024253185129.hdf,VERIFIED_NO_HASH,"Valid Header, No Remote Checksum Available",1047268,PASS (Structure Only)
MYD11A1.A2024254.h27v08.061.2024256164938.hdf,VERIFIED_NO_HASH,"Valid Header, No Remote Checksum Available",276539,PASS (Structure Only)
MYD11A1.A2024254.h28v08.061.2024256164736.hdf,VERIFIED_NO_HASH,"Valid Header, No Remote Checksum Available",303306,PASS (Structure Only)
MYD11A1.A2024253.h29v08.061.2024254194138.hdf,VERIFIED_NO_HASH,"Valid Header, No Remote Checksum Available",1072949,PASS (Structure Only)
MYD11A1.A2024242.h27v08.061.2024243181045.hdf,VERIFIED_NO_HASH,"Valid Header, No Remote Checksum Available",533000,PASS (Structure Only)
MYD11A1.A2024256.h27v08.061.2024258080931.hdf,VERIFIED_NO_HASH,"Valid Header, No Remote Checksum Available",220623,PASS (Structure Only)
MYD11A1.A2024255.h28v08.061.2024258075957.hdf,VERIFIED_NO_HASH,"Valid Header, No Remote Checksum Available",365026,PASS (Structure Only)
MYD11A1.A2024254.h29v08.061.2024256165040.hdf,VERIFIED_NO_HASH,"Valid Header, No Remote Checksum Available",662302,PASS (Structure Only)
MYD11A1.A2024256.h28v08.061.2024258081228.hdf,VERIFIED_NO_HASH,"Valid Header, No Remote Checksum Available",296358,PASS (Structure Only)
MYD11A1.A2024244.h29v08.061.2024247231407.hdf,VERIFIED_NO_HASH,"Valid Header, No Remote Checksum Available",582367,PASS (Structure Only)
MYD11A1.A2024245.h30v08.061.2024249234707.hdf,VERIFIED_NO_HASH,"Valid Header, No Remote Checksum Available",359426,PASS (Structure Only)
MYD11A1.A2024256.h30v08.061.2024258081239.hdf,VERIFIED_NO_HASH,"Valid Header, No Remote Checksum Available",271244,PASS (Structure Only)
MYD11A1.A2024252.h27v08.061.2024253185233.hdf,VERIFIED_NO_HASH,"Valid Header, No Remote Checksum Available",270069,PASS (Structure Only)
MYD11A1.A2024251.h29v08.061.2024252185106.hdf,VERIFIED_NO_HASH,"Valid Header, No Remote Checksum Available",1685489,PASS (Structure Only)
MYD11A1.A2024258.h30v08.061.2024259180750.hdf,VERIFIED_NO_HASH,"Valid Header, No Remote Checksum Available",241696,PASS (Structure Only)
MYD11A1.A2024257.h29v08.061.2024258202656.hdf,VERIFIED_NO_HASH,"Valid Header, No Remote Checksum Available",664109,PASS (Structure Only)
MYD11A1.A2024257.h30v08.061.2024258202632.hdf,VERIFIED_NO_HASH,"Valid Header, No Remote Checksum Available",418752,PASS (Structure Only)
MYD11A1.A2024258.h28v08.061.2024259180742.hdf,VERIFIED_NO_HASH,"Valid Header, No Remote Checksum Available",326516,PASS (Structure Only)
MYD11A1.A2024258.h27v08.061.2024259180826.hdf,VERIFIED_NO_HASH,"Valid Header, No Remote Checksum Available",229319,PASS (Structure Only)
MYD11A1.A2024251.h28v08.061.2024252184947.hdf,VERIFIED_NO_HASH,"Valid Header, No Remote Checksum Available",464342,PASS (Structure Only)
MYD11A1.A2024259.h28v08.061.2024261220229.hdf,VERIFIED_NO_HASH,"Valid Header, No Remote Checksum Available",329547,PASS (Structure Only)
MYD11A1.A2024258.h29v08.061.2024259180804.hdf,VERIFIED_NO_HASH,"Valid Header, No Remote Checksum Available",1158157,PASS (Structure Only)
MYD11A1.A2024260.h30v08.061.2024261220718.hdf,VERIFIED_NO_HASH,"Valid Header, No Remote Checksum Available",398335,PASS (Structure Only)
MYD11A1.A2024260.h27v08.061.2024261220735.hdf,VERIFIED_NO_HASH,"Valid Header, No Remote Checksum Available",290983,PASS (Structure Only)
MYD11A1.A2024259.h27v08.061.2024261220148.hdf,VERIFIED_NO_HASH,"Valid Header, No Remote Checksum Available",361168,PASS (Structure Only)
MYD11A1.A2024259.h29v08.061.2024261220142.hdf,VERIFIED_NO_HASH,"Valid Header, No Remote Checksum Available",461064,PASS (Structure Only)
MYD11A1.A2024259.h30v08.061.2024261220130.hdf,VERIFIED_NO_HASH,"Valid Header, No Remote Checksum Available",373435,PASS (Structure Only)
MYD11A1.A2024262.h29v08.061.2024268002859.hdf,VERIFIED_NO_HASH,"Valid Header, No Remote Checksum Available",503416,PASS (Structure Only)
MYD11A1.A2024255.h27v08.061.2024258075950.hdf,VERIFIED_NO_HASH,"Valid Header, No Remote Checksum Available",302025,PASS (Structure Only)
MYD11A1.A2024254.h30v08.061.2024256164816.hdf,VERIFIED_NO_HASH,"Valid Header, No Remote Checksum Available",524534,PASS (Structure Only)
MYD11A1.A2024255.h30v08.061.2024258080050.hdf,VERIFIED_NO_HASH,"Valid Header, No Remote Checksum Available",382313,PASS (Structure Only)
MYD11A1.A2024255.h29v08.061.2024258080043.hdf,VERIFIED_NO_HASH,"Valid Header, No Remote Checksum Available",1606270,PASS (Structure Only)
MYD11A1.A2024257.h28v08.061.2024258202704.hdf,VERIFIED_NO_HASH,"Valid Header, No Remote Checksum Available",510913,PASS (Structure Only)
MYD11A1.A2024257.h27v08.061.2024258202650.hdf,VERIFIED_NO_HASH,"Valid Header, No Remote Checksum Available",314533,PASS (Structure Only)
MYD11A1.A2024256.h29v08.061.2024258081008.hdf,VERIFIED_NO_HASH,"Valid Header, No Remote Checksum Available",1038608,PASS (Structure Only)
MYD11A1.A2024263.h29v08.061.2024268005300.hdf,VERIFIED_NO_HASH,"Valid Header, No Remote Checksum Available",836751,PASS (Structure Only)
MYD11A1.A2024245.h27v08.061.2024249235143.hdf,VERIFIED_NO_HASH,"Valid Header, No Remote Checksum Available",595651,PASS (Structure Only)
MYD11A1.A2024264.h29v08.061.2024268031345.hdf,VERIFIED_NO_HASH,"Valid Header, No Remote Checksum Available",301842,PASS (Structure Only)
MYD11A1.A2024264.h28v08.061.2024268031527.hdf,VERIFIED_NO_HASH,"Valid Header, No Remote Checksum Available",425551,PASS (Structure Only)
MYD11A1.A2024264.h27v08.061.2024268031424.hdf,VERIFIED_NO_HASH,"Valid Header, No Remote Checksum Available",242631,PASS (Structure Only)
MYD11A1.A2024265.h28v08.061.2024268032249.hdf,VERIFIED_NO_HASH,"Valid Header, No Remote Checksum Available",229099,PASS (Structure Only)
MYD11A1.A2024265.h27v08.061.2024268032201.hdf,VERIFIED_NO_HASH,"Valid Header, No Remote Checksum Available",262335,PASS (Structure Only)
MYD11A1.A2024266.h30v08.061.2024268050051.hdf,VERIFIED_NO_HASH,"Valid Header, No Remote Checksum Available",789113,PASS (Structure Only)
MYD11A1.A2024264.h30v08.061.2024268031451.hdf,VERIFIED_NO_HASH,"Valid Header, No Remote Checksum Available",348127,PASS (Structure Only)
MYD11A1.A2024263.h27v08.061.2024268005220.hdf,VERIFIED_NO_HASH,"Valid Header, No Remote Checksum Available",248513,PASS (Structure Only)
MYD11A1.A2024262.h28v08.061.2024268002740.hdf,VERIFIED_NO_HASH,"Valid Header, No Remote Checksum Available",467283,PASS (Structure Only)
MYD11A1.A2024261.h30v08.061.2024262182205.hdf,VERIFIED_NO_HASH,"Valid Header, No Remote Checksum Available",255583,PASS (Structure Only)
MYD11A1.A2024261.h28v08.061.2024262182145.hdf,VERIFIED_NO_HASH,"Valid Header, No Remote Checksum Available",252709,PASS (Structure Only)
MYD11A1.A2024261.h27v08.061.2024262182009.hdf,VERIFIED_NO_HASH,"Valid Header, No Remote Checksum Available",216654,PASS (Structure Only)
MYD11A1.A2024261.h29v08.061.2024262182231.hdf,VERIFIED_NO_HASH,"Valid Header, No Remote Checksum Available",510565,PASS (Structure Only)
MYD11A1.A2024267.h27v08.061.2024268192327.hdf,VERIFIED_NO_HASH,"Valid Header, No Remote Checksum Available",394869,PASS (Structure Only)
MYD11A1.A2024268.h27v08.061.2024269174543.hdf,VERIFIED_NO_HASH,"Valid Header, No Remote Checksum Available",227206,PASS (Structure Only)
MYD11A1.A2024260.h28v08.061.2024261220703.hdf,VERIFIED_NO_HASH,"Valid Header, No Remote Checksum Available",330979,PASS (Structure Only)
MYD11A1.A2024269.h29v08.061.2024270174348.hdf,VERIFIED_NO_HASH,"Valid Header, No Remote Checksum Available",233322,PASS (Structure Only)
MYD11A1.A2024260.h29v08.061.2024261220709.hdf,VERIFIED_NO_HASH,"Valid Header, No Remote Checksum Available",823942,PASS (Structure Only)
MYD11A1.A2024269.h28v08.061.2024270174453.hdf,VERIFIED_NO_HASH,"Valid Header, No Remote Checksum Available",515124,PASS (Structure Only)
MYD11A1.A2024237.h28v08.061.2024240042835.hdf,VERIFIED_NO_HASH,"Valid Header, No Remote Checksum Available",408768,PASS (Structure Only)
MYD11A1.A2024266.h29v08.061.2024268050131.hdf,VERIFIED_NO_HASH,"Valid Header, No Remote Checksum Available",587831,PASS (Structure Only)
MYD11A1.A2024267.h30v08.061.2024268191845.hdf,VERIFIED_NO_HASH,"Valid Header, No Remote Checksum Available",676761,PASS (Structure Only)
MYD11A1.A2024262.h27v08.061.2024268002815.hdf,VERIFIED_NO_HASH,"Valid Header, No Remote Checksum Available",271351,PASS (Structure Only)
MYD11A1.A2024269.h27v08.061.2024270174429.hdf,VERIFIED_NO_HASH,"Valid Header, No Remote Checksum Available",751551,PASS (Structure Only)
MYD11A1.A2024265.h30v08.061.2024268032418.hdf,VERIFIED_NO_HASH,"Valid Header, No Remote Checksum Available",365487,PASS (Structure Only)
MYD11A1.A2024270.h30v08.061.2024271173204.hdf,VERIFIED_NO_HASH,"Valid Header, No Remote Checksum Available",398950,PASS (Structure Only)
MYD11A1.A2024271.h27v08.061.2024272171947.hdf,VERIFIED_NO_HASH,"Valid Header, No Remote Checksum Available",405161,PASS (Structure Only)
MYD11A1.A2024267.h29v08.061.2024268191432.hdf,VERIFIED_NO_HASH,"Valid Header, No Remote Checksum Available",1391198,PASS (Structure Only)
MYD11A1.A2024270.h29v08.061.2024271173050.hdf,VERIFIED_NO_HASH,"Valid Header, No Remote Checksum Available",1068620,PASS (Structure Only)
MYD11A1.A2024266.h27v08.061.2024268050224.hdf,VERIFIED_NO_HASH,"Valid Header, No Remote Checksum Available",386988,PASS (Structure Only)
MYD11A1.A2024266.h28v08.061.2024268050039.hdf,VERIFIED_NO_HASH,"Valid Header, No Remote Checksum Available",550374,PASS (Structure Only)
MYD11A1.A2024262.h30v08.061.2024268005234.hdf,VERIFIED_NO_HASH,"Valid Header, No Remote Checksum Available",485747,PASS (Structure Only)
MYD11A1.A2024263.h30v08.061.2024268010515.hdf,VERIFIED_NO_HASH,"Valid Header, No Remote Checksum Available",241401,PASS (Structure Only)
MYD11A1.A2024263.h28v08.061.2024268005239.hdf,VERIFIED_NO_HASH,"Valid Header, No Remote Checksum Available",276965,PASS (Structure Only)
MYD11A1.A2024268.h29v08.061.2024269174605.hdf,VERIFIED_NO_HASH,"Valid Header, No Remote Checksum Available",1346275,PASS (Structure Only)
MYD11A1.A2024268.h30v08.061.2024269174724.hdf,VERIFIED_NO_HASH,"Valid Header, No Remote Checksum Available",268590,PASS (Structure Only)
MYD11A1.A2024271.h28v08.061.2024272171941.hdf,VERIFIED_NO_HASH,"Valid Header, No Remote Checksum Available",1194323,PASS (Structure Only)
MYD11A1.A2024272.h28v08.061.2024273174106.hdf,VERIFIED_NO_HASH,"Valid Header, No Remote Checksum Available",377367,PASS (Structure Only)
MYD11A1.A2024268.h28v08.061.2024269174808.hdf,VERIFIED_NO_HASH,"Valid Header, No Remote Checksum Available",388143,PASS (Structure Only)
MYD11A1.A2024273.h29v08.061.2024274223019.hdf,VERIFIED_NO_HASH,"Valid Header, No Remote Checksum Available",964666,PASS (Structure Only)
MYD11A1.A2024273.h27v08.061.2024274223020.hdf,VERIFIED_NO_HASH,"Valid Header, No Remote Checksum Available",259497,PASS (Structure Only)
MYD11A1.A2024272.h27v08.061.2024273174024.hdf,VERIFIED_NO_HASH,"Valid Header, No Remote Checksum Available",350242,PASS (Structure Only)
MYD11A1.A2024273.h28v08.061.2024274223042.hdf,VERIFIED_NO_HASH,"Valid Header, No Remote Checksum Available",474666,PASS (Structure Only)
MYD11A1.A2024275.h30v08.061.2024276172804.hdf,VERIFIED_NO_HASH,"Valid Header, No Remote Checksum Available",252318,PASS (Structure Only)
MYD11A1.A2024274.h27v08.061.2024276021233.hdf,VERIFIED_NO_HASH,"Valid Header, No Remote Checksum Available",462216,PASS (Structure Only)
MYD11A1.A2024272.h30v08.061.2024273174043.hdf,VERIFIED_NO_HASH,"Valid Header, No Remote Checksum Available",530052,PASS (Structure Only)
MYD11A1.A2024275.h28v08.061.2024276172745.hdf,VERIFIED_NO_HASH,"Valid Header, No Remote Checksum Available",231453,PASS (Structure Only)
MYD11A1.A2024276.h30v08.061.2024277171050.hdf,VERIFIED_NO_HASH,"Valid Header, No Remote Checksum Available",469401,PASS (Structure Only)
MYD11A1.A2024276.h29v08.061.2024277171107.hdf,VERIFIED_NO_HASH,"Valid Header, No Remote Checksum Available",248323,PASS (Structure Only)
MYD11A1.A2024274.h28v08.061.2024276021155.hdf,VERIFIED_NO_HASH,"Valid Header, No Remote Checksum Available",936252,PASS (Structure Only)
MYD11A1.A2024275.h27v08.061.2024276172801.hdf,VERIFIED_NO_HASH,"Valid Header, No Remote Checksum Available",242749,PASS (Structure Only)
MYD11A1.A2024276.h27v08.061.2024277171106.hdf,VERIFIED_NO_HASH,"Valid Header, No Remote Checksum Available",295784,PASS (Structure Only)
MYD11A1.A2024270.h28v08.061.2024271173050.hdf,VERIFIED_NO_HASH,"Valid Header, No Remote Checksum Available",256518,PASS (Structure Only)
MYD11A1.A2024270.h27v08.061.2024271173109.hdf,VERIFIED_NO_HASH,"Valid Header, No Remote Checksum Available",428717,PASS (Structure Only)
MYD11A1.A2024271.h30v08.061.2024272172006.hdf,VERIFIED_NO_HASH,"Valid Header, No Remote Checksum Available",896123,PASS (Structure Only)
MYD11A1.A2024274.h29v08.061.2024276021206.hdf,VERIFIED_NO_HASH,"Valid Header, No Remote Checksum Available",348218,PASS (Structure Only)
MYD11A1.A2024273.h30v08.061.2024274223028.hdf,VERIFIED_NO_HASH,"Valid Header, No Remote Checksum Available",490004,PASS (Structure Only)
MYD11A1.A2024272.h29v08.061.2024273174057.hdf,VERIFIED_NO_HASH,"Valid Header, No Remote Checksum Available",2103012,PASS (Structure Only)
MYD11A1.A2024274.h30v08.061.2024276021245.hdf,VERIFIED_NO_HASH,"Valid Header, No Remote Checksum Available",361343,PASS (Structure Only)
MYD11A1.A2024269.h30v08.061.2024270174436.hdf,VERIFIED_NO_HASH,"Valid Header, No Remote Checksum Available",742211,PASS (Structure Only)
MYD11A1.A2024271.h29v08.061.2024272171939.hdf,VERIFIED_NO_HASH,"Valid Header, No Remote Checksum Available",492823,PASS (Structure Only)
MYD11A1.A2024267.h28v08.061.2024268192009.hdf,VERIFIED_NO_HASH,"Valid Header, No Remote Checksum Available",285400,PASS (Structure Only)
MYD11A1.A2024275.h29v08.061.2024276172736.hdf,VERIFIED_NO_HASH,"Valid Header, No Remote Checksum Available",415513,PASS (Structure Only)
MYD11A1.A2024265.h29v08.061.2024268032300.hdf,VERIFIED_NO_HASH,"Valid Header, No Remote Checksum Available",503011,PASS (Structure Only)
MYD11A1.A2024279.h28v08.061.2024284074154.hdf,VERIFIED_NO_HASH,"Valid Header, No Remote Checksum Available",344822,PASS (Structure Only)
MYD11A1.A2024279.h30v08.061.2024284074504.hdf,VERIFIED_NO_HASH,"Valid Header, No Remote Checksum Available",598846,PASS (Structure Only)
MYD11A1.A2024279.h29v08.061.2024284073950.hdf,VERIFIED_NO_HASH,"Valid Header, No Remote Checksum Available",389009,PASS (Structure Only)
MYD11A1.A2024278.h30v08.061.2024279175721.hdf,VERIFIED_NO_HASH,"Valid Header, No Remote Checksum Available",486877,PASS (Structure Only)
MYD11A1.A2024280.h30v08.061.2024284081014.hdf,VERIFIED_NO_HASH,"Valid Header, No Remote Checksum Available",280683,PASS (Structure Only)
MYD11A1.A2024278.h29v08.061.2024279175730.hdf,VERIFIED_NO_HASH,"Valid Header, No Remote Checksum Available",450730,PASS (Structure Only)
MYD11A1.A2024278.h28v08.061.2024279175709.hdf,VERIFIED_NO_HASH,"Valid Header, No Remote Checksum Available",276016,PASS (Structure Only)
MYD11A1.A2024281.h27v08.061.2024284133335.hdf,VERIFIED_NO_HASH,"Valid Header, No Remote Checksum Available",475048,PASS (Structure Only)
MYD11A1.A2024280.h27v08.061.2024284083046.hdf,VERIFIED_NO_HASH,"Valid Header, No Remote Checksum Available",223844,PASS (Structure Only)
MYD11A1.A2024280.h28v08.061.2024284081020.hdf,VERIFIED_NO_HASH,"Valid Header, No Remote Checksum Available",281404,PASS (Structure Only)
MYD11A1.A2024277.h28v08.061.2024278173819.hdf,VERIFIED_NO_HASH,"Valid Header, No Remote Checksum Available",287365,PASS (Structure Only)
MYD11A1.A2024280.h29v08.061.2024284082159.hdf,VERIFIED_NO_HASH,"Valid Header, No Remote Checksum Available",905470,PASS (Structure Only)
MYD11A1.A2024282.h30v08.061.2024284204100.hdf,VERIFIED_NO_HASH,"Valid Header, No Remote Checksum Available",508979,PASS (Structure Only)
MYD11A1.A2024283.h28v08.061.2024284212823.hdf,VERIFIED_NO_HASH,"Valid Header, No Remote Checksum Available",281408,PASS (Structure Only)
MYD11A1.A2024282.h29v08.061.2024284204146.hdf,VERIFIED_NO_HASH,"Valid Header, No Remote Checksum Available",964873,PASS (Structure Only)
MYD11A1.A2024278.h27v08.061.2024279175726.hdf,VERIFIED_NO_HASH,"Valid Header, No Remote Checksum Available",223681,PASS (Structure Only)
MYD11A1.A2024277.h30v08.061.2024278173758.hdf,VERIFIED_NO_HASH,"Valid Header, No Remote Checksum Available",293748,PASS (Structure Only)
MYD11A1.A2024276.h28v08.061.2024277171101.hdf,VERIFIED_NO_HASH,"Valid Header, No Remote Checksum Available",551211,PASS (Structure Only)
MYD11A1.A2024284.h30v08.061.2024286000146.hdf,VERIFIED_NO_HASH,"Valid Header, No Remote Checksum Available",1124815,PASS (Structure Only)
MYD11A1.A2024285.h27v08.061.2024289191436.hdf,VERIFIED_NO_HASH,"Valid Header, No Remote Checksum Available",222411,PASS (Structure Only)
MYD11A1.A2024285.h30v08.061.2024289191848.hdf,VERIFIED_NO_HASH,"Valid Header, No Remote Checksum Available",365851,PASS (Structure Only)
MYD11A1.A2024283.h27v08.061.2024284212722.hdf,VERIFIED_NO_HASH,"Valid Header, No Remote Checksum Available",244203,PASS (Structure Only)
MYD11A1.A2024284.h27v08.061.2024286000533.hdf,VERIFIED_NO_HASH,"Valid Header, No Remote Checksum Available",359245,PASS (Structure Only)
MYD11A1.A2024285.h28v08.061.2024289191748.hdf,VERIFIED_NO_HASH,"Valid Header, No Remote Checksum Available",239828,PASS (Structure Only)
MYD11A1.A2024284.h29v08.061.2024286000148.hdf,VERIFIED_NO_HASH,"Valid Header, No Remote Checksum Available",1167240,PASS (Structure Only)
MYD11A1.A2024287.h27v08.061.2024289224021.hdf,VERIFIED_NO_HASH,"Valid Header, No Remote Checksum Available",212761,PASS (Structure Only)
MYD11A1.A2024286.h30v08.061.2024289221455.hdf,VERIFIED_NO_HASH,"Valid Header, No Remote Checksum Available",643469,PASS (Structure Only)
MYD11A1.A2024286.h27v08.061.2024289221740.hdf,VERIFIED_NO_HASH,"Valid Header, No Remote Checksum Available",222621,PASS (Structure Only)
MYD11A1.A2024283.h29v08.061.2024284212748.hdf,VERIFIED_NO_HASH,"Valid Header, No Remote Checksum Available",1015728,PASS (Structure Only)
MYD11A1.A2024283.h30v08.061.2024284213013.hdf,VERIFIED_NO_HASH,"Valid Header, No Remote Checksum Available",686731,PASS (Structure Only)
MYD11A1.A2024281.h29v08.061.2024284133327.hdf,VERIFIED_NO_HASH,"Valid Header, No Remote Checksum Available",247042,PASS (Structure Only)
MYD11A1.A2024287.h28v08.061.2024289224202.hdf,VERIFIED_NO_HASH,"Valid Header, No Remote Checksum Available",235147,PASS (Structure Only)
MYD11A1.A2024286.h29v08.061.2024289221539.hdf,VERIFIED_NO_HASH,"Valid Header, No Remote Checksum Available",645079,PASS (Structure Only)
MYD11A1.A2024288.h27v08.061.2024289235025.hdf,VERIFIED_NO_HASH,"Valid Header, No Remote Checksum Available",249279,PASS (Structure Only)
MYD11A1.A2024281.h28v08.061.2024284134934.hdf,VERIFIED_NO_HASH,"Valid Header, No Remote Checksum Available",603710,PASS (Structure Only)
MYD11A1.A2024282.h28v08.061.2024284204119.hdf,VERIFIED_NO_HASH,"Valid Header, No Remote Checksum Available",258804,PASS (Structure Only)
MYD11A1.A2024281.h30v08.061.2024284133821.hdf,VERIFIED_NO_HASH,"Valid Header, No Remote Checksum Available",669601,PASS (Structure Only)
MYD11A1.A2024282.h27v08.061.2024284204104.hdf,VERIFIED_NO_HASH,"Valid Header, No Remote Checksum Available",278688,PASS (Structure Only)
MYD11A1.A2024289.h28v08.061.2024290180449.hdf,VERIFIED_NO_HASH,"Valid Header, No Remote Checksum Available",345899,PASS (Structure Only)
MYD11A1.A2024289.h30v08.061.2024290180456.hdf,VERIFIED_NO_HASH,"Valid Header, No Remote Checksum Available",630041,PASS (Structure Only)
MYD11A1.A2024289.h27v08.061.2024290180523.hdf,VERIFIED_NO_HASH,"Valid Header, No Remote Checksum Available",256977,PASS (Structure Only)
MYD11A1.A2024290.h29v08.061.2024291184436.hdf,VERIFIED_NO_HASH,"Valid Header, No Remote Checksum Available",869621,PASS (Structure Only)
MYD11A1.A2024290.h27v08.061.2024291184613.hdf,VERIFIED_NO_HASH,"Valid Header, No Remote Checksum Available",239951,PASS (Structure Only)
MYD11A1.A2024289.h29v08.061.2024290180510.hdf,VERIFIED_NO_HASH,"Valid Header, No Remote Checksum Available",684580,PASS (Structure Only)
MYD11A1.A2024288.h30v08.061.2024289235129.hdf,VERIFIED_NO_HASH,"Valid Header, No Remote Checksum Available",657500,PASS (Structure Only)
MYD11A1.A2024290.h28v08.061.2024291184650.hdf,VERIFIED_NO_HASH,"Valid Header, No Remote Checksum Available",253317,PASS (Structure Only)
MYD11A1.A2024291.h29v08.061.2024293025709.hdf,VERIFIED_NO_HASH,"Valid Header, No Remote Checksum Available",238390,PASS (Structure Only)
MYD11A1.A2024279.h27v08.061.2024284073533.hdf,VERIFIED_NO_HASH,"Valid Header, No Remote Checksum Available",226299,PASS (Structure Only)
MYD11A1.A2024277.h27v08.061.2024278173811.hdf,VERIFIED_NO_HASH,"Valid Header, No Remote Checksum Available",251161,PASS (Structure Only)
MYD11A1.A2024290.h30v08.061.2024291184707.hdf,VERIFIED_NO_HASH,"Valid Header, No Remote Checksum Available",288652,PASS (Structure Only)
MYD11A1.A2024291.h27v08.061.2024293025548.hdf,VERIFIED_NO_HASH,"Valid Header, No Remote Checksum Available",384661,PASS (Structure Only)
MYD11A1.A2024291.h28v08.061.2024293025710.hdf,VERIFIED_NO_HASH,"Valid Header, No Remote Checksum Available",358432,PASS (Structure Only)
MYD11A1.A2024285.h29v08.061.2024289191510.hdf,VERIFIED_NO_HASH,"Valid Header, No Remote Checksum Available",1106656,PASS (Structure Only)
MYD11A1.A2024284.h28v08.061.2024286000201.hdf,VERIFIED_NO_HASH,"Valid Header, No Remote Checksum Available",356118,PASS (Structure Only)
MYD11A1.A2024277.h29v08.061.2024278173806.hdf,VERIFIED_NO_HASH,"Valid Header, No Remote Checksum Available",576079,PASS (Structure Only)
MYD11A1.A2024288.h29v08.061.2024289235130.hdf,VERIFIED_NO_HASH,"Valid Header, No Remote Checksum Available",370442,PASS (Structure Only)
MYD11A1.A2024291.h30v08.061.2024293025720.hdf,VERIFIED_NO_HASH,"Valid Header, No Remote Checksum Available",315731,PASS (Structure Only)
MYD11A1.A2024288.h28v08.061.2024289235045.hdf,VERIFIED_NO_HASH,"Valid Header, No Remote Checksum Available",265385,PASS (Structure Only)
MYD11A1.A2024292.h27v08.061.2024293222952.hdf,VERIFIED_NO_HASH,"Valid Header, No Remote Checksum Available",370360,PASS (Structure Only)
MYD11A1.A2024287.h29v08.061.2024289224338.hdf,VERIFIED_NO_HASH,"Valid Header, No Remote Checksum Available",1594591,PASS (Structure Only)
MYD11A1.A2024293.h30v08.061.2024294173024.hdf,VERIFIED_NO_HASH,"Valid Header, No Remote Checksum Available",644382,PASS (Structure Only)
MYD11A1.A2024293.h27v08.061.2024294173030.hdf,VERIFIED_NO_HASH,"Valid Header, No Remote Checksum Available",438064,PASS (Structure Only)
MYD11A1.A2024292.h29v08.061.2024293222941.hdf,VERIFIED_NO_HASH,"Valid Header, No Remote Checksum Available",530868,PASS (Structure Only)
MYD11A1.A2024294.h27v08.061.2024298003648.hdf,VERIFIED_NO_HASH,"Valid Header, No Remote Checksum Available",781386,PASS (Structure Only)
MYD11A1.A2024294.h29v08.061.2024298003335.hdf,VERIFIED_NO_HASH,"Valid Header, No Remote Checksum Available",547210,PASS (Structure Only)
MYD11A1.A2024294.h30v08.061.2024298003322.hdf,VERIFIED_NO_HASH,"Valid Header, No Remote Checksum Available",331943,PASS (Structure Only)
MYD11A1.A2024295.h27v08.061.2024298004614.hdf,VERIFIED_NO_HASH,"Valid Header, No Remote Checksum Available",429572,PASS (Structure Only)
MYD11A1.A2024293.h28v08.061.2024294173042.hdf,VERIFIED_NO_HASH,"Valid Header, No Remote Checksum Available",470891,PASS (Structure Only)
MYD11A1.A2024295.h30v08.061.2024298003806.hdf,VERIFIED_NO_HASH,"Valid Header, No Remote Checksum Available",223190,PASS (Structure Only)
MYD11A1.A2024295.h28v08.061.2024298003905.hdf,VERIFIED_NO_HASH,"Valid Header, No Remote Checksum Available",905807,PASS (Structure Only)
MYD11A1.A2024293.h29v08.061.2024294173055.hdf,VERIFIED_NO_HASH,"Valid Header, No Remote Checksum Available",378053,PASS (Structure Only)
MYD11A1.A2024296.h27v08.061.2024298005021.hdf,VERIFIED_NO_HASH,"Valid Header, No Remote Checksum Available",1224175,PASS (Structure Only)
MYD11A1.A2024295.h29v08.061.2024298004253.hdf,VERIFIED_NO_HASH,"Valid Header, No Remote Checksum Available",246736,PASS (Structure Only)
MYD11A1.A2024297.h28v08.061.2024298182728.hdf,VERIFIED_NO_HASH,"Valid Header, No Remote Checksum Available",336962,PASS (Structure Only)
MYD11A1.A2024298.h29v08.061.2024299183123.hdf,VERIFIED_NO_HASH,"Valid Header, No Remote Checksum Available",281163,PASS (Structure Only)
MYD11A1.A2024296.h30v08.061.2024298004312.hdf,VERIFIED_NO_HASH,"Valid Header, No Remote Checksum Available",371795,PASS (Structure Only)
MYD11A1.A2024292.h28v08.061.2024293223005.hdf,VERIFIED_NO_HASH,"Valid Header, No Remote Checksum Available",359272,PASS (Structure Only)
MYD11A1.A2024292.h30v08.061.2024293222956.hdf,VERIFIED_NO_HASH,"Valid Header, No Remote Checksum Available",284979,PASS (Structure Only)
MYD11A1.A2024287.h30v08.061.2024289224821.hdf,VERIFIED_NO_HASH,"Valid Header, No Remote Checksum Available",561098,PASS (Structure Only)
MYD11A1.A2024299.h29v08.061.2024300172457.hdf,VERIFIED_NO_HASH,"Valid Header, No Remote Checksum Available",1257083,PASS (Structure Only)
MYD11A1.A2024301.h30v08.061.2024302212033.hdf,VERIFIED_NO_HASH,"Valid Header, No Remote Checksum Available",423244,PASS (Structure Only)
MYD11A1.A2024297.h30v08.061.2024298182749.hdf,VERIFIED_NO_HASH,"Valid Header, No Remote Checksum Available",356788,PASS (Structure Only)
MYD11A1.A2024300.h29v08.061.2024301171649.hdf,VERIFIED_NO_HASH,"Valid Header, No Remote Checksum Available",1155113,PASS (Structure Only)
MYD11A1.A2024299.h27v08.061.2024300172425.hdf,VERIFIED_NO_HASH,"Valid Header, No Remote Checksum Available",316813,PASS (Structure Only)
MYD11A1.A2024300.h27v08.061.2024301171655.hdf,VERIFIED_NO_HASH,"Valid Header, No Remote Checksum Available",264975,PASS (Structure Only)
MYD11A1.A2024298.h28v08.061.2024299183531.hdf,VERIFIED_NO_HASH,"Valid Header, No Remote Checksum Available",660280,PASS (Structure Only)
MYD11A1.A2024299.h30v08.061.2024300172545.hdf,VERIFIED_NO_HASH,"Valid Header, No Remote Checksum Available",476655,PASS (Structure Only)
MYD11A1.A2024299.h28v08.061.2024300172508.hdf,VERIFIED_NO_HASH,"Valid Header, No Remote Checksum Available",305835,PASS (Structure Only)
MYD11A1.A2024296.h29v08.061.2024298004817.hdf,VERIFIED_NO_HASH,"Valid Header, No Remote Checksum Available",269259,PASS (Structure Only)
MYD11A1.A2024298.h30v08.061.2024299183555.hdf,VERIFIED_NO_HASH,"Valid Header, No Remote Checksum Available",412241,PASS (Structure Only)
MYD11A1.A2024296.h28v08.061.2024298005131.hdf,VERIFIED_NO_HASH,"Valid Header, No Remote Checksum Available",1163768,PASS (Structure Only)
MYD11A1.A2024297.h29v08.061.2024298182727.hdf,VERIFIED_NO_HASH,"Valid Header, No Remote Checksum Available",936427,PASS (Structure Only)
MYD11A1.A2024301.h27v08.061.2024302212200.hdf,VERIFIED_NO_HASH,"Valid Header, No Remote Checksum Available",764472,PASS (Structure Only)
MYD11A1.A2024301.h29v08.061.2024302211959.hdf,VERIFIED_NO_HASH,"Valid Header, No Remote Checksum Available",1825549,PASS (Structure Only)
MYD11A1.A2024302.h28v08.061.2024304012612.hdf,VERIFIED_NO_HASH,"Valid Header, No Remote Checksum Available",592818,PASS (Structure Only)
MYD11A1.A2024301.h28v08.061.2024302215652.hdf,VERIFIED_NO_HASH,"Valid Header, No Remote Checksum Available",1108296,PASS (Structure Only)
MYD11A1.A2024302.h29v08.061.2024304023548.hdf,VERIFIED_NO_HASH,"Valid Header, No Remote Checksum Available",1995898,PASS (Structure Only)
MYD11A1.A2024304.h29v08.061.2024306212649.hdf,VERIFIED_NO_HASH,"Valid Header, No Remote Checksum Available",1047223,PASS (Structure Only)
MYD11A1.A2024303.h28v08.061.2024305055836.hdf,VERIFIED_NO_HASH,"Valid Header, No Remote Checksum Available",631307,PASS (Structure Only)
MYD11A1.A2024304.h27v08.061.2024306212408.hdf,VERIFIED_NO_HASH,"Valid Header, No Remote Checksum Available",715790,PASS (Structure Only)
MYD11A1.A2024294.h28v08.061.2024298003545.hdf,VERIFIED_NO_HASH,"Valid Header, No Remote Checksum Available",406367,PASS (Structure Only)
MYD11A1.A2024300.h30v08.061.2024301171723.hdf,VERIFIED_NO_HASH,"Valid Header, No Remote Checksum Available",408236,PASS (Structure Only)
MYD11A1.A2024303.h30v08.061.2024305060010.hdf,VERIFIED_NO_HASH,"Valid Header, No Remote Checksum Available",562909,PASS (Structure Only)
MYD11A1.A2024305.h30v08.061.2024306213120.hdf,VERIFIED_NO_HASH,"Valid Header, No Remote Checksum Available",643838,PASS (Structure Only)
MYD11A1.A2024303.h27v08.061.2024305055739.hdf,VERIFIED_NO_HASH,"Valid Header, No Remote Checksum Available",314683,PASS (Structure Only)
MYD11A1.A2024303.h29v08.061.2024305055958.hdf,VERIFIED_NO_HASH,"Valid Header, No Remote Checksum Available",334568,PASS (Structure Only)
MYD11A1.A2024300.h28v08.061.2024301171708.hdf,VERIFIED_NO_HASH,"Valid Header, No Remote Checksum Available",672517,PASS (Structure Only)
MYD11A1.A2024306.h30v08.061.2024310043840.hdf,VERIFIED_NO_HASH,"Valid Header, No Remote Checksum Available",1037618,PASS (Structure Only)
MYD11A1.A2024286.h28v08.061.2024289222342.hdf,VERIFIED_NO_HASH,"Valid Header, No Remote Checksum Available",479984,PASS (Structure Only)
MYD11A1.A2024302.h30v08.061.2024304013329.hdf,VERIFIED_NO_HASH,"Valid Header, No Remote Checksum Available",392548,PASS (Structure Only)
MYD11A1.A2024302.h27v08.061.2024304012900.hdf,VERIFIED_NO_HASH,"Valid Header, No Remote Checksum Available",406502,PASS (Structure Only)
MYD11A1.A2024306.h28v08.061.2024310042431.hdf,VERIFIED_NO_HASH,"Valid Header, No Remote Checksum Available",942739,PASS (Structure Only)
MYD11A1.A2024306.h29v08.061.2024310042216.hdf,VERIFIED_NO_HASH,"Valid Header, No Remote Checksum Available",766555,PASS (Structure Only)
MYD11A1.A2024308.h27v08.061.2024310062709.hdf,VERIFIED_NO_HASH,"Valid Header, No Remote Checksum Available",513819,PASS (Structure Only)
MYD11A1.A2024308.h30v08.061.2024310062638.hdf,VERIFIED_NO_HASH,"Valid Header, No Remote Checksum Available",675595,PASS (Structure Only)
MYD11A1.A2024308.h29v08.061.2024310062615.hdf,VERIFIED_NO_HASH,"Valid Header, No Remote Checksum Available",358676,PASS (Structure Only)
MYD11A1.A2024307.h28v08.061.2024310043310.hdf,VERIFIED_NO_HASH,"Valid Header, No Remote Checksum Available",282986,PASS (Structure Only)
MYD11A1.A2024305.h27v08.061.2024306213331.hdf,VERIFIED_NO_HASH,"Valid Header, No Remote Checksum Available",364676,PASS (Structure Only)
MYD11A1.A2024307.h29v08.061.2024310043306.hdf,VERIFIED_NO_HASH,"Valid Header, No Remote Checksum Available",1824208,PASS (Structure Only)
MYD11A1.A2024309.h30v08.061.2024310202536.hdf,VERIFIED_NO_HASH,"Valid Header, No Remote Checksum Available",367322,PASS (Structure Only)
MYD11A1.A2024307.h30v08.061.2024310051530.hdf,VERIFIED_NO_HASH,"Valid Header, No Remote Checksum Available",293429,PASS (Structure Only)
MYD11A1.A2024307.h27v08.061.2024310043043.hdf,VERIFIED_NO_HASH,"Valid Header, No Remote Checksum Available",308317,PASS (Structure Only)
MYD11A1.A2024309.h28v08.061.2024310202503.hdf,VERIFIED_NO_HASH,"Valid Header, No Remote Checksum Available",276144,PASS (Structure Only)
MYD11A1.A2024308.h28v08.061.2024310062808.hdf,VERIFIED_NO_HASH,"Valid Header, No Remote Checksum Available",738855,PASS (Structure Only)
MYD11A1.A2024309.h29v08.061.2024310202435.hdf,VERIFIED_NO_HASH,"Valid Header, No Remote Checksum Available",654918,PASS (Structure Only)
MYD11A1.A2024309.h27v08.061.2024310202855.hdf,VERIFIED_NO_HASH,"Valid Header, No Remote Checksum Available",275786,PASS (Structure Only)
MYD11A1.A2024310.h30v08.061.2024311200435.hdf,VERIFIED_NO_HASH,"Valid Header, No Remote Checksum Available",269379,PASS (Structure Only)
MYD11A1.A2024298.h27v08.061.2024299183417.hdf,VERIFIED_NO_HASH,"Valid Header, No Remote Checksum Available",425854,PASS (Structure Only)
MYD11A1.A2024297.h27v08.061.2024298182715.hdf,VERIFIED_NO_HASH,"Valid Header, No Remote Checksum Available",546910,PASS (Structure Only)
MYD11A1.A2024305.h29v08.061.2024306213122.hdf,VERIFIED_NO_HASH,"Valid Header, No Remote Checksum Available",637789,PASS (Structure Only)
MYD11A1.A2024305.h28v08.061.2024306214224.hdf,VERIFIED_NO_HASH,"Valid Header, No Remote Checksum Available",418459,PASS (Structure Only)
MYD11A1.A2024306.h27v08.061.2024310042118.hdf,VERIFIED_NO_HASH,"Valid Header, No Remote Checksum Available",868304,PASS (Structure Only)
MYD11A1.A2024310.h27v08.061.2024311200458.hdf,VERIFIED_NO_HASH,"Valid Header, No Remote Checksum Available",223007,PASS (Structure Only)
MYD11A1.A2024304.h28v08.061.2024306212519.hdf,VERIFIED_NO_HASH,"Valid Header, No Remote Checksum Available",517003,PASS (Structure Only)
MYD11A1.A2024311.h27v08.061.2024312185049.hdf,VERIFIED_NO_HASH,"Valid Header, No Remote Checksum Available",363163,PASS (Structure Only)
MYD11A1.A2024311.h29v08.061.2024312185141.hdf,VERIFIED_NO_HASH,"Valid Header, No Remote Checksum Available",659800,PASS (Structure Only)
MYD11A1.A2024312.h30v08.061.2024313185646.hdf,VERIFIED_NO_HASH,"Valid Header, No Remote Checksum Available",349707,PASS (Structure Only)
MYD11A1.A2024313.h28v08.061.2024318061144.hdf,VERIFIED_NO_HASH,"Valid Header, No Remote Checksum Available",625383,PASS (Structure Only)
MYD11A1.A2024314.h27v08.061.2024318065153.hdf,VERIFIED_NO_HASH,"Valid Header, No Remote Checksum Available",256746,PASS (Structure Only)
MYD11A1.A2024313.h30v08.061.2024318061147.hdf,VERIFIED_NO_HASH,"Valid Header, No Remote Checksum Available",1139271,PASS (Structure Only)
MYD11A1.A2024314.h29v08.061.2024318065236.hdf,VERIFIED_NO_HASH,"Valid Header, No Remote Checksum Available",1431526,PASS (Structure Only)
MYD11A1.A2024313.h29v08.061.2024318061157.hdf,VERIFIED_NO_HASH,"Valid Header, No Remote Checksum Available",678826,PASS (Structure Only)
MYD11A1.A2024312.h29v08.061.2024313185449.hdf,VERIFIED_NO_HASH,"Valid Header, No Remote Checksum Available",934177,PASS (Structure Only)
MYD11A1.A2024313.h27v08.061.2024318061118.hdf,VERIFIED_NO_HASH,"Valid Header, No Remote Checksum Available",284029,PASS (Structure Only)
MYD11A1.A2024310.h29v08.061.2024311200519.hdf,VERIFIED_NO_HASH,"Valid Header, No Remote Checksum Available",780624,PASS (Structure Only)
MYD11A1.A2024312.h27v08.061.2024313185441.hdf,VERIFIED_NO_HASH,"Valid Header, No Remote Checksum Available",282063,PASS (Structure Only)
MYD11A1.A2024311.h30v08.061.2024312185049.hdf,VERIFIED_NO_HASH,"Valid Header, No Remote Checksum Available",746843,PASS (Structure Only)
MYD11A1.A2024310.h28v08.061.2024311200532.hdf,VERIFIED_NO_HASH,"Valid Header, No Remote Checksum Available",558886,PASS (Structure Only)
MYD11A1.A2024304.h30v08.061.2024306212623.hdf,VERIFIED_NO_HASH,"Valid Header, No Remote Checksum Available",459583,PASS (Structure Only)
MYD11A1.A2024315.h28v08.061.2024318105656.hdf,VERIFIED_NO_HASH,"Valid Header, No Remote Checksum Available",461163,PASS (Structure Only)
MYD11A1.A2024314.h28v08.061.2024318065217.hdf,VERIFIED_NO_HASH,"Valid Header, No Remote Checksum Available",287650,PASS (Structure Only)
MYD11A1.A2024314.h30v08.061.2024318065225.hdf,VERIFIED_NO_HASH,"Valid Header, No Remote Checksum Available",736285,PASS (Structure Only)
MYD11A1.A2024315.h27v08.061.2024318105729.hdf,VERIFIED_NO_HASH,"Valid Header, No Remote Checksum Available",289131,PASS (Structure Only)
MYD11A1.A2024312.h28v08.061.2024313185531.hdf,VERIFIED_NO_HASH,"Valid Header, No Remote Checksum Available",276351,PASS (Structure Only)
MYD11A1.A2024315.h29v08.061.2024318111120.hdf,VERIFIED_NO_HASH,"Valid Header, No Remote Checksum Available",977950,PASS (Structure Only)
MYD11A1.A2024311.h28v08.061.2024312185011.hdf,VERIFIED_NO_HASH,"Valid Header, No Remote Checksum Available",547700,PASS (Structure Only)
MYD11A1.A2024317.h27v08.061.2024325191247.hdf,VERIFIED_NO_HASH,"Valid Header, No Remote Checksum Available",219707,PASS (Structure Only)
MYD11A1.A2024317.h29v08.061.2024325192905.hdf,VERIFIED_NO_HASH,"Valid Header, No Remote Checksum Available",1808751,PASS (Structure Only)
MYD11A1.A2024316.h28v08.061.2024318114027.hdf,VERIFIED_NO_HASH,"Valid Header, No Remote Checksum Available",659406,PASS (Structure Only)
MYD11A1.A2024316.h30v08.061.2024318113634.hdf,VERIFIED_NO_HASH,"Valid Header, No Remote Checksum Available",1180188,PASS (Structure Only)
MYD11A1.A2024316.h29v08.061.2024318113628.hdf,VERIFIED_NO_HASH,"Valid Header, No Remote Checksum Available",1059393,PASS (Structure Only)
MYD11A1.A2024319.h27v08.061.2024326162315.hdf,VERIFIED_NO_HASH,"Valid Header, No Remote Checksum Available",376947,PASS (Structure Only)
MYD11A1.A2024319.h28v08.061.2024326162844.hdf,VERIFIED_NO_HASH,"Valid Header, No Remote Checksum Available",307745,PASS (Structure Only)
MYD11A1.A2024318.h29v08.061.2024326161531.hdf,VERIFIED_NO_HASH,"Valid Header, No Remote Checksum Available",845993,PASS (Structure Only)
MYD11A1.A2024320.h27v08.061.2024326182016.hdf,VERIFIED_NO_HASH,"Valid Header, No Remote Checksum Available",379371,PASS (Structure Only)
MYD11A1.A2024319.h30v08.061.2024326162904.hdf,VERIFIED_NO_HASH,"Valid Header, No Remote Checksum Available",602772,PASS (Structure Only)
MYD11A1.A2024316.h27v08.061.2024318113614.hdf,VERIFIED_NO_HASH,"Valid Header, No Remote Checksum Available",319939,PASS (Structure Only)
MYD11A1.A2024315.h30v08.061.2024318110804.hdf,VERIFIED_NO_HASH,"Valid Header, No Remote Checksum Available",502039,PASS (Structure Only)
MYD11A1.A2024317.h30v08.061.2024325191306.hdf,VERIFIED_NO_HASH,"Valid Header, No Remote Checksum Available",423320,PASS (Structure Only)
MYD11A1.A2024318.h30v08.061.2024326161316.hdf,VERIFIED_NO_HASH,"Valid Header, No Remote Checksum Available",874893,PASS (Structure Only)
MYD11A1.A2024318.h28v08.061.2024326161407.hdf,VERIFIED_NO_HASH,"Valid Header, No Remote Checksum Available",603669,PASS (Structure Only)
MYD11A1.A2024319.h29v08.061.2024326162547.hdf,VERIFIED_NO_HASH,"Valid Header, No Remote Checksum Available",1475600,PASS (Structure Only)
MYD11A1.A2024317.h28v08.061.2024325191230.hdf,VERIFIED_NO_HASH,"Valid Header, No Remote Checksum Available",368987,PASS (Structure Only)
MYD11A1.A2024318.h27v08.061.2024326161417.hdf,VERIFIED_NO_HASH,"Valid Header, No Remote Checksum Available",725359,PASS (Structure Only)
MYD11A1.A2024320.h29v08.061.2024326182133.hdf,VERIFIED_NO_HASH,"Valid Header, No Remote Checksum Available",730702,PASS (Structure Only)
MYD11A1.A2024321.h28v08.061.2024326184014.hdf,VERIFIED_NO_HASH,"Valid Header, No Remote Checksum Available",356294,PASS (Structure Only)
MYD11A1.A2024323.h27v08.061.2024326190039.hdf,VERIFIED_NO_HASH,"Valid Header, No Remote Checksum Available",412428,PASS (Structure Only)
MYD11A1.A2024323.h29v08.061.2024326190238.hdf,VERIFIED_NO_HASH,"Valid Header, No Remote Checksum Available",256525,PASS (Structure Only)
MYD11A1.A2024323.h28v08.061.2024326190148.hdf,VERIFIED_NO_HASH,"Valid Header, No Remote Checksum Available",407862,PASS (Structure Only)
MYD11A1.A2024324.h29v08.061.2024327035909.hdf,VERIFIED_NO_HASH,"Valid Header, No Remote Checksum Available",531855,PASS (Structure Only)
MYD11A1.A2024324.h30v08.061.2024327035901.hdf,VERIFIED_NO_HASH,"Valid Header, No Remote Checksum Available",578355,PASS (Structure Only)
MYD11A1.A2024324.h28v08.061.2024327035858.hdf,VERIFIED_NO_HASH,"Valid Header, No Remote Checksum Available",222491,PASS (Structure Only)
MYD11A1.A2024324.h27v08.061.2024327035911.hdf,VERIFIED_NO_HASH,"Valid Header, No Remote Checksum Available",351223,PASS (Structure Only)
MYD11A1.A2024325.h27v08.061.2024327045313.hdf,VERIFIED_NO_HASH,"Valid Header, No Remote Checksum Available",242229,PASS (Structure Only)
MYD11A1.A2024325.h29v08.061.2024327044738.hdf,VERIFIED_NO_HASH,"Valid Header, No Remote Checksum Available",626244,PASS (Structure Only)
MYD11A1.A2024322.h27v08.061.2024326185142.hdf,VERIFIED_NO_HASH,"Valid Header, No Remote Checksum Available",253638,PASS (Structure Only)
MYD11A1.A2024322.h28v08.061.2024326184955.hdf,VERIFIED_NO_HASH,"Valid Header, No Remote Checksum Available",370891,PASS (Structure Only)
MYD11A1.A2024322.h30v08.061.2024326185239.hdf,VERIFIED_NO_HASH,"Valid Header, No Remote Checksum Available",347688,PASS (Structure Only)
MYD11A1.A2024323.h30v08.061.2024326190025.hdf,VERIFIED_NO_HASH,"Valid Header, No Remote Checksum Available",546242,PASS (Structure Only)
MYD11A1.A2024325.h28v08.061.2024327044732.hdf,VERIFIED_NO_HASH,"Valid Header, No Remote Checksum Available",265189,PASS (Structure Only)
MYD11A1.A2024325.h30v08.061.2024327044741.hdf,VERIFIED_NO_HASH,"Valid Header, No Remote Checksum Available",960689,PASS (Structure Only)
MYD11A1.A2024326.h27v08.061.2024327191952.hdf,VERIFIED_NO_HASH,"Valid Header, No Remote Checksum Available",215974,PASS (Structure Only)
MYD11A1.A2024326.h28v08.061.2024327191909.hdf,VERIFIED_NO_HASH,"Valid Header, No Remote Checksum Available",282651,PASS (Structure Only)
MYD11A1.A2024326.h30v08.061.2024327191920.hdf,VERIFIED_NO_HASH,"Valid Header, No Remote Checksum Available",1031274,PASS (Structure Only)
MYD11A1.A2024326.h29v08.061.2024327192021.hdf,VERIFIED_NO_HASH,"Valid Header, No Remote Checksum Available",996351,PASS (Structure Only)
MYD11A1.A2024320.h30v08.061.2024326182002.hdf,VERIFIED_NO_HASH,"Valid Header, No Remote Checksum Available",514424,PASS (Structure Only)
MYD11A1.A2024320.h28v08.061.2024326181934.hdf,VERIFIED_NO_HASH,"Valid Header, No Remote Checksum Available",568108,PASS (Structure Only)
MYD11A1.A2024321.h27v08.061.2024326184217.hdf,VERIFIED_NO_HASH,"Valid Header, No Remote Checksum Available",710023,PASS (Structure Only)
MYD11A1.A2024321.h30v08.061.2024326184015.hdf,VERIFIED_NO_HASH,"Valid Header, No Remote Checksum Available",556768,PASS (Structure Only)
MYD11A1.A2024327.h27v08.061.2024328174838.hdf,VERIFIED_NO_HASH,"Valid Header, No Remote Checksum Available",214912,PASS (Structure Only)
MYD11A1.A2024327.h28v08.061.2024328174845.hdf,VERIFIED_NO_HASH,"Valid Header, No Remote Checksum Available",238563,PASS (Structure Only)
MYD11A1.A2024328.h27v08.061.2024330192206.hdf,VERIFIED_NO_HASH,"Valid Header, No Remote Checksum Available",226888,PASS (Structure Only)
MYD11A1.A2024328.h28v08.061.2024330192222.hdf,VERIFIED_NO_HASH,"Valid Header, No Remote Checksum Available",225040,PASS (Structure Only)
MYD11A1.A2024328.h29v08.061.2024330192452.hdf,VERIFIED_NO_HASH,"Valid Header, No Remote Checksum Available",234188,PASS (Structure Only)
MYD11A1.A2024329.h28v08.061.2024330193042.hdf,VERIFIED_NO_HASH,"Valid Header, No Remote Checksum Available",224681,PASS (Structure Only)
MYD11A1.A2024329.h27v08.061.2024330193103.hdf,VERIFIED_NO_HASH,"Valid Header, No Remote Checksum Available",219230,PASS (Structure Only)
MYD11A1.A2024330.h27v08.061.2024331172847.hdf,VERIFIED_NO_HASH,"Valid Header, No Remote Checksum Available",218845,PASS (Structure Only)
MYD11A1.A2024330.h29v08.061.2024331172844.hdf,VERIFIED_NO_HASH,"Valid Header, No Remote Checksum Available",218345,PASS (Structure Only)
MYD11A1.A2024330.h28v08.061.2024331172834.hdf,VERIFIED_NO_HASH,"Valid Header, No Remote Checksum Available",245757,PASS (Structure Only)
MYD11A1.A2024321.h29v08.061.2024326184230.hdf,VERIFIED_NO_HASH,"Valid Header, No Remote Checksum Available",1492094,PASS (Structure Only)
MYD11A1.A2024322.h29v08.061.2024326185219.hdf,VERIFIED_NO_HASH,"Valid Header, No Remote Checksum Available",1019290,PASS (Structure Only)
MYD11A1.A2024327.h30v08.061.2024328174933.hdf,VERIFIED_NO_HASH,"Valid Header, No Remote Checksum Available",396796,PASS (Structure Only)
MYD11A1.A2024327.h29v08.061.2024328175050.hdf,VERIFIED_NO_HASH,"Valid Header, No Remote Checksum Available",531263,PASS (Structure Only)
MYD11A1.A2024328.h30v08.061.2024330192233.hdf,VERIFIED_NO_HASH,"Valid Header, No Remote Checksum Available",362783,PASS (Structure Only)
MYD11A1.A2024329.h29v08.061.2024330193042.hdf,VERIFIED_NO_HASH,"Valid Header, No Remote Checksum Available",291427,PASS (Structure Only)
MYD11A1.A2024329.h30v08.061.2024330193156.hdf,VERIFIED_NO_HASH,"Valid Header, No Remote Checksum Available",369646,PASS (Structure Only)
MYD11A1.A2024330.h30v08.061.2024331172836.hdf,VERIFIED_NO_HASH,"Valid Header, No Remote Checksum Available",389305,PASS (Structure Only)
MYD11A1.A2024331.h28v08.061.2024332180909.hdf,VERIFIED_NO_HASH,"Valid Header, No Remote Checksum Available",240306,PASS (Structure Only)
MYD11A1.A2024331.h27v08.061.2024332180857.hdf,VERIFIED_NO_HASH,"Valid Header, No Remote Checksum Available",226478,PASS (Structure Only)
MYD11A1.A2024332.h27v08.061.2024337202003.hdf,VERIFIED_NO_HASH,"Valid Header, No Remote Checksum Available",221546,PASS (Structure Only)
MYD11A1.A2024332.h29v08.061.2024337202027.hdf,VERIFIED_NO_HASH,"Valid Header, No Remote Checksum Available",876495,PASS (Structure Only)
MYD11A1.A2024333.h27v08.061.2024337203500.hdf,VERIFIED_NO_HASH,"Valid Header, No Remote Checksum Available",227388,PASS (Structure Only)
MYD11A1.A2024334.h30v08.061.2024337225923.hdf,VERIFIED_NO_HASH,"Valid Header, No Remote Checksum Available",262752,PASS (Structure Only)
MYD11A1.A2024334.h29v08.061.2024337225926.hdf,VERIFIED_NO_HASH,"Valid Header, No Remote Checksum Available",344334,PASS (Structure Only)
MYD11A1.A2024334.h28v08.061.2024337231155.hdf,VERIFIED_NO_HASH,"Valid Header, No Remote Checksum Available",220737,PASS (Structure Only)
MYD11A1.A2024335.h29v08.061.2024337230715.hdf,VERIFIED_NO_HASH,"Valid Header, No Remote Checksum Available",221708,PASS (Structure Only)
MYD11A1.A2024335.h30v08.061.2024337230716.hdf,VERIFIED_NO_HASH,"Valid Header, No Remote Checksum Available",433621,PASS (Structure Only)
MYD11A1.A2024331.h30v08.061.2024332180807.hdf,VERIFIED_NO_HASH,"Valid Header, No Remote Checksum Available",384465,PASS (Structure Only)
MYD11A1.A2024331.h29v08.061.2024332180831.hdf,VERIFIED_NO_HASH,"Valid Header, No Remote Checksum Available",396435,PASS (Structure Only)
MYD11A1.A2024337.h29v08.061.2024338182423.hdf,VERIFIED_NO_HASH,"Valid Header, No Remote Checksum Available",736227,PASS (Structure Only)
MYD11A1.A2024337.h30v08.061.2024338182513.hdf,VERIFIED_NO_HASH,"Valid Header, No Remote Checksum Available",285299,PASS (Structure Only)
MYD11A1.A2024338.h28v08.061.2024339200603.hdf,VERIFIED_NO_HASH,"Valid Header, No Remote Checksum Available",233277,PASS (Structure Only)
MYD11A1.A2024338.h29v08.061.2024339200528.hdf,VERIFIED_NO_HASH,"Valid Header, No Remote Checksum Available",364542,PASS (Structure Only)
MYD11A1.A2024332.h30v08.061.2024337202018.hdf,VERIFIED_NO_HASH,"Valid Header, No Remote Checksum Available",295768,PASS (Structure Only)
MYD11A1.A2024333.h28v08.061.2024337203212.hdf,VERIFIED_NO_HASH,"Valid Header, No Remote Checksum Available",350809,PASS (Structure Only)
MYD11A1.A2024333.h29v08.061.2024337203220.hdf,VERIFIED_NO_HASH,"Valid Header, No Remote Checksum Available",275753,PASS (Structure Only)
MYD11A1.A2024332.h28v08.061.2024337202017.hdf,VERIFIED_NO_HASH,"Valid Header, No Remote Checksum Available",236817,PASS (Structure Only)
MYD11A1.A2024333.h30v08.061.2024337203552.hdf,VERIFIED_NO_HASH,"Valid Header, No Remote Checksum Available",453498,PASS (Structure Only)
MYD11A1.A2024334.h27v08.061.2024337225923.hdf,VERIFIED_NO_HASH,"Valid Header, No Remote Checksum Available",243972,PASS (Structure Only)
MYD11A1.A2024338.h30v08.061.2024339200522.hdf,VERIFIED_NO_HASH,"Valid Header, No Remote Checksum Available",1068366,PASS (Structure Only)
MYD11A1.A2024335.h27v08.061.2024337230735.hdf,VERIFIED_NO_HASH,"Valid Header, No Remote Checksum Available",249254,PASS (Structure Only)
MYD11A1.A2024335.h28v08.061.2024337231415.hdf,VERIFIED_NO_HASH,"Valid Header, No Remote Checksum Available",300728,PASS (Structure Only)
MYD11A1.A2024336.h27v08.061.2024338014555.hdf,VERIFIED_NO_HASH,"Valid Header, No Remote Checksum Available",395049,PASS (Structure Only)
MYD11A1.A2024336.h28v08.061.2024338014600.hdf,VERIFIED_NO_HASH,"Valid Header, No Remote Checksum Available",256067,PASS (Structure Only)
MYD11A1.A2024336.h30v08.061.2024338014602.hdf,VERIFIED_NO_HASH,"Valid Header, No Remote Checksum Available",372381,PASS (Structure Only)
MYD11A1.A2024336.h29v08.061.2024338014605.hdf,VERIFIED_NO_HASH,"Valid Header, No Remote Checksum Available",348305,PASS (Structure Only)
MYD11A1.A2024337.h27v08.061.2024338182510.hdf,VERIFIED_NO_HASH,"Valid Header, No Remote Checksum Available",219845,PASS (Structure Only)
MYD11A1.A2024337.h28v08.061.2024338182455.hdf,VERIFIED_NO_HASH,"Valid Header, No Remote Checksum Available",246114,PASS (Structure Only)
MYD11A1.A2024338.h27v08.061.2024339200701.hdf,VERIFIED_NO_HASH,"Valid Header, No Remote Checksum Available",230047,PASS (Structure Only)
MYD11A1.A2024339.h30v08.061.2024341032116.hdf,VERIFIED_NO_HASH,"Valid Header, No Remote Checksum Available",381236,PASS (Structure Only)
MYD11A1.A2024339.h27v08.061.2024341032557.hdf,VERIFIED_NO_HASH,"Valid Header, No Remote Checksum Available",215642,PASS (Structure Only)
MYD11A1.A2024339.h29v08.061.2024341032643.hdf,VERIFIED_NO_HASH,"Valid Header, No Remote Checksum Available",258728,PASS (Structure Only)
MYD11A1.A2024340.h27v08.061.2024341174752.hdf,VERIFIED_NO_HASH,"Valid Header, No Remote Checksum Available",223682,PASS (Structure Only)
MYD11A1.A2024340.h29v08.061.2024341174811.hdf,VERIFIED_NO_HASH,"Valid Header, No Remote Checksum Available",243590,PASS (Structure Only)
MYD11A1.A2024340.h28v08.061.2024341174716.hdf,VERIFIED_NO_HASH,"Valid Header, No Remote Checksum Available",255585,PASS (Structure Only)
MYD11A1.A2024340.h30v08.061.2024341174756.hdf,VERIFIED_NO_HASH,"Valid Header, No Remote Checksum Available",617600,PASS (Structure Only)
MYD11A1.A2024341.h27v08.061.2024342171734.hdf,VERIFIED_NO_HASH,"Valid Header, No Remote Checksum Available",420470,PASS (Structure Only)
MYD11A1.A2024341.h28v08.061.2024342171817.hdf,VERIFIED_NO_HASH,"Valid Header, No Remote Checksum Available",420322,PASS (Structure Only)
MYD11A1.A2024341.h30v08.061.2024342171749.hdf,VERIFIED_NO_HASH,"Valid Header, No Remote Checksum Available",278189,PASS (Structure Only)
MYD11A1.A2024341.h29v08.061.2024342171809.hdf,VERIFIED_NO_HASH,"Valid Header, No Remote Checksum Available",385379,PASS (Structure Only)
MYD11A1.A2024342.h27v08.061.2024343171201.hdf,VERIFIED_NO_HASH,"Valid Header, No Remote Checksum Available",337877,PASS (Structure Only)
MYD11A1.A2024342.h29v08.061.2024343171225.hdf,VERIFIED_NO_HASH,"Valid Header, No Remote Checksum Available",271171,PASS (Structure Only)
MYD11A1.A2024342.h28v08.061.2024343171158.hdf,VERIFIED_NO_HASH,"Valid Header, No Remote Checksum Available",406322,PASS (Structure Only)
MYD11A1.A2024342.h30v08.061.2024343171221.hdf,VERIFIED_NO_HASH,"Valid Header, No Remote Checksum Available",224447,PASS (Structure Only)
MYD11A1.A2024343.h29v08.061.2024344222711.hdf,VERIFIED_NO_HASH,"Valid Header, No Remote Checksum Available",220368,PASS (Structure Only)
MYD11A1.A2024343.h30v08.061.2024344222603.hdf,VERIFIED_NO_HASH,"Valid Header, No Remote Checksum Available",224016,PASS (Structure Only)
MYD11A1.A2024343.h28v08.061.2024344222457.hdf,VERIFIED_NO_HASH,"Valid Header, No Remote Checksum Available",693419,PASS (Structure Only)
MYD11A1.A2024343.h27v08.061.2024344222535.hdf,VERIFIED_NO_HASH,"Valid Header, No Remote Checksum Available",701114,PASS (Structure Only)
MYD11A1.A2024344.h29v08.061.2024345175112.hdf,VERIFIED_NO_HASH,"Valid Header, No Remote Checksum Available",739591,PASS (Structure Only)
MYD11A1.A2024344.h30v08.061.2024345175142.hdf,VERIFIED_NO_HASH,"Valid Header, No Remote Checksum Available",246324,PASS (Structure Only)
MYD11A1.A2024344.h28v08.061.2024345175115.hdf,VERIFIED_NO_HASH,"Valid Header, No Remote Checksum Available",232748,PASS (Structure Only)
MYD11A1.A2024344.h27v08.061.2024345175144.hdf,VERIFIED_NO_HASH,"Valid Header, No Remote Checksum Available",224784,PASS (Structure Only)
MYD11A1.A2024345.h27v08.061.2024346173400.hdf,VERIFIED_NO_HASH,"Valid Header, No Remote Checksum Available",289352,PASS (Structure Only)
MYD11A1.A2024345.h30v08.061.2024346173346.hdf,VERIFIED_NO_HASH,"Valid Header, No Remote Checksum Available",287069,PASS (Structure Only)
MYD11A1.A2024345.h28v08.061.2024346173345.hdf,VERIFIED_NO_HASH,"Valid Header, No Remote Checksum Available",227940,PASS (Structure Only)
MYD11A1.A2024345.h29v08.061.2024346173338.hdf,VERIFIED_NO_HASH,"Valid Header, No Remote Checksum Available",328885,PASS (Structure Only)
MYD11A1.A2024346.h28v08.061.2024348214235.hdf,VERIFIED_NO_HASH,"Valid Header, No Remote Checksum Available",338690,PASS (Structure Only)
MYD11A1.A2024346.h30v08.061.2024348214138.hdf,VERIFIED_NO_HASH,"Valid Header, No Remote Checksum Available",332741,PASS (Structure Only)
MYD11A1.A2024346.h29v08.061.2024348214106.hdf,VERIFIED_NO_HASH,"Valid Header, No Remote Checksum Available",242961,PASS (Structure Only)
MYD11A1.A2024346.h27v08.061.2024348214132.hdf,VERIFIED_NO_HASH,"Valid Header, No Remote Checksum Available",230620,PASS (Structure Only)
MYD11A1.A2024347.h28v08.061.2024352001819.hdf,VERIFIED_NO_HASH,"Valid Header, No Remote Checksum Available",216368,PASS (Structure Only)
MYD11A1.A2024347.h27v08.061.2024352001838.hdf,VERIFIED_NO_HASH,"Valid Header, No Remote Checksum Available",222670,PASS (Structure Only)
MYD11A1.A2024347.h30v08.061.2024352002203.hdf,VERIFIED_NO_HASH,"Valid Header, No Remote Checksum Available",281175,PASS (Structure Only)
MYD11A1.A2024347.h29v08.061.2024352001932.hdf,VERIFIED_NO_HASH,"Valid Header, No Remote Checksum Available",295655,PASS (Structure Only)
MYD11A1.A2024348.h27v08.061.2024352002807.hdf,VERIFIED_NO_HASH,"Valid Header, No Remote Checksum Available",214655,PASS (Structure Only)
MYD11A1.A2024348.h29v08.061.2024352002639.hdf,VERIFIED_NO_HASH,"Valid Header, No Remote Checksum Available",260732,PASS (Structure Only)
MYD11A1.A2024348.h28v08.061.2024352002754.hdf,VERIFIED_NO_HASH,"Valid Header, No Remote Checksum Available",216836,PASS (Structure Only)
MYD11A1.A2024348.h30v08.061.2024352002842.hdf,VERIFIED_NO_HASH,"Valid Header, No Remote Checksum Available",786931,PASS (Structure Only)
MYD11A1.A2024351.h28v08.061.2024352172551.hdf,VERIFIED_NO_HASH,"Valid Header, No Remote Checksum Available",315343,PASS (Structure Only)
MYD11A1.A2024351.h29v08.061.2024352172558.hdf,VERIFIED_NO_HASH,"Valid Header, No Remote Checksum Available",645297,PASS (Structure Only)
MYD11A1.A2024351.h30v08.061.2024352172639.hdf,VERIFIED_NO_HASH,"Valid Header, No Remote Checksum Available",248169,PASS (Structure Only)
MYD11A1.A2024351.h27v08.061.2024352172552.hdf,VERIFIED_NO_HASH,"Valid Header, No Remote Checksum Available",394581,PASS (Structure Only)
MYD11A1.A2024350.h29v08.061.2024352022551.hdf,VERIFIED_NO_HASH,"Valid Header, No Remote Checksum Available",417171,PASS (Structure Only)
MYD11A1.A2024352.h27v08.061.2024353171730.hdf,VERIFIED_NO_HASH,"Valid Header, No Remote Checksum Available",310665,PASS (Structure Only)
MYD11A1.A2024352.h29v08.061.2024353171715.hdf,VERIFIED_NO_HASH,"Valid Header, No Remote Checksum Available",433559,PASS (Structure Only)
MYD11A1.A2024352.h28v08.061.2024353171848.hdf,VERIFIED_NO_HASH,"Valid Header, No Remote Checksum Available",276967,PASS (Structure Only)
MYD11A1.A2024352.h30v08.061.2024353171908.hdf,VERIFIED_NO_HASH,"Valid Header, No Remote Checksum Available",230557,PASS (Structure Only)
MYD11A1.A2024353.h27v08.061.2024359050005.hdf,VERIFIED_NO_HASH,"Valid Header, No Remote Checksum Available",554503,PASS (Structure Only)
MYD11A1.A2024353.h28v08.061.2024359050220.hdf,VERIFIED_NO_HASH,"Valid Header, No Remote Checksum Available",273503,PASS (Structure Only)
MYD11A1.A2024353.h29v08.061.2024359050116.hdf,VERIFIED_NO_HASH,"Valid Header, No Remote Checksum Available",387901,PASS (Structure Only)
MYD11A1.A2024354.h30v08.061.2024359052218.hdf,VERIFIED_NO_HASH,"Valid Header, No Remote Checksum Available",296597,PASS (Structure Only)
MYD11A1.A2024353.h30v08.061.2024359050126.hdf,VERIFIED_NO_HASH,"Valid Header, No Remote Checksum Available",441281,PASS (Structure Only)
MYD11A1.A2024354.h28v08.061.2024359052344.hdf,VERIFIED_NO_HASH,"Valid Header, No Remote Checksum Available",228283,PASS (Structure Only)
MYD11A1.A2024354.h27v08.061.2024359052211.hdf,VERIFIED_NO_HASH,"Valid Header, No Remote Checksum Available",364830,PASS (Structure Only)
MYD11A1.A2024354.h29v08.061.2024359052202.hdf,VERIFIED_NO_HASH,"Valid Header, No Remote Checksum Available",440836,PASS (Structure Only)
MYD11A1.A2024355.h30v08.061.2024363224719.hdf,VERIFIED_NO_HASH,"Valid Header, No Remote Checksum Available",383141,PASS (Structure Only)
MYD11A1.A2024356.h29v08.061.2024363230909.hdf,VERIFIED_NO_HASH,"Valid Header, No Remote Checksum Available",348104,PASS (Structure Only)
MYD11A1.A2024355.h29v08.061.2024363224716.hdf,VERIFIED_NO_HASH,"Valid Header, No Remote Checksum Available",220900,PASS (Structure Only)
MYD11A1.A2024356.h27v08.061.2024363231449.hdf,VERIFIED_NO_HASH,"Valid Header, No Remote Checksum Available",377673,PASS (Structure Only)
MYD11A1.A2024355.h27v08.061.2024363224657.hdf,VERIFIED_NO_HASH,"Valid Header, No Remote Checksum Available",533609,PASS (Structure Only)
MYD11A1.A2024355.h28v08.061.2024363224713.hdf,VERIFIED_NO_HASH,"Valid Header, No Remote Checksum Available",405306,PASS (Structure Only)
MYD11A1.A2024356.h30v08.061.2024363231037.hdf,VERIFIED_NO_HASH,"Valid Header, No Remote Checksum Available",318550,PASS (Structure Only)
MYD11A1.A2024356.h28v08.061.2024363230707.hdf,VERIFIED_NO_HASH,"Valid Header, No Remote Checksum Available",277945,PASS (Structure Only)
MYD11A1.A2024357.h28v08.061.2024364012332.hdf,VERIFIED_NO_HASH,"Valid Header, No Remote Checksum Available",437962,PASS (Structure Only)
MYD11A1.A2024357.h30v08.061.2024364012357.hdf,VERIFIED_NO_HASH,"Valid Header, No Remote Checksum Available",263345,PASS (Structure Only)
MYD11A1.A2024357.h27v08.061.2024364012410.hdf,VERIFIED_NO_HASH,"Valid Header, No Remote Checksum Available",348044,PASS (Structure Only)
MYD11A1.A2024357.h29v08.061.2024364012416.hdf,VERIFIED_NO_HASH,"Valid Header, No Remote Checksum Available",288818,PASS (Structure Only)
MYD11A1.A2024358.h28v08.061.2024364013043.hdf,VERIFIED_NO_HASH,"Valid Header, No Remote Checksum Available",500434,PASS (Structure Only)
MYD11A1.A2024358.h29v08.061.2024364013125.hdf,VERIFIED_NO_HASH,"Valid Header, No Remote Checksum Available",348899,PASS (Structure Only)
MYD11A1.A2024358.h27v08.061.2024364013032.hdf,VERIFIED_NO_HASH,"Valid Header, No Remote Checksum Available",429226,PASS (Structure Only)
MYD11A1.A2024358.h30v08.061.2024364013126.hdf,VERIFIED_NO_HASH,"Valid Header, No Remote Checksum Available",347992,PASS (Structure Only)
MYD11A1.A2024359.h28v08.061.2024364025322.hdf,VERIFIED_NO_HASH,"Valid Header, No Remote Checksum Available",249770,PASS (Structure Only)
MYD11A1.A2024359.h29v08.061.2024364025342.hdf,VERIFIED_NO_HASH,"Valid Header, No Remote Checksum Available",307815,PASS (Structure Only)
MYD11A1.A2024359.h27v08.061.2024364025320.hdf,VERIFIED_NO_HASH,"Valid Header, No Remote Checksum Available",243043,PASS (Structure Only)
MYD11A1.A2024359.h30v08.061.2024364025335.hdf,VERIFIED_NO_HASH,"Valid Header, No Remote Checksum Available",253826,PASS (Structure Only)
MYD11A1.A2024349.h29v08.061.2024352020421.hdf,VERIFIED_NO_HASH,"Valid Header, No Remote Checksum Available",534013,PASS (Structure Only)
MYD11A1.A2024349.h28v08.061.2024352020429.hdf,VERIFIED_NO_HASH,"Valid Header, No Remote Checksum Available",249054,PASS (Structure Only)
MYD11A1.A2024349.h27v08.061.2024352020403.hdf,VERIFIED_NO_HASH,"Valid Header, No Remote Checksum Available",376280,PASS (Structure Only)
MYD11A1.A2024349.h30v08.061.2024352020426.hdf,VERIFIED_NO_HASH,"Valid Header, No Remote Checksum Available",277327,PASS (Structure Only)
MYD11A1.A2024350.h27v08.061.2024352022351.hdf,VERIFIED_NO_HASH,"Valid Header, No Remote Checksum Available",360505,PASS (Structure Only)
MYD11A1.A2024350.h30v08.061.2024352022546.hdf,VERIFIED_NO_HASH,"Valid Header, No Remote Checksum Available",286058,PASS (Structure Only)
MYD11A1.A2024350.h28v08.061.2024352022509.hdf,VERIFIED_NO_HASH,"Valid Header, No Remote Checksum Available",513532,PASS (Structure Only)
MYD11A1.A2024360.h28v08.061.2025001033655.hdf,VERIFIED_NO_HASH,"Valid Header, No Remote Checksum Available",609592,PASS (Structure Only)
MYD11A1.A2024360.h27v08.061.2025001033625.hdf,VERIFIED_NO_HASH,"Valid Header, No Remote Checksum Available",711111,PASS (Structure Only)
MYD11A1.A2024361.h29v08.061.2025001034624.hdf,VERIFIED_NO_HASH,"Valid Header, No Remote Checksum Available",222300,PASS (Structure Only)
MYD11A1.A2024361.h30v08.061.2025001034645.hdf,VERIFIED_NO_HASH,"Valid Header, No Remote Checksum Available",220078,PASS (Structure Only)
MYD11A1.A2024361.h27v08.061.2025001034602.hdf,VERIFIED_NO_HASH,"Valid Header, No Remote Checksum Available",750364,PASS (Structure Only)
MYD11A1.A2024361.h28v08.061.2025001034628.hdf,VERIFIED_NO_HASH,"Valid Header, No Remote Checksum Available",419751,PASS (Structure Only)
MYD11A1.A2024362.h29v08.061.2025001122739.hdf,VERIFIED_NO_HASH,"Valid Header, No Remote Checksum Available",232856,PASS (Structure Only)
MYD11A1.A2024362.h30v08.061.2025001122814.hdf,VERIFIED_NO_HASH,"Valid Header, No Remote Checksum Available",222704,PASS (Structure Only)
MYD11A1.A2024362.h28v08.061.2025001122745.hdf,VERIFIED_NO_HASH,"Valid Header, No Remote Checksum Available",513984,PASS (Structure Only)
MYD11A1.A2024362.h27v08.061.2025001164007.hdf,VERIFIED_NO_HASH,"Valid Header, No Remote Checksum Available",361295,PASS (Structure Only)
MYD11A1.A2024363.h30v08.061.2025002002329.hdf,VERIFIED_NO_HASH,"Valid Header, No Remote Checksum Available",296473,PASS (Structure Only)
MYD11A1.A2024363.h27v08.061.2025001210148.hdf,VERIFIED_NO_HASH,"Valid Header, No Remote Checksum Available",470022,PASS (Structure Only)
MYD11A1.A2024363.h29v08.061.2025002001612.hdf,VERIFIED_NO_HASH,"Valid Header, No Remote Checksum Available",263587,PASS (Structure Only)
MYD11A1.A2024364.h27v08.061.2025001210556.hdf,VERIFIED_NO_HASH,"Valid Header, No Remote Checksum Available",285719,PASS (Structure Only)
MYD11A1.A2024363.h28v08.061.2025002015743.hdf,VERIFIED_NO_HASH,"Valid Header, No Remote Checksum Available",545354,PASS (Structure Only)
MYD11A1.A2024364.h30v08.061.2025002002601.hdf,VERIFIED_NO_HASH,"Valid Header, No Remote Checksum Available",236046,PASS (Structure Only)
MYD11A1.A2024364.h28v08.061.2025002020036.hdf,VERIFIED_NO_HASH,"Valid Header, No Remote Checksum Available",301485,PASS (Structure Only)
MYD11A1.A2024365.h29v08.061.2025003094606.hdf,VERIFIED_NO_HASH,"Valid Header, No Remote Checksum Available",541715,PASS (Structure Only)
MYD11A1.A2024360.h29v08.061.2025001033703.hdf,VERIFIED_NO_HASH,"Valid Header, No Remote Checksum Available",226696,PASS (Structure Only)
MYD11A1.A2024360.h30v08.061.2025001033709.hdf,VERIFIED_NO_HASH,"Valid Header, No Remote Checksum Available",276674,PASS (Structure Only)
MYD11A1.A2024365.h27v08.061.2025003094534.hdf,VERIFIED_NO_HASH,"Valid Header, No Remote Checksum Available",595684,PASS (Structure Only)
MYD11A1.A2024366.h27v08.061.2025003165008.hdf,VERIFIED_NO_HASH,"Valid Header, No Remote Checksum Available",383992,PASS (Structure Only)
MYD11A1.A2024366.h30v08.061.2025003164706.hdf,VERIFIED_NO_HASH,"Valid Header, No Remote Checksum Available",293489,PASS (Structure Only)
MYD11A1.A2024366.h29v08.061.2025003145506.hdf,VERIFIED_NO_HASH,"Valid Header, No Remote Checksum Available",549313,PASS (Structure Only)
MYD11A1.A2024339.h28v08.061.2024341032042.hdf,VERIFIED_NO_HASH,"Valid Header, No Remote Checksum Available",218994,PASS (Structure Only)
MYD11A1.A2024365.h30v08.061.2025003094604.hdf,VERIFIED_NO_HASH,"Valid Header, No Remote Checksum Available",413431,PASS (Structure Only)
MYD11A1.A2024366.h28v08.061.2025003150252.hdf,VERIFIED_NO_HASH,"Valid Header, No Remote Checksum Available",289760,PASS (Structure Only)
MYD11A1.A2024365.h28v08.061.2025003094546.hdf,VERIFIED_NO_HASH,"Valid Header, No Remote Checksum Available",586149,PASS (Structure Only)
MYD11A1.A2024364.h29v08.061.2025002001710.hdf,VERIFIED_NO_HASH,"Valid Header, No Remote Checksum Available",923230,PASS (Structure Only)
